province,region,date,temperature_2m_mean,temperature_2m_max,temperature_2m_min,apparent_temperature_mean,apparent_temperature_max,apparent_temperature_min,precipitation_sum,rain_sum,showers_sum,precipitation_hours,relative_humidity_2m_mean,wind_speed_10m_max,wind_gusts_10m_max,shortwave_radiation_sum,pressure_msl_mean,cloud_cover_mean,dew_point_2m_mean,snowfall_sum,et0_fao_evapotranspiration,latitude,longitude,sunshine_hours,daylight_hours,month,week,weather_code,wind_direction_10m_dominant,sunrise,sunset,season,uv_index_max,uv_index_clear_sky_max,precipitation_probability_max
An Giang,Đồng bằng sông Cửu Long,2025-07-21,27.244444444444444,30.522222222222222,24.844444444444445,30.900000000000002,33.94444444444444,27.533333333333335,10.344444444444443,10.344444444444443,0.0,16.666666666666668,84.44444444444444,28.67777777777778,59.24444444444445,16.38,1006.4444444444445,100.0,24.244444444444444,0.0,3.632222222222222,10.267,105.1034,6.597777777777778,12.636666666666667,7,30,61,244,1970-01-21 06:57:56.773333333,1970-01-21 06:58:42.280000000,Hè,,,
An Giang,Đồng bằng sông Cửu Long,2025-07-22,29.0,31.511111111111113,27.133333333333333,32.36666666666667,34.48888888888889,30.799999999999997,0.5111111111111111,0.5111111111111111,0.0,2.6666666666666665,75.11111111111111,30.54444444444444,61.24444444444445,23.02111111111111,1005.4777777777776,99.88888888888889,24.066666666666666,0.0,5.488888888888889,10.267,105.1034,11.693333333333333,12.63,7,30,51,240,1970-01-21 06:59:23.206666666,1970-01-21 07:00:08.666666666,Hè,,,
An Giang,Đồng bằng sông Cửu Long,2025-07-23,28.38888888888889,31.233333333333334,24.955555555555556,32.7,35.68888888888889,28.966666666666665,4.366666666666666,4.366666666666666,0.0,10.444444444444445,80.0,23.344444444444445,50.68888888888889,20.711111111111112,1005.1999999999999,93.0,24.48888888888889,0.0,4.638888888888889,10.267,105.1034,11.600000000000001,12.626666666666667,7,30,61,244,1970-01-21 07:00:49.613333333,1970-01-21 07:01:35.053333333,Hè,,,
An Giang,Đồng bằng sông Cửu Long,2025-07-24,28.977777777777778,31.877777777777776,26.87777777777778,33.400000000000006,36.3,31.54444444444444,0.022222222222222223,0.022222222222222223,0.0,0.2222222222222222,76.77777777777777,22.255555555555556,43.333333333333336,23.18777777777778,1006.2888888888889,89.77777777777777,24.299999999999997,0.0,5.263333333333334,10.267,105.1034,11.004444444444443,12.62,7,30,3,252,1970-01-21 07:02:16.020000000,1970-01-21 07:03:01.453333333,Hè,,,
An Giang,Đồng bằng sông Cửu Long,2025-07-25,28.91111111111111,32.111111111111114,26.08888888888889,33.333333333333336,36.888888888888886,31.244444444444444,0.30000000000000004,0.30000000000000004,0.0,1.8888888888888888,77.66666666666667,22.455555555555556,45.12222222222223,23.25222222222222,1006.6333333333334,89.11111111111111,24.4,0.0,5.261111111111111,10.267,105.1034,12.0,12.612222222222222,7,30,51,257,1970-01-21 07:03:42.433333333,1970-01-21 07:04:27.853333333,Hè,,,
An Giang,Đồng bằng sông Cửu Long,2025-07-26,29.077777777777776,31.133333333333333,27.58888888888889,33.333333333333336,35.12222222222223,32.24444444444444,0.911111111111111,0.911111111111111,0.0,3.5555555555555554,78.0,24.244444444444444,50.5,17.506666666666668,1007.2444444444445,99.0,24.799999999999997,0.0,4.311111111111111,10.267,105.1034,9.036666666666667,12.608888888888888,7,30,51,247,1970-01-21 07:05:08.833333333,1970-01-21 07:05:54.226666666,Hè,,,
An Giang,Đồng bằng sông Cửu Long,2025-07-27,27.644444444444446,29.811111111111114,25.544444444444444,31.733333333333334,34.17777777777778,30.04444444444444,8.899999999999999,8.899999999999999,0.0,10.666666666666666,83.11111111111111,23.966666666666665,49.52222222222222,15.416666666666666,1007.4555555555556,98.55555555555556,24.48888888888889,0.0,3.48,10.267,105.1034,7.695555555555556,12.601111111111111,7,30,63,238,1970-01-21 07:06:35.266666666,1970-01-21 07:07:20.620000000,Hè,,,
An Giang,Đồng bằng sông Cửu Long,2025-07-28,26.666666666666668,28.700000000000003,25.133333333333333,31.033333333333335,32.455555555555556,29.27777777777778,11.722222222222221,11.722222222222221,0.0,11.666666666666666,88.88888888888889,23.533333333333335,45.355555555555554,9.311111111111112,1007.0666666666667,96.11111111111111,24.677777777777777,0.0,2.101111111111111,10.267,105.1034,1.927777777777778,12.596666666666668,7,31,63,239,1970-01-21 07:08:01.673333333,1970-01-21 07:08:47.000000000,Hè,,,
An Giang,Đồng bằng sông Cửu Long,2025-07-29,28.299999999999997,30.65555555555555,26.62222222222222,32.44444444444444,34.31111111111111,30.93333333333333,5.655555555555555,5.655555555555555,0.0,10.444444444444445,81.77777777777777,27.855555555555554,53.644444444444446,19.10222222222222,1006.7555555555555,79.22222222222223,24.822222222222223,0.0,4.198888888888889,10.267,105.1034,11.856666666666666,12.59,7,31,55,236,1970-01-21 07:09:28.073333333,1970-01-21 07:10:13.393333333,Hè,,,
An Giang,Đồng bằng sông Cửu Long,2025-07-30,28.61111111111111,31.533333333333335,26.066666666666666,32.87777777777777,35.82222222222222,30.45555555555556,1.9555555555555557,1.9555555555555557,0.0,4.888888888888889,79.44444444444444,25.188888888888886,49.65555555555555,21.605555555555554,1007.7777777777778,83.77777777777777,24.5,0.0,4.833333333333333,10.267,105.1034,11.314444444444444,12.581111111111111,7,31,51,240,1970-01-21 07:10:54.480000000,1970-01-21 07:11:39.780000000,Hè,,,
An Giang,Đồng bằng sông Cửu Long,2025-07-31,28.41111111111111,30.766666666666666,25.344444444444445,32.900000000000006,35.68888888888889,29.311111111111114,5.888888888888889,5.888888888888889,0.0,9.222222222222221,80.88888888888889,22.6,48.8,19.124444444444446,1007.7222222222222,87.11111111111111,24.733333333333334,0.0,4.267777777777777,10.267,105.1034,11.078888888888889,12.576666666666666,7,31,63,238,1970-01-21 07:12:20.886666666,1970-01-21 07:13:06.160000000,Hè,,,
An Giang,Đồng bằng sông Cửu Long,2025-08-01,28.533333333333335,31.5,26.72222222222222,33.28888888888889,36.8,31.78888888888889,2.2333333333333334,2.2333333333333334,0.0,6.333333333333333,81.44444444444444,23.322222222222223,46.166666666666664,20.417777777777776,1007.0777777777779,92.88888888888889,24.977777777777774,0.0,4.4366666666666665,10.267,105.1034,11.813333333333333,12.57,8,31,53,233,1970-01-21 07:13:47.293333333,1970-01-21 07:14:32.540000000,Hè,,,
An Giang,Đồng bằng sông Cửu Long,2025-08-02,28.833333333333332,31.977777777777778,26.41111111111111,34.22222222222222,37.733333333333334,31.900000000000002,1.3333333333333333,1.3333333333333333,0.0,3.7777777777777777,80.88888888888889,18.422222222222224,38.43333333333333,21.954444444444444,1007.8555555555554,99.22222222222223,25.03333333333333,0.0,4.7411111111111115,10.267,105.1034,12.0,12.561111111111112,8,31,53,216,1970-01-21 07:15:13.706666666,1970-01-21 07:15:58.933333333,Hè,,,
An Giang,Đồng bằng sông Cửu Long,2025-08-03,28.333333333333332,32.48888888888889,26.077777777777776,33.888888888888886,38.71111111111111,31.700000000000003,2.844444444444444,2.844444444444444,0.0,5.0,83.66666666666667,21.355555555555554,45.12222222222223,22.067777777777778,1009.2888888888889,89.11111111111111,25.144444444444446,0.0,4.588888888888889,10.267,105.1034,11.788888888888888,12.552222222222222,8,31,53,217,1970-01-21 07:16:40.133333333,1970-01-21 07:17:25.306666666,Hè,,,
An Giang,Đồng bằng sông Cửu Long,2025-08-04,28.38888888888889,32.333333333333336,25.344444444444445,34.06666666666667,39.355555555555554,31.11111111111111,3.566666666666667,3.566666666666667,0.0,5.333333333333333,84.22222222222223,16.133333333333333,35.75555555555556,20.97222222222222,1009.0999999999999,82.88888888888889,25.333333333333332,0.0,4.497777777777777,10.267,105.1034,11.465555555555556,12.547777777777778,8,32,61,228,1970-01-21 07:18:06.533333333,1970-01-21 07:18:51.700000000,Hè,,,
An Giang,Đồng bằng sông Cửu Long,2025-08-05,28.233333333333334,32.3,25.944444444444443,33.233333333333334,37.97777777777778,30.988888888888887,5.066666666666666,5.066666666666666,0.0,6.333333333333333,83.11111111111111,22.58888888888889,49.577777777777776,21.497777777777777,1008.6444444444444,73.44444444444444,24.91111111111111,0.0,4.557777777777777,10.267,105.1034,10.71,12.54,8,32,63,218,1970-01-21 07:19:32.933333333,1970-01-21 07:20:18.073333333,Hè,,,
An Giang,Đồng bằng sông Cửu Long,2025-08-06,27.366666666666667,31.82222222222222,25.11111111111111,32.455555555555556,38.56666666666667,30.04444444444444,7.422222222222222,7.422222222222222,0.0,8.11111111111111,85.11111111111111,17.98888888888889,40.25555555555556,19.332222222222224,1008.688888888889,97.33333333333333,24.533333333333335,0.0,4.001111111111111,10.267,105.1034,9.507777777777777,12.53111111111111,8,32,63,208,1970-01-21 07:20:59.333333333,1970-01-21 07:21:44.446666666,Hè,,,
An Giang,Đồng bằng sông Cửu Long,2025-08-07,27.666666666666668,31.166666666666668,24.455555555555556,33.01111111111111,37.077777777777776,29.78888888888889,3.611111111111111,3.611111111111111,0.0,5.111111111111111,83.44444444444444,15.711111111111112,33.53333333333333,21.376666666666665,1009.4000000000001,87.0,24.422222222222224,0.0,4.428888888888888,10.267,105.1034,11.982222222222223,12.525555555555554,8,32,61,210,1970-01-21 07:22:25.740000000,1970-01-21 07:23:10.840000000,Hè,,,
An Giang,Đồng bằng sông Cửu Long,2025-08-08,28.4,32.63333333333333,25.11111111111111,33.922222222222224,39.2,30.666666666666668,4.533333333333333,4.533333333333333,0.0,6.222222222222222,79.66666666666667,12.81111111111111,29.533333333333335,20.496666666666666,1009.8555555555554,59.77777777777778,24.344444444444445,0.0,4.503333333333334,10.267,105.1034,9.59,12.517777777777777,8,32,63,235,1970-01-21 07:23:52.146666666,1970-01-21 07:24:37.213333333,Hè,,,
An Giang,Đồng bằng sông Cửu Long,2025-08-09,27.51111111111111,30.666666666666668,26.022222222222226,32.67777777777778,36.388888888888886,30.533333333333335,14.466666666666665,14.466666666666665,0.0,11.666666666666666,84.33333333333333,16.37777777777778,33.55555555555556,13.336666666666666,1009.9777777777776,98.44444444444444,24.555555555555557,0.0,2.9466666666666668,10.267,105.1034,5.903333333333333,12.51,8,32,63,262,1970-01-21 07:25:18.553333333,1970-01-21 07:26:03.586666666,Hè,,,
An Giang,Đồng bằng sông Cửu Long,2025-08-10,27.0,30.88888888888889,24.72222222222222,31.93333333333333,36.94444444444444,29.84444444444445,17.9,17.9,0.0,16.0,86.77777777777777,20.788888888888888,43.32222222222222,17.691111111111113,1008.5888888888888,97.88888888888889,24.544444444444444,0.0,3.626666666666667,10.267,105.1034,10.107777777777777,12.501111111111111,8,32,63,240,1970-01-21 07:26:44.953333333,1970-01-21 07:27:29.960000000,Hè,,,
An Giang,Đồng bằng sông Cửu Long,2025-08-11,27.044444444444444,29.377777777777776,24.72222222222222,30.67777777777778,32.94444444444444,28.633333333333333,8.18888888888889,8.18888888888889,0.0,10.0,82.44444444444444,22.38888888888889,45.13333333333333,18.034444444444446,1007.8666666666666,95.66666666666667,23.755555555555556,0.0,3.9066666666666663,10.267,105.1034,10.175555555555555,12.492222222222223,8,33,63,248,1970-01-21 07:28:11.366666666,1970-01-21 07:28:56.346666666,Hè,,,
An Giang,Đồng bằng sông Cửu Long,2025-08-12,27.11111111111111,30.17777777777778,25.12222222222222,31.122222222222224,34.65555555555555,28.988888888888887,11.166666666666666,11.166666666666666,0.0,11.444444444444445,82.77777777777777,22.233333333333334,44.43333333333334,17.91,1007.8555555555556,93.77777777777777,23.844444444444445,0.0,3.855555555555556,10.267,105.1034,8.755555555555555,12.486666666666666,8,33,63,238,1970-01-21 07:29:37.780000000,1970-01-21 07:30:22.720000000,Hè,,,
An Giang,Đồng bằng sông Cửu Long,2025-08-13,26.822222222222223,29.28888888888889,24.62222222222222,30.833333333333332,33.5,28.533333333333335,12.755555555555555,12.755555555555555,0.0,10.11111111111111,84.11111111111111,21.11111111111111,44.55555555555556,14.614444444444445,1008.7222222222222,97.22222222222223,23.844444444444445,0.0,3.203333333333333,10.267,105.1034,5.774444444444445,12.47777777777778,8,33,63,241,1970-01-21 07:31:04.193333333,1970-01-21 07:31:49.093333333,Hè,,,
An Giang,Đồng bằng sông Cửu Long,2025-08-14,27.333333333333332,31.055555555555557,25.711111111111112,31.444444444444443,35.78888888888889,29.866666666666667,15.344444444444443,15.344444444444443,0.0,9.0,82.55555555555556,22.666666666666668,46.922222222222224,15.826666666666666,1007.5555555555555,98.33333333333333,24.022222222222222,0.0,3.5566666666666666,10.267,105.1034,6.207777777777777,12.471111111111112,8,33,65,256,1970-01-21 07:32:30.593333333,1970-01-21 07:33:15.466666666,Hè,,,
An Giang,Đồng bằng sông Cửu Long,2025-08-15,26.41111111111111,28.866666666666667,24.38888888888889,30.244444444444444,32.28888888888889,27.933333333333334,21.166666666666668,21.166666666666668,0.0,15.777777777777779,85.88888888888889,22.733333333333334,47.03333333333333,12.497777777777777,1005.9111111111112,99.88888888888889,23.855555555555554,0.0,2.7555555555555555,10.267,105.1034,3.676666666666667,12.461111111111112,8,33,65,248,1970-01-21 07:33:56.993333333,1970-01-21 07:34:41.833333333,Hè,,,
An Giang,Đồng bằng sông Cửu Long,2025-08-16,25.177777777777777,27.077777777777776,23.833333333333332,28.71111111111111,30.644444444444446,26.944444444444443,23.62222222222222,23.62222222222222,0.0,21.88888888888889,90.66666666666667,22.233333333333334,46.2,8.16,1006.7222222222222,100.0,23.5,0.0,1.8177777777777777,10.267,105.1034,1.2822222222222224,12.452222222222222,8,33,63,242,1970-01-21 07:35:23.393333333,1970-01-21 07:36:08.220000000,Hè,,,
An Giang,Đồng bằng sông Cửu Long,2025-08-17,26.477777777777774,29.733333333333334,24.744444444444444,30.34444444444445,33.71111111111111,28.31111111111111,7.888888888888889,7.888888888888889,0.0,15.88888888888889,85.0,20.477777777777778,46.24444444444444,13.586666666666666,1008.5666666666667,99.77777777777777,23.633333333333333,0.0,3.088888888888889,10.267,105.1034,4.98,12.446666666666665,8,33,61,252,1970-01-21 07:36:49.793333333,1970-01-21 07:37:34.600000000,Hè,,,
An Giang,Đồng bằng sông Cửu Long,2025-08-18,27.566666666666666,31.099999999999998,24.88888888888889,32.03333333333333,35.666666666666664,29.622222222222224,1.4,1.4,0.0,4.888888888888889,81.55555555555556,19.555555555555557,41.74444444444444,20.56,1009.7333333333333,96.66666666666667,23.955555555555556,0.0,4.453333333333333,10.267,105.1034,10.528888888888888,12.436666666666666,8,34,53,242,1970-01-21 07:38:16.193333333,1970-01-21 07:39:00.960000000,Hè,,,
An Giang,Đồng bằng sông Cửu Long,2025-08-19,27.72222222222222,30.766666666666666,25.244444444444444,32.544444444444444,36.25555555555556,29.977777777777778,9.411111111111111,9.411111111111111,0.0,7.222222222222222,80.55555555555556,15.433333333333334,36.15555555555555,21.113333333333333,1010.0111111111112,63.77777777777778,23.98888888888889,0.0,4.433333333333334,10.267,105.1034,11.79,12.427777777777777,8,34,63,237,1970-01-21 07:39:42.593333333,1970-01-21 07:40:27.340000000,Hè,,,
An Giang,Đồng bằng sông Cửu Long,2025-08-20,28.044444444444444,31.866666666666667,25.644444444444446,33.044444444444444,37.922222222222224,30.666666666666668,3.9555555555555557,3.9555555555555557,0.0,5.666666666666667,80.11111111111111,15.744444444444444,33.58888888888889,21.23,1009.1999999999999,80.11111111111111,24.11111111111111,0.0,4.582222222222223,10.267,105.1034,10.332222222222223,12.418888888888889,8,34,63,234,1970-01-21 07:41:08.993333333,1970-01-21 07:41:53.700000000,Hè,,,
An Giang,Đồng bằng sông Cửu Long,2025-08-21,25.5,28.11111111111111,24.033333333333335,30.144444444444446,33.25555555555556,28.01111111111111,26.644444444444446,26.644444444444446,0.0,19.77777777777778,91.22222222222223,16.4,32.888888888888886,7.797777777777777,1010.1333333333334,99.88888888888889,23.88888888888889,0.0,1.6955555555555555,10.267,105.1034,0.6422222222222222,12.412222222222223,8,34,63,188,1970-01-21 07:42:35.393333333,1970-01-21 07:43:20.080000000,Hè,,,
An Giang,Đồng bằng sông Cửu Long,2025-08-22,26.98888888888889,31.099999999999998,23.855555555555554,31.055555555555557,35.31111111111111,28.299999999999997,2.6333333333333333,2.6333333333333333,0.0,8.666666666666666,80.0,20.688888888888886,41.18888888888889,22.634444444444444,1009.7777777777778,79.44444444444444,22.977777777777778,0.0,4.83,10.267,105.1034,11.95111111111111,12.402222222222223,8,34,53,229,1970-01-21 07:44:01.793333333,1970-01-21 07:44:46.440000000,Hè,,,
An Giang,Đồng bằng sông Cửu Long,2025-08-23,27.666666666666668,30.577777777777776,25.033333333333335,31.56666666666667,35.24444444444444,29.5,4.788888888888888,4.788888888888888,0.0,6.666666666666667,78.0,20.766666666666666,46.01111111111111,19.996666666666666,1008.8888888888889,86.88888888888889,23.41111111111111,0.0,4.503333333333334,10.267,105.1034,10.335555555555555,12.393333333333334,8,34,61,237,1970-01-21 07:45:28.193333333,1970-01-21 07:46:12.813333333,Hè,,,
An Giang,Đồng bằng sông Cửu Long,2025-08-24,27.12222222222222,29.644444444444446,24.62222222222222,30.444444444444443,33.05555555555556,27.866666666666667,11.711111111111112,11.711111111111112,0.0,11.11111111111111,80.44444444444444,27.38888888888889,56.077777777777776,18.025555555555556,1007.8666666666666,99.22222222222223,23.41111111111111,0.0,3.993333333333333,10.267,105.1034,7.815555555555556,12.386666666666667,8,34,63,247,1970-01-21 07:46:54.593333333,1970-01-21 07:47:39.180000000,Hè,,,
An Giang,Đồng bằng sông Cửu Long,2025-08-25,27.233333333333334,29.06666666666667,24.822222222222223,30.233333333333334,32.15555555555555,27.5,12.277777777777779,12.277777777777779,0.0,14.444444444444445,79.77777777777777,26.188888888888886,57.15555555555555,15.938888888888888,1007.188888888889,98.33333333333333,23.38888888888889,0.0,3.801111111111111,10.267,105.1034,8.661111111111111,12.376666666666667,8,35,63,235,1970-01-21 07:48:20.993333333,1970-01-21 07:49:05.546666666,Hè,,,
An Giang,Đồng bằng sông Cửu Long,2025-08-26,27.244444444444444,30.133333333333333,24.38888888888889,30.966666666666665,33.96666666666667,27.533333333333335,6.711111111111111,6.711111111111111,0.0,11.444444444444445,81.0,23.211111111111112,47.44444444444444,14.894444444444446,1008.9666666666667,99.44444444444444,23.566666666666666,0.0,3.573333333333333,10.267,105.1034,7.267777777777777,12.366666666666667,8,35,63,231,1970-01-21 07:49:47.393333333,1970-01-21 07:50:31.920000000,Hè,,,
An Giang,Đồng bằng sông Cửu Long,2025-08-27,27.77777777777778,31.333333333333332,25.1,32.166666666666664,35.86666666666667,30.06666666666667,2.6555555555555554,2.6555555555555554,0.0,5.222222222222222,79.22222222222223,20.477777777777778,43.43333333333333,20.121111111111112,1009.3777777777777,98.88888888888889,23.677777777777777,0.0,4.493333333333333,10.267,105.1034,10.176666666666668,12.357777777777777,8,35,53,253,1970-01-21 07:51:13.793333333,1970-01-21 07:51:58.273333333,Hè,,,
An Giang,Đồng bằng sông Cửu Long,2025-08-28,27.422222222222224,30.977777777777778,24.977777777777778,31.08888888888889,35.68888888888889,28.666666666666668,5.211111111111111,5.211111111111111,0.0,9.0,81.22222222222223,25.666666666666668,51.044444444444444,19.380000000000003,1008.5666666666667,92.33333333333333,23.833333333333332,0.0,4.326666666666666,10.267,105.1034,10.436666666666667,12.347777777777777,8,35,61,255,1970-01-21 07:52:40.193333333,1970-01-21 07:53:24.640000000,Hè,,,
An Giang,Đồng bằng sông Cửu Long,2025-08-29,27.5,30.488888888888887,25.244444444444444,31.11111111111111,34.53333333333333,28.744444444444444,3.611111111111111,3.611111111111111,0.0,8.88888888888889,81.55555555555556,24.744444444444444,49.211111111111116,15.672222222222224,1008.0444444444444,100.0,23.944444444444443,0.0,3.736666666666667,10.267,105.1034,5.957777777777778,12.34,8,35,53,257,1970-01-21 07:54:06.593333333,1970-01-21 07:54:51.013333333,Hè,,,
An Giang,Đồng bằng sông Cửu Long,2025-08-30,27.38888888888889,30.077777777777776,25.955555555555556,30.944444444444443,33.97777777777778,29.299999999999997,6.066666666666666,6.066666666666666,0.0,7.222222222222222,81.66666666666667,25.333333333333332,49.87777777777777,15.379999999999999,1007.2666666666667,99.44444444444444,23.944444444444443,0.0,3.6166666666666663,10.267,105.1034,5.56,12.331111111111111,8,35,63,250,1970-01-21 07:55:32.993333333,1970-01-21 07:56:17.380000000,Hè,,,
An Giang,Đồng bằng sông Cửu Long,2025-08-31,27.12222222222222,30.67777777777778,24.844444444444445,30.988888888888887,35.22222222222222,28.633333333333333,10.511111111111111,10.511111111111111,0.0,12.777777777777779,84.11111111111111,22.72222222222222,48.53333333333333,18.066666666666666,1007.0444444444444,93.77777777777777,24.133333333333333,0.0,3.847777777777778,10.267,105.1034,8.464444444444446,12.323333333333332,8,35,63,246,1970-01-21 07:56:59.393333333,1970-01-21 07:57:43.740000000,Hè,,,
An Giang,Đồng bằng sông Cửu Long,2025-09-01,26.855555555555554,29.688888888888886,25.366666666666667,31.166666666666668,34.13333333333333,29.61111111111111,18.91111111111111,18.91111111111111,0.0,16.22222222222222,86.33333333333333,20.08888888888889,43.68888888888889,14.817777777777776,1006.8777777777777,98.66666666666667,24.333333333333332,0.0,3.1500000000000004,10.267,105.1034,7.323333333333333,12.313333333333334,9,36,65,248,1970-01-21 07:58:25.793333333,1970-01-21 07:59:10.106666666,Thu,,,
An Giang,Đồng bằng sông Cửu Long,2025-09-02,26.788888888888888,30.266666666666666,24.61111111111111,31.28888888888889,34.48888888888889,28.700000000000003,13.422222222222222,13.422222222222222,0.0,16.88888888888889,87.33333333333333,21.866666666666667,47.63333333333333,13.613333333333333,1007.6111111111111,99.88888888888889,24.41111111111111,0.0,3.001111111111111,10.267,105.1034,5.271111111111111,12.303333333333335,9,36,63,247,1970-01-21 07:59:52.186666666,1970-01-21 08:00:36.480000000,Thu,,,
An Giang,Đồng bằng sông Cửu Long,2025-09-03,27.37777777777778,31.022222222222222,25.2,32.06666666666667,36.077777777777776,29.88888888888889,7.622222222222222,7.622222222222222,0.0,12.666666666666666,84.11111111111111,18.18888888888889,38.355555555555554,17.15888888888889,1007.8000000000001,93.88888888888889,24.333333333333332,0.0,3.7744444444444443,10.267,105.1034,6.955555555555556,12.296666666666667,9,36,61,264,1970-01-21 08:01:18.586666666,1970-01-21 08:02:02.833333333,Thu,,,
An Giang,Đồng bằng sông Cửu Long,2025-09-04,27.27777777777778,30.755555555555556,24.700000000000003,31.95555555555556,36.56666666666667,28.944444444444443,9.233333333333333,9.233333333333333,0.0,13.666666666666666,84.77777777777777,17.566666666666666,35.355555555555554,18.28222222222222,1007.3222222222222,98.0,24.433333333333334,0.0,3.8833333333333337,10.267,105.1034,9.693333333333335,12.286666666666667,9,36,63,253,1970-01-21 08:02:44.986666666,1970-01-21 08:03:29.200000000,Thu,,,
An Giang,Đồng bằng sông Cửu Long,2025-09-05,27.555555555555557,30.866666666666667,25.244444444444444,32.144444444444446,36.41111111111111,29.67777777777778,11.344444444444443,11.344444444444443,0.0,11.555555555555555,83.88888888888889,19.577777777777776,40.08888888888889,19.154444444444444,1007.6999999999999,97.77777777777777,24.455555555555556,0.0,4.051111111111111,10.267,105.1034,10.404444444444444,12.277777777777779,9,36,63,244,1970-01-21 08:04:11.380000000,1970-01-21 08:04:55.560000000,Thu,,,
An Giang,Đồng bằng sông Cửu Long,2025-09-06,27.88888888888889,31.355555555555554,24.62222222222222,32.400000000000006,36.67777777777778,28.61111111111111,2.4222222222222225,2.4222222222222225,0.0,4.555555555555555,81.33333333333333,19.77777777777778,39.666666666666664,20.012222222222224,1008.0666666666667,96.66666666666667,24.266666666666666,0.0,4.392222222222222,10.267,105.1034,9.472222222222221,12.267777777777777,9,36,61,236,1970-01-21 08:05:37.766666666,1970-01-21 08:06:21.933333333,Thu,,,
An Giang,Đồng bằng sông Cửu Long,2025-09-07,26.566666666666666,29.188888888888886,25.08888888888889,30.988888888888887,33.611111111111114,29.077777777777776,18.711111111111112,18.711111111111112,0.0,15.666666666666666,86.88888888888889,20.944444444444443,44.87777777777777,12.763333333333334,1008.7777777777778,99.77777777777777,24.200000000000003,0.0,2.7044444444444444,10.267,105.1034,5.176666666666667,12.258888888888889,9,36,63,220,1970-01-21 08:07:04.153333333,1970-01-21 08:07:48.300000000,Thu,,,
An Giang,Đồng bằng sông Cửu Long,2025-09-08,26.700000000000003,30.144444444444446,24.555555555555557,31.533333333333335,34.888888888888886,29.299999999999997,6.144444444444444,6.144444444444444,0.0,13.0,87.55555555555556,18.788888888888888,39.58888888888889,16.345555555555556,1009.3333333333334,99.77777777777777,24.322222222222223,0.0,3.3966666666666665,10.267,105.1034,7.845555555555555,12.25,9,37,61,206,1970-01-21 08:08:30.553333333,1970-01-21 08:09:14.653333333,Thu,,,
An Giang,Đồng bằng sông Cửu Long,2025-09-09,26.4,30.28888888888889,24.48888888888889,31.522222222222222,35.44444444444444,29.56666666666667,9.944444444444445,9.944444444444445,0.0,14.444444444444445,89.0,17.2,37.0,14.825555555555557,1010.5444444444444,100.0,24.333333333333332,0.0,3.08,10.267,105.1034,5.825555555555556,12.24,9,37,63,202,1970-01-21 08:09:56.946666666,1970-01-21 08:10:41.020000000,Thu,,,
An Giang,Đồng bằng sông Cửu Long,2025-09-10,27.12222222222222,31.77777777777778,23.955555555555556,33.166666666666664,39.400000000000006,29.311111111111114,5.7,5.7,0.0,8.333333333333334,86.55555555555556,11.977777777777778,29.27777777777778,20.24777777777778,1010.0111111111112,99.11111111111111,24.466666666666665,0.0,4.191111111111111,10.267,105.1034,8.435555555555556,12.23,9,37,63,172,1970-01-21 08:11:23.340000000,1970-01-21 08:12:07.380000000,Thu,,,
An Giang,Đồng bằng sông Cửu Long,2025-09-11,27.08888888888889,32.63333333333333,24.244444444444444,32.95555555555555,39.900000000000006,29.144444444444446,16.9,16.9,0.0,12.222222222222221,86.44444444444444,13.444444444444445,30.366666666666667,20.414444444444445,1009.2999999999998,80.33333333333333,24.4,0.0,4.25,10.267,105.1034,9.95111111111111,12.22,9,37,63,4,1970-01-21 08:12:49.740000000,1970-01-21 08:13:33.740000000,Thu,,,
An Giang,Đồng bằng sông Cửu Long,2025-09-12,26.688888888888886,32.233333333333334,23.833333333333332,32.18888888888889,39.17777777777778,28.855555555555554,13.3,13.3,0.0,10.222222222222221,86.0,12.088888888888889,29.72222222222222,21.052222222222223,1009.3333333333334,84.33333333333333,23.88888888888889,0.0,4.338888888888889,10.267,105.1034,9.534444444444444,12.21,9,37,65,48,1970-01-21 08:14:16.140000000,1970-01-21 08:15:00.106666666,Thu,,,
An Giang,Đồng bằng sông Cửu Long,2025-09-13,26.155555555555555,30.45555555555556,24.5,31.811111111111114,36.65555555555555,29.799999999999997,29.966666666666665,29.966666666666665,0.0,17.77777777777778,89.44444444444444,12.399999999999999,31.144444444444446,15.56777777777778,1009.7666666666667,99.88888888888889,24.188888888888886,0.0,3.1655555555555557,10.267,105.1034,6.716666666666667,12.2,9,37,65,137,1970-01-21 08:15:42.533333333,1970-01-21 08:16:26.460000000,Thu,,,
An Giang,Đồng bằng sông Cửu Long,2025-09-14,26.133333333333333,29.45555555555556,23.577777777777776,31.400000000000002,35.144444444444446,28.67777777777778,15.477777777777776,15.477777777777776,0.0,12.11111111111111,88.0,13.466666666666667,31.200000000000003,14.992222222222223,1010.3777777777777,97.77777777777777,23.91111111111111,0.0,3.0744444444444445,10.267,105.1034,7.0488888888888885,12.19111111111111,9,37,63,216,1970-01-21 08:17:08.933333333,1970-01-21 08:17:52.826666666,Thu,,,
An Giang,Đồng bằng sông Cửu Long,2025-09-15,27.244444444444444,30.82222222222222,23.98888888888889,32.388888888888886,36.63333333333333,29.32222222222222,6.1,6.1,0.0,6.666666666666667,83.0,15.344444444444443,35.47777777777778,18.493333333333332,1010.2222222222222,87.33333333333333,23.955555555555556,0.0,3.887777777777778,10.267,105.1034,10.523333333333333,12.181111111111111,9,38,63,222,1970-01-21 08:18:35.333333333,1970-01-21 08:19:19.193333333,Thu,,,
An Giang,Đồng bằng sông Cửu Long,2025-09-16,27.055555555555557,30.22222222222222,23.944444444444443,32.32222222222222,35.08888888888889,27.533333333333335,14.466666666666665,14.466666666666665,0.0,10.222222222222221,85.88888888888889,16.866666666666667,39.55555555555556,14.593333333333334,1009.6111111111111,96.77777777777777,24.38888888888889,0.0,3.1100000000000003,10.267,105.1034,6.191111111111111,12.173333333333334,9,38,63,257,1970-01-21 08:20:01.726666666,1970-01-21 08:20:45.540000000,Thu,,,
An Giang,Đồng bằng sông Cửu Long,2025-09-17,27.311111111111114,30.41111111111111,24.688888888888886,31.84444444444445,35.46666666666667,29.077777777777776,10.488888888888889,10.488888888888889,0.0,8.222222222222221,83.44444444444444,20.477777777777778,44.86666666666667,18.18,1008.4000000000001,92.33333333333333,24.12222222222222,0.0,3.855555555555556,10.267,105.1034,9.805555555555555,12.166666666666666,9,38,63,255,1970-01-21 08:21:28.126666666,1970-01-21 08:22:11.913333333,Thu,,,
An Giang,Đồng bằng sông Cửu Long,2025-09-18,27.344444444444445,30.766666666666666,24.922222222222224,31.577777777777776,36.58888888888889,29.188888888888886,17.144444444444446,17.144444444444446,0.0,10.11111111111111,83.0,22.200000000000003,46.955555555555556,18.274444444444445,1007.9444444444445,96.22222222222223,24.077777777777776,0.0,3.9499999999999997,10.267,105.1034,9.80777777777778,12.156666666666666,9,38,65,258,1970-01-21 08:22:54.513333333,1970-01-21 08:23:38.273333333,Thu,,,
An Giang,Đồng bằng sông Cửu Long,2025-09-19,27.077777777777776,29.799999999999997,25.166666666666668,30.54444444444444,32.55555555555556,28.41111111111111,2.011111111111111,2.011111111111111,0.0,8.11111111111111,80.44444444444444,22.066666666666666,45.2,11.63888888888889,1009.3888888888889,91.88888888888889,23.322222222222223,0.0,3.0433333333333334,10.267,105.1034,3.3033333333333332,12.15,9,38,53,251,1970-01-21 08:24:20.906666666,1970-01-21 08:25:04.620000000,Thu,,,
An Giang,Đồng bằng sông Cửu Long,2025-09-20,28.077777777777776,32.05555555555556,25.033333333333335,32.355555555555554,36.27777777777778,30.133333333333333,1.2111111111111112,1.2111111111111112,0.0,4.333333333333333,77.11111111111111,23.211111111111112,45.111111111111114,21.405555555555555,1009.0222222222224,75.44444444444444,23.51111111111111,0.0,4.836666666666667,10.267,105.1034,11.733333333333333,12.14,9,38,51,243,1970-01-21 08:25:47.300000000,1970-01-21 08:26:31.000000000,Thu,,,
An Giang,Đồng bằng sông Cửu Long,2025-09-21,28.61111111111111,31.977777777777778,25.844444444444445,32.63333333333334,35.71111111111111,30.71111111111111,0.47777777777777775,0.47777777777777775,0.0,2.6666666666666665,75.33333333333333,24.066666666666666,48.32222222222222,20.49777777777778,1008.1777777777778,89.11111111111111,23.644444444444446,0.0,4.887777777777778,10.267,105.1034,9.493333333333332,12.13,9,38,51,251,1970-01-21 08:27:13.693333333,1970-01-21 08:27:57.353333333,Thu,,,
An Giang,Đồng bằng sông Cửu Long,2025-09-22,27.033333333333335,28.41111111111111,25.644444444444446,31.366666666666667,32.65555555555555,29.866666666666667,14.47777777777778,14.47777777777778,0.0,16.0,83.55555555555556,18.566666666666666,36.0,8.03111111111111,1008.9000000000001,99.88888888888889,23.88888888888889,0.0,2.178888888888889,10.267,105.1034,0.4066666666666667,12.12,9,39,63,271,1970-01-21 08:28:40.086666666,1970-01-21 08:29:23.713333333,Thu,,,
An Giang,Đồng bằng sông Cửu Long,2025-09-23,27.933333333333334,30.72222222222222,26.166666666666668,31.56666666666667,33.63333333333333,30.06666666666667,1.4777777777777779,1.4777777777777779,0.0,5.666666666666667,75.88888888888889,23.08888888888889,48.111111111111114,12.467777777777776,1008.2111111111111,93.88888888888889,23.155555555555555,0.0,3.4922222222222223,10.267,105.1034,5.294444444444444,12.11,9,39,53,259,1970-01-21 08:30:06.480000000,1970-01-21 08:30:50.086666666,Thu,,,
An Giang,Đồng bằng sông Cửu Long,2025-09-24,27.811111111111114,30.188888888888886,26.044444444444444,31.533333333333335,33.48888888888889,30.32222222222222,2.433333333333333,2.433333333333333,0.0,9.333333333333334,80.33333333333333,23.433333333333334,49.0,15.811111111111112,1006.6444444444444,99.55555555555556,24.022222222222222,0.0,3.7933333333333334,10.267,105.1034,9.04,12.1,9,39,53,247,1970-01-21 08:31:32.880000000,1970-01-21 08:32:16.440000000,Thu,,,
An Giang,Đồng bằng sông Cửu Long,2025-09-25,27.4,29.91111111111111,25.77777777777778,30.82222222222222,32.72222222222222,28.922222222222224,6.855555555555556,6.855555555555556,0.0,10.666666666666666,82.11111111111111,25.055555555555557,54.43333333333333,16.962222222222223,1007.3888888888889,100.0,23.98888888888889,0.0,3.8344444444444443,10.267,105.1034,9.69111111111111,12.09,9,39,63,249,1970-01-21 08:32:59.280000000,1970-01-21 08:33:42.806666666,Thu,,,
An Giang,Đồng bằng sông Cửu Long,2025-09-26,26.677777777777777,28.477777777777778,25.455555555555556,30.45555555555556,32.111111111111114,28.944444444444443,13.455555555555556,13.455555555555556,0.0,11.777777777777779,84.88888888888889,21.788888888888888,43.833333333333336,8.907777777777778,1008.8444444444444,100.0,23.87777777777778,0.0,2.32,10.267,105.1034,1.7955555555555556,12.08,9,39,63,248,1970-01-21 08:34:25.680000000,1970-01-21 08:35:09.173333333,Thu,,,
An Giang,Đồng bằng sông Cửu Long,2025-09-27,26.700000000000003,30.71111111111111,25.12222222222222,31.255555555555556,35.53333333333333,29.355555555555554,15.566666666666666,15.566666666666666,0.0,15.222222222222221,86.88888888888889,20.61111111111111,43.44444444444444,12.683333333333334,1008.3777777777777,98.22222222222223,24.211111111111112,0.0,2.802222222222222,10.267,105.1034,5.4366666666666665,12.07,9,39,63,257,1970-01-21 08:35:52.080000000,1970-01-21 08:36:35.526666666,Thu,,,
An Giang,Đồng bằng sông Cửu Long,2025-09-28,26.766666666666666,30.22222222222222,24.977777777777778,30.61111111111111,34.81111111111111,28.833333333333332,14.133333333333333,14.133333333333333,0.0,17.0,85.66666666666667,23.344444444444445,46.53333333333333,14.068888888888889,1006.5777777777779,100.0,24.1,0.0,3.141111111111111,10.267,105.1034,5.633333333333334,12.06,9,39,63,248,1970-01-21 08:37:18.473333333,1970-01-21 08:38:01.906666666,Thu,,,
An Giang,Đồng bằng sông Cửu Long,2025-09-29,25.744444444444447,29.28888888888889,23.88888888888889,29.522222222222222,32.97777777777778,27.58888888888889,27.288888888888888,27.288888888888888,0.0,22.333333333333332,89.55555555555556,24.12222222222222,50.922222222222224,13.961111111111112,1008.3333333333334,99.77777777777777,23.833333333333332,0.0,2.7911111111111113,10.267,105.1034,6.14,12.05,9,40,63,209,1970-01-21 08:38:44.873333333,1970-01-21 08:39:28.260000000,Thu,,,
An Giang,Đồng bằng sông Cửu Long,2025-09-30,26.62222222222222,30.733333333333334,23.566666666666666,31.400000000000002,35.82222222222222,27.72222222222222,9.555555555555555,9.555555555555555,0.0,11.444444444444445,85.0,17.01111111111111,38.25555555555556,18.963333333333335,1009.9555555555556,92.0,23.744444444444444,0.0,3.8800000000000003,10.267,105.1034,10.095555555555556,12.04,9,40,63,196,1970-01-21 08:40:11.273333333,1970-01-21 08:40:54.620000000,Thu,,,
An Giang,Đồng bằng sông Cửu Long,2025-10-01,26.88888888888889,32.388888888888886,23.811111111111114,32.577777777777776,39.56666666666667,28.744444444444444,11.722222222222221,11.722222222222221,0.0,9.444444444444445,85.22222222222223,13.2,31.077777777777776,21.285555555555554,1010.3333333333334,84.88888888888889,23.922222222222224,0.0,4.404444444444445,10.267,105.1034,10.084444444444445,12.032222222222222,10,40,63,89,1970-01-21 08:41:37.673333333,1970-01-21 08:42:20.993333333,Thu,,,
An Giang,Đồng bằng sông Cửu Long,2025-10-02,27.233333333333334,32.52222222222222,24.155555555555555,33.13333333333333,39.84444444444444,29.400000000000002,4.633333333333334,4.633333333333334,0.0,8.0,85.0,10.044444444444444,25.766666666666666,21.174444444444443,1010.3666666666666,50.888888888888886,24.255555555555556,0.0,4.392222222222222,10.267,105.1034,11.273333333333333,12.023333333333333,10,40,63,25,1970-01-21 08:43:04.066666666,1970-01-21 08:43:47.340000000,Thu,,,
An Giang,Đồng bằng sông Cửu Long,2025-10-03,26.51111111111111,31.61111111111111,23.533333333333335,32.0,38.47777777777778,28.299999999999997,18.133333333333333,18.133333333333333,0.0,14.222222222222221,86.77777777777777,13.433333333333334,31.28888888888889,17.755555555555556,1011.0111111111112,98.0,23.9,0.0,3.688888888888889,10.267,105.1034,8.193333333333333,12.013333333333334,10,40,63,161,1970-01-21 08:44:30.466666666,1970-01-21 08:45:13.726666666,Thu,,,
An Giang,Đồng bằng sông Cửu Long,2025-10-04,27.655555555555555,31.45555555555556,24.38888888888889,32.766666666666666,37.18888888888889,29.71111111111111,4.333333333333333,4.333333333333333,0.0,5.777777777777778,80.77777777777777,15.944444444444445,34.84444444444445,21.029999999999998,1011.2111111111111,98.0,23.81111111111111,0.0,4.448888888888889,10.267,105.1034,11.313333333333333,12.006666666666668,10,40,63,212,1970-01-21 08:45:56.860000000,1970-01-21 08:46:40.073333333,Thu,,,
An Giang,Đồng bằng sông Cửu Long,2025-10-05,27.755555555555556,31.5,24.677777777777777,32.46666666666667,36.233333333333334,29.71111111111111,0.5111111111111111,0.5111111111111111,0.0,2.0,80.33333333333333,16.48888888888889,35.27777777777778,17.767777777777777,1011.3333333333334,95.44444444444444,23.88888888888889,0.0,4.010000000000001,10.267,105.1034,8.682222222222222,11.996666666666666,10,40,51,229,1970-01-21 08:47:23.260000000,1970-01-21 08:48:06.433333333,Thu,,,
An Giang,Đồng bằng sông Cửu Long,2025-10-06,27.766666666666666,31.27777777777778,24.9,32.65555555555556,36.144444444444446,30.055555555555557,4.199999999999999,4.199999999999999,0.0,7.111111111111111,81.44444444444444,18.433333333333334,40.17777777777778,20.5,1010.9666666666667,97.33333333333333,24.133333333333333,0.0,4.342222222222222,10.267,105.1034,11.404444444444444,11.986666666666666,10,41,61,237,1970-01-21 08:48:49.660000000,1970-01-21 08:49:32.813333333,Thu,,,
An Giang,Đồng bằng sông Cửu Long,2025-10-07,27.566666666666666,31.58888888888889,25.544444444444444,32.32222222222222,36.91111111111111,30.633333333333333,9.955555555555556,9.955555555555556,0.0,6.888888888888889,81.33333333333333,19.166666666666668,40.21111111111111,20.272222222222222,1011.1111111111111,84.77777777777777,23.91111111111111,0.0,4.28,10.267,105.1034,10.884444444444444,11.97888888888889,10,41,63,235,1970-01-21 08:50:16.060000000,1970-01-21 08:50:59.166666666,Thu,,,
An Giang,Đồng bằng sông Cửu Long,2025-10-08,26.98888888888889,31.622222222222224,24.51111111111111,32.15555555555555,37.67777777777778,29.34444444444445,31.755555555555556,31.755555555555556,0.0,12.666666666666666,84.11111111111111,12.655555555555557,31.122222222222224,16.04222222222222,1010.2222222222222,90.55555555555556,23.87777777777778,0.0,3.46,10.267,105.1034,6.843333333333334,11.96888888888889,10,41,65,266,1970-01-21 08:51:42.460000000,1970-01-21 08:52:25.546666666,Thu,,,
An Giang,Đồng bằng sông Cửu Long,2025-10-09,26.333333333333332,30.644444444444446,23.455555555555556,31.58888888888889,36.611111111111114,28.177777777777777,21.77777777777778,21.77777777777778,0.0,12.666666666666666,85.88888888888889,10.866666666666667,28.166666666666668,16.93,1009.6111111111111,97.22222222222223,23.633333333333333,0.0,3.4922222222222223,10.267,105.1034,8.751111111111111,11.96,10,41,63,271,1970-01-21 08:53:08.860000000,1970-01-21 08:53:51.900000000,Thu,,,
An Giang,Đồng bằng sông Cửu Long,2025-10-10,26.4,30.988888888888887,23.88888888888889,31.866666666666667,36.955555555555556,28.900000000000002,15.311111111111112,15.311111111111112,0.0,12.222222222222221,87.0,11.577777777777778,28.966666666666665,16.273333333333333,1008.8444444444444,76.77777777777777,23.91111111111111,0.0,3.32,10.267,105.1034,9.809999999999999,11.95,10,41,63,20,1970-01-21 08:54:35.260000000,1970-01-21 08:55:18.280000000,Thu,,,
An Giang,Đồng bằng sông Cửu Long,2025-10-11,26.58888888888889,31.055555555555557,23.61111111111111,32.03333333333333,37.8,28.744444444444444,6.355555555555556,6.355555555555556,0.0,9.88888888888889,85.55555555555556,13.555555555555555,31.41111111111111,18.765555555555558,1008.7333333333333,97.22222222222223,23.755555555555556,0.0,3.852222222222222,10.267,105.1034,9.595555555555556,11.94,10,41,63,118,1970-01-21 08:56:01.660000000,1970-01-21 08:56:44.633333333,Thu,,,
An Giang,Đồng bằng sông Cửu Long,2025-10-12,27.255555555555556,31.099999999999998,24.544444444444444,32.63333333333333,36.96666666666667,29.977777777777778,8.244444444444445,8.244444444444445,0.0,10.444444444444445,83.22222222222223,14.711111111111112,31.755555555555556,16.278888888888886,1008.811111111111,96.44444444444444,23.955555555555556,0.0,3.501111111111111,10.267,105.1034,8.555555555555555,11.931111111111111,10,41,63,212,1970-01-21 08:57:28.060000000,1970-01-21 08:58:11.013333333,Thu,,,
An Giang,Đồng bằng sông Cửu Long,2025-10-13,27.22222222222222,31.200000000000003,24.355555555555554,32.82222222222222,37.36666666666667,29.866666666666667,6.055555555555555,6.055555555555555,0.0,9.11111111111111,84.33333333333333,12.433333333333334,29.188888888888886,17.233333333333334,1008.8555555555554,98.77777777777777,24.18888888888889,0.0,3.638888888888889,10.267,105.1034,9.622222222222222,11.922222222222222,10,42,63,165,1970-01-21 08:58:54.460000000,1970-01-21 08:59:37.373333333,Thu,,,
An Giang,Đồng bằng sông Cửu Long,2025-10-14,27.177777777777777,32.02222222222222,24.344444444444445,32.78888888888889,38.37777777777777,29.744444444444444,10.877777777777778,10.877777777777778,0.0,11.0,84.77777777777777,10.233333333333333,25.37777777777778,15.934444444444445,1008.9333333333333,99.0,24.200000000000003,0.0,3.417777777777778,10.267,105.1034,6.984444444444445,11.913333333333334,10,42,63,98,1970-01-21 09:00:20.860000000,1970-01-21 09:01:03.753333333,Thu,,,
An Giang,Đồng bằng sông Cửu Long,2025-10-15,27.644444444444446,33.233333333333334,24.88888888888889,33.02222222222222,38.93333333333333,29.5,19.733333333333334,19.733333333333334,0.0,10.444444444444445,82.77777777777777,14.833333333333334,32.13333333333333,20.945555555555554,1007.9777777777776,84.22222222222223,24.1,0.0,4.502222222222222,10.267,105.1034,10.60888888888889,11.903333333333332,10,42,65,62,1970-01-21 09:01:47.260000000,1970-01-21 09:02:30.113333333,Thu,,,
An Giang,Đồng bằng sông Cửu Long,2025-10-16,27.433333333333334,32.666666666666664,24.41111111111111,32.166666666666664,36.87777777777777,29.17777777777778,6.166666666666667,6.166666666666667,0.0,7.222222222222222,82.44444444444444,18.477777777777774,39.233333333333334,18.44,1007.7555555555555,99.88888888888889,23.87777777777778,0.0,4.118888888888889,10.267,105.1034,10.071111111111112,11.896666666666668,10,42,63,37,1970-01-21 09:03:13.666666666,1970-01-21 09:03:56.500000000,Thu,,,
An Giang,Đồng bằng sông Cửu Long,2025-10-17,27.48888888888889,31.488888888888887,24.0,32.55555555555556,36.53333333333333,28.71111111111111,14.644444444444446,14.644444444444446,0.0,11.11111111111111,82.0,14.822222222222223,34.333333333333336,15.754444444444443,1008.5666666666667,99.77777777777777,23.944444444444443,0.0,3.482222222222222,10.267,105.1034,8.726666666666667,11.886666666666667,10,42,63,54,1970-01-21 09:04:40.080000000,1970-01-21 09:05:22.860000000,Thu,,,
An Giang,Đồng bằng sông Cửu Long,2025-10-18,26.844444444444445,30.988888888888887,24.133333333333333,31.88888888888889,36.611111111111114,29.055555555555557,9.377777777777776,9.377777777777776,0.0,10.0,84.44444444444444,13.88888888888889,33.355555555555554,16.25111111111111,1008.2222222222222,96.44444444444444,23.866666666666667,0.0,3.4588888888888887,10.267,105.1034,8.535555555555554,11.876666666666667,10,42,63,57,1970-01-21 09:06:06.480000000,1970-01-21 09:06:49.246666666,Thu,,,
An Giang,Đồng bằng sông Cửu Long,2025-10-19,27.62222222222222,33.05555555555556,24.033333333333335,32.86666666666667,39.08888888888889,28.82222222222222,4.633333333333334,4.633333333333334,0.0,6.333333333333333,82.77777777777777,13.844444444444443,33.577777777777776,20.266666666666666,1006.7888888888889,92.22222222222223,24.033333333333335,0.0,4.3566666666666665,10.267,105.1034,10.732222222222223,11.87,10,42,55,38,1970-01-21 09:07:32.880000000,1970-01-21 09:08:15.606666666,Thu,,,
An Giang,Đồng bằng sông Cửu Long,2025-10-20,27.577777777777776,32.888888888888886,24.11111111111111,33.077777777777776,38.94444444444444,28.977777777777778,22.977777777777778,22.977777777777778,0.0,13.0,83.44444444444444,13.755555555555555,31.522222222222222,19.561111111111114,1006.9666666666667,97.88888888888889,24.233333333333334,0.0,4.171111111111111,10.267,105.1034,10.158888888888889,11.86,10,43,63,7,1970-01-21 09:08:59.286666666,1970-01-21 09:09:41.993333333,Thu,,,
An Giang,Đồng bằng sông Cửu Long,2025-10-21,27.177777777777777,32.84444444444445,24.555555555555557,32.68888888888889,38.955555555555556,29.744444444444444,25.577777777777776,25.577777777777776,0.0,14.444444444444445,85.55555555555556,12.755555555555555,31.877777777777776,18.436666666666667,1007.7333333333333,100.0,24.27777777777778,0.0,3.918888888888889,10.267,105.1034,8.341111111111111,11.852222222222222,10,43,63,340,1970-01-21 09:10:25.693333333,1970-01-21 09:11:08.346666666,Thu,,,
An Giang,Đồng bằng sông Cửu Long,2025-10-22,27.255555555555556,31.38888888888889,24.144444444444446,32.81111111111111,37.37777777777777,29.255555555555556,12.577777777777778,12.577777777777778,0.0,11.777777777777779,85.66666666666667,14.600000000000001,31.666666666666668,15.346666666666668,1008.0,99.0,24.444444444444443,0.0,3.308888888888889,10.267,105.1034,7.148888888888889,11.843333333333334,10,43,61,27,1970-01-21 09:11:52.093333333,1970-01-21 09:12:34.733333333,Thu,,,
An Giang,Đồng bằng sông Cửu Long,2025-10-23,26.744444444444444,31.522222222222222,23.544444444444444,31.72222222222222,37.111111111111114,28.166666666666668,10.377777777777776,10.377777777777776,0.0,14.0,85.55555555555556,14.444444444444445,32.04444444444445,17.75111111111111,1008.8222222222222,98.44444444444444,23.88888888888889,0.0,3.7600000000000002,10.267,105.1034,8.925555555555555,11.833333333333334,10,43,63,36,1970-01-21 09:13:18.506666666,1970-01-21 09:14:01.100000000,Thu,,,
An Giang,Đồng bằng sông Cửu Long,2025-10-24,26.866666666666667,32.06666666666667,23.833333333333332,31.866666666666667,37.72222222222222,28.08888888888889,17.533333333333335,17.533333333333335,0.0,15.666666666666666,85.66666666666667,14.58888888888889,31.41111111111111,15.625555555555556,1009.0111111111112,99.55555555555556,24.055555555555557,0.0,3.398888888888889,10.267,105.1034,7.387777777777777,11.823333333333332,10,43,63,29,1970-01-21 09:14:44.920000000,1970-01-21 09:15:27.473333333,Thu,,,
An Giang,Đồng bằng sông Cửu Long,2025-10-25,26.188888888888886,29.988888888888887,24.177777777777777,31.188888888888886,35.22222222222222,29.11111111111111,11.555555555555555,11.555555555555555,0.0,9.555555555555555,88.66666666666667,13.7,30.688888888888886,10.197777777777778,1009.0666666666667,100.0,24.044444444444444,0.0,2.261111111111111,10.267,105.1034,3.413333333333333,11.816666666666668,10,43,63,14,1970-01-21 09:16:11.320000000,1970-01-21 09:16:53.873333333,Thu,,,
An Giang,Đồng bằng sông Cửu Long,2025-10-26,26.17777777777778,31.511111111111113,23.311111111111114,31.233333333333334,37.8,27.61111111111111,19.700000000000003,19.700000000000003,0.0,19.0,86.33333333333333,11.677777777777777,27.244444444444444,16.83888888888889,1009.3666666666666,92.0,23.46666666666667,0.0,3.532222222222222,10.267,105.1034,7.592222222222222,11.80777777777778,10,43,63,32,1970-01-21 09:17:37.733333333,1970-01-21 09:18:20.226666666,Thu,,,
An Giang,Đồng bằng sông Cửu Long,2025-10-27,26.133333333333333,30.72222222222222,23.644444444444446,30.84444444444445,34.87777777777777,28.511111111111113,13.444444444444445,13.444444444444445,0.0,16.333333333333332,85.77777777777777,15.011111111111111,32.51111111111111,12.02111111111111,1009.5888888888888,98.77777777777777,23.433333333333334,0.0,2.6533333333333333,10.267,105.1034,4.986666666666667,11.79888888888889,10,44,63,317,1970-01-21 09:19:04.140000000,1970-01-21 09:19:46.613333333,Thu,,,
An Giang,Đồng bằng sông Cửu Long,2025-10-28,26.1,28.811111111111114,24.6,30.77777777777778,33.71111111111111,29.233333333333334,17.833333333333332,17.833333333333332,0.0,18.555555555555557,87.33333333333333,15.133333333333333,31.43333333333333,10.044444444444444,1008.9555555555556,100.0,23.755555555555556,0.0,2.221111111111111,10.267,105.1034,2.873333333333333,11.79111111111111,10,44,63,332,1970-01-21 09:20:30.553333333,1970-01-21 09:21:13.006666666,Thu,,,
An Giang,Đồng bằng sông Cửu Long,2025-10-29,25.844444444444445,30.011111111111113,23.766666666666666,30.477777777777778,34.58888888888889,28.022222222222222,15.766666666666667,15.766666666666667,0.0,18.333333333333332,89.55555555555556,14.566666666666666,31.522222222222222,12.644444444444444,1007.9444444444445,100.0,23.844444444444445,0.0,2.651111111111111,10.267,105.1034,4.68,11.782222222222222,10,44,63,16,1970-01-21 09:21:56.953333333,1970-01-21 09:22:39.366666666,Thu,,,
An Giang,Đồng bằng sông Cửu Long,2025-10-30,26.48888888888889,29.72222222222222,23.822222222222223,31.733333333333334,34.98888888888889,28.72222222222222,4.177777777777778,4.177777777777778,0.0,8.0,86.55555555555556,10.288888888888888,26.477777777777778,12.097777777777777,1009.0111111111112,99.77777777777777,23.91111111111111,0.0,2.621111111111111,10.267,105.1034,4.8533333333333335,11.773333333333333,10,44,61,220,1970-01-21 09:23:23.373333333,1970-01-21 09:24:05.753333333,Thu,,,
An Giang,Đồng bằng sông Cửu Long,2025-10-31,26.91111111111111,31.011111111111113,24.288888888888888,32.06666666666667,35.68888888888889,28.922222222222224,10.066666666666666,10.066666666666666,0.0,11.444444444444445,86.0,14.52222222222222,34.922222222222224,14.957777777777778,1010.9444444444445,81.11111111111111,24.211111111111112,0.0,3.1855555555555557,10.267,105.1034,8.493333333333332,11.766666666666666,10,44,63,153,1970-01-21 09:24:49.780000000,1970-01-21 09:25:32.153333333,Thu,,,
An Giang,Đồng bằng sông Cửu Long,2025-11-01,27.11111111111111,31.644444444444446,24.522222222222222,32.91111111111111,38.12222222222222,30.255555555555556,11.277777777777779,11.277777777777779,0.0,11.555555555555555,86.22222222222223,13.577777777777778,31.82222222222222,16.682222222222222,1011.0555555555555,83.44444444444444,24.355555555555554,0.0,3.561111111111111,10.267,105.1034,7.648888888888889,11.757777777777777,11,44,63,155,1970-01-21 09:26:16.200000000,1970-01-21 09:26:58.513333333,Thu,,,
An Giang,Đồng bằng sông Cửu Long,2025-11-02,26.299999999999997,30.599999999999998,24.244444444444447,31.922222222222224,36.62222222222223,29.67777777777778,19.455555555555556,19.455555555555556,0.0,17.22222222222222,89.77777777777777,14.355555555555554,33.144444444444446,12.444444444444445,1010.6222222222223,98.66666666666667,24.366666666666667,0.0,2.6300000000000003,10.267,105.1034,6.156666666666666,11.748888888888889,11,44,65,268,1970-01-21 09:27:42.613333333,1970-01-21 09:28:24.900000000,Thu,,,
An Giang,Đồng bằng sông Cửu Long,2025-11-03,25.922222222222224,29.0,24.544444444444444,31.311111111111114,34.577777777777776,29.400000000000002,22.96666666666667,22.96666666666667,0.0,16.88888888888889,90.88888888888889,11.566666666666666,27.355555555555554,9.155555555555557,1009.7444444444445,100.0,24.244444444444444,0.0,1.9544444444444444,10.267,105.1034,3.228888888888889,11.742222222222223,11,45,63,281,1970-01-21 09:29:09.013333333,1970-01-21 09:29:51.293333333,Thu,,,
An Giang,Đồng bằng sông Cửu Long,2025-11-04,26.555555555555557,31.244444444444444,24.133333333333333,32.05555555555556,36.58888888888889,29.488888888888887,9.788888888888888,9.788888888888888,0.0,11.777777777777779,87.77777777777777,12.633333333333333,30.555555555555557,15.369999999999997,1009.2222222222222,98.55555555555556,24.166666666666668,0.0,3.228888888888889,10.267,105.1034,8.616666666666667,11.733333333333334,11,45,63,283,1970-01-21 09:30:35.440000000,1970-01-21 09:31:17.693333333,Thu,,,
An Giang,Đồng bằng sông Cửu Long,2025-11-05,26.922222222222224,30.599999999999998,24.422222222222224,32.422222222222224,35.900000000000006,29.61111111111111,8.844444444444443,8.844444444444443,0.0,12.333333333333334,85.66666666666667,10.077777777777778,23.87777777777778,13.91,1007.9888888888888,100.0,24.11111111111111,0.0,2.968888888888889,10.267,105.1034,6.735555555555555,11.72777777777778,11,45,63,316,1970-01-21 09:32:01.846666666,1970-01-21 09:32:44.066666666,Thu,,,
An Giang,Đồng bằng sông Cửu Long,2025-11-06,26.5,29.43333333333333,24.22222222222222,31.733333333333334,34.34444444444444,29.45555555555556,3.9777777777777774,3.9777777777777774,0.0,9.11111111111111,87.22222222222223,13.877777777777778,26.533333333333335,8.596666666666668,1006.7888888888889,100.0,24.12222222222222,0.0,2.0066666666666664,10.267,105.1034,1.3511111111111112,11.71888888888889,11,45,55,291,1970-01-21 09:33:28.273333333,1970-01-21 09:34:10.453333333,Thu,,,
An Giang,Đồng bằng sông Cửu Long,2025-11-07,26.51111111111111,30.466666666666665,24.555555555555557,31.233333333333334,35.58888888888889,28.877777777777776,14.355555555555554,14.355555555555554,0.0,15.11111111111111,87.44444444444444,18.4,39.13333333333333,13.513333333333334,1007.5999999999999,100.0,24.177777777777777,0.0,2.861111111111111,10.267,105.1034,6.155555555555555,11.712222222222223,11,45,63,213,1970-01-21 09:34:54.680000000,1970-01-21 09:35:36.840000000,Thu,,,
An Giang,Đồng bằng sông Cửu Long,2025-11-08,26.62222222222222,30.91111111111111,24.255555555555556,31.977777777777778,36.333333333333336,29.32222222222222,13.355555555555554,13.355555555555554,0.0,12.88888888888889,87.44444444444444,13.677777777777777,32.44444444444444,15.564444444444446,1009.7777777777778,91.11111111111111,24.188888888888886,0.0,3.221111111111111,10.267,105.1034,9.154444444444444,11.702222222222222,11,45,63,182,1970-01-21 09:36:21.100000000,1970-01-21 09:37:03.233333333,Thu,,,
An Giang,Đồng bằng sông Cửu Long,2025-11-09,26.88888888888889,32.03333333333333,23.788888888888888,32.52222222222222,39.05555555555556,28.555555555555557,13.88888888888889,13.88888888888889,0.0,13.0,86.0,14.788888888888888,33.67777777777778,17.827777777777776,1009.3888888888889,98.77777777777777,24.08888888888889,0.0,3.748888888888889,10.267,105.1034,10.044444444444444,11.697777777777778,11,45,63,73,1970-01-21 09:37:47.533333333,1970-01-21 09:38:29.633333333,Thu,,,
An Giang,Đồng bằng sông Cửu Long,2025-11-10,26.811111111111114,31.666666666666668,24.244444444444444,32.5,38.05555555555556,29.511111111111113,5.800000000000001,5.800000000000001,0.0,7.0,86.44444444444444,11.011111111111113,31.477777777777778,15.673333333333334,1008.811111111111,99.88888888888889,24.200000000000003,0.0,3.287777777777778,10.267,105.1034,9.39,11.688888888888888,11,46,61,133,1970-01-21 09:39:13.933333333,1970-01-21 09:39:56.033333333,Thu,,,
An Giang,Đồng bằng sông Cửu Long,2025-11-11,27.355555555555554,32.46666666666667,23.88888888888889,32.91111111111111,39.06666666666667,28.08888888888889,2.9000000000000004,2.9000000000000004,0.0,5.888888888888889,84.0,12.988888888888889,28.84444444444445,18.737777777777776,1009.1444444444446,100.0,24.11111111111111,0.0,3.9722222222222223,10.267,105.1034,9.533333333333333,11.682222222222222,11,46,61,92,1970-01-21 09:40:40.360000000,1970-01-21 09:41:22.426666666,Thu,,,
An Giang,Đồng bằng sông Cửu Long,2025-11-12,26.6,31.22222222222222,24.477777777777778,32.03333333333333,37.03333333333333,29.72222222222222,6.333333333333333,6.333333333333333,0.0,7.111111111111111,87.11111111111111,11.333333333333334,29.677777777777774,13.126666666666667,1010.4000000000001,99.88888888888889,24.144444444444446,0.0,2.77,10.267,105.1034,5.892222222222222,11.673333333333334,11,46,63,119,1970-01-21 09:42:06.793333333,1970-01-21 09:42:48.806666666,Thu,,,
An Giang,Đồng bằng sông Cửu Long,2025-11-13,26.72222222222222,32.2,23.799999999999997,32.12222222222223,38.91111111111111,28.811111111111114,6.766666666666667,6.766666666666667,0.0,8.0,85.0,11.466666666666667,28.11111111111111,18.45111111111111,1011.5444444444444,95.11111111111111,23.755555555555556,0.0,3.8533333333333335,10.267,105.1034,10.836666666666666,11.668888888888889,11,46,53,36,1970-01-21 09:43:33.193333333,1970-01-21 09:44:15.193333333,Thu,,,
An Giang,Đồng bằng sông Cửu Long,2025-11-14,27.27777777777778,31.988888888888887,23.444444444444443,30.866666666666667,35.41111111111111,26.711111111111112,0.6222222222222222,0.6222222222222222,0.0,3.888888888888889,73.44444444444444,16.322222222222223,33.47777777777778,20.446666666666665,1010.9000000000001,84.77777777777777,21.566666666666666,0.0,4.84,10.267,105.1034,11.213333333333333,11.66,11,46,51,31,1970-01-21 09:44:59.620000000,1970-01-21 09:45:41.593333333,Thu,,,
An Giang,Đồng bằng sông Cửu Long,2025-11-15,26.333333333333332,30.833333333333332,22.266666666666666,28.54444444444444,33.266666666666666,24.311111111111114,0.0,0.0,0.0,0.0,65.55555555555556,17.811111111111114,37.67777777777778,22.635555555555555,1011.0666666666667,48.888888888888886,19.033333333333335,0.0,5.0744444444444445,10.267,105.1034,11.175555555555555,11.653333333333332,11,46,3,37,1970-01-21 09:46:26.053333333,1970-01-21 09:47:07.993333333,Thu,,,
An Giang,Đồng bằng sông Cửu Long,2025-11-16,25.58888888888889,29.65555555555555,23.577777777777776,28.666666666666668,32.422222222222224,25.977777777777778,6.677777777777777,6.677777777777777,0.0,10.444444444444445,79.88888888888889,17.288888888888888,36.666666666666664,11.621111111111112,1011.2111111111111,91.44444444444444,21.744444444444444,0.0,2.842222222222222,10.267,105.1034,5.587777777777777,11.648888888888889,11,46,63,14,1970-01-21 09:47:52.466666666,1970-01-21 09:48:34.393333333,Thu,,,
An Giang,Đồng bằng sông Cửu Long,2025-11-17,25.544444444444444,29.799999999999997,23.477777777777778,29.599999999999998,33.7,27.466666666666665,8.644444444444444,8.644444444444444,0.0,13.777777777777779,88.22222222222223,19.700000000000003,42.08888888888889,9.133333333333333,1011.0222222222224,99.44444444444444,23.38888888888889,0.0,2.068888888888889,10.267,105.1034,2.7255555555555557,11.64,11,47,63,50,1970-01-21 09:49:18.886666666,1970-01-21 09:50:00.793333333,Thu,,,
An Giang,Đồng bằng sông Cửu Long,2025-11-18,26.544444444444444,30.67777777777778,24.211111111111112,30.900000000000002,35.233333333333334,28.311111111111114,12.71111111111111,12.71111111111111,0.0,12.88888888888889,84.44444444444444,16.566666666666666,40.955555555555556,15.57,1010.2333333333333,92.44444444444444,23.544444444444444,0.0,3.3655555555555554,10.267,105.1034,9.793333333333333,11.633333333333333,11,47,63,62,1970-01-21 09:50:45.313333333,1970-01-21 09:51:27.193333333,Thu,,,
An Giang,Đồng bằng sông Cửu Long,2025-11-19,25.87777777777778,31.122222222222224,23.61111111111111,29.377777777777776,34.36666666666667,25.955555555555556,12.31111111111111,12.31111111111111,0.0,14.666666666666666,85.66666666666667,23.27777777777778,47.72222222222222,16.427777777777777,1010.7444444444445,100.0,23.044444444444444,0.0,3.497777777777778,10.267,105.1034,9.214444444444446,11.628888888888888,11,47,63,38,1970-01-21 09:52:11.740000000,1970-01-21 09:52:53.593333333,Thu,,,
An Giang,Đồng bằng sông Cửu Long,2025-11-20,24.944444444444443,27.61111111111111,23.48888888888889,26.299999999999997,29.11111111111111,24.244444444444444,0.7444444444444445,0.7444444444444445,0.0,2.7777777777777777,75.88888888888889,21.455555555555556,41.8,10.571111111111112,1011.5,100.0,20.322222222222223,0.0,3.1199999999999997,10.267,105.1034,4.826666666666666,11.621111111111112,11,47,51,25,1970-01-21 09:53:38.173333333,1970-01-21 09:54:19.993333333,Thu,,,
An Giang,Đồng bằng sông Cửu Long,2025-11-21,26.0,29.255555555555556,23.422222222222224,27.155555555555555,30.266666666666666,24.11111111111111,0.13333333333333333,0.13333333333333333,0.0,0.8888888888888888,70.22222222222223,25.37777777777778,49.55555555555556,14.681111111111111,1011.6555555555556,98.22222222222223,20.055555555555557,0.0,4.21,10.267,105.1034,7.9655555555555555,11.618888888888888,11,47,3,24,1970-01-21 09:55:04.580000000,1970-01-21 09:55:46.393333333,Thu,,,
An Giang,Đồng bằng sông Cửu Long,2025-11-22,25.61111111111111,27.477777777777778,23.333333333333332,27.522222222222222,30.0,25.11111111111111,0.6111111111111112,0.6111111111111112,0.0,3.4444444444444446,73.88888888888889,19.655555555555555,39.233333333333334,8.294444444444444,1011.1444444444444,99.55555555555556,20.644444444444446,0.0,2.8266666666666667,10.267,105.1034,2.298888888888889,11.61,11,47,51,22,1970-01-21 09:56:31.006666666,1970-01-21 09:57:12.806666666,Thu,,,
An Giang,Đồng bằng sông Cửu Long,2025-11-23,25.9,30.32222222222222,23.244444444444444,29.17777777777778,33.22222222222222,26.233333333333334,9.288888888888888,9.288888888888888,0.0,12.0,82.11111111111111,21.0,48.44444444444444,15.123333333333335,1010.2444444444445,90.77777777777777,22.433333333333334,0.0,3.3833333333333333,10.267,105.1034,8.624444444444444,11.604444444444445,11,47,63,32,1970-01-21 09:57:57.433333333,1970-01-21 09:58:39.226666666,Thu,,,
An Giang,Đồng bằng sông Cửu Long,2025-11-24,27.055555555555557,31.78888888888889,23.82222222222222,30.95555555555556,35.53333333333333,27.11111111111111,6.911111111111111,6.911111111111111,0.0,6.888888888888889,79.55555555555556,18.822222222222223,40.266666666666666,20.02,1009.5555555555555,89.55555555555556,22.91111111111111,0.0,4.401111111111111,10.267,105.1034,10.992222222222223,11.6,11,48,53,35,1970-01-21 09:59:23.866666666,1970-01-21 10:00:05.633333333,Thu,,,
An Giang,Đồng bằng sông Cửu Long,2025-11-25,27.155555555555555,30.966666666666665,23.633333333333333,29.977777777777778,34.22222222222222,26.644444444444446,2.411111111111111,2.411111111111111,0.0,2.888888888888889,72.44444444444444,20.244444444444444,41.51111111111111,20.483333333333334,1009.1999999999999,58.666666666666664,21.422222222222224,0.0,4.933333333333334,10.267,105.1034,11.117777777777778,11.593333333333334,11,48,51,29,1970-01-21 10:00:50.293333333,1970-01-21 10:01:32.033333333,Thu,,,
An Giang,Đồng bằng sông Cửu Long,2025-11-26,26.12222222222222,29.577777777777776,22.58888888888889,27.544444444444444,32.24444444444444,22.922222222222224,0.0,0.0,0.0,0.0,64.66666666666667,18.77777777777778,37.355555555555554,20.757777777777775,1009.8888888888889,88.11111111111111,18.811111111111114,0.0,5.2011111111111115,10.267,105.1034,10.36111111111111,11.59,11,48,3,19,1970-01-21 10:02:16.720000000,1970-01-21 10:02:58.440000000,Thu,,,
An Giang,Đồng bằng sông Cửu Long,2025-11-27,25.744444444444444,29.61111111111111,22.58888888888889,26.4,30.84444444444445,22.855555555555554,0.0,0.0,0.0,0.0,63.44444444444444,25.433333333333334,50.233333333333334,21.14333333333333,1010.4333333333333,82.55555555555556,18.188888888888886,0.0,5.414444444444444,10.267,105.1034,11.036666666666667,11.583333333333334,11,48,3,15,1970-01-21 10:03:43.153333333,1970-01-21 10:04:24.846666666,Thu,,,
An Giang,Đồng bằng sông Cửu Long,2025-11-28,23.733333333333334,27.255555555555556,20.977777777777778,23.811111111111114,27.922222222222224,19.77777777777778,0.0,0.0,0.0,0.0,63.0,21.022222222222222,42.355555555555554,21.216666666666665,1010.7111111111111,97.11111111111111,16.12222222222222,0.0,5.012222222222222,10.267,105.1034,10.904444444444444,11.58,11,48,3,8,1970-01-21 10:05:09.580000000,1970-01-21 10:05:51.253333333,Thu,,,
An Giang,Đồng bằng sông Cửu Long,2025-11-29,24.799999999999997,29.866666666666667,20.544444444444444,26.68888888888889,32.96666666666667,20.6,0.0,0.0,0.0,0.0,66.66666666666667,13.833333333333334,30.04444444444444,19.493333333333332,1010.1999999999999,92.77777777777777,18.033333333333335,0.0,4.338888888888889,10.267,105.1034,10.993333333333332,11.574444444444445,11,48,3,2,1970-01-21 10:06:36.013333333,1970-01-21 10:07:17.686666666,Thu,,,
An Giang,Đồng bằng sông Cửu Long,2025-11-30,25.91111111111111,31.17777777777778,21.200000000000003,29.233333333333334,36.144444444444446,23.666666666666668,0.0,0.0,0.0,0.0,72.11111111111111,9.966666666666667,23.144444444444442,19.333333333333332,1010.3333333333334,35.0,20.177777777777777,0.0,4.101111111111111,10.267,105.1034,11.098888888888888,11.571111111111112,11,48,3,278,1970-01-21 10:08:02.440000000,1970-01-21 10:08:44.093333333,Thu,,,
An Giang,Đồng bằng sông Cửu Long,2025-12-01,26.788888888888888,31.72222222222222,22.433333333333334,31.166666666666668,37.12222222222223,26.555555555555557,0.06666666666666667,0.06666666666666667,0.0,0.4444444444444444,77.11111111111111,11.61111111111111,24.03333333333333,19.01888888888889,1010.3222222222222,28.77777777777778,22.066666666666666,0.0,4.029999999999999,10.267,105.1034,11.076666666666666,11.567777777777778,12,49,3,243,1970-01-21 10:09:28.873333333,1970-01-21 10:10:10.500000000,Đông,,,
An Giang,Đồng bằng sông Cửu Long,2025-12-02,27.544444444444444,31.744444444444444,24.022222222222222,32.47777777777778,37.422222222222224,28.622222222222224,2.088888888888889,2.088888888888889,0.0,6.333333333333333,78.22222222222223,12.522222222222222,25.055555555555557,19.304444444444446,1010.2444444444445,44.55555555555556,23.055555555555557,0.0,4.113333333333333,10.267,105.1034,11.025555555555556,11.561111111111112,12,49,51,193,1970-01-21 10:10:55.300000000,1970-01-21 10:11:36.913333333,Đông,,,
An Giang,Đồng bằng sông Cửu Long,2025-12-03,26.688888888888886,31.67777777777778,23.866666666666667,32.31111111111111,37.86666666666667,28.799999999999997,20.977777777777778,20.977777777777778,0.0,10.666666666666666,86.0,11.422222222222222,29.244444444444444,16.86111111111111,1011.0111111111112,70.11111111111111,23.933333333333334,0.0,3.477777777777778,10.267,105.1034,10.461111111111112,11.56,12,49,63,47,1970-01-21 10:12:21.733333333,1970-01-21 10:13:03.346666666,Đông,,,
An Giang,Đồng bằng sông Cửu Long,2025-12-04,25.744444444444444,29.644444444444446,23.477777777777778,30.099999999999998,33.12222222222223,27.466666666666665,12.511111111111111,12.511111111111111,0.0,14.444444444444445,87.88888888888889,18.211111111111112,40.48888888888889,13.051111111111112,1011.3666666666666,71.33333333333333,23.466666666666665,0.0,2.703333333333333,10.267,105.1034,7.76111111111111,11.554444444444446,12,49,63,78,1970-01-21 10:13:48.160000000,1970-01-21 10:14:29.753333333,Đông,,,
An Giang,Đồng bằng sông Cửu Long,2025-12-05,26.477777777777778,30.811111111111114,23.211111111111112,31.22222222222222,36.0,27.688888888888886,1.0666666666666667,1.0666666666666667,0.0,5.555555555555555,83.22222222222223,12.177777777777777,28.833333333333332,19.405555555555555,1012.5777777777779,38.77777777777778,23.133333333333333,0.0,3.968888888888889,10.267,105.1034,11.057777777777778,11.551111111111112,12,49,51,70,1970-01-21 10:15:14.593333333,1970-01-21 10:15:56.173333333,Đông,,,
An Giang,Đồng bằng sông Cửu Long,2025-12-06,26.211111111111112,30.333333333333332,22.366666666666667,29.988888888888887,34.06666666666667,25.455555555555556,0.0555555555555555,0.0555555555555555,0.0,0.4444444444444444,77.11111111111111,13.144444444444444,28.244444444444444,20.273333333333333,1012.422222222222,68.55555555555556,21.51111111111111,0.0,4.246666666666666,10.267,105.1034,11.156666666666666,11.547777777777778,12,49,3,43,1970-01-21 10:16:41.026666666,1970-01-21 10:17:22.600000000,Đông,,,
An Giang,Đồng bằng sông Cửu Long,2025-12-07,26.166666666666668,30.255555555555556,22.266666666666666,29.311111111111114,32.97777777777778,26.133333333333333,0.0666666666666666,0.0666666666666666,0.0,0.6666666666666666,73.22222222222223,15.7,33.21111111111111,21.04111111111111,1012.0888888888888,74.77777777777777,20.566666666666663,0.0,4.583333333333333,10.267,105.1034,11.177777777777775,11.544444444444444,12,49,3,34,1970-01-21 10:18:07.453333333,1970-01-21 10:18:49.013333333,Đông,,,
An Giang,Đồng bằng sông Cửu Long,2025-12-08,25.055555555555557,29.11111111111111,21.155555555555555,26.966666666666665,31.56666666666667,21.966666666666665,0.0,0.0,0.0,0.0,66.66666666666667,14.444444444444445,31.45555555555556,21.16444444444444,1012.2555555555556,98.0,18.22222222222222,0.0,4.592222222222222,10.267,105.1034,10.905555555555557,11.541111111111112,12,50,3,27,1970-01-21 10:19:33.886666666,1970-01-21 10:20:15.433333333,Đông,,,
An Giang,Đồng bằng sông Cửu Long,2025-12-09,25.422222222222224,29.299999999999997,21.811111111111114,27.811111111111114,32.43333333333333,23.1,0.1666666666666666,0.1666666666666666,0.0,1.2222222222222223,69.66666666666667,14.444444444444445,31.333333333333332,19.114444444444445,1011.5555555555557,85.88888888888889,19.299999999999997,0.0,4.1755555555555555,10.267,105.1034,10.754444444444443,11.54,12,50,51,11,1970-01-21 10:21:00.313333333,1970-01-21 10:21:41.866666666,Đông,,,
An Giang,Đồng bằng sông Cửu Long,2025-12-10,25.933333333333337,29.85555555555555,23.6,28.188888888888886,31.87777777777778,24.88888888888889,8.911111111111111,8.911111111111111,0.0,7.222222222222222,73.77777777777777,20.955555555555556,42.0,14.69222222222222,1010.8222222222222,93.44444444444444,20.688888888888886,0.0,3.801111111111111,10.267,105.1034,8.474444444444444,11.537777777777778,12,50,63,29,1970-01-21 10:22:26.746666666,1970-01-21 10:23:08.280000000,Đông,,,
An Giang,Đồng bằng sông Cửu Long,2025-12-11,25.522222222222226,29.133333333333333,22.9,29.244444444444444,32.25555555555556,26.38888888888889,8.788888888888888,8.788888888888888,0.0,13.77777777777778,85.44444444444444,19.51111111111111,45.86666666666667,11.383333333333333,1010.8,99.77777777777776,22.822222222222223,0.0,2.5555555555555554,10.267,105.1034,4.75,11.53111111111111,12,50,61,73,1970-01-21 10:23:53.173333333,1970-01-21 10:24:34.693333333,Đông,,,
An Giang,Đồng bằng sông Cửu Long,2025-12-12,27.0,30.755555555555556,24.033333333333335,30.61111111111111,34.34444444444445,27.711111111111112,0.1,0.1,0.0,1.0,76.11111111111111,16.922222222222224,35.84444444444445,19.244444444444444,1010.2666666666668,90.33333333333331,22.200000000000003,0.0,4.227777777777778,10.267,105.1034,10.964444444444446,11.53111111111111,12,50,51,79,1970-01-21 10:25:19.606666666,1970-01-21 10:26:01.126666666,Đông,,,
An Giang,Đồng bằng sông Cửu Long,2025-12-13,26.41111111111111,31.06666666666667,22.766666666666666,31.266666666666666,36.44444444444444,26.98888888888889,6.066666666666666,6.066666666666666,0.0,8.333333333333334,83.11111111111111,13.3,31.4,19.003333333333337,1010.2111111111112,98.66666666666669,23.055555555555557,0.0,3.917777777777778,10.267,105.1034,10.87,11.53111111111111,12,50,63,96,1970-01-21 10:26:46.033333333,1970-01-21 10:27:27.540000000,Đông,,,
An Giang,Đồng bằng sông Cửu Long,2025-12-14,26.233333333333334,30.41111111111111,23.31111111111111,30.45555555555556,35.01111111111111,27.344444444444445,2.822222222222222,2.822222222222222,0.0,4.555555555555555,82.11111111111111,14.822222222222225,32.599999999999994,17.133333333333333,1010.3777777777776,99.0,22.64444444444445,0.0,3.638888888888889,10.267,105.1034,9.61,11.528888888888888,12,50,51,42,1970-01-21 10:28:12.466666666,1970-01-21 10:28:53.960000000,Đông,,,
An Giang,Đồng bằng sông Cửu Long,2025-12-15,26.6,30.64444444444445,23.5,30.15555555555555,34.34444444444445,25.58888888888889,0.0333333333333333,0.0333333333333333,0.0,0.1111111111111111,73.88888888888889,13.322222222222225,28.45555555555556,18.14888888888889,1011.1777777777778,99.88888888888889,21.266666666666666,0.0,4.007777777777778,10.267,105.1034,10.07,11.52777777777778,12,51,3,52,1970-01-21 10:29:38.893333333,1970-01-21 10:30:20.393333333,Đông,,,
An Giang,Đồng bằng sông Cửu Long,2025-12-16,26.299999999999997,30.5,23.077777777777776,30.43333333333333,35.22222222222222,26.72222222222222,0.1777777777777777,0.1777777777777777,0.0,1.6666666666666667,78.77777777777777,11.81111111111111,27.322222222222223,17.99111111111111,1010.9555555555556,77.88888888888889,22.14444444444445,0.0,3.812222222222222,10.267,105.1034,9.985555555555557,11.524444444444445,12,51,51,47,1970-01-21 10:31:05.326666666,1970-01-21 10:31:46.813333333,Đông,,,
An Giang,Đồng bằng sông Cửu Long,2025-12-17,26.4,30.82222222222222,22.533333333333335,30.91111111111111,35.888888888888886,26.633333333333333,0.2111111111111111,0.2111111111111111,0.0,1.4444444444444444,81.33333333333333,11.7,29.0,19.257777777777775,1011.0,82.77777777777777,22.655555555555555,0.0,4.006666666666667,10.267,105.1034,10.74,11.524444444444445,12,51,51,76,1970-01-21 10:32:31.753333333,1970-01-21 10:33:13.253333333,Đông,,,
An Giang,Đồng bằng sông Cửu Long,2025-12-18,26.366666666666667,30.21111111111111,22.677777777777777,30.311111111111114,34.422222222222224,26.422222222222224,2.911111111111111,2.911111111111111,0.0,4.111111111111111,78.22222222222223,15.1,30.522222222222226,17.59111111111111,1010.811111111111,83.22222222222223,21.944444444444443,0.0,3.74,10.267,105.1034,10.357777777777777,11.52222222222222,12,51,51,41,1970-01-21 10:33:58.186666666,1970-01-21 10:34:39.673333333,Đông,,,
An Giang,Đồng bằng sông Cửu Long,2025-12-19,26.85555555555555,31.15555555555555,23.211111111111112,30.055555555555557,35.53333333333333,24.955555555555556,0.0,0.0,0.0,0.0,70.66666666666667,14.055555555555555,28.322222222222223,20.09111111111111,1009.4333333333332,83.0,20.833333333333332,0.0,4.523333333333333,10.267,105.1034,11.26,11.52111111111111,12,51,3,26,1970-01-21 10:35:24.613333333,1970-01-21 10:36:06.106666666,Đông,,,
An Giang,Đồng bằng sông Cửu Long,2025-12-20,27.077777777777776,31.666666666666668,23.255555555555556,30.78888888888889,34.56666666666667,27.466666666666665,0.0111111111111111,0.0111111111111111,0.0,0.1111111111111111,73.77777777777777,17.433333333333334,36.077777777777776,20.162222222222223,1008.8666666666666,98.44444444444444,21.555555555555557,0.0,4.535555555555556,10.267,105.1034,11.09,11.52111111111111,12,51,3,10,1970-01-21 10:36:51.046666666,1970-01-21 10:37:32.526666666,Đông,,,
An Giang,Đồng bằng sông Cửu Long,2025-12-21,27.066666666666663,31.922222222222224,22.5,30.733333333333334,35.111111111111114,25.6,0.1999999999999999,0.1999999999999999,0.0,0.8888888888888888,72.77777777777777,16.666666666666668,35.8,20.12,1009.4444444444443,82.33333333333333,21.41111111111111,0.0,4.5,10.267,105.1034,11.196666666666664,11.52111111111111,12,51,3,20,1970-01-21 10:38:17.480000000,1970-01-21 10:38:58.966666666,Đông,,,
An Giang,Đồng bằng sông Cửu Long,2025-12-22,27.01111111111111,31.377777777777776,23.477777777777774,31.21111111111111,35.86666666666667,26.9,0.5333333333333333,0.5333333333333333,0.0,3.4444444444444446,76.66666666666667,12.744444444444444,27.811111111111114,19.873333333333335,1009.311111111111,79.66666666666667,22.27777777777778,0.0,4.252222222222222,10.267,105.1034,11.31,11.52111111111111,12,52,51,26,1970-01-21 10:39:43.906666666,1970-01-21 10:40:25.393333333,Đông,,,
An Giang,Đồng bằng sông Cửu Long,2025-12-23,26.6,31.077777777777776,23.08888888888889,31.188888888888886,36.0,27.87777777777778,0.2888888888888889,0.2888888888888889,0.0,1.2222222222222223,80.66666666666667,13.0,26.522222222222226,17.384444444444444,1009.0444444444444,83.55555555555556,22.700000000000003,0.0,3.701111111111111,10.267,105.1034,10.288888888888888,11.52111111111111,12,52,3,11,1970-01-21 10:41:10.340000000,1970-01-21 10:41:51.833333333,Đông,,,
An Giang,Đồng bằng sông Cửu Long,2025-12-24,26.433333333333337,31.11111111111111,22.744444444444444,31.133333333333333,36.37777777777777,27.455555555555556,2.4222222222222225,2.4222222222222225,0.0,4.333333333333333,82.44444444444444,12.4,28.555555555555557,17.531111111111112,1008.5666666666668,84.66666666666667,22.9,0.0,3.76,10.267,105.1034,9.58,11.52111111111111,12,52,51,59,1970-01-21 10:42:36.773333333,1970-01-21 10:43:18.253333333,Đông,,,
An Giang,Đồng bằng sông Cửu Long,2025-12-25,26.344444444444445,30.27777777777778,24.033333333333335,31.477777777777774,35.111111111111114,29.32222222222222,10.1,10.1,0.0,9.666666666666666,87.0,14.211111111111112,35.52222222222222,13.877777777777778,1009.3,93.22222222222224,23.87777777777778,0.0,2.908888888888889,10.267,105.1034,8.318888888888889,11.52222222222222,12,52,63,53,1970-01-21 10:44:03.200000000,1970-01-21 10:44:44.693333333,Đông,,,
An Giang,Đồng bằng sông Cửu Long,2025-12-26,26.133333333333333,29.266666666666666,23.833333333333332,30.27777777777778,32.766666666666666,28.155555555555555,1.2999999999999998,1.2999999999999998,0.0,3.3333333333333335,83.22222222222223,16.333333333333332,33.24444444444444,14.41,1010.3777777777776,93.77777777777776,22.833333333333332,0.0,3.046666666666667,10.267,105.1034,8.81111111111111,11.524444444444445,12,52,51,21,1970-01-21 10:45:29.626666666,1970-01-21 10:46:11.113333333,Đông,,,
An Giang,Đồng bằng sông Cửu Long,2025-12-27,25.733333333333334,29.333333333333332,23.166666666666668,29.311111111111114,33.21111111111111,25.48888888888889,0.1111111111111111,0.1111111111111111,0.0,0.8888888888888888,78.88888888888889,13.344444444444443,26.522222222222226,18.62777777777778,1011.3888888888888,87.33333333333333,21.555555555555557,0.0,3.893333333333333,10.267,105.1034,10.636666666666668,11.524444444444445,12,52,3,29,1970-01-21 10:46:56.053333333,1970-01-21 10:47:37.553333333,Đông,,,
An Giang,Đồng bằng sông Cửu Long,2025-12-28,25.85555555555555,30.266666666666666,22.01111111111111,29.64444444444445,33.96666666666667,26.14444444444445,0.0,0.0,0.0,0.0,78.11111111111111,13.177777777777775,28.533333333333335,20.19666666666667,1011.9,59.55555555555556,21.35555555555555,0.0,4.184444444444444,10.267,105.1034,11.33777777777778,11.52777777777778,12,52,3,46,1970-01-21 10:48:22.486666666,1970-01-21 10:49:03.973333333,Đông,,,
An Giang,Đồng bằng sông Cửu Long,2025-12-29,25.688888888888886,30.32222222222222,22.066666666666663,29.377777777777776,33.82222222222222,26.177777777777777,0.0,0.0,0.0,0.0,77.44444444444444,12.411111111111111,26.72222222222222,19.56,1011.4111111111112,96.33333333333331,20.98888888888889,0.0,4.142222222222222,10.267,105.1034,10.552222222222222,11.53,12,1,3,34,1970-01-21 10:49:48.913333333,1970-01-21 10:50:30.420000000,Đông,,,
An Giang,Đồng bằng sông Cửu Long,2025-12-30,25.211111111111112,29.488888888888887,21.58888888888889,28.833333333333332,33.63333333333333,25.244444444444444,0.0,0.0,0.0,0.0,78.11111111111111,10.288888888888888,22.288888888888888,19.243333333333332,1010.6555555555556,65.66666666666667,20.811111111111114,0.0,3.928888888888889,10.267,105.1034,10.754444444444443,11.53111111111111,12,1,3,97,1970-01-21 10:51:15.346666666,1970-01-21 10:51:56.840000000,Đông,,,
An Giang,Đồng bằng sông Cửu Long,2025-12-31,25.044444444444444,30.299999999999997,20.477777777777774,28.288888888888888,34.144444444444446,23.544444444444444,0.0,0.0,0.0,0.0,75.66666666666667,12.633333333333333,23.955555555555556,19.822222222222223,1009.4777777777776,44.0,20.044444444444444,0.0,4.105555555555556,10.267,105.1034,11.253333333333334,11.53111111111111,12,1,3,109,1970-01-21 10:52:41.773333333,1970-01-21 10:53:23.280000000,Đông,,,
An Giang,Đồng bằng sông Cửu Long,2026-01-01,25.077777777777776,29.877777777777776,20.577777777777776,28.244444444444444,33.77777777777778,23.711111111111112,0.0,0.0,0.0,0.0,76.44444444444444,11.866666666666667,23.95555555555556,19.561111111111114,1010.5666666666668,64.33333333333333,20.27777777777778,0.0,4.082222222222223,10.267,105.1034,11.306666666666665,11.534444444444444,1,1,3,101,1970-01-21 10:54:08.186666666,1970-01-21 10:54:49.720000000,Đông,,,
An Giang,Đồng bằng sông Cửu Long,2026-01-02,25.188888888888886,30.188888888888886,20.744444444444444,28.022222222222226,32.65555555555556,24.244444444444444,0.0111111111111111,0.0111111111111111,0.0,0.1111111111111111,73.55555555555556,12.122222222222222,27.48888888888889,21.01,1012.2111111111112,44.666666666666664,19.477777777777774,0.0,4.457777777777778,10.267,105.1034,11.22,11.537777777777778,1,1,3,84,1970-01-21 10:55:34.606666666,1970-01-21 10:56:16.140000000,Đông,,,
An Giang,Đồng bằng sông Cửu Long,2026-01-03,24.9,29.6,21.22222222222222,27.055555555555557,31.4,24.444444444444443,0.0111111111111111,0.0111111111111111,0.0,0.1111111111111111,71.55555555555556,14.755555555555556,31.88888888888889,21.348888888888887,1013.1555555555556,53.666666666666664,18.688888888888886,0.0,4.647777777777778,10.267,105.1034,11.081111111111111,11.54,1,1,3,57,1970-01-21 10:57:01.033333333,1970-01-21 10:57:42.580000000,Đông,,,
An Giang,Đồng bằng sông Cửu Long,2026-01-04,24.933333333333337,30.244444444444444,20.633333333333333,27.333333333333332,32.888888888888886,22.788888888888888,0.0,0.0,0.0,0.0,69.66666666666667,13.011111111111113,28.422222222222224,21.555555555555557,1013.077777777778,85.0,18.433333333333337,0.0,4.478888888888889,10.267,105.1034,11.18,11.541111111111112,1,1,3,12,1970-01-21 10:58:27.453333333,1970-01-21 10:59:09.000000000,Đông,,,
An Giang,Đồng bằng sông Cửu Long,2026-01-05,25.677777777777777,29.58888888888889,21.788888888888888,28.733333333333334,32.97777777777778,24.08888888888889,0.0,0.0,0.0,0.0,71.88888888888889,11.744444444444444,26.811111111111114,13.954444444444444,1012.7444444444444,88.77777777777777,20.033333333333335,0.0,3.211111111111111,10.267,105.1034,6.525555555555556,11.544444444444444,1,2,3,4,1970-01-21 10:59:53.866666666,1970-01-21 11:00:35.446666666,Đông,,,
An Giang,Đồng bằng sông Cửu Long,2026-01-06,25.544444444444444,29.866666666666667,22.98888888888889,29.54444444444444,33.84444444444445,27.14444444444445,5.7666666666666675,5.7666666666666675,0.0,6.111111111111111,82.88888888888889,12.766666666666666,27.12222222222222,14.57111111111111,1013.1444444444446,98.22222222222224,22.166666666666668,0.0,3.151111111111111,10.267,105.1034,6.588888888888889,11.55,1,2,63,78,1970-01-21 11:01:20.293333333,1970-01-21 11:02:01.860000000,Đông,,,
An Giang,Đồng bằng sông Cửu Long,2026-01-07,24.88888888888889,28.688888888888886,22.4,27.58888888888889,31.577777777777776,24.344444444444445,0.0,0.0,0.0,0.0,75.55555555555556,15.011111111111113,31.766666666666666,19.959999999999997,1013.9,64.11111111111111,19.98888888888889,0.0,4.151111111111111,10.267,105.1034,10.63,11.551111111111112,1,2,3,38,1970-01-21 11:02:46.713333333,1970-01-21 11:03:28.306666666,Đông,,,
An Giang,Đồng bằng sông Cửu Long,2026-01-08,24.033333333333335,28.200000000000003,21.166666666666668,25.98888888888889,29.91111111111111,22.41111111111111,0.6444444444444444,0.6444444444444444,0.0,2.4444444444444446,72.0,16.87777777777778,34.41111111111111,21.09222222222222,1015.0222222222224,56.55555555555556,18.344444444444445,0.0,4.323333333333333,10.267,105.1034,11.075555555555557,11.554444444444446,1,2,51,22,1970-01-21 11:04:13.126666666,1970-01-21 11:04:54.726666666,Đông,,,
An Giang,Đồng bằng sông Cửu Long,2026-01-09,22.37777777777778,27.200000000000003,19.055555555555557,23.14444444444445,28.244444444444444,18.366666666666667,0.0888888888888888,0.0888888888888888,0.0,0.6666666666666666,66.22222222222223,16.966666666666665,35.15555555555555,22.07,1014.9444444444443,62.55555555555556,15.444444444444445,0.0,4.466666666666667,10.267,105.1034,11.282222222222224,11.56,1,2,3,20,1970-01-21 11:05:39.553333333,1970-01-21 11:06:21.173333333,Đông,,,
An Giang,Đồng bằng sông Cửu Long,2026-01-10,22.1,27.51111111111111,17.188888888888886,23.466666666666665,29.744444444444444,17.455555555555556,0.0,0.0,0.0,0.0,68.0,9.72222222222222,22.711111111111112,21.78666666666667,1014.4777777777776,56.888888888888886,15.488888888888887,0.0,4.247777777777778,10.267,105.1034,11.206666666666669,11.561111111111112,1,2,3,3,1970-01-21 11:07:05.973333333,1970-01-21 11:07:47.593333333,Đông,,,
An Giang,Đồng bằng sông Cửu Long,2026-01-11,23.11111111111111,28.6,18.555555555555557,24.733333333333334,31.033333333333335,18.9,0.0,0.0,0.0,0.0,68.66666666666667,11.266666666666667,25.88888888888889,20.113333333333333,1015.3333333333334,64.77777777777777,16.655555555555555,0.0,4.121111111111111,10.267,105.1034,10.898888888888887,11.567777777777778,1,2,3,7,1970-01-21 11:08:32.386666666,1970-01-21 11:09:14.033333333,Đông,,,
An Giang,Đồng bằng sông Cửu Long,2026-01-12,24.88888888888889,29.45555555555556,20.733333333333334,27.366666666666667,32.72222222222222,22.433333333333337,0.0,0.0,0.0,0.0,67.66666666666667,10.255555555555556,22.27777777777778,20.357777777777777,1014.6777777777778,53.44444444444444,18.255555555555556,0.0,4.262222222222222,10.267,105.1034,10.855555555555554,11.571111111111112,1,3,3,5,1970-01-21 11:09:58.813333333,1970-01-21 11:10:40.453333333,Đông,,,
An Giang,Đồng bằng sông Cửu Long,2026-01-13,25.58888888888889,29.522222222222226,22.299999999999997,29.166666666666668,32.53333333333333,26.333333333333332,1.822222222222222,1.822222222222222,0.0,5.333333333333333,76.22222222222223,10.944444444444445,24.077777777777776,17.836666666666666,1014.0111111111112,57.55555555555556,20.677777777777777,0.0,3.704444444444445,10.267,105.1034,10.904444444444444,11.577777777777778,1,3,51,11,1970-01-21 11:11:25.213333333,1970-01-21 11:12:06.893333333,Đông,,,
An Giang,Đồng bằng sông Cửu Long,2026-01-14,25.35555555555555,30.06666666666667,21.288888888888888,28.95555555555556,34.15555555555555,24.833333333333332,0.0555555555555555,0.0555555555555555,0.0,0.5555555555555556,78.55555555555556,9.733333333333333,21.788888888888888,19.39444444444445,1012.7444444444444,42.22222222222222,20.944444444444443,0.0,3.986666666666667,10.267,105.1034,11.014444444444443,11.581111111111111,1,3,3,133,1970-01-21 11:12:51.633333333,1970-01-21 11:13:33.313333333,Đông,,,
An Giang,Đồng bằng sông Cửu Long,2026-01-15,25.48888888888889,30.35555555555555,21.066666666666663,29.27777777777778,34.62222222222223,24.711111111111112,0.2111111111111111,0.2111111111111111,0.0,2.111111111111111,79.22222222222223,12.377777777777778,24.22222222222222,19.78222222222222,1012.1222222222224,25.444444444444443,21.288888888888888,0.0,4.051111111111111,10.267,105.1034,10.95,11.587777777777776,1,3,51,112,1970-01-21 11:14:18.046666666,1970-01-21 11:14:59.753333333,Đông,,,
An Giang,Đồng bằng sông Cửu Long,2026-01-16,25.85555555555555,30.15555555555555,22.51111111111111,29.85555555555555,34.86666666666667,26.444444444444443,0.5111111111111111,0.5111111111111111,0.0,3.3333333333333335,79.44444444444444,10.766666666666667,23.322222222222223,19.174444444444443,1011.1,81.77777777777777,21.688888888888886,0.0,3.905555555555555,10.267,105.1034,10.824444444444444,11.59,1,3,51,124,1970-01-21 11:15:44.466666666,1970-01-21 11:16:26.173333333,Đông,,,
An Giang,Đồng bằng sông Cửu Long,2026-01-17,25.9,30.22222222222222,22.51111111111111,29.38888888888889,34.15555555555555,26.055555555555557,0.1444444444444444,0.1444444444444444,0.0,1.3333333333333333,76.44444444444444,13.4,25.88888888888889,19.516666666666666,1009.5444444444444,57.55555555555556,21.08888888888889,0.0,4.114444444444445,10.267,105.1034,10.496666666666666,11.597777777777775,1,3,51,115,1970-01-21 11:17:10.873333333,1970-01-21 11:17:52.613333333,Đông,,,
An Giang,Đồng bằng sông Cửu Long,2026-01-18,25.72222222222222,30.0,22.166666666666668,29.28888888888889,34.08888888888889,25.933333333333337,0.2111111111111111,0.2111111111111111,0.0,1.6666666666666667,76.88888888888889,10.9,23.555555555555557,20.6,1008.922222222222,79.44444444444444,21.022222222222226,0.0,4.2988888888888885,10.267,105.1034,10.878888888888888,11.601111111111113,1,3,51,120,1970-01-21 11:18:37.273333333,1970-01-21 11:19:19.033333333,Đông,,,
An Giang,Đồng bằng sông Cửu Long,2026-01-19,25.27777777777778,29.32222222222222,21.61111111111111,28.67777777777778,33.544444444444444,25.14444444444445,0.6444444444444444,0.6444444444444444,0.0,4.0,78.11111111111111,12.422222222222222,28.22222222222222,19.25,1010.1555555555556,80.0,20.91111111111111,0.0,3.941111111111111,10.267,105.1034,11.006666666666668,11.608888888888888,1,4,51,134,1970-01-21 11:20:03.686666666,1970-01-21 11:20:45.473333333,Đông,,,
An Giang,Đồng bằng sông Cửu Long,2026-01-20,25.35555555555555,30.43333333333333,20.933333333333337,28.266666666666666,33.78888888888889,24.188888888888886,0.0777777777777777,0.0777777777777777,0.0,0.5555555555555556,74.44444444444444,12.333333333333334,25.455555555555556,21.072222222222223,1011.0222222222224,60.0,20.0,0.0,4.53,10.267,105.1034,11.197777777777778,11.61111111111111,1,4,3,107,1970-01-21 11:21:30.100000000,1970-01-21 11:22:11.893333333,Đông,,,
An Giang,Đồng bằng sông Cửu Long,2026-01-21,25.422222222222224,30.511111111111113,21.188888888888886,27.422222222222224,31.944444444444443,23.88888888888889,0.0,0.0,0.0,0.0,68.77777777777777,17.233333333333334,35.71111111111111,20.799999999999997,1012.2333333333332,67.33333333333333,18.688888888888886,0.0,4.732222222222223,10.267,105.1034,10.77777777777778,11.618888888888888,1,4,3,102,1970-01-21 11:22:56.506666666,1970-01-21 11:23:38.333333333,Đông,,,
An Giang,Đồng bằng sông Cửu Long,2026-01-22,24.62222222222222,29.72222222222222,19.822222222222223,27.077777777777776,31.811111111111114,22.72222222222222,0.0888888888888888,0.0888888888888888,0.0,0.8888888888888888,72.66666666666667,13.433333333333334,30.555555555555557,20.950000000000003,1013.4666666666668,83.55555555555556,18.85555555555555,0.0,4.405555555555555,10.267,105.1034,11.19,11.623333333333331,1,4,51,66,1970-01-21 11:24:22.906666666,1970-01-21 11:25:04.753333333,Đông,,,
An Giang,Đồng bằng sông Cửu Long,2026-01-23,25.077777777777776,30.188888888888886,20.166666666666668,27.933333333333337,33.766666666666666,22.866666666666667,0.0,0.0,0.0,0.0,72.77777777777777,12.3,26.766666666666666,21.76111111111111,1014.577777777778,47.0,19.37777777777778,0.0,4.516666666666667,10.267,105.1034,11.13888888888889,11.63,1,4,3,48,1970-01-21 11:25:49.306666666,1970-01-21 11:26:31.193333333,Đông,,,
An Giang,Đồng bằng sông Cửu Long,2026-01-24,25.27777777777778,30.122222222222224,21.1,27.955555555555556,32.97777777777778,24.266666666666666,0.0222222222222222,0.0222222222222222,0.0,0.2222222222222222,72.55555555555556,12.488888888888887,27.544444444444444,20.754444444444445,1014.6222222222224,21.11111111111111,19.444444444444443,0.0,4.461111111111111,10.267,105.1034,11.183333333333334,11.63888888888889,1,4,3,63,1970-01-21 11:27:15.713333333,1970-01-21 11:27:57.600000000,Đông,,,
An Giang,Đồng bằng sông Cửu Long,2026-01-25,24.933333333333337,29.666666666666668,20.58888888888889,27.922222222222224,33.544444444444444,23.322222222222223,0.2444444444444444,0.2444444444444444,0.0,1.8888888888888888,75.44444444444444,10.61111111111111,23.688888888888886,20.47222222222222,1013.8666666666666,31.444444444444443,19.91111111111111,0.0,4.211111111111111,10.267,105.1034,11.235555555555557,11.643333333333334,1,4,51,101,1970-01-21 11:28:42.120000000,1970-01-21 11:29:24.033333333,Đông,,,
An Giang,Đồng bằng sông Cửu Long,2026-01-26,25.133333333333333,29.95555555555556,20.91111111111111,27.87777777777778,33.22222222222222,24.1,0.0222222222222222,0.0222222222222222,0.0,0.2222222222222222,74.33333333333333,13.533333333333331,28.044444444444444,20.642222222222223,1014.0333333333332,17.77777777777778,19.788888888888888,0.0,4.383333333333334,10.267,105.1034,11.212222222222222,11.65,1,5,2,94,1970-01-21 11:30:08.520000000,1970-01-21 11:30:50.453333333,Đông,,,
An Giang,Đồng bằng sông Cửu Long,2026-01-27,25.200000000000003,30.188888888888886,20.9,27.755555555555556,33.63333333333333,23.6,0.0111111111111111,0.0111111111111111,0.0,0.1111111111111111,73.33333333333333,13.4,27.322222222222223,20.16111111111111,1014.5666666666668,69.55555555555556,19.633333333333333,0.0,4.34,10.267,105.1034,11.086666666666666,11.657777777777778,1,5,3,100,1970-01-21 11:31:34.920000000,1970-01-21 11:32:16.873333333,Đông,,,
An Giang,Đồng bằng sông Cửu Long,2026-01-28,25.08888888888889,29.666666666666668,20.62222222222222,28.177777777777777,33.544444444444444,24.01111111111111,0.0777777777777777,0.0777777777777777,0.0,0.6666666666666666,76.77777777777777,12.844444444444443,26.433333333333337,19.392222222222223,1014.0888888888888,37.111111111111114,20.322222222222223,0.0,4.112222222222222,10.267,105.1034,11.177777777777775,11.662222222222224,1,5,3,108,1970-01-21 11:33:01.320000000,1970-01-21 11:33:43.313333333,Đông,,,
An Giang,Đồng bằng sông Cửu Long,2026-01-29,25.477777777777774,30.21111111111111,20.922222222222224,28.477777777777774,33.81111111111111,23.866666666666667,0.0,0.0,0.0,0.0,73.66666666666667,12.6,25.77777777777778,19.973333333333333,1013.811111111111,34.77777777777778,20.077777777777776,0.0,4.283333333333333,10.267,105.1034,11.21888888888889,11.67,1,5,3,101,1970-01-21 11:34:27.720000000,1970-01-21 11:35:09.720000000,Đông,,,
An Giang,Đồng bằng sông Cửu Long,2026-01-30,25.733333333333334,30.877777777777776,20.933333333333337,28.77777777777778,34.599999999999994,24.299999999999997,0.0222222222222222,0.0222222222222222,0.0,0.2222222222222222,73.22222222222223,12.72222222222222,25.755555555555556,20.253333333333337,1014.4777777777776,80.66666666666667,20.177777777777777,0.0,4.412222222222223,10.267,105.1034,11.041111111111112,11.678888888888888,1,5,3,107,1970-01-21 11:35:54.113333333,1970-01-21 11:36:36.153333333,Đông,,,
An Giang,Đồng bằng sông Cửu Long,2026-01-31,25.944444444444443,31.077777777777776,21.344444444444445,29.077777777777776,34.86666666666667,25.11111111111111,0.0,0.0,0.0,0.0,74.22222222222223,13.322222222222225,27.811111111111114,21.084444444444443,1014.3,72.44444444444444,20.51111111111111,0.0,4.667777777777777,10.267,105.1034,10.994444444444444,11.683333333333332,1,5,3,98,1970-01-21 11:37:20.506666666,1970-01-21 11:38:02.573333333,Đông,,,
An Giang,Đồng bằng sông Cửu Long,2026-02-01,25.41111111111111,30.477777777777774,20.655555555555555,27.62222222222222,32.71111111111111,23.35555555555555,0.0888888888888888,0.0888888888888888,0.0,0.7777777777777778,68.33333333333333,14.666666666666666,33.13333333333333,21.693333333333335,1014.1,83.66666666666667,18.64444444444445,0.0,4.746666666666666,10.267,105.1034,11.25,11.69222222222222,2,5,51,64,1970-01-21 11:38:46.906666666,1970-01-21 11:39:28.993333333,Đông,,,
An Giang,Đồng bằng sông Cửu Long,2026-02-02,25.41111111111111,30.82222222222222,20.555555555555557,27.455555555555556,33.077777777777776,22.87777777777778,0.0,0.0,0.0,0.0,68.44444444444444,15.166666666666666,33.400000000000006,22.584444444444443,1014.2,71.33333333333333,18.5,0.0,5.083333333333333,10.267,105.1034,11.302222222222222,11.698888888888888,2,6,3,86,1970-01-21 11:40:13.300000000,1970-01-21 11:40:55.433333333,Đông,,,
An Giang,Đồng bằng sông Cửu Long,2026-02-03,26.27777777777778,30.966666666666665,22.477777777777774,29.311111111111114,34.41111111111111,24.688888888888886,0.2333333333333333,0.2333333333333333,0.0,1.7777777777777777,71.44444444444444,13.622222222222222,29.555555555555557,19.428888888888892,1014.3222222222222,81.11111111111111,20.344444444444445,0.0,4.406666666666666,10.267,105.1034,9.756666666666668,11.707777777777778,2,6,51,56,1970-01-21 11:41:39.700000000,1970-01-21 11:42:21.833333333,Đông,,,
An Giang,Đồng bằng sông Cửu Long,2026-02-04,26.366666666666664,31.033333333333335,22.344444444444445,30.6,35.955555555555556,26.61111111111111,0.4222222222222222,0.4222222222222222,0.0,2.888888888888889,77.0,9.933333333333334,23.066666666666663,20.654444444444444,1013.9111111111112,68.77777777777777,21.655555555555555,0.0,4.381111111111111,10.267,105.1034,11.08222222222222,11.714444444444446,2,6,51,108,1970-01-21 11:43:06.080000000,1970-01-21 11:43:48.253333333,Đông,,,
An Giang,Đồng bằng sông Cửu Long,2026-02-05,26.166666666666668,30.85555555555555,22.288888888888888,30.444444444444443,36.422222222222224,25.87777777777778,1.4555555555555555,1.4555555555555555,0.0,3.7777777777777777,78.66666666666667,11.244444444444444,24.811111111111114,20.404444444444444,1013.3777777777776,66.11111111111111,21.9,0.0,4.225555555555555,10.267,105.1034,11.17111111111111,11.72222222222222,2,6,51,130,1970-01-21 11:44:32.473333333,1970-01-21 11:45:14.693333333,Đông,,,
An Giang,Đồng bằng sông Cửu Long,2026-02-06,25.944444444444443,30.377777777777776,22.85555555555555,30.444444444444443,35.94444444444444,27.211111111111112,1.6111111111111112,1.6111111111111112,0.0,6.0,83.11111111111111,11.711111111111112,26.155555555555555,18.927777777777777,1012.6555555555556,82.22222222222223,22.655555555555555,0.0,3.901111111111111,10.267,105.1034,10.615555555555554,11.72888888888889,2,6,53,181,1970-01-21 11:45:58.873333333,1970-01-21 11:46:41.093333333,Đông,,,
An Giang,Đồng bằng sông Cửu Long,2026-02-07,26.455555555555556,30.32222222222222,23.033333333333335,30.84444444444445,35.71111111111111,27.233333333333334,0.2888888888888889,0.2888888888888889,0.0,1.3333333333333333,80.22222222222223,11.866666666666667,24.077777777777776,19.52,1011.8444444444444,74.33333333333333,22.544444444444444,0.0,4.077777777777778,10.267,105.1034,10.597777777777775,11.738888888888887,2,6,3,130,1970-01-21 11:47:25.260000000,1970-01-21 11:48:07.506666666,Đông,,,
An Giang,Đồng bằng sông Cửu Long,2026-02-08,26.11111111111111,30.17777777777778,22.72222222222222,29.32222222222222,34.02222222222222,25.733333333333334,0.3111111111111111,0.3111111111111111,0.0,1.8888888888888888,76.0,15.166666666666666,30.922222222222224,19.86888888888889,1012.3888888888888,43.333333333333336,21.244444444444444,0.0,4.3133333333333335,10.267,105.1034,10.668888888888889,11.747777777777776,2,6,51,117,1970-01-21 11:48:51.640000000,1970-01-21 11:49:33.933333333,Đông,,,
An Giang,Đồng bằng sông Cửu Long,2026-02-09,25.966666666666665,31.11111111111111,21.11111111111111,29.34444444444445,35.54444444444445,24.533333333333335,0.0,0.0,0.0,0.0,72.22222222222223,12.18888888888889,26.41111111111111,23.36777777777778,1011.7888888888888,61.55555555555556,20.01111111111111,0.0,4.891111111111112,10.267,105.1034,11.34,11.753333333333334,2,7,3,8,1970-01-21 11:50:18.040000000,1970-01-21 11:51:00.353333333,Đông,,,
An Giang,Đồng bằng sông Cửu Long,2026-02-10,26.522222222222226,31.255555555555556,21.677777777777777,30.77777777777778,36.47777777777778,25.61111111111111,0.1555555555555555,0.1555555555555555,0.0,1.1111111111111112,75.88888888888889,10.844444444444443,21.444444444444443,21.525555555555556,1012.2999999999998,43.333333333333336,21.48888888888889,0.0,4.537777777777778,10.267,105.1034,10.97888888888889,11.762222222222222,2,7,51,105,1970-01-21 11:51:44.413333333,1970-01-21 11:52:26.760000000,Đông,,,
An Giang,Đồng bằng sông Cửu Long,2026-02-11,25.98888888888889,29.733333333333334,24.033333333333335,29.91111111111111,34.3,27.544444444444444,4.666666666666667,4.666666666666667,0.0,4.888888888888889,81.66666666666667,15.577777777777776,35.67777777777778,14.687777777777775,1013.7111111111112,81.77777777777777,22.544444444444444,0.0,3.218888888888889,10.267,105.1034,6.736666666666667,11.768888888888888,2,7,55,100,1970-01-21 11:53:10.813333333,1970-01-21 11:53:53.173333333,Đông,,,
An Giang,Đồng bằng sông Cửu Long,2026-02-12,26.566666666666663,30.988888888888887,23.1,31.077777777777776,36.34444444444445,27.211111111111112,2.0999999999999996,2.0999999999999996,0.0,3.888888888888889,80.66666666666667,12.822222222222225,29.122222222222224,20.508888888888887,1012.5222222222224,86.77777777777777,22.733333333333334,0.0,4.29,10.267,105.1034,11.096666666666668,11.77777777777778,2,7,51,106,1970-01-21 11:54:37.200000000,1970-01-21 11:55:19.606666666,Đông,,,
An Giang,Đồng bằng sông Cửu Long,2026-02-13,27.066666666666663,31.744444444444444,22.666666666666668,30.91111111111111,36.74444444444444,26.444444444444443,0.5777777777777778,0.5777777777777778,0.0,1.3333333333333333,73.33333333333333,12.711111111111112,25.12222222222222,20.103333333333335,1011.0666666666668,91.66666666666669,21.566666666666663,0.0,4.476666666666667,10.267,105.1034,11.011111111111113,11.787777777777777,2,7,51,108,1970-01-21 11:56:03.580000000,1970-01-21 11:56:46.013333333,Đông,,,
An Giang,Đồng bằng sông Cửu Long,2026-02-14,26.27777777777778,31.922222222222224,22.833333333333332,30.84444444444445,37.27777777777778,26.62222222222222,4.955555555555556,4.955555555555556,0.0,4.444444444444445,80.22222222222223,12.577777777777778,30.58888888888889,19.95777777777778,1010.7555555555556,85.22222222222223,22.322222222222223,0.0,4.153333333333333,10.267,105.1034,10.481111111111112,11.793333333333331,2,7,61,168,1970-01-21 11:57:29.953333333,1970-01-21 11:58:12.413333333,Đông,,,
An Giang,Đồng bằng sông Cửu Long,2026-02-15,26.555555555555557,31.011111111111113,22.9,30.833333333333332,36.733333333333334,26.98888888888889,2.711111111111111,2.711111111111111,0.0,1.8888888888888888,79.11111111111111,12.866666666666667,28.922222222222224,17.992222222222225,1010.1777777777778,77.44444444444444,22.366666666666667,0.0,3.901111111111111,10.267,105.1034,8.663333333333334,11.803333333333336,2,7,51,104,1970-01-21 11:58:56.340000000,1970-01-21 11:59:38.826666666,Đông,,,
An Giang,Đồng bằng sông Cửu Long,2026-02-16,27.766666666666666,32.5,23.62222222222222,30.766666666666666,35.8,27.211111111111112,0.0,0.0,0.0,0.0,67.11111111111111,16.133333333333333,33.888888888888886,22.787777777777777,1009.3888888888888,61.0,20.744444444444444,0.0,5.466666666666667,10.267,105.1034,11.212222222222222,11.813333333333334,2,8,3,99,1970-01-21 12:00:22.720000000,1970-01-21 12:01:05.246666666,Đông,,,
An Giang,Đồng bằng sông Cửu Long,2026-02-17,27.700000000000003,32.51111111111111,23.955555555555556,29.93333333333333,35.05555555555556,26.833333333333332,0.0,0.0,0.0,0.0,64.66666666666667,19.733333333333334,39.98888888888889,22.97888888888889,1009.9666666666668,92.11111111111111,20.022222222222226,0.0,5.812222222222222,10.267,105.1034,11.313333333333333,11.821111111111112,2,8,3,103,1970-01-21 12:01:49.093333333,1970-01-21 12:02:31.673333333,Đông,,,
An Giang,Đồng bằng sông Cửu Long,2026-02-18,27.766666666666666,32.58888888888889,23.38888888888889,29.93333333333333,35.48888888888889,25.344444444444445,0.0,0.0,0.0,0.0,62.666666666666664,18.11111111111111,36.900000000000006,22.572222222222223,1011.0111111111112,91.0,19.688888888888886,0.0,5.815555555555556,10.267,105.1034,11.237777777777778,11.831111111111111,2,8,3,95,1970-01-21 12:03:15.480000000,1970-01-21 12:03:58.073333333,Đông,,,
An Giang,Đồng bằng sông Cửu Long,2026-02-19,27.755555555555556,32.233333333333334,23.333333333333332,31.266666666666666,37.34444444444445,26.822222222222223,0.0333333333333333,0.0333333333333333,0.0,0.1111111111111111,68.55555555555556,14.255555555555556,29.188888888888886,23.322222222222223,1012.3888888888888,69.88888888888889,21.11111111111111,0.0,5.405555555555556,10.267,105.1034,11.328888888888889,11.837777777777776,2,8,3,85,1970-01-21 12:04:41.860000000,1970-01-21 12:05:24.473333333,Đông,,,
An Giang,Đồng bằng sông Cửu Long,2026-02-20,27.522222222222226,32.08888888888889,23.133333333333333,31.133333333333333,36.75555555555556,26.866666666666667,0.1111111111111111,0.1111111111111111,0.0,0.8888888888888888,68.66666666666667,13.144444444444444,26.58888888888889,23.005555555555556,1012.5,34.333333333333336,20.944444444444443,0.0,5.142222222222222,10.267,105.1034,11.33222222222222,11.846666666666668,2,8,3,58,1970-01-21 12:06:08.233333333,1970-01-21 12:06:50.886666666,Đông,,,
An Giang,Đồng bằng sông Cửu Long,2026-02-21,26.955555555555556,31.877777777777776,22.4,31.022222222222226,37.644444444444446,25.977777777777774,0.0777777777777777,0.0777777777777777,0.0,0.7777777777777778,73.0,11.411111111111111,23.14444444444445,22.655555555555555,1009.9333333333332,24.22222222222222,21.38888888888889,0.0,4.851111111111111,10.267,105.1034,11.44,11.856666666666666,2,8,3,200,1970-01-21 12:07:34.620000000,1970-01-21 12:08:17.286666666,Đông,,,
An Giang,Đồng bằng sông Cửu Long,2026-02-22,26.944444444444443,31.35555555555555,22.955555555555556,31.299999999999997,37.04444444444445,26.700000000000003,0.4333333333333333,0.4333333333333333,0.0,2.5555555555555554,76.33333333333333,12.144444444444444,23.844444444444445,20.733333333333334,1008.4333333333332,43.333333333333336,22.166666666666668,0.0,4.423333333333334,10.267,105.1034,10.92,11.866666666666667,2,8,51,161,1970-01-21 12:09:01.000000000,1970-01-21 12:09:43.706666666,Đông,,,
An Giang,Đồng bằng sông Cửu Long,2026-02-23,27.27777777777778,31.61111111111111,23.6,31.61111111111111,36.72222222222222,28.133333333333333,0.4333333333333333,0.4333333333333333,0.0,3.7777777777777777,76.66666666666667,12.7,26.444444444444443,21.54222222222222,1008.7666666666668,60.333333333333336,22.477777777777774,0.0,4.677777777777778,10.267,105.1034,11.174444444444443,11.873333333333331,2,9,51,146,1970-01-21 12:10:27.366666666,1970-01-21 12:11:10.126666666,Đông,,,
An Giang,Đồng bằng sông Cửu Long,2026-02-24,27.177777777777777,31.71111111111111,22.77777777777778,30.877777777777776,35.98888888888889,26.844444444444445,0.0,0.0,0.0,0.0,72.44444444444444,13.4,28.72222222222222,21.02777777777778,1009.4777777777776,76.44444444444444,21.37777777777778,0.0,4.674444444444444,10.267,105.1034,11.338888888888889,11.883333333333333,2,9,3,119,1970-01-21 12:11:53.740000000,1970-01-21 12:12:36.533333333,Đông,,,
An Giang,Đồng bằng sông Cửu Long,2026-02-25,27.366666666666667,31.78888888888889,23.35555555555555,31.244444444444444,36.36666666666667,27.811111111111114,0.0111111111111111,0.0111111111111111,0.0,0.1111111111111111,73.66666666666667,13.288888888888888,29.033333333333335,21.432222222222222,1009.7111111111112,87.44444444444444,21.922222222222224,0.0,4.803333333333334,10.267,105.1034,10.581111111111111,11.893333333333334,2,9,3,110,1970-01-21 12:13:20.113333333,1970-01-21 12:14:02.933333333,Đông,,,
An Giang,Đồng bằng sông Cửu Long,2026-02-26,26.077777777777776,30.244444444444444,24.08888888888889,30.21111111111111,35.01111111111111,27.58888888888889,7.7666666666666675,7.7666666666666675,0.0,6.888888888888889,82.44444444444444,15.544444444444444,32.84444444444445,14.935555555555554,1008.7888888888888,92.0,22.711111111111112,0.0,3.238888888888889,10.267,105.1034,7.706666666666667,11.902222222222225,2,9,63,106,1970-01-21 12:14:46.493333333,1970-01-21 12:15:29.333333333,Đông,,,
An Giang,Đồng bằng sông Cửu Long,2026-02-27,25.4,28.1,23.455555555555556,30.72222222222222,34.25555555555556,28.200000000000003,24.08888888888889,24.08888888888889,0.0,16.444444444444443,91.11111111111111,9.588888888888889,21.62222222222222,12.94,1007.9888888888888,94.77777777777776,23.77777777777778,0.0,2.623333333333333,10.267,105.1034,5.817777777777778,11.912222222222224,2,9,63,45,1970-01-21 12:16:12.860000000,1970-01-21 12:16:55.740000000,Đông,,,
An Giang,Đồng bằng sông Cửu Long,2026-02-28,26.08888888888889,30.755555555555556,22.333333333333332,31.477777777777774,37.97777777777778,26.87777777777778,2.1333333333333333,2.1333333333333333,0.0,5.333333333333333,86.11111111111111,8.555555555555555,19.933333333333337,21.253333333333337,1007.8222222222222,38.44444444444444,23.366666666666664,0.0,4.300000000000001,10.267,105.1034,11.08,11.92111111111111,2,9,51,96,1970-01-21 12:17:39.240000000,1970-01-21 12:18:22.146666666,Đông,,,
An Giang,Đồng bằng sông Cửu Long,2026-03-01,26.577777777777776,31.11111111111111,23.655555555555555,32.422222222222224,39.400000000000006,28.54444444444444,6.011111111111111,6.011111111111111,0.0,6.222222222222222,88.0,10.6,25.6,20.197777777777777,1008.1444444444446,30.88888888888889,24.333333333333332,0.0,4.057777777777777,10.267,105.1034,11.076666666666666,11.93,3,9,63,139,1970-01-21 12:19:05.613333333,1970-01-21 12:19:48.546666666,Xuân,,,
An Giang,Đồng bằng sông Cửu Long,2026-03-02,27.48888888888889,31.877777777777776,24.4,33.48888888888889,39.666666666666664,29.65555555555555,1.5666666666666669,1.5666666666666669,0.0,4.222222222222222,85.77777777777777,9.577777777777778,22.12222222222222,21.448888888888888,1009.1555555555556,39.0,24.733333333333334,0.0,4.421111111111111,10.267,105.1034,11.318888888888887,11.938888888888888,3,10,53,154,1970-01-21 12:20:31.980000000,1970-01-21 12:21:14.953333333,Xuân,,,
An Giang,Đồng bằng sông Cửu Long,2026-03-03,27.688888888888886,31.61111111111111,24.533333333333335,33.51111111111111,39.166666666666664,29.43333333333333,1.1555555555555557,1.1555555555555557,0.0,4.888888888888889,84.33333333333333,10.377777777777776,22.27777777777778,20.982222222222223,1009.5444444444444,69.33333333333333,24.677777777777777,0.0,4.352222222222222,10.267,105.1034,11.525555555555556,11.948888888888888,3,10,51,177,1970-01-21 12:21:58.360000000,1970-01-21 12:22:41.366666666,Xuân,,,
An Giang,Đồng bằng sông Cửu Long,2026-03-04,27.544444444444444,32.05555555555556,24.51111111111111,33.12222222222222,39.355555555555554,29.555555555555557,3.2333333333333334,3.2333333333333334,0.0,9.666666666666666,83.22222222222223,11.466666666666669,25.966666666666665,22.391111111111112,1009.8,31.555555555555557,24.200000000000003,0.0,4.677777777777778,10.267,105.1034,11.355555555555556,11.956666666666669,3,10,53,158,1970-01-21 12:23:24.720000000,1970-01-21 12:24:07.780000000,Xuân,,,
An Giang,Đồng bằng sông Cửu Long,2026-03-05,26.87777777777778,31.466666666666665,23.62222222222222,31.67777777777778,37.17777777777778,28.14444444444445,1.2555555555555555,1.2555555555555555,0.0,3.3333333333333335,81.0,12.488888888888887,26.811111111111114,22.444444444444443,1009.7222222222222,57.666666666666664,22.98888888888889,0.0,4.693333333333333,10.267,105.1034,11.317777777777778,11.966666666666669,3,10,51,112,1970-01-21 12:24:51.100000000,1970-01-21 12:25:34.186666666,Xuân,,,
An Giang,Đồng bằng sông Cửu Long,2026-03-06,25.288888888888888,29.333333333333332,22.933333333333337,29.95555555555556,35.36666666666667,26.844444444444445,5.344444444444445,5.344444444444445,0.0,11.0,87.44444444444444,12.977777777777778,32.63333333333333,18.65222222222222,1010.922222222222,47.333333333333336,22.944444444444443,0.0,3.631111111111111,10.267,105.1034,10.568888888888887,11.976666666666668,3,10,61,9,1970-01-21 12:26:17.460000000,1970-01-21 12:27:00.586666666,Xuân,,,
An Giang,Đồng bằng sông Cửu Long,2026-03-07,25.799999999999997,31.11111111111111,21.822222222222223,30.58888888888889,37.3,26.01111111111111,2.4555555555555557,2.4555555555555557,0.0,6.111111111111111,84.0,10.9,26.055555555555557,22.40111111111111,1011.3444444444444,36.77777777777778,22.6,0.0,4.567777777777778,10.267,105.1034,11.39,11.983333333333334,3,10,55,73,1970-01-21 12:27:43.840000000,1970-01-21 12:28:26.986666666,Xuân,,,
An Giang,Đồng bằng sông Cửu Long,2026-03-08,26.788888888888888,31.533333333333335,22.6,30.688888888888886,35.97777777777778,26.255555555555556,0.1111111111111111,0.1111111111111111,0.0,1.1111111111111112,75.22222222222223,12.68888888888889,27.200000000000003,23.385555555555555,1011.188888888889,14.22222222222222,21.666666666666668,0.0,4.987777777777778,10.267,105.1034,11.763333333333334,11.993333333333332,3,10,51,86,1970-01-21 12:29:10.200000000,1970-01-21 12:29:53.393333333,Xuân,,,
An Giang,Đồng bằng sông Cửu Long,2026-03-09,26.544444444444444,30.91111111111111,22.38888888888889,30.78888888888889,35.91111111111111,26.788888888888888,0.8999999999999999,0.8999999999999999,0.0,4.666666666666667,79.55555555555556,14.266666666666667,32.599999999999994,22.878888888888888,1011.8,15.666666666666666,22.41111111111111,0.0,4.793333333333333,10.267,105.1034,11.774444444444445,12.003333333333334,3,11,51,95,1970-01-21 12:30:36.580000000,1970-01-21 12:31:19.793333333,Xuân,,,
An Giang,Đồng bằng sông Cửu Long,2026-03-10,26.72222222222222,31.666666666666668,23.022222222222226,31.38888888888889,37.388888888888886,27.255555555555556,4.855555555555556,4.855555555555556,0.0,5.444444444444445,80.77777777777777,12.533333333333331,30.688888888888886,22.790000000000003,1012.4555555555556,26.22222222222222,22.788888888888888,0.0,4.782222222222222,10.267,105.1034,11.708888888888888,12.012222222222222,3,11,63,66,1970-01-21 12:32:02.940000000,1970-01-21 12:32:46.193333333,Xuân,,,
An Giang,Đồng bằng sông Cửu Long,2026-03-11,27.033333333333335,31.56666666666667,23.033333333333335,31.299999999999997,36.5,27.211111111111112,0.9222222222222224,0.9222222222222224,0.0,3.6666666666666665,75.77777777777777,13.055555555555555,28.71111111111111,23.218888888888888,1011.5333333333332,49.22222222222222,21.944444444444443,0.0,4.921111111111111,10.267,105.1034,11.696666666666664,12.02111111111111,3,11,51,59,1970-01-21 12:33:29.306666666,1970-01-21 12:34:12.593333333,Xuân,,,
An Giang,Đồng bằng sông Cửu Long,2026-03-12,26.866666666666667,31.311111111111114,23.211111111111112,30.488888888888887,35.73333333333333,26.577777777777776,1.5666666666666669,1.5666666666666669,0.0,4.777777777777778,74.44444444444444,15.044444444444444,31.93333333333333,22.14777777777778,1010.7888888888888,37.666666666666664,21.6,0.0,4.9366666666666665,10.267,105.1034,11.323333333333332,12.03,3,11,51,105,1970-01-21 12:34:55.673333333,1970-01-21 12:35:38.993333333,Xuân,,,
An Giang,Đồng bằng sông Cửu Long,2026-03-13,25.8,30.9,22.955555555555556,29.200000000000003,35.15555555555555,25.677777777777777,5.7555555555555555,5.7555555555555555,0.0,5.0,77.55555555555556,17.91111111111111,38.12222222222223,20.114444444444445,1011.5222222222224,49.333333333333336,21.333333333333332,0.0,4.423333333333334,10.267,105.1034,9.763333333333334,12.04,3,11,63,87,1970-01-21 12:36:22.040000000,1970-01-21 12:37:05.393333333,Xuân,,,
An Giang,Đồng bằng sông Cửu Long,2026-03-14,26.844444444444445,31.32222222222222,23.35555555555555,30.966666666666665,36.766666666666666,27.58888888888889,0.8222222222222223,0.8222222222222223,0.0,4.0,75.22222222222223,13.455555555555556,26.433333333333337,22.54222222222222,1012.3888888888888,43.22222222222222,21.733333333333334,0.0,4.915555555555555,10.267,105.1034,10.89111111111111,12.05,3,11,51,91,1970-01-21 12:37:48.406666666,1970-01-21 12:38:31.793333333,Xuân,,,
An Giang,Đồng bằng sông Cửu Long,2026-03-15,26.77777777777778,31.633333333333333,22.466666666666665,30.755555555555556,36.8,26.433333333333337,1.3111111111111111,1.3111111111111111,0.0,5.666666666666667,75.88888888888889,14.17777777777778,27.6,22.623333333333335,1012.8777777777776,34.22222222222222,21.788888888888888,0.0,4.937777777777778,10.267,105.1034,11.803333333333336,12.06,3,11,53,79,1970-01-21 12:39:14.760000000,1970-01-21 12:39:58.193333333,Xuân,,,
An Giang,Đồng bằng sông Cửu Long,2026-03-16,27.200000000000003,31.45555555555556,23.6,29.91111111111111,34.98888888888889,25.944444444444443,0.8,0.8,0.0,3.111111111111111,69.0,17.177777777777777,36.233333333333334,23.14888888888889,1011.5555555555557,15.22222222222222,20.733333333333334,0.0,5.466666666666667,10.267,105.1034,11.84,12.07,3,12,51,103,1970-01-21 12:40:41.140000000,1970-01-21 12:41:24.593333333,Xuân,,,
An Giang,Đồng bằng sông Cửu Long,2026-03-17,27.35555555555555,31.6,23.311111111111114,30.21111111111111,35.41111111111111,26.211111111111112,0.3,0.3,0.0,2.7777777777777777,69.22222222222223,17.933333333333334,37.31111111111111,23.20888888888889,1011.5,55.666666666666664,20.844444444444445,0.0,5.394444444444444,10.267,105.1034,11.85,12.08,3,12,51,116,1970-01-21 12:42:07.500000000,1970-01-21 12:42:50.993333333,Xuân,,,
An Giang,Đồng bằng sông Cửu Long,2026-03-18,27.422222222222224,32.03333333333333,23.311111111111114,30.833333333333332,36.37777777777777,26.68888888888889,0.1333333333333333,0.1333333333333333,0.0,1.2222222222222223,70.77777777777777,15.055555555555555,31.5,23.607777777777777,1011.8777777777776,30.444444444444443,21.166666666666668,0.0,5.29,10.267,105.1034,11.86,12.09,3,12,3,118,1970-01-21 12:43:33.866666666,1970-01-21 12:44:17.393333333,Xuân,,,
An Giang,Đồng bằng sông Cửu Long,2026-03-19,27.044444444444444,31.67777777777778,22.744444444444444,30.688888888888886,35.855555555555554,26.61111111111111,0.5555555555555556,0.5555555555555556,0.0,2.7777777777777777,73.44444444444444,13.933333333333334,30.4,23.153333333333332,1011.6111111111112,40.0,21.4,0.0,5.105555555555556,10.267,105.1034,11.868888888888888,12.1,3,12,51,113,1970-01-21 12:45:00.233333333,1970-01-21 12:45:43.793333333,Xuân,,,
An Giang,Đồng bằng sông Cửu Long,2026-03-20,27.133333333333336,31.988888888888887,22.38888888888889,31.077777777777776,36.922222222222224,26.41111111111111,0.2888888888888889,0.2888888888888889,0.0,2.2222222222222223,74.11111111111111,13.72222222222222,30.233333333333334,23.534444444444446,1011.6222222222224,55.111111111111114,21.633333333333333,0.0,5.122222222222223,10.267,105.1034,11.878888888888888,12.11,3,12,51,135,1970-01-21 12:46:26.593333333,1970-01-21 12:47:10.193333333,Xuân,,,
An Giang,Đồng bằng sông Cửu Long,2026-03-21,27.5,32.22222222222222,22.87777777777778,31.011111111111113,36.52222222222222,27.12222222222222,0.2333333333333333,0.2333333333333333,0.0,1.8888888888888888,71.33333333333333,14.266666666666667,30.38888888888889,23.058888888888887,1011.7,36.888888888888886,21.477777777777774,0.0,5.328888888888889,10.267,105.1034,11.846666666666668,12.12,3,12,51,105,1970-01-21 12:47:52.966666666,1970-01-21 12:48:36.593333333,Xuân,,,
An Giang,Đồng bằng sông Cửu Long,2026-03-22,27.733333333333334,32.75555555555556,23.12222222222222,30.744444444444444,36.400000000000006,27.41111111111111,0.0111111111111111,0.0111111111111111,0.0,0.1111111111111111,68.88888888888889,15.988888888888887,33.78888888888889,22.607777777777777,1011.2111111111112,14.666666666666666,20.933333333333337,0.0,5.463333333333334,10.267,105.1034,11.898888888888887,12.13,3,12,2,110,1970-01-21 12:49:19.320000000,1970-01-21 12:50:02.993333333,Xuân,,,
An Giang,Đồng bằng sông Cửu Long,2026-03-23,27.711111111111112,32.75555555555556,22.866666666666667,31.366666666666667,37.333333333333336,27.266666666666666,0.1333333333333333,0.1333333333333333,0.0,1.3333333333333333,70.88888888888889,13.677777777777775,28.91111111111111,23.24,1010.8222222222222,24.555555555555557,21.38888888888889,0.0,5.35,10.267,105.1034,11.906666666666666,12.14,3,13,51,102,1970-01-21 12:50:45.706666666,1970-01-21 12:51:29.393333333,Xuân,,,
An Giang,Đồng bằng sông Cửu Long,2026-03-24,27.677777777777777,32.93333333333333,22.87777777777778,31.244444444444444,37.2,27.1,0.0111111111111111,0.0111111111111111,0.0,0.1111111111111111,71.11111111111111,14.455555555555556,30.35555555555555,23.903333333333332,1009.8222222222222,16.22222222222222,21.311111111111114,0.0,5.453333333333333,10.267,105.1034,11.916666666666666,12.15,3,13,2,120,1970-01-21 12:52:12.060000000,1970-01-21 12:52:55.793333333,Xuân,,,
An Giang,Đồng bằng sông Cửu Long,2026-03-25,27.91111111111111,33.41111111111111,22.822222222222223,31.444444444444443,37.3,27.044444444444444,0.0,0.0,0.0,0.0,69.0,14.211111111111112,29.9,25.301111111111112,1009.8888888888888,20.22222222222222,20.866666666666667,0.0,5.834444444444444,10.267,105.1034,11.926666666666668,12.16,3,13,3,104,1970-01-21 12:53:38.426666666,1970-01-21 12:54:22.193333333,Xuân,,,
An Giang,Đồng bằng sông Cửu Long,2026-03-26,27.844444444444445,32.888888888888886,22.977777777777774,31.266666666666666,36.95555555555555,27.200000000000003,0.0444444444444444,0.0444444444444444,0.0,0.4444444444444444,69.33333333333333,14.544444444444444,31.04444444444444,23.047777777777775,1009.8777777777776,32.77777777777778,21.12222222222222,0.0,5.376666666666667,10.267,105.1034,11.936666666666666,12.16777777777778,3,13,3,108,1970-01-21 12:55:04.793333333,1970-01-21 12:55:48.593333333,Xuân,,,
An Giang,Đồng bằng sông Cửu Long,2026-03-27,27.77777777777778,32.87777777777777,23.255555555555556,30.811111111111114,36.47777777777778,27.14444444444445,0.0,0.0,0.0,0.0,67.22222222222223,13.511111111111113,28.811111111111114,22.52777777777778,1009.6666666666666,22.77777777777778,20.466666666666665,0.0,5.346666666666667,10.267,105.1034,11.75111111111111,12.176666666666668,3,13,3,119,1970-01-21 12:56:31.153333333,1970-01-21 12:57:14.993333333,Xuân,,,
An Giang,Đồng bằng sông Cửu Long,2026-03-28,27.51111111111111,33.47777777777778,22.14444444444445,30.944444444444443,36.922222222222224,26.211111111111112,0.1222222222222222,0.1222222222222222,0.0,0.6666666666666666,70.77777777777777,15.8,32.855555555555554,23.567777777777778,1009.0333333333332,32.55555555555556,21.033333333333335,0.0,5.5,10.267,105.1034,11.955555555555556,12.186666666666666,3,13,3,125,1970-01-21 12:57:57.526666666,1970-01-21 12:58:41.393333333,Xuân,,,
An Giang,Đồng bằng sông Cửu Long,2026-03-29,28.1,33.58888888888889,22.91111111111111,32.12222222222223,37.93333333333334,26.755555555555556,0.0555555555555555,0.0555555555555555,0.0,0.5555555555555556,72.33333333333333,14.788888888888888,33.08888888888889,23.77111111111111,1009.4555555555556,35.333333333333336,22.055555555555557,0.0,5.461111111111111,10.267,105.1034,11.965555555555556,12.193333333333332,3,13,3,136,1970-01-21 12:59:23.880000000,1970-01-21 13:00:07.786666666,Xuân,,,
An Giang,Đồng bằng sông Cửu Long,2026-03-30,28.244444444444444,32.766666666666666,23.822222222222223,32.51111111111111,38.21111111111111,28.433333333333337,0.5111111111111111,0.5111111111111111,0.0,3.7777777777777777,71.66666666666667,11.966666666666669,25.08888888888889,23.102222222222224,1010.1444444444446,30.666666666666668,22.11111111111111,0.0,5.2444444444444445,10.267,105.1034,10.915555555555557,12.203333333333331,3,14,51,133,1970-01-21 13:00:50.253333333,1970-01-21 13:01:34.186666666,Xuân,,,
An Giang,Đồng bằng sông Cửu Long,2026-03-31,28.56666666666667,33.62222222222223,24.344444444444445,33.13333333333333,39.166666666666664,29.38888888888889,0.0888888888888888,0.0888888888888888,0.0,0.5555555555555556,71.66666666666667,12.27777777777778,24.366666666666667,24.176666666666662,1010.4666666666668,47.111111111111114,22.299999999999997,0.0,5.387777777777778,10.267,105.1034,11.576666666666666,12.213333333333331,3,14,3,140,1970-01-21 13:02:16.613333333,1970-01-21 13:03:00.586666666,Xuân,,,
An Giang,Đồng bằng sông Cửu Long,2026-04-01,28.78888888888889,34.13333333333333,23.755555555555556,33.15555555555555,39.599999999999994,28.6,0.0333333333333333,0.0333333333333333,0.0,0.3333333333333333,70.44444444444444,12.166666666666666,25.48888888888889,24.371111111111112,1010.0444444444444,13.22222222222222,22.211111111111112,0.0,5.6066666666666665,10.267,105.1034,11.991111111111111,12.223333333333334,4,14,2,131,1970-01-21 13:03:42.973333333,1970-01-21 13:04:26.986666666,Xuân,,,
An Giang,Đồng bằng sông Cửu Long,2026-04-02,28.65555555555555,33.888888888888886,23.522222222222226,31.944444444444443,38.21111111111111,27.88888888888889,0.0,0.0,0.0,0.0,65.33333333333333,14.811111111111112,32.2,24.516666666666666,1010.7555555555556,7.444444444444445,20.811111111111114,0.0,6.006666666666667,10.267,105.1034,11.997777777777776,12.231111111111112,4,14,1,117,1970-01-21 13:05:09.353333333,1970-01-21 13:05:53.380000000,Xuân,,,
An Giang,Đồng bằng sông Cửu Long,2026-04-03,28.37777777777778,33.52222222222222,23.64444444444445,31.966666666666665,37.91111111111111,27.755555555555556,0.0,0.0,0.0,0.0,67.88888888888889,12.988888888888887,28.67777777777778,23.790000000000003,1010.1,25.333333333333332,21.22222222222222,0.0,5.557777777777777,10.267,105.1034,12.0,12.241111111111111,4,14,3,133,1970-01-21 13:06:35.700000000,1970-01-21 13:07:19.780000000,Xuân,,,
An Giang,Đồng bằng sông Cửu Long,2026-04-04,28.11111111111111,33.644444444444446,22.311111111111114,32.06666666666667,38.833333333333336,26.233333333333334,0.0,0.0,0.0,0.0,68.44444444444444,12.955555555555556,27.922222222222224,25.71777777777778,1008.7,68.55555555555556,21.12222222222222,0.0,5.785555555555556,10.267,105.1034,12.0,12.251111111111111,4,14,3,162,1970-01-21 13:08:02.086666666,1970-01-21 13:08:46.180000000,Xuân,,,
An Giang,Đồng bằng sông Cửu Long,2026-04-05,28.877777777777776,34.03333333333333,24.455555555555556,33.0,39.46666666666667,28.755555555555556,0.0,0.0,0.0,0.0,69.33333333333333,14.788888888888888,31.755555555555556,25.141111111111112,1008.1555555555556,20.77777777777778,22.22222222222222,0.0,5.922222222222222,10.267,105.1034,12.0,12.26,4,14,3,204,1970-01-21 13:09:28.433333333,1970-01-21 13:10:12.580000000,Xuân,,,
An Giang,Đồng bằng sông Cửu Long,2026-04-06,28.72222222222222,34.077777777777776,23.977777777777774,32.544444444444444,38.644444444444446,28.14444444444445,0.0,0.0,0.0,0.0,69.0,14.666666666666666,31.466666666666665,26.37444444444445,1009.5444444444444,3.0,21.755555555555556,0.0,6.164444444444444,10.267,105.1034,12.0,12.27,4,15,0,194,1970-01-21 13:10:54.793333333,1970-01-21 13:11:38.980000000,Xuân,,,
An Giang,Đồng bằng sông Cửu Long,2026-04-07,29.04444444444444,34.044444444444444,24.366666666666667,33.43333333333333,38.47777777777778,29.077777777777776,0.0,0.0,0.0,0.0,71.88888888888889,14.355555555555554,33.233333333333334,24.94555555555555,1010.1111111111112,41.666666666666664,22.85555555555556,0.0,5.804444444444445,10.267,105.1034,12.0,12.28,4,15,3,221,1970-01-21 13:12:21.173333333,1970-01-21 13:13:05.380000000,Xuân,,,
An Giang,Đồng bằng sông Cửu Long,2026-04-08,29.93333333333333,35.266666666666666,25.27777777777778,34.48888888888889,40.166666666666664,30.700000000000003,0.0444444444444444,0.0444444444444444,0.0,0.3333333333333333,68.88888888888889,12.455555555555556,27.87777777777778,24.718888888888888,1009.8777777777776,40.888888888888886,22.633333333333333,0.0,5.851111111111111,10.267,105.1034,12.0,12.288888888888888,4,15,3,199,1970-01-21 13:13:47.526666666,1970-01-21 13:14:31.780000000,Xuân,,,
An Giang,Đồng bằng sông Cửu Long,2026-04-09,29.22222222222222,34.41111111111111,24.811111111111114,33.48888888888889,39.2,30.077777777777776,0.0222222222222222,0.0222222222222222,0.0,0.2222222222222222,69.88888888888889,15.488888888888887,31.244444444444444,24.54111111111111,1010.8,17.88888888888889,22.4,0.0,5.832222222222222,10.267,105.1034,11.522222222222222,12.297777777777778,4,15,3,167,1970-01-21 13:15:13.913333333,1970-01-21 13:15:58.180000000,Xuân,,,
An Giang,Đồng bằng sông Cửu Long,2026-04-10,29.666666666666668,35.266666666666666,24.58888888888889,33.91111111111111,40.17777777777778,29.200000000000003,0.0,0.0,0.0,0.0,66.66666666666667,13.333333333333334,28.344444444444445,25.133333333333333,1010.7777777777778,18.666666666666668,22.044444444444444,0.0,5.943333333333333,10.267,105.1034,12.0,12.30777777777778,4,15,3,164,1970-01-21 13:16:40.266666666,1970-01-21 13:17:24.580000000,Xuân,,,
An Giang,Đồng bằng sông Cửu Long,2026-04-11,29.700000000000003,34.41111111111111,25.85555555555555,34.144444444444446,39.53333333333333,30.988888888888887,0.2111111111111111,0.2111111111111111,0.0,1.7777777777777777,70.33333333333333,16.522222222222222,34.48888888888889,23.39444444444445,1009.8444444444444,16.333333333333332,23.299999999999997,0.0,5.692222222222223,10.267,105.1034,12.0,12.316666666666668,4,15,51,213,1970-01-21 13:18:06.646666666,1970-01-21 13:18:50.980000000,Xuân,,,
An Giang,Đồng bằng sông Cửu Long,2026-04-12,29.466666666666665,34.55555555555556,24.58888888888889,33.8,38.95555555555555,29.72222222222222,0.1111111111111111,0.1111111111111111,0.0,0.7777777777777778,70.0,16.155555555555555,34.91111111111111,24.166666666666668,1008.6555555555556,8.666666666666666,22.844444444444445,0.0,5.844444444444445,10.267,105.1034,12.0,12.326666666666666,4,15,1,210,1970-01-21 13:19:33.000000000,1970-01-21 13:20:17.380000000,Xuân,,,
An Giang,Đồng bằng sông Cửu Long,2026-04-13,29.56666666666667,34.733333333333334,24.833333333333332,33.68888888888889,39.17777777777778,29.577777777777776,0.0666666666666666,0.0666666666666666,0.0,0.3333333333333333,67.88888888888889,14.488888888888887,32.32222222222222,25.05333333333333,1009.7777777777778,14.22222222222222,22.333333333333332,0.0,6.013333333333333,10.267,105.1034,12.0,12.336666666666666,4,16,2,193,1970-01-21 13:20:59.386666666,1970-01-21 13:21:43.780000000,Xuân,,,
An Giang,Đồng bằng sông Cửu Long,2026-04-14,29.811111111111114,34.73333333333333,25.38888888888889,34.67777777777778,40.388888888888886,30.833333333333332,0.4777777777777777,0.4777777777777777,0.0,1.7777777777777777,69.11111111111111,12.088888888888889,27.6,23.12222222222222,1009.4777777777776,15.555555555555555,23.11111111111111,0.0,5.421111111111111,10.267,105.1034,12.0,12.343333333333334,4,16,51,164,1970-01-21 13:22:25.740000000,1970-01-21 13:23:10.180000000,Xuân,,,
An Giang,Đồng bằng sông Cửu Long,2026-04-15,29.077777777777776,34.388888888888886,25.4,33.87777777777777,39.84444444444445,30.71111111111111,2.5,2.5,0.0,2.7777777777777777,72.55555555555556,14.344444444444443,33.25555555555556,20.471111111111114,1008.6666666666666,47.55555555555556,23.299999999999997,0.0,4.753333333333334,10.267,105.1034,11.77,12.353333333333332,4,16,61,182,1970-01-21 13:23:52.126666666,1970-01-21 13:24:36.580000000,Xuân,,,
An Giang,Đồng bằng sông Cửu Long,2026-04-16,30.14444444444445,35.37777777777777,25.177777777777777,34.544444444444444,40.47777777777778,30.04444444444444,0.0,0.0,0.0,0.0,65.22222222222223,13.344444444444443,27.766666666666666,24.965555555555554,1008.4888888888888,9.444444444444445,22.344444444444445,0.0,6.015555555555555,10.267,105.1034,12.0,12.363333333333332,4,16,1,138,1970-01-21 13:25:18.480000000,1970-01-21 13:26:02.986666666,Xuân,,,
An Giang,Đồng bằng sông Cửu Long,2026-04-17,29.966666666666665,35.455555555555556,25.044444444444444,33.888888888888886,39.644444444444446,29.88888888888889,0.0111111111111111,0.0111111111111111,0.0,0.1111111111111111,63.0,14.766666666666667,31.011111111111113,25.33,1009.1222222222224,18.0,21.4,0.0,6.112222222222222,10.267,105.1034,12.0,12.37,4,16,3,170,1970-01-21 13:26:44.866666666,1970-01-21 13:27:29.386666666,Xuân,,,
An Giang,Đồng bằng sông Cửu Long,2026-04-18,30.14444444444445,35.166666666666664,25.188888888888886,34.333333333333336,39.77777777777778,30.17777777777778,0.1888888888888888,0.1888888888888888,0.0,0.6666666666666666,63.888888888888886,12.2,27.955555555555556,24.593333333333337,1008.8444444444444,38.44444444444444,21.844444444444445,0.0,5.894444444444444,10.267,105.1034,12.0,12.378888888888888,4,16,3,121,1970-01-21 13:28:11.220000000,1970-01-21 13:28:55.800000000,Xuân,,,
An Giang,Đồng bằng sông Cửu Long,2026-04-19,29.755555555555556,34.888888888888886,25.366666666666667,34.333333333333336,39.97777777777778,30.244444444444444,1.0555555555555556,1.0555555555555556,0.0,2.5555555555555554,67.11111111111111,12.055555555555555,28.433333333333337,23.827777777777776,1008.9888888888888,35.44444444444444,22.522222222222226,0.0,5.617777777777778,10.267,105.1034,12.0,12.38888888888889,4,16,51,143,1970-01-21 13:29:37.606666666,1970-01-21 13:30:22.200000000,Xuân,,,
An Giang,Đồng bằng sông Cửu Long,2026-04-20,28.733333333333334,34.21111111111111,24.88888888888889,33.46666666666667,39.62222222222223,29.766666666666666,1.2111111111111112,1.2111111111111112,0.0,3.0,72.11111111111111,13.27777777777778,30.988888888888887,21.92888888888889,1009.3333333333334,61.666666666666664,22.64444444444445,0.0,5.021111111111111,10.267,105.1034,11.72222222222222,12.396666666666668,4,17,53,109,1970-01-21 13:31:03.966666666,1970-01-21 13:31:48.600000000,Xuân,,,
An Giang,Đồng bằng sông Cửu Long,2026-04-21,29.033333333333335,33.77777777777778,24.044444444444444,32.077777777777776,37.52222222222222,26.91111111111111,0.2444444444444444,0.2444444444444444,0.0,1.4444444444444444,61.666666666666664,14.466666666666663,31.633333333333333,23.302222222222223,1008.7111111111112,47.333333333333336,20.51111111111111,0.0,5.828888888888889,10.267,105.1034,12.0,12.406666666666666,4,17,51,122,1970-01-21 13:32:30.353333333,1970-01-21 13:33:15.000000000,Xuân,,,
An Giang,Đồng bằng sông Cửu Long,2026-04-22,29.11111111111111,34.355555555555554,23.98888888888889,32.27777777777778,38.97777777777778,27.211111111111112,0.0,0.0,0.0,0.0,61.22222222222222,13.033333333333331,27.5,24.314444444444447,1008.2555555555556,36.55555555555556,20.366666666666667,0.0,6.018888888888889,10.267,105.1034,11.944444444444445,12.416666666666666,4,17,3,122,1970-01-21 13:33:56.706666666,1970-01-21 13:34:41.406666666,Xuân,,,
An Giang,Đồng bằng sông Cửu Long,2026-04-23,29.022222222222226,34.077777777777776,24.14444444444445,32.922222222222224,39.233333333333334,28.14444444444445,0.0222222222222222,0.0222222222222222,0.0,0.1111111111111111,66.77777777777777,12.855555555555556,27.155555555555555,24.741111111111113,1007.9111111111112,20.666666666666668,21.711111111111112,0.0,5.835555555555556,10.267,105.1034,12.0,12.423333333333334,4,17,3,162,1970-01-21 13:35:23.093333333,1970-01-21 13:36:07.813333333,Xuân,,,
An Giang,Đồng bằng sông Cửu Long,2026-04-24,28.977777777777774,34.15555555555555,23.788888888888888,33.166666666666664,39.15555555555555,28.433333333333337,0.0,0.0,0.0,0.0,67.22222222222223,11.511111111111113,25.12222222222222,25.608888888888888,1008.5222222222224,83.11111111111111,21.577777777777776,0.0,5.8533333333333335,10.267,105.1034,12.0,12.432222222222222,4,17,3,135,1970-01-21 13:36:49.446666666,1970-01-21 13:37:34.213333333,Xuân,,,
An Giang,Đồng bằng sông Cửu Long,2026-04-25,28.533333333333335,34.077777777777776,23.35555555555555,33.01111111111111,39.599999999999994,27.533333333333335,0.8333333333333334,0.8333333333333334,0.0,3.7777777777777777,71.88888888888889,14.844444444444443,35.8,22.49111111111111,1009.9777777777776,62.55555555555556,22.61111111111111,0.0,5.140000000000001,10.267,105.1034,11.925555555555556,12.44111111111111,4,17,51,107,1970-01-21 13:38:15.833333333,1970-01-21 13:39:00.613333333,Xuân,,,
An Giang,Đồng bằng sông Cửu Long,2026-04-26,29.77777777777778,34.81111111111111,25.01111111111111,34.05555555555556,39.48888888888889,30.311111111111114,0.1888888888888889,0.1888888888888889,0.0,0.8888888888888888,66.44444444444444,13.3,29.799999999999997,24.202222222222225,1009.5555555555557,58.22222222222222,22.211111111111112,0.0,5.736666666666667,10.267,105.1034,11.906666666666666,12.45111111111111,4,17,51,104,1970-01-21 13:39:42.200000000,1970-01-21 13:40:27.013333333,Xuân,,,
An Giang,Đồng bằng sông Cửu Long,2026-04-27,30.200000000000003,35.36666666666667,25.366666666666667,34.400000000000006,39.41111111111111,30.61111111111111,0.0222222222222222,0.0222222222222222,0.0,0.2222222222222222,65.33333333333333,12.744444444444444,30.255555555555556,24.903333333333332,1008.6222222222224,54.111111111111114,22.27777777777778,0.0,6.064444444444444,10.267,105.1034,12.0,12.457777777777778,4,18,3,100,1970-01-21 13:41:08.573333333,1970-01-21 13:41:53.420000000,Xuân,,,
An Giang,Đồng bằng sông Cửu Long,2026-04-28,30.299999999999997,35.144444444444446,25.655555555555555,35.077777777777776,39.86666666666667,31.077777777777776,0.5666666666666667,0.5666666666666667,0.0,1.2222222222222223,68.22222222222223,11.61111111111111,26.322222222222223,24.363333333333333,1008.6444444444444,57.55555555555556,23.055555555555557,0.0,5.77,10.267,105.1034,12.0,12.466666666666669,4,18,51,140,1970-01-21 13:42:34.966666666,1970-01-21 13:43:19.840000000,Xuân,,,
An Giang,Đồng bằng sông Cửu Long,2026-04-29,29.688888888888886,35.044444444444444,24.555555555555557,34.46666666666667,40.233333333333334,29.922222222222224,0.0,0.0,0.0,0.0,67.44444444444444,9.3,22.12222222222222,25.466666666666665,1009.311111111111,52.111111111111114,22.200000000000003,0.0,5.745555555555556,10.267,105.1034,12.0,12.476666666666668,4,18,3,125,1970-01-21 13:44:01.326666666,1970-01-21 13:44:46.240000000,Xuân,,,
An Giang,Đồng bằng sông Cửu Long,2026-04-30,30.4,35.0,25.85555555555555,34.58888888888889,40.144444444444446,30.21111111111111,0.4,0.4,0.0,1.7777777777777777,63.55555555555556,13.588888888888889,31.422222222222224,24.16444444444444,1009.6777777777778,54.888888888888886,22.322222222222223,0.0,6.013333333333334,10.267,105.1034,12.0,12.482222222222225,4,18,51,86,1970-01-21 13:45:27.713333333,1970-01-21 13:46:12.640000000,Xuân,,,
An Giang,Đồng bằng sông Cửu Long,2026-05-01,30.45555555555556,35.599999999999994,25.711111111111112,34.37777777777777,39.166666666666664,31.055555555555557,0.0,0.0,0.0,0.0,64.0,16.288888888888888,34.71111111111111,24.30777777777778,1009.4888888888888,67.0,22.166666666666668,0.0,6.247777777777778,10.267,105.1034,11.66777777777778,12.491111111111111,5,18,3,114,1970-01-21 13:46:54.086666666,1970-01-21 13:47:39.060000000,Xuân,,,
An Giang,Đồng bằng sông Cửu Long,2026-05-02,29.43333333333333,34.02222222222222,26.1,34.400000000000006,39.78888888888889,31.43333333333333,2.4222222222222225,2.4222222222222225,0.0,5.111111111111111,72.11111111111111,15.644444444444446,34.84444444444445,22.68111111111111,1009.1333333333334,74.44444444444444,23.6,0.0,5.213333333333334,10.267,105.1034,11.97111111111111,12.497777777777776,5,18,53,114,1970-01-21 13:48:20.460000000,1970-01-21 13:49:05.460000000,Xuân,,,
An Giang,Đồng bằng sông Cửu Long,2026-05-03,28.444444444444443,33.84444444444445,24.799999999999997,34.144444444444446,39.25555555555556,29.77777777777778,8.055555555555555,8.055555555555555,0.0,8.666666666666666,79.55555555555556,14.22222222222222,32.46666666666667,18.628888888888888,1009.1666666666666,98.44444444444444,24.299999999999997,0.0,4.088888888888889,10.267,105.1034,8.238888888888889,12.507777777777775,5,18,63,77,1970-01-21 13:49:46.853333333,1970-01-21 13:50:31.873333333,Xuân,,,
An Giang,Đồng bằng sông Cửu Long,2026-05-04,27.566666666666663,32.48888888888889,25.288888888888888,33.46666666666667,39.84444444444444,30.744444444444444,12.911111111111111,12.911111111111111,0.0,6.111111111111111,85.66666666666667,15.033333333333337,35.34444444444445,18.30444444444445,1010.077777777778,93.33333333333331,24.799999999999997,0.0,3.826666666666666,10.267,105.1034,8.22888888888889,12.512222222222222,5,19,63,61,1970-01-21 13:51:13.226666666,1970-01-21 13:51:58.273333333,Xuân,,,
An Giang,Đồng bằng sông Cửu Long,2026-05-05,28.1,33.888888888888886,24.62222222222222,33.711111111111116,39.666666666666664,30.17777777777778,6.288888888888889,6.288888888888889,0.0,6.888888888888889,82.55555555555556,16.41111111111111,37.24444444444444,21.236666666666665,1009.3222222222222,96.55555555555556,24.566666666666663,0.0,4.588888888888889,10.267,105.1034,10.224444444444444,12.52111111111111,5,19,63,90,1970-01-21 13:52:39.600000000,1970-01-21 13:53:24.680000000,Xuân,,,
An Giang,Đồng bằng sông Cửu Long,2026-05-06,28.133333333333333,33.56666666666667,25.211111111111112,33.400000000000006,39.64444444444444,30.38888888888889,6.688888888888888,6.688888888888888,0.0,5.666666666666667,81.88888888888889,16.1,36.733333333333334,21.311111111111114,1008.8333333333334,97.44444444444444,24.48888888888889,0.0,4.622222222222223,10.267,105.1034,9.863333333333332,12.53,5,19,61,95,1970-01-21 13:54:05.993333333,1970-01-21 13:54:51.100000000,Xuân,,,
An Giang,Đồng bằng sông Cửu Long,2026-05-07,28.85555555555555,33.44444444444444,25.533333333333335,34.86666666666667,39.91111111111111,31.200000000000003,2.788888888888889,2.788888888888889,0.0,6.666666666666667,81.0,12.588888888888889,30.56666666666667,23.297777777777775,1008.0333333333332,64.33333333333333,25.0,0.0,4.986666666666667,10.267,105.1034,11.753333333333334,12.537777777777777,5,19,61,100,1970-01-21 13:55:32.373333333,1970-01-21 13:56:17.500000000,Xuân,,,
An Giang,Đồng bằng sông Cửu Long,2026-05-08,29.011111111111113,32.855555555555554,24.91111111111111,34.28888888888889,38.900000000000006,30.21111111111111,0.9666666666666668,0.9666666666666668,0.0,4.666666666666667,76.0,12.61111111111111,28.67777777777778,21.547777777777775,1008.5222222222224,99.11111111111111,24.055555555555557,0.0,4.873333333333333,10.267,105.1034,11.516666666666666,12.545555555555556,5,19,51,94,1970-01-21 13:56:58.753333333,1970-01-21 13:57:43.913333333,Xuân,,,
An Giang,Đồng bằng sông Cửu Long,2026-05-09,29.64444444444445,34.13333333333333,25.5,34.58888888888889,39.53333333333333,31.32222222222222,1.1,1.1,0.0,4.333333333333333,70.77777777777777,13.077777777777778,30.200000000000003,22.825555555555557,1008.9666666666668,83.33333333333333,23.422222222222224,0.0,5.363333333333333,10.267,105.1034,11.916666666666666,12.551111111111112,5,19,51,100,1970-01-21 13:58:25.133333333,1970-01-21 13:59:10.333333333,Xuân,,,
An Giang,Đồng bằng sông Cửu Long,2026-05-10,28.866666666666667,34.48888888888889,25.833333333333332,34.03333333333333,38.98888888888889,31.41111111111111,12.044444444444444,12.044444444444444,0.0,7.111111111111111,78.33333333333333,19.1,44.04444444444445,20.56222222222222,1008.7555555555556,91.55555555555556,24.41111111111111,0.0,4.704444444444444,10.267,105.1034,10.82,12.56,5,19,63,87,1970-01-21 13:59:51.533333333,1970-01-21 14:00:36.733333333,Xuân,,,
An Giang,Đồng bằng sông Cửu Long,2026-05-11,28.67777777777778,32.78888888888889,24.51111111111111,33.24444444444444,36.7,29.522222222222226,3.155555555555555,3.155555555555555,0.0,4.0,77.66666666666667,20.166666666666668,40.355555555555554,18.63222222222222,1009.1222222222224,91.11111111111111,24.044444444444444,0.0,4.524444444444445,10.267,105.1034,9.946666666666664,12.566666666666668,5,20,51,117,1970-01-21 14:01:17.913333333,1970-01-21 14:02:03.146666666,Xuân,,,
An Giang,Đồng bằng sông Cửu Long,2026-05-12,29.577777777777776,34.47777777777778,25.922222222222224,35.05555555555556,39.98888888888889,31.6,1.7,1.7,0.0,4.555555555555555,75.77777777777777,14.666666666666666,31.4,23.983333333333334,1008.0333333333332,89.0,24.422222222222224,0.0,5.422222222222222,10.267,105.1034,12.0,12.571111111111112,5,20,51,132,1970-01-21 14:02:44.293333333,1970-01-21 14:03:29.560000000,Xuân,,,
An Giang,Đồng bằng sông Cửu Long,2026-05-13,29.72222222222222,34.44444444444444,25.755555555555556,35.12222222222223,41.04444444444445,31.033333333333335,0.7,0.7,0.0,3.111111111111111,72.66666666666667,13.11111111111111,27.822222222222223,24.645555555555557,1007.3,86.33333333333333,23.91111111111111,0.0,5.611111111111111,10.267,105.1034,12.0,12.58,5,20,51,169,1970-01-21 14:04:10.680000000,1970-01-21 14:04:55.966666666,Xuân,,,
An Giang,Đồng bằng sông Cửu Long,2026-05-14,29.966666666666665,34.21111111111111,26.688888888888886,35.15555555555555,40.48888888888889,32.111111111111114,2.477777777777778,2.477777777777778,0.0,7.0,72.22222222222223,16.255555555555556,35.84444444444445,23.461111111111112,1007.188888888889,93.11111111111111,24.177777777777777,0.0,5.477777777777778,10.267,105.1034,12.0,12.586666666666666,5,20,61,212,1970-01-21 14:05:37.073333333,1970-01-21 14:06:22.393333333,Xuân,,,
An Giang,Đồng bằng sông Cửu Long,2026-05-15,30.61111111111111,34.52222222222222,27.311111111111114,35.51111111111111,40.37777777777777,32.78888888888889,1.1111111111111112,1.1111111111111112,0.0,4.777777777777778,70.11111111111111,19.055555555555557,37.63333333333333,23.653333333333332,1006.8333333333334,91.33333333333331,24.244444444444444,0.0,5.8966666666666665,10.267,105.1034,12.0,12.591111111111111,5,20,51,241,1970-01-21 14:07:03.466666666,1970-01-21 14:07:48.793333333,Xuân,,,
An Giang,Đồng bằng sông Cửu Long,2026-05-16,30.58888888888889,35.333333333333336,27.91111111111111,35.87777777777777,42.08888888888889,33.46666666666667,1.8111111111111111,1.8111111111111111,0.0,4.0,71.11111111111111,15.933333333333334,34.47777777777778,21.950000000000003,1007.0555555555557,91.44444444444444,24.51111111111111,0.0,5.405555555555555,10.267,105.1034,11.571111111111112,12.6,5,20,53,259,1970-01-21 14:08:29.846666666,1970-01-21 14:09:15.206666666,Xuân,,,
An Giang,Đồng bằng sông Cửu Long,2026-05-17,30.15555555555555,33.91111111111111,28.255555555555556,35.28888888888889,40.400000000000006,33.31111111111111,5.7444444444444445,5.7444444444444445,0.0,7.333333333333333,73.33333333333333,17.61111111111111,38.53333333333333,20.67,1006.6222222222224,91.55555555555556,24.688888888888886,0.0,5.104444444444444,10.267,105.1034,10.603333333333332,12.606666666666666,5,20,63,251,1970-01-21 14:09:56.233333333,1970-01-21 14:10:41.620000000,Xuân,,,
An Giang,Đồng bằng sông Cửu Long,2026-05-18,29.022222222222226,32.766666666666666,26.033333333333335,33.63333333333333,37.24444444444444,30.244444444444444,10.944444444444445,10.944444444444445,0.0,13.88888888888889,77.0,22.066666666666663,45.01111111111111,22.10555555555555,1006.6333333333334,83.22222222222223,24.37777777777778,0.0,5.06,10.267,105.1034,11.518888888888888,12.61111111111111,5,21,63,237,1970-01-21 14:11:22.620000000,1970-01-21 14:12:08.026666666,Xuân,,,
An Giang,Đồng bằng sông Cửu Long,2026-05-19,28.433333333333337,31.91111111111111,25.35555555555555,33.25555555555556,36.18888888888889,29.67777777777778,14.555555555555555,14.555555555555555,0.0,15.333333333333334,80.88888888888889,21.51111111111111,42.71111111111111,19.75222222222222,1006.3444444444444,96.44444444444444,24.677777777777777,0.0,4.36,10.267,105.1034,10.823333333333332,12.62,5,21,63,207,1970-01-21 14:12:49.020000000,1970-01-21 14:13:34.453333333,Xuân,,,
An Giang,Đồng bằng sông Cửu Long,2026-05-20,28.366666666666667,32.333333333333336,25.288888888888888,33.7,38.13333333333333,30.22222222222222,6.577777777777778,6.577777777777778,0.0,12.88888888888889,82.22222222222223,18.811111111111114,37.388888888888886,20.066666666666663,1006.5111111111112,96.44444444444444,24.91111111111111,0.0,4.354444444444444,10.267,105.1034,11.313333333333333,12.626666666666669,5,21,61,195,1970-01-21 14:14:15.413333333,1970-01-21 14:15:00.853333333,Xuân,,,
An Giang,Đồng bằng sông Cửu Long,2026-05-21,27.077777777777776,28.85555555555555,24.955555555555556,32.78888888888889,34.833333333333336,29.91111111111111,15.511111111111113,15.511111111111113,0.0,16.0,89.66666666666667,12.266666666666667,25.27777777777778,8.957777777777778,1009.0555555555557,96.55555555555556,25.177777777777777,0.0,1.9188888888888889,10.267,105.1034,1.262222222222222,12.63,5,21,63,176,1970-01-21 14:15:41.813333333,1970-01-21 14:16:27.273333333,Xuân,,,
An Giang,Đồng bằng sông Cửu Long,2026-05-22,28.84444444444445,33.36666666666667,25.6,34.955555555555556,40.611111111111114,31.5,2.7666666666666666,2.7666666666666666,0.0,7.666666666666667,80.88888888888889,12.977777777777778,29.71111111111111,24.004444444444445,1010.2999999999998,58.888888888888886,25.01111111111111,0.0,5.09,10.267,105.1034,12.0,12.636666666666668,5,21,53,184,1970-01-21 14:17:08.206666666,1970-01-21 14:17:53.686666666,Xuân,,,
An Giang,Đồng bằng sông Cửu Long,2026-05-23,29.377777777777776,33.22222222222222,26.61111111111111,35.27777777777778,40.13333333333333,32.455555555555556,2.7333333333333334,2.7333333333333334,0.0,5.888888888888889,77.22222222222223,12.344444444444443,28.03333333333333,23.415555555555557,1010.5555555555557,68.33333333333333,24.811111111111114,0.0,5.125555555555556,10.267,105.1034,12.0,12.641111111111112,5,21,61,197,1970-01-21 14:18:34.593333333,1970-01-21 14:19:20.113333333,Xuân,,,
An Giang,Đồng bằng sông Cửu Long,2026-05-24,29.811111111111114,34.03333333333333,27.077777777777776,35.41111111111111,40.333333333333336,32.86666666666667,1.4333333333333331,1.4333333333333331,0.0,3.7777777777777777,75.55555555555556,16.433333333333334,33.51111111111111,23.352222222222224,1010.6333333333334,79.66666666666667,24.77777777777778,0.0,5.314444444444444,10.267,105.1034,11.988888888888887,12.648888888888887,5,21,53,225,1970-01-21 14:20:00.980000000,1970-01-21 14:20:46.513333333,Xuân,,,
An Giang,Đồng bằng sông Cửu Long,2026-05-25,29.95555555555556,33.666666666666664,27.188888888888886,35.36666666666667,40.52222222222222,32.644444444444446,3.1666666666666665,3.1666666666666665,0.0,8.0,74.33333333333333,14.877777777777778,30.811111111111114,23.435555555555553,1009.9666666666668,62.333333333333336,24.688888888888886,0.0,5.417777777777777,10.267,105.1034,12.0,12.651111111111112,5,22,61,230,1970-01-21 14:21:27.373333333,1970-01-21 14:22:12.933333333,Xuân,,,
An Giang,Đồng bằng sông Cửu Long,2026-05-26,29.977777777777774,33.166666666666664,27.811111111111114,34.75555555555556,38.3,32.62222222222222,4.122222222222223,4.122222222222223,0.0,6.777777777777778,73.11111111111111,21.0,43.888888888888886,22.857777777777777,1009.1333333333334,59.111111111111114,24.477777777777774,0.0,5.384444444444444,10.267,105.1034,12.0,12.658888888888889,5,22,61,257,1970-01-21 14:22:53.773333333,1970-01-21 14:23:39.346666666,Xuân,,,
An Giang,Đồng bằng sông Cửu Long,2026-05-27,29.85555555555555,32.611111111111114,27.288888888888888,35.044444444444444,37.3,32.544444444444444,3.1333333333333333,3.1333333333333333,0.0,5.333333333333333,75.55555555555556,19.700000000000003,43.94444444444444,18.071111111111108,1009.3,86.44444444444444,24.944444444444443,0.0,4.3788888888888895,10.267,105.1034,10.163333333333334,12.661111111111111,5,22,61,252,1970-01-21 14:24:20.173333333,1970-01-21 14:25:05.773333333,Xuân,,,
An Giang,Đồng bằng sông Cửu Long,2026-05-28,29.9,33.02222222222222,27.266666666666666,35.166666666666664,38.41111111111111,32.86666666666667,3.311111111111111,3.311111111111111,0.0,9.555555555555555,75.55555555555556,15.011111111111113,31.988888888888887,17.454444444444444,1009.2333333333332,82.88888888888889,24.87777777777778,0.0,4.264444444444445,10.267,105.1034,10.024444444444445,12.668888888888889,5,22,61,251,1970-01-21 14:25:46.573333333,1970-01-21 14:26:32.173333333,Xuân,,,
An Giang,Đồng bằng sông Cửu Long,2026-05-29,26.766666666666666,30.15555555555555,25.08888888888889,32.13333333333333,36.111111111111114,29.22222222222222,20.299999999999997,20.299999999999997,0.0,14.0,90.0,17.955555555555556,38.1,10.08,1009.7777777777778,98.55555555555556,24.944444444444443,0.0,2.1744444444444446,10.267,105.1034,3.8922222222222222,12.67,5,22,63,258,1970-01-21 14:27:12.973333333,1970-01-21 14:27:58.593333333,Xuân,,,
An Giang,Đồng bằng sông Cửu Long,2026-05-30,26.64444444444445,30.733333333333334,24.62222222222222,31.88888888888889,35.82222222222222,29.11111111111111,10.477777777777778,10.477777777777778,0.0,12.666666666666666,88.33333333333333,16.51111111111111,34.233333333333334,10.546666666666669,1009.5444444444444,99.33333333333331,24.477777777777774,0.0,2.312222222222222,10.267,105.1034,3.521111111111111,12.675555555555556,5,22,61,259,1970-01-21 14:28:39.373333333,1970-01-21 14:29:25.006666666,Xuân,,,
An Giang,Đồng bằng sông Cửu Long,2026-05-31,26.288888888888888,30.14444444444445,24.555555555555557,31.933333333333337,35.888888888888886,29.766666666666666,12.955555555555556,12.955555555555556,0.0,11.22222222222222,90.77777777777776,10.5,26.033333333333335,11.895555555555555,1009.4444444444443,99.0,24.533333333333335,0.0,2.467777777777778,10.267,105.1034,5.266666666666667,12.68,5,22,63,330,1970-01-21 14:30:05.773333333,1970-01-21 14:30:51.433333333,Xuân,,,
An Giang,Đồng bằng sông Cửu Long,2026-06-01,26.788888888888888,29.93333333333333,25.177777777777777,32.5,35.888888888888886,29.811111111111114,17.711111111111112,17.711111111111112,0.0,15.333333333333334,89.88888888888889,15.344444444444443,35.355555555555554,13.186666666666666,1009.5111111111112,99.11111111111111,24.933333333333337,0.0,2.7255555555555557,10.267,105.1034,6.516666666666667,12.682222222222222,6,23,63,237,1970-01-21 14:31:32.173333333,1970-01-21 14:32:17.840000000,Hè,,,
An Giang,Đồng bằng sông Cửu Long,2026-06-02,26.9,29.58888888888889,24.88888888888889,32.233333333333334,35.7,29.65555555555555,26.755555555555556,26.755555555555556,0.0,14.88888888888889,89.11111111111111,16.844444444444445,34.077777777777776,12.254444444444443,1008.2333333333332,97.77777777777776,24.933333333333337,0.0,2.601111111111111,10.267,105.1034,5.006666666666667,12.688888888888888,6,23,65,243,1970-01-21 14:32:58.573333333,1970-01-21 14:33:44.266666666,Hè,,,
An Giang,Đồng bằng sông Cửu Long,2026-06-03,26.6,28.58888888888889,25.08888888888889,31.299999999999997,33.41111111111111,29.522222222222226,17.433333333333334,17.433333333333334,0.0,18.77777777777778,89.55555555555556,18.422222222222224,40.18888888888889,9.317777777777778,1007.6222222222224,98.55555555555556,24.72222222222222,0.0,2.0811111111111114,10.267,105.1034,2.3544444444444443,12.69,6,23,63,232,1970-01-21 14:34:24.986666666,1970-01-21 14:35:10.686666666,Hè,,,
An Giang,Đồng bằng sông Cửu Long,2026-06-04,27.944444444444443,30.988888888888887,25.566666666666663,32.166666666666664,35.17777777777778,30.06666666666667,4.555555555555555,4.555555555555555,0.0,16.666666666666668,83.0,26.12222222222222,51.03333333333333,19.95111111111111,1007.6666666666666,85.66666666666667,24.711111111111112,0.0,4.312222222222222,10.267,105.1034,11.244444444444444,12.695555555555554,6,23,61,226,1970-01-21 14:35:51.400000000,1970-01-21 14:36:37.093333333,Hè,,,
An Giang,Đồng bằng sông Cửu Long,2026-06-05,28.322222222222223,31.755555555555556,25.155555555555555,32.91111111111111,36.599999999999994,29.43333333333333,8.433333333333334,8.433333333333334,0.0,14.222222222222221,80.66666666666667,21.477777777777778,44.43333333333333,22.308888888888887,1008.8777777777777,85.11111111111111,24.566666666666666,0.0,4.857777777777778,10.267,105.1034,11.011111111111111,12.698888888888888,6,23,63,213,1970-01-21 14:37:17.806666666,1970-01-21 14:38:03.513333333,Hè,,,
An Giang,Đồng bằng sông Cửu Long,2026-06-06,28.433333333333334,31.255555555555556,25.72222222222222,33.855555555555554,37.18888888888889,30.77777777777778,3.4000000000000004,3.4000000000000004,0.0,10.11111111111111,82.77777777777777,18.244444444444444,40.91111111111111,20.67111111111111,1010.1555555555556,92.66666666666667,25.133333333333333,0.0,4.33,10.267,105.1034,11.443333333333333,12.7,6,23,53,220,1970-01-21 14:38:44.206666666,1970-01-21 14:39:29.926666666,Hè,,,
An Giang,Đồng bằng sông Cửu Long,2026-06-07,28.77777777777778,32.68888888888889,25.922222222222224,34.1888888888889,38.27777777777778,31.34444444444445,2.6555555555555554,2.6555555555555554,0.0,8.222222222222221,81.0,21.322222222222223,44.46666666666667,23.404444444444444,1010.5999999999999,94.11111111111111,24.977777777777778,0.0,5.018888888888889,10.267,105.1034,12.0,12.705555555555556,6,23,61,220,1970-01-21 14:40:10.613333333,1970-01-21 14:40:56.353333333,Hè,,,
An Giang,Đồng bằng sông Cửu Long,2026-06-08,28.922222222222224,31.56666666666667,26.51111111111111,33.766666666666666,36.96666666666667,31.922222222222224,3.644444444444444,3.644444444444444,0.0,9.555555555555555,79.33333333333333,24.188888888888886,46.68888888888889,21.441111111111113,1009.4888888888888,92.11111111111111,24.87777777777778,0.0,4.762222222222222,10.267,105.1034,11.704444444444444,12.708888888888888,6,24,53,233,1970-01-21 14:41:37.013333333,1970-01-21 14:42:22.753333333,Hè,,,
An Giang,Đồng bằng sông Cửu Long,2026-06-09,28.133333333333333,31.577777777777776,25.444444444444443,33.25555555555556,36.611111111111114,30.011111111111113,8.144444444444444,8.144444444444444,0.0,11.666666666666666,83.66666666666667,19.833333333333332,39.48888888888889,18.653333333333332,1009.3777777777777,98.11111111111111,24.98888888888889,0.0,3.9166666666666665,10.267,105.1034,9.212222222222222,12.708888888888888,6,24,63,240,1970-01-21 14:43:03.420000000,1970-01-21 14:43:49.173333333,Hè,,,
An Giang,Đồng bằng sông Cửu Long,2026-06-10,28.333333333333332,31.122222222222224,26.144444444444446,33.44444444444444,35.91111111111111,31.22222222222222,5.311111111111111,5.311111111111111,0.0,7.333333333333333,82.0,17.58888888888889,37.0,17.662222222222223,1010.1666666666666,99.55555555555556,24.811111111111114,0.0,3.8699999999999997,10.267,105.1034,9.334444444444445,12.712222222222222,6,24,63,229,1970-01-21 14:44:29.826666666,1970-01-21 14:45:15.586666666,Hè,,,
An Giang,Đồng bằng sông Cửu Long,2026-06-11,27.766666666666666,32.58888888888889,24.177777777777777,33.422222222222224,39.86666666666667,28.45555555555556,8.655555555555557,8.655555555555557,0.0,10.666666666666666,84.44444444444444,15.788888888888888,31.811111111111114,20.994444444444444,1012.2666666666667,93.66666666666667,24.77777777777778,0.0,4.364444444444445,10.267,105.1034,11.758888888888889,12.715555555555556,6,24,63,231,1970-01-21 14:45:56.226666666,1970-01-21 14:46:42.013333333,Hè,,,
An Giang,Đồng bằng sông Cửu Long,2026-06-12,28.155555555555555,31.91111111111111,25.200000000000003,34.766666666666666,39.577777777777776,31.06666666666667,10.222222222222221,10.222222222222221,0.0,12.11111111111111,86.11111111111111,9.844444444444443,23.444444444444443,20.824444444444442,1012.9111111111112,83.66666666666667,25.48888888888889,0.0,4.2988888888888885,10.267,105.1034,11.702222222222222,12.717777777777778,6,24,63,173,1970-01-21 14:47:22.633333333,1970-01-21 14:48:08.413333333,Hè,,,
An Giang,Đồng bằng sông Cửu Long,2026-06-13,28.666666666666668,32.52222222222222,25.38888888888889,35.0,40.144444444444446,30.944444444444443,4.055555555555555,4.055555555555555,0.0,10.777777777777779,82.33333333333333,11.422222222222222,24.711111111111112,23.827777777777776,1011.0777777777779,66.44444444444444,25.144444444444446,0.0,4.988888888888889,10.267,105.1034,12.0,12.71888888888889,6,24,53,229,1970-01-21 14:48:49.046666666,1970-01-21 14:49:34.833333333,Hè,,,
An Giang,Đồng bằng sông Cửu Long,2026-06-14,27.4,30.88888888888889,25.6,33.55555555555556,37.611111111111114,31.511111111111113,15.0,15.0,0.0,9.0,89.11111111111111,16.155555555555555,35.03333333333333,16.80777777777778,1010.0333333333333,91.44444444444444,25.355555555555554,0.0,3.3444444444444446,10.267,105.1034,9.367777777777778,12.71888888888889,6,24,63,214,1970-01-21 14:50:15.466666666,1970-01-21 14:51:01.246666666,Hè,,,
An Giang,Đồng bằng sông Cửu Long,2026-06-15,27.544444444444444,31.56666666666667,25.5,33.28888888888889,37.84444444444444,30.78888888888889,8.522222222222222,8.522222222222222,0.0,10.222222222222221,86.0,14.377777777777778,32.044444444444444,21.264444444444443,1010.0888888888888,77.0,24.88888888888889,0.0,4.279999999999999,10.267,105.1034,11.623333333333333,12.72,6,25,63,216,1970-01-21 14:51:41.873333333,1970-01-21 14:52:27.673333333,Hè,,,
An Giang,Đồng bằng sông Cửu Long,2026-06-16,28.577777777777776,31.82222222222222,26.01111111111111,34.044444444444444,38.05555555555556,31.95555555555556,1.2333333333333334,1.2333333333333334,0.0,3.3333333333333335,80.77777777777777,16.788888888888888,33.400000000000006,21.19222222222222,1010.3444444444444,74.33333333333333,24.77777777777778,0.0,4.627777777777777,10.267,105.1034,11.043333333333333,12.721111111111112,6,25,51,240,1970-01-21 14:53:08.280000000,1970-01-21 14:53:54.073333333,Hè,,,
An Giang,Đồng bằng sông Cửu Long,2026-06-17,28.1,31.299999999999997,25.788888888888888,34.12222222222223,38.044444444444444,32.02222222222222,7.7555555555555555,7.7555555555555555,0.0,9.0,84.88888888888889,12.466666666666667,26.766666666666666,18.97,1010.6666666666666,92.88888888888889,25.22222222222222,0.0,3.981111111111111,10.267,105.1034,10.962222222222222,12.722222222222221,6,25,63,237,1970-01-21 14:54:34.686666666,1970-01-21 14:55:20.493333333,Hè,,,
An Giang,Đồng bằng sông Cửu Long,2026-06-18,27.577777777777776,31.56666666666667,24.922222222222224,33.43333333333333,37.75555555555556,30.84444444444445,7.48888888888889,7.48888888888889,0.0,10.11111111111111,86.77777777777777,16.711111111111112,33.644444444444446,19.08111111111111,1010.5111111111112,93.0,25.022222222222222,0.0,3.966666666666667,10.267,105.1034,10.34,12.722222222222221,6,25,63,233,1970-01-21 14:56:01.093333333,1970-01-21 14:56:46.906666666,Hè,,,
An Giang,Đồng bằng sông Cửu Long,2026-06-19,27.788888888888888,31.622222222222224,25.133333333333336,34.31111111111111,39.8,30.71111111111111,4.733333333333333,4.733333333333333,0.0,9.777777777777779,87.11111111111111,9.177777777777777,21.6,20.52111111111111,1009.9555555555556,96.0,25.322222222222223,0.0,4.225555555555555,10.267,105.1034,11.285555555555554,12.725555555555555,6,25,63,132,1970-01-21 14:57:27.526666666,1970-01-21 14:58:13.333333333,Hè,,,
An Giang,Đồng bằng sông Cửu Long,2026-06-20,27.977777777777778,32.01111111111111,25.555555555555557,34.400000000000006,39.7,31.34444444444445,6.566666666666666,6.566666666666666,0.0,9.555555555555555,86.11111111111111,11.477777777777778,28.266666666666666,21.358888888888888,1010.2666666666667,70.44444444444444,25.288888888888888,0.0,4.367777777777778,10.267,105.1034,10.626666666666667,12.725555555555555,6,25,61,189,1970-01-21 14:58:53.933333333,1970-01-21 14:59:39.733333333,Hè,,,
An Giang,Đồng bằng sông Cửu Long,2026-06-21,28.67777777777778,32.08888888888889,25.299999999999997,34.37777777777777,39.27777777777778,31.022222222222222,1.577777777777778,1.577777777777778,0.0,5.888888888888889,79.77777777777777,14.311111111111112,32.06666666666667,23.961111111111112,1010.5222222222224,73.33333333333333,24.644444444444446,0.0,5.173333333333334,10.267,105.1034,12.0,12.725555555555555,6,25,51,228,1970-01-21 15:00:20.340000000,1970-01-21 15:01:06.153333333,Hè,,,
An Giang,Đồng bằng sông Cửu Long,2026-06-22,29.43333333333333,32.98888888888889,26.5,35.06666666666666,39.55555555555556,32.06666666666667,1.422222222222222,1.422222222222222,0.0,4.888888888888889,76.88888888888889,13.877777777777778,29.38888888888889,23.950000000000003,1009.1555555555556,68.88888888888889,24.788888888888888,0.0,5.27,10.267,105.1034,12.0,12.725555555555555,6,26,53,242,1970-01-21 15:01:46.753333333,1970-01-21 15:02:32.566666666,Hè,,,
An Giang,Đồng bằng sông Cửu Long,2026-06-23,29.533333333333335,32.099999999999994,27.522222222222222,34.82222222222222,37.71111111111111,32.599999999999994,1.788888888888889,1.788888888888889,0.0,4.333333333333333,77.22222222222223,19.555555555555557,41.43333333333333,20.173333333333332,1008.1333333333334,92.55555555555556,25.055555555555557,0.0,4.628888888888889,10.267,105.1034,11.06,12.725555555555555,6,26,53,245,1970-01-21 15:03:13.180000000,1970-01-21 15:03:58.986666666,Hè,,,
An Giang,Đồng bằng sông Cửu Long,2026-06-24,29.366666666666667,32.644444444444446,27.355555555555554,34.611111111111114,37.87777777777777,32.52222222222222,3.388888888888889,3.388888888888889,0.0,7.111111111111111,77.11111111111111,18.744444444444447,40.55555555555556,21.566666666666666,1007.8333333333334,71.55555555555556,24.788888888888888,0.0,4.868888888888889,10.267,105.1034,11.774444444444445,12.722222222222221,6,26,53,244,1970-01-21 15:04:39.593333333,1970-01-21 15:05:25.393333333,Hè,,,
An Giang,Đồng bằng sông Cửu Long,2026-06-25,28.533333333333335,31.38888888888889,26.711111111111112,33.21111111111111,36.05555555555556,31.200000000000003,6.699999999999999,6.699999999999999,0.0,8.777777777777779,79.33333333333333,22.033333333333335,44.87777777777777,20.905555555555555,1008.7111111111111,69.55555555555556,24.533333333333335,0.0,4.566666666666666,10.267,105.1034,11.93888888888889,12.722222222222221,6,26,63,238,1970-01-21 15:06:06.000000000,1970-01-21 15:06:51.793333333,Hè,,,
An Giang,Đồng bằng sông Cửu Long,2026-06-26,28.244444444444447,31.377777777777776,25.555555555555557,32.98888888888889,35.97777777777778,29.5,6.277777777777778,6.277777777777778,0.0,10.555555555555555,80.55555555555556,19.833333333333332,41.87777777777777,21.288888888888888,1009.0444444444444,57.44444444444444,24.422222222222224,0.0,4.572222222222222,10.267,105.1034,11.752222222222223,12.721111111111112,6,26,61,240,1970-01-21 15:07:32.413333333,1970-01-21 15:08:18.213333333,Hè,,,
An Giang,Đồng bằng sông Cửu Long,2026-06-27,28.633333333333333,31.666666666666668,26.433333333333334,33.05555555555556,35.96666666666667,31.377777777777776,2.7333333333333334,2.7333333333333334,0.0,6.222222222222222,77.33333333333333,22.41111111111111,44.27777777777778,21.52,1008.5222222222224,60.22222222222222,24.144444444444446,0.0,4.834444444444444,10.267,105.1034,11.864444444444445,12.72,6,26,53,240,1970-01-21 15:08:58.826666666,1970-01-21 15:09:44.626666666,Hè,,,
An Giang,Đồng bằng sông Cửu Long,2026-06-28,27.844444444444445,29.866666666666667,26.200000000000003,32.766666666666666,34.77777777777778,30.922222222222224,14.544444444444444,14.544444444444444,0.0,12.666666666666666,84.55555555555556,18.811111111111114,42.03333333333333,15.55777777777778,1007.9777777777776,95.77777777777777,24.944444444444443,0.0,3.352222222222222,10.267,105.1034,8.916666666666666,12.71888888888889,6,26,63,242,1970-01-21 15:10:25.253333333,1970-01-21 15:11:11.033333333,Hè,,,
An Giang,Đồng bằng sông Cửu Long,2026-06-29,27.688888888888886,30.633333333333333,25.244444444444444,32.044444444444444,34.32222222222222,29.08888888888889,13.277777777777779,13.277777777777779,0.0,13.333333333333334,83.88888888888889,22.844444444444445,46.27777777777778,16.604444444444443,1007.8222222222222,92.22222222222223,24.700000000000003,0.0,3.6255555555555556,10.267,105.1034,9.317777777777778,12.71888888888889,6,27,63,248,1970-01-21 15:11:51.660000000,1970-01-21 15:12:37.453333333,Hè,,,
An Giang,Đồng bằng sông Cửu Long,2026-06-30,28.022222222222222,31.27777777777778,26.422222222222224,33.044444444444444,37.02222222222222,30.91111111111111,13.077777777777778,13.077777777777778,0.0,12.222222222222221,83.33333333333333,17.48888888888889,36.71111111111111,16.112222222222222,1008.0,98.44444444444444,24.855555555555554,0.0,3.573333333333333,10.267,105.1034,7.783333333333333,12.71888888888889,6,27,63,255,1970-01-21 15:13:18.066666666,1970-01-21 15:14:03.853333333,Hè,,,
An Giang,Đồng bằng sông Cửu Long,2026-07-01,27.477777777777778,30.54444444444444,25.22222222222222,31.822222222222226,34.900000000000006,29.133333333333333,12.522222222222222,12.522222222222222,0.0,15.666666666666666,84.55555555555556,20.766666666666666,45.36666666666667,19.88111111111111,1007.6333333333334,86.44444444444444,24.555555555555557,0.0,4.12,10.267,105.1034,11.61888888888889,12.715555555555556,7,27,63,242,1970-01-21 15:14:44.473333333,1970-01-21 15:15:30.253333333,Hè,,,
An Giang,Đồng bằng sông Cửu Long,2026-07-02,26.5,28.95555555555556,24.833333333333332,31.099999999999998,33.78888888888889,28.666666666666668,25.27777777777778,25.27777777777778,0.0,21.666666666666668,90.88888888888889,19.299999999999997,42.599999999999994,12.906666666666666,1008.0444444444444,98.88888888888889,24.822222222222223,0.0,2.5877777777777777,10.267,105.1034,5.895555555555556,12.712222222222222,7,27,63,234,1970-01-21 15:16:10.906666666,1970-01-21 15:16:56.666666666,Hè,,,
An Giang,Đồng bằng sông Cửu Long,2026-07-03,26.633333333333333,28.61111111111111,25.255555555555556,31.15555555555555,32.922222222222224,29.511111111111113,14.433333333333334,14.433333333333334,0.0,18.88888888888889,89.22222222222223,18.866666666666667,36.47777777777778,7.72111111111111,1008.9555555555556,100.0,24.711111111111112,0.0,1.9044444444444446,10.267,105.1034,0.5011111111111111,12.71,7,27,61,232,1970-01-21 15:17:37.320000000,1970-01-21 15:18:23.073333333,Hè,,,
An Giang,Đồng bằng sông Cửu Long,2026-07-04,25.788888888888888,28.066666666666666,24.955555555555556,30.61111111111111,32.93333333333333,29.166666666666668,31.93333333333333,31.93333333333333,0.0,20.88888888888889,92.77777777777777,17.444444444444443,34.76666666666667,9.27888888888889,1010.4666666666667,98.88888888888889,24.51111111111111,0.0,1.8599999999999999,10.267,105.1034,2.9366666666666665,12.708888888888888,7,27,63,220,1970-01-21 15:19:03.726666666,1970-01-21 15:19:49.480000000,Hè,,,
An Giang,Đồng bằng sông Cửu Long,2026-07-05,27.211111111111112,30.58888888888889,24.833333333333332,32.74444444444444,36.41111111111111,30.166666666666668,2.3,2.3,0.0,8.88888888888889,86.88888888888889,14.144444444444444,30.688888888888886,16.446666666666665,1010.8222222222222,95.66666666666667,24.72222222222222,0.0,3.4322222222222223,10.267,105.1034,8.464444444444446,12.705555555555556,7,27,51,195,1970-01-21 15:20:30.133333333,1970-01-21 15:21:15.886666666,Hè,,,
An Giang,Đồng bằng sông Cửu Long,2026-07-06,27.88888888888889,31.355555555555554,25.033333333333335,33.17777777777778,36.28888888888889,30.099999999999998,2.388888888888889,2.388888888888889,0.0,3.4444444444444446,83.22222222222223,14.211111111111112,30.08888888888889,15.309999999999999,1010.2444444444445,98.33333333333333,24.577777777777776,0.0,3.46,10.267,105.1034,7.199999999999999,12.702222222222222,7,28,51,226,1970-01-21 15:21:56.566666666,1970-01-21 15:22:42.286666666,Hè,,,
An Giang,Đồng bằng sông Cửu Long,2026-07-07,27.87777777777778,31.688888888888886,25.422222222222224,32.78888888888889,35.93333333333333,30.61111111111111,4.044444444444444,4.044444444444444,0.0,7.777777777777778,82.44444444444444,20.61111111111111,40.02222222222222,18.255555555555556,1010.2999999999998,93.66666666666667,24.433333333333334,0.0,4.055555555555555,10.267,105.1034,9.586666666666666,12.698888888888888,7,28,61,232,1970-01-21 15:23:22.980000000,1970-01-21 15:24:08.686666666,Hè,,,
An Giang,Đồng bằng sông Cửu Long,2026-07-08,27.466666666666665,30.34444444444445,25.455555555555556,32.355555555555554,34.75555555555556,30.5,2.8555555555555556,2.8555555555555556,0.0,6.666666666666667,85.77777777777777,20.200000000000003,40.71111111111111,18.62777777777778,1009.8444444444444,75.77777777777777,24.711111111111112,0.0,3.881111111111111,10.267,105.1034,10.563333333333333,12.698888888888888,7,28,61,230,1970-01-21 15:24:49.386666666,1970-01-21 15:25:35.106666666,Hè,,,
An Giang,Đồng bằng sông Cửu Long,2026-07-09,28.61111111111111,31.255555555555556,25.9,32.7,35.44444444444444,30.166666666666668,2.6666666666666665,2.6666666666666665,0.0,8.222222222222221,78.22222222222223,22.644444444444446,45.599999999999994,21.965555555555554,1009.5222222222224,94.0,24.333333333333332,0.0,4.952222222222222,10.267,105.1034,11.797777777777778,12.69222222222222,7,28,53,246,1970-01-21 15:26:15.800000000,1970-01-21 15:27:01.506666666,Hè,,,
An Giang,Đồng bằng sông Cửu Long,2026-07-10,29.04444444444444,31.5,26.966666666666665,32.93333333333333,35.81111111111111,30.922222222222224,1.1666666666666667,1.1666666666666667,0.0,5.666666666666667,75.44444444444444,23.255555555555556,48.144444444444446,23.024444444444445,1009.0333333333333,95.44444444444444,24.155555555555555,0.0,5.387777777777778,10.267,105.1034,12.0,12.688888888888888,7,28,51,251,1970-01-21 15:27:42.233333333,1970-01-21 15:28:27.913333333,Hè,,,
An Giang,Đồng bằng sông Cửu Long,2026-07-11,29.522222222222222,32.077777777777776,27.38888888888889,32.81111111111111,35.611111111111114,30.855555555555554,0.2,0.2,0.0,1.4444444444444444,71.66666666666667,26.48888888888889,53.077777777777776,24.334444444444443,1007.188888888889,44.333333333333336,23.733333333333334,0.0,6.043333333333333,10.267,105.1034,12.0,12.685555555555556,7,28,51,254,1970-01-21 15:29:08.640000000,1970-01-21 15:29:54.313333333,Hè,,,
An Giang,Đồng bằng sông Cửu Long,2026-07-12,27.61111111111111,29.488888888888887,26.433333333333334,31.61111111111111,33.044444444444444,30.233333333333334,6.144444444444444,6.144444444444444,0.0,13.11111111111111,82.77777777777777,23.37777777777778,46.51111111111111,11.53111111111111,1006.9777777777776,92.33333333333333,24.433333333333334,0.0,2.8866666666666667,10.267,105.1034,4.714444444444444,12.68,7,28,61,238,1970-01-21 15:30:35.053333333,1970-01-21 15:31:20.713333333,Hè,,,
An Giang,Đồng bằng sông Cửu Long,2026-07-13,26.2,28.166666666666668,25.188888888888886,30.91111111111111,32.81111111111111,29.422222222222224,15.355555555555554,15.355555555555554,0.0,18.0,91.11111111111111,18.444444444444443,44.3,8.255555555555555,1008.2333333333333,98.77777777777777,24.644444444444446,0.0,1.7911111111111113,10.267,105.1034,1.3111111111111111,12.678888888888888,7,29,63,228,1970-01-21 15:32:01.466666666,1970-01-21 15:32:47.113333333,Hè,,,
An Giang,Đồng bằng sông Cửu Long,2026-07-14,26.955555555555556,29.644444444444446,24.744444444444444,31.555555555555557,33.46666666666667,29.08888888888889,7.677777777777777,7.677777777777777,0.0,14.333333333333334,86.33333333333333,18.577777777777776,43.08888888888889,15.697777777777778,1009.5222222222224,94.55555555555556,24.422222222222224,0.0,3.263333333333333,10.267,105.1034,6.952222222222222,12.672222222222222,7,29,61,241,1970-01-21 15:33:27.893333333,1970-01-21 15:34:13.513333333,Hè,,,
An Giang,Đồng bằng sông Cửu Long,2026-07-15,26.72222222222222,29.988888888888887,24.466666666666665,31.82222222222222,36.08888888888889,29.28888888888889,16.677777777777777,16.677777777777777,0.0,13.222222222222221,87.22222222222223,18.41111111111111,41.84444444444444,17.86777777777778,1011.4000000000001,97.55555555555556,24.355555555555554,0.0,3.572222222222222,10.267,105.1034,10.16,12.668888888888889,7,29,65,227,1970-01-21 15:34:54.300000000,1970-01-21 15:35:39.913333333,Hè,,,
An Giang,Đồng bằng sông Cửu Long,2026-07-16,27.655555555555555,31.11111111111111,24.711111111111112,32.733333333333334,36.41111111111111,30.11111111111111,0.5444444444444444,0.5444444444444444,0.0,3.111111111111111,81.33333333333333,14.844444444444443,32.65555555555555,19.864444444444445,1011.6333333333334,92.11111111111111,23.966666666666665,0.0,4.263333333333333,10.267,105.1034,10.711111111111112,12.662222222222223,7,29,51,239,1970-01-21 15:36:20.713333333,1970-01-21 15:37:06.313333333,Hè,,,
An Giang,Đồng bằng sông Cửu Long,2026-07-17,28.188888888888886,31.866666666666667,25.1,33.18888888888889,37.388888888888886,30.811111111111114,0.7000000000000001,0.7000000000000001,0.0,3.4444444444444446,78.88888888888889,17.322222222222223,35.06666666666667,22.575555555555557,1010.5999999999999,78.55555555555556,23.955555555555556,0.0,4.941111111111111,10.267,105.1034,11.066666666666666,12.658888888888889,7,29,51,238,1970-01-21 15:37:47.126666666,1970-01-21 15:38:32.706666666,Hè,,,
An Giang,Đồng bằng sông Cửu Long,2026-07-18,28.322222222222223,31.22222222222222,25.733333333333334,33.01111111111111,36.0,30.43333333333333,4.188888888888889,4.188888888888889,0.0,7.444444444444445,79.11111111111111,21.533333333333335,45.32222222222222,23.242222222222225,1009.6999999999999,64.77777777777777,24.233333333333334,0.0,4.908888888888889,10.267,105.1034,11.881111111111112,12.652222222222223,7,29,61,239,1970-01-21 15:39:13.553333333,1970-01-21 15:39:59.093333333,Hè,,,
An Giang,Đồng bằng sông Cửu Long,2026-07-19,28.766666666666666,31.522222222222226,26.38888888888889,33.27777777777778,36.666666666666664,31.17777777777778,1.0777777777777777,1.0777777777777777,0.0,5.666666666666667,77.0,19.166666666666668,39.03333333333333,23.765555555555558,1009.7444444444445,49.111111111111114,24.177777777777777,0.0,5.256666666666667,10.267,105.1034,12.0,12.648888888888889,7,29,51,240,1970-01-21 15:40:39.953333333,1970-01-21 15:41:25.486666666,Hè,,,
An Giang,Đồng bằng sông Cửu Long,2026-07-20,28.622222222222224,31.933333333333337,25.866666666666667,33.12222222222223,37.044444444444444,31.04444444444444,0.7,0.7,0.0,3.111111111111111,76.66666666666667,19.133333333333333,37.733333333333334,24.81222222222222,1009.8777777777777,35.44444444444444,23.88888888888889,0.0,5.4655555555555555,10.267,105.1034,12.0,12.642222222222223,7,30,51,239,1970-01-21 15:42:06.360000000,1970-01-21 15:42:51.886666666,Hè,,,
