province,region,date,temperature_2m_mean,temperature_2m_max,temperature_2m_min,apparent_temperature_mean,apparent_temperature_max,apparent_temperature_min,precipitation_sum,rain_sum,showers_sum,precipitation_hours,relative_humidity_2m_mean,wind_speed_10m_max,wind_gusts_10m_max,shortwave_radiation_sum,pressure_msl_mean,cloud_cover_mean,dew_point_2m_mean,snowfall_sum,et0_fao_evapotranspiration,latitude,longitude,sunshine_hours,daylight_hours,month,week,weather_code,wind_direction_10m_dominant,sunrise,sunset,season,uv_index_max,uv_index_clear_sky_max,precipitation_probability_max
Bắc Ninh,Đồng bằng sông Hồng,2025-07-21,27.619999999999997,30.380000000000003,26.4,32.54,36.0,29.24,48.96,48.96,0.0,18.2,90.4,27.76,55.08,4.536,993.32,100.0,25.82,0.0,1.468,21.2017,106.1543,0.0,13.232,7,30,65,281,1970-01-21 06:57:55.452,1970-01-21 06:58:43.104,Hè,,,
Bắc Ninh,Đồng bằng sông Hồng,2025-07-22,27.8,31.1,26.119999999999997,30.24,34.660000000000004,27.380000000000003,27.78,27.78,0.0,19.6,83.0,36.160000000000004,68.12,16.374000000000002,991.1200000000001,100.0,24.54,0.0,4.037999999999999,21.2017,106.1543,7.776000000000001,13.220000000000002,7,30,65,39,1970-01-21 06:59:21.888,1970-01-21 07:00:09.480,Hè,,,
Bắc Ninh,Đồng bằng sông Hồng,2025-07-23,27.74,30.9,24.919999999999998,32.620000000000005,37.12,29.02,9.680000000000001,9.680000000000001,0.0,13.8,83.8,18.3,36.720000000000006,19.69,998.04,98.4,24.68,0.0,4.186,21.2017,106.1543,10.738,13.209999999999999,7,30,63,104,1970-01-21 07:00:48.300,1970-01-21 07:01:35.868,Hè,,,
Bắc Ninh,Đồng bằng sông Hồng,2025-07-24,27.380000000000003,30.9,25.02,33.339999999999996,37.480000000000004,30.139999999999997,11.98,11.98,0.0,14.0,88.4,12.74,28.5,15.312000000000001,1001.1,100.0,25.240000000000002,0.0,3.1879999999999997,21.2017,106.1543,7.336,13.2,7,30,63,86,1970-01-21 07:02:14.736,1970-01-21 07:03:02.244,Hè,,,
Bắc Ninh,Đồng bằng sông Hồng,2025-07-25,27.439999999999998,31.26,25.18,34.06,39.5,30.82,14.780000000000001,14.780000000000001,0.0,19.0,90.4,11.059999999999999,23.04,15.148,1001.36,99.4,25.639999999999997,0.0,3.19,21.2017,106.1543,6.332,13.187999999999999,7,30,61,9,1970-01-21 07:03:41.160,1970-01-21 07:04:28.620,Hè,,,
Bắc Ninh,Đồng bằng sông Hồng,2025-07-26,28.18,32.68,25.34,35.08,41.32,31.76,14.2,14.2,0.0,9.0,86.6,11.540000000000001,26.5,23.028,1001.0799999999999,61.2,25.52,0.0,4.811999999999999,21.2017,106.1543,10.768,13.169999999999998,7,30,65,78,1970-01-21 07:05:07.572,1970-01-21 07:05:55.008,Hè,,,
Bắc Ninh,Đồng bằng sông Hồng,2025-07-27,28.880000000000003,33.46,25.2,35.38,40.82000000000001,31.48,0.8,0.8,0.0,2.8,83.0,13.8,26.22,23.97,1000.46,67.2,25.4,0.0,5.164,21.2017,106.1543,12.075999999999999,13.16,7,30,51,140,1970-01-21 07:06:34.008,1970-01-21 07:07:21.372,Hè,,,
Bắc Ninh,Đồng bằng sông Hồng,2025-07-28,29.46,33.72,25.28,36.660000000000004,43.06,31.54,0.9799999999999999,0.9799999999999999,0.0,2.2,83.4,11.940000000000001,21.380000000000003,24.542,998.8799999999999,46.8,26.18,0.0,5.322,21.2017,106.1543,11.988,13.148000000000001,7,31,51,142,1970-01-21 07:08:00.420,1970-01-21 07:08:47.748,Hè,,,
Bắc Ninh,Đồng bằng sông Hồng,2025-07-29,30.9,35.160000000000004,26.580000000000002,38.2,43.720000000000006,33.3,0.0,0.0,0.0,0.0,79.6,11.2,19.8,23.344,997.1600000000001,85.2,26.68,0.0,5.316000000000001,21.2017,106.1543,11.812000000000001,13.13,7,31,3,144,1970-01-21 07:09:26.844,1970-01-21 07:10:14.124,Hè,,,
Bắc Ninh,Đồng bằng sông Hồng,2025-07-30,31.439999999999998,35.82,27.52,38.94,45.059999999999995,34.22,5.140000000000001,5.140000000000001,0.0,1.4,77.6,10.9,21.18,22.878,996.9,98.4,26.839999999999996,0.0,5.238,21.2017,106.1543,11.836,13.12,7,31,63,110,1970-01-21 07:10:53.268,1970-01-21 07:11:40.500,Hè,,,
Bắc Ninh,Đồng bằng sông Hồng,2025-07-31,29.48,33.22,26.68,36.660000000000004,41.5,32.46,15.98,15.98,0.0,9.2,85.4,14.280000000000001,27.359999999999996,17.474,997.36,98.8,26.660000000000004,0.0,3.8299999999999996,21.2017,106.1543,7.895999999999999,13.1,7,31,63,97,1970-01-21 07:12:19.692,1970-01-21 07:13:06.864,Hè,,,
Bắc Ninh,Đồng bằng sông Hồng,2025-08-01,27.98,31.48,25.7,34.4,39.44,31.3,9.72,9.72,0.0,12.0,87.8,13.2,34.92,20.048,998.74,83.8,25.580000000000002,0.0,4.112,21.2017,106.1543,10.754,13.09,8,31,63,2,1970-01-21 07:13:46.116,1970-01-21 07:14:33.240,Hè,,,
Bắc Ninh,Đồng bằng sông Hồng,2025-08-02,29.860000000000003,34.339999999999996,25.5,36.96,42.839999999999996,31.54,0.48,0.48,0.0,1.8,83.2,13.540000000000001,24.380000000000003,24.648000000000003,1000.28,85.8,26.48,0.0,5.446,21.2017,106.1543,12.014,13.069999999999999,8,31,51,180,1970-01-21 07:15:12.540,1970-01-21 07:15:59.604,Hè,,,
Bắc Ninh,Đồng bằng sông Hồng,2025-08-03,31.5,35.78,27.360000000000003,38.28,43.08,34.339999999999996,0.04,0.04,0.0,0.4,76.6,14.24,28.860000000000003,23.857999999999997,999.5600000000001,93.2,26.619999999999997,0.0,5.694,21.2017,106.1543,11.99,13.059999999999999,8,31,3,174,1970-01-21 07:16:38.952,1970-01-21 07:17:25.980,Hè,,,
Bắc Ninh,Đồng bằng sông Hồng,2025-08-04,31.860000000000003,36.22,28.160000000000004,37.96,43.46,33.3,0.1,0.1,0.0,0.6,71.0,14.52,27.919999999999998,23.532,999.3,99.8,25.74,0.0,5.86,21.2017,106.1543,11.0,13.040000000000001,8,32,51,172,1970-01-21 07:18:05.388,1970-01-21 07:18:52.332,Hè,,,
Bắc Ninh,Đồng bằng sông Hồng,2025-08-05,29.3,34.12,27.560000000000002,36.56,41.38,34.44,26.98,26.98,0.0,9.2,86.4,9.76,25.7,12.144,1001.2,100.0,26.72,0.0,2.722,21.2017,106.1543,3.322,13.029999999999998,8,32,65,2,1970-01-21 07:19:31.800,1970-01-21 07:20:18.708,Hè,,,
Bắc Ninh,Đồng bằng sông Hồng,2025-08-06,27.839999999999996,30.4,26.339999999999996,34.480000000000004,37.12,32.6,15.780000000000001,15.780000000000001,0.0,15.4,91.4,10.6,24.119999999999997,7.556,1003.0600000000001,100.0,26.24,0.0,1.7399999999999998,21.2017,106.1543,0.942,13.01,8,32,63,130,1970-01-21 07:20:58.224,1970-01-21 07:21:45.060,Hè,,,
Bắc Ninh,Đồng bằng sông Hồng,2025-08-07,28.660000000000004,31.619999999999997,25.9,34.67999999999999,37.6,31.82,3.6399999999999997,3.6399999999999997,0.0,5.8,85.4,13.040000000000001,22.96,12.614,1005.3,96.0,25.839999999999996,0.0,2.984,21.2017,106.1543,2.6580000000000004,13.0,8,32,61,133,1970-01-21 07:22:24.648,1970-01-21 07:23:11.436,Hè,,,
Bắc Ninh,Đồng bằng sông Hồng,2025-08-08,30.2,33.88,26.78,36.4,41.1,32.86,2.7199999999999998,2.7199999999999998,0.0,5.0,80.2,16.080000000000002,31.240000000000002,22.048000000000002,1005.64,54.8,26.24,0.0,5.072,21.2017,106.1543,12.0,12.98,8,32,51,153,1970-01-21 07:23:51.060,1970-01-21 07:24:37.800,Hè,,,
Bắc Ninh,Đồng bằng sông Hồng,2025-08-09,31.060000000000002,35.08,27.46,37.160000000000004,41.82000000000001,33.46,0.12,0.12,0.0,0.6,75.6,15.14,27.24,23.938,1004.4799999999999,70.0,26.0,0.0,5.716,21.2017,106.1543,12.0,12.959999999999999,8,32,51,154,1970-01-21 07:25:17.496,1970-01-21 07:26:04.152,Hè,,,
Bắc Ninh,Đồng bằng sông Hồng,2025-08-10,30.4,33.56,27.860000000000003,37.1,41.36,34.0,3.28,3.28,0.0,7.4,82.2,15.7,28.860000000000003,22.306,1004.2,91.0,26.98,0.0,4.9959999999999996,21.2017,106.1543,12.0,12.95,8,32,55,132,1970-01-21 07:26:43.920,1970-01-21 07:27:30.528,Hè,,,
Bắc Ninh,Đồng bằng sông Hồng,2025-08-11,29.860000000000003,33.62,26.1,36.1,41.44,31.72,3.56,3.56,0.0,9.0,81.6,15.540000000000001,30.6,22.913999999999998,1004.24,95.0,26.22,0.0,5.136,21.2017,106.1543,11.902000000000001,12.930000000000001,8,33,53,133,1970-01-21 07:28:10.320,1970-01-21 07:28:56.880,Hè,,,
Bắc Ninh,Đồng bằng sông Hồng,2025-08-12,29.580000000000002,32.94,26.560000000000002,36.12,40.46,32.620000000000005,2.56,2.56,0.0,8.0,82.6,13.839999999999998,29.660000000000004,22.894,1004.96,94.6,26.160000000000004,0.0,4.904,21.2017,106.1543,12.0,12.91,8,33,53,150,1970-01-21 07:29:36.756,1970-01-21 07:30:23.232,Hè,,,
Bắc Ninh,Đồng bằng sông Hồng,2025-08-13,29.2,33.12,25.74,36.019999999999996,41.3,31.839999999999996,1.24,1.24,0.0,2.4,82.4,9.42,19.22,21.972,1005.9,95.4,25.68,0.0,4.654,21.2017,106.1543,11.726,12.898000000000001,8,33,55,164,1970-01-21 07:31:03.180,1970-01-21 07:31:49.608,Hè,,,
Bắc Ninh,Đồng bằng sông Hồng,2025-08-14,29.419999999999998,32.38,26.5,36.7,40.980000000000004,33.44,3.4,3.4,0.0,7.6,85.2,9.540000000000001,19.16,20.104000000000003,1003.96,98.2,26.580000000000002,0.0,4.273999999999999,21.2017,106.1543,11.937999999999999,12.88,8,33,55,120,1970-01-21 07:32:29.580,1970-01-21 07:33:15.960,Hè,,,
Bắc Ninh,Đồng bằng sông Hồng,2025-08-15,26.48,29.28,24.3,31.560000000000002,35.14,28.560000000000002,16.619999999999997,16.619999999999997,0.0,17.6,89.2,14.52,28.24,12.2,1004.8799999999999,95.4,24.5,0.0,2.5799999999999996,21.2017,106.1543,3.692,12.86,8,33,63,85,1970-01-21 07:33:56.016,1970-01-21 07:34:42.300,Hè,,,
Bắc Ninh,Đồng bằng sông Hồng,2025-08-16,25.74,29.52,23.48,31.1,36.82,27.82,20.080000000000002,20.080000000000002,0.0,16.6,90.2,11.16,25.7,14.797999999999998,1007.5200000000001,95.8,23.98,0.0,3.024,21.2017,106.1543,6.612,12.841999999999999,8,33,63,4,1970-01-21 07:35:22.440,1970-01-21 07:36:08.676,Hè,,,
Bắc Ninh,Đồng bằng sông Hồng,2025-08-17,26.76,31.919999999999998,24.1,31.839999999999996,37.62,28.2,9.72,9.72,0.0,7.4,86.8,16.6,39.339999999999996,17.34,1007.54,96.2,24.2,0.0,3.632,21.2017,106.1543,7.082000000000001,12.828,8,33,63,5,1970-01-21 07:36:48.840,1970-01-21 07:37:35.040,Hè,,,
Bắc Ninh,Đồng bằng sông Hồng,2025-08-18,26.22,29.139999999999997,24.04,30.96,33.760000000000005,27.619999999999997,16.04,16.04,0.0,13.0,89.2,17.279999999999998,35.44,10.553999999999998,1005.8799999999999,99.2,24.22,0.0,2.294,21.2017,106.1543,3.344,12.809999999999999,8,34,65,340,1970-01-21 07:38:15.276,1970-01-21 07:39:01.380,Hè,,,
Bắc Ninh,Đồng bằng sông Hồng,2025-08-19,26.24,28.839999999999996,24.54,31.24,33.94,29.060000000000002,16.64,16.64,0.0,16.8,91.2,13.580000000000002,25.7,8.416,1005.5600000000001,100.0,24.64,0.0,1.8399999999999999,21.2017,106.1543,1.024,12.79,8,34,61,227,1970-01-21 07:39:41.700,1970-01-21 07:40:27.720,Hè,,,
Bắc Ninh,Đồng bằng sông Hồng,2025-08-20,28.4,31.880000000000003,25.639999999999997,33.7,37.7,30.639999999999997,7.88,7.88,0.0,9.6,84.2,18.8,35.2,17.322,1006.3,99.8,25.36,0.0,3.8659999999999997,21.2017,106.1543,7.297999999999999,12.772,8,34,51,153,1970-01-21 07:41:08.100,1970-01-21 07:41:54.096,Hè,,,
Bắc Ninh,Đồng bằng sông Hồng,2025-08-21,27.3,29.860000000000003,24.84,32.9,35.660000000000004,29.919999999999998,33.7,33.7,0.0,12.4,90.2,17.119999999999997,32.480000000000004,9.348,1007.8799999999999,100.0,25.56,0.0,2.092,21.2017,106.1543,0.49400000000000005,12.751999999999999,8,34,65,146,1970-01-21 07:42:34.524,1970-01-21 07:43:20.448,Hè,,,
Bắc Ninh,Đồng bằng sông Hồng,2025-08-22,28.619999999999997,31.860000000000003,26.639999999999997,33.72,37.4,31.839999999999996,1.6199999999999999,1.6199999999999999,0.0,4.8,82.8,17.259999999999998,33.48,17.924,1007.6600000000001,98.4,25.2,0.0,4.048,21.2017,106.1543,8.922,12.738,8,34,51,155,1970-01-21 07:44:00.948,1970-01-21 07:44:46.800,Hè,,,
Bắc Ninh,Đồng bằng sông Hồng,2025-08-23,27.860000000000003,30.839999999999996,25.3,34.06,38.28,30.419999999999998,4.0600000000000005,4.0600000000000005,0.0,12.4,85.6,11.7,27.419999999999998,20.334,1007.74,90.6,25.18,0.0,4.151999999999999,21.2017,106.1543,11.136,12.718,8,34,51,143,1970-01-21 07:45:27.360,1970-01-21 07:46:13.140,Hè,,,
Bắc Ninh,Đồng bằng sông Hồng,2025-08-24,27.380000000000003,32.36,24.979999999999997,33.14,39.22,30.18,16.82,16.82,0.0,7.6,88.0,14.559999999999999,38.160000000000004,17.338,1006.72,64.4,25.080000000000002,0.0,3.626,21.2017,106.1543,7.3420000000000005,12.7,8,34,65,351,1970-01-21 07:46:53.760,1970-01-21 07:47:39.480,Hè,,,
Bắc Ninh,Đồng bằng sông Hồng,2025-08-25,25.7,27.24,24.240000000000002,28.639999999999997,30.48,26.78,27.46,27.46,0.0,18.8,88.0,24.34,48.88,5.748,1005.0,98.6,23.520000000000003,0.0,1.7240000000000002,21.2017,106.1543,0.0,12.68,8,35,63,24,1970-01-21 07:48:20.196,1970-01-21 07:49:05.844,Hè,,,
Bắc Ninh,Đồng bằng sông Hồng,2025-08-26,25.080000000000002,27.26,23.72,29.1,31.860000000000003,26.28,43.94,43.94,0.0,22.4,93.6,20.72,42.04,6.944,1007.18,100.0,23.96,0.0,1.482,21.2017,106.1543,0.676,12.662,8,35,63,74,1970-01-21 07:49:46.620,1970-01-21 07:50:32.196,Hè,,,
Bắc Ninh,Đồng bằng sông Hồng,2025-08-27,25.46,28.48,23.5,31.119999999999997,35.379999999999995,28.339999999999996,21.080000000000002,21.080000000000002,0.0,16.2,93.4,8.459999999999999,19.380000000000003,10.946,1007.86,94.8,24.28,0.0,2.248,21.2017,106.1543,2.998,12.642,8,35,63,34,1970-01-21 07:51:13.020,1970-01-21 07:51:58.548,Hè,,,
Bắc Ninh,Đồng bằng sông Hồng,2025-08-28,26.660000000000004,30.880000000000003,23.8,33.0,38.980000000000004,29.080000000000002,8.28,8.28,0.0,9.4,90.2,11.4,27.160000000000004,20.003999999999998,1007.4399999999999,56.0,24.8,0.0,4.05,21.2017,106.1543,10.72,12.622,8,35,63,6,1970-01-21 07:52:39.444,1970-01-21 07:53:24.900,Hè,,,
Bắc Ninh,Đồng bằng sông Hồng,2025-08-29,26.72,30.78,23.759999999999998,31.78,37.12,27.82,10.82,10.82,0.0,11.4,87.0,14.62,30.660000000000004,17.95,1008.28,81.2,24.28,0.0,3.678,21.2017,106.1543,8.97,12.602,8,35,63,2,1970-01-21 07:54:05.868,1970-01-21 07:54:51.240,Hè,,,
Bắc Ninh,Đồng bằng sông Hồng,2025-08-30,26.76,30.18,24.759999999999998,31.139999999999997,34.34,28.6,13.38,13.38,0.0,13.2,86.4,19.56,42.9,12.675999999999998,1007.68,96.8,24.240000000000002,0.0,2.826,21.2017,106.1543,6.32,12.581999999999999,8,35,63,11,1970-01-21 07:55:32.280,1970-01-21 07:56:17.580,Hè,,,
Bắc Ninh,Đồng bằng sông Hồng,2025-08-31,26.160000000000004,30.28,24.04,31.98,36.92,28.7,18.36,18.36,0.0,14.4,91.2,10.8,25.4,13.485999999999999,1008.0200000000001,95.0,24.56,0.0,2.734,21.2017,106.1543,5.206,12.568000000000001,8,35,63,12,1970-01-21 07:56:58.680,1970-01-21 07:57:43.920,Hè,,,
Bắc Ninh,Đồng bằng sông Hồng,2025-09-01,26.72,30.580000000000002,23.9,32.82,38.0,29.04,10.28,10.28,0.0,13.4,89.8,9.68,23.32,17.28,1006.9799999999999,96.2,24.8,0.0,3.5519999999999996,21.2017,106.1543,8.048,12.548,9,36,63,109,1970-01-21 07:58:25.116,1970-01-21 07:59:10.260,Thu,,,
Bắc Ninh,Đồng bằng sông Hồng,2025-09-02,27.68,31.26,24.759999999999998,34.040000000000006,39.6,30.5,2.0,2.0,0.0,8.4,86.8,14.040000000000001,26.72,21.122,1006.72,77.4,25.2,0.0,4.382,21.2017,106.1543,11.98,12.528,9,36,51,123,1970-01-21 07:59:51.540,1970-01-21 08:00:36.612,Thu,,,
Bắc Ninh,Đồng bằng sông Hồng,2025-09-03,28.52,32.18,25.34,34.540000000000006,38.760000000000005,31.46,0.9800000000000001,0.9800000000000001,0.0,7.2,82.8,12.540000000000001,24.26,22.186,1006.8799999999999,38.4,25.14,0.0,4.758,21.2017,106.1543,12.0,12.508,9,36,51,154,1970-01-21 08:01:17.940,1970-01-21 08:02:02.976,Thu,,,
Bắc Ninh,Đồng bằng sông Hồng,2025-09-04,28.78,32.56,25.34,34.9,39.72,31.1,0.6799999999999999,0.6799999999999999,0.0,4.2,82.8,11.620000000000001,23.16,22.456,1006.54,14.8,25.419999999999998,0.0,4.851999999999999,21.2017,106.1543,12.0,12.488,9,36,51,150,1970-01-21 08:02:44.340,1970-01-21 08:03:29.316,Thu,,,
Bắc Ninh,Đồng bằng sông Hồng,2025-09-05,29.2,32.88,25.52,35.32,39.86,31.5,0.5,0.5,0.0,3.6,81.0,12.32,22.259999999999998,22.338,1006.78,66.6,25.36,0.0,4.91,21.2017,106.1543,12.0,12.47,9,36,51,151,1970-01-21 08:04:10.776,1970-01-21 08:04:55.680,Thu,,,
Bắc Ninh,Đồng bằng sông Hồng,2025-09-06,28.939999999999998,32.32000000000001,25.919999999999998,35.58,41.3,32.22,1.26,1.26,0.0,7.2,82.6,9.34,18.919999999999998,19.624000000000002,1007.54,72.2,25.56,0.0,4.2700000000000005,21.2017,106.1543,11.124,12.45,9,36,51,122,1970-01-21 08:05:37.200,1970-01-21 08:06:22.020,Thu,,,
Bắc Ninh,Đồng bằng sông Hồng,2025-09-07,29.339999999999996,33.22,25.44,35.64,40.6,31.840000000000003,0.22000000000000003,0.22000000000000003,0.0,1.0,76.8,8.040000000000001,18.2,22.816000000000003,1005.9,48.8,24.5,0.0,4.892,21.2017,106.1543,12.0,12.43,9,36,3,77,1970-01-21 08:07:03.600,1970-01-21 08:07:48.360,Thu,,,
Bắc Ninh,Đồng bằng sông Hồng,2025-09-08,29.839999999999996,33.739999999999995,25.880000000000003,36.1,41.42,31.439999999999998,0.18,0.18,0.0,1.6,76.6,13.86,23.68,22.125999999999998,1004.6600000000001,84.8,25.080000000000002,0.0,4.952,21.2017,106.1543,11.838,12.41,9,37,51,138,1970-01-21 08:08:30.000,1970-01-21 08:09:14.700,Thu,,,
Bắc Ninh,Đồng bằng sông Hồng,2025-09-09,28.060000000000002,31.46,25.98,34.660000000000004,39.160000000000004,32.06,7.1,7.1,0.0,9.6,87.8,11.9,24.7,11.190000000000001,1006.0799999999999,96.4,25.839999999999996,0.0,2.508,21.2017,106.1543,3.048,12.39,9,37,63,90,1970-01-21 08:09:56.436,1970-01-21 08:10:41.040,Thu,,,
Bắc Ninh,Đồng bằng sông Hồng,2025-09-10,27.78,31.2,25.04,34.24,38.38,30.52,10.6,10.6,0.0,14.2,89.4,9.58,21.880000000000003,17.026,1007.5200000000001,98.4,25.78,0.0,3.5100000000000002,21.2017,106.1543,9.812000000000001,12.37,9,37,63,107,1970-01-21 08:11:22.860,1970-01-21 08:12:07.380,Thu,,,
Bắc Ninh,Đồng bằng sông Hồng,2025-09-11,27.080000000000002,30.439999999999998,24.54,32.68,36.32,29.54,28.78,28.78,0.0,18.6,89.6,13.12,28.560000000000002,13.558000000000002,1008.5600000000001,96.4,25.14,0.0,2.842,21.2017,106.1543,7.232000000000001,12.35,9,37,65,124,1970-01-21 08:12:49.260,1970-01-21 08:13:33.720,Thu,,,
Bắc Ninh,Đồng bằng sông Hồng,2025-09-12,27.060000000000002,31.28,24.44,32.660000000000004,38.839999999999996,29.3,11.5,11.5,0.0,13.6,89.4,17.28,32.38,19.802,1009.5,75.6,25.02,0.0,3.9240000000000004,21.2017,106.1543,10.844,12.33,9,37,63,146,1970-01-21 08:14:15.660,1970-01-21 08:15:00.060,Thu,,,
Bắc Ninh,Đồng bằng sông Hồng,2025-09-13,28.160000000000004,32.16,24.72,33.86,38.4,30.32,1.04,1.04,0.0,4.6,82.0,12.22,24.119999999999997,21.584,1009.9399999999999,85.4,24.6,0.0,4.608,21.2017,106.1543,11.934000000000001,12.31,9,37,53,138,1970-01-21 08:15:42.096,1970-01-21 08:16:26.400,Thu,,,
Bắc Ninh,Đồng bằng sông Hồng,2025-09-14,27.68,31.080000000000002,24.740000000000002,33.6,38.779999999999994,30.18,2.94,2.94,0.0,8.0,85.6,11.139999999999999,24.119999999999997,19.612000000000002,1009.9200000000001,87.6,24.94,0.0,4.052,21.2017,106.1543,10.886,12.29,9,37,53,133,1970-01-21 08:17:08.520,1970-01-21 08:17:52.740,Thu,,,
Bắc Ninh,Đồng bằng sông Hồng,2025-09-15,27.119999999999997,30.24,24.48,32.54,37.019999999999996,29.560000000000002,11.7,11.7,0.0,11.0,85.8,13.88,29.96,17.264000000000003,1010.3799999999999,88.6,24.46,0.0,3.5519999999999996,21.2017,106.1543,10.516,12.27,9,38,63,122,1970-01-21 08:18:34.920,1970-01-21 08:19:19.080,Thu,,,
Bắc Ninh,Đồng bằng sông Hồng,2025-09-16,27.7,31.6,23.98,33.44,38.68,29.139999999999997,6.74,6.74,0.0,7.6,82.0,10.7,19.220000000000002,21.169999999999998,1010.2,57.4,24.119999999999997,0.0,4.465999999999999,21.2017,106.1543,11.8,12.25,9,38,63,124,1970-01-21 08:20:01.320,1970-01-21 08:20:45.420,Thu,,,
Bắc Ninh,Đồng bằng sông Hồng,2025-09-17,26.9,31.22,24.54,32.760000000000005,38.1,29.419999999999998,13.940000000000001,13.940000000000001,0.0,12.2,87.2,14.139999999999997,33.68,16.256,1008.96,81.0,24.48,0.0,3.346,21.2017,106.1543,6.798,12.23,9,38,63,44,1970-01-21 08:21:27.756,1970-01-21 08:22:11.760,Thu,,,
Bắc Ninh,Đồng bằng sông Hồng,2025-09-18,26.380000000000003,29.860000000000003,23.86,32.28,36.4,28.74,15.580000000000002,15.580000000000002,0.0,13.2,90.4,10.059999999999999,26.78,14.203999999999999,1008.86,97.6,24.54,0.0,2.874,21.2017,106.1543,6.9799999999999995,12.21,9,38,65,6,1970-01-21 08:22:54.180,1970-01-21 08:23:38.100,Thu,,,
Bắc Ninh,Đồng bằng sông Hồng,2025-09-19,27.72,31.72,24.2,33.78,39.38,29.28,6.459999999999999,6.459999999999999,0.0,9.6,84.6,10.84,23.56,20.753999999999998,1008.4399999999999,65.6,24.740000000000002,0.0,4.35,21.2017,106.1543,11.244,12.19,9,38,63,133,1970-01-21 08:24:20.580,1970-01-21 08:25:04.452,Thu,,,
Bắc Ninh,Đồng bằng sông Hồng,2025-09-20,29.26,33.260000000000005,25.04,35.44,40.58,30.7,0.02,0.02,0.0,0.2,77.4,10.620000000000001,18.16,21.848,1006.5799999999999,41.8,24.54,0.0,4.774,21.2017,106.1543,11.722,12.17,9,38,3,137,1970-01-21 08:25:46.980,1970-01-21 08:26:30.792,Thu,,,
Bắc Ninh,Đồng bằng sông Hồng,2025-09-21,28.419999999999998,32.86,25.9,34.339999999999996,40.32,30.82,11.639999999999999,11.639999999999999,0.0,8.8,83.0,12.88,28.52,18.712,1006.0600000000001,68.8,25.080000000000002,0.0,4.016,21.2017,106.1543,9.666,12.15,9,38,63,68,1970-01-21 08:27:13.404,1970-01-21 08:27:57.132,Thu,,,
Bắc Ninh,Đồng bằng sông Hồng,2025-09-22,27.02,30.46,24.419999999999998,32.4,36.440000000000005,29.28,11.54,11.54,0.0,12.4,85.0,10.7,23.2,14.678,1007.46,77.8,24.14,0.0,3.084,21.2017,106.1543,7.698,12.13,9,39,63,48,1970-01-21 08:28:39.840,1970-01-21 08:29:23.484,Thu,,,
Bắc Ninh,Đồng bằng sông Hồng,2025-09-23,27.76,31.96,24.4,32.8,37.379999999999995,28.560000000000002,0.9,0.9,0.0,4.6,78.6,11.3,22.54,19.880000000000003,1005.5,41.8,23.52,0.0,4.2780000000000005,21.2017,106.1543,11.074000000000002,12.11,9,39,51,339,1970-01-21 08:30:06.240,1970-01-21 08:30:49.848,Thu,,,
Bắc Ninh,Đồng bằng sông Hồng,2025-09-24,29.060000000000002,33.44,25.0,32.14,35.8,28.439999999999998,0.06000000000000001,0.06000000000000001,0.0,0.6,67.6,24.4,46.6,19.898000000000003,1002.4799999999999,78.4,22.119999999999997,0.0,5.316,21.2017,106.1543,11.175999999999998,12.09,9,39,3,340,1970-01-21 08:31:32.640,1970-01-21 08:32:16.200,Thu,,,
Bắc Ninh,Đồng bằng sông Hồng,2025-09-25,25.82,28.139999999999997,23.96,29.2,30.939999999999998,26.46,19.6,19.6,0.0,13.8,81.8,19.16,39.519999999999996,7.6819999999999995,1003.1,99.4,22.32,0.0,2.128,21.2017,106.1543,1.384,12.07,9,39,63,327,1970-01-21 08:32:59.064,1970-01-21 08:33:42.540,Thu,,,
Bắc Ninh,Đồng bằng sông Hồng,2025-09-26,25.48,29.1,23.68,30.46,34.62,27.82,16.54,16.54,0.0,12.4,91.0,12.56,26.26,10.315999999999999,1010.1200000000001,100.0,23.84,0.0,2.12,21.2017,106.1543,2.866,12.05,9,39,65,6,1970-01-21 08:34:25.500,1970-01-21 08:35:08.880,Thu,,,
Bắc Ninh,Đồng bằng sông Hồng,2025-09-27,27.5,31.68,24.0,32.6,37.82,28.160000000000004,3.6799999999999997,3.6799999999999997,0.0,8.2,83.0,12.559999999999999,34.28,18.746000000000002,1011.8,95.4,24.2,0.0,4.014,21.2017,106.1543,10.117999999999999,12.03,9,39,61,0,1970-01-21 08:35:51.900,1970-01-21 08:36:35.220,Thu,,,
Bắc Ninh,Đồng bằng sông Hồng,2025-09-28,26.76,30.52,24.580000000000002,30.48,34.339999999999996,27.119999999999997,25.119999999999997,25.119999999999997,0.0,15.8,83.6,22.82,46.08,11.556000000000001,1008.5200000000001,83.8,23.7,0.0,2.804,21.2017,106.1543,5.63,12.01,9,39,65,14,1970-01-21 08:37:18.300,1970-01-21 08:38:01.560,Thu,,,
Bắc Ninh,Đồng bằng sông Hồng,2025-09-29,24.7,25.52,24.18,27.160000000000004,28.68,25.28,67.56,67.56,0.0,24.0,93.8,32.08,61.06,3.226,1006.72,100.0,23.580000000000002,0.0,0.93,21.2017,106.1543,0.0,11.99,9,40,63,76,1970-01-21 08:38:44.748,1970-01-21 08:39:27.900,Thu,,,
Bắc Ninh,Đồng bằng sông Hồng,2025-09-30,25.4,28.160000000000004,23.64,29.580000000000002,31.9,27.28,44.839999999999996,44.839999999999996,0.0,21.6,93.0,21.84,42.12,8.936,1010.3399999999999,100.0,24.14,0.0,1.8239999999999998,21.2017,106.1543,1.9060000000000001,11.97,9,40,63,131,1970-01-21 08:40:11.160,1970-01-21 08:40:54.240,Thu,,,
Bắc Ninh,Đồng bằng sông Hồng,2025-10-01,26.48,30.560000000000002,23.880000000000003,32.18,36.56,28.76,4.9,4.9,0.0,12.4,89.8,12.32,30.580000000000002,14.791999999999998,1011.54,97.0,24.6,0.0,2.9859999999999998,21.2017,106.1543,6.909999999999999,11.95,10,40,61,144,1970-01-21 08:41:37.560,1970-01-21 08:42:20.580,Thu,,,
Bắc Ninh,Đồng bằng sông Hồng,2025-10-02,27.76,31.919999999999998,24.18,32.92,37.54,29.74,0.18,0.18,0.0,1.8,81.0,12.68,22.96,20.03,1011.3799999999999,59.2,23.86,0.0,4.36,21.2017,106.1543,10.558,11.93,10,40,51,151,1970-01-21 08:43:03.972,1970-01-21 08:43:46.920,Thu,,,
Bắc Ninh,Đồng bằng sông Hồng,2025-10-03,27.68,32.04,24.080000000000002,32.739999999999995,37.54,29.419999999999998,0.0,0.0,0.0,0.0,81.0,13.34,24.48,20.986,1011.0799999999999,7.4,23.86,0.0,4.5600000000000005,21.2017,106.1543,11.16,11.91,10,40,1,133,1970-01-21 08:44:30.420,1970-01-21 08:45:13.260,Thu,,,
Bắc Ninh,Đồng bằng sông Hồng,2025-10-04,27.580000000000002,30.98,24.9,33.56,37.62,30.7,1.34,1.34,0.0,4.8,86.4,10.48,25.839999999999996,17.392000000000003,1010.7,44.8,24.96,0.0,3.6019999999999994,21.2017,106.1543,10.612,11.89,10,40,51,111,1970-01-21 08:45:56.820,1970-01-21 08:46:39.600,Thu,,,
Bắc Ninh,Đồng bằng sông Hồng,2025-10-05,28.380000000000003,33.06,24.44,33.980000000000004,39.18,29.78,2.38,2.38,0.0,2.4,82.2,13.76,27.860000000000003,18.776,1006.46,92.8,24.880000000000003,0.0,4.184,21.2017,106.1543,10.596,11.87,10,40,61,319,1970-01-21 08:47:23.220,1970-01-21 08:48:05.952,Thu,,,
Bắc Ninh,Đồng bằng sông Hồng,2025-10-06,25.36,27.8,23.8,29.139999999999997,32.04,27.360000000000003,51.44,51.44,0.0,20.2,90.6,22.0,40.760000000000005,2.67,1004.5,100.0,23.7,0.0,0.966,21.2017,106.1543,0.0,11.85,10,41,65,245,1970-01-21 08:48:49.656,1970-01-21 08:49:32.316,Thu,,,
Bắc Ninh,Đồng bằng sông Hồng,2025-10-07,24.86,27.360000000000003,23.22,29.560000000000002,32.4,27.1,89.84,89.84,0.0,21.4,94.4,16.880000000000003,33.04,5.082,1011.64,99.8,23.84,0.0,1.1440000000000001,21.2017,106.1543,0.01,11.83,10,41,65,120,1970-01-21 08:50:16.080,1970-01-21 08:50:58.656,Thu,,,
Bắc Ninh,Đồng bằng sông Hồng,2025-10-08,26.160000000000004,29.839999999999996,22.84,31.360000000000003,35.62,27.080000000000002,10.940000000000001,10.940000000000001,0.0,9.8,85.0,7.580000000000001,19.44,14.596,1012.9799999999999,74.4,23.28,0.0,3.002,21.2017,106.1543,8.414,11.81,10,41,63,7,1970-01-21 08:51:42.480,1970-01-21 08:52:25.020,Thu,,,
Bắc Ninh,Đồng bằng sông Hồng,2025-10-09,26.98,31.4,22.96,32.08,37.2,27.660000000000004,0.3,0.3,0.0,2.2,81.6,8.7,18.7,18.82,1012.1600000000001,29.2,23.259999999999998,0.0,4.006,21.2017,106.1543,10.388,11.79,10,41,51,97,1970-01-21 08:53:08.916,1970-01-21 08:53:51.360,Thu,,,
Bắc Ninh,Đồng bằng sông Hồng,2025-10-10,27.339999999999996,31.380000000000003,23.740000000000002,32.56,37.32,28.919999999999998,0.25999999999999995,0.25999999999999995,0.0,2.2,80.4,11.379999999999999,19.02,19.27,1011.5,15.2,23.44,0.0,4.1,21.2017,106.1543,10.74,11.77,10,41,51,85,1970-01-21 08:54:35.340,1970-01-21 08:55:17.700,Thu,,,
Bắc Ninh,Đồng bằng sông Hồng,2025-10-11,26.5,30.119999999999997,23.880000000000003,32.239999999999995,36.1,28.54,5.9,5.9,0.0,9.4,88.4,8.18,19.82,13.866,1010.9399999999999,79.6,24.28,0.0,2.838,21.2017,106.1543,7.396000000000001,11.75,10,41,61,97,1970-01-21 08:56:01.740,1970-01-21 08:56:44.040,Thu,,,
Bắc Ninh,Đồng bằng sông Hồng,2025-10-12,27.419999999999998,30.96,24.339999999999996,33.18,36.96,30.02,0.5599999999999999,0.5599999999999999,0.0,4.0,84.4,7.659999999999999,18.6,17.966,1010.24,32.0,24.34,0.0,3.7560000000000002,21.2017,106.1543,10.486,11.73,10,41,51,116,1970-01-21 08:57:28.176,1970-01-21 08:58:10.380,Thu,,,
Bắc Ninh,Đồng bằng sông Hồng,2025-10-13,26.28,30.439999999999998,24.44,31.96,36.18,29.74,8.36,8.36,0.0,10.8,90.2,12.26,25.7,11.872,1011.0200000000001,82.4,24.5,0.0,2.464,21.2017,106.1543,6.034000000000001,11.712,10,42,63,76,1970-01-21 08:58:54.600,1970-01-21 08:59:36.756,Thu,,,
Bắc Ninh,Đồng bằng sông Hồng,2025-10-14,25.2,28.74,23.54,30.3,33.46,28.2,25.52,25.52,0.0,19.4,92.4,13.9,28.72,8.094,1011.4,99.6,23.84,0.0,1.722,21.2017,106.1543,1.47,11.691999999999998,10,42,63,40,1970-01-21 09:00:21.000,1970-01-21 09:01:03.108,Thu,,,
Bắc Ninh,Đồng bằng sông Hồng,2025-10-15,25.48,28.78,23.3,30.619999999999997,33.78,27.96,12.1,12.1,0.0,9.8,90.8,12.4,26.48,9.47,1012.2,98.2,23.8,0.0,2.0,21.2017,106.1543,2.892,11.672,10,42,63,83,1970-01-21 09:01:47.436,1970-01-21 09:02:29.460,Thu,,,
Bắc Ninh,Đồng bằng sông Hồng,2025-10-16,26.080000000000002,30.8,22.619999999999997,31.119999999999997,36.839999999999996,26.339999999999996,9.48,9.48,0.0,11.6,86.6,13.02,29.860000000000003,17.292,1013.5799999999999,53.2,23.46,0.0,3.524,21.2017,106.1543,9.866,11.652000000000001,10,42,63,22,1970-01-21 09:03:13.860,1970-01-21 09:03:55.800,Thu,,,
Bắc Ninh,Đồng bằng sông Hồng,2025-10-17,27.04,31.419999999999998,23.22,31.96,36.3,28.0,0.16,0.16,0.0,1.4,81.0,8.28,19.3,18.163999999999998,1013.6600000000001,26.0,23.06,0.0,3.854,21.2017,106.1543,10.912,11.632000000000001,10,42,51,48,1970-01-21 09:04:40.260,1970-01-21 09:05:22.140,Thu,,,
Bắc Ninh,Đồng bằng sông Hồng,2025-10-18,27.139999999999997,31.3,23.14,31.880000000000003,35.88,27.28,0.26,0.26,0.0,2.0,78.8,9.2,20.8,17.842,1012.8799999999999,7.0,22.86,0.0,3.814,21.2017,106.1543,11.0,11.611999999999998,10,42,51,69,1970-01-21 09:06:06.708,1970-01-21 09:06:48.516,Thu,,,
Bắc Ninh,Đồng bằng sông Hồng,2025-10-19,26.339999999999996,31.04,23.56,30.880000000000003,36.019999999999996,27.18,7.720000000000001,7.720000000000001,0.0,8.0,84.4,13.4,29.580000000000002,16.278,1012.74,39.8,23.32,0.0,3.3939999999999997,21.2017,106.1543,10.248000000000001,11.597999999999999,10,42,63,22,1970-01-21 09:07:33.120,1970-01-21 09:08:14.880,Thu,,,
Bắc Ninh,Đồng bằng sông Hồng,2025-10-20,25.76,29.6,23.2,27.24,31.159999999999997,24.02,0.0,0.0,0.0,0.0,67.6,20.080000000000002,37.58,18.954,1013.78,6.4,19.119999999999997,0.0,4.75,21.2017,106.1543,10.952,11.578,10,43,1,24,1970-01-21 09:08:59.556,1970-01-21 09:09:41.220,Thu,,,
Bắc Ninh,Đồng bằng sông Hồng,2025-10-21,24.04,28.3,21.1,22.94,27.26,19.54,0.0,0.0,0.0,0.0,57.6,26.46,53.2,18.574,1015.96,24.0,15.080000000000002,0.0,5.43,21.2017,106.1543,10.953999999999999,11.558000000000002,10,43,3,24,1970-01-21 09:10:25.980,1970-01-21 09:11:07.560,Thu,,,
Bắc Ninh,Đồng bằng sông Hồng,2025-10-22,22.119999999999997,24.8,19.880000000000003,20.04,23.02,16.94,0.0,0.0,0.0,0.0,54.4,23.68,44.279999999999994,14.14,1017.9399999999999,99.2,12.48,0.0,4.718,21.2017,106.1543,9.114,11.538,10,43,3,22,1970-01-21 09:11:52.380,1970-01-21 09:12:33.936,Thu,,,
Bắc Ninh,Đồng bằng sông Hồng,2025-10-23,19.42,21.2,18.240000000000002,17.66,19.1,16.2,0.9199999999999999,0.9199999999999999,0.0,4.8,63.8,21.52,38.94,5.704,1019.64,99.0,12.4,0.0,2.698,21.2017,106.1543,0.45199999999999996,11.52,10,43,51,17,1970-01-21 09:13:18.828,1970-01-21 09:14:00.300,Thu,,,
Bắc Ninh,Đồng bằng sông Hồng,2025-10-24,20.4,22.52,18.64,20.380000000000003,22.56,18.32,1.1400000000000001,1.1400000000000001,0.0,3.2,71.8,15.14,28.860000000000003,6.9799999999999995,1018.9399999999999,94.8,15.080000000000002,0.0,2.168,21.2017,106.1543,0.712,11.5,10,43,51,4,1970-01-21 09:14:45.240,1970-01-21 09:15:26.640,Thu,,,
Bắc Ninh,Đồng bằng sông Hồng,2025-10-25,22.259999999999998,26.160000000000004,19.68,23.18,27.339999999999996,19.880000000000003,0.0,0.0,0.0,0.0,69.8,11.4,24.04,11.712,1017.0799999999999,68.8,16.380000000000003,0.0,2.834,21.2017,106.1543,5.578,11.48,10,43,3,353,1970-01-21 09:16:11.676,1970-01-21 09:16:53.016,Thu,,,
Bắc Ninh,Đồng bằng sông Hồng,2025-10-26,23.82,27.660000000000004,20.860000000000003,25.02,29.6,21.580000000000002,0.0,0.0,0.0,0.0,68.0,14.8,27.580000000000002,14.528,1016.8,74.0,17.46,0.0,3.582,21.2017,106.1543,8.458,11.462,10,43,3,20,1970-01-21 09:17:38.100,1970-01-21 09:18:19.380,Thu,,,
Bắc Ninh,Đồng bằng sông Hồng,2025-10-27,23.5,27.4,20.86,24.06,28.919999999999998,20.080000000000002,0.0,0.0,0.0,0.0,64.4,16.44,30.74,11.772,1017.26,79.4,16.34,0.0,3.282,21.2017,106.1543,6.7459999999999996,11.441999999999998,10,44,3,24,1970-01-21 09:19:04.536,1970-01-21 09:19:45.720,Thu,,,
Bắc Ninh,Đồng bằng sông Hồng,2025-10-28,23.64,26.860000000000003,21.439999999999998,24.3,27.3,22.16,0.0,0.0,0.0,0.0,63.0,14.66,28.880000000000003,13.982,1017.04,95.0,16.1,0.0,3.5780000000000003,21.2017,106.1543,9.431999999999999,11.428,10,44,3,22,1970-01-21 09:20:30.960,1970-01-21 09:21:12.096,Thu,,,
Bắc Ninh,Đồng bằng sông Hồng,2025-10-29,23.66,27.3,19.56,25.52,29.68,20.32,0.0,0.0,0.0,0.0,68.8,10.66,21.7,13.442000000000002,1015.8,87.4,17.5,0.0,2.886,21.2017,106.1543,10.058,11.41,10,44,3,18,1970-01-21 09:21:57.384,1970-01-21 09:22:38.460,Thu,,,
Bắc Ninh,Đồng bằng sông Hồng,2025-10-30,23.56,25.16,22.3,26.5,28.2,24.86,9.5,9.5,0.0,13.4,85.6,12.84,22.02,4.802,1015.78,100.0,20.880000000000003,0.0,1.264,21.2017,106.1543,0.184,11.39,10,44,61,24,1970-01-21 09:23:23.820,1970-01-21 09:24:04.800,Thu,,,
Bắc Ninh,Đồng bằng sông Hồng,2025-10-31,23.22,25.02,21.8,25.580000000000002,27.060000000000002,23.46,2.9,2.9,0.0,9.0,83.6,15.219999999999999,28.0,5.6899999999999995,1016.4799999999999,99.6,20.240000000000002,0.0,1.5699999999999998,21.2017,106.1543,0.518,11.37,10,44,53,15,1970-01-21 09:24:50.232,1970-01-21 09:25:31.188,Thu,,,
Bắc Ninh,Đồng bằng sông Hồng,2025-11-01,20.9,22.28,19.9,21.84,24.56,20.4,4.36,4.36,0.0,15.6,82.6,17.64,31.26,3.5620000000000003,1017.5200000000001,100.0,17.82,0.0,1.262,21.2017,106.1543,0.0,11.358,11,44,53,10,1970-01-21 09:26:16.680,1970-01-21 09:26:57.540,Thu,,,
Bắc Ninh,Đồng bằng sông Hồng,2025-11-02,20.580000000000002,21.94,19.4,20.740000000000002,22.240000000000002,19.48,0.82,0.82,0.0,5.4,76.8,17.119999999999997,29.660000000000004,3.7640000000000002,1018.0200000000001,100.0,16.34,0.0,1.636,21.2017,106.1543,0.0,11.34,11,44,51,21,1970-01-21 09:27:43.092,1970-01-21 09:28:23.916,Thu,,,
Bắc Ninh,Đồng bằng sông Hồng,2025-11-03,19.4,20.419999999999998,17.880000000000003,18.86,20.14,17.46,2.56,2.56,0.0,10.0,77.2,18.580000000000002,33.56,3.4799999999999995,1018.18,100.0,15.280000000000001,0.0,1.612,21.2017,106.1543,0.0,11.32,11,45,53,6,1970-01-21 09:29:09.540,1970-01-21 09:29:50.280,Thu,,,
Bắc Ninh,Đồng bằng sông Hồng,2025-11-04,18.9,20.56,17.28,18.759999999999998,21.46,16.76,2.54,2.54,0.0,8.4,78.8,18.16,33.2,3.9880000000000004,1017.46,99.0,15.12,0.0,1.36,21.2017,106.1543,0.066,11.302000000000001,11,45,51,2,1970-01-21 09:30:35.964,1970-01-21 09:31:16.656,Thu,,,
Bắc Ninh,Đồng bằng sông Hồng,2025-11-05,20.619999999999997,22.759999999999998,18.64,22.14,24.8,19.34,0.16,0.16,0.0,1.6,79.0,10.379999999999999,18.94,6.04,1014.5,99.8,16.759999999999998,0.0,1.432,21.2017,106.1543,0.16999999999999998,11.29,11,45,51,4,1970-01-21 09:32:02.400,1970-01-21 09:32:43.020,Thu,,,
Bắc Ninh,Đồng bằng sông Hồng,2025-11-06,22.119999999999997,25.28,19.28,25.06,28.3,22.06,0.0,0.0,0.0,0.0,85.2,7.42,16.34,7.840000000000001,1012.8799999999999,63.4,19.38,0.0,1.626,21.2017,106.1543,2.158,11.27,11,45,3,41,1970-01-21 09:33:28.824,1970-01-21 09:34:09.408,Thu,,,
Bắc Ninh,Đồng bằng sông Hồng,2025-11-07,23.4,26.52,20.419999999999998,26.52,30.2,23.16,7.42,7.42,0.0,12.8,88.2,14.719999999999999,27.72,5.894,1011.8,99.2,21.3,0.0,1.408,21.2017,106.1543,0.674,11.251999999999999,11,45,63,6,1970-01-21 09:34:55.260,1970-01-21 09:35:35.772,Thu,,,
Bắc Ninh,Đồng bằng sông Hồng,2025-11-08,25.2,29.48,22.4,29.26,33.480000000000004,25.6,9.1,9.1,0.0,13.4,88.0,16.44,33.42,11.044,1012.82,66.0,22.96,0.0,2.366,21.2017,106.1543,7.598000000000001,11.24,11,45,63,81,1970-01-21 09:36:21.696,1970-01-21 09:37:02.160,Thu,,,
Bắc Ninh,Đồng bằng sông Hồng,2025-11-09,24.740000000000002,27.8,22.7,29.5,32.84,26.98,20.32,20.32,0.0,15.2,91.8,13.1,27.5,9.225999999999999,1012.4,79.2,23.28,0.0,1.874,21.2017,106.1543,5.12,11.22,11,45,63,66,1970-01-21 09:37:48.120,1970-01-21 09:38:28.524,Thu,,,
Bắc Ninh,Đồng bằng sông Hồng,2025-11-10,24.419999999999998,27.74,21.86,27.060000000000002,30.639999999999997,23.86,0.16,0.16,0.0,1.4,79.4,14.059999999999999,25.259999999999998,12.172,1011.18,77.4,20.419999999999998,0.0,2.818,21.2017,106.1543,7.481999999999999,11.21,11,46,3,38,1970-01-21 09:39:14.568,1970-01-21 09:39:54.900,Thu,,,
Bắc Ninh,Đồng bằng sông Hồng,2025-11-11,22.84,24.759999999999998,21.259999999999998,23.98,26.3,21.919999999999998,0.3,0.3,0.0,2.0,70.8,14.680000000000001,26.339999999999996,5.952,1012.32,99.2,17.18,0.0,1.968,21.2017,106.1543,0.20600000000000002,11.19,11,46,51,17,1970-01-21 09:40:40.992,1970-01-21 09:41:21.288,Thu,,,
Bắc Ninh,Đồng bằng sông Hồng,2025-11-12,22.2,25.52,20.02,22.34,26.32,19.419999999999998,0.0,0.0,0.0,0.0,63.6,15.459999999999999,29.520000000000003,13.847999999999999,1015.4399999999999,74.8,14.8,0.0,3.3600000000000003,21.2017,106.1543,9.758,11.178,11,46,3,8,1970-01-21 09:42:07.440,1970-01-21 09:42:47.652,Thu,,,
Bắc Ninh,Đồng bằng sông Hồng,2025-11-13,21.96,26.419999999999998,18.6,22.3,26.82,18.98,0.0,0.0,0.0,0.0,61.6,13.180000000000001,27.139999999999997,17.432,1017.9200000000001,28.4,13.959999999999999,0.0,3.66,21.2017,106.1543,10.495999999999999,11.16,11,46,3,9,1970-01-21 09:43:33.864,1970-01-21 09:44:14.040,Thu,,,
Bắc Ninh,Đồng bằng sông Hồng,2025-11-14,20.44,26.059999999999995,15.64,20.66,26.04,15.419999999999998,0.0,0.0,0.0,0.0,66.4,12.7,26.5,17.818,1017.96,7.2,13.38,0.0,3.498,21.2017,106.1543,10.844,11.142,11,46,1,20,1970-01-21 09:45:00.300,1970-01-21 09:45:40.428,Thu,,,
Bắc Ninh,Đồng bằng sông Hồng,2025-11-15,20.98,27.3,15.280000000000001,22.0,28.619999999999997,15.0,0.0,0.0,0.0,0.0,73.0,11.5,24.64,17.29,1019.3799999999999,2.8,15.64,0.0,3.3899999999999997,21.2017,106.1543,10.834,11.13,11,46,1,5,1970-01-21 09:46:26.748,1970-01-21 09:47:06.804,Thu,,,
Bắc Ninh,Đồng bằng sông Hồng,2025-11-16,22.28,25.860000000000003,19.06,24.1,27.82,20.64,0.12,0.12,0.0,1.0,77.6,11.02,20.32,6.62,1019.8799999999999,75.2,18.04,0.0,1.6920000000000002,21.2017,106.1543,2.464,11.117999999999999,11,46,51,6,1970-01-21 09:47:53.172,1970-01-21 09:48:33.180,Thu,,,
Bắc Ninh,Đồng bằng sông Hồng,2025-11-17,22.740000000000002,25.96,20.4,25.34,28.48,22.94,1.08,1.08,0.0,4.4,83.6,11.86,20.72,6.7780000000000005,1019.7,94.6,19.68,0.0,1.6039999999999999,21.2017,106.1543,2.028,11.1,11,47,53,3,1970-01-21 09:49:19.620,1970-01-21 09:49:59.580,Thu,,,
Bắc Ninh,Đồng bằng sông Hồng,2025-11-18,17.28,21.759999999999998,12.78,16.419999999999998,24.06,10.059999999999999,17.32,17.32,0.0,24.0,89.8,26.3,46.58,2.356,1024.0,100.0,15.580000000000002,0.0,0.776,21.2017,106.1543,0.0,11.09,11,47,61,22,1970-01-21 09:50:46.056,1970-01-21 09:51:25.968,Thu,,,
Bắc Ninh,Đồng bằng sông Hồng,2025-11-19,14.219999999999999,16.46,12.14,11.66,14.74,8.52,2.7199999999999998,2.7199999999999998,0.0,6.4,69.0,22.52,41.339999999999996,9.086,1027.52,88.6,8.379999999999999,0.0,2.13,21.2017,106.1543,3.2159999999999997,11.072,11,47,51,5,1970-01-21 09:52:12.480,1970-01-21 09:52:52.356,Thu,,,
Bắc Ninh,Đồng bằng sông Hồng,2025-11-20,16.82,21.919999999999998,12.6,15.14,20.16,10.440000000000001,0.0,0.0,0.0,0.0,59.6,15.3,30.380000000000003,16.952,1024.98,5.8,8.620000000000001,0.0,3.4019999999999997,21.2017,106.1543,10.648,11.06,11,47,1,2,1970-01-21 09:53:38.928,1970-01-21 09:54:18.732,Thu,,,
Bắc Ninh,Đồng bằng sông Hồng,2025-11-21,18.5,23.54,14.780000000000001,16.86,21.98,13.040000000000001,0.0,0.0,0.0,0.0,55.0,15.9,32.12,16.682,1023.9799999999999,19.0,9.040000000000001,0.0,3.754,21.2017,106.1543,10.154,11.05,11,47,3,7,1970-01-21 09:55:05.352,1970-01-21 09:55:45.132,Thu,,,
Bắc Ninh,Đồng bằng sông Hồng,2025-11-22,18.86,24.080000000000002,13.580000000000002,18.18,23.54,12.24,0.0,0.0,0.0,0.0,60.4,10.48,21.98,17.036,1021.3799999999999,23.0,10.459999999999999,0.0,3.2920000000000003,21.2017,106.1543,10.632,11.038,11,47,3,14,1970-01-21 09:56:31.800,1970-01-21 09:57:11.520,Thu,,,
Bắc Ninh,Đồng bằng sông Hồng,2025-11-23,20.259999999999998,25.259999999999998,16.479999999999997,20.6,25.82,16.36,0.0,0.0,0.0,0.0,64.6,9.2,20.22,16.47,1019.6600000000001,24.4,12.959999999999999,0.0,3.1260000000000003,21.2017,106.1543,10.088,11.022,11,47,3,7,1970-01-21 09:57:58.236,1970-01-21 09:58:37.920,Thu,,,
Bắc Ninh,Đồng bằng sông Hồng,2025-11-24,20.0,25.919999999999998,15.3,19.48,25.14,14.780000000000001,0.0,0.0,0.0,0.0,65.0,14.540000000000001,29.52,16.668,1020.18,18.4,12.78,0.0,3.662,21.2017,106.1543,10.120000000000001,11.01,11,48,3,10,1970-01-21 09:59:24.672,1970-01-21 10:00:04.308,Thu,,,
Bắc Ninh,Đồng bằng sông Hồng,2025-11-25,19.34,24.119999999999997,15.319999999999999,17.580000000000002,22.52,13.559999999999999,0.0,0.0,0.0,0.0,54.4,18.98,36.059999999999995,16.889999999999997,1021.32,14.0,9.66,0.0,4.0760000000000005,21.2017,106.1543,10.516,11.0,11,48,3,8,1970-01-21 10:00:51.108,1970-01-21 10:01:30.708,Thu,,,
Bắc Ninh,Đồng bằng sông Hồng,2025-11-26,17.48,23.56,12.9,16.18,22.759999999999998,10.84,0.0,0.0,0.0,0.0,60.8,12.88,25.78,17.148,1020.54,26.6,9.42,0.0,3.4520000000000004,21.2017,106.1543,10.596,10.99,11,48,3,12,1970-01-21 10:02:17.556,1970-01-21 10:02:57.108,Thu,,,
Bắc Ninh,Đồng bằng sông Hồng,2025-11-27,17.86,24.22,13.719999999999999,15.34,20.84,11.28,0.0,0.0,0.0,0.0,52.6,21.22,40.019999999999996,17.292,1023.5600000000001,58.2,7.459999999999999,0.0,4.184,21.2017,106.1543,10.59,10.98,11,48,3,7,1970-01-21 10:03:43.980,1970-01-21 10:04:23.508,Thu,,,
Bắc Ninh,Đồng bằng sông Hồng,2025-11-28,17.0,23.98,11.78,15.6,22.96,9.559999999999999,0.0,0.0,0.0,0.0,59.4,12.86,25.56,17.354,1019.04,50.4,8.48,0.0,3.408,21.2017,106.1543,10.49,10.97,11,48,3,347,1970-01-21 10:05:10.428,1970-01-21 10:05:49.908,Thu,,,
Bắc Ninh,Đồng bằng sông Hồng,2025-11-29,16.36,23.32,9.9,16.060000000000002,23.759999999999998,8.78,0.0,0.0,0.0,0.0,71.4,8.3,16.56,17.136000000000003,1015.8,0.0,10.64,0.0,2.944,21.2017,106.1543,10.482000000000001,10.96,11,48,0,40,1970-01-21 10:06:36.864,1970-01-21 10:07:16.308,Thu,,,
Bắc Ninh,Đồng bằng sông Hồng,2025-11-30,18.880000000000003,24.7,13.680000000000001,19.6,25.9,13.4,0.0,0.0,0.0,0.0,73.2,8.620000000000001,16.46,15.806000000000001,1014.1200000000001,32.6,13.66,0.0,2.854,21.2017,106.1543,10.022,10.95,11,48,3,18,1970-01-21 10:08:03.300,1970-01-21 10:08:42.720,Thu,,,
Bắc Ninh,Đồng bằng sông Hồng,2025-12-01,20.48,25.18,17.44,22.22,27.7,18.32,1.3,1.3,0.0,4.0,84.0,10.98,18.72,9.809999999999999,1014.4200000000001,62.0,17.5,0.0,1.922,21.2017,106.1543,5.482,10.94,12,49,51,18,1970-01-21 10:09:29.748,1970-01-21 10:10:09.120,Đông,,,
Bắc Ninh,Đồng bằng sông Hồng,2025-12-02,22.279999999999998,26.82,19.02,25.119999999999997,29.639999999999997,21.2,1.48,1.48,0.0,3.6,85.0,9.680000000000001,18.44,10.838,1013.64,60.6,19.380000000000003,0.0,2.1399999999999997,21.2017,106.1543,7.6,10.93,12,49,53,123,1970-01-21 10:10:56.184,1970-01-21 10:11:35.532,Đông,,,
Bắc Ninh,Đồng bằng sông Hồng,2025-12-03,21.02,23.6,19.44,21.46,24.240000000000002,18.880000000000003,1.52,1.52,0.0,6.4,76.2,21.68,40.62,9.368,1018.9799999999999,87.8,16.3,0.0,2.48,21.2017,106.1543,5.726,10.92,12,49,51,35,1970-01-21 10:12:22.620,1970-01-21 10:13:01.932,Đông,,,
Bắc Ninh,Đồng bằng sông Hồng,2025-12-04,20.14,23.7,17.740000000000002,20.6,24.9,17.26,0.02,0.02,0.0,0.2,69.6,10.18,18.86,10.206,1019.74,71.8,14.280000000000001,0.0,2.276,21.2017,106.1543,6.066,10.912,12,49,3,40,1970-01-21 10:13:49.068,1970-01-21 10:14:28.356,Đông,,,
Bắc Ninh,Đồng bằng sông Hồng,2025-12-05,19.64,21.880000000000003,18.2,19.919999999999998,21.98,18.32,1.1800000000000002,1.1800000000000002,0.0,5.8,75.2,13.66,26.22,5.598000000000001,1020.9799999999999,98.2,15.12,0.0,1.6019999999999999,21.2017,106.1543,1.016,10.902000000000001,12,49,51,25,1970-01-21 10:15:15.504,1970-01-21 10:15:54.768,Đông,,,
Bắc Ninh,Đồng bằng sông Hồng,2025-12-06,20.02,23.78,16.759999999999998,20.42,24.86,16.98,0.0,0.0,0.0,0.0,72.4,15.64,27.08,11.036,1019.08,79.0,14.76,0.0,2.462,21.2017,106.1543,5.558,10.898,12,49,3,96,1970-01-21 10:16:41.940,1970-01-21 10:17:21.168,Đông,,,
Bắc Ninh,Đồng bằng sông Hồng,2025-12-07,21.44,25.54,18.74,23.36,27.28,20.34,1.2,1.2,0.0,7.6,79.8,10.54,21.24,13.058000000000002,1018.68,56.6,17.6,0.0,2.536,21.2017,106.1543,8.878,10.89,12,49,51,91,1970-01-21 10:18:08.388,1970-01-21 10:18:47.580,Đông,,,
Bắc Ninh,Đồng bằng sông Hồng,2025-12-08,21.04,25.4,17.82,21.880000000000003,26.44,17.5,0.4399999999999999,0.4399999999999999,0.0,1.8,73.4,15.38,30.02,13.94,1020.22,41.8,15.72,0.0,2.764,21.2017,106.1543,9.96,10.882,12,50,51,23,1970-01-21 10:19:34.812,1970-01-21 10:20:13.992,Đông,,,
Bắc Ninh,Đồng bằng sông Hồng,2025-12-09,20.14,24.98,15.62,21.06,26.139999999999997,16.16,0.08,0.08,0.0,0.4,74.8,11.52,21.82,13.16,1018.98,38.6,15.14,0.0,2.59,21.2017,106.1543,9.948,10.878,12,50,3,60,1970-01-21 10:21:01.260,1970-01-21 10:21:40.416,Đông,,,
Bắc Ninh,Đồng bằng sông Hồng,2025-12-10,20.78,26.3,15.0,22.04,27.619999999999997,15.76,0.0,0.0,0.0,0.0,73.8,11.46,19.82,14.774,1017.9,38.8,15.48,0.0,2.948,21.2017,106.1543,9.568,10.872,12,50,3,90,1970-01-21 10:22:27.696,1970-01-21 10:23:06.828,Đông,,,
Bắc Ninh,Đồng bằng sông Hồng,2025-12-11,21.06,23.24,19.24,22.84,24.46,20.839999999999996,0.04,0.04,0.0,0.4,76.8,8.68,19.02,5.702,1017.98,95.4,16.8,0.0,1.37,21.2017,106.1543,0.424,10.868,12,50,3,3,1970-01-21 10:23:54.132,1970-01-21 10:24:33.252,Đông,,,
Bắc Ninh,Đồng bằng sông Hồng,2025-12-12,21.46,23.92,19.44,23.96,26.1,21.96,1.7600000000000002,1.7600000000000002,0.0,3.0,84.8,10.92,20.619999999999997,6.188000000000001,1015.58,90.4,18.72,0.0,1.336,21.2017,106.1543,0.536,10.862,12,50,51,137,1970-01-21 10:25:20.568,1970-01-21 10:25:59.664,Đông,,,
Bắc Ninh,Đồng bằng sông Hồng,2025-12-13,20.46,22.66,17.54,21.2,25.119999999999997,15.22,23.06,23.06,0.0,13.2,83.4,27.4,53.0,3.862,1018.94,98.6,17.380000000000003,0.0,1.508,21.2017,106.1543,0.568,10.858,12,50,63,42,1970-01-21 10:26:46.992,1970-01-21 10:27:26.088,Đông,,,
Bắc Ninh,Đồng bằng sông Hồng,2025-12-14,17.72,20.98,15.26,15.74,19.5,12.7,0.0,0.0,0.0,0.0,56.4,18.380000000000003,33.32,11.888,1022.44,62.6,8.780000000000001,0.0,3.114,21.2017,106.1543,8.156,10.852,12,50,3,33,1970-01-21 10:28:13.428,1970-01-21 10:28:52.500,Đông,,,
Bắc Ninh,Đồng bằng sông Hồng,2025-12-15,17.919999999999998,22.9,13.580000000000002,17.860000000000003,23.1,12.86,0.0,0.0,0.0,0.0,71.2,10.2,19.44,14.362,1019.62,31.6,12.32,0.0,2.706,21.2017,106.1543,9.55,10.852,12,51,3,105,1970-01-21 10:29:39.864,1970-01-21 10:30:18.936,Đông,,,
Bắc Ninh,Đồng bằng sông Hồng,2025-12-16,19.380000000000003,22.54,15.76,20.52,24.04,16.16,0.02,0.02,0.0,0.2,77.4,7.159999999999999,15.7,7.476000000000001,1018.46,92.6,15.22,0.0,1.54,21.2017,106.1543,1.434,10.848,12,51,3,17,1970-01-21 10:31:06.300,1970-01-21 10:31:45.348,Đông,,,
Bắc Ninh,Đồng bằng sông Hồng,2025-12-17,20.68,24.36,17.86,21.880000000000003,25.18,18.94,1.48,1.48,0.0,9.4,80.0,12.2,25.56,11.56,1020.42,62.0,16.86,0.0,2.3259999999999996,21.2017,106.1543,9.208,10.848,12,51,51,12,1970-01-21 10:32:32.736,1970-01-21 10:33:11.772,Đông,,,
Bắc Ninh,Đồng bằng sông Hồng,2025-12-18,20.02,24.96,16.06,20.76,26.6,16.3,0.0,0.0,0.0,0.0,74.4,10.4,20.68,14.938,1018.84,11.4,15.02,0.0,2.842,21.2017,106.1543,10.0,10.842,12,51,1,28,1970-01-21 10:33:59.160,1970-01-21 10:34:38.208,Đông,,,
Bắc Ninh,Đồng bằng sông Hồng,2025-12-19,19.9,25.76,14.78,21.14,26.46,15.64,0.0,0.0,0.0,0.0,80.8,12.72,23.54,14.278,1014.94,17.2,16.06,0.0,2.754,21.2017,106.1543,9.872,10.842,12,51,3,141,1970-01-21 10:35:25.596,1970-01-21 10:36:04.632,Đông,,,
Bắc Ninh,Đồng bằng sông Hồng,2025-12-20,21.34,25.3,18.52,23.68,27.3,20.8,1.06,1.06,0.0,7.0,85.0,9.06,19.0,12.024,1015.64,53.8,18.46,0.0,2.308,21.2017,106.1543,8.868,10.842,12,51,51,97,1970-01-21 10:36:52.020,1970-01-21 10:37:31.068,Đông,,,
Bắc Ninh,Đồng bằng sông Hồng,2025-12-21,21.08,25.639999999999997,18.24,23.16,27.76,19.44,1.12,1.12,0.0,4.2,84.0,11.72,23.7,12.692,1017.72,38.6,18.08,0.0,2.402,21.2017,106.1543,9.792,10.842,12,51,51,2,1970-01-21 10:38:18.468,1970-01-21 10:38:57.492,Đông,,,
Bắc Ninh,Đồng bằng sông Hồng,2025-12-22,21.14,25.34,18.08,22.56,25.46,20.28,1.48,1.48,0.0,7.6,84.0,18.16,34.7,12.654,1015.52,36.0,18.06,0.0,2.602,21.2017,106.1543,9.452,10.842,12,52,53,125,1970-01-21 10:39:44.892,1970-01-21 10:40:23.928,Đông,,,
Bắc Ninh,Đồng bằng sông Hồng,2025-12-23,21.92,26.28,19.58,23.74,27.72,21.22,4.1,4.1,0.0,8.2,86.0,16.72,32.260000000000005,8.216,1014.04,67.8,19.28,0.0,1.906,21.2017,106.1543,5.774,10.842,12,52,51,142,1970-01-21 10:41:11.328,1970-01-21 10:41:50.352,Đông,,,
Bắc Ninh,Đồng bằng sông Hồng,2025-12-24,21.84,26.4,18.28,23.58,28.5,16.46,3.8199999999999994,3.8199999999999994,0.0,13.4,84.8,20.74,36.44,10.236,1013.6,77.2,18.94,0.0,2.262,21.2017,106.1543,6.892,10.842,12,52,53,66,1970-01-21 10:42:37.752,1970-01-21 10:43:16.788,Đông,,,
Bắc Ninh,Đồng bằng sông Hồng,2025-12-25,17.1,19.58,14.18,14.06,16.580000000000002,10.84,1.94,1.94,0.0,4.4,58.4,27.08,47.02,6.318,1020.42,98.0,8.440000000000001,0.0,2.836,21.2017,106.1543,2.1399999999999997,10.848,12,52,53,27,1970-01-21 10:44:04.176,1970-01-21 10:44:43.212,Đông,,,
Bắc Ninh,Đồng bằng sông Hồng,2025-12-26,15.8,19.82,12.2,13.84,18.56,9.66,0.0,0.0,0.0,0.0,52.4,13.2,26.639999999999997,15.91,1020.82,16.2,5.82,0.0,3.158,21.2017,106.1543,10.002,10.848,12,52,3,61,1970-01-21 10:45:30.600,1970-01-21 10:46:09.648,Đông,,,
Bắc Ninh,Đồng bằng sông Hồng,2025-12-27,15.6,20.02,11.78,14.38,19.1,9.76,0.0,0.0,0.0,0.0,63.2,11.24,22.7,14.106,1020.06,27.2,8.28,0.0,2.54,21.2017,106.1543,9.886,10.85,12,52,2,16,1970-01-21 10:46:57.036,1970-01-21 10:47:36.084,Đông,,,
Bắc Ninh,Đồng bằng sông Hồng,2025-12-28,17.6,21.52,12.9,17.4,21.34,12.26,0.0,0.0,0.0,0.0,67.8,8.040000000000001,15.54,10.174,1018.8,84.2,11.34,0.0,1.998,21.2017,106.1543,5.156000000000001,10.852,12,52,3,16,1970-01-21 10:48:23.448,1970-01-21 10:49:02.520,Đông,,,
Bắc Ninh,Đồng bằng sông Hồng,2025-12-29,19.6,22.66,16.94,19.94,22.8,17.52,0.18,0.18,0.0,1.8,74.2,12.76,24.76,7.662000000000001,1015.82,90.8,14.74,0.0,1.876,21.2017,106.1543,3.158,10.858,12,1,51,131,1970-01-21 10:49:49.872,1970-01-21 10:50:28.956,Đông,,,
Bắc Ninh,Đồng bằng sông Hồng,2025-12-30,20.16,23.46,17.46,20.84,23.479999999999997,18.9,0.76,0.76,0.0,5.0,78.4,14.52,29.18,9.302,1014.74,84.8,16.119999999999997,0.0,2.148,21.2017,106.1543,7.078,10.86,12,1,51,121,1970-01-21 10:51:16.308,1970-01-21 10:51:55.392,Đông,,,
Bắc Ninh,Đồng bằng sông Hồng,2025-12-31,20.3,23.9,17.54,20.9,23.98,18.52,0.4,0.4,0.0,3.8,81.4,18.02,33.4,7.964,1012.0,82.0,16.839999999999996,0.0,2.018,21.2017,106.1543,4.404,10.862,12,1,51,130,1970-01-21 10:52:42.720,1970-01-21 10:53:21.828,Đông,,,
Bắc Ninh,Đồng bằng sông Hồng,2026-01-01,18.9,22.54,15.9,19.54,24.36,13.9,15.4,15.4,0.0,16.2,87.0,20.72,36.64,7.132,1016.04,87.2,16.64,0.0,1.546,21.2017,106.1543,3.972,10.868,1,1,63,63,1970-01-21 10:54:09.132,1970-01-21 10:54:48.264,Đông,,,
Bắc Ninh,Đồng bằng sông Hồng,2026-01-02,15.78,17.54,13.8,13.82,15.76,11.86,0.8400000000000001,0.8400000000000001,0.0,3.0,70.0,17.240000000000002,31.82,5.532,1022.4,97.8,10.22,0.0,1.8560000000000003,21.2017,106.1543,0.336,10.872,1,1,51,25,1970-01-21 10:55:35.556,1970-01-21 10:56:14.700,Đông,,,
Bắc Ninh,Đồng bằng sông Hồng,2026-01-03,15.86,18.92,13.38,14.580000000000002,18.34,11.42,0.0,0.0,0.0,0.0,67.6,14.18,28.0,8.352,1022.66,94.0,9.76,0.0,1.988,21.2017,106.1543,3.014,10.88,1,1,3,67,1970-01-21 10:57:01.968,1970-01-21 10:57:41.136,Đông,,,
Bắc Ninh,Đồng bằng sông Hồng,2026-01-04,17.3,21.64,13.22,17.580000000000002,22.28,13.12,1.02,1.02,0.0,4.0,80.8,12.34,23.46,8.854,1020.0,87.6,13.86,0.0,1.738,21.2017,106.1543,5.5840000000000005,10.882,1,1,51,76,1970-01-21 10:58:28.380,1970-01-21 10:59:07.572,Đông,,,
Bắc Ninh,Đồng bằng sông Hồng,2026-01-05,15.64,17.0,14.080000000000002,14.06,17.5,11.94,1.14,1.14,0.0,3.8,75.4,19.8,36.72,4.784000000000001,1022.04,100.0,11.16,0.0,1.566,21.2017,106.1543,0.0699999999999999,10.89,1,2,3,25,1970-01-21 10:59:54.804,1970-01-21 11:00:34.008,Đông,,,
Bắc Ninh,Đồng bằng sông Hồng,2026-01-06,13.9,14.8,12.64,11.24,12.32,10.06,0.18,0.18,0.0,1.0,63.4,19.2,35.36,4.516,1026.24,96.4,6.959999999999999,0.0,1.778,21.2017,106.1543,0.01,10.898,1,2,51,19,1970-01-21 11:01:21.216,1970-01-21 11:02:00.456,Đông,,,
Bắc Ninh,Đồng bằng sông Hồng,2026-01-07,14.3,19.44,9.94,12.54,17.78,7.88,0.0,0.0,0.0,0.0,61.0,12.18,25.34,16.46,1026.3200000000002,8.6,6.3,0.0,2.854,21.2017,106.1543,10.002,10.908,1,2,1,8,1970-01-21 11:02:47.628,1970-01-21 11:03:26.892,Đông,,,
Bắc Ninh,Đồng bằng sông Hồng,2026-01-08,14.18,20.08,9.28,12.44,18.6,6.959999999999999,0.0,0.0,0.0,0.0,62.0,10.78,24.119999999999997,16.64,1026.14,19.8,6.4,0.0,2.87,21.2017,106.1543,10.006,10.912,1,2,3,11,1970-01-21 11:04:14.040,1970-01-21 11:04:53.328,Đông,,,
Bắc Ninh,Đồng bằng sông Hồng,2026-01-09,14.34,20.78,8.26,13.18,20.18,6.859999999999999,0.0,0.0,0.0,0.0,66.4,10.58,18.4,16.734,1022.84,63.2,7.459999999999999,0.0,2.812,21.2017,106.1543,10.006,10.922,1,2,3,77,1970-01-21 11:05:40.440,1970-01-21 11:06:19.776,Đông,,,
Bắc Ninh,Đồng bằng sông Hồng,2026-01-10,15.06,21.880000000000003,8.82,14.18,20.9,7.62,0.0,0.0,0.0,0.0,69.8,7.56,19.0,16.846,1020.86,15.0,8.780000000000001,0.0,2.896,21.2017,106.1543,10.002,10.93,1,2,2,62,1970-01-21 11:07:06.852,1970-01-21 11:07:46.212,Đông,,,
Bắc Ninh,Đồng bằng sông Hồng,2026-01-11,16.240000000000002,22.78,10.92,15.06,22.1,9.52,0.0,0.0,0.0,0.0,64.0,12.38,23.18,16.72,1023.0,21.6,8.7,0.0,3.166,21.2017,106.1543,10.026,10.94,1,2,3,48,1970-01-21 11:08:33.264,1970-01-21 11:09:12.648,Đông,,,
Bắc Ninh,Đồng bằng sông Hồng,2026-01-12,16.740000000000002,23.06,10.8,16.419999999999998,22.72,10.02,0.0,0.0,0.0,0.0,71.6,9.48,21.3,13.286,1020.5,26.2,11.04,0.0,2.494,21.2017,106.1543,8.943999999999999,10.95,1,3,3,92,1970-01-21 11:09:59.676,1970-01-21 11:10:39.096,Đông,,,
Bắc Ninh,Đồng bằng sông Hồng,2026-01-13,17.380000000000003,23.9,11.74,17.28,24.14,11.24,0.0,0.0,0.0,0.0,72.8,13.6,24.48,16.804000000000002,1019.26,0.4,11.78,0.0,3.018,21.2017,106.1543,10.058000000000002,10.96,1,3,0,21,1970-01-21 11:11:26.088,1970-01-21 11:12:05.532,Đông,,,
Bắc Ninh,Đồng bằng sông Hồng,2026-01-14,18.2,24.160000000000004,12.82,18.24,24.14,12.66,0.0,0.0,0.0,0.0,77.0,13.72,25.839999999999996,11.7,1016.12,36.6,13.64,0.0,2.4539999999999997,21.2017,106.1543,8.53,10.97,1,3,3,131,1970-01-21 11:12:52.488,1970-01-21 11:13:31.968,Đông,,,
Bắc Ninh,Đồng bằng sông Hồng,2026-01-15,19.24,22.72,16.04,20.68,24.32,16.919999999999998,0.94,0.94,0.0,4.2,82.2,8.559999999999999,16.28,6.896000000000001,1016.08,82.8,16.080000000000002,0.0,1.452,21.2017,106.1543,2.54,10.98,1,3,51,89,1970-01-21 11:14:18.888,1970-01-21 11:14:58.416,Đông,,,
Bắc Ninh,Đồng bằng sông Hồng,2026-01-16,20.36,25.639999999999997,16.98,21.72,26.56,18.44,0.4,0.4,0.0,3.6,85.4,14.54,27.58,7.593999999999999,1012.7,69.8,17.54,0.0,1.766,21.2017,106.1543,2.966,10.99,1,3,51,152,1970-01-21 11:15:45.288,1970-01-21 11:16:24.852,Đông,,,
Bắc Ninh,Đồng bằng sông Hồng,2026-01-17,19.68,21.8,17.3,21.56,23.6,19.08,10.84,10.84,0.0,9.8,93.2,13.419999999999998,26.06,6.768000000000001,1012.3,71.0,18.48,0.0,1.28,21.2017,106.1543,3.762,11.002,1,3,61,112,1970-01-21 11:17:11.688,1970-01-21 11:17:51.300,Đông,,,
Bắc Ninh,Đồng bằng sông Hồng,2026-01-18,20.34,25.7,16.98,21.66,26.9,18.619999999999997,2.6799999999999997,2.6799999999999997,0.0,6.4,84.6,16.72,31.18,11.52,1011.5,61.6,17.4,0.0,2.41,21.2017,106.1543,8.418000000000001,11.018,1,3,51,131,1970-01-21 11:18:38.088,1970-01-21 11:19:17.748,Đông,,,
Bắc Ninh,Đồng bằng sông Hồng,2026-01-19,20.94,25.6,17.82,21.98,25.74,19.02,0.6,0.6,0.0,4.0,84.4,17.9,33.760000000000005,9.662,1012.04,71.0,17.94,0.0,2.228,21.2017,106.1543,6.55,11.03,1,4,51,140,1970-01-21 11:20:04.488,1970-01-21 11:20:44.172,Đông,,,
Bắc Ninh,Đồng bằng sông Hồng,2026-01-20,21.44,25.3,18.72,22.8,25.76,20.46,3.38,3.38,0.0,13.2,85.4,19.0,35.14,11.05,1014.44,66.2,18.66,0.0,2.33,21.2017,106.1543,7.638,11.04,1,4,53,132,1970-01-21 11:21:30.888,1970-01-21 11:22:10.620,Đông,,,
Bắc Ninh,Đồng bằng sông Hồng,2026-01-21,15.86,19.6,11.96,13.94,21.619999999999997,9.22,1.98,1.98,0.0,5.8,72.0,20.82,39.02,6.132,1019.56,96.0,10.64,0.0,1.9439999999999995,21.2017,106.1543,0.908,11.05,1,4,53,38,1970-01-21 11:22:57.276,1970-01-21 11:23:37.068,Đông,,,
Bắc Ninh,Đồng bằng sông Hồng,2026-01-22,10.48,11.96,8.78,7.38,9.26,5.16,2.16,2.16,0.0,11.8,73.0,18.42,33.18,3.5119999999999996,1024.62,100.0,5.76,0.0,1.232,21.2017,106.1543,0.0,11.062,1,4,51,17,1970-01-21 11:24:23.664,1970-01-21 11:25:03.492,Đông,,,
Bắc Ninh,Đồng bằng sông Hồng,2026-01-23,12.3,16.2,9.52,10.36,15.26,6.720000000000001,0.0,0.0,0.0,0.0,68.2,11.1,20.46,9.766,1024.56,91.6,6.56,0.0,1.864,21.2017,106.1543,4.254,11.08,1,4,3,29,1970-01-21 11:25:50.052,1970-01-21 11:26:29.940,Đông,,,
Bắc Ninh,Đồng bằng sông Hồng,2026-01-24,13.8,16.04,11.54,12.8,15.66,10.0,0.06,0.06,0.0,0.6,75.0,9.6,17.04,5.322,1022.16,100.0,9.4,0.0,1.168,21.2017,106.1543,0.028,11.09,1,4,3,13,1970-01-21 11:27:16.440,1970-01-21 11:27:56.376,Đông,,,
Bắc Ninh,Đồng bằng sông Hồng,2026-01-25,17.22,22.04,13.68,17.94,22.8,13.74,0.86,0.86,0.0,5.8,86.2,13.12,27.58,7.1739999999999995,1017.62,80.4,14.8,0.0,1.46,21.2017,106.1543,1.432,11.108,1,4,51,114,1970-01-21 11:28:42.840,1970-01-21 11:29:22.812,Đông,,,
Bắc Ninh,Đồng bằng sông Hồng,2026-01-26,19.06,22.82,16.7,20.94,24.74,18.5,2.96,2.96,0.0,12.4,89.6,8.98,20.380000000000003,9.116,1019.2,69.8,17.22,0.0,1.704,21.2017,106.1543,6.4799999999999995,11.12,1,5,53,76,1970-01-21 11:30:09.228,1970-01-21 11:30:49.260,Đông,,,
Bắc Ninh,Đồng bằng sông Hồng,2026-01-27,19.54,24.02,16.0,20.82,24.98,16.9,0.2199999999999999,0.2199999999999999,0.0,2.2,81.6,9.62,19.06,10.744,1019.88,72.2,15.98,0.0,2.12,21.2017,106.1543,6.31,11.132,1,5,51,86,1970-01-21 11:31:35.616,1970-01-21 11:32:15.696,Đông,,,
Bắc Ninh,Đồng bằng sông Hồng,2026-01-28,19.14,24.6,14.88,19.04,25.04,14.8,0.02,0.02,0.0,0.2,73.8,16.119999999999997,28.8,14.766,1019.62,29.0,13.98,0.0,3.124,21.2017,106.1543,9.784,11.15,1,5,3,119,1970-01-21 11:33:01.980,1970-01-21 11:33:42.120,Đông,,,
Bắc Ninh,Đồng bằng sông Hồng,2026-01-29,19.52,25.18,14.84,20.020000000000003,24.76,15.34,0.5,0.5,0.0,3.4,83.2,18.94,35.980000000000004,9.298,1016.72,66.4,16.32,0.0,2.1719999999999997,21.2017,106.1543,5.634,11.162,1,5,51,160,1970-01-21 11:34:28.380,1970-01-21 11:35:08.568,Đông,,,
Bắc Ninh,Đồng bằng sông Hồng,2026-01-30,21.06,25.46,18.2,22.44,26.339999999999996,20.06,1.62,1.62,0.0,7.4,85.4,17.740000000000002,33.46,12.39,1017.34,63.2,18.28,0.0,2.53,21.2017,106.1543,7.618,11.18,1,5,53,144,1970-01-21 11:35:54.768,1970-01-21 11:36:35.004,Đông,,,
Bắc Ninh,Đồng bằng sông Hồng,2026-01-31,18.66,21.78,15.72,18.32,20.76,15.22,0.3399999999999999,0.3399999999999999,0.0,1.0,75.0,21.5,39.6,9.436,1020.86,65.0,13.84,0.0,2.272,21.2017,106.1543,4.720000000000001,11.2,1,5,3,39,1970-01-21 11:37:21.132,1970-01-21 11:38:01.440,Đông,,,
Bắc Ninh,Đồng bằng sông Hồng,2026-02-01,17.419999999999998,21.04,14.66,16.619999999999997,20.880000000000003,13.76,0.0,0.0,0.0,0.0,65.6,13.1,23.619999999999997,10.104,1022.34,65.6,10.72,0.0,2.2920000000000003,21.2017,106.1543,5.266,11.21,2,5,3,36,1970-01-21 11:38:47.520,1970-01-21 11:39:27.888,Đông,,,
Bắc Ninh,Đồng bằng sông Hồng,2026-02-02,16.160000000000004,19.1,13.5,14.78,17.880000000000003,12.919999999999998,0.08,0.08,0.0,0.8,66.8,14.68,26.339999999999996,6.601999999999999,1024.2,69.4,9.84,0.0,1.88,21.2017,106.1543,2.35,11.23,2,6,51,17,1970-01-21 11:40:13.908,1970-01-21 11:40:54.312,Đông,,,
Bắc Ninh,Đồng bằng sông Hồng,2026-02-03,16.759999999999998,22.04,11.4,16.34,21.8,10.62,0.0,0.0,0.0,0.0,72.8,11.56,21.1,11.632,1022.76,62.0,11.5,0.0,2.352,21.2017,106.1543,5.3660000000000005,11.242,2,6,3,89,1970-01-21 11:41:40.260,1970-01-21 11:42:20.760,Đông,,,
Bắc Ninh,Đồng bằng sông Hồng,2026-02-04,18.26,23.42,13.5,18.72,23.76,13.88,0.44,0.44,0.0,3.8,83.2,12.96,24.76,8.218,1017.84,51.8,15.1,0.0,1.828,21.2017,106.1543,1.906,11.26,2,6,51,152,1970-01-21 11:43:06.660,1970-01-21 11:43:47.196,Đông,,,
Bắc Ninh,Đồng bằng sông Hồng,2026-02-05,21.04,25.9,16.96,22.76,27.339999999999996,18.119999999999997,1.04,1.04,0.0,5.8,87.0,15.16,26.78,7.826,1014.46,84.2,18.6,0.0,1.764,21.2017,106.1543,3.3260000000000005,11.28,2,6,51,149,1970-01-21 11:44:33.024,1970-01-21 11:45:13.620,Đông,,,
Bắc Ninh,Đồng bằng sông Hồng,2026-02-06,22.22,26.119999999999997,20.380000000000003,24.66,28.32,22.9,1.24,1.24,0.0,7.6,87.2,15.5,27.880000000000003,8.948,1013.8,83.0,19.82,0.0,1.948,21.2017,106.1543,4.988,11.298,2,6,51,140,1970-01-21 11:45:59.400,1970-01-21 11:46:40.068,Đông,,,
Bắc Ninh,Đồng bằng sông Hồng,2026-02-07,21.84,25.28,19.9,23.54,25.9,21.24,1.1,1.1,0.0,6.2,83.4,15.06,29.52,7.843999999999999,1016.0,87.2,18.66,0.0,1.946,21.2017,106.1543,2.616,11.31,2,6,51,131,1970-01-21 11:47:25.776,1970-01-21 11:48:06.492,Đông,,,
Bắc Ninh,Đồng bằng sông Hồng,2026-02-08,14.7,20.04,11.58,12.98,21.2,9.28,14.46,14.46,0.0,22.2,86.4,24.74,43.9,2.6420000000000003,1022.42,100.0,12.42,0.0,0.902,21.2017,106.1543,0.0,11.33,2,6,61,32,1970-01-21 11:48:52.140,1970-01-21 11:49:32.940,Đông,,,
Bắc Ninh,Đồng bằng sông Hồng,2026-02-09,13.28,16.020000000000003,11.36,12.56,15.7,9.56,6.0600000000000005,6.0600000000000005,0.0,11.4,86.2,13.34,22.82,5.382,1021.02,97.4,10.94,0.0,0.996,21.2017,106.1543,0.572,11.35,2,7,61,5,1970-01-21 11:50:18.528,1970-01-21 11:50:59.364,Đông,,,
Bắc Ninh,Đồng bằng sông Hồng,2026-02-10,17.6,22.1,14.2,18.34,23.2,14.2,0.12,0.12,0.0,1.2,81.6,9.56,18.92,8.516,1018.46,95.6,14.3,0.0,1.682,21.2017,106.1543,2.514,11.361999999999998,2,7,3,6,1970-01-21 11:51:44.880,1970-01-21 11:52:25.800,Đông,,,
Bắc Ninh,Đồng bằng sông Hồng,2026-02-11,18.46,20.36,16.46,19.28,20.9,16.259999999999998,2.4200000000000004,2.4200000000000004,0.0,6.4,83.4,14.22,24.98,4.924,1020.04,96.6,15.5,0.0,1.202,21.2017,106.1543,0.0,11.38,2,7,51,28,1970-01-21 11:53:11.268,1970-01-21 11:53:52.236,Đông,,,
Bắc Ninh,Đồng bằng sông Hồng,2026-02-12,19.52,23.2,17.06,20.7,24.36,17.98,0.52,0.52,0.0,4.2,84.6,14.02,26.639999999999997,6.453999999999999,1017.46,86.8,16.68,0.0,1.504,21.2017,106.1543,0.092,11.4,2,7,51,131,1970-01-21 11:54:37.620,1970-01-21 11:55:18.660,Đông,,,
Bắc Ninh,Đồng bằng sông Hồng,2026-02-13,21.4,24.66,18.04,22.86,25.9,19.68,0.7,0.7,0.0,4.2,85.4,16.259999999999998,28.82,7.566,1015.3,85.2,18.68,0.0,1.864,21.2017,106.1543,1.232,11.42,2,7,51,135,1970-01-21 11:56:03.996,1970-01-21 11:56:45.096,Đông,,,
Bắc Ninh,Đồng bằng sông Hồng,2026-02-14,21.92,26.06,18.880000000000003,23.5,27.02,20.82,0.2,0.2,0.0,1.8,82.8,17.119999999999997,31.18,11.1,1014.94,66.8,18.54,0.0,2.5460000000000003,21.2017,106.1543,5.074,11.438,2,7,51,141,1970-01-21 11:57:30.360,1970-01-21 11:58:11.520,Đông,,,
Bắc Ninh,Đồng bằng sông Hồng,2026-02-15,22.86,28.139999999999997,19.26,24.44,29.18,21.18,0.12,0.12,0.0,1.2,80.0,18.08,33.839999999999996,16.154,1013.78,62.8,18.78,0.0,3.5380000000000003,21.2017,106.1543,9.752,11.452,2,7,51,155,1970-01-21 11:58:56.724,1970-01-21 11:59:37.956,Đông,,,
Bắc Ninh,Đồng bằng sông Hồng,2026-02-16,23.26,28.02,20.06,25.1,29.28,22.22,0.18,0.18,0.0,1.8,78.2,16.740000000000002,29.54,13.846,1013.9,66.2,18.84,0.0,3.108,21.2017,106.1543,9.194,11.472,2,8,51,145,1970-01-21 12:00:23.100,1970-01-21 12:01:04.380,Đông,,,
Bắc Ninh,Đồng bằng sông Hồng,2026-02-17,21.78,25.34,18.880000000000003,23.22,26.32,18.119999999999997,2.44,2.44,0.0,9.0,79.0,14.68,27.58,11.084,1016.84,79.6,17.64,0.0,2.6239999999999997,21.2017,106.1543,6.254,11.492,2,8,53,46,1970-01-21 12:01:49.440,1970-01-21 12:02:30.816,Đông,,,
Bắc Ninh,Đồng bằng sông Hồng,2026-02-18,19.24,22.66,16.4,19.84,23.26,15.98,1.84,1.84,0.0,6.4,77.6,13.7,24.28,7.140000000000001,1020.34,99.2,15.1,0.0,1.764,21.2017,106.1543,1.314,11.51,2,8,53,29,1970-01-21 12:03:15.816,1970-01-21 12:03:57.240,Đông,,,
Bắc Ninh,Đồng bằng sông Hồng,2026-02-19,19.96,23.119999999999997,17.48,20.7,24.8,17.56,0.22,0.22,0.0,2.0,74.2,13.22,22.9,7.723999999999999,1021.48,97.6,15.18,0.0,1.8619999999999997,21.2017,106.1543,0.792,11.53,2,8,51,17,1970-01-21 12:04:42.180,1970-01-21 12:05:23.676,Đông,,,
Bắc Ninh,Đồng bằng sông Hồng,2026-02-20,20.14,24.48,16.880000000000003,20.46,26.42,16.8,0.34,0.34,0.0,2.2,71.8,15.46,28.02,15.086000000000002,1019.28,63.8,14.66,0.0,3.228,21.2017,106.1543,8.164,11.55,2,8,51,4,1970-01-21 12:06:08.520,1970-01-21 12:06:50.100,Đông,,,
Bắc Ninh,Đồng bằng sông Hồng,2026-02-21,21.06,26.6,17.080000000000002,22.1,27.52,18.06,0.36,0.36,0.0,3.2,83.4,17.339999999999996,32.4,9.812,1010.38,63.2,17.82,0.0,2.316,21.2017,106.1543,4.3420000000000005,11.568,2,8,51,157,1970-01-21 12:07:34.884,1970-01-21 12:08:16.536,Đông,,,
Bắc Ninh,Đồng bằng sông Hồng,2026-02-22,22.119999999999997,24.619999999999997,19.42,24.06,26.76,21.14,1.4600000000000002,1.4600000000000002,0.0,7.0,86.8,16.0,30.46,5.738,1009.72,98.2,19.76,0.0,1.502,21.2017,106.1543,0.37,11.588,2,8,51,132,1970-01-21 12:09:01.260,1970-01-21 12:09:42.960,Đông,,,
Bắc Ninh,Đồng bằng sông Hồng,2026-02-23,23.1,26.2,20.68,24.96,27.32,22.5,0.76,0.76,0.0,4.4,82.8,19.5,37.239999999999995,8.632,1010.06,90.2,19.9,0.0,2.148,21.2017,106.1543,3.7,11.608,2,9,51,149,1970-01-21 12:10:27.600,1970-01-21 12:11:09.384,Đông,,,
Bắc Ninh,Đồng bằng sông Hồng,2026-02-24,22.84,24.56,21.66,25.58,27.28,24.380000000000003,0.6599999999999999,0.6599999999999999,0.0,5.0,88.8,14.0,24.82,3.726,1011.54,97.8,20.86,0.0,1.082,21.2017,106.1543,0.0,11.628,2,9,51,142,1970-01-21 12:11:53.940,1970-01-21 12:12:35.820,Đông,,,
Bắc Ninh,Đồng bằng sông Hồng,2026-02-25,22.72,25.839999999999996,20.72,25.2,28.08,22.98,11.48,11.48,0.0,10.8,86.4,14.86,28.28,8.069999999999999,1012.3,84.6,20.2,0.0,1.82,21.2017,106.1543,4.024,11.648,2,9,51,140,1970-01-21 12:13:20.316,1970-01-21 12:14:02.220,Đông,,,
Bắc Ninh,Đồng bằng sông Hồng,2026-02-26,21.48,24.0,19.96,24.0,25.74,22.360000000000003,9.14,9.14,0.0,9.0,92.4,13.88,25.94,5.598000000000001,1009.78,85.4,20.14,0.0,1.2,21.2017,106.1543,1.386,11.668,2,9,53,148,1970-01-21 12:14:46.680,1970-01-21 12:15:28.680,Đông,,,
Bắc Ninh,Đồng bằng sông Hồng,2026-02-27,23.58,28.139999999999997,19.8,26.22,30.94,22.28,0.64,0.64,0.0,4.0,85.4,17.94,32.62,14.563999999999998,1006.92,46.0,20.78,0.0,3.052,21.2017,106.1543,10.342,11.688,2,9,51,154,1970-01-21 12:16:13.020,1970-01-21 12:16:55.080,Đông,,,
Bắc Ninh,Đồng bằng sông Hồng,2026-02-28,25.06,29.18,22.82,28.04,31.72,25.9,2.42,2.42,0.0,10.4,87.0,21.5,40.7,12.788,1005.34,75.6,22.58,0.0,2.814,21.2017,106.1543,7.42,11.708000000000002,2,9,53,152,1970-01-21 12:17:39.360,1970-01-21 12:18:21.516,Đông,,,
Bắc Ninh,Đồng bằng sông Hồng,2026-03-01,25.76,30.860000000000003,22.66,29.28,35.32,25.839999999999996,1.4200000000000002,1.4200000000000002,0.0,3.4,84.6,18.8,34.86,15.138,1005.3,69.2,22.74,0.0,3.396,21.2017,106.1543,7.390000000000001,11.728,3,9,51,139,1970-01-21 12:19:05.724,1970-01-21 12:19:47.940,Xuân,,,
Bắc Ninh,Đồng bằng sông Hồng,2026-03-02,26.0,30.68,22.4,29.96,34.980000000000004,25.08,3.5800000000000005,3.5800000000000005,0.0,4.6,85.4,16.78,32.760000000000005,13.338,1007.26,64.0,23.119999999999997,0.0,3.0119999999999996,21.2017,106.1543,6.706,11.748,3,10,63,114,1970-01-21 12:20:32.100,1970-01-21 12:21:14.352,Xuân,,,
Bắc Ninh,Đồng bằng sông Hồng,2026-03-03,21.54,25.04,18.46,21.02,24.96,17.34,20.2,20.2,0.0,8.8,69.2,22.34,41.760000000000005,11.588,1013.0,94.0,15.32,0.0,3.3240000000000003,21.2017,106.1543,5.008,11.768,3,10,63,31,1970-01-21 12:21:58.440,1970-01-21 12:22:40.800,Xuân,,,
Bắc Ninh,Đồng bằng sông Hồng,2026-03-04,19.619999999999997,23.46,17.14,18.86,23.86,15.580000000000002,0.0,0.0,0.0,0.0,62.6,17.5,31.76,13.716,1016.42,62.0,12.14,0.0,3.354,21.2017,106.1543,8.102,11.788,3,10,3,40,1970-01-21 12:23:24.780,1970-01-21 12:24:07.200,Xuân,,,
Bắc Ninh,Đồng bằng sông Hồng,2026-03-05,20.08,23.76,16.0,21.4,25.3,17.18,0.0,0.0,0.0,0.0,76.8,8.02,19.96,11.952,1015.88,78.4,15.56,0.0,2.388,21.2017,106.1543,4.264,11.808000000000002,3,10,3,47,1970-01-21 12:24:51.120,1970-01-21 12:25:33.636,Xuân,,,
Bắc Ninh,Đồng bằng sông Hồng,2026-03-06,21.619999999999997,25.119999999999997,19.0,23.1,26.96,20.64,0.12,0.12,0.0,1.2,76.2,13.72,23.4,11.438,1016.7,80.0,17.0,0.0,2.614,21.2017,106.1543,3.782,11.828,3,10,51,144,1970-01-21 12:26:17.496,1970-01-21 12:27:00.060,Xuân,,,
Bắc Ninh,Đồng bằng sông Hồng,2026-03-07,21.32,25.44,18.2,22.28,25.639999999999997,20.24,0.04,0.04,0.0,0.4,77.6,18.16,34.28,11.222,1016.96,57.0,17.0,0.0,2.724,21.2017,106.1543,4.984,11.848,3,10,3,136,1970-01-21 12:27:43.860,1970-01-21 12:28:26.460,Xuân,,,
Bắc Ninh,Đồng bằng sông Hồng,2026-03-08,21.84,24.9,19.18,22.8,25.28,20.54,0.72,0.72,0.0,4.0,79.8,20.619999999999997,38.5,8.581999999999999,1016.9,88.8,18.1,0.0,2.228,21.2017,106.1543,1.904,11.868,3,10,51,118,1970-01-21 12:29:10.200,1970-01-21 12:29:52.920,Xuân,,,
Bắc Ninh,Đồng bằng sông Hồng,2026-03-09,19.9,23.72,17.7,19.78,24.84,15.14,3.2,3.2,0.0,7.4,78.0,25.82,46.42,5.069999999999999,1021.02,97.2,15.88,0.0,1.766,21.2017,106.1543,0.908,11.888000000000002,3,11,55,48,1970-01-21 12:30:36.540,1970-01-21 12:31:19.320,Xuân,,,
Bắc Ninh,Đồng bằng sông Hồng,2026-03-10,18.9,23.119999999999997,16.04,17.54,23.0,13.4,0.02,0.02,0.0,0.2,59.6,17.78,32.56,19.232,1022.66,41.4,10.62,0.0,4.2700000000000005,21.2017,106.1543,10.65,11.908,3,11,3,36,1970-01-21 12:32:02.880,1970-01-21 12:32:45.732,Xuân,,,
Bắc Ninh,Đồng bằng sông Hồng,2026-03-11,18.9,22.34,14.9,19.619999999999997,23.3,15.54,0.0,0.0,0.0,0.0,75.2,8.76,18.0,12.884,1019.0,67.6,14.1,0.0,2.476,21.2017,106.1543,6.256,11.928,3,11,3,55,1970-01-21 12:33:29.220,1970-01-21 12:34:12.180,Xuân,,,
Bắc Ninh,Đồng bằng sông Hồng,2026-03-12,20.54,25.22,17.240000000000002,21.14,25.28,18.04,0.0,0.0,0.0,0.0,71.4,13.62,25.78,13.212,1018.38,74.4,14.7,0.0,2.946,21.2017,106.1543,5.642,11.95,3,11,3,93,1970-01-21 12:34:55.560,1970-01-21 12:35:38.580,Xuân,,,
Bắc Ninh,Đồng bằng sông Hồng,2026-03-13,20.4,25.44,15.76,20.74,25.32,16.740000000000002,0.06,0.06,0.0,0.6,69.4,16.54,32.32000000000001,17.366,1019.68,47.0,14.080000000000002,0.0,3.748,21.2017,106.1543,9.806,11.97,3,11,3,98,1970-01-21 12:36:21.912,1970-01-21 12:37:04.992,Xuân,,,
Bắc Ninh,Đồng bằng sông Hồng,2026-03-14,21.0,23.98,18.32,21.660000000000004,23.74,19.8,0.14,0.14,0.0,1.4,72.8,15.919999999999998,30.9,10.324,1019.9,86.8,15.82,0.0,2.53,21.2017,106.1543,3.86,11.99,3,11,51,127,1970-01-21 12:37:48.264,1970-01-21 12:38:31.440,Xuân,,,
Bắc Ninh,Đồng bằng sông Hồng,2026-03-15,21.54,24.96,18.9,22.76,25.9,20.66,0.8,0.8,0.0,5.4,78.0,17.72,34.7,12.97,1018.78,66.4,17.4,0.0,2.814,21.2017,106.1543,8.286,12.01,3,11,51,133,1970-01-21 12:39:14.628,1970-01-21 12:39:57.840,Xuân,,,
Bắc Ninh,Đồng bằng sông Hồng,2026-03-16,21.9,25.3,19.119999999999997,23.18,26.339999999999996,20.72,1.78,1.78,0.0,9.2,82.4,18.8,35.28,14.5,1015.56,39.4,18.58,0.0,3.022,21.2017,106.1543,9.73,12.03,3,12,51,146,1970-01-21 12:40:40.980,1970-01-21 12:41:24.252,Xuân,,,
Bắc Ninh,Đồng bằng sông Hồng,2026-03-17,22.619999999999997,26.639999999999997,19.46,23.78,26.94,21.24,0.54,0.54,0.0,4.4,81.6,21.82,40.32,12.232,1013.28,46.8,19.06,0.0,2.928,21.2017,106.1543,7.542,12.05,3,12,51,153,1970-01-21 12:42:07.320,1970-01-21 12:42:50.700,Xuân,,,
Bắc Ninh,Đồng bằng sông Hồng,2026-03-18,23.16,26.68,20.1,25.34,28.4,22.64,0.4599999999999999,0.4599999999999999,0.0,4.4,85.0,18.24,33.46,11.266,1013.28,57.6,20.339999999999996,0.0,2.57,21.2017,106.1543,4.414,12.07,3,12,51,149,1970-01-21 12:43:33.660,1970-01-21 12:44:17.100,Xuân,,,
Bắc Ninh,Đồng bằng sông Hồng,2026-03-19,23.48,27.660000000000004,20.64,25.46,28.839999999999996,23.24,0.54,0.54,0.0,4.2,84.4,21.08,39.739999999999995,12.14,1011.88,44.6,20.48,0.0,2.8240000000000003,21.2017,106.1543,6.895999999999999,12.09,3,12,51,151,1970-01-21 12:45:00.000,1970-01-21 12:45:43.512,Xuân,,,
Bắc Ninh,Đồng bằng sông Hồng,2026-03-20,23.9,26.8,21.36,26.1,28.8,23.84,0.86,0.86,0.0,7.0,85.0,19.08,35.72,8.452,1012.16,94.4,21.1,0.0,2.188,21.2017,106.1543,1.392,12.11,3,12,51,141,1970-01-21 12:46:26.340,1970-01-21 12:47:09.960,Xuân,,,
Bắc Ninh,Đồng bằng sông Hồng,2026-03-21,23.72,26.02,21.02,25.76,27.6,23.54,0.62,0.62,0.0,3.6,80.6,18.58,34.56,7.909999999999999,1013.92,87.4,20.1,0.0,2.22,21.2017,106.1543,1.108,12.13,3,12,51,127,1970-01-21 12:47:52.680,1970-01-21 12:48:36.360,Xuân,,,
Bắc Ninh,Đồng bằng sông Hồng,2026-03-22,23.86,27.82,20.7,25.96,29.3,23.4,0.58,0.58,0.0,4.4,84.0,21.380000000000003,39.96,12.034,1012.72,75.6,20.74,0.0,2.884,21.2017,106.1543,5.6979999999999995,12.15,3,12,51,146,1970-01-21 12:49:19.020,1970-01-21 12:50:02.772,Xuân,,,
Bắc Ninh,Đồng bằng sông Hồng,2026-03-23,24.18,27.68,21.78,26.56,29.52,24.380000000000003,0.86,0.86,0.0,5.8,85.4,20.5,38.44,10.342,1011.44,83.8,21.4,0.0,2.528,21.2017,106.1543,3.878,12.17,3,13,51,149,1970-01-21 12:50:45.372,1970-01-21 12:51:29.220,Xuân,,,
Bắc Ninh,Đồng bằng sông Hồng,2026-03-24,25.08,29.18,22.6,28.0,31.880000000000003,25.52,0.5399999999999999,0.5399999999999999,0.0,5.0,83.8,18.2,33.9,12.46,1010.3,78.8,21.94,0.0,2.946,21.2017,106.1543,6.506,12.19,3,13,51,146,1970-01-21 12:52:11.736,1970-01-21 12:52:55.620,Xuân,,,
Bắc Ninh,Đồng bằng sông Hồng,2026-03-25,25.24,28.76,23.08,27.74,30.52,26.24,0.1399999999999999,0.1399999999999999,0.0,1.4,80.2,19.68,37.36,14.578,1010.86,66.0,21.42,0.0,3.46,21.2017,106.1543,8.148,12.21,3,13,51,147,1970-01-21 12:53:38.088,1970-01-21 12:54:22.020,Xuân,,,
Bắc Ninh,Đồng bằng sông Hồng,2026-03-26,25.7,29.660000000000004,22.76,29.04,32.8,26.04,0.6599999999999999,0.6599999999999999,0.0,5.8,84.2,17.580000000000002,30.74,12.536,1009.1,69.0,22.619999999999997,0.0,2.96,21.2017,106.1543,6.758,12.23,3,13,51,155,1970-01-21 12:55:04.440,1970-01-21 12:55:48.480,Xuân,,,
Bắc Ninh,Đồng bằng sông Hồng,2026-03-27,25.16,28.24,22.7,28.54,31.8,26.1,0.94,0.94,0.0,8.0,86.6,18.119999999999997,33.4,8.536,1008.36,81.8,22.68,0.0,2.142,21.2017,106.1543,2.85,12.25,3,13,51,134,1970-01-21 12:56:30.780,1970-01-21 12:57:14.880,Xuân,,,
Bắc Ninh,Đồng bằng sông Hồng,2026-03-28,25.68,28.74,22.94,29.04,31.98,26.58,0.5199999999999999,0.5199999999999999,0.0,5.0,84.0,16.86,31.459999999999997,11.182,1008.54,83.2,22.68,0.0,2.7,21.2017,106.1543,4.640000000000001,12.272,3,13,51,135,1970-01-21 12:57:57.120,1970-01-21 12:58:41.280,Xuân,,,
Bắc Ninh,Đồng bằng sông Hồng,2026-03-29,26.0,30.18,24.0,29.32,32.72,27.22,4.0,4.0,0.0,6.6,85.6,22.8,43.14,13.588,1007.42,73.2,23.3,0.0,3.076,21.2017,106.1543,7.746,12.291999999999998,3,13,61,147,1970-01-21 12:59:23.460,1970-01-21 13:00:07.716,Xuân,,,
Bắc Ninh,Đồng bằng sông Hồng,2026-03-30,26.639999999999997,31.46,21.28,30.18,36.239999999999995,23.66,8.18,8.18,0.0,4.4,82.2,19.619999999999997,38.1,17.336000000000002,1005.94,46.4,23.14,0.0,4.016,21.2017,106.1543,8.698,12.312,3,14,51,141,1970-01-21 13:00:49.800,1970-01-21 13:01:34.140,Xuân,,,
Bắc Ninh,Đồng bằng sông Hồng,2026-03-31,28.160000000000004,34.54,23.8,32.28,40.62,25.72,13.04,13.04,0.0,2.2,76.2,26.32,53.06,20.5,1005.98,18.8,23.32,0.0,4.95,21.2017,106.1543,11.63,12.332,3,14,63,100,1970-01-21 13:02:16.140,1970-01-21 13:03:00.540,Xuân,,,
Bắc Ninh,Đồng bằng sông Hồng,2026-04-01,24.72,28.380000000000003,22.04,26.660000000000004,31.54,23.56,0.32,0.32,0.0,1.8,70.8,16.240000000000002,29.660000000000004,15.188,1011.14,58.0,18.84,0.0,3.78,21.2017,106.1543,7.69,12.352,4,14,51,101,1970-01-21 13:03:42.480,1970-01-21 13:04:26.976,Xuân,,,
Bắc Ninh,Đồng bằng sông Hồng,2026-04-02,24.880000000000003,29.660000000000004,21.72,28.04,32.760000000000005,24.56,0.44,0.44,0.0,3.6,83.8,19.68,34.78,11.252,1009.34,61.8,21.86,0.0,2.718,21.2017,106.1543,4.848000000000001,12.378,4,14,51,152,1970-01-21 13:05:08.820,1970-01-21 13:05:53.400,Xuân,,,
Bắc Ninh,Đồng bằng sông Hồng,2026-04-03,27.24,32.56,23.54,31.9,39.08,27.26,0.26,0.26,0.0,2.2,82.8,16.1,29.660000000000004,15.656,1004.96,41.2,23.839999999999996,0.0,3.646,21.2017,106.1543,7.48,12.398,4,14,51,132,1970-01-21 13:06:35.172,1970-01-21 13:07:19.800,Xuân,,,
Bắc Ninh,Đồng bằng sông Hồng,2026-04-04,26.46,30.98,23.28,29.44,35.56,25.14,0.32,0.32,0.0,0.8,75.0,20.1,38.6,17.09,1005.34,49.2,21.4,0.0,4.162,21.2017,106.1543,8.876000000000001,12.418,4,14,3,93,1970-01-21 13:08:01.536,1970-01-21 13:08:46.212,Xuân,,,
Bắc Ninh,Đồng bằng sông Hồng,2026-04-05,26.7,32.2,22.7,30.619999999999997,37.16,26.2,0.16,0.16,0.0,1.6,81.8,17.439999999999998,31.68,16.722,1002.84,53.4,23.1,0.0,3.859999999999999,21.2017,106.1543,7.996,12.438,4,14,51,142,1970-01-21 13:09:27.876,1970-01-21 13:10:12.660,Xuân,,,
Bắc Ninh,Đồng bằng sông Hồng,2026-04-06,29.92,36.7,24.380000000000003,35.18,43.84,28.839999999999996,0.0,0.0,0.0,0.0,75.2,15.12,26.2,21.130000000000003,1002.04,27.6,24.66,0.0,5.276,21.2017,106.1543,11.974,12.458000000000002,4,15,3,152,1970-01-21 13:10:54.240,1970-01-21 13:11:39.060,Xuân,,,
Bắc Ninh,Đồng bằng sông Hồng,2026-04-07,30.58,36.56,25.639999999999997,35.7,43.42,29.1,0.0,0.0,0.0,0.0,68.4,16.18,28.22,21.014000000000003,1003.06,15.0,23.86,0.0,5.368,21.2017,106.1543,11.876,12.478,4,15,2,133,1970-01-21 13:12:20.580,1970-01-21 13:13:05.460,Xuân,,,
Bắc Ninh,Đồng bằng sông Hồng,2026-04-08,29.4,34.260000000000005,26.160000000000004,33.839999999999996,40.48,29.92,0.0,0.0,0.0,0.0,74.0,19.32,33.78,20.212,1004.66,23.8,24.2,0.0,5.1579999999999995,21.2017,106.1543,11.478,12.498,4,15,2,133,1970-01-21 13:13:46.920,1970-01-21 13:14:31.908,Xuân,,,
Bắc Ninh,Đồng bằng sông Hồng,2026-04-09,28.96,33.7,25.02,33.92,40.44,29.44,0.0,0.0,0.0,0.0,78.6,17.72,32.019999999999996,20.466,1005.38,13.0,24.72,0.0,4.8420000000000005,21.2017,106.1543,11.862,12.518,4,15,2,144,1970-01-21 13:15:13.260,1970-01-21 13:15:58.320,Xuân,,,
Bắc Ninh,Đồng bằng sông Hồng,2026-04-10,29.04,34.56,24.74,34.1,41.66,29.08,0.0,0.0,0.0,0.0,77.6,16.4,29.18,21.624,1004.18,3.4,24.54,0.0,5.114,21.2017,106.1543,11.952,12.532,4,15,0,122,1970-01-21 13:16:39.600,1970-01-21 13:17:24.720,Xuân,,,
Bắc Ninh,Đồng bằng sông Hồng,2026-04-11,29.56,35.660000000000004,24.58,34.46,42.04,28.6,0.04,0.04,0.0,0.2,72.2,17.78,31.18,21.224,1002.32,5.0,23.7,0.0,5.294,21.2017,106.1543,11.772,12.552,4,15,1,132,1970-01-21 13:18:05.952,1970-01-21 13:18:51.156,Xuân,,,
Bắc Ninh,Đồng bằng sông Hồng,2026-04-12,29.48,35.58,24.119999999999997,34.2,42.04,27.72,0.0,0.0,0.0,0.0,71.2,15.14,26.5,21.862,1002.18,2.0,23.42,0.0,5.364,21.2017,106.1543,12.0,12.572,4,15,0,111,1970-01-21 13:19:32.316,1970-01-21 13:20:17.580,Xuân,,,
Bắc Ninh,Đồng bằng sông Hồng,2026-04-13,28.9,33.92,24.82,34.239999999999995,41.6,29.5,0.0,0.0,0.0,0.0,80.6,16.9,30.839999999999996,21.808,1004.94,1.4,25.04,0.0,4.99,21.2017,106.1543,11.994,12.592,4,16,0,128,1970-01-21 13:20:58.680,1970-01-21 13:21:43.980,Xuân,,,
Bắc Ninh,Đồng bằng sông Hồng,2026-04-14,28.619999999999997,33.42,25.4,33.92,40.4,30.3,0.02,0.02,0.0,0.2,82.8,19.04,33.92,20.308,1005.86,12.6,25.2,0.0,4.586,21.2017,106.1543,11.834,12.611999999999998,4,16,3,125,1970-01-21 13:22:25.020,1970-01-21 13:23:10.416,Xuân,,,
Bắc Ninh,Đồng bằng sông Hồng,2026-04-15,28.28,32.739999999999995,25.52,33.06,38.34,30.08,0.4,0.4,0.0,3.6,84.0,20.64,37.94,17.266,1005.3,34.2,25.16,0.0,3.994,21.2017,106.1543,11.178,12.632,4,16,51,128,1970-01-21 13:23:51.360,1970-01-21 13:24:36.840,Xuân,,,
Bắc Ninh,Đồng bằng sông Hồng,2026-04-16,28.04,32.160000000000004,25.3,32.92,37.9,29.98,0.4800000000000001,0.4800000000000001,0.0,3.2,84.0,19.68,35.42,17.706,1006.56,42.6,24.94,0.0,3.99,21.2017,106.1543,11.244,12.65,4,16,51,131,1970-01-21 13:25:17.700,1970-01-21 13:26:03.240,Xuân,,,
Bắc Ninh,Đồng bằng sông Hồng,2026-04-17,25.2,27.54,22.9,29.639999999999997,32.879999999999995,25.7,42.46,42.46,0.0,14.2,91.4,16.580000000000002,34.339999999999996,7.118,1009.54,86.2,23.66,0.0,1.586,21.2017,106.1543,1.518,12.67,4,16,65,78,1970-01-21 13:26:44.076,1970-01-21 13:27:29.676,Xuân,,,
Bắc Ninh,Đồng bằng sông Hồng,2026-04-18,25.119999999999997,28.2,22.44,29.04,32.4,26.08,5.5200000000000005,5.5200000000000005,0.0,11.6,85.6,15.84,30.0,14.71,1010.94,75.2,22.46,0.0,3.088,21.2017,106.1543,8.576,12.688,4,16,55,119,1970-01-21 13:28:10.428,1970-01-21 13:28:56.100,Xuân,,,
Bắc Ninh,Đồng bằng sông Hồng,2026-04-19,25.38,28.58,23.58,28.98,32.4,26.98,1.86,1.86,0.0,6.0,84.8,17.919999999999998,34.12,12.194,1009.64,76.6,22.6,0.0,2.718,21.2017,106.1543,6.138,12.708000000000002,4,16,51,147,1970-01-21 13:29:36.780,1970-01-21 13:30:22.500,Xuân,,,
Bắc Ninh,Đồng bằng sông Hồng,2026-04-20,25.82,29.26,22.96,29.160000000000004,32.480000000000004,26.54,0.6599999999999999,0.6599999999999999,0.0,4.4,84.4,20.1,37.58,13.148,1007.88,66.2,22.94,0.0,3.052,21.2017,106.1543,6.667999999999999,12.728,4,17,51,156,1970-01-21 13:31:03.120,1970-01-21 13:31:48.948,Xuân,,,
Bắc Ninh,Đồng bằng sông Hồng,2026-04-21,27.32,31.3,24.7,31.119999999999997,35.760000000000005,28.6,0.9,0.9,0.0,5.8,82.6,22.14,39.88,17.284,1005.64,44.4,23.98,0.0,3.954,21.2017,106.1543,10.34,12.742,4,17,51,154,1970-01-21 13:32:29.472,1970-01-21 13:33:15.360,Xuân,,,
Bắc Ninh,Đồng bằng sông Hồng,2026-04-22,28.32,33.62,24.22,33.239999999999995,40.34,26.42,3.1399999999999997,3.1399999999999997,0.0,2.0,81.4,24.96,44.68,19.028,1004.32,33.6,24.7,0.0,4.392,21.2017,106.1543,11.25,12.762,4,17,63,125,1970-01-21 13:33:55.836,1970-01-21 13:34:41.784,Xuân,,,
Bắc Ninh,Đồng bằng sông Hồng,2026-04-23,24.48,27.46,21.84,27.22,30.860000000000003,22.68,49.5,49.5,0.0,11.2,82.0,23.02,44.36,13.362,1007.9,89.8,21.06,0.0,2.868,21.2017,106.1543,6.3740000000000006,12.78,4,17,65,53,1970-01-21 13:35:22.200,1970-01-21 13:36:08.208,Xuân,,,
Bắc Ninh,Đồng bằng sông Hồng,2026-04-24,24.619999999999997,28.48,22.32,27.92,31.56,25.14,7.4,7.4,0.0,5.2,79.2,11.46,20.78,12.626,1011.48,82.4,20.56,0.0,2.848,21.2017,106.1543,4.39,12.8,4,17,51,69,1970-01-21 13:36:48.540,1970-01-21 13:37:34.620,Xuân,,,
Bắc Ninh,Đồng bằng sông Hồng,2026-04-25,25.28,29.58,21.5,28.880000000000003,34.019999999999996,25.139999999999997,0.12,0.12,0.0,0.6,77.8,13.28,23.6,20.82,1013.62,37.2,20.78,0.0,4.39,21.2017,106.1543,11.528,12.82,4,17,51,116,1970-01-21 13:38:14.892,1970-01-21 13:39:01.056,Xuân,,,
Bắc Ninh,Đồng bằng sông Hồng,2026-04-26,25.2,29.160000000000004,21.78,28.7,33.08,25.7,1.16,1.16,0.0,3.0,80.8,14.26,29.04,18.613999999999997,1011.36,87.2,21.380000000000003,0.0,4.002000000000001,21.2017,106.1543,8.638,12.838,4,17,51,141,1970-01-21 13:39:41.268,1970-01-21 13:40:27.480,Xuân,,,
Bắc Ninh,Đồng bằng sông Hồng,2026-04-27,26.32,30.48,23.24,29.98,34.64,27.22,1.3,1.3,0.0,7.2,83.0,20.22,36.92,19.594,1007.78,50.4,23.0,0.0,4.236,21.2017,106.1543,11.182,12.852,4,18,51,158,1970-01-21 13:41:07.620,1970-01-21 13:41:53.880,Xuân,,,
Bắc Ninh,Đồng bằng sông Hồng,2026-04-28,27.360000000000003,31.78,23.9,31.68,37.36,27.82,0.78,0.78,0.0,3.0,83.0,17.8,33.7,18.542,1006.04,63.6,24.08,0.0,4.13,21.2017,106.1543,9.956,12.87,4,18,51,159,1970-01-21 13:42:33.960,1970-01-21 13:43:20.316,Xuân,,,
Bắc Ninh,Đồng bằng sông Hồng,2026-04-29,24.5,28.18,21.880000000000003,25.26,29.4,22.26,21.68,21.68,0.0,6.4,68.4,24.02,46.739999999999995,16.454,1011.9,89.4,17.94,0.0,4.26,21.2017,106.1543,7.134,12.89,4,18,65,27,1970-01-21 13:44:00.336,1970-01-21 13:44:46.740,Xuân,,,
Bắc Ninh,Đồng bằng sông Hồng,2026-04-30,23.24,27.119999999999997,19.66,24.6,30.339999999999996,19.94,0.0,0.0,0.0,0.0,64.2,11.88,22.84,22.624,1015.18,26.4,15.96,0.0,4.798,21.2017,106.1543,11.872,12.91,4,18,3,45,1970-01-21 13:45:26.700,1970-01-21 13:46:13.152,Xuân,,,
Bắc Ninh,Đồng bằng sông Hồng,2026-05-01,24.02,27.94,20.02,26.139999999999997,29.660000000000004,22.56,0.0,0.0,0.0,0.0,77.0,16.939999999999998,31.4,16.206,1011.86,69.0,19.52,0.0,3.654,21.2017,106.1543,7.606,12.922,5,18,3,139,1970-01-21 13:46:53.052,1970-01-21 13:47:39.588,Xuân,,,
Bắc Ninh,Đồng bằng sông Hồng,2026-05-02,25.5,30.119999999999997,22.72,29.68,34.62,26.02,15.36,15.36,0.0,7.4,87.6,18.6,38.38,14.648,1008.82,94.4,23.18,0.0,2.992,21.2017,106.1543,7.512,12.94,5,18,63,153,1970-01-21 13:48:19.428,1970-01-21 13:49:06.000,Xuân,,,
Bắc Ninh,Đồng bằng sông Hồng,2026-05-03,24.9,28.06,21.68,28.660000000000004,33.620000000000005,22.96,30.4,30.4,0.0,11.6,87.2,19.14,36.44,12.088,1010.28,79.2,22.52,0.0,2.678,21.2017,106.1543,6.334,12.96,5,18,65,40,1970-01-21 13:49:45.780,1970-01-21 13:50:32.436,Xuân,,,
Bắc Ninh,Đồng bằng sông Hồng,2026-05-04,23.2,28.119999999999997,19.46,24.9,31.08,20.4,17.740000000000002,17.740000000000002,0.0,7.8,74.8,17.259999999999998,30.48,17.694,1014.86,61.6,18.14,0.0,3.802000000000001,21.2017,106.1543,8.744,12.970000000000002,5,19,63,9,1970-01-21 13:51:12.156,1970-01-21 13:51:58.860,Xuân,,,
Bắc Ninh,Đồng bằng sông Hồng,2026-05-05,24.9,29.2,20.4,28.28,33.160000000000004,23.76,0.0,0.0,0.0,0.0,79.0,15.720000000000002,27.5,19.822,1011.9,23.6,20.74,0.0,4.218,21.2017,106.1543,11.574000000000002,12.99,5,19,3,143,1970-01-21 13:52:38.520,1970-01-21 13:53:25.272,Xuân,,,
Bắc Ninh,Đồng bằng sông Hồng,2026-05-06,26.52,30.46,23.22,30.06,34.32,27.1,0.8,0.8,0.0,6.0,82.2,20.94,38.82,18.916,1008.48,35.2,23.06,0.0,4.168,21.2017,106.1543,11.45,13.01,5,19,51,155,1970-01-21 13:54:04.884,1970-01-21 13:54:51.708,Xuân,,,
Bắc Ninh,Đồng bằng sông Hồng,2026-05-07,26.54,29.72,24.72,31.660000000000004,34.86,29.139999999999997,10.44,10.44,0.0,12.6,89.4,15.8,30.76,15.236,1009.06,70.8,24.6,0.0,3.092,21.2017,106.1543,8.95,13.02,5,19,63,128,1970-01-21 13:55:31.248,1970-01-21 13:56:18.120,Xuân,,,
Bắc Ninh,Đồng bằng sông Hồng,2026-05-08,25.7,28.9,23.52,30.06,34.08,27.4,19.3,19.3,0.0,12.4,86.0,12.76,27.3,12.984,1012.28,91.8,23.06,0.0,2.806,21.2017,106.1543,5.32,13.04,5,19,63,28,1970-01-21 13:56:57.612,1970-01-21 13:57:44.556,Xuân,,,
Bắc Ninh,Đồng bằng sông Hồng,2026-05-09,25.14,27.9,23.42,28.360000000000003,31.619999999999997,25.4,1.26,1.26,0.0,3.0,76.8,13.6,25.619999999999997,13.648,1013.9,87.8,20.66,0.0,3.076,21.2017,106.1543,6.959999999999999,13.05,5,19,51,11,1970-01-21 13:58:23.988,1970-01-21 13:59:10.980,Xuân,,,
Bắc Ninh,Đồng bằng sông Hồng,2026-05-10,24.979999999999997,29.02,22.619999999999997,28.54,34.519999999999996,24.72,0.28,0.28,0.0,1.8,78.2,10.06,19.44,14.682,1013.42,89.2,20.82,0.0,3.246,21.2017,106.1543,4.964,13.07,5,19,51,356,1970-01-21 13:59:50.352,1970-01-21 14:00:37.404,Xuân,,,
Bắc Ninh,Đồng bằng sông Hồng,2026-05-11,26.68,30.68,23.1,31.24,35.58,27.8,0.96,0.96,0.0,5.8,81.6,13.1,25.28,21.068,1011.32,61.8,23.08,0.0,4.458,21.2017,106.1543,11.82,13.082,5,20,51,143,1970-01-21 14:01:16.728,1970-01-21 14:02:03.828,Xuân,,,
Bắc Ninh,Đồng bằng sông Hồng,2026-05-12,27.3,31.360000000000003,24.339999999999996,32.32,37.4,29.22,3.0,3.0,0.0,9.4,86.4,17.0,32.9,20.504,1007.5,86.4,24.68,0.0,4.264,21.2017,106.1543,10.166,13.1,5,20,53,167,1970-01-21 14:02:43.092,1970-01-21 14:03:30.252,Xuân,,,
Bắc Ninh,Đồng bằng sông Hồng,2026-05-13,28.6,32.239999999999995,25.82,33.8,38.9,30.5,1.1800000000000002,1.1800000000000002,0.0,7.2,84.4,18.5,36.44,21.706,1003.56,46.0,25.56,0.0,4.646,21.2017,106.1543,11.73,13.112,5,20,51,171,1970-01-21 14:04:09.468,1970-01-21 14:04:56.688,Xuân,,,
Bắc Ninh,Đồng bằng sông Hồng,2026-05-14,30.119999999999997,34.14,25.839999999999996,35.8,40.379999999999995,31.619999999999997,0.0,0.0,0.0,0.0,76.4,15.84,27.0,22.518,1001.68,44.0,25.160000000000004,0.0,5.34,21.2017,106.1543,10.374,13.13,5,20,3,166,1970-01-21 14:05:35.844,1970-01-21 14:06:23.100,Xuân,,,
Bắc Ninh,Đồng bằng sông Hồng,2026-05-15,30.52,34.160000000000004,26.8,36.44,41.44,32.02,0.1399999999999999,0.1399999999999999,0.0,0.4,74.4,13.14,23.6,22.558,1002.0,66.2,25.24,0.0,5.282,21.2017,106.1543,11.976,13.14,5,20,3,152,1970-01-21 14:07:02.220,1970-01-21 14:07:49.536,Xuân,,,
Bắc Ninh,Đồng bằng sông Hồng,2026-05-16,28.360000000000003,31.94,25.839999999999996,34.4,38.739999999999995,31.379999999999995,25.639999999999997,25.639999999999997,0.0,13.8,88.6,16.36,32.760000000000005,16.994,1003.42,96.8,26.160000000000004,0.0,3.524,21.2017,106.1543,6.992,13.16,5,20,63,109,1970-01-21 14:08:28.596,1970-01-21 14:09:15.960,Xuân,,,
Bắc Ninh,Đồng bằng sông Hồng,2026-05-17,26.72,29.619999999999997,24.84,32.0,36.06,29.92,28.68,28.68,0.0,17.8,91.0,16.0,31.4,14.228,1004.88,99.0,25.1,0.0,2.8579999999999997,21.2017,106.1543,4.228,13.169999999999998,5,20,63,116,1970-01-21 14:09:54.972,1970-01-21 14:10:42.384,Xuân,,,
Bắc Ninh,Đồng bằng sông Hồng,2026-05-18,26.839999999999996,30.74,24.6,32.22,37.6,29.18,13.96,13.96,0.0,18.6,91.2,16.1,32.78,16.228,1004.7,94.8,25.28,0.0,3.218,21.2017,106.1543,5.36,13.182,5,21,63,122,1970-01-21 14:11:21.348,1970-01-21 14:12:08.808,Xuân,,,
Bắc Ninh,Đồng bằng sông Hồng,2026-05-19,27.06,30.72,24.5,32.36,37.56,29.1,34.839999999999996,34.839999999999996,0.0,18.2,91.0,17.74,37.06,14.114,1003.88,97.6,25.4,0.0,2.8979999999999997,21.2017,106.1543,4.802,13.198,5,21,63,133,1970-01-21 14:12:47.736,1970-01-21 14:13:35.232,Xuân,,,
Bắc Ninh,Đồng bằng sông Hồng,2026-05-20,26.98,29.639999999999997,25.24,32.46,36.02,30.18,30.1,30.1,0.0,21.0,92.0,15.98,32.2,13.178,1003.76,96.2,25.5,0.0,2.66,21.2017,106.1543,4.932,13.21,5,21,63,137,1970-01-21 14:14:14.112,1970-01-21 14:15:01.668,Xuân,,,
Bắc Ninh,Đồng bằng sông Hồng,2026-05-21,26.82,30.68,24.9,32.42,36.92,29.76,51.67999999999999,51.67999999999999,0.0,20.0,93.4,16.8,34.42,10.726,1005.98,99.4,25.639999999999997,0.0,2.192,21.2017,106.1543,2.582,13.220000000000002,5,21,65,127,1970-01-21 14:15:40.488,1970-01-21 14:16:28.080,Xuân,,,
Bắc Ninh,Đồng bằng sông Hồng,2026-05-22,29.1,31.860000000000003,26.46,34.739999999999995,37.68,32.28,6.04,6.04,0.0,8.0,85.0,18.92,37.72,16.246000000000002,1005.86,86.8,26.24,0.0,3.696,21.2017,106.1543,8.55,13.232,5,21,61,154,1970-01-21 14:17:06.876,1970-01-21 14:17:54.516,Xuân,,,
Bắc Ninh,Đồng bằng sông Hồng,2026-05-23,30.98,34.760000000000005,27.76,36.22,41.1,31.72,0.12,0.12,0.0,0.4,73.2,18.619999999999997,34.980000000000004,23.58,1004.56,78.6,25.48,0.0,5.96,21.2017,106.1543,11.768,13.242,5,21,3,174,1970-01-21 14:18:33.252,1970-01-21 14:19:20.940,Xuân,,,
Bắc Ninh,Đồng bằng sông Hồng,2026-05-24,31.619999999999997,35.46,28.08,36.58,41.44,31.78,0.0,0.0,0.0,0.0,70.2,19.12,35.64,24.046,1004.14,78.6,25.34,0.0,6.4159999999999995,21.2017,106.1543,12.042,13.258,5,21,3,173,1970-01-21 14:19:59.640,1970-01-21 14:20:47.364,Xuân,,,
Bắc Ninh,Đồng bằng sông Hồng,2026-05-25,32.28,36.239999999999995,28.74,37.1,42.28,31.92,0.0,0.0,0.0,0.0,66.2,19.26,35.48,25.877999999999997,1002.64,36.0,24.98,0.0,7.064,21.2017,106.1543,12.21,13.268,5,22,3,177,1970-01-21 14:21:26.028,1970-01-21 14:22:13.788,Xuân,,,
Bắc Ninh,Đồng bằng sông Hồng,2026-05-26,32.5,36.38,28.9,37.86,43.0,33.08,0.0,0.0,0.0,0.0,65.8,16.72,29.959999999999997,25.974,1001.78,1.6,25.08,0.0,6.808,21.2017,106.1543,12.312,13.278,5,22,0,173,1970-01-21 14:22:52.416,1970-01-21 14:23:40.212,Xuân,,,
Bắc Ninh,Đồng bằng sông Hồng,2026-05-27,32.239999999999995,36.4,28.94,38.26,44.1,34.0,0.02,0.02,0.0,0.2,70.2,17.880000000000003,30.6,25.842,1003.88,9.4,25.880000000000003,0.0,6.546000000000001,21.2017,106.1543,12.326,13.29,5,22,1,162,1970-01-21 14:24:18.804,1970-01-21 14:25:06.648,Xuân,,,
Bắc Ninh,Đồng bằng sông Hồng,2026-05-28,30.56,35.04,27.48,37.2,43.58,33.18,5.220000000000001,5.220000000000001,0.0,3.0,79.0,14.52,26.78,23.424,1007.0,21.0,26.32,0.0,5.33,21.2017,106.1543,11.868,13.3,5,22,51,131,1970-01-21 14:25:45.192,1970-01-21 14:26:33.060,Xuân,,,
Bắc Ninh,Đồng bằng sông Hồng,2026-05-29,28.880000000000003,31.46,26.78,36.019999999999996,39.36,33.76,4.84,4.84,0.0,9.0,87.0,10.5,29.24,21.926,1008.86,55.6,26.380000000000003,0.0,4.448,21.2017,106.1543,11.972,13.308000000000002,5,22,61,152,1970-01-21 14:27:11.580,1970-01-21 14:27:59.496,Xuân,,,
Bắc Ninh,Đồng bằng sông Hồng,2026-05-30,28.24,32.6,24.52,34.18,39.98,29.2,12.1,12.1,0.0,14.8,84.2,13.46,26.4,21.432,1010.1,79.8,25.08,0.0,4.552,21.2017,106.1543,10.252,13.318,5,22,63,11,1970-01-21 14:28:37.968,1970-01-21 14:29:25.920,Xuân,,,
Bắc Ninh,Đồng bằng sông Hồng,2026-05-31,28.96,33.120000000000005,25.44,35.4,41.56,31.74,0.76,0.76,0.0,5.0,81.8,14.94,26.860000000000003,24.938,1008.58,21.4,25.28,0.0,5.497999999999999,21.2017,106.1543,12.052,13.328,5,22,51,150,1970-01-21 14:30:04.368,1970-01-21 14:30:52.344,Xuân,,,
Bắc Ninh,Đồng bằng sông Hồng,2026-06-01,30.24,34.08,26.42,36.22,41.86,32.519999999999996,0.1,0.1,0.0,0.8,78.2,16.14,28.06,25.574,1007.18,6.6,25.7,0.0,5.83,21.2017,106.1543,12.31,13.338,6,23,51,154,1970-01-21 14:31:30.768,1970-01-21 14:32:18.768,Hè,,,
Bắc Ninh,Đồng bằng sông Hồng,2026-06-02,30.339999999999996,34.12,27.119999999999997,36.279999999999994,41.98,33.06,0.54,0.54,0.0,4.0,78.2,17.36,31.2,24.092,1005.06,41.2,26.0,0.0,5.578,21.2017,106.1543,12.174,13.342,6,23,51,153,1970-01-21 14:32:57.156,1970-01-21 14:33:45.192,Hè,,,
Bắc Ninh,Đồng bằng sông Hồng,2026-06-03,30.22,34.239999999999995,27.5,36.38,41.56,33.660000000000004,0.94,0.94,0.0,3.8,80.8,17.06,32.04,22.138,1002.48,42.8,26.42,0.0,5.040000000000001,21.2017,106.1543,12.222,13.352,6,23,51,152,1970-01-21 14:34:23.556,1970-01-21 14:35:11.616,Hè,,,
Bắc Ninh,Đồng bằng sông Hồng,2026-06-04,29.82,34.82000000000001,27.04,37.1,42.86,33.339999999999996,3.24,3.24,0.0,5.2,85.2,13.72,28.8,20.698,1002.02,66.0,26.880000000000003,0.0,4.544,21.2017,106.1543,11.208,13.36,6,23,53,113,1970-01-21 14:35:49.956,1970-01-21 14:36:38.040,Hè,,,
Bắc Ninh,Đồng bằng sông Hồng,2026-06-05,27.639999999999997,30.839999999999996,24.02,33.18,37.44,28.639999999999997,1.44,1.44,0.0,3.6,83.2,8.959999999999999,17.94,12.790000000000001,1003.8199999999999,65.6,24.380000000000003,0.0,2.842,21.2017,106.1543,5.442,13.368,6,23,53,216,1970-01-21 14:37:16.344,1970-01-21 14:38:04.464,Hè,,,
Bắc Ninh,Đồng bằng sông Hồng,2026-06-06,30.580000000000002,34.1,26.619999999999997,36.739999999999995,40.68,32.64,4.74,4.74,0.0,8.0,77.6,16.02,29.660000000000004,21.038,1003.0,88.4,26.02,0.0,5.054,21.2017,106.1543,11.618,13.372,6,23,63,165,1970-01-21 14:38:42.744,1970-01-21 14:39:30.888,Hè,,,
Bắc Ninh,Đồng bằng sông Hồng,2026-06-07,31.76,35.260000000000005,28.46,37.06,41.56,32.82,0.15999999999999998,0.15999999999999998,0.0,0.8,69.2,16.64,34.980000000000004,23.532,1001.26,82.6,25.22,0.0,6.124,21.2017,106.1543,11.879999999999999,13.38,6,23,3,174,1970-01-21 14:40:09.144,1970-01-21 14:40:57.312,Hè,,,
Bắc Ninh,Đồng bằng sông Hồng,2026-06-08,30.4,35.019999999999996,25.639999999999997,34.7,40.88,27.839999999999996,3.1,3.1,0.0,5.8,68.6,21.76,41.9,21.084,1001.0799999999999,93.8,23.84,0.0,5.576,21.2017,106.1543,11.248,13.388,6,24,61,24,1970-01-21 14:41:35.544,1970-01-21 14:42:23.736,Hè,,,
Bắc Ninh,Đồng bằng sông Hồng,2026-06-09,25.860000000000003,27.98,24.080000000000002,28.939999999999998,31.1,27.02,6.459999999999999,6.459999999999999,0.0,7.8,76.2,16.06,31.380000000000003,15.928,1006.5,89.6,21.2,0.0,3.628,21.2017,106.1543,7.7299999999999995,13.39,6,24,61,321,1970-01-21 14:43:01.944,1970-01-21 14:43:50.148,Hè,,,
Bắc Ninh,Đồng bằng sông Hồng,2026-06-10,27.3,30.98,24.16,31.080000000000002,34.8,27.74,0.8800000000000001,0.8800000000000001,0.0,1.0,72.4,10.78,22.240000000000002,19.798000000000002,1009.1200000000001,98.6,21.580000000000002,0.0,4.392,21.2017,106.1543,10.424000000000001,13.398000000000001,6,24,3,8,1970-01-21 14:44:28.356,1970-01-21 14:45:16.572,Hè,,,
Bắc Ninh,Đồng bằng sông Hồng,2026-06-11,27.4,30.6,24.22,32.480000000000004,35.72,29.119999999999997,1.78,1.78,0.0,5.4,78.6,7.44,18.419999999999998,16.366,1011.1800000000001,87.6,23.2,0.0,3.5120000000000005,21.2017,106.1543,8.286,13.4,6,24,51,140,1970-01-21 14:45:54.756,1970-01-21 14:46:42.996,Hè,,,
Bắc Ninh,Đồng bằng sông Hồng,2026-06-12,28.46,31.96,25.339999999999996,34.4,38.92,31.139999999999997,2.3600000000000003,2.3600000000000003,0.0,7.4,82.4,13.14,28.360000000000003,22.312,1010.26,81.2,25.080000000000002,0.0,4.734,21.2017,106.1543,11.690000000000001,13.402000000000001,6,24,53,167,1970-01-21 14:47:21.156,1970-01-21 14:48:09.408,Hè,,,
Bắc Ninh,Đồng bằng sông Hồng,2026-06-13,30.560000000000002,34.28,27.119999999999997,36.239999999999995,40.78,32.760000000000005,0.33999999999999997,0.33999999999999997,0.0,2.4,75.8,14.88,32.6,21.558,1005.6600000000001,96.0,25.580000000000002,0.0,5.214,21.2017,106.1543,10.902,13.408000000000001,6,24,51,180,1970-01-21 14:48:47.568,1970-01-21 14:49:35.820,Hè,,,
Bắc Ninh,Đồng bằng sông Hồng,2026-06-14,31.26,34.5,28.1,37.019999999999996,40.54,33.67999999999999,0.06000000000000001,0.06000000000000001,0.0,0.6,71.4,12.919999999999998,25.28,18.916,1002.72,99.0,25.259999999999998,0.0,4.754,21.2017,106.1543,9.459999999999999,13.412,6,24,3,119,1970-01-21 14:50:13.968,1970-01-21 14:51:02.244,Hè,,,
Bắc Ninh,Đồng bằng sông Hồng,2026-06-15,29.74,33.839999999999996,27.439999999999998,36.54,41.36,33.260000000000005,11.24,11.24,0.0,6.6,83.8,16.18,33.04,12.956,1003.32,99.2,26.54,0.0,3.024,21.2017,106.1543,3.8299999999999996,13.412,6,25,63,84,1970-01-21 14:51:40.368,1970-01-21 14:52:28.668,Hè,,,
Bắc Ninh,Đồng bằng sông Hồng,2026-06-16,28.339999999999996,31.080000000000002,25.5,34.82,38.019999999999996,30.76,13.580000000000002,13.580000000000002,0.0,18.8,89.0,13.8,29.02,15.808000000000002,1005.1600000000001,95.2,26.24,0.0,3.344,21.2017,106.1543,7.014,13.418000000000001,6,25,63,90,1970-01-21 14:53:06.780,1970-01-21 14:53:55.080,Hè,,,
Bắc Ninh,Đồng bằng sông Hồng,2026-06-17,28.919999999999998,33.44,25.919999999999998,35.42,40.58,31.52,18.64,18.64,0.0,18.2,87.0,14.5,29.0,16.608,1004.46,97.8,26.339999999999996,0.0,3.724,21.2017,106.1543,6.496,13.418000000000001,6,25,63,111,1970-01-21 14:54:33.192,1970-01-21 14:55:21.492,Hè,,,
Bắc Ninh,Đồng bằng sông Hồng,2026-06-18,29.939999999999998,33.18,26.8,35.82000000000001,39.18,32.339999999999996,5.08,5.08,0.0,9.8,81.2,15.76,29.8,14.168000000000001,1003.36,99.0,26.119999999999997,0.0,3.614,21.2017,106.1543,4.816,13.419999999999998,6,25,53,141,1970-01-21 14:55:59.604,1970-01-21 14:56:47.916,Hè,,,
Bắc Ninh,Đồng bằng sông Hồng,2026-06-19,30.72,33.46,28.3,35.68,38.6,32.16,0.4600000000000001,0.4600000000000001,0.0,2.2,72.8,16.560000000000002,31.04,12.918000000000001,1003.1,100.0,25.18,0.0,3.9659999999999997,21.2017,106.1543,3.78,13.422,6,25,51,173,1970-01-21 14:57:26.016,1970-01-21 14:58:14.328,Hè,,,
Bắc Ninh,Đồng bằng sông Hồng,2026-06-20,30.72,34.459999999999994,27.8,36.239999999999995,40.64,31.98,2.2600000000000002,2.2600000000000002,0.0,5.4,74.8,17.259999999999998,32.4,18.628,1004.4799999999999,98.6,25.56,0.0,4.787999999999999,21.2017,106.1543,8.778,13.422,6,25,53,153,1970-01-21 14:58:52.428,1970-01-21 14:59:40.740,Hè,,,
Bắc Ninh,Đồng bằng sông Hồng,2026-06-21,30.46,34.9,27.18,36.62,41.28,33.54,0.45999999999999996,0.45999999999999996,0.0,3.2,78.8,14.88,31.1,22.601999999999997,1005.64,88.8,26.060000000000002,0.0,5.246,21.2017,106.1543,11.86,13.422,6,25,51,156,1970-01-21 15:00:18.840,1970-01-21 15:01:07.152,Hè,,,
Bắc Ninh,Đồng bằng sông Hồng,2026-06-22,30.119999999999997,32.94,27.060000000000002,35.46,38.06,33.36,0.72,0.72,0.0,3.0,77.0,16.759999999999998,32.32,14.666,1003.36,77.2,25.46,0.0,3.9620000000000006,21.2017,106.1543,6.422,13.422,6,26,51,175,1970-01-21 15:01:45.252,1970-01-21 15:02:33.576,Hè,,,
Bắc Ninh,Đồng bằng sông Hồng,2026-06-23,31.860000000000003,35.94,28.080000000000002,37.2,42.480000000000004,32.08,0.04,0.04,0.0,0.4,66.6,14.16,28.080000000000002,24.304,999.96,58.6,24.7,0.0,6.15,21.2017,106.1543,12.59,13.422,6,26,3,199,1970-01-21 15:03:11.676,1970-01-21 15:03:59.988,Hè,,,
Bắc Ninh,Đồng bằng sông Hồng,2026-06-24,32.440000000000005,36.739999999999995,28.660000000000004,38.339999999999996,44.2,33.12,0.08,0.08,0.0,0.2,65.4,11.120000000000001,22.88,24.4,999.9799999999999,68.8,24.860000000000003,0.0,5.988,21.2017,106.1543,12.422,13.419999999999998,6,26,3,167,1970-01-21 15:04:38.088,1970-01-21 15:05:26.388,Hè,,,
Bắc Ninh,Đồng bằng sông Hồng,2026-06-25,31.98,36.12,29.26,38.92,43.88,35.480000000000004,0.18,0.18,0.0,1.0,74.4,12.559999999999999,22.54,19.962,1001.1600000000001,98.2,26.6,0.0,4.86,21.2017,106.1543,10.132,13.418000000000001,6,26,51,76,1970-01-21 15:06:04.500,1970-01-21 15:06:52.800,Hè,,,
Bắc Ninh,Đồng bằng sông Hồng,2026-06-26,28.46,30.560000000000002,26.439999999999998,34.42,36.7,31.860000000000003,5.7,5.7,0.0,5.8,84.8,14.48,33.46,11.976,1004.04,95.0,25.54,0.0,2.682,21.2017,106.1543,3.6340000000000003,13.418000000000001,6,26,61,12,1970-01-21 15:07:30.912,1970-01-21 15:08:19.212,Hè,,,
Bắc Ninh,Đồng bằng sông Hồng,2026-06-27,28.74,31.8,25.660000000000004,35.3,39.480000000000004,31.060000000000002,10.02,10.02,0.0,13.8,84.2,10.48,22.68,20.006,1004.3,94.4,25.72,0.0,4.2299999999999995,21.2017,106.1543,10.690000000000001,13.412,6,26,61,7,1970-01-21 15:08:57.336,1970-01-21 15:09:45.624,Hè,,,
Bắc Ninh,Đồng bằng sông Hồng,2026-06-28,28.2,32.32,25.1,34.9,39.980000000000004,30.860000000000003,44.239999999999995,44.239999999999995,0.0,17.4,88.2,12.459999999999999,27.2,17.492,1003.5200000000001,99.0,25.98,0.0,3.678,21.2017,106.1543,9.812000000000001,13.412,6,26,65,139,1970-01-21 15:10:23.748,1970-01-21 15:11:12.036,Hè,,,
Bắc Ninh,Đồng bằng sông Hồng,2026-06-29,27.74,30.46,25.72,33.94,36.8,31.24,21.68,21.68,0.0,18.4,89.8,12.040000000000001,22.98,13.498,1003.32,99.6,25.860000000000003,0.0,2.872,21.2017,106.1543,1.8800000000000001,13.408000000000001,6,27,63,111,1970-01-21 15:11:50.172,1970-01-21 15:12:38.448,Hè,,,
Bắc Ninh,Đồng bằng sông Hồng,2026-06-30,27.080000000000002,30.82,24.860000000000003,32.67999999999999,36.9,29.439999999999998,25.3,25.3,0.0,22.6,91.0,14.26,28.160000000000004,13.296000000000001,1004.6,98.8,25.380000000000003,0.0,2.7760000000000002,21.2017,106.1543,3.7379999999999995,13.408000000000001,6,27,63,101,1970-01-21 15:13:16.584,1970-01-21 15:14:04.848,Hè,,,
Bắc Ninh,Đồng bằng sông Hồng,2026-07-01,27.380000000000003,31.080000000000002,25.0,33.339999999999996,37.339999999999996,30.48,14.34,14.34,0.0,16.6,90.0,12.6,25.96,15.138,1005.5799999999999,98.2,25.56,0.0,3.1260000000000003,21.2017,106.1543,5.462,13.402000000000001,7,27,63,81,1970-01-21 15:14:43.008,1970-01-21 15:15:31.248,Hè,,,
Bắc Ninh,Đồng bằng sông Hồng,2026-07-02,27.78,30.76,24.979999999999997,34.44,38.44,30.419999999999998,14.74,14.74,0.0,15.4,89.8,10.559999999999999,27.3,17.972,1006.6200000000001,84.4,25.919999999999998,0.0,3.624,21.2017,106.1543,8.76,13.398000000000001,7,27,63,17,1970-01-21 15:16:09.420,1970-01-21 15:16:57.648,Hè,,,
Bắc Ninh,Đồng bằng sông Hồng,2026-07-03,27.98,30.96,25.48,34.019999999999996,37.58,30.24,25.4,25.4,0.0,12.0,87.4,15.0,32.82,16.124000000000002,1005.04,71.2,25.660000000000004,0.0,3.35,21.2017,106.1543,8.187999999999999,13.392000000000001,7,27,65,1,1970-01-21 15:17:35.832,1970-01-21 15:18:24.048,Hè,,,
Bắc Ninh,Đồng bằng sông Hồng,2026-07-04,27.939999999999998,30.339999999999996,26.339999999999996,32.239999999999995,35.18,30.2,15.2,15.2,0.0,13.2,84.2,22.32,42.86,14.591999999999999,1000.9200000000001,97.6,24.98,0.0,3.382,21.2017,106.1543,6.3420000000000005,13.388,7,27,63,336,1970-01-21 15:19:02.268,1970-01-21 15:19:50.448,Hè,,,
Bắc Ninh,Đồng bằng sông Hồng,2026-07-05,27.660000000000004,31.440000000000005,25.7,33.64,38.480000000000004,30.160000000000004,28.2,28.2,0.0,20.2,91.4,17.7,35.2,12.996,1001.1200000000001,99.2,26.080000000000002,0.0,2.722,21.2017,106.1543,3.716,13.382,7,27,63,218,1970-01-21 15:20:28.680,1970-01-21 15:21:16.848,Hè,,,
Bắc Ninh,Đồng bằng sông Hồng,2026-07-06,28.119999999999997,31.8,26.2,33.239999999999995,37.08,30.76,5.88,5.88,0.0,12.0,85.6,18.64,37.32,17.52,1001.0,93.4,25.380000000000003,0.0,3.7560000000000002,21.2017,106.1543,9.404,13.372,7,28,61,166,1970-01-21 15:21:55.104,1970-01-21 15:22:43.248,Hè,,,
Bắc Ninh,Đồng bằng sông Hồng,2026-07-07,29.119999999999997,32.9,25.68,35.980000000000004,42.18,31.339999999999996,6.26,6.26,0.0,13.4,84.6,12.540000000000001,22.58,24.119999999999997,1000.96,78.8,26.060000000000002,0.0,5.134,21.2017,106.1543,11.947999999999999,13.368,7,28,63,92,1970-01-21 15:23:21.528,1970-01-21 15:24:09.648,Hè,,,
Bắc Ninh,Đồng bằng sông Hồng,2026-07-08,27.78,31.98,25.54,34.38,40.58,30.76,16.16,16.16,0.0,14.6,89.0,13.680000000000001,31.4,18.212,1001.78,93.2,25.74,0.0,3.7700000000000005,21.2017,106.1543,8.290000000000001,13.362,7,28,63,91,1970-01-21 15:24:47.940,1970-01-21 15:25:36.048,Hè,,,
Bắc Ninh,Đồng bằng sông Hồng,2026-07-09,26.96,29.639999999999997,25.2,33.14,35.86,30.8,39.980000000000004,39.980000000000004,0.0,22.8,91.8,9.08,22.1,11.272,1002.0,99.0,25.419999999999998,0.0,2.3939999999999997,21.2017,106.1543,2.2600000000000002,13.351999999999999,7,28,63,121,1970-01-21 15:26:14.376,1970-01-21 15:27:02.448,Hè,,,
Bắc Ninh,Đồng bằng sông Hồng,2026-07-10,27.72,31.839999999999996,24.78,34.06,39.04,30.02,12.459999999999999,12.459999999999999,0.0,18.0,88.2,13.36,25.860000000000003,16.130000000000003,1000.78,90.8,25.48,0.0,3.436,21.2017,106.1543,6.184,13.347999999999999,7,28,63,145,1970-01-21 15:27:40.788,1970-01-21 15:28:28.836,Hè,,,
Bắc Ninh,Đồng bằng sông Hồng,2026-07-11,28.7,31.880000000000003,26.080000000000002,35.62,40.12,32.06,3.8600000000000003,3.8600000000000003,0.0,12.0,86.2,8.6,19.580000000000002,21.380000000000003,998.8,47.4,26.02,0.0,4.474,21.2017,106.1543,11.922,13.338,7,28,53,140,1970-01-21 15:29:07.212,1970-01-21 15:29:55.236,Hè,,,
Bắc Ninh,Đồng bằng sông Hồng,2026-07-12,29.28,33.239999999999995,26.419999999999998,36.739999999999995,42.4,32.82,4.92,4.92,0.0,11.6,85.6,11.8,26.860000000000003,24.374000000000002,999.3399999999999,60.0,26.46,0.0,5.132,21.2017,106.1543,11.856,13.330000000000002,7,28,61,69,1970-01-21 15:30:33.648,1970-01-21 15:31:21.624,Hè,,,
Bắc Ninh,Đồng bằng sông Hồng,2026-07-13,29.660000000000004,33.239999999999995,26.54,36.96,42.3,33.36,3.44,3.44,0.0,7.0,83.8,12.22,23.18,24.288,1001.4,47.6,26.4,0.0,5.234,21.2017,106.1543,12.158000000000001,13.319999999999999,7,29,61,118,1970-01-21 15:32:00.060,1970-01-21 15:32:48.012,Hè,,,
Bắc Ninh,Đồng bằng sông Hồng,2026-07-14,30.139999999999997,34.540000000000006,26.639999999999997,37.04,42.88,33.5,1.46,1.46,0.0,6.8,80.2,15.8,28.8,24.648000000000003,1001.6200000000001,79.2,26.060000000000002,0.0,5.454,21.2017,106.1543,11.788,13.309999999999999,7,29,53,129,1970-01-21 15:33:26.484,1970-01-21 15:34:14.400,Hè,,,
Bắc Ninh,Đồng bằng sông Hồng,2026-07-15,30.02,33.94,27.1,36.86,42.64,32.52,1.6800000000000002,1.6800000000000002,0.0,4.2,82.8,16.32,27.96,19.93,1001.7,92.2,26.7,0.0,4.466,21.2017,106.1543,9.324000000000002,13.3,7,29,51,125,1970-01-21 15:34:52.908,1970-01-21 15:35:40.800,Hè,,,
Bắc Ninh,Đồng bằng sông Hồng,2026-07-16,29.7,32.68,26.26,35.62,38.92,31.68,3.94,3.94,0.0,11.2,80.2,17.36,35.339999999999996,19.052,1001.6,90.8,25.72,0.0,4.364,21.2017,106.1543,10.084,13.290000000000001,7,29,53,185,1970-01-21 15:36:19.332,1970-01-21 15:37:07.188,Hè,,,
Bắc Ninh,Đồng bằng sông Hồng,2026-07-17,29.939999999999998,32.56,27.839999999999996,35.4,37.52,33.1,0.9600000000000002,0.9600000000000002,0.0,3.2,76.6,18.54,35.760000000000005,18.398,1001.0799999999999,91.6,25.22,0.0,4.4159999999999995,21.2017,106.1543,10.152,13.279999999999998,7,29,51,175,1970-01-21 15:37:45.768,1970-01-21 15:38:33.576,Hè,,,
Bắc Ninh,Đồng bằng sông Hồng,2026-07-18,30.46,34.38,27.26,36.64,41.519999999999996,32.08,1.56,1.56,0.0,6.6,74.4,10.1,22.48,24.416,1001.04,82.6,25.1,0.0,5.522,21.2017,106.1543,12.0,13.27,7,29,51,205,1970-01-21 15:39:12.180,1970-01-21 15:39:59.952,Hè,,,
Bắc Ninh,Đồng bằng sông Hồng,2026-07-19,28.6,31.3,26.939999999999998,35.239999999999995,38.220000000000006,33.2,4.4,4.4,0.0,8.6,86.6,11.440000000000001,25.06,15.73,1002.5600000000001,99.8,26.119999999999997,0.0,3.3579999999999997,21.2017,106.1543,5.997999999999999,13.26,7,29,63,281,1970-01-21 15:40:38.604,1970-01-21 15:41:26.340,Hè,,,
Bắc Ninh,Đồng bằng sông Hồng,2026-07-20,28.839999999999996,31.74,26.360000000000003,35.019999999999996,37.839999999999996,32.46,2.22,2.22,0.0,6.2,82.8,10.3,23.32,15.824000000000002,1003.1600000000001,99.2,25.44,0.0,3.5439999999999996,21.2017,106.1543,6.016,13.25,7,30,51,189,1970-01-21 15:42:05.028,1970-01-21 15:42:52.728,Hè,,,
