province,region,date,temperature_2m_mean,temperature_2m_max,temperature_2m_min,apparent_temperature_mean,apparent_temperature_max,apparent_temperature_min,precipitation_sum,rain_sum,showers_sum,precipitation_hours,relative_humidity_2m_mean,wind_speed_10m_max,wind_gusts_10m_max,shortwave_radiation_sum,pressure_msl_mean,cloud_cover_mean,dew_point_2m_mean,snowfall_sum,et0_fao_evapotranspiration,latitude,longitude,sunshine_hours,daylight_hours,month,week,weather_code,wind_direction_10m_dominant,sunrise,sunset,season,uv_index_max,uv_index_clear_sky_max,precipitation_probability_max
Cao Bằng,Trung du miền núi Bắc Bộ,2025-07-21,26.744444444444444,31.577777777777776,24.311111111111114,29.633333333333333,34.24444444444444,26.77777777777778,11.988888888888887,11.988888888888887,0.0,9.22222222222222,78.33333333333333,22.0,52.27777777777778,11.057777777777778,995.5,99.77777777777776,22.455555555555556,0.0,3.1866666666666665,22.6657,106.2522,3.31,13.32,7,30,63,5,1970-01-21 06:57:55.280000000,1970-01-21 06:58:43.240000000,Hè,,,
Cao Bằng,Trung du miền núi Bắc Bộ,2025-07-22,24.677777777777777,27.688888888888886,23.37777777777778,28.14444444444444,30.700000000000003,26.244444444444444,22.85555555555555,22.85555555555555,0.0,23.0,92.77777777777776,21.933333333333337,50.599999999999994,13.268888888888888,996.5333333333332,99.44444444444444,23.38888888888889,0.0,2.4866666666666664,22.6657,106.2522,5.932222222222222,13.31,7,30,63,52,1970-01-21 06:59:21.706666666,1970-01-21 07:00:09.620000000,Hè,,,
Cao Bằng,Trung du miền núi Bắc Bộ,2025-07-23,24.322222222222223,27.977777777777774,22.788888888888888,28.688888888888886,32.82222222222222,26.455555555555556,34.94444444444444,34.94444444444444,0.0,23.0,94.33333333333331,15.9,39.0,16.52777777777778,1000.9111111111112,99.88888888888889,23.299999999999997,0.0,3.0477777777777777,22.6657,106.2522,7.764444444444444,13.296666666666669,7,30,63,84,1970-01-21 07:00:48.126666666,1970-01-21 07:01:36.000000000,Hè,,,
Cao Bằng,Trung du miền núi Bắc Bộ,2025-07-24,24.166666666666668,27.5,22.77777777777778,29.06666666666667,32.733333333333334,27.155555555555555,21.799999999999997,21.799999999999997,0.0,22.333333333333332,94.88888888888889,10.744444444444444,27.4,13.815555555555555,1003.3777777777776,99.77777777777776,23.266666666666666,0.0,2.6544444444444446,22.6657,106.2522,5.456666666666667,13.28111111111111,7,30,65,65,1970-01-21 07:02:14.566666666,1970-01-21 07:03:02.380000000,Hè,,,
Cao Bằng,Trung du miền núi Bắc Bộ,2025-07-25,24.922222222222224,30.799999999999997,22.077777777777776,30.055555555555557,36.900000000000006,26.299999999999997,13.88888888888889,13.88888888888889,0.0,13.88888888888889,90.55555555555556,10.22222222222222,26.677777777777777,18.427777777777777,1003.0888888888888,89.77777777777777,23.11111111111111,0.0,3.705555555555556,22.6657,106.2522,9.08222222222222,13.27,7,30,63,44,1970-01-21 07:03:40.980000000,1970-01-21 07:04:28.753333333,Hè,,,
Cao Bằng,Trung du miền núi Bắc Bộ,2025-07-26,26.255555555555556,32.02222222222222,22.311111111111114,31.35555555555555,37.77777777777778,26.688888888888886,4.933333333333334,4.933333333333334,0.0,4.888888888888889,82.66666666666667,9.944444444444445,24.87777777777778,24.630000000000003,1002.6222222222224,44.888888888888886,22.688888888888886,0.0,5.136666666666667,22.6657,106.2522,11.986666666666666,13.256666666666668,7,30,63,33,1970-01-21 07:05:07.413333333,1970-01-21 07:05:55.120000000,Hè,,,
Cao Bằng,Trung du miền núi Bắc Bộ,2025-07-27,27.044444444444444,32.37777777777777,22.255555555555556,31.811111111111114,38.08888888888889,26.188888888888886,0.3666666666666667,0.3666666666666667,0.0,2.888888888888889,76.88888888888889,8.733333333333333,22.87777777777778,25.233333333333334,1001.9777777777776,25.555555555555557,22.211111111111112,0.0,5.3244444444444445,22.6657,106.2522,12.243333333333332,13.24,7,30,51,34,1970-01-21 07:06:33.833333333,1970-01-21 07:07:21.500000000,Hè,,,
Cao Bằng,Trung du miền núi Bắc Bộ,2025-07-28,28.055555555555557,33.43333333333333,22.788888888888888,32.91111111111111,39.22222222222222,26.85555555555555,0.4111111111111111,0.4111111111111111,0.0,2.2222222222222223,72.44444444444444,8.233333333333333,21.755555555555556,25.24888888888889,1000.0888888888888,27.77777777777778,22.200000000000003,0.0,5.434444444444444,22.6657,106.2522,12.256666666666668,13.22777777777778,7,31,51,1,1970-01-21 07:08:00.253333333,1970-01-21 07:08:47.873333333,Hè,,,
Cao Bằng,Trung du miền núi Bắc Bộ,2025-07-29,28.322222222222223,34.233333333333334,24.155555555555555,33.97777777777778,40.96666666666667,28.77777777777778,2.411111111111111,2.411111111111111,0.0,2.2222222222222223,78.55555555555556,10.044444444444444,24.677777777777777,20.58888888888889,998.7333333333332,97.88888888888889,23.866666666666667,0.0,4.5,22.6657,106.2522,9.193333333333332,13.21,7,31,63,50,1970-01-21 07:09:26.686666666,1970-01-21 07:10:14.240000000,Hè,,,
Cao Bằng,Trung du miền núi Bắc Bộ,2025-07-30,28.077777777777776,33.31111111111111,24.577777777777776,34.47777777777778,41.25555555555556,29.755555555555556,14.566666666666666,14.566666666666666,0.0,7.888888888888889,84.55555555555556,11.755555555555556,31.733333333333334,23.12444444444445,998.9,75.88888888888889,24.922222222222224,0.0,4.898888888888889,22.6657,106.2522,12.035555555555554,13.197777777777778,7,31,63,43,1970-01-21 07:10:53.100000000,1970-01-21 07:11:40.613333333,Hè,,,
Cao Bằng,Trung du miền núi Bắc Bộ,2025-07-31,26.322222222222223,32.01111111111111,23.844444444444445,32.099999999999994,39.166666666666664,28.6,9.566666666666666,9.566666666666666,0.0,8.777777777777779,89.11111111111111,10.177777777777775,28.633333333333333,18.48444444444445,999.2777777777778,97.66666666666669,24.200000000000003,0.0,3.815555555555556,22.6657,106.2522,9.314444444444444,13.18,7,31,63,12,1970-01-21 07:12:19.533333333,1970-01-21 07:13:06.980000000,Hè,,,
Cao Bằng,Trung du miền núi Bắc Bộ,2025-08-01,25.200000000000003,28.700000000000003,23.422222222222224,30.6,34.01111111111111,28.288888888888888,5.7555555555555555,5.7555555555555555,0.0,10.22222222222222,91.33333333333331,7.855555555555556,22.311111111111114,13.125555555555556,1000.4333333333332,86.66666666666667,23.64444444444445,0.0,2.6455555555555557,22.6657,106.2522,6.391111111111111,13.166666666666666,8,31,61,30,1970-01-21 07:13:45.953333333,1970-01-21 07:14:33.353333333,Hè,,,
Cao Bằng,Trung du miền núi Bắc Bộ,2025-08-02,27.666666666666668,33.15555555555555,22.466666666666665,32.67777777777778,39.15555555555555,26.77777777777778,0.2444444444444444,0.2444444444444444,0.0,1.8888888888888888,76.55555555555556,9.877777777777778,21.022222222222226,25.137777777777774,1001.5222222222224,49.22222222222222,22.62222222222222,0.0,5.433333333333334,22.6657,106.2522,12.113333333333337,13.15,8,31,51,209,1970-01-21 07:15:12.380000000,1970-01-21 07:15:59.713333333,Hè,,,
Cao Bằng,Trung du miền núi Bắc Bộ,2025-08-03,28.188888888888886,33.72222222222222,24.266666666666666,34.05555555555556,40.27777777777778,29.78888888888889,2.2444444444444445,2.2444444444444445,0.0,4.111111111111111,81.88888888888889,11.633333333333333,28.78888888888889,23.141111111111112,1001.0555555555557,59.111111111111114,24.48888888888889,0.0,5.021111111111112,22.6657,106.2522,11.425555555555556,13.132222222222222,8,31,51,109,1970-01-21 07:16:38.806666666,1970-01-21 07:17:26.080000000,Hè,,,
Cao Bằng,Trung du miền núi Bắc Bộ,2025-08-04,27.433333333333337,33.2,24.655555555555555,33.86666666666667,40.27777777777778,30.333333333333332,9.622222222222222,9.622222222222222,0.0,9.0,87.22222222222223,7.433333333333334,21.733333333333334,19.862222222222226,1001.3222222222222,99.44444444444444,24.87777777777778,0.0,4.2155555555555555,22.6657,106.2522,9.101111111111113,13.117777777777778,8,32,63,114,1970-01-21 07:18:05.226666666,1970-01-21 07:18:52.446666666,Hè,,,
Cao Bằng,Trung du miền núi Bắc Bộ,2025-08-05,25.422222222222224,29.555555555555557,23.922222222222224,31.54444444444444,37.355555555555554,29.35555555555555,14.877777777777778,14.877777777777778,0.0,10.22222222222222,95.55555555555556,7.855555555555556,24.555555555555557,11.998888888888889,1003.3666666666666,100.0,24.61111111111111,0.0,2.43,22.6657,106.2522,3.123333333333333,13.1,8,32,63,29,1970-01-21 07:19:31.666666666,1970-01-21 07:20:18.813333333,Hè,,,
Cao Bằng,Trung du miền núi Bắc Bộ,2025-08-06,25.1,28.9,23.233333333333334,30.32222222222222,34.55555555555556,27.811111111111114,10.255555555555556,10.255555555555556,0.0,13.666666666666666,93.55555555555556,10.422222222222222,27.27777777777778,14.15,1004.4,92.77777777777776,23.87777777777778,0.0,2.8155555555555556,22.6657,106.2522,5.336666666666667,13.08222222222222,8,32,63,120,1970-01-21 07:20:58.073333333,1970-01-21 07:21:45.173333333,Hè,,,
Cao Bằng,Trung du miền núi Bắc Bộ,2025-08-07,24.62222222222222,27.22222222222222,21.966666666666665,29.011111111111113,31.244444444444444,25.64444444444445,16.166666666666668,16.166666666666668,0.0,14.444444444444445,91.11111111111111,12.18888888888889,29.17777777777778,9.103333333333332,1006.8555555555556,97.66666666666669,23.044444444444444,0.0,1.95,22.6657,106.2522,1.498888888888889,13.062222222222225,8,32,63,121,1970-01-21 07:22:24.506666666,1970-01-21 07:23:11.533333333,Hè,,,
Cao Bằng,Trung du miền núi Bắc Bộ,2025-08-08,25.744444444444444,31.133333333333333,22.6,30.6,36.72222222222222,26.711111111111112,6.6,6.6,0.0,10.666666666666666,88.33333333333333,13.955555555555556,34.044444444444444,18.76888888888889,1007.1111111111112,67.22222222222223,23.48888888888889,0.0,3.806666666666666,22.6657,106.2522,8.93888888888889,13.047777777777778,8,32,63,118,1970-01-21 07:23:50.933333333,1970-01-21 07:24:37.900000000,Hè,,,
Cao Bằng,Trung du miền núi Bắc Bộ,2025-08-09,27.37777777777778,32.666666666666664,23.433333333333337,32.43333333333333,38.91111111111111,28.155555555555555,3.5555555555555554,3.5555555555555554,0.0,6.333333333333333,81.55555555555556,12.333333333333334,29.67777777777778,23.724444444444444,1005.9777777777776,81.0,23.566666666666663,0.0,5.1,22.6657,106.2522,11.155555555555557,13.03,8,32,55,122,1970-01-21 07:25:17.346666666,1970-01-21 07:26:04.253333333,Hè,,,
Cao Bằng,Trung du miền núi Bắc Bộ,2025-08-10,26.844444444444445,31.255555555555556,23.62222222222222,31.922222222222224,36.63333333333333,28.511111111111113,5.811111111111111,5.811111111111111,0.0,13.555555555555555,85.33333333333333,13.644444444444444,32.833333333333336,19.873333333333335,1006.077777777778,93.88888888888889,23.9,0.0,4.16,22.6657,106.2522,11.073333333333332,13.01,8,32,61,110,1970-01-21 07:26:43.780000000,1970-01-21 07:27:30.613333333,Hè,,,
Cao Bằng,Trung du miền núi Bắc Bộ,2025-08-11,27.0,32.34444444444445,22.62222222222222,31.64444444444445,37.0,26.966666666666665,2.7333333333333334,2.7333333333333334,0.0,9.22222222222222,80.0,12.577777777777778,31.700000000000003,24.29111111111111,1005.9,93.33333333333331,22.744444444444444,0.0,5.212222222222222,22.6657,106.2522,11.58,12.992222222222225,8,33,53,124,1970-01-21 07:28:10.193333333,1970-01-21 07:28:56.980000000,Hè,,,
Cao Bằng,Trung du miền núi Bắc Bộ,2025-08-12,26.966666666666665,31.733333333333334,22.966666666666665,31.85555555555555,37.077777777777776,27.555555555555557,2.7666666666666666,2.7666666666666666,0.0,8.555555555555555,81.0,11.166666666666666,27.522222222222226,22.936666666666667,1006.5,99.44444444444444,23.077777777777776,0.0,4.868888888888889,22.6657,106.2522,11.407777777777778,12.976666666666668,8,33,51,120,1970-01-21 07:29:36.620000000,1970-01-21 07:30:23.326666666,Hè,,,
Cao Bằng,Trung du miền núi Bắc Bộ,2025-08-13,27.044444444444444,31.6,23.333333333333332,32.43333333333333,37.24444444444444,28.22222222222222,1.6,1.6,0.0,4.222222222222222,81.77777777777777,7.98888888888889,20.288888888888888,20.0,1007.3555555555556,92.55555555555556,23.35555555555555,0.0,4.204444444444444,22.6657,106.2522,11.63,12.957777777777778,8,33,51,209,1970-01-21 07:31:03.046666666,1970-01-21 07:31:49.686666666,Hè,,,
Cao Bằng,Trung du miền núi Bắc Bộ,2025-08-14,26.811111111111114,31.833333333333332,23.12222222222222,32.28888888888889,38.08888888888889,27.700000000000003,9.666666666666666,9.666666666666666,0.0,9.22222222222222,82.66666666666667,9.122222222222222,24.788888888888888,21.183333333333337,1005.6666666666666,88.88888888888889,23.35555555555555,0.0,4.423333333333334,22.6657,106.2522,11.613333333333332,12.937777777777775,8,33,63,7,1970-01-21 07:32:29.453333333,1970-01-21 07:33:16.040000000,Hè,,,
Cao Bằng,Trung du miền núi Bắc Bộ,2025-08-15,23.333333333333332,26.677777777777777,22.1,27.766666666666666,31.08888888888889,26.1,19.08888888888889,19.08888888888889,0.0,20.88888888888889,94.22222222222224,9.566666666666666,23.833333333333332,10.476666666666668,1006.8333333333334,99.66666666666669,22.299999999999997,0.0,2.1133333333333333,22.6657,106.2522,3.5444444444444443,12.92,8,33,63,95,1970-01-21 07:33:55.893333333,1970-01-21 07:34:42.400000000,Hè,,,
Cao Bằng,Trung du miền núi Bắc Bộ,2025-08-16,23.51111111111111,27.655555555555555,21.41111111111111,27.677777777777777,32.53333333333333,25.022222222222226,11.755555555555556,11.755555555555556,0.0,17.0,91.44444444444444,11.355555555555556,30.38888888888889,17.028888888888886,1009.6333333333334,79.44444444444444,21.91111111111111,0.0,3.2755555555555556,22.6657,106.2522,8.69888888888889,12.902222222222225,8,33,63,47,1970-01-21 07:35:22.313333333,1970-01-21 07:36:08.753333333,Hè,,,
Cao Bằng,Trung du miền núi Bắc Bộ,2025-08-17,25.133333333333333,30.266666666666666,20.87777777777778,28.922222222222224,35.0,23.755555555555556,1.4,1.4,0.0,6.222222222222222,79.77777777777777,11.31111111111111,29.72222222222222,22.886666666666667,1009.6555555555556,73.22222222222223,21.08888888888889,0.0,4.6755555555555555,22.6657,106.2522,11.863333333333332,12.882222222222222,8,33,53,9,1970-01-21 07:36:48.720000000,1970-01-21 07:37:35.106666666,Hè,,,
Cao Bằng,Trung du miền núi Bắc Bộ,2025-08-18,23.955555555555556,28.766666666666666,21.522222222222226,27.677777777777777,33.08888888888889,24.35555555555555,27.37777777777778,27.37777777777778,0.0,13.88888888888889,89.66666666666667,15.711111111111112,39.388888888888886,16.883333333333333,1008.311111111111,93.0,22.0,0.0,3.23,22.6657,106.2522,8.483333333333333,12.863333333333332,8,34,65,5,1970-01-21 07:38:15.160000000,1970-01-21 07:39:01.460000000,Hè,,,
Cao Bằng,Trung du miền núi Bắc Bộ,2025-08-19,23.22222222222222,24.833333333333332,22.244444444444444,27.6,29.988888888888887,26.033333333333335,67.0,67.0,0.0,23.444444444444443,97.44444444444444,10.91111111111111,23.799999999999997,5.196666666666667,1006.8222222222222,100.0,22.822222222222223,0.0,1.0811111111111111,22.6657,106.2522,0.1177777777777777,12.843333333333334,8,34,65,321,1970-01-21 07:39:41.573333333,1970-01-21 07:40:27.813333333,Hè,,,
Cao Bằng,Trung du miền núi Bắc Bộ,2025-08-20,24.455555555555556,28.733333333333334,22.333333333333332,28.6,32.53333333333333,26.35555555555555,6.922222222222222,6.922222222222222,0.0,16.88888888888889,92.66666666666669,17.066666666666666,41.86666666666667,13.342222222222222,1007.7444444444444,100.0,23.066666666666663,0.0,2.631111111111111,22.6657,106.2522,5.801111111111111,12.823333333333332,8,34,61,134,1970-01-21 07:41:07.993333333,1970-01-21 07:41:54.166666666,Hè,,,
Cao Bằng,Trung du miền núi Bắc Bộ,2025-08-21,24.077777777777776,26.64444444444445,22.533333333333335,28.244444444444444,31.17777777777778,26.311111111111114,8.233333333333333,8.233333333333333,0.0,19.0,95.55555555555556,15.288888888888888,36.72222222222222,8.954444444444444,1009.1777777777778,99.88888888888889,23.311111111111114,0.0,1.72,22.6657,106.2522,1.791111111111111,12.803333333333336,8,34,53,187,1970-01-21 07:42:34.420000000,1970-01-21 07:43:20.506666666,Hè,,,
Cao Bằng,Trung du miền núi Bắc Bộ,2025-08-22,24.41111111111111,27.1,22.788888888888888,28.577777777777776,31.4,26.522222222222226,5.6,5.6,0.0,15.22222222222222,92.44444444444444,14.666666666666666,37.27777777777778,10.001111111111111,1009.1666666666666,100.0,23.077777777777776,0.0,2.0188888888888887,22.6657,106.2522,1.4722222222222223,12.786666666666669,8,34,53,192,1970-01-21 07:44:00.833333333,1970-01-21 07:44:46.860000000,Hè,,,
Cao Bằng,Trung du miền núi Bắc Bộ,2025-08-23,25.155555555555555,28.71111111111111,22.51111111111111,29.5,32.81111111111111,26.522222222222226,2.2333333333333334,2.2333333333333334,0.0,8.222222222222221,85.77777777777777,10.744444444444444,28.688888888888886,15.631111111111112,1009.4,94.22222222222224,22.466666666666665,0.0,3.1855555555555557,22.6657,106.2522,7.791111111111111,12.766666666666666,8,34,53,201,1970-01-21 07:45:27.253333333,1970-01-21 07:46:13.206666666,Hè,,,
Cao Bằng,Trung du miền núi Bắc Bộ,2025-08-24,25.1,30.311111111111114,21.844444444444445,29.43333333333333,35.12222222222223,25.255555555555556,11.8,11.8,0.0,9.11111111111111,84.77777777777777,13.988888888888887,35.388888888888886,21.333333333333332,1009.3333333333334,57.55555555555556,22.11111111111111,0.0,4.233333333333333,22.6657,106.2522,11.45111111111111,12.743333333333332,8,34,63,9,1970-01-21 07:46:53.680000000,1970-01-21 07:47:39.546666666,Hè,,,
Cao Bằng,Trung du miền núi Bắc Bộ,2025-08-25,23.544444444444444,27.9,21.433333333333337,26.700000000000003,30.522222222222226,24.299999999999997,10.322222222222225,10.322222222222225,0.0,12.88888888888889,90.0,19.51111111111111,50.01111111111111,17.200000000000003,1009.2666666666668,92.44444444444444,21.666666666666668,0.0,3.2422222222222223,22.6657,106.2522,9.78,12.723333333333334,8,35,63,1,1970-01-21 07:48:20.093333333,1970-01-21 07:49:05.900000000,Hè,,,
Cao Bằng,Trung du miền núi Bắc Bộ,2025-08-26,22.733333333333334,25.48888888888889,21.11111111111111,26.62222222222222,29.58888888888889,24.022222222222226,25.177777777777777,25.177777777777777,0.0,22.333333333333332,96.44444444444444,12.655555555555557,35.47777777777778,10.997777777777776,1010.4555555555556,99.0,22.12222222222222,0.0,2.036666666666666,22.6657,106.2522,2.4544444444444444,12.703333333333331,8,35,63,16,1970-01-21 07:49:46.506666666,1970-01-21 07:50:32.253333333,Hè,,,
Cao Bằng,Trung du miền núi Bắc Bộ,2025-08-27,23.51111111111111,27.655555555555555,21.477777777777774,27.966666666666665,33.044444444444444,25.422222222222224,17.522222222222222,17.522222222222222,0.0,14.666666666666666,92.22222222222224,8.88888888888889,24.57777777777778,15.435555555555558,1009.6222222222224,71.88888888888889,22.077777777777776,0.0,2.9744444444444444,22.6657,106.2522,8.47888888888889,12.683333333333332,8,35,63,50,1970-01-21 07:51:12.940000000,1970-01-21 07:51:58.600000000,Hè,,,
Cao Bằng,Trung du miền núi Bắc Bộ,2025-08-28,24.799999999999997,29.41111111111111,21.022222222222226,29.055555555555557,34.21111111111111,24.655555555555555,1.1666666666666667,1.1666666666666667,0.0,6.333333333333333,82.55555555555556,9.233333333333333,25.244444444444444,22.67111111111111,1009.0,29.555555555555557,21.344444444444445,0.0,4.542222222222223,22.6657,106.2522,12.0,12.663333333333334,8,35,51,127,1970-01-21 07:52:39.353333333,1970-01-21 07:53:24.946666666,Hè,,,
Cao Bằng,Trung du miền núi Bắc Bộ,2025-08-29,23.333333333333332,28.0,21.01111111111111,27.333333333333332,32.44444444444444,24.433333333333337,14.7,14.7,0.0,11.0,92.11111111111111,14.377777777777778,35.611111111111114,15.803333333333333,1010.9666666666668,67.22222222222223,21.87777777777778,0.0,2.9255555555555555,22.6657,106.2522,7.561111111111111,12.643333333333334,8,35,63,21,1970-01-21 07:54:05.766666666,1970-01-21 07:54:51.286666666,Hè,,,
Cao Bằng,Trung du miền núi Bắc Bộ,2025-08-30,24.744444444444444,30.633333333333333,21.666666666666668,28.422222222222224,34.25555555555556,24.322222222222223,16.577777777777776,16.577777777777776,0.0,11.22222222222222,85.44444444444444,16.733333333333334,41.67777777777778,21.09,1010.5333333333332,77.44444444444444,21.81111111111111,0.0,4.247777777777777,22.6657,106.2522,10.697777777777778,12.623333333333331,8,35,65,10,1970-01-21 07:55:32.193333333,1970-01-21 07:56:17.626666666,Hè,,,
Cao Bằng,Trung du miền núi Bắc Bộ,2025-08-31,24.266666666666666,28.922222222222224,21.53333333333333,28.744444444444444,34.2,25.066666666666663,12.866666666666667,12.866666666666667,0.0,14.555555555555555,89.77777777777777,10.933333333333334,28.266666666666666,17.02111111111111,1010.1666666666666,89.22222222222223,22.344444444444445,0.0,3.3622222222222224,22.6657,106.2522,9.522222222222222,12.601111111111113,8,35,63,29,1970-01-21 07:56:58.613333333,1970-01-21 07:57:43.973333333,Hè,,,
Cao Bằng,Trung du miền núi Bắc Bộ,2025-09-01,25.48888888888889,30.15555555555555,21.944444444444443,29.93333333333333,35.24444444444444,25.755555555555556,1.6,1.6,0.0,8.777777777777779,82.0,10.155555555555557,25.366666666666667,21.986666666666665,1008.2222222222222,33.55555555555556,21.922222222222224,0.0,4.489999999999999,22.6657,106.2522,11.923333333333334,12.581111111111111,9,36,51,80,1970-01-21 07:58:25.013333333,1970-01-21 07:59:10.320000000,Thu,,,
Cao Bằng,Trung du miền núi Bắc Bộ,2025-09-02,25.9,31.011111111111113,21.9,30.311111111111114,35.599999999999994,26.055555555555557,1.088888888888889,1.088888888888889,0.0,6.555555555555555,81.44444444444444,12.77777777777778,28.9,22.175555555555555,1007.9888888888888,45.22222222222222,22.1,0.0,4.653333333333332,22.6657,106.2522,11.761111111111113,12.56,9,36,51,179,1970-01-21 07:59:51.453333333,1970-01-21 08:00:36.660000000,Thu,,,
Cao Bằng,Trung du miền núi Bắc Bộ,2025-09-03,26.311111111111114,30.833333333333332,22.677777777777777,30.866666666666667,35.97777777777778,27.12222222222222,0.9444444444444444,0.9444444444444444,0.0,6.555555555555555,81.0,10.477777777777778,25.299999999999997,21.61,1008.1333333333334,31.333333333333332,22.51111111111111,0.0,4.525555555555555,22.6657,106.2522,11.577777777777778,12.538888888888888,9,36,51,186,1970-01-21 08:01:17.873333333,1970-01-21 08:02:03.006666666,Thu,,,
Cao Bằng,Trung du miền núi Bắc Bộ,2025-09-04,26.533333333333335,31.444444444444443,22.288888888888888,30.733333333333334,36.03333333333333,26.51111111111111,0.0,0.0,0.0,0.0,78.44444444444444,11.988888888888887,29.22222222222222,23.537777777777777,1007.7222222222222,22.0,22.066666666666663,0.0,4.992222222222222,22.6657,106.2522,11.961111111111112,12.518888888888888,9,36,3,130,1970-01-21 08:02:44.273333333,1970-01-21 08:03:29.346666666,Thu,,,
Cao Bằng,Trung du miền núi Bắc Bộ,2025-09-05,26.833333333333332,31.77777777777778,22.38888888888889,31.188888888888886,36.644444444444446,26.533333333333335,0.0222222222222222,0.0222222222222222,0.0,0.2222222222222222,77.33333333333333,9.766666666666667,25.544444444444444,23.547777777777775,1008.077777777778,75.22222222222223,22.14444444444445,0.0,5.014444444444444,22.6657,106.2522,12.0,12.496666666666666,9,36,3,183,1970-01-21 08:04:10.706666666,1970-01-21 08:04:55.686666666,Thu,,,
Cao Bằng,Trung du miền núi Bắc Bộ,2025-09-06,26.477777777777774,30.811111111111114,22.91111111111111,31.477777777777774,36.31111111111111,27.58888888888889,0.9888888888888888,0.9888888888888888,0.0,4.0,81.44444444444444,7.844444444444444,19.41111111111111,19.70111111111111,1009.2111111111112,93.0,22.755555555555556,0.0,4.1,22.6657,106.2522,11.85888888888889,12.476666666666668,9,36,51,76,1970-01-21 08:05:37.126666666,1970-01-21 08:06:22.026666666,Thu,,,
Cao Bằng,Trung du miền núi Bắc Bộ,2025-09-07,26.477777777777774,31.011111111111113,22.5,31.5,36.68888888888889,26.77777777777778,0.8888888888888888,0.8888888888888888,0.0,3.4444444444444446,80.44444444444444,7.633333333333334,21.444444444444443,21.94666666666667,1007.6111111111112,44.666666666666664,22.522222222222226,0.0,4.5311111111111115,22.6657,106.2522,12.0,12.456666666666669,9,36,51,106,1970-01-21 08:07:03.533333333,1970-01-21 08:07:48.373333333,Thu,,,
Cao Bằng,Trung du miền núi Bắc Bộ,2025-09-08,27.077777777777776,32.5,22.85555555555555,31.977777777777774,38.599999999999994,26.88888888888889,8.211111111111112,8.211111111111112,0.0,4.888888888888889,78.0,10.766666666666666,25.688888888888886,20.32,1006.2777777777778,91.66666666666669,22.48888888888889,0.0,4.357777777777778,22.6657,106.2522,11.13888888888889,12.433333333333332,9,37,63,5,1970-01-21 08:08:29.953333333,1970-01-21 08:09:14.713333333,Thu,,,
Cao Bằng,Trung du miền núi Bắc Bộ,2025-09-09,24.77777777777778,29.633333333333333,22.62222222222222,29.766666666666666,35.72222222222222,26.822222222222223,15.766666666666667,15.766666666666667,0.0,15.11111111111111,90.77777777777776,11.4,28.977777777777774,12.996666666666666,1007.922222222222,100.0,23.033333333333335,0.0,2.75,22.6657,106.2522,5.475555555555555,12.413333333333334,9,37,63,23,1970-01-21 08:09:56.380000000,1970-01-21 08:10:41.053333333,Thu,,,
Cao Bằng,Trung du miền núi Bắc Bộ,2025-09-10,24.5,27.91111111111111,22.64444444444445,29.38888888888889,32.766666666666666,27.322222222222223,8.3,8.3,0.0,11.444444444444445,92.44444444444444,8.8,25.055555555555557,14.177777777777775,1009.1666666666666,100.0,23.08888888888889,0.0,2.798888888888889,22.6657,106.2522,7.7555555555555555,12.39,9,37,63,89,1970-01-21 08:11:22.793333333,1970-01-21 08:12:07.400000000,Thu,,,
Cao Bằng,Trung du miền núi Bắc Bộ,2025-09-11,24.6,28.12222222222222,22.233333333333334,28.922222222222224,32.56666666666667,26.311111111111114,8.644444444444444,8.644444444444444,0.0,17.22222222222222,91.22222222222224,13.488888888888887,33.96666666666667,15.884444444444446,1009.9111111111112,96.55555555555556,22.966666666666665,0.0,3.0777777777777775,22.6657,106.2522,9.635555555555555,12.37,9,37,61,124,1970-01-21 08:12:49.200000000,1970-01-21 08:13:33.740000000,Thu,,,
Cao Bằng,Trung du miền núi Bắc Bộ,2025-09-12,24.91111111111111,29.466666666666665,22.344444444444445,28.966666666666665,33.51111111111111,26.166666666666668,5.433333333333334,5.433333333333334,0.0,14.22222222222222,88.33333333333333,13.933333333333334,34.888888888888886,18.205555555555556,1010.7111111111112,91.77777777777776,22.633333333333333,0.0,3.631111111111111,22.6657,106.2522,10.341111111111111,12.35,9,37,61,183,1970-01-21 08:14:15.633333333,1970-01-21 08:15:00.073333333,Thu,,,
Cao Bằng,Trung du miền núi Bắc Bộ,2025-09-13,25.255555555555556,29.71111111111111,22.299999999999997,29.32222222222222,33.5,26.37777777777778,1.1333333333333333,1.1333333333333333,0.0,6.444444444444445,83.77777777777777,12.6,30.877777777777776,19.432222222222222,1011.5111111111112,98.77777777777776,22.044444444444444,0.0,3.943333333333334,22.6657,106.2522,10.483333333333333,12.32888888888889,9,37,51,138,1970-01-21 08:15:42.046666666,1970-01-21 08:16:26.413333333,Thu,,,
Cao Bằng,Trung du miền núi Bắc Bộ,2025-09-14,25.766666666666666,30.522222222222226,22.177777777777777,29.82222222222222,34.46666666666667,26.299999999999997,0.2222222222222222,0.2222222222222222,0.0,1.6666666666666667,79.22222222222223,9.922222222222222,26.433333333333337,21.045555555555556,1011.188888888889,76.33333333333333,21.466666666666665,0.0,4.411111111111111,22.6657,106.2522,11.24,12.306666666666668,9,37,3,126,1970-01-21 08:17:08.453333333,1970-01-21 08:17:52.753333333,Thu,,,
Cao Bằng,Trung du miền núi Bắc Bộ,2025-09-15,23.98888888888889,28.4,21.58888888888889,28.511111111111113,33.955555555555556,25.51111111111111,13.877777777777778,13.877777777777778,0.0,15.22222222222222,91.22222222222224,10.066666666666666,25.322222222222223,15.85,1012.0888888888888,84.22222222222223,22.366666666666667,0.0,3.058888888888889,22.6657,106.2522,10.065555555555555,12.28111111111111,9,38,63,130,1970-01-21 08:18:34.873333333,1970-01-21 08:19:19.086666666,Thu,,,
Cao Bằng,Trung du miền núi Bắc Bộ,2025-09-16,25.12222222222222,30.533333333333335,20.977777777777774,29.311111111111114,35.58888888888889,24.788888888888888,2.1444444444444444,2.1444444444444444,0.0,4.555555555555555,81.0,9.911111111111111,24.788888888888888,22.263333333333335,1011.7888888888888,48.22222222222222,21.233333333333334,0.0,4.576666666666666,22.6657,106.2522,11.726666666666668,12.26,9,38,51,185,1970-01-21 08:20:01.306666666,1970-01-21 08:20:45.426666666,Thu,,,
Cao Bằng,Trung du miền núi Bắc Bộ,2025-09-17,24.08888888888889,28.27777777777778,21.5,28.38888888888889,32.3,25.533333333333335,9.877777777777776,9.877777777777776,0.0,12.11111111111111,88.44444444444444,11.577777777777778,28.555555555555557,16.504444444444445,1010.922222222222,60.333333333333336,21.955555555555556,0.0,3.21,22.6657,106.2522,10.38111111111111,12.24,9,38,63,55,1970-01-21 08:21:27.713333333,1970-01-21 08:22:11.766666666,Thu,,,
Cao Bằng,Trung du miền núi Bắc Bộ,2025-09-18,24.711111111111112,29.522222222222226,21.233333333333334,29.200000000000003,34.922222222222224,24.9,2.488888888888889,2.488888888888889,0.0,6.777777777777778,86.33333333333333,10.4,27.311111111111114,19.418888888888887,1010.6777777777778,55.888888888888886,22.077777777777776,0.0,3.8455555555555554,22.6657,106.2522,11.68,12.22,9,38,53,66,1970-01-21 08:22:54.120000000,1970-01-21 08:23:38.106666666,Thu,,,
Cao Bằng,Trung du miền núi Bắc Bộ,2025-09-19,26.077777777777776,30.466666666666665,22.0,30.422222222222224,35.13333333333333,25.9,0.9666666666666666,0.9666666666666666,0.0,5.888888888888889,78.11111111111111,8.088888888888889,21.555555555555557,21.19222222222222,1009.8,49.666666666666664,21.64444444444445,0.0,4.395555555555556,22.6657,106.2522,11.63,12.2,9,38,51,102,1970-01-21 08:24:20.546666666,1970-01-21 08:25:04.446666666,Thu,,,
Cao Bằng,Trung du miền núi Bắc Bộ,2025-09-20,26.566666666666663,31.444444444444443,22.155555555555555,31.14444444444445,36.733333333333334,26.033333333333335,3.388888888888889,3.388888888888889,0.0,5.888888888888889,77.55555555555556,8.477777777777778,20.433333333333337,20.495555555555555,1008.1222222222224,74.11111111111111,21.977777777777774,0.0,4.296666666666667,22.6657,106.2522,11.487777777777778,12.176666666666668,9,38,61,170,1970-01-21 08:25:46.966666666,1970-01-21 08:26:30.786666666,Thu,,,
Cao Bằng,Trung du miền núi Bắc Bộ,2025-09-21,24.966666666666665,29.477777777777774,22.11111111111111,29.84444444444445,34.56666666666667,26.033333333333335,15.033333333333337,15.033333333333337,0.0,16.333333333333332,89.0,8.877777777777778,23.566666666666663,17.212222222222223,1008.3,75.44444444444444,22.85555555555555,0.0,3.447777777777778,22.6657,106.2522,9.655555555555557,12.15,9,38,63,2,1970-01-21 08:27:13.373333333,1970-01-21 08:27:57.126666666,Thu,,,
Cao Bằng,Trung du miền núi Bắc Bộ,2025-09-22,23.522222222222226,26.91111111111111,21.677777777777777,27.522222222222226,30.811111111111114,25.522222222222226,22.38888888888889,22.38888888888889,0.0,17.0,90.11111111111111,10.044444444444444,25.433333333333337,12.265555555555556,1009.6111111111112,86.22222222222223,21.733333333333334,0.0,2.45,22.6657,106.2522,6.342222222222222,12.13,9,39,65,64,1970-01-21 08:28:39.800000000,1970-01-21 08:29:23.466666666,Thu,,,
Cao Bằng,Trung du miền núi Bắc Bộ,2025-09-23,24.344444444444445,28.9,21.811111111111114,28.066666666666663,33.32222222222222,25.044444444444444,5.177777777777778,5.177777777777778,0.0,13.22222222222222,85.22222222222223,11.266666666666667,27.6,15.975555555555555,1007.7444444444444,61.888888888888886,21.51111111111111,0.0,3.267777777777778,22.6657,106.2522,8.122222222222222,12.11,9,39,51,5,1970-01-21 08:30:06.226666666,1970-01-21 08:30:49.806666666,Thu,,,
Cao Bằng,Trung du miền núi Bắc Bộ,2025-09-24,25.91111111111111,30.366666666666667,22.14444444444445,26.91111111111111,31.533333333333335,22.933333333333337,0.0111111111111111,0.0111111111111111,0.0,0.1111111111111111,66.0,23.233333333333334,54.355555555555554,19.697777777777777,1004.9444444444443,63.888888888888886,18.77777777777778,0.0,5.154444444444445,22.6657,106.2522,11.26,12.09,9,39,3,4,1970-01-21 08:31:32.633333333,1970-01-21 08:32:16.146666666,Thu,,,
Cao Bằng,Trung du miền núi Bắc Bộ,2025-09-25,21.6,25.455555555555556,20.255555555555553,22.81111111111111,25.366666666666667,20.87777777777778,40.266666666666666,40.266666666666666,0.0,20.333333333333332,90.0,23.177777777777777,52.36666666666667,4.118888888888889,1004.9888888888888,100.0,19.700000000000003,0.0,1.24,22.6657,106.2522,0.0,12.07,9,39,63,4,1970-01-21 08:32:59.046666666,1970-01-21 08:33:42.500000000,Thu,,,
Cao Bằng,Trung du miền núi Bắc Bộ,2025-09-26,22.01111111111111,24.266666666666666,20.37777777777778,25.64444444444445,28.555555555555557,22.977777777777774,44.766666666666666,44.766666666666666,0.0,21.11111111111111,97.55555555555556,14.72222222222222,34.833333333333336,6.401111111111111,1012.5888888888888,99.88888888888889,21.633333333333333,0.0,1.2011111111111112,22.6657,106.2522,0.7466666666666666,12.05,9,39,65,24,1970-01-21 08:34:25.486666666,1970-01-21 08:35:08.840000000,Thu,,,
Cao Bằng,Trung du miền núi Bắc Bộ,2025-09-27,24.799999999999997,30.077777777777776,20.955555555555556,28.93333333333333,34.577777777777776,24.322222222222223,5.322222222222222,5.322222222222222,0.0,7.777777777777778,85.11111111111111,10.077777777777778,29.21111111111111,18.58111111111111,1014.4,67.66666666666667,21.77777777777778,0.0,3.771111111111111,22.6657,106.2522,10.47,12.023333333333332,9,39,61,22,1970-01-21 08:35:51.893333333,1970-01-21 08:36:35.180000000,Thu,,,
Cao Bằng,Trung du miền núi Bắc Bộ,2025-09-28,23.58888888888889,28.811111111111114,21.200000000000003,26.955555555555556,32.36666666666667,23.955555555555556,14.47777777777778,14.47777777777778,0.0,13.333333333333334,89.22222222222223,16.91111111111111,42.111111111111114,15.594444444444443,1012.3333333333334,65.77777777777777,21.6,0.0,3.0144444444444445,22.6657,106.2522,9.113333333333332,12.0,9,39,65,11,1970-01-21 08:37:18.306666666,1970-01-21 08:38:01.520000000,Thu,,,
Cao Bằng,Trung du miền núi Bắc Bộ,2025-09-29,22.055555555555557,23.22222222222222,21.155555555555555,24.711111111111112,26.12222222222222,23.522222222222226,69.95555555555556,69.95555555555556,0.0,24.0,98.11111111111111,20.933333333333337,51.0,4.151111111111111,1011.0555555555557,100.0,21.744444444444444,0.0,0.7722222222222223,22.6657,106.2522,0.03,11.98,9,40,63,51,1970-01-21 08:38:44.740000000,1970-01-21 08:39:27.860000000,Thu,,,
Cao Bằng,Trung du miền núi Bắc Bộ,2025-09-30,22.188888888888886,24.677777777777777,21.200000000000003,25.922222222222224,29.0,24.444444444444443,45.62222222222223,45.62222222222223,0.0,20.77777777777778,98.22222222222224,14.577777777777776,37.8,5.384444444444444,1012.4888888888888,100.0,21.87777777777778,0.0,1.0455555555555556,22.6657,106.2522,0.0944444444444444,11.96,9,40,63,137,1970-01-21 08:40:11.153333333,1970-01-21 08:40:54.200000000,Thu,,,
Cao Bằng,Trung du miền núi Bắc Bộ,2025-10-01,23.688888888888886,26.944444444444443,21.61111111111111,27.655555555555555,30.811111111111114,25.41111111111111,3.611111111111111,3.611111111111111,0.0,12.333333333333334,90.44444444444444,10.066666666666666,26.98888888888889,12.097777777777775,1013.0,99.0,21.922222222222224,0.0,2.3877777777777776,22.6657,106.2522,6.036666666666666,11.94,10,40,53,188,1970-01-21 08:41:37.560000000,1970-01-21 08:42:20.540000000,Thu,,,
Cao Bằng,Trung du miền núi Bắc Bộ,2025-10-02,24.9,29.08888888888889,21.744444444444444,28.188888888888886,31.84444444444445,25.433333333333337,0.0555555555555555,0.0555555555555555,0.0,0.5555555555555556,81.11111111111111,13.11111111111111,31.633333333333333,16.375555555555554,1012.5333333333332,67.11111111111111,21.14444444444445,0.0,3.4933333333333336,22.6657,106.2522,9.681111111111113,11.916666666666666,10,40,3,190,1970-01-21 08:43:03.993333333,1970-01-21 08:43:46.893333333,Thu,,,
Cao Bằng,Trung du miền núi Bắc Bộ,2025-10-03,25.133333333333333,30.14444444444445,21.433333333333337,28.366666666666667,33.87777777777777,24.866666666666667,0.0222222222222222,0.0222222222222222,0.0,0.2222222222222222,77.88888888888889,12.822222222222225,30.61111111111111,18.983333333333334,1012.3,27.22222222222222,20.61111111111111,0.0,4.043333333333333,22.6657,106.2522,10.704444444444444,11.893333333333334,10,40,3,204,1970-01-21 08:44:30.406666666,1970-01-21 08:45:13.233333333,Thu,,,
Cao Bằng,Trung du miền núi Bắc Bộ,2025-10-04,25.044444444444444,29.54444444444444,21.64444444444445,29.188888888888886,33.58888888888889,25.81111111111111,0.8111111111111112,0.8111111111111112,0.0,5.444444444444445,83.88888888888889,10.7,26.922222222222224,18.473333333333333,1012.2111111111112,36.22222222222222,21.822222222222223,0.0,3.775555555555555,22.6657,106.2522,10.396666666666668,11.87,10,40,51,125,1970-01-21 08:45:56.820000000,1970-01-21 08:46:39.573333333,Thu,,,
Cao Bằng,Trung du miền núi Bắc Bộ,2025-10-05,26.22222222222222,31.488888888888887,21.266666666666666,29.82222222222222,35.62222222222223,24.822222222222223,0.1,0.1,0.0,0.7777777777777778,75.11111111111111,15.711111111111112,34.355555555555554,20.12555555555555,1008.6333333333334,63.0,20.98888888888889,0.0,4.493333333333333,22.6657,106.2522,11.116666666666667,11.85,10,40,3,1,1970-01-21 08:47:23.253333333,1970-01-21 08:48:05.913333333,Thu,,,
Cao Bằng,Trung du miền núi Bắc Bộ,2025-10-06,22.066666666666663,25.9,20.866666666666667,23.655555555555555,26.866666666666667,21.477777777777774,62.366666666666674,62.366666666666674,0.0,20.555555555555557,92.44444444444444,25.68888888888889,58.911111111111104,2.338888888888889,1005.3777777777776,98.55555555555556,20.64444444444445,0.0,0.8511111111111112,22.6657,106.2522,0.0,11.83,10,41,65,40,1970-01-21 08:48:49.666666666,1970-01-21 08:49:32.260000000,Thu,,,
Cao Bằng,Trung du miền núi Bắc Bộ,2025-10-07,21.955555555555556,23.211111111111112,20.955555555555556,25.2,27.38888888888889,22.922222222222224,63.8111111111111,63.8111111111111,0.0,20.555555555555557,98.55555555555556,21.188888888888886,48.45555555555555,4.711111111111111,1013.577777777778,99.88888888888889,21.711111111111112,0.0,0.9055555555555556,22.6657,106.2522,0.0355555555555555,11.80888888888889,10,41,65,115,1970-01-21 08:50:16.086666666,1970-01-21 08:50:58.606666666,Thu,,,
Cao Bằng,Trung du miền núi Bắc Bộ,2025-10-08,23.933333333333337,28.688888888888886,20.77777777777778,27.744444444444447,32.56666666666667,24.366666666666667,5.177777777777778,5.177777777777778,0.0,9.666666666666666,83.66666666666667,8.088888888888889,22.466666666666665,17.84777777777778,1014.5444444444444,56.77777777777778,20.755555555555556,0.0,3.565555555555556,22.6657,106.2522,9.94,11.786666666666669,10,41,61,101,1970-01-21 08:51:42.513333333,1970-01-21 08:52:24.946666666,Thu,,,
Cao Bằng,Trung du miền núi Bắc Bộ,2025-10-09,24.444444444444443,29.555555555555557,19.85555555555555,27.766666666666666,33.15555555555555,22.9,0.0444444444444444,0.0444444444444444,0.0,0.4444444444444444,78.44444444444444,9.322222222222225,23.200000000000003,19.755555555555556,1013.577777777778,11.333333333333334,20.033333333333335,0.0,4.058888888888889,22.6657,106.2522,10.916666666666666,11.763333333333334,10,41,1,114,1970-01-21 08:53:08.933333333,1970-01-21 08:53:51.293333333,Thu,,,
Cao Bằng,Trung du miền núi Bắc Bộ,2025-10-10,24.444444444444443,29.422222222222224,20.299999999999997,27.844444444444445,32.65555555555555,23.744444444444447,0.2444444444444444,0.2444444444444444,0.0,2.0,78.33333333333333,8.944444444444445,23.711111111111112,19.16111111111111,1012.8777777777776,13.666666666666666,20.1,0.0,3.917777777777778,22.6657,106.2522,10.97888888888889,11.743333333333332,10,41,51,180,1970-01-21 08:54:35.346666666,1970-01-21 08:55:17.633333333,Thu,,,
Cao Bằng,Trung du miền núi Bắc Bộ,2025-10-11,24.35555555555555,28.9,20.58888888888889,28.11111111111111,33.12222222222223,24.0,1.3777777777777778,1.3777777777777778,0.0,6.111111111111111,83.11111111111111,9.822222222222225,25.88888888888889,17.814444444444447,1012.0666666666668,23.555555555555557,21.08888888888889,0.0,3.5633333333333335,22.6657,106.2522,10.948888888888888,11.721111111111112,10,41,53,196,1970-01-21 08:56:01.786666666,1970-01-21 08:56:43.973333333,Thu,,,
Cao Bằng,Trung du miền núi Bắc Bộ,2025-10-12,25.077777777777776,30.04444444444444,20.844444444444445,28.72222222222222,33.41111111111111,24.62222222222222,0.2666666666666666,0.2666666666666666,0.0,0.5555555555555556,79.44444444444444,9.9,25.6,19.245555555555555,1011.5333333333332,22.0,20.844444444444445,0.0,4.016666666666667,22.6657,106.2522,10.916666666666666,11.70111111111111,10,41,3,122,1970-01-21 08:57:28.200000000,1970-01-21 08:58:10.313333333,Thu,,,
Cao Bằng,Trung du miền núi Bắc Bộ,2025-10-13,24.466666666666665,28.71111111111111,21.41111111111111,28.877777777777776,33.15555555555555,25.522222222222226,2.7444444444444445,2.7444444444444445,0.0,9.555555555555555,86.22222222222223,7.98888888888889,21.755555555555556,15.17222222222222,1012.6777777777778,65.22222222222223,21.85555555555555,0.0,3.0733333333333333,22.6657,106.2522,9.557777777777778,11.68,10,42,53,119,1970-01-21 08:58:54.626666666,1970-01-21 08:59:36.666666666,Thu,,,
Cao Bằng,Trung du miền núi Bắc Bộ,2025-10-14,22.64444444444445,25.72222222222222,21.422222222222224,26.85555555555555,29.744444444444444,25.311111111111114,17.755555555555556,17.755555555555556,0.0,22.0,96.0,10.288888888888888,25.155555555555555,8.027777777777779,1013.4555555555556,99.55555555555556,21.944444444444443,0.0,1.5522222222222222,22.6657,106.2522,1.6122222222222222,11.66,10,42,63,92,1970-01-21 09:00:21.046666666,1970-01-21 09:01:03.026666666,Thu,,,
Cao Bằng,Trung du miền núi Bắc Bộ,2025-10-15,22.444444444444443,25.655555555555555,20.91111111111111,26.555555555555557,29.555555555555557,24.655555555555555,16.755555555555556,16.755555555555556,0.0,16.333333333333332,94.88888888888889,8.711111111111112,23.0,7.823333333333333,1014.1111111111112,92.11111111111111,21.533333333333335,0.0,1.5544444444444443,22.6657,106.2522,2.267777777777778,11.63888888888889,10,42,63,88,1970-01-21 09:01:47.466666666,1970-01-21 09:02:29.373333333,Thu,,,
Cao Bằng,Trung du miền núi Bắc Bộ,2025-10-16,23.755555555555556,28.255555555555556,21.311111111111114,27.577777777777776,31.555555555555557,25.299999999999997,1.0444444444444445,1.0444444444444445,0.0,6.444444444444445,85.88888888888889,11.288888888888888,29.64444444444445,16.533333333333335,1015.3444444444444,86.88888888888889,20.977777777777774,0.0,3.296666666666667,22.6657,106.2522,9.765555555555556,11.618888888888888,10,42,51,157,1970-01-21 09:03:13.900000000,1970-01-21 09:03:55.733333333,Thu,,,
Cao Bằng,Trung du miền núi Bắc Bộ,2025-10-17,24.08888888888889,28.799999999999997,20.299999999999997,27.58888888888889,31.866666666666667,23.522222222222226,0.6333333333333333,0.6333333333333333,0.0,4.111111111111111,80.44444444444444,9.444444444444445,24.922222222222224,18.096666666666668,1015.422222222222,27.0,20.233333333333334,0.0,3.644444444444444,22.6657,106.2522,10.996666666666666,11.596666666666668,10,42,51,110,1970-01-21 09:04:40.320000000,1970-01-21 09:05:22.073333333,Thu,,,
Cao Bằng,Trung du miền núi Bắc Bộ,2025-10-18,24.41111111111111,29.11111111111111,20.466666666666665,27.98888888888889,32.78888888888889,23.62222222222222,0.4,0.4,0.0,2.888888888888889,78.88888888888889,8.044444444444444,22.48888888888889,18.08555555555556,1014.7444444444444,21.11111111111111,20.27777777777778,0.0,3.6622222222222223,22.6657,106.2522,10.998888888888889,11.576666666666666,10,42,51,89,1970-01-21 09:06:06.753333333,1970-01-21 09:06:48.413333333,Thu,,,
Cao Bằng,Trung du miền núi Bắc Bộ,2025-10-19,22.944444444444443,26.977777777777774,20.333333333333332,26.055555555555557,30.255555555555556,23.055555555555557,7.166666666666667,7.166666666666667,0.0,12.11111111111111,87.22222222222223,12.0,29.944444444444443,14.332222222222224,1015.4777777777776,57.111111111111114,20.51111111111111,0.0,2.82,22.6657,106.2522,9.205555555555556,11.556666666666668,10,42,53,33,1970-01-21 09:07:33.173333333,1970-01-21 09:08:14.766666666,Thu,,,
Cao Bằng,Trung du miền núi Bắc Bộ,2025-10-20,21.944444444444443,26.211111111111112,18.62222222222222,22.711111111111112,26.433333333333337,19.133333333333333,0.0555555555555555,0.0555555555555555,0.0,0.4444444444444444,74.11111111111111,17.27777777777778,39.58888888888889,16.75,1016.6222222222224,26.88888888888889,16.755555555555556,0.0,3.638888888888889,22.6657,106.2522,10.932222222222222,11.536666666666669,10,43,2,37,1970-01-21 09:08:59.600000000,1970-01-21 09:09:41.133333333,Thu,,,
Cao Bằng,Trung du miền núi Bắc Bộ,2025-10-21,20.11111111111111,24.22222222222222,17.1,18.98888888888889,23.133333333333333,15.61111111111111,0.0,0.0,0.0,0.0,64.44444444444444,21.4,48.599999999999994,17.79888888888889,1018.9333333333332,24.666666666666668,13.066666666666666,0.0,4.035555555555556,22.6657,106.2522,11.0,11.513333333333334,10,43,3,21,1970-01-21 09:10:26.026666666,1970-01-21 09:11:07.493333333,Thu,,,
Cao Bằng,Trung du miền núi Bắc Bộ,2025-10-22,18.555555555555557,23.35555555555555,15.711111111111112,16.6,21.799999999999997,12.81111111111111,0.0,0.0,0.0,0.0,60.55555555555556,20.744444444444444,47.25555555555556,18.10555555555555,1020.4444444444443,67.55555555555556,10.633333333333333,0.0,4.131111111111111,22.6657,106.2522,11.0,11.493333333333332,10,43,3,25,1970-01-21 09:11:52.446666666,1970-01-21 09:12:33.833333333,Thu,,,
Cao Bằng,Trung du miền núi Bắc Bộ,2025-10-23,16.711111111111112,18.91111111111111,14.833333333333334,15.52222222222222,17.922222222222224,13.022222222222222,1.9,1.9,0.0,6.111111111111111,71.11111111111111,15.822222222222225,34.599999999999994,6.586666666666667,1021.6777777777778,95.11111111111111,11.344444444444443,0.0,1.8688888888888888,22.6657,106.2522,0.9522222222222224,11.473333333333334,10,43,51,24,1970-01-21 09:13:18.886666666,1970-01-21 09:14:00.173333333,Thu,,,
Cao Bằng,Trung du miền núi Bắc Bộ,2025-10-24,17.855555555555554,20.077777777777776,15.9,17.644444444444446,19.833333333333332,15.322222222222225,0.3777777777777777,0.3777777777777777,0.0,2.3333333333333335,75.44444444444444,12.977777777777778,28.95555555555556,7.0633333333333335,1020.6222222222224,97.44444444444444,13.333333333333334,0.0,1.741111111111111,22.6657,106.2522,0.8255555555555555,11.453333333333331,10,43,51,9,1970-01-21 09:14:45.306666666,1970-01-21 09:15:26.546666666,Thu,,,
Cao Bằng,Trung du miền núi Bắc Bộ,2025-10-25,19.4,22.844444444444445,17.055555555555557,20.0,23.58888888888889,17.366666666666667,0.0,0.0,0.0,0.0,73.77777777777777,8.977777777777778,20.58888888888889,8.364444444444445,1018.8777777777776,86.66666666666667,14.466666666666663,0.0,1.901111111111111,22.6657,106.2522,2.0733333333333333,11.433333333333332,10,43,3,5,1970-01-21 09:16:11.740000000,1970-01-21 09:16:52.906666666,Thu,,,
Cao Bằng,Trung du miền núi Bắc Bộ,2025-10-26,20.233333333333334,24.955555555555556,17.077777777777776,20.9,26.077777777777776,17.299999999999997,0.0,0.0,0.0,0.0,73.33333333333333,11.477777777777778,25.633333333333333,13.398888888888887,1018.7666666666668,62.111111111111114,15.066666666666666,0.0,2.798888888888889,22.6657,106.2522,8.023333333333333,11.413333333333334,10,43,3,19,1970-01-21 09:17:38.166666666,1970-01-21 09:18:19.253333333,Thu,,,
Cao Bằng,Trung du miền núi Bắc Bộ,2025-10-27,19.666666666666668,24.755555555555556,16.27777777777778,19.62222222222222,25.41111111111111,16.022222222222222,0.0,0.0,0.0,0.0,68.33333333333333,11.933333333333334,27.833333333333332,13.67,1019.3555555555556,53.0,13.4,0.0,2.9455555555555555,22.6657,106.2522,8.323333333333332,11.393333333333334,10,44,3,13,1970-01-21 09:19:04.600000000,1970-01-21 09:19:45.613333333,Thu,,,
Cao Bằng,Trung du miền núi Bắc Bộ,2025-10-28,19.6,25.433333333333337,15.300000000000002,20.055555555555557,26.333333333333332,15.288888888888888,0.0,0.0,0.0,0.0,70.66666666666667,10.855555555555556,26.48888888888889,17.22,1018.7666666666668,74.55555555555556,13.68888888888889,0.0,3.3555555555555556,22.6657,106.2522,10.7,11.373333333333331,10,44,3,32,1970-01-21 09:20:31.026666666,1970-01-21 09:21:11.980000000,Thu,,,
Cao Bằng,Trung du miền núi Bắc Bộ,2025-10-29,19.966666666666665,25.544444444444444,15.266666666666667,21.077777777777776,26.700000000000003,15.744444444444444,0.0,0.0,0.0,0.0,74.11111111111111,11.933333333333334,29.200000000000003,17.688888888888886,1017.3333333333334,91.11111111111111,14.877777777777778,0.0,3.358888888888889,22.6657,106.2522,10.53111111111111,11.353333333333332,10,44,3,60,1970-01-21 09:21:57.460000000,1970-01-21 09:22:38.333333333,Thu,,,
Cao Bằng,Trung du miền núi Bắc Bộ,2025-10-30,20.98888888888889,24.322222222222223,18.755555555555553,23.35555555555555,26.344444444444445,20.966666666666665,0.4,0.4,0.0,3.0,85.66666666666667,10.333333333333334,25.255555555555556,9.045555555555556,1017.8888888888888,97.55555555555556,18.433333333333337,0.0,1.8611111111111112,22.6657,106.2522,3.8666666666666663,11.336666666666666,10,44,51,44,1970-01-21 09:23:23.886666666,1970-01-21 09:24:04.693333333,Thu,,,
Cao Bằng,Trung du miền núi Bắc Bộ,2025-10-31,20.166666666666668,22.38888888888889,18.37777777777778,22.0,24.066666666666663,20.044444444444444,4.077777777777778,4.077777777777778,0.0,7.222222222222222,85.88888888888889,9.422222222222222,22.077777777777776,7.087777777777777,1018.8777777777776,96.0,17.633333333333333,0.0,1.508888888888889,22.6657,106.2522,1.9566666666666663,11.316666666666668,10,44,53,27,1970-01-21 09:24:50.320000000,1970-01-21 09:25:31.066666666,Thu,,,
Cao Bằng,Trung du miền núi Bắc Bộ,2025-11-01,18.08888888888889,19.966666666666665,16.58888888888889,18.966666666666665,20.711111111111112,17.033333333333335,3.8777777777777778,3.8777777777777778,0.0,10.333333333333334,86.55555555555556,12.666666666666666,26.844444444444445,5.6466666666666665,1019.8,99.66666666666669,15.688888888888888,0.0,1.2055555555555555,22.6657,106.2522,0.5255555555555556,11.297777777777778,11,44,53,46,1970-01-21 09:26:16.746666666,1970-01-21 09:26:57.413333333,Thu,,,
Cao Bằng,Trung du miền núi Bắc Bộ,2025-11-02,17.46666666666667,19.5,16.12222222222222,17.444444444444443,18.98888888888889,15.377777777777778,1.0444444444444445,1.0444444444444445,0.0,7.666666666666667,81.44444444444444,13.266666666666667,30.755555555555556,5.282222222222222,1020.3666666666666,100.0,14.155555555555557,0.0,1.3322222222222222,22.6657,106.2522,0.4288888888888889,11.27777777777778,11,44,51,17,1970-01-21 09:27:43.186666666,1970-01-21 09:28:23.793333333,Thu,,,
Cao Bằng,Trung du miền núi Bắc Bộ,2025-11-03,16.444444444444443,18.322222222222223,15.355555555555554,15.866666666666667,17.299999999999997,14.4,1.1333333333333333,1.1333333333333333,0.0,5.222222222222222,79.88888888888889,15.033333333333337,33.36666666666667,4.61,1020.5888888888888,100.0,12.9,0.0,1.2255555555555555,22.6657,106.2522,0.3777777777777778,11.26,11,45,51,13,1970-01-21 09:29:09.620000000,1970-01-21 09:29:50.153333333,Thu,,,
Cao Bằng,Trung du miền núi Bắc Bộ,2025-11-04,16.1,18.944444444444443,14.422222222222224,15.733333333333333,18.51111111111111,13.577777777777778,1.6111111111111112,1.6111111111111112,0.0,6.222222222222222,81.77777777777777,12.6,27.64444444444444,5.981111111111111,1019.4444444444443,84.22222222222223,12.922222222222222,0.0,1.2544444444444445,22.6657,106.2522,2.6766666666666667,11.242222222222225,11,45,53,3,1970-01-21 09:30:36.053333333,1970-01-21 09:31:16.526666666,Thu,,,
Cao Bằng,Trung du miền núi Bắc Bộ,2025-11-05,18.22222222222222,21.62222222222222,15.655555555555557,19.200000000000003,22.64444444444445,16.433333333333334,0.0222222222222222,0.0222222222222222,0.0,0.2222222222222222,81.77777777777777,7.711111111111112,18.555555555555557,9.325555555555557,1015.5333333333332,84.22222222222223,14.88888888888889,0.0,1.7944444444444445,22.6657,106.2522,3.5088888888888885,11.223333333333334,11,45,3,92,1970-01-21 09:32:02.486666666,1970-01-21 09:32:42.893333333,Thu,,,
Cao Bằng,Trung du miền núi Bắc Bộ,2025-11-06,19.944444444444443,23.655555555555555,16.655555555555555,21.799999999999997,24.977777777777774,18.35555555555555,0.2222222222222222,0.2222222222222222,0.0,1.8888888888888888,86.55555555555556,12.733333333333333,29.555555555555557,10.102222222222222,1013.8,72.55555555555556,17.51111111111111,0.0,1.9866666666666664,22.6657,106.2522,5.21,11.207777777777778,11,45,51,127,1970-01-21 09:33:28.926666666,1970-01-21 09:34:09.266666666,Thu,,,
Cao Bằng,Trung du miền núi Bắc Bộ,2025-11-07,20.744444444444444,23.62222222222222,17.91111111111111,23.655555555555555,26.455555555555556,20.288888888888888,4.355555555555556,4.355555555555556,0.0,7.555555555555555,92.11111111111111,7.222222222222222,19.0,5.475555555555555,1014.2888888888888,97.88888888888889,19.322222222222223,0.0,1.1766666666666667,22.6657,106.2522,0.6,11.19,11,45,63,4,1970-01-21 09:34:55.360000000,1970-01-21 09:35:35.633333333,Thu,,,
Cao Bằng,Trung du miền núi Bắc Bộ,2025-11-08,22.166666666666668,25.64444444444445,20.633333333333333,25.788888888888888,29.188888888888886,23.944444444444443,8.377777777777778,8.377777777777778,0.0,18.88888888888889,93.44444444444444,9.522222222222222,26.044444444444444,8.397777777777778,1015.2666666666668,85.88888888888889,20.98888888888889,0.0,1.63,22.6657,106.2522,4.126666666666667,11.17,11,45,61,41,1970-01-21 09:36:21.793333333,1970-01-21 09:37:02.013333333,Thu,,,
Cao Bằng,Trung du miền núi Bắc Bộ,2025-11-09,21.51111111111111,24.166666666666668,19.322222222222223,24.700000000000003,27.200000000000003,21.77777777777778,17.01111111111111,17.01111111111111,0.0,21.88888888888889,95.33333333333331,11.744444444444444,27.61111111111111,7.653333333333332,1014.6111111111112,95.44444444444444,20.700000000000003,0.0,1.4677777777777778,22.6657,106.2522,2.923333333333334,11.152222222222225,11,45,63,64,1970-01-21 09:37:48.226666666,1970-01-21 09:38:28.373333333,Thu,,,
Cao Bằng,Trung du miền núi Bắc Bộ,2025-11-10,19.0,20.72222222222222,17.766666666666666,20.677777777777777,22.555555555555557,19.188888888888886,2.066666666666667,2.066666666666667,0.0,10.88888888888889,90.33333333333331,9.133333333333333,20.844444444444445,4.493333333333333,1013.8666666666666,100.0,17.288888888888888,0.0,1.012222222222222,22.6657,106.2522,0.1222222222222222,11.137777777777778,11,46,53,29,1970-01-21 09:39:14.666666666,1970-01-21 09:39:54.766666666,Thu,,,
Cao Bằng,Trung du miền núi Bắc Bộ,2025-11-11,19.87777777777778,24.41111111111111,16.666666666666668,20.344444444444445,25.366666666666667,16.51111111111111,0.2888888888888889,0.2888888888888889,0.0,1.8888888888888888,73.77777777777777,13.31111111111111,31.88888888888889,12.53,1014.0222222222224,89.77777777777777,14.788888888888888,0.0,2.6866666666666665,22.6657,106.2522,6.774444444444445,11.12,11,46,3,1,1970-01-21 09:40:41.106666666,1970-01-21 09:41:21.126666666,Thu,,,
Cao Bằng,Trung du miền núi Bắc Bộ,2025-11-12,18.87777777777778,24.788888888888888,15.52222222222222,18.311111111111114,24.933333333333337,14.533333333333337,0.0,0.0,0.0,0.0,66.11111111111111,14.52222222222222,33.422222222222224,15.656666666666666,1017.0666666666668,43.22222222222222,12.166666666666666,0.0,3.2633333333333336,22.6657,106.2522,9.715555555555556,11.102222222222222,11,46,3,16,1970-01-21 09:42:07.540000000,1970-01-21 09:42:47.513333333,Thu,,,
Cao Bằng,Trung du miền núi Bắc Bộ,2025-11-13,18.37777777777778,24.51111111111111,14.377777777777778,17.733333333333334,24.344444444444445,12.666666666666666,0.0,0.0,0.0,0.0,65.11111111111111,13.955555555555556,32.422222222222224,17.43111111111111,1019.2777777777778,7.777777777777778,11.27777777777778,0.0,3.4566666666666666,22.6657,106.2522,10.824444444444444,11.087777777777776,11,46,1,6,1970-01-21 09:43:33.980000000,1970-01-21 09:44:13.893333333,Thu,,,
Cao Bằng,Trung du miền núi Bắc Bộ,2025-11-14,17.58888888888889,23.85555555555555,12.633333333333333,17.344444444444445,23.91111111111111,12.255555555555556,0.0,0.0,0.0,0.0,66.77777777777777,8.588888888888889,22.544444444444444,17.816666666666666,1019.1777777777778,4.777777777777778,10.68888888888889,0.0,3.207777777777778,22.6657,106.2522,10.814444444444444,11.07,11,46,1,14,1970-01-21 09:45:00.413333333,1970-01-21 09:45:40.260000000,Thu,,,
Cao Bằng,Trung du miền núi Bắc Bộ,2025-11-15,18.033333333333335,24.98888888888889,12.38888888888889,18.11111111111111,25.433333333333337,11.6,0.0,0.0,0.0,0.0,69.77777777777777,9.0,22.811111111111114,16.574444444444445,1020.9111111111112,7.888888888888889,11.944444444444445,0.0,3.052222222222222,22.6657,106.2522,10.804444444444446,11.052222222222222,11,46,0,8,1970-01-21 09:46:26.860000000,1970-01-21 09:47:06.646666666,Thu,,,
Cao Bằng,Trung du miền núi Bắc Bộ,2025-11-16,19.08888888888889,24.58888888888889,14.433333333333334,19.922222222222224,25.64444444444445,14.322222222222225,0.0,0.0,0.0,0.0,75.44444444444444,9.066666666666666,22.27777777777778,11.215555555555556,1021.4666666666668,45.44444444444444,14.311111111111112,0.0,2.285555555555556,22.6657,106.2522,6.062222222222222,11.04,11,46,3,2,1970-01-21 09:47:53.293333333,1970-01-21 09:48:33.033333333,Thu,,,
Cao Bằng,Trung du miền núi Bắc Bộ,2025-11-17,19.188888888888886,21.733333333333334,17.077777777777776,20.98888888888889,23.677777777777777,18.266666666666666,6.199999999999999,6.199999999999999,0.0,10.333333333333334,87.88888888888889,8.455555555555556,20.455555555555556,6.661111111111111,1021.8,83.22222222222223,17.033333333333335,0.0,1.3211111111111111,22.6657,106.2522,1.767777777777778,11.02222222222222,11,47,61,4,1970-01-21 09:49:19.733333333,1970-01-21 09:49:59.406666666,Thu,,,
Cao Bằng,Trung du miền núi Bắc Bộ,2025-11-18,13.233333333333333,18.044444444444444,8.988888888888889,12.033333333333331,19.866666666666667,6.144444444444444,26.22222222222222,26.22222222222222,0.0,24.0,96.11111111111111,19.211111111111112,41.644444444444446,2.6466666666666665,1027.3666666666666,100.0,12.633333333333333,0.0,0.4733333333333333,22.6657,106.2522,0.0,11.01,11,47,61,26,1970-01-21 09:50:46.173333333,1970-01-21 09:51:25.793333333,Thu,,,
Cao Bằng,Trung du miền núi Bắc Bộ,2025-11-19,11.488888888888887,15.033333333333331,8.38888888888889,9.133333333333333,12.622222222222224,5.311111111111111,5.677777777777777,5.677777777777777,0.0,9.444444444444445,76.77777777777777,19.200000000000003,41.17777777777778,7.773333333333334,1028.822222222222,97.33333333333331,7.188888888888889,0.0,1.498888888888889,22.6657,106.2522,2.3266666666666667,10.992222222222225,11,47,53,13,1970-01-21 09:52:12.613333333,1970-01-21 09:52:52.186666666,Thu,,,
Cao Bằng,Trung du miền núi Bắc Bộ,2025-11-20,13.844444444444443,19.811111111111114,9.233333333333334,11.855555555555556,18.344444444444445,7.1,0.0,0.0,0.0,0.0,63.44444444444444,12.022222222222222,29.04444444444444,16.787777777777777,1026.1333333333334,9.22222222222222,6.488888888888889,0.0,3.0533333333333332,22.6657,106.2522,10.56,10.98,11,47,1,353,1970-01-21 09:53:39.053333333,1970-01-21 09:54:18.586666666,Thu,,,
Cao Bằng,Trung du miền núi Bắc Bộ,2025-11-21,15.255555555555556,20.11111111111111,11.844444444444443,12.844444444444443,17.788888888888888,9.411111111111111,0.0,0.0,0.0,0.0,54.333333333333336,14.122222222222222,33.12222222222223,13.033333333333331,1025.3333333333333,50.0,5.766666666666667,0.0,2.9588888888888887,22.6657,106.2522,9.324444444444444,10.966666666666669,11,47,3,9,1970-01-21 09:55:05.486666666,1970-01-21 09:55:44.960000000,Thu,,,
Cao Bằng,Trung du miền núi Bắc Bộ,2025-11-22,15.333333333333334,21.35555555555556,10.477777777777778,14.022222222222222,20.577777777777776,8.633333333333333,0.0,0.0,0.0,0.0,59.666666666666664,7.7444444444444445,21.133333333333333,17.04222222222222,1022.4333333333332,11.22222222222222,7.044444444444444,0.0,3.04,22.6657,106.2522,10.633333333333333,10.95,11,47,3,11,1970-01-21 09:56:31.926666666,1970-01-21 09:57:11.346666666,Thu,,,
Cao Bằng,Trung du miền núi Bắc Bộ,2025-11-23,16.466666666666665,22.37777777777778,11.966666666666669,15.788888888888888,22.177777777777777,10.8,0.0,0.0,0.0,0.0,62.666666666666664,6.988888888888889,18.677777777777777,16.59111111111111,1020.9777777777776,16.666666666666668,8.944444444444445,0.0,2.94,22.6657,106.2522,10.52,10.94,11,47,3,17,1970-01-21 09:57:58.360000000,1970-01-21 09:58:37.740000000,Thu,,,
Cao Bằng,Trung du miền núi Bắc Bộ,2025-11-24,16.51111111111111,23.522222222222226,11.144444444444444,15.155555555555557,22.811111111111114,9.81111111111111,0.0,0.0,0.0,0.0,65.22222222222223,16.466666666666665,35.81111111111111,16.014444444444443,1022.077777777778,11.555555555555555,9.444444444444445,0.0,3.3033333333333332,22.6657,106.2522,10.511111111111113,10.926666666666668,11,48,2,10,1970-01-21 09:59:24.806666666,1970-01-21 10:00:04.133333333,Thu,,,
Cao Bằng,Trung du miền núi Bắc Bộ,2025-11-25,15.0,20.466666666666665,10.28888888888889,12.377777777777776,18.48888888888889,7.611111111111111,0.0,0.0,0.0,0.0,53.77777777777778,17.577777777777776,39.47777777777778,17.215555555555554,1023.188888888889,4.555555555555555,5.177777777777778,0.0,3.5233333333333334,22.6657,106.2522,10.641111111111112,10.913333333333334,11,48,2,13,1970-01-21 10:00:51.246666666,1970-01-21 10:01:30.533333333,Thu,,,
Cao Bằng,Trung du miền núi Bắc Bộ,2025-11-26,13.81111111111111,20.955555555555556,8.21111111111111,12.1,19.944444444444443,6.022222222222222,0.0,0.0,0.0,0.0,61.666666666666664,10.844444444444443,24.41111111111111,17.173333333333332,1021.8888888888888,7.222222222222222,6.055555555555555,0.0,3.058888888888889,22.6657,106.2522,10.615555555555556,10.9,11,48,2,0,1970-01-21 10:02:17.680000000,1970-01-21 10:02:56.933333333,Thu,,,
Cao Bằng,Trung du miền núi Bắc Bộ,2025-11-27,14.811111111111112,21.22222222222222,10.933333333333334,11.566666666666666,17.455555555555556,7.588888888888889,0.0,0.0,0.0,0.0,50.44444444444444,20.72222222222222,46.644444444444446,17.223333333333333,1025.1666666666667,52.666666666666664,3.711111111111111,0.0,3.8588888888888886,22.6657,106.2522,10.57888888888889,10.89,11,48,3,0,1970-01-21 10:03:44.126666666,1970-01-21 10:04:23.326666666,Thu,,,
Cao Bằng,Trung du miền núi Bắc Bộ,2025-11-28,14.5,22.044444444444444,9.022222222222222,12.488888888888887,20.688888888888886,6.088888888888889,0.0,0.0,0.0,0.0,53.888888888888886,10.288888888888888,22.433333333333337,17.44666666666667,1019.8555555555556,28.444444444444443,4.4,0.0,3.2488888888888887,22.6657,106.2522,10.605555555555556,10.88,11,48,3,7,1970-01-21 10:05:10.573333333,1970-01-21 10:05:49.726666666,Thu,,,
Cao Bằng,Trung du miền núi Bắc Bộ,2025-11-29,14.11111111111111,21.41111111111111,8.8,12.6,20.1,7.1,0.0,0.0,0.0,0.0,60.111111111111114,8.577777777777778,21.11111111111111,17.295555555555556,1016.1333333333334,0.3333333333333333,5.855555555555556,0.0,3.0266666666666664,22.6657,106.2522,10.57,10.87,11,48,0,93,1970-01-21 10:06:37.006666666,1970-01-21 10:07:16.126666666,Thu,,,
Cao Bằng,Trung du miền núi Bắc Bộ,2025-11-30,14.88888888888889,22.633333333333333,8.366666666666667,14.288888888888888,22.255555555555553,6.7444444444444445,0.0,0.0,0.0,0.0,72.0,9.077777777777778,23.211111111111112,16.326666666666668,1014.8888888888888,6.333333333333333,9.433333333333334,0.0,2.842222222222222,22.6657,106.2522,10.28,10.858888888888888,11,48,1,71,1970-01-21 10:08:03.446666666,1970-01-21 10:08:42.533333333,Thu,,,
Cao Bằng,Trung du miền núi Bắc Bộ,2025-12-01,17.311111111111114,23.255555555555556,12.933333333333334,17.766666666666666,23.22222222222222,13.266666666666667,0.1111111111111111,0.1111111111111111,0.0,0.8888888888888888,82.44444444444444,11.422222222222222,27.48888888888889,13.37,1015.3,51.0,13.955555555555556,0.0,2.462222222222222,22.6657,106.2522,9.563333333333333,10.848888888888888,12,49,3,229,1970-01-21 10:09:29.893333333,1970-01-21 10:10:08.933333333,Đông,,,
Cao Bằng,Trung du miền núi Bắc Bộ,2025-12-02,18.655555555555555,23.744444444444444,15.3,20.233333333333334,24.96666666666667,16.233333333333334,3.255555555555555,3.255555555555555,0.0,7.0,86.55555555555556,8.288888888888888,19.766666666666666,10.658888888888889,1014.7666666666668,64.22222222222223,16.11111111111111,0.0,1.9833333333333336,22.6657,106.2522,7.541111111111111,10.838888888888889,12,49,51,198,1970-01-21 10:10:56.326666666,1970-01-21 10:11:35.346666666,Đông,,,
Cao Bằng,Trung du miền núi Bắc Bộ,2025-12-03,16.799999999999997,19.288888888888888,14.144444444444444,16.733333333333334,18.922222222222224,13.633333333333333,2.988888888888889,2.988888888888889,0.0,8.0,81.33333333333333,14.7,33.46666666666667,6.153333333333333,1021.0444444444444,88.66666666666667,13.344444444444443,0.0,1.4022222222222225,22.6657,106.2522,1.3733333333333335,10.82888888888889,12,49,53,40,1970-01-21 10:12:22.766666666,1970-01-21 10:13:01.746666666,Đông,,,
Cao Bằng,Trung du miền núi Bắc Bộ,2025-12-04,15.422222222222224,18.01111111111111,13.6,15.11111111111111,17.799999999999997,12.944444444444445,0.0111111111111111,0.0111111111111111,0.0,0.1111111111111111,76.33333333333333,7.366666666666666,19.322222222222223,6.802222222222222,1021.1555555555556,91.66666666666669,11.177777777777775,0.0,1.347777777777778,22.6657,106.2522,3.282222222222222,10.82,12,49,3,97,1970-01-21 10:13:49.213333333,1970-01-21 10:14:28.160000000,Đông,,,
Cao Bằng,Trung du miền núi Bắc Bộ,2025-12-05,14.866666666666667,16.755555555555556,13.066666666666668,14.955555555555556,16.455555555555556,12.877777777777778,2.288888888888889,2.288888888888889,0.0,9.88888888888889,87.0,9.166666666666666,21.311111111111114,4.6033333333333335,1022.9444444444443,94.88888888888889,12.6,0.0,0.9188888888888888,22.6657,106.2522,0.2544444444444445,10.81,12,49,51,23,1970-01-21 10:15:15.653333333,1970-01-21 10:15:54.580000000,Đông,,,
Cao Bằng,Trung du miền núi Bắc Bộ,2025-12-06,15.788888888888888,18.98888888888889,12.377777777777778,15.8,18.822222222222223,12.255555555555556,0.4444444444444444,0.4444444444444444,0.0,3.6666666666666665,82.55555555555556,11.055555555555555,25.41111111111111,7.842222222222222,1019.8222222222222,88.55555555555556,12.755555555555556,0.0,1.4844444444444445,22.6657,106.2522,3.533333333333333,10.801111111111112,12,49,51,149,1970-01-21 10:16:42.100000000,1970-01-21 10:17:20.986666666,Đông,,,
Cao Bằng,Trung du miền núi Bắc Bộ,2025-12-07,17.433333333333334,21.655555555555555,14.622222222222222,18.266666666666666,22.62222222222222,15.144444444444446,1.8111111111111111,1.8111111111111111,0.0,9.0,85.55555555555556,9.866666666666667,22.244444444444444,10.17,1020.0222222222224,72.0,14.766666666666667,0.0,1.8788888888888888,22.6657,106.2522,7.281111111111112,10.796666666666669,12,49,51,49,1970-01-21 10:18:08.533333333,1970-01-21 10:18:47.386666666,Đông,,,
Cao Bằng,Trung du miền núi Bắc Bộ,2025-12-08,16.87777777777778,22.522222222222226,12.2,16.522222222222222,22.155555555555555,11.22222222222222,0.0555555555555555,0.0555555555555555,0.0,0.3333333333333333,73.44444444444444,11.344444444444443,26.311111111111114,14.725555555555555,1021.7222222222222,34.333333333333336,11.511111111111113,0.0,2.67,22.6657,106.2522,9.682222222222222,10.788888888888888,12,50,3,22,1970-01-21 10:19:34.966666666,1970-01-21 10:20:13.806666666,Đông,,,
Cao Bằng,Trung du miền núi Bắc Bộ,2025-12-09,16.066666666666666,21.044444444444444,12.044444444444444,15.922222222222224,20.155555555555555,11.977777777777778,0.3333333333333333,0.3333333333333333,0.0,1.8888888888888888,79.22222222222223,11.033333333333331,26.98888888888889,11.927777777777775,1019.9666666666668,30.444444444444443,12.133333333333333,0.0,2.1666666666666665,22.6657,106.2522,9.524444444444445,10.78111111111111,12,50,3,143,1970-01-21 10:21:01.406666666,1970-01-21 10:21:40.220000000,Đông,,,
Cao Bằng,Trung du miền núi Bắc Bộ,2025-12-10,16.61111111111111,22.61111111111111,12.133333333333333,16.62222222222222,22.133333333333333,12.144444444444444,0.0,0.0,0.0,0.0,76.88888888888889,8.755555555555555,22.633333333333333,14.185555555555556,1018.7666666666668,22.88888888888889,11.977777777777778,0.0,2.502222222222222,22.6657,106.2522,10.033333333333331,10.776666666666666,12,50,3,199,1970-01-21 10:22:27.853333333,1970-01-21 10:23:06.646666666,Đông,,,
Cao Bằng,Trung du miền núi Bắc Bộ,2025-12-11,16.27777777777778,19.544444444444444,12.977777777777778,16.755555555555556,20.12222222222222,12.8,3.655555555555555,3.655555555555555,0.0,3.0,82.88888888888889,7.4,18.12222222222222,6.333333333333333,1019.0333333333332,69.22222222222223,13.3,0.0,1.228888888888889,22.6657,106.2522,2.9344444444444444,10.77,12,50,51,170,1970-01-21 10:23:54.280000000,1970-01-21 10:24:33.046666666,Đông,,,
Cao Bằng,Trung du miền núi Bắc Bộ,2025-12-12,17.233333333333334,19.433333333333337,15.288888888888888,18.566666666666663,20.41111111111111,16.255555555555556,4.6,4.6,0.0,10.22222222222222,94.88888888888889,11.577777777777778,26.38888888888889,4.141111111111111,1016.1333333333334,91.88888888888889,16.4,0.0,0.8155555555555556,22.6657,106.2522,0.0922222222222222,10.763333333333334,12,50,51,205,1970-01-21 10:25:20.720000000,1970-01-21 10:25:59.466666666,Đông,,,
Cao Bằng,Trung du miền núi Bắc Bộ,2025-12-13,17.422222222222224,20.87777777777778,12.177777777777775,16.577777777777776,20.72222222222222,9.411111111111111,7.333333333333333,7.333333333333333,0.0,6.333333333333333,75.44444444444444,22.577777777777776,50.24444444444444,7.685555555555556,1021.1111111111112,73.22222222222223,12.566666666666666,0.0,2.1055555555555556,22.6657,106.2522,4.935555555555556,10.76,12,50,51,28,1970-01-21 10:26:47.146666666,1970-01-21 10:27:25.893333333,Đông,,,
Cao Bằng,Trung du miền núi Bắc Bộ,2025-12-14,13.2,18.288888888888888,9.366666666666667,10.977777777777778,16.37777777777778,6.844444444444445,0.0,0.0,0.0,0.0,59.666666666666664,13.066666666666666,29.43333333333333,15.166666666666666,1023.8333333333334,13.22222222222222,5.155555555555555,0.0,2.718888888888889,22.6657,106.2522,10.035555555555556,10.758888888888889,12,50,3,36,1970-01-21 10:28:13.586666666,1970-01-21 10:28:52.306666666,Đông,,,
Cao Bằng,Trung du miền núi Bắc Bộ,2025-12-15,13.522222222222222,19.72222222222222,8.866666666666667,12.444444444444445,18.633333333333333,7.566666666666667,0.0,0.0,0.0,0.0,71.44444444444444,10.38888888888889,25.188888888888886,15.775555555555554,1020.0666666666668,2.111111111111111,8.11111111111111,0.0,2.58,22.6657,106.2522,10.038888888888888,10.751111111111111,12,51,0,173,1970-01-21 10:29:40.020000000,1970-01-21 10:30:18.726666666,Đông,,,
Cao Bằng,Trung du miền núi Bắc Bộ,2025-12-16,15.866666666666667,19.955555555555556,11.466666666666669,15.944444444444445,19.633333333333333,10.955555555555556,0.2777777777777778,0.2777777777777778,0.0,2.111111111111111,81.55555555555556,8.61111111111111,22.244444444444444,9.151111111111112,1019.1777777777778,79.11111111111111,12.522222222222222,0.0,1.6833333333333331,22.6657,106.2522,6.14,10.75,12,51,51,160,1970-01-21 10:31:06.460000000,1970-01-21 10:31:45.166666666,Đông,,,
Cao Bằng,Trung du miền núi Bắc Bộ,2025-12-17,16.533333333333335,20.422222222222224,13.488888888888887,16.688888888888886,19.87777777777778,13.044444444444444,2.0444444444444443,2.0444444444444443,0.0,9.666666666666666,83.66666666666667,12.133333333333333,28.233333333333334,8.432222222222222,1022.2111111111112,76.44444444444444,13.522222222222222,0.0,1.6677777777777778,22.6657,106.2522,4.484444444444445,10.748888888888889,12,51,51,42,1970-01-21 10:32:32.893333333,1970-01-21 10:33:11.573333333,Đông,,,
Cao Bằng,Trung du miền núi Bắc Bộ,2025-12-18,16.322222222222223,21.311111111111114,12.1,16.166666666666668,21.0,11.81111111111111,0.4,0.4,0.0,2.5555555555555554,78.55555555555556,9.677777777777775,23.87777777777778,13.38,1019.7555555555556,26.22222222222222,12.18888888888889,0.0,2.376666666666667,22.6657,106.2522,10.0,10.748888888888889,12,51,51,18,1970-01-21 10:33:59.320000000,1970-01-21 10:34:38.000000000,Đông,,,
Cao Bằng,Trung du miền núi Bắc Bộ,2025-12-19,16.933333333333334,22.811111111111114,12.455555555555556,16.733333333333334,21.711111111111112,12.377777777777778,0.0,0.0,0.0,0.0,79.33333333333333,13.544444444444444,32.8,13.72888888888889,1015.2222222222222,23.444444444444443,12.788888888888888,0.0,2.586666666666667,22.6657,106.2522,10.001111111111111,10.741111111111111,12,51,3,204,1970-01-21 10:35:25.753333333,1970-01-21 10:36:04.426666666,Đông,,,
Cao Bằng,Trung du miền núi Bắc Bộ,2025-12-20,17.4,22.077777777777776,14.511111111111113,18.38888888888889,22.677777777777777,15.133333333333333,1.4444444444444444,1.4444444444444444,0.0,6.333333333333333,86.11111111111111,8.377777777777778,21.51111111111111,9.525555555555556,1016.811111111111,58.111111111111114,14.811111111111112,0.0,1.7533333333333332,22.6657,106.2522,6.622222222222223,10.741111111111111,12,51,51,185,1970-01-21 10:36:52.180000000,1970-01-21 10:37:30.860000000,Đông,,,
Cao Bằng,Trung du miền núi Bắc Bộ,2025-12-21,16.9,20.41111111111111,14.9,17.833333333333332,21.27777777777778,15.52222222222222,4.655555555555555,4.655555555555555,0.0,12.88888888888889,89.11111111111111,8.899999999999999,22.844444444444445,9.434444444444445,1019.5666666666668,69.88888888888889,14.955555555555556,0.0,1.6344444444444444,22.6657,106.2522,7.246666666666666,10.741111111111111,12,51,55,36,1970-01-21 10:38:18.613333333,1970-01-21 10:38:57.286666666,Đông,,,
Cao Bằng,Trung du miền núi Bắc Bộ,2025-12-22,17.077777777777776,21.133333333333333,14.366666666666667,17.41111111111111,20.51111111111111,14.77777777777778,2.4444444444444446,2.4444444444444446,0.0,11.555555555555555,89.22222222222223,16.977777777777778,38.355555555555554,8.25,1016.2444444444444,82.0,15.122222222222222,0.0,1.5555555555555556,22.6657,106.2522,5.628888888888889,10.741111111111111,12,52,51,181,1970-01-21 10:39:45.046666666,1970-01-21 10:40:23.720000000,Đông,,,
Cao Bằng,Trung du miền núi Bắc Bộ,2025-12-23,17.755555555555556,20.71111111111111,15.966666666666663,19.233333333333334,22.4,16.87777777777778,12.18888888888889,12.18888888888889,0.0,21.0,94.88888888888889,12.61111111111111,28.14444444444445,6.631111111111111,1015.0888888888888,87.33333333333333,16.844444444444445,0.0,1.1800000000000002,22.6657,106.2522,3.8033333333333337,10.741111111111111,12,52,63,126,1970-01-21 10:41:11.473333333,1970-01-21 10:41:50.146666666,Đông,,,
Cao Bằng,Trung du miền núi Bắc Bộ,2025-12-24,15.2,16.98888888888889,12.522222222222222,15.233333333333333,17.87777777777778,11.144444444444444,13.455555555555556,13.455555555555556,0.0,18.22222222222222,91.44444444444444,13.744444444444444,29.033333333333335,3.754444444444444,1016.2888888888888,99.66666666666669,13.72222222222222,0.0,0.8188888888888889,22.6657,106.2522,0.0011111111111111,10.743333333333332,12,52,61,26,1970-01-21 10:42:37.900000000,1970-01-21 10:43:16.586666666,Đông,,,
Cao Bằng,Trung du miền núi Bắc Bộ,2025-12-25,12.433333333333334,16.08888888888889,9.433333333333334,9.244444444444444,12.511111111111113,6.455555555555555,0.8333333333333334,0.8333333333333334,0.0,3.111111111111111,63.888888888888886,21.58888888888889,48.18888888888889,10.956666666666669,1022.7888888888888,66.55555555555556,5.411111111111111,0.0,2.393333333333333,22.6657,106.2522,6.663333333333333,10.748888888888889,12,52,3,13,1970-01-21 10:44:04.333333333,1970-01-21 10:44:43.013333333,Đông,,,
Cao Bằng,Trung du miền núi Bắc Bộ,2025-12-26,11.622222222222222,16.566666666666666,7.4,9.3,14.9,4.833333333333333,0.0,0.0,0.0,0.0,57.77777777777778,9.855555555555556,23.555555555555557,14.49,1021.6555555555556,44.22222222222222,3.266666666666667,0.0,2.5244444444444443,22.6657,106.2522,8.233333333333333,10.748888888888889,12,52,3,58,1970-01-21 10:45:30.760000000,1970-01-21 10:46:09.466666666,Đông,,,
Cao Bằng,Trung du miền núi Bắc Bộ,2025-12-27,11.6,16.87777777777778,7.355555555555556,9.9,15.766666666666667,5.444444444444445,0.0,0.0,0.0,0.0,65.22222222222223,8.3,21.733333333333334,15.026666666666667,1020.9444444444443,32.77777777777778,4.966666666666666,0.0,2.381111111111111,22.6657,106.2522,10.0,10.751111111111111,12,52,3,51,1970-01-21 10:46:57.193333333,1970-01-21 10:47:35.886666666,Đông,,,
Cao Bằng,Trung du miền núi Bắc Bộ,2025-12-28,13.211111111111112,18.72222222222222,8.533333333333333,12.077777777777778,17.98888888888889,7.088888888888889,0.0,0.0,0.0,0.0,72.11111111111111,9.955555555555556,24.12222222222222,12.087777777777776,1019.2666666666668,42.333333333333336,7.977777777777778,0.0,2.0966666666666667,22.6657,106.2522,8.27111111111111,10.751111111111111,12,52,3,85,1970-01-21 10:48:23.606666666,1970-01-21 10:49:02.326666666,Đông,,,
Cao Bằng,Trung du miền núi Bắc Bộ,2025-12-29,14.922222222222224,18.38888888888889,11.977777777777778,14.77777777777778,18.27777777777778,11.31111111111111,0.3888888888888889,0.3888888888888889,0.0,3.3333333333333335,81.0,7.7444444444444445,19.966666666666665,6.39,1016.5222222222224,87.66666666666667,11.566666666666666,0.0,1.2133333333333334,22.6657,106.2522,1.8677777777777775,10.758888888888889,12,1,51,45,1970-01-21 10:49:50.033333333,1970-01-21 10:50:28.753333333,Đông,,,
Cao Bằng,Trung du miền núi Bắc Bộ,2025-12-30,15.322222222222225,17.91111111111111,13.955555555555556,15.866666666666667,18.288888888888888,14.455555555555556,2.566666666666667,2.566666666666667,0.0,11.88888888888889,92.44444444444444,11.255555555555556,25.466666666666665,4.943333333333333,1015.5444444444444,95.77777777777776,14.044444444444444,0.0,0.8855555555555555,22.6657,106.2522,1.4455555555555557,10.761111111111113,12,1,53,166,1970-01-21 10:51:16.453333333,1970-01-21 10:51:55.193333333,Đông,,,
Cao Bằng,Trung du miền núi Bắc Bộ,2025-12-31,17.12222222222222,21.044444444444444,14.97777777777778,17.12222222222222,20.044444444444444,15.11111111111111,2.5444444444444443,2.5444444444444443,0.0,12.77777777777778,87.0,16.366666666666664,38.21111111111111,9.955555555555556,1012.3,81.77777777777777,14.755555555555556,0.0,1.832222222222222,22.6657,106.2522,8.148888888888889,10.768888888888888,12,1,51,157,1970-01-21 10:52:42.880000000,1970-01-21 10:53:21.640000000,Đông,,,
Cao Bằng,Trung du miền núi Bắc Bộ,2026-01-01,14.8,16.77777777777778,12.255555555555556,14.311111111111112,17.01111111111111,10.911111111111111,7.822222222222223,7.822222222222223,0.0,12.444444444444445,86.55555555555556,15.288888888888888,34.78888888888889,5.4911111111111115,1018.2555555555556,97.88888888888889,12.422222222222222,0.0,1.1422222222222222,22.6657,106.2522,0.7622222222222221,10.77111111111111,1,1,63,46,1970-01-21 10:54:09.286666666,1970-01-21 10:54:48.066666666,Đông,,,
Cao Bằng,Trung du miền núi Bắc Bộ,2026-01-02,10.555555555555555,12.288888888888888,8.955555555555556,8.844444444444443,11.055555555555555,7.066666666666666,4.077777777777778,4.077777777777778,0.0,10.88888888888889,84.44444444444444,11.633333333333333,26.366666666666667,3.785555555555556,1024.7777777777778,100.0,7.922222222222222,0.0,0.7844444444444445,22.6657,106.2522,0.0333333333333333,10.778888888888888,1,1,53,62,1970-01-21 10:55:35.713333333,1970-01-21 10:56:14.506666666,Đông,,,
Cao Bằng,Trung du miền núi Bắc Bộ,2026-01-03,10.2,13.055555555555555,8.2,8.666666666666666,11.3,6.733333333333333,1.2333333333333334,1.2333333333333334,0.0,8.777777777777779,83.66666666666667,9.411111111111111,21.677777777777777,5.033333333333333,1023.9333333333332,100.0,7.466666666666667,0.0,0.9444444444444444,22.6657,106.2522,0.1922222222222222,10.78111111111111,1,1,51,105,1970-01-21 10:57:02.120000000,1970-01-21 10:57:40.940000000,Đông,,,
Cao Bằng,Trung du miền núi Bắc Bộ,2026-01-04,12.344444444444443,14.544444444444444,10.344444444444443,11.844444444444443,14.144444444444444,9.266666666666667,1.7000000000000002,1.7000000000000002,0.0,9.77777777777778,89.33333333333333,8.288888888888888,18.033333333333335,3.714444444444444,1021.3333333333334,100.0,10.577777777777778,0.0,0.7466666666666666,22.6657,106.2522,0.0,10.79,1,1,51,81,1970-01-21 10:58:28.540000000,1970-01-21 10:59:07.373333333,Đông,,,
Cao Bằng,Trung du miền núi Bắc Bộ,2026-01-05,11.044444444444444,13.3,9.11111111111111,9.177777777777775,12.011111111111113,7.077777777777778,3.211111111111111,3.211111111111111,0.0,11.0,80.44444444444444,13.044444444444444,28.87777777777778,5.115555555555556,1024.3666666666666,99.22222222222224,7.544444444444445,0.0,1.0744444444444443,22.6657,106.2522,0.4633333333333333,10.79888888888889,1,2,51,54,1970-01-21 10:59:54.946666666,1970-01-21 11:00:33.826666666,Đông,,,
Cao Bằng,Trung du miền núi Bắc Bộ,2026-01-06,10.022222222222222,13.0,7.166666666666667,7.2555555555555555,9.422222222222222,4.477777777777778,2.2333333333333334,2.2333333333333334,0.0,5.888888888888889,71.22222222222223,16.91111111111111,39.96666666666667,6.595555555555555,1027.8333333333333,82.88888888888889,4.677777777777778,0.0,1.411111111111111,22.6657,106.2522,2.201111111111111,10.801111111111112,1,2,53,22,1970-01-21 11:01:21.366666666,1970-01-21 11:02:00.253333333,Đông,,,
Cao Bằng,Trung du miền núi Bắc Bộ,2026-01-07,10.72222222222222,16.866666666666667,5.977777777777778,8.355555555555556,15.144444444444446,3.466666666666667,0.0,0.0,0.0,0.0,62.22222222222222,12.2,30.033333333333335,16.015555555555558,1027.0111111111112,14.77777777777778,3.211111111111111,0.0,2.601111111111111,22.6657,106.2522,10.0,10.811111111111112,1,2,2,15,1970-01-21 11:02:47.773333333,1970-01-21 11:03:26.693333333,Đông,,,
Cao Bằng,Trung du miền núi Bắc Bộ,2026-01-08,11.744444444444444,18.077777777777776,6.866666666666666,9.422222222222222,16.522222222222222,4.166666666666667,0.0,0.0,0.0,0.0,60.111111111111114,12.022222222222222,29.15555555555555,14.755555555555556,1026.5444444444445,25.22222222222222,3.744444444444445,0.0,2.5533333333333332,22.6657,106.2522,9.231111111111112,10.82,1,2,3,1,1970-01-21 11:04:14.186666666,1970-01-21 11:04:53.146666666,Đông,,,
Cao Bằng,Trung du miền núi Bắc Bộ,2026-01-09,11.855555555555556,18.044444444444444,6.888888888888889,9.88888888888889,16.4,4.777777777777778,0.0,0.0,0.0,0.0,58.77777777777778,7.877777777777778,22.844444444444445,16.395555555555557,1023.1111111111112,30.444444444444443,3.566666666666667,0.0,2.6500000000000004,22.6657,106.2522,10.0,10.83,1,2,3,103,1970-01-21 11:05:40.600000000,1970-01-21 11:06:19.580000000,Đông,,,
Cao Bằng,Trung du miền núi Bắc Bộ,2026-01-10,12.911111111111111,19.366666666666667,7.411111111111111,11.488888888888887,18.11111111111111,5.644444444444444,0.0,0.0,0.0,0.0,64.22222222222223,8.588888888888889,22.155555555555555,14.752222222222224,1021.2222222222222,51.55555555555556,5.966666666666667,0.0,2.448888888888889,22.6657,106.2522,9.903333333333332,10.84,1,2,3,107,1970-01-21 11:07:07.000000000,1970-01-21 11:07:46.020000000,Đông,,,
Cao Bằng,Trung du miền núi Bắc Bộ,2026-01-11,13.833333333333334,19.655555555555555,9.011111111111113,12.077777777777778,18.322222222222223,7.011111111111111,0.0,0.0,0.0,0.0,62.44444444444444,11.77777777777778,28.32222222222222,16.145555555555557,1023.5,27.22222222222222,6.300000000000001,0.0,2.8722222222222222,22.6657,106.2522,10.007777777777775,10.85,1,2,3,58,1970-01-21 11:08:33.406666666,1970-01-21 11:09:12.466666666,Đông,,,
Cao Bằng,Trung du miền núi Bắc Bộ,2026-01-12,13.755555555555556,20.477777777777774,8.622222222222222,12.411111111111111,19.455555555555556,6.866666666666666,0.0,0.0,0.0,0.0,67.44444444444444,10.11111111111111,25.58888888888889,14.94111111111111,1020.8777777777776,21.555555555555557,7.4,0.0,2.5633333333333335,22.6657,106.2522,9.95111111111111,10.86,1,3,3,103,1970-01-21 11:09:59.813333333,1970-01-21 11:10:38.913333333,Đông,,,
Cao Bằng,Trung du miền núi Bắc Bộ,2026-01-13,14.333333333333334,21.311111111111114,8.722222222222221,13.455555555555556,21.11111111111111,7.5,0.0,0.0,0.0,0.0,71.77777777777777,9.255555555555556,20.677777777777777,16.75111111111111,1019.5555555555557,2.111111111111111,8.788888888888888,0.0,2.8377777777777777,22.6657,106.2522,10.044444444444444,10.87,1,3,0,7,1970-01-21 11:11:26.220000000,1970-01-21 11:12:05.346666666,Đông,,,
Cao Bằng,Trung du miền núi Bắc Bộ,2026-01-14,15.0,21.033333333333335,9.68888888888889,14.244444444444444,19.755555555555556,8.555555555555555,0.0,0.0,0.0,0.0,77.0,14.488888888888887,35.53333333333333,12.33,1016.311111111111,27.22222222222222,10.622222222222222,0.0,2.2755555555555556,22.6657,106.2522,8.149999999999999,10.88,1,3,3,192,1970-01-21 11:12:52.620000000,1970-01-21 11:13:31.793333333,Đông,,,
Cao Bằng,Trung du miền núi Bắc Bộ,2026-01-15,15.47777777777778,18.14444444444445,13.6,16.044444444444444,18.533333333333335,14.033333333333331,2.566666666666667,2.566666666666667,0.0,7.777777777777778,87.22222222222223,6.566666666666666,17.72222222222222,5.156666666666666,1016.922222222222,94.0,13.244444444444444,0.0,1.0033333333333332,22.6657,106.2522,0.73,10.893333333333334,1,3,53,138,1970-01-21 11:14:19.026666666,1970-01-21 11:14:58.246666666,Đông,,,
Cao Bằng,Trung du miền núi Bắc Bộ,2026-01-16,17.055555555555557,21.566666666666663,14.288888888888888,17.433333333333334,21.455555555555556,14.6,0.4666666666666667,0.4666666666666667,0.0,4.0,86.33333333333333,12.577777777777778,29.6,7.87,1012.922222222222,69.77777777777777,14.533333333333337,0.0,1.5777777777777775,22.6657,106.2522,4.121111111111111,10.906666666666666,1,3,51,204,1970-01-21 11:15:45.426666666,1970-01-21 11:16:24.680000000,Đông,,,
Cao Bằng,Trung du miền núi Bắc Bộ,2026-01-17,17.422222222222224,21.688888888888886,15.211111111111112,18.688888888888886,22.5,16.344444444444445,3.344444444444444,3.344444444444444,0.0,9.666666666666666,89.88888888888889,9.877777777777778,24.9,9.678888888888888,1012.8666666666666,79.33333333333333,15.6,0.0,1.74,22.6657,106.2522,6.506666666666667,10.92,1,3,51,104,1970-01-21 11:17:11.820000000,1970-01-21 11:17:51.120000000,Đông,,,
Cao Bằng,Trung du miền núi Bắc Bộ,2026-01-18,18.322222222222223,23.766666666666666,15.11111111111111,18.6,22.833333333333332,15.966666666666663,0.4333333333333333,0.4333333333333333,0.0,3.6666666666666665,82.22222222222223,14.11111111111111,33.36666666666667,12.474444444444444,1011.5222222222224,59.888888888888886,14.744444444444444,0.0,2.4855555555555555,22.6657,106.2522,8.606666666666666,10.93,1,3,51,139,1970-01-21 11:18:38.220000000,1970-01-21 11:19:17.566666666,Đông,,,
Cao Bằng,Trung du miền núi Bắc Bộ,2026-01-19,18.01111111111111,22.166666666666668,15.9,18.244444444444447,21.033333333333335,16.311111111111114,2.177777777777778,2.177777777777778,0.0,11.22222222222222,86.11111111111111,15.933333333333334,36.75555555555556,8.944444444444445,1012.3666666666666,80.55555555555556,15.422222222222224,0.0,1.8033333333333337,22.6657,106.2522,6.025555555555556,10.943333333333332,1,4,51,152,1970-01-21 11:20:04.613333333,1970-01-21 11:20:44.013333333,Đông,,,
Cao Bằng,Trung du miền núi Bắc Bộ,2026-01-20,17.77777777777778,23.211111111111112,11.988888888888887,18.077777777777776,22.955555555555556,11.22222222222222,8.222222222222221,8.222222222222221,0.0,17.555555555555557,87.66666666666667,16.644444444444446,38.71111111111111,13.148888888888887,1015.4,78.77777777777777,15.366666666666667,0.0,2.4044444444444446,22.6657,106.2522,8.757777777777777,10.956666666666669,1,4,61,154,1970-01-21 11:21:31.000000000,1970-01-21 11:22:10.446666666,Đông,,,
Cao Bằng,Trung du miền núi Bắc Bộ,2026-01-21,8.844444444444443,12.766666666666667,6.511111111111111,7.022222222222222,11.922222222222222,4.455555555555556,8.100000000000001,8.100000000000001,0.0,23.11111111111111,94.11111111111111,11.866666666666667,26.633333333333333,3.218888888888889,1022.922222222222,100.0,7.922222222222222,0.0,0.5555555555555556,22.6657,106.2522,0.0,10.97,1,4,53,39,1970-01-21 11:22:57.400000000,1970-01-21 11:23:36.893333333,Đông,,,
Cao Bằng,Trung du miền núi Bắc Bộ,2026-01-22,7.322222222222223,10.233333333333333,4.955555555555556,4.677777777777778,7.4,2.0,2.8777777777777778,2.8777777777777778,0.0,10.444444444444445,78.88888888888889,12.588888888888889,28.54444444444444,5.086666666666667,1026.6333333333334,99.33333333333331,3.577777777777778,0.0,0.99,22.6657,106.2522,0.2288888888888889,10.983333333333334,1,4,53,30,1970-01-21 11:24:23.793333333,1970-01-21 11:25:03.333333333,Đông,,,
Cao Bằng,Trung du miền núi Bắc Bộ,2026-01-23,8.422222222222222,11.27777777777778,6.144444444444444,6.233333333333333,9.044444444444444,3.822222222222222,0.0777777777777777,0.0777777777777777,0.0,0.6666666666666666,70.66666666666667,7.177777777777777,19.522222222222226,6.487777777777778,1025.6222222222225,96.44444444444444,3.3111111111111113,0.0,1.1722222222222225,22.6657,106.2522,0.38,11.0,1,4,3,96,1970-01-21 11:25:50.180000000,1970-01-21 11:26:29.766666666,Đông,,,
Cao Bằng,Trung du miền núi Bắc Bộ,2026-01-24,9.61111111111111,12.166666666666666,7.277777777777778,7.977777777777778,10.444444444444445,5.411111111111111,0.0,0.0,0.0,0.0,80.66666666666667,9.022222222222222,21.61111111111111,5.36,1023.0222222222224,100.0,6.388888888888889,0.0,0.97,22.6657,106.2522,0.2733333333333333,11.01,1,4,3,146,1970-01-21 11:27:16.573333333,1970-01-21 11:27:56.213333333,Đông,,,
Cao Bằng,Trung du miền núi Bắc Bộ,2026-01-25,13.166666666666666,16.27777777777778,10.0,12.711111111111112,15.944444444444445,8.677777777777777,0.7888888888888889,0.7888888888888889,0.0,6.555555555555555,91.77777777777776,12.755555555555556,31.28888888888889,4.993333333333333,1018.0333333333332,100.0,11.78888888888889,0.0,0.9344444444444444,22.6657,106.2522,0.1111111111111111,11.03,1,4,51,134,1970-01-21 11:28:42.953333333,1970-01-21 11:29:22.666666666,Đông,,,
Cao Bằng,Trung du miền núi Bắc Bộ,2026-01-26,15.52222222222222,19.322222222222223,13.266666666666667,16.077777777777776,19.87777777777778,13.2,4.044444444444444,4.044444444444444,0.0,13.666666666666666,91.33333333333331,9.922222222222222,24.27777777777778,9.283333333333331,1020.2555555555556,90.66666666666669,14.022222222222222,0.0,1.5944444444444443,22.6657,106.2522,6.647777777777778,11.042222222222222,1,5,53,74,1970-01-21 11:30:09.340000000,1970-01-21 11:30:49.086666666,Đông,,,
Cao Bằng,Trung du miền núi Bắc Bộ,2026-01-27,14.844444444444443,17.944444444444443,12.877777777777778,14.97777777777778,18.12222222222222,12.944444444444445,0.8666666666666667,0.8666666666666667,0.0,5.888888888888889,88.33333333333333,8.677777777777777,21.35555555555555,6.433333333333334,1021.577777777778,98.0,12.788888888888888,0.0,1.2111111111111112,22.6657,106.2522,0.7266666666666667,11.06,1,5,51,56,1970-01-21 11:31:35.720000000,1970-01-21 11:32:15.533333333,Đông,,,
Cao Bằng,Trung du miền núi Bắc Bộ,2026-01-28,15.077777777777776,19.666666666666668,12.4,14.566666666666666,18.288888888888888,11.977777777777778,0.1666666666666666,0.1666666666666666,0.0,1.4444444444444444,83.22222222222223,13.544444444444444,32.12222222222223,8.523333333333333,1020.5,72.33333333333333,12.022222222222222,0.0,1.662222222222222,22.6657,106.2522,4.626666666666667,11.076666666666666,1,5,51,155,1970-01-21 11:33:02.106666666,1970-01-21 11:33:41.986666666,Đông,,,
Cao Bằng,Trung du miền núi Bắc Bộ,2026-01-29,15.622222222222222,19.577777777777776,12.288888888888888,15.122222222222222,18.655555555555555,11.8,0.7666666666666667,0.7666666666666667,0.0,4.666666666666667,88.11111111111111,18.9,42.67777777777778,7.354444444444444,1016.8888888888888,71.77777777777777,13.544444444444444,0.0,1.4366666666666663,22.6657,106.2522,1.7766666666666666,11.09,1,5,51,203,1970-01-21 11:34:28.486666666,1970-01-21 11:35:08.413333333,Đông,,,
Cao Bằng,Trung du miền núi Bắc Bộ,2026-01-30,17.855555555555554,22.133333333333333,15.566666666666666,18.733333333333334,22.455555555555556,16.27777777777778,3.9,3.9,0.0,13.88888888888889,89.44444444444444,14.833333333333334,31.84444444444445,10.186666666666666,1017.9111111111112,81.44444444444444,15.911111111111111,0.0,1.892222222222222,22.6657,106.2522,6.802222222222222,11.11,1,5,51,132,1970-01-21 11:35:54.866666666,1970-01-21 11:36:34.853333333,Đông,,,
Cao Bằng,Trung du miền núi Bắc Bộ,2026-01-31,14.033333333333331,16.811111111111114,11.077777777777778,12.911111111111111,17.155555555555555,9.31111111111111,5.033333333333333,5.033333333333333,0.0,8.88888888888889,76.33333333333333,14.677777777777775,32.32222222222222,5.935555555555556,1023.0222222222224,91.11111111111111,9.5,0.0,1.308888888888889,22.6657,106.2522,0.3022222222222221,11.127777777777778,1,5,55,31,1970-01-21 11:37:21.246666666,1970-01-21 11:38:01.306666666,Đông,,,
Cao Bằng,Trung du miền núi Bắc Bộ,2026-02-01,12.677777777777775,15.11111111111111,10.266666666666667,11.144444444444444,13.633333333333333,8.833333333333334,0.1555555555555555,0.1555555555555555,0.0,0.8888888888888888,68.44444444444444,7.800000000000001,19.633333333333333,5.6755555555555555,1024.0777777777776,96.88888888888889,6.822222222222222,0.0,1.272222222222222,22.6657,106.2522,0.3188888888888888,11.142222222222223,2,5,3,63,1970-01-21 11:38:47.620000000,1970-01-21 11:39:27.733333333,Đông,,,
Cao Bằng,Trung du miền núi Bắc Bộ,2026-02-02,13.555555555555555,16.322222222222223,11.31111111111111,12.244444444444444,15.366666666666667,9.7,0.0,0.0,0.0,0.0,69.22222222222223,9.4,22.677777777777777,6.783333333333333,1025.3000000000002,94.33333333333331,7.866666666666666,0.0,1.4722222222222223,22.6657,106.2522,1.2566666666666666,11.16,2,6,3,38,1970-01-21 11:40:14.000000000,1970-01-21 11:40:54.173333333,Đông,,,
Cao Bằng,Trung du miền núi Bắc Bộ,2026-02-03,13.177777777777775,17.48888888888889,9.666666666666666,12.055555555555555,15.733333333333333,8.822222222222223,0.0,0.0,0.0,0.0,77.11111111111111,13.066666666666668,30.866666666666667,7.865555555555555,1023.3,74.77777777777777,9.088888888888889,0.0,1.5388888888888888,22.6657,106.2522,1.5933333333333333,11.177777777777775,2,6,3,192,1970-01-21 11:41:40.373333333,1970-01-21 11:42:20.620000000,Đông,,,
Cao Bằng,Trung du miền núi Bắc Bộ,2026-02-04,15.2,19.977777777777774,11.0,14.511111111111113,18.822222222222223,10.133333333333333,0.2111111111111111,0.2111111111111111,0.0,1.6666666666666667,83.55555555555556,14.744444444444444,34.2,9.56,1017.7,73.33333333333333,12.211111111111112,0.0,1.818888888888889,22.6657,106.2522,3.8788888888888886,11.197777777777778,2,6,3,197,1970-01-21 11:43:06.753333333,1970-01-21 11:43:47.046666666,Đông,,,
Cao Bằng,Trung du miền núi Bắc Bộ,2026-02-05,17.51111111111111,22.566666666666663,14.833333333333334,17.866666666666667,22.299999999999997,14.944444444444445,1.0555555555555556,1.0555555555555556,0.0,5.888888888888889,86.33333333333333,14.81111111111111,34.333333333333336,9.0,1014.6333333333334,72.88888888888889,15.0,0.0,1.81,22.6657,106.2522,4.557777777777777,11.213333333333331,2,6,51,133,1970-01-21 11:44:33.126666666,1970-01-21 11:45:13.493333333,Đông,,,
Cao Bằng,Trung du miền núi Bắc Bộ,2026-02-06,19.51111111111111,25.27777777777778,16.166666666666668,20.688888888888886,25.944444444444443,17.27777777777778,1.477777777777778,1.477777777777778,0.0,7.222222222222222,81.0,11.088888888888889,27.311111111111114,13.936666666666667,1014.4777777777776,70.66666666666667,15.622222222222222,0.0,2.7266666666666666,22.6657,106.2522,9.415555555555557,11.232222222222225,2,6,51,44,1970-01-21 11:45:59.500000000,1970-01-21 11:46:39.933333333,Đông,,,
Cao Bằng,Trung du miền núi Bắc Bộ,2026-02-07,16.211111111111112,17.733333333333334,14.122222222222222,16.788888888888888,18.811111111111114,14.0,11.433333333333334,11.433333333333334,0.0,18.666666666666668,91.77777777777776,11.266666666666667,24.72222222222222,3.9033333333333338,1018.1,98.77777777777776,14.822222222222225,0.0,0.8555555555555556,22.6657,106.2522,0.0,11.252222222222224,2,6,63,66,1970-01-21 11:47:25.866666666,1970-01-21 11:48:06.360000000,Đông,,,
Cao Bằng,Trung du miền núi Bắc Bộ,2026-02-08,10.522222222222222,14.144444444444444,8.18888888888889,8.81111111111111,13.866666666666667,6.466666666666666,11.22222222222222,11.22222222222222,0.0,21.88888888888889,93.0,16.733333333333334,36.04444444444445,3.4788888888888887,1025.3777777777775,100.0,9.377777777777778,0.0,0.6366666666666667,22.6657,106.2522,0.0,11.27,2,6,61,22,1970-01-21 11:48:52.240000000,1970-01-21 11:49:32.806666666,Đông,,,
Cao Bằng,Trung du miền núi Bắc Bộ,2026-02-09,10.7,14.122222222222222,8.022222222222222,9.4,12.555555555555555,6.5777777777777775,0.4333333333333333,0.4333333333333333,0.0,3.0,87.88888888888889,11.11111111111111,25.977777777777774,5.946666666666667,1021.577777777778,99.55555555555556,8.666666666666666,0.0,1.0677777777777775,22.6657,106.2522,0.12,11.287777777777777,2,7,51,148,1970-01-21 11:50:18.606666666,1970-01-21 11:50:59.240000000,Đông,,,
Cao Bằng,Trung du miền núi Bắc Bộ,2026-02-10,14.355555555555554,18.422222222222224,10.77777777777778,14.133333333333333,18.27777777777778,9.855555555555556,0.8111111111111111,0.8111111111111111,0.0,5.0,88.55555555555556,11.0,26.88888888888889,6.987777777777778,1018.9777777777776,98.11111111111111,12.366666666666667,0.0,1.32,22.6657,106.2522,0.7911111111111111,11.30777777777778,2,7,51,134,1970-01-21 11:51:44.973333333,1970-01-21 11:52:25.673333333,Đông,,,
Cao Bằng,Trung du miền núi Bắc Bộ,2026-02-11,13.833333333333334,16.033333333333335,11.988888888888887,13.544444444444444,15.7,11.5,3.2444444444444445,3.2444444444444445,0.0,13.77777777777778,88.22222222222223,10.522222222222222,22.711111111111112,5.56,1021.8222222222222,99.88888888888889,11.788888888888888,0.0,1.0844444444444443,22.6657,106.2522,0.2811111111111111,11.326666666666666,2,7,53,48,1970-01-21 11:53:11.340000000,1970-01-21 11:53:52.113333333,Đông,,,
Cao Bằng,Trung du miền núi Bắc Bộ,2026-02-12,14.855555555555554,18.077777777777776,12.211111111111112,15.188888888888888,18.211111111111112,12.244444444444444,1.5444444444444445,1.5444444444444445,0.0,12.0,92.77777777777776,11.27777777777778,25.7,4.972222222222222,1018.2666666666668,100.0,13.61111111111111,0.0,0.9855555555555556,22.6657,106.2522,0.0277777777777777,11.346666666666668,2,7,51,170,1970-01-21 11:54:37.700000000,1970-01-21 11:55:18.533333333,Đông,,,
Cao Bằng,Trung du miền núi Bắc Bộ,2026-02-13,17.58888888888889,21.933333333333337,15.344444444444443,18.733333333333334,22.288888888888888,16.200000000000003,5.477777777777778,5.477777777777778,0.0,16.666666666666668,92.66666666666669,13.17777777777778,30.82222222222222,6.621111111111111,1015.8555555555556,91.33333333333331,16.244444444444444,0.0,1.3255555555555556,22.6657,106.2522,2.786666666666666,11.363333333333332,2,7,55,139,1970-01-21 11:56:04.066666666,1970-01-21 11:56:44.986666666,Đông,,,
Cao Bằng,Trung du miền núi Bắc Bộ,2026-02-14,19.333333333333332,23.822222222222223,16.6,20.299999999999997,24.12222222222222,17.744444444444444,0.6333333333333333,0.6333333333333333,0.0,4.555555555555555,85.77777777777777,14.533333333333337,32.55555555555556,10.738888888888887,1015.1666666666666,78.44444444444444,16.58888888888889,0.0,2.1966666666666668,22.6657,106.2522,5.748888888888889,11.383333333333333,2,7,51,195,1970-01-21 11:57:30.426666666,1970-01-21 11:58:11.406666666,Đông,,,
Cao Bằng,Trung du miền núi Bắc Bộ,2026-02-15,20.01111111111111,25.322222222222223,16.922222222222224,20.633333333333333,25.055555555555557,17.577777777777776,0.2111111111111111,0.2111111111111111,0.0,2.0,82.33333333333333,17.188888888888886,40.18888888888889,12.264444444444443,1013.7888888888888,66.66666666666667,16.544444444444444,0.0,2.5977777777777775,22.6657,106.2522,7.372222222222222,11.403333333333332,2,7,51,145,1970-01-21 11:58:56.793333333,1970-01-21 11:59:37.853333333,Đông,,,
Cao Bằng,Trung du miền núi Bắc Bộ,2026-02-16,20.41111111111111,26.977777777777774,16.577777777777776,21.566666666666663,28.1,17.788888888888888,0.0777777777777777,0.0777777777777777,0.0,0.5555555555555556,80.22222222222223,12.933333333333332,31.27777777777778,15.438888888888888,1014.2666666666668,52.55555555555556,16.355555555555554,0.0,3.1300000000000003,22.6657,106.2522,9.254444444444443,11.423333333333334,2,8,3,190,1970-01-21 12:00:23.146666666,1970-01-21 12:01:04.280000000,Đông,,,
Cao Bằng,Trung du miền núi Bắc Bộ,2026-02-17,16.9,18.966666666666665,14.27777777777778,16.91111111111111,20.08888888888889,13.81111111111111,2.6333333333333333,2.6333333333333333,0.0,8.0,81.77777777777777,12.522222222222222,27.666666666666668,7.167777777777778,1019.2333333333332,95.88888888888889,13.588888888888889,0.0,1.5433333333333334,22.6657,106.2522,1.4255555555555557,11.443333333333332,2,8,51,63,1970-01-21 12:01:49.506666666,1970-01-21 12:02:30.713333333,Đông,,,
Cao Bằng,Trung du miền núi Bắc Bộ,2026-02-18,14.666666666666666,16.977777777777778,12.955555555555556,14.255555555555556,16.433333333333334,12.588888888888889,0.5777777777777778,0.5777777777777778,0.0,3.888888888888889,81.33333333333333,8.899999999999999,21.677777777777777,6.29111111111111,1022.1333333333334,99.33333333333331,11.422222222222222,0.0,1.2988888888888888,22.6657,106.2522,0.0677777777777777,11.463333333333331,2,8,51,93,1970-01-21 12:03:15.873333333,1970-01-21 12:03:57.146666666,Đông,,,
Cao Bằng,Trung du miền núi Bắc Bộ,2026-02-19,13.977777777777778,15.655555555555557,12.8,13.844444444444443,15.544444444444444,12.477777777777778,1.522222222222222,1.522222222222222,0.0,10.77777777777778,86.77777777777777,7.288888888888888,17.844444444444445,4.050000000000001,1023.6555555555556,99.88888888888889,11.77777777777778,0.0,0.8666666666666667,22.6657,106.2522,0.0,11.486666666666666,2,8,51,53,1970-01-21 12:04:42.226666666,1970-01-21 12:05:23.573333333,Đông,,,
Cao Bằng,Trung du miền núi Bắc Bộ,2026-02-20,16.922222222222224,22.41111111111111,12.966666666666669,17.022222222222226,22.677777777777777,12.88888888888889,0.2111111111111111,0.2111111111111111,0.0,1.7777777777777777,79.77777777777777,13.677777777777775,32.24444444444444,13.676666666666668,1019.6111111111112,72.66666666666667,13.122222222222222,0.0,2.621111111111111,22.6657,106.2522,7.561111111111111,11.506666666666668,2,8,51,208,1970-01-21 12:06:08.580000000,1970-01-21 12:06:50.006666666,Đông,,,
Cao Bằng,Trung du miền núi Bắc Bộ,2026-02-21,18.155555555555555,23.155555555555555,15.511111111111113,18.255555555555556,22.688888888888886,15.544444444444444,0.2555555555555556,0.2555555555555556,0.0,2.3333333333333335,85.22222222222223,18.41111111111111,42.95555555555555,10.692222222222222,1010.2222222222222,69.33333333333333,15.433333333333334,0.0,2.0966666666666667,22.6657,106.2522,5.377777777777777,11.526666666666666,2,8,51,195,1970-01-21 12:07:34.933333333,1970-01-21 12:08:16.433333333,Đông,,,
Cao Bằng,Trung du miền núi Bắc Bộ,2026-02-22,19.91111111111111,24.077777777777776,17.12222222222222,21.38888888888889,25.055555555555557,18.366666666666667,3.3777777777777778,3.3777777777777778,0.0,12.666666666666666,89.0,12.877777777777778,29.21111111111111,9.987777777777778,1010.3555555555556,87.88888888888889,17.799999999999997,0.0,2.0011111111111113,22.6657,106.2522,5.348888888888889,11.546666666666669,2,8,51,147,1970-01-21 12:09:01.300000000,1970-01-21 12:09:42.873333333,Đông,,,
Cao Bằng,Trung du miền núi Bắc Bộ,2026-02-23,19.544444444444444,22.522222222222226,17.77777777777778,21.22222222222222,23.38888888888889,19.4,6.422222222222222,6.422222222222222,0.0,16.0,93.55555555555556,16.366666666666667,38.47777777777778,7.167777777777778,1010.4777777777776,95.66666666666669,18.41111111111111,0.0,1.36,22.6657,106.2522,1.5466666666666666,11.568888888888887,2,9,61,144,1970-01-21 12:10:27.646666666,1970-01-21 12:11:09.293333333,Đông,,,
Cao Bằng,Trung du miền núi Bắc Bộ,2026-02-24,21.033333333333335,25.066666666666663,19.044444444444444,23.177777777777777,26.700000000000003,21.066666666666663,1.0333333333333334,1.0333333333333334,0.0,7.222222222222222,88.55555555555556,12.477777777777778,28.07777777777778,10.242222222222225,1012.1,95.33333333333331,18.85555555555555,0.0,2.1055555555555556,22.6657,106.2522,4.724444444444445,11.591111111111111,2,9,51,149,1970-01-21 12:11:54.000000000,1970-01-21 12:12:35.726666666,Đông,,,
Cao Bằng,Trung du miền núi Bắc Bộ,2026-02-25,20.022222222222226,22.333333333333332,18.344444444444445,22.033333333333335,23.677777777777777,20.1,2.111111111111111,2.111111111111111,0.0,9.88888888888889,93.22222222222224,12.47777777777778,27.200000000000003,5.54,1012.6444444444444,89.0,18.811111111111114,0.0,1.108888888888889,22.6657,106.2522,1.8555555555555552,11.613333333333332,2,9,51,190,1970-01-21 12:13:20.346666666,1970-01-21 12:14:02.153333333,Đông,,,
Cao Bằng,Trung du miền núi Bắc Bộ,2026-02-26,19.08888888888889,21.966666666666665,17.466666666666665,20.566666666666663,22.27777777777778,18.822222222222223,2.3,2.3,0.0,8.0,92.11111111111111,13.944444444444445,32.56666666666667,5.592222222222222,1009.7888888888888,76.77777777777777,17.666666666666668,0.0,1.1677777777777778,22.6657,106.2522,2.5166666666666666,11.633333333333333,2,9,53,203,1970-01-21 12:14:46.706666666,1970-01-21 12:15:28.586666666,Đông,,,
Cao Bằng,Trung du miền núi Bắc Bộ,2026-02-27,21.266666666666666,26.711111111111112,17.233333333333334,22.555555555555557,27.288888888888888,18.77777777777778,1.3888888888888888,1.3888888888888888,0.0,4.888888888888889,80.22222222222223,15.7,38.2,16.21777777777778,1007.2333333333332,58.666666666666664,17.155555555555555,0.0,3.395555555555555,22.6657,106.2522,10.343333333333334,11.653333333333332,2,9,53,143,1970-01-21 12:16:13.066666666,1970-01-21 12:16:55.013333333,Đông,,,
Cao Bằng,Trung du miền núi Bắc Bộ,2026-02-28,21.01111111111111,25.62222222222222,17.48888888888889,23.077777777777776,26.922222222222224,19.077777777777776,19.033333333333335,19.033333333333335,0.0,17.0,89.66666666666667,17.577777777777776,43.6,12.765555555555556,1006.1777777777778,75.55555555555556,19.1,0.0,2.44,22.6657,106.2522,8.423333333333334,11.676666666666668,2,9,63,137,1970-01-21 12:17:39.406666666,1970-01-21 12:18:21.440000000,Đông,,,
Cao Bằng,Trung du miền núi Bắc Bộ,2026-03-01,23.255555555555553,28.84444444444445,19.866666666666667,25.566666666666663,30.11111111111111,22.433333333333337,4.166666666666667,4.166666666666667,0.0,9.0,80.44444444444444,14.933333333333334,36.166666666666664,16.99888888888889,1006.0666666666668,63.55555555555556,19.12222222222222,0.0,3.6544444444444446,22.6657,106.2522,9.91777777777778,11.696666666666664,3,9,61,155,1970-01-21 12:19:05.760000000,1970-01-21 12:19:47.873333333,Xuân,,,
Cao Bằng,Trung du miền núi Bắc Bộ,2026-03-02,21.744444444444444,27.200000000000003,17.788888888888888,24.200000000000003,30.14444444444445,18.5,6.4,6.4,0.0,12.0,86.22222222222223,15.122222222222222,37.888888888888886,14.476666666666668,1009.5,71.11111111111111,19.077777777777776,0.0,2.8755555555555556,22.6657,106.2522,9.33,11.71888888888889,3,10,61,74,1970-01-21 12:20:32.106666666,1970-01-21 12:21:14.286666666,Xuân,,,
Cao Bằng,Trung du miền núi Bắc Bộ,2026-03-03,17.77777777777778,21.177777777777777,14.6,16.766666666666666,20.055555555555557,13.633333333333333,3.388888888888889,3.388888888888889,0.0,4.777777777777778,70.11111111111111,15.58888888888889,35.13333333333333,12.307777777777778,1015.6444444444444,82.88888888888889,11.977777777777778,0.0,2.7422222222222223,22.6657,106.2522,7.326666666666666,11.74,3,10,63,27,1970-01-21 12:21:58.453333333,1970-01-21 12:22:40.726666666,Xuân,,,
Cao Bằng,Trung du miền núi Bắc Bộ,2026-03-04,16.555555555555557,22.08888888888889,12.522222222222222,15.544444444444444,22.27777777777778,10.944444444444445,0.4222222222222222,0.4222222222222222,0.0,0.3333333333333333,65.77777777777777,12.466666666666669,29.444444444444443,15.484444444444446,1017.3444444444444,50.888888888888886,9.78888888888889,0.0,3.0999999999999996,22.6657,106.2522,9.077777777777778,11.76,3,10,3,40,1970-01-21 12:23:24.813333333,1970-01-21 12:24:07.133333333,Xuân,,,
Cao Bằng,Trung du miền núi Bắc Bộ,2026-03-05,16.455555555555556,21.58888888888889,11.077777777777778,16.366666666666667,22.066666666666663,10.655555555555557,0.0,0.0,0.0,0.0,73.22222222222223,8.5,22.555555555555557,14.897777777777776,1016.8666666666666,52.888888888888886,11.38888888888889,0.0,2.747777777777778,22.6657,106.2522,7.33,11.78111111111111,3,10,3,84,1970-01-21 12:24:51.166666666,1970-01-21 12:25:33.580000000,Xuân,,,
Cao Bằng,Trung du miền núi Bắc Bộ,2026-03-06,18.866666666666667,23.233333333333334,15.877777777777778,18.98888888888889,23.62222222222222,16.12222222222222,0.0111111111111111,0.0111111111111111,0.0,0.1111111111111111,69.22222222222223,10.133333333333333,27.155555555555555,13.115555555555554,1017.4111111111112,76.66666666666667,12.81111111111111,0.0,2.7533333333333334,22.6657,106.2522,5.183333333333334,11.803333333333336,3,10,3,148,1970-01-21 12:26:17.506666666,1970-01-21 12:26:59.993333333,Xuân,,,
Cao Bằng,Trung du miền núi Bắc Bộ,2026-03-07,18.566666666666663,21.933333333333337,16.066666666666666,18.9,21.133333333333333,16.58888888888889,1.0444444444444445,1.0444444444444445,0.0,6.111111111111111,80.0,15.533333333333337,35.2,7.435555555555556,1017.5333333333332,95.22222222222224,14.88888888888889,0.0,1.7777777777777777,22.6657,106.2522,1.191111111111111,11.826666666666666,3,10,51,154,1970-01-21 12:27:43.853333333,1970-01-21 12:28:26.426666666,Xuân,,,
Cao Bằng,Trung du miền núi Bắc Bộ,2026-03-08,17.977777777777778,20.544444444444444,16.555555555555557,19.11111111111111,21.322222222222223,17.244444444444444,4.822222222222222,4.822222222222222,0.0,15.22222222222222,90.88888888888889,12.511111111111113,28.755555555555556,5.036666666666666,1017.922222222222,98.0,16.433333333333334,0.0,1.0466666666666666,22.6657,106.2522,0.2955555555555555,11.848888888888888,3,10,53,152,1970-01-21 12:29:10.193333333,1970-01-21 12:29:52.853333333,Xuân,,,
Cao Bằng,Trung du miền núi Bắc Bộ,2026-03-09,15.866666666666664,17.700000000000003,12.944444444444445,14.955555555555556,19.577777777777776,11.18888888888889,12.3,12.3,0.0,12.444444444444445,80.66666666666667,20.211111111111112,44.47777777777778,4.621111111111111,1023.3777777777776,89.66666666666667,12.233333333333333,0.0,1.3822222222222222,22.6657,106.2522,0.0,11.87,3,11,63,31,1970-01-21 12:30:36.540000000,1970-01-21 12:31:19.260000000,Xuân,,,
Cao Bằng,Trung du miền núi Bắc Bộ,2026-03-10,15.11111111111111,22.466666666666665,10.0,13.72222222222222,21.755555555555556,8.399999999999999,0.0,0.0,0.0,0.0,65.66666666666667,15.922222222222224,38.41111111111111,19.522222222222226,1023.5666666666668,16.666666666666668,8.222222222222221,0.0,3.571111111111111,22.6657,106.2522,11.36111111111111,11.89,3,11,3,37,1970-01-21 12:32:02.886666666,1970-01-21 12:32:45.706666666,Xuân,,,
Cao Bằng,Trung du miền núi Bắc Bộ,2026-03-11,15.755555555555556,20.58888888888889,10.333333333333334,15.422222222222224,20.288888888888888,9.8,0.0,0.0,0.0,0.0,71.44444444444444,8.2,20.633333333333333,13.82,1019.6333333333334,67.77777777777777,10.27777777777778,0.0,2.532222222222222,22.6657,106.2522,7.864444444444445,11.911111111111111,3,11,3,91,1970-01-21 12:33:29.226666666,1970-01-21 12:34:12.113333333,Xuân,,,
Cao Bằng,Trung du miền núi Bắc Bộ,2026-03-12,17.58888888888889,22.833333333333332,12.877777777777778,17.044444444444444,21.88888888888889,12.711111111111112,0.0,0.0,0.0,0.0,65.11111111111111,10.266666666666667,26.7,15.605555555555554,1019.2777777777778,68.88888888888889,10.4,0.0,3.1255555555555556,22.6657,106.2522,9.944444444444445,11.936666666666666,3,11,3,80,1970-01-21 12:34:55.573333333,1970-01-21 12:35:38.540000000,Xuân,,,
Cao Bằng,Trung du miền núi Bắc Bộ,2026-03-13,17.6,22.188888888888886,12.544444444444444,16.744444444444444,21.033333333333335,11.822222222222225,0.0555555555555555,0.0555555555555555,0.0,0.4444444444444444,62.666666666666664,11.911111111111111,30.333333333333332,13.492222222222225,1020.3222222222222,56.55555555555556,9.988888888888887,0.0,2.9355555555555557,22.6657,106.2522,6.674444444444444,11.96,3,11,3,142,1970-01-21 12:36:21.920000000,1970-01-21 12:37:04.973333333,Xuân,,,
Cao Bằng,Trung du miền núi Bắc Bộ,2026-03-14,17.08888888888889,20.422222222222224,13.18888888888889,16.72222222222222,19.477777777777774,12.788888888888888,0.5444444444444445,0.5444444444444445,0.0,3.111111111111111,76.0,13.31111111111111,31.966666666666665,8.993333333333332,1020.3666666666666,67.33333333333333,12.633333333333333,0.0,1.9833333333333336,22.6657,106.2522,3.4555555555555557,11.98,3,11,51,183,1970-01-21 12:37:48.260000000,1970-01-21 12:38:31.380000000,Xuân,,,
Cao Bằng,Trung du miền núi Bắc Bộ,2026-03-15,18.255555555555556,22.466666666666665,15.9,18.9,22.37777777777778,16.61111111111111,1.6,1.6,0.0,8.88888888888889,84.22222222222223,13.733333333333333,32.48888888888889,9.584444444444443,1019.3444444444444,87.44444444444444,15.377777777777778,0.0,2.015555555555556,22.6657,106.2522,3.947777777777778,12.0,3,11,51,178,1970-01-21 12:39:14.606666666,1970-01-21 12:39:57.820000000,Xuân,,,
Cao Bằng,Trung du miền núi Bắc Bộ,2026-03-16,19.01111111111111,23.322222222222223,16.311111111111114,19.38888888888889,22.566666666666663,17.01111111111111,2.888888888888889,2.888888888888889,0.0,12.11111111111111,85.11111111111111,17.9,41.75555555555556,13.604444444444445,1015.7,76.77777777777777,16.144444444444442,0.0,2.691111111111111,22.6657,106.2522,8.088888888888889,12.02,3,12,51,158,1970-01-21 12:40:40.960000000,1970-01-21 12:41:24.233333333,Xuân,,,
Cao Bằng,Trung du miền núi Bắc Bộ,2026-03-17,19.6,24.044444444444444,16.977777777777778,20.08888888888889,23.866666666666667,17.455555555555556,2.711111111111111,2.711111111111111,0.0,12.77777777777778,86.66666666666667,19.133333333333333,43.111111111111114,9.854444444444445,1013.4,87.44444444444444,17.12222222222222,0.0,2.0900000000000003,22.6657,106.2522,4.018888888888889,12.05,3,12,51,154,1970-01-21 12:42:07.306666666,1970-01-21 12:42:50.653333333,Xuân,,,
Cao Bằng,Trung du miền núi Bắc Bộ,2026-03-18,21.14444444444445,26.211111111111112,18.333333333333332,22.61111111111111,27.455555555555556,19.344444444444445,1.4,1.4,0.0,8.444444444444445,83.66666666666667,15.544444444444444,35.75555555555556,14.11111111111111,1013.5888888888888,74.55555555555556,17.955555555555556,0.0,2.942222222222222,22.6657,106.2522,8.317777777777778,12.07,3,12,51,187,1970-01-21 12:43:33.646666666,1970-01-21 12:44:17.086666666,Xuân,,,
Cao Bằng,Trung du miền núi Bắc Bộ,2026-03-19,21.733333333333334,26.455555555555556,19.177777777777777,23.133333333333333,27.044444444444444,20.922222222222224,2.1666666666666665,2.1666666666666665,0.0,10.333333333333334,84.0,20.422222222222224,46.8,15.596666666666668,1011.9333333333332,69.22222222222223,18.544444444444444,0.0,3.2744444444444443,22.6657,106.2522,8.843333333333334,12.09,3,12,51,184,1970-01-21 12:44:59.986666666,1970-01-21 12:45:43.493333333,Xuân,,,
Cao Bằng,Trung du miền núi Bắc Bộ,2026-03-20,21.044444444444444,25.88888888888889,17.433333333333334,22.577777777777776,26.799999999999997,18.922222222222224,6.677777777777778,6.677777777777778,0.0,13.77777777777778,85.88888888888889,15.322222222222225,34.833333333333336,12.532222222222222,1013.077777777778,86.22222222222223,18.244444444444444,0.0,2.6366666666666667,22.6657,106.2522,7.08,12.11,3,12,55,143,1970-01-21 12:46:26.326666666,1970-01-21 12:47:09.920000000,Xuân,,,
Cao Bằng,Trung du miền núi Bắc Bộ,2026-03-21,17.266666666666666,18.944444444444443,15.566666666666666,18.422222222222224,20.688888888888886,16.37777777777778,7.155555555555556,7.155555555555556,0.0,15.666666666666666,92.0,11.122222222222222,24.677777777777777,4.607777777777778,1016.0111111111112,99.55555555555556,15.866666666666667,0.0,0.9822222222222222,22.6657,106.2522,0.0,12.13,3,12,63,48,1970-01-21 12:47:52.666666666,1970-01-21 12:48:36.346666666,Xuân,,,
Cao Bằng,Trung du miền núi Bắc Bộ,2026-03-22,20.41111111111111,25.35555555555555,17.88888888888889,22.1,26.266666666666666,19.466666666666665,2.177777777777778,2.177777777777778,0.0,9.22222222222222,90.11111111111111,17.12222222222222,39.23333333333333,7.276666666666667,1013.3,91.44444444444444,18.57777777777778,0.0,1.6077777777777778,22.6657,106.2522,2.1444444444444444,12.16,3,12,53,148,1970-01-21 12:49:19.013333333,1970-01-21 12:50:02.760000000,Xuân,,,
Cao Bằng,Trung du miền núi Bắc Bộ,2026-03-23,20.933333333333337,25.422222222222224,18.555555555555557,22.844444444444445,26.633333333333333,20.5,4.366666666666666,4.366666666666666,0.0,15.555555555555555,90.44444444444444,16.51111111111111,38.31111111111111,9.335555555555556,1012.0333333333332,82.33333333333333,19.12222222222222,0.0,1.9555555555555555,22.6657,106.2522,4.6433333333333335,12.18,3,13,51,147,1970-01-21 12:50:45.353333333,1970-01-21 12:51:29.200000000,Xuân,,,
Cao Bằng,Trung du miền núi Bắc Bộ,2026-03-24,22.700000000000003,28.166666666666668,19.6,25.033333333333335,30.17777777777778,22.055555555555557,1.022222222222222,1.022222222222222,0.0,7.444444444444445,84.0,14.488888888888887,34.48888888888889,15.17111111111111,1010.8444444444444,62.0,19.5,0.0,3.26,22.6657,106.2522,8.397777777777778,12.2,3,13,51,146,1970-01-21 12:52:11.693333333,1970-01-21 12:52:55.613333333,Xuân,,,
Cao Bằng,Trung du miền núi Bắc Bộ,2026-03-25,22.433333333333337,26.91111111111111,20.233333333333334,24.555555555555557,27.41111111111111,22.711111111111112,1.5666666666666669,1.5666666666666669,0.0,9.666666666666666,85.66666666666667,18.166666666666668,41.58888888888889,10.71888888888889,1011.3,85.11111111111111,19.655555555555555,0.0,2.4466666666666668,22.6657,106.2522,5.195555555555555,12.22,3,13,51,190,1970-01-21 12:53:38.033333333,1970-01-21 12:54:22.026666666,Xuân,,,
Cao Bằng,Trung du miền núi Bắc Bộ,2026-03-26,23.799999999999997,29.4,20.2,26.211111111111112,31.233333333333334,22.733333333333334,0.4111111111111111,0.4111111111111111,0.0,2.6666666666666665,80.33333333333333,16.188888888888886,38.144444444444446,18.18,1009.4555555555556,50.0,19.733333333333334,0.0,3.978888888888889,22.6657,106.2522,10.573333333333332,12.24,3,13,51,217,1970-01-21 12:55:04.373333333,1970-01-21 12:55:48.466666666,Xuân,,,
Cao Bằng,Trung du miền núi Bắc Bộ,2026-03-27,23.833333333333332,29.188888888888886,20.58888888888889,26.444444444444443,31.28888888888889,23.333333333333332,0.7777777777777778,0.7777777777777778,0.0,6.0,82.0,13.677777777777775,34.12222222222223,16.028888888888886,1008.8,58.0,20.077777777777776,0.0,3.54,22.6657,106.2522,8.596666666666668,12.263333333333334,3,13,51,143,1970-01-21 12:56:30.720000000,1970-01-21 12:57:14.873333333,Xuân,,,
Cao Bằng,Trung du miền núi Bắc Bộ,2026-03-28,23.966666666666665,28.88888888888889,21.122222222222224,26.866666666666667,31.122222222222224,24.177777777777777,1.1888888888888889,1.1888888888888889,0.0,7.777777777777778,83.11111111111111,12.22222222222222,30.877777777777776,14.356666666666667,1009.2,71.88888888888889,20.58888888888889,0.0,3.167777777777778,22.6657,106.2522,8.27888888888889,12.288888888888888,3,13,51,148,1970-01-21 12:57:57.060000000,1970-01-21 12:58:41.293333333,Xuân,,,
Cao Bằng,Trung du miền núi Bắc Bộ,2026-03-29,22.72222222222222,27.133333333333333,19.977777777777774,25.133333333333333,28.133333333333333,22.055555555555557,4.122222222222223,4.122222222222223,0.0,12.88888888888889,86.44444444444444,19.922222222222224,48.422222222222224,14.103333333333332,1008.2333333333332,73.22222222222223,20.08888888888889,0.0,2.9266666666666667,22.6657,106.2522,8.496666666666666,12.31,3,13,53,157,1970-01-21 12:59:23.400000000,1970-01-21 13:00:07.726666666,Xuân,,,
Cao Bằng,Trung du miền núi Bắc Bộ,2026-03-30,23.188888888888886,29.22222222222222,18.255555555555556,25.41111111111111,30.58888888888889,20.27777777777778,3.111111111111111,3.111111111111111,0.0,4.0,81.44444444444444,18.977777777777774,47.72222222222222,17.452222222222222,1006.6444444444444,47.666666666666664,19.366666666666667,0.0,3.8,22.6657,106.2522,9.095555555555556,12.33,3,14,51,152,1970-01-21 13:00:49.740000000,1970-01-21 13:01:34.140000000,Xuân,,,
Cao Bằng,Trung du miền núi Bắc Bộ,2026-03-31,23.922222222222224,29.833333333333332,19.966666666666665,26.4,34.43333333333333,20.366666666666667,8.555555555555555,8.555555555555555,0.0,5.222222222222222,76.77777777777777,16.766666666666666,42.91111111111111,18.67,1008.4888888888888,43.111111111111114,19.11111111111111,0.0,4.1,22.6657,106.2522,10.86111111111111,12.35,3,14,63,21,1970-01-21 13:02:16.093333333,1970-01-21 13:03:00.560000000,Xuân,,,
Cao Bằng,Trung du miền núi Bắc Bộ,2026-04-01,20.477777777777774,24.299999999999997,17.4,20.72222222222222,24.755555555555556,17.322222222222223,0.0222222222222222,0.0222222222222222,0.0,0.2222222222222222,65.88888888888889,12.066666666666666,27.08888888888889,13.433333333333334,1012.8333333333334,56.55555555555556,13.644444444444444,0.0,3.0433333333333334,22.6657,106.2522,6.428888888888888,12.373333333333331,4,14,3,84,1970-01-21 13:03:42.433333333,1970-01-21 13:04:26.986666666,Xuân,,,
Cao Bằng,Trung du miền núi Bắc Bộ,2026-04-02,21.744444444444444,26.733333333333334,17.87777777777778,23.11111111111111,27.077777777777776,18.72222222222222,0.2777777777777778,0.2777777777777778,0.0,2.3333333333333335,80.77777777777777,19.044444444444444,43.86666666666667,12.72111111111111,1009.6222222222224,72.0,18.1,0.0,2.7911111111111113,22.6657,106.2522,6.414444444444445,12.396666666666668,4,14,51,199,1970-01-21 13:05:08.780000000,1970-01-21 13:05:53.400000000,Xuân,,,
Cao Bằng,Trung du miền núi Bắc Bộ,2026-04-03,25.311111111111114,32.0,20.166666666666668,28.233333333333334,35.47777777777778,21.933333333333337,5.277777777777778,5.277777777777778,0.0,4.888888888888889,74.88888888888889,14.555555555555555,33.111111111111114,19.891111111111112,1006.077777777778,53.666666666666664,19.833333333333332,0.0,4.3311111111111105,22.6657,106.2522,10.313333333333333,12.418888888888889,4,14,63,112,1970-01-21 13:06:35.120000000,1970-01-21 13:07:19.826666666,Xuân,,,
Cao Bằng,Trung du miền núi Bắc Bộ,2026-04-04,22.944444444444443,28.944444444444443,18.544444444444444,24.955555555555556,31.022222222222226,20.14444444444445,3.155555555555555,3.155555555555555,0.0,5.0,76.33333333333333,12.533333333333337,30.15555555555555,17.924444444444443,1007.1333333333334,47.22222222222222,18.022222222222226,0.0,3.778888888888889,22.6657,106.2522,11.292222222222222,12.44,4,14,61,21,1970-01-21 13:08:01.466666666,1970-01-21 13:08:46.246666666,Xuân,,,
Cao Bằng,Trung du miền núi Bắc Bộ,2026-04-05,24.4,30.233333333333334,20.155555555555555,27.08888888888889,32.7,22.788888888888888,0.1888888888888888,0.1888888888888888,0.0,1.4444444444444444,80.22222222222223,16.566666666666666,41.28888888888889,16.96666666666667,1003.7,81.66666666666667,20.288888888888888,0.0,3.806666666666666,22.6657,106.2522,8.321111111111112,12.461111111111112,4,14,51,147,1970-01-21 13:09:27.813333333,1970-01-21 13:10:12.666666666,Xuân,,,
Cao Bằng,Trung du miền núi Bắc Bộ,2026-04-06,27.022222222222226,34.41111111111111,21.677777777777777,30.82222222222222,37.17777777777778,25.555555555555557,0.0,0.0,0.0,0.0,76.55555555555556,17.044444444444444,40.2,21.154444444444444,1003.2666666666668,40.55555555555556,21.666666666666668,0.0,4.995555555555556,22.6657,106.2522,10.703333333333331,12.483333333333334,4,15,3,210,1970-01-21 13:10:54.153333333,1970-01-21 13:11:39.093333333,Xuân,,,
Cao Bằng,Trung du miền núi Bắc Bộ,2026-04-07,27.299999999999997,34.12222222222223,22.77777777777778,31.522222222222226,37.97777777777778,27.455555555555556,0.1555555555555555,0.1555555555555555,0.0,1.3333333333333333,75.66666666666667,11.422222222222222,28.755555555555556,18.443333333333335,1004.9333333333332,37.111111111111114,21.9,0.0,4.334444444444444,22.6657,106.2522,9.238888888888887,12.503333333333334,4,15,51,110,1970-01-21 13:12:20.500000000,1970-01-21 13:13:05.506666666,Xuân,,,
Cao Bằng,Trung du miền núi Bắc Bộ,2026-04-08,27.477777777777774,33.55555555555556,22.77777777777778,31.133333333333333,36.644444444444446,26.977777777777774,0.3555555555555555,0.3555555555555555,0.0,0.7777777777777778,73.66666666666667,18.98888888888889,46.2,21.86,1005.6444444444444,10.444444444444445,21.788888888888888,0.0,5.166666666666667,22.6657,106.2522,12.0,12.526666666666666,4,15,1,161,1970-01-21 13:13:46.846666666,1970-01-21 13:14:31.926666666,Xuân,,,
Cao Bằng,Trung du miền núi Bắc Bộ,2026-04-09,26.866666666666667,32.355555555555554,22.077777777777776,29.877777777777776,35.02222222222222,25.833333333333332,0.1555555555555555,0.1555555555555555,0.0,1.0,72.77777777777777,18.77777777777778,47.644444444444446,21.474444444444444,1006.0666666666668,19.77777777777778,20.87777777777778,0.0,5.122222222222223,22.6657,106.2522,11.727777777777778,12.546666666666669,4,15,51,182,1970-01-21 13:15:13.193333333,1970-01-21 13:15:58.360000000,Xuân,,,
Cao Bằng,Trung du miền núi Bắc Bộ,2026-04-10,27.288888888888888,33.422222222222224,22.322222222222223,30.166666666666668,35.333333333333336,26.11111111111111,0.0111111111111111,0.0111111111111111,0.0,0.1111111111111111,69.88888888888889,20.14444444444445,48.611111111111114,21.68111111111111,1004.9555555555556,9.444444444444445,20.422222222222224,0.0,5.331111111111111,22.6657,106.2522,11.89,12.566666666666668,4,15,1,168,1970-01-21 13:16:39.533333333,1970-01-21 13:17:24.773333333,Xuân,,,
Cao Bằng,Trung du miền núi Bắc Bộ,2026-04-11,27.066666666666663,33.06666666666667,22.066666666666663,29.38888888888889,33.75555555555556,25.666666666666668,0.3333333333333333,0.3333333333333333,0.0,1.1111111111111112,64.77777777777777,20.177777777777777,47.766666666666666,20.463333333333335,1003.4555555555556,13.555555555555555,18.977777777777774,0.0,5.113333333333333,22.6657,106.2522,12.0,12.588888888888889,4,15,51,207,1970-01-21 13:18:05.873333333,1970-01-21 13:18:51.186666666,Xuân,,,
Cao Bằng,Trung du miền núi Bắc Bộ,2026-04-12,27.244444444444444,33.7,21.333333333333332,29.333333333333332,34.955555555555556,24.3,0.2,0.2,0.0,1.0,60.888888888888886,17.288888888888888,41.05555555555556,22.826666666666668,1003.4,10.0,17.922222222222224,0.0,5.62,22.6657,106.2522,12.0,12.608888888888888,4,15,51,223,1970-01-21 13:19:32.213333333,1970-01-21 13:20:17.626666666,Xuân,,,
Cao Bằng,Trung du miền núi Bắc Bộ,2026-04-13,26.822222222222223,34.52222222222222,20.766666666666666,29.522222222222226,36.099999999999994,24.033333333333335,0.0111111111111111,0.0111111111111111,0.0,0.1111111111111111,68.77777777777777,17.066666666666666,39.666666666666664,22.953333333333333,1005.9444444444443,3.888888888888889,19.311111111111114,0.0,5.550000000000001,22.6657,106.2522,12.0,12.63,4,16,0,202,1970-01-21 13:20:58.566666666,1970-01-21 13:21:44.040000000,Xuân,,,
Cao Bằng,Trung du miền núi Bắc Bộ,2026-04-14,26.98888888888889,33.577777777777776,22.12222222222222,30.82222222222222,37.34444444444445,25.866666666666667,0.0111111111111111,0.0111111111111111,0.0,0.1111111111111111,76.66666666666667,15.566666666666666,36.86666666666667,22.002222222222223,1006.688888888889,16.0,21.799999999999997,0.0,5.085555555555555,22.6657,106.2522,11.82,12.651111111111112,4,16,3,154,1970-01-21 13:22:24.926666666,1970-01-21 13:23:10.473333333,Xuân,,,
Cao Bằng,Trung du miền núi Bắc Bộ,2026-04-15,26.27777777777778,31.72222222222222,22.711111111111112,30.06666666666667,35.48888888888889,26.9,1.1444444444444446,1.1444444444444446,0.0,3.0,80.66666666666667,16.72222222222222,40.84444444444445,18.26888888888889,1006.2222222222222,46.55555555555556,22.288888888888888,0.0,4.174444444444444,22.6657,106.2522,9.79888888888889,12.673333333333334,4,16,53,195,1970-01-21 13:23:51.273333333,1970-01-21 13:24:36.886666666,Xuân,,,
Cao Bằng,Trung du miền núi Bắc Bộ,2026-04-16,25.98888888888889,31.033333333333335,22.733333333333334,29.65555555555555,35.03333333333333,26.655555555555555,0.9333333333333332,0.9333333333333332,0.0,4.555555555555555,79.22222222222223,12.366666666666667,33.72222222222222,17.024444444444445,1007.5666666666668,59.77777777777778,21.755555555555556,0.0,3.824444444444445,22.6657,106.2522,9.563333333333333,12.693333333333332,4,16,51,136,1970-01-21 13:25:17.626666666,1970-01-21 13:26:03.306666666,Xuân,,,
Cao Bằng,Trung du miền núi Bắc Bộ,2026-04-17,23.066666666666663,28.422222222222224,20.166666666666668,26.177777777777777,31.666666666666668,21.944444444444443,30.688888888888886,30.688888888888886,0.0,17.333333333333332,86.0,14.577777777777776,34.51111111111111,15.665555555555557,1011.2777777777778,80.11111111111111,20.266666666666666,0.0,3.2022222222222223,22.6657,106.2522,8.863333333333333,12.713333333333331,4,16,65,31,1970-01-21 13:26:43.973333333,1970-01-21 13:27:29.740000000,Xuân,,,
Cao Bằng,Trung du miền núi Bắc Bộ,2026-04-18,22.455555555555556,25.799999999999997,19.766666666666666,25.211111111111112,28.022222222222226,22.666666666666668,2.6333333333333333,2.6333333333333333,0.0,7.888888888888889,84.66666666666667,10.577777777777778,26.544444444444444,13.636666666666668,1012.3,84.66666666666667,19.5,0.0,2.821111111111111,22.6657,106.2522,6.998888888888889,12.733333333333334,4,16,61,154,1970-01-21 13:28:10.313333333,1970-01-21 13:28:56.160000000,Xuân,,,
Cao Bằng,Trung du miền núi Bắc Bộ,2026-04-19,22.799999999999997,26.733333333333334,20.333333333333332,25.244444444444444,28.93333333333333,23.177777777777777,2.5999999999999996,2.5999999999999996,0.0,11.0,85.88888888888889,16.566666666666666,38.611111111111114,14.025555555555556,1010.4,81.55555555555556,20.07777777777778,0.0,2.962222222222222,22.6657,106.2522,7.124444444444445,12.753333333333334,4,16,53,144,1970-01-21 13:29:36.660000000,1970-01-21 13:30:22.580000000,Xuân,,,
Cao Bằng,Trung du miền núi Bắc Bộ,2026-04-20,23.744444444444447,28.522222222222226,20.6,26.1,31.177777777777777,22.944444444444443,1.2111111111111112,1.2111111111111112,0.0,7.888888888888889,81.66666666666667,16.033333333333335,40.15555555555555,17.08888888888889,1008.311111111111,68.11111111111111,20.12222222222222,0.0,3.7,22.6657,106.2522,8.64,12.773333333333332,4,17,51,193,1970-01-21 13:31:03.026666666,1970-01-21 13:31:49.006666666,Xuân,,,
Cao Bằng,Trung du miền núi Bắc Bộ,2026-04-21,24.755555555555556,29.688888888888886,21.41111111111111,27.48888888888889,31.922222222222224,24.344444444444445,3.3333333333333335,3.3333333333333335,0.0,13.444444444444445,82.55555555555556,19.1,44.922222222222224,19.68111111111111,1006.2111111111112,55.0,21.14444444444445,0.0,4.214444444444444,22.6657,106.2522,10.267777777777775,12.793333333333331,4,17,51,159,1970-01-21 13:32:29.373333333,1970-01-21 13:33:15.426666666,Xuân,,,
Cao Bằng,Trung du miền núi Bắc Bộ,2026-04-22,25.577777777777776,31.944444444444443,20.955555555555556,29.34444444444445,36.3,23.58888888888889,16.177777777777777,16.177777777777777,0.0,8.333333333333334,81.66666666666667,15.455555555555556,36.12222222222223,19.563333333333333,1006.0,69.55555555555556,21.755555555555556,0.0,4.276666666666667,22.6657,106.2522,9.926666666666668,12.813333333333334,4,17,63,186,1970-01-21 13:33:55.726666666,1970-01-21 13:34:41.860000000,Xuân,,,
Cao Bằng,Trung du miền núi Bắc Bộ,2026-04-23,22.333333333333332,27.711111111111112,18.6,23.833333333333332,30.255555555555556,18.98888888888889,2.6444444444444444,2.6444444444444444,0.0,5.333333333333333,74.77777777777777,16.155555555555555,35.12222222222223,16.61888888888889,1009.9333333333332,94.22222222222224,17.166666666666668,0.0,3.557777777777778,22.6657,106.2522,7.564444444444444,12.833333333333334,4,17,51,5,1970-01-21 13:35:22.073333333,1970-01-21 13:36:08.280000000,Xuân,,,
Cao Bằng,Trung du miền núi Bắc Bộ,2026-04-24,21.633333333333333,24.833333333333332,18.477777777777774,23.344444444444445,26.08888888888889,20.366666666666667,2.0444444444444443,2.0444444444444443,0.0,4.333333333333333,76.55555555555556,9.533333333333331,24.566666666666663,11.445555555555556,1013.3888888888888,86.0,17.022222222222222,0.0,2.48,22.6657,106.2522,2.92,12.853333333333332,4,17,61,59,1970-01-21 13:36:48.413333333,1970-01-21 13:37:34.700000000,Xuân,,,
Cao Bằng,Trung du miền núi Bắc Bộ,2026-04-25,22.244444444444444,26.08888888888889,18.155555555555555,23.91111111111111,27.91111111111111,19.61111111111111,0.1777777777777777,0.1777777777777777,0.0,0.6666666666666666,71.66666666666667,9.31111111111111,23.27777777777778,16.177777777777777,1014.8222222222222,44.77777777777778,16.666666666666668,0.0,3.361111111111111,22.6657,106.2522,9.263333333333334,12.873333333333331,4,17,3,133,1970-01-21 13:38:14.786666666,1970-01-21 13:39:01.126666666,Xuân,,,
Cao Bằng,Trung du miền núi Bắc Bộ,2026-04-26,22.466666666666665,26.566666666666663,19.366666666666667,23.98888888888889,27.766666666666666,21.27777777777778,0.5888888888888889,0.5888888888888889,0.0,2.111111111111111,75.0,14.433333333333334,34.63333333333333,14.61,1012.1111111111112,98.55555555555556,17.533333333333335,0.0,3.2544444444444443,22.6657,106.2522,5.5,12.893333333333334,4,17,51,193,1970-01-21 13:39:41.140000000,1970-01-21 13:40:27.546666666,Xuân,,,
Cao Bằng,Trung du miền núi Bắc Bộ,2026-04-27,23.91111111111111,29.266666666666666,20.288888888888888,26.244444444444444,31.833333333333332,22.72222222222222,1.8777777777777775,1.8777777777777775,0.0,8.777777777777779,79.0,15.11111111111111,35.32222222222222,19.685555555555556,1008.4111111111112,77.22222222222223,19.577777777777776,0.0,4.204444444444444,22.6657,106.2522,10.988888888888887,12.912222222222224,4,18,51,196,1970-01-21 13:41:07.493333333,1970-01-21 13:41:53.980000000,Xuân,,,
Cao Bằng,Trung du miền núi Bắc Bộ,2026-04-28,23.58888888888889,30.011111111111113,19.655555555555555,26.522222222222226,33.2,20.688888888888886,21.477777777777774,21.477777777777774,0.0,17.555555555555557,85.22222222222223,18.35555555555555,42.0,19.743333333333332,1007.4555555555556,76.22222222222223,20.58888888888889,0.0,4.0344444444444445,22.6657,106.2522,10.314444444444444,12.932222222222222,4,18,63,135,1970-01-21 13:42:33.840000000,1970-01-21 13:43:20.406666666,Xuân,,,
Cao Bằng,Trung du miền núi Bắc Bộ,2026-04-29,20.77777777777778,24.922222222222224,17.27777777777778,19.91111111111111,24.166666666666668,16.311111111111114,2.344444444444445,2.344444444444445,0.0,2.4444444444444446,63.111111111111114,20.799999999999997,45.86666666666667,17.67111111111111,1014.3,82.33333333333333,13.044444444444444,0.0,4.223333333333333,22.6657,106.2522,9.645555555555555,12.95,4,18,53,13,1970-01-21 13:44:00.206666666,1970-01-21 13:44:46.826666666,Xuân,,,
Cao Bằng,Trung du miền núi Bắc Bộ,2026-04-30,20.022222222222226,25.88888888888889,14.933333333333334,20.266666666666666,27.711111111111112,14.433333333333334,0.0,0.0,0.0,0.0,63.333333333333336,11.422222222222222,27.666666666666668,23.284444444444446,1016.311111111111,35.77777777777778,12.511111111111113,0.0,4.593333333333334,22.6657,106.2522,12.002222222222224,12.97,4,18,3,41,1970-01-21 13:45:26.566666666,1970-01-21 13:46:13.246666666,Xuân,,,
Cao Bằng,Trung du miền núi Bắc Bộ,2026-05-01,21.18888888888889,25.755555555555556,16.711111111111112,22.1,26.22222222222222,17.644444444444446,0.0333333333333333,0.0333333333333333,0.0,0.3333333333333333,76.0,16.87777777777778,39.166666666666664,15.187777777777775,1012.3,74.0,16.6,0.0,3.2644444444444445,22.6657,106.2522,6.752222222222222,12.987777777777778,5,18,3,207,1970-01-21 13:46:52.913333333,1970-01-21 13:47:39.673333333,Xuân,,,
Cao Bằng,Trung du miền núi Bắc Bộ,2026-05-02,22.444444444444443,28.78888888888889,19.266666666666666,25.044444444444444,31.88888888888889,20.655555555555555,7.966666666666667,7.966666666666667,0.0,8.222222222222221,86.11111111111111,16.644444444444446,41.166666666666664,12.838888888888889,1009.688888888889,97.77777777777776,19.833333333333332,0.0,2.651111111111111,22.6657,106.2522,4.307777777777778,13.006666666666668,5,18,63,145,1970-01-21 13:48:19.286666666,1970-01-21 13:49:06.100000000,Xuân,,,
Cao Bằng,Trung du miền núi Bắc Bộ,2026-05-03,20.37777777777778,22.233333333333334,18.200000000000003,22.299999999999997,25.533333333333335,17.477777777777778,12.77777777777778,12.77777777777778,0.0,14.88888888888889,89.33333333333333,15.211111111111112,33.48888888888889,7.955555555555555,1013.0111111111112,96.0,18.477777777777774,0.0,1.6244444444444446,22.6657,106.2522,2.21,13.02222222222222,5,18,63,6,1970-01-21 13:49:45.646666666,1970-01-21 13:50:32.526666666,Xuân,,,
Cao Bằng,Trung du miền núi Bắc Bộ,2026-05-04,21.033333333333335,26.88888888888889,16.455555555555556,21.344444444444445,28.67777777777778,15.444444444444445,0.7666666666666666,0.7666666666666666,0.0,1.6666666666666667,64.0,13.988888888888887,31.033333333333335,22.482222222222223,1016.1222222222224,53.44444444444444,13.61111111111111,0.0,4.62,22.6657,106.2522,11.724444444444444,13.04,5,19,51,14,1970-01-21 13:51:12.000000000,1970-01-21 13:51:58.960000000,Xuân,,,
Cao Bằng,Trung du miền núi Bắc Bộ,2026-05-05,22.88888888888889,28.633333333333333,17.433333333333334,24.555555555555557,30.622222222222224,18.788888888888888,0.0,0.0,0.0,0.0,69.77777777777777,14.011111111111113,33.37777777777777,21.903333333333332,1012.3222222222222,22.444444444444443,16.688888888888886,0.0,4.585555555555555,22.6657,106.2522,11.883333333333333,13.06,5,19,3,203,1970-01-21 13:52:38.373333333,1970-01-21 13:53:25.386666666,Xuân,,,
Cao Bằng,Trung du miền núi Bắc Bộ,2026-05-06,23.677777777777777,27.91111111111111,20.03333333333333,25.799999999999997,29.34444444444445,22.233333333333334,1.0666666666666669,1.0666666666666669,0.0,6.666666666666667,82.11111111111111,17.822222222222223,40.400000000000006,14.858888888888888,1009.1666666666666,71.22222222222223,20.233333333333334,0.0,3.25,22.6657,106.2522,8.07,13.077777777777778,5,19,51,152,1970-01-21 13:54:04.733333333,1970-01-21 13:54:51.806666666,Xuân,,,
Cao Bằng,Trung du miền núi Bắc Bộ,2026-05-07,24.14444444444445,28.78888888888889,21.87777777777778,28.22222222222222,33.68888888888889,25.322222222222223,7.7666666666666675,7.7666666666666675,0.0,14.11111111111111,88.44444444444444,12.755555555555556,29.43333333333333,16.977777777777778,1010.6444444444444,84.33333333333333,21.955555555555556,0.0,3.405555555555555,22.6657,106.2522,8.547777777777778,13.092222222222222,5,19,63,135,1970-01-21 13:55:31.100000000,1970-01-21 13:56:18.233333333,Xuân,,,
Cao Bằng,Trung du miền núi Bắc Bộ,2026-05-08,23.666666666666668,27.62222222222222,20.633333333333333,26.233333333333334,30.166666666666668,22.977777777777774,3.388888888888889,3.388888888888889,0.0,8.88888888888889,78.88888888888889,12.011111111111113,28.56666666666667,16.077777777777776,1014.2888888888888,93.44444444444444,19.41111111111111,0.0,3.5122222222222224,22.6657,106.2522,7.176666666666667,13.11,5,19,55,16,1970-01-21 13:56:57.466666666,1970-01-21 13:57:44.660000000,Xuân,,,
Cao Bằng,Trung du miền núi Bắc Bộ,2026-05-09,21.58888888888889,25.91111111111111,19.477777777777774,23.244444444444444,27.799999999999997,20.444444444444443,1.688888888888889,1.688888888888889,0.0,3.7777777777777777,76.44444444444444,11.38888888888889,26.12222222222222,12.737777777777778,1016.0888888888888,96.11111111111111,17.044444444444444,0.0,2.7588888888888885,22.6657,106.2522,5.53,13.127777777777778,5,19,51,28,1970-01-21 13:58:23.826666666,1970-01-21 13:59:11.093333333,Xuân,,,
Cao Bằng,Trung du miền núi Bắc Bộ,2026-05-10,21.200000000000003,24.744444444444444,18.61111111111111,23.833333333333332,27.744444444444444,20.788888888888888,4.011111111111111,4.011111111111111,0.0,8.333333333333334,84.11111111111111,6.322222222222222,17.188888888888886,11.593333333333334,1015.2555555555556,97.22222222222224,18.255555555555553,0.0,2.328888888888889,22.6657,106.2522,3.037777777777778,13.142222222222223,5,19,51,12,1970-01-21 13:59:50.206666666,1970-01-21 14:00:37.520000000,Xuân,,,
Cao Bằng,Trung du miền núi Bắc Bộ,2026-05-11,23.155555555555555,28.0,19.755555555555556,26.422222222222224,31.122222222222224,22.87777777777778,1.4,1.4,0.0,8.0,83.77777777777777,8.855555555555556,22.955555555555556,14.33111111111111,1012.7333333333332,87.22222222222223,20.022222222222226,0.0,2.9188888888888886,22.6657,106.2522,6.187777777777778,13.16,5,20,51,141,1970-01-21 14:01:16.566666666,1970-01-21 14:02:03.940000000,Xuân,,,
Cao Bằng,Trung du miền núi Bắc Bộ,2026-05-12,24.444444444444443,28.56666666666667,21.22222222222222,27.64444444444445,32.044444444444444,24.633333333333333,0.977777777777778,0.977777777777778,0.0,5.777777777777778,84.22222222222223,14.6,34.888888888888886,14.344444444444443,1008.1444444444444,87.88888888888889,21.422222222222224,0.0,3.0999999999999996,22.6657,106.2522,6.242222222222222,13.177777777777775,5,20,51,199,1970-01-21 14:02:42.946666666,1970-01-21 14:03:30.373333333,Xuân,,,
Cao Bằng,Trung du miền núi Bắc Bộ,2026-05-13,25.844444444444445,30.45555555555556,22.88888888888889,29.35555555555555,33.833333333333336,26.5,1.5555555555555556,1.5555555555555556,0.0,7.777777777777778,81.44444444444444,15.77777777777778,39.43333333333333,19.621111111111112,1003.922222222222,52.77777777777778,22.033333333333335,0.0,4.2844444444444445,22.6657,106.2522,8.736666666666666,13.19,5,20,51,147,1970-01-21 14:04:09.306666666,1970-01-21 14:04:56.800000000,Xuân,,,
Cao Bằng,Trung du miền núi Bắc Bộ,2026-05-14,27.466666666666665,33.41111111111111,22.64444444444445,31.766666666666666,38.24444444444444,27.0,0.1666666666666666,0.1666666666666666,0.0,1.5555555555555556,74.22222222222223,11.677777777777775,25.72222222222222,25.263333333333335,1002.688888888889,27.77777777777778,21.77777777777778,0.0,5.564444444444444,22.6657,106.2522,11.812222222222225,13.21,5,20,51,116,1970-01-21 14:05:35.686666666,1970-01-21 14:06:23.233333333,Xuân,,,
Cao Bằng,Trung du miền núi Bắc Bộ,2026-05-15,27.37777777777778,33.01111111111111,23.066666666666663,32.12222222222223,38.96666666666667,27.533333333333335,1.788888888888889,1.788888888888889,0.0,3.888888888888889,76.0,10.555555555555555,25.433333333333337,24.273333333333333,1003.6444444444444,37.111111111111114,22.477777777777774,0.0,5.224444444444445,22.6657,106.2522,12.233333333333333,13.22222222222222,5,20,51,167,1970-01-21 14:07:02.046666666,1970-01-21 14:07:49.660000000,Xuân,,,
Cao Bằng,Trung du miền núi Bắc Bộ,2026-05-16,25.4,30.744444444444444,22.41111111111111,29.944444444444443,36.01111111111111,26.35555555555555,15.8,15.8,0.0,14.555555555555555,87.0,14.933333333333334,35.422222222222224,20.947777777777777,1005.3888888888888,79.88888888888889,22.822222222222223,0.0,4.221111111111111,22.6657,106.2522,10.22222222222222,13.24,5,20,63,112,1970-01-21 14:08:28.426666666,1970-01-21 14:09:16.086666666,Xuân,,,
Cao Bằng,Trung du miền núi Bắc Bộ,2026-05-17,24.22222222222222,28.688888888888886,22.08888888888889,28.67777777777778,33.47777777777778,26.166666666666668,13.711111111111112,13.711111111111112,0.0,22.444444444444443,93.11111111111111,13.633333333333333,34.06666666666667,15.80777777777778,1006.4,93.0,22.955555555555556,0.0,3.035555555555556,22.6657,106.2522,6.818888888888889,13.253333333333334,5,20,63,152,1970-01-21 14:09:54.800000000,1970-01-21 14:10:42.520000000,Xuân,,,
Cao Bằng,Trung du miền núi Bắc Bộ,2026-05-18,24.700000000000003,29.6,22.555555555555557,29.233333333333334,35.62222222222223,26.87777777777778,9.81111111111111,9.81111111111111,0.0,21.11111111111111,91.11111111111111,12.444444444444445,30.61111111111111,17.90888888888889,1006.1,90.0,23.022222222222226,0.0,3.537777777777778,22.6657,106.2522,8.46888888888889,13.27,5,21,61,121,1970-01-21 14:11:21.173333333,1970-01-21 14:12:08.940000000,Xuân,,,
Cao Bằng,Trung du miền núi Bắc Bộ,2026-05-19,24.755555555555556,29.9,22.522222222222226,29.233333333333334,35.43333333333333,26.466666666666665,10.211111111111112,10.211111111111112,0.0,20.22222222222222,91.88888888888889,14.988888888888887,36.41111111111111,18.691111111111113,1005.0555555555557,90.44444444444444,23.177777777777777,0.0,3.638888888888889,22.6657,106.2522,8.105555555555556,13.28,5,21,63,183,1970-01-21 14:12:47.566666666,1970-01-21 14:13:35.366666666,Xuân,,,
Cao Bằng,Trung du miền núi Bắc Bộ,2026-05-20,23.9,27.066666666666663,22.322222222222223,28.055555555555557,30.877777777777776,26.177777777777777,11.655555555555557,11.655555555555557,0.0,19.0,91.33333333333331,12.7,29.06666666666667,11.773333333333332,1005.4666666666668,88.55555555555556,22.299999999999997,0.0,2.4166666666666665,22.6657,106.2522,4.985555555555555,13.293333333333331,5,21,63,106,1970-01-21 14:14:13.926666666,1970-01-21 14:15:01.793333333,Xuân,,,
Cao Bằng,Trung du miền núi Bắc Bộ,2026-05-21,24.133333333333333,28.177777777777777,21.944444444444443,28.322222222222223,32.455555555555556,25.977777777777774,22.27777777777778,22.27777777777778,0.0,22.444444444444443,92.66666666666669,13.511111111111113,31.38888888888889,13.586666666666666,1007.3666666666666,96.66666666666669,22.766666666666666,0.0,2.6822222222222223,22.6657,106.2522,4.836666666666667,13.31,5,21,63,188,1970-01-21 14:15:40.313333333,1970-01-21 14:16:28.220000000,Xuân,,,
Cao Bằng,Trung du miền núi Bắc Bộ,2026-05-22,26.022222222222226,30.188888888888886,23.14444444444445,30.17777777777778,35.02222222222222,27.044444444444444,6.7444444444444445,6.7444444444444445,0.0,17.0,86.66666666666667,18.01111111111111,43.17777777777778,21.694444444444443,1006.8222222222222,56.111111111111114,23.444444444444443,0.0,4.352222222222222,22.6657,106.2522,10.847777777777775,13.32,5,21,61,193,1970-01-21 14:17:06.706666666,1970-01-21 14:17:54.646666666,Xuân,,,
Cao Bằng,Trung du miền núi Bắc Bộ,2026-05-23,27.655555555555555,32.400000000000006,23.91111111111111,31.988888888888887,37.44444444444444,28.533333333333335,0.6333333333333333,0.6333333333333333,0.0,4.777777777777778,79.33333333333333,15.466666666666663,37.01111111111111,21.75,1005.4666666666668,79.55555555555556,23.41111111111111,0.0,4.91,22.6657,106.2522,11.074444444444444,13.331111111111111,5,21,51,146,1970-01-21 14:18:33.066666666,1970-01-21 14:19:21.073333333,Xuân,,,
Cao Bằng,Trung du miền núi Bắc Bộ,2026-05-24,28.58888888888889,32.888888888888886,24.966666666666665,32.27777777777778,37.099999999999994,29.1,0.3555555555555555,0.3555555555555555,0.0,2.2222222222222223,72.88888888888889,19.08888888888889,44.84444444444445,22.245555555555555,1004.4777777777776,75.66666666666667,22.91111111111111,0.0,5.443333333333333,22.6657,106.2522,10.512222222222222,13.346666666666668,5,21,51,145,1970-01-21 14:19:59.453333333,1970-01-21 14:20:47.500000000,Xuân,,,
Cao Bằng,Trung du miền núi Bắc Bộ,2026-05-25,29.266666666666666,33.65555555555555,25.477777777777774,32.82222222222222,37.54444444444445,29.299999999999997,0.0,0.0,0.0,0.0,68.33333333333333,18.333333333333332,43.03333333333333,24.821111111111108,1002.8666666666666,43.111111111111114,22.455555555555556,0.0,6.1033333333333335,22.6657,106.2522,12.377777777777778,13.358888888888888,5,22,3,209,1970-01-21 14:21:25.846666666,1970-01-21 14:22:13.933333333,Xuân,,,
Cao Bằng,Trung du miền núi Bắc Bộ,2026-05-26,29.522222222222226,34.75555555555556,24.533333333333335,34.02222222222222,39.93333333333333,29.4,0.0222222222222222,0.0222222222222222,0.0,0.2222222222222222,69.33333333333333,13.2,31.522222222222226,26.357777777777777,1002.688888888889,8.555555555555555,22.799999999999997,0.0,6.17,22.6657,106.2522,12.537777777777778,13.37,5,22,1,144,1970-01-21 14:22:52.233333333,1970-01-21 14:23:40.360000000,Xuân,,,
Cao Bằng,Trung du miền núi Bắc Bộ,2026-05-27,29.133333333333333,34.5,24.744444444444444,34.17777777777778,40.81111111111111,29.700000000000003,2.066666666666667,2.066666666666667,0.0,5.444444444444445,73.0,12.9,30.766666666666666,25.014444444444443,1005.4888888888888,16.555555555555557,23.444444444444443,0.0,5.681111111111111,22.6657,106.2522,12.465555555555556,13.38,5,22,53,183,1970-01-21 14:24:18.606666666,1970-01-21 14:25:06.786666666,Xuân,,,
Cao Bằng,Trung du miền núi Bắc Bộ,2026-05-28,28.0,32.56666666666667,23.700000000000003,32.91111111111111,38.833333333333336,28.1,1.5,1.5,0.0,6.222222222222222,76.11111111111111,10.333333333333334,30.200000000000003,25.108888888888888,1008.577777777778,18.77777777777778,23.1,0.0,5.407777777777778,22.6657,106.2522,12.44,13.39,5,22,53,125,1970-01-21 14:25:45.006666666,1970-01-21 14:26:33.206666666,Xuân,,,
Cao Bằng,Trung du miền núi Bắc Bộ,2026-05-29,26.48888888888889,30.988888888888887,23.544444444444444,31.799999999999997,37.01111111111111,28.422222222222224,4.588888888888889,4.588888888888889,0.0,8.333333333333334,84.55555555555556,9.322222222222225,24.91111111111111,18.15,1010.6666666666666,79.44444444444444,23.533333333333335,0.0,3.7466666666666666,22.6657,106.2522,9.473333333333334,13.4,5,22,55,4,1970-01-21 14:27:11.393333333,1970-01-21 14:27:59.640000000,Xuân,,,
Cao Bằng,Trung du miền núi Bắc Bộ,2026-05-30,25.08888888888889,29.41111111111111,21.744444444444444,28.799999999999997,34.266666666666666,24.88888888888889,7.355555555555556,7.355555555555556,0.0,11.333333333333334,80.88888888888889,11.72222222222222,27.566666666666663,19.387777777777774,1012.2555555555556,72.77777777777777,21.255555555555556,0.0,4.012222222222222,22.6657,106.2522,10.353333333333332,13.411111111111111,5,22,61,2,1970-01-21 14:28:37.786666666,1970-01-21 14:29:26.066666666,Xuân,,,
Cao Bằng,Trung du miền núi Bắc Bộ,2026-05-31,26.711111111111112,31.9,21.477777777777774,30.64444444444445,37.17777777777778,24.477777777777774,0.7222222222222222,0.7222222222222222,0.0,3.111111111111111,73.0,11.844444444444443,28.511111111111113,25.56888888888889,1009.5666666666668,8.666666666666666,21.188888888888886,0.0,5.473333333333333,22.6657,106.2522,12.53,13.42111111111111,5,22,51,131,1970-01-21 14:30:04.186666666,1970-01-21 14:30:52.486666666,Xuân,,,
Cao Bằng,Trung du miền núi Bắc Bộ,2026-06-01,27.87777777777778,32.21111111111111,23.64444444444445,32.56666666666667,37.666666666666664,28.45555555555556,1.2999999999999998,1.2999999999999998,0.0,5.777777777777778,77.33333333333333,12.011111111111113,30.27777777777778,24.64,1008.3222222222222,31.77777777777778,23.211111111111112,0.0,5.35,22.6657,106.2522,12.151111111111112,13.43,6,23,51,214,1970-01-21 14:31:30.573333333,1970-01-21 14:32:18.920000000,Hè,,,
Cao Bằng,Trung du miền núi Bắc Bộ,2026-06-02,27.966666666666665,32.8,23.811111111111114,32.8,38.91111111111111,28.422222222222224,2.888888888888889,2.888888888888889,0.0,8.88888888888889,77.77777777777777,13.566666666666666,31.288888888888884,24.323333333333338,1006.1333333333334,71.44444444444444,23.422222222222224,0.0,5.3244444444444445,22.6657,106.2522,12.05888888888889,13.44,6,23,53,132,1970-01-21 14:32:56.960000000,1970-01-21 14:33:45.340000000,Hè,,,
Cao Bằng,Trung du miền núi Bắc Bộ,2026-06-03,27.811111111111114,32.84444444444445,24.0,32.77777777777778,38.84444444444445,28.85555555555555,3.511111111111111,3.511111111111111,0.0,10.77777777777778,81.22222222222223,13.666666666666666,32.233333333333334,23.17555555555556,1003.5,72.88888888888889,23.944444444444443,0.0,5.073333333333333,22.6657,106.2522,11.435555555555556,13.448888888888888,6,23,51,136,1970-01-21 14:34:23.346666666,1970-01-21 14:35:11.773333333,Hè,,,
Cao Bằng,Trung du miền núi Bắc Bộ,2026-06-04,25.755555555555556,28.82222222222222,23.666666666666668,31.533333333333335,34.8,28.700000000000003,12.655555555555557,12.655555555555557,0.0,14.0,92.77777777777776,9.344444444444443,25.200000000000003,15.303333333333333,1004.1333333333334,97.0,24.41111111111111,0.0,3.0611111111111113,22.6657,106.2522,6.212222222222222,13.458888888888888,6,23,63,35,1970-01-21 14:35:49.746666666,1970-01-21 14:36:38.200000000,Hè,,,
Cao Bằng,Trung du miền núi Bắc Bộ,2026-06-05,25.48888888888889,28.700000000000003,23.11111111111111,30.54444444444444,33.97777777777778,27.944444444444443,6.199999999999999,6.199999999999999,0.0,10.11111111111111,87.88888888888889,7.777777777777778,18.711111111111112,11.574444444444444,1005.0333333333332,85.66666666666667,23.200000000000003,0.0,2.4755555555555557,22.6657,106.2522,4.757777777777778,13.461111111111112,6,23,63,82,1970-01-21 14:37:16.146666666,1970-01-21 14:38:04.620000000,Hè,,,
Cao Bằng,Trung du miền núi Bắc Bộ,2026-06-06,27.366666666666667,32.733333333333334,22.944444444444443,32.36666666666667,39.166666666666664,27.288888888888888,3.677777777777778,3.677777777777778,0.0,12.11111111111111,80.88888888888889,13.755555555555556,31.922222222222217,23.935555555555553,1004.1666666666666,77.0,23.477777777777774,0.0,5.161111111111111,22.6657,106.2522,12.163333333333334,13.471111111111112,6,23,53,124,1970-01-21 14:38:42.546666666,1970-01-21 14:39:31.040000000,Hè,,,
Cao Bằng,Trung du miền núi Bắc Bộ,2026-06-07,28.4,33.05555555555556,24.544444444444444,33.44444444444444,38.71111111111111,29.966666666666665,1.3444444444444443,1.3444444444444443,0.0,7.444444444444445,77.33333333333333,13.1,31.4,23.66888888888889,1002.4444444444443,77.0,23.666666666666668,0.0,5.27,22.6657,106.2522,12.168888888888889,13.47888888888889,6,23,51,197,1970-01-21 14:40:08.946666666,1970-01-21 14:40:57.460000000,Hè,,,
Cao Bằng,Trung du miền núi Bắc Bộ,2026-06-08,26.5,30.166666666666668,23.200000000000003,29.444444444444443,33.077777777777776,23.35555555555556,2.4444444444444446,2.4444444444444446,0.0,3.4444444444444446,72.55555555555556,19.177777777777777,44.04444444444445,17.892222222222223,1003.2444444444444,98.66666666666669,20.788888888888888,0.0,4.278888888888889,22.6657,106.2522,7.677777777777777,13.481111111111112,6,24,51,9,1970-01-21 14:41:35.346666666,1970-01-21 14:42:23.893333333,Hè,,,
Cao Bằng,Trung du miền núi Bắc Bộ,2026-06-09,23.38888888888889,26.544444444444444,21.0,24.22222222222222,27.53333333333333,21.27777777777778,1.588888888888889,1.588888888888889,0.0,1.8888888888888888,64.88888888888889,15.733333333333333,34.333333333333336,12.433333333333334,1008.0,85.44444444444444,16.244444444444444,0.0,3.2644444444444445,22.6657,106.2522,5.7188888888888885,13.49,6,24,3,10,1970-01-21 14:43:01.746666666,1970-01-21 14:43:50.306666666,Hè,,,
Cao Bằng,Trung du miền núi Bắc Bộ,2026-06-10,25.07777777777778,29.71111111111111,21.366666666666667,27.200000000000003,32.87777777777777,23.200000000000003,0.0333333333333333,0.0333333333333333,0.0,0.2222222222222222,64.0,9.8,25.27777777777778,21.176666666666662,1010.422222222222,89.77777777777777,17.38888888888889,0.0,4.577777777777778,22.6657,106.2522,9.69111111111111,13.498888888888889,6,24,3,2,1970-01-21 14:44:28.146666666,1970-01-21 14:45:16.726666666,Hè,,,
Cao Bằng,Trung du miền núi Bắc Bộ,2026-06-11,25.51111111111111,29.65555555555555,21.5,28.577777777777776,33.077777777777776,24.01111111111111,0.3666666666666666,0.3666666666666666,0.0,1.8888888888888888,69.0,9.466666666666669,22.766666666666666,18.517777777777777,1012.422222222222,72.55555555555556,19.12222222222222,0.0,3.985555555555556,22.6657,106.2522,8.813333333333333,13.501111111111111,6,24,3,163,1970-01-21 14:45:54.546666666,1970-01-21 14:46:43.153333333,Hè,,,
Cao Bằng,Trung du miền núi Bắc Bộ,2026-06-12,26.01111111111111,30.266666666666666,22.444444444444443,29.877777777777776,34.17777777777778,26.655555555555555,3.3,3.3,0.0,9.88888888888889,80.0,12.633333333333333,30.966666666666665,20.185555555555556,1011.1777777777778,95.0,21.944444444444443,0.0,4.288888888888889,22.6657,106.2522,11.372222222222222,13.506666666666668,6,24,53,132,1970-01-21 14:47:20.946666666,1970-01-21 14:48:09.566666666,Hè,,,
Cao Bằng,Trung du miền núi Bắc Bộ,2026-06-13,26.85555555555556,31.5,24.01111111111111,32.02222222222222,36.75555555555556,28.22222222222222,4.666666666666667,4.666666666666667,0.0,11.22222222222222,85.66666666666667,12.577777777777776,33.53333333333333,18.82444444444444,1006.7888888888888,96.33333333333331,23.966666666666665,0.0,4.03,22.6657,106.2522,7.461111111111112,13.508888888888889,6,24,53,208,1970-01-21 14:48:47.346666666,1970-01-21 14:49:35.986666666,Hè,,,
Cao Bằng,Trung du miền núi Bắc Bộ,2026-06-14,25.566666666666663,29.633333333333333,23.51111111111111,31.27777777777778,35.97777777777778,28.511111111111113,11.38888888888889,11.38888888888889,0.0,16.77777777777778,92.11111111111111,8.211111111111112,22.01111111111111,15.726666666666668,1005.1555555555556,98.22222222222224,24.1,0.0,3.203333333333333,22.6657,106.2522,6.382222222222222,13.511111111111113,6,24,63,70,1970-01-21 14:50:13.760000000,1970-01-21 14:51:02.413333333,Hè,,,
Cao Bằng,Trung du miền núi Bắc Bộ,2026-06-15,24.755555555555556,27.766666666666666,23.155555555555555,30.366666666666667,33.44444444444444,28.077777777777776,23.08888888888889,23.08888888888889,0.0,21.77777777777778,96.0,7.9,21.211111111111112,11.385555555555555,1005.8555555555556,99.77777777777776,24.044444444444444,0.0,2.2666666666666666,22.6657,106.2522,2.888888888888889,13.518888888888888,6,25,63,55,1970-01-21 14:51:40.180000000,1970-01-21 14:52:28.820000000,Hè,,,
Cao Bằng,Trung du miền núi Bắc Bộ,2026-06-16,24.64444444444445,27.655555555555555,22.811111111111114,30.133333333333333,34.06666666666667,27.655555555555555,21.688888888888886,21.688888888888886,0.0,21.666666666666668,95.11111111111111,8.522222222222222,23.48888888888889,15.698888888888888,1006.9888888888888,95.88888888888889,23.77777777777778,0.0,3.0411111111111113,22.6657,106.2522,6.9111111111111105,13.518888888888888,6,25,63,104,1970-01-21 14:53:06.586666666,1970-01-21 14:53:55.240000000,Hè,,,
Cao Bằng,Trung du miền núi Bắc Bộ,2026-06-17,25.444444444444443,30.622222222222224,22.955555555555556,30.77777777777778,36.28888888888889,27.822222222222223,15.877777777777778,15.877777777777778,0.0,16.444444444444443,91.44444444444444,11.755555555555556,29.533333333333335,17.134444444444444,1006.0555555555557,97.22222222222224,23.72222222222222,0.0,3.5,22.6657,106.2522,7.072222222222222,13.52,6,25,63,118,1970-01-21 14:54:32.986666666,1970-01-21 14:55:21.660000000,Hè,,,
Cao Bằng,Trung du miền núi Bắc Bộ,2026-06-18,25.38888888888889,29.17777777777778,23.244444444444444,30.311111111111114,33.166666666666664,27.64444444444445,15.27777777777778,15.27777777777778,0.0,16.444444444444443,92.66666666666669,14.666666666666666,34.400000000000006,11.817777777777778,1004.8222222222222,99.66666666666669,24.033333333333335,0.0,2.4555555555555557,22.6657,106.2522,3.2922222222222226,13.52111111111111,6,25,63,212,1970-01-21 14:55:59.393333333,1970-01-21 14:56:48.073333333,Hè,,,
Cao Bằng,Trung du miền núi Bắc Bộ,2026-06-19,25.61111111111111,28.155555555555555,23.88888888888889,31.077777777777776,33.577777777777776,28.833333333333332,13.011111111111113,13.011111111111113,0.0,20.555555555555557,94.33333333333331,10.877777777777778,28.555555555555557,10.61888888888889,1004.6,100.0,24.566666666666663,0.0,2.1755555555555555,22.6657,106.2522,1.3455555555555554,13.52111111111111,6,25,61,102,1970-01-21 14:57:25.806666666,1970-01-21 14:58:14.486666666,Hè,,,
Cao Bằng,Trung du miền núi Bắc Bộ,2026-06-20,25.788888888888888,30.04444444444444,23.37777777777778,30.988888888888887,36.04444444444445,28.0,20.677777777777777,20.677777777777777,0.0,19.0,90.77777777777776,11.155555555555557,29.08888888888889,14.43,1006.1555555555556,98.22222222222224,24.01111111111111,0.0,2.967777777777778,22.6657,106.2522,5.885555555555555,13.52111111111111,6,25,63,103,1970-01-21 14:58:52.220000000,1970-01-21 14:59:40.906666666,Hè,,,
Cao Bằng,Trung du miền núi Bắc Bộ,2026-06-21,26.27777777777778,30.522222222222226,23.044444444444444,30.511111111111113,34.72222222222222,27.322222222222223,2.6222222222222222,2.6222222222222222,0.0,11.88888888888889,84.77777777777777,15.966666666666663,41.077777777777776,20.28,1006.8888888888888,96.55555555555556,23.233333333333334,0.0,4.266666666666667,22.6657,106.2522,10.231111111111112,13.52111111111111,6,25,53,198,1970-01-21 15:00:18.646666666,1970-01-21 15:01:07.320000000,Hè,,,
Cao Bằng,Trung du miền núi Bắc Bộ,2026-06-22,27.077777777777776,31.733333333333334,23.677777777777777,31.122222222222224,35.96666666666667,27.433333333333337,0.4444444444444444,0.4444444444444444,0.0,2.6666666666666665,79.77777777777777,15.055555555555555,36.56666666666667,19.082222222222224,1004.0444444444444,75.11111111111111,23.0,0.0,4.306666666666667,22.6657,106.2522,9.553333333333333,13.52111111111111,6,26,51,199,1970-01-21 15:01:45.046666666,1970-01-21 15:02:33.733333333,Hè,,,
Cao Bằng,Trung du miền núi Bắc Bộ,2026-06-23,28.233333333333334,32.97777777777778,23.977777777777774,33.233333333333334,39.25555555555556,28.56666666666667,0.4333333333333333,0.4333333333333333,0.0,3.2222222222222223,76.11111111111111,11.088888888888889,28.366666666666664,23.126666666666665,1001.2777777777778,88.66666666666667,23.288888888888888,0.0,5.056666666666667,22.6657,106.2522,11.505555555555556,13.52111111111111,6,26,51,200,1970-01-21 15:03:11.466666666,1970-01-21 15:04:00.146666666,Hè,,,
Cao Bằng,Trung du miền núi Bắc Bộ,2026-06-24,27.64444444444445,32.37777777777777,25.044444444444444,33.666666666666664,39.04444444444445,30.54444444444444,4.311111111111111,4.311111111111111,0.0,7.555555555555555,83.77777777777777,7.433333333333333,23.077777777777776,17.653333333333332,1002.1222222222224,97.55555555555556,24.41111111111111,0.0,3.754444444444444,22.6657,106.2522,7.896666666666666,13.52111111111111,6,26,61,54,1970-01-21 15:04:37.873333333,1970-01-21 15:05:26.560000000,Hè,,,
Cao Bằng,Trung du miền núi Bắc Bộ,2026-06-25,25.711111111111112,28.944444444444443,23.522222222222226,31.666666666666668,35.06666666666667,28.5,24.299999999999997,24.299999999999997,0.0,20.88888888888889,94.0,6.944444444444445,18.744444444444444,12.063333333333333,1004.3333333333334,98.88888888888889,24.61111111111111,0.0,2.5088888888888885,22.6657,106.2522,1.318888888888889,13.52111111111111,6,26,63,42,1970-01-21 15:06:04.306666666,1970-01-21 15:06:52.966666666,Hè,,,
Cao Bằng,Trung du miền núi Bắc Bộ,2026-06-26,24.85555555555555,28.4,23.133333333333333,29.833333333333332,32.97777777777778,27.72222222222222,27.38888888888889,27.38888888888889,0.0,18.22222222222222,91.33333333333331,8.244444444444445,21.0,10.072222222222225,1006.188888888889,96.44444444444444,23.22222222222222,0.0,2.145555555555555,22.6657,106.2522,2.732222222222222,13.518888888888888,6,26,63,27,1970-01-21 15:07:30.706666666,1970-01-21 15:08:19.380000000,Hè,,,
Cao Bằng,Trung du miền núi Bắc Bộ,2026-06-27,25.48888888888889,30.055555555555557,23.1,30.82222222222222,35.888888888888886,27.744444444444444,12.155555555555557,12.155555555555557,0.0,18.333333333333332,89.0,7.699999999999999,21.35555555555555,19.91,1006.1444444444444,96.33333333333331,23.366666666666667,0.0,4.0088888888888885,22.6657,106.2522,11.255555555555556,13.518888888888888,6,26,63,40,1970-01-21 15:08:57.126666666,1970-01-21 15:09:45.793333333,Hè,,,
Cao Bằng,Trung du miền núi Bắc Bộ,2026-06-28,25.41111111111111,29.93333333333333,22.87777777777778,31.0,36.43333333333333,27.688888888888886,19.133333333333333,19.133333333333333,0.0,18.22222222222222,90.88888888888889,9.344444444444443,25.333333333333332,20.85555555555555,1005.1222222222224,98.33333333333331,23.666666666666668,0.0,4.155555555555555,22.6657,106.2522,10.948888888888888,13.511111111111113,6,26,63,163,1970-01-21 15:10:23.546666666,1970-01-21 15:11:12.193333333,Hè,,,
Cao Bằng,Trung du miền núi Bắc Bộ,2026-06-29,24.655555555555555,27.91111111111111,22.933333333333337,29.922222222222224,33.01111111111111,27.677777777777777,31.88888888888889,31.88888888888889,0.0,23.22222222222222,95.11111111111111,9.522222222222222,26.12222222222222,14.226666666666668,1005.0555555555557,99.77777777777776,23.77777777777778,0.0,2.7711111111111113,22.6657,106.2522,5.273333333333333,13.51,6,27,63,104,1970-01-21 15:11:49.966666666,1970-01-21 15:12:38.600000000,Hè,,,
Cao Bằng,Trung du miền núi Bắc Bộ,2026-06-30,24.177777777777777,26.922222222222224,22.64444444444444,28.95555555555556,31.72222222222222,27.0,18.577777777777776,18.577777777777776,0.0,22.22222222222222,94.0,10.122222222222222,25.866666666666667,11.635555555555555,1006.6222222222224,100.0,23.08888888888889,0.0,2.287777777777778,22.6657,106.2522,2.7555555555555555,13.508888888888889,6,27,63,115,1970-01-21 15:13:16.386666666,1970-01-21 15:14:05.000000000,Hè,,,
Cao Bằng,Trung du miền núi Bắc Bộ,2026-07-01,24.844444444444445,29.733333333333334,22.37777777777778,30.1,35.43333333333334,27.066666666666663,19.14444444444445,19.14444444444445,0.0,19.77777777777778,92.0,11.144444444444444,29.71111111111111,19.081111111111113,1007.7444444444444,98.66666666666669,23.344444444444445,0.0,3.741111111111111,22.6657,106.2522,9.323333333333332,13.501111111111111,7,27,63,92,1970-01-21 15:14:42.793333333,1970-01-21 15:15:31.406666666,Hè,,,
Cao Bằng,Trung du miền núi Bắc Bộ,2026-07-02,25.7,29.799999999999997,22.677777777777777,30.944444444444443,35.48888888888889,27.48888888888889,9.02222222222222,9.02222222222222,0.0,16.555555555555557,87.44444444444444,8.011111111111111,25.833333333333332,20.302222222222223,1008.5888888888888,81.77777777777777,23.255555555555556,0.0,4.058888888888889,22.6657,106.2522,10.695555555555556,13.498888888888889,7,27,61,76,1970-01-21 15:16:09.226666666,1970-01-21 15:16:57.806666666,Hè,,,
Cao Bằng,Trung du miền núi Bắc Bộ,2026-07-03,25.91111111111111,30.32222222222222,23.03333333333333,30.577777777777776,35.71111111111111,27.577777777777776,7.577777777777778,7.577777777777778,0.0,17.77777777777778,84.88888888888889,13.1,33.666666666666664,23.384444444444444,1007.688888888889,65.0,22.955555555555556,0.0,4.687777777777778,22.6657,106.2522,12.10888888888889,13.491111111111111,7,27,61,47,1970-01-21 15:17:35.633333333,1970-01-21 15:18:24.206666666,Hè,,,
Cao Bằng,Trung du miền núi Bắc Bộ,2026-07-04,24.866666666666667,28.988888888888887,22.666666666666668,28.877777777777776,33.56666666666667,26.366666666666667,12.5,12.5,0.0,20.444444444444443,90.11111111111111,16.844444444444445,39.93333333333333,18.51,1004.3222222222222,89.22222222222223,23.01111111111111,0.0,3.5744444444444445,22.6657,106.2522,8.898888888888889,13.488888888888887,7,27,63,37,1970-01-21 15:19:02.053333333,1970-01-21 15:19:50.606666666,Hè,,,
Cao Bằng,Trung du miền núi Bắc Bộ,2026-07-05,25.5,31.133333333333333,22.733333333333334,29.633333333333333,35.666666666666664,25.177777777777777,12.055555555555555,12.055555555555555,0.0,12.11111111111111,87.44444444444444,17.811111111111114,39.41111111111111,17.37222222222222,1002.0333333333332,96.11111111111111,22.944444444444443,0.0,3.6155555555555554,22.6657,106.2522,7.550000000000001,13.48,7,27,63,7,1970-01-21 15:20:28.486666666,1970-01-21 15:21:17.006666666,Hè,,,
Cao Bằng,Trung du miền núi Bắc Bộ,2026-07-06,25.422222222222224,28.688888888888886,23.577777777777776,30.65555555555555,34.44444444444444,28.299999999999997,11.755555555555556,11.755555555555556,0.0,14.666666666666666,92.0,9.522222222222222,26.133333333333333,17.91444444444444,1002.0333333333332,91.77777777777776,23.955555555555556,0.0,3.515555555555556,22.6657,106.2522,9.464444444444446,13.471111111111112,7,28,63,187,1970-01-21 15:21:54.906666666,1970-01-21 15:22:43.406666666,Hè,,,
Cao Bằng,Trung du miền núi Bắc Bộ,2026-07-07,26.11111111111111,30.799999999999997,23.077777777777776,31.444444444444443,36.95555555555555,27.744444444444444,6.511111111111111,6.511111111111111,0.0,16.444444444444443,87.11111111111111,8.066666666666666,24.866666666666667,20.434444444444445,1002.6111111111112,74.0,23.577777777777776,0.0,4.199999999999999,22.6657,106.2522,10.961111111111112,13.46888888888889,7,28,61,119,1970-01-21 15:23:21.326666666,1970-01-21 15:24:09.800000000,Hè,,,
Cao Bằng,Trung du miền núi Bắc Bộ,2026-07-08,24.966666666666665,29.700000000000003,23.14444444444445,30.43333333333333,35.62222222222223,28.188888888888886,15.866666666666667,15.866666666666667,0.0,12.0,92.66666666666669,7.777777777777778,22.88888888888889,17.13888888888889,1003.4777777777776,86.33333333333333,23.58888888888889,0.0,3.4122222222222223,22.6657,106.2522,7.882222222222222,13.458888888888888,7,28,63,66,1970-01-21 15:24:47.746666666,1970-01-21 15:25:36.200000000,Hè,,,
Cao Bằng,Trung du miền núi Bắc Bộ,2026-07-09,23.922222222222224,26.14444444444445,22.833333333333332,29.15555555555555,31.88888888888889,27.77777777777778,15.744444444444444,15.744444444444444,0.0,22.333333333333332,97.11111111111111,7.199999999999999,21.044444444444444,12.074444444444444,1003.7666666666668,98.55555555555556,23.433333333333337,0.0,2.3266666666666667,22.6657,106.2522,2.747777777777778,13.45,7,28,63,89,1970-01-21 15:26:14.166666666,1970-01-21 15:27:02.593333333,Hè,,,
Cao Bằng,Trung du miền núi Bắc Bộ,2026-07-10,25.533333333333335,30.477777777777774,22.64444444444445,30.84444444444445,36.45555555555555,27.444444444444443,5.877777777777777,5.877777777777777,0.0,15.333333333333334,88.44444444444444,10.9,27.444444444444443,21.354444444444443,1002.1222222222224,60.333333333333336,23.27777777777778,0.0,4.2844444444444445,22.6657,106.2522,11.675555555555556,13.44111111111111,7,28,61,94,1970-01-21 15:27:40.606666666,1970-01-21 15:28:28.993333333,Hè,,,
Cao Bằng,Trung du miền núi Bắc Bộ,2026-07-11,26.533333333333335,31.78888888888889,23.1,32.02222222222222,37.8,28.066666666666663,5.855555555555556,5.855555555555556,0.0,15.0,84.11111111111111,9.677777777777775,24.633333333333333,23.715555555555554,1000.3666666666666,42.333333333333336,23.322222222222223,0.0,4.902222222222223,22.6657,106.2522,11.378888888888888,13.431111111111113,7,28,61,72,1970-01-21 15:29:07.020000000,1970-01-21 15:29:55.380000000,Hè,,,
Cao Bằng,Trung du miền núi Bắc Bộ,2026-07-12,27.700000000000003,32.955555555555556,23.14444444444445,33.18888888888889,39.55555555555556,27.77777777777778,1.5,1.5,0.0,8.0,78.88888888888889,8.066666666666666,22.766666666666666,26.211111111111112,1000.8333333333334,56.111111111111114,23.288888888888888,0.0,5.54111111111111,22.6657,106.2522,12.644444444444444,13.423333333333334,7,28,51,38,1970-01-21 15:30:33.446666666,1970-01-21 15:31:21.773333333,Hè,,,
Cao Bằng,Trung du miền núi Bắc Bộ,2026-07-13,28.188888888888886,32.58888888888889,24.066666666666663,33.733333333333334,39.25555555555556,29.200000000000003,1.3,1.3,0.0,7.0,77.33333333333333,9.577777777777778,22.844444444444445,25.596666666666668,1002.6666666666666,39.22222222222222,23.522222222222226,0.0,5.478888888888889,22.6657,106.2522,12.748888888888889,13.413333333333334,7,29,51,156,1970-01-21 15:31:59.866666666,1970-01-21 15:32:48.160000000,Hè,,,
Cao Bằng,Trung du miền núi Bắc Bộ,2026-07-14,28.41111111111111,33.65555555555555,23.933333333333337,33.34444444444445,39.43333333333333,29.022222222222226,0.3777777777777777,0.3777777777777777,0.0,2.7777777777777777,73.88888888888889,10.755555555555556,24.4,24.21777777777778,1002.8555555555556,84.22222222222223,22.77777777777778,0.0,5.437777777777778,22.6657,106.2522,10.576666666666666,13.403333333333332,7,29,51,175,1970-01-21 15:33:26.286666666,1970-01-21 15:34:14.560000000,Hè,,,
Cao Bằng,Trung du miền núi Bắc Bộ,2026-07-15,27.477777777777774,31.622222222222224,23.944444444444443,32.77777777777778,37.06666666666667,28.64444444444445,2.788888888888889,2.788888888888889,0.0,5.777777777777778,82.66666666666667,10.144444444444444,26.4,17.832222222222224,1003.0888888888888,95.77777777777776,23.98888888888889,0.0,3.8788888888888886,22.6657,106.2522,7.985555555555556,13.393333333333334,7,29,53,112,1970-01-21 15:34:52.726666666,1970-01-21 15:35:40.940000000,Hè,,,
Cao Bằng,Trung du miền núi Bắc Bộ,2026-07-16,26.055555555555557,30.6,23.11111111111111,31.08888888888889,35.86666666666667,27.744444444444444,8.477777777777778,8.477777777777778,0.0,13.666666666666666,86.66666666666667,10.466666666666669,25.91111111111111,17.63111111111111,1002.8555555555556,79.88888888888889,23.433333333333337,0.0,3.668888888888889,22.6657,106.2522,8.697777777777778,13.383333333333333,7,29,63,112,1970-01-21 15:36:19.146666666,1970-01-21 15:37:07.333333333,Hè,,,
Cao Bằng,Trung du miền núi Bắc Bộ,2026-07-17,26.62222222222222,31.444444444444443,23.61111111111111,32.166666666666664,37.388888888888886,28.922222222222224,6.333333333333333,6.333333333333333,0.0,14.555555555555555,86.22222222222223,9.27777777777778,26.255555555555556,21.332222222222224,1002.2777777777778,65.11111111111111,23.85555555555555,0.0,4.405555555555555,22.6657,106.2522,11.737777777777778,13.371111111111112,7,29,61,61,1970-01-21 15:37:45.586666666,1970-01-21 15:38:33.720000000,Hè,,,
Cao Bằng,Trung du miền núi Bắc Bộ,2026-07-18,26.166666666666668,30.84444444444445,23.48888888888889,32.0,37.27777777777778,28.64444444444445,13.833333333333334,13.833333333333334,0.0,17.333333333333332,89.66666666666667,8.61111111111111,24.811111111111114,20.176666666666662,1002.7777777777778,84.66666666666667,24.177777777777777,0.0,4.1,22.6657,106.2522,10.632222222222222,13.36,7,29,63,85,1970-01-21 15:39:11.993333333,1970-01-21 15:40:00.100000000,Hè,,,
Cao Bằng,Trung du miền núi Bắc Bộ,2026-07-19,24.9,27.522222222222226,23.14444444444445,30.544444444444448,33.544444444444444,28.066666666666663,15.52222222222222,15.52222222222222,0.0,21.22222222222222,95.0,7.188888888888889,20.11111111111111,12.696666666666664,1004.2888888888888,100.0,24.033333333333335,0.0,2.5277777777777777,22.6657,106.2522,1.8333333333333333,13.35,7,29,63,280,1970-01-21 15:40:38.420000000,1970-01-21 15:41:26.480000000,Hè,,,
Cao Bằng,Trung du miền núi Bắc Bộ,2026-07-20,25.688888888888886,30.9,23.422222222222224,31.366666666666667,37.13333333333333,28.45555555555556,10.644444444444444,10.644444444444444,0.0,10.77777777777778,90.77777777777776,7.900000000000001,25.055555555555557,16.884444444444444,1004.3666666666666,98.11111111111111,23.85555555555555,0.0,3.464444444444444,22.6657,106.2522,6.739999999999999,13.34,7,30,63,26,1970-01-21 15:42:04.846666666,1970-01-21 15:42:52.866666666,Hè,,,
