province,region,date,temperature_2m_mean,temperature_2m_max,temperature_2m_min,apparent_temperature_mean,apparent_temperature_max,apparent_temperature_min,precipitation_sum,rain_sum,showers_sum,precipitation_hours,relative_humidity_2m_mean,wind_speed_10m_max,wind_gusts_10m_max,shortwave_radiation_sum,pressure_msl_mean,cloud_cover_mean,dew_point_2m_mean,snowfall_sum,et0_fao_evapotranspiration,latitude,longitude,sunshine_hours,daylight_hours,month,week,weather_code,wind_direction_10m_dominant,sunrise,sunset,season,uv_index_max,uv_index_clear_sky_max,precipitation_probability_max
Cà Mau,Đồng bằng sông Cửu Long,2025-07-21,28.522222222222222,32.46666666666667,24.922222222222224,32.48888888888889,35.3,28.555555555555557,2.1333333333333333,2.1333333333333333,0.0,4.777777777777778,78.22222222222223,30.311111111111114,58.46666666666667,20.915555555555557,1006.811111111111,99.88888888888889,24.033333333333335,0.0,4.997777777777777,9.2355,105.4358,9.674444444444443,12.58222222222222,7,30,53,245,1970-01-21 06:57:56.813333333,1970-01-21 06:58:42.106666666,Hè,,,
Cà Mau,Đồng bằng sông Cửu Long,2025-07-22,29.011111111111113,32.011111111111106,27.033333333333335,32.955555555555556,35.388888888888886,31.22222222222222,0.6222222222222222,0.6222222222222222,0.0,2.7777777777777777,76.77777777777777,28.900000000000002,56.2,22.925555555555555,1006.1777777777778,97.11111111111111,24.322222222222223,0.0,5.328888888888889,9.2355,105.4358,11.995555555555557,12.58,7,30,51,237,1970-01-21 06:59:23.220000000,1970-01-21 07:00:08.500000000,Hè,,,
Cà Mau,Đồng bằng sông Cửu Long,2025-07-23,29.188888888888886,32.51111111111111,27.155555555555555,33.41111111111111,36.05555555555556,31.61111111111111,0.7888888888888889,0.7888888888888889,0.0,3.111111111111111,76.33333333333333,24.933333333333334,45.900000000000006,22.945555555555554,1005.5333333333333,89.0,24.37777777777778,0.0,5.376666666666667,9.2355,105.4358,12.0,12.572222222222223,7,30,51,239,1970-01-21 07:00:49.633333333,1970-01-21 07:01:34.880000000,Hè,,,
Cà Mau,Đồng bằng sông Cửu Long,2025-07-24,29.033333333333335,32.400000000000006,26.72222222222222,33.32222222222222,35.56666666666667,32.05555555555556,0.2222222222222222,0.2222222222222222,0.0,1.2222222222222223,75.77777777777777,22.944444444444443,40.81111111111111,20.793333333333337,1006.6666666666666,98.22222222222223,24.022222222222222,0.0,5.003333333333334,9.2355,105.4358,10.607777777777777,12.567777777777778,7,30,51,256,1970-01-21 07:02:16.040000000,1970-01-21 07:03:01.280000000,Hè,,,
Cà Mau,Đồng bằng sông Cửu Long,2025-07-25,29.022222222222222,32.75555555555556,25.966666666666665,33.511111111111106,36.27777777777778,31.61111111111111,0.011111111111111112,0.011111111111111112,0.0,0.1111111111111111,76.0,23.311111111111114,41.52222222222222,23.675555555555555,1007.0222222222224,76.77777777777777,24.044444444444444,0.0,5.46,9.2355,105.4358,12.0,12.562222222222223,7,30,3,264,1970-01-21 07:03:42.440000000,1970-01-21 07:04:27.680000000,Hè,,,
Cà Mau,Đồng bằng sông Cửu Long,2025-07-26,29.122222222222224,32.36666666666667,27.11111111111111,33.599999999999994,36.43333333333333,32.166666666666664,0.6555555555555556,0.6555555555555556,0.0,3.111111111111111,77.55555555555556,24.555555555555557,44.611111111111114,21.026666666666667,1007.6666666666666,86.0,24.655555555555555,0.0,4.933333333333334,9.2355,105.4358,11.153333333333332,12.55777777777778,7,30,51,245,1970-01-21 07:05:08.860000000,1970-01-21 07:05:54.066666666,Hè,,,
Cà Mau,Đồng bằng sông Cửu Long,2025-07-27,27.866666666666667,30.466666666666665,25.766666666666666,32.31111111111111,34.18888888888889,29.988888888888887,6.233333333333333,6.233333333333333,0.0,10.666666666666666,83.88888888888889,25.2,47.18888888888889,14.326666666666666,1007.8222222222222,99.66666666666667,24.799999999999997,0.0,3.3177777777777777,9.2355,105.4358,6.444444444444445,12.55,7,30,61,240,1970-01-21 07:06:35.280000000,1970-01-21 07:07:20.460000000,Hè,,,
Cà Mau,Đồng bằng sông Cửu Long,2025-07-28,28.299999999999997,30.95555555555556,25.311111111111114,32.599999999999994,34.833333333333336,29.233333333333334,7.800000000000001,7.800000000000001,0.0,10.777777777777779,80.33333333333333,23.91111111111111,45.27777777777778,18.974444444444444,1007.3333333333334,90.11111111111111,24.48888888888889,0.0,4.286666666666666,9.2355,105.4358,10.055555555555555,12.547777777777778,7,31,63,233,1970-01-21 07:08:01.680000000,1970-01-21 07:08:46.846666666,Hè,,,
Cà Mau,Đồng bằng sông Cửu Long,2025-07-29,29.11111111111111,31.988888888888887,27.211111111111112,33.36666666666667,35.666666666666664,31.966666666666665,1.1333333333333333,1.1333333333333333,0.0,5.222222222222222,78.0,25.12222222222222,46.72222222222222,21.166666666666668,1007.1555555555556,70.33333333333333,24.711111111111112,0.0,4.947777777777778,9.2355,105.4358,11.476666666666667,12.54,7,31,51,229,1970-01-21 07:09:28.086666666,1970-01-21 07:10:13.220000000,Hè,,,
Cà Mau,Đồng bằng sông Cửu Long,2025-07-30,28.72222222222222,32.27777777777778,25.433333333333334,33.455555555555556,36.8,29.93333333333333,5.988888888888889,5.988888888888889,0.0,6.777777777777778,79.55555555555556,22.211111111111112,40.63333333333333,20.513333333333335,1008.2222222222222,74.55555555555556,24.633333333333333,0.0,4.666666666666667,9.2355,105.4358,9.908888888888889,12.532222222222222,7,31,63,241,1970-01-21 07:10:54.500000000,1970-01-21 07:11:39.620000000,Hè,,,
Cà Mau,Đồng bằng sông Cửu Long,2025-07-31,28.72222222222222,31.622222222222224,26.855555555555554,34.15555555555555,37.98888888888889,32.111111111111114,7.444444444444445,7.444444444444445,0.0,9.666666666666666,82.11111111111111,17.455555555555556,38.955555555555556,21.052222222222223,1008.1111111111111,77.33333333333333,25.255555555555556,0.0,4.481111111111111,9.2355,105.4358,12.0,12.527777777777779,7,31,63,235,1970-01-21 07:12:20.900000000,1970-01-21 07:13:06.006666666,Hè,,,
Cà Mau,Đồng bằng sông Cửu Long,2025-08-01,28.977777777777778,31.799999999999997,27.022222222222222,34.21111111111111,37.18888888888889,32.75555555555556,2.4555555555555557,2.4555555555555557,0.0,5.444444444444445,80.44444444444444,19.055555555555557,37.81111111111111,21.512222222222224,1007.4444444444445,94.77777777777777,25.133333333333333,0.0,4.705555555555556,9.2355,105.4358,12.0,12.52222222222222,8,31,61,230,1970-01-21 07:13:47.300000000,1970-01-21 07:14:32.393333333,Hè,,,
Cà Mau,Đồng bằng sông Cửu Long,2025-08-02,29.099999999999998,32.02222222222222,26.933333333333334,34.82222222222222,37.98888888888889,32.91111111111111,1.2999999999999998,1.2999999999999998,0.0,4.333333333333333,81.22222222222223,17.022222222222222,32.96666666666667,21.628888888888888,1008.0555555555555,99.22222222222223,25.4,0.0,4.645555555555556,9.2355,105.4358,11.988888888888889,12.516666666666666,8,31,51,204,1970-01-21 07:15:13.706666666,1970-01-21 07:15:58.760000000,Hè,,,
Cà Mau,Đồng bằng sông Cửu Long,2025-08-03,28.67777777777778,32.41111111111111,26.62222222222222,34.58888888888889,38.56666666666667,32.044444444444444,5.822222222222222,5.822222222222222,0.0,5.555555555555555,82.55555555555556,17.1,38.28888888888889,22.25111111111111,1009.4000000000001,79.0,25.266666666666666,0.0,4.644444444444444,9.2355,105.4358,11.88888888888889,12.507777777777777,8,31,63,216,1970-01-21 07:16:40.133333333,1970-01-21 07:17:25.160000000,Hè,,,
Cà Mau,Đồng bằng sông Cửu Long,2025-08-04,28.366666666666667,32.355555555555554,26.455555555555556,34.25555555555556,39.94444444444444,31.511111111111113,9.61111111111111,9.61111111111111,0.0,6.444444444444445,84.0,17.98888888888889,38.166666666666664,21.546666666666667,1009.4444444444445,57.888888888888886,25.299999999999997,0.0,4.5088888888888885,9.2355,105.4358,11.666666666666666,12.502222222222223,8,32,63,226,1970-01-21 07:18:06.540000000,1970-01-21 07:18:51.540000000,Hè,,,
Cà Mau,Đồng bằng sông Cửu Long,2025-08-05,28.08888888888889,32.12222222222223,25.6,33.25555555555556,37.97777777777778,30.166666666666668,10.5,10.5,0.0,6.777777777777778,83.11111111111111,17.833333333333332,35.25555555555556,20.692222222222224,1009.0777777777779,59.44444444444444,24.77777777777778,0.0,4.4,9.2355,105.4358,11.20111111111111,12.496666666666666,8,32,63,210,1970-01-21 07:19:32.940000000,1970-01-21 07:20:17.920000000,Hè,,,
Cà Mau,Đồng bằng sông Cửu Long,2025-08-06,27.433333333333334,31.61111111111111,25.311111111111114,32.855555555555554,37.68888888888889,30.377777777777776,12.11111111111111,12.11111111111111,0.0,7.0,83.77777777777777,15.466666666666665,32.955555555555556,19.546666666666667,1009.0,96.33333333333333,24.288888888888888,0.0,4.068888888888889,9.2355,105.4358,10.06,12.487777777777778,8,32,63,210,1970-01-21 07:20:59.346666666,1970-01-21 07:21:44.300000000,Hè,,,
Cà Mau,Đồng bằng sông Cửu Long,2025-08-07,28.12222222222222,31.88888888888889,25.922222222222224,34.01111111111111,38.766666666666666,31.555555555555557,7.822222222222223,7.822222222222223,0.0,4.777777777777778,81.77777777777777,14.266666666666667,32.87777777777777,21.78222222222222,1009.4111111111112,71.22222222222223,24.58888888888889,0.0,4.514444444444444,9.2355,105.4358,11.25,12.482222222222223,8,32,63,203,1970-01-21 07:22:25.746666666,1970-01-21 07:23:10.686666666,Hè,,,
Cà Mau,Đồng bằng sông Cửu Long,2025-08-08,28.577777777777776,32.47777777777778,25.711111111111112,34.455555555555556,39.34444444444445,31.71111111111111,4.233333333333333,4.233333333333333,0.0,2.3333333333333335,79.11111111111111,12.0,27.0,21.757777777777775,1010.0,63.0,24.322222222222223,0.0,4.663333333333333,9.2355,105.4358,11.2,12.476666666666667,8,32,63,253,1970-01-21 07:23:52.146666666,1970-01-21 07:24:37.066666666,Hè,,,
Cà Mau,Đồng bằng sông Cửu Long,2025-08-09,27.555555555555557,30.366666666666667,25.566666666666666,32.44444444444444,35.27777777777778,29.78888888888889,13.255555555555555,13.255555555555555,0.0,9.444444444444445,83.0,17.033333333333335,35.36666666666667,17.215555555555554,1010.2555555555555,99.66666666666667,24.355555555555554,0.0,3.626666666666667,9.2355,105.4358,9.822222222222223,12.467777777777778,8,32,63,271,1970-01-21 07:25:18.560000000,1970-01-21 07:26:03.440000000,Hè,,,
Cà Mau,Đồng bằng sông Cửu Long,2025-08-10,26.566666666666666,29.811111111111114,24.08888888888889,30.988888888888887,35.077777777777776,27.477777777777774,24.655555555555555,24.655555555555555,0.0,13.0,87.33333333333333,23.12222222222222,45.84444444444445,17.16444444444444,1009.188888888889,98.55555555555556,24.244444444444444,0.0,3.4444444444444446,9.2355,105.4358,8.508888888888889,12.462222222222223,8,32,65,257,1970-01-21 07:26:44.960000000,1970-01-21 07:27:29.826666666,Hè,,,
Cà Mau,Đồng bằng sông Cửu Long,2025-08-11,26.88888888888889,29.82222222222222,24.811111111111114,30.72222222222222,34.15555555555555,27.977777777777778,9.955555555555556,9.955555555555556,0.0,11.777777777777779,83.11111111111111,23.1,44.888888888888886,19.04222222222222,1008.311111111111,94.44444444444444,23.688888888888886,0.0,3.9711111111111115,9.2355,105.4358,9.350000000000001,12.453333333333333,8,33,63,260,1970-01-21 07:28:11.360000000,1970-01-21 07:28:56.193333333,Hè,,,
Cà Mau,Đồng bằng sông Cửu Long,2025-08-12,27.144444444444446,30.299999999999997,24.566666666666666,31.22222222222222,34.422222222222224,28.311111111111114,3.1888888888888887,3.1888888888888887,0.0,6.777777777777778,80.33333333333333,20.88888888888889,39.41111111111111,17.165555555555557,1008.3333333333334,95.77777777777777,23.37777777777778,0.0,3.8000000000000003,9.2355,105.4358,8.128888888888888,12.446666666666665,8,33,51,251,1970-01-21 07:29:37.760000000,1970-01-21 07:30:22.580000000,Hè,,,
Cà Mau,Đồng bằng sông Cửu Long,2025-08-13,26.58888888888889,28.866666666666667,24.788888888888888,30.577777777777776,32.766666666666666,28.4,12.533333333333333,12.533333333333333,0.0,10.777777777777779,84.22222222222223,21.966666666666665,44.44444444444444,14.181111111111111,1009.1777777777778,98.55555555555556,23.72222222222222,0.0,3.0055555555555555,9.2355,105.4358,6.976666666666667,12.437777777777777,8,33,63,253,1970-01-21 07:31:04.160000000,1970-01-21 07:31:48.953333333,Hè,,,
Cà Mau,Đồng bằng sông Cửu Long,2025-08-14,26.844444444444445,29.22222222222222,25.066666666666666,30.733333333333334,33.06666666666667,28.688888888888886,11.377777777777778,11.377777777777778,0.0,11.666666666666666,84.0,23.844444444444445,48.0,15.360000000000001,1008.1555555555556,99.0,23.866666666666667,0.0,3.2766666666666664,9.2355,105.4358,7.353333333333334,12.433333333333332,8,33,63,268,1970-01-21 07:32:30.560000000,1970-01-21 07:33:15.320000000,Hè,,,
Cà Mau,Đồng bằng sông Cửu Long,2025-08-15,25.37777777777778,27.144444444444442,24.077777777777776,29.32222222222222,31.15555555555555,27.211111111111112,27.355555555555554,27.355555555555554,0.0,23.11111111111111,91.55555555555556,22.200000000000003,42.922222222222224,10.742222222222223,1006.6111111111111,99.88888888888889,23.855555555555554,0.0,2.1255555555555556,9.2355,105.4358,3.4766666666666666,12.426666666666668,8,33,63,256,1970-01-21 07:33:56.966666666,1970-01-21 07:34:41.713333333,Hè,,,
Cà Mau,Đồng bằng sông Cửu Long,2025-08-16,24.98888888888889,25.677777777777777,24.255555555555556,28.65555555555555,30.311111111111114,27.38888888888889,27.255555555555556,27.255555555555556,0.0,21.444444444444443,92.11111111111111,21.644444444444446,39.91111111111111,5.542222222222223,1007.2222222222222,100.0,23.577777777777776,0.0,1.2944444444444445,9.2355,105.4358,0.02888888888888889,12.41777777777778,8,33,63,259,1970-01-21 07:35:23.366666666,1970-01-21 07:36:08.080000000,Hè,,,
Cà Mau,Đồng bằng sông Cửu Long,2025-08-17,26.177777777777777,28.45555555555556,24.866666666666667,30.38888888888889,32.74444444444444,28.766666666666666,7.0,7.0,0.0,9.333333333333334,85.55555555555556,20.422222222222224,44.03333333333333,13.175555555555555,1009.0,96.0,23.555555555555557,0.0,2.776666666666667,9.2355,105.4358,5.182222222222222,12.412222222222223,8,33,63,269,1970-01-21 07:36:49.766666666,1970-01-21 07:37:34.453333333,Hè,,,
Cà Mau,Đồng bằng sông Cửu Long,2025-08-18,27.255555555555556,30.84444444444445,24.544444444444444,32.422222222222224,36.87777777777777,28.877777777777776,3.0888888888888886,3.0888888888888886,0.0,5.333333333333333,82.44444444444444,13.277777777777779,29.577777777777776,20.41444444444444,1010.0999999999999,82.44444444444444,23.88888888888889,0.0,4.253333333333334,9.2355,105.4358,11.411111111111111,12.403333333333332,8,34,63,234,1970-01-21 07:38:16.166666666,1970-01-21 07:39:00.833333333,Hè,,,
Cà Mau,Đồng bằng sông Cửu Long,2025-08-19,27.91111111111111,31.333333333333332,25.27777777777778,33.36666666666667,37.53333333333333,30.41111111111111,5.722222222222222,5.722222222222222,0.0,5.888888888888889,81.66666666666667,14.122222222222224,32.12222222222223,22.765555555555554,1010.2000000000002,37.333333333333336,24.311111111111114,0.0,4.696666666666667,9.2355,105.4358,12.0,12.396666666666668,8,34,63,237,1970-01-21 07:39:42.566666666,1970-01-21 07:40:27.200000000,Hè,,,
Cà Mau,Đồng bằng sông Cửu Long,2025-08-20,28.488888888888887,32.422222222222224,25.644444444444442,33.611111111111114,37.72222222222222,31.122222222222224,0.5777777777777778,0.5777777777777778,0.0,1.7777777777777777,76.88888888888889,14.866666666666667,28.211111111111112,22.95111111111111,1009.3777777777777,61.44444444444444,23.688888888888886,0.0,5.097777777777778,9.2355,105.4358,11.254444444444445,12.386666666666667,8,34,51,253,1970-01-21 07:41:08.966666666,1970-01-21 07:41:53.573333333,Hè,,,
Cà Mau,Đồng bằng sông Cửu Long,2025-08-21,26.11111111111111,27.688888888888886,24.711111111111112,31.033333333333335,32.96666666666667,28.82222222222222,18.355555555555554,18.355555555555554,0.0,16.333333333333332,89.11111111111111,15.444444444444445,29.71111111111111,7.489999999999999,1010.4222222222221,99.88888888888889,24.166666666666668,0.0,1.7044444444444444,9.2355,105.4358,0.18777777777777777,12.38,8,34,63,224,1970-01-21 07:42:35.366666666,1970-01-21 07:43:19.940000000,Hè,,,
Cà Mau,Đồng bằng sông Cửu Long,2025-08-22,27.27777777777778,30.533333333333335,24.788888888888888,32.18888888888889,35.94444444444444,30.022222222222222,4.411111111111111,4.411111111111111,0.0,8.777777777777779,81.55555555555556,16.066666666666666,32.955555555555556,20.401111111111113,1010.0333333333333,77.0,23.711111111111112,0.0,4.283333333333333,9.2355,105.4358,11.885555555555555,12.373333333333333,8,34,61,214,1970-01-21 07:44:01.760000000,1970-01-21 07:44:46.313333333,Hè,,,
Cà Mau,Đồng bằng sông Cửu Long,2025-08-23,27.87777777777778,31.21111111111111,25.400000000000002,32.644444444444446,36.400000000000006,30.799999999999997,3.7222222222222223,3.7222222222222223,0.0,6.222222222222222,78.77777777777777,17.333333333333332,37.0,21.323333333333334,1009.188888888889,76.0,23.711111111111112,0.0,4.612222222222222,9.2355,105.4358,10.838888888888889,12.363333333333333,8,34,61,254,1970-01-21 07:45:28.160000000,1970-01-21 07:46:12.680000000,Hè,,,
Cà Mau,Đồng bằng sông Cửu Long,2025-08-24,27.177777777777777,29.65555555555555,24.1,30.733333333333334,33.43333333333333,26.9,9.244444444444445,9.244444444444445,0.0,12.333333333333334,80.66666666666667,26.866666666666667,51.166666666666664,19.80777777777778,1008.4777777777776,99.88888888888889,23.5,0.0,4.263333333333333,9.2355,105.4358,9.671111111111111,12.356666666666666,8,34,61,256,1970-01-21 07:46:54.560000000,1970-01-21 07:47:39.053333333,Hè,,,
Cà Mau,Đồng bằng sông Cửu Long,2025-08-25,27.5,29.922222222222224,24.522222222222222,31.011111111111113,33.55555555555556,27.477777777777778,7.311111111111111,7.311111111111111,0.0,9.444444444444445,80.11111111111111,28.044444444444444,53.544444444444444,17.492222222222225,1007.7222222222222,99.55555555555556,23.711111111111112,0.0,3.9755555555555557,9.2355,105.4358,8.855555555555556,12.348888888888888,8,35,63,231,1970-01-21 07:48:20.960000000,1970-01-21 07:49:05.420000000,Hè,,,
Cà Mau,Đồng bằng sông Cửu Long,2025-08-26,27.944444444444443,30.599999999999998,25.977777777777778,32.36666666666667,35.099999999999994,30.28888888888889,2.5555555555555554,2.5555555555555554,0.0,6.0,79.88888888888889,20.58888888888889,41.955555555555556,18.71333333333333,1009.2333333333333,97.22222222222223,24.08888888888889,0.0,4.154444444444445,9.2355,105.4358,11.087777777777779,12.341111111111111,8,35,53,219,1970-01-21 07:49:47.360000000,1970-01-21 07:50:31.793333333,Hè,,,
Cà Mau,Đồng bằng sông Cửu Long,2025-08-27,27.855555555555554,31.34444444444445,25.444444444444443,32.84444444444445,36.833333333333336,30.744444444444444,1.7555555555555555,1.7555555555555555,0.0,4.666666666666667,81.11111111111111,18.07777777777778,37.47777777777778,19.1,1009.5666666666667,93.55555555555556,24.133333333333333,0.0,4.193333333333333,9.2355,105.4358,9.767777777777777,12.333333333333334,8,35,51,256,1970-01-21 07:51:13.760000000,1970-01-21 07:51:58.153333333,Hè,,,
Cà Mau,Đồng bằng sông Cửu Long,2025-08-28,27.322222222222223,29.922222222222224,25.200000000000003,30.977777777777778,33.63333333333333,28.855555555555554,4.177777777777778,4.177777777777778,0.0,9.777777777777779,82.11111111111111,25.666666666666668,50.43333333333333,17.977777777777778,1009.0,96.22222222222223,23.944444444444443,0.0,3.9922222222222223,9.2355,105.4358,8.805555555555555,12.323333333333332,8,35,61,268,1970-01-21 07:52:40.153333333,1970-01-21 07:53:24.533333333,Hè,,,
Cà Mau,Đồng bằng sông Cửu Long,2025-08-29,27.255555555555556,30.744444444444444,25.644444444444446,30.93333333333333,34.37777777777777,29.34444444444445,3.8333333333333335,3.8333333333333335,0.0,12.555555555555555,83.22222222222223,27.155555555555555,50.72222222222222,16.93,1008.5777777777779,99.88888888888889,24.08888888888889,0.0,3.8000000000000003,9.2355,105.4358,8.04,12.316666666666668,8,35,53,265,1970-01-21 07:54:06.553333333,1970-01-21 07:54:50.893333333,Hè,,,
Cà Mau,Đồng bằng sông Cửu Long,2025-08-30,26.87777777777778,29.622222222222224,24.977777777777778,30.61111111111111,33.81111111111111,28.155555555555555,8.033333333333333,8.033333333333333,0.0,11.222222222222221,84.44444444444444,25.177777777777777,49.888888888888886,17.273333333333333,1007.9888888888888,100.0,24.01111111111111,0.0,3.644444444444444,9.2355,105.4358,8.38888888888889,12.30888888888889,8,35,61,254,1970-01-21 07:55:32.953333333,1970-01-21 07:56:17.260000000,Hè,,,
Cà Mau,Đồng bằng sông Cửu Long,2025-08-31,26.688888888888886,29.444444444444443,24.77777777777778,30.833333333333332,34.03333333333333,28.58888888888889,14.988888888888889,14.988888888888889,0.0,11.333333333333334,86.22222222222223,22.57777777777778,47.2,16.817777777777778,1007.6555555555556,89.77777777777777,24.177777777777777,0.0,3.4055555555555554,9.2355,105.4358,8.777777777777779,12.3,8,35,63,255,1970-01-21 07:56:59.346666666,1970-01-21 07:57:43.633333333,Hè,,,
Cà Mau,Đồng bằng sông Cửu Long,2025-09-01,26.62222222222222,30.06666666666667,25.0,31.15555555555555,34.81111111111111,28.733333333333334,17.72222222222222,17.72222222222222,0.0,18.666666666666668,87.88888888888889,20.677777777777777,43.15555555555555,13.932222222222222,1007.3888888888889,100.0,24.4,0.0,2.9322222222222223,9.2355,105.4358,5.115555555555556,12.293333333333333,9,36,63,252,1970-01-21 07:58:25.746666666,1970-01-21 07:59:09.986666666,Thu,,,
Cà Mau,Đồng bằng sông Cửu Long,2025-09-02,26.37777777777778,28.84444444444445,24.62222222222222,30.799999999999997,32.27777777777778,28.633333333333333,5.233333333333333,5.233333333333333,0.0,15.666666666666666,88.66666666666667,20.62222222222222,36.56666666666666,9.001111111111111,1008.0444444444444,100.0,24.288888888888888,0.0,2.123333333333333,9.2355,105.4358,2.2244444444444444,12.283333333333333,9,36,55,253,1970-01-21 07:59:52.146666666,1970-01-21 08:00:36.373333333,Thu,,,
Cà Mau,Đồng bằng sông Cửu Long,2025-09-03,26.833333333333332,29.877777777777776,24.27777777777778,30.91111111111111,33.82222222222222,27.811111111111114,11.333333333333334,11.333333333333334,0.0,12.333333333333334,85.33333333333333,22.133333333333333,43.21111111111111,17.795555555555556,1008.2222222222222,96.0,24.022222222222222,0.0,3.728888888888889,9.2355,105.4358,9.927777777777777,12.276666666666666,9,36,63,266,1970-01-21 08:01:18.546666666,1970-01-21 08:02:02.720000000,Thu,,,
Cà Mau,Đồng bằng sông Cửu Long,2025-09-04,27.01111111111111,29.944444444444443,24.844444444444445,31.477777777777778,34.48888888888889,28.900000000000002,7.122222222222222,7.122222222222222,0.0,10.666666666666666,85.11111111111111,18.977777777777778,35.7,17.78,1007.8555555555554,96.66666666666667,24.244444444444444,0.0,3.6955555555555555,9.2355,105.4358,10.872222222222222,12.268888888888888,9,36,63,254,1970-01-21 08:02:44.940000000,1970-01-21 08:03:29.100000000,Thu,,,
Cà Mau,Đồng bằng sông Cửu Long,2025-09-05,27.477777777777778,30.41111111111111,25.322222222222223,32.111111111111114,35.955555555555556,29.65555555555555,7.644444444444444,7.644444444444444,0.0,8.555555555555555,83.11111111111111,18.200000000000003,35.233333333333334,19.58555555555556,1008.0888888888888,86.33333333333333,24.311111111111114,0.0,4.092222222222222,9.2355,105.4358,11.627777777777778,12.26,9,36,63,252,1970-01-21 08:04:11.333333333,1970-01-21 08:04:55.453333333,Thu,,,
Cà Mau,Đồng bằng sông Cửu Long,2025-09-06,27.533333333333335,30.188888888888886,25.566666666666666,32.266666666666666,35.08888888888889,30.077777777777776,7.655555555555556,7.655555555555556,0.0,8.0,83.44444444444444,19.41111111111111,39.02222222222222,18.39333333333333,1008.5222222222224,98.11111111111111,24.4,0.0,3.8600000000000003,9.2355,105.4358,10.901111111111112,12.251111111111111,9,36,63,242,1970-01-21 08:05:37.720000000,1970-01-21 08:06:21.833333333,Thu,,,
Cà Mau,Đồng bằng sông Cửu Long,2025-09-07,26.788888888888888,30.21111111111111,25.38888888888889,31.54444444444444,34.55555555555556,29.488888888888887,19.211111111111112,19.211111111111112,0.0,13.88888888888889,86.88888888888889,19.755555555555556,39.233333333333334,13.636666666666667,1009.1222222222223,99.0,24.37777777777778,0.0,2.861111111111111,9.2355,105.4358,6.126666666666667,12.243333333333332,9,36,63,222,1970-01-21 08:07:04.113333333,1970-01-21 08:07:48.193333333,Thu,,,
Cà Mau,Đồng bằng sông Cửu Long,2025-09-08,26.822222222222223,29.533333333333335,25.544444444444444,31.866666666666667,34.13333333333333,30.38888888888889,17.01111111111111,17.01111111111111,0.0,9.222222222222221,88.11111111111111,18.0,39.43333333333334,12.148888888888889,1009.5,99.66666666666667,24.6,0.0,2.59,9.2355,105.4358,5.395555555555556,12.236666666666666,9,37,65,206,1970-01-21 08:08:30.500000000,1970-01-21 08:09:14.553333333,Thu,,,
Cà Mau,Đồng bằng sông Cửu Long,2025-09-09,26.733333333333334,29.633333333333333,25.344444444444445,31.933333333333337,34.68888888888889,30.27777777777778,7.611111111111111,7.611111111111111,0.0,11.777777777777779,87.22222222222223,17.37777777777778,35.888888888888886,15.243333333333332,1010.688888888889,100.0,24.366666666666664,0.0,3.104444444444445,9.2355,105.4358,6.651111111111111,12.22888888888889,9,37,61,206,1970-01-21 08:09:56.900000000,1970-01-21 08:10:40.933333333,Thu,,,
Cà Mau,Đồng bằng sông Cửu Long,2025-09-10,27.577777777777776,31.5,25.211111111111112,33.666666666666664,38.58888888888889,31.133333333333333,4.811111111111111,4.811111111111111,0.0,3.7777777777777777,83.88888888888889,12.777777777777779,29.422222222222224,20.558888888888887,1010.0,96.44444444444444,24.444444444444443,0.0,4.216666666666667,9.2355,105.4358,9.982222222222223,12.22,9,37,63,221,1970-01-21 08:11:23.293333333,1970-01-21 08:12:07.273333333,Thu,,,
Cà Mau,Đồng bằng sông Cửu Long,2025-09-11,27.12222222222222,31.811111111111114,24.822222222222223,32.93333333333333,38.666666666666664,30.022222222222222,13.244444444444445,13.244444444444445,0.0,10.444444444444445,86.66666666666667,11.977777777777778,27.188888888888886,19.293333333333333,1009.2999999999998,85.77777777777777,24.544444444444444,0.0,3.933333333333333,9.2355,105.4358,9.628888888888888,12.21,9,37,63,320,1970-01-21 08:12:49.693333333,1970-01-21 08:13:33.653333333,Thu,,,
Cà Mau,Đồng bằng sông Cửu Long,2025-09-12,26.066666666666666,30.766666666666666,24.155555555555555,31.233333333333334,37.44444444444444,28.82222222222222,31.377777777777776,31.377777777777776,0.0,12.444444444444445,89.0,18.066666666666666,36.2,15.776666666666667,1009.4000000000001,94.0,24.01111111111111,0.0,3.1666666666666665,9.2355,105.4358,6.805555555555555,12.2,9,37,65,58,1970-01-21 08:14:16.086666666,1970-01-21 08:15:00.013333333,Thu,,,
Cà Mau,Đồng bằng sông Cửu Long,2025-09-13,26.022222222222222,29.055555555555557,24.51111111111111,31.377777777777776,34.855555555555554,29.77777777777778,20.844444444444445,20.844444444444445,0.0,18.0,88.33333333333333,12.2,26.344444444444445,14.349999999999998,1009.7999999999998,99.77777777777777,23.87777777777778,0.0,2.893333333333333,9.2355,105.4358,5.944444444444445,12.19111111111111,9,37,63,119,1970-01-21 08:15:42.486666666,1970-01-21 08:16:26.366666666,Thu,,,
Cà Mau,Đồng bằng sông Cửu Long,2025-09-14,26.166666666666668,28.71111111111111,24.51111111111111,31.233333333333334,33.766666666666666,28.811111111111114,11.222222222222221,11.222222222222221,0.0,12.88888888888889,88.33333333333333,13.877777777777778,30.977777777777778,12.155555555555557,1010.5,100.0,24.022222222222222,0.0,2.522222222222222,9.2355,105.4358,3.517777777777778,12.183333333333332,9,37,63,247,1970-01-21 08:17:08.886666666,1970-01-21 08:17:52.740000000,Thu,,,
Cà Mau,Đồng bằng sông Cửu Long,2025-09-15,27.48888888888889,31.28888888888889,25.066666666666666,33.02222222222222,36.97777777777778,30.599999999999998,7.8999999999999995,7.8999999999999995,0.0,8.222222222222221,82.88888888888889,14.633333333333333,32.422222222222224,20.552222222222223,1010.3777777777777,89.88888888888889,24.155555555555555,0.0,4.239999999999999,9.2355,105.4358,11.245555555555557,12.178888888888888,9,38,63,223,1970-01-21 08:18:35.266666666,1970-01-21 08:19:19.093333333,Thu,,,
Cà Mau,Đồng bằng sông Cửu Long,2025-09-16,28.12222222222222,31.555555555555557,25.677777777777777,33.15555555555555,35.97777777777778,30.866666666666667,0.8777777777777778,0.8777777777777778,0.0,3.111111111111111,80.77777777777777,19.644444444444446,39.97777777777778,17.78666666666667,1009.5999999999999,95.0,24.344444444444445,0.0,3.9577777777777783,9.2355,105.4358,8.277777777777779,12.17,9,38,51,261,1970-01-21 08:20:01.660000000,1970-01-21 08:20:45.460000000,Thu,,,
Cà Mau,Đồng bằng sông Cửu Long,2025-09-17,27.211111111111112,29.900000000000002,25.822222222222223,31.833333333333332,34.58888888888889,29.966666666666665,11.777777777777779,11.777777777777779,0.0,10.0,84.88888888888889,22.299999999999997,44.67777777777778,16.051111111111112,1008.7111111111111,88.22222222222223,24.4,0.0,3.328888888888889,9.2355,105.4358,9.092222222222222,12.16,9,38,63,260,1970-01-21 08:21:28.046666666,1970-01-21 08:22:11.833333333,Thu,,,
Cà Mau,Đồng bằng sông Cửu Long,2025-09-18,25.733333333333334,27.51111111111111,24.266666666666666,29.977777777777778,32.24444444444444,27.666666666666668,31.88888888888889,31.88888888888889,0.0,17.444444444444443,91.55555555555556,22.533333333333335,45.044444444444444,10.865555555555556,1008.6999999999999,98.33333333333333,24.266666666666666,0.0,2.0966666666666667,9.2355,105.4358,3.81,12.15,9,38,63,260,1970-01-21 08:22:54.433333333,1970-01-21 08:23:38.180000000,Thu,,,
Cà Mau,Đồng bằng sông Cửu Long,2025-09-19,27.200000000000003,30.733333333333334,24.822222222222223,31.41111111111111,34.21111111111111,28.577777777777776,3.3,3.3,0.0,9.11111111111111,82.33333333333333,20.22222222222222,42.166666666666664,17.54222222222222,1009.7777777777778,93.11111111111111,23.744444444444444,0.0,3.8322222222222226,9.2355,105.4358,8.32,12.14,9,38,61,260,1970-01-21 08:24:20.833333333,1970-01-21 08:25:04.553333333,Thu,,,
Cà Mau,Đồng bằng sông Cửu Long,2025-09-20,28.344444444444445,32.2,25.788888888888888,33.166666666666664,36.955555555555556,31.244444444444444,0.4666666666666667,0.4666666666666667,0.0,2.111111111111111,78.33333333333333,19.633333333333333,36.36666666666667,22.24888888888889,1009.2666666666667,77.88888888888889,23.966666666666665,0.0,4.943333333333333,9.2355,105.4358,11.398888888888889,12.13,9,38,51,249,1970-01-21 08:25:47.233333333,1970-01-21 08:26:30.913333333,Thu,,,
Cà Mau,Đồng bằng sông Cửu Long,2025-09-21,28.577777777777776,32.23333333333333,25.966666666666665,33.111111111111114,36.48888888888889,31.06666666666667,0.35555555555555557,0.35555555555555557,0.0,2.2222222222222223,77.33333333333333,22.455555555555556,42.52222222222222,21.662222222222223,1008.4666666666667,87.55555555555556,24.022222222222222,0.0,4.917777777777777,9.2355,105.4358,10.824444444444445,12.13,9,38,51,256,1970-01-21 08:27:13.633333333,1970-01-21 08:27:57.273333333,Thu,,,
Cà Mau,Đồng bằng sông Cửu Long,2025-09-22,28.155555555555555,31.055555555555557,26.433333333333334,32.27777777777778,34.422222222222224,30.95555555555556,2.6333333333333333,2.6333333333333333,0.0,2.4444444444444446,76.77777777777777,22.566666666666666,40.233333333333334,13.416666666666666,1008.9888888888888,99.0,23.51111111111111,0.0,3.4844444444444442,9.2355,105.4358,4.924444444444444,12.12,9,39,61,269,1970-01-21 08:28:40.026666666,1970-01-21 08:29:23.646666666,Thu,,,
Cà Mau,Đồng bằng sông Cửu Long,2025-09-23,28.433333333333334,31.555555555555557,26.366666666666667,31.922222222222224,33.82222222222222,30.633333333333333,0.022222222222222223,0.022222222222222223,0.0,0.2222222222222222,72.88888888888889,25.344444444444445,45.2,18.178888888888892,1008.4555555555556,90.11111111111111,22.9,0.0,4.596666666666667,9.2355,105.4358,9.678888888888888,12.11,9,39,3,265,1970-01-21 08:30:06.426666666,1970-01-21 08:30:49.993333333,Thu,,,
Cà Mau,Đồng bằng sông Cửu Long,2025-09-24,28.166666666666668,30.488888888888887,26.8,32.2,34.422222222222224,31.122222222222224,1.7111111111111112,1.7111111111111112,0.0,5.111111111111111,78.33333333333333,23.266666666666666,46.400000000000006,16.795555555555556,1007.0555555555555,98.22222222222223,23.977777777777778,0.0,3.981111111111111,9.2355,105.4358,9.192222222222222,12.1,9,39,55,259,1970-01-21 08:31:32.820000000,1970-01-21 08:32:16.380000000,Thu,,,
Cà Mau,Đồng bằng sông Cửu Long,2025-09-25,27.58888888888889,30.033333333333335,25.133333333333333,31.28888888888889,33.72222222222222,28.755555555555556,4.311111111111111,4.311111111111111,0.0,9.444444444444445,81.11111111111111,25.155555555555555,47.67777777777778,15.256666666666668,1007.8666666666666,99.66666666666667,23.977777777777774,0.0,3.5888888888888886,9.2355,105.4358,7.702222222222222,12.09,9,39,61,252,1970-01-21 08:32:59.206666666,1970-01-21 08:33:42.733333333,Thu,,,
Cà Mau,Đồng bằng sông Cửu Long,2025-09-26,26.655555555555555,28.27777777777778,25.444444444444443,30.966666666666665,32.31111111111111,29.08888888888889,3.9777777777777774,3.9777777777777774,0.0,11.0,85.88888888888889,21.87777777777778,40.233333333333334,11.326666666666666,1009.2333333333333,100.0,24.077777777777776,0.0,2.477777777777778,9.2355,105.4358,2.358888888888889,12.08,9,39,53,261,1970-01-21 08:34:25.606666666,1970-01-21 08:35:09.106666666,Thu,,,
Cà Mau,Đồng bằng sông Cửu Long,2025-09-27,26.22222222222222,30.15555555555555,24.6,30.011111111111113,34.333333333333336,27.744444444444444,18.266666666666666,18.266666666666666,0.0,18.77777777777778,87.88888888888889,26.01111111111111,51.81111111111111,15.273333333333333,1008.9222222222221,96.33333333333333,24.01111111111111,0.0,3.076666666666666,9.2355,105.4358,6.800000000000001,12.076666666666666,9,39,63,270,1970-01-21 08:35:51.993333333,1970-01-21 08:36:35.473333333,Thu,,,
Cà Mau,Đồng bằng sông Cửu Long,2025-09-28,26.555555555555557,29.166666666666668,24.677777777777777,30.399999999999995,33.044444444444444,28.355555555555554,12.711111111111112,12.711111111111112,0.0,17.77777777777778,86.33333333333333,24.966666666666665,48.18888888888889,15.456666666666669,1007.5,97.11111111111111,24.033333333333335,0.0,3.171111111111111,9.2355,105.4358,6.654444444444445,12.07,9,39,63,250,1970-01-21 08:37:18.386666666,1970-01-21 08:38:01.826666666,Thu,,,
Cà Mau,Đồng bằng sông Cửu Long,2025-09-29,26.255555555555556,28.93333333333333,24.58888888888889,30.233333333333334,32.94444444444444,28.211111111111112,25.966666666666665,25.966666666666665,0.0,18.333333333333332,87.55555555555556,23.37777777777778,46.17777777777778,14.858888888888892,1008.8555555555554,99.88888888888889,23.98888888888889,0.0,3.01,9.2355,105.4358,8.17,12.06,9,40,63,215,1970-01-21 08:38:44.780000000,1970-01-21 08:39:28.206666666,Thu,,,
Cà Mau,Đồng bằng sông Cửu Long,2025-09-30,27.033333333333335,30.522222222222222,24.344444444444445,32.044444444444444,36.02222222222222,28.577777777777776,7.833333333333333,7.833333333333333,0.0,9.666666666666666,84.55555555555556,17.155555555555555,35.53333333333333,18.804444444444442,1010.0444444444444,97.55555555555556,24.044444444444444,0.0,3.897777777777778,9.2355,105.4358,8.227777777777778,12.05,9,40,63,181,1970-01-21 08:40:11.173333333,1970-01-21 08:40:54.553333333,Thu,,,
Cà Mau,Đồng bằng sông Cửu Long,2025-10-01,27.38888888888889,31.033333333333335,25.144444444444446,33.06666666666667,37.77777777777778,30.43333333333333,6.466666666666666,6.466666666666666,0.0,6.111111111111111,83.22222222222223,10.577777777777778,26.755555555555556,20.522222222222222,1010.2999999999998,61.111111111111114,24.044444444444444,0.0,4.23,9.2355,105.4358,11.463333333333333,12.04,10,40,63,100,1970-01-21 08:41:37.573333333,1970-01-21 08:42:20.926666666,Thu,,,
Cà Mau,Đồng bằng sông Cửu Long,2025-10-02,27.544444444444444,31.43333333333333,25.01111111111111,33.55555555555556,39.111111111111114,30.56666666666667,2.2777777777777777,2.2777777777777777,0.0,3.2222222222222223,82.88888888888889,11.033333333333335,26.98888888888889,23.052222222222223,1010.3666666666666,32.77777777777778,24.188888888888886,0.0,4.661111111111111,9.2355,105.4358,11.75,12.03,10,40,63,38,1970-01-21 08:43:03.973333333,1970-01-21 08:43:47.293333333,Thu,,,
Cà Mau,Đồng bằng sông Cửu Long,2025-10-03,27.544444444444444,30.78888888888889,25.11111111111111,33.144444444444446,37.56666666666667,30.188888888888886,9.577777777777778,9.577777777777778,0.0,7.777777777777778,81.55555555555556,14.700000000000001,29.833333333333332,21.41888888888889,1011.0,93.0,23.977777777777778,0.0,4.381111111111111,9.2355,105.4358,11.302222222222222,12.023333333333333,10,40,63,166,1970-01-21 08:44:30.373333333,1970-01-21 08:45:13.653333333,Thu,,,
Cà Mau,Đồng bằng sông Cửu Long,2025-10-04,28.01111111111111,31.366666666666667,25.677777777777777,33.41111111111111,37.12222222222223,30.299999999999997,4.388888888888889,4.388888888888889,0.0,5.666666666666667,79.44444444444444,16.255555555555556,32.544444444444444,21.571111111111108,1011.2999999999998,81.77777777777777,23.955555555555556,0.0,4.518888888888889,9.2355,105.4358,11.627777777777778,12.016666666666666,10,40,61,219,1970-01-21 08:45:56.773333333,1970-01-21 08:46:40.026666666,Thu,,,
Cà Mau,Đồng bằng sông Cửu Long,2025-10-05,28.38888888888889,32.077777777777776,25.833333333333332,33.388888888888886,36.87777777777777,31.28888888888889,0.13333333333333336,0.13333333333333336,0.0,0.4444444444444444,78.22222222222223,16.055555555555557,30.633333333333333,20.304444444444446,1011.5111111111112,85.66666666666667,23.933333333333334,0.0,4.54111111111111,9.2355,105.4358,11.192222222222222,12.01,10,40,3,231,1970-01-21 08:47:23.173333333,1970-01-21 08:48:06.380000000,Thu,,,
Cà Mau,Đồng bằng sông Cửu Long,2025-10-06,28.466666666666665,32.400000000000006,25.788888888888888,33.544444444444444,36.77777777777778,31.54444444444444,0.3333333333333333,0.3333333333333333,0.0,2.111111111111111,79.11111111111111,18.48888888888889,35.12222222222223,22.89333333333333,1011.1555555555556,92.44444444444444,24.08888888888889,0.0,5.028888888888889,9.2355,105.4358,11.494444444444445,12.0,10,41,51,243,1970-01-21 08:48:49.566666666,1970-01-21 08:49:32.766666666,Thu,,,
Cà Mau,Đồng bằng sông Cửu Long,2025-10-07,27.266666666666666,30.54444444444444,25.62222222222222,32.47777777777778,35.47777777777778,30.15555555555555,13.377777777777778,13.377777777777778,0.0,7.888888888888889,84.44444444444444,19.299999999999997,37.75555555555556,19.376666666666665,1011.4555555555556,84.77777777777777,24.333333333333332,0.0,3.934444444444444,9.2355,105.4358,10.038888888888888,11.99,10,41,63,253,1970-01-21 08:50:15.960000000,1970-01-21 08:50:59.113333333,Thu,,,
Cà Mau,Đồng bằng sông Cửu Long,2025-10-08,26.822222222222223,29.855555555555554,24.88888888888889,31.58888888888889,34.52222222222222,28.855555555555554,27.066666666666666,27.066666666666666,0.0,13.88888888888889,85.77777777777777,19.01111111111111,36.922222222222224,16.10111111111111,1010.4666666666667,93.44444444444444,24.144444444444446,0.0,3.301111111111111,9.2355,105.4358,8.208888888888888,11.981111111111112,10,41,65,267,1970-01-21 08:51:42.353333333,1970-01-21 08:52:25.493333333,Thu,,,
Cà Mau,Đồng bằng sông Cửu Long,2025-10-09,26.22222222222222,29.88888888888889,23.733333333333334,30.966666666666665,35.15555555555555,27.633333333333333,14.711111111111112,14.711111111111112,0.0,11.777777777777779,86.55555555555556,17.188888888888886,33.75555555555556,16.505555555555556,1009.688888888889,95.55555555555556,23.755555555555556,0.0,3.32,9.2355,105.4358,8.916666666666666,11.973333333333334,10,41,63,286,1970-01-21 08:53:08.753333333,1970-01-21 08:53:51.853333333,Thu,,,
Cà Mau,Đồng bằng sông Cửu Long,2025-10-10,26.48888888888889,29.67777777777778,24.177777777777777,31.766666666666666,36.21111111111111,28.5,5.611111111111111,5.611111111111111,0.0,10.222222222222221,85.88888888888889,13.177777777777777,26.48888888888889,18.116666666666667,1008.9333333333333,86.0,23.844444444444445,0.0,3.632222222222222,9.2355,105.4358,9.686666666666667,11.966666666666667,10,41,61,182,1970-01-21 08:54:35.153333333,1970-01-21 08:55:18.226666666,Thu,,,
Cà Mau,Đồng bằng sông Cửu Long,2025-10-11,26.955555555555556,30.28888888888889,24.62222222222222,32.58888888888889,37.02222222222222,29.766666666666666,8.100000000000001,8.100000000000001,0.0,7.666666666666667,84.44444444444444,16.5,36.75555555555556,20.662222222222223,1008.7999999999998,72.11111111111111,24.01111111111111,0.0,4.081111111111111,9.2355,105.4358,11.17111111111111,11.95888888888889,10,41,63,240,1970-01-21 08:56:01.553333333,1970-01-21 08:56:44.593333333,Thu,,,
Cà Mau,Đồng bằng sông Cửu Long,2025-10-12,27.288888888888888,31.055555555555557,25.233333333333334,32.75555555555556,37.51111111111111,30.022222222222222,5.977777777777778,5.977777777777778,0.0,8.555555555555555,83.88888888888889,18.255555555555556,35.91111111111111,19.366666666666667,1008.9888888888888,83.11111111111111,24.188888888888886,0.0,3.96,9.2355,105.4358,10.152222222222223,11.95,10,41,63,217,1970-01-21 08:57:27.953333333,1970-01-21 08:58:10.973333333,Thu,,,
Cà Mau,Đồng bằng sông Cửu Long,2025-10-13,27.58888888888889,30.93333333333333,25.311111111111114,33.34444444444445,37.55555555555556,30.766666666666666,3.922222222222222,3.922222222222222,0.0,8.11111111111111,83.55555555555556,13.222222222222221,30.022222222222222,18.126666666666665,1008.9222222222221,93.22222222222223,24.41111111111111,0.0,3.764444444444445,9.2355,105.4358,9.71,11.94111111111111,10,42,61,201,1970-01-21 08:58:54.353333333,1970-01-21 08:59:37.333333333,Thu,,,
Cà Mau,Đồng bằng sông Cửu Long,2025-10-14,28.077777777777776,31.122222222222224,25.822222222222223,33.68888888888889,37.922222222222224,31.15555555555555,3.6333333333333337,3.6333333333333337,0.0,6.444444444444445,80.33333333333333,11.533333333333333,24.72222222222222,20.844444444444445,1008.7999999999998,91.55555555555556,24.22222222222222,0.0,4.39,9.2355,105.4358,10.258888888888889,11.933333333333332,10,42,63,143,1970-01-21 09:00:20.753333333,1970-01-21 09:01:03.720000000,Thu,,,
Cà Mau,Đồng bằng sông Cửu Long,2025-10-15,27.544444444444444,31.466666666666665,25.4,32.81111111111111,37.81111111111111,29.511111111111113,9.833333333333334,9.833333333333334,0.0,10.777777777777779,84.44444444444444,17.58888888888889,33.21111111111111,20.795555555555556,1007.7333333333333,81.88888888888889,24.5,0.0,4.326666666666666,9.2355,105.4358,10.375555555555556,11.926666666666668,10,42,63,66,1970-01-21 09:01:47.153333333,1970-01-21 09:02:30.080000000,Thu,,,
Cà Mau,Đồng bằng sông Cửu Long,2025-10-16,27.244444444444444,30.88888888888889,24.711111111111112,31.877777777777776,35.96666666666667,29.45555555555556,7.522222222222222,7.522222222222222,0.0,13.88888888888889,84.44444444444444,19.177777777777777,38.72222222222222,14.924444444444443,1007.5555555555555,99.66666666666667,24.255555555555556,0.0,3.381111111111111,9.2355,105.4358,6.578888888888889,11.916666666666666,10,42,63,55,1970-01-21 09:03:13.553333333,1970-01-21 09:03:56.466666666,Thu,,,
Cà Mau,Đồng bằng sông Cửu Long,2025-10-17,26.98888888888889,29.477777777777778,24.144444444444446,31.38888888888889,33.91111111111111,28.01111111111111,9.11111111111111,9.11111111111111,0.0,15.222222222222221,85.55555555555556,20.755555555555556,40.077777777777776,16.343333333333334,1008.4888888888888,98.55555555555556,24.266666666666666,0.0,3.3722222222222222,9.2355,105.4358,9.182222222222222,11.91,10,42,63,81,1970-01-21 09:04:39.960000000,1970-01-21 09:05:22.820000000,Thu,,,
Cà Mau,Đồng bằng sông Cửu Long,2025-10-18,26.4,29.27777777777778,24.5,31.08888888888889,34.644444444444446,28.65555555555555,7.955555555555555,7.955555555555555,0.0,14.0,87.55555555555556,16.577777777777776,32.12222222222223,15.645555555555555,1008.1444444444446,99.66666666666667,24.1,0.0,3.1444444444444444,9.2355,105.4358,7.952222222222222,11.903333333333332,10,42,61,89,1970-01-21 09:06:06.366666666,1970-01-21 09:06:49.206666666,Thu,,,
Cà Mau,Đồng bằng sông Cửu Long,2025-10-19,27.4,31.166666666666668,25.0,32.77777777777778,37.24444444444444,29.966666666666665,4.222222222222222,4.222222222222222,0.0,9.0,84.44444444444444,15.833333333333334,31.38888888888889,19.13,1006.6444444444446,88.22222222222223,24.455555555555556,0.0,3.9711111111111115,9.2355,105.4358,9.97,11.893333333333334,10,42,63,52,1970-01-21 09:07:32.773333333,1970-01-21 09:08:15.580000000,Thu,,,
Cà Mau,Đồng bằng sông Cửu Long,2025-10-20,27.688888888888886,31.811111111111114,25.522222222222222,33.8,39.766666666666666,30.466666666666665,12.988888888888887,12.988888888888887,0.0,8.222222222222221,84.77777777777777,12.522222222222222,27.322222222222223,19.485555555555557,1006.7777777777778,97.55555555555556,24.766666666666666,0.0,4.038888888888889,9.2355,105.4358,9.937777777777777,11.886666666666667,10,43,63,165,1970-01-21 09:08:59.173333333,1970-01-21 09:09:41.953333333,Thu,,,
Cà Mau,Đồng bằng sông Cửu Long,2025-10-21,27.166666666666668,31.32222222222222,24.555555555555557,32.68888888888889,38.02222222222222,29.444444444444443,12.488888888888889,12.488888888888889,0.0,12.444444444444445,85.55555555555556,12.466666666666667,26.066666666666666,18.12222222222222,1007.7000000000002,100.0,24.422222222222224,0.0,3.7544444444444443,9.2355,105.4358,9.254444444444445,11.876666666666667,10,43,63,340,1970-01-21 09:10:25.573333333,1970-01-21 09:11:08.340000000,Thu,,,
Cà Mau,Đồng bằng sông Cửu Long,2025-10-22,27.033333333333335,30.377777777777776,25.08888888888889,32.87777777777777,37.13333333333333,30.28888888888889,15.744444444444444,15.744444444444444,0.0,12.222222222222221,87.33333333333333,12.399999999999999,27.955555555555556,17.07,1007.9000000000001,100.0,24.666666666666668,0.0,3.4844444444444442,9.2355,105.4358,8.596666666666668,11.87,10,43,63,26,1970-01-21 09:11:51.973333333,1970-01-21 09:12:34.700000000,Thu,,,
Cà Mau,Đồng bằng sông Cửu Long,2025-10-23,26.633333333333333,29.555555555555557,24.37777777777778,31.488888888888887,34.56666666666667,29.21111111111111,6.4111111111111105,6.4111111111111105,0.0,13.333333333333334,86.77777777777777,18.455555555555556,33.86666666666667,13.5,1008.5333333333333,96.44444444444444,24.177777777777777,0.0,2.895555555555555,9.2355,105.4358,5.066666666666666,11.863333333333333,10,43,61,53,1970-01-21 09:13:18.380000000,1970-01-21 09:14:01.086666666,Thu,,,
Cà Mau,Đồng bằng sông Cửu Long,2025-10-24,26.87777777777778,29.533333333333335,25.266666666666666,31.266666666666666,33.7,29.555555555555557,13.788888888888888,13.788888888888888,0.0,16.555555555555557,86.33333333333333,18.72222222222222,35.58888888888889,14.55777777777778,1008.7333333333333,94.0,24.355555555555554,0.0,3.072222222222222,9.2355,105.4358,8.797777777777776,11.853333333333332,10,43,63,74,1970-01-21 09:14:44.780000000,1970-01-21 09:15:27.460000000,Thu,,,
Cà Mau,Đồng bằng sông Cửu Long,2025-10-25,25.833333333333332,27.344444444444445,24.977777777777778,31.188888888888886,32.855555555555554,29.577777777777776,24.055555555555557,24.055555555555557,0.0,21.77777777777778,91.33333333333333,13.288888888888888,28.355555555555554,6.33,1008.9888888888888,100.0,24.288888888888888,0.0,1.4277777777777778,9.2355,105.4358,1.2444444444444445,11.846666666666668,10,43,63,0,1970-01-21 09:16:11.180000000,1970-01-21 09:16:53.840000000,Thu,,,
Cà Mau,Đồng bằng sông Cửu Long,2025-10-26,26.37777777777778,29.88888888888889,24.188888888888886,31.766666666666666,36.06666666666667,29.22222222222222,6.177777777777778,6.177777777777778,0.0,14.777777777777779,86.11111111111111,11.344444444444443,22.688888888888886,17.21,1009.2888888888889,89.22222222222223,23.766666666666666,0.0,3.538888888888889,9.2355,105.4358,8.266666666666666,11.837777777777777,10,43,61,179,1970-01-21 09:17:37.593333333,1970-01-21 09:18:20.226666666,Thu,,,
Cà Mau,Đồng bằng sông Cửu Long,2025-10-27,26.366666666666667,30.033333333333335,23.933333333333334,31.077777777777776,35.27777777777778,28.288888888888888,7.944444444444445,7.944444444444445,0.0,11.666666666666666,86.33333333333333,15.277777777777779,30.67777777777778,14.67,1009.4444444444445,98.77777777777777,23.811111111111114,0.0,3.0733333333333333,9.2355,105.4358,6.683333333333334,11.83222222222222,10,44,53,314,1970-01-21 09:19:04.013333333,1970-01-21 09:19:46.593333333,Thu,,,
Cà Mau,Đồng bằng sông Cửu Long,2025-10-28,26.1,28.355555555555554,24.72222222222222,31.06666666666667,33.5,28.988888888888887,18.51111111111111,18.51111111111111,0.0,19.77777777777778,89.44444444444444,13.911111111111111,28.444444444444443,11.142222222222223,1009.0666666666667,100.0,24.155555555555555,0.0,2.3255555555555554,9.2355,105.4358,4.361111111111111,11.823333333333332,10,44,63,278,1970-01-21 09:20:30.413333333,1970-01-21 09:21:12.980000000,Thu,,,
Cà Mau,Đồng bằng sông Cửu Long,2025-10-29,26.37777777777778,29.522222222222222,24.711111111111112,31.833333333333332,36.02222222222222,30.099999999999998,10.944444444444445,10.944444444444445,0.0,14.444444444444445,88.44444444444444,11.899999999999999,25.12222222222222,16.763333333333335,1007.6222222222223,99.55555555555556,24.211111111111112,0.0,3.3922222222222222,9.2355,105.4358,8.901111111111112,11.816666666666668,10,44,63,249,1970-01-21 09:21:56.833333333,1970-01-21 09:22:39.366666666,Thu,,,
Cà Mau,Đồng bằng sông Cửu Long,2025-10-30,27.01111111111111,29.900000000000002,24.72222222222222,32.233333333333334,34.75555555555556,29.622222222222224,3.011111111111111,3.011111111111111,0.0,5.777777777777778,86.22222222222223,14.255555555555556,30.233333333333334,12.58,1009.0999999999999,98.44444444444444,24.366666666666667,0.0,2.788888888888889,9.2355,105.4358,5.004444444444444,11.80777777777778,10,44,53,228,1970-01-21 09:23:23.233333333,1970-01-21 09:24:05.753333333,Thu,,,
Cà Mau,Đồng bằng sông Cửu Long,2025-10-31,27.466666666666665,30.233333333333334,24.211111111111112,32.7,35.53333333333333,28.866666666666667,15.244444444444444,15.244444444444444,0.0,12.777777777777779,84.44444444444444,17.444444444444443,33.24444444444444,18.526666666666667,1010.9333333333333,73.22222222222223,24.477777777777778,0.0,3.7944444444444443,9.2355,105.4358,9.86111111111111,11.802222222222222,10,44,63,158,1970-01-21 09:24:49.640000000,1970-01-21 09:25:32.120000000,Thu,,,
Cà Mau,Đồng bằng sông Cửu Long,2025-11-01,26.822222222222223,30.71111111111111,24.9,32.84444444444445,37.78888888888889,30.366666666666667,13.755555555555555,13.755555555555555,0.0,9.666666666666666,88.11111111111111,11.066666666666666,26.12222222222222,16.56222222222222,1011.0444444444444,75.88888888888889,24.555555555555557,0.0,3.3855555555555554,9.2355,105.4358,7.945555555555556,11.793333333333333,11,44,63,12,1970-01-21 09:26:16.046666666,1970-01-21 09:26:58.513333333,Thu,,,
Cà Mau,Đồng bằng sông Cửu Long,2025-11-02,25.922222222222224,28.488888888888887,24.755555555555556,31.08888888888889,33.56666666666667,29.0,24.866666666666667,24.866666666666667,0.0,14.222222222222221,91.0,15.733333333333333,31.522222222222222,12.006666666666668,1010.7777777777778,96.0,24.311111111111114,0.0,2.3666666666666667,9.2355,105.4358,6.067777777777778,11.786666666666667,11,44,63,280,1970-01-21 09:27:42.473333333,1970-01-21 09:28:24.906666666,Thu,,,
Cà Mau,Đồng bằng sông Cửu Long,2025-11-03,25.966666666666665,28.18888888888889,24.299999999999997,30.666666666666668,33.266666666666666,28.27777777777778,25.444444444444443,25.444444444444443,0.0,18.88888888888889,90.33333333333333,17.58888888888889,35.13333333333333,12.97888888888889,1010.0444444444444,98.77777777777777,24.188888888888886,0.0,2.5366666666666666,9.2355,105.4358,7.41,11.782222222222222,11,45,63,280,1970-01-21 09:29:08.880000000,1970-01-21 09:29:51.300000000,Thu,,,
Cà Mau,Đồng bằng sông Cửu Long,2025-11-04,26.544444444444444,29.266666666666666,24.444444444444443,31.5,34.099999999999994,28.900000000000002,17.288888888888888,17.288888888888888,0.0,10.11111111111111,88.22222222222223,18.166666666666668,38.28888888888889,16.38222222222222,1009.2333333333333,96.66666666666667,24.344444444444445,0.0,3.221111111111111,9.2355,105.4358,9.914444444444445,11.773333333333333,11,45,65,294,1970-01-21 09:30:35.293333333,1970-01-21 09:31:17.666666666,Thu,,,
Cà Mau,Đồng bằng sông Cửu Long,2025-11-05,27.055555555555557,29.88888888888889,24.522222222222222,32.52222222222222,35.8,28.966666666666665,7.377777777777778,7.377777777777778,0.0,11.777777777777779,85.77777777777777,12.266666666666667,25.200000000000003,14.307777777777776,1007.9666666666667,100.0,24.333333333333332,0.0,2.9933333333333336,9.2355,105.4358,6.902222222222222,11.766666666666666,11,45,63,339,1970-01-21 09:32:01.700000000,1970-01-21 09:32:44.060000000,Thu,,,
Cà Mau,Đồng bằng sông Cửu Long,2025-11-06,26.755555555555556,29.166666666666668,25.066666666666666,31.733333333333334,34.17777777777778,29.900000000000002,5.199999999999999,5.199999999999999,0.0,8.666666666666666,87.55555555555556,18.266666666666666,31.04444444444444,12.273333333333333,1006.8555555555554,100.0,24.466666666666665,0.0,2.61,9.2355,105.4358,4.337777777777777,11.76,11,45,63,270,1970-01-21 09:33:28.120000000,1970-01-21 09:34:10.460000000,Thu,,,
Cà Mau,Đồng bằng sông Cửu Long,2025-11-07,26.477777777777778,28.84444444444445,25.155555555555555,31.055555555555557,33.08888888888889,28.91111111111111,10.077777777777778,10.077777777777778,0.0,10.777777777777779,87.55555555555556,18.5,35.93333333333333,12.767777777777777,1008.0666666666667,100.0,24.22222222222222,0.0,2.671111111111111,9.2355,105.4358,5.876666666666667,11.752222222222223,11,45,63,242,1970-01-21 09:34:54.540000000,1970-01-21 09:35:36.846666666,Thu,,,
Cà Mau,Đồng bằng sông Cửu Long,2025-11-08,26.944444444444443,30.511111111111113,24.944444444444443,32.62222222222223,37.0,30.511111111111113,17.166666666666668,17.166666666666668,0.0,10.555555555555555,86.55555555555556,14.144444444444444,32.68888888888889,17.65777777777778,1009.7999999999998,89.77777777777777,24.41111111111111,0.0,3.531111111111111,9.2355,105.4358,10.33,11.746666666666666,11,45,65,217,1970-01-21 09:36:20.960000000,1970-01-21 09:37:03.246666666,Thu,,,
Cà Mau,Đồng bằng sông Cửu Long,2025-11-09,26.644444444444446,30.988888888888887,24.48888888888889,32.48888888888889,38.44444444444444,29.15555555555555,10.844444444444443,10.844444444444443,0.0,11.11111111111111,87.55555555555556,15.222222222222221,31.38888888888889,17.962222222222223,1009.4000000000001,96.55555555555556,24.288888888888888,0.0,3.631111111111111,9.2355,105.4358,10.255555555555555,11.74,11,45,63,21,1970-01-21 09:37:47.360000000,1970-01-21 09:38:29.640000000,Thu,,,
Cà Mau,Đồng bằng sông Cửu Long,2025-11-10,26.866666666666667,30.355555555555554,24.966666666666665,32.8,37.78888888888889,30.077777777777776,7.133333333333334,7.133333333333334,0.0,7.777777777777778,87.44444444444444,13.988888888888889,35.71111111111111,18.206666666666667,1008.9000000000001,99.55555555555556,24.48888888888889,0.0,3.5888888888888886,9.2355,105.4358,10.708888888888888,11.732222222222223,11,46,55,128,1970-01-21 09:39:13.793333333,1970-01-21 09:39:56.040000000,Thu,,,
Cà Mau,Đồng bằng sông Cửu Long,2025-11-11,27.144444444444446,30.488888888888887,23.677777777777777,32.86666666666667,37.78888888888889,27.61111111111111,4.5,4.5,0.0,6.666666666666667,84.33333333333333,14.944444444444445,33.27777777777778,18.301111111111112,1009.2666666666667,100.0,24.211111111111112,0.0,3.7411111111111115,9.2355,105.4358,10.46,11.72777777777778,11,46,61,121,1970-01-21 09:40:40.213333333,1970-01-21 09:41:22.420000000,Thu,,,
Cà Mau,Đồng bằng sông Cửu Long,2025-11-12,27.211111111111112,30.033333333333335,25.544444444444444,32.8,36.24444444444444,30.511111111111113,4.155555555555555,4.155555555555555,0.0,7.111111111111111,85.11111111111111,13.711111111111112,29.599999999999998,17.85,1010.3444444444444,100.0,24.38888888888889,0.0,3.5944444444444446,9.2355,105.4358,10.656666666666666,11.72,11,46,61,102,1970-01-21 09:42:06.620000000,1970-01-21 09:42:48.806666666,Thu,,,
Cà Mau,Đồng bằng sông Cửu Long,2025-11-13,26.48888888888889,30.011111111111113,24.644444444444446,31.677777777777774,35.855555555555554,29.200000000000003,10.244444444444445,10.244444444444445,0.0,10.666666666666666,87.11111111111111,14.488888888888889,29.511111111111113,16.788888888888888,1011.5777777777779,94.77777777777777,24.11111111111111,0.0,3.3655555555555554,9.2355,105.4358,9.82,11.712222222222223,11,46,63,89,1970-01-21 09:43:33.046666666,1970-01-21 09:44:15.200000000,Thu,,,
Cà Mau,Đồng bằng sông Cửu Long,2025-11-14,26.87777777777778,30.022222222222222,24.744444444444444,31.72222222222222,35.46666666666667,29.22222222222222,3.8444444444444446,3.8444444444444446,0.0,8.555555555555555,82.88888888888889,14.211111111111112,28.344444444444445,19.47222222222222,1010.7666666666667,89.33333333333333,23.577777777777776,0.0,4.033333333333333,9.2355,105.4358,10.746666666666666,11.707777777777778,11,46,53,62,1970-01-21 09:44:59.466666666,1970-01-21 09:45:41.600000000,Thu,,,
Cà Mau,Đồng bằng sông Cửu Long,2025-11-15,26.755555555555556,30.377777777777776,23.944444444444443,30.54444444444444,33.900000000000006,28.144444444444446,0.0,0.0,0.0,0.0,75.88888888888889,15.222222222222221,28.91111111111111,22.516666666666666,1010.7777777777778,52.44444444444444,21.733333333333334,0.0,4.801111111111111,9.2355,105.4358,11.156666666666666,11.702222222222222,11,46,3,53,1970-01-21 09:46:25.880000000,1970-01-21 09:47:08.000000000,Thu,,,
Cà Mau,Đồng bằng sông Cửu Long,2025-11-16,25.688888888888886,29.71111111111111,24.177777777777777,29.799999999999997,34.31111111111111,27.700000000000003,10.166666666666666,10.166666666666666,0.0,12.333333333333334,86.33333333333333,17.177777777777777,31.311111111111114,11.625555555555556,1010.7444444444445,96.77777777777777,23.1,0.0,2.531111111111111,9.2355,105.4358,5.435555555555556,11.697777777777778,11,46,63,23,1970-01-21 09:47:52.313333333,1970-01-21 09:48:34.400000000,Thu,,,
Cà Mau,Đồng bằng sông Cửu Long,2025-11-17,25.733333333333334,28.022222222222222,24.077777777777776,29.400000000000002,31.72222222222222,27.755555555555556,9.077777777777778,9.077777777777778,0.0,15.777777777777779,89.11111111111111,21.322222222222223,38.47777777777778,10.407777777777778,1010.5333333333333,99.55555555555556,23.766666666666666,0.0,2.247777777777778,9.2355,105.4358,3.585555555555556,11.69,11,47,63,57,1970-01-21 09:49:18.733333333,1970-01-21 09:50:00.800000000,Thu,,,
Cà Mau,Đồng bằng sông Cửu Long,2025-11-18,26.288888888888888,29.45555555555556,24.566666666666666,29.966666666666665,32.78888888888889,28.11111111111111,11.433333333333334,11.433333333333334,0.0,17.77777777777778,86.33333333333333,22.533333333333335,45.044444444444444,15.184444444444445,1009.8555555555554,89.0,23.744444444444444,0.0,3.187777777777778,9.2355,105.4358,9.332222222222223,11.682222222222222,11,47,63,65,1970-01-21 09:50:45.140000000,1970-01-21 09:51:27.200000000,Thu,,,
Cà Mau,Đồng bằng sông Cửu Long,2025-11-19,25.58888888888889,28.38888888888889,24.211111111111112,29.06666666666667,32.03333333333333,27.51111111111111,20.01111111111111,20.01111111111111,0.0,18.22222222222222,89.0,22.166666666666668,41.32222222222222,10.55888888888889,1010.1999999999999,99.44444444444444,23.61111111111111,0.0,2.3033333333333332,9.2355,105.4358,4.199999999999999,11.68,11,47,63,58,1970-01-21 09:52:11.580000000,1970-01-21 09:52:53.606666666,Thu,,,
Cà Mau,Đồng bằng sông Cửu Long,2025-11-20,25.444444444444443,28.244444444444444,23.944444444444443,28.522222222222222,30.977777777777778,26.477777777777778,13.677777777777777,13.677777777777777,0.0,15.222222222222221,86.33333333333333,25.055555555555557,51.02222222222222,11.784444444444444,1010.7888888888889,100.0,22.966666666666665,0.0,2.6333333333333333,9.2355,105.4358,5.526666666666667,11.672222222222222,11,47,63,53,1970-01-21 09:53:38.000000000,1970-01-21 09:54:20.020000000,Thu,,,
Cà Mau,Đồng bằng sông Cửu Long,2025-11-21,26.022222222222222,28.833333333333332,23.700000000000003,28.322222222222223,30.43333333333333,25.5,0.7888888888888889,0.7888888888888889,0.0,5.111111111111111,79.88888888888889,29.91111111111111,52.02222222222222,16.243333333333332,1011.0222222222224,97.77777777777777,22.166666666666668,0.0,3.7877777777777784,9.2355,105.4358,8.82,11.66777777777778,11,47,51,48,1970-01-21 09:55:04.420000000,1970-01-21 09:55:46.433333333,Thu,,,
Cà Mau,Đồng bằng sông Cửu Long,2025-11-22,25.422222222222224,28.08888888888889,23.833333333333332,28.71111111111111,31.400000000000002,26.311111111111114,2.977777777777778,2.977777777777778,0.0,9.444444444444445,84.22222222222223,18.844444444444445,39.36666666666667,11.53,1010.688888888889,98.88888888888889,22.566666666666666,0.0,2.618888888888889,9.2355,105.4358,5.062222222222222,11.662222222222223,11,47,53,31,1970-01-21 09:56:30.846666666,1970-01-21 09:57:12.840000000,Thu,,,
Cà Mau,Đồng bằng sông Cửu Long,2025-11-23,25.58888888888889,27.87777777777778,24.38888888888889,28.799999999999997,30.944444444444443,27.333333333333332,22.799999999999997,22.799999999999997,0.0,18.22222222222222,88.88888888888889,25.0,49.08888888888889,11.913333333333334,1009.688888888889,89.88888888888889,23.61111111111111,0.0,2.4588888888888887,9.2355,105.4358,7.474444444444444,11.657777777777778,11,47,63,57,1970-01-21 09:57:57.260000000,1970-01-21 09:58:39.240000000,Thu,,,
Cà Mau,Đồng bằng sông Cửu Long,2025-11-24,27.08888888888889,30.45555555555556,24.244444444444444,30.533333333333335,33.15555555555555,28.244444444444444,1.9333333333333331,1.9333333333333331,0.0,5.333333333333333,82.22222222222223,28.522222222222222,49.96666666666667,20.473333333333333,1009.2222222222222,86.77777777777777,23.62222222222222,0.0,4.394444444444444,9.2355,105.4358,11.063333333333334,11.652222222222223,11,48,51,66,1970-01-21 09:59:23.700000000,1970-01-21 10:00:05.646666666,Thu,,,
Cà Mau,Đồng bằng sông Cửu Long,2025-11-25,26.700000000000003,30.266666666666666,24.299999999999997,31.166666666666668,35.233333333333334,28.633333333333333,4.1,4.1,0.0,8.222222222222221,84.22222222222223,17.433333333333334,37.22222222222222,17.88111111111111,1008.8555555555554,86.66666666666667,23.677777777777777,0.0,3.755555555555555,9.2355,105.4358,10.806666666666667,11.65,11,48,53,39,1970-01-21 10:00:50.120000000,1970-01-21 10:01:32.053333333,Thu,,,
Cà Mau,Đồng bằng sông Cửu Long,2025-11-26,26.54444444444444,30.266666666666666,23.333333333333332,30.15555555555555,33.955555555555556,25.555555555555557,0.05555555555555555,0.05555555555555555,0.0,0.5555555555555556,77.33333333333333,14.866666666666667,28.977777777777778,20.438888888888886,1009.2666666666667,94.66666666666667,22.066666666666666,0.0,4.358888888888888,9.2355,105.4358,11.059999999999999,11.642222222222223,11,48,3,19,1970-01-21 10:02:16.546666666,1970-01-21 10:02:58.460000000,Thu,,,
Cà Mau,Đồng bằng sông Cửu Long,2025-11-27,26.200000000000003,29.82222222222222,23.344444444444445,28.54444444444444,33.74444444444444,24.87777777777778,0.0,0.0,0.0,0.0,70.44444444444444,19.5,36.52222222222222,20.89333333333333,1009.7777777777778,90.77777777777777,20.333333333333332,0.0,4.795555555555556,9.2355,105.4358,10.991111111111111,11.64,11,48,3,17,1970-01-21 10:03:42.980000000,1970-01-21 10:04:24.866666666,Thu,,,
Cà Mau,Đồng bằng sông Cửu Long,2025-11-28,24.77777777777778,27.733333333333334,22.422222222222224,25.933333333333334,29.188888888888886,22.455555555555556,0.24444444444444446,0.24444444444444446,0.0,0.8888888888888888,68.0,22.555555555555557,41.46666666666667,21.587777777777777,1010.0888888888888,97.77777777777777,18.37777777777778,0.0,4.811111111111111,9.2355,105.4358,10.99888888888889,11.636666666666667,11,48,3,0,1970-01-21 10:05:09.400000000,1970-01-21 10:05:51.293333333,Thu,,,
Cà Mau,Đồng bằng sông Cửu Long,2025-11-29,25.311111111111114,29.43333333333333,21.455555555555556,27.91111111111111,33.24444444444444,22.58888888888889,0.03333333333333333,0.03333333333333333,0.0,0.1111111111111111,70.44444444444444,13.444444444444445,27.055555555555557,19.52777777777778,1010.0222222222224,97.44444444444444,19.444444444444443,0.0,4.205555555555556,9.2355,105.4358,10.207777777777778,11.63,11,48,3,346,1970-01-21 10:06:35.840000000,1970-01-21 10:07:17.700000000,Thu,,,
Cà Mau,Đồng bằng sông Cửu Long,2025-11-30,26.4,30.733333333333334,22.91111111111111,30.555555555555557,35.400000000000006,26.700000000000003,0.05555555555555555,0.05555555555555555,0.0,0.3333333333333333,77.66666666666667,12.166666666666666,23.88888888888889,18.513333333333335,1010.2888888888889,46.55555555555556,21.966666666666665,0.0,3.8911111111111114,9.2355,105.4358,10.99,11.627777777777778,11,48,3,298,1970-01-21 10:08:02.260000000,1970-01-21 10:08:44.113333333,Thu,,,
Cà Mau,Đồng bằng sông Cửu Long,2025-12-01,26.788888888888888,30.84444444444445,23.711111111111112,31.84444444444445,37.17777777777778,28.444444444444443,0.43333333333333335,0.43333333333333335,0.0,2.111111111111111,81.33333333333333,12.666666666666666,24.799999999999997,20.006666666666668,1010.4444444444445,28.11111111111111,23.1,0.0,4.1,9.2355,105.4358,11.088888888888889,11.622222222222222,12,49,51,263,1970-01-21 10:09:28.700000000,1970-01-21 10:10:10.520000000,Đông,,,
Cà Mau,Đồng bằng sông Cửu Long,2025-12-02,27.433333333333334,31.077777777777776,24.488888888888887,32.75555555555556,37.13333333333333,29.61111111111111,0.8222222222222223,0.8222222222222223,0.0,3.3333333333333335,80.33333333333333,10.411111111111111,20.633333333333333,19.61777777777778,1010.2999999999998,35.0,23.5,0.0,4.078888888888889,9.2355,105.4358,10.965555555555556,11.62,12,49,51,256,1970-01-21 10:10:55.120000000,1970-01-21 10:11:36.953333333,Đông,,,
Cà Mau,Đồng bằng sông Cửu Long,2025-12-03,26.799999999999997,30.688888888888886,24.08888888888889,32.288888888888884,37.56666666666667,27.744444444444444,6.699999999999999,6.699999999999999,0.0,7.555555555555555,84.66666666666667,14.922222222222224,27.922222222222224,19.084444444444447,1010.9333333333333,43.333333333333336,23.799999999999997,0.0,3.8588888888888886,9.2355,105.4358,10.974444444444444,11.616666666666667,12,49,63,25,1970-01-21 10:12:21.560000000,1970-01-21 10:13:03.366666666,Đông,,,
Cà Mau,Đồng bằng sông Cửu Long,2025-12-04,25.966666666666665,28.766666666666666,23.844444444444445,29.95555555555556,32.833333333333336,27.58888888888889,8.922222222222222,8.922222222222222,0.0,11.666666666666666,86.44444444444444,20.633333333333333,38.8,16.654444444444447,1011.2222222222222,45.888888888888886,23.466666666666665,0.0,3.2866666666666666,9.2355,105.4358,10.505555555555555,11.61,12,49,61,81,1970-01-21 10:13:47.980000000,1970-01-21 10:14:29.780000000,Đông,,,
Cà Mau,Đồng bằng sông Cửu Long,2025-12-05,27.08888888888889,30.099999999999998,24.833333333333332,30.266666666666666,33.077777777777776,28.255555555555556,0.8777777777777778,0.8777777777777778,0.0,4.666666666666667,78.33333333333333,23.344444444444445,42.044444444444444,20.802222222222223,1012.4000000000001,42.888888888888886,22.833333333333332,0.0,4.587777777777777,9.2355,105.4358,11.217777777777778,11.61,12,49,51,78,1970-01-21 10:15:14.420000000,1970-01-21 10:15:56.213333333,Đông,,,
Cà Mau,Đồng bằng sông Cửu Long,2025-12-06,26.5,29.32222222222222,24.655555555555555,29.700000000000003,32.63333333333333,27.91111111111111,0.4444444444444444,0.4444444444444444,0.0,3.2222222222222223,78.88888888888889,21.244444444444444,39.400000000000006,19.34,1012.2444444444444,70.88888888888889,22.433333333333337,0.0,4.1866666666666665,9.2355,105.4358,11.153333333333332,11.606666666666666,12,49,51,70,1970-01-21 10:16:40.846666666,1970-01-21 10:17:22.626666666,Đông,,,
Cà Mau,Đồng bằng sông Cửu Long,2025-12-07,26.255555555555556,29.122222222222224,23.811111111111114,29.666666666666668,32.166666666666664,27.48888888888889,0.6111111111111112,0.6111111111111112,0.0,3.5555555555555554,79.0,18.433333333333337,34.166666666666664,18.278888888888886,1011.9333333333332,81.44444444444444,22.211111111111112,0.0,3.9188888888888886,9.2355,105.4358,11.127777777777778,11.603333333333332,12,49,51,75,1970-01-21 10:18:07.280000000,1970-01-21 10:18:49.040000000,Đông,,,
Cà Mau,Đồng bằng sông Cửu Long,2025-12-08,25.6,28.91111111111111,22.655555555555555,29.14444444444445,32.36666666666667,26.188888888888886,0.2,0.2,0.0,1.2222222222222223,76.88888888888889,14.166666666666666,28.9,21.243333333333332,1011.9333333333332,92.44444444444444,20.866666666666667,0.0,4.262222222222222,9.2355,105.4358,11.265555555555556,11.6,12,50,51,44,1970-01-21 10:19:33.706666666,1970-01-21 10:20:15.473333333,Đông,,,
Cà Mau,Đồng bằng sông Cửu Long,2025-12-09,25.544444444444444,28.422222222222224,22.98888888888889,29.688888888888886,32.955555555555556,26.98888888888889,0.9111111111111112,0.9111111111111112,0.0,3.6666666666666665,79.55555555555556,11.3,23.811111111111114,17.48111111111111,1011.2888888888888,91.0,21.62222222222222,0.0,3.5,9.2355,105.4358,9.856666666666667,11.6,12,50,51,10,1970-01-21 10:21:00.140000000,1970-01-21 10:21:41.893333333,Đông,,,
Cà Mau,Đồng bằng sông Cửu Long,2025-12-10,26.055555555555557,30.055555555555557,23.91111111111111,29.45555555555556,33.833333333333336,27.01111111111111,11.922222222222222,11.922222222222222,0.0,9.0,79.88888888888889,18.333333333333332,33.166666666666664,15.92,1010.3555555555554,97.33333333333331,22.14444444444445,0.0,3.5433333333333334,9.2355,105.4358,8.12,11.596666666666668,12,50,63,25,1970-01-21 10:22:26.566666666,1970-01-21 10:23:08.300000000,Đông,,,
Cà Mau,Đồng bằng sông Cửu Long,2025-12-11,25.066666666666663,27.288888888888888,23.233333333333334,28.366666666666667,31.077777777777776,26.166666666666668,34.63333333333333,34.63333333333333,0.0,17.11111111111111,90.22222222222224,22.677777777777777,42.78888888888889,8.914444444444445,1010.5444444444444,96.11111111111111,23.322222222222223,0.0,1.9322222222222225,9.2355,105.4358,4.267777777777777,11.593333333333334,12,50,65,68,1970-01-21 10:23:53.000000000,1970-01-21 10:24:34.740000000,Đông,,,
Cà Mau,Đồng bằng sông Cửu Long,2025-12-12,26.766666666666666,29.72222222222222,24.5,29.977777777777774,32.611111111111114,27.677777777777777,0.4333333333333333,0.4333333333333333,0.0,2.7777777777777777,80.22222222222223,21.477777777777774,39.71111111111111,18.80444444444445,1010.1333333333334,91.0,22.88888888888889,0.0,4.118888888888889,9.2355,105.4358,10.433333333333334,11.59,12,50,51,78,1970-01-21 10:25:19.426666666,1970-01-21 10:26:01.153333333,Đông,,,
Cà Mau,Đồng bằng sông Cửu Long,2025-12-13,26.87777777777778,29.688888888888886,24.466666666666665,30.200000000000003,33.077777777777776,27.933333333333337,0.2666666666666667,0.2666666666666667,0.0,2.4444444444444446,79.55555555555556,25.08888888888889,44.32222222222222,20.436666666666667,1010.1,91.66666666666669,22.944444444444443,0.0,4.358888888888889,9.2355,105.4358,11.241111111111111,11.59,12,50,51,79,1970-01-21 10:26:45.860000000,1970-01-21 10:27:27.580000000,Đông,,,
Cà Mau,Đồng bằng sông Cửu Long,2025-12-14,26.844444444444445,29.944444444444443,24.188888888888886,30.233333333333334,34.044444444444444,28.12222222222222,0.1666666666666666,0.1666666666666666,0.0,1.5555555555555556,79.0,24.688888888888886,43.44444444444444,19.626666666666665,1010.1777777777778,97.44444444444444,22.688888888888886,0.0,4.351111111111111,9.2355,105.4358,10.35,11.59,12,50,51,60,1970-01-21 10:28:12.286666666,1970-01-21 10:28:54.000000000,Đông,,,
Cà Mau,Đồng bằng sông Cửu Long,2025-12-15,26.788888888888888,29.5,25.022222222222226,29.35555555555555,32.06666666666667,26.822222222222223,0.0,0.0,0.0,0.0,75.33333333333333,22.633333333333333,40.56666666666667,17.834444444444443,1010.9666666666668,95.11111111111111,21.955555555555556,0.0,4.29111111111111,9.2355,105.4358,10.42111111111111,11.59,12,51,3,68,1970-01-21 10:29:38.720000000,1970-01-21 10:30:20.420000000,Đông,,,
Cà Mau,Đồng bằng sông Cửu Long,2025-12-16,26.733333333333334,29.966666666666665,24.544444444444444,29.944444444444443,33.422222222222224,27.788888888888888,0.0555555555555555,0.0555555555555555,0.0,0.5555555555555556,79.0,21.61111111111111,38.8,20.54222222222222,1010.7222222222222,65.55555555555556,22.633333333333333,0.0,4.446666666666666,9.2355,105.4358,10.73,11.586666666666666,12,51,3,70,1970-01-21 10:31:05.146666666,1970-01-21 10:31:46.860000000,Đông,,,
Cà Mau,Đồng bằng sông Cửu Long,2025-12-17,26.6,29.977777777777774,24.255555555555556,30.77777777777778,34.766666666666666,28.08888888888889,1.5,1.5,0.0,5.0,83.66666666666667,17.200000000000003,34.47777777777778,18.883333333333333,1010.9,76.77777777777777,23.455555555555556,0.0,3.901111111111111,9.2355,105.4358,11.137777777777778,11.586666666666666,12,51,53,63,1970-01-21 10:32:31.580000000,1970-01-21 10:33:13.280000000,Đông,,,
Cà Mau,Đồng bằng sông Cửu Long,2025-12-18,26.744444444444444,29.58888888888889,24.64444444444445,30.15555555555555,33.17777777777778,27.700000000000003,0.0444444444444444,0.0444444444444444,0.0,0.4444444444444444,79.55555555555556,21.288888888888888,35.733333333333334,15.645555555555555,1010.5,90.33333333333331,22.77777777777778,0.0,3.6288888888888886,9.2355,105.4358,9.628888888888888,11.583333333333334,12,51,3,64,1970-01-21 10:33:58.006666666,1970-01-21 10:34:39.713333333,Đông,,,
Cà Mau,Đồng bằng sông Cửu Long,2025-12-19,26.288888888888888,29.533333333333335,23.522222222222226,30.9,35.166666666666664,27.933333333333337,0.8888888888888888,0.8888888888888888,0.0,4.222222222222222,83.88888888888889,12.5,27.177777777777777,18.880000000000003,1009.3666666666666,86.33333333333333,23.200000000000003,0.0,3.8133333333333335,9.2355,105.4358,11.175555555555556,11.583333333333334,12,51,51,63,1970-01-21 10:35:24.440000000,1970-01-21 10:36:06.140000000,Đông,,,
Cà Mau,Đồng bằng sông Cửu Long,2025-12-20,26.58888888888889,30.422222222222224,24.03333333333333,31.577777777777776,35.51111111111111,28.84444444444445,1.1666666666666667,1.1666666666666667,0.0,5.666666666666667,84.66666666666667,13.133333333333333,26.87777777777778,19.327777777777776,1008.7999999999998,95.55555555555556,23.633333333333333,0.0,3.92,9.2355,105.4358,11.234444444444444,11.583333333333334,12,51,51,49,1970-01-21 10:36:50.866666666,1970-01-21 10:37:32.573333333,Đông,,,
Cà Mau,Đồng bằng sông Cửu Long,2025-12-21,26.744444444444444,30.27777777777778,23.85555555555555,32.111111111111114,35.78888888888889,29.188888888888886,1.0444444444444445,1.0444444444444445,0.0,4.888888888888889,84.77777777777777,11.055555555555555,25.966666666666665,18.88888888888889,1009.4,81.88888888888889,23.77777777777778,0.0,3.822222222222222,9.2355,105.4358,10.854444444444445,11.583333333333334,12,51,51,46,1970-01-21 10:38:17.300000000,1970-01-21 10:38:59.000000000,Đông,,,
Cà Mau,Đồng bằng sông Cửu Long,2025-12-22,26.744444444444444,30.71111111111111,23.677777777777777,31.82222222222222,36.67777777777778,27.944444444444443,1.3333333333333333,1.3333333333333333,0.0,5.0,82.22222222222223,12.255555555555556,24.85555555555555,19.912222222222223,1009.2222222222222,78.77777777777777,23.27777777777778,0.0,4.093333333333334,9.2355,105.4358,11.096666666666668,11.583333333333334,12,52,51,6,1970-01-21 10:39:43.733333333,1970-01-21 10:40:25.433333333,Đông,,,
Cà Mau,Đồng bằng sông Cửu Long,2025-12-23,26.35555555555555,30.43333333333333,24.533333333333335,31.811111111111114,36.53333333333333,29.477777777777774,4.466666666666667,4.466666666666667,0.0,4.666666666666667,86.22222222222223,13.966666666666669,31.58888888888889,16.637777777777778,1009.0444444444444,92.0,23.700000000000003,0.0,3.326666666666666,9.2355,105.4358,9.413333333333334,11.583333333333334,12,52,63,7,1970-01-21 10:41:10.160000000,1970-01-21 10:41:51.860000000,Đông,,,
Cà Mau,Đồng bằng sông Cửu Long,2025-12-24,26.244444444444444,29.64444444444445,24.344444444444445,31.72222222222222,36.13333333333333,29.633333333333333,10.488888888888887,10.488888888888887,0.0,7.444444444444445,87.22222222222223,13.288888888888888,29.799999999999997,15.7,1008.6555555555556,85.22222222222223,23.87777777777778,0.0,3.1155555555555554,9.2355,105.4358,10.137777777777778,11.583333333333334,12,52,63,57,1970-01-21 10:42:36.593333333,1970-01-21 10:43:18.300000000,Đông,,,
Cà Mau,Đồng bằng sông Cửu Long,2025-12-25,26.633333333333333,29.666666666666668,25.14444444444445,30.944444444444443,34.900000000000006,29.055555555555557,13.033333333333337,13.033333333333337,0.0,9.666666666666666,85.66666666666667,20.27777777777778,37.644444444444446,14.887777777777778,1009.0555555555557,92.55555555555556,23.933333333333337,0.0,3.1622222222222223,9.2355,105.4358,8.855555555555556,11.586666666666666,12,52,63,60,1970-01-21 10:44:03.020000000,1970-01-21 10:44:44.720000000,Đông,,,
Cà Mau,Đồng bằng sông Cửu Long,2025-12-26,26.88888888888889,29.622222222222224,25.266666666666666,29.988888888888887,33.46666666666667,28.22222222222222,2.177777777777778,2.177777777777778,0.0,3.5555555555555554,79.77777777777777,21.5,44.47777777777778,17.624444444444446,1010.0555555555557,94.44444444444444,23.0,0.0,4.016666666666667,9.2355,105.4358,10.077777777777778,11.586666666666666,12,52,51,70,1970-01-21 10:45:29.453333333,1970-01-21 10:46:11.160000000,Đông,,,
Cà Mau,Đồng bằng sông Cửu Long,2025-12-27,26.200000000000003,28.522222222222226,24.6,29.299999999999997,31.666666666666668,27.533333333333335,0.8888888888888888,0.8888888888888888,0.0,4.555555555555555,81.0,22.544444444444444,40.355555555555554,17.563333333333333,1011.2333333333332,98.33333333333331,22.577777777777776,0.0,3.788888888888889,9.2355,105.4358,10.473333333333334,11.588888888888889,12,52,51,75,1970-01-21 10:46:55.880000000,1970-01-21 10:47:37.580000000,Đông,,,
Cà Mau,Đồng bằng sông Cửu Long,2025-12-28,26.14444444444445,29.122222222222224,24.233333333333334,29.577777777777776,32.388888888888886,27.577777777777776,2.3555555555555556,2.3555555555555556,0.0,4.222222222222222,81.88888888888889,20.055555555555557,36.8,17.428888888888892,1011.8333333333334,69.0,22.700000000000003,0.0,3.711111111111111,9.2355,105.4358,10.253333333333334,11.59,12,52,51,72,1970-01-21 10:48:22.306666666,1970-01-21 10:49:04.020000000,Đông,,,
Cà Mau,Đồng bằng sông Cửu Long,2025-12-29,26.188888888888886,29.43333333333333,24.08888888888889,30.133333333333333,33.67777777777778,27.955555555555556,0.7888888888888889,0.7888888888888889,0.0,4.666666666666667,82.22222222222223,13.577777777777778,25.955555555555556,18.885555555555555,1011.3222222222222,98.22222222222224,22.700000000000003,0.0,3.9,9.2355,105.4358,10.30888888888889,11.59,12,1,51,68,1970-01-21 10:49:48.740000000,1970-01-21 10:50:30.440000000,Đông,,,
Cà Mau,Đồng bằng sông Cửu Long,2025-12-30,25.733333333333334,28.65555555555555,23.711111111111112,29.08888888888889,32.0,26.977777777777774,0.3555555555555555,0.3555555555555555,0.0,1.5555555555555556,80.66666666666667,16.522222222222222,31.71111111111111,19.01555555555556,1010.6333333333334,71.22222222222223,21.966666666666665,0.0,3.925555555555555,9.2355,105.4358,11.015555555555556,11.59,12,1,3,87,1970-01-21 10:51:15.153333333,1970-01-21 10:51:56.886666666,Đông,,,
Cà Mau,Đồng bằng sông Cửu Long,2025-12-31,25.566666666666663,29.333333333333332,23.0,28.700000000000003,33.21111111111111,26.11111111111111,0.0,0.0,0.0,0.0,77.0,16.233333333333334,29.266666666666666,20.886666666666667,1009.5666666666668,68.11111111111111,20.955555555555556,0.0,4.366666666666666,9.2355,105.4358,11.453333333333331,11.59,12,1,3,89,1970-01-21 10:52:41.580000000,1970-01-21 10:53:23.306666666,Đông,,,
Cà Mau,Đồng bằng sông Cửu Long,2026-01-01,25.46666666666667,28.61111111111111,22.77777777777778,28.633333333333333,32.044444444444444,26.11111111111111,0.1666666666666666,0.1666666666666666,0.0,1.0,77.88888888888889,14.2,26.299999999999997,19.33888888888889,1010.577777777778,55.22222222222222,21.188888888888886,0.0,4.053333333333333,9.2355,105.4358,11.437777777777775,11.593333333333334,1,1,3,91,1970-01-21 10:54:08.000000000,1970-01-21 10:54:49.746666666,Đông,,,
Cà Mau,Đồng bằng sông Cửu Long,2026-01-02,25.37777777777778,28.5,22.61111111111111,28.0,31.58888888888889,25.6,0.9666666666666666,0.9666666666666666,0.0,4.888888888888889,77.44444444444444,20.833333333333332,36.8,18.744444444444444,1012.2000000000002,60.22222222222222,21.0,0.0,4.093333333333334,9.2355,105.4358,11.39,11.596666666666668,1,1,51,76,1970-01-21 10:55:34.433333333,1970-01-21 10:56:16.166666666,Đông,,,
Cà Mau,Đồng bằng sông Cửu Long,2026-01-03,25.22222222222222,29.377777777777776,22.455555555555556,27.866666666666667,32.166666666666664,25.244444444444444,0.1777777777777777,0.1777777777777777,0.0,1.5555555555555556,76.66666666666667,19.133333333333333,34.766666666666666,20.746666666666663,1013.0333333333332,61.0,20.522222222222226,0.0,4.4,9.2355,105.4358,11.423333333333334,11.6,1,1,51,59,1970-01-21 10:57:00.860000000,1970-01-21 10:57:42.606666666,Đông,,,
Cà Mau,Đồng bằng sông Cửu Long,2026-01-04,25.522222222222226,30.255555555555556,21.933333333333337,28.799999999999997,32.955555555555556,25.233333333333334,0.0,0.0,0.0,0.0,76.66666666666667,13.833333333333334,27.244444444444444,20.943333333333335,1012.8333333333334,97.88888888888889,20.700000000000003,0.0,4.344444444444445,9.2355,105.4358,10.647777777777778,11.6,1,1,3,79,1970-01-21 10:58:27.260000000,1970-01-21 10:59:09.033333333,Đông,,,
Cà Mau,Đồng bằng sông Cửu Long,2026-01-05,25.98888888888889,29.766666666666666,23.188888888888886,29.944444444444443,33.52222222222222,27.422222222222224,0.1999999999999999,0.1999999999999999,0.0,1.1111111111111112,78.77777777777777,13.011111111111113,24.08888888888889,14.917777777777776,1012.7000000000002,92.11111111111111,21.72222222222222,0.0,3.3055555555555554,9.2355,105.4358,6.94,11.603333333333332,1,2,3,37,1970-01-21 10:59:53.700000000,1970-01-21 11:00:35.473333333,Đông,,,
Cà Mau,Đồng bằng sông Cửu Long,2026-01-06,25.711111111111112,28.477777777777774,23.955555555555556,28.72222222222222,31.4,26.555555555555557,3.5444444444444447,3.5444444444444447,0.0,7.0,81.44444444444444,20.35555555555555,38.04444444444445,14.523333333333332,1013.1222222222224,99.33333333333331,22.14444444444444,0.0,3.2644444444444445,9.2355,105.4358,8.088888888888889,11.606666666666666,1,2,61,84,1970-01-21 11:01:20.120000000,1970-01-21 11:02:01.900000000,Đông,,,
Cà Mau,Đồng bằng sông Cửu Long,2026-01-07,25.200000000000003,27.62222222222222,23.755555555555556,27.288888888888888,29.14444444444445,25.88888888888889,1.4555555555555555,1.4555555555555555,0.0,5.555555555555555,79.11111111111111,23.64444444444445,41.733333333333334,12.351111111111113,1013.7888888888888,97.44444444444444,21.22222222222222,0.0,3.135555555555555,9.2355,105.4358,7.335555555555555,11.61,1,2,51,78,1970-01-21 11:02:46.533333333,1970-01-21 11:03:28.333333333,Đông,,,
Cà Mau,Đồng bằng sông Cửu Long,2026-01-08,24.977777777777774,27.633333333333333,23.177777777777777,26.833333333333332,29.6,24.788888888888888,0.4555555555555555,0.4555555555555555,0.0,2.6666666666666665,76.22222222222223,22.288888888888888,39.71111111111111,16.00111111111111,1014.7222222222222,80.66666666666667,20.366666666666667,0.0,3.6822222222222223,9.2355,105.4358,10.444444444444445,11.612222222222222,1,2,51,71,1970-01-21 11:04:12.960000000,1970-01-21 11:04:54.766666666,Đông,,,
Cà Mau,Đồng bằng sông Cửu Long,2026-01-09,23.977777777777774,27.41111111111111,21.566666666666663,26.022222222222226,29.5,23.799999999999997,0.0333333333333333,0.0333333333333333,0.0,0.3333333333333333,74.44444444444444,16.27777777777778,31.311111111111114,21.62777777777778,1014.6333333333334,79.0,18.766666666666666,0.0,4.365555555555556,9.2355,105.4358,11.151111111111112,11.616666666666667,1,2,3,39,1970-01-21 11:05:39.380000000,1970-01-21 11:06:21.193333333,Đông,,,
Cà Mau,Đồng bằng sông Cửu Long,2026-01-10,23.566666666666663,27.255555555555556,19.944444444444443,25.833333333333332,29.799999999999997,22.51111111111111,0.1777777777777777,0.1777777777777777,0.0,1.2222222222222223,75.77777777777777,15.555555555555555,29.41111111111111,19.224444444444444,1014.2999999999998,75.0,18.744444444444444,0.0,3.9,9.2355,105.4358,11.287777777777778,11.62,1,2,51,79,1970-01-21 11:07:05.780000000,1970-01-21 11:07:47.633333333,Đông,,,
Cà Mau,Đồng bằng sông Cửu Long,2026-01-11,24.200000000000003,28.35555555555555,20.288888888888888,27.077777777777776,31.38888888888889,23.322222222222223,0.0,0.0,0.0,0.0,75.11111111111111,9.866666666666667,21.522222222222226,19.25111111111111,1015.1555555555556,81.77777777777777,19.066666666666663,0.0,3.898888888888889,9.2355,105.4358,10.708888888888888,11.623333333333331,1,2,3,23,1970-01-21 11:08:32.220000000,1970-01-21 11:09:14.053333333,Đông,,,
Cà Mau,Đồng bằng sông Cửu Long,2026-01-12,25.27777777777778,28.866666666666667,22.833333333333332,28.6,32.36666666666667,26.555555555555557,0.1333333333333333,0.1333333333333333,0.0,1.2222222222222223,78.22222222222223,14.52222222222222,26.966666666666665,16.837777777777777,1014.688888888889,72.66666666666667,20.933333333333337,0.0,3.5844444444444443,9.2355,105.4358,9.245555555555557,11.63,1,3,3,84,1970-01-21 11:09:58.626666666,1970-01-21 11:10:40.493333333,Đông,,,
Cà Mau,Đồng bằng sông Cửu Long,2026-01-13,25.12222222222222,28.14444444444445,23.299999999999997,28.477777777777774,31.93333333333333,26.85555555555556,3.8777777777777778,3.8777777777777778,0.0,8.444444444444445,81.88888888888889,14.122222222222222,27.799999999999997,16.384444444444444,1014.1222222222224,69.11111111111111,21.700000000000003,0.0,3.373333333333333,9.2355,105.4358,10.268888888888888,11.63,1,3,61,92,1970-01-21 11:11:25.040000000,1970-01-21 11:12:06.920000000,Đông,,,
Cà Mau,Đồng bằng sông Cửu Long,2026-01-14,25.466666666666665,28.311111111111114,23.666666666666668,28.366666666666667,31.799999999999997,26.566666666666663,0.6111111111111112,0.6111111111111112,0.0,3.0,78.77777777777777,16.955555555555556,32.044444444444444,19.00111111111111,1012.922222222222,66.55555555555556,21.344444444444445,0.0,3.964444444444444,9.2355,105.4358,10.833333333333334,11.637777777777778,1,3,51,95,1970-01-21 11:12:51.460000000,1970-01-21 11:13:33.353333333,Đông,,,
Cà Mau,Đồng bằng sông Cửu Long,2026-01-15,25.51111111111111,29.055555555555557,22.933333333333337,28.833333333333332,32.96666666666667,26.37777777777778,0.7111111111111111,0.7111111111111111,0.0,3.3333333333333335,81.0,16.22222222222222,29.88888888888889,19.97222222222222,1012.2555555555556,30.333333333333332,21.755555555555556,0.0,4.091111111111111,9.2355,105.4358,11.121111111111112,11.64,1,3,51,98,1970-01-21 11:14:17.880000000,1970-01-21 11:14:59.780000000,Đông,,,
Cà Mau,Đồng bằng sông Cửu Long,2026-01-16,25.35555555555555,28.37777777777778,23.255555555555556,28.54444444444444,31.755555555555556,26.688888888888886,0.4,0.4,0.0,2.5555555555555554,80.88888888888889,16.422222222222224,31.688888888888886,18.747777777777777,1011.2,77.77777777777777,21.62222222222222,0.0,3.8433333333333337,9.2355,105.4358,11.103333333333332,11.646666666666668,1,3,51,103,1970-01-21 11:15:44.286666666,1970-01-21 11:16:26.213333333,Đông,,,
Cà Mau,Đồng bằng sông Cửu Long,2026-01-17,25.41111111111111,29.32222222222222,23.022222222222226,28.744444444444444,32.577777777777776,26.733333333333334,0.1999999999999999,0.1999999999999999,0.0,1.1111111111111112,80.22222222222223,16.477777777777778,31.04444444444444,19.767777777777777,1009.7222222222222,45.666666666666664,21.455555555555556,0.0,4.078888888888889,9.2355,105.4358,11.084444444444443,11.65,1,3,3,105,1970-01-21 11:17:10.700000000,1970-01-21 11:17:52.640000000,Đông,,,
Cà Mau,Đồng bằng sông Cửu Long,2026-01-18,25.188888888888886,28.88888888888889,22.88888888888889,28.444444444444443,32.388888888888886,26.366666666666667,0.2777777777777778,0.2777777777777778,0.0,1.3333333333333333,79.88888888888889,17.477777777777778,32.55555555555556,20.709999999999997,1009.1,81.11111111111111,21.200000000000003,0.0,4.2188888888888885,9.2355,105.4358,10.68,11.653333333333332,1,3,3,108,1970-01-21 11:18:37.100000000,1970-01-21 11:19:19.073333333,Đông,,,
Cà Mau,Đồng bằng sông Cửu Long,2026-01-19,25.31111111111111,28.322222222222223,23.14444444444445,28.055555555555557,31.17777777777778,26.422222222222224,0.5,0.5,0.0,2.888888888888889,78.11111111111111,18.6,36.077777777777776,19.07888888888889,1010.2666666666668,80.0,21.055555555555557,0.0,4.013333333333333,9.2355,105.4358,11.187777777777775,11.66,1,4,51,102,1970-01-21 11:20:03.520000000,1970-01-21 11:20:45.493333333,Đông,,,
Cà Mau,Đồng bằng sông Cửu Long,2026-01-20,25.322222222222223,28.61111111111111,22.766666666666666,27.799999999999997,30.744444444444444,25.88888888888889,0.2777777777777778,0.2777777777777778,0.0,1.8888888888888888,76.55555555555556,18.922222222222224,35.833333333333336,19.628888888888888,1011.3,89.11111111111111,20.64444444444445,0.0,4.243333333333333,9.2355,105.4358,11.303333333333336,11.663333333333334,1,4,51,97,1970-01-21 11:21:29.933333333,1970-01-21 11:22:11.920000000,Đông,,,
Cà Mau,Đồng bằng sông Cửu Long,2026-01-21,25.677777777777777,29.71111111111111,23.22222222222222,27.333333333333332,31.055555555555557,25.066666666666663,0.1999999999999999,0.1999999999999999,0.0,1.2222222222222223,72.22222222222223,22.177777777777777,40.28888888888889,20.165555555555557,1012.3222222222222,80.44444444444444,19.866666666666667,0.0,4.75,9.2355,105.4358,11.194444444444445,11.67,1,4,51,89,1970-01-21 11:22:56.340000000,1970-01-21 11:23:38.346666666,Đông,,,
Cà Mau,Đồng bằng sông Cửu Long,2026-01-22,25.555555555555557,29.22222222222222,22.788888888888888,27.61111111111111,31.022222222222226,25.422222222222224,0.3333333333333333,0.3333333333333333,0.0,2.2222222222222223,74.55555555555556,18.822222222222223,36.266666666666666,18.84,1013.3888888888888,99.33333333333331,20.35555555555555,0.0,4.311111111111111,9.2355,105.4358,11.23,11.673333333333334,1,4,51,81,1970-01-21 11:24:22.746666666,1970-01-21 11:25:04.760000000,Đông,,,
Cà Mau,Đồng bằng sông Cửu Long,2026-01-23,25.688888888888886,30.133333333333333,22.48888888888889,27.88888888888889,32.144444444444446,25.244444444444444,0.2333333333333333,0.2333333333333333,0.0,2.0,74.44444444444444,20.444444444444443,38.12222222222223,20.885555555555555,1014.4888888888888,66.33333333333333,20.41111111111111,0.0,4.632222222222222,9.2355,105.4358,11.258888888888889,11.68,1,4,51,79,1970-01-21 11:25:49.153333333,1970-01-21 11:26:31.200000000,Đông,,,
Cà Mau,Đồng bằng sông Cửu Long,2026-01-24,25.62222222222222,29.244444444444444,23.077777777777776,27.666666666666668,32.01111111111111,25.033333333333335,0.5777777777777778,0.5777777777777778,0.0,3.3333333333333335,74.77777777777777,19.288888888888888,36.111111111111114,20.61333333333333,1014.6333333333334,40.111111111111114,20.533333333333335,0.0,4.5744444444444445,9.2355,105.4358,11.406666666666666,11.687777777777775,1,4,51,80,1970-01-21 11:27:15.560000000,1970-01-21 11:27:57.620000000,Đông,,,
Cà Mau,Đồng bằng sông Cửu Long,2026-01-25,25.433333333333337,28.71111111111111,23.0,27.477777777777774,30.32222222222222,25.133333333333333,0.4333333333333333,0.4333333333333333,0.0,1.3333333333333333,75.77777777777777,20.9,38.91111111111111,19.504444444444445,1013.9,76.22222222222223,20.51111111111111,0.0,4.293333333333333,9.2355,105.4358,11.36,11.69,1,4,51,84,1970-01-21 11:28:41.960000000,1970-01-21 11:29:24.053333333,Đông,,,
Cà Mau,Đồng bằng sông Cửu Long,2026-01-26,25.255555555555556,29.055555555555557,22.844444444444445,27.433333333333337,31.06666666666667,25.48888888888889,0.1555555555555555,0.1555555555555555,0.0,1.2222222222222223,78.33333333333333,21.211111111111112,39.166666666666664,20.32,1014.1555555555556,15.22222222222222,20.85555555555555,0.0,4.342222222222222,9.2355,105.4358,11.282222222222224,11.697777777777778,1,5,51,87,1970-01-21 11:30:08.360000000,1970-01-21 11:30:50.466666666,Đông,,,
Cà Mau,Đồng bằng sông Cửu Long,2026-01-27,25.4,28.877777777777776,22.88888888888889,27.466666666666665,31.32222222222222,24.98888888888889,0.0444444444444444,0.0444444444444444,0.0,0.4444444444444444,75.55555555555556,18.822222222222223,35.98888888888889,20.697777777777777,1014.6111111111112,60.44444444444444,20.455555555555556,0.0,4.529999999999999,9.2355,105.4358,11.241111111111111,11.702222222222222,1,5,3,93,1970-01-21 11:31:34.760000000,1970-01-21 11:32:16.880000000,Đông,,,
Cà Mau,Đồng bằng sông Cửu Long,2026-01-28,25.333333333333332,28.833333333333332,22.799999999999997,27.655555555555555,30.966666666666665,25.844444444444445,0.5333333333333333,0.5333333333333333,0.0,3.888888888888889,78.33333333333333,20.200000000000003,37.96666666666667,18.686666666666667,1014.1777777777778,37.888888888888886,21.0,0.0,4.093333333333334,9.2355,105.4358,11.13,11.71,1,5,51,90,1970-01-21 11:33:01.160000000,1970-01-21 11:33:43.320000000,Đông,,,
Cà Mau,Đồng bằng sông Cửu Long,2026-01-29,25.555555555555557,29.5,22.91111111111111,27.833333333333332,32.077777777777776,25.344444444444445,0.1111111111111111,0.1111111111111111,0.0,0.6666666666666666,76.66666666666667,20.744444444444444,38.87777777777777,20.278888888888886,1013.9666666666668,45.44444444444444,20.87777777777778,0.0,4.386666666666667,9.2355,105.4358,11.172222222222222,11.717777777777778,1,5,3,93,1970-01-21 11:34:27.560000000,1970-01-21 11:35:09.740000000,Đông,,,
Cà Mau,Đồng bằng sông Cửu Long,2026-01-30,25.555555555555557,29.15555555555555,23.211111111111112,28.211111111111112,31.866666666666667,26.22222222222222,0.3888888888888889,0.3888888888888889,0.0,2.4444444444444446,79.0,18.955555555555556,35.75555555555556,19.504444444444445,1014.6111111111112,78.33333333333333,21.35555555555555,0.0,4.1722222222222225,9.2355,105.4358,11.056666666666665,11.72222222222222,1,5,51,93,1970-01-21 11:35:53.960000000,1970-01-21 11:36:36.146666666,Đông,,,
Cà Mau,Đồng bằng sông Cửu Long,2026-01-31,25.700000000000003,29.622222222222224,23.233333333333334,28.255555555555556,32.21111111111111,26.244444444444444,0.3888888888888889,0.3888888888888889,0.0,2.111111111111111,78.0,20.799999999999997,39.03333333333333,21.264444444444443,1014.4,60.0,21.266666666666666,0.0,4.5488888888888885,9.2355,105.4358,11.212222222222222,11.72777777777778,1,5,51,90,1970-01-21 11:37:20.360000000,1970-01-21 11:38:02.580000000,Đông,,,
Cà Mau,Đồng bằng sông Cửu Long,2026-02-01,25.88888888888889,30.366666666666667,22.91111111111111,27.755555555555556,32.2,25.188888888888886,0.1,0.1,0.0,0.3333333333333333,72.33333333333333,21.566666666666663,40.333333333333336,22.095555555555553,1014.0333333333332,93.22222222222224,20.033333333333335,0.0,5.09,9.2355,105.4358,11.453333333333331,11.736666666666666,2,5,3,70,1970-01-21 11:38:46.753333333,1970-01-21 11:39:29.000000000,Đông,,,
Cà Mau,Đồng bằng sông Cửu Long,2026-02-02,25.922222222222224,30.43333333333333,23.455555555555556,27.455555555555556,32.75555555555555,24.633333333333333,0.2777777777777778,0.2777777777777778,0.0,0.8888888888888888,71.88888888888889,21.799999999999997,39.08888888888889,21.343333333333337,1014.2,71.44444444444444,20.11111111111111,0.0,5.088888888888889,9.2355,105.4358,11.414444444444444,11.742222222222225,2,6,3,84,1970-01-21 11:40:13.153333333,1970-01-21 11:40:55.413333333,Đông,,,
Cà Mau,Đồng bằng sông Cửu Long,2026-02-03,26.522222222222226,30.35555555555555,23.833333333333332,28.299999999999997,32.02222222222222,25.788888888888888,0.5777777777777778,0.5777777777777778,0.0,2.888888888888889,71.88888888888889,26.37777777777778,46.74444444444444,20.487777777777776,1014.2666666666668,71.88888888888889,20.811111111111114,0.0,5.038888888888889,9.2355,105.4358,10.97,11.747777777777776,2,6,51,75,1970-01-21 11:41:39.546666666,1970-01-21 11:42:21.840000000,Đông,,,
Cà Mau,Đồng bằng sông Cửu Long,2026-02-04,26.6,30.22222222222222,23.833333333333332,29.055555555555557,33.81111111111111,26.555555555555557,0.1666666666666666,0.1666666666666666,0.0,0.7777777777777778,72.55555555555556,21.177777777777777,38.68888888888889,20.566666666666663,1013.8777777777776,63.77777777777778,21.0,0.0,4.857777777777778,9.2355,105.4358,11.227777777777778,11.756666666666668,2,6,51,82,1970-01-21 11:43:05.940000000,1970-01-21 11:43:48.260000000,Đông,,,
Cà Mau,Đồng bằng sông Cửu Long,2026-02-05,25.933333333333337,29.466666666666665,23.733333333333334,29.166666666666668,32.97777777777778,27.044444444444444,1.0333333333333334,1.0333333333333334,0.0,3.111111111111111,80.0,18.711111111111112,35.68888888888889,18.727777777777774,1013.5111111111112,84.0,22.08888888888889,0.0,3.966666666666667,9.2355,105.4358,11.035555555555554,11.762222222222222,2,6,51,93,1970-01-21 11:44:32.333333333,1970-01-21 11:45:14.666666666,Đông,,,
Cà Mau,Đồng bằng sông Cửu Long,2026-02-06,25.766666666666666,28.84444444444445,23.577777777777776,29.577777777777776,32.855555555555554,27.688888888888886,0.5222222222222223,0.5222222222222223,0.0,2.4444444444444446,80.77777777777777,16.266666666666666,32.266666666666666,19.03222222222222,1012.9,68.88888888888889,22.033333333333335,0.0,3.898888888888889,9.2355,105.4358,10.901111111111112,11.767777777777775,2,6,51,110,1970-01-21 11:45:58.726666666,1970-01-21 11:46:41.100000000,Đông,,,
Cà Mau,Đồng bằng sông Cửu Long,2026-02-07,26.233333333333334,29.64444444444445,23.799999999999997,29.944444444444443,33.855555555555554,27.744444444444444,0.4333333333333333,0.4333333333333333,0.0,2.4444444444444446,79.66666666666667,15.61111111111111,29.64444444444445,21.114444444444445,1012.1,64.88888888888889,22.155555555555555,0.0,4.4255555555555555,9.2355,105.4358,11.008888888888889,11.776666666666666,2,6,51,105,1970-01-21 11:47:25.100000000,1970-01-21 11:48:07.506666666,Đông,,,
Cà Mau,Đồng bằng sông Cửu Long,2026-02-08,25.744444444444444,28.54444444444444,23.744444444444444,27.688888888888886,30.08888888888889,25.966666666666665,0.5333333333333333,0.5333333333333333,0.0,4.0,76.55555555555556,25.1,46.41111111111111,21.012222222222224,1012.7,23.22222222222222,21.055555555555557,0.0,4.6466666666666665,9.2355,105.4358,11.314444444444444,11.783333333333331,2,6,51,103,1970-01-21 11:48:51.500000000,1970-01-21 11:49:33.920000000,Đông,,,
Cà Mau,Đồng bằng sông Cửu Long,2026-02-09,26.27777777777778,30.977777777777774,23.233333333333334,28.799999999999997,33.77777777777778,25.37777777777778,0.0,0.0,0.0,0.0,73.77777777777777,21.12222222222222,39.55555555555556,23.02777777777778,1011.7111111111112,45.77777777777778,20.866666666666667,0.0,5.092222222222222,9.2355,105.4358,11.526666666666667,11.792222222222222,2,7,3,83,1970-01-21 11:50:17.893333333,1970-01-21 11:51:00.333333333,Đông,,,
Cà Mau,Đồng bằng sông Cửu Long,2026-02-10,26.466666666666665,30.85555555555555,23.044444444444444,29.85555555555555,34.48888888888889,26.833333333333332,0.5777777777777778,0.5777777777777778,0.0,1.8888888888888888,76.88888888888889,19.188888888888886,35.15555555555556,20.944444444444443,1012.3888888888888,44.44444444444444,21.744444444444444,0.0,4.58,9.2355,105.4358,11.248888888888889,11.797777777777778,2,7,51,81,1970-01-21 11:51:44.286666666,1970-01-21 11:52:26.760000000,Đông,,,
Cà Mau,Đồng bằng sông Cửu Long,2026-02-11,27.022222222222226,30.633333333333333,24.455555555555556,29.311111111111114,32.833333333333336,26.844444444444445,0.7666666666666667,0.7666666666666667,0.0,3.2222222222222223,75.0,26.64444444444445,48.63333333333333,21.67,1013.5333333333332,85.88888888888889,21.944444444444443,0.0,5.076666666666666,9.2355,105.4358,11.001111111111111,11.806666666666668,2,7,53,76,1970-01-21 11:53:10.673333333,1970-01-21 11:53:53.166666666,Đông,,,
Cà Mau,Đồng bằng sông Cửu Long,2026-02-12,26.88888888888889,30.422222222222224,24.544444444444444,29.055555555555557,32.52222222222222,26.933333333333337,0.1444444444444444,0.1444444444444444,0.0,1.3333333333333333,74.22222222222223,26.677777777777777,48.577777777777776,22.29222222222222,1012.6333333333334,88.55555555555556,21.666666666666668,0.0,5.166666666666667,9.2355,105.4358,11.267777777777775,11.813333333333334,2,7,51,85,1970-01-21 11:54:37.046666666,1970-01-21 11:55:19.580000000,Đông,,,
Cà Mau,Đồng bằng sông Cửu Long,2026-02-13,26.85555555555556,30.65555555555555,24.433333333333337,29.055555555555557,32.93333333333333,26.58888888888889,0.0,0.0,0.0,0.0,72.0,22.844444444444445,42.43333333333333,20.497777777777777,1011.2,90.66666666666669,21.155555555555555,0.0,5.0,9.2355,105.4358,10.134444444444446,11.82,2,7,3,86,1970-01-21 11:56:03.440000000,1970-01-21 11:56:45.986666666,Đông,,,
Cà Mau,Đồng bằng sông Cửu Long,2026-02-14,27.044444444444444,30.944444444444443,24.533333333333335,29.58888888888889,32.82222222222222,27.98888888888889,0.0,0.0,0.0,0.0,71.77777777777777,24.066666666666663,44.44444444444444,22.007777777777775,1010.7,99.66666666666669,21.12222222222222,0.0,5.154444444444445,9.2355,105.4358,10.95,11.826666666666666,2,7,3,89,1970-01-21 11:57:29.833333333,1970-01-21 11:58:12.420000000,Đông,,,
Cà Mau,Đồng bằng sông Cửu Long,2026-02-15,27.233333333333334,31.688888888888886,24.533333333333335,29.622222222222224,34.82222222222222,27.455555555555556,0.9666666666666666,0.9666666666666666,0.0,0.5555555555555556,72.33333333333333,23.311111111111114,43.21111111111111,20.025555555555556,1010.0666666666668,84.22222222222223,21.555555555555557,0.0,4.9911111111111115,9.2355,105.4358,9.793333333333331,11.836666666666666,2,7,3,85,1970-01-21 11:58:56.213333333,1970-01-21 11:59:38.826666666,Đông,,,
Cà Mau,Đồng bằng sông Cửu Long,2026-02-16,27.48888888888889,31.35555555555555,25.1,29.755555555555556,33.67777777777778,27.433333333333337,0.1,0.1,0.0,0.6666666666666666,71.77777777777777,25.366666666666667,45.71111111111111,22.90222222222222,1009.422222222222,90.33333333333331,21.666666666666668,0.0,5.535555555555556,9.2355,105.4358,11.02888888888889,11.843333333333334,2,8,51,87,1970-01-21 12:00:22.580000000,1970-01-21 12:01:05.226666666,Đông,,,
Cà Mau,Đồng bằng sông Cửu Long,2026-02-17,27.333333333333332,30.922222222222224,24.9,28.977777777777774,32.52222222222222,27.188888888888886,0.0,0.0,0.0,0.0,71.22222222222223,28.54444444444444,51.833333333333336,23.555555555555557,1010.0111111111112,85.22222222222223,21.333333333333332,0.0,5.802222222222222,9.2355,105.4358,11.406666666666666,11.85,2,8,3,87,1970-01-21 12:01:48.973333333,1970-01-21 12:02:31.640000000,Đông,,,
Cà Mau,Đồng bằng sông Cửu Long,2026-02-18,27.77777777777778,31.977777777777774,24.833333333333332,29.022222222222226,33.25555555555556,26.4,0.0,0.0,0.0,0.0,67.44444444444444,29.466666666666665,52.46666666666667,23.84777777777778,1011.077777777778,87.55555555555556,20.77777777777778,0.0,6.332222222222223,9.2355,105.4358,11.27,11.856666666666666,2,8,3,80,1970-01-21 12:03:15.360000000,1970-01-21 12:03:58.040000000,Đông,,,
Cà Mau,Đồng bằng sông Cửu Long,2026-02-19,27.811111111111114,31.61111111111111,25.366666666666667,28.744444444444444,32.36666666666667,26.522222222222226,0.0,0.0,0.0,0.0,65.11111111111111,29.43333333333333,53.077777777777776,23.794444444444444,1012.5,76.33333333333333,20.211111111111112,0.0,6.462222222222222,9.2355,105.4358,11.375555555555556,11.866666666666667,2,8,3,79,1970-01-21 12:04:41.726666666,1970-01-21 12:05:24.446666666,Đông,,,
Cà Mau,Đồng bằng sông Cửu Long,2026-02-20,27.64444444444445,32.266666666666666,25.08888888888889,29.700000000000003,34.73333333333333,27.066666666666663,0.1222222222222222,0.1222222222222222,0.0,1.1111111111111112,68.44444444444444,22.577777777777776,41.733333333333334,22.97,1012.5333333333332,48.77777777777778,20.966666666666665,0.0,5.817777777777778,9.2355,105.4358,11.452222222222222,11.873333333333331,2,8,3,84,1970-01-21 12:06:08.113333333,1970-01-21 12:06:50.866666666,Đông,,,
Cà Mau,Đồng bằng sông Cửu Long,2026-02-21,26.977777777777774,31.4,24.233333333333334,29.744444444444444,34.93333333333333,26.788888888888888,0.3,0.3,0.0,1.4444444444444444,72.77777777777777,21.08888888888889,39.54444444444445,22.913333333333338,1010.077777777778,58.77777777777778,21.311111111111114,0.0,5.206666666666667,9.2355,105.4358,11.38888888888889,11.883333333333333,2,8,51,91,1970-01-21 12:07:34.493333333,1970-01-21 12:08:17.280000000,Đông,,,
Cà Mau,Đồng bằng sông Cửu Long,2026-02-22,26.555555555555557,30.56666666666667,23.577777777777776,30.922222222222224,35.37777777777777,28.12222222222222,0.7333333333333333,0.7333333333333333,0.0,4.555555555555555,79.44444444444444,15.833333333333334,30.533333333333335,22.076666666666668,1008.6222222222224,38.333333333333336,22.433333333333337,0.0,4.577777777777778,9.2355,105.4358,11.458888888888888,11.891111111111112,2,8,51,99,1970-01-21 12:09:00.860000000,1970-01-21 12:09:43.686666666,Đông,,,
Cà Mau,Đồng bằng sông Cửu Long,2026-02-23,26.666666666666668,30.577777777777776,24.022222222222226,30.577777777777776,34.91111111111111,28.555555555555557,1.0,1.0,0.0,3.4444444444444446,80.11111111111111,18.211111111111112,34.77777777777778,20.34777777777778,1009.0666666666668,69.66666666666667,22.655555555555555,0.0,4.344444444444445,9.2355,105.4358,11.02777777777778,11.898888888888887,2,9,51,98,1970-01-21 12:10:27.253333333,1970-01-21 12:11:10.086666666,Đông,,,
Cà Mau,Đồng bằng sông Cửu Long,2026-02-24,26.87777777777778,30.67777777777778,24.211111111111112,30.422222222222224,34.333333333333336,28.322222222222223,0.1222222222222222,0.1222222222222222,0.0,0.7777777777777778,77.77777777777777,17.72222222222222,33.43333333333333,20.683333333333337,1009.6,92.33333333333331,22.333333333333332,0.0,4.5744444444444445,9.2355,105.4358,11.101111111111113,11.906666666666666,2,9,51,100,1970-01-21 12:11:53.633333333,1970-01-21 12:12:36.493333333,Đông,,,
Cà Mau,Đồng bằng sông Cửu Long,2026-02-25,27.14444444444445,31.377777777777776,24.5,30.733333333333334,35.455555555555556,28.77777777777778,0.2222222222222222,0.2222222222222222,0.0,1.2222222222222223,77.11111111111111,20.255555555555556,38.077777777777776,20.880000000000003,1009.8,79.77777777777777,22.455555555555556,0.0,4.695555555555555,9.2355,105.4358,10.874444444444444,11.916666666666666,2,9,3,98,1970-01-21 12:13:20.000000000,1970-01-21 12:14:02.893333333,Đông,,,
Cà Mau,Đồng bằng sông Cửu Long,2026-02-26,25.744444444444444,29.200000000000003,24.233333333333334,29.766666666666666,33.3,27.87777777777778,14.733333333333333,14.733333333333333,0.0,14.555555555555555,84.11111111111111,14.811111111111112,30.799999999999997,13.703333333333331,1008.7999999999998,94.22222222222224,22.744444444444444,0.0,2.94,9.2355,105.4358,7.013333333333333,11.923333333333334,2,9,63,75,1970-01-21 12:14:46.380000000,1970-01-21 12:15:29.300000000,Đông,,,
Cà Mau,Đồng bằng sông Cửu Long,2026-02-27,25.61111111111111,29.366666666666667,23.833333333333332,30.5,34.611111111111114,28.433333333333337,28.84444444444445,28.84444444444445,0.0,16.77777777777778,88.11111111111111,13.366666666666667,27.299999999999997,13.952222222222222,1007.7777777777778,81.55555555555556,23.41111111111111,0.0,2.851111111111111,9.2355,105.4358,7.004444444444444,11.931111111111113,2,9,63,17,1970-01-21 12:16:12.740000000,1970-01-21 12:16:55.700000000,Đông,,,
Cà Mau,Đồng bằng sông Cửu Long,2026-02-28,26.255555555555556,30.41111111111111,22.944444444444443,31.56666666666667,36.922222222222224,27.788888888888888,1.9666666666666663,1.9666666666666663,0.0,6.222222222222222,84.88888888888889,10.288888888888888,23.744444444444444,20.677777777777777,1007.8555555555554,30.77777777777778,23.299999999999997,0.0,4.187777777777778,9.2355,105.4358,11.17111111111111,11.94,2,9,53,80,1970-01-21 12:17:39.133333333,1970-01-21 12:18:22.100000000,Đông,,,
Cà Mau,Đồng bằng sông Cửu Long,2026-03-01,27.066666666666663,31.08888888888889,24.666666666666668,32.86666666666667,38.48888888888889,30.21111111111111,4.388888888888889,4.388888888888889,0.0,7.0,84.55555555555556,10.455555555555556,26.233333333333334,20.768888888888892,1008.188888888889,25.77777777777778,24.077777777777776,0.0,4.193333333333333,9.2355,105.4358,11.146666666666668,11.948888888888888,3,9,53,100,1970-01-21 12:19:05.506666666,1970-01-21 12:19:48.506666666,Xuân,,,
Cà Mau,Đồng bằng sông Cửu Long,2026-03-02,27.6,30.877777777777776,25.311111111111114,33.31111111111111,37.84444444444445,31.011111111111113,1.7111111111111112,1.7111111111111112,0.0,6.555555555555555,83.44444444444444,10.911111111111111,26.299999999999997,21.704444444444444,1009.3444444444444,55.333333333333336,24.41111111111111,0.0,4.4255555555555555,9.2355,105.4358,11.697777777777778,11.956666666666669,3,10,51,130,1970-01-21 12:20:31.873333333,1970-01-21 12:21:14.920000000,Xuân,,,
Cà Mau,Đồng bằng sông Cửu Long,2026-03-03,27.88888888888889,31.366666666666667,25.01111111111111,33.455555555555556,37.91111111111111,30.43333333333333,0.8333333333333334,0.8333333333333334,0.0,4.666666666666667,81.0,10.644444444444444,23.688888888888886,22.846666666666668,1009.811111111111,80.55555555555556,24.12222222222222,0.0,4.746666666666666,9.2355,105.4358,11.752222222222224,11.963333333333331,3,10,51,139,1970-01-21 12:21:58.253333333,1970-01-21 12:22:41.320000000,Xuân,,,
Cà Mau,Đồng bằng sông Cửu Long,2026-03-04,27.944444444444443,31.288888888888884,25.333333333333332,33.28888888888889,37.22222222222222,30.91111111111111,1.011111111111111,1.011111111111111,0.0,3.4444444444444446,80.0,13.18888888888889,26.72222222222222,23.22222222222222,1009.9666666666668,34.666666666666664,23.933333333333337,0.0,4.857777777777778,9.2355,105.4358,11.698888888888888,11.971111111111112,3,10,51,131,1970-01-21 12:23:24.620000000,1970-01-21 12:24:07.726666666,Xuân,,,
Cà Mau,Đồng bằng sông Cửu Long,2026-03-05,27.422222222222224,30.988888888888887,24.9,32.03333333333333,36.400000000000006,29.444444444444443,1.6111111111111112,1.6111111111111112,0.0,4.222222222222222,80.11111111111111,16.977777777777778,33.75555555555556,21.934444444444445,1009.7000000000002,73.33333333333333,23.477777777777774,0.0,4.642222222222222,9.2355,105.4358,11.73,11.98,3,10,53,96,1970-01-21 12:24:51.000000000,1970-01-21 12:25:34.133333333,Xuân,,,
Cà Mau,Đồng bằng sông Cửu Long,2026-03-06,27.044444444444444,30.577777777777776,24.433333333333337,30.78888888888889,34.077777777777776,28.211111111111112,3.2111111111111112,3.2111111111111112,0.0,9.11111111111111,78.55555555555556,21.866666666666667,43.06666666666667,21.073333333333338,1010.5333333333332,48.666666666666664,22.788888888888888,0.0,4.558888888888889,9.2355,105.4358,11.556666666666665,11.99,3,10,53,47,1970-01-21 12:26:17.360000000,1970-01-21 12:27:00.533333333,Xuân,,,
Cà Mau,Đồng bằng sông Cửu Long,2026-03-07,27.166666666666668,30.377777777777776,24.64444444444445,29.733333333333334,32.67777777777778,28.166666666666668,0.5666666666666667,0.5666666666666667,0.0,3.4444444444444446,75.55555555555556,26.51111111111111,48.03333333333333,20.173333333333332,1011.2444444444444,57.888888888888886,22.200000000000003,0.0,4.85,9.2355,105.4358,10.893333333333333,12.0,3,10,51,73,1970-01-21 12:27:43.746666666,1970-01-21 12:28:26.933333333,Xuân,,,
Cà Mau,Đồng bằng sông Cửu Long,2026-03-08,27.077777777777776,30.34444444444445,24.58888888888889,29.877777777777776,33.94444444444444,27.444444444444443,0.8777777777777778,0.8777777777777778,0.0,4.777777777777778,73.55555555555556,20.977777777777774,38.888888888888886,22.84777777777778,1011.3555555555554,28.77777777777778,21.766666666666666,0.0,5.214444444444444,9.2355,105.4358,11.791111111111112,12.006666666666668,3,10,51,85,1970-01-21 12:29:10.100000000,1970-01-21 12:29:53.333333333,Xuân,,,
Cà Mau,Đồng bằng sông Cửu Long,2026-03-09,27.22222222222222,30.32222222222222,25.044444444444444,30.577777777777776,34.2,28.255555555555556,1.4,1.4,0.0,7.0,77.22222222222223,19.799999999999997,37.08888888888889,22.145555555555557,1011.7999999999998,30.77777777777778,22.711111111111112,0.0,4.9,9.2355,105.4358,11.801111111111112,12.013333333333334,3,11,51,86,1970-01-21 12:30:36.486666666,1970-01-21 12:31:19.733333333,Xuân,,,
Cà Mau,Đồng bằng sông Cửu Long,2026-03-10,27.677777777777777,31.055555555555557,25.4,30.166666666666668,33.53333333333333,28.177777777777777,0.3,0.3,0.0,2.111111111111111,73.88888888888889,26.177777777777777,47.32222222222222,23.443333333333335,1012.3333333333334,29.77777777777778,22.333333333333332,0.0,5.554444444444445,9.2355,105.4358,11.811111111111112,12.02111111111111,3,11,51,84,1970-01-21 12:32:02.840000000,1970-01-21 12:32:46.133333333,Xuân,,,
Cà Mau,Đồng bằng sông Cửu Long,2026-03-11,27.455555555555556,30.88888888888889,25.155555555555555,29.944444444444443,33.82222222222222,27.677777777777777,0.5,0.5,0.0,1.7777777777777777,72.33333333333333,22.466666666666665,43.27777777777778,23.866666666666667,1011.577777777778,55.666666666666664,21.77777777777778,0.0,5.58,9.2355,105.4358,11.813333333333334,12.03,3,11,51,83,1970-01-21 12:33:29.220000000,1970-01-21 12:34:12.533333333,Xuân,,,
Cà Mau,Đồng bằng sông Cửu Long,2026-03-12,27.155555555555555,30.511111111111113,25.14444444444445,29.311111111111114,32.74444444444444,27.344444444444445,0.4222222222222222,0.4222222222222222,0.0,3.3333333333333335,73.55555555555556,25.98888888888889,47.8,23.686666666666667,1010.9,20.333333333333332,21.799999999999997,0.0,5.483333333333333,9.2355,105.4358,11.765555555555556,12.04,3,11,51,86,1970-01-21 12:34:55.573333333,1970-01-21 12:35:38.933333333,Xuân,,,
Cà Mau,Đồng bằng sông Cửu Long,2026-03-13,26.944444444444443,30.21111111111111,24.811111111111114,28.56666666666667,31.43333333333333,26.37777777777778,0.2,0.2,0.0,1.8888888888888888,71.33333333333333,29.72222222222222,52.922222222222224,24.243333333333332,1011.3777777777776,9.555555555555555,21.055555555555557,0.0,5.725555555555555,9.2355,105.4358,11.834444444444443,12.05,3,11,51,85,1970-01-21 12:36:21.953333333,1970-01-21 12:37:05.326666666,Xuân,,,
Cà Mau,Đồng bằng sông Cửu Long,2026-03-14,27.14444444444445,30.733333333333334,24.833333333333332,29.200000000000003,32.74444444444444,26.766666666666666,0.6888888888888889,0.6888888888888889,0.0,3.2222222222222223,72.22222222222223,25.955555555555556,47.51111111111111,22.896666666666665,1012.3555555555554,12.0,21.433333333333337,0.0,5.476666666666667,9.2355,105.4358,11.844444444444443,12.06,3,11,53,82,1970-01-21 12:37:48.313333333,1970-01-21 12:38:31.726666666,Xuân,,,
Cà Mau,Đồng bằng sông Cửu Long,2026-03-15,27.233333333333334,30.755555555555556,24.688888888888886,29.255555555555556,32.766666666666666,26.955555555555556,0.4555555555555555,0.4555555555555555,0.0,2.888888888888889,72.55555555555556,28.244444444444444,50.77777777777778,23.885555555555555,1012.8,12.77777777777778,21.62222222222222,0.0,5.657777777777778,9.2355,105.4358,11.852222222222222,12.07,3,11,51,82,1970-01-21 12:39:14.686666666,1970-01-21 12:39:58.126666666,Xuân,,,
Cà Mau,Đồng bằng sông Cửu Long,2026-03-16,26.85555555555555,30.200000000000003,24.62222222222222,28.922222222222224,32.53333333333333,26.744444444444444,0.2222222222222222,0.2222222222222222,0.0,1.5555555555555556,73.66666666666667,25.822222222222223,47.21111111111111,24.31222222222222,1011.7,9.11111111111111,21.533333333333335,0.0,5.54111111111111,9.2355,105.4358,11.862222222222222,12.073333333333332,3,12,51,87,1970-01-21 12:40:41.053333333,1970-01-21 12:41:24.526666666,Xuân,,,
Cà Mau,Đồng bằng sông Cửu Long,2026-03-17,26.833333333333332,30.033333333333335,24.62222222222222,29.27777777777778,32.91111111111111,27.211111111111112,0.5555555555555556,0.5555555555555556,0.0,3.3333333333333335,74.0,23.27777777777778,42.98888888888889,23.954444444444444,1011.7555555555556,64.11111111111111,21.633333333333333,0.0,5.37,9.2355,105.4358,11.871111111111112,12.08,3,12,51,96,1970-01-21 12:42:07.420000000,1970-01-21 12:42:50.920000000,Xuân,,,
Cà Mau,Đồng bằng sông Cửu Long,2026-03-18,26.866666666666667,30.21111111111111,24.566666666666663,29.91111111111111,33.955555555555556,27.5,0.4222222222222222,0.4222222222222222,0.0,2.6666666666666665,76.0,19.966666666666665,37.78888888888889,23.211111111111112,1012.1,36.333333333333336,22.077777777777776,0.0,5.098888888888889,9.2355,105.4358,11.881111111111112,12.09,3,12,51,108,1970-01-21 12:43:33.793333333,1970-01-21 12:44:17.320000000,Xuân,,,
Cà Mau,Đồng bằng sông Cửu Long,2026-03-19,26.62222222222222,30.21111111111111,23.833333333333332,29.833333333333332,33.5,27.700000000000003,0.2111111111111111,0.2111111111111111,0.0,1.4444444444444444,76.11111111111111,18.933333333333337,36.8,22.317777777777778,1011.8222222222222,26.444444444444443,21.799999999999997,0.0,4.9,9.2355,105.4358,11.825555555555557,12.1,3,12,51,106,1970-01-21 12:45:00.153333333,1970-01-21 12:45:43.713333333,Xuân,,,
Cà Mau,Đồng bằng sông Cửu Long,2026-03-20,26.655555555555555,29.977777777777774,24.066666666666663,30.166666666666668,34.333333333333336,28.11111111111111,0.4,0.4,0.0,2.3333333333333335,76.33333333333333,17.11111111111111,32.96666666666667,21.880000000000003,1011.8333333333334,66.11111111111111,21.91111111111111,0.0,4.756666666666667,9.2355,105.4358,11.901111111111112,12.11,3,12,51,115,1970-01-21 12:46:26.526666666,1970-01-21 12:47:10.113333333,Xuân,,,
Cà Mau,Đồng bằng sông Cửu Long,2026-03-21,26.977777777777774,30.977777777777774,24.11111111111111,30.32222222222222,34.44444444444444,28.14444444444445,0.1111111111111111,0.1111111111111111,0.0,0.6666666666666666,76.22222222222223,19.866666666666667,36.81111111111111,22.94666666666667,1011.8,33.44444444444444,22.14444444444445,0.0,5.093333333333334,9.2355,105.4358,11.91,12.12,3,12,3,101,1970-01-21 12:47:52.886666666,1970-01-21 12:48:36.506666666,Xuân,,,
Cà Mau,Đồng bằng sông Cửu Long,2026-03-22,27.344444444444445,30.833333333333332,24.755555555555556,30.41111111111111,34.13333333333333,28.67777777777778,0.0666666666666666,0.0666666666666666,0.0,0.6666666666666666,74.66666666666667,21.577777777777776,40.68888888888889,23.811111111111114,1011.3777777777776,27.0,22.055555555555557,0.0,5.404444444444445,9.2355,105.4358,11.918888888888889,12.13,3,12,2,96,1970-01-21 12:49:19.266666666,1970-01-21 12:50:02.906666666,Xuân,,,
Cà Mau,Đồng bằng sông Cửu Long,2026-03-23,27.01111111111111,30.444444444444443,24.466666666666665,30.58888888888889,34.27777777777778,28.477777777777774,0.8777777777777778,0.8777777777777778,0.0,5.444444444444445,78.55555555555556,19.833333333333332,37.166666666666664,22.757777777777775,1010.9444444444443,28.11111111111111,22.655555555555555,0.0,4.922222222222222,9.2355,105.4358,11.927777777777775,12.133333333333333,3,13,51,101,1970-01-21 12:50:45.613333333,1970-01-21 12:51:29.300000000,Xuân,,,
Cà Mau,Đồng bằng sông Cửu Long,2026-03-24,27.233333333333334,30.88888888888889,24.38888888888889,30.622222222222224,35.044444444444444,28.1,0.0444444444444444,0.0444444444444444,0.0,0.4444444444444444,74.88888888888889,18.066666666666663,34.96666666666667,24.802222222222223,1009.922222222222,18.88888888888889,22.077777777777776,0.0,5.471111111111111,9.2355,105.4358,11.935555555555556,12.14,3,13,2,101,1970-01-21 12:52:12.000000000,1970-01-21 12:52:55.700000000,Xuân,,,
Cà Mau,Đồng bằng sông Cửu Long,2026-03-25,27.033333333333335,31.311111111111114,23.87777777777778,30.633333333333333,35.5,28.12222222222222,0.3111111111111111,0.3111111111111111,0.0,2.5555555555555554,76.66666666666667,19.766666666666666,36.75555555555556,23.93,1010.0444444444444,50.111111111111114,22.233333333333334,0.0,5.234444444444445,9.2355,105.4358,11.94222222222222,12.15,3,13,51,99,1970-01-21 12:53:38.353333333,1970-01-21 12:54:22.093333333,Xuân,,,
Cà Mau,Đồng bằng sông Cửu Long,2026-03-26,27.177777777777777,31.41111111111111,24.41111111111111,30.65555555555555,34.766666666666666,28.54444444444444,0.1111111111111111,0.1111111111111111,0.0,1.0,75.77777777777777,19.299999999999997,36.91111111111111,22.86333333333333,1010.0222222222224,36.44444444444444,22.22222222222222,0.0,5.125555555555556,9.2355,105.4358,11.952222222222222,12.16,3,13,51,109,1970-01-21 12:55:04.726666666,1970-01-21 12:55:48.493333333,Xuân,,,
Cà Mau,Đồng bằng sông Cửu Long,2026-03-27,27.37777777777778,31.54444444444444,24.344444444444445,30.833333333333332,35.28888888888889,28.54444444444444,0.1222222222222222,0.1222222222222222,0.0,0.7777777777777778,73.11111111111111,17.01111111111111,31.43333333333333,25.337777777777777,1009.8,16.555555555555557,21.62222222222222,0.0,5.676666666666666,9.2355,105.4358,11.962222222222222,12.17,3,13,51,119,1970-01-21 12:56:31.093333333,1970-01-21 12:57:14.893333333,Xuân,,,
Cà Mau,Đồng bằng sông Cửu Long,2026-03-28,27.333333333333332,31.033333333333335,24.522222222222226,30.67777777777778,34.71111111111111,28.14444444444445,0.0,0.0,0.0,0.0,73.44444444444444,18.344444444444445,37.400000000000006,24.822222222222223,1009.2333333333332,45.55555555555556,21.822222222222223,0.0,5.511111111111111,9.2355,105.4358,11.971111111111112,12.18,3,13,3,115,1970-01-21 12:57:57.460000000,1970-01-21 12:58:41.293333333,Xuân,,,
Cà Mau,Đồng bằng sông Cửu Long,2026-03-29,27.788888888888888,31.84444444444445,24.577777777777776,32.06666666666667,36.333333333333336,29.055555555555557,0.1222222222222222,0.1222222222222222,0.0,1.1111111111111112,76.44444444444444,18.944444444444443,37.46666666666667,26.03222222222222,1009.6111111111112,40.888888888888886,22.87777777777778,0.0,5.627777777777777,9.2355,105.4358,11.981111111111112,12.186666666666666,3,13,51,111,1970-01-21 12:59:23.833333333,1970-01-21 13:00:07.693333333,Xuân,,,
Cà Mau,Đồng bằng sông Cửu Long,2026-03-30,28.1,31.95555555555556,25.155555555555555,32.766666666666666,37.21111111111111,30.333333333333332,0.6555555555555556,0.6555555555555556,0.0,2.0,77.0,14.466666666666663,29.67777777777778,24.215555555555554,1010.2333333333332,30.88888888888889,23.311111111111114,0.0,5.288888888888889,9.2355,105.4358,11.99,12.193333333333332,3,14,3,129,1970-01-21 13:00:50.186666666,1970-01-21 13:01:34.093333333,Xuân,,,
Cà Mau,Đồng bằng sông Cửu Long,2026-03-31,27.91111111111111,31.65555555555555,25.27777777777778,32.82222222222222,37.65555555555555,30.366666666666667,1.3555555555555554,1.3555555555555554,0.0,4.222222222222222,78.33333333333333,13.22222222222222,27.555555555555557,22.994444444444444,1010.6222222222224,34.55555555555556,23.48888888888889,0.0,4.935555555555556,9.2355,105.4358,11.937777777777775,12.20111111111111,3,14,3,129,1970-01-21 13:02:16.566666666,1970-01-21 13:03:00.493333333,Xuân,,,
Cà Mau,Đồng bằng sông Cửu Long,2026-04-01,27.966666666666665,32.2,24.88888888888889,32.43333333333333,37.31111111111111,29.733333333333334,0.1,0.1,0.0,0.7777777777777778,76.11111111111111,17.333333333333332,34.71111111111111,24.724444444444444,1010.3222222222222,11.666666666666666,22.966666666666665,0.0,5.435555555555556,9.2355,105.4358,12.0,12.21,4,14,1,115,1970-01-21 13:03:42.920000000,1970-01-21 13:04:26.893333333,Xuân,,,
Cà Mau,Đồng bằng sông Cửu Long,2026-04-02,28.188888888888886,32.25555555555556,25.033333333333335,31.811111111111114,36.41111111111111,29.488888888888887,0.1222222222222222,0.1222222222222222,0.0,1.0,71.22222222222223,18.299999999999997,35.41111111111111,25.058888888888887,1010.9666666666668,13.666666666666666,22.044444444444444,0.0,5.811111111111111,9.2355,105.4358,12.0,12.22,4,14,51,112,1970-01-21 13:05:09.306666666,1970-01-21 13:05:53.293333333,Xuân,,,
Cà Mau,Đồng bằng sông Cửu Long,2026-04-03,28.155555555555555,31.966666666666665,25.12222222222222,31.38888888888889,35.43333333333333,29.299999999999997,0.0,0.0,0.0,0.0,68.44444444444444,18.422222222222224,34.833333333333336,22.95888888888889,1010.2555555555556,44.77777777777778,21.37777777777778,0.0,5.54111111111111,9.2355,105.4358,12.0,12.23,4,14,3,123,1970-01-21 13:06:35.653333333,1970-01-21 13:07:19.693333333,Xuân,,,
Cà Mau,Đồng bằng sông Cửu Long,2026-04-04,28.188888888888886,32.733333333333334,23.833333333333332,32.544444444444444,37.68888888888889,28.6,0.0222222222222222,0.0222222222222222,0.0,0.2222222222222222,72.22222222222223,16.87777777777778,32.87777777777777,24.154444444444444,1008.811111111111,51.55555555555556,22.255555555555556,0.0,5.446666666666667,9.2355,105.4358,12.0,12.238888888888887,4,14,3,159,1970-01-21 13:08:02.026666666,1970-01-21 13:08:46.080000000,Xuân,,,
Cà Mau,Đồng bằng sông Cửu Long,2026-04-05,28.56666666666667,32.81111111111111,24.87777777777778,33.15555555555555,38.17777777777778,30.15555555555555,0.0,0.0,0.0,0.0,73.0,16.055555555555557,31.4,25.702222222222225,1008.5,18.0,22.811111111111114,0.0,5.767777777777777,9.2355,105.4358,12.0,12.246666666666666,4,14,3,183,1970-01-21 13:09:28.393333333,1970-01-21 13:10:12.480000000,Xuân,,,
Cà Mau,Đồng bằng sông Cửu Long,2026-04-06,28.71111111111111,32.922222222222224,24.87777777777778,33.08888888888889,37.82222222222222,29.511111111111113,0.0,0.0,0.0,0.0,72.11111111111111,16.01111111111111,32.13333333333333,26.14444444444445,1009.8222222222222,6.111111111111111,22.788888888888888,0.0,5.9433333333333325,9.2355,105.4358,12.0,12.253333333333334,4,15,1,181,1970-01-21 13:10:54.760000000,1970-01-21 13:11:38.873333333,Xuân,,,
Cà Mau,Đồng bằng sông Cửu Long,2026-04-07,29.444444444444443,34.67777777777778,25.255555555555556,34.166666666666664,39.599999999999994,30.85555555555555,0.0,0.0,0.0,0.0,72.33333333333333,18.0,34.31111111111111,25.667777777777776,1010.2111111111112,50.0,23.133333333333333,0.0,5.943333333333333,9.2355,105.4358,12.0,12.261111111111113,4,15,3,192,1970-01-21 13:12:21.126666666,1970-01-21 13:13:05.273333333,Xuân,,,
Cà Mau,Đồng bằng sông Cửu Long,2026-04-08,29.41111111111111,34.02222222222222,26.066666666666663,34.47777777777778,39.22222222222222,32.111111111111114,0.2555555555555555,0.2555555555555555,0.0,1.0,74.88888888888889,17.4,34.52222222222222,25.301111111111112,1010.311111111111,36.0,23.85555555555555,0.0,5.7444444444444445,9.2355,105.4358,12.0,12.27,4,15,3,159,1970-01-21 13:13:47.480000000,1970-01-21 13:14:31.673333333,Xuân,,,
Cà Mau,Đồng bằng sông Cửu Long,2026-04-09,29.077777777777776,32.833333333333336,26.311111111111114,33.666666666666664,37.75555555555556,31.58888888888889,0.0111111111111111,0.0111111111111111,0.0,0.1111111111111111,72.66666666666667,15.22222222222222,29.95555555555556,25.038888888888888,1011.0,16.88888888888889,23.266666666666666,0.0,5.745555555555556,9.2355,105.4358,12.0,12.28,4,15,1,149,1970-01-21 13:15:13.866666666,1970-01-21 13:15:58.073333333,Xuân,,,
Cà Mau,Đồng bằng sông Cửu Long,2026-04-10,29.04444444444444,33.233333333333334,25.344444444444445,33.611111111111114,38.62222222222223,30.511111111111113,0.0,0.0,0.0,0.0,70.22222222222223,15.255555555555556,30.477777777777774,25.88,1011.0888888888888,33.0,22.555555555555557,0.0,5.86,9.2355,105.4358,12.0,12.286666666666669,4,15,3,159,1970-01-21 13:16:40.220000000,1970-01-21 13:17:24.473333333,Xuân,,,
Cà Mau,Đồng bằng sông Cửu Long,2026-04-11,29.61111111111111,34.2,26.299999999999997,34.27777777777778,39.111111111111114,31.6,0.1,0.1,0.0,0.5555555555555556,70.66666666666667,16.755555555555556,32.21111111111111,24.892222222222223,1010.0222222222224,22.444444444444443,23.166666666666668,0.0,5.771111111111111,9.2355,105.4358,12.0,12.296666666666669,4,15,3,183,1970-01-21 13:18:06.606666666,1970-01-21 13:18:50.873333333,Xuân,,,
Cà Mau,Đồng bằng sông Cửu Long,2026-04-12,29.244444444444444,32.96666666666667,25.655555555555555,33.855555555555554,37.666666666666664,31.14444444444445,0.2555555555555555,0.2555555555555555,0.0,1.4444444444444444,72.11111111111111,16.766666666666666,33.15555555555555,24.763333333333335,1009.0888888888888,8.777777777777779,23.255555555555556,0.0,5.7444444444444445,9.2355,105.4358,12.0,12.303333333333336,4,15,51,176,1970-01-21 13:19:32.960000000,1970-01-21 13:20:17.273333333,Xuân,,,
Cà Mau,Đồng bằng sông Cửu Long,2026-04-13,29.311111111111114,32.86666666666667,26.077777777777776,34.0,37.922222222222224,31.033333333333335,0.2555555555555555,0.2555555555555555,0.0,1.6666666666666667,72.22222222222223,14.6,31.244444444444444,24.92111111111111,1010.0111111111112,22.0,23.41111111111111,0.0,5.696666666666667,9.2355,105.4358,12.0,12.313333333333334,4,16,3,159,1970-01-21 13:20:59.346666666,1970-01-21 13:21:43.673333333,Xuân,,,
Cà Mau,Đồng bằng sông Cửu Long,2026-04-14,29.422222222222224,33.111111111111114,26.455555555555556,34.611111111111114,39.111111111111114,32.08888888888889,0.5777777777777778,0.5777777777777778,0.0,4.0,72.44444444444444,13.422222222222222,28.033333333333335,23.98111111111111,1009.6777777777778,19.0,23.711111111111112,0.0,5.384444444444444,9.2355,105.4358,12.0,12.32,4,16,51,157,1970-01-21 13:22:25.706666666,1970-01-21 13:23:10.073333333,Xuân,,,
Cà Mau,Đồng bằng sông Cửu Long,2026-04-15,29.34444444444445,33.02222222222222,26.344444444444445,33.71111111111111,38.17777777777778,31.45555555555556,0.0555555555555555,0.0555555555555555,0.0,0.3333333333333333,68.22222222222223,14.5,31.06666666666667,24.4,1008.8222222222222,55.22222222222222,22.577777777777776,0.0,5.696666666666667,9.2355,105.4358,11.998888888888889,12.326666666666666,4,16,3,148,1970-01-21 13:23:52.086666666,1970-01-21 13:24:36.473333333,Xuân,,,
Cà Mau,Đồng bằng sông Cửu Long,2026-04-16,29.27777777777778,33.25555555555556,26.177777777777777,33.44444444444444,38.36666666666667,31.11111111111111,0.0111111111111111,0.0111111111111111,0.0,0.1111111111111111,68.22222222222223,16.355555555555554,32.922222222222224,25.626666666666665,1008.8555555555556,18.555555555555557,22.455555555555556,0.0,6.053333333333333,9.2355,105.4358,12.0,12.336666666666666,4,16,3,131,1970-01-21 13:25:18.446666666,1970-01-21 13:26:02.873333333,Xuân,,,
Cà Mau,Đồng bằng sông Cửu Long,2026-04-17,29.58888888888889,33.5,26.322222222222223,34.01111111111111,38.67777777777778,31.133333333333333,0.0777777777777777,0.0777777777777777,0.0,0.6666666666666666,67.22222222222223,16.955555555555556,32.611111111111114,24.95888888888889,1009.2777777777778,26.22222222222222,22.477777777777774,0.0,5.823333333333333,9.2355,105.4358,12.0,12.343333333333334,4,16,3,144,1970-01-21 13:26:44.826666666,1970-01-21 13:27:29.273333333,Xuân,,,
Cà Mau,Đồng bằng sông Cửu Long,2026-04-18,29.511111111111113,33.28888888888889,26.11111111111111,33.7,37.666666666666664,31.22222222222222,0.0333333333333333,0.0333333333333333,0.0,0.3333333333333333,68.55555555555556,17.933333333333334,35.34444444444444,25.073333333333338,1009.0666666666668,40.333333333333336,22.522222222222226,0.0,6.022222222222222,9.2355,105.4358,12.0,12.353333333333332,4,16,3,120,1970-01-21 13:28:11.200000000,1970-01-21 13:28:55.673333333,Xuân,,,
Cà Mau,Đồng bằng sông Cửu Long,2026-04-19,29.64444444444445,32.87777777777777,26.955555555555556,33.855555555555554,37.27777777777778,31.944444444444443,0.4666666666666667,0.4666666666666667,0.0,3.3333333333333335,68.55555555555556,17.155555555555555,34.75555555555556,23.89888888888889,1009.077777777778,39.666666666666664,23.0,0.0,5.743333333333333,9.2355,105.4358,12.0,12.36,4,16,51,126,1970-01-21 13:29:37.573333333,1970-01-21 13:30:22.073333333,Xuân,,,
Cà Mau,Đồng bằng sông Cửu Long,2026-04-20,29.366666666666667,32.72222222222222,26.37777777777778,33.02222222222222,36.53333333333333,30.9,0.4111111111111111,0.4111111111111111,0.0,2.2222222222222223,66.55555555555556,17.62222222222222,36.233333333333334,23.88888888888889,1009.3555555555554,54.77777777777778,22.133333333333333,0.0,5.944444444444445,9.2355,105.4358,11.922222222222222,12.366666666666667,4,17,51,105,1970-01-21 13:31:03.953333333,1970-01-21 13:31:48.473333333,Xuân,,,
Cà Mau,Đồng bằng sông Cửu Long,2026-04-21,29.077777777777776,32.922222222222224,25.744444444444444,31.5,36.06666666666667,28.066666666666663,0.0,0.0,0.0,0.0,59.333333333333336,17.977777777777778,35.87777777777777,24.40888888888889,1008.9333333333332,55.666666666666664,20.0,0.0,6.347777777777777,9.2355,105.4358,12.0,12.376666666666669,4,17,3,115,1970-01-21 13:32:30.320000000,1970-01-21 13:33:14.873333333,Xuân,,,
Cà Mau,Đồng bằng sông Cửu Long,2026-04-22,29.0,33.27777777777778,25.48888888888889,31.877777777777776,36.75555555555556,28.622222222222224,0.0,0.0,0.0,0.0,61.77777777777778,19.88888888888889,37.72222222222222,25.775555555555556,1008.4555555555556,25.22222222222222,20.48888888888889,0.0,6.394444444444444,9.2355,105.4358,12.0,12.383333333333333,4,17,3,126,1970-01-21 13:33:56.700000000,1970-01-21 13:34:41.273333333,Xuân,,,
Cà Mau,Đồng bằng sông Cửu Long,2026-04-23,29.06666666666667,32.78888888888889,25.98888888888889,32.7,36.733333333333334,30.011111111111113,0.0,0.0,0.0,0.0,66.22222222222223,16.72222222222222,33.77777777777778,26.54888888888889,1008.1333333333334,12.0,21.655555555555555,0.0,6.279999999999999,9.2355,105.4358,12.0,12.393333333333334,4,17,3,146,1970-01-21 13:35:23.060000000,1970-01-21 13:36:07.680000000,Xuân,,,
Cà Mau,Đồng bằng sông Cửu Long,2026-04-24,29.21111111111111,32.833333333333336,25.866666666666667,33.22222222222222,37.46666666666667,30.733333333333334,0.0,0.0,0.0,0.0,68.33333333333333,16.033333333333335,32.111111111111114,25.43888888888889,1008.6,70.22222222222223,22.311111111111114,0.0,6.077777777777778,9.2355,105.4358,12.0,12.4,4,17,3,124,1970-01-21 13:36:49.446666666,1970-01-21 13:37:34.086666666,Xuân,,,
Cà Mau,Đồng bằng sông Cửu Long,2026-04-25,29.299999999999997,33.21111111111111,25.744444444444444,33.56666666666667,37.75555555555556,30.299999999999997,0.3222222222222222,0.3222222222222222,0.0,1.8888888888888888,71.77777777777777,17.955555555555556,36.27777777777778,23.96444444444445,1009.8666666666666,40.44444444444444,23.299999999999997,0.0,5.712222222222222,9.2355,105.4358,12.0,12.406666666666666,4,17,51,101,1970-01-21 13:38:15.806666666,1970-01-21 13:39:00.486666666,Xuân,,,
Cà Mau,Đồng bằng sông Cửu Long,2026-04-26,29.744444444444444,33.65555555555555,26.133333333333333,33.955555555555556,37.644444444444446,30.28888888888889,0.2555555555555556,0.2555555555555556,0.0,1.5555555555555556,70.55555555555556,19.344444444444445,38.111111111111114,24.64888888888889,1009.4888888888888,37.22222222222222,23.366666666666667,0.0,5.976666666666667,9.2355,105.4358,12.0,12.416666666666666,4,17,51,94,1970-01-21 13:39:42.193333333,1970-01-21 13:40:26.893333333,Xuân,,,
Cà Mau,Đồng bằng sông Cửu Long,2026-04-27,29.78888888888889,33.74444444444444,26.62222222222222,34.422222222222224,38.03333333333333,31.977777777777774,0.3111111111111111,0.3111111111111111,0.0,2.5555555555555554,74.0,21.311111111111114,40.56666666666667,24.59,1008.7111111111112,52.22222222222222,24.255555555555556,0.0,5.8311111111111105,9.2355,105.4358,12.0,12.423333333333334,4,18,51,100,1970-01-21 13:41:08.580000000,1970-01-21 13:41:53.293333333,Xuân,,,
Cà Mau,Đồng bằng sông Cửu Long,2026-04-28,30.0,33.68888888888889,27.188888888888886,34.65555555555555,38.388888888888886,32.56666666666667,0.0333333333333333,0.0333333333333333,0.0,0.3333333333333333,70.66666666666667,17.655555555555555,34.68888888888889,24.836666666666662,1008.7444444444444,75.88888888888889,23.64444444444445,0.0,5.972222222222222,9.2355,105.4358,12.0,12.432222222222222,4,18,3,118,1970-01-21 13:42:34.940000000,1970-01-21 13:43:19.693333333,Xuân,,,
Cà Mau,Đồng bằng sông Cửu Long,2026-04-29,29.666666666666668,33.8,26.14444444444445,34.611111111111114,39.233333333333334,31.88888888888889,0.1,0.1,0.0,0.5555555555555556,71.0,14.333333333333334,29.71111111111111,24.80444444444445,1009.3444444444444,70.44444444444444,23.333333333333332,0.0,5.754444444444444,9.2355,105.4358,12.0,12.437777777777775,4,18,3,117,1970-01-21 13:44:01.326666666,1970-01-21 13:44:46.100000000,Xuân,,,
Cà Mau,Đồng bằng sông Cửu Long,2026-04-30,30.011111111111113,34.13333333333333,26.522222222222226,34.75555555555556,38.32222222222222,32.355555555555554,0.2888888888888889,0.2888888888888889,0.0,2.111111111111111,72.0,19.566666666666663,38.12222222222223,24.162222222222223,1009.7222222222222,48.55555555555556,23.922222222222224,0.0,5.83,9.2355,105.4358,12.0,12.443333333333332,4,18,51,93,1970-01-21 13:45:27.706666666,1970-01-21 13:46:12.500000000,Xuân,,,
Cà Mau,Đồng bằng sông Cửu Long,2026-05-01,29.28888888888889,32.48888888888889,26.64444444444445,33.76666666666667,36.62222222222223,31.966666666666665,2.888888888888889,2.888888888888889,0.0,6.777777777777778,76.44444444444444,24.766666666666666,48.0,22.481111111111108,1009.6666666666666,71.0,24.466666666666665,0.0,5.260000000000001,9.2355,105.4358,12.0,12.452222222222222,5,18,53,98,1970-01-21 13:46:54.080000000,1970-01-21 13:47:38.900000000,Xuân,,,
Cà Mau,Đồng bằng sông Cửu Long,2026-05-02,29.366666666666667,32.82222222222222,26.288888888888888,34.044444444444444,37.8,30.43333333333333,2.522222222222222,2.522222222222222,0.0,6.444444444444445,73.77777777777777,19.455555555555556,39.52222222222222,22.935555555555553,1009.1333333333334,72.33333333333333,23.98888888888889,0.0,5.301111111111111,9.2355,105.4358,11.865555555555554,12.457777777777778,5,18,53,100,1970-01-21 13:48:20.466666666,1970-01-21 13:49:05.306666666,Xuân,,,
Cà Mau,Đồng bằng sông Cửu Long,2026-05-03,29.200000000000003,32.455555555555556,27.055555555555557,34.47777777777778,37.52222222222222,32.67777777777778,6.733333333333333,6.733333333333333,0.0,6.333333333333333,76.77777777777777,18.444444444444443,41.077777777777776,19.49,1008.9777777777776,100.0,24.544444444444444,0.0,4.432222222222222,9.2355,105.4358,9.822222222222225,12.466666666666669,5,18,63,100,1970-01-21 13:49:46.860000000,1970-01-21 13:50:31.720000000,Xuân,,,
Cà Mau,Đồng bằng sông Cửu Long,2026-05-04,29.255555555555556,33.05555555555556,26.58888888888889,34.422222222222224,38.62222222222223,32.2,4.544444444444444,4.544444444444444,0.0,9.0,77.0,18.833333333333332,37.87777777777777,21.274444444444445,1009.7111111111112,89.33333333333333,24.577777777777776,0.0,4.914444444444445,9.2355,105.4358,11.432222222222222,12.47222222222222,5,19,53,88,1970-01-21 13:51:13.220000000,1970-01-21 13:51:58.133333333,Xuân,,,
Cà Mau,Đồng bằng sông Cửu Long,2026-05-05,29.011111111111113,32.8,26.666666666666668,33.7,37.25555555555556,31.755555555555556,8.133333333333333,8.133333333333333,0.0,12.666666666666666,77.11111111111111,21.01111111111111,41.67777777777778,20.50111111111111,1009.1222222222224,86.55555555555556,24.37777777777778,0.0,4.778888888888889,9.2355,105.4358,10.586666666666666,12.48,5,19,61,100,1970-01-21 13:52:39.606666666,1970-01-21 13:53:24.540000000,Xuân,,,
Cà Mau,Đồng bằng sông Cửu Long,2026-05-06,28.45555555555556,32.166666666666664,25.955555555555556,33.05555555555556,37.17777777777778,30.133333333333333,9.81111111111111,9.81111111111111,0.0,8.444444444444445,79.33333333333333,18.688888888888886,37.888888888888886,18.25111111111111,1008.7111111111112,98.66666666666669,24.366666666666664,0.0,4.242222222222222,9.2355,105.4358,7.853333333333333,12.487777777777778,5,19,63,91,1970-01-21 13:54:06.000000000,1970-01-21 13:54:50.946666666,Xuân,,,
Cà Mau,Đồng bằng sông Cửu Long,2026-05-07,29.35555555555555,32.144444444444446,26.944444444444443,34.18888888888889,37.0,32.2,1.7333333333333334,1.7333333333333334,0.0,5.0,76.11111111111111,18.14444444444445,36.422222222222224,21.528888888888886,1007.9555555555556,75.66666666666667,24.58888888888889,0.0,4.992222222222222,9.2355,105.4358,11.934444444444445,12.492222222222225,5,19,53,107,1970-01-21 13:55:32.366666666,1970-01-21 13:56:17.353333333,Xuân,,,
Cà Mau,Đồng bằng sông Cửu Long,2026-05-08,29.377777777777776,32.27777777777778,26.733333333333334,34.144444444444446,37.01111111111111,31.733333333333334,1.3333333333333333,1.3333333333333333,0.0,6.555555555555555,75.33333333333333,17.922222222222224,36.077777777777776,21.948888888888888,1008.4777777777776,97.66666666666669,24.35555555555555,0.0,5.148888888888889,9.2355,105.4358,11.914444444444444,12.5,5,19,51,99,1970-01-21 13:56:58.760000000,1970-01-21 13:57:43.760000000,Xuân,,,
Cà Mau,Đồng bằng sông Cửu Long,2026-05-09,29.200000000000003,31.833333333333332,27.233333333333334,33.86666666666667,37.52222222222222,32.12222222222223,6.533333333333333,6.533333333333333,0.0,7.0,75.66666666666667,19.344444444444445,39.611111111111114,19.91888888888889,1009.0666666666668,91.22222222222224,24.41111111111111,0.0,4.724444444444445,9.2355,105.4358,11.655555555555557,12.507777777777775,5,19,63,98,1970-01-21 13:58:25.146666666,1970-01-21 13:59:10.160000000,Xuân,,,
Cà Mau,Đồng bằng sông Cửu Long,2026-05-10,28.622222222222224,32.01111111111111,26.233333333333334,32.7,35.58888888888889,30.444444444444443,23.133333333333333,23.133333333333333,0.0,16.333333333333332,79.77777777777777,25.944444444444443,50.111111111111114,17.678888888888892,1008.6333333333334,98.22222222222224,24.700000000000003,0.0,4.238888888888889,9.2355,105.4358,9.305555555555555,12.512222222222222,5,19,63,91,1970-01-21 13:59:51.540000000,1970-01-21 14:00:36.580000000,Xuân,,,
Cà Mau,Đồng bằng sông Cửu Long,2026-05-11,28.4,31.311111111111114,25.466666666666665,32.53333333333333,34.82222222222222,29.41111111111111,5.211111111111111,5.211111111111111,0.0,10.333333333333334,80.44444444444444,23.233333333333334,43.24444444444444,14.804444444444446,1009.077777777778,85.77777777777777,24.555555555555557,0.0,3.7477777777777774,9.2355,105.4358,6.7444444444444445,12.52,5,20,53,97,1970-01-21 14:01:17.920000000,1970-01-21 14:02:02.993333333,Xuân,,,
Cà Mau,Đồng bằng sông Cửu Long,2026-05-12,29.67777777777778,32.74444444444444,27.266666666666666,34.47777777777778,38.099999999999994,32.044444444444444,1.011111111111111,1.011111111111111,0.0,3.4444444444444446,73.77777777777777,17.644444444444446,35.0,23.62777777777778,1008.1111111111112,86.44444444444444,24.299999999999997,0.0,5.470000000000001,9.2355,105.4358,11.957777777777778,12.52777777777778,5,20,53,116,1970-01-21 14:02:44.300000000,1970-01-21 14:03:29.400000000,Xuân,,,
Cà Mau,Đồng bằng sông Cửu Long,2026-05-13,29.78888888888889,32.833333333333336,27.244444444444444,35.333333333333336,39.266666666666666,32.97777777777778,0.2777777777777778,0.2777777777777778,0.0,2.0,73.66666666666667,14.366666666666667,28.833333333333332,24.884444444444444,1007.4111111111112,76.44444444444444,24.344444444444445,0.0,5.538888888888889,9.2355,105.4358,12.0,12.532222222222222,5,20,51,147,1970-01-21 14:04:10.693333333,1970-01-21 14:04:55.813333333,Xuân,,,
Cà Mau,Đồng bằng sông Cửu Long,2026-05-14,29.43333333333333,32.855555555555554,27.033333333333335,35.43333333333333,39.266666666666666,33.37777777777777,4.488888888888889,4.488888888888889,0.0,7.333333333333333,77.55555555555556,16.355555555555554,33.84444444444445,22.34111111111111,1007.4,79.55555555555556,24.922222222222224,0.0,4.775555555555555,9.2355,105.4358,11.884444444444446,12.537777777777777,5,20,61,219,1970-01-21 14:05:37.086666666,1970-01-21 14:06:22.220000000,Xuân,,,
Cà Mau,Đồng bằng sông Cửu Long,2026-05-15,30.32222222222222,33.900000000000006,27.64444444444445,36.04444444444445,40.48888888888889,34.08888888888889,2.2,2.2,0.0,6.777777777777778,73.22222222222223,15.266666666666667,31.122222222222224,23.006666666666668,1007.1444444444446,88.33333333333333,24.799999999999997,0.0,5.332222222222222,9.2355,105.4358,11.953333333333331,12.542222222222222,5,20,53,248,1970-01-21 14:07:03.480000000,1970-01-21 14:07:48.620000000,Xuân,,,
Cà Mau,Đồng bằng sông Cửu Long,2026-05-16,30.45555555555556,34.81111111111111,28.011111111111113,35.7,41.01111111111111,33.24444444444444,5.211111111111112,5.211111111111112,0.0,7.222222222222222,73.55555555555556,17.844444444444445,35.31111111111111,22.353333333333335,1007.2555555555556,83.0,24.977777777777774,0.0,5.445555555555555,9.2355,105.4358,11.634444444444446,12.55,5,20,61,285,1970-01-21 14:08:29.873333333,1970-01-21 14:09:15.046666666,Xuân,,,
Cà Mau,Đồng bằng sông Cửu Long,2026-05-17,29.84444444444445,33.41111111111111,28.12222222222222,35.06666666666667,39.31111111111111,33.24444444444444,5.177777777777778,5.177777777777778,0.0,5.555555555555555,75.44444444444444,18.077777777777776,36.24444444444444,19.531111111111112,1007.0222222222224,84.44444444444444,24.91111111111111,0.0,4.651111111111111,9.2355,105.4358,10.621111111111112,12.55777777777778,5,20,61,274,1970-01-21 14:09:56.240000000,1970-01-21 14:10:41.460000000,Xuân,,,
Cà Mau,Đồng bằng sông Cửu Long,2026-05-18,29.733333333333334,33.455555555555556,27.244444444444444,34.51111111111111,38.53333333333333,32.333333333333336,6.800000000000001,6.800000000000001,0.0,9.88888888888889,74.33333333333333,22.22222222222222,40.71111111111111,21.99111111111111,1007.0222222222224,86.22222222222223,24.477777777777774,0.0,5.276666666666667,9.2355,105.4358,11.988888888888887,12.56,5,21,61,251,1970-01-21 14:11:22.640000000,1970-01-21 14:12:07.866666666,Xuân,,,
Cà Mau,Đồng bằng sông Cửu Long,2026-05-19,28.93333333333333,31.744444444444444,26.922222222222224,34.18888888888889,36.53333333333333,31.977777777777774,9.544444444444444,9.544444444444444,0.0,11.88888888888889,79.0,21.38888888888889,43.12222222222223,17.606666666666666,1006.811111111111,98.11111111111111,24.744444444444444,0.0,3.9522222222222223,9.2355,105.4358,9.774444444444445,12.567777777777778,5,21,63,231,1970-01-21 14:12:49.040000000,1970-01-21 14:13:34.280000000,Xuân,,,
Cà Mau,Đồng bằng sông Cửu Long,2026-05-20,28.88888888888889,31.977777777777774,25.922222222222224,34.25555555555556,37.75555555555556,31.27777777777778,7.611111111111111,7.611111111111111,0.0,13.22222222222222,80.22222222222223,17.688888888888886,34.27777777777778,18.77,1006.8888888888888,98.33333333333331,24.955555555555556,0.0,4.182222222222222,9.2355,105.4358,9.62,12.572222222222225,5,21,61,207,1970-01-21 14:14:15.433333333,1970-01-21 14:15:00.680000000,Xuân,,,
Cà Mau,Đồng bằng sông Cửu Long,2026-05-21,28.211111111111112,30.122222222222224,25.700000000000003,33.333333333333336,35.37777777777778,30.41111111111111,14.122222222222222,14.122222222222222,0.0,13.555555555555555,82.0,15.3,30.21111111111111,12.95,1009.1777777777778,99.33333333333331,24.77777777777778,0.0,3.04,9.2355,105.4358,3.1822222222222223,12.577777777777778,5,21,63,189,1970-01-21 14:15:41.826666666,1970-01-21 14:16:27.106666666,Xuân,,,
Cà Mau,Đồng bằng sông Cửu Long,2026-05-22,29.84444444444445,32.84444444444445,27.51111111111111,35.37777777777777,39.13333333333333,33.333333333333336,2.388888888888889,2.388888888888889,0.0,5.333333333333333,73.66666666666667,13.566666666666666,29.122222222222224,24.297777777777775,1010.311111111111,50.0,24.444444444444443,0.0,5.443333333333333,9.2355,105.4358,12.0,12.58222222222222,5,21,51,173,1970-01-21 14:17:08.220000000,1970-01-21 14:17:53.520000000,Xuân,,,
Cà Mau,Đồng bằng sông Cửu Long,2026-05-23,29.488888888888887,32.97777777777778,27.37777777777778,35.55555555555556,39.62222222222223,33.5,5.199999999999999,5.199999999999999,0.0,5.111111111111111,76.55555555555556,12.677777777777775,32.27777777777778,21.57,1010.7777777777778,82.77777777777777,24.766666666666666,0.0,4.605555555555556,9.2355,105.4358,11.83,12.587777777777776,5,21,63,206,1970-01-21 14:18:34.620000000,1970-01-21 14:19:19.933333333,Xuân,,,
Cà Mau,Đồng bằng sông Cửu Long,2026-05-24,29.811111111111114,33.544444444444444,28.022222222222226,35.900000000000006,40.68888888888889,33.97777777777778,3.8,3.8,0.0,6.333333333333333,75.77777777777777,12.844444444444443,30.58888888888889,21.814444444444444,1010.9,73.55555555555556,24.91111111111111,0.0,4.79,9.2355,105.4358,11.93888888888889,12.59,5,21,61,235,1970-01-21 14:20:01.020000000,1970-01-21 14:20:46.340000000,Xuân,,,
Cà Mau,Đồng bằng sông Cửu Long,2026-05-25,29.688888888888886,33.75555555555556,27.64444444444445,35.27777777777778,40.34444444444445,33.01111111111111,6.077777777777778,6.077777777777778,0.0,7.0,76.44444444444444,17.177777777777777,36.0,22.283333333333335,1010.2777777777778,79.11111111111111,24.977777777777774,0.0,5.011111111111111,9.2355,105.4358,11.52777777777778,12.597777777777775,5,22,63,245,1970-01-21 14:21:27.413333333,1970-01-21 14:22:12.753333333,Xuân,,,
Cà Mau,Đồng bằng sông Cửu Long,2026-05-26,29.977777777777774,33.21111111111111,27.666666666666668,34.75555555555556,38.21111111111111,32.91111111111111,2.988888888888889,2.988888888888889,0.0,3.7777777777777777,73.11111111111111,21.822222222222223,44.111111111111114,23.205555555555556,1009.3888888888888,46.333333333333336,24.466666666666665,0.0,5.43,9.2355,105.4358,12.0,12.6,5,22,61,268,1970-01-21 14:22:53.813333333,1970-01-21 14:23:39.180000000,Xuân,,,
Cà Mau,Đồng bằng sông Cửu Long,2026-05-27,29.67777777777778,32.44444444444444,27.299999999999997,35.144444444444446,37.98888888888889,31.311111111111114,2.1444444444444444,2.1444444444444444,0.0,5.777777777777778,76.44444444444444,20.022222222222226,39.0,18.86555555555556,1009.5666666666668,83.88888888888889,25.022222222222226,0.0,4.336666666666667,9.2355,105.4358,10.012222222222222,12.606666666666666,5,22,53,253,1970-01-21 14:24:20.213333333,1970-01-21 14:25:05.586666666,Xuân,,,
Cà Mau,Đồng bằng sông Cửu Long,2026-05-28,28.77777777777778,31.85555555555555,26.700000000000003,34.24444444444444,37.02222222222222,31.71111111111111,7.977777777777778,7.977777777777778,0.0,10.22222222222222,81.88888888888889,17.733333333333334,37.266666666666666,14.064444444444444,1009.6222222222224,92.88888888888889,25.288888888888888,0.0,3.3044444444444445,9.2355,105.4358,6.834444444444444,12.61,5,22,63,267,1970-01-21 14:25:46.613333333,1970-01-21 14:26:32.000000000,Xuân,,,
Cà Mau,Đồng bằng sông Cửu Long,2026-05-29,26.866666666666667,29.0,25.533333333333335,31.95555555555556,33.8,30.200000000000003,21.033333333333335,21.033333333333335,0.0,14.77777777777778,90.0,18.077777777777776,36.333333333333336,10.644444444444444,1009.8777777777776,96.44444444444444,25.022222222222226,0.0,2.281111111111111,9.2355,105.4358,3.81,12.613333333333332,5,22,63,283,1970-01-21 14:27:13.013333333,1970-01-21 14:27:58.413333333,Xuân,,,
Cà Mau,Đồng bằng sông Cửu Long,2026-05-30,26.177777777777777,27.822222222222223,24.577777777777776,31.055555555555557,32.955555555555556,28.61111111111111,28.14444444444444,28.14444444444444,0.0,14.88888888888889,90.77777777777776,18.98888888888889,33.15555555555555,6.514444444444445,1009.6111111111112,96.77777777777776,24.522222222222226,0.0,1.5744444444444443,9.2355,105.4358,1.1122222222222222,12.62,5,22,65,279,1970-01-21 14:28:39.413333333,1970-01-21 14:29:24.840000000,Xuân,,,
Cà Mau,Đồng bằng sông Cửu Long,2026-05-31,26.57777777777778,28.9,24.477777777777774,31.533333333333335,33.455555555555556,28.799999999999997,16.91111111111111,16.91111111111111,0.0,12.555555555555555,87.88888888888889,18.08888888888889,34.644444444444446,9.652222222222225,1009.5333333333332,99.11111111111111,24.311111111111114,0.0,2.114444444444445,9.2355,105.4358,3.91,12.62,5,22,63,282,1970-01-21 14:30:05.820000000,1970-01-21 14:30:51.260000000,Xuân,,,
Cà Mau,Đồng bằng sông Cửu Long,2026-06-01,27.155555555555555,30.166666666666668,25.0,32.166666666666664,35.24444444444444,29.32222222222222,19.31111111111111,19.31111111111111,0.0,16.555555555555557,86.77777777777777,19.666666666666668,40.32222222222222,13.445555555555554,1009.7000000000002,96.44444444444444,24.666666666666668,0.0,2.8755555555555556,9.2355,105.4358,6.051111111111111,12.626666666666669,6,23,63,284,1970-01-21 14:31:32.220000000,1970-01-21 14:32:17.660000000,Hè,,,
Cà Mau,Đồng bằng sông Cửu Long,2026-06-02,26.555555555555557,28.61111111111111,24.744444444444444,31.299999999999997,34.02222222222222,28.755555555555556,39.34444444444445,39.34444444444445,0.0,19.0,89.77777777777777,21.244444444444447,42.01111111111111,7.464444444444445,1008.7555555555556,98.22222222222224,24.688888888888886,0.0,1.6833333333333331,9.2355,105.4358,2.2244444444444444,12.63,6,23,65,258,1970-01-21 14:32:58.620000000,1970-01-21 14:33:44.080000000,Hè,,,
Cà Mau,Đồng bằng sông Cửu Long,2026-06-03,28.077777777777776,31.555555555555557,25.288888888888888,32.05555555555556,34.522222222222226,29.41111111111111,7.7444444444444445,7.7444444444444445,0.0,15.11111111111111,80.55555555555556,25.322222222222223,46.099999999999994,15.51222222222222,1007.8555555555554,93.55555555555556,24.188888888888886,0.0,3.8377777777777777,9.2355,105.4358,7.853333333333334,12.63,6,23,61,258,1970-01-21 14:34:25.020000000,1970-01-21 14:35:10.500000000,Hè,,,
Cà Mau,Đồng bằng sông Cửu Long,2026-06-04,28.200000000000003,31.35555555555555,25.655555555555555,32.599999999999994,35.77777777777778,29.922222222222224,6.111111111111111,6.111111111111111,0.0,16.11111111111111,82.77777777777777,24.311111111111114,46.32222222222222,21.026666666666667,1008.1666666666666,85.44444444444444,24.811111111111114,0.0,4.517777777777777,9.2355,105.4358,11.458888888888888,12.636666666666668,6,23,61,218,1970-01-21 14:35:51.426666666,1970-01-21 14:36:36.920000000,Hè,,,
Cà Mau,Đồng bằng sông Cửu Long,2026-06-05,29.144444444444446,31.922222222222224,25.977777777777778,34.044444444444444,37.36666666666667,30.54444444444444,2.9000000000000004,2.9000000000000004,0.0,9.11111111111111,79.22222222222223,19.422222222222224,36.75555555555556,22.58555555555556,1009.2111111111111,76.44444444444444,24.944444444444443,0.0,5.04111111111111,9.2355,105.4358,11.76,12.64,6,23,53,203,1970-01-21 14:37:17.833333333,1970-01-21 14:38:03.320000000,Hè,,,
Cà Mau,Đồng bằng sông Cửu Long,2026-06-06,29.622222222222224,32.611111111111114,27.455555555555556,35.111111111111114,38.06666666666667,33.01111111111111,2.966666666666667,2.966666666666667,0.0,7.444444444444445,78.44444444444444,19.355555555555554,36.93333333333333,21.154444444444447,1010.2000000000002,89.66666666666667,25.311111111111114,0.0,4.766666666666667,9.2355,105.4358,11.643333333333334,12.64,6,23,53,217,1970-01-21 14:38:44.233333333,1970-01-21 14:39:29.746666666,Hè,,,
Cà Mau,Đồng bằng sông Cửu Long,2026-06-07,29.77777777777778,32.644444444444446,27.322222222222223,35.37777777777777,38.46666666666667,32.56666666666667,2.977777777777778,2.977777777777778,0.0,8.0,77.11111111111111,17.544444444444444,35.46666666666667,22.4,1010.7222222222222,84.11111111111111,25.188888888888886,0.0,5.0344444444444445,9.2355,105.4358,12.0,12.643333333333334,6,23,53,208,1970-01-21 14:40:10.640000000,1970-01-21 14:40:56.160000000,Hè,,,
Cà Mau,Đồng bằng sông Cửu Long,2026-06-08,29.244444444444444,32.34444444444445,27.177777777777777,34.577777777777776,36.922222222222224,32.81111111111111,3.5444444444444443,3.5444444444444443,0.0,7.888888888888889,80.0,22.22222222222222,41.74444444444444,22.346666666666668,1009.7555555555555,92.0,25.27777777777778,0.0,4.906666666666666,9.2355,105.4358,12.0,12.646666666666668,6,24,61,238,1970-01-21 14:41:37.040000000,1970-01-21 14:42:22.580000000,Hè,,,
Cà Mau,Đồng bằng sông Cửu Long,2026-06-09,28.766666666666666,31.78888888888889,26.91111111111111,34.17777777777778,37.077777777777776,31.82222222222222,4.144444444444444,4.144444444444444,0.0,6.777777777777778,81.33333333333333,19.27777777777778,37.733333333333334,18.817777777777778,1009.6333333333334,96.33333333333333,25.12222222222222,0.0,4.101111111111111,9.2355,105.4358,10.976666666666667,12.65,6,24,53,237,1970-01-21 14:43:03.446666666,1970-01-21 14:43:48.980000000,Hè,,,
Cà Mau,Đồng bằng sông Cửu Long,2026-06-10,28.799999999999997,31.95555555555556,26.755555555555556,34.077777777777776,37.111111111111114,31.67777777777778,3.7333333333333334,3.7333333333333334,0.0,4.555555555555555,80.0,18.61111111111111,42.08888888888889,19.93111111111111,1010.3888888888889,99.0,24.833333333333332,0.0,4.39,9.2355,105.4358,11.25111111111111,12.65,6,24,63,231,1970-01-21 14:44:29.873333333,1970-01-21 14:45:15.406666666,Hè,,,
Cà Mau,Đồng bằng sông Cửu Long,2026-06-11,27.755555555555556,32.12222222222223,24.700000000000003,33.44444444444444,38.766666666666666,28.622222222222224,17.933333333333334,17.933333333333334,0.0,13.11111111111111,84.55555555555556,16.288888888888888,31.755555555555556,18.635555555555555,1012.5666666666667,98.22222222222223,24.799999999999997,0.0,3.9066666666666663,9.2355,105.4358,9.148888888888889,12.651111111111112,6,24,63,208,1970-01-21 14:45:56.273333333,1970-01-21 14:46:41.820000000,Hè,,,
Cà Mau,Đồng bằng sông Cửu Long,2026-06-12,28.688888888888886,31.644444444444446,26.9,34.78888888888889,37.02222222222222,33.0,6.622222222222223,6.622222222222223,0.0,9.555555555555555,81.55555555555556,10.677777777777777,27.733333333333334,19.65888888888889,1013.0,60.77777777777778,25.08888888888889,0.0,4.114444444444445,9.2355,105.4358,11.703333333333333,12.653333333333332,6,24,63,252,1970-01-21 14:47:22.680000000,1970-01-21 14:48:08.240000000,Hè,,,
Cà Mau,Đồng bằng sông Cửu Long,2026-06-13,29.200000000000003,33.18888888888889,26.444444444444443,35.22222222222222,39.900000000000006,32.51111111111111,2.933333333333333,2.933333333333333,0.0,7.555555555555555,78.11111111111111,13.544444444444444,27.311111111111114,22.843333333333334,1011.188888888889,58.888888888888886,24.744444444444444,0.0,4.906666666666666,9.2355,105.4358,12.0,12.656666666666666,6,24,53,250,1970-01-21 14:48:49.093333333,1970-01-21 14:49:34.640000000,Hè,,,
Cà Mau,Đồng bằng sông Cửu Long,2026-06-14,28.077777777777776,30.644444444444446,26.81111111111111,33.955555555555556,36.233333333333334,32.03333333333333,13.100000000000001,13.100000000000001,0.0,10.222222222222221,83.11111111111111,13.844444444444443,30.32222222222222,17.698888888888888,1010.2777777777778,87.0,24.87777777777778,0.0,3.6466666666666665,9.2355,105.4358,11.02888888888889,12.66,6,24,63,225,1970-01-21 14:50:15.493333333,1970-01-21 14:51:01.066666666,Hè,,,
Cà Mau,Đồng bằng sông Cửu Long,2026-06-15,28.355555555555554,32.94444444444444,26.522222222222222,33.97777777777778,38.94444444444444,31.333333333333332,7.722222222222222,7.722222222222222,0.0,8.88888888888889,80.66666666666667,17.933333333333334,34.56666666666667,21.675555555555555,1010.2777777777778,78.77777777777777,24.577777777777776,0.0,4.5311111111111115,9.2355,105.4358,11.926666666666668,12.66,6,25,63,256,1970-01-21 14:51:41.900000000,1970-01-21 14:52:27.480000000,Hè,,,
Cà Mau,Đồng bằng sông Cửu Long,2026-06-16,28.577777777777776,32.77777777777778,26.288888888888888,34.31111111111111,39.43333333333333,31.0,8.244444444444445,8.244444444444445,0.0,7.888888888888889,81.88888888888889,14.833333333333334,28.4,21.84,1010.6333333333334,71.55555555555556,24.944444444444443,0.0,4.662222222222223,9.2355,105.4358,11.274444444444445,12.66,6,25,63,225,1970-01-21 14:53:08.320000000,1970-01-21 14:53:53.900000000,Hè,,,
Cà Mau,Đồng bằng sông Cửu Long,2026-06-17,28.466666666666665,32.22222222222222,26.666666666666668,34.41111111111111,38.44444444444444,32.388888888888886,9.5,9.5,0.0,9.222222222222221,81.22222222222223,12.744444444444445,27.755555555555556,20.799999999999997,1010.8666666666666,86.77777777777777,24.811111111111114,0.0,4.352222222222222,9.2355,105.4358,11.93888888888889,12.66,6,25,63,251,1970-01-21 14:54:34.733333333,1970-01-21 14:55:20.300000000,Hè,,,
Cà Mau,Đồng bằng sông Cửu Long,2026-06-18,28.355555555555554,32.12222222222223,26.12222222222222,34.13333333333333,38.55555555555556,31.22222222222222,6.944444444444445,6.944444444444445,0.0,10.333333333333334,81.55555555555556,14.455555555555556,29.88888888888889,20.547777777777778,1010.7111111111111,91.0,24.72222222222222,0.0,4.384444444444444,9.2355,105.4358,10.303333333333335,12.66,6,25,63,230,1970-01-21 14:56:01.140000000,1970-01-21 14:56:46.726666666,Hè,,,
Cà Mau,Đồng bằng sông Cửu Long,2026-06-19,28.56666666666667,32.21111111111111,26.244444444444444,34.86666666666667,39.422222222222224,32.422222222222224,3.2333333333333334,3.2333333333333334,0.0,5.444444444444445,81.55555555555556,10.288888888888888,23.87777777777778,20.724444444444444,1010.0777777777779,95.22222222222223,24.944444444444443,0.0,4.383333333333334,9.2355,105.4358,10.617777777777778,12.66,6,25,63,202,1970-01-21 14:57:27.553333333,1970-01-21 14:58:13.140000000,Hè,,,
Cà Mau,Đồng bằng sông Cửu Long,2026-06-20,28.799999999999997,32.15555555555555,26.855555555555554,34.97777777777778,39.233333333333334,32.666666666666664,3.3666666666666667,3.3666666666666667,0.0,4.777777777777778,80.66666666666667,11.966666666666665,27.8,20.336666666666666,1010.4000000000001,70.77777777777777,25.022222222222222,0.0,4.294444444444444,9.2355,105.4358,10.602222222222222,12.66,6,25,63,226,1970-01-21 14:58:53.960000000,1970-01-21 14:59:39.560000000,Hè,,,
Cà Mau,Đồng bằng sông Cửu Long,2026-06-21,29.366666666666667,32.27777777777778,27.37777777777778,35.02222222222222,38.82222222222222,33.233333333333334,2.6666666666666665,2.6666666666666665,0.0,6.333333333333333,76.22222222222223,13.366666666666667,30.366666666666667,21.685555555555553,1010.6444444444446,82.88888888888889,24.577777777777776,0.0,4.777777777777778,9.2355,105.4358,11.946666666666665,12.66,6,25,61,238,1970-01-21 15:00:20.393333333,1970-01-21 15:01:05.960000000,Hè,,,
Cà Mau,Đồng bằng sông Cửu Long,2026-06-22,29.799999999999997,32.94444444444444,27.18888888888889,35.111111111111114,38.44444444444444,33.02222222222222,2.1888888888888887,2.1888888888888887,0.0,7.555555555555555,74.55555555555556,16.5,34.15555555555555,23.48888888888889,1009.3777777777777,63.888888888888886,24.61111111111111,0.0,5.335555555555555,9.2355,105.4358,12.0,12.66,6,26,53,268,1970-01-21 15:01:46.800000000,1970-01-21 15:02:32.380000000,Hè,,,
Cà Mau,Đồng bằng sông Cửu Long,2026-06-23,29.422222222222224,32.355555555555554,27.433333333333334,34.5,36.577777777777776,32.71111111111111,1.7222222222222223,1.7222222222222223,0.0,5.888888888888889,77.66666666666667,21.755555555555556,43.51111111111111,19.72222222222222,1008.4777777777776,89.66666666666667,24.955555555555556,0.0,4.594444444444445,9.2355,105.4358,11.348888888888888,12.66,6,26,53,251,1970-01-21 15:03:13.213333333,1970-01-21 15:03:58.800000000,Hè,,,
Cà Mau,Đồng bằng sông Cửu Long,2026-06-24,28.61111111111111,31.188888888888886,27.255555555555556,34.03333333333333,36.577777777777776,31.944444444444443,7.955555555555555,7.955555555555555,0.0,9.0,82.44444444444444,20.177777777777777,38.12222222222223,18.288888888888888,1008.4000000000001,85.55555555555556,25.266666666666666,0.0,3.9244444444444446,9.2355,105.4358,11.136666666666667,12.66,6,26,63,248,1970-01-21 15:04:39.620000000,1970-01-21 15:05:25.200000000,Hè,,,
Cà Mau,Đồng bằng sông Cửu Long,2026-06-25,28.422222222222224,31.366666666666667,26.644444444444446,33.46666666666667,36.36666666666666,31.82222222222222,6.3999999999999995,6.3999999999999995,0.0,7.333333333333333,81.44444444444444,19.322222222222223,40.67777777777778,20.97222222222222,1009.0999999999999,64.11111111111111,24.822222222222223,0.0,4.5088888888888885,9.2355,105.4358,11.71,12.66,6,26,63,234,1970-01-21 15:06:06.040000000,1970-01-21 15:06:51.620000000,Hè,,,
Cà Mau,Đồng bằng sông Cửu Long,2026-06-26,28.65555555555555,32.166666666666664,26.022222222222222,33.666666666666664,37.31111111111111,30.333333333333332,1.5555555555555556,1.5555555555555556,0.0,7.0,79.44444444444444,18.98888888888889,35.077777777777776,22.56888888888889,1009.3222222222222,50.55555555555556,24.533333333333335,0.0,4.9366666666666665,9.2355,105.4358,11.987777777777778,12.66,6,26,53,241,1970-01-21 15:07:32.460000000,1970-01-21 15:08:18.020000000,Hè,,,
Cà Mau,Đồng bằng sông Cửu Long,2026-06-27,28.833333333333332,32.44444444444444,26.77777777777778,33.8,37.77777777777778,31.900000000000002,3.822222222222222,3.822222222222222,0.0,6.444444444444445,78.44444444444444,21.211111111111112,39.36666666666667,22.558888888888887,1008.7333333333333,62.666666666666664,24.544444444444444,0.0,4.972222222222222,9.2355,105.4358,12.0,12.66,6,26,55,246,1970-01-21 15:08:58.873333333,1970-01-21 15:09:44.440000000,Hè,,,
Cà Mau,Đồng bằng sông Cửu Long,2026-06-28,27.977777777777774,30.58888888888889,26.366666666666667,33.5,36.52222222222222,31.32222222222222,15.666666666666666,15.666666666666666,0.0,12.444444444444445,84.77777777777777,17.255555555555556,37.06666666666667,18.188888888888886,1008.4222222222221,93.11111111111111,25.155555555555555,0.0,3.761111111111111,9.2355,105.4358,10.13,12.66,6,26,63,250,1970-01-21 15:10:25.280000000,1970-01-21 15:11:10.853333333,Hè,,,
Cà Mau,Đồng bằng sông Cửu Long,2026-06-29,27.177777777777777,29.833333333333332,25.466666666666665,31.93333333333333,35.24444444444444,28.877777777777776,31.666666666666668,31.666666666666668,0.0,16.22222222222222,87.22222222222223,22.944444444444443,44.333333333333336,13.504444444444443,1008.4222222222221,91.77777777777777,24.844444444444445,0.0,2.8177777777777777,9.2355,105.4358,6.714444444444444,12.658888888888889,6,27,65,255,1970-01-21 15:11:51.693333333,1970-01-21 15:12:37.260000000,Hè,,,
Cà Mau,Đồng bằng sông Cửu Long,2026-06-30,27.433333333333334,30.055555555555557,25.933333333333334,32.333333333333336,34.666666666666664,30.43333333333333,13.655555555555557,13.655555555555557,0.0,12.777777777777779,86.11111111111111,21.133333333333333,42.355555555555554,14.355555555555554,1008.5444444444444,98.77777777777777,24.833333333333332,0.0,3.0266666666666664,9.2355,105.4358,6.698888888888889,12.656666666666666,6,27,63,261,1970-01-21 15:13:18.113333333,1970-01-21 15:14:03.673333333,Hè,,,
Cà Mau,Đồng bằng sông Cửu Long,2026-07-01,27.188888888888886,30.08888888888889,25.11111111111111,31.78888888888889,34.65555555555555,29.022222222222222,24.944444444444443,24.944444444444443,0.0,18.0,86.77777777777777,23.22222222222222,47.25555555555556,15.815555555555555,1008.1444444444446,94.88888888888889,24.744444444444444,0.0,3.285555555555556,9.2355,105.4358,8.501111111111111,12.653333333333332,7,27,63,255,1970-01-21 15:14:44.520000000,1970-01-21 15:15:30.080000000,Hè,,,
Cà Mau,Đồng bằng sông Cửu Long,2026-07-02,26.866666666666667,29.188888888888886,25.51111111111111,31.477777777777778,33.18888888888889,29.5,23.5,23.5,0.0,22.77777777777778,89.22222222222223,21.88888888888889,43.27777777777778,11.953333333333333,1008.4555555555556,99.88888888888889,24.92222222222222,0.0,2.5266666666666664,9.2355,105.4358,3.855555555555556,12.65,7,27,63,244,1970-01-21 15:16:10.933333333,1970-01-21 15:16:56.480000000,Hè,,,
Cà Mau,Đồng bằng sông Cửu Long,2026-07-03,26.700000000000003,28.900000000000002,25.244444444444444,31.5,33.68888888888889,29.366666666666667,17.08888888888889,17.08888888888889,0.0,21.555555555555557,90.44444444444444,17.155555555555555,32.32222222222222,6.735555555555555,1009.5777777777779,100.0,25.0,0.0,1.64,9.2355,105.4358,0.16333333333333336,12.65,7,27,61,234,1970-01-21 15:17:37.340000000,1970-01-21 15:18:22.880000000,Hè,,,
Cà Mau,Đồng bằng sông Cửu Long,2026-07-04,26.22222222222222,28.72222222222222,24.87777777777778,31.166666666666668,33.922222222222224,29.17777777777778,25.299999999999997,25.299999999999997,0.0,19.0,90.11111111111111,16.41111111111111,35.15555555555555,12.496666666666666,1010.8444444444444,97.77777777777777,24.433333333333334,0.0,2.521111111111111,9.2355,105.4358,4.872222222222223,12.65,7,27,63,224,1970-01-21 15:19:03.773333333,1970-01-21 15:19:49.293333333,Hè,,,
Cà Mau,Đồng bằng sông Cửu Long,2026-07-05,27.88888888888889,31.244444444444444,25.344444444444445,33.266666666666666,35.46666666666667,31.11111111111111,2.566666666666667,2.566666666666667,0.0,3.888888888888889,81.33333333333333,14.544444444444444,28.95555555555556,15.821111111111113,1010.9222222222221,96.44444444444444,24.200000000000003,0.0,3.5122222222222224,9.2355,105.4358,8.204444444444444,12.646666666666668,7,27,51,195,1970-01-21 15:20:30.180000000,1970-01-21 15:21:15.700000000,Hè,,,
Cà Mau,Đồng bằng sông Cửu Long,2026-07-06,28.72222222222222,30.966666666666665,26.477777777777778,33.67777777777778,35.077777777777776,32.144444444444446,0.07777777777777778,0.07777777777777778,0.0,0.6666666666666666,78.0,13.022222222222222,24.844444444444445,12.634444444444444,1010.3888888888889,99.0,24.322222222222223,0.0,3.1833333333333336,9.2355,105.4358,7.168888888888889,12.64,7,28,3,216,1970-01-21 15:21:56.593333333,1970-01-21 15:22:42.106666666,Hè,,,
Cà Mau,Đồng bằng sông Cửu Long,2026-07-07,29.11111111111111,32.3,26.677777777777777,33.94444444444444,36.81111111111111,32.111111111111114,1.4777777777777779,1.4777777777777779,0.0,6.222222222222222,75.55555555555556,18.355555555555554,33.599999999999994,21.864444444444445,1010.2888888888889,83.77777777777777,24.077777777777776,0.0,4.970000000000001,9.2355,105.4358,11.87,12.64,7,28,51,225,1970-01-21 15:23:23.000000000,1970-01-21 15:24:08.520000000,Hè,,,
Cà Mau,Đồng bằng sông Cửu Long,2026-07-08,27.22222222222222,29.688888888888886,26.033333333333335,32.63333333333333,35.56666666666667,29.811111111111114,18.0,18.0,0.0,13.777777777777779,87.77777777777777,21.0,42.06666666666667,16.50111111111111,1010.3222222222222,89.0,25.033333333333335,0.0,3.216666666666667,9.2355,105.4358,9.428888888888888,12.636666666666667,7,28,63,234,1970-01-21 15:24:49.433333333,1970-01-21 15:25:34.920000000,Hè,,,
Cà Mau,Đồng bằng sông Cửu Long,2026-07-09,28.67777777777778,31.799999999999997,26.700000000000003,33.21111111111111,36.22222222222222,31.58888888888889,2.5555555555555554,2.5555555555555554,0.0,7.0,79.11111111111111,22.177777777777777,44.03333333333333,22.790000000000003,1009.9666666666667,85.66666666666667,24.522222222222222,0.0,4.998888888888889,9.2355,105.4358,11.973333333333334,12.633333333333333,7,28,53,245,1970-01-21 15:26:15.840000000,1970-01-21 15:27:01.320000000,Hè,,,
Cà Mau,Đồng bằng sông Cửu Long,2026-07-10,28.93333333333333,31.91111111111111,26.844444444444445,33.388888888888886,36.21111111111111,31.72222222222222,3.0555555555555554,3.0555555555555554,0.0,6.888888888888889,77.44444444444444,22.51111111111111,42.644444444444446,22.23111111111111,1009.4222222222221,81.33333333333333,24.4,0.0,5.0344444444444445,9.2355,105.4358,12.0,12.63,7,28,55,252,1970-01-21 15:27:42.253333333,1970-01-21 15:28:27.720000000,Hè,,,
Cà Mau,Đồng bằng sông Cửu Long,2026-07-11,29.255555555555556,31.944444444444443,27.333333333333332,32.97777777777778,35.53333333333333,31.71111111111111,2.1555555555555554,2.1555555555555554,0.0,6.0,74.44444444444444,25.533333333333335,50.71111111111111,22.305555555555557,1007.7444444444445,47.888888888888886,24.144444444444446,0.0,5.383333333333334,9.2355,105.4358,11.965555555555556,12.627777777777778,7,28,53,257,1970-01-21 15:29:08.660000000,1970-01-21 15:29:54.126666666,Hè,,,
Cà Mau,Đồng bằng sông Cửu Long,2026-07-12,29.233333333333334,32.24444444444444,27.355555555555554,32.900000000000006,35.15555555555555,31.233333333333334,2.388888888888889,2.388888888888889,0.0,7.777777777777778,74.0,26.9,49.67777777777778,20.747777777777777,1007.2555555555555,73.66666666666667,23.944444444444443,0.0,5.20888888888889,9.2355,105.4358,10.428888888888888,12.623333333333333,7,28,53,244,1970-01-21 15:30:35.093333333,1970-01-21 15:31:20.526666666,Hè,,,
Cà Mau,Đồng bằng sông Cửu Long,2026-07-13,26.755555555555556,28.055555555555557,25.711111111111112,31.744444444444444,33.55555555555556,29.93333333333333,17.61111111111111,17.61111111111111,0.0,15.777777777777779,89.11111111111111,19.544444444444444,39.44444444444444,10.49,1008.6111111111111,99.66666666666667,24.788888888888888,0.0,2.19,9.2355,105.4358,3.072222222222222,12.62,7,29,63,244,1970-01-21 15:32:01.500000000,1970-01-21 15:32:46.940000000,Hè,,,
Cà Mau,Đồng bằng sông Cửu Long,2026-07-14,27.58888888888889,30.188888888888886,25.922222222222224,33.077777777777776,36.25555555555556,31.266666666666666,4.711111111111111,4.711111111111111,0.0,11.11111111111111,86.55555555555556,15.722222222222221,34.87777777777777,17.66,1009.6999999999999,94.88888888888889,25.022222222222222,0.0,3.6355555555555554,9.2355,105.4358,10.153333333333332,12.616666666666667,7,29,63,228,1970-01-21 15:33:27.913333333,1970-01-21 15:34:13.340000000,Hè,,,
Cà Mau,Đồng bằng sông Cửu Long,2026-07-15,27.22222222222222,30.21111111111111,24.966666666666665,32.81111111111111,35.77777777777778,29.977777777777778,14.833333333333334,14.833333333333334,0.0,12.11111111111111,87.11111111111111,16.022222222222222,33.36666666666667,16.38222222222222,1011.3888888888889,97.88888888888889,24.766666666666666,0.0,3.3555555555555556,9.2355,105.4358,9.837777777777779,12.61,7,29,63,242,1970-01-21 15:34:54.320000000,1970-01-21 15:35:39.740000000,Hè,,,
Cà Mau,Đồng bằng sông Cửu Long,2026-07-16,27.944444444444443,32.05555555555556,25.055555555555557,33.58888888888889,38.099999999999994,30.755555555555556,6.511111111111111,6.511111111111111,0.0,7.444444444444445,82.11111111111111,15.044444444444444,30.922222222222224,21.700000000000003,1011.7111111111111,80.44444444444444,24.466666666666665,0.0,4.5344444444444445,9.2355,105.4358,11.086666666666666,12.61,7,29,63,246,1970-01-21 15:36:20.746666666,1970-01-21 15:37:06.126666666,Hè,,,
Cà Mau,Đồng bằng sông Cửu Long,2026-07-17,28.855555555555554,32.233333333333334,26.144444444444446,34.37777777777777,37.63333333333333,32.46666666666667,0.7666666666666667,0.7666666666666667,0.0,4.111111111111111,78.11111111111111,14.100000000000001,27.833333333333332,22.376666666666665,1010.6111111111111,94.88888888888889,24.344444444444445,0.0,4.949999999999999,9.2355,105.4358,11.914444444444445,12.602222222222222,7,29,51,243,1970-01-21 15:37:47.160000000,1970-01-21 15:38:32.526666666,Hè,,,
Cà Mau,Đồng bằng sông Cửu Long,2026-07-18,28.866666666666667,32.02222222222222,26.444444444444443,33.91111111111111,37.166666666666664,32.13333333333333,1.6333333333333333,1.6333333333333333,0.0,6.111111111111111,77.77777777777777,19.711111111111112,36.72222222222222,23.57,1009.9444444444445,70.55555555555556,24.4,0.0,5.147777777777778,9.2355,105.4358,11.872222222222222,12.6,7,29,51,238,1970-01-21 15:39:13.566666666,1970-01-21 15:39:58.920000000,Hè,,,
Cà Mau,Đồng bằng sông Cửu Long,2026-07-19,29.144444444444446,32.52222222222222,26.633333333333333,34.044444444444444,37.422222222222224,32.333333333333336,0.9222222222222223,0.9222222222222223,0.0,5.444444444444445,75.66666666666667,17.266666666666666,32.51111111111111,24.324444444444442,1009.9444444444445,36.77777777777778,24.11111111111111,0.0,5.464444444444444,9.2355,105.4358,12.0,12.593333333333334,7,29,51,249,1970-01-21 15:40:39.980000000,1970-01-21 15:41:25.320000000,Hè,,,
Cà Mau,Đồng bằng sông Cửu Long,2026-07-20,29.08888888888889,32.544444444444444,26.577777777777776,33.788888888888884,37.08888888888889,32.17777777777778,0.7333333333333333,0.7333333333333333,0.0,4.666666666666667,75.33333333333333,18.566666666666666,34.12222222222223,24.253333333333334,1010.0666666666667,36.888888888888886,24.0,0.0,5.485555555555555,9.2355,105.4358,12.0,12.59,7,30,51,251,1970-01-21 15:42:06.380000000,1970-01-21 15:42:51.720000000,Hè,,,
