province,region,date,temperature_2m_mean,temperature_2m_max,temperature_2m_min,apparent_temperature_mean,apparent_temperature_max,apparent_temperature_min,precipitation_sum,rain_sum,showers_sum,precipitation_hours,relative_humidity_2m_mean,wind_speed_10m_max,wind_gusts_10m_max,shortwave_radiation_sum,pressure_msl_mean,cloud_cover_mean,dew_point_2m_mean,snowfall_sum,et0_fao_evapotranspiration,latitude,longitude,sunshine_hours,daylight_hours,month,week,weather_code,wind_direction_10m_dominant,sunrise,sunset,season,uv_index_max,uv_index_clear_sky_max,precipitation_probability_max
Cần Thơ,Đồng bằng sông Cửu Long,2025-07-21,27.619999999999997,32.06,24.56,31.7,35.86,28.5,2.46,2.46,0.0,7.4,81.6,28.72,58.379999999999995,20.318,1006.54,100.0,23.94,0.0,4.5600000000000005,9.8019,105.7894,8.618,12.61,7,30,51,247,1970-01-21 06:57:56.652,1970-01-21 06:58:42.072,Hè,,,
Cần Thơ,Đồng bằng sông Cửu Long,2025-07-22,28.419999999999998,32.019999999999996,25.880000000000003,32.32,35.46,30.32,0.14,0.14,0.0,1.2,78.2,27.380000000000003,53.06,23.498,1005.74,97.8,24.02,0.0,5.252,9.8019,105.7894,11.620000000000001,12.61,7,30,51,239,1970-01-21 06:59:23.088,1970-01-21 07:00:08.460,Hè,,,
Cần Thơ,Đồng bằng sông Cửu Long,2025-07-23,28.5,32.08,25.7,32.980000000000004,36.44,30.419999999999998,1.18,1.18,0.0,4.8,78.6,21.84,45.86,22.792,1005.3,91.8,24.259999999999998,0.0,5.034000000000001,9.8019,105.7894,12.0,12.6,7,30,51,239,1970-01-21 07:00:49.500,1970-01-21 07:01:34.860,Hè,,,
Cần Thơ,Đồng bằng sông Cửu Long,2025-07-24,28.339999999999996,32.1,25.76,32.9,36.68,30.78,0.6,0.6,0.0,2.2,79.2,20.34,39.8,21.918,1006.4,92.6,24.160000000000004,0.0,4.862,9.8019,105.7894,10.784,12.6,7,30,51,255,1970-01-21 07:02:15.900,1970-01-21 07:03:01.260,Hè,,,
Cần Thơ,Đồng bằng sông Cửu Long,2025-07-25,28.360000000000003,32.08,25.119999999999997,32.86,37.019999999999996,29.9,0.5,0.5,0.0,3.0,78.8,21.6,44.8,23.204,1006.72,82.2,24.16,0.0,5.138,9.8019,105.7894,12.0,12.59,7,30,51,260,1970-01-21 07:03:42.312,1970-01-21 07:04:27.648,Hè,,,
Cần Thơ,Đồng bằng sông Cửu Long,2025-07-26,28.54,31.5,26.4,33.120000000000005,36.7,30.839999999999996,3.4799999999999995,3.4799999999999995,0.0,4.6,79.4,20.740000000000002,47.8,18.682,1007.32,91.4,24.580000000000002,0.0,4.296,9.8019,105.7894,10.27,12.58,7,30,51,250,1970-01-21 07:05:08.712,1970-01-21 07:05:54.012,Hè,,,
Cần Thơ,Đồng bằng sông Cửu Long,2025-07-27,26.96,30.32,25.160000000000004,31.72,35.160000000000004,29.52,9.559999999999999,9.559999999999999,0.0,10.8,88.0,20.36,45.08,15.062000000000001,1007.6800000000001,99.4,24.68,0.0,3.122,9.8019,105.7894,6.4719999999999995,12.58,7,30,63,238,1970-01-21 07:06:35.136,1970-01-21 07:07:20.412,Hè,,,
Cần Thơ,Đồng bằng sông Cửu Long,2025-07-28,26.82,29.74,24.240000000000002,31.660000000000004,34.56,27.68,11.440000000000001,11.440000000000001,0.0,11.0,88.0,18.22,42.480000000000004,14.238,1007.22,91.0,24.64,0.0,2.924,9.8019,105.7894,7.566,12.57,7,31,63,234,1970-01-21 07:08:01.560,1970-01-21 07:08:46.800,Hè,,,
Cần Thơ,Đồng bằng sông Cửu Long,2025-07-29,28.24,31.659999999999997,25.919999999999998,32.94,36.32,30.96,3.56,3.56,0.0,7.0,81.6,23.2,49.339999999999996,20.52,1006.9,77.8,24.72,0.0,4.464,9.8019,105.7894,11.406,12.57,7,31,61,227,1970-01-21 07:09:27.960,1970-01-21 07:10:13.200,Hè,,,
Cần Thơ,Đồng bằng sông Cửu Long,2025-07-30,27.96,31.380000000000003,24.94,32.86,37.64,29.580000000000002,6.840000000000001,6.840000000000001,0.0,7.8,82.8,18.94,43.0,19.619999999999997,1008.0,81.2,24.619999999999997,0.0,4.18,9.8019,105.7894,10.828,12.56,7,31,63,238,1970-01-21 07:10:54.360,1970-01-21 07:11:39.576,Hè,,,
Cần Thơ,Đồng bằng sông Cửu Long,2025-07-31,27.580000000000002,30.439999999999998,25.48,32.92,36.82000000000001,30.339999999999996,10.5,10.5,0.0,9.2,86.6,16.9,43.3,19.014,1008.0,83.8,25.080000000000002,0.0,3.814,9.8019,105.7894,11.892,12.55,7,31,63,230,1970-01-21 07:12:20.772,1970-01-21 07:13:05.952,Hè,,,
Cần Thơ,Đồng bằng sông Cửu Long,2025-08-01,28.1,31.5,25.68,33.5,38.46,30.9,2.2,2.2,0.0,6.4,84.6,17.28,39.52,21.154,1007.2,94.4,25.119999999999997,0.0,4.366,9.8019,105.7894,11.828,12.55,8,31,53,225,1970-01-21 07:13:47.172,1970-01-21 07:14:32.340,Hè,,,
Cần Thơ,Đồng bằng sông Cửu Long,2025-08-02,28.2,31.619999999999997,25.6,34.04,38.160000000000004,31.18,2.76,2.76,0.0,5.0,84.2,16.36,34.839999999999996,22.128,1008.0,99.6,25.2,0.0,4.538,9.8019,105.7894,11.898,12.54,8,31,53,212,1970-01-21 07:15:13.572,1970-01-21 07:15:58.740,Hè,,,
Cần Thơ,Đồng bằng sông Cửu Long,2025-08-03,27.860000000000003,32.6,25.4,33.98,40.08,31.24,5.159999999999999,5.159999999999999,0.0,5.4,86.8,17.1,42.14,21.988,1009.3199999999999,77.4,25.3,0.0,4.4799999999999995,9.8019,105.7894,11.762,12.53,8,31,63,221,1970-01-21 07:16:39.984,1970-01-21 07:17:25.104,Hè,,,
Cần Thơ,Đồng bằng sông Cửu Long,2025-08-04,27.660000000000004,32.36,24.78,33.739999999999995,41.08,30.48,9.8,9.8,0.0,7.0,87.6,15.14,38.6,21.328,1009.28,63.8,25.26,0.0,4.362,9.8019,105.7894,11.616,12.53,8,32,63,221,1970-01-21 07:18:06.408,1970-01-21 07:18:51.492,Hè,,,
Cần Thơ,Đồng bằng sông Cửu Long,2025-08-05,27.160000000000004,32.3,24.94,32.480000000000004,38.67999999999999,29.639999999999997,12.84,12.84,0.0,6.4,86.6,15.219999999999999,33.98,21.07,1008.96,57.6,24.6,0.0,4.288,9.8019,105.7894,10.658,12.52,8,32,63,211,1970-01-21 07:19:32.820,1970-01-21 07:20:17.880,Hè,,,
Cần Thơ,Đồng bằng sông Cửu Long,2025-08-06,26.6,31.7,24.22,32.06,38.94,29.18,10.959999999999999,10.959999999999999,0.0,5.4,87.6,13.059999999999999,33.2,19.836000000000002,1008.96,99.0,24.259999999999998,0.0,4.0,9.8019,105.7894,9.558,12.51,8,32,63,204,1970-01-21 07:20:59.220,1970-01-21 07:21:44.256,Hè,,,
Cần Thơ,Đồng bằng sông Cửu Long,2025-08-07,26.78,31.48,24.06,32.62,38.9,29.18,11.86,11.86,0.0,6.8,87.6,15.86,33.62,21.006,1009.5,75.6,24.419999999999998,0.0,4.228,9.8019,105.7894,10.312000000000001,12.501999999999999,8,32,63,204,1970-01-21 07:22:25.620,1970-01-21 07:23:10.632,Hè,,,
Cần Thơ,Đồng bằng sông Cửu Long,2025-08-08,27.26,31.839999999999996,23.880000000000003,33.28,39.96,28.9,10.3,10.3,0.0,4.8,86.6,14.0,34.42,21.47,1010.0,60.6,24.66,0.0,4.318,9.8019,105.7894,11.552,12.5,8,32,63,242,1970-01-21 07:23:52.020,1970-01-21 07:24:37.020,Hè,,,
Cần Thơ,Đồng bằng sông Cửu Long,2025-08-09,26.74,30.080000000000002,25.02,31.74,35.58,29.860000000000003,10.92,10.92,0.0,8.8,86.2,15.24,32.46,15.556000000000001,1010.1,99.6,24.18,0.0,3.1719999999999997,9.8019,105.7894,7.2,12.49,8,32,63,260,1970-01-21 07:25:18.432,1970-01-21 07:26:03.396,Hè,,,
Cần Thơ,Đồng bằng sông Cửu Long,2025-08-10,26.119999999999997,31.0,23.919999999999998,31.04,38.38,28.28,20.9,20.9,0.0,12.2,89.8,17.96,41.959999999999994,18.242,1008.82,96.0,24.259999999999998,0.0,3.53,9.8019,105.7894,9.21,12.48,8,32,63,242,1970-01-21 07:26:44.832,1970-01-21 07:27:29.772,Hè,,,
Cần Thơ,Đồng bằng sông Cửu Long,2025-08-11,26.04,29.04,24.080000000000002,30.3,34.14,27.96,11.239999999999998,11.239999999999998,0.0,8.4,88.2,20.86,43.32,17.206,1008.0600000000001,96.8,23.86,0.0,3.3340000000000005,9.8019,105.7894,8.546000000000001,12.478,8,33,63,247,1970-01-21 07:28:11.232,1970-01-21 07:28:56.160,Hè,,,
Cần Thơ,Đồng bằng sông Cửu Long,2025-08-12,26.080000000000002,30.32,24.119999999999997,30.6,35.760000000000005,27.919999999999998,10.360000000000001,10.360000000000001,0.0,7.8,87.0,18.46,39.980000000000004,16.97,1008.1,98.4,23.7,0.0,3.374,9.8019,105.7894,7.718000000000001,12.47,8,33,63,242,1970-01-21 07:29:37.632,1970-01-21 07:30:22.512,Hè,,,
Cần Thơ,Đồng bằng sông Cửu Long,2025-08-13,25.78,28.160000000000004,23.36,30.139999999999997,32.82,27.060000000000002,15.540000000000001,15.540000000000001,0.0,10.2,88.4,18.98,42.78,14.819999999999999,1008.9799999999999,99.8,23.759999999999998,0.0,2.872,9.8019,105.7894,7.636,12.46,8,33,63,249,1970-01-21 07:31:04.032,1970-01-21 07:31:48.900,Hè,,,
Cần Thơ,Đồng bằng sông Cửu Long,2025-08-14,26.339999999999996,29.32,25.02,30.74,34.18,29.139999999999997,14.86,14.86,0.0,10.6,87.6,20.36,47.44,16.558,1007.8,99.6,24.14,0.0,3.226,9.8019,105.7894,8.232000000000001,12.452,8,33,63,257,1970-01-21 07:32:30.432,1970-01-21 07:33:15.300,Hè,,,
Cần Thơ,Đồng bằng sông Cửu Long,2025-08-15,25.619999999999997,28.119999999999997,23.740000000000002,29.54,32.18,27.28,8.84,8.84,0.0,11.8,89.6,20.240000000000002,45.42,14.184000000000001,1006.24,99.0,23.78,0.0,2.7399999999999998,9.8019,105.7894,6.581999999999999,12.441999999999998,8,33,63,245,1970-01-21 07:33:56.844,1970-01-21 07:34:41.652,Hè,,,
Cần Thơ,Đồng bằng sông Cửu Long,2025-08-16,24.44,26.119999999999997,23.28,28.28,30.119999999999997,26.6,30.3,30.3,0.0,23.2,94.4,18.72,42.1,6.992,1007.0,100.0,23.48,0.0,1.3960000000000001,9.8019,105.7894,0.32399999999999995,12.437999999999999,8,33,63,253,1970-01-21 07:35:23.256,1970-01-21 07:36:08.040,Hè,,,
Cần Thơ,Đồng bằng sông Cửu Long,2025-08-17,25.44,28.04,24.14,29.78,32.42,28.1,10.559999999999999,10.559999999999999,0.0,15.8,90.6,20.619999999999997,49.260000000000005,12.192,1008.8,99.4,23.78,0.0,2.352,9.8019,105.7894,3.9300000000000006,12.43,8,33,63,261,1970-01-21 07:36:49.656,1970-01-21 07:37:34.392,Hè,,,
Cần Thơ,Đồng bằng sông Cửu Long,2025-08-18,26.46,31.04,23.66,31.6,37.64,28.160000000000004,7.94,7.94,0.0,4.6,86.8,15.319999999999999,35.339999999999996,20.598000000000003,1009.9399999999999,85.2,23.98,0.0,4.1,9.8019,105.7894,11.426,12.42,8,34,63,227,1970-01-21 07:38:16.080,1970-01-21 07:39:00.780,Hè,,,
Cần Thơ,Đồng bằng sông Cửu Long,2025-08-19,26.880000000000003,30.939999999999998,24.06,32.42,37.480000000000004,28.74,8.14,8.14,0.0,7.0,86.4,13.88,34.760000000000005,22.982,1010.1200000000001,38.6,24.36,0.0,4.523999999999999,9.8019,105.7894,12.0,12.412,8,34,63,229,1970-01-21 07:39:42.480,1970-01-21 07:40:27.132,Hè,,,
Cần Thơ,Đồng bằng sông Cửu Long,2025-08-20,27.26,31.860000000000003,24.34,32.980000000000004,38.760000000000005,29.22,5.4,5.4,0.0,5.8,85.2,10.8,25.639999999999997,21.61,1009.36,67.8,24.34,0.0,4.4559999999999995,9.8019,105.7894,11.282,12.408,8,34,63,236,1970-01-21 07:41:08.880,1970-01-21 07:41:53.520,Hè,,,
Cần Thơ,Đồng bằng sông Cửu Long,2025-08-21,25.14,27.1,23.66,30.24,32.96,28.22,23.06,23.06,0.0,19.0,93.2,13.580000000000002,27.880000000000003,7.781999999999999,1010.4200000000001,100.0,23.939999999999998,0.0,1.616,9.8019,105.7894,0.06599999999999999,12.398,8,34,63,205,1970-01-21 07:42:35.280,1970-01-21 07:43:19.872,Hè,,,
Cần Thơ,Đồng bằng sông Cửu Long,2025-08-22,25.939999999999998,30.5,23.18,31.139999999999997,37.1,27.919999999999998,9.1,9.1,0.0,12.8,88.4,14.059999999999999,34.04,19.242,1010.0600000000001,80.6,23.759999999999998,0.0,3.7980000000000005,9.8019,105.7894,10.330000000000002,12.388000000000002,8,34,63,215,1970-01-21 07:44:01.680,1970-01-21 07:44:46.260,Hè,,,
Cần Thơ,Đồng bằng sông Cửu Long,2025-08-23,26.6,30.3,23.96,31.6,36.72,28.839999999999996,12.2,12.2,0.0,9.2,85.4,16.04,41.4,19.474,1009.0799999999999,81.4,23.9,0.0,3.8920000000000003,9.8019,105.7894,11.202,12.38,8,34,63,238,1970-01-21 07:45:28.068,1970-01-21 07:46:12.612,Hè,,,
Cần Thơ,Đồng bằng sông Cửu Long,2025-08-24,26.3,29.660000000000004,23.86,30.080000000000002,34.88,26.68,8.120000000000001,8.120000000000001,0.0,12.0,85.0,24.580000000000002,53.0,18.832,1008.18,99.8,23.5,0.0,3.7700000000000005,9.8019,105.7894,8.629999999999999,12.372,8,34,63,248,1970-01-21 07:46:54.468,1970-01-21 07:47:39.000,Hè,,,
Cần Thơ,Đồng bằng sông Cửu Long,2025-08-25,26.28,29.04,23.96,30.4,33.32,27.48,15.66,15.66,0.0,12.0,86.8,25.240000000000002,55.5,15.254,1007.5200000000001,100.0,23.880000000000003,0.0,3.04,9.8019,105.7894,6.595999999999999,12.361999999999998,8,35,63,229,1970-01-21 07:48:20.856,1970-01-21 07:49:05.352,Hè,,,
Cần Thơ,Đồng bằng sông Cửu Long,2025-08-26,26.78,30.04,24.580000000000002,31.380000000000003,34.94,29.1,4.94,4.94,0.0,7.0,84.2,17.3,42.98,14.382,1009.14,96.8,23.82,0.0,3.128,9.8019,105.7894,7.35,12.358,8,35,61,220,1970-01-21 07:49:47.244,1970-01-21 07:50:31.740,Hè,,,
Cần Thơ,Đồng bằng sông Cửu Long,2025-08-27,26.9,31.02,24.419999999999998,32.019999999999996,37.8,29.54,4.74,4.74,0.0,6.0,85.2,15.580000000000002,38.160000000000004,18.758,1009.4799999999999,97.6,24.1,0.0,3.8760000000000003,9.8019,105.7894,9.062000000000001,12.347999999999999,8,35,61,251,1970-01-21 07:51:13.632,1970-01-21 07:51:58.092,Hè,,,
Cần Thơ,Đồng bằng sông Cửu Long,2025-08-28,27.080000000000002,30.360000000000003,24.82,31.160000000000004,35.04,28.939999999999998,6.959999999999999,6.959999999999999,0.0,9.2,83.8,22.119999999999997,49.46,19.322,1008.6,91.6,23.98,0.0,4.078,9.8019,105.7894,10.338,12.338,8,35,61,264,1970-01-21 07:52:40.032,1970-01-21 07:53:24.480,Hè,,,
Cần Thơ,Đồng bằng sông Cửu Long,2025-08-29,26.54,29.3,25.119999999999997,30.68,34.019999999999996,29.0,10.52,10.52,0.0,16.4,88.2,20.919999999999998,45.94,14.288,1008.22,100.0,24.36,0.0,2.972,9.8019,105.7894,5.8740000000000006,12.328,8,35,63,261,1970-01-21 07:54:06.432,1970-01-21 07:54:50.820,Hè,,,
Cần Thơ,Đồng bằng sông Cửu Long,2025-08-30,26.380000000000003,28.619999999999997,24.9,30.339999999999996,32.58,28.26,8.540000000000001,8.540000000000001,0.0,7.6,87.0,21.240000000000002,46.72,15.094,1007.6,100.0,24.04,0.0,3.082,9.8019,105.7894,7.706,12.322,8,35,61,243,1970-01-21 07:55:32.832,1970-01-21 07:56:17.208,Hè,,,
Cần Thơ,Đồng bằng sông Cửu Long,2025-08-31,26.4,29.860000000000003,24.22,30.68,35.36,27.68,12.6,12.6,0.0,10.4,87.6,19.8,44.14,17.348,1007.32,85.0,24.14,0.0,3.44,9.8019,105.7894,8.906,12.312000000000001,8,35,63,244,1970-01-21 07:56:59.232,1970-01-21 07:57:43.560,Hè,,,
Cần Thơ,Đồng bằng sông Cửu Long,2025-09-01,26.080000000000002,29.74,24.36,30.8,35.5,28.48,17.24,17.24,0.0,16.6,90.8,18.04,41.96,14.642,1007.14,99.8,24.419999999999998,0.0,2.8440000000000003,9.8019,105.7894,6.414,12.302000000000001,9,36,65,245,1970-01-21 07:58:25.620,1970-01-21 07:59:09.912,Thu,,,
Cần Thơ,Đồng bằng sông Cửu Long,2025-09-02,26.04,29.22,24.26,30.9,34.260000000000005,28.96,7.3,7.3,0.0,16.0,91.4,18.28,41.54,10.681999999999999,1007.86,99.8,24.46,0.0,2.246,9.8019,105.7894,3.138,12.298,9,36,61,245,1970-01-21 07:59:52.020,1970-01-21 08:00:36.300,Thu,,,
Cần Thơ,Đồng bằng sông Cửu Long,2025-09-03,26.619999999999997,29.98,24.54,31.24,35.660000000000004,28.9,11.88,11.88,0.0,12.4,87.0,18.18,41.160000000000004,16.622,1007.9,85.8,24.22,0.0,3.4019999999999997,9.8019,105.7894,9.524,12.288,9,36,63,262,1970-01-21 08:01:18.420,1970-01-21 08:02:02.652,Thu,,,
Cần Thơ,Đồng bằng sông Cửu Long,2025-09-04,26.580000000000002,30.080000000000002,24.34,31.54,36.120000000000005,28.74,8.620000000000001,8.620000000000001,0.0,10.2,88.6,15.580000000000002,33.48,17.684,1007.6,97.0,24.46,0.0,3.524,9.8019,105.7894,9.512,12.278,9,36,63,239,1970-01-21 08:02:44.820,1970-01-21 08:03:29.040,Thu,,,
Cần Thơ,Đồng bằng sông Cửu Long,2025-09-05,26.82,30.7,24.380000000000003,31.939999999999998,37.54,28.880000000000003,10.180000000000001,10.180000000000001,0.0,10.0,88.0,16.18,36.739999999999995,18.913999999999998,1007.9200000000001,91.4,24.560000000000002,0.0,3.7379999999999995,9.8019,105.7894,10.1,12.27,9,36,63,239,1970-01-21 08:04:11.220,1970-01-21 08:04:55.380,Thu,,,
Cần Thơ,Đồng bằng sông Cửu Long,2025-09-06,27.24,30.72,24.96,32.279999999999994,36.480000000000004,29.619999999999997,1.9,1.9,0.0,7.4,85.6,16.919999999999998,35.28,18.8,1008.24,99.8,24.54,0.0,3.844,9.8019,105.7894,9.564,12.26,9,36,51,238,1970-01-21 08:05:37.620,1970-01-21 08:06:21.768,Thu,,,
Cần Thơ,Đồng bằng sông Cửu Long,2025-09-07,26.0,29.76,24.56,31.02,35.42,29.6,25.06,25.06,0.0,14.2,91.4,18.419999999999998,42.18,12.774,1008.96,99.6,24.439999999999998,0.0,2.496,9.8019,105.7894,4.936,12.25,9,36,65,221,1970-01-21 08:07:04.020,1970-01-21 08:07:48.120,Thu,,,
Cần Thơ,Đồng bằng sông Cửu Long,2025-09-08,26.02,29.72,24.38,31.339999999999996,34.94,29.52,13.9,13.9,0.0,10.2,92.0,14.040000000000001,34.760000000000005,12.514,1009.5,100.0,24.52,0.0,2.488,9.8019,105.7894,5.012,12.242,9,37,65,196,1970-01-21 08:08:30.420,1970-01-21 08:09:14.472,Thu,,,
Cần Thơ,Đồng bằng sông Cửu Long,2025-09-09,25.78,29.7,24.060000000000002,31.22,35.92,29.360000000000003,13.720000000000002,13.720000000000002,0.0,11.0,91.8,15.319999999999999,34.5,13.553999999999998,1010.6800000000001,100.0,24.240000000000002,0.0,2.676,9.8019,105.7894,5.5520000000000005,12.232000000000001,9,37,63,189,1970-01-21 08:09:56.820,1970-01-21 08:10:40.860,Thu,,,
Cần Thơ,Đồng bằng sông Cửu Long,2025-09-10,26.52,31.6,23.9,32.760000000000005,40.08,29.360000000000003,12.379999999999999,12.379999999999999,0.0,9.6,89.2,11.819999999999999,29.02,20.486,1010.0799999999999,97.6,24.46,0.0,4.178,9.8019,105.7894,9.040000000000001,12.228,9,37,63,103,1970-01-21 08:11:23.220,1970-01-21 08:12:07.200,Thu,,,
Cần Thơ,Đồng bằng sông Cửu Long,2025-09-11,26.54,32.0,23.9,32.660000000000004,40.2,29.1,16.44,16.44,0.0,10.2,89.2,9.620000000000001,25.919999999999998,20.894,1009.3,94.4,24.46,0.0,4.264,9.8019,105.7894,9.116,12.218,9,37,65,330,1970-01-21 08:12:49.608,1970-01-21 08:13:33.576,Thu,,,
Cần Thơ,Đồng bằng sông Cửu Long,2025-09-12,25.660000000000004,30.54,23.72,31.04,37.56,28.339999999999996,12.959999999999999,12.959999999999999,0.0,9.4,92.0,15.24,37.06,15.475999999999999,1009.4,91.6,24.14,0.0,3.0740000000000003,9.8019,105.7894,6.812,12.21,9,37,63,63,1970-01-21 08:14:15.972,1970-01-21 08:14:59.940,Thu,,,
Cần Thơ,Đồng bằng sông Cửu Long,2025-09-13,25.52,29.22,24.060000000000002,31.1,35.739999999999995,29.080000000000002,33.480000000000004,33.480000000000004,0.0,16.6,92.8,12.8,32.019999999999996,14.39,1009.8,99.8,24.240000000000002,0.0,2.7939999999999996,9.8019,105.7894,6.308,12.2,9,37,65,77,1970-01-21 08:15:42.372,1970-01-21 08:16:26.280,Thu,,,
Cần Thơ,Đồng bằng sông Cửu Long,2025-09-14,25.56,29.339999999999996,23.580000000000002,31.119999999999997,35.44,28.7,12.78,12.78,0.0,10.8,92.8,11.22,30.6,13.264,1010.4799999999999,100.0,24.22,0.0,2.648,9.8019,105.7894,5.138,12.19,9,37,63,222,1970-01-21 08:17:08.760,1970-01-21 08:17:52.680,Thu,,,
Cần Thơ,Đồng bằng sông Cửu Long,2025-09-15,26.360000000000003,31.26,23.64,32.14,38.18,29.060000000000002,11.879999999999999,11.879999999999999,0.0,4.6,88.4,17.72,37.94,19.863999999999997,1010.36,93.6,24.16,0.0,3.9579999999999997,9.8019,105.7894,9.358,12.18,9,38,63,219,1970-01-21 08:18:35.160,1970-01-21 08:19:19.020,Thu,,,
Cần Thơ,Đồng bằng sông Cửu Long,2025-09-16,26.8,30.580000000000002,24.24,32.160000000000004,35.46,29.32,9.4,9.4,0.0,8.0,87.6,17.6,42.760000000000005,16.240000000000002,1009.6,96.0,24.46,0.0,3.3280000000000003,9.8019,105.7894,8.148,12.17,9,38,63,264,1970-01-21 08:20:01.560,1970-01-21 08:20:45.360,Thu,,,
Cần Thơ,Đồng bằng sông Cửu Long,2025-09-17,26.339999999999996,30.54,24.580000000000002,31.26,37.18,28.660000000000004,15.160000000000002,15.160000000000002,0.0,10.4,88.4,20.3,43.339999999999996,16.304,1008.5,95.2,24.240000000000002,0.0,3.226,9.8019,105.7894,8.648,12.16,9,38,63,249,1970-01-21 08:21:27.960,1970-01-21 08:22:11.760,Thu,,,
Cần Thơ,Đồng bằng sông Cửu Long,2025-09-18,25.919999999999998,29.639999999999997,24.0,30.32,35.1,27.48,12.28,12.28,0.0,13.4,89.8,20.880000000000003,45.8,16.634,1008.26,94.6,24.04,0.0,3.21,9.8019,105.7894,8.128,12.15,9,38,63,251,1970-01-21 08:22:54.360,1970-01-21 08:23:38.100,Thu,,,
Cần Thơ,Đồng bằng sông Cửu Long,2025-09-19,26.619999999999997,29.580000000000002,24.619999999999997,30.54,33.06,28.26,1.3599999999999999,1.3599999999999999,0.0,5.0,82.8,20.060000000000002,41.760000000000005,17.106,1009.6200000000001,94.8,23.32,0.0,3.5980000000000003,9.8019,105.7894,8.484,12.142,9,38,51,246,1970-01-21 08:24:20.760,1970-01-21 08:25:04.464,Thu,,,
Cần Thơ,Đồng bằng sông Cửu Long,2025-09-20,27.72,32.14,24.419999999999998,32.46,37.22,29.360000000000003,0.58,0.58,0.0,2.2,79.4,17.66,37.38,21.77,1009.0799999999999,77.8,23.6,0.0,4.75,9.8019,105.7894,11.356,12.138000000000002,9,38,3,252,1970-01-21 08:25:47.160,1970-01-21 08:26:30.840,Thu,,,
Cần Thơ,Đồng bằng sông Cửu Long,2025-09-21,27.860000000000003,31.52,24.82,32.4,36.72,29.339999999999996,0.9199999999999999,0.9199999999999999,0.0,4.8,79.8,19.68,44.92,18.968,1008.28,89.4,23.9,0.0,4.209999999999999,9.8019,105.7894,9.234,12.13,9,38,51,252,1970-01-21 08:27:13.560,1970-01-21 08:27:57.180,Thu,,,
Cần Thơ,Đồng bằng sông Cửu Long,2025-09-22,27.060000000000002,29.7,25.28,31.339999999999996,32.82000000000001,29.9,7.32,7.32,0.0,11.0,81.4,21.44,42.06,11.51,1008.9,100.0,23.44,0.0,2.782,9.8019,105.7894,2.006,12.12,9,39,61,271,1970-01-21 08:28:39.948,1970-01-21 08:29:23.568,Thu,,,
Cần Thơ,Đồng bằng sông Cửu Long,2025-09-23,27.639999999999997,31.22,25.56,31.380000000000003,34.12,29.48,0.4,0.4,0.0,2.8,75.6,23.119999999999997,44.839999999999996,15.606,1008.24,95.6,22.84,0.0,3.854,9.8019,105.7894,6.712000000000001,12.11,9,39,51,265,1970-01-21 08:30:06.324,1970-01-21 08:30:49.920,Thu,,,
Cần Thơ,Đồng bằng sông Cửu Long,2025-09-24,27.28,29.919999999999998,25.68,31.619999999999997,34.3,30.24,2.82,2.82,0.0,6.4,82.4,18.2,42.339999999999996,13.180000000000001,1006.8399999999999,99.6,23.96,0.0,3.048,9.8019,105.7894,6.806,12.1,9,39,53,256,1970-01-21 08:31:32.724,1970-01-21 08:32:16.272,Thu,,,
Cần Thơ,Đồng bằng sông Cửu Long,2025-09-25,26.939999999999998,29.419999999999998,24.580000000000002,31.0,33.3,28.060000000000002,7.340000000000001,7.340000000000001,0.0,12.6,84.8,22.2,49.4,16.169999999999998,1007.6,100.0,24.080000000000002,0.0,3.3939999999999997,9.8019,105.7894,8.482,12.09,9,39,63,247,1970-01-21 08:32:59.100,1970-01-21 08:33:42.660,Thu,,,
Cần Thơ,Đồng bằng sông Cửu Long,2025-09-26,26.560000000000002,28.76,25.080000000000002,30.8,33.339999999999996,29.1,8.440000000000001,8.440000000000001,0.0,11.2,86.0,19.84,46.54,12.784,1008.9799999999999,100.0,23.96,0.0,2.758,9.8019,105.7894,4.178,12.08,9,39,63,260,1970-01-21 08:34:25.500,1970-01-21 08:35:09.000,Thu,,,
Cần Thơ,Đồng bằng sông Cửu Long,2025-09-27,26.0,30.339999999999996,24.259999999999998,30.24,35.42,28.18,11.760000000000002,11.760000000000002,0.0,13.6,89.6,21.14,45.58,14.276,1008.4399999999999,99.4,24.119999999999997,0.0,2.82,9.8019,105.7894,5.818,12.07,9,39,63,266,1970-01-21 08:35:51.900,1970-01-21 08:36:35.388,Thu,,,
Cần Thơ,Đồng bằng sông Cửu Long,2025-09-28,26.119999999999997,30.119999999999997,24.18,30.32,35.38,27.919999999999998,12.52,12.52,0.0,17.4,89.4,23.1,47.1,15.178,1007.1,99.8,24.14,0.0,2.9859999999999998,9.8019,105.7894,5.714,12.062000000000001,9,39,63,233,1970-01-21 08:37:18.300,1970-01-21 08:38:01.740,Thu,,,
Cần Thơ,Đồng bằng sông Cửu Long,2025-09-29,25.78,29.560000000000002,24.0,30.139999999999997,34.38,28.1,20.82,20.82,0.0,14.8,90.4,20.9,44.56,14.724,1008.7,99.0,24.02,0.0,2.8579999999999997,9.8019,105.7894,7.0760000000000005,12.058000000000002,9,40,63,200,1970-01-21 08:38:44.700,1970-01-21 08:39:28.092,Thu,,,
Cần Thơ,Đồng bằng sông Cửu Long,2025-09-30,26.339999999999996,30.660000000000004,23.619999999999997,31.639999999999997,36.32,28.18,6.82,6.82,0.0,8.8,87.8,13.86,34.62,16.938,1010.1200000000001,98.0,24.0,0.0,3.428,9.8019,105.7894,6.958,12.048,9,40,61,173,1970-01-21 08:40:11.100,1970-01-21 08:40:54.480,Thu,,,
Cần Thơ,Đồng bằng sông Cửu Long,2025-10-01,26.439999999999998,31.76,23.880000000000003,32.14,39.6,28.8,9.5,9.5,0.0,8.0,87.8,14.680000000000001,34.64,20.55,1010.4,64.2,24.02,0.0,4.1579999999999995,9.8019,105.7894,11.14,12.04,10,40,63,81,1970-01-21 08:41:37.500,1970-01-21 08:42:20.820,Thu,,,
Cần Thơ,Đồng bằng sông Cửu Long,2025-10-02,26.96,31.7,23.68,33.06,39.82,28.580000000000002,1.5,1.5,0.0,3.8,86.6,12.0,30.96,22.5,1010.3799999999999,35.4,24.3,0.0,4.598000000000001,9.8019,105.7894,11.272,12.03,10,40,53,76,1970-01-21 08:43:03.900,1970-01-21 08:43:47.208,Thu,,,
Cần Thơ,Đồng bằng sông Cửu Long,2025-10-03,26.28,30.959999999999997,24.04,32.12,38.46,29.0,12.040000000000001,12.040000000000001,0.0,11.6,89.0,12.2,29.880000000000003,17.984,1011.0600000000001,96.4,24.18,0.0,3.628,9.8019,105.7894,9.501999999999999,12.02,10,40,61,146,1970-01-21 08:44:30.300,1970-01-21 08:45:13.560,Thu,,,
Cần Thơ,Đồng bằng sông Cửu Long,2025-10-04,26.9,31.160000000000004,24.259999999999998,32.42,36.9,29.32,8.5,8.5,0.0,7.2,85.2,14.88,33.54,21.142,1011.3199999999999,90.4,24.020000000000003,0.0,4.286,9.8019,105.7894,10.86,12.01,10,40,63,200,1970-01-21 08:45:56.700,1970-01-21 08:46:39.912,Thu,,,
Cần Thơ,Đồng bằng sông Cửu Long,2025-10-05,27.46,31.72,23.96,32.480000000000004,36.739999999999995,28.860000000000003,0.5800000000000001,0.5800000000000001,0.0,3.0,81.6,14.02,29.160000000000004,19.312,1011.4200000000001,93.8,23.72,0.0,4.188,9.8019,105.7894,10.64,12.0,10,40,51,230,1970-01-21 08:47:23.100,1970-01-21 08:48:06.300,Thu,,,
Cần Thơ,Đồng bằng sông Cửu Long,2025-10-06,27.639999999999997,32.339999999999996,24.06,32.660000000000004,37.17999999999999,29.160000000000004,1.28,1.28,0.0,3.2,81.2,16.52,36.54,22.308,1011.04,91.4,23.8,0.0,4.752,9.8019,105.7894,11.284,11.992,10,41,53,243,1970-01-21 08:48:49.500,1970-01-21 08:49:32.640,Thu,,,
Cần Thơ,Đồng bằng sông Cửu Long,2025-10-07,26.6,31.1,24.4,31.74,37.14,29.46,14.459999999999999,14.459999999999999,0.0,7.6,86.8,14.9,34.06,18.618000000000002,1011.28,88.2,24.119999999999997,0.0,3.7560000000000002,9.8019,105.7894,10.436,11.982000000000001,10,41,63,234,1970-01-21 08:50:15.900,1970-01-21 08:50:59.040,Thu,,,
Cần Thơ,Đồng bằng sông Cửu Long,2025-10-08,26.4,31.52,24.46,31.8,38.019999999999996,29.28,29.48,29.48,0.0,13.8,88.2,13.48,31.32,15.392,1010.3199999999999,95.4,24.16,0.0,3.2079999999999997,9.8019,105.7894,6.004,11.972,10,41,65,263,1970-01-21 08:51:42.300,1970-01-21 08:52:25.380,Thu,,,
Cần Thơ,Đồng bằng sông Cửu Long,2025-10-09,26.26,31.139999999999997,22.98,31.7,37.72,27.160000000000004,12.84,12.84,0.0,10.6,87.2,10.7,24.4,19.05,1009.54,96.2,23.759999999999998,0.0,3.8920000000000003,9.8019,105.7894,8.524,11.968,10,41,63,241,1970-01-21 08:53:08.700,1970-01-21 08:53:51.768,Thu,,,
Cần Thơ,Đồng bằng sông Cửu Long,2025-10-10,26.28,29.939999999999998,23.9,31.9,36.64,28.96,4.42,4.42,0.0,10.2,88.4,9.58,22.96,18.613999999999997,1008.9,81.0,24.060000000000002,0.0,3.754,9.8019,105.7894,10.024,11.958000000000002,10,41,63,148,1970-01-21 08:54:35.100,1970-01-21 08:55:18.120,Thu,,,
Cần Thơ,Đồng bằng sông Cửu Long,2025-10-11,26.22,30.74,23.84,32.1,38.42,28.919999999999998,9.459999999999999,9.459999999999999,0.0,9.6,89.2,14.680000000000001,34.4,18.424,1008.78,87.4,24.16,0.0,3.696,9.8019,105.7894,9.09,11.947999999999999,10,41,65,158,1970-01-21 08:56:01.500,1970-01-21 08:56:44.496,Thu,,,
Cần Thơ,Đồng bằng sông Cửu Long,2025-10-12,26.580000000000002,31.04,24.240000000000002,32.339999999999996,37.92,29.82,14.9,14.9,0.0,9.4,88.4,13.16,33.7,16.606,1008.9799999999999,94.8,24.380000000000003,0.0,3.3659999999999997,9.8019,105.7894,9.068000000000001,11.94,10,41,65,192,1970-01-21 08:57:27.900,1970-01-21 08:58:10.860,Thu,,,
Cần Thơ,Đồng bằng sông Cửu Long,2025-10-13,26.78,31.060000000000002,23.979999999999997,32.68,37.8,29.32,3.2,3.2,0.0,6.8,88.0,12.0,28.660000000000004,17.738,1009.0,97.8,24.46,0.0,3.6100000000000003,9.8019,105.7894,9.64,11.931999999999999,10,42,63,173,1970-01-21 08:58:54.300,1970-01-21 08:59:37.236,Thu,,,
Cần Thơ,Đồng bằng sông Cửu Long,2025-10-14,26.9,31.439999999999998,24.560000000000002,32.96,38.88,30.1,6.68,6.68,0.0,8.2,88.0,11.48,30.24,17.994,1008.9399999999999,95.6,24.64,0.0,3.6479999999999997,9.8019,105.7894,9.138,11.922,10,42,63,83,1970-01-21 09:00:20.700,1970-01-21 09:01:03.600,Thu,,,
Cần Thơ,Đồng bằng sông Cửu Long,2025-10-15,27.18,31.740000000000002,24.82,32.839999999999996,39.04,29.939999999999998,9.74,9.74,0.0,9.6,87.0,13.5,32.98,20.304,1007.86,82.2,24.7,0.0,4.136,9.8019,105.7894,9.64,11.912,10,42,65,74,1970-01-21 09:01:47.100,1970-01-21 09:02:29.988,Thu,,,
Cần Thơ,Đồng bằng sông Cửu Long,2025-10-16,27.060000000000002,31.5,23.98,32.260000000000005,36.88,29.1,4.68,4.68,0.0,11.2,85.6,17.080000000000002,40.8,18.009999999999998,1007.6200000000001,98.6,24.259999999999998,0.0,3.8280000000000003,9.8019,105.7894,8.822,11.908,10,42,63,49,1970-01-21 09:03:13.500,1970-01-21 09:03:56.340,Thu,,,
Cần Thơ,Đồng bằng sông Cửu Long,2025-10-17,27.0,30.2,24.1,31.98,35.239999999999995,28.439999999999998,14.0,14.0,0.0,13.0,86.6,16.72,39.760000000000005,16.686,1008.5,98.6,24.52,0.0,3.3840000000000003,9.8019,105.7894,9.65,11.898,10,42,63,92,1970-01-21 09:04:39.900,1970-01-21 09:05:22.740,Thu,,,
Cần Thơ,Đồng bằng sông Cửu Long,2025-10-18,26.02,29.5,23.64,30.96,34.92,27.76,6.74,6.74,0.0,11.2,89.4,17.16,37.28,16.216,1008.28,98.8,24.06,0.0,3.1719999999999997,9.8019,105.7894,8.672,11.888000000000002,10,42,61,88,1970-01-21 09:06:06.300,1970-01-21 09:06:49.080,Thu,,,
Cần Thơ,Đồng bằng sông Cửu Long,2025-10-19,26.8,31.880000000000003,24.22,32.660000000000004,38.94,29.580000000000002,8.4,8.4,0.0,9.0,88.2,12.3,29.52,19.19,1006.7,90.0,24.580000000000002,0.0,3.9259999999999997,9.8019,105.7894,9.193999999999999,11.882000000000001,10,42,63,70,1970-01-21 09:07:32.700,1970-01-21 09:08:15.480,Thu,,,
Cần Thơ,Đồng bằng sông Cửu Long,2025-10-20,27.380000000000003,32.46,24.32,33.239999999999995,39.3,29.439999999999998,9.620000000000001,9.620000000000001,0.0,10.4,85.8,12.86,28.72,20.536,1006.7,97.8,24.6,0.0,4.26,9.8019,105.7894,10.198,11.872,10,43,63,307,1970-01-21 09:08:59.100,1970-01-21 09:09:41.832,Thu,,,
Cần Thơ,Đồng bằng sông Cửu Long,2025-10-21,27.04,32.18,24.0,32.64,38.96,29.02,11.68,11.68,0.0,13.0,86.6,11.559999999999999,29.520000000000003,19.572,1007.6,98.6,24.4,0.0,4.046,9.8019,105.7894,9.712,11.861999999999998,10,43,63,339,1970-01-21 09:10:25.500,1970-01-21 09:11:08.220,Thu,,,
Cần Thơ,Đồng bằng sông Cửu Long,2025-10-22,26.68,30.939999999999998,24.5,32.839999999999996,37.96,29.939999999999998,8.819999999999999,8.819999999999999,0.0,8.0,90.0,11.18,25.580000000000002,15.384,1007.9,97.6,24.84,0.0,3.1399999999999997,9.8019,105.7894,8.486,11.858,10,43,63,36,1970-01-21 09:11:51.912,1970-01-21 09:12:34.584,Thu,,,
Cần Thơ,Đồng bằng sông Cửu Long,2025-10-23,26.339999999999996,30.839999999999996,23.619999999999997,31.76,37.3,28.68,11.72,11.72,0.0,13.8,89.0,17.54,39.82,15.930000000000001,1008.7,98.6,24.22,0.0,3.2439999999999998,9.8019,105.7894,7.460000000000001,11.847999999999999,10,43,63,43,1970-01-21 09:13:18.312,1970-01-21 09:14:00.960,Thu,,,
Cần Thơ,Đồng bằng sông Cửu Long,2025-10-24,26.419999999999998,30.1,24.46,31.839999999999996,36.64,28.78,16.6,16.6,0.0,13.8,90.2,15.4,33.18,13.319999999999999,1008.9,95.4,24.64,0.0,2.7079999999999997,9.8019,105.7894,6.806,11.838,10,43,63,60,1970-01-21 09:14:44.712,1970-01-21 09:15:27.360,Thu,,,
Cần Thơ,Đồng bằng sông Cửu Long,2025-10-25,25.939999999999998,29.439999999999998,24.28,31.54,35.480000000000004,29.360000000000003,15.84,15.84,0.0,15.8,91.2,10.0,27.0,10.468,1008.9,100.0,24.32,0.0,2.222,9.8019,105.7894,2.838,11.83,10,43,63,4,1970-01-21 09:16:11.136,1970-01-21 09:16:53.712,Thu,,,
Cần Thơ,Đồng bằng sông Cửu Long,2025-10-26,26.139999999999997,30.18,23.3,31.4,36.440000000000005,27.8,9.16,9.16,0.0,16.8,86.8,9.86,20.52,15.928,1009.22,93.2,23.619999999999997,0.0,3.312,9.8019,105.7894,8.0,11.822,10,43,61,3,1970-01-21 09:17:37.560,1970-01-21 09:18:20.100,Thu,,,
Cần Thơ,Đồng bằng sông Cửu Long,2025-10-27,26.119999999999997,31.18,23.560000000000002,31.02,36.480000000000004,28.139999999999997,13.24,13.24,0.0,13.4,87.8,15.1,31.020000000000003,13.969999999999999,1009.36,95.0,23.8,0.0,2.94,9.8019,105.7894,6.465999999999999,11.812000000000001,10,44,65,315,1970-01-21 09:19:03.960,1970-01-21 09:19:46.500,Thu,,,
Cần Thơ,Đồng bằng sông Cửu Long,2025-10-28,25.860000000000003,28.74,24.119999999999997,30.96,33.92,28.7,23.080000000000002,23.080000000000002,0.0,19.4,90.2,12.32,28.860000000000003,10.888,1008.8399999999999,100.0,24.1,0.0,2.2979999999999996,9.8019,105.7894,2.938,11.808000000000002,10,44,63,274,1970-01-21 09:20:30.360,1970-01-21 09:21:12.852,Thu,,,
Cần Thơ,Đồng bằng sông Cửu Long,2025-10-29,25.96,29.82,24.2,31.48,35.82,29.339999999999996,14.219999999999999,14.219999999999999,0.0,14.2,90.6,10.48,23.96,14.284,1007.6800000000001,100.0,24.240000000000002,0.0,2.898,9.8019,105.7894,6.534000000000001,11.798,10,44,63,16,1970-01-21 09:21:56.760,1970-01-21 09:22:39.240,Thu,,,
Cần Thơ,Đồng bằng sông Cửu Long,2025-10-30,26.139999999999997,29.580000000000002,24.0,31.76,34.42,29.32,6.6,6.6,0.0,10.8,90.4,13.66,30.18,10.084,1009.1200000000001,100.0,24.380000000000003,0.0,2.146,9.8019,105.7894,2.4200000000000004,11.79,10,44,65,210,1970-01-21 09:23:23.172,1970-01-21 09:24:05.640,Thu,,,
Cần Thơ,Đồng bằng sông Cửu Long,2025-10-31,26.52,30.26,24.1,32.0,36.2,28.82,16.04,16.04,0.0,15.0,89.2,14.5,32.54,15.49,1011.1200000000001,79.4,24.52,0.0,3.124,9.8019,105.7894,9.016,11.78,10,44,63,131,1970-01-21 09:24:49.584,1970-01-21 09:25:31.992,Thu,,,
Cần Thơ,Đồng bằng sông Cửu Long,2025-11-01,26.439999999999998,31.76,24.16,32.480000000000004,39.08,29.439999999999998,12.620000000000001,12.620000000000001,0.0,11.8,89.4,10.58,26.660000000000004,16.492,1011.1,87.4,24.4,0.0,3.4200000000000004,9.8019,105.7894,7.132,11.772,11,44,63,31,1970-01-21 09:26:16.020,1970-01-21 09:26:58.392,Thu,,,
Cần Thơ,Đồng bằng sông Cửu Long,2025-11-02,25.7,29.5,24.02,31.26,36.18,29.339999999999996,16.34,16.34,0.0,11.2,92.4,14.2,30.24,12.372,1010.6800000000001,95.8,24.339999999999996,0.0,2.478,9.8019,105.7894,5.6,11.767999999999999,11,44,65,260,1970-01-21 09:27:42.420,1970-01-21 09:28:24.780,Thu,,,
Cần Thơ,Đồng bằng sông Cửu Long,2025-11-03,25.7,28.48,23.880000000000003,30.639999999999997,33.94,28.119999999999997,19.5,19.5,0.0,14.6,91.2,14.98,33.12,10.424000000000001,1009.82,97.8,24.14,0.0,2.114,9.8019,105.7894,4.864,11.76,11,45,63,263,1970-01-21 09:29:08.820,1970-01-21 09:29:51.180,Thu,,,
Cần Thơ,Đồng bằng sông Cửu Long,2025-11-04,26.3,30.46,23.84,31.7,36.56,28.880000000000003,12.379999999999999,12.379999999999999,0.0,11.0,89.2,12.02,30.76,15.404,1009.1800000000001,96.2,24.259999999999998,0.0,3.118,9.8019,105.7894,9.03,11.75,11,45,65,282,1970-01-21 09:30:35.232,1970-01-21 09:31:17.544,Thu,,,
Cần Thơ,Đồng bằng sông Cửu Long,2025-11-05,26.360000000000003,30.339999999999996,24.1,31.98,36.14,28.96,16.72,16.72,0.0,16.2,89.2,8.22,21.6,13.322,1008.0,100.0,24.32,0.0,2.798,9.8019,105.7894,5.84,11.742,11,45,63,1,1970-01-21 09:32:01.680,1970-01-21 09:32:43.932,Thu,,,
Cần Thơ,Đồng bằng sông Cửu Long,2025-11-06,26.160000000000004,28.880000000000003,24.1,31.380000000000003,34.04,29.380000000000003,2.3600000000000003,2.3600000000000003,0.0,9.4,90.2,14.080000000000002,25.2,9.192,1006.6800000000001,100.0,24.32,0.0,2.006,9.8019,105.7894,0.5599999999999999,11.74,11,45,53,271,1970-01-21 09:33:28.080,1970-01-21 09:34:10.332,Thu,,,
Cần Thơ,Đồng bằng sông Cửu Long,2025-11-07,26.2,30.32,24.56,31.1,35.42,29.139999999999997,13.0,13.0,0.0,11.4,89.4,15.98,35.42,12.822,1007.9,100.0,24.22,0.0,2.646,9.8019,105.7894,5.318,11.73,11,45,63,236,1970-01-21 09:34:54.492,1970-01-21 09:35:36.720,Thu,,,
Cần Thơ,Đồng bằng sông Cửu Long,2025-11-08,26.52,31.18,24.0,32.28,38.52,29.139999999999997,12.919999999999998,12.919999999999998,0.0,12.0,89.0,10.9,27.639999999999997,17.662,1009.8399999999999,80.8,24.4,0.0,3.5799999999999996,9.8019,105.7894,9.542,11.72,11,45,63,199,1970-01-21 09:36:20.892,1970-01-21 09:37:03.120,Thu,,,
Cần Thơ,Đồng bằng sông Cửu Long,2025-11-09,26.439999999999998,31.72,23.759999999999998,32.44,39.3,28.639999999999997,11.98,11.98,0.0,8.8,88.6,10.68,27.080000000000002,17.574,1009.4,95.6,24.240000000000002,0.0,3.636,9.8019,105.7894,8.624,11.72,11,45,63,4,1970-01-21 09:37:47.340,1970-01-21 09:38:29.520,Thu,,,
Cần Thơ,Đồng bằng sông Cửu Long,2025-11-10,26.3,31.3,23.94,32.160000000000004,38.72,29.139999999999997,7.68,7.68,0.0,8.6,89.4,14.580000000000002,33.67999999999999,17.238,1008.9,99.8,24.32,0.0,3.478,9.8019,105.7894,9.7,11.71,11,46,63,123,1970-01-21 09:39:13.740,1970-01-21 09:39:55.896,Thu,,,
Cần Thơ,Đồng bằng sông Cửu Long,2025-11-11,26.839999999999996,31.380000000000003,23.619999999999997,32.519999999999996,38.42,28.119999999999997,2.2399999999999998,2.2399999999999998,0.0,6.6,86.4,11.48,26.939999999999998,18.64,1009.26,100.0,24.160000000000004,0.0,3.8239999999999994,9.8019,105.7894,9.466,11.7,11,46,53,112,1970-01-21 09:40:40.152,1970-01-21 09:41:22.284,Thu,,,
Cần Thơ,Đồng bằng sông Cửu Long,2025-11-12,26.22,30.18,24.14,31.74,36.7,29.28,9.58,9.58,0.0,8.2,89.4,12.940000000000001,32.32,15.528,1010.4399999999999,99.8,24.240000000000002,0.0,3.1399999999999997,9.8019,105.7894,8.956,11.697999999999999,11,46,63,89,1970-01-21 09:42:06.600,1970-01-21 09:42:48.672,Thu,,,
Cần Thơ,Đồng bằng sông Cửu Long,2025-11-13,26.28,31.660000000000004,24.06,31.8,38.08,28.880000000000003,5.66,5.66,0.0,9.0,88.0,12.14,28.060000000000002,16.764,1011.5,95.6,24.02,0.0,3.4159999999999995,9.8019,105.7894,9.754,11.69,11,46,61,63,1970-01-21 09:43:33.000,1970-01-21 09:44:15.072,Thu,,,
Cần Thơ,Đồng bằng sông Cửu Long,2025-11-14,26.76,31.360000000000003,23.72,31.439999999999998,36.04,28.0,0.82,0.82,0.0,3.8,81.4,12.34,26.839999999999996,19.906,1010.78,88.2,22.84,0.0,4.226,9.8019,105.7894,10.786,11.68,11,46,51,28,1970-01-21 09:44:59.412,1970-01-21 09:45:41.472,Thu,,,
Cần Thơ,Đồng bằng sông Cửu Long,2025-11-15,26.02,30.160000000000004,22.48,29.919999999999998,34.160000000000004,26.26,0.02,0.02,0.0,0.2,76.6,12.66,26.939999999999998,22.118000000000002,1010.9200000000001,49.2,21.2,0.0,4.561999999999999,9.8019,105.7894,11.136,11.68,11,46,3,54,1970-01-21 09:46:25.860,1970-01-21 09:47:07.872,Thu,,,
Cần Thơ,Đồng bằng sông Cửu Long,2025-11-16,25.26,29.96,23.66,29.52,34.68,27.24,20.4,20.4,0.0,12.0,87.6,14.14,34.62,11.870000000000001,1010.9399999999999,96.0,22.9,0.0,2.5119999999999996,9.8019,105.7894,5.188000000000001,11.67,11,46,63,18,1970-01-21 09:47:52.260,1970-01-21 09:48:34.272,Thu,,,
Cần Thơ,Đồng bằng sông Cửu Long,2025-11-17,25.1,27.48,23.32,29.18,31.619999999999997,27.160000000000004,13.34,13.34,0.0,17.4,91.8,18.56,38.0,8.886,1010.9,100.0,23.619999999999997,0.0,1.8559999999999999,9.8019,105.7894,2.652,11.66,11,47,63,59,1970-01-21 09:49:18.672,1970-01-21 09:50:00.672,Thu,,,
Cần Thơ,Đồng bằng sông Cửu Long,2025-11-18,25.78,29.380000000000003,24.0,30.060000000000002,33.82,27.78,11.3,11.3,0.0,14.0,89.0,20.86,48.46,14.672,1010.14,91.6,23.8,0.0,2.896,9.8019,105.7894,8.904,11.66,11,47,63,68,1970-01-21 09:50:45.120,1970-01-21 09:51:27.072,Thu,,,
Cần Thơ,Đồng bằng sông Cửu Long,2025-11-19,25.44,28.96,23.619999999999997,29.6,33.959999999999994,26.9,17.3,17.3,0.0,15.4,90.0,18.04,44.06,11.84,1010.5,99.4,23.580000000000002,0.0,2.4539999999999997,9.8019,105.7894,4.83,11.65,11,47,63,44,1970-01-21 09:52:11.532,1970-01-21 09:52:53.472,Thu,,,
Cần Thơ,Đồng bằng sông Cửu Long,2025-11-20,25.14,28.619999999999997,22.98,28.68,32.339999999999996,25.52,9.64,9.64,0.0,9.6,85.8,17.84,42.92,10.356,1011.0799999999999,100.0,22.54,0.0,2.322,9.8019,105.7894,5.056,11.65,11,47,63,20,1970-01-21 09:53:37.968,1970-01-21 09:54:19.872,Thu,,,
Cần Thơ,Đồng bằng sông Cửu Long,2025-11-21,25.919999999999998,29.080000000000002,23.36,28.74,31.639999999999997,25.48,1.26,1.26,0.0,5.0,78.8,25.360000000000003,49.54,16.058,1011.3,96.2,21.84,0.0,3.652,9.8019,105.7894,9.372,11.64,11,47,51,38,1970-01-21 09:55:04.380,1970-01-21 09:55:46.272,Thu,,,
Cần Thơ,Đồng bằng sông Cửu Long,2025-11-22,25.16,27.98,23.2,28.7,31.619999999999997,26.22,1.8399999999999999,1.8399999999999999,0.0,8.6,84.2,14.98,34.8,9.934000000000001,1010.9,97.4,22.18,0.0,2.338,9.8019,105.7894,3.134,11.632000000000001,11,47,51,19,1970-01-21 09:56:30.792,1970-01-21 09:57:12.684,Thu,,,
Cần Thơ,Đồng bằng sông Cửu Long,2025-11-23,25.46,28.98,23.8,29.580000000000002,32.980000000000004,27.860000000000003,21.7,21.7,0.0,18.4,89.6,20.880000000000003,50.62,12.553999999999998,1010.0,92.2,23.54,0.0,2.516,9.8019,105.7894,6.644,11.63,11,47,63,42,1970-01-21 09:57:57.240,1970-01-21 09:58:39.108,Thu,,,
Cần Thơ,Đồng bằng sông Cửu Long,2025-11-24,26.82,31.160000000000004,23.64,31.1,34.7,28.160000000000004,2.96,2.96,0.0,4.4,83.0,21.6,43.839999999999996,20.568,1009.4200000000001,85.2,23.4,0.0,4.348000000000001,9.8019,105.7894,11.058,11.622,11,48,51,58,1970-01-21 09:59:23.652,1970-01-21 10:00:05.520,Thu,,,
Cần Thơ,Đồng bằng sông Cửu Long,2025-11-25,26.360000000000003,30.78,23.580000000000002,31.080000000000002,36.019999999999996,27.68,1.9600000000000002,1.9600000000000002,0.0,3.6,84.8,12.8,34.12,19.862000000000002,1008.9799999999999,76.0,23.32,0.0,4.078,9.8019,105.7894,10.98,11.62,11,48,61,21,1970-01-21 10:00:50.100,1970-01-21 10:01:31.920,Thu,,,
Cần Thơ,Đồng bằng sông Cửu Long,2025-11-26,25.96,29.98,22.080000000000002,29.22,34.339999999999996,24.14,0.02,0.02,0.0,0.2,75.0,13.52,26.439999999999998,19.274,1009.4799999999999,95.8,20.94,0.0,4.209999999999999,9.8019,105.7894,10.794,11.612,11,48,3,0,1970-01-21 10:02:16.512,1970-01-21 10:02:58.320,Thu,,,
Cần Thơ,Đồng bằng sông Cửu Long,2025-11-27,25.860000000000003,29.72,22.419999999999998,27.82,33.660000000000004,23.46,0.0,0.0,0.0,0.0,68.6,17.560000000000002,35.28,19.568,1009.9200000000001,79.8,19.54,0.0,4.676,9.8019,105.7894,10.898,11.61,11,48,3,3,1970-01-21 10:03:42.948,1970-01-21 10:04:24.732,Thu,,,
Cần Thơ,Đồng bằng sông Cửu Long,2025-11-28,24.06,27.46,21.48,25.06,29.18,21.02,0.0,0.0,0.0,0.0,67.6,20.06,40.980000000000004,21.304,1010.2,98.4,17.5,0.0,4.6899999999999995,9.8019,105.7894,10.136,11.608,11,48,3,346,1970-01-21 10:05:09.372,1970-01-21 10:05:51.132,Thu,,,
Cần Thơ,Đồng bằng sông Cửu Long,2025-11-29,24.84,29.380000000000003,20.8,27.439999999999998,33.339999999999996,21.68,0.0,0.0,0.0,0.0,71.6,12.64,28.28,20.052,1010.0,99.8,19.240000000000002,0.0,4.212000000000001,9.8019,105.7894,10.992,11.6,11,48,3,332,1970-01-21 10:06:35.808,1970-01-21 10:07:17.568,Thu,,,
Cần Thơ,Đồng bằng sông Cửu Long,2025-11-30,26.18,31.0,22.2,30.02,35.7,25.16,0.0,0.0,0.0,0.0,75.0,8.6,21.0,18.556,1010.22,50.0,21.119999999999997,0.0,3.8600000000000003,9.8019,105.7894,10.562000000000001,11.6,11,48,3,310,1970-01-21 10:08:02.232,1970-01-21 10:08:43.980,Thu,,,
Cần Thơ,Đồng bằng sông Cửu Long,2025-12-01,26.76,31.82,22.619999999999997,31.76,38.019999999999996,26.96,1.0,1.0,0.0,1.8,80.0,9.14,18.64,20.19,1010.3,26.6,22.74,0.0,4.17,9.8019,105.7894,10.994,11.59,12,49,51,254,1970-01-21 10:09:28.668,1970-01-21 10:10:10.392,Đông,,,
Cần Thơ,Đồng bằng sông Cửu Long,2025-12-02,26.839999999999996,31.26,23.619999999999997,32.36,38.06,28.560000000000002,2.1399999999999997,2.1399999999999997,0.0,6.4,84.0,9.62,21.96,18.31,1010.3399999999999,47.8,23.68,0.0,3.7840000000000003,9.8019,105.7894,10.528,11.59,12,49,53,236,1970-01-21 10:10:55.092,1970-01-21 10:11:36.792,Đông,,,
Cần Thơ,Đồng bằng sông Cửu Long,2025-12-03,26.160000000000004,30.560000000000002,23.32,31.72,37.7,27.7,13.9,13.9,0.0,12.4,89.0,10.48,24.759999999999998,16.19,1011.0200000000001,61.6,24.02,0.0,3.2699999999999996,9.8019,105.7894,9.943999999999999,11.581999999999999,12,49,63,5,1970-01-21 10:12:21.528,1970-01-21 10:13:03.228,Đông,,,
Cần Thơ,Đồng bằng sông Cửu Long,2025-12-04,25.74,29.22,23.16,30.080000000000002,33.44,27.439999999999998,9.2,9.2,0.0,10.0,88.4,19.0,40.239999999999995,15.424000000000001,1011.3199999999999,52.4,23.56,0.0,3.0460000000000003,9.8019,105.7894,10.284,11.58,12,49,63,85,1970-01-21 10:13:47.952,1970-01-21 10:14:29.640,Đông,,,
Cần Thơ,Đồng bằng sông Cửu Long,2025-12-05,26.580000000000002,30.3,23.66,30.419999999999998,34.32,27.52,0.32,0.32,0.0,1.8,80.2,16.2,34.78,20.438,1012.5,35.0,22.7,0.0,4.252000000000001,9.8019,105.7894,11.112,11.58,12,49,51,76,1970-01-21 10:15:14.388,1970-01-21 10:15:56.052,Đông,,,
Cần Thơ,Đồng bằng sông Cửu Long,2025-12-06,25.880000000000003,29.04,23.28,30.22,33.64,27.48,1.3,1.3,0.0,7.2,83.4,12.919999999999998,27.72,18.474,1012.34,59.4,22.68,0.0,3.658,9.8019,105.7894,11.102,11.572,12,49,51,60,1970-01-21 10:16:40.812,1970-01-21 10:17:22.488,Đông,,,
Cần Thơ,Đồng bằng sông Cửu Long,2025-12-07,25.94,29.6,22.54,29.9,33.98,26.7,1.04,1.04,0.0,4.0,80.2,14.18,29.660000000000004,19.52,1012.0,79.6,22.02,0.0,3.95,9.8019,105.7894,11.092,11.57,12,49,51,42,1970-01-21 10:18:07.248,1970-01-21 10:18:48.900,Đông,,,
Cần Thơ,Đồng bằng sông Cửu Long,2025-12-08,24.84,29.18,21.619999999999997,28.24,33.28,24.880000000000003,0.38,0.38,0.0,1.6,77.6,11.1,24.78,20.528,1012.04,97.2,20.24,0.0,4.106,9.8019,105.7894,10.64,11.57,12,50,51,58,1970-01-21 10:19:33.672,1970-01-21 10:20:15.312,Đông,,,
Cần Thơ,Đồng bằng sông Cửu Long,2025-12-09,24.98,28.46,21.619999999999997,28.82,32.760000000000005,25.119999999999997,1.16,1.16,0.0,3.2,80.2,9.32,25.78,17.71,1011.32,97.2,21.18,0.0,3.526,9.8019,105.7894,10.336,11.568,12,50,51,3,1970-01-21 10:21:00.120,1970-01-21 10:21:41.748,Đông,,,
Cần Thơ,Đồng bằng sông Cửu Long,2025-12-10,25.619999999999997,29.92,23.380000000000003,28.98,33.3,25.74,11.34,11.34,0.0,10.0,80.4,16.7,34.28,15.536,1010.5,93.8,21.82,0.0,3.4240000000000004,9.8019,105.7894,8.996,11.562,12,50,63,22,1970-01-21 10:22:26.532,1970-01-21 10:23:08.172,Đông,,,
Cần Thơ,Đồng bằng sông Cửu Long,2025-12-11,25.22,28.42,22.619999999999997,28.72,32.16,26.3,17.64,17.64,0.0,16.4,88.0,21.58,48.46,11.214,1010.72,96.0,22.98,0.0,2.45,9.8019,105.7894,5.932,11.56,12,50,63,72,1970-01-21 10:23:52.980,1970-01-21 10:24:34.572,Đông,,,
Cần Thơ,Đồng bằng sông Cửu Long,2025-12-12,26.839999999999996,30.380000000000003,24.64,30.2,33.88,27.92,0.0,0.0,0.0,0.0,78.0,20.619999999999997,40.760000000000005,19.65,1010.22,96.6,22.5,0.0,4.332,9.8019,105.7894,10.386,11.56,12,50,3,82,1970-01-21 10:25:19.392,1970-01-21 10:26:01.020,Đông,,,
Cần Thơ,Đồng bằng sông Cửu Long,2025-12-13,26.48,30.54,23.36,30.619999999999997,35.519999999999996,27.02,4.220000000000001,4.220000000000001,0.0,4.8,81.0,18.68,37.36,20.096,1010.1,90.6,22.82,0.0,4.188000000000001,9.8019,105.7894,11.166,11.56,12,50,51,77,1970-01-21 10:26:45.840,1970-01-21 10:27:27.432,Đông,,,
Cần Thơ,Đồng bằng sông Cửu Long,2025-12-14,26.46,30.18,23.32,30.78,35.3,27.26,1.14,1.14,0.0,3.2,81.8,16.96,35.42,19.232,1010.28,90.6,22.86,0.0,4.018,9.8019,105.7894,10.8,11.558,12,50,51,43,1970-01-21 10:28:12.252,1970-01-21 10:28:53.856,Đông,,,
Cần Thơ,Đồng bằng sông Cửu Long,2025-12-15,26.46,29.94,23.9,30.24,33.96,27.04,0.1399999999999999,0.1399999999999999,0.0,1.0,78.6,14.06,29.08,17.678,1011.06,91.8,22.26,0.0,3.802000000000001,9.8019,105.7894,10.256,11.552,12,51,3,65,1970-01-21 10:29:38.700,1970-01-21 10:30:20.292,Đông,,,
Cần Thơ,Đồng bằng sông Cửu Long,2025-12-16,26.360000000000003,30.4,23.78,30.4,35.06,27.76,0.04,0.04,0.0,0.4,81.2,15.0,31.8,19.98,1010.86,63.4,22.64,0.0,4.1579999999999995,9.8019,105.7894,10.718,11.552,12,51,3,76,1970-01-21 10:31:05.112,1970-01-21 10:31:46.692,Đông,,,
Cần Thơ,Đồng bằng sông Cửu Long,2025-12-17,26.18,30.18,23.44,31.06,36.44,28.339999999999996,2.1,2.1,0.0,4.8,86.6,14.38,31.119999999999997,17.496,1011.0,68.6,23.619999999999997,0.0,3.5460000000000003,9.8019,105.7894,10.83,11.55,12,51,53,64,1970-01-21 10:32:31.560,1970-01-21 10:33:13.140,Đông,,,
Cần Thơ,Đồng bằng sông Cửu Long,2025-12-18,26.3,29.28,23.619999999999997,30.619999999999997,34.18,27.56,0.3,0.3,0.0,2.0,82.2,15.9,28.559999999999995,14.946000000000002,1010.62,91.8,22.84,0.0,3.17,9.8019,105.7894,10.134,11.55,12,51,51,44,1970-01-21 10:33:57.972,1970-01-21 10:34:39.552,Đông,,,
Cần Thơ,Đồng bằng sông Cửu Long,2025-12-19,26.1,30.139999999999997,22.92,30.92,35.92,26.96,1.2799999999999998,1.2799999999999998,0.0,5.4,83.4,8.88,21.979999999999997,19.076,1009.34,88.2,22.84,0.0,3.862,9.8019,105.7894,11.002,11.55,12,51,51,43,1970-01-21 10:35:24.420,1970-01-21 10:36:06.000,Đông,,,
Cần Thơ,Đồng bằng sông Cửu Long,2025-12-20,26.06,30.44,22.9,31.06,36.0,27.74,0.92,0.92,0.0,5.0,85.6,14.78,32.339999999999996,19.214,1008.82,95.2,23.2,0.0,3.915999999999999,9.8019,105.7894,10.996,11.55,12,51,51,51,1970-01-21 10:36:50.832,1970-01-21 10:37:32.412,Đông,,,
Cần Thơ,Đồng bằng sông Cửu Long,2025-12-21,26.139999999999997,30.72,22.34,31.4,36.68,27.0,0.6599999999999999,0.6599999999999999,0.0,3.0,85.8,10.98,25.639999999999997,19.41,1009.36,87.2,23.36,0.0,3.912,9.8019,105.7894,10.85,11.55,12,51,51,20,1970-01-21 10:38:17.280,1970-01-21 10:38:58.860,Đông,,,
Cần Thơ,Đồng bằng sông Cửu Long,2025-12-22,26.3,30.74,22.74,31.18,36.4,27.360000000000003,2.48,2.48,0.0,6.6,83.8,10.64,22.82,19.51,1009.22,82.4,23.119999999999997,0.0,3.994,9.8019,105.7894,10.996,11.55,12,52,51,4,1970-01-21 10:39:43.692,1970-01-21 10:40:25.272,Đông,,,
Cần Thơ,Đồng bằng sông Cửu Long,2025-12-23,25.839999999999996,30.56,23.26,31.3,36.72,28.2,2.76,2.76,0.0,5.4,89.0,11.04,27.660000000000004,15.988,1009.06,90.6,23.72,0.0,3.228,9.8019,105.7894,9.952,11.55,12,52,53,43,1970-01-21 10:41:10.140,1970-01-21 10:41:51.720,Đông,,,
Cần Thơ,Đồng bằng sông Cửu Long,2025-12-24,25.8,30.139999999999997,23.32,31.68,37.2,28.56,13.36,13.36,0.0,6.4,90.8,14.1,31.1,14.9,1008.6,88.2,24.08,0.0,2.974,9.8019,105.7894,8.41,11.55,12,52,65,18,1970-01-21 10:42:36.552,1970-01-21 10:43:18.132,Đông,,,
Cần Thơ,Đồng bằng sông Cửu Long,2025-12-25,26.04,29.18,24.22,31.08,35.260000000000005,29.46,20.94,20.94,0.0,8.6,89.0,13.9,32.620000000000005,12.834,1009.2,92.0,24.1,0.0,2.618,9.8019,105.7894,7.791999999999999,11.55,12,52,65,53,1970-01-21 10:44:03.000,1970-01-21 10:44:44.580,Đông,,,
Cần Thơ,Đồng bằng sông Cửu Long,2025-12-26,26.1,29.7,24.06,30.68,35.2,28.339999999999996,5.14,5.14,0.0,6.2,85.6,13.98,35.18,17.413999999999998,1010.24,93.6,23.42,0.0,3.518,9.8019,105.7894,9.272,11.552,12,52,63,46,1970-01-21 10:45:29.412,1970-01-21 10:46:10.992,Đông,,,
Cần Thơ,Đồng bằng sông Cửu Long,2025-12-27,25.44,28.54,23.52,29.839999999999996,33.839999999999996,27.7,6.640000000000001,6.640000000000001,0.0,6.6,86.0,13.66,26.42,14.852,1011.34,99.6,22.82,0.0,3.0439999999999996,9.8019,105.7894,8.687999999999999,11.552,12,52,51,56,1970-01-21 10:46:55.860,1970-01-21 10:47:37.452,Đông,,,
Cần Thơ,Đồng bằng sông Cửu Long,2025-12-28,25.619999999999997,29.46,22.86,29.839999999999996,33.96,26.9,1.14,1.14,0.0,3.0,84.2,12.5,27.360000000000003,17.862000000000002,1011.92,67.4,22.619999999999997,0.0,3.592,9.8019,105.7894,10.56,11.552,12,52,51,82,1970-01-21 10:48:22.272,1970-01-21 10:49:03.876,Đông,,,
Cần Thơ,Đồng bằng sông Cửu Long,2025-12-29,25.7,29.56,22.619999999999997,29.9,34.14,26.9,0.3,0.3,0.0,2.8,82.8,11.16,23.880000000000003,19.092,1011.4,94.2,22.339999999999996,0.0,3.842,9.8019,105.7894,10.916,11.558,12,1,51,71,1970-01-21 10:49:48.708,1970-01-21 10:50:30.312,Đông,,,
Cần Thơ,Đồng bằng sông Cửu Long,2025-12-30,25.1,29.06,22.14,28.76,33.2,25.26,0.08,0.08,0.0,0.6,81.2,11.7,25.839999999999996,18.872,1010.7,67.4,21.46,0.0,3.792,9.8019,105.7894,11.258,11.56,12,1,3,98,1970-01-21 10:51:15.132,1970-01-21 10:51:56.748,Đông,,,
Cần Thơ,Đồng bằng sông Cửu Long,2025-12-31,24.92,29.22,21.3,28.26,33.56,24.26,0.0,0.0,0.0,0.0,78.0,12.56,24.58,20.354000000000003,1009.62,59.8,20.52,0.0,4.087999999999999,9.8019,105.7894,11.404,11.56,12,1,3,90,1970-01-21 10:52:41.556,1970-01-21 10:53:23.172,Đông,,,
Cần Thơ,Đồng bằng sông Cửu Long,2026-01-01,24.78,28.839999999999996,21.1,28.139999999999997,32.8,24.2,0.06,0.06,0.0,0.6,79.4,11.94,22.619999999999997,19.124,1010.7,62.2,20.78,0.0,3.83,9.8019,105.7894,11.44,11.56,1,1,3,84,1970-01-21 10:54:07.980,1970-01-21 10:54:49.608,Đông,,,
Cần Thơ,Đồng bằng sông Cửu Long,2026-01-02,24.68,29.08,21.3,28.0,33.58,24.56,0.5,0.5,0.0,3.2,80.2,14.34,28.8,19.582,1012.2,52.0,20.82,0.0,3.948,9.8019,105.7894,11.034,11.562,1,1,51,84,1970-01-21 10:55:34.392,1970-01-21 10:56:16.032,Đông,,,
Cần Thơ,Đồng bằng sông Cửu Long,2026-01-03,24.28,28.380000000000003,21.36,27.3,32.540000000000006,24.34,0.0,0.0,0.0,0.0,78.4,12.52,26.58,21.488,1013.2,61.0,19.94,0.0,4.226,9.8019,105.7894,11.254,11.568,1,1,3,45,1970-01-21 10:57:00.828,1970-01-21 10:57:42.468,Đông,,,
Cần Thơ,Đồng bằng sông Cửu Long,2026-01-04,24.56,29.48,20.6,27.839999999999996,33.339999999999996,23.5,0.0,0.0,0.0,0.0,78.6,11.5,25.48,20.972,1012.94,96.0,20.14,0.0,4.1259999999999994,9.8019,105.7894,10.986,11.57,1,1,3,19,1970-01-21 10:58:27.252,1970-01-21 10:59:08.892,Đông,,,
Cần Thơ,Đồng bằng sông Cửu Long,2026-01-05,25.14,28.9,22.119999999999997,29.2,32.46,25.94,0.26,0.26,0.0,0.8,81.4,9.24,17.94,11.706,1012.8,98.0,21.54,0.0,2.528,9.8019,105.7894,5.204,11.57,1,2,3,18,1970-01-21 10:59:53.652,1970-01-21 11:00:35.328,Đông,,,
Cần Thơ,Đồng bằng sông Cửu Long,2026-01-06,25.08,28.78,22.98,29.32,33.339999999999996,27.06,7.359999999999999,7.359999999999999,0.0,10.8,86.4,12.88,30.1,13.472,1013.2,98.8,22.5,0.0,2.768,9.8019,105.7894,7.264,11.572,1,2,63,93,1970-01-21 11:01:20.100,1970-01-21 11:02:01.752,Đông,,,
Cần Thơ,Đồng bằng sông Cửu Long,2026-01-07,24.8,28.139999999999997,22.880000000000003,28.119999999999997,32.28,25.619999999999997,1.66,1.66,0.0,5.6,81.4,12.76,25.619999999999997,14.478,1013.88,92.6,21.24,0.0,3.112,9.8019,105.7894,6.5,11.58,1,2,51,61,1970-01-21 11:02:46.512,1970-01-21 11:03:28.188,Đông,,,
Cần Thơ,Đồng bằng sông Cửu Long,2026-01-08,24.28,27.7,21.839999999999996,26.92,30.8,24.44,0.06,0.06,0.0,0.4,77.2,12.88,26.119999999999997,18.244,1014.9,72.4,19.880000000000003,0.0,3.69,9.8019,105.7894,10.874,11.58,1,2,3,44,1970-01-21 11:04:12.912,1970-01-21 11:04:54.612,Đông,,,
Cần Thơ,Đồng bằng sông Cửu Long,2026-01-09,22.74,26.42,20.119999999999997,24.98,29.619999999999997,21.5,0.1,0.1,0.0,1.0,76.4,12.8,27.94,22.158,1014.82,63.4,18.1,0.0,4.1240000000000006,9.8019,105.7894,11.236,11.588,1,2,51,26,1970-01-21 11:05:39.348,1970-01-21 11:06:21.060,Đông,,,
Cần Thơ,Đồng bằng sông Cửu Long,2026-01-10,22.78,27.76,18.5,25.48,31.3,20.619999999999997,0.02,0.02,0.0,0.2,77.0,9.14,19.22,19.398000000000003,1014.34,67.2,18.18,0.0,3.768,9.8019,105.7894,11.078,11.59,1,2,3,79,1970-01-21 11:07:05.760,1970-01-21 11:07:47.472,Đông,,,
Cần Thơ,Đồng bằng sông Cửu Long,2026-01-11,23.28,27.839999999999996,18.74,26.119999999999997,31.58,21.0,0.04,0.04,0.0,0.4,77.6,9.3,19.56,18.548,1015.24,77.0,18.78,0.0,3.628,9.8019,105.7894,10.632,11.59,1,2,3,10,1970-01-21 11:08:32.172,1970-01-21 11:09:13.920,Đông,,,
Cần Thơ,Đồng bằng sông Cửu Long,2026-01-12,24.68,28.139999999999997,21.72,28.5,32.36,24.82,0.58,0.58,0.0,3.6,81.0,10.82,19.6,16.136000000000003,1014.7,67.2,21.06,0.0,3.2299999999999995,9.8019,105.7894,9.812,11.6,1,3,51,95,1970-01-21 11:09:58.596,1970-01-21 11:10:40.332,Đông,,,
Cần Thơ,Đồng bằng sông Cửu Long,2026-01-13,24.86,28.48,22.22,28.72,32.96,25.72,1.8,1.8,0.0,6.6,83.4,11.48,22.32,17.892,1014.1,58.8,21.619999999999997,0.0,3.5520000000000005,9.8019,105.7894,10.678,11.6,1,3,51,85,1970-01-21 11:11:25.020,1970-01-21 11:12:06.780,Đông,,,
Cần Thơ,Đồng bằng sông Cửu Long,2026-01-14,24.9,28.8,21.74,28.3,32.72,25.2,0.52,0.52,0.0,3.4,81.2,12.66,27.42,18.032,1012.92,57.4,21.18,0.0,3.67,9.8019,105.7894,10.978,11.61,1,3,51,107,1970-01-21 11:12:51.432,1970-01-21 11:13:33.192,Đông,,,
Cần Thơ,Đồng bằng sông Cửu Long,2026-01-15,25.32,29.8,21.8,29.02,34.18,25.380000000000003,0.3,0.3,0.0,3.0,81.2,12.86,26.06,19.942,1012.2,38.4,21.52,0.0,4.05,9.8019,105.7894,11.254,11.61,1,3,51,92,1970-01-21 11:14:17.832,1970-01-21 11:14:59.640,Đông,,,
Cần Thơ,Đồng bằng sông Cửu Long,2026-01-16,25.1,29.52,21.72,28.68,33.760000000000005,25.4,0.58,0.58,0.0,3.6,81.2,12.0,25.78,19.064,1011.16,73.8,21.34,0.0,3.896,9.8019,105.7894,11.148,11.618,1,3,51,107,1970-01-21 11:15:44.244,1970-01-21 11:16:26.052,Đông,,,
Cần Thơ,Đồng bằng sông Cửu Long,2026-01-17,24.96,29.52,21.3,28.46,33.660000000000004,25.139999999999997,0.08,0.08,0.0,0.8,81.0,12.62,23.76,19.634,1009.72,57.2,21.1,0.0,4.034000000000001,9.8019,105.7894,10.812,11.62,1,3,51,102,1970-01-21 11:17:10.680,1970-01-21 11:17:52.500,Đông,,,
Cần Thơ,Đồng bằng sông Cửu Long,2026-01-18,24.74,29.2,21.28,28.24,33.2,25.32,0.48,0.48,0.0,2.6,80.4,11.72,23.54,19.894,1009.1,78.8,20.86,0.0,4.072,9.8019,105.7894,11.05,11.63,1,3,51,112,1970-01-21 11:18:37.080,1970-01-21 11:19:18.912,Đông,,,
Cần Thơ,Đồng bằng sông Cửu Long,2026-01-19,24.8,28.639999999999997,21.54,27.94,32.239999999999995,25.06,0.2,0.2,0.0,1.8,80.0,13.56,30.079999999999995,19.216,1010.24,72.2,20.880000000000003,0.0,3.922,9.8019,105.7894,11.248,11.63,1,4,51,111,1970-01-21 11:20:03.480,1970-01-21 11:20:45.360,Đông,,,
Cần Thơ,Đồng bằng sông Cửu Long,2026-01-20,24.78,29.2,21.28,27.7,32.88,24.48,0.5,0.5,0.0,4.0,77.8,13.24,29.02,20.104,1011.3,87.6,20.32,0.0,4.218,9.8019,105.7894,11.198,11.64,1,4,51,107,1970-01-21 11:21:29.892,1970-01-21 11:22:11.772,Đông,,,
Cần Thơ,Đồng bằng sông Cửu Long,2026-01-21,25.18,29.98,21.76,27.360000000000003,32.48,24.380000000000003,0.02,0.02,0.0,0.2,72.0,14.94,31.9,20.97,1012.42,72.8,19.380000000000003,0.0,4.648,9.8019,105.7894,11.278,11.64,1,4,3,86,1970-01-21 11:22:56.292,1970-01-21 11:23:38.220,Đông,,,
Cần Thơ,Đồng bằng sông Cửu Long,2026-01-22,24.76,29.08,20.6,27.58,32.08,23.76,0.54,0.54,0.0,3.0,76.6,13.04,27.24,19.414,1013.48,96.8,20.08,0.0,4.014,9.8019,105.7894,11.292,11.65,1,4,51,71,1970-01-21 11:24:22.692,1970-01-21 11:25:04.632,Đông,,,
Cần Thơ,Đồng bằng sông Cửu Long,2026-01-23,25.14,29.78,21.06,28.26,33.46,24.22,0.48,0.48,0.0,2.6,76.4,13.44,26.06,20.01,1014.58,60.2,20.34,0.0,4.194,9.8019,105.7894,11.316,11.65,1,4,51,64,1970-01-21 11:25:49.104,1970-01-21 11:26:31.068,Đông,,,
Cần Thơ,Đồng bằng sông Cửu Long,2026-01-24,25.14,29.28,21.54,28.02,33.32,24.5,0.44,0.44,0.0,3.2,76.0,13.46,26.58,20.246,1014.72,34.0,20.32,0.0,4.266,9.8019,105.7894,11.38,11.66,1,4,51,79,1970-01-21 11:27:15.516,1970-01-21 11:27:57.492,Đông,,,
Cần Thơ,Đồng bằng sông Cửu Long,2026-01-25,24.98,29.24,21.56,27.5,32.28,23.72,0.18,0.18,0.0,1.4,74.8,13.24,29.24,19.914,1013.98,57.0,19.9,0.0,4.234,9.8019,105.7894,11.372,11.67,1,4,51,86,1970-01-21 11:28:41.928,1970-01-21 11:29:23.904,Đông,,,
Cần Thơ,Đồng bằng sông Cửu Long,2026-01-26,25.08,29.7,21.8,27.5,32.739999999999995,24.339999999999996,0.08,0.08,0.0,0.8,76.6,15.419999999999998,32.68,19.656,1014.2,15.8,20.24,0.0,4.279999999999999,9.8019,105.7894,11.378,11.67,1,5,51,98,1970-01-21 11:30:08.328,1970-01-21 11:30:50.340,Đông,,,
Cần Thơ,Đồng bằng sông Cửu Long,2026-01-27,25.16,29.9,21.7,27.6,32.9,24.0,0.0,0.0,0.0,0.0,75.0,14.32,30.96,19.658,1014.68,62.6,19.96,0.0,4.282,9.8019,105.7894,11.182,11.68,1,5,3,99,1970-01-21 11:31:34.728,1970-01-21 11:32:16.752,Đông,,,
Cần Thơ,Đồng bằng sông Cửu Long,2026-01-28,24.98,29.339999999999996,21.36,27.78,32.6,24.78,0.2799999999999999,0.2799999999999999,0.0,2.0,77.8,15.24,32.3,17.41,1014.18,40.4,20.54,0.0,3.804,9.8019,105.7894,11.012,11.68,1,5,51,92,1970-01-21 11:33:01.128,1970-01-21 11:33:43.188,Đông,,,
Cần Thơ,Đồng bằng sông Cửu Long,2026-01-29,25.18,29.9,21.28,27.9,33.8,24.02,0.44,0.44,0.0,1.8,75.6,13.32,28.58,18.836,1013.96,80.4,20.28,0.0,4.12,9.8019,105.7894,10.828,11.69,1,5,3,91,1970-01-21 11:34:27.528,1970-01-21 11:35:09.600,Đông,,,
Cần Thơ,Đồng bằng sông Cửu Long,2026-01-30,25.42,30.2,21.880000000000003,28.26,33.739999999999995,24.82,0.04,0.04,0.0,0.4,77.8,15.1,31.4,19.3,1014.62,82.6,20.84,0.0,4.192,9.8019,105.7894,11.05,11.7,1,5,3,101,1970-01-21 11:35:53.916,1970-01-21 11:36:36.012,Đông,,,
Cần Thơ,Đồng bằng sông Cửu Long,2026-01-31,25.619999999999997,30.52,22.22,28.2,33.839999999999996,25.18,0.3,0.3,0.0,2.8,75.6,15.86,33.17999999999999,20.934,1014.42,59.2,20.56,0.0,4.6339999999999995,9.8019,105.7894,11.186,11.702,1,5,51,97,1970-01-21 11:37:20.304,1970-01-21 11:38:02.460,Đông,,,
Cần Thơ,Đồng bằng sông Cửu Long,2026-02-01,25.36,30.160000000000004,21.46,27.52,32.94,24.06,0.16,0.16,0.0,1.2,71.8,16.419999999999998,34.0,22.268,1014.16,86.8,19.4,0.0,4.902,9.8019,105.7894,11.434,11.71,2,5,51,72,1970-01-21 11:38:46.692,1970-01-21 11:39:28.872,Đông,,,
Cần Thơ,Đồng bằng sông Cửu Long,2026-02-02,25.56,30.54,21.74,27.6,34.2,23.78,0.0,0.0,0.0,0.0,70.2,16.86,31.24,22.002,1014.22,65.0,19.26,0.0,5.038,9.8019,105.7894,11.478,11.72,2,6,3,81,1970-01-21 11:40:13.092,1970-01-21 11:40:55.272,Đông,,,
Cần Thơ,Đồng bằng sông Cửu Long,2026-02-03,26.2,30.22,23.24,28.9,33.42,25.92,0.5599999999999999,0.5599999999999999,0.0,3.2,73.4,18.92,38.96,18.75,1014.36,66.4,20.82,0.0,4.418,9.8019,105.7894,9.544,11.728,2,6,51,73,1970-01-21 11:41:39.492,1970-01-21 11:42:21.720,Đông,,,
Cần Thơ,Đồng bằng sông Cửu Long,2026-02-04,26.4,30.58,22.94,29.56,35.44,26.46,0.4,0.4,0.0,3.4,73.4,15.88,30.72,19.612,1013.96,70.4,20.92,0.0,4.504,9.8019,105.7894,11.262,11.732,2,6,51,82,1970-01-21 11:43:05.892,1970-01-21 11:43:48.132,Đông,,,
Cần Thơ,Đồng bằng sông Cửu Long,2026-02-05,26.06,30.48,23.119999999999997,29.68,35.04,25.9,1.6599999999999997,1.6599999999999997,0.0,5.4,78.2,14.02,31.04,19.018,1013.38,76.2,21.78,0.0,4.087999999999999,9.8019,105.7894,10.534,11.74,2,6,51,96,1970-01-21 11:44:32.280,1970-01-21 11:45:14.532,Đông,,,
Cần Thơ,Đồng bằng sông Cửu Long,2026-02-06,25.48,29.82,22.54,29.58,35.18,26.839999999999996,1.44,1.44,0.0,3.6,82.4,14.64,30.68,18.432,1012.84,83.2,22.04,0.0,3.794,9.8019,105.7894,10.928,11.75,2,6,51,124,1970-01-21 11:45:58.680,1970-01-21 11:46:40.980,Đông,,,
Cần Thơ,Đồng bằng sông Cửu Long,2026-02-07,25.92,30.22,22.54,29.68,34.82,26.46,1.06,1.06,0.0,5.4,79.8,12.88,25.82,20.068,1012.1,65.6,21.78,0.0,4.276000000000001,9.8019,105.7894,11.088,11.758,2,6,51,106,1970-01-21 11:47:25.080,1970-01-21 11:48:07.380,Đông,,,
Cần Thơ,Đồng bằng sông Cửu Long,2026-02-08,25.619999999999997,29.48,22.880000000000003,28.339999999999996,33.019999999999996,25.5,0.98,0.98,0.0,4.6,76.2,17.7,37.0,20.058,1012.56,25.6,20.880000000000003,0.0,4.4239999999999995,9.8019,105.7894,10.91,11.762,2,6,51,105,1970-01-21 11:48:51.456,1970-01-21 11:49:33.792,Đông,,,
Cần Thơ,Đồng bằng sông Cửu Long,2026-02-09,25.98,31.04,21.6,29.52,35.839999999999996,24.64,0.0,0.0,0.0,0.0,74.4,11.6,23.32,22.942,1011.72,55.4,20.72,0.0,4.828,9.8019,105.7894,11.524,11.77,2,7,3,58,1970-01-21 11:50:17.832,1970-01-21 11:51:00.228,Đông,,,
Cần Thơ,Đồng bằng sông Cửu Long,2026-02-10,26.4,31.22,22.1,30.3,36.120000000000005,26.1,0.38,0.38,0.0,2.4,75.6,13.32,25.26,20.648,1012.32,35.8,21.4,0.0,4.512,9.8019,105.7894,11.48,11.78,2,7,51,86,1970-01-21 11:51:44.220,1970-01-21 11:52:26.640,Đông,,,
Cần Thơ,Đồng bằng sông Cửu Long,2026-02-11,26.339999999999996,30.380000000000003,23.46,29.32,33.5,26.18,5.7,5.7,0.0,9.4,78.4,21.9,44.36,19.552,1013.7,74.0,22.14,0.0,4.366,9.8019,105.7894,10.914,11.788,2,7,63,79,1970-01-21 11:53:10.620,1970-01-21 11:53:53.040,Đông,,,
Cần Thơ,Đồng bằng sông Cửu Long,2026-02-12,26.78,30.8,23.619999999999997,29.72,34.519999999999996,26.639999999999997,0.36,0.36,0.0,3.2,73.6,18.54,38.22,21.148,1012.56,85.4,21.46,0.0,4.85,9.8019,105.7894,11.328,11.791999999999998,2,7,51,90,1970-01-21 11:54:37.020,1970-01-21 11:55:19.452,Đông,,,
Cần Thơ,Đồng bằng sông Cửu Long,2026-02-13,26.839999999999996,32.019999999999996,23.5,29.68,36.06,25.9,0.8400000000000001,0.8400000000000001,0.0,1.4,71.2,17.68,33.6,21.52,1011.16,92.6,20.880000000000003,0.0,5.096,9.8019,105.7894,10.314,11.802,2,7,3,91,1970-01-21 11:56:03.372,1970-01-21 11:56:45.876,Đông,,,
Cần Thơ,Đồng bằng sông Cửu Long,2026-02-14,26.94,31.639999999999997,23.6,29.8,35.2,27.08,0.24,0.24,0.0,1.8,69.4,18.4,37.58,21.504,1010.64,98.8,20.52,0.0,5.04,9.8019,105.7894,11.106,11.81,2,7,51,88,1970-01-21 11:57:29.772,1970-01-21 11:58:12.300,Đông,,,
Cần Thơ,Đồng bằng sông Cửu Long,2026-02-15,27.119999999999997,31.74,23.34,29.98,36.28,26.58,0.18,0.18,0.0,0.2,70.6,17.5,37.02,20.004,1010.1,82.2,21.08,0.0,4.9079999999999995,9.8019,105.7894,10.982,11.818,2,7,3,82,1970-01-21 11:58:56.160,1970-01-21 11:59:38.700,Đông,,,
Cần Thơ,Đồng bằng sông Cửu Long,2026-02-16,27.72,32.220000000000006,24.8,29.92,35.14,26.619999999999997,0.06,0.06,0.0,0.6,67.4,21.380000000000003,42.94,23.034,1009.42,68.6,20.82,0.0,5.878,9.8019,105.7894,11.0,11.828,2,8,3,84,1970-01-21 12:00:22.560,1970-01-21 12:01:05.100,Đông,,,
Cần Thơ,Đồng bằng sông Cửu Long,2026-02-17,27.52,31.98,24.619999999999997,29.08,33.8,26.54,0.0,0.0,0.0,0.0,65.6,23.92,48.48,23.488,1010.06,91.2,20.18,0.0,6.1579999999999995,9.8019,105.7894,11.552,11.832,2,8,3,90,1970-01-21 12:01:48.912,1970-01-21 12:02:31.512,Đông,,,
Cần Thơ,Đồng bằng sông Cửu Long,2026-02-18,27.82,32.519999999999996,24.16,29.18,34.22,25.82,0.0,0.0,0.0,0.0,62.8,24.48,48.6,23.774,1011.12,85.8,19.76,0.0,6.494,9.8019,105.7894,11.508,11.842,2,8,3,82,1970-01-21 12:03:15.300,1970-01-21 12:03:57.924,Đông,,,
Cần Thơ,Đồng bằng sông Cửu Long,2026-02-19,27.8,32.239999999999995,24.48,29.54,34.760000000000005,26.58,0.0,0.0,0.0,0.0,63.2,22.24,43.760000000000005,23.863999999999997,1012.5,77.6,19.72,0.0,6.268,9.8019,105.7894,11.504,11.852,2,8,3,82,1970-01-21 12:04:41.688,1970-01-21 12:05:24.360,Đông,,,
Cần Thơ,Đồng bằng sông Cửu Long,2026-02-20,27.54,32.56,24.1,30.2,36.12,26.56,0.1,0.1,0.0,1.0,66.4,15.62,31.96,22.92,1012.54,42.0,20.4,0.0,5.62,9.8019,105.7894,11.63,11.86,2,8,51,87,1970-01-21 12:06:08.052,1970-01-21 12:06:50.760,Đông,,,
Cần Thơ,Đồng bằng sông Cửu Long,2026-02-21,27.08,32.04,23.22,30.339999999999996,37.22,26.1,0.4800000000000001,0.4800000000000001,0.0,4.6,69.4,14.8,29.74,22.59,1009.94,57.0,20.7,0.0,5.156000000000001,9.8019,105.7894,11.562,11.868,2,8,51,93,1970-01-21 12:07:34.440,1970-01-21 12:08:17.160,Đông,,,
Cần Thơ,Đồng bằng sông Cửu Long,2026-02-22,26.660000000000004,31.28,22.64,30.92,36.2,27.2,0.58,0.58,0.0,5.0,77.6,12.04,23.880000000000003,21.222,1008.56,36.6,22.0,0.0,4.568,9.8019,105.7894,11.582,11.878,2,8,51,90,1970-01-21 12:09:00.792,1970-01-21 12:09:43.560,Đông,,,
Cần Thơ,Đồng bằng sông Cửu Long,2026-02-23,26.839999999999996,31.32,23.48,30.72,36.04,27.5,0.32,0.32,0.0,2.6,77.0,13.419999999999998,27.360000000000003,21.18,1009.0,66.0,22.0,0.0,4.752,9.8019,105.7894,11.408,11.888000000000002,2,9,51,102,1970-01-21 12:10:27.180,1970-01-21 12:11:09.960,Đông,,,
Cần Thơ,Đồng bằng sông Cửu Long,2026-02-24,26.880000000000003,31.42,23.2,30.360000000000003,35.260000000000005,27.380000000000003,0.04,0.04,0.0,0.4,75.6,15.12,31.68,20.086,1009.56,93.6,21.72,0.0,4.593999999999999,9.8019,105.7894,11.378,11.892,2,9,3,102,1970-01-21 12:11:53.580,1970-01-21 12:12:36.372,Đông,,,
Cần Thơ,Đồng bằng sông Cửu Long,2026-02-25,26.860000000000003,31.440000000000005,23.24,30.48,35.38,27.839999999999996,0.02,0.02,0.0,0.2,76.4,15.68,32.839999999999996,19.006,1009.88,96.0,21.96,0.0,4.412000000000001,9.8019,105.7894,9.478,11.902,2,9,3,97,1970-01-21 12:13:19.932,1970-01-21 12:14:02.772,Đông,,,
Cần Thơ,Đồng bằng sông Cửu Long,2026-02-26,25.02,28.46,23.66,29.160000000000004,32.06,27.6,19.3,19.3,0.0,15.4,88.6,16.380000000000003,34.839999999999996,10.436,1008.9,99.2,22.94,0.0,2.166,9.8019,105.7894,3.818,11.912,2,9,63,66,1970-01-21 12:14:46.320,1970-01-21 12:15:29.196,Đông,,,
Cần Thơ,Đồng bằng sông Cửu Long,2026-02-27,24.94,27.78,23.3,29.94,33.68,27.880000000000003,31.059999999999995,31.059999999999995,0.0,18.8,91.4,10.84,23.54,12.86,1007.82,82.6,23.46,0.0,2.554,9.8019,105.7894,6.606,11.92,2,9,65,40,1970-01-21 12:16:12.672,1970-01-21 12:16:55.620,Đông,,,
Cần Thơ,Đồng bằng sông Cửu Long,2026-02-28,25.94,30.3,22.3,31.28,37.52,26.82,2.5799999999999996,2.5799999999999996,0.0,8.8,87.4,8.92,20.44,20.034,1007.86,35.2,23.54,0.0,4.064,9.8019,105.7894,11.032,11.93,2,9,51,78,1970-01-21 12:17:39.060,1970-01-21 12:18:22.020,Đông,,,
Cần Thơ,Đồng bằng sông Cửu Long,2026-03-01,26.74,31.46,23.68,32.660000000000004,39.58,28.98,2.78,2.78,0.0,5.4,87.0,9.84,22.98,22.146,1008.2,37.0,24.24,0.0,4.5200000000000005,9.8019,105.7894,10.956,11.938,3,9,55,121,1970-01-21 12:19:05.436,1970-01-21 12:19:48.420,Xuân,,,
Cần Thơ,Đồng bằng sông Cửu Long,2026-03-02,27.42,31.96,23.94,33.019999999999996,38.88,29.28,0.6,0.6,0.0,4.2,83.4,9.84,21.22,22.708,1009.32,35.8,24.1,0.0,4.732,9.8019,105.7894,11.758,11.948,3,10,51,132,1970-01-21 12:20:31.800,1970-01-21 12:21:14.820,Xuân,,,
Cần Thơ,Đồng bằng sông Cửu Long,2026-03-03,27.74,32.1,24.0,33.379999999999995,39.12,29.32,0.06,0.06,0.0,0.6,81.6,10.44,19.82,22.878,1009.7,69.0,23.96,0.0,4.8100000000000005,9.8019,105.7894,11.698,11.958000000000002,3,10,3,146,1970-01-21 12:21:58.200,1970-01-21 12:22:41.220,Xuân,,,
Cần Thơ,Đồng bằng sông Cửu Long,2026-03-04,27.5,31.68,24.28,32.9,37.94,29.72,0.44,0.44,0.0,2.6,82.4,9.78,21.1,23.056,1009.96,25.6,23.839999999999996,0.0,4.843999999999999,9.8019,105.7894,11.734,11.962,3,10,51,125,1970-01-21 12:23:24.540,1970-01-21 12:24:07.620,Xuân,,,
Cần Thơ,Đồng bằng sông Cửu Long,2026-03-05,26.8,30.98,23.380000000000003,31.68,36.56,28.44,0.5599999999999999,0.5599999999999999,0.0,2.0,83.0,14.8,31.839999999999996,21.836,1009.78,56.8,23.46,0.0,4.564,9.8019,105.7894,11.55,11.972,3,10,51,97,1970-01-21 12:24:50.940,1970-01-21 12:25:34.020,Xuân,,,
Cần Thơ,Đồng bằng sông Cửu Long,2026-03-06,25.860000000000003,30.52,23.16,30.52,36.66,27.04,6.859999999999999,6.859999999999999,0.0,8.0,84.8,13.82,33.9,20.646,1010.68,43.4,23.0,0.0,4.078,9.8019,105.7894,11.484,11.98,3,10,63,54,1970-01-21 12:26:17.280,1970-01-21 12:27:00.420,Xuân,,,
Cần Thơ,Đồng bằng sông Cửu Long,2026-03-07,26.42,30.5,22.92,30.18,34.58,27.56,0.8400000000000001,0.8400000000000001,0.0,4.6,79.6,18.06,37.44,21.344,1011.36,56.6,22.28,0.0,4.6579999999999995,9.8019,105.7894,11.516,11.99,3,10,51,78,1970-01-21 12:27:43.680,1970-01-21 12:28:26.820,Xuân,,,
Cần Thơ,Đồng bằng sông Cửu Long,2026-03-08,26.48,30.380000000000003,23.3,30.139999999999997,35.760000000000005,26.42,0.36,0.36,0.0,3.2,76.2,13.6,28.380000000000003,22.424,1011.36,24.6,21.82,0.0,4.828,9.8019,105.7894,11.812,12.0,3,10,51,86,1970-01-21 12:29:10.020,1970-01-21 12:29:53.220,Xuân,,,
Cần Thơ,Đồng bằng sông Cửu Long,2026-03-09,26.619999999999997,30.360000000000003,23.48,31.0,35.56,27.72,1.4600000000000002,1.4600000000000002,0.0,5.2,81.2,13.64,30.660000000000004,21.988,1011.84,28.6,22.9,0.0,4.582,9.8019,105.7894,11.822,12.01,3,11,53,92,1970-01-21 12:30:36.420,1970-01-21 12:31:19.620,Xuân,,,
Cần Thơ,Đồng bằng sông Cửu Long,2026-03-10,27.3,31.2,24.2,31.04,36.739999999999995,28.119999999999997,1.0,1.0,0.0,3.8,76.2,16.28,37.6,22.51,1012.34,34.0,22.52,0.0,5.0280000000000005,9.8019,105.7894,11.832,12.02,3,11,51,81,1970-01-21 12:32:02.760,1970-01-21 12:32:46.020,Xuân,,,
Cần Thơ,Đồng bằng sông Cửu Long,2026-03-11,27.1,31.06,24.18,31.119999999999997,36.2,27.839999999999996,0.5,0.5,0.0,3.6,75.8,15.82,32.04,22.866,1011.6,62.0,22.22,0.0,4.982,9.8019,105.7894,11.842,12.03,3,11,51,78,1970-01-21 12:33:29.160,1970-01-21 12:34:12.420,Xuân,,,
Cần Thơ,Đồng bằng sông Cửu Long,2026-03-12,27.02,31.22,24.380000000000003,29.339999999999996,34.54,26.68,0.22,0.22,0.0,1.6,70.0,20.28,40.46,23.44,1010.9,17.4,20.86,0.0,5.601999999999999,9.8019,105.7894,11.85,12.038,3,11,51,90,1970-01-21 12:34:55.500,1970-01-21 12:35:38.820,Xuân,,,
Cần Thơ,Đồng bằng sông Cửu Long,2026-03-13,26.98,31.02,24.24,28.660000000000004,32.959999999999994,25.639999999999997,0.24,0.24,0.0,2.2,66.6,23.72,46.879999999999995,24.104000000000003,1011.38,9.8,20.02,0.0,5.918,9.8019,105.7894,11.858,12.048,3,11,51,88,1970-01-21 12:36:21.876,1970-01-21 12:37:05.220,Xuân,,,
Cần Thơ,Đồng bằng sông Cửu Long,2026-03-14,27.119999999999997,31.160000000000004,24.16,29.72,34.160000000000004,27.04,0.86,0.86,0.0,3.8,70.0,19.82,40.6,22.572,1012.38,27.8,20.94,0.0,5.424,9.8019,105.7894,11.512,12.052,3,11,51,83,1970-01-21 12:37:48.240,1970-01-21 12:38:31.620,Xuân,,,
Cần Thơ,Đồng bằng sông Cửu Long,2026-03-15,27.139999999999997,31.5,23.380000000000003,30.18,35.08,27.18,0.48,0.48,0.0,4.6,72.2,18.880000000000003,37.739999999999995,23.454,1012.84,17.4,21.36,0.0,5.478,9.8019,105.7894,11.876,12.06,3,11,51,84,1970-01-21 12:39:14.592,1970-01-21 12:39:58.020,Xuân,,,
Cần Thơ,Đồng bằng sông Cửu Long,2026-03-16,27.119999999999997,31.24,24.16,29.139999999999997,33.78,25.92,0.1,0.1,0.0,0.8,68.6,22.3,45.08,24.144,1011.7,8.4,20.58,0.0,5.8839999999999995,9.8019,105.7894,11.884,12.07,3,12,51,93,1970-01-21 12:40:40.980,1970-01-21 12:41:24.420,Xuân,,,
Cần Thơ,Đồng bằng sông Cửu Long,2026-03-17,26.839999999999996,30.96,23.8,29.48,34.46,26.52,0.4599999999999999,0.4599999999999999,0.0,4.0,72.2,20.32,41.02,23.066,1011.72,64.4,21.119999999999997,0.0,5.351999999999999,9.8019,105.7894,11.894,12.08,3,12,51,101,1970-01-21 12:42:07.320,1970-01-21 12:42:50.820,Xuân,,,
Cần Thơ,Đồng bằng sông Cửu Long,2026-03-18,26.98,31.339999999999996,23.76,30.08,35.42,26.839999999999996,0.64,0.64,0.0,3.8,72.8,17.060000000000002,34.480000000000004,23.05,1012.04,32.2,21.34,0.0,5.25,9.8019,105.7894,11.904,12.09,3,12,51,105,1970-01-21 12:43:33.720,1970-01-21 12:44:17.220,Xuân,,,
Cần Thơ,Đồng bằng sông Cửu Long,2026-03-19,26.5,31.04,22.72,29.92,35.06,26.6,0.54,0.54,0.0,4.0,75.8,16.3,34.28,22.83,1011.76,14.2,21.44,0.0,5.044,9.8019,105.7894,11.914,12.1,3,12,51,105,1970-01-21 12:45:00.060,1970-01-21 12:45:43.620,Xuân,,,
Cần Thơ,Đồng bằng sông Cửu Long,2026-03-20,26.6,31.26,22.7,30.48,35.88,27.04,0.9,0.9,0.0,5.2,77.0,13.419999999999998,29.28,22.601999999999997,1011.74,63.4,21.82,0.0,4.942,9.8019,105.7894,11.872,12.11,3,12,51,105,1970-01-21 12:46:26.448,1970-01-21 12:47:10.020,Xuân,,,
Cần Thơ,Đồng bằng sông Cửu Long,2026-03-21,26.9,31.880000000000003,22.94,30.46,35.86,27.2,0.22,0.22,0.0,2.2,75.2,16.419999999999998,34.2,23.792,1011.86,34.6,21.66,0.0,5.348000000000001,9.8019,105.7894,11.932,12.12,3,12,51,98,1970-01-21 12:47:52.800,1970-01-21 12:48:36.420,Xuân,,,
Cần Thơ,Đồng bằng sông Cửu Long,2026-03-22,27.28,32.14,23.86,30.48,35.64,27.92,0.0,0.0,0.0,0.0,73.0,18.3,38.02,23.988,1011.32,14.8,21.48,0.0,5.538,9.8019,105.7894,11.942,12.13,3,12,1,100,1970-01-21 12:49:19.164,1970-01-21 12:50:02.820,Xuân,,,
Cần Thơ,Đồng bằng sông Cửu Long,2026-03-23,27.18,31.94,23.32,30.880000000000003,36.3,27.660000000000004,0.16,0.16,0.0,1.2,75.8,15.14,32.46,23.43,1010.92,19.6,22.06,0.0,5.272,9.8019,105.7894,11.952,12.14,3,13,51,102,1970-01-21 12:50:45.540,1970-01-21 12:51:29.220,Xuân,,,
Cần Thơ,Đồng bằng sông Cửu Long,2026-03-24,27.3,32.56,22.96,30.860000000000003,36.78,27.08,0.02,0.02,0.0,0.2,73.4,15.02,30.82,24.674,1009.9,17.8,21.5,0.0,5.59,9.8019,105.7894,11.962,12.148,3,13,3,107,1970-01-21 12:52:11.892,1970-01-21 12:52:55.620,Xuân,,,
Cần Thơ,Đồng bằng sông Cửu Long,2026-03-25,27.26,33.2,22.86,30.8,37.4,27.0,0.0,0.0,0.0,0.0,72.6,15.3,31.7,25.248,1010.0,35.8,21.18,0.0,5.8020000000000005,9.8019,105.7894,11.972,12.152,3,13,3,98,1970-01-21 12:53:38.280,1970-01-21 12:54:22.020,Xuân,,,
Cần Thơ,Đồng bằng sông Cửu Long,2026-03-26,27.4,32.82000000000001,23.2,30.94,36.72,27.7,0.2,0.2,0.0,1.2,73.0,15.02,32.06,24.066,1010.0,21.8,21.520000000000003,0.0,5.558,9.8019,105.7894,11.98,12.16,3,13,51,99,1970-01-21 12:55:04.620,1970-01-21 12:55:48.420,Xuân,,,
Cần Thơ,Đồng bằng sông Cửu Long,2026-03-27,27.42,33.04,22.7,30.78,36.78,26.94,0.04,0.04,0.0,0.4,71.0,14.12,28.940000000000005,24.042,1009.76,13.6,20.94,0.0,5.5840000000000005,9.8019,105.7894,11.988,12.17,3,13,1,112,1970-01-21 12:56:31.020,1970-01-21 12:57:14.820,Xuân,,,
Cần Thơ,Đồng bằng sông Cửu Long,2026-03-28,27.2,33.04,22.619999999999997,30.619999999999997,37.16,26.619999999999997,0.0,0.0,0.0,0.0,72.4,17.48,36.28,25.264,1009.18,30.6,21.119999999999997,0.0,5.766,9.8019,105.7894,11.996,12.18,3,13,3,118,1970-01-21 12:57:57.360,1970-01-21 12:58:41.220,Xuân,,,
Cần Thơ,Đồng bằng sông Cửu Long,2026-03-29,28.1,33.8,23.16,32.06,38.54,27.660000000000004,0.02,0.02,0.0,0.2,72.6,15.52,33.480000000000004,25.276,1009.5,42.0,22.02,0.0,5.898,9.8019,105.7894,11.998,12.19,3,13,3,115,1970-01-21 12:59:23.736,1970-01-21 13:00:07.620,Xuân,,,
Cần Thơ,Đồng bằng sông Cửu Long,2026-03-30,27.839999999999996,32.58,24.26,32.760000000000005,38.56,29.7,1.02,1.02,0.0,5.4,77.4,12.14,29.380000000000003,22.304,1010.28,36.8,23.119999999999997,0.0,4.924,9.8019,105.7894,11.578,12.2,3,14,51,122,1970-01-21 13:00:50.100,1970-01-21 13:01:34.020,Xuân,,,
Cần Thơ,Đồng bằng sông Cửu Long,2026-03-31,28.22,33.2,24.119999999999997,33.08,39.42,29.360000000000003,0.44,0.44,0.0,2.6,74.6,12.74,25.78,24.158,1010.54,32.2,22.66,0.0,5.312,9.8019,105.7894,12.0,12.21,3,14,51,134,1970-01-21 13:02:16.452,1970-01-21 13:03:00.420,Xuân,,,
Cần Thơ,Đồng bằng sông Cửu Long,2026-04-01,27.94,33.5,23.52,32.260000000000005,38.9,28.4,0.02,0.02,0.0,0.2,73.8,16.3,31.96,25.018,1010.3,15.0,22.18,0.0,5.715999999999999,9.8019,105.7894,11.954,12.22,4,14,3,110,1970-01-21 13:03:42.840,1970-01-21 13:04:26.820,Xuân,,,
Cần Thơ,Đồng bằng sông Cửu Long,2026-04-02,27.94,33.519999999999996,23.380000000000003,31.68,37.68,28.1,0.0,0.0,0.0,0.0,71.0,14.94,32.2,24.904,1010.94,12.0,21.46,0.0,5.84,9.8019,105.7894,11.89,12.228,4,14,1,107,1970-01-21 13:05:09.180,1970-01-21 13:05:53.220,Xuân,,,
Cần Thơ,Đồng bằng sông Cửu Long,2026-04-03,28.0,33.18,23.42,31.56,37.86,27.76,0.0,0.0,0.0,0.0,68.4,14.96,28.639999999999997,24.044,1010.18,45.8,20.98,0.0,5.618,9.8019,105.7894,11.98,12.238,4,14,3,116,1970-01-21 13:06:35.580,1970-01-21 13:07:19.620,Xuân,,,
Cần Thơ,Đồng bằng sông Cửu Long,2026-04-04,27.68,33.7,21.58,32.019999999999996,38.78,25.94,0.0,0.0,0.0,0.0,72.2,14.46,28.139999999999997,24.7,1008.8,73.8,21.48,0.0,5.5,9.8019,105.7894,12.0,12.248,4,14,3,176,1970-01-21 13:08:01.920,1970-01-21 13:08:46.020,Xuân,,,
Cần Thơ,Đồng bằng sông Cửu Long,2026-04-05,28.52,34.04,23.36,33.08,40.14,28.28,0.0,0.0,0.0,0.0,72.6,12.86,24.98,24.174,1008.34,21.0,22.52,0.0,5.5840000000000005,9.8019,105.7894,12.0,12.252,4,14,3,174,1970-01-21 13:09:28.272,1970-01-21 13:10:12.420,Xuân,,,
Cần Thơ,Đồng bằng sông Cửu Long,2026-04-06,28.82,34.519999999999996,23.36,33.160000000000004,40.04,28.02,0.0,0.0,0.0,0.0,71.0,13.24,26.56,25.754,1009.6,8.2,22.32,0.0,6.014,9.8019,105.7894,12.0,12.262,4,15,1,178,1970-01-21 13:10:54.660,1970-01-21 13:11:38.820,Xuân,,,
Cần Thơ,Đồng bằng sông Cửu Long,2026-04-07,29.28,35.22,24.16,33.68,40.04,29.1,0.0,0.0,0.0,0.0,68.8,12.22,25.96,26.52,1010.12,53.6,21.92,0.0,6.098000000000001,9.8019,105.7894,12.0,12.272,4,15,3,223,1970-01-21 13:12:21.012,1970-01-21 13:13:05.220,Xuân,,,
Cần Thơ,Đồng bằng sông Cửu Long,2026-04-08,29.26,34.480000000000004,24.9,34.22,40.54,30.5,0.32,0.32,0.0,2.2,73.4,14.06,29.72,23.83,1010.16,37.4,23.26,0.0,5.508,9.8019,105.7894,12.0,12.28,4,15,51,179,1970-01-21 13:13:47.400,1970-01-21 13:14:31.620,Xuân,,,
Cần Thơ,Đồng bằng sông Cửu Long,2026-04-09,28.860000000000003,33.9,24.52,33.42,39.54,29.94,0.0,0.0,0.0,0.0,72.4,12.82,27.94,24.372,1010.88,19.2,22.7,0.0,5.67,9.8019,105.7894,12.0,12.29,4,15,1,156,1970-01-21 13:15:13.752,1970-01-21 13:15:58.020,Xuân,,,
Cần Thơ,Đồng bằng sông Cửu Long,2026-04-10,28.880000000000003,34.68,23.48,33.46,40.6,28.32,0.0,0.0,0.0,0.0,70.0,14.860000000000005,29.360000000000003,24.138,1010.98,24.2,22.18,0.0,5.504,9.8019,105.7894,12.0,12.298,4,15,3,152,1970-01-21 13:16:40.140,1970-01-21 13:17:24.420,Xuân,,,
Cần Thơ,Đồng bằng sông Cửu Long,2026-04-11,29.380000000000003,35.14,24.7,34.14,40.82000000000001,30.04,0.12,0.12,0.0,1.2,70.0,14.12,28.440000000000005,24.378,1009.88,13.6,22.64,0.0,5.614,9.8019,105.7894,12.0,12.308000000000002,4,15,51,212,1970-01-21 13:18:06.480,1970-01-21 13:18:50.820,Xuân,,,
Cần Thơ,Đồng bằng sông Cửu Long,2026-04-12,29.18,34.46,24.48,33.68,39.34,29.839999999999996,0.08,0.08,0.0,0.8,70.6,13.98,28.360000000000003,24.512,1008.86,8.8,22.66,0.0,5.864,9.8019,105.7894,12.0,12.318,4,15,1,177,1970-01-21 13:19:32.880,1970-01-21 13:20:17.220,Xuân,,,
Cần Thơ,Đồng bằng sông Cửu Long,2026-04-13,29.22,34.28,24.36,33.72,39.239999999999995,29.32,0.4,0.4,0.0,1.6,70.0,13.580000000000002,27.380000000000003,23.772,1009.9,21.0,22.56,0.0,5.561999999999999,9.8019,105.7894,12.0,12.322,4,16,51,170,1970-01-21 13:20:59.220,1970-01-21 13:21:43.620,Xuân,,,
Cần Thơ,Đồng bằng sông Cửu Long,2026-04-14,29.2,33.839999999999996,24.86,34.4,40.06,30.56,0.12,0.12,0.0,1.2,72.4,11.580000000000002,23.04,23.722,1009.6,20.2,23.34,0.0,5.372,9.8019,105.7894,12.0,12.332,4,16,51,143,1970-01-21 13:22:25.620,1970-01-21 13:23:10.020,Xuân,,,
Cần Thơ,Đồng bằng sông Cửu Long,2026-04-15,28.9,34.1,24.5,33.260000000000005,39.38,29.72,0.2,0.2,0.0,0.8,69.2,11.14,25.28,22.208,1008.8,47.4,22.18,0.0,5.224,9.8019,105.7894,11.51,12.342,4,16,3,154,1970-01-21 13:23:51.960,1970-01-21 13:24:36.420,Xuân,,,
Cần Thơ,Đồng bằng sông Cửu Long,2026-04-16,29.160000000000004,34.980000000000004,24.28,33.339999999999996,40.1,28.98,0.0,0.0,0.0,0.0,67.6,16.119999999999997,31.54,24.446,1008.74,19.2,22.02,0.0,5.892,9.8019,105.7894,12.0,12.35,4,16,3,139,1970-01-21 13:25:18.360,1970-01-21 13:26:02.820,Xuân,,,
Cần Thơ,Đồng bằng sông Cửu Long,2026-04-17,29.44,35.3,24.639999999999997,33.7,40.38,29.380000000000003,0.04,0.04,0.0,0.4,66.2,17.1,34.9,24.57,1009.16,15.4,21.72,0.0,5.786,9.8019,105.7894,12.0,12.358,4,16,2,149,1970-01-21 13:26:44.712,1970-01-21 13:27:29.220,Xuân,,,
Cần Thơ,Đồng bằng sông Cửu Long,2026-04-18,29.28,34.72,24.16,33.160000000000004,39.2,29.04,0.0,0.0,0.0,0.0,66.4,16.4,32.779999999999994,23.722,1009.0,46.6,21.54,0.0,5.836,9.8019,105.7894,12.0,12.368,4,16,3,112,1970-01-21 13:28:11.100,1970-01-21 13:28:55.620,Xuân,,,
Cần Thơ,Đồng bằng sông Cửu Long,2026-04-19,29.26,33.06,25.68,33.56,37.96,30.72,0.54,0.54,0.0,4.2,68.8,14.34,31.02,22.804,1009.08,38.8,22.68,0.0,5.43,9.8019,105.7894,11.818,12.378,4,16,51,122,1970-01-21 13:29:37.452,1970-01-21 13:30:22.020,Xuân,,,
Cần Thơ,Đồng bằng sông Cửu Long,2026-04-20,29.06,33.12,25.58,32.62,37.38,28.380000000000003,0.32,0.32,0.0,2.2,64.4,13.62,29.880000000000003,22.874,1009.38,49.4,21.4,0.0,5.636,9.8019,105.7894,11.864,12.382,4,17,51,112,1970-01-21 13:31:03.840,1970-01-21 13:31:48.420,Xuân,,,
Cần Thơ,Đồng bằng sông Cửu Long,2026-04-21,28.42,33.739999999999995,23.72,30.98,37.18,26.6,0.0,0.0,0.0,0.0,61.2,15.56,33.12,21.932,1008.86,44.6,19.82,0.0,5.656000000000001,9.8019,105.7894,11.778,12.392,4,17,3,110,1970-01-21 13:32:30.192,1970-01-21 13:33:14.820,Xuân,,,
Cần Thơ,Đồng bằng sông Cửu Long,2026-04-22,28.24,33.46,23.14,31.52,37.46,26.76,0.0,0.0,0.0,0.0,66.2,14.74,29.74,22.444,1008.4,21.0,20.84,0.0,5.478,9.8019,105.7894,12.0,12.4,4,17,3,119,1970-01-21 13:33:56.580,1970-01-21 13:34:41.220,Xuân,,,
Cần Thơ,Đồng bằng sông Cửu Long,2026-04-23,28.4,33.7,23.72,32.0,38.6,27.8,0.0,0.0,0.0,0.0,68.0,15.36,31.68,24.318,1008.04,10.8,21.28,0.0,5.776000000000001,9.8019,105.7894,12.0,12.41,4,17,2,152,1970-01-21 13:35:22.932,1970-01-21 13:36:07.620,Xuân,,,
Cần Thơ,Đồng bằng sông Cửu Long,2026-04-24,28.52,34.339999999999996,23.48,32.480000000000004,39.58,27.860000000000003,0.0,0.0,0.0,0.0,68.8,14.78,30.02,24.632,1008.58,71.4,21.54,0.0,5.862,9.8019,105.7894,12.0,12.418,4,17,3,128,1970-01-21 13:36:49.320,1970-01-21 13:37:34.020,Xuân,,,
Cần Thơ,Đồng bằng sông Cửu Long,2026-04-25,28.82,33.839999999999996,24.04,32.98,38.379999999999995,28.42,0.44,0.44,0.0,2.2,71.8,15.38,34.12,23.414,1009.94,40.4,22.64,0.0,5.576,9.8019,105.7894,12.0,12.428,4,17,51,103,1970-01-21 13:38:15.696,1970-01-21 13:39:00.420,Xuân,,,
Cần Thơ,Đồng bằng sông Cửu Long,2026-04-26,29.54,34.76,24.78,33.760000000000005,39.12,29.380000000000003,0.06,0.06,0.0,0.6,69.0,14.8,32.5,24.107999999999997,1009.52,23.4,22.58,0.0,5.8660000000000005,9.8019,105.7894,12.0,12.432,4,17,51,97,1970-01-21 13:39:42.072,1970-01-21 13:40:26.832,Xuân,,,
Cần Thơ,Đồng bằng sông Cửu Long,2026-04-27,29.660000000000004,34.68,25.6,34.260000000000005,39.22,30.92,0.1,0.1,0.0,0.8,72.0,16.04,33.9,24.24,1008.72,37.8,23.42,0.0,5.858,9.8019,105.7894,12.0,12.44,4,18,51,100,1970-01-21 13:41:08.460,1970-01-21 13:41:53.232,Xuân,,,
Cần Thơ,Đồng bằng sông Cửu Long,2026-04-28,29.880000000000003,35.34,25.74,34.58,39.98,31.3,0.02,0.02,0.0,0.2,70.6,15.1,30.24,24.642,1008.7,48.2,23.06,0.0,5.998,9.8019,105.7894,12.0,12.45,4,18,3,119,1970-01-21 13:42:34.812,1970-01-21 13:43:19.632,Xuân,,,
Cần Thơ,Đồng bằng sông Cửu Long,2026-04-29,29.4,34.42,24.46,34.339999999999996,40.18,30.360000000000003,0.12,0.12,0.0,1.0,70.0,11.84,23.74,24.688,1009.34,70.2,22.619999999999997,0.0,5.724,9.8019,105.7894,12.0,12.46,4,18,3,107,1970-01-21 13:44:01.200,1970-01-21 13:44:46.032,Xuân,,,
Cần Thơ,Đồng bằng sông Cửu Long,2026-04-30,29.860000000000003,35.34,25.42,34.32000000000001,39.239999999999995,31.0,0.1399999999999999,0.1399999999999999,0.0,0.8,69.2,16.839999999999996,36.06,24.336,1009.74,43.2,22.880000000000003,0.0,6.0280000000000005,9.8019,105.7894,12.0,12.468,4,18,3,99,1970-01-21 13:45:27.600,1970-01-21 13:46:12.444,Xuân,,,
Cần Thơ,Đồng bằng sông Cửu Long,2026-05-01,29.839999999999996,35.56,25.52,34.18,39.12,31.119999999999997,0.1,0.1,0.0,1.0,71.0,19.54,40.16,23.952,1009.52,58.2,23.3,0.0,6.044,9.8019,105.7894,12.0,12.472,5,18,3,99,1970-01-21 13:46:53.952,1970-01-21 13:47:38.880,Xuân,,,
Cần Thơ,Đồng bằng sông Cửu Long,2026-05-02,29.2,34.54,25.44,34.08,39.58,29.880000000000003,4.92,4.92,0.0,5.8,74.0,17.419999999999998,40.879999999999995,22.29,1009.12,68.2,23.78,0.0,5.124,9.8019,105.7894,11.692,12.48,5,18,61,104,1970-01-21 13:48:20.340,1970-01-21 13:49:05.280,Xuân,,,
Cần Thơ,Đồng bằng sông Cửu Long,2026-05-03,28.6,31.96,25.8,34.2,37.44,31.880000000000003,5.24,5.24,0.0,5.4,79.6,16.240000000000002,38.82,19.29,1009.06,100.0,24.56,0.0,4.2219999999999995,9.8019,105.7894,9.496,12.49,5,18,63,107,1970-01-21 13:49:46.728,1970-01-21 13:50:31.680,Xuân,,,
Cần Thơ,Đồng bằng sông Cửu Long,2026-05-04,28.82,33.519999999999996,25.6,34.32,39.62,31.24,3.4,3.4,0.0,7.4,79.0,14.080000000000002,34.760000000000005,20.845999999999997,1009.82,94.6,24.54,0.0,4.702,9.8019,105.7894,10.942,12.498,5,19,53,76,1970-01-21 13:51:13.092,1970-01-21 13:51:58.080,Xuân,,,
Cần Thơ,Đồng bằng sông Cửu Long,2026-05-05,28.52,32.94,26.119999999999997,33.78,38.34,31.46,9.32,9.32,0.0,6.8,79.6,19.119999999999997,42.04,20.462,1009.22,90.0,24.5,0.0,4.51,9.8019,105.7894,10.074000000000002,12.5,5,19,63,90,1970-01-21 13:52:39.480,1970-01-21 13:53:24.492,Xuân,,,
Cần Thơ,Đồng bằng sông Cửu Long,2026-05-06,27.76,32.660000000000004,25.119999999999997,32.96,38.78,29.5,9.94,9.94,0.0,7.4,83.0,16.32,35.42,18.82,1008.8,97.4,24.44,0.0,4.04,9.8019,105.7894,9.074,12.51,5,19,63,98,1970-01-21 13:54:05.880,1970-01-21 13:54:50.892,Xuân,,,
Cần Thơ,Đồng bằng sông Cửu Long,2026-05-07,28.860000000000003,32.86,25.860000000000003,34.1,39.02,31.48,0.4599999999999999,0.4599999999999999,0.0,2.8,77.8,15.26,31.9,20.568,1008.0,65.0,24.4,0.0,4.67,9.8019,105.7894,11.0,12.52,5,19,51,108,1970-01-21 13:55:32.232,1970-01-21 13:56:17.292,Xuân,,,
Cần Thơ,Đồng bằng sông Cửu Long,2026-05-08,29.160000000000004,32.82,25.52,34.14,38.239999999999995,31.28,0.5,0.5,0.0,3.8,75.4,14.28,32.54,21.862,1008.52,95.2,24.04,0.0,5.0760000000000005,9.8019,105.7894,12.0,12.522,5,19,51,98,1970-01-21 13:56:58.632,1970-01-21 13:57:43.716,Xuân,,,
Cần Thơ,Đồng bằng sông Cửu Long,2026-05-09,29.48,33.92,26.0,34.32,39.12,31.3,1.92,1.92,0.0,4.6,72.4,15.779999999999998,35.64,23.18,1009.02,72.8,23.74,0.0,5.434,9.8019,105.7894,12.0,12.53,5,19,51,96,1970-01-21 13:58:25.020,1970-01-21 13:59:10.140,Xuân,,,
Cần Thơ,Đồng bằng sông Cửu Long,2026-05-10,28.9,32.5,26.78,33.519999999999996,37.06,31.92,10.56,10.56,0.0,9.4,78.4,23.36,50.62,19.602,1008.56,94.8,24.68,0.0,4.562,9.8019,105.7894,10.42,12.54,5,19,63,94,1970-01-21 13:59:51.408,1970-01-21 14:00:36.540,Xuân,,,
Cần Thơ,Đồng bằng sông Cửu Long,2026-05-11,28.3,31.639999999999997,24.92,32.72,35.58,29.360000000000003,0.4599999999999999,0.4599999999999999,0.0,3.2,79.6,20.26,40.68,16.098,1009.12,82.8,24.26,0.0,3.902,9.8019,105.7894,7.970000000000001,12.541999999999998,5,20,51,107,1970-01-21 14:01:17.772,1970-01-21 14:02:02.940,Xuân,,,
Cần Thơ,Đồng bằng sông Cửu Long,2026-05-12,29.8,34.36,26.24,34.6,39.64,31.360000000000003,0.02,0.02,0.0,0.2,71.2,14.12,30.880000000000003,24.426,1008.02,82.6,23.62,0.0,5.747999999999999,9.8019,105.7894,12.0,12.55,5,20,3,114,1970-01-21 14:02:44.172,1970-01-21 14:03:29.352,Xuân,,,
Cần Thơ,Đồng bằng sông Cửu Long,2026-05-13,29.72,34.56,25.940000000000005,35.339999999999996,41.239999999999995,31.42,2.0,2.0,0.0,6.2,73.8,13.94,27.28,24.192,1007.3,83.6,24.119999999999997,0.0,5.484,9.8019,105.7894,11.878,12.56,5,20,61,144,1970-01-21 14:04:10.560,1970-01-21 14:04:55.752,Xuân,,,
Cần Thơ,Đồng bằng sông Cửu Long,2026-05-14,29.380000000000003,34.92,25.74,35.17999999999999,41.28,31.96,3.82,3.82,0.0,6.0,76.6,15.18,33.64,22.768,1007.28,85.4,24.52,0.0,5.012,9.8019,105.7894,11.782,12.56,5,20,61,213,1970-01-21 14:05:36.960,1970-01-21 14:06:22.188,Xuân,,,
Cần Thơ,Đồng bằng sông Cửu Long,2026-05-15,30.02,34.78,26.5,35.7,42.02,32.22,2.9,2.9,0.0,6.4,74.0,13.44,30.0,23.96,1007.0,84.6,24.6,0.0,5.51,9.8019,105.7894,12.0,12.57,5,20,61,242,1970-01-21 14:07:03.348,1970-01-21 14:07:48.600,Xuân,,,
Cần Thơ,Đồng bằng sông Cửu Long,2026-05-16,30.2,36.1,27.06,35.980000000000004,42.6,32.94,3.1,3.1,0.0,6.0,74.8,13.64,30.4,23.25,1007.06,81.2,24.84,0.0,5.404,9.8019,105.7894,11.89,12.58,5,20,61,277,1970-01-21 14:08:29.712,1970-01-21 14:09:15.000,Xuân,,,
Cần Thơ,Đồng bằng sông Cửu Long,2026-05-17,28.96,33.62,27.06,34.9,40.34,32.38,8.78,8.78,0.0,6.6,81.6,16.240000000000002,36.42,19.97,1006.94,85.6,25.380000000000003,0.0,4.273999999999999,9.8019,105.7894,11.394,12.58,5,20,63,253,1970-01-21 14:09:56.112,1970-01-21 14:10:41.412,Xuân,,,
Cần Thơ,Đồng bằng sông Cửu Long,2026-05-18,28.76,33.56,25.8,34.0,40.42,30.74,8.959999999999999,8.959999999999999,0.0,11.4,79.4,18.94,39.46,21.844,1006.88,82.0,24.64,0.0,4.838,9.8019,105.7894,11.44,12.59,5,21,63,233,1970-01-21 14:11:22.512,1970-01-21 14:12:07.812,Xuân,,,
Cần Thơ,Đồng bằng sông Cửu Long,2026-05-19,27.9,31.46,25.639999999999997,33.660000000000004,36.760000000000005,31.4,8.34,8.34,0.0,9.2,85.6,17.84,38.8,18.418,1006.76,97.0,25.119999999999997,0.0,3.746,9.8019,105.7894,10.494,12.598,5,21,63,209,1970-01-21 14:12:48.900,1970-01-21 14:13:34.248,Xuân,,,
Cần Thơ,Đồng bằng sông Cửu Long,2026-05-20,28.26,32.0,25.42,34.120000000000005,37.86,30.139999999999997,4.32,4.32,0.0,11.2,84.2,14.48,29.660000000000004,17.808,1006.84,96.0,25.2,0.0,3.826,9.8019,105.7894,10.168,12.6,5,21,53,189,1970-01-21 14:14:15.300,1970-01-21 14:15:00.660,Xuân,,,
Cần Thơ,Đồng bằng sông Cửu Long,2026-05-21,27.76,30.2,25.04,33.38,35.44,29.58,12.5,12.5,0.0,11.8,85.2,14.0,28.5,13.732,1009.18,93.6,24.96,0.0,2.9799999999999995,9.8019,105.7894,6.15,12.61,5,21,63,181,1970-01-21 14:15:41.700,1970-01-21 14:16:27.072,Xuân,,,
Cần Thơ,Đồng bằng sông Cửu Long,2026-05-22,29.3,33.519999999999996,26.160000000000004,35.42,40.86,31.979999999999997,3.04,3.04,0.0,5.0,78.4,12.04,27.5,23.386000000000003,1010.3,51.2,24.86,0.0,5.064,9.8019,105.7894,12.0,12.61,5,21,53,166,1970-01-21 14:17:08.088,1970-01-21 14:17:53.472,Xuân,,,
Cần Thơ,Đồng bằng sông Cửu Long,2026-05-23,28.8,34.0,25.96,34.86,41.440000000000005,32.04,3.78,3.78,0.0,6.0,79.8,12.48,30.52,22.42,1010.7,78.2,24.76,0.0,4.758,9.8019,105.7894,11.74,12.62,5,21,61,218,1970-01-21 14:18:34.476,1970-01-21 14:19:19.896,Xuân,,,
Cần Thơ,Đồng bằng sông Cửu Long,2026-05-24,29.160000000000004,33.88,26.42,35.36,41.34,32.260000000000005,2.88,2.88,0.0,7.0,79.2,12.56,30.079999999999995,23.112,1010.82,73.4,24.96,0.0,4.9719999999999995,9.8019,105.7894,11.884,12.62,5,21,61,215,1970-01-21 14:20:00.864,1970-01-21 14:20:46.320,Xuân,,,
Cần Thơ,Đồng bằng sông Cửu Long,2026-05-25,28.98,33.839999999999996,26.24,34.9,41.260000000000005,31.839999999999996,3.4200000000000004,3.4200000000000004,0.0,4.6,80.8,12.66,30.360000000000003,22.414,1010.1,78.4,25.119999999999997,0.0,4.858,9.8019,105.7894,11.914,12.63,5,22,63,234,1970-01-21 14:21:27.252,1970-01-21 14:22:12.720,Xuân,,,
Cần Thơ,Đồng bằng sông Cửu Long,2026-05-26,29.46,33.44,26.4,34.32,39.239999999999995,31.44,3.72,3.72,0.0,5.4,74.2,20.119999999999997,43.34,23.198,1009.24,61.4,24.26,0.0,5.336,9.8019,105.7894,12.0,12.63,5,22,61,256,1970-01-21 14:22:53.652,1970-01-21 14:23:39.132,Xuân,,,
Cần Thơ,Đồng bằng sông Cửu Long,2026-05-27,29.22,31.92,27.22,34.760000000000005,37.58,32.86,3.9,3.9,0.0,6.6,78.6,16.2,36.14,15.256,1009.42,95.2,25.0,0.0,3.526,9.8019,105.7894,9.082,12.638,5,22,61,248,1970-01-21 14:24:20.052,1970-01-21 14:25:05.556,Xuân,,,
Cần Thơ,Đồng bằng sông Cửu Long,2026-05-28,28.56,31.92,25.7,34.08,37.96,30.68,5.36,5.36,0.0,10.0,82.6,14.7,32.339999999999996,15.313999999999998,1009.4,94.2,25.14,0.0,3.466,9.8019,105.7894,7.248,12.64,5,22,61,257,1970-01-21 14:25:46.452,1970-01-21 14:26:31.980,Xuân,,,
Cần Thơ,Đồng bằng sông Cửu Long,2026-05-29,26.24,30.139999999999997,24.68,31.44,36.04,29.360000000000003,27.76,27.76,0.0,12.4,91.6,16.34,34.480000000000004,10.254,1009.76,98.2,24.7,0.0,2.134,9.8019,105.7894,2.436,12.648,5,22,63,259,1970-01-21 14:27:12.852,1970-01-21 14:27:58.392,Xuân,,,
Cần Thơ,Đồng bằng sông Cửu Long,2026-05-30,26.28,30.18,23.58,31.32,35.22,27.72,23.18,23.18,0.0,13.4,89.0,14.4,29.880000000000003,9.838,1009.48,99.2,24.22,0.0,2.2039999999999997,9.8019,105.7894,2.726,12.65,5,22,63,272,1970-01-21 14:28:39.252,1970-01-21 14:29:24.792,Xuân,,,
Cần Thơ,Đồng bằng sông Cửu Long,2026-05-31,26.08,29.380000000000003,23.94,31.56,35.019999999999996,28.72,10.08,10.08,0.0,14.8,91.4,12.68,29.8,12.66,1009.42,98.8,24.54,0.0,2.558,9.8019,105.7894,5.116,12.652,5,22,63,294,1970-01-21 14:30:05.652,1970-01-21 14:30:51.228,Xuân,,,
Cần Thơ,Đồng bằng sông Cửu Long,2026-06-01,26.6,29.619999999999997,24.7,32.14,35.660000000000004,29.44,13.02,13.02,0.0,12.2,90.2,14.3,35.480000000000004,12.32,1009.56,98.0,24.86,0.0,2.496,9.8019,105.7894,5.338,12.66,6,23,63,270,1970-01-21 14:31:32.052,1970-01-21 14:32:17.640,Hè,,,
Cần Thơ,Đồng bằng sông Cửu Long,2026-06-02,25.860000000000003,28.22,23.98,31.04,34.339999999999996,28.139999999999997,35.04,35.04,0.0,19.0,93.6,16.5,34.42,10.016,1008.52,97.6,24.78,0.0,1.966,9.8019,105.7894,3.5119999999999996,12.66,6,23,65,243,1970-01-21 14:32:58.464,1970-01-21 14:33:44.052,Hè,,,
Cần Thơ,Đồng bằng sông Cửu Long,2026-06-03,26.48,30.68,24.58,31.76,35.88,29.18,15.04,15.04,0.0,19.2,90.0,17.18,39.88,13.2,1007.84,96.2,24.7,0.0,2.714,9.8019,105.7894,4.822,12.662,6,23,63,243,1970-01-21 14:34:24.876,1970-01-21 14:35:10.452,Hè,,,
Cần Thơ,Đồng bằng sông Cửu Long,2026-06-04,27.6,31.74,25.08,32.519999999999996,36.260000000000005,29.839999999999996,3.64,3.64,0.0,12.0,85.8,21.42,42.34,20.542,1007.94,91.4,24.84,0.0,4.2299999999999995,9.8019,105.7894,11.006,12.67,6,23,55,221,1970-01-21 14:35:51.288,1970-01-21 14:36:36.888,Hè,,,
Cần Thơ,Đồng bằng sông Cửu Long,2026-06-05,28.7,32.2,25.360000000000003,33.760000000000005,37.4,30.3,3.3200000000000003,3.3200000000000003,0.0,9.2,80.2,17.18,36.8,22.61,1009.04,85.8,24.78,0.0,4.934,9.8019,105.7894,11.856,12.67,6,23,51,207,1970-01-21 14:37:17.688,1970-01-21 14:38:03.300,Hè,,,
Cần Thơ,Đồng bằng sông Cửu Long,2026-06-06,28.660000000000004,32.260000000000005,26.22,34.760000000000005,38.56,32.040000000000006,3.2399999999999998,3.2399999999999998,0.0,7.8,84.2,16.18,35.14,21.544,1010.2,93.6,25.580000000000002,0.0,4.42,9.8019,105.7894,11.547999999999998,12.672,6,23,53,221,1970-01-21 14:38:44.100,1970-01-21 14:39:29.712,Hè,,,
Cần Thơ,Đồng bằng sông Cửu Long,2026-06-07,28.9,32.82,25.919999999999998,34.88,38.92,32.22,2.8,2.8,0.0,8.8,81.6,15.7,34.5,23.038,1010.6600000000001,91.6,25.259999999999998,0.0,4.894,9.8019,105.7894,12.0,12.678,6,23,61,210,1970-01-21 14:40:10.500,1970-01-21 14:40:56.124,Hè,,,
Cần Thơ,Đồng bằng sông Cửu Long,2026-06-08,28.6,31.9,25.96,34.14,38.28,31.7,3.44,3.44,0.0,7.6,82.8,19.919999999999998,41.779999999999994,22.674,1009.6,92.2,25.259999999999998,0.0,4.726,9.8019,105.7894,11.974,12.68,6,24,61,235,1970-01-21 14:41:36.912,1970-01-21 14:42:22.560,Hè,,,
Cần Thơ,Đồng bằng sông Cửu Long,2026-06-09,28.419999999999998,31.919999999999998,25.68,33.660000000000004,37.519999999999996,30.660000000000004,2.3,2.3,0.0,6.4,81.0,16.84,36.0,20.898,1009.46,97.0,24.7,0.0,4.474,9.8019,105.7894,11.058,12.68,6,24,61,244,1970-01-21 14:43:03.312,1970-01-21 14:43:48.972,Hè,,,
Cần Thơ,Đồng bằng sông Cửu Long,2026-06-10,28.24,31.160000000000004,26.18,33.96,36.519999999999996,31.560000000000002,3.16,3.16,0.0,5.8,84.0,16.46,35.839999999999996,18.357999999999997,1010.3,99.6,25.1,0.0,3.8280000000000003,9.8019,105.7894,9.838,12.681999999999999,6,24,61,227,1970-01-21 14:44:29.712,1970-01-21 14:45:15.372,Hè,,,
Cần Thơ,Đồng bằng sông Cửu Long,2026-06-11,27.380000000000003,33.6,24.119999999999997,33.4,41.18,28.5,13.36,13.36,0.0,10.4,87.4,16.419999999999998,37.160000000000004,20.938,1012.4,95.6,24.9,0.0,4.282,9.8019,105.7894,10.004000000000001,12.687999999999999,6,24,63,220,1970-01-21 14:45:56.112,1970-01-21 14:46:41.784,Hè,,,
Cần Thơ,Đồng bằng sông Cửu Long,2026-06-12,28.04,31.96,25.28,34.660000000000004,39.08,31.439999999999998,3.6800000000000006,3.6800000000000006,0.0,9.4,86.6,8.459999999999999,21.1,21.160000000000004,1012.9200000000001,67.8,25.44,0.0,4.3759999999999994,9.8019,105.7894,10.72,12.69,6,24,53,249,1970-01-21 14:47:22.524,1970-01-21 14:48:08.220,Hè,,,
Cần Thơ,Đồng bằng sông Cửu Long,2026-06-13,28.28,32.739999999999995,25.2,34.56,39.519999999999996,31.160000000000004,3.3200000000000003,3.3200000000000003,0.0,9.0,84.2,9.58,22.6,23.19,1011.1600000000001,46.0,25.119999999999997,0.0,4.836,9.8019,105.7894,11.98,12.69,6,24,53,261,1970-01-21 14:48:48.948,1970-01-21 14:49:34.620,Hè,,,
Cần Thơ,Đồng bằng sông Cửu Long,2026-06-14,26.939999999999998,30.52,24.919999999999998,32.98,36.9,30.26,22.14,22.14,0.0,11.0,90.0,14.580000000000002,34.28,17.202,1010.22,82.2,25.1,0.0,3.3619999999999997,9.8019,105.7894,10.096,12.69,6,24,65,224,1970-01-21 14:50:15.360,1970-01-21 14:51:01.032,Hè,,,
Cần Thơ,Đồng bằng sông Cửu Long,2026-06-15,27.32,32.04,24.78,33.0,38.839999999999996,30.02,6.0,6.0,0.0,8.4,86.0,13.1,29.939999999999998,22.125999999999998,1010.2,67.6,24.66,0.0,4.459999999999999,9.8019,105.7894,11.578,12.692,6,25,63,245,1970-01-21 14:51:41.760,1970-01-21 14:52:27.444,Hè,,,
Cần Thơ,Đồng bằng sông Cửu Long,2026-06-16,27.919999999999998,32.839999999999996,25.46,33.660000000000004,39.42,30.72,3.5799999999999996,3.5799999999999996,0.0,6.4,84.6,15.319999999999999,32.12,22.156,1010.5,64.2,24.86,0.0,4.632,9.8019,105.7894,11.046000000000001,12.692,6,25,61,224,1970-01-21 14:53:08.172,1970-01-21 14:53:53.868,Hè,,,
Cần Thơ,Đồng bằng sông Cửu Long,2026-06-17,27.78,32.160000000000004,25.360000000000003,33.739999999999995,39.0,30.860000000000003,7.840000000000001,7.840000000000001,0.0,7.8,85.4,12.7,29.0,22.038,1010.74,82.0,24.919999999999998,0.0,4.524,9.8019,105.7894,11.716,12.692,6,25,63,241,1970-01-21 14:54:34.572,1970-01-21 14:55:20.280,Hè,,,
Cần Thơ,Đồng bằng sông Cửu Long,2026-06-18,27.619999999999997,32.3,24.7,33.5,38.94,30.18,5.34,5.34,0.0,10.2,85.2,13.040000000000001,27.860000000000003,21.44,1010.6200000000001,91.6,24.66,0.0,4.494,9.8019,105.7894,10.088,12.697999999999999,6,25,61,225,1970-01-21 14:56:00.996,1970-01-21 14:56:46.692,Hè,,,
Cần Thơ,Đồng bằng sông Cửu Long,2026-06-19,27.660000000000004,32.14,24.9,34.3,40.64,30.76,2.42,2.42,0.0,7.2,87.2,9.98,24.34,21.637999999999998,1010.0600000000001,93.8,25.18,0.0,4.465999999999999,9.8019,105.7894,11.03,12.697999999999999,6,25,53,189,1970-01-21 14:57:27.408,1970-01-21 14:58:13.104,Hè,,,
Cần Thơ,Đồng bằng sông Cửu Long,2026-06-20,27.839999999999996,32.42,25.48,34.22,40.28,31.2,4.08,4.08,0.0,6.2,86.2,11.959999999999999,30.24,21.692,1010.3799999999999,61.6,25.18,0.0,4.438000000000001,9.8019,105.7894,11.222,12.697999999999999,6,25,61,210,1970-01-21 14:58:53.820,1970-01-21 14:59:39.528,Hè,,,
Cần Thơ,Đồng bằng sông Cửu Long,2026-06-21,28.380000000000003,32.38,25.36,34.36,39.92,31.1,1.6199999999999999,1.6199999999999999,0.0,5.6,81.8,12.8,28.6,23.538,1010.5799999999999,81.4,24.72,0.0,4.938,9.8019,105.7894,12.0,12.697999999999999,6,25,51,224,1970-01-21 15:00:20.232,1970-01-21 15:01:05.940,Hè,,,
Cần Thơ,Đồng bằng sông Cửu Long,2026-06-22,28.9,32.8,25.4,34.44,39.38,30.939999999999998,0.42000000000000004,0.42000000000000004,0.0,3.4,79.0,13.940000000000001,30.82,23.938,1009.24,70.8,24.7,0.0,5.172,9.8019,105.7894,12.0,12.697999999999999,6,26,51,253,1970-01-21 15:01:46.632,1970-01-21 15:02:32.352,Hè,,,
Cần Thơ,Đồng bằng sông Cửu Long,2026-06-23,28.7,32.36,26.28,34.04,38.220000000000006,31.4,4.12,4.12,0.0,6.0,81.0,15.74,39.08,18.974,1008.28,90.0,24.98,0.0,4.208,9.8019,105.7894,11.522,12.697999999999999,6,26,63,243,1970-01-21 15:03:13.068,1970-01-21 15:03:58.752,Hè,,,
Cần Thơ,Đồng bằng sông Cửu Long,2026-06-24,28.0,32.2,26.02,33.720000000000006,38.48,31.4,7.519999999999999,7.519999999999999,0.0,8.8,85.6,16.82,36.0,21.066,1008.0799999999999,85.0,25.28,0.0,4.3100000000000005,9.8019,105.7894,11.972,12.697999999999999,6,26,63,237,1970-01-21 15:04:39.480,1970-01-21 15:05:25.188,Hè,,,
Cần Thơ,Đồng bằng sông Cửu Long,2026-06-25,27.54,31.620000000000005,25.34,32.6,37.54,30.32,10.52,10.52,0.0,7.0,85.4,18.419999999999998,44.64,21.048,1008.96,72.0,24.759999999999998,0.0,4.246,9.8019,105.7894,11.458,12.692,6,26,63,228,1970-01-21 15:06:05.892,1970-01-21 15:06:51.600,Hè,,,
Cần Thơ,Đồng bằng sông Cửu Long,2026-06-26,28.04,31.78,25.34,33.18,37.24,30.74,0.72,0.72,0.0,5.2,82.2,16.2,34.78,22.53,1009.14,50.4,24.54,0.0,4.726,9.8019,105.7894,12.0,12.692,6,26,51,243,1970-01-21 15:07:32.292,1970-01-21 15:08:18.012,Hè,,,
Cần Thơ,Đồng bằng sông Cửu Long,2026-06-27,28.339999999999996,32.3,25.46,33.44,39.58,30.560000000000002,3.1,3.1,0.0,4.0,80.6,18.839999999999996,39.54,23.618000000000002,1008.5600000000001,64.2,24.5,0.0,5.07,9.8019,105.7894,12.0,12.692,6,26,63,242,1970-01-21 15:08:58.728,1970-01-21 15:09:44.412,Hè,,,
Cần Thơ,Đồng bằng sông Cửu Long,2026-06-28,27.04,30.080000000000002,25.619999999999997,32.94,36.88,30.74,16.919999999999998,16.919999999999998,0.0,13.4,90.6,15.3,36.08,18.456,1008.28,94.4,25.3,0.0,3.5200000000000005,9.8019,105.7894,9.358,12.69,6,26,63,237,1970-01-21 15:10:25.140,1970-01-21 15:11:10.812,Hè,,,
Cần Thơ,Đồng bằng sông Cửu Long,2026-06-29,26.8,30.060000000000002,25.580000000000002,31.9,36.17999999999999,29.439999999999998,24.54,24.54,0.0,13.4,90.0,17.34,39.4,15.748,1008.1200000000001,87.4,24.96,0.0,3.08,9.8019,105.7894,7.706,12.69,6,27,65,241,1970-01-21 15:11:51.552,1970-01-21 15:12:37.224,Hè,,,
Cần Thơ,Đồng bằng sông Cửu Long,2026-06-30,26.96,30.48,25.14,32.260000000000005,35.7,30.160000000000004,14.4,14.4,0.0,12.4,89.8,19.259999999999998,39.1,17.404,1008.3,97.8,25.04,0.0,3.4259999999999997,9.8019,105.7894,8.888,12.69,6,27,63,250,1970-01-21 15:13:17.952,1970-01-21 15:14:03.648,Hè,,,
Cần Thơ,Đồng bằng sông Cửu Long,2026-07-01,27.060000000000002,30.18,24.68,31.880000000000003,35.88,28.96,9.74,9.74,0.0,13.6,87.6,19.54,43.839999999999996,20.392,1007.82,88.0,24.72,0.0,3.996,9.8019,105.7894,11.162,12.687999999999999,7,27,63,250,1970-01-21 15:14:44.376,1970-01-21 15:15:30.060,Hè,,,
Cần Thơ,Đồng bằng sông Cửu Long,2026-07-02,26.3,29.24,24.16,31.119999999999997,33.82,28.160000000000004,23.46,23.46,0.0,18.4,91.8,18.34,39.82,13.366,1008.28,99.0,24.82,0.0,2.616,9.8019,105.7894,6.082,12.681999999999999,7,27,63,240,1970-01-21 15:16:10.800,1970-01-21 15:16:56.460,Hè,,,
Cần Thơ,Đồng bằng sông Cửu Long,2026-07-03,26.22,28.24,24.64,31.4,34.0,28.939999999999998,13.540000000000001,13.540000000000001,0.0,19.8,93.8,14.719999999999999,29.659999999999997,6.6819999999999995,1009.36,100.0,25.1,0.0,1.472,9.8019,105.7894,0.062,12.681999999999999,7,27,61,232,1970-01-21 15:17:37.212,1970-01-21 15:18:22.860,Hè,,,
Cần Thơ,Đồng bằng sông Cửu Long,2026-07-04,25.68,27.46,24.5,30.78,33.04,29.1,15.48,15.48,0.0,17.4,93.4,14.719999999999999,30.52,10.538,1010.74,99.0,24.5,0.0,2.05,9.8019,105.7894,2.878,12.68,7,27,63,226,1970-01-21 15:19:03.612,1970-01-21 15:19:49.272,Hè,,,
Cần Thơ,Đồng bằng sông Cửu Long,2026-07-05,26.48,30.380000000000003,24.04,32.04,35.620000000000005,29.439999999999998,7.5200000000000005,7.5200000000000005,0.0,7.0,89.2,13.2,30.380000000000003,15.772,1011.0200000000001,93.0,24.44,0.0,3.21,9.8019,105.7894,8.818000000000001,12.68,7,27,63,206,1970-01-21 15:20:30.036,1970-01-21 15:21:15.672,Hè,,,
Cần Thơ,Đồng bằng sông Cửu Long,2026-07-06,27.619999999999997,30.360000000000003,25.32,33.14,35.339999999999996,30.860000000000003,0.22000000000000003,0.22000000000000003,0.0,1.4,85.2,11.72,23.52,11.824,1010.3,99.8,24.78,0.0,2.662,9.8019,105.7894,5.876,12.678,7,28,51,222,1970-01-21 15:21:56.460,1970-01-21 15:22:42.072,Hè,,,
Cần Thơ,Đồng bằng sông Cửu Long,2026-07-07,28.060000000000002,32.0,25.22,33.32,37.68,30.48,2.9200000000000004,2.9200000000000004,0.0,3.0,81.4,16.619999999999997,36.22,19.748,1010.24,93.2,24.32,0.0,4.318,9.8019,105.7894,9.166,12.67,7,28,63,224,1970-01-21 15:23:22.872,1970-01-21 15:24:08.472,Hè,,,
Cần Thơ,Đồng bằng sông Cửu Long,2026-07-08,26.46,30.060000000000002,25.04,31.919999999999998,36.86,30.160000000000004,11.459999999999999,11.459999999999999,0.0,9.6,91.2,18.7,40.67999999999999,17.990000000000002,1010.1,85.0,24.84,0.0,3.4240000000000004,9.8019,105.7894,7.928,12.67,7,28,63,227,1970-01-21 15:24:49.272,1970-01-21 15:25:34.872,Hè,,,
Cần Thơ,Đồng bằng sông Cửu Long,2026-07-09,28.1,31.580000000000002,25.4,32.779999999999994,36.6,30.54,2.06,2.06,0.0,5.8,82.0,19.96,41.28,22.188,1009.6600000000001,94.0,24.56,0.0,4.7700000000000005,9.8019,105.7894,11.926,12.668000000000001,7,28,61,244,1970-01-21 15:26:15.696,1970-01-21 15:27:01.272,Hè,,,
Cần Thơ,Đồng bằng sông Cửu Long,2026-07-10,28.52,32.1,25.639999999999997,33.0,36.88,30.28,0.9,0.9,0.0,5.2,78.6,20.32,46.3,23.012,1009.1200000000001,86.4,24.3,0.0,5.08,9.8019,105.7894,12.0,12.66,7,28,51,252,1970-01-21 15:27:42.120,1970-01-21 15:28:27.684,Hè,,,
Cần Thơ,Đồng bằng sông Cửu Long,2026-07-11,28.74,31.919999999999998,26.380000000000003,32.7,35.54,30.98,0.9400000000000001,0.9400000000000001,0.0,3.8,76.4,24.580000000000002,49.980000000000004,23.636000000000003,1007.36,40.4,24.04,0.0,5.354,9.8019,105.7894,12.0,12.66,7,28,51,253,1970-01-21 15:29:08.532,1970-01-21 15:29:54.096,Hè,,,
Cần Thơ,Đồng bằng sông Cửu Long,2026-07-12,28.04,31.22,25.9,32.28,35.480000000000004,29.939999999999998,3.54,3.54,0.0,8.0,79.2,23.02,47.739999999999995,18.47,1007.1,84.2,23.96,0.0,4.164,9.8019,105.7894,8.884,12.652000000000001,7,28,61,245,1970-01-21 15:30:34.932,1970-01-21 15:31:20.496,Hè,,,
Cần Thơ,Đồng bằng sông Cửu Long,2026-07-13,26.119999999999997,28.919999999999998,24.759999999999998,31.160000000000004,34.480000000000004,29.060000000000002,18.22,18.22,0.0,15.4,91.2,18.32,46.36,12.930000000000001,1008.5,98.0,24.54,0.0,2.478,9.8019,105.7894,5.0,12.65,7,29,63,235,1970-01-21 15:32:01.356,1970-01-21 15:32:46.908,Hè,,,
Cần Thơ,Đồng bằng sông Cửu Long,2026-07-14,26.76,30.5,24.82,32.339999999999996,36.6,30.04,4.84,4.84,0.0,14.2,89.4,14.62,37.32,18.28,1009.64,92.8,24.82,0.0,3.6340000000000003,9.8019,105.7894,9.636,12.648,7,29,53,226,1970-01-21 15:33:27.780,1970-01-21 15:34:13.308,Hè,,,
Cần Thơ,Đồng bằng sông Cửu Long,2026-07-15,26.6,30.380000000000003,24.16,32.480000000000004,38.08,29.1,17.2,17.2,0.0,10.6,90.6,13.419999999999998,38.660000000000004,18.85,1011.4,97.8,24.880000000000003,0.0,3.678,9.8019,105.7894,11.056000000000001,12.64,7,29,65,239,1970-01-21 15:34:54.192,1970-01-21 15:35:39.696,Hè,,,
Cần Thơ,Đồng bằng sông Cửu Long,2026-07-16,27.139999999999997,31.939999999999998,24.02,32.760000000000005,38.82,29.28,5.779999999999999,5.779999999999999,0.0,6.8,85.8,13.84,33.7,22.772,1011.72,79.6,24.34,0.0,4.63,9.8019,105.7894,11.248,12.64,7,29,51,251,1970-01-21 15:36:20.592,1970-01-21 15:37:06.096,Hè,,,
Cần Thơ,Đồng bằng sông Cửu Long,2026-07-17,27.98,32.019999999999996,25.119999999999997,33.58,38.1,30.78,0.48,0.48,0.0,2.6,82.2,13.02,29.160000000000004,22.32,1010.54,91.2,24.380000000000003,0.0,4.738,9.8019,105.7894,11.416,12.63,7,29,51,237,1970-01-21 15:37:47.016,1970-01-21 15:38:32.484,Hè,,,
Cần Thơ,Đồng bằng sông Cửu Long,2026-07-18,27.880000000000003,31.82,24.98,33.22,37.54,30.060000000000002,2.62,2.62,0.0,7.4,82.6,17.4,36.12,22.714000000000002,1009.8,71.4,24.56,0.0,4.708,9.8019,105.7894,11.437999999999999,12.63,7,29,53,235,1970-01-21 15:39:13.440,1970-01-21 15:39:58.872,Hè,,,
Cần Thơ,Đồng bằng sông Cửu Long,2026-07-19,28.360000000000003,32.28,25.48,33.4,37.72,30.7,0.48,0.48,0.0,4.0,79.4,15.819999999999999,32.239999999999995,24.6,1009.8,35.8,24.2,0.0,5.284000000000001,9.8019,105.7894,12.0,12.62,7,29,51,245,1970-01-21 15:40:39.840,1970-01-21 15:41:25.272,Hè,,,
Cần Thơ,Đồng bằng sông Cửu Long,2026-07-20,28.26,32.36,25.1,33.1,37.260000000000005,30.24,0.62,0.62,0.0,4.0,78.4,16.380000000000003,33.92,24.482,1009.9,40.0,23.919999999999998,0.0,5.268,9.8019,105.7894,12.0,12.62,7,30,51,255,1970-01-21 15:42:06.252,1970-01-21 15:42:51.672,Hè,,,
