province,region,date,temperature_2m_mean,temperature_2m_max,temperature_2m_min,apparent_temperature_mean,apparent_temperature_max,apparent_temperature_min,precipitation_sum,rain_sum,showers_sum,precipitation_hours,relative_humidity_2m_mean,wind_speed_10m_max,wind_gusts_10m_max,shortwave_radiation_sum,pressure_msl_mean,cloud_cover_mean,dew_point_2m_mean,snowfall_sum,et0_fao_evapotranspiration,latitude,longitude,sunshine_hours,daylight_hours,month,week,weather_code,wind_direction_10m_dominant,sunrise,sunset,season,uv_index_max,uv_index_clear_sky_max,precipitation_probability_max
Huế,Bắc Trung Bộ,2025-07-21,28.6,29.939999999999998,27.04,31.5,34.08,28.919999999999998,1.1199999999999999,1.1199999999999999,0.0,6.0,68.4,24.16,49.17999999999999,8.984,997.3799999999999,100.0,22.06,0.0,3.4480000000000004,16.4637,107.5909,0.13999999999999999,12.964000000000002,7,30,51,185,1970-01-21 06:57:55.608,1970-01-21 06:58:42.288,Hè,,,
Huế,Bắc Trung Bộ,2025-07-22,29.02,31.22,26.619999999999997,31.860000000000003,34.64,28.080000000000002,1.1800000000000002,1.1800000000000002,0.0,4.8,64.6,28.119999999999997,60.17999999999999,12.09,997.4399999999999,100.0,21.5,0.0,4.212,16.4637,107.5909,3.5620000000000003,12.953999999999999,7,30,51,214,1970-01-21 06:59:22.008,1970-01-21 07:00:08.652,Hè,,,
Huế,Bắc Trung Bộ,2025-07-23,29.26,32.86,26.380000000000003,33.32000000000001,37.72,29.839999999999996,1.04,1.04,0.0,2.2,66.8,14.66,38.96,20.384,1000.4399999999999,100.0,22.16,0.0,4.978,16.4637,107.5909,10.928,12.947999999999999,7,30,51,145,1970-01-21 07:00:48.432,1970-01-21 07:01:35.040,Hè,,,
Huế,Bắc Trung Bộ,2025-07-24,28.2,31.32,25.98,32.64,35.36,29.68,2.2199999999999998,2.2199999999999998,0.0,5.6,75.0,15.86,34.9,13.63,1002.28,100.0,23.14,0.0,3.4560000000000004,16.4637,107.5909,4.412000000000001,12.937999999999999,7,30,51,217,1970-01-21 07:02:14.868,1970-01-21 07:03:01.428,Hè,,,
Huế,Bắc Trung Bộ,2025-07-25,26.28,29.2,24.380000000000003,30.76,34.2,27.28,14.819999999999999,14.819999999999999,0.0,12.4,84.8,17.880000000000003,40.160000000000004,9.790000000000001,1002.9200000000001,98.4,23.419999999999998,0.0,2.3920000000000003,16.4637,107.5909,3.5,12.930000000000001,7,30,63,167,1970-01-21 07:03:41.268,1970-01-21 07:04:27.828,Hè,,,
Huế,Bắc Trung Bộ,2025-07-26,26.580000000000002,30.28,24.52,31.360000000000003,35.96,28.139999999999997,16.18,16.18,0.0,12.6,84.8,16.6,38.519999999999996,15.302000000000001,1002.8,95.2,23.66,0.0,3.342,16.4637,107.5909,6.726000000000001,12.919999999999998,7,30,63,180,1970-01-21 07:05:07.692,1970-01-21 07:05:54.192,Hè,,,
Huế,Bắc Trung Bộ,2025-07-27,26.82,29.72,24.54,31.72,35.44,28.52,4.359999999999999,4.359999999999999,0.0,6.4,84.4,14.720000000000002,32.46,13.636000000000001,1002.3,94.6,23.84,0.0,3.052,16.4637,107.5909,6.56,12.91,7,30,61,181,1970-01-21 07:06:34.116,1970-01-21 07:07:20.580,Hè,,,
Huế,Bắc Trung Bộ,2025-07-28,26.860000000000003,30.119999999999997,24.9,32.14,35.92,28.98,3.6399999999999997,3.6399999999999997,0.0,7.2,84.2,12.06,27.080000000000002,13.186000000000002,1001.6200000000001,96.8,23.84,0.0,2.9,16.4637,107.5909,5.918,12.9,7,31,51,159,1970-01-21 07:08:00.528,1970-01-21 07:08:46.968,Hè,,,
Huế,Bắc Trung Bộ,2025-07-29,28.1,32.2,25.06,33.64,38.94,29.54,2.3,2.3,0.0,6.4,80.8,14.64,29.24,17.314,1000.64,94.0,24.32,0.0,3.972,16.4637,107.5909,6.254,12.89,7,31,53,184,1970-01-21 07:09:26.940,1970-01-21 07:10:13.332,Hè,,,
Huế,Bắc Trung Bộ,2025-07-30,28.439999999999998,31.18,26.580000000000002,32.86,35.839999999999996,30.439999999999998,1.2,1.2,0.0,2.4,74.8,19.64,41.46,15.225999999999999,1000.78,98.4,23.380000000000003,0.0,3.772,16.4637,107.5909,6.843999999999999,12.874,7,31,3,174,1970-01-21 07:10:53.364,1970-01-21 07:11:39.720,Hè,,,
Huế,Bắc Trung Bộ,2025-07-31,29.7,33.72,26.48,33.760000000000005,37.94,29.98,0.1,0.1,0.0,0.4,68.0,19.84,40.42,22.062,1001.0200000000001,92.4,22.880000000000003,0.0,5.5,16.4637,107.5909,11.648,12.863999999999999,7,31,3,229,1970-01-21 07:12:19.788,1970-01-21 07:13:06.108,Hè,,,
Huế,Bắc Trung Bộ,2025-08-01,29.72,33.88,26.18,34.68,40.620000000000005,30.080000000000002,0.0,0.0,0.0,0.0,69.6,13.6,29.02,23.259999999999998,1001.28,96.8,23.259999999999998,0.0,5.444,16.4637,107.5909,12.0,12.854,8,31,3,143,1970-01-21 07:13:46.188,1970-01-21 07:14:32.460,Hè,,,
Huế,Bắc Trung Bộ,2025-08-02,29.8,34.56,26.419999999999998,34.839999999999996,41.239999999999995,30.2,0.62,0.62,0.0,3.0,70.8,15.24,33.92,24.644,1003.3799999999999,92.8,23.56,0.0,5.768,16.4637,107.5909,12.012,12.84,8,31,51,186,1970-01-21 07:15:12.600,1970-01-21 07:15:58.848,Hè,,,
Huế,Bắc Trung Bộ,2025-08-03,30.080000000000002,34.72,25.939999999999998,34.56,40.4,30.18,0.0,0.0,0.0,0.0,67.2,16.580000000000002,33.92,23.436,1004.3799999999999,97.2,22.9,0.0,5.784000000000001,16.4637,107.5909,11.744,12.830000000000002,8,31,3,202,1970-01-21 07:16:39.036,1970-01-21 07:17:25.200,Hè,,,
Huế,Bắc Trung Bộ,2025-08-04,30.2,35.1,26.0,34.739999999999995,41.08,29.560000000000002,0.0,0.0,0.0,0.0,65.4,14.5,31.8,25.836000000000002,1004.24,85.8,22.52,0.0,6.18,16.4637,107.5909,12.001999999999999,12.819999999999999,8,32,3,140,1970-01-21 07:18:05.448,1970-01-21 07:18:51.588,Hè,,,
Huế,Bắc Trung Bộ,2025-08-05,30.080000000000002,35.32,25.860000000000003,34.660000000000004,41.44,29.320000000000004,0.27999999999999997,0.27999999999999997,0.0,1.8,67.6,15.34,31.52,24.832,1004.5200000000001,94.0,22.919999999999998,0.0,5.928,16.4637,107.5909,12.0,12.809999999999999,8,32,51,152,1970-01-21 07:19:31.848,1970-01-21 07:20:17.952,Hè,,,
Huế,Bắc Trung Bộ,2025-08-06,29.5,34.06,26.04,34.239999999999995,40.559999999999995,29.580000000000002,0.58,0.58,0.0,2.0,71.4,16.619999999999997,32.760000000000005,21.704,1005.8799999999999,100.0,23.44,0.0,5.164,16.4637,107.5909,11.488,12.794,8,32,3,134,1970-01-21 07:20:58.260,1970-01-21 07:21:44.340,Hè,,,
Huế,Bắc Trung Bộ,2025-08-07,28.419999999999998,33.62,25.240000000000002,33.54,39.36,29.560000000000002,2.8400000000000003,2.8400000000000003,0.0,1.6,77.0,15.579999999999998,32.92,24.086000000000002,1007.8,72.6,23.66,0.0,5.192,16.4637,107.5909,11.92,12.78,8,32,61,136,1970-01-21 07:22:24.696,1970-01-21 07:23:10.716,Hè,,,
Huế,Bắc Trung Bộ,2025-08-08,28.28,33.14,24.2,33.04,38.480000000000004,28.24,0.24,0.24,0.0,0.8,74.8,14.62,31.6,24.938,1008.4200000000001,20.6,22.94,0.0,5.3759999999999994,16.4637,107.5909,12.001999999999999,12.77,8,32,3,101,1970-01-21 07:23:51.108,1970-01-21 07:24:37.080,Hè,,,
Huế,Bắc Trung Bộ,2025-08-09,28.76,33.64,25.419999999999998,33.5,39.34,29.619999999999997,0.86,0.86,0.0,1.6,73.2,15.959999999999999,35.56,22.644,1007.36,84.4,23.16,0.0,5.106,16.4637,107.5909,10.738,12.76,8,32,3,141,1970-01-21 07:25:17.508,1970-01-21 07:26:03.456,Hè,,,
Huế,Bắc Trung Bộ,2025-08-10,28.3,33.56,25.240000000000002,33.0,39.62,29.119999999999997,9.64,9.64,0.0,5.8,75.6,16.18,34.42,23.812,1006.0600000000001,42.4,23.18,0.0,5.216,16.4637,107.5909,11.978,12.746,8,32,63,161,1970-01-21 07:26:43.920,1970-01-21 07:27:29.820,Hè,,,
Huế,Bắc Trung Bộ,2025-08-11,27.7,32.22,24.36,32.62,38.019999999999996,28.359999999999996,2.7600000000000002,2.7600000000000002,0.0,4.8,77.4,13.419999999999998,30.82,24.419999999999998,1005.4799999999999,48.6,23.119999999999997,0.0,5.208,16.4637,107.5909,12.0,12.73,8,33,61,97,1970-01-21 07:28:10.356,1970-01-21 07:28:56.172,Hè,,,
Huế,Bắc Trung Bộ,2025-08-12,27.880000000000003,32.38,24.56,33.22,39.3,28.26,6.659999999999999,6.659999999999999,0.0,5.4,80.0,15.16,33.760000000000005,23.636000000000003,1005.9799999999999,50.8,23.86,0.0,5.082,16.4637,107.5909,11.8,12.72,8,33,63,148,1970-01-21 07:29:36.768,1970-01-21 07:30:22.548,Hè,,,
Huế,Bắc Trung Bộ,2025-08-13,27.68,33.4,24.18,32.6,39.58,27.68,24.18,24.18,0.0,9.6,79.8,16.919999999999998,33.980000000000004,23.416,1006.82,81.4,23.48,0.0,5.128,16.4637,107.5909,11.612,12.71,8,33,65,184,1970-01-21 07:31:03.168,1970-01-21 07:31:48.900,Hè,,,
Huế,Bắc Trung Bộ,2025-08-14,27.880000000000003,33.42,24.16,32.620000000000005,39.379999999999995,28.2,3.6399999999999997,3.6399999999999997,0.0,1.8,77.2,14.6,31.4,23.934,1005.24,83.4,23.14,0.0,5.24,16.4637,107.5909,11.894,12.693999999999999,8,33,63,183,1970-01-21 07:32:29.580,1970-01-21 07:33:15.288,Hè,,,
Huế,Bắc Trung Bộ,2025-08-15,27.04,31.439999999999998,24.3,31.660000000000004,36.86,27.78,5.7,5.7,0.0,5.0,79.0,16.2,34.7,20.662,1004.76,98.8,22.9,0.0,4.3740000000000006,16.4637,107.5909,11.714,12.68,8,33,63,98,1970-01-21 07:33:55.980,1970-01-21 07:34:41.640,Hè,,,
Huế,Bắc Trung Bộ,2025-08-16,25.860000000000003,29.880000000000003,23.54,30.639999999999997,35.940000000000005,27.18,19.860000000000003,19.860000000000003,0.0,14.0,85.4,13.86,31.160000000000004,20.852,1005.54,89.2,23.06,0.0,4.18,16.4637,107.5909,10.443999999999999,12.67,8,33,65,336,1970-01-21 07:35:22.416,1970-01-21 07:36:08.028,Hè,,,
Huế,Bắc Trung Bộ,2025-08-17,24.919999999999998,27.1,23.68,28.939999999999998,31.46,27.0,36.58,36.58,0.0,18.0,90.8,16.48,33.62,7.386,1005.54,100.0,23.259999999999998,0.0,1.8359999999999999,16.4637,107.5909,0.908,12.654,8,33,63,240,1970-01-21 07:36:48.828,1970-01-21 07:37:34.380,Hè,,,
Huế,Bắc Trung Bộ,2025-08-18,26.439999999999998,29.68,23.66,30.860000000000003,34.839999999999996,27.1,0.9800000000000001,0.9800000000000001,0.0,4.8,82.2,14.14,30.839999999999996,17.29,1006.4799999999999,100.0,22.94,0.0,3.7800000000000002,16.4637,107.5909,7.912000000000001,12.64,8,34,51,144,1970-01-21 07:38:15.228,1970-01-21 07:39:00.720,Hè,,,
Huế,Bắc Trung Bộ,2025-08-19,27.28,31.7,23.919999999999998,32.4,38.04,28.139999999999997,1.5,1.5,0.0,1.4,81.0,13.84,29.939999999999998,22.630000000000003,1007.9399999999999,92.8,23.48,0.0,4.776,16.4637,107.5909,11.956,12.63,8,34,3,124,1970-01-21 07:39:41.640,1970-01-21 07:40:27.108,Hè,,,
Huế,Bắc Trung Bộ,2025-08-20,27.32,31.24,24.2,32.760000000000005,38.0,28.54,1.9599999999999997,1.9599999999999997,0.0,4.0,82.0,12.36,27.0,23.372,1008.4,95.6,23.84,0.0,4.840000000000001,16.4637,107.5909,11.904,12.613999999999999,8,34,3,127,1970-01-21 07:41:08.040,1970-01-21 07:41:53.460,Hè,,,
Huế,Bắc Trung Bộ,2025-08-21,28.02,32.28,24.419999999999998,32.1,37.660000000000004,28.119999999999997,0.6599999999999999,0.6599999999999999,0.0,1.2,74.4,20.96,40.04,25.192,1008.8399999999999,97.6,22.82,0.0,5.59,16.4637,107.5909,12.0,12.6,8,34,3,106,1970-01-21 07:42:34.464,1970-01-21 07:43:19.800,Hè,,,
Huế,Bắc Trung Bộ,2025-08-22,26.8,30.2,24.14,31.52,36.1,28.140000000000004,5.959999999999999,5.959999999999999,0.0,5.8,80.6,13.440000000000001,29.220000000000006,22.302,1008.54,91.2,23.0,0.0,4.71,16.4637,107.5909,11.692,12.584,8,34,51,126,1970-01-21 07:44:00.888,1970-01-21 07:44:46.188,Hè,,,
Huế,Bắc Trung Bộ,2025-08-23,26.76,30.560000000000002,24.2,31.82,37.02,28.3,3.6799999999999997,3.6799999999999997,0.0,7.0,83.0,13.74,29.74,22.096,1007.5200000000001,88.8,23.42,0.0,4.546,16.4637,107.5909,11.61,12.57,8,34,63,221,1970-01-21 07:45:27.288,1970-01-21 07:46:12.540,Hè,,,
Huế,Bắc Trung Bộ,2025-08-24,25.14,27.98,23.6,28.080000000000002,31.839999999999996,25.4,17.4,17.4,0.0,14.8,88.4,26.68,54.64,10.001999999999999,1003.9799999999999,100.0,23.02,0.0,2.398,16.4637,107.5909,1.8939999999999997,12.558000000000002,8,34,63,274,1970-01-21 07:46:53.688,1970-01-21 07:47:38.880,Hè,,,
Huế,Bắc Trung Bộ,2025-08-25,25.839999999999996,28.860000000000003,23.740000000000002,29.360000000000003,33.68,26.1,14.579999999999998,14.579999999999998,0.0,14.0,85.8,21.34,43.56,7.204000000000001,1001.1,100.0,23.24,0.0,2.136,16.4637,107.5909,0.876,12.541999999999998,8,35,63,151,1970-01-21 07:48:20.100,1970-01-21 07:49:05.268,Hè,,,
Huế,Bắc Trung Bộ,2025-08-26,26.619999999999997,30.139999999999997,24.04,31.78,36.3,28.04,27.78,27.78,0.0,7.8,84.6,13.84,29.82,18.086,1006.26,100.0,23.72,0.0,3.87,16.4637,107.5909,9.292,12.53,8,35,65,101,1970-01-21 07:49:46.500,1970-01-21 07:50:31.620,Hè,,,
Huế,Bắc Trung Bộ,2025-08-27,25.56,28.46,24.1,30.560000000000002,33.7,28.139999999999997,29.840000000000003,29.840000000000003,0.0,18.2,89.0,12.32,26.48,12.092,1007.9200000000001,100.0,23.5,0.0,2.616,16.4637,107.5909,3.45,12.514,8,35,63,181,1970-01-21 07:51:12.900,1970-01-21 07:51:57.960,Hè,,,
Huế,Bắc Trung Bộ,2025-08-28,25.9,29.619999999999997,23.36,30.78,35.94,27.639999999999997,4.92,4.92,0.0,8.6,86.0,12.26,25.639999999999997,21.142,1006.8799999999999,81.0,23.22,0.0,4.276,16.4637,107.5909,11.414,12.5,8,35,61,230,1970-01-21 07:52:39.336,1970-01-21 07:53:24.300,Hè,,,
Huế,Bắc Trung Bộ,2025-08-29,24.8,26.98,23.28,28.339999999999996,30.54,26.28,24.96,24.96,0.0,17.0,90.2,20.14,39.22,9.572,1006.14,98.8,22.98,0.0,2.142,16.4637,107.5909,1.458,12.484,8,35,63,287,1970-01-21 07:54:05.748,1970-01-21 07:54:50.688,Hè,,,
Huế,Bắc Trung Bộ,2025-08-30,25.7,29.68,23.72,30.2,35.82,26.04,70.82000000000001,70.82000000000001,0.0,18.2,89.8,23.0,41.260000000000005,15.184000000000001,1003.32,99.2,23.8,0.0,3.1719999999999997,16.4637,107.5909,7.76,12.47,8,35,65,235,1970-01-21 07:55:32.148,1970-01-21 07:56:17.040,Hè,,,
Huế,Bắc Trung Bộ,2025-08-31,25.82,29.18,23.3,30.839999999999996,35.32,27.7,7.9799999999999995,7.9799999999999995,0.0,12.0,86.8,12.919999999999998,27.22,20.212,1006.4799999999999,86.4,23.32,0.0,4.036,16.4637,107.5909,10.873999999999999,12.458000000000002,8,35,55,343,1970-01-21 07:56:58.548,1970-01-21 07:57:43.380,Hè,,,
Huế,Bắc Trung Bộ,2025-09-01,25.4,28.119999999999997,23.66,30.380000000000003,33.38,28.22,7.9799999999999995,7.9799999999999995,0.0,14.8,88.8,11.959999999999999,27.380000000000003,17.732,1006.4799999999999,85.6,23.32,0.0,3.468,16.4637,107.5909,9.992,12.441999999999998,9,36,63,49,1970-01-21 07:58:24.960,1970-01-21 07:59:09.732,Thu,,,
Huế,Bắc Trung Bộ,2025-09-02,25.68,28.880000000000003,23.72,30.860000000000003,34.54,28.18,7.8,7.8,0.0,9.6,88.0,13.38,29.76,19.762,1006.9200000000001,85.0,23.44,0.0,3.8599999999999994,16.4637,107.5909,10.378,12.428,9,36,63,14,1970-01-21 07:59:51.360,1970-01-21 08:00:36.108,Thu,,,
Huế,Bắc Trung Bộ,2025-09-03,26.4,30.080000000000002,23.5,31.48,35.98,27.82,1.52,1.52,0.0,4.8,85.2,14.14,31.68,22.762,1007.18,48.6,23.580000000000002,0.0,4.54,16.4637,107.5909,11.962,12.412,9,36,51,96,1970-01-21 08:01:17.760,1970-01-21 08:02:02.460,Thu,,,
Huế,Bắc Trung Bộ,2025-09-04,26.419999999999998,29.8,24.1,31.8,36.339999999999996,28.839999999999996,3.6,3.6,0.0,5.8,85.8,12.280000000000001,27.580000000000002,22.881999999999998,1007.22,68.4,23.759999999999998,0.0,4.496,16.4637,107.5909,11.297999999999998,12.398,9,36,51,83,1970-01-21 08:02:44.160,1970-01-21 08:03:28.800,Thu,,,
Huế,Bắc Trung Bộ,2025-09-05,26.639999999999997,30.439999999999998,24.1,32.160000000000004,37.3,28.68,2.56,2.56,0.0,5.0,84.8,12.06,27.419999999999998,21.924,1007.28,74.0,23.72,0.0,4.412,16.4637,107.5909,11.362,12.382000000000001,9,36,51,56,1970-01-21 08:04:10.596,1970-01-21 08:04:55.152,Thu,,,
Huế,Bắc Trung Bộ,2025-09-06,26.360000000000003,30.02,23.979999999999997,31.78,36.4,28.18,9.42,9.42,0.0,10.2,86.8,12.819999999999999,29.52,20.714,1007.6,99.0,23.9,0.0,4.098000000000001,16.4637,107.5909,9.91,12.367999999999999,9,36,63,26,1970-01-21 08:05:37.008,1970-01-21 08:06:21.528,Thu,,,
Huế,Bắc Trung Bộ,2025-09-07,26.419999999999998,30.880000000000003,23.9,31.82,37.46,28.619999999999997,9.42,9.42,0.0,7.0,85.6,12.3,27.339999999999996,21.65,1006.6200000000001,100.0,23.64,0.0,4.38,16.4637,107.5909,10.284,12.352,9,36,63,205,1970-01-21 08:07:03.408,1970-01-21 08:07:47.880,Thu,,,
Huế,Bắc Trung Bộ,2025-09-08,27.339999999999996,31.860000000000003,23.72,32.18,38.72,27.46,3.7,3.7,0.0,5.8,80.2,14.919999999999998,30.080000000000002,21.716,1006.72,93.2,23.34,0.0,4.666,16.4637,107.5909,10.738,12.338,9,37,63,159,1970-01-21 08:08:29.820,1970-01-21 08:09:14.220,Thu,,,
Huế,Bắc Trung Bộ,2025-09-09,27.48,30.880000000000003,24.82,32.36,36.4,29.2,3.54,3.54,0.0,5.0,79.6,12.02,25.419999999999998,15.947999999999999,1008.5200000000001,99.8,23.46,0.0,3.6,16.4637,107.5909,8.187999999999999,12.322,9,37,51,145,1970-01-21 08:09:56.220,1970-01-21 08:10:40.560,Thu,,,
Huế,Bắc Trung Bộ,2025-09-10,27.2,31.02,24.580000000000002,32.4,37.34,29.24,4.82,4.82,0.0,4.2,82.0,12.1,26.839999999999996,20.434,1009.54,98.4,23.66,0.0,4.326,16.4637,107.5909,11.468,12.308000000000002,9,37,51,92,1970-01-21 08:11:22.620,1970-01-21 08:12:06.924,Thu,,,
Huế,Bắc Trung Bộ,2025-09-11,27.2,31.560000000000002,23.96,31.78,37.14,27.78,2.88,2.88,0.0,2.4,79.0,16.9,34.5,23.625999999999998,1009.3399999999999,61.8,23.0,0.0,4.968,16.4637,107.5909,11.86,12.291999999999998,9,37,51,106,1970-01-21 08:12:49.020,1970-01-21 08:13:33.300,Thu,,,
Huế,Bắc Trung Bộ,2025-09-12,27.080000000000002,30.939999999999998,23.880000000000003,31.22,35.839999999999996,27.82,0.64,0.64,0.0,1.2,77.8,18.52,37.160000000000004,24.512,1009.6199999999999,27.8,22.6,0.0,5.186,16.4637,107.5909,11.842,12.278,9,37,3,88,1970-01-21 08:14:15.420,1970-01-21 08:14:59.640,Thu,,,
Huế,Bắc Trung Bộ,2025-09-13,26.32,30.04,23.380000000000003,30.880000000000003,35.22,27.1,2.8200000000000003,2.8200000000000003,0.0,4.4,80.8,12.7,29.24,21.736,1010.1,55.8,22.54,0.0,4.454,16.4637,107.5909,11.03,12.26,9,37,51,114,1970-01-21 08:15:41.820,1970-01-21 08:16:25.980,Thu,,,
Huế,Bắc Trung Bộ,2025-09-14,26.4,30.1,23.96,31.22,35.64,28.3,3.5200000000000005,3.5200000000000005,0.0,8.6,83.0,13.540000000000001,28.160000000000004,18.928,1010.4,99.8,23.04,0.0,3.992,16.4637,107.5909,9.658,12.248000000000001,9,37,55,104,1970-01-21 08:17:08.232,1970-01-21 08:17:52.320,Thu,,,
Huế,Bắc Trung Bộ,2025-09-15,25.919999999999998,30.060000000000002,23.419999999999998,31.04,36.44,27.96,9.86,9.86,0.0,8.6,86.4,12.440000000000001,29.96,18.886000000000003,1010.5200000000001,73.0,23.28,0.0,3.816,16.4637,107.5909,9.203999999999999,12.23,9,38,65,133,1970-01-21 08:18:34.644,1970-01-21 08:19:18.660,Thu,,,
Huế,Bắc Trung Bộ,2025-09-16,26.580000000000002,30.46,23.44,31.139999999999997,35.44,27.52,4.42,4.42,0.0,7.4,79.8,15.26,33.2,23.206,1009.76,59.6,22.56,0.0,4.832,16.4637,107.5909,11.58,12.218,9,38,55,4,1970-01-21 08:20:01.068,1970-01-21 08:20:45.036,Thu,,,
Huế,Bắc Trung Bộ,2025-09-17,25.18,27.8,23.4,29.78,32.12,27.72,7.42,7.42,0.0,15.6,86.6,9.98,24.98,12.95,1008.4200000000001,95.2,22.66,0.0,2.692,16.4637,107.5909,5.864,12.2,9,38,53,1,1970-01-21 08:21:27.468,1970-01-21 08:22:11.400,Thu,,,
Huế,Bắc Trung Bộ,2025-09-18,25.04,27.78,23.54,29.860000000000003,32.480000000000004,27.98,21.979999999999997,21.979999999999997,0.0,20.0,89.6,12.16,27.98,13.913999999999998,1007.68,95.4,23.18,0.0,2.7800000000000002,16.4637,107.5909,6.276,12.184000000000001,9,38,63,48,1970-01-21 08:22:53.880,1970-01-21 08:23:37.740,Thu,,,
Huế,Bắc Trung Bộ,2025-09-19,25.4,28.26,23.419999999999998,30.580000000000002,33.96,27.6,9.7,9.7,0.0,12.4,90.4,9.24,22.1,15.324000000000002,1008.2,92.2,23.619999999999997,0.0,3.03,16.4637,107.5909,7.728,12.17,9,38,63,127,1970-01-21 08:24:20.280,1970-01-21 08:25:04.080,Thu,,,
Huế,Bắc Trung Bộ,2025-09-20,26.24,29.860000000000003,23.66,31.839999999999996,36.54,28.24,9.0,9.0,0.0,7.0,88.2,11.58,28.880000000000003,18.702,1007.6,89.2,24.02,0.0,3.7,16.4637,107.5909,10.866,12.152000000000001,9,38,65,191,1970-01-21 08:25:46.680,1970-01-21 08:26:30.420,Thu,,,
Huế,Bắc Trung Bộ,2025-09-21,26.360000000000003,30.919999999999998,23.84,31.7,37.46,28.060000000000002,11.0,11.0,0.0,5.6,86.4,12.48,28.940000000000005,20.584,1006.5200000000001,98.8,23.78,0.0,4.151999999999999,16.4637,107.5909,11.01,12.14,9,38,63,176,1970-01-21 08:27:13.080,1970-01-21 08:27:56.772,Thu,,,
Huế,Bắc Trung Bộ,2025-09-22,26.0,30.2,23.32,31.18,36.019999999999996,27.339999999999996,11.76,11.76,0.0,9.2,87.0,13.74,30.02,20.578,1006.86,86.6,23.54,0.0,4.11,16.4637,107.5909,10.982,12.12,9,39,63,221,1970-01-21 08:28:39.480,1970-01-21 08:29:23.148,Thu,,,
Huế,Bắc Trung Bộ,2025-09-23,26.1,29.96,23.419999999999998,30.580000000000002,34.36,26.98,3.9799999999999995,3.9799999999999995,0.0,9.4,86.2,17.419999999999998,36.7,17.878,1005.4,97.8,23.52,0.0,3.678,16.4637,107.5909,9.34,12.11,9,39,63,271,1970-01-21 08:30:05.880,1970-01-21 08:30:49.500,Thu,,,
Huế,Bắc Trung Bộ,2025-09-24,26.46,30.580000000000002,23.96,30.340000000000003,34.8,27.339999999999996,3.4,3.4,0.0,7.0,83.8,20.68,42.519999999999996,15.725999999999999,1002.8799999999999,100.0,23.28,0.0,3.592,16.4637,107.5909,7.768000000000001,12.09,9,39,51,284,1970-01-21 08:31:32.292,1970-01-21 08:32:15.840,Thu,,,
Huế,Bắc Trung Bộ,2025-09-25,26.48,29.860000000000003,24.240000000000002,30.9,34.82,27.860000000000003,6.6,6.6,0.0,7.4,83.8,18.580000000000002,37.519999999999996,14.6,1003.9399999999999,98.6,23.34,0.0,3.2380000000000004,16.4637,107.5909,8.064,12.08,9,39,61,192,1970-01-21 08:32:58.716,1970-01-21 08:33:42.180,Thu,,,
Huế,Bắc Trung Bộ,2025-09-26,25.34,28.26,23.78,30.18,33.5,27.919999999999998,18.2,18.2,0.0,18.6,89.8,13.440000000000001,28.72,13.501999999999999,1008.5799999999999,100.0,23.48,0.0,2.776,16.4637,107.5909,7.352000000000001,12.06,9,39,63,87,1970-01-21 08:34:25.140,1970-01-21 08:35:08.544,Thu,,,
Huế,Bắc Trung Bộ,2025-09-27,24.18,25.880000000000003,22.98,28.139999999999997,30.439999999999998,26.119999999999997,57.86,57.86,0.0,23.4,94.4,21.479999999999997,43.17999999999999,6.183999999999999,1008.54,100.0,23.14,0.0,1.3820000000000001,16.4637,107.5909,0.29200000000000004,12.05,9,39,65,32,1970-01-21 08:35:51.540,1970-01-21 08:36:34.908,Thu,,,
Huế,Bắc Trung Bộ,2025-09-28,24.22,25.06,23.34,25.74,27.919999999999998,23.68,97.34,97.34,0.0,24.0,92.4,43.1,78.78,2.9259999999999997,998.96,100.0,22.880000000000003,0.0,1.176,16.4637,107.5909,0.0,12.03,9,39,65,251,1970-01-21 08:37:17.940,1970-01-21 08:38:01.260,Thu,,,
Huế,Bắc Trung Bộ,2025-09-29,26.360000000000003,29.76,24.2,30.119999999999997,34.260000000000005,26.98,14.66,14.66,0.0,11.6,84.8,20.32,44.86,10.36,1004.82,100.0,23.48,0.0,2.72,16.4637,107.5909,2.7039999999999997,12.02,9,40,63,107,1970-01-21 08:38:44.340,1970-01-21 08:39:27.600,Thu,,,
Huế,Bắc Trung Bộ,2025-09-30,26.54,30.419999999999998,24.22,31.5,36.7,28.160000000000004,10.2,10.2,0.0,4.6,84.2,17.080000000000002,33.260000000000005,20.22,1009.74,91.0,23.56,0.0,4.098,16.4637,107.5909,10.874,12.0,9,40,63,119,1970-01-21 08:40:10.740,1970-01-21 08:40:53.940,Thu,,,
Huế,Bắc Trung Bộ,2025-10-01,26.160000000000004,30.2,22.7,30.76,35.96,26.5,0.5,0.5,0.0,2.4,83.4,17.84,34.58,22.612000000000002,1010.9799999999999,71.2,22.94,0.0,4.606,16.4637,107.5909,11.202,11.988,10,40,51,90,1970-01-21 08:41:37.140,1970-01-21 08:42:20.328,Thu,,,
Huế,Bắc Trung Bộ,2025-10-02,26.26,29.9,23.36,30.660000000000004,35.160000000000004,27.48,0.08,0.08,0.0,0.6,79.0,13.3,28.580000000000002,22.642,1011.64,15.6,22.16,0.0,4.688000000000001,16.4637,107.5909,11.18,11.97,10,40,2,78,1970-01-21 08:43:03.552,1970-01-21 08:43:46.668,Thu,,,
Huế,Bắc Trung Bộ,2025-10-03,26.380000000000003,29.860000000000003,23.7,31.0,35.2,27.939999999999998,1.0,1.0,0.0,4.6,81.2,12.98,29.160000000000004,21.256,1011.3399999999999,39.0,22.72,0.0,4.356,16.4637,107.5909,10.83,11.958000000000002,10,40,51,84,1970-01-21 08:44:29.976,1970-01-21 08:45:13.020,Thu,,,
Huế,Bắc Trung Bộ,2025-10-04,26.160000000000004,29.98,23.759999999999998,31.04,36.26,27.619999999999997,3.2399999999999998,3.2399999999999998,0.0,4.4,84.4,13.2,30.9,20.548000000000002,1010.8399999999999,83.6,23.080000000000002,0.0,4.174,16.4637,107.5909,10.9,11.94,10,40,61,213,1970-01-21 08:45:56.400,1970-01-21 08:46:39.360,Thu,,,
Huế,Bắc Trung Bộ,2025-10-05,27.439999999999998,32.9,22.919999999999998,31.139999999999997,37.160000000000004,25.9,0.0,0.0,0.0,0.0,76.0,18.74,36.5,17.259999999999998,1007.72,95.8,22.4,0.0,4.224,16.4637,107.5909,8.344,11.928,10,40,3,215,1970-01-21 08:47:22.800,1970-01-21 08:48:05.712,Thu,,,
Huế,Bắc Trung Bộ,2025-10-06,27.880000000000003,32.480000000000004,24.98,31.9,37.68,28.139999999999997,0.32,0.32,0.0,1.4,71.8,15.080000000000002,30.52,19.054,1008.1600000000001,100.0,22.04,0.0,4.4399999999999995,16.4637,107.5909,8.838,11.91,10,41,3,136,1970-01-21 08:48:49.200,1970-01-21 08:49:32.088,Thu,,,
Huế,Bắc Trung Bộ,2025-10-07,26.76,30.82,23.82,31.160000000000004,36.239999999999995,27.32,1.58,1.58,0.0,3.4,80.4,15.88,33.339999999999996,20.974,1011.1200000000001,86.6,22.9,0.0,4.42,16.4637,107.5909,10.952,11.896,10,41,51,100,1970-01-21 08:50:15.600,1970-01-21 08:50:58.440,Thu,,,
Huế,Bắc Trung Bộ,2025-10-08,26.26,29.060000000000002,23.98,30.22,33.9,27.7,0.8800000000000001,0.8800000000000001,0.0,4.0,80.0,16.6,34.42,21.894,1011.9,72.6,22.36,0.0,4.586,16.4637,107.5909,11.086,11.88,10,41,51,88,1970-01-21 08:51:42.000,1970-01-21 08:52:24.780,Thu,,,
Huế,Bắc Trung Bộ,2025-10-09,24.6,27.3,22.94,28.98,32.38,26.939999999999998,13.66,13.66,0.0,15.2,88.0,13.16,30.68,15.66,1011.8,92.4,22.380000000000003,0.0,3.08,16.4637,107.5909,9.118,11.866,10,41,63,36,1970-01-21 08:53:08.436,1970-01-21 08:53:51.132,Thu,,,
Huế,Bắc Trung Bộ,2025-10-10,24.419999999999998,27.4,23.16,28.8,32.3,26.98,15.34,15.34,0.0,20.4,89.8,14.819999999999999,31.96,14.185999999999998,1011.18,94.8,22.6,0.0,2.832,16.4637,107.5909,6.470000000000001,11.85,10,41,63,11,1970-01-21 08:54:34.860,1970-01-21 08:55:17.508,Thu,,,
Huế,Bắc Trung Bộ,2025-10-11,24.98,28.639999999999997,23.08,29.660000000000004,34.12,27.22,8.48,8.48,0.0,13.8,88.4,11.440000000000001,25.9,16.828,1010.26,85.4,22.8,0.0,3.2920000000000003,16.4637,107.5909,9.912,11.836,10,41,61,16,1970-01-21 08:56:01.260,1970-01-21 08:56:43.860,Thu,,,
Huế,Bắc Trung Bộ,2025-10-12,24.68,27.360000000000003,23.38,29.560000000000002,32.6,27.68,7.340000000000001,7.340000000000001,0.0,14.4,90.6,9.959999999999999,22.46,13.229999999999999,1010.26,96.2,22.96,0.0,2.6399999999999997,16.4637,107.5909,6.188,11.82,10,41,63,81,1970-01-21 08:57:27.660,1970-01-21 08:58:10.200,Thu,,,
Huế,Bắc Trung Bộ,2025-10-13,24.96,28.439999999999998,23.2,29.880000000000003,33.620000000000005,27.48,8.040000000000001,8.040000000000001,0.0,10.6,89.2,9.3,25.919999999999998,15.241999999999999,1010.3,96.4,22.98,0.0,2.996,16.4637,107.5909,8.734,11.806000000000001,10,42,63,96,1970-01-21 08:58:54.060,1970-01-21 08:59:36.588,Thu,,,
Huế,Bắc Trung Bộ,2025-10-14,25.28,29.1,23.3,30.1,34.519999999999996,27.580000000000002,8.120000000000001,8.120000000000001,0.0,7.8,88.2,13.9,29.560000000000002,17.654000000000003,1010.3399999999999,96.4,23.06,0.0,3.5140000000000002,16.4637,107.5909,9.168000000000001,11.791999999999998,10,42,63,109,1970-01-21 09:00:20.496,1970-01-21 09:01:02.940,Thu,,,
Huế,Bắc Trung Bộ,2025-10-15,25.580000000000002,29.26,23.16,30.060000000000002,33.66,27.0,5.8,5.8,0.0,9.2,86.6,16.9,36.0,18.490000000000002,1010.82,57.2,23.02,0.0,3.6799999999999997,16.4637,107.5909,10.756,11.778,10,42,53,98,1970-01-21 09:01:46.920,1970-01-21 09:02:29.280,Thu,,,
Huế,Bắc Trung Bộ,2025-10-16,24.3,25.82,22.979999999999997,28.52,30.02,26.78,13.26,13.26,0.0,17.0,91.6,13.059999999999999,29.360000000000003,9.108,1012.0600000000001,96.6,22.759999999999998,0.0,1.922,16.4637,107.5909,2.792,11.762,10,42,63,95,1970-01-21 09:03:13.320,1970-01-21 09:03:55.668,Thu,,,
Huế,Bắc Trung Bộ,2025-10-17,24.4,26.560000000000002,23.119999999999997,28.619999999999997,30.839999999999996,26.54,17.46,17.46,0.0,23.0,92.6,16.72,37.8,12.184000000000001,1012.3399999999999,98.2,23.02,0.0,2.418,16.4637,107.5909,6.306,11.748000000000001,10,42,63,8,1970-01-21 09:04:39.720,1970-01-21 09:05:22.020,Thu,,,
Huế,Bắc Trung Bộ,2025-10-18,23.78,26.26,22.32,28.139999999999997,30.9,25.74,25.56,25.56,0.0,20.2,92.0,11.68,26.98,10.714,1011.72,99.4,22.32,0.0,2.17,16.4637,107.5909,3.8280000000000003,11.732000000000001,10,42,63,85,1970-01-21 09:06:06.132,1970-01-21 09:06:48.372,Thu,,,
Huế,Bắc Trung Bộ,2025-10-19,24.34,27.52,22.28,28.6,32.480000000000004,25.68,20.880000000000003,20.880000000000003,0.0,18.4,88.0,15.540000000000001,36.160000000000004,16.863999999999997,1010.9,90.4,22.16,0.0,3.2840000000000003,16.4637,107.5909,8.803999999999998,11.718,10,42,63,10,1970-01-21 09:07:32.568,1970-01-21 09:08:14.748,Thu,,,
Huế,Bắc Trung Bộ,2025-10-20,25.16,28.32,22.5,28.580000000000002,32.04,25.74,11.26,11.26,0.0,17.8,86.4,23.580000000000002,44.44,18.298,1010.18,66.2,22.6,0.0,3.814,16.4637,107.5909,10.78,11.702,10,43,61,327,1970-01-21 09:08:58.980,1970-01-21 09:09:41.100,Thu,,,
Huế,Bắc Trung Bộ,2025-10-21,24.56,26.72,23.380000000000003,25.9,28.46,24.360000000000003,23.54,23.54,0.0,20.6,86.4,30.939999999999998,60.4,13.924000000000001,1011.1,95.8,21.96,0.0,3.272,16.4637,107.5909,7.694,11.69,10,43,63,1,1970-01-21 09:10:25.380,1970-01-21 09:11:07.488,Thu,,,
Huế,Bắc Trung Bộ,2025-10-22,23.16,24.36,22.240000000000002,23.68,25.18,22.380000000000003,28.1,28.1,0.0,23.2,88.8,33.58,61.92,5.482,1011.9399999999999,100.0,21.080000000000002,0.0,1.932,16.4637,107.5909,0.47800000000000004,11.675999999999998,10,43,63,329,1970-01-21 09:11:51.828,1970-01-21 09:12:33.840,Thu,,,
Huế,Bắc Trung Bộ,2025-10-23,22.56,23.3,22.04,23.740000000000002,25.54,22.32,130.14,130.14,0.0,24.0,92.8,30.7,54.279999999999994,3.8299999999999996,1012.8,98.8,21.3,0.0,1.248,16.4637,107.5909,0.12,11.66,10,43,65,0,1970-01-21 09:13:18.240,1970-01-21 09:14:00.204,Thu,,,
Huế,Bắc Trung Bộ,2025-10-24,23.1,24.2,22.14,25.560000000000002,26.939999999999998,23.919999999999998,51.879999999999995,51.879999999999995,0.0,22.2,91.0,20.62,39.160000000000004,5.8420000000000005,1014.0,98.6,21.48,0.0,1.566,16.4637,107.5909,0.6239999999999999,11.646,10,43,65,9,1970-01-21 09:14:44.640,1970-01-21 09:15:26.568,Thu,,,
Huế,Bắc Trung Bộ,2025-10-25,23.5,24.98,22.44,25.96,27.46,24.8,19.22,19.22,0.0,20.0,88.6,20.0,36.6,8.126000000000001,1013.6200000000001,99.8,21.36,0.0,2.1,16.4637,107.5909,1.5219999999999998,11.63,10,43,63,12,1970-01-21 09:16:11.040,1970-01-21 09:16:52.920,Thu,,,
Huế,Bắc Trung Bộ,2025-10-26,23.380000000000003,24.22,22.759999999999998,25.72,27.060000000000002,24.5,96.82000000000001,96.82000000000001,0.0,23.8,92.8,25.5,48.88,3.3200000000000003,1012.8,100.0,22.04,0.0,1.1480000000000001,16.4637,107.5909,0.0,11.617999999999999,10,43,65,3,1970-01-21 09:17:37.488,1970-01-21 09:18:19.308,Thu,,,
Huế,Bắc Trung Bộ,2025-10-27,23.6,24.1,23.240000000000002,25.259999999999998,26.48,23.96,128.02,128.02,0.0,24.0,93.2,35.22,64.56,3.132,1012.4,100.0,22.36,0.0,1.152,16.4637,107.5909,0.0,11.602,10,44,63,14,1970-01-21 09:19:03.900,1970-01-21 09:19:45.660,Thu,,,
Huế,Bắc Trung Bộ,2025-10-28,23.48,24.0,23.080000000000002,25.26,26.660000000000004,24.1,118.66,118.66,0.0,24.0,93.0,31.72,58.9,3.088,1012.4399999999999,100.0,22.26,0.0,1.142,16.4637,107.5909,0.0,11.59,10,44,65,7,1970-01-21 09:20:30.300,1970-01-21 09:21:12.048,Thu,,,
Huế,Bắc Trung Bộ,2025-10-29,23.6,24.22,22.98,26.0,27.18,24.619999999999997,104.88,104.88,0.0,24.0,94.2,29.919999999999998,56.760000000000005,2.4939999999999998,1011.4799999999999,100.0,22.580000000000002,0.0,0.958,16.4637,107.5909,0.0,11.576,10,44,65,22,1970-01-21 09:21:56.748,1970-01-21 09:22:38.400,Thu,,,
Huế,Bắc Trung Bộ,2025-10-30,24.4,26.060000000000002,23.259999999999998,27.939999999999998,30.139999999999997,26.02,25.3,25.3,0.0,21.2,92.6,20.139999999999997,39.82,8.379999999999999,1011.8,100.0,23.04,0.0,1.8720000000000003,16.4637,107.5909,1.226,11.56,10,44,63,31,1970-01-21 09:23:23.160,1970-01-21 09:24:04.788,Thu,,,
Huế,Bắc Trung Bộ,2025-10-31,24.4,26.660000000000004,22.96,28.5,31.0,26.26,12.4,12.4,0.0,14.2,92.6,16.64,35.22,12.132,1013.3399999999999,98.4,23.06,0.0,2.3600000000000003,16.4637,107.5909,6.272,11.55,10,44,63,54,1970-01-21 09:24:49.560,1970-01-21 09:25:31.140,Thu,,,
Huế,Bắc Trung Bộ,2025-11-01,23.94,26.2,22.68,27.619999999999997,29.74,26.2,14.84,14.84,0.0,21.8,91.0,15.940000000000001,34.94,11.714,1014.3,96.8,22.34,0.0,2.374,16.4637,107.5909,5.4719999999999995,11.535999999999998,11,44,61,13,1970-01-21 09:26:16.008,1970-01-21 09:26:57.528,Thu,,,
Huế,Bắc Trung Bộ,2025-11-02,23.54,24.759999999999998,22.68,26.28,27.580000000000002,25.2,70.32,70.32,0.0,24.0,93.6,25.36,46.5,4.736,1012.9799999999999,100.0,22.419999999999998,0.0,1.248,16.4637,107.5909,0.318,11.52,11,44,65,31,1970-01-21 09:27:42.420,1970-01-21 09:28:23.916,Thu,,,
Huế,Bắc Trung Bộ,2025-11-03,23.9,25.06,22.96,26.380000000000003,29.02,23.5,101.02000000000001,101.02000000000001,0.0,21.2,92.6,38.660000000000004,71.78,4.934,1010.8,100.0,22.619999999999997,0.0,1.3599999999999999,16.4637,107.5909,0.316,11.51,11,45,65,28,1970-01-21 09:29:08.868,1970-01-21 09:29:50.280,Thu,,,
Huế,Bắc Trung Bộ,2025-11-04,21.9,23.740000000000002,20.380000000000003,22.919999999999998,26.880000000000003,20.580000000000002,13.02,13.02,0.0,18.0,90.6,28.4,52.98,6.628,1012.68,99.8,20.2,0.0,1.542,16.4637,107.5909,1.596,11.5,11,45,61,267,1970-01-21 09:30:35.280,1970-01-21 09:31:16.668,Thu,,,
Huế,Bắc Trung Bộ,2025-11-05,21.96,23.44,20.54,24.22,27.0,20.98,12.919999999999998,12.919999999999998,0.0,20.8,92.2,23.580000000000002,41.96,6.05,1011.64,99.0,20.619999999999997,0.0,1.324,16.4637,107.5909,0.5,11.484,11,45,61,282,1970-01-21 09:32:01.680,1970-01-21 09:32:43.032,Thu,,,
Huế,Bắc Trung Bộ,2025-11-06,23.3,25.82,22.12,25.639999999999997,28.580000000000002,23.740000000000002,41.36,41.36,0.0,22.2,91.4,33.82,64.3,8.459999999999999,1009.3,100.0,21.76,0.0,1.934,16.4637,107.5909,2.44,11.47,11,45,65,353,1970-01-21 09:33:28.128,1970-01-21 09:34:09.420,Thu,,,
Huế,Bắc Trung Bộ,2025-11-07,25.78,29.24,23.32,28.4,33.160000000000004,24.380000000000003,15.5,15.5,0.0,13.8,84.2,29.74,64.6,16.778,1006.0600000000001,81.2,22.759999999999998,0.0,3.6399999999999997,16.4637,107.5909,9.99,11.46,11,45,63,76,1970-01-21 09:34:54.540,1970-01-21 09:35:35.808,Thu,,,
Huế,Bắc Trung Bộ,2025-11-08,25.52,29.54,22.259999999999998,29.5,34.480000000000004,25.380000000000003,1.0,1.0,0.0,3.6,83.8,18.44,35.42,18.936,1010.86,53.6,22.4,0.0,3.684,16.4637,107.5909,11.0,11.45,11,45,53,73,1970-01-21 09:36:20.988,1970-01-21 09:37:02.184,Thu,,,
Huế,Bắc Trung Bộ,2025-11-09,25.36,28.160000000000004,23.2,29.839999999999996,32.62,27.52,1.64,1.64,0.0,6.4,88.0,16.119999999999997,33.480000000000004,17.988,1011.2,70.0,23.1,0.0,3.412,16.4637,107.5909,10.924,11.436,11,45,51,81,1970-01-21 09:37:47.400,1970-01-21 09:38:28.560,Thu,,,
Huế,Bắc Trung Bộ,2025-11-10,25.06,27.919999999999998,22.759999999999998,29.54,32.6,26.9,0.6599999999999999,0.6599999999999999,0.0,3.4,86.6,9.88,23.18,16.914,1010.04,93.8,22.520000000000003,0.0,3.3160000000000003,16.4637,107.5909,10.632000000000001,11.42,11,46,51,67,1970-01-21 09:39:13.848,1970-01-21 09:39:54.948,Thu,,,
Huế,Bắc Trung Bộ,2025-11-11,24.880000000000003,27.860000000000003,22.919999999999998,28.82,32.2,26.580000000000002,3.5599999999999996,3.5599999999999996,0.0,10.0,86.8,16.06,32.839999999999996,15.534,1010.6,96.4,22.419999999999998,0.0,3.1439999999999997,16.4637,107.5909,8.904,11.41,11,46,51,339,1970-01-21 09:40:40.260,1970-01-21 09:41:21.348,Thu,,,
Huế,Bắc Trung Bộ,2025-11-12,23.759999999999998,25.56,22.02,26.02,27.660000000000004,24.020000000000003,2.3600000000000003,2.3600000000000003,0.0,8.6,83.8,18.06,35.28,8.632,1013.6200000000001,85.8,20.72,0.0,2.286,16.4637,107.5909,2.288,11.4,11,46,51,329,1970-01-21 09:42:06.696,1970-01-21 09:42:47.724,Thu,,,
Huế,Bắc Trung Bộ,2025-11-13,22.78,25.78,20.66,23.82,26.560000000000002,21.259999999999998,1.2200000000000002,1.2200000000000002,0.0,5.6,76.8,20.32,41.239999999999995,16.166,1016.3799999999999,39.2,18.3,0.0,3.6159999999999997,16.4637,107.5909,10.544,11.39,11,46,51,317,1970-01-21 09:43:33.120,1970-01-21 09:44:14.100,Thu,,,
Huế,Bắc Trung Bộ,2025-11-14,22.380000000000003,25.52,20.02,23.3,26.28,20.759999999999998,2.54,2.54,0.0,6.6,73.4,19.06,38.96,17.224,1016.0799999999999,49.2,17.240000000000002,0.0,3.75,16.4637,107.5909,9.98,11.376000000000001,11,46,51,2,1970-01-21 09:44:59.532,1970-01-21 09:45:40.488,Thu,,,
Huế,Bắc Trung Bộ,2025-11-15,22.04,23.46,20.54,24.619999999999997,26.2,22.32,16.94,16.94,0.0,22.6,89.8,15.0,29.52,6.288,1016.28,98.8,20.22,0.0,1.564,16.4637,107.5909,0.982,11.366,11,46,63,21,1970-01-21 09:46:25.980,1970-01-21 09:47:06.888,Thu,,,
Huế,Bắc Trung Bộ,2025-11-16,23.080000000000002,24.04,22.2,25.639999999999997,27.060000000000002,24.380000000000003,49.980000000000004,49.980000000000004,0.0,24.0,93.8,24.740000000000002,47.4,5.468,1015.5200000000001,99.4,22.02,0.0,1.302,16.4637,107.5909,0.4119999999999999,11.356,11,46,63,29,1970-01-21 09:47:52.392,1970-01-21 09:48:33.288,Thu,,,
Huế,Bắc Trung Bộ,2025-11-17,23.3,24.48,22.580000000000002,25.919999999999998,28.04,24.740000000000002,52.17999999999999,52.17999999999999,0.0,23.6,93.0,22.02,41.82,3.774,1016.0799999999999,99.8,22.06,0.0,1.194,16.4637,107.5909,0.16,11.342,11,47,63,45,1970-01-21 09:49:18.840,1970-01-21 09:49:59.676,Thu,,,
Huế,Bắc Trung Bộ,2025-11-18,23.119999999999997,24.880000000000003,21.580000000000002,24.02,25.639999999999997,22.06,18.479999999999997,18.479999999999997,0.0,20.0,84.6,28.52,52.779999999999994,7.598000000000001,1017.5,98.2,20.26,0.0,2.446,16.4637,107.5909,1.996,11.33,11,47,61,60,1970-01-21 09:50:45.264,1970-01-21 09:51:26.064,Thu,,,
Huế,Bắc Trung Bộ,2025-11-19,19.9,21.580000000000002,18.740000000000002,19.02,21.48,17.56,46.82,46.82,0.0,23.4,88.6,31.139999999999997,55.36,3.5520000000000005,1020.46,100.0,17.86,0.0,1.516,16.4637,107.5909,0.0,11.32,11,47,63,11,1970-01-21 09:52:11.700,1970-01-21 09:52:52.452,Thu,,,
Huế,Bắc Trung Bộ,2025-11-20,19.32,20.580000000000002,18.56,19.28,20.619999999999997,18.06,13.059999999999999,13.059999999999999,0.0,21.4,86.4,22.6,41.739999999999995,4.316,1020.6,100.0,16.9,0.0,1.56,16.4637,107.5909,0.0,11.31,11,47,55,7,1970-01-21 09:53:38.136,1970-01-21 09:54:18.852,Thu,,,
Huế,Bắc Trung Bộ,2025-11-21,20.32,22.1,19.04,20.3,22.04,18.6,6.380000000000001,6.380000000000001,0.0,12.2,78.4,22.5,42.2,6.215999999999999,1020.5,98.2,16.16,0.0,2.168,16.4637,107.5909,0.5640000000000001,11.302000000000001,11,47,53,1,1970-01-21 09:55:04.560,1970-01-21 09:55:45.240,Thu,,,
Huế,Bắc Trung Bộ,2025-11-22,20.98,22.96,19.44,22.419999999999998,24.28,20.3,5.04,5.04,0.0,13.2,82.2,15.6,30.46,6.768000000000001,1018.5200000000001,98.2,17.740000000000002,0.0,1.768,16.4637,107.5909,1.282,11.296000000000001,11,47,61,5,1970-01-21 09:56:31.008,1970-01-21 09:57:11.640,Thu,,,
Huế,Bắc Trung Bộ,2025-11-23,21.18,22.46,20.14,23.36,24.9,21.68,13.3,13.3,0.0,22.4,91.8,15.219999999999999,28.96,4.326,1017.0600000000001,100.0,19.740000000000002,0.0,1.1179999999999999,16.4637,107.5909,0.22999999999999998,11.286,11,47,61,7,1970-01-21 09:57:57.420,1970-01-21 09:58:38.040,Thu,,,
Huế,Bắc Trung Bộ,2025-11-24,21.479999999999997,23.22,20.48,23.8,26.2,22.36,26.639999999999997,26.639999999999997,0.0,22.8,92.8,17.8,33.14,5.43,1016.78,99.4,20.240000000000002,0.0,1.2739999999999998,16.4637,107.5909,0.502,11.276,11,48,63,1,1970-01-21 09:59:23.868,1970-01-21 10:00:04.440,Thu,,,
Huế,Bắc Trung Bộ,2025-11-25,20.939999999999998,22.119999999999997,19.380000000000003,22.02,23.3,20.5,24.5,24.5,0.0,19.0,86.8,22.28,40.68,5.542,1017.5200000000001,99.4,18.5,0.0,1.598,16.4637,107.5909,0.9440000000000002,11.266,11,48,63,2,1970-01-21 10:00:50.280,1970-01-21 10:01:30.840,Thu,,,
Huế,Bắc Trung Bộ,2025-11-26,20.119999999999997,22.839999999999996,18.42,21.36,23.9,19.5,7.08,7.08,0.0,17.2,85.8,17.7,35.22,9.690000000000001,1017.1600000000001,95.6,17.48,0.0,2.166,16.4637,107.5909,4.997999999999999,11.258,11,48,53,17,1970-01-21 10:02:16.728,1970-01-21 10:02:57.252,Thu,,,
Huế,Bắc Trung Bộ,2025-11-27,20.32,22.84,18.18,18.64,20.66,16.880000000000003,2.72,2.72,0.0,8.2,69.0,31.119999999999997,60.9,13.803999999999998,1018.86,99.8,14.12,0.0,3.774,16.4637,107.5909,8.648,11.25,11,48,51,2,1970-01-21 10:03:43.152,1970-01-21 10:04:23.652,Thu,,,
Huế,Bắc Trung Bộ,2025-11-28,20.5,23.14,17.72,19.080000000000002,21.7,15.919999999999998,0.12000000000000002,0.12000000000000002,0.0,0.6,59.0,23.36,45.72,16.654000000000003,1016.54,82.6,11.959999999999999,0.0,4.246,16.4637,107.5909,9.940000000000001,11.242,11,48,3,5,1970-01-21 10:05:09.588,1970-01-21 10:05:50.076,Thu,,,
Huế,Bắc Trung Bộ,2025-11-29,20.54,22.86,18.34,20.8,23.22,17.86,0.13999999999999999,0.13999999999999999,0.0,0.8,72.8,14.780000000000001,30.02,8.478,1014.4200000000001,90.2,15.440000000000001,0.0,2.34,16.4637,107.5909,2.418,11.236,11,48,3,268,1970-01-21 10:06:36.024,1970-01-21 10:07:16.476,Thu,,,
Huế,Bắc Trung Bộ,2025-11-30,21.8,24.580000000000002,19.0,23.44,26.439999999999998,19.66,0.06,0.06,0.0,0.4,81.0,15.040000000000001,30.96,10.495999999999999,1013.0200000000001,94.2,18.32,0.0,2.29,16.4637,107.5909,4.206,11.228,11,48,3,284,1970-01-21 10:08:02.460,1970-01-21 10:08:42.888,Thu,,,
Huế,Bắc Trung Bộ,2025-12-01,22.16,23.44,21.18,24.86,26.339999999999996,23.54,7.58,7.58,0.0,17.0,92.0,18.94,35.339999999999996,5.016,1013.1200000000001,100.0,20.740000000000002,0.0,1.096,16.4637,107.5909,0.41,11.22,12,49,51,286,1970-01-21 10:09:28.908,1970-01-21 10:10:09.288,Đông,,,
Huế,Bắc Trung Bộ,2025-12-02,23.16,25.56,21.16,26.580000000000002,28.860000000000003,24.22,1.7,1.7,0.0,10.8,89.6,11.540000000000001,24.759999999999998,13.844,1013.0200000000001,67.0,21.259999999999998,0.0,2.552,16.4637,107.5909,9.794,11.216,12,49,51,331,1970-01-21 10:10:55.320,1970-01-21 10:11:35.688,Đông,,,
Huế,Bắc Trung Bộ,2025-12-03,22.36,23.16,21.880000000000003,24.6,26.080000000000002,23.580000000000002,38.779999999999994,38.779999999999994,0.0,22.6,94.2,22.56,44.06,5.036,1015.4200000000001,97.8,21.36,0.0,1.15,16.4637,107.5909,0.86,11.206,12,49,63,3,1970-01-21 10:12:21.768,1970-01-21 10:13:02.112,Đông,,,
Huế,Bắc Trung Bộ,2025-12-04,22.54,23.64,21.740000000000002,24.64,25.939999999999998,23.78,24.5,24.5,0.0,22.8,92.2,20.38,38.14,6.296,1016.6200000000001,93.8,21.14,0.0,1.48,16.4637,107.5909,1.866,11.202,12,49,61,45,1970-01-21 10:13:48.204,1970-01-21 10:14:28.536,Đông,,,
Huế,Bắc Trung Bộ,2025-12-05,22.6,25.06,21.02,24.52,26.339999999999996,22.919999999999998,5.66,5.66,0.0,16.4,85.2,19.84,40.62,14.41,1017.9,59.8,19.84,0.0,2.902,16.4637,107.5909,9.778,11.196,12,49,53,72,1970-01-21 10:15:14.640,1970-01-21 10:15:54.948,Đông,,,
Huế,Bắc Trung Bộ,2025-12-06,21.82,24.16,19.64,23.06,24.82,20.880000000000003,3.9,3.9,0.0,12.4,82.4,20.08,40.18,13.768,1017.56,52.4,18.52,0.0,2.886,16.4637,107.5909,9.716,11.188,12,49,53,66,1970-01-21 10:16:41.088,1970-01-21 10:17:21.348,Đông,,,
Huế,Bắc Trung Bộ,2025-12-07,21.14,24.28,18.0,22.46,25.380000000000003,19.14,0.94,0.94,0.0,5.8,79.6,17.34,35.7,16.014,1017.34,43.0,17.28,0.0,3.152,16.4637,107.5909,10.788,11.186,12,49,51,81,1970-01-21 10:18:07.500,1970-01-21 10:18:47.772,Đông,,,
Huế,Bắc Trung Bộ,2025-12-08,20.72,24.3,18.42,22.44,25.14,20.04,3.96,3.96,0.0,14.6,84.2,16.380000000000003,34.86,12.28,1017.92,87.4,17.78,0.0,2.46,16.4637,107.5909,7.523999999999999,11.178,12,50,53,54,1970-01-21 10:19:33.948,1970-01-21 10:20:14.196,Đông,,,
Huế,Bắc Trung Bộ,2025-12-09,21.04,23.68,18.26,22.68,24.56,19.76,3.04,3.04,0.0,11.6,83.0,17.259999999999998,34.2,9.642,1017.24,99.4,17.919999999999998,0.0,2.146,16.4637,107.5909,4.958,11.175999999999998,12,50,51,55,1970-01-21 10:21:00.372,1970-01-21 10:21:40.608,Đông,,,
Huế,Bắc Trung Bộ,2025-12-10,20.98,22.14,20.24,23.119999999999997,24.139999999999997,22.24,10.18,10.18,0.0,20.6,90.4,15.4,29.380000000000003,3.986,1016.18,100.0,19.28,0.0,1.058,16.4637,107.5909,0.0,11.168,12,50,61,285,1970-01-21 10:22:26.808,1970-01-21 10:23:07.008,Đông,,,
Huế,Bắc Trung Bộ,2025-12-11,22.28,24.84,20.42,24.98,27.3,22.34,13.96,13.96,0.0,18.6,91.8,18.380000000000003,36.72,12.17,1015.42,79.0,20.78,0.0,2.248,16.4637,107.5909,8.120000000000001,11.166,12,50,63,56,1970-01-21 10:23:53.256,1970-01-21 10:24:33.456,Đông,,,
Huế,Bắc Trung Bộ,2025-12-12,23.06,25.8,21.48,25.42,28.3,23.64,2.68,2.68,0.0,11.6,87.4,18.78,36.58,15.242,1014.6,46.6,20.8,0.0,2.916,16.4637,107.5909,9.854,11.162,12,50,51,83,1970-01-21 10:25:19.680,1970-01-21 10:25:59.868,Đông,,,
Huế,Bắc Trung Bộ,2025-12-13,22.66,25.639999999999997,20.06,24.96,27.68,21.94,5.4,5.4,0.0,8.0,87.2,19.52,39.02,15.144,1015.8,59.8,20.28,0.0,2.864,16.4637,107.5909,10.276,11.158,12,50,61,88,1970-01-21 10:26:46.128,1970-01-21 10:27:26.268,Đông,,,
Huế,Bắc Trung Bộ,2025-12-14,21.42,22.58,20.48,22.66,23.92,21.42,25.679999999999996,25.679999999999996,0.0,21.6,89.6,23.32,44.94,7.779999999999999,1017.8,94.6,19.58,0.0,1.762,16.4637,107.5909,3.4579999999999997,11.156,12,50,63,42,1970-01-21 10:28:12.540,1970-01-21 10:28:52.716,Đông,,,
Huế,Bắc Trung Bộ,2025-12-15,20.9,22.18,20.119999999999997,22.86,24.04,21.880000000000003,6.62,6.62,0.0,19.0,89.2,13.7,27.72,7.359999999999999,1017.56,96.0,18.92,0.0,1.634,16.4637,107.5909,2.3899999999999997,11.156,12,51,55,60,1970-01-21 10:29:38.988,1970-01-21 10:30:19.128,Đông,,,
Huế,Bắc Trung Bộ,2025-12-16,21.36,23.22,20.16,23.979999999999997,25.68,22.76,8.879999999999999,8.879999999999999,0.0,18.4,91.2,14.9,29.8,8.522,1016.46,87.4,19.82,0.0,1.6919999999999995,16.4637,107.5909,4.956,11.152,12,51,55,76,1970-01-21 10:31:05.400,1970-01-21 10:31:45.552,Đông,,,
Huế,Bắc Trung Bộ,2025-12-17,21.5,22.880000000000003,20.5,23.72,25.04,22.54,17.0,17.0,0.0,19.8,90.6,20.54,39.38,6.34,1017.42,97.6,19.84,0.0,1.448,16.4637,107.5909,1.356,11.152,12,51,63,40,1970-01-21 10:32:31.848,1970-01-21 10:33:11.988,Đông,,,
Huế,Bắc Trung Bộ,2025-12-18,21.8,24.8,19.66,23.72,26.28,21.3,1.42,1.42,0.0,6.0,81.4,15.36,31.92,15.175999999999998,1017.0,55.8,18.24,0.0,3.004,16.4637,107.5909,9.994,11.148,12,51,51,36,1970-01-21 10:33:58.260,1970-01-21 10:34:38.412,Đông,,,
Huế,Bắc Trung Bộ,2025-12-19,21.380000000000003,23.48,19.84,23.92,25.839999999999996,22.32,1.7,1.7,0.0,9.0,87.6,11.58,24.56,11.53,1014.5,83.2,19.139999999999997,0.0,2.1740000000000004,16.4637,107.5909,7.609999999999999,11.148,12,51,51,11,1970-01-21 10:35:24.708,1970-01-21 10:36:04.848,Đông,,,
Huế,Bắc Trung Bộ,2025-12-20,21.52,23.86,19.96,24.18,26.22,22.54,6.56,6.56,0.0,17.8,89.0,14.36,29.18,11.612,1014.26,84.6,19.54,0.0,2.17,16.4637,107.5909,6.978,11.148,12,51,53,8,1970-01-21 10:36:51.132,1970-01-21 10:37:31.260,Đông,,,
Huế,Bắc Trung Bộ,2025-12-21,21.34,22.84,20.16,24.04,25.7,22.58,16.759999999999998,16.759999999999998,0.0,23.6,93.6,17.619999999999997,37.88,8.193999999999999,1015.36,94.4,20.26,0.0,1.5239999999999998,16.4637,107.5909,3.6,11.148,12,51,63,31,1970-01-21 10:38:17.568,1970-01-21 10:38:57.708,Đông,,,
Huế,Bắc Trung Bộ,2025-12-22,22.04,24.48,20.3,24.14,26.619999999999997,22.34,8.379999999999999,8.379999999999999,0.0,18.6,88.8,19.380000000000003,39.4,12.564,1014.66,71.6,20.06,0.0,2.414,16.4637,107.5909,9.316,11.148,12,52,53,100,1970-01-21 10:39:43.992,1970-01-21 10:40:24.120,Đông,,,
Huế,Bắc Trung Bộ,2025-12-23,22.52,25.479999999999997,20.04,24.66,27.32,22.119999999999997,1.42,1.42,0.0,6.4,86.0,18.14,36.72,16.122,1013.48,53.6,19.880000000000003,0.0,3.008,16.4637,107.5909,10.28,11.148,12,52,51,105,1970-01-21 10:41:10.428,1970-01-21 10:41:50.568,Đông,,,
Huế,Bắc Trung Bộ,2025-12-24,22.22,25.68,19.18,24.94,28.28,21.26,1.06,1.06,0.0,6.0,87.6,15.24,31.74,15.958000000000002,1012.72,66.2,19.86,0.0,2.9539999999999997,16.4637,107.5909,10.332,11.148,12,52,51,86,1970-01-21 10:42:36.852,1970-01-21 10:43:16.992,Đông,,,
Huế,Bắc Trung Bộ,2025-12-25,21.1,22.72,19.54,22.96,25.72,19.160000000000004,29.7,29.7,0.0,22.8,92.6,24.500000000000004,43.260000000000005,7.12,1015.58,99.0,19.8,0.0,1.506,16.4637,107.5909,2.238,11.148,12,52,63,5,1970-01-21 10:44:03.288,1970-01-21 10:44:43.428,Đông,,,
Huế,Bắc Trung Bộ,2025-12-26,18.72,19.74,17.839999999999996,19.06,20.78,17.82,12.0,12.0,0.0,20.0,90.0,23.18,42.06,5.254,1018.3,99.2,16.98,0.0,1.236,16.4637,107.5909,0.006,11.152,12,52,61,0,1970-01-21 10:45:29.712,1970-01-21 10:46:09.852,Đông,,,
Huế,Bắc Trung Bộ,2025-12-27,18.82,20.02,17.8,20.52,22.1,18.98,6.640000000000001,6.640000000000001,0.0,15.0,91.0,13.18,25.639999999999997,4.792,1017.7,98.8,17.32,0.0,0.988,16.4637,107.5909,0.166,11.152,12,52,55,263,1970-01-21 10:46:56.148,1970-01-21 10:47:36.288,Đông,,,
Huế,Bắc Trung Bộ,2025-12-28,19.92,22.4,18.1,21.9,24.22,20.0,4.54,4.54,0.0,15.2,89.2,12.94,28.660000000000004,13.25,1017.22,87.2,18.04,0.0,2.31,16.4637,107.5909,8.802,11.156,12,52,51,20,1970-01-21 10:48:22.560,1970-01-21 10:49:02.736,Đông,,,
Huế,Bắc Trung Bộ,2025-12-29,20.74,23.66,18.380000000000003,22.6,24.880000000000003,20.28,1.84,1.84,0.0,8.0,86.6,15.52,30.660000000000004,14.297999999999998,1015.22,57.8,18.3,0.0,2.664,16.4637,107.5909,9.452,11.158,12,1,51,46,1970-01-21 10:49:49.008,1970-01-21 10:50:29.148,Đông,,,
Huế,Bắc Trung Bộ,2025-12-30,21.24,24.06,18.3,22.64,24.9,20.08,0.44,0.44,0.0,3.6,81.4,16.9,33.92,15.168,1013.88,55.2,17.72,0.0,3.002,16.4637,107.5909,9.982,11.16,12,1,51,107,1970-01-21 10:51:15.408,1970-01-21 10:51:55.596,Đông,,,
Huế,Bắc Trung Bộ,2025-12-31,21.46,25.4,18.28,22.36,26.360000000000003,19.48,0.0,0.0,0.0,0.0,77.8,21.04,40.67999999999999,17.506,1012.0,54.2,17.12,0.0,3.524,16.4637,107.5909,10.442,11.166,12,1,3,102,1970-01-21 10:52:41.832,1970-01-21 10:53:22.008,Đông,,,
Huế,Bắc Trung Bộ,2026-01-01,20.56,24.74,16.66,21.76,25.860000000000003,17.64,0.0,0.0,0.0,0.0,76.8,13.7,31.380000000000003,17.894,1014.62,37.4,16.0,0.0,3.4120000000000004,16.4637,107.5909,10.34,11.166,1,1,3,102,1970-01-21 10:54:08.268,1970-01-21 10:54:48.468,Đông,,,
Huế,Bắc Trung Bộ,2026-01-02,20.2,23.24,17.580000000000002,20.3,22.98,18.1,5.24,5.24,0.0,15.8,81.4,23.9,47.239999999999995,14.616,1018.32,55.4,16.7,0.0,3.016,16.4637,107.5909,8.658,11.172,1,1,53,84,1970-01-21 10:55:34.668,1970-01-21 10:56:14.892,Đông,,,
Huế,Bắc Trung Bộ,2026-01-03,19.7,22.08,18.04,19.68,21.5,17.98,6.720000000000001,6.720000000000001,0.0,18.6,83.0,23.26,45.02,12.546,1019.42,70.6,16.54,0.0,2.658,16.4637,107.5909,8.006,11.175999999999998,1,1,53,61,1970-01-21 10:57:01.092,1970-01-21 10:57:41.328,Đông,,,
Huế,Bắc Trung Bộ,2026-01-04,20.119999999999997,23.02,16.96,20.8,23.22,17.48,3.0599999999999996,3.0599999999999996,0.0,8.6,81.4,18.56,35.28,12.762,1018.34,70.2,16.64,0.0,2.696,16.4637,107.5909,8.632,11.178,1,1,51,75,1970-01-21 10:58:27.528,1970-01-21 10:59:07.764,Đông,,,
Huế,Bắc Trung Bộ,2026-01-05,20.68,23.48,18.72,21.66,23.78,20.14,2.9,2.9,0.0,8.8,81.4,17.98,36.52,14.604,1018.82,72.8,17.14,0.0,2.934,16.4637,107.5909,9.808,11.186,1,2,51,59,1970-01-21 10:59:53.928,1970-01-21 11:00:34.188,Đông,,,
Huế,Bắc Trung Bộ,2026-01-06,19.36,21.76,17.68,19.74,21.86,17.52,12.84,12.84,0.0,18.4,86.0,20.92,41.1,10.378,1020.88,81.6,16.8,0.0,2.1719999999999997,16.4637,107.5909,6.378,11.19,1,2,63,57,1970-01-21 11:01:20.340,1970-01-21 11:02:00.636,Đông,,,
Huế,Bắc Trung Bộ,2026-01-07,17.68,18.880000000000003,16.5,17.36,18.82,15.88,24.78,24.78,0.0,16.8,86.2,22.04,39.82,4.954,1022.76,99.0,15.18,0.0,1.402,16.4637,107.5909,0.078,11.196,1,2,63,8,1970-01-21 11:02:46.752,1970-01-21 11:03:27.048,Đông,,,
Huế,Bắc Trung Bộ,2026-01-08,17.259999999999998,19.1,15.94,17.02,18.56,15.6,11.8,11.8,0.0,14.8,83.8,19.48,37.12,7.989999999999999,1023.08,90.4,14.22,0.0,1.7440000000000002,16.4637,107.5909,3.596,11.202,1,2,61,6,1970-01-21 11:04:13.188,1970-01-21 11:04:53.508,Đông,,,
Huế,Bắc Trung Bộ,2026-01-09,17.04,20.04,14.460000000000004,17.06,19.96,13.96,1.56,1.56,0.0,3.8,78.0,11.66,26.06,12.584,1020.98,54.4,12.919999999999998,0.0,2.322,16.4637,107.5909,8.216,11.208000000000002,1,2,51,2,1970-01-21 11:05:39.588,1970-01-21 11:06:19.944,Đông,,,
Huế,Bắc Trung Bộ,2026-01-10,17.919999999999998,21.08,14.02,17.64,20.84,13.32,0.04,0.04,0.0,0.4,71.0,12.48,26.0,13.52,1019.32,66.0,12.32,0.0,2.772,16.4637,107.5909,8.325999999999999,11.216,1,2,3,76,1970-01-21 11:07:06.000,1970-01-21 11:07:46.368,Đông,,,
Huế,Bắc Trung Bộ,2026-01-11,18.76,22.2,15.54,18.34,21.68,15.18,0.08,0.08,0.0,0.6,67.2,16.22,34.36,18.266,1021.4,23.8,12.14,0.0,3.608,16.4637,107.5909,10.45,11.222,1,2,3,68,1970-01-21 11:08:32.412,1970-01-21 11:09:12.828,Đông,,,
Huế,Bắc Trung Bộ,2026-01-12,18.26,22.86,13.74,18.6,23.64,13.24,0.1399999999999999,0.1399999999999999,0.0,0.8,77.0,14.1,29.94,16.866,1019.56,32.8,13.86,0.0,3.114,16.4637,107.5909,10.344,11.228,1,3,3,78,1970-01-21 11:09:58.836,1970-01-21 11:10:39.252,Đông,,,
Huế,Bắc Trung Bộ,2026-01-13,19.44,22.58,16.119999999999997,20.26,23.28,16.6,0.0,0.0,0.0,0.0,76.2,13.080000000000002,28.74,16.462,1018.54,47.2,14.88,0.0,3.036,16.4637,107.5909,10.124,11.236,1,3,3,16,1970-01-21 11:11:25.248,1970-01-21 11:12:05.688,Đông,,,
Huế,Bắc Trung Bộ,2026-01-14,20.02,23.86,16.4,21.06,24.74,17.259999999999998,0.0,0.0,0.0,0.0,81.4,19.78,39.22,16.89,1015.66,43.0,16.580000000000002,0.0,3.0940000000000003,16.4637,107.5909,10.028,11.246,1,3,3,107,1970-01-21 11:12:51.648,1970-01-21 11:13:32.136,Đông,,,
Huế,Bắc Trung Bộ,2026-01-15,20.660000000000004,23.82,17.78,22.3,25.619999999999997,19.68,0.06,0.06,0.0,0.6,82.4,14.7,30.24,15.2,1015.36,43.6,17.419999999999998,0.0,2.864,16.4637,107.5909,9.4,11.252,1,3,3,60,1970-01-21 11:14:18.048,1970-01-21 11:14:58.548,Đông,,,
Huế,Bắc Trung Bộ,2026-01-16,21.04,25.18,17.6,22.6,27.380000000000003,18.619999999999997,0.0,0.0,0.0,0.0,81.6,17.56,35.980000000000004,19.48,1012.92,17.8,17.580000000000002,0.0,3.564,16.4637,107.5909,10.624,11.26,1,3,3,92,1970-01-21 11:15:44.460,1970-01-21 11:16:25.008,Đông,,,
Huế,Bắc Trung Bộ,2026-01-17,20.92,24.58,17.54,22.92,27.339999999999996,19.26,0.38,0.38,0.0,1.6,85.8,15.24,32.62,18.003999999999998,1011.62,36.8,18.28,0.0,3.1879999999999997,16.4637,107.5909,10.476,11.27,1,3,3,52,1970-01-21 11:17:10.860,1970-01-21 11:17:51.432,Đông,,,
Huế,Bắc Trung Bộ,2026-01-18,21.16,24.58,18.76,23.06,26.360000000000003,20.78,0.06,0.06,0.0,0.6,83.0,14.62,31.339999999999996,17.858,1011.58,49.6,17.98,0.0,3.2060000000000004,16.4637,107.5909,10.212,11.278,1,3,3,63,1970-01-21 11:18:37.260,1970-01-21 11:19:17.868,Đông,,,
Huế,Bắc Trung Bộ,2026-01-19,21.4,26.08,17.8,22.880000000000003,28.0,18.98,0.0,0.0,0.0,0.0,81.8,19.619999999999997,37.08,19.748,1011.98,33.0,17.78,0.0,3.632,16.4637,107.5909,10.738,11.288,1,4,3,94,1970-01-21 11:20:03.660,1970-01-21 11:20:44.316,Đông,,,
Huế,Bắc Trung Bộ,2026-01-20,20.94,25.36,17.32,22.14,26.7,18.380000000000003,0.02,0.02,0.0,0.2,81.4,19.94,39.16,19.142000000000003,1013.96,11.8,17.4,0.0,3.508,16.4637,107.5909,10.63,11.296,1,4,1,102,1970-01-21 11:21:30.060,1970-01-21 11:22:10.728,Đông,,,
Huế,Bắc Trung Bộ,2026-01-21,20.619999999999997,24.54,17.42,21.16,24.880000000000003,18.1,0.04,0.04,0.0,0.4,78.8,22.22,43.7,18.524,1016.86,16.0,16.56,0.0,3.608,16.4637,107.5909,10.566,11.306,1,4,1,101,1970-01-21 11:22:56.460,1970-01-21 11:23:37.188,Đông,,,
Huế,Bắc Trung Bộ,2026-01-22,19.8,22.74,17.1,20.56,23.2,17.94,2.92,2.92,0.0,13.2,83.6,20.2,39.3,13.476,1019.48,59.6,16.78,0.0,2.632,16.4637,107.5909,9.966,11.316,1,4,53,86,1970-01-21 11:24:22.860,1970-01-21 11:25:03.600,Đông,,,
Huế,Bắc Trung Bộ,2026-01-23,19.380000000000003,21.619999999999997,17.72,20.3,21.88,18.42,9.44,9.44,0.0,21.0,87.2,19.2,37.1,9.524,1020.86,90.2,17.06,0.0,1.956,16.4637,107.5909,5.16,11.326,1,4,55,51,1970-01-21 11:25:49.260,1970-01-21 11:26:30.048,Đông,,,
Huế,Bắc Trung Bộ,2026-01-24,19.76,22.72,17.48,20.66,23.3,18.2,2.58,2.58,0.0,12.4,82.2,16.259999999999998,32.38,15.52,1019.82,52.2,16.479999999999997,0.0,2.98,16.4637,107.5909,9.666,11.336,1,4,53,53,1970-01-21 11:27:15.660,1970-01-21 11:27:56.472,Đông,,,
Huế,Bắc Trung Bộ,2026-01-25,19.94,24.54,15.8,20.36,25.22,16.18,0.0,0.0,0.0,0.0,79.0,22.58,42.48,19.926,1017.22,48.4,15.8,0.0,3.664,16.4637,107.5909,10.75,11.346,1,4,3,118,1970-01-21 11:28:42.060,1970-01-21 11:29:22.908,Đông,,,
Huế,Bắc Trung Bộ,2026-01-26,20.3,24.36,16.94,21.5,25.639999999999997,17.9,0.06,0.06,0.0,0.6,81.2,17.2,37.1,18.398000000000003,1018.12,22.2,16.740000000000002,0.0,3.35,16.4637,107.5909,10.626,11.36,1,5,51,93,1970-01-21 11:30:08.448,1970-01-21 11:30:49.332,Đông,,,
Huế,Bắc Trung Bộ,2026-01-27,20.0,23.32,17.080000000000002,21.7,24.880000000000003,18.4,1.1,1.1,0.0,6.2,85.6,13.54,29.6,15.368,1018.9,57.4,17.36,0.0,2.756,16.4637,107.5909,10.03,11.37,1,5,51,88,1970-01-21 11:31:34.848,1970-01-21 11:32:15.768,Đông,,,
Huế,Bắc Trung Bộ,2026-01-28,19.98,23.34,17.32,21.44,24.880000000000003,18.84,2.04,2.04,0.0,9.6,85.0,16.94,33.86,15.95,1018.6,65.6,17.259999999999998,0.0,2.9219999999999997,16.4637,107.5909,10.156,11.38,1,5,53,101,1970-01-21 11:33:01.248,1970-01-21 11:33:42.204,Đông,,,
Huế,Bắc Trung Bộ,2026-01-29,20.86,24.6,17.82,21.639999999999997,24.88,18.94,0.2599999999999999,0.2599999999999999,0.0,1.8,80.6,21.119999999999997,39.9,17.872,1017.04,28.8,17.1,0.0,3.4160000000000004,16.4637,107.5909,10.5,11.39,1,5,51,104,1970-01-21 11:34:27.636,1970-01-21 11:35:08.628,Đông,,,
Huế,Bắc Trung Bộ,2026-01-30,20.78,25.18,17.259999999999998,22.5,27.660000000000004,18.5,0.04,0.04,0.0,0.4,82.4,16.740000000000002,34.760000000000005,20.052,1017.16,33.2,17.46,0.0,3.598,16.4637,107.5909,10.912,11.4,1,5,3,89,1970-01-21 11:35:54.000,1970-01-21 11:36:35.076,Đông,,,
Huế,Bắc Trung Bộ,2026-01-31,20.84,24.46,18.36,22.82,26.92,19.96,1.08,1.08,0.0,5.0,82.0,13.52,28.660000000000004,18.972,1018.86,73.6,17.380000000000003,0.0,3.5,16.4637,107.5909,10.384,11.416,1,5,51,2,1970-01-21 11:37:20.400,1970-01-21 11:38:01.488,Đông,,,
Huế,Bắc Trung Bộ,2026-02-01,19.619999999999997,21.2,18.56,21.34,22.68,20.3,5.62,5.62,0.0,19.8,90.2,13.82,29.46,8.656,1020.0,81.2,17.94,0.0,1.65,16.4637,107.5909,4.3020000000000005,11.43,2,5,53,15,1970-01-21 11:38:46.788,1970-01-21 11:39:27.936,Đông,,,
Huế,Bắc Trung Bộ,2026-02-02,19.58,20.86,18.5,20.8,22.22,19.72,12.1,12.1,0.0,21.8,91.2,19.6,37.92,7.242,1020.74,93.8,18.02,0.0,1.472,16.4637,107.5909,1.818,11.44,2,6,61,37,1970-01-21 11:40:13.188,1970-01-21 11:40:54.348,Đông,,,
Huế,Bắc Trung Bộ,2026-02-03,20.139999999999997,21.880000000000003,18.92,21.02,22.619999999999997,20.0,4.0600000000000005,4.0600000000000005,0.0,13.6,85.4,19.16,37.58,11.88,1021.0,96.0,17.46,0.0,2.348,16.4637,107.5909,6.104,11.45,2,6,51,50,1970-01-21 11:41:39.540,1970-01-21 11:42:20.796,Đông,,,
Huế,Bắc Trung Bộ,2026-02-04,20.68,24.14,17.580000000000002,22.4,25.58,19.2,0.26,0.26,0.0,2.4,85.8,17.52,33.54,16.69,1017.82,81.6,18.06,0.0,3.006,16.4637,107.5909,10.53,11.464,2,6,51,87,1970-01-21 11:43:05.940,1970-01-21 11:43:47.208,Đông,,,
Huế,Bắc Trung Bộ,2026-02-05,21.72,26.119999999999997,17.98,23.9,29.26,19.98,0.0,0.0,0.0,0.0,85.8,21.36,40.9,20.246,1014.7,37.0,19.08,0.0,3.646,16.4637,107.5909,10.754,11.48,2,6,3,116,1970-01-21 11:44:32.328,1970-01-21 11:45:13.644,Đông,,,
Huế,Bắc Trung Bộ,2026-02-06,22.18,26.48,18.94,24.68,30.0,21.14,0.02,0.02,0.0,0.2,87.0,18.64,36.66,20.338,1013.24,35.0,19.72,0.0,3.636,16.4637,107.5909,10.872,11.49,2,6,3,35,1970-01-21 11:45:58.716,1970-01-21 11:46:40.068,Đông,,,
Huế,Bắc Trung Bộ,2026-02-07,22.38,25.5,20.34,24.3,27.44,22.1,0.1399999999999999,0.1399999999999999,0.0,1.2,84.2,20.52,40.239999999999995,18.008,1015.06,56.2,19.4,0.0,3.38,16.4637,107.5909,9.98,11.5,2,6,3,29,1970-01-21 11:47:25.080,1970-01-21 11:48:06.492,Đông,,,
Huế,Bắc Trung Bộ,2026-02-08,21.18,23.94,19.56,21.6,24.28,19.64,4.0200000000000005,4.0200000000000005,0.0,14.6,83.4,26.119999999999997,50.16,16.552,1018.06,90.2,18.14,0.0,3.186,16.4637,107.5909,10.562,11.518,2,6,51,98,1970-01-21 11:48:51.468,1970-01-21 11:49:32.928,Đông,,,
Huế,Bắc Trung Bộ,2026-02-09,20.74,23.0,18.82,21.18,23.2,19.18,4.5600000000000005,4.5600000000000005,0.0,13.8,84.2,22.6,43.2,15.0,1017.8,77.4,17.8,0.0,2.964,16.4637,107.5909,9.596,11.53,2,7,53,59,1970-01-21 11:50:17.856,1970-01-21 11:50:59.340,Đông,,,
Huế,Bắc Trung Bộ,2026-02-10,21.24,24.76,18.119999999999997,22.22,25.880000000000003,19.16,0.1599999999999999,0.1599999999999999,0.0,1.2,80.8,20.380000000000003,40.18,18.74,1017.18,63.4,17.64,0.0,3.582,16.4637,107.5909,10.866,11.54,2,7,3,83,1970-01-21 11:51:44.220,1970-01-21 11:52:25.788,Đông,,,
Huế,Bắc Trung Bộ,2026-02-11,21.4,24.119999999999997,18.24,22.94,25.68,19.46,0.5599999999999999,0.5599999999999999,0.0,3.4,83.0,17.279999999999998,35.06,17.094,1018.6,76.8,18.28,0.0,3.228,16.4637,107.5909,10.452000000000002,11.556,2,7,51,68,1970-01-21 11:53:10.608,1970-01-21 11:53:52.200,Đông,,,
Huế,Bắc Trung Bộ,2026-02-12,21.68,24.74,19.46,22.92,26.08,20.46,0.58,0.58,0.0,2.8,82.8,22.3,43.2,18.928,1016.78,51.0,18.48,0.0,3.5159999999999996,16.4637,107.5909,10.962,11.57,2,7,51,97,1970-01-21 11:54:36.960,1970-01-21 11:55:18.636,Đông,,,
Huế,Bắc Trung Bộ,2026-02-13,21.68,25.76,18.619999999999997,22.660000000000004,27.28,19.5,0.0,0.0,0.0,0.0,79.8,21.660000000000004,42.120000000000005,21.401999999999997,1014.96,51.0,17.740000000000002,0.0,4.07,16.4637,107.5909,11.25,11.58,2,7,3,100,1970-01-21 11:56:03.360,1970-01-21 11:56:45.048,Đông,,,
Huế,Bắc Trung Bộ,2026-02-14,21.76,26.0,18.0,23.119999999999997,27.68,18.98,0.0,0.0,0.0,0.0,81.4,23.1,43.7,20.408,1014.6,67.8,18.16,0.0,3.864,16.4637,107.5909,11.124,11.598,2,7,3,103,1970-01-21 11:57:29.736,1970-01-21 11:58:11.460,Đông,,,
Huế,Bắc Trung Bộ,2026-02-15,21.98,26.44,18.46,23.380000000000003,28.26,19.6,0.0,0.0,0.0,0.0,81.2,22.119999999999997,42.12,21.54,1013.56,14.4,18.3,0.0,4.052,16.4637,107.5909,11.114,11.61,2,7,2,77,1970-01-21 11:58:56.100,1970-01-21 11:59:37.908,Đông,,,
Huế,Bắc Trung Bộ,2026-02-16,22.66,26.839999999999996,19.6,25.18,29.54,22.06,0.1,0.1,0.0,1.0,86.2,20.86,42.14,19.442,1013.06,50.8,20.06,0.0,3.5479999999999996,16.4637,107.5909,10.618,11.626,2,8,3,62,1970-01-21 12:00:22.488,1970-01-21 12:01:04.320,Đông,,,
Huế,Bắc Trung Bộ,2026-02-17,22.8,25.18,21.08,25.24,27.860000000000003,23.54,3.72,3.72,0.0,10.0,89.4,19.6,39.5,17.631999999999998,1014.84,63.0,20.9,0.0,3.082,16.4637,107.5909,10.014,11.64,2,8,51,89,1970-01-21 12:01:48.840,1970-01-21 12:02:30.720,Đông,,,
Huế,Bắc Trung Bộ,2026-02-18,22.22,24.4,20.82,23.46,25.78,21.68,9.0,9.0,0.0,16.4,86.8,25.24,48.260000000000005,15.79,1017.34,70.8,19.84,0.0,2.996,16.4637,107.5909,9.726,11.652,2,8,53,90,1970-01-21 12:03:15.228,1970-01-21 12:03:57.168,Đông,,,
Huế,Bắc Trung Bộ,2026-02-19,22.06,24.56,20.5,23.24,25.42,21.86,3.28,3.28,0.0,9.0,83.4,22.46,44.06,17.592,1018.86,61.6,18.98,0.0,3.404,16.4637,107.5909,10.348,11.668,2,8,51,93,1970-01-21 12:04:41.580,1970-01-21 12:05:23.580,Đông,,,
Huế,Bắc Trung Bộ,2026-02-20,21.68,24.68,19.76,23.1,26.0,21.34,2.26,2.26,0.0,9.4,82.6,18.119999999999997,36.5,16.496000000000002,1018.16,49.8,18.42,0.0,3.2379999999999995,16.4637,107.5909,9.646,11.682,2,8,51,98,1970-01-21 12:06:07.920,1970-01-21 12:06:49.980,Đông,,,
Huế,Bắc Trung Bộ,2026-02-21,21.96,26.74,17.46,23.88,29.4,18.84,0.0,0.0,0.0,0.0,82.6,19.68,37.16,21.952,1011.12,5.8,18.56,0.0,4.076,16.4637,107.5909,11.352,11.698,2,8,1,88,1970-01-21 12:07:34.320,1970-01-21 12:08:16.428,Đông,,,
Huế,Bắc Trung Bộ,2026-02-22,23.36,27.880000000000003,18.7,25.78,31.179999999999996,20.66,0.02,0.02,0.0,0.2,82.4,20.64,39.4,20.984,1008.76,21.4,19.98,0.0,3.9739999999999993,16.4637,107.5909,11.322,11.712,2,8,3,44,1970-01-21 12:09:00.660,1970-01-21 12:09:42.840,Đông,,,
Huế,Bắc Trung Bộ,2026-02-23,24.02,28.139999999999997,21.4,26.339999999999996,31.18,23.66,0.12,0.12,0.0,0.4,82.6,19.74,37.5,19.868,1009.56,26.2,20.66,0.0,3.915999999999999,16.4637,107.5909,11.038,11.728,2,9,3,54,1970-01-21 12:10:27.048,1970-01-21 12:11:09.240,Đông,,,
Huế,Bắc Trung Bộ,2026-02-24,23.56,27.26,21.1,26.380000000000003,30.880000000000003,23.76,0.0,0.0,0.0,0.0,84.8,18.8,36.94,18.418,1010.96,37.8,20.7,0.0,3.5520000000000005,16.4637,107.5909,10.258,11.742,2,9,3,6,1970-01-21 12:11:53.400,1970-01-21 12:12:35.688,Đông,,,
Huế,Bắc Trung Bộ,2026-02-25,23.22,26.360000000000003,21.58,25.98,29.42,24.119999999999997,0.12,0.12,0.0,1.0,83.8,18.24,37.220000000000006,20.078,1012.14,76.0,20.160000000000004,0.0,3.764,16.4637,107.5909,9.876,11.758,2,9,3,13,1970-01-21 12:13:19.776,1970-01-21 12:14:02.100,Đông,,,
Huế,Bắc Trung Bộ,2026-02-26,23.6,27.44,21.52,26.639999999999997,30.7,24.28,2.78,2.78,0.0,3.8,85.8,15.8,32.1,14.91,1009.84,70.0,20.96,0.0,2.964,16.4637,107.5909,8.748,11.772,2,9,51,56,1970-01-21 12:14:46.140,1970-01-21 12:15:28.500,Đông,,,
Huế,Bắc Trung Bộ,2026-02-27,23.56,25.4,21.98,27.68,30.06,25.32,2.88,2.88,0.0,8.6,91.0,11.12,22.96,6.754,1007.9,90.8,21.96,0.0,1.4620000000000002,16.4637,107.5909,1.2579999999999998,11.788,2,9,53,85,1970-01-21 12:16:12.480,1970-01-21 12:16:54.936,Đông,,,
Huế,Bắc Trung Bộ,2026-02-28,24.52,29.160000000000004,20.34,28.1,33.42,23.28,0.4,0.4,0.0,1.2,82.2,15.96,30.98,21.302,1006.94,11.4,20.92,0.0,4.1240000000000006,16.4637,107.5909,11.41,11.802,2,9,1,59,1970-01-21 12:17:38.868,1970-01-21 12:18:21.348,Đông,,,
Huế,Bắc Trung Bộ,2026-03-01,25.6,30.48,21.8,29.619999999999997,35.7,24.9,0.5599999999999999,0.5599999999999999,0.0,1.2,82.4,14.88,31.2,20.572,1006.96,47.8,22.02,0.0,4.056,16.4637,107.5909,11.546,11.818,3,9,3,87,1970-01-21 12:19:05.220,1970-01-21 12:19:47.760,Xuân,,,
Huế,Bắc Trung Bộ,2026-03-02,26.3,31.139999999999997,22.3,30.6,35.92,25.839999999999996,0.5800000000000001,0.5800000000000001,0.0,1.8,81.2,15.26,31.56,20.492,1008.18,52.6,22.380000000000003,0.0,4.096,16.4637,107.5909,11.466,11.832,3,10,51,82,1970-01-21 12:20:31.560,1970-01-21 12:21:14.160,Xuân,,,
Huế,Bắc Trung Bộ,2026-03-03,25.520000000000003,30.92,22.5,29.76,36.3,25.08,7.159999999999999,7.159999999999999,0.0,5.0,84.8,16.880000000000003,38.82,18.388,1009.66,45.6,22.48,0.0,3.646,16.4637,107.5909,10.43,11.848,3,10,63,74,1970-01-21 12:21:57.960,1970-01-21 12:22:40.608,Xuân,,,
Huế,Bắc Trung Bộ,2026-03-04,22.2,23.8,20.98,24.32,26.48,22.42,8.620000000000001,8.620000000000001,0.0,17.8,91.6,22.18,42.04,8.248000000000001,1013.42,96.6,20.72,0.0,1.686,16.4637,107.5909,1.922,11.861999999999998,3,10,61,323,1970-01-21 12:23:24.300,1970-01-21 12:24:07.008,Xuân,,,
Huế,Bắc Trung Bộ,2026-03-05,21.86,24.1,20.46,24.880000000000003,27.139999999999997,23.02,5.64,5.64,0.0,14.4,89.6,11.0,25.639999999999997,10.526,1013.78,96.2,20.02,0.0,2.048,16.4637,107.5909,3.3319999999999994,11.878,3,10,61,1,1970-01-21 12:24:50.652,1970-01-21 12:25:33.420,Xuân,,,
Huế,Bắc Trung Bộ,2026-03-06,21.84,23.52,20.36,23.92,25.56,22.36,14.14,14.14,0.0,16.8,89.0,17.5,34.92,10.266,1014.98,73.4,19.82,0.0,2.148,16.4637,107.5909,5.11,11.892,3,10,63,95,1970-01-21 12:26:17.040,1970-01-21 12:26:59.820,Xuân,,,
Huế,Bắc Trung Bộ,2026-03-07,22.44,25.68,20.44,23.76,27.28,21.7,1.6800000000000002,1.6800000000000002,0.0,7.4,80.6,22.3,42.84,19.857999999999997,1015.98,38.6,18.76,0.0,3.946,16.4637,107.5909,11.316,11.908,3,10,51,96,1970-01-21 12:27:43.380,1970-01-21 12:28:26.268,Xuân,,,
Huế,Bắc Trung Bộ,2026-03-08,22.24,25.74,19.46,23.7,26.94,21.06,0.86,0.86,0.0,4.8,82.0,20.82,42.32,19.566,1016.18,39.6,18.78,0.0,3.802,16.4637,107.5909,11.59,11.922,3,10,51,63,1970-01-21 12:29:09.720,1970-01-21 12:29:52.668,Xuân,,,
Huế,Bắc Trung Bộ,2026-03-09,22.020000000000003,24.48,20.46,23.82,26.339999999999996,22.04,15.38,15.38,0.0,22.0,89.4,21.84,43.32,17.274,1017.7,76.8,20.08,0.0,3.072,16.4637,107.5909,9.002,11.94,3,11,61,44,1970-01-21 12:30:36.120,1970-01-21 12:31:19.080,Xuân,,,
Huế,Bắc Trung Bộ,2026-03-10,20.96,22.22,19.9,22.02,22.94,21.24,19.6,19.6,0.0,19.6,88.4,21.96,42.36,8.18,1019.28,95.8,18.84,0.0,1.904,16.4637,107.5909,2.144,11.952,3,11,61,41,1970-01-21 12:32:02.460,1970-01-21 12:32:45.480,Xuân,,,
Huế,Bắc Trung Bộ,2026-03-11,20.6,22.64,19.34,22.660000000000004,24.7,21.44,8.12,8.12,0.0,22.0,89.4,12.9,28.44,13.456,1017.26,90.6,18.74,0.0,2.442,16.4637,107.5909,6.781999999999999,11.97,3,11,55,15,1970-01-21 12:33:28.800,1970-01-21 12:34:11.880,Xuân,,,
Huế,Bắc Trung Bộ,2026-03-12,20.8,22.68,19.86,22.5,24.32,21.26,22.04,22.04,0.0,22.2,90.8,18.2,37.52,11.488,1016.34,96.2,19.18,0.0,2.178,16.4637,107.5909,4.298,11.986,3,11,63,41,1970-01-21 12:34:55.164,1970-01-21 12:35:38.328,Xuân,,,
Huế,Bắc Trung Bộ,2026-03-13,20.86,23.08,19.64,21.82,24.14,20.6,13.16,13.16,0.0,20.4,86.6,20.46,39.739999999999995,10.534,1017.44,94.6,18.36,0.0,2.364,16.4637,107.5909,4.218,12.0,3,11,55,85,1970-01-21 12:36:21.540,1970-01-21 12:37:04.728,Xuân,,,
Huế,Bắc Trung Bộ,2026-03-14,21.36,23.86,19.32,21.880000000000003,24.08,20.02,20.880000000000003,20.880000000000003,0.0,13.2,81.8,23.3,44.84,11.864,1018.34,70.6,17.919999999999998,0.0,2.812,16.4637,107.5909,5.8740000000000006,12.018,3,11,63,65,1970-01-21 12:37:47.880,1970-01-21 12:38:31.140,Xuân,,,
Huế,Bắc Trung Bộ,2026-03-15,21.7,24.72,18.78,22.76,26.72,20.04,1.06,1.06,0.0,5.6,77.2,19.68,39.08,19.794,1018.02,31.0,17.34,0.0,4.008,16.4637,107.5909,11.396,12.03,3,11,51,89,1970-01-21 12:39:14.220,1970-01-21 12:39:57.540,Xuân,,,
Huế,Bắc Trung Bộ,2026-03-16,21.74,24.76,18.6,22.92,26.54,19.54,0.1999999999999999,0.1999999999999999,0.0,1.4,79.0,18.08,34.94,17.766,1015.7,38.8,17.8,0.0,3.636,16.4637,107.5909,10.222,12.05,3,12,51,110,1970-01-21 12:40:40.572,1970-01-21 12:41:23.940,Xuân,,,
Huế,Bắc Trung Bộ,2026-03-17,22.6,26.78,19.1,24.08,28.92,20.46,0.0,0.0,0.0,0.0,79.4,21.58,41.98,22.104,1013.64,11.2,18.56,0.0,4.337999999999999,16.4637,107.5909,11.88,12.06,3,12,3,109,1970-01-21 12:42:06.960,1970-01-21 12:42:50.364,Xuân,,,
Huế,Bắc Trung Bộ,2026-03-18,22.72,26.74,19.42,25.139999999999997,30.42,21.52,0.0,0.0,0.0,0.0,83.6,18.82,36.86,23.0,1013.3,7.4,19.58,0.0,4.3,16.4637,107.5909,11.944,12.08,3,12,0,55,1970-01-21 12:43:33.300,1970-01-21 12:44:16.788,Xuân,,,
Huế,Bắc Trung Bộ,2026-03-19,22.92,26.56,19.48,25.6,30.619999999999997,21.8,0.0,0.0,0.0,0.0,83.8,20.06,38.16,22.51,1012.56,15.0,19.9,0.0,4.238,16.4637,107.5909,11.914,12.09,3,12,3,56,1970-01-21 12:44:59.640,1970-01-21 12:45:43.200,Xuân,,,
Huế,Bắc Trung Bộ,2026-03-20,23.64,27.82,19.68,26.58,31.76,22.14,0.3399999999999999,0.3399999999999999,0.0,0.6,83.6,19.72,37.8,22.0,1011.82,29.6,20.5,0.0,4.164,16.4637,107.5909,11.906,12.11,3,12,3,39,1970-01-21 12:46:25.992,1970-01-21 12:47:09.600,Xuân,,,
Huế,Bắc Trung Bộ,2026-03-21,23.66,27.360000000000003,20.36,26.5,30.839999999999996,22.94,0.1399999999999999,0.1399999999999999,0.0,0.8,84.2,21.72,39.6,21.498,1013.24,26.2,20.64,0.0,4.032,16.4637,107.5909,11.522,12.13,3,12,3,57,1970-01-21 12:47:52.368,1970-01-21 12:48:36.000,Xuân,,,
Huế,Bắc Trung Bộ,2026-03-22,23.92,27.78,20.64,26.78,31.5,23.5,0.16,0.16,0.0,1.0,84.0,21.3,40.52,22.424,1012.42,15.2,20.880000000000003,0.0,4.286,16.4637,107.5909,11.706,12.14,3,12,1,27,1970-01-21 12:49:18.720,1970-01-21 12:50:02.400,Xuân,,,
Huế,Bắc Trung Bộ,2026-03-23,24.06,27.619999999999997,21.139999999999997,27.139999999999997,31.7,23.78,0.0,0.0,0.0,0.0,84.0,19.339999999999996,37.56,23.066,1011.58,11.2,20.98,0.0,4.38,16.4637,107.5909,11.596,12.16,3,13,1,96,1970-01-21 12:50:45.060,1970-01-21 12:51:28.836,Xuân,,,
Huế,Bắc Trung Bộ,2026-03-24,24.04,28.44,20.32,27.28,32.7,23.16,0.0,0.0,0.0,0.0,84.0,18.78,36.48,23.64,1010.1,13.2,20.880000000000003,0.0,4.4719999999999995,16.4637,107.5909,11.832,12.17,3,13,1,38,1970-01-21 12:52:11.412,1970-01-21 12:52:55.260,Xuân,,,
Huế,Bắc Trung Bộ,2026-03-25,23.7,27.9,20.4,26.860000000000003,32.339999999999996,22.92,0.0,0.0,0.0,0.0,85.2,20.5,39.739999999999995,23.226,1010.9,21.6,20.92,0.0,4.34,16.4637,107.5909,11.588,12.19,3,13,3,33,1970-01-21 12:53:37.788,1970-01-21 12:54:21.660,Xuân,,,
Huế,Bắc Trung Bộ,2026-03-26,24.24,28.44,20.36,27.94,33.56,23.26,0.0,0.0,0.0,0.0,85.6,16.880000000000003,33.7,23.256,1009.9,15.8,21.42,0.0,4.4,16.4637,107.5909,11.77,12.2,3,13,1,20,1970-01-21 12:55:04.140,1970-01-21 12:55:48.060,Xuân,,,
Huế,Bắc Trung Bộ,2026-03-27,25.8,30.68,21.52,29.860000000000003,35.82000000000001,24.7,0.0,0.0,0.0,0.0,82.0,17.18,32.32,23.118,1008.12,12.8,22.14,0.0,4.58,16.4637,107.5909,11.886,12.22,3,13,1,79,1970-01-21 12:56:30.480,1970-01-21 12:57:14.460,Xuân,,,
Huế,Bắc Trung Bộ,2026-03-28,25.78,29.9,22.06,30.04,35.42,25.56,0.0,0.0,0.0,0.0,82.6,14.72,30.660000000000004,22.546,1008.24,16.8,22.26,0.0,4.395999999999999,16.4637,107.5909,11.962,12.232,3,13,3,73,1970-01-21 12:57:56.832,1970-01-21 12:58:40.860,Xuân,,,
Huế,Bắc Trung Bộ,2026-03-29,25.28,30.26,21.32,29.2,35.3,24.72,0.0,0.0,0.0,0.0,82.2,17.5,35.48,22.845999999999997,1008.56,32.2,21.66,0.0,4.448,16.4637,107.5909,11.74,12.25,3,13,3,52,1970-01-21 12:59:23.208,1970-01-21 13:00:07.296,Xuân,,,
Huế,Bắc Trung Bộ,2026-03-30,26.18,31.380000000000003,21.74,29.6,35.660000000000004,24.46,0.08,0.08,0.0,0.6,78.0,19.98,39.1,23.536,1008.44,14.4,21.5,0.0,4.806,16.4637,107.5909,11.98,12.262,3,14,2,93,1970-01-21 13:00:49.560,1970-01-21 13:01:33.720,Xuân,,,
Huế,Bắc Trung Bộ,2026-03-31,27.1,33.08,22.58,30.5,37.22,24.880000000000003,0.0,0.0,0.0,0.0,71.4,17.36,32.779999999999994,22.98,1008.2,44.4,20.68,0.0,4.956,16.4637,107.5909,11.982,12.28,3,14,3,92,1970-01-21 13:02:15.900,1970-01-21 13:03:00.120,Xuân,,,
Huế,Bắc Trung Bộ,2026-04-01,25.880000000000003,30.54,22.42,30.08,35.06,24.76,1.1,1.1,0.0,1.4,80.0,17.08,39.760000000000005,22.126,1009.8,26.0,21.92,0.0,4.4,16.4637,107.5909,11.842,12.294,4,14,3,0,1970-01-21 13:03:42.240,1970-01-21 13:04:26.520,Xuân,,,
Huế,Bắc Trung Bộ,2026-04-02,26.339999999999996,30.8,23.1,30.98,35.660000000000004,27.48,0.0,0.0,0.0,0.0,83.4,16.759999999999998,33.339999999999996,22.86,1010.08,30.0,23.02,0.0,4.648000000000001,16.4637,107.5909,11.332,12.31,4,14,3,85,1970-01-21 13:05:08.628,1970-01-21 13:05:52.920,Xuân,,,
Huế,Bắc Trung Bộ,2026-04-03,27.1,32.4,22.68,30.76,36.7,25.22,0.02,0.02,0.0,0.2,74.2,17.36,35.14,23.656,1007.16,12.6,21.52,0.0,4.958,16.4637,107.5909,11.988,12.328,4,14,2,93,1970-01-21 13:06:34.968,1970-01-21 13:07:19.320,Xuân,,,
Huế,Bắc Trung Bộ,2026-04-04,27.76,33.660000000000004,23.139999999999997,31.8,38.94,26.18,0.02,0.02,0.0,0.2,73.2,15.04,29.880000000000003,23.076,1005.48,17.0,21.72,0.0,5.046,16.4637,107.5909,11.99,12.342,4,14,2,83,1970-01-21 13:08:01.320,1970-01-21 13:08:45.756,Xuân,,,
Huế,Bắc Trung Bộ,2026-04-05,28.160000000000004,34.04,23.1,32.04,39.02,25.9,0.0,0.0,0.0,0.0,70.2,16.28,29.72,23.376,1005.22,9.6,21.4,0.0,5.132,16.4637,107.5909,11.992,12.358,4,14,2,100,1970-01-21 13:09:27.660,1970-01-21 13:10:12.168,Xuân,,,
Huế,Bắc Trung Bộ,2026-04-06,28.42,34.4,23.58,31.94,39.3,26.08,0.0,0.0,0.0,0.0,67.6,16.8,33.06,23.594,1005.92,4.8,21.08,0.0,5.394,16.4637,107.5909,11.994,12.372,4,15,1,92,1970-01-21 13:10:54.036,1970-01-21 13:11:38.580,Xuân,,,
Huế,Bắc Trung Bộ,2026-04-07,28.860000000000003,34.86,24.26,32.14,39.32,26.48,0.0,0.0,0.0,0.0,64.4,16.740000000000002,34.48,23.845999999999997,1006.62,10.4,20.66,0.0,5.71,16.4637,107.5909,11.996,12.388000000000002,4,15,3,94,1970-01-21 13:12:20.388,1970-01-21 13:13:04.980,Xuân,,,
Huế,Bắc Trung Bộ,2026-04-08,28.619999999999997,34.839999999999996,24.2,31.68,38.72,26.06,0.0,0.0,0.0,0.0,65.0,21.56,41.4,24.168,1007.52,4.4,20.44,0.0,5.608,16.4637,107.5909,11.998,12.402,4,15,1,118,1970-01-21 13:13:46.740,1970-01-21 13:14:31.380,Xuân,,,
Huế,Bắc Trung Bộ,2026-04-09,28.360000000000003,33.68,24.18,32.06,38.4,26.74,0.02,0.02,0.0,0.2,69.8,18.119999999999997,35.8,23.596,1007.94,6.2,21.58,0.0,5.254,16.4637,107.5909,11.998,12.418,4,15,1,91,1970-01-21 13:15:13.080,1970-01-21 13:15:57.780,Xuân,,,
Huế,Bắc Trung Bộ,2026-04-10,28.860000000000003,34.68,24.7,32.46,39.22,27.22,0.0,0.0,0.0,0.0,67.2,18.8,36.36,23.863999999999997,1007.66,5.2,21.44,0.0,5.558,16.4637,107.5909,11.998,12.432,4,15,0,88,1970-01-21 13:16:39.468,1970-01-21 13:17:24.216,Xuân,,,
Huế,Bắc Trung Bộ,2026-04-11,29.24,34.72,24.64,32.839999999999996,39.18,27.7,0.04,0.04,0.0,0.4,65.8,18.72,35.58,23.474,1006.48,7.4,21.380000000000003,0.0,5.5520000000000005,16.4637,107.5909,12.0,12.448,4,15,1,94,1970-01-21 13:18:05.820,1970-01-21 13:18:50.628,Xuân,,,
Huế,Bắc Trung Bộ,2026-04-12,29.2,34.94,24.6,32.519999999999996,40.02,26.839999999999996,0.06,0.06,0.0,0.2,64.6,20.22,37.239999999999995,24.124,1005.66,6.6,21.18,0.0,5.755999999999999,16.4637,107.5909,12.0,12.462,4,15,1,98,1970-01-21 13:19:32.160,1970-01-21 13:20:17.040,Xuân,,,
Huế,Bắc Trung Bộ,2026-04-13,28.94,34.480000000000004,24.7,32.7,39.72,27.52,0.02,0.02,0.0,0.2,68.4,20.48,40.16,23.71,1007.28,5.8,21.9,0.0,5.484,16.4637,107.5909,12.0,12.478,4,16,1,90,1970-01-21 13:20:58.548,1970-01-21 13:21:43.440,Xuân,,,
Huế,Bắc Trung Bộ,2026-04-14,29.0,34.08,25.1,32.839999999999996,39.239999999999995,28.139999999999997,0.04,0.04,0.0,0.4,69.0,20.08,38.36,23.272,1007.46,13.0,22.06,0.0,5.3740000000000006,16.4637,107.5909,12.0,12.492,4,16,2,90,1970-01-21 13:22:24.888,1970-01-21 13:23:09.840,Xuân,,,
Huế,Bắc Trung Bộ,2026-04-15,28.4,32.980000000000004,24.48,32.06,37.74,27.46,0.5399999999999999,0.5399999999999999,0.0,0.8,70.8,19.8,38.38,23.58,1006.36,10.0,21.96,0.0,5.247999999999999,16.4637,107.5909,12.0,12.504,4,16,1,92,1970-01-21 13:23:51.240,1970-01-21 13:24:36.276,Xuân,,,
Huế,Bắc Trung Bộ,2026-04-16,27.68,31.839999999999996,24.22,31.639999999999997,37.04,27.28,0.7,0.7,0.0,0.6,74.0,17.44,35.839999999999996,22.426,1007.34,17.2,22.28,0.0,4.822,16.4637,107.5909,12.0,12.52,4,16,2,93,1970-01-21 13:25:17.616,1970-01-21 13:26:02.688,Xuân,,,
Huế,Bắc Trung Bộ,2026-04-17,27.360000000000003,32.019999999999996,24.14,31.3,36.62,27.46,0.6,0.6,0.0,1.4,77.2,18.86,38.6,20.708,1008.6,37.0,22.64,0.0,4.366,16.4637,107.5909,11.944,12.534,4,16,3,95,1970-01-21 13:26:43.968,1970-01-21 13:27:29.100,Xuân,,,
Huế,Bắc Trung Bộ,2026-04-18,26.26,29.58,24.06,30.139999999999997,34.660000000000004,27.72,1.6,1.6,0.0,1.6,81.8,18.619999999999997,36.68,20.932,1009.82,55.2,22.76,0.0,4.308,16.4637,107.5909,12.0,12.55,4,16,3,39,1970-01-21 13:28:10.320,1970-01-21 13:28:55.500,Xuân,,,
Huế,Bắc Trung Bộ,2026-04-19,25.78,30.3,23.48,29.96,34.88,27.42,2.52,2.52,0.0,2.0,83.8,17.6,37.82,21.235999999999997,1009.9,68.8,22.619999999999997,0.0,4.234,16.4637,107.5909,9.142,12.562,4,16,63,98,1970-01-21 13:29:36.696,1970-01-21 13:30:21.900,Xuân,,,
Huế,Bắc Trung Bộ,2026-04-20,25.9,29.78,22.86,30.160000000000004,35.5,26.78,1.3,1.3,0.0,1.2,82.8,15.52,34.92,21.94,1009.22,47.0,22.619999999999997,0.0,4.444,16.4637,107.5909,11.916,12.58,4,17,3,96,1970-01-21 13:31:03.048,1970-01-21 13:31:48.348,Xuân,,,
Huế,Bắc Trung Bộ,2026-04-21,26.6,31.32,22.86,30.619999999999997,36.260000000000005,26.08,1.04,1.04,0.0,1.4,77.8,17.2,34.42,23.964,1007.82,28.0,22.08,0.0,4.934,16.4637,107.5909,11.964,12.59,4,17,3,98,1970-01-21 13:32:29.400,1970-01-21 13:33:14.748,Xuân,,,
Huế,Bắc Trung Bộ,2026-04-22,27.26,32.019999999999996,23.4,31.56,37.08,27.08,0.96,0.96,0.0,0.8,77.8,17.119999999999997,33.4,23.714,1006.6,32.2,22.66,0.0,4.942,16.4637,107.5909,12.0,12.608,4,17,3,91,1970-01-21 13:33:55.788,1970-01-21 13:34:41.160,Xuân,,,
Huế,Bắc Trung Bộ,2026-04-23,27.7,32.480000000000004,24.14,32.260000000000005,37.82000000000001,27.98,0.36,0.36,0.0,0.8,77.0,15.9,32.96,23.27,1006.38,64.2,22.74,0.0,4.892,16.4637,107.5909,12.0,12.62,4,17,3,76,1970-01-21 13:35:22.140,1970-01-21 13:36:07.560,Xuân,,,
Huế,Bắc Trung Bộ,2026-04-24,25.1,28.6,23.4,29.56,33.28,27.380000000000003,5.26,5.26,0.0,7.0,89.0,15.4,34.339999999999996,11.94,1010.36,99.6,23.06,0.0,2.4059999999999997,16.4637,107.5909,4.46,12.634,4,17,53,8,1970-01-21 13:36:48.492,1970-01-21 13:37:33.960,Xuân,,,
Huế,Bắc Trung Bộ,2026-04-25,24.619999999999997,27.26,23.22,29.02,31.68,27.639999999999997,2.68,2.68,0.0,7.2,87.4,14.24,30.74,18.522,1013.18,86.6,22.28,0.0,3.508,16.4637,107.5909,10.528,12.65,4,17,3,17,1970-01-21 13:38:14.868,1970-01-21 13:39:00.408,Xuân,,,
Huế,Bắc Trung Bộ,2026-04-26,25.08,28.72,22.92,29.28,33.14,26.98,3.84,3.84,0.0,3.6,85.8,16.48,33.78,20.592,1011.6,84.8,22.38,0.0,4.0,16.4637,107.5909,11.18,12.66,4,17,3,89,1970-01-21 13:39:41.220,1970-01-21 13:40:26.820,Xuân,,,
Huế,Bắc Trung Bộ,2026-04-27,26.139999999999997,30.3,23.02,30.5,35.6,26.880000000000003,2.7,2.7,0.0,3.4,82.4,14.82,33.260000000000005,21.44,1009.04,90.0,22.74,0.0,4.386,16.4637,107.5909,11.716,12.675999999999998,4,18,3,101,1970-01-21 13:41:07.608,1970-01-21 13:41:53.220,Xuân,,,
Huế,Bắc Trung Bộ,2026-04-28,26.4,29.92,23.82,30.74,34.1,27.880000000000003,0.5800000000000001,0.5800000000000001,0.0,1.6,80.8,13.12,27.78,14.318,1008.06,90.2,22.66,0.0,3.094,16.4637,107.5909,5.668,12.69,4,18,51,132,1970-01-21 13:42:33.960,1970-01-21 13:43:19.620,Xuân,,,
Huế,Bắc Trung Bộ,2026-04-29,25.74,30.839999999999996,23.28,30.0,36.760000000000005,26.48,11.28,11.28,0.0,7.2,83.0,15.32,34.62,20.32,1010.36,67.0,22.32,0.0,4.1259999999999994,16.4637,107.5909,10.066,12.7,4,18,55,233,1970-01-21 13:44:00.336,1970-01-21 13:44:46.068,Xuân,,,
Huế,Bắc Trung Bộ,2026-04-30,24.36,26.04,23.119999999999997,27.24,28.72,25.74,4.5200000000000005,4.5200000000000005,0.0,10.6,83.6,18.04,35.339999999999996,14.812,1014.12,79.2,21.3,0.0,3.1279999999999997,16.4637,107.5909,7.65,12.716,4,18,51,352,1970-01-21 13:45:26.688,1970-01-21 13:46:12.480,Xuân,,,
Huế,Bắc Trung Bộ,2026-05-01,24.8,28.52,21.9,28.52,32.44,25.06,0.2799999999999999,0.2799999999999999,0.0,0.8,82.6,18.54,37.8,21.642,1012.18,74.6,21.5,0.0,4.246,16.4637,107.5909,11.506,12.73,5,18,3,65,1970-01-21 13:46:53.076,1970-01-21 13:47:38.880,Xuân,,,
Huế,Bắc Trung Bộ,2026-05-02,26.3,30.119999999999997,23.119999999999997,31.139999999999997,35.86,27.42,2.6999999999999997,2.6999999999999997,0.0,1.4,84.0,14.78,30.880000000000003,20.326,1009.7,85.2,23.18,0.0,4.116,16.4637,107.5909,10.548,12.74,5,18,3,93,1970-01-21 13:48:19.428,1970-01-21 13:49:05.304,Xuân,,,
Huế,Bắc Trung Bộ,2026-05-03,27.380000000000003,32.04,23.48,32.239999999999995,37.88,27.74,0.12,0.12,0.0,0.4,80.0,13.6,29.08,23.034,1009.24,73.0,23.2,0.0,4.706,16.4637,107.5909,11.866,12.752,5,18,3,2,1970-01-21 13:49:45.816,1970-01-21 13:50:31.728,Xuân,,,
Huế,Bắc Trung Bộ,2026-05-04,25.32,28.5,23.68,30.24,33.9,28.22,10.48,10.48,0.0,15.2,90.2,15.0,32.260000000000005,16.998,1012.78,91.2,23.52,0.0,3.264,16.4637,107.5909,7.651999999999999,12.77,5,19,63,2,1970-01-21 13:51:12.180,1970-01-21 13:51:58.140,Xuân,,,
Huế,Bắc Trung Bộ,2026-05-05,24.92,27.28,23.42,29.440000000000005,31.96,28.04,4.1,4.1,0.0,10.4,87.8,13.32,28.639999999999997,18.42,1012.14,78.4,22.64,0.0,3.5460000000000003,16.4637,107.5909,9.454,12.78,5,19,53,14,1970-01-21 13:52:38.568,1970-01-21 13:53:24.540,Xuân,,,
Huế,Bắc Trung Bộ,2026-05-06,26.0,29.839999999999996,22.7,30.56,35.06,26.9,0.38,0.38,0.0,1.2,84.2,17.6,35.86,23.948,1009.76,37.0,22.9,0.0,4.756,16.4637,107.5909,11.866,12.79,5,19,3,91,1970-01-21 13:54:04.920,1970-01-21 13:54:50.988,Xuân,,,
Huế,Bắc Trung Bộ,2026-05-07,27.18,31.379999999999995,23.619999999999997,31.639999999999997,36.82,27.660000000000004,0.06,0.06,0.0,0.4,80.0,19.06,37.52,24.77,1008.66,31.4,23.2,0.0,5.12,16.4637,107.5909,12.1,12.802,5,19,3,51,1970-01-21 13:55:31.308,1970-01-21 13:56:17.400,Xuân,,,
Huế,Bắc Trung Bộ,2026-05-08,26.68,30.42,23.86,31.1,35.58,27.98,0.4,0.4,0.0,2.2,80.6,17.8,37.66,24.23,1010.8,91.0,22.84,0.0,4.9,16.4637,107.5909,11.73,12.814000000000002,5,19,51,77,1970-01-21 13:56:57.672,1970-01-21 13:57:43.800,Xuân,,,
Huế,Bắc Trung Bộ,2026-05-09,26.18,29.48,23.380000000000003,30.82,34.519999999999996,27.76,1.36,1.36,0.0,5.6,82.4,14.12,31.119999999999997,24.3,1012.18,54.8,22.74,0.0,4.846,16.4637,107.5909,11.898,12.830000000000002,5,19,53,53,1970-01-21 13:58:24.048,1970-01-21 13:59:10.248,Xuân,,,
Huế,Bắc Trung Bộ,2026-05-10,26.02,28.92,23.52,30.72,33.8,28.119999999999997,2.1,2.1,0.0,7.4,83.6,13.96,30.96,22.706,1012.1,61.2,22.92,0.0,4.428,16.4637,107.5909,12.018,12.84,5,19,51,56,1970-01-21 13:59:50.436,1970-01-21 14:00:36.648,Xuân,,,
Huế,Bắc Trung Bộ,2026-05-11,26.58,30.32,23.74,31.22,35.18,28.48,0.14,0.14,0.0,1.4,82.2,17.8,37.0,24.598,1011.3,60.6,23.08,0.0,4.976,16.4637,107.5909,12.032,12.85,5,20,51,47,1970-01-21 14:01:16.800,1970-01-21 14:02:03.060,Xuân,,,
Huế,Bắc Trung Bộ,2026-05-12,27.360000000000003,31.42,23.78,32.06,36.72,28.04,0.26,0.26,0.0,1.4,81.4,17.7,34.62,24.646,1008.22,62.4,23.6,0.0,5.082,16.4637,107.5909,12.19,12.86,5,20,3,76,1970-01-21 14:02:43.188,1970-01-21 14:03:29.496,Xuân,,,
Huế,Bắc Trung Bộ,2026-05-13,28.1,32.32,24.86,33.54,38.66,29.78,2.0,2.0,0.0,4.6,80.8,16.32,33.9,23.996,1006.18,69.4,24.2,0.0,4.988,16.4637,107.5909,11.934,12.874,5,20,61,96,1970-01-21 14:04:09.564,1970-01-21 14:04:55.908,Xuân,,,
Huế,Bắc Trung Bộ,2026-05-14,28.28,32.5,25.1,33.82,38.98,29.76,3.84,3.84,0.0,6.6,79.8,13.2,31.02,22.418,1005.36,76.4,24.22,0.0,4.708,16.4637,107.5909,11.412,12.884,5,20,61,102,1970-01-21 14:05:35.928,1970-01-21 14:06:22.320,Xuân,,,
Huế,Bắc Trung Bộ,2026-05-15,28.639999999999997,33.04,26.06,33.980000000000004,39.98,30.5,4.58,4.58,0.0,7.8,77.0,14.1,32.1,21.26,1005.1,87.8,23.98,0.0,4.6899999999999995,16.4637,107.5909,10.382,12.894,5,20,61,174,1970-01-21 14:07:02.328,1970-01-21 14:07:48.756,Xuân,,,
Huế,Bắc Trung Bộ,2026-05-16,28.44,32.82,25.860000000000003,33.86,39.12,30.28,1.24,1.24,0.0,2.0,80.2,16.78,30.54,18.326,1005.26,96.2,24.44,0.0,4.0840000000000005,16.4637,107.5909,9.156,12.904,5,20,53,99,1970-01-21 14:08:28.716,1970-01-21 14:09:15.168,Xuân,,,
Huế,Bắc Trung Bộ,2026-05-17,27.3,31.74,24.94,32.660000000000004,38.34,29.44,8.959999999999999,8.959999999999999,0.0,7.0,83.6,14.26,34.56,18.619999999999997,1005.8,96.4,24.18,0.0,3.864,16.4637,107.5909,7.428,12.913999999999998,5,20,63,111,1970-01-21 14:09:55.080,1970-01-21 14:10:41.580,Xuân,,,
Huế,Bắc Trung Bộ,2026-05-18,27.380000000000003,31.18,24.86,32.9,37.46,29.56,10.98,10.98,0.0,6.6,83.0,11.66,26.42,20.65,1005.74,96.4,24.0,0.0,4.348000000000001,16.4637,107.5909,9.908,12.924,5,21,53,105,1970-01-21 14:11:21.468,1970-01-21 14:12:08.004,Xuân,,,
Huế,Bắc Trung Bộ,2026-05-19,27.56,31.380000000000003,25.0,33.0,36.739999999999995,29.660000000000004,5.26,5.26,0.0,5.4,82.8,13.98,30.46,17.568,1005.04,87.6,24.2,0.0,3.766,16.4637,107.5909,10.232,12.934,5,21,63,133,1970-01-21 14:12:47.868,1970-01-21 14:13:34.428,Xuân,,,
Huế,Bắc Trung Bộ,2026-05-20,27.78,31.339999999999996,25.639999999999997,33.58,37.42,30.72,6.28,6.28,0.0,5.8,84.4,13.12,31.76,17.594,1004.9,96.0,24.72,0.0,3.668,16.4637,107.5909,10.022,12.944,5,21,63,91,1970-01-21 14:14:14.244,1970-01-21 14:15:00.840,Xuân,,,
Huế,Bắc Trung Bộ,2026-05-21,28.1,32.739999999999995,25.880000000000003,34.18,39.38,30.839999999999996,12.34,12.34,0.0,9.4,84.6,12.66,34.42,20.774,1007.4,98.2,25.020000000000003,0.0,4.294,16.4637,107.5909,10.03,12.954,5,21,61,136,1970-01-21 14:15:40.620,1970-01-21 14:16:27.264,Xuân,,,
Huế,Bắc Trung Bộ,2026-05-22,28.76,33.18,25.0,34.04,39.66,29.860000000000003,0.4,0.4,0.0,2.0,77.2,15.84,30.52,23.248,1008.84,90.0,24.0,0.0,5.132,16.4637,107.5909,11.828,12.964000000000002,5,21,51,100,1970-01-21 14:17:07.008,1970-01-21 14:17:53.688,Xuân,,,
Huế,Bắc Trung Bộ,2026-05-23,29.619999999999997,34.059999999999995,25.72,35.019999999999996,40.32,30.5,0.6599999999999999,0.6599999999999999,0.0,2.6,74.0,15.72,32.82,24.438,1008.72,62.4,24.08,0.0,5.388,16.4637,107.5909,12.216,12.974,5,21,51,104,1970-01-21 14:18:33.408,1970-01-21 14:19:20.100,Xuân,,,
Huế,Bắc Trung Bộ,2026-05-24,30.02,34.92,25.880000000000003,35.339999999999996,41.42,30.380000000000003,1.14,1.14,0.0,2.6,72.0,14.26,30.880000000000003,24.892000000000003,1008.58,49.8,23.96,0.0,5.634,16.4637,107.5909,12.078,12.982,5,21,51,95,1970-01-21 14:19:59.808,1970-01-21 14:20:46.524,Xuân,,,
Huế,Bắc Trung Bộ,2026-05-25,30.44,35.54,26.42,35.559999999999995,41.8,30.78,0.74,0.74,0.0,1.8,69.8,14.72,32.64,25.49,1007.32,11.0,23.8,0.0,5.872,16.4637,107.5909,12.442,12.99,5,22,53,109,1970-01-21 14:21:26.196,1970-01-21 14:22:12.948,Xuân,,,
Huế,Bắc Trung Bộ,2026-05-26,30.24,35.760000000000005,26.5,34.980000000000004,41.96,30.160000000000004,0.94,0.94,0.0,3.2,68.2,16.72,32.14,25.332,1006.3,15.8,23.22,0.0,5.9879999999999995,16.4637,107.5909,12.486,12.998,5,22,51,134,1970-01-21 14:22:52.572,1970-01-21 14:23:39.360,Xuân,,,
Huế,Bắc Trung Bộ,2026-05-27,30.18,34.94,26.1,35.22,40.9,30.2,0.5599999999999999,0.5599999999999999,0.0,2.2,70.4,15.419999999999998,32.739999999999995,25.072,1006.98,13.8,23.619999999999997,0.0,5.698,16.4637,107.5909,12.426,13.004,5,22,1,95,1970-01-21 14:24:18.972,1970-01-21 14:25:05.796,Xuân,,,
Huế,Bắc Trung Bộ,2026-05-28,29.78,34.12,26.24,35.42,40.54,31.339999999999996,0.82,0.82,0.0,3.2,74.4,13.98,31.98,24.22,1008.22,33.0,24.380000000000003,0.0,5.202,16.4637,107.5909,12.412,13.014,5,22,51,85,1970-01-21 14:25:45.348,1970-01-21 14:26:32.208,Xuân,,,
Huế,Bắc Trung Bộ,2026-05-29,29.119999999999997,32.940000000000005,26.160000000000004,34.14,38.66,30.860000000000003,0.76,0.76,0.0,2.6,75.2,16.759999999999998,35.5,25.16,1008.72,40.2,24.02,0.0,5.492,16.4637,107.5909,12.058,13.022,5,22,3,7,1970-01-21 14:27:11.748,1970-01-21 14:27:58.620,Xuân,,,
Huế,Bắc Trung Bộ,2026-05-30,28.22,31.76,24.68,32.82,37.02,29.42,0.36,0.36,0.0,1.6,74.8,16.4,34.2,24.5,1009.28,50.6,23.02,0.0,5.316000000000001,16.4637,107.5909,12.412,13.028,5,22,3,33,1970-01-21 14:28:38.148,1970-01-21 14:29:25.068,Xuân,,,
Huế,Bắc Trung Bộ,2026-05-31,27.860000000000003,31.28,24.66,32.78,36.78,29.22,1.7,1.7,0.0,4.0,77.0,13.36,30.1,24.345999999999997,1009.24,45.6,23.22,0.0,5.148000000000001,16.4637,107.5909,12.2,13.034,5,22,51,64,1970-01-21 14:30:04.548,1970-01-21 14:30:51.468,Xuân,,,
Huế,Bắc Trung Bộ,2026-06-01,28.56,32.6,24.94,33.2,37.96,29.52,0.42,0.42,0.0,2.2,74.2,17.36,35.12,25.794,1008.42,72.4,23.1,0.0,5.692,16.4637,107.5909,12.43,13.041999999999998,6,23,3,44,1970-01-21 14:31:30.948,1970-01-21 14:32:17.892,Hè,,,
Huế,Bắc Trung Bộ,2026-06-02,28.68,32.82,24.66,33.28,38.08,29.08,0.3399999999999999,0.3399999999999999,0.0,2.4,73.8,18.94,37.52,25.94,1006.34,50.6,23.22,0.0,5.63,16.4637,107.5909,12.502,13.048000000000002,6,23,3,56,1970-01-21 14:32:57.348,1970-01-21 14:33:44.328,Hè,,,
Huế,Bắc Trung Bộ,2026-06-03,29.160000000000004,33.5,25.32,34.22,39.22,30.0,0.72,0.72,0.0,2.6,73.6,16.18,31.660000000000004,25.339999999999996,1004.38,32.4,23.58,0.0,5.476000000000001,16.4637,107.5909,12.486,13.053999999999998,6,23,51,90,1970-01-21 14:34:23.748,1970-01-21 14:35:10.728,Hè,,,
Huế,Bắc Trung Bộ,2026-06-04,29.44,34.4,25.8,34.06,39.9,29.28,1.86,1.86,0.0,4.8,70.8,18.14,35.78,25.278,1004.1,55.4,23.08,0.0,5.752,16.4637,107.5909,12.462,13.058000000000002,6,23,51,85,1970-01-21 14:35:50.148,1970-01-21 14:36:37.152,Hè,,,
Huế,Bắc Trung Bộ,2026-06-05,29.46,33.46,26.18,34.2,38.839999999999996,29.98,1.0,1.0,0.0,5.0,70.8,16.560000000000002,32.339999999999996,22.34,1005.3799999999999,80.2,23.28,0.0,5.093999999999999,16.4637,107.5909,12.28,13.064000000000002,6,23,51,115,1970-01-21 14:37:16.548,1970-01-21 14:38:03.588,Hè,,,
Huế,Bắc Trung Bộ,2026-06-06,30.22,34.44,26.9,35.04,39.660000000000004,31.380000000000003,1.22,1.22,0.0,3.6,68.0,14.5,33.339999999999996,21.054000000000002,1006.4,82.0,23.259999999999998,0.0,4.9479999999999995,16.4637,107.5909,11.822,13.072,6,23,53,106,1970-01-21 14:38:42.948,1970-01-21 14:39:29.988,Hè,,,
Huế,Bắc Trung Bộ,2026-06-07,31.060000000000002,34.78,27.98,35.4,39.62,32.5,0.18,0.18,0.0,0.6,62.8,15.719999999999999,35.58,22.016,1006.0200000000001,89.4,22.72,0.0,5.6739999999999995,16.4637,107.5909,11.356,13.074000000000002,6,23,3,114,1970-01-21 14:40:09.348,1970-01-21 14:40:56.412,Hè,,,
Huế,Bắc Trung Bộ,2026-06-08,31.24,35.260000000000005,27.839999999999996,34.88,38.7,31.18,0.02,0.02,0.0,0.2,59.0,16.68,35.2,19.266,1004.5,95.6,21.8,0.0,5.398000000000001,16.4637,107.5909,11.454,13.080000000000002,6,24,3,218,1970-01-21 14:41:35.748,1970-01-21 14:42:22.848,Hè,,,
Huế,Bắc Trung Bộ,2026-06-09,29.76,33.239999999999995,27.22,33.92,37.44,31.339999999999996,0.12,0.12,0.0,1.0,69.2,16.919999999999998,34.42,14.330000000000002,1005.5600000000001,99.6,23.119999999999997,0.0,3.9480000000000004,16.4637,107.5909,5.182,13.084,6,24,51,219,1970-01-21 14:43:02.148,1970-01-21 14:43:49.248,Hè,,,
Huế,Bắc Trung Bộ,2026-06-10,26.52,30.139999999999997,24.86,32.019999999999996,36.4,29.919999999999998,19.64,19.64,0.0,15.8,88.2,12.059999999999999,30.52,15.136000000000001,1009.32,93.2,24.28,0.0,3.1759999999999997,16.4637,107.5909,6.168,13.088,6,24,63,32,1970-01-21 14:44:28.548,1970-01-21 14:45:15.672,Hè,,,
Huế,Bắc Trung Bộ,2026-06-11,26.96,29.96,24.84,31.9,34.720000000000006,30.0,0.33999999999999997,0.33999999999999997,0.0,2.6,83.0,14.2,26.4,13.193999999999999,1011.82,84.6,23.64,0.0,3.0420000000000003,16.4637,107.5909,4.59,13.091999999999999,6,24,51,95,1970-01-21 14:45:54.948,1970-01-21 14:46:42.108,Hè,,,
Huế,Bắc Trung Bộ,2026-06-12,28.060000000000002,32.019999999999996,25.240000000000002,33.519999999999996,38.1,30.28,3.4200000000000004,3.4200000000000004,0.0,4.8,79.4,13.14,30.3,22.628,1012.0,75.8,23.98,0.0,4.738,16.4637,107.5909,11.742,13.094,6,24,63,91,1970-01-21 14:47:21.372,1970-01-21 14:48:08.508,Hè,,,
Huế,Bắc Trung Bộ,2026-06-13,29.0,34.22,25.22,33.88,40.18,29.580000000000002,0.6199999999999999,0.6199999999999999,0.0,2.8,73.0,14.64,32.260000000000005,24.166,1009.1600000000001,71.6,23.32,0.0,5.364,16.4637,107.5909,12.338,13.094,6,24,51,116,1970-01-21 14:48:47.772,1970-01-21 14:49:34.920,Hè,,,
Huế,Bắc Trung Bộ,2026-06-14,29.28,34.519999999999996,25.02,34.1,40.22,28.8,1.02,1.02,0.0,4.8,73.0,15.819999999999999,32.839999999999996,23.637999999999998,1006.5600000000001,83.0,23.44,0.0,5.378,16.4637,107.5909,12.238,13.1,6,24,51,119,1970-01-21 14:50:14.196,1970-01-21 14:51:01.332,Hè,,,
Huế,Bắc Trung Bộ,2026-06-15,29.380000000000003,35.2,25.839999999999996,34.739999999999995,41.67999999999999,30.340000000000003,1.94,1.94,0.0,4.2,75.8,15.839999999999998,34.28,23.872,1006.36,93.6,24.080000000000002,0.0,5.4,16.4637,107.5909,12.052,13.101999999999999,6,25,53,172,1970-01-21 14:51:40.608,1970-01-21 14:52:27.768,Hè,,,
Huế,Bắc Trung Bộ,2026-06-16,29.24,35.46,25.34,33.86,41.22,28.919999999999998,1.1400000000000001,1.1400000000000001,0.0,3.8,72.4,16.880000000000003,36.46,23.792,1007.4,92.6,23.1,0.0,5.508,16.4637,107.5909,11.804,13.104,6,25,51,188,1970-01-21 14:53:07.008,1970-01-21 14:53:54.168,Hè,,,
Huế,Bắc Trung Bộ,2026-06-17,29.28,35.0,25.54,34.019999999999996,40.7,29.660000000000004,4.9,4.9,0.0,4.8,72.2,16.240000000000002,36.28,23.366,1007.9,95.8,23.259999999999998,0.0,5.448,16.4637,107.5909,11.384,13.104,6,25,63,162,1970-01-21 14:54:33.408,1970-01-21 14:55:20.580,Hè,,,
Huế,Bắc Trung Bộ,2026-06-18,29.54,34.78,25.96,34.160000000000004,40.22,29.46,2.32,2.32,0.0,3.8,69.8,17.48,35.42,22.844,1007.6,97.4,22.98,0.0,5.29,16.4637,107.5909,11.42,13.104,6,25,53,135,1970-01-21 14:55:59.808,1970-01-21 14:56:47.004,Hè,,,
Huế,Bắc Trung Bộ,2026-06-19,29.860000000000003,34.67999999999999,25.98,34.64,40.4,29.660000000000004,1.46,1.46,0.0,3.4,69.8,15.34,33.7,24.424,1007.36,81.0,23.3,0.0,5.614,16.4637,107.5909,12.318000000000001,13.104,6,25,51,105,1970-01-21 14:57:26.232,1970-01-21 14:58:13.428,Hè,,,
Huế,Bắc Trung Bộ,2026-06-20,29.72,34.839999999999996,25.860000000000003,34.5,41.3,29.560000000000002,0.52,0.52,0.0,1.8,70.2,18.1,37.1,24.692,1008.1,51.0,23.3,0.0,5.672,16.4637,107.5909,12.452000000000002,13.107999999999999,6,25,51,106,1970-01-21 14:58:52.656,1970-01-21 14:59:39.828,Hè,,,
Huế,Bắc Trung Bộ,2026-06-21,29.439999999999998,34.019999999999996,26.0,34.62,40.3,29.98,1.7,1.7,0.0,3.0,74.2,19.380000000000003,37.019999999999996,24.637999999999998,1008.5600000000001,87.2,23.9,0.0,5.470000000000001,16.4637,107.5909,12.206,13.107999999999999,6,25,51,94,1970-01-21 15:00:19.068,1970-01-21 15:01:06.240,Hè,,,
Huế,Bắc Trung Bộ,2026-06-22,29.82,34.739999999999995,25.32,35.260000000000005,40.88,30.28,0.6,0.6,0.0,2.4,74.2,14.7,31.32,25.738,1006.76,39.6,24.2,0.0,5.746,16.4637,107.5909,12.368,13.107999999999999,6,26,51,96,1970-01-21 15:01:45.468,1970-01-21 15:02:32.652,Hè,,,
Huế,Bắc Trung Bộ,2026-06-23,30.82,35.760000000000005,26.360000000000003,35.5,41.22,30.859999999999996,0.38,0.38,0.0,2.8,65.0,17.98,37.92,26.008,1004.24,26.6,22.82,0.0,6.16,16.4637,107.5909,12.484,13.104,6,26,51,120,1970-01-21 15:03:11.892,1970-01-21 15:03:59.088,Hè,,,
Huế,Bắc Trung Bộ,2026-06-24,31.3,36.58,26.839999999999996,35.5,42.14,30.3,0.26,0.26,0.0,1.8,61.0,18.740000000000002,39.160000000000004,25.904000000000003,1003.74,45.0,22.2,0.0,6.35,16.4637,107.5909,12.462,13.104,6,26,51,128,1970-01-21 15:04:38.316,1970-01-21 15:05:25.488,Hè,,,
Huế,Bắc Trung Bộ,2026-06-25,31.54,37.02,27.32,35.94,42.32000000000001,30.839999999999996,0.96,0.96,0.0,4.6,61.0,15.180000000000001,36.42,25.332,1004.18,71.4,22.44,0.0,6.362,16.4637,107.5909,12.462,13.104,6,26,51,145,1970-01-21 15:06:04.728,1970-01-21 15:06:51.888,Hè,,,
Huế,Bắc Trung Bộ,2026-06-26,30.9,37.44,26.78,35.04,41.18,30.4,1.64,1.64,0.0,4.8,63.6,19.62,41.12,24.786,1005.0,90.8,22.4,0.0,6.254,16.4637,107.5909,12.072,13.104,6,26,53,212,1970-01-21 15:07:31.128,1970-01-21 15:08:18.300,Hè,,,
Huế,Bắc Trung Bộ,2026-06-27,29.880000000000003,35.54,25.76,34.62,41.480000000000004,29.660000000000004,2.0,2.0,0.0,4.0,69.2,15.319999999999999,33.78,22.856,1005.1600000000001,98.2,23.04,0.0,5.368,16.4637,107.5909,11.378,13.101999999999999,6,26,51,119,1970-01-21 15:08:57.552,1970-01-21 15:09:44.712,Hè,,,
Huế,Bắc Trung Bộ,2026-06-28,29.18,35.1,26.3,34.5,40.86,30.3,7.8,7.8,0.0,7.0,74.8,15.76,36.08,22.952,1004.9399999999999,91.8,23.919999999999998,0.0,5.026,16.4637,107.5909,11.866,13.1,6,26,61,146,1970-01-21 15:10:23.976,1970-01-21 15:11:11.136,Hè,,,
Huế,Bắc Trung Bộ,2026-06-29,28.76,34.02,25.939999999999998,33.940000000000005,39.86,30.380000000000003,11.06,11.06,0.0,7.6,76.2,16.02,34.0,22.701999999999998,1004.8799999999999,93.4,23.82,0.0,4.944,16.4637,107.5909,12.162,13.097999999999999,6,27,63,151,1970-01-21 15:11:50.388,1970-01-21 15:12:37.548,Hè,,,
Huế,Bắc Trung Bộ,2026-06-30,28.02,32.22,24.86,33.160000000000004,38.260000000000005,28.04,12.86,12.86,0.0,11.2,80.8,15.3,31.54,20.86,1005.54,92.4,24.04,0.0,4.714,16.4637,107.5909,11.146,13.094,6,27,63,157,1970-01-21 15:13:16.788,1970-01-21 15:14:03.948,Hè,,,
Huế,Bắc Trung Bộ,2026-07-01,27.660000000000004,32.1,25.36,33.36,38.02,30.439999999999998,12.5,12.5,0.0,8.2,83.8,14.38,32.96,22.928,1005.6,73.4,24.419999999999998,0.0,4.726,16.4637,107.5909,12.028,13.091999999999999,7,27,51,151,1970-01-21 15:14:43.212,1970-01-21 15:15:30.348,Hè,,,
Huế,Bắc Trung Bộ,2026-07-02,27.880000000000003,31.9,25.48,33.2,37.72,30.6,2.3400000000000003,2.3400000000000003,0.0,6.6,80.8,14.5,32.7,22.084,1005.6600000000001,84.6,24.04,0.0,4.768,16.4637,107.5909,10.708,13.088,7,27,53,246,1970-01-21 15:16:09.648,1970-01-21 15:16:56.748,Hè,,,
Huế,Bắc Trung Bộ,2026-07-03,26.26,29.619999999999997,24.3,31.22,35.08,27.96,18.26,18.26,0.0,18.8,90.4,17.080000000000002,34.12,8.95,1004.4799999999999,100.0,24.48,0.0,2.102,16.4637,107.5909,0.27999999999999997,13.084,7,27,63,198,1970-01-21 15:17:36.048,1970-01-21 15:18:23.148,Hè,,,
Huế,Bắc Trung Bộ,2026-07-04,26.360000000000003,28.26,24.82,31.880000000000003,34.68,29.139999999999997,19.3,19.3,0.0,16.0,90.4,14.180000000000001,29.28,6.942,1005.0799999999999,100.0,24.56,0.0,1.6880000000000002,16.4637,107.5909,0.374,13.081999999999999,7,27,63,149,1970-01-21 15:19:02.460,1970-01-21 15:19:49.548,Hè,,,
Huế,Bắc Trung Bộ,2026-07-05,27.860000000000003,31.46,24.580000000000002,32.54,35.739999999999995,29.060000000000002,2.18,2.18,0.0,2.2,76.8,12.059999999999999,27.579999999999995,13.4,1006.46,100.0,23.1,0.0,3.2619999999999996,16.4637,107.5909,3.2939999999999996,13.074000000000002,7,27,61,172,1970-01-21 15:20:28.896,1970-01-21 15:21:15.948,Hè,,,
Huế,Bắc Trung Bộ,2026-07-06,27.1,30.6,24.94,31.919999999999998,35.64,29.339999999999996,5.4799999999999995,5.4799999999999995,0.0,14.6,81.8,12.000000000000002,28.8,11.878,1006.82,100.0,23.52,0.0,2.908,16.4637,107.5909,2.9899999999999998,13.072,7,28,61,175,1970-01-21 15:21:55.308,1970-01-21 15:22:42.360,Hè,,,
Huế,Bắc Trung Bộ,2026-07-07,26.0,29.78,24.46,30.380000000000003,34.839999999999996,27.660000000000004,13.0,13.0,0.0,14.4,85.4,16.28,36.44,11.690000000000001,1005.5200000000001,97.4,23.22,0.0,2.75,16.4637,107.5909,3.178,13.064000000000002,7,28,61,177,1970-01-21 15:23:21.708,1970-01-21 15:24:08.760,Hè,,,
Huế,Bắc Trung Bộ,2026-07-08,28.060000000000002,32.54,24.18,32.519999999999996,38.22,27.54,4.16,4.16,0.0,9.4,75.0,17.240000000000002,36.6,23.05,1004.6,55.4,22.880000000000003,0.0,5.196,16.4637,107.5909,11.972,13.062000000000001,7,28,55,169,1970-01-21 15:24:48.144,1970-01-21 15:25:35.160,Hè,,,
Huế,Bắc Trung Bộ,2026-07-09,28.32,32.04,25.04,32.12,35.48,28.82,0.21999999999999997,0.21999999999999997,0.0,1.8,71.0,16.84,38.459999999999994,19.884,1004.5799999999999,55.6,22.259999999999998,0.0,4.742,16.4637,107.5909,11.518,13.053999999999998,7,28,51,205,1970-01-21 15:26:14.568,1970-01-21 15:27:01.560,Hè,,,
Huế,Bắc Trung Bộ,2026-07-10,28.3,32.44,25.96,32.160000000000004,35.620000000000005,29.939999999999998,2.8,2.8,0.0,6.2,72.8,20.84,46.660000000000004,18.241999999999997,1003.7,77.0,22.66,0.0,4.5840000000000005,16.4637,107.5909,9.378,13.05,7,28,51,196,1970-01-21 15:27:40.968,1970-01-21 15:28:27.960,Hè,,,
Huế,Bắc Trung Bộ,2026-07-11,28.8,32.56,25.52,31.78,35.519999999999996,28.660000000000004,0.72,0.72,0.0,3.2,67.0,22.119999999999997,46.0,20.096,1001.1600000000001,77.0,21.740000000000002,0.0,5.33,16.4637,107.5909,11.168000000000001,13.044,7,28,51,210,1970-01-21 15:29:07.404,1970-01-21 15:29:54.348,Hè,,,
Huế,Bắc Trung Bộ,2026-07-12,28.54,31.9,25.880000000000003,32.86,36.019999999999996,30.119999999999997,3.7600000000000002,3.7600000000000002,0.0,7.2,71.6,16.259999999999998,42.12,18.419999999999998,1001.14,73.6,22.619999999999997,0.0,4.3740000000000006,16.4637,107.5909,11.272,13.038,7,28,61,185,1970-01-21 15:30:33.828,1970-01-21 15:31:20.748,Hè,,,
Huế,Bắc Trung Bộ,2026-07-13,28.22,32.72,25.380000000000003,33.64,38.38,30.6,6.840000000000001,6.840000000000001,0.0,9.0,79.8,16.3,36.019999999999996,22.068,1002.72,88.0,24.080000000000002,0.0,4.787999999999999,16.4637,107.5909,11.108,13.032,7,29,63,124,1970-01-21 15:32:00.228,1970-01-21 15:32:47.148,Hè,,,
Huế,Bắc Trung Bộ,2026-07-14,28.78,33.019999999999996,26.26,33.66,37.459999999999994,31.139999999999997,1.46,1.46,0.0,4.0,73.8,13.320000000000002,33.12,17.163999999999998,1004.3,97.4,23.36,0.0,4.086,16.4637,107.5909,7.465999999999999,13.024000000000001,7,29,51,142,1970-01-21 15:33:26.664,1970-01-21 15:34:13.548,Hè,,,
Huế,Bắc Trung Bộ,2026-07-15,28.32,31.419999999999998,25.72,33.12,36.5,30.339999999999996,1.44,1.44,0.0,2.8,74.8,13.16,28.3,15.972,1005.86,98.0,23.22,0.0,3.742,16.4637,107.5909,7.862,13.014,7,29,51,180,1970-01-21 15:34:53.088,1970-01-21 15:35:39.948,Hè,,,
Huế,Bắc Trung Bộ,2026-07-16,29.380000000000003,33.480000000000004,26.4,33.76,38.660000000000004,30.28,0.08,0.08,0.0,0.2,68.2,13.379999999999999,29.880000000000003,20.768,1006.3399999999999,86.2,22.5,0.0,4.988,16.4637,107.5909,10.398,13.008,7,29,3,198,1970-01-21 15:36:19.488,1970-01-21 15:37:06.348,Hè,,,
Huế,Bắc Trung Bộ,2026-07-17,29.839999999999996,34.3,26.439999999999998,33.9,38.760000000000005,30.3,0.52,0.52,0.0,1.4,64.8,16.86,35.0,24.034,1005.8799999999999,84.6,22.119999999999997,0.0,5.818,16.4637,107.5909,11.959999999999999,13.002,7,29,51,208,1970-01-21 15:37:45.924,1970-01-21 15:38:32.712,Hè,,,
Huế,Bắc Trung Bộ,2026-07-18,29.9,34.519999999999996,26.18,34.18,40.3,29.880000000000003,0.44000000000000006,0.44000000000000006,0.0,1.8,64.6,12.919999999999998,32.18,25.128,1005.1600000000001,52.2,22.119999999999997,0.0,6.024,16.4637,107.5909,12.096,12.994,7,29,51,211,1970-01-21 15:39:12.348,1970-01-21 15:39:59.100,Hè,,,
Huế,Bắc Trung Bộ,2026-07-19,30.139999999999997,35.239999999999995,25.78,33.94,40.059999999999995,29.18,0.24000000000000005,0.24000000000000005,0.0,1.0,61.4,14.540000000000001,34.14,26.286,1005.54,66.2,21.259999999999998,0.0,6.409999999999999,16.4637,107.5909,12.178,12.984,7,29,3,220,1970-01-21 15:40:38.748,1970-01-21 15:41:25.500,Hè,,,
Huế,Bắc Trung Bộ,2026-07-20,30.02,35.38,25.7,33.660000000000004,39.519999999999996,29.020000000000003,0.8,0.8,0.0,2.6,61.0,17.36,36.5,25.248,1005.96,96.2,21.1,0.0,6.1899999999999995,16.4637,107.5909,11.876000000000001,12.974,7,30,51,152,1970-01-21 15:42:05.172,1970-01-21 15:42:51.888,Hè,,,
