province,region,date,temperature_2m_mean,temperature_2m_max,temperature_2m_min,apparent_temperature_mean,apparent_temperature_max,apparent_temperature_min,precipitation_sum,rain_sum,showers_sum,precipitation_hours,relative_humidity_2m_mean,wind_speed_10m_max,wind_gusts_10m_max,shortwave_radiation_sum,pressure_msl_mean,cloud_cover_mean,dew_point_2m_mean,snowfall_sum,et0_fao_evapotranspiration,latitude,longitude,sunshine_hours,daylight_hours,month,week,weather_code,wind_direction_10m_dominant,sunrise,sunset,season,uv_index_max,uv_index_clear_sky_max,precipitation_probability_max
Hà Nội,Đồng bằng sông Hồng,2025-07-21,27.919999999999998,31.139999999999997,26.339999999999996,33.06,36.660000000000004,29.119999999999997,37.760000000000005,37.760000000000005,0.0,17.6,88.4,26.860000000000003,52.120000000000005,5.512,993.68,100.0,25.78,0.0,1.688,21.0285,105.85420000000002,0.054000000000000006,13.228,7,30,63,275,1970-01-21 06:57:55.548,1970-01-21 06:58:43.152,Hè,,,
Hà Nội,Đồng bằng sông Hồng,2025-07-22,27.419999999999998,30.6,25.839999999999996,29.919999999999998,34.17999999999999,27.32,37.62,37.62,0.0,20.8,84.6,35.94,71.34,13.318000000000001,991.0200000000001,100.0,24.56,0.0,3.41,21.0285,105.85420000000002,6.58,13.212,7,30,65,9,1970-01-21 06:59:21.972,1970-01-21 07:00:09.540,Hè,,,
Hà Nội,Đồng bằng sông Hồng,2025-07-23,27.4,30.96,24.919999999999998,32.760000000000005,38.22,29.080000000000002,17.240000000000002,17.240000000000002,0.0,15.0,86.8,15.48,34.260000000000005,19.228,997.8,98.6,24.919999999999998,0.0,3.9599999999999995,21.0285,105.85420000000002,10.024000000000001,13.2,7,30,63,91,1970-01-21 07:00:48.384,1970-01-21 07:01:35.928,Hè,,,
Hà Nội,Đồng bằng sông Hồng,2025-07-24,27.139999999999997,30.76,24.72,33.18,37.379999999999995,29.78,19.240000000000002,19.240000000000002,0.0,17.2,89.8,13.4,29.4,14.136000000000001,1001.1,100.0,25.22,0.0,2.946,21.0285,105.85420000000002,5.884,13.187999999999999,7,30,63,46,1970-01-21 07:02:14.832,1970-01-21 07:03:02.292,Hè,,,
Hà Nội,Đồng bằng sông Hồng,2025-07-25,27.48,30.98,25.04,34.14,39.3,30.5,12.86,12.86,0.0,20.2,90.4,9.36,24.119999999999997,14.937999999999999,1001.3799999999999,100.0,25.68,0.0,3.18,21.0285,105.85420000000002,5.662,13.178,7,30,63,3,1970-01-21 07:03:41.232,1970-01-21 07:04:28.680,Hè,,,
Hà Nội,Đồng bằng sông Hồng,2025-07-26,28.2,32.5,25.639999999999997,35.12,41.1,32.260000000000005,14.74,14.74,0.0,12.0,87.2,13.219999999999999,31.4,22.05,1001.0799999999999,71.2,25.68,0.0,4.6259999999999994,21.0285,105.85420000000002,9.914,13.162,7,30,65,82,1970-01-21 07:05:07.668,1970-01-21 07:05:55.056,Hè,,,
Hà Nội,Đồng bằng sông Hồng,2025-07-27,28.54,32.88,25.48,35.17999999999999,41.18,31.82,1.9600000000000002,1.9600000000000002,0.0,4.0,85.4,14.940000000000001,28.96,22.701999999999998,1000.4799999999999,79.2,25.639999999999997,0.0,4.837999999999999,21.0285,105.85420000000002,11.664,13.15,7,30,53,133,1970-01-21 07:06:34.092,1970-01-21 07:07:21.432,Hè,,,
Hà Nội,Đồng bằng sông Hồng,2025-07-28,29.560000000000002,34.17999999999999,25.080000000000002,36.64,42.92,31.360000000000003,0.5,0.5,0.0,1.2,81.8,11.8,22.240000000000002,24.688,998.8399999999999,41.2,25.880000000000003,0.0,5.4,21.0285,105.85420000000002,11.966,13.138,7,31,3,167,1970-01-21 07:08:00.504,1970-01-21 07:08:47.808,Hè,,,
Hà Nội,Đồng bằng sông Hồng,2025-07-29,30.96,35.54,26.439999999999998,38.22,44.1,33.18,0.0,0.0,0.0,0.0,78.2,9.86,18.72,24.016,997.0799999999999,77.6,26.46,0.0,5.446,21.0285,105.85420000000002,11.664,13.122,7,31,3,163,1970-01-21 07:09:26.940,1970-01-21 07:10:14.172,Hè,,,
Hà Nội,Đồng bằng sông Hồng,2025-07-30,31.5,36.18,27.339999999999996,38.980000000000004,45.12,34.08,3.0,3.0,0.0,0.8,77.2,10.26,23.7,23.814,996.8,98.8,26.82,0.0,5.424,21.0285,105.85420000000002,11.356,13.11,7,31,63,125,1970-01-21 07:10:53.352,1970-01-21 07:11:40.548,Hè,,,
Hà Nội,Đồng bằng sông Hồng,2025-07-31,29.8,34.06,27.02,37.019999999999996,42.22,32.239999999999995,12.959999999999999,12.959999999999999,0.0,7.0,83.8,16.36,31.119999999999997,19.156,997.24,98.2,26.6,0.0,4.224,21.0285,105.85420000000002,8.788,13.097999999999999,7,31,63,111,1970-01-21 07:12:19.776,1970-01-21 07:13:06.912,Hè,,,
Hà Nội,Đồng bằng sông Hồng,2025-08-01,28.360000000000003,32.4,26.02,34.86,40.8,31.7,8.2,8.2,0.0,11.8,86.2,12.22,33.28,20.778,998.7,88.0,25.7,0.0,4.318,21.0285,105.85420000000002,10.756,13.080000000000002,8,31,61,25,1970-01-21 07:13:46.200,1970-01-21 07:14:33.300,Hè,,,
Hà Nội,Đồng bằng sông Hồng,2025-08-02,29.82,34.42,25.68,36.94,43.3,31.639999999999997,0.38,0.38,0.0,2.8,83.0,14.6,28.28,24.044,1000.22,83.2,26.5,0.0,5.336,21.0285,105.85420000000002,12.03,13.068000000000001,8,31,51,189,1970-01-21 07:15:12.612,1970-01-21 07:15:59.652,Hè,,,
Hà Nội,Đồng bằng sông Hồng,2025-08-03,31.54,36.5,26.880000000000003,38.260000000000005,43.459999999999994,34.04,0.08,0.08,0.0,0.2,75.8,14.940000000000001,32.480000000000004,23.98,999.4200000000001,93.2,26.360000000000003,0.0,5.802,21.0285,105.85420000000002,12.008,13.05,8,31,3,197,1970-01-21 07:16:39.048,1970-01-21 07:17:26.028,Hè,,,
Hà Nội,Đồng bằng sông Hồng,2025-08-04,32.18,36.739999999999995,28.22,38.260000000000005,43.58,33.18,0.08,0.08,0.0,0.2,69.4,13.540000000000001,28.139999999999997,23.754,999.18,99.6,25.580000000000002,0.0,5.898,21.0285,105.85420000000002,11.43,13.038,8,32,3,201,1970-01-21 07:18:05.472,1970-01-21 07:18:52.392,Hè,,,
Hà Nội,Đồng bằng sông Hồng,2025-08-05,29.639999999999997,34.72,27.52,36.9,42.28,34.42,14.5,14.5,0.0,7.4,85.6,12.76,28.080000000000002,13.607999999999999,1001.1,100.0,26.8,0.0,3.086,21.0285,105.85420000000002,4.542,13.02,8,32,65,24,1970-01-21 07:19:31.884,1970-01-21 07:20:18.768,Hè,,,
Hà Nội,Đồng bằng sông Hồng,2025-08-06,27.96,30.439999999999998,26.619999999999997,34.82,37.46,32.92,12.219999999999999,12.219999999999999,0.0,14.6,91.8,9.92,24.98,7.462000000000001,1002.9200000000001,100.0,26.46,0.0,1.718,21.0285,105.85420000000002,0.49800000000000005,13.0,8,32,63,124,1970-01-21 07:20:58.320,1970-01-21 07:21:45.120,Hè,,,
Hà Nội,Đồng bằng sông Hồng,2025-08-07,28.82,31.98,25.98,35.339999999999996,38.68,32.44,2.52,2.52,0.0,5.2,86.0,11.8,21.080000000000002,12.446,1005.1600000000001,96.0,26.1,0.0,2.902,21.0285,105.85420000000002,2.35,12.99,8,32,55,121,1970-01-21 07:22:24.732,1970-01-21 07:23:11.484,Hè,,,
Hà Nội,Đồng bằng sông Hồng,2025-08-08,30.54,34.86,26.560000000000002,36.58,41.839999999999996,32.88,0.44000000000000006,0.44000000000000006,0.0,2.6,77.2,16.68,30.82,22.976,1005.4200000000001,50.2,25.860000000000003,0.0,5.4479999999999995,21.0285,105.85420000000002,12.0,12.970000000000002,8,32,51,173,1970-01-21 07:23:51.144,1970-01-21 07:24:37.860,Hè,,,
Hà Nội,Đồng bằng sông Hồng,2025-08-09,31.2,35.54,27.139999999999997,37.38,42.660000000000004,33.260000000000005,0.0,0.0,0.0,0.0,74.4,15.680000000000001,28.580000000000002,24.256,1004.22,71.0,25.74,0.0,5.8,21.0285,105.85420000000002,12.0,12.958000000000002,8,32,3,171,1970-01-21 07:25:17.580,1970-01-21 07:26:04.212,Hè,,,
Hà Nội,Đồng bằng sông Hồng,2025-08-10,30.560000000000002,33.839999999999996,27.939999999999998,37.4,41.980000000000004,34.44,3.2600000000000002,3.2600000000000002,0.0,8.0,81.2,14.780000000000001,28.0,21.64,1003.9799999999999,92.6,26.880000000000003,0.0,4.93,21.0285,105.85420000000002,12.0,12.940000000000001,8,32,55,130,1970-01-21 07:26:43.992,1970-01-21 07:27:30.576,Hè,,,
Hà Nội,Đồng bằng sông Hồng,2025-08-11,30.080000000000002,33.88,26.48,36.72,42.3,32.980000000000004,3.2,3.2,0.0,6.4,81.8,14.319999999999999,29.46,22.7,1004.0600000000001,93.4,26.439999999999998,0.0,5.084,21.0285,105.85420000000002,11.82,12.919999999999998,8,33,55,128,1970-01-21 07:28:10.416,1970-01-21 07:28:56.940,Hè,,,
Hà Nội,Đồng bằng sông Hồng,2025-08-12,29.580000000000002,33.56,26.4,36.239999999999995,41.620000000000005,32.160000000000004,3.0,3.0,0.0,6.6,83.0,12.84,30.119999999999997,22.830000000000002,1004.8,94.6,26.2,0.0,4.904,21.0285,105.85420000000002,12.0,12.908000000000001,8,33,61,151,1970-01-21 07:29:36.840,1970-01-21 07:30:23.292,Hè,,,
Hà Nội,Đồng bằng sông Hồng,2025-08-13,29.04,32.86,25.54,35.88,41.48,31.339999999999996,1.8199999999999998,1.8199999999999998,0.0,2.8,83.4,8.82,18.86,20.678,1005.8399999999999,95.2,25.74,0.0,4.396,21.0285,105.85420000000002,11.209999999999999,12.89,8,33,53,169,1970-01-21 07:31:03.252,1970-01-21 07:31:49.656,Hè,,,
Hà Nội,Đồng bằng sông Hồng,2025-08-14,29.4,32.4,26.380000000000003,36.660000000000004,41.44,33.260000000000005,4.720000000000001,4.720000000000001,0.0,7.6,85.2,9.940000000000001,21.119999999999997,19.802,1003.9,98.8,26.560000000000002,0.0,4.224,21.0285,105.85420000000002,11.556000000000001,12.87,8,33,63,94,1970-01-21 07:32:29.676,1970-01-21 07:33:16.020,Hè,,,
Hà Nội,Đồng bằng sông Hồng,2025-08-15,26.46,29.139999999999997,24.46,31.68,35.06,28.78,16.16,16.16,0.0,16.0,89.6,13.5,29.52,11.352,1004.74,96.2,24.560000000000002,0.0,2.41,21.0285,105.85420000000002,3.7980000000000005,12.857999999999999,8,33,63,103,1970-01-21 07:33:56.100,1970-01-21 07:34:42.372,Hè,,,
Hà Nội,Đồng bằng sông Hồng,2025-08-16,25.619999999999997,29.919999999999998,23.3,30.98,37.12,27.72,25.72,25.72,0.0,17.8,90.6,10.4,25.56,14.258,1007.5,97.4,23.96,0.0,2.9059999999999997,21.0285,105.85420000000002,6.104,12.84,8,33,63,23,1970-01-21 07:35:22.512,1970-01-21 07:36:08.724,Hè,,,
Hà Nội,Đồng bằng sông Hồng,2025-08-17,26.54,31.54,24.14,31.5,36.88,28.139999999999997,13.219999999999999,13.219999999999999,0.0,10.0,87.8,16.259999999999998,40.04,15.547999999999998,1007.6600000000001,95.8,24.240000000000002,0.0,3.2960000000000003,21.0285,105.85420000000002,6.036,12.819999999999999,8,33,63,319,1970-01-21 07:36:48.924,1970-01-21 07:37:35.100,Hè,,,
Hà Nội,Đồng bằng sông Hồng,2025-08-18,26.18,29.74,23.98,30.919999999999998,34.5,27.360000000000003,25.3,25.3,0.0,12.4,89.2,17.919999999999998,39.379999999999995,11.536,1005.9799999999999,99.8,24.240000000000002,0.0,2.44,21.0285,105.85420000000002,4.226,12.8,8,34,65,328,1970-01-21 07:38:15.360,1970-01-21 07:39:01.440,Hè,,,
Hà Nội,Đồng bằng sông Hồng,2025-08-19,26.32,28.68,24.56,31.54,34.019999999999996,29.04,11.959999999999999,11.959999999999999,0.0,16.4,91.8,13.14,25.2,7.006,1005.6200000000001,100.0,24.8,0.0,1.6079999999999999,21.0285,105.85420000000002,0.31399999999999995,12.788,8,34,61,197,1970-01-21 07:39:41.772,1970-01-21 07:40:27.792,Hè,,,
Hà Nội,Đồng bằng sông Hồng,2025-08-20,28.580000000000002,32.42,25.7,34.2,38.88,31.060000000000002,2.12,2.12,0.0,6.2,84.6,17.86,35.980000000000004,18.182,1006.0799999999999,100.0,25.580000000000002,0.0,4.046,21.0285,105.85420000000002,7.840000000000001,12.77,8,34,51,144,1970-01-21 07:41:08.184,1970-01-21 07:41:54.144,Hè,,,
Hà Nội,Đồng bằng sông Hồng,2025-08-21,27.660000000000004,30.139999999999997,25.46,33.160000000000004,35.92,30.439999999999998,20.98,20.98,0.0,8.4,89.2,17.3,34.78,10.0,1007.6200000000001,100.0,25.639999999999997,0.0,2.288,21.0285,105.85420000000002,0.73,12.75,8,34,63,136,1970-01-21 07:42:34.620,1970-01-21 07:43:20.520,Hè,,,
Hà Nội,Đồng bằng sông Hồng,2025-08-22,28.46,31.119999999999997,26.560000000000002,33.760000000000005,37.32,31.72,4.26,4.26,0.0,6.2,84.4,16.839999999999996,35.440000000000005,16.808,1007.4799999999999,100.0,25.44,0.0,3.7359999999999998,21.0285,105.85420000000002,7.69,12.73,8,34,63,159,1970-01-21 07:44:01.020,1970-01-21 07:44:46.860,Hè,,,
Hà Nội,Đồng bằng sông Hồng,2025-08-23,27.6,30.4,25.14,33.6,36.94,30.580000000000002,7.38,7.38,0.0,9.2,86.6,12.680000000000001,31.52,17.924,1007.72,91.6,25.04,0.0,3.6439999999999997,21.0285,105.85420000000002,10.290000000000001,12.71,8,34,63,138,1970-01-21 07:45:27.432,1970-01-21 07:46:13.200,Hè,,,
Hà Nội,Đồng bằng sông Hồng,2025-08-24,27.360000000000003,32.1,24.98,32.9,39.12,29.639999999999997,12.459999999999999,12.459999999999999,0.0,7.4,87.4,15.819999999999999,36.0,17.857999999999997,1006.72,64.0,24.98,0.0,3.7359999999999998,21.0285,105.85420000000002,7.564,12.691999999999998,8,34,63,333,1970-01-21 07:46:53.856,1970-01-21 07:47:39.540,Hè,,,
Hà Nội,Đồng bằng sông Hồng,2025-08-25,25.52,26.74,24.16,28.48,29.880000000000003,26.9,38.88,38.88,0.0,20.0,89.4,24.1,49.6,5.248,1005.0200000000001,99.2,23.64,0.0,1.528,21.0285,105.85420000000002,0.0,12.678,8,35,63,20,1970-01-21 07:48:20.280,1970-01-21 07:49:05.904,Hè,,,
Hà Nội,Đồng bằng sông Hồng,2025-08-26,24.76,26.68,23.639999999999997,28.52,31.52,25.880000000000003,67.24,67.24,0.0,24.0,95.0,22.02,45.28,5.176,1006.9799999999999,100.0,23.82,0.0,1.134,21.0285,105.85420000000002,0.03,12.658,8,35,63,83,1970-01-21 07:49:46.692,1970-01-21 07:50:32.256,Hè,,,
Hà Nội,Đồng bằng sông Hồng,2025-08-27,25.080000000000002,28.139999999999997,23.36,30.560000000000002,34.22,27.9,27.52,27.52,0.0,17.8,94.2,8.74,20.68,8.6,1007.8799999999999,96.2,24.06,0.0,1.7920000000000003,21.0285,105.85420000000002,1.4220000000000002,12.638000000000002,8,35,63,15,1970-01-21 07:51:13.104,1970-01-21 07:51:58.620,Hè,,,
Hà Nội,Đồng bằng sông Hồng,2025-08-28,26.560000000000002,30.580000000000002,23.56,32.660000000000004,37.92,28.72,5.62,5.62,0.0,9.2,89.4,12.42,29.139999999999997,19.436,1007.4200000000001,53.4,24.54,0.0,3.944,21.0285,105.85420000000002,10.175999999999998,12.617999999999999,8,35,53,50,1970-01-21 07:52:39.540,1970-01-21 07:53:24.960,Hè,,,
Hà Nội,Đồng bằng sông Hồng,2025-08-29,26.7,30.9,24.0,31.919999999999998,37.44,28.419999999999998,10.74,10.74,0.0,13.4,87.8,16.68,35.06,18.854,1008.3399999999999,74.8,24.36,0.0,3.808,21.0285,105.85420000000002,9.242,12.6,8,35,63,0,1970-01-21 07:54:05.940,1970-01-21 07:54:51.300,Hè,,,
Hà Nội,Đồng bằng sông Hồng,2025-08-30,26.4,30.160000000000004,24.36,30.839999999999996,34.339999999999996,27.880000000000003,30.860000000000003,30.860000000000003,0.0,15.8,89.0,21.56,46.1,11.809999999999999,1007.72,96.4,24.34,0.0,2.582,21.0285,105.85420000000002,4.986,12.58,8,35,63,6,1970-01-21 07:55:32.352,1970-01-21 07:56:17.640,Hè,,,
Hà Nội,Đồng bằng sông Hồng,2025-08-31,25.9,29.939999999999998,23.660000000000004,31.46,36.44,28.18,24.6,24.6,0.0,17.0,91.8,11.18,27.360000000000003,12.406,1008.0600000000001,98.2,24.4,0.0,2.532,21.0285,105.85420000000002,3.872,12.562000000000001,8,35,65,12,1970-01-21 07:56:58.764,1970-01-21 07:57:43.980,Hè,,,
Hà Nội,Đồng bằng sông Hồng,2025-09-01,26.72,30.5,24.02,32.660000000000004,37.1,29.26,8.86,8.86,0.0,12.2,89.2,10.08,22.1,16.878,1006.9799999999999,95.6,24.66,0.0,3.502,21.0285,105.85420000000002,8.315999999999999,12.541999999999998,9,36,63,81,1970-01-21 07:58:25.200,1970-01-21 07:59:10.332,Thu,,,
Hà Nội,Đồng bằng sông Hồng,2025-09-02,27.74,31.419999999999998,24.580000000000002,33.980000000000004,39.3,30.26,1.2600000000000002,1.2600000000000002,0.0,5.8,86.6,14.02,27.74,21.264,1006.6200000000001,77.8,25.14,0.0,4.428,21.0285,105.85420000000002,11.894,12.522,9,36,51,116,1970-01-21 07:59:51.600,1970-01-21 08:00:36.684,Thu,,,
Hà Nội,Đồng bằng sông Hồng,2025-09-03,28.560000000000002,32.38,25.16,34.480000000000004,38.9,31.160000000000004,0.9,0.9,0.0,5.0,82.6,12.9,27.060000000000002,22.018,1006.78,34.0,25.14,0.0,4.742,21.0285,105.85420000000002,12.0,12.501999999999999,9,36,51,145,1970-01-21 08:01:18.012,1970-01-21 08:02:03.048,Thu,,,
Hà Nội,Đồng bằng sông Hồng,2025-09-04,28.939999999999998,32.839999999999996,25.2,34.7,39.239999999999995,30.74,0.27999999999999997,0.27999999999999997,0.0,1.4,80.8,12.2,25.619999999999997,22.907999999999998,1006.3799999999999,13.4,25.04,0.0,5.052,21.0285,105.85420000000002,12.0,12.488,9,36,3,147,1970-01-21 08:02:44.436,1970-01-21 08:03:29.400,Thu,,,
Hà Nội,Đồng bằng sông Hồng,2025-09-05,29.339999999999996,33.3,25.4,35.260000000000005,40.06,31.2,0.1,0.1,0.0,0.8,79.8,12.459999999999999,22.84,23.003999999999998,1006.6,55.8,25.240000000000002,0.0,5.12,21.0285,105.85420000000002,12.0,12.468,9,36,3,145,1970-01-21 08:04:10.860,1970-01-21 08:04:55.740,Thu,,,
Hà Nội,Đồng bằng sông Hồng,2025-09-06,29.0,32.6,25.839999999999996,35.68,41.339999999999996,32.160000000000004,0.86,0.86,0.0,4.8,83.2,11.84,23.28,20.318,1007.4200000000001,82.0,25.7,0.0,4.414,21.0285,105.85420000000002,10.882,12.447999999999999,9,36,53,136,1970-01-21 08:05:37.260,1970-01-21 08:06:22.080,Thu,,,
Hà Nội,Đồng bằng sông Hồng,2025-09-07,29.419999999999998,33.160000000000004,25.660000000000004,35.78,40.980000000000004,31.919999999999998,0.12,0.12,0.0,0.8,77.2,8.7,18.14,22.826,1005.8399999999999,53.2,24.619999999999997,0.0,4.928,21.0285,105.85420000000002,12.0,12.428,9,36,51,45,1970-01-21 08:07:03.672,1970-01-21 08:07:48.420,Thu,,,
Hà Nội,Đồng bằng sông Hồng,2025-09-08,30.02,34.06,25.74,36.08,42.019999999999996,31.160000000000004,0.18,0.18,0.0,1.6,74.8,15.26,27.22,22.144,1004.5600000000001,82.8,24.82,0.0,5.082,21.0285,105.85420000000002,11.902,12.408,9,37,51,139,1970-01-21 08:08:30.096,1970-01-21 08:09:14.760,Thu,,,
Hà Nội,Đồng bằng sông Hồng,2025-09-09,28.24,31.419999999999998,26.160000000000004,34.8,39.06,32.42,4.959999999999999,4.959999999999999,0.0,8.6,87.0,12.139999999999999,23.54,10.538,1005.9399999999999,96.4,25.839999999999996,0.0,2.414,21.0285,105.85420000000002,2.3739999999999997,12.388000000000002,9,37,63,92,1970-01-21 08:09:56.520,1970-01-21 08:10:41.100,Thu,,,
Hà Nội,Đồng bằng sông Hồng,2025-09-10,27.919999999999998,31.3,25.46,34.519999999999996,38.68,31.8,8.06,8.06,0.0,10.4,88.6,7.82,20.44,16.182,1007.4,98.2,25.74,0.0,3.3980000000000006,21.0285,105.85420000000002,9.792,12.37,9,37,63,82,1970-01-21 08:11:22.920,1970-01-21 08:12:07.440,Thu,,,
Hà Nội,Đồng bằng sông Hồng,2025-09-11,27.060000000000002,30.619999999999997,24.8,32.68,37.7,29.72,26.24,26.24,0.0,17.2,89.6,13.540000000000001,30.6,13.228,1008.3799999999999,97.0,25.14,0.0,2.774,21.0285,105.85420000000002,6.192,12.35,9,37,63,110,1970-01-21 08:12:49.320,1970-01-21 08:13:33.780,Thu,,,
Hà Nội,Đồng bằng sông Hồng,2025-09-12,27.0,31.3,24.66,32.56,38.44,29.7,10.6,10.6,0.0,13.0,89.6,16.84,35.38,18.907999999999998,1009.3399999999999,83.4,25.02,0.0,3.754,21.0285,105.85420000000002,10.24,12.33,9,37,63,140,1970-01-21 08:14:15.744,1970-01-21 08:15:00.120,Thu,,,
Hà Nội,Đồng bằng sông Hồng,2025-09-13,28.3,32.2,24.72,34.1,38.7,30.48,0.8400000000000001,0.8400000000000001,0.0,5.0,82.8,12.540000000000001,26.52,21.604000000000003,1009.78,90.0,24.880000000000003,0.0,4.616,21.0285,105.85420000000002,11.966,12.31,9,37,51,129,1970-01-21 08:15:42.180,1970-01-21 08:16:26.460,Thu,,,
Hà Nội,Đồng bằng sông Hồng,2025-09-14,27.919999999999998,31.419999999999998,24.8,33.82,38.54,30.339999999999996,2.42,2.42,0.0,5.2,84.2,10.14,24.520000000000003,19.3,1009.78,94.0,24.880000000000003,0.0,4.056,21.0285,105.85420000000002,10.722,12.29,9,37,61,128,1970-01-21 08:17:08.580,1970-01-21 08:17:52.800,Thu,,,
Hà Nội,Đồng bằng sông Hồng,2025-09-15,27.139999999999997,30.439999999999998,24.580000000000002,32.519999999999996,37.06,29.560000000000002,7.7,7.7,0.0,10.0,86.0,12.72,28.0,15.951999999999998,1010.28,91.4,24.52,0.0,3.318,21.0285,105.85420000000002,9.638,12.27,9,38,61,135,1970-01-21 08:18:34.980,1970-01-21 08:19:19.140,Thu,,,
Hà Nội,Đồng bằng sông Hồng,2025-09-16,27.68,31.580000000000002,23.96,33.480000000000004,38.980000000000004,29.04,8.76,8.76,0.0,8.6,82.4,11.120000000000001,20.44,21.206,1010.1600000000001,62.6,24.259999999999998,0.0,4.49,21.0285,105.85420000000002,11.622,12.25,9,38,63,117,1970-01-21 08:20:01.404,1970-01-21 08:20:45.492,Thu,,,
Hà Nội,Đồng bằng sông Hồng,2025-09-17,26.98,31.560000000000002,24.56,32.82,38.56,29.360000000000003,10.32,10.32,0.0,11.4,87.0,15.280000000000001,35.0,17.368000000000002,1008.9399999999999,76.0,24.48,0.0,3.5759999999999996,21.0285,105.85420000000002,7.558,12.23,9,38,63,54,1970-01-21 08:21:27.840,1970-01-21 08:22:11.832,Thu,,,
Hà Nội,Đồng bằng sông Hồng,2025-09-18,26.46,30.3,23.580000000000002,32.2,36.519999999999996,28.3,19.580000000000002,19.580000000000002,0.0,14.6,89.0,12.76,30.24,16.092000000000002,1008.9,98.8,24.380000000000003,0.0,3.268,21.0285,105.85420000000002,8.162,12.21,9,38,63,20,1970-01-21 08:22:54.240,1970-01-21 08:23:38.196,Thu,,,
Hà Nội,Đồng bằng sông Hồng,2025-09-19,27.619999999999997,31.68,24.0,33.62,39.04,28.96,7.1800000000000015,7.1800000000000015,0.0,10.2,84.6,10.559999999999999,23.919999999999998,20.314,1008.4399999999999,67.8,24.56,0.0,4.268,21.0285,105.85420000000002,11.166,12.19,9,38,61,113,1970-01-21 08:24:20.640,1970-01-21 08:25:04.536,Thu,,,
Hà Nội,Đồng bằng sông Hồng,2025-09-20,29.26,33.480000000000004,24.779999999999998,35.239999999999995,40.480000000000004,30.46,0.04,0.04,0.0,0.4,76.8,12.6,21.8,21.896,1006.5,38.8,24.380000000000003,0.0,4.872,21.0285,105.85420000000002,11.818000000000001,12.17,9,38,3,138,1970-01-21 08:25:47.064,1970-01-21 08:26:30.876,Thu,,,
Hà Nội,Đồng bằng sông Hồng,2025-09-21,28.68,33.220000000000006,26.060000000000002,34.7,40.56,31.54,7.18,7.18,0.0,6.8,82.6,12.98,28.72,19.46,1005.9,65.0,25.259999999999998,0.0,4.206,21.0285,105.85420000000002,10.478,12.15,9,38,63,78,1970-01-21 08:27:13.488,1970-01-21 08:27:57.228,Thu,,,
Hà Nội,Đồng bằng sông Hồng,2025-09-22,26.9,30.339999999999996,24.3,32.339999999999996,36.04,29.2,15.059999999999999,15.059999999999999,0.0,16.0,86.6,10.8,24.04,14.35,1007.46,85.4,24.36,0.0,3.0119999999999996,21.0285,105.85420000000002,7.218000000000001,12.13,9,39,63,53,1970-01-21 08:28:39.900,1970-01-21 08:29:23.580,Thu,,,
Hà Nội,Đồng bằng sông Hồng,2025-09-23,27.880000000000003,31.919999999999998,24.26,32.96,37.5,28.7,0.8,0.8,0.0,5.0,80.2,11.18,23.240000000000002,20.088,1005.54,43.6,23.82,0.0,4.328,21.0285,105.85420000000002,11.226,12.11,9,39,51,322,1970-01-21 08:30:06.300,1970-01-21 08:30:49.920,Thu,,,
Hà Nội,Đồng bằng sông Hồng,2025-09-24,29.02,33.54,24.9,32.64,36.480000000000004,28.48,0.22000000000000003,0.22000000000000003,0.0,2.0,70.6,23.3,47.160000000000004,20.252000000000002,1002.68,78.8,22.72,0.0,5.098000000000001,21.0285,105.85420000000002,11.034,12.09,9,39,51,341,1970-01-21 08:31:32.724,1970-01-21 08:32:16.260,Thu,,,
Hà Nội,Đồng bằng sông Hồng,2025-09-25,26.18,28.1,24.46,29.660000000000004,31.160000000000004,27.02,17.36,17.36,0.0,11.4,80.2,19.14,36.88,6.85,1003.22,98.2,22.46,0.0,2.04,21.0285,105.85420000000002,0.702,12.07,9,39,63,324,1970-01-21 08:32:59.160,1970-01-21 08:33:42.600,Thu,,,
Hà Nội,Đồng bằng sông Hồng,2025-09-26,25.48,29.139999999999997,23.82,30.24,34.480000000000004,27.860000000000003,14.5,14.5,0.0,12.0,89.2,11.44,24.56,10.284,1010.1200000000001,99.4,23.5,0.0,2.178,21.0285,105.85420000000002,2.496,12.05,9,39,63,1,1970-01-21 08:34:25.560,1970-01-21 08:35:08.940,Thu,,,
Hà Nội,Đồng bằng sông Hồng,2025-09-27,26.82,31.339999999999996,23.619999999999997,31.839999999999996,38.44,27.52,21.84,21.84,0.0,13.6,86.4,13.86,35.2,16.625999999999998,1011.9399999999999,97.4,24.22,0.0,3.5200000000000005,21.0285,105.85420000000002,8.440000000000001,12.03,9,39,63,356,1970-01-21 08:35:51.960,1970-01-21 08:36:35.280,Thu,,,
Hà Nội,Đồng bằng sông Hồng,2025-09-28,26.32,29.76,24.44,30.24,34.28,27.02,33.88,33.88,0.0,17.6,86.8,21.64,46.8,10.98,1008.64,86.8,23.880000000000003,0.0,2.536,21.0285,105.85420000000002,5.05,12.01,9,39,65,1,1970-01-21 08:37:18.396,1970-01-21 08:38:01.620,Thu,,,
Hà Nội,Đồng bằng sông Hồng,2025-09-29,24.66,25.5,24.1,27.060000000000002,28.639999999999997,25.259999999999998,78.82000000000001,78.82000000000001,0.0,24.0,94.2,34.980000000000004,68.84,2.8939999999999997,1006.14,100.0,23.660000000000004,0.0,0.836,21.0285,105.85420000000002,0.0,11.99,9,40,63,73,1970-01-21 08:38:44.820,1970-01-21 08:39:27.960,Thu,,,
Hà Nội,Đồng bằng sông Hồng,2025-09-30,25.139999999999997,27.660000000000004,23.5,29.5,31.860000000000003,27.240000000000002,49.519999999999996,49.519999999999996,0.0,23.8,94.0,19.22,38.54,7.418000000000001,1010.1,100.0,24.1,0.0,1.5219999999999998,21.0285,105.85420000000002,0.754,11.97,9,40,63,133,1970-01-21 08:40:11.220,1970-01-21 08:40:54.300,Thu,,,
Hà Nội,Đồng bằng sông Hồng,2025-10-01,26.22,30.080000000000002,23.619999999999997,31.68,35.6,28.46,3.8600000000000003,3.8600000000000003,0.0,12.4,90.4,12.919999999999998,32.28,12.594,1011.46,98.0,24.48,0.0,2.566,21.0285,105.85420000000002,4.664,11.95,10,40,53,144,1970-01-21 08:41:37.620,1970-01-21 08:42:20.640,Thu,,,
Hà Nội,Đồng bằng sông Hồng,2025-10-02,27.839999999999996,31.98,24.16,32.94,37.54,29.560000000000002,0.12000000000000002,0.12000000000000002,0.0,1.2,80.8,12.559999999999999,25.34,19.748,1011.28,57.6,23.96,0.0,4.336,21.0285,105.85420000000002,10.68,11.93,10,40,51,152,1970-01-21 08:43:04.056,1970-01-21 08:43:46.992,Thu,,,
Hà Nội,Đồng bằng sông Hồng,2025-10-03,27.839999999999996,32.14,24.14,32.62,37.4,28.96,0.0,0.0,0.0,0.0,79.8,13.440000000000001,26.639999999999997,20.766,1010.9200000000001,4.2,23.72,0.0,4.582,21.0285,105.85420000000002,11.156,11.91,10,40,0,133,1970-01-21 08:44:30.480,1970-01-21 08:45:13.344,Thu,,,
Hà Nội,Đồng bằng sông Hồng,2025-10-04,27.78,31.439999999999998,24.94,33.68,37.94,30.6,0.86,0.86,0.0,4.4,85.6,9.459999999999999,25.339999999999996,18.137999999999998,1010.5799999999999,43.8,24.94,0.0,3.814,21.0285,105.85420000000002,10.506,11.89,10,40,51,122,1970-01-21 08:45:56.880,1970-01-21 08:46:39.684,Thu,,,
Hà Nội,Đồng bằng sông Hồng,2025-10-05,28.46,33.0,24.54,34.28,39.17999999999999,30.080000000000002,2.42,2.42,0.0,1.8,83.4,12.64,26.78,18.424,1006.54,95.6,25.119999999999997,0.0,4.093999999999999,21.0285,105.85420000000002,10.34,11.87,10,40,3,316,1970-01-21 08:47:23.280,1970-01-21 08:48:06.048,Thu,,,
Hà Nội,Đồng bằng sông Hồng,2025-10-06,25.580000000000002,28.3,23.68,29.76,32.9,27.22,45.3,45.3,0.0,19.8,90.2,19.880000000000003,39.08,2.944,1004.72,100.0,23.82,0.0,0.9960000000000001,21.0285,105.85420000000002,0.0,11.85,10,41,63,213,1970-01-21 08:48:49.740,1970-01-21 08:49:32.400,Thu,,,
Hà Nội,Đồng bằng sông Hồng,2025-10-07,24.339999999999996,26.339999999999996,23.2,29.04,31.18,27.26,108.64000000000001,108.64000000000001,0.0,23.6,96.2,15.419999999999998,32.260000000000005,4.1,1011.5,100.0,23.66,0.0,0.9179999999999999,21.0285,105.85420000000002,0.0,11.83,10,41,65,116,1970-01-21 08:50:16.140,1970-01-21 08:50:58.740,Thu,,,
Hà Nội,Đồng bằng sông Hồng,2025-10-08,26.1,29.78,23.1,31.32,35.3,27.28,7.26,7.26,0.0,10.0,85.8,8.4,19.3,14.66,1012.96,74.0,23.439999999999998,0.0,3.028,21.0285,105.85420000000002,7.919999999999999,11.812000000000001,10,41,61,31,1970-01-21 08:51:42.540,1970-01-21 08:52:25.080,Thu,,,
Hà Nội,Đồng bằng sông Hồng,2025-10-09,26.8,31.139999999999997,23.14,32.04,36.94,27.919999999999998,0.38,0.38,0.0,2.6,83.0,9.18,18.64,18.606,1012.1800000000001,38.8,23.419999999999998,0.0,3.934,21.0285,105.85420000000002,10.09,11.791999999999998,10,41,51,92,1970-01-21 08:53:08.988,1970-01-21 08:53:51.420,Thu,,,
Hà Nội,Đồng bằng sông Hồng,2025-10-10,27.339999999999996,31.46,23.82,32.660000000000004,37.44,29.2,0.62,0.62,0.0,3.8,81.4,10.74,18.72,19.046,1011.46,24.2,23.56,0.0,4.0600000000000005,21.0285,105.85420000000002,10.66,11.772,10,41,51,88,1970-01-21 08:54:35.400,1970-01-21 08:55:17.760,Thu,,,
Hà Nội,Đồng bằng sông Hồng,2025-10-11,26.339999999999996,30.2,24.0,31.98,35.94,28.68,4.0200000000000005,4.0200000000000005,0.0,9.2,88.4,8.82,20.16,12.646,1010.9200000000001,84.0,24.18,0.0,2.614,21.0285,105.85420000000002,5.896,11.751999999999999,10,41,53,134,1970-01-21 08:56:01.800,1970-01-21 08:56:44.112,Thu,,,
Hà Nội,Đồng bằng sông Hồng,2025-10-12,27.6,31.2,24.28,33.28,37.019999999999996,30.04,0.54,0.54,0.0,3.6,82.8,9.059999999999999,18.72,18.196,1010.1800000000001,26.0,24.14,0.0,3.8659999999999997,21.0285,105.85420000000002,10.308,11.732000000000001,10,41,51,98,1970-01-21 08:57:28.224,1970-01-21 08:58:10.464,Thu,,,
Hà Nội,Đồng bằng sông Hồng,2025-10-13,26.439999999999998,29.96,24.520000000000003,32.04,35.82,29.78,8.9,8.9,0.0,14.0,89.2,11.1,24.9,12.22,1010.96,84.2,24.44,0.0,2.532,21.0285,105.85420000000002,6.380000000000001,11.712,10,42,63,78,1970-01-21 08:58:54.660,1970-01-21 08:59:36.840,Thu,,,
Hà Nội,Đồng bằng sông Hồng,2025-10-14,25.0,28.48,23.48,30.02,33.44,28.04,27.04,27.04,0.0,20.6,92.8,13.62,28.8,7.456,1011.4,100.0,23.66,0.0,1.592,21.0285,105.85420000000002,1.2580000000000002,11.691999999999998,10,42,63,31,1970-01-21 09:00:21.060,1970-01-21 09:01:03.180,Thu,,,
Hà Nội,Đồng bằng sông Hồng,2025-10-15,25.5,28.839999999999996,23.419999999999998,30.6,33.78,28.24,10.3,10.3,0.0,10.6,89.8,13.059999999999999,27.22,10.166,1012.1,98.0,23.66,0.0,2.136,21.0285,105.85420000000002,3.678,11.678,10,42,63,92,1970-01-21 09:01:47.508,1970-01-21 09:02:29.520,Thu,,,
Hà Nội,Đồng bằng sông Hồng,2025-10-16,26.060000000000002,30.52,22.66,31.22,36.7,26.339999999999996,7.58,7.58,0.0,12.4,87.0,15.36,32.62,16.284,1013.6200000000001,63.6,23.54,0.0,3.314,21.0285,105.85420000000002,9.73,11.658,10,42,53,52,1970-01-21 09:03:13.920,1970-01-21 09:03:55.872,Thu,,,
Hà Nội,Đồng bằng sông Hồng,2025-10-17,27.04,31.26,23.54,31.98,36.32,28.119999999999997,0.36,0.36,0.0,2.8,80.8,9.22,21.880000000000003,17.880000000000003,1013.68,26.2,23.14,0.0,3.776,21.0285,105.85420000000002,10.738,11.638000000000002,10,42,51,15,1970-01-21 09:04:40.332,1970-01-21 09:05:22.236,Thu,,,
Hà Nội,Đồng bằng sông Hồng,2025-10-18,27.18,31.28,23.419999999999998,32.14,36.4,28.0,0.48,0.48,0.0,2.6,79.8,8.36,21.82,17.756,1012.9,13.2,23.16,0.0,3.786,21.0285,105.85420000000002,10.790000000000001,11.62,10,42,51,49,1970-01-21 09:06:06.780,1970-01-21 09:06:48.600,Thu,,,
Hà Nội,Đồng bằng sông Hồng,2025-10-19,26.26,31.04,23.119999999999997,30.880000000000003,35.980000000000004,26.7,7.24,7.24,0.0,9.0,85.0,14.38,29.939999999999998,15.819999999999999,1012.8,38.0,23.360000000000003,0.0,3.2880000000000003,21.0285,105.85420000000002,9.846,11.6,10,42,61,10,1970-01-21 09:07:33.180,1970-01-21 09:08:14.940,Thu,,,
Hà Nội,Đồng bằng sông Hồng,2025-10-20,25.839999999999996,29.74,23.18,27.74,31.52,24.580000000000002,0.2,0.2,0.0,0.6,70.8,19.5,38.220000000000006,18.986,1013.78,10.6,19.86,0.0,4.6,21.0285,105.85420000000002,10.828,11.58,10,43,1,13,1970-01-21 09:08:59.604,1970-01-21 09:09:41.292,Thu,,,
Hà Nội,Đồng bằng sông Hồng,2025-10-21,24.46,28.24,21.52,23.82,27.639999999999997,20.56,0.0,0.0,0.0,0.0,58.8,24.98,51.2,18.566,1016.0,27.4,15.720000000000002,0.0,5.324,21.0285,105.85420000000002,10.725999999999999,11.562000000000001,10,43,3,15,1970-01-21 09:10:26.040,1970-01-21 09:11:07.656,Thu,,,
Hà Nội,Đồng bằng sông Hồng,2025-10-22,22.619999999999997,24.919999999999998,20.660000000000004,20.96,23.78,18.02,0.02,0.02,0.0,0.2,54.8,22.74,44.44,14.884,1017.96,98.8,13.059999999999999,0.0,4.78,21.0285,105.85420000000002,9.0,11.541999999999998,10,43,3,14,1970-01-21 09:11:52.452,1970-01-21 09:12:34.020,Thu,,,
Hà Nội,Đồng bằng sông Hồng,2025-10-23,19.94,21.619999999999997,19.0,18.48,20.1,16.9,0.6799999999999999,0.6799999999999999,0.0,4.4,64.0,20.740000000000002,39.0,5.218,1019.72,99.8,12.9,0.0,2.63,21.0285,105.85420000000002,0.22799999999999998,11.522,10,43,51,6,1970-01-21 09:13:18.900,1970-01-21 09:14:00.360,Thu,,,
Hà Nội,Đồng bằng sông Hồng,2025-10-24,20.2,22.380000000000003,18.619999999999997,20.7,22.119999999999997,18.880000000000003,1.56,1.56,0.0,5.4,76.6,14.36,28.78,6.244,1019.1,96.6,15.88,0.0,1.828,21.0285,105.85420000000002,0.42400000000000004,11.501999999999999,10,43,53,343,1970-01-21 09:14:45.300,1970-01-21 09:15:26.724,Thu,,,
Hà Nội,Đồng bằng sông Hồng,2025-10-25,22.259999999999998,25.560000000000002,19.86,23.5,26.639999999999997,20.94,0.0,0.0,0.0,0.0,72.8,11.379999999999999,23.46,10.76,1017.1600000000001,76.2,17.06,0.0,2.558,21.0285,105.85420000000002,5.026,11.49,10,43,3,330,1970-01-21 09:16:11.736,1970-01-21 09:16:53.100,Thu,,,
Hà Nội,Đồng bằng sông Hồng,2025-10-26,23.939999999999998,27.580000000000002,21.02,25.6,30.18,22.6,0.0,0.0,0.0,0.0,70.2,13.959999999999999,27.439999999999998,14.01,1016.8399999999999,73.6,18.04,0.0,3.3340000000000005,21.0285,105.85420000000002,7.476000000000001,11.47,10,43,3,5,1970-01-21 09:17:38.160,1970-01-21 09:18:19.440,Thu,,,
Hà Nội,Đồng bằng sông Hồng,2025-10-27,23.6,27.18,20.96,24.560000000000002,29.02,20.86,0.0,0.0,0.0,0.0,66.2,15.74,30.360000000000003,11.408,1017.28,75.4,16.84,0.0,3.06,21.0285,105.85420000000002,5.568,11.45,10,44,3,2,1970-01-21 09:19:04.584,1970-01-21 09:19:45.804,Thu,,,
Hà Nội,Đồng bằng sông Hồng,2025-10-28,23.9,26.880000000000003,21.759999999999998,24.919999999999998,27.68,22.580000000000002,0.0,0.0,0.0,0.0,64.8,15.059999999999999,29.96,12.360000000000001,1017.1,97.2,16.740000000000002,0.0,3.2060000000000004,21.0285,105.85420000000002,6.9159999999999995,11.43,10,44,3,25,1970-01-21 09:20:31.020,1970-01-21 09:21:12.180,Thu,,,
Hà Nội,Đồng bằng sông Hồng,2025-10-29,23.86,27.339999999999996,20.119999999999997,25.74,29.6,20.94,0.0,0.0,0.0,0.0,68.4,10.98,24.02,13.616,1015.82,86.6,17.580000000000002,0.0,2.928,21.0285,105.85420000000002,9.582,11.412,10,44,3,13,1970-01-21 09:21:57.444,1970-01-21 09:22:38.532,Thu,,,
Hà Nội,Đồng bằng sông Hồng,2025-10-30,23.94,25.96,22.54,26.919999999999998,28.8,25.28,3.0200000000000005,3.0200000000000005,0.0,9.2,83.0,11.959999999999999,22.6,5.226,1015.8,100.0,20.84,0.0,1.42,21.0285,105.85420000000002,0.202,11.4,10,44,51,4,1970-01-21 09:23:23.880,1970-01-21 09:24:04.896,Thu,,,
Hà Nội,Đồng bằng sông Hồng,2025-10-31,23.36,25.240000000000002,21.94,26.0,27.419999999999998,23.82,4.8,4.8,0.0,11.6,85.6,14.959999999999999,29.160000000000004,5.218,1016.5200000000001,100.0,20.740000000000002,0.0,1.424,21.0285,105.85420000000002,0.25,11.38,10,44,53,5,1970-01-21 09:24:50.292,1970-01-21 09:25:31.260,Thu,,,
Hà Nội,Đồng bằng sông Hồng,2025-11-01,20.98,22.279999999999998,20.14,22.14,24.5,20.68,4.24,4.24,0.0,17.2,84.4,16.4,29.660000000000004,3.846,1017.6200000000001,100.0,18.22,0.0,1.22,21.0285,105.85420000000002,0.0,11.36,11,44,53,10,1970-01-21 09:26:16.740,1970-01-21 09:26:57.624,Thu,,,
Hà Nội,Đồng bằng sông Hồng,2025-11-02,20.42,21.56,19.28,21.06,22.32,19.919999999999998,1.78,1.78,0.0,10.8,80.6,15.419999999999998,28.139999999999997,3.5740000000000003,1018.1200000000001,100.0,16.98,0.0,1.366,21.0285,105.85420000000002,0.0,11.342,11,44,51,4,1970-01-21 09:27:43.152,1970-01-21 09:28:24.000,Thu,,,
Hà Nội,Đồng bằng sông Hồng,2025-11-03,19.580000000000002,20.42,18.32,19.48,20.66,18.32,2.04,2.04,0.0,10.2,78.2,16.46,30.82,3.596,1018.3,100.0,15.680000000000001,0.0,1.508,21.0285,105.85420000000002,0.0,11.33,11,45,51,1,1970-01-21 09:29:09.600,1970-01-21 09:29:50.364,Thu,,,
Hà Nội,Đồng bằng sông Hồng,2025-11-04,19.380000000000003,20.779999999999998,17.9,19.64,21.98,17.9,2.8200000000000003,2.8200000000000003,0.0,8.6,79.8,17.86,33.839999999999996,4.696,1017.5799999999999,99.6,15.7,0.0,1.456,21.0285,105.85420000000002,0.0,11.31,11,45,51,2,1970-01-21 09:30:36.012,1970-01-21 09:31:16.740,Thu,,,
Hà Nội,Đồng bằng sông Hồng,2025-11-05,20.9,23.160000000000004,19.04,22.44,25.04,19.919999999999998,0.38,0.38,0.0,1.6,78.2,10.14,20.68,6.464,1014.5,97.0,16.860000000000003,0.0,1.524,21.0285,105.85420000000002,0.346,11.291999999999998,11,45,3,11,1970-01-21 09:32:02.460,1970-01-21 09:32:43.104,Thu,,,
Hà Nội,Đồng bằng sông Hồng,2025-11-06,22.02,25.18,19.16,24.98,28.02,21.98,0.0,0.0,0.0,0.0,85.6,8.24,18.919999999999998,8.328,1012.86,61.6,19.380000000000003,0.0,1.704,21.0285,105.85420000000002,3.3659999999999997,11.28,11,45,3,59,1970-01-21 09:33:28.884,1970-01-21 09:34:09.492,Thu,,,
Hà Nội,Đồng bằng sông Hồng,2025-11-07,23.16,25.54,20.240000000000002,26.26,29.04,23.2,8.14,8.14,0.0,14.0,89.6,14.16,26.3,5.25,1011.9,99.8,21.32,0.0,1.258,21.0285,105.85420000000002,0.17,11.26,11,45,61,1,1970-01-21 09:34:55.320,1970-01-21 09:35:35.856,Thu,,,
Hà Nội,Đồng bằng sông Hồng,2025-11-08,24.72,28.5,22.3,28.880000000000003,32.8,25.68,15.24,15.24,0.0,17.4,90.6,16.22,33.5,9.458,1012.8,74.0,23.0,0.0,1.9579999999999997,21.0285,105.85420000000002,5.838,11.244,11,45,63,61,1970-01-21 09:36:21.744,1970-01-21 09:37:02.232,Thu,,,
Hà Nội,Đồng bằng sông Hồng,2025-11-09,24.56,27.619999999999997,22.6,29.4,32.32000000000001,26.74,32.160000000000004,32.160000000000004,0.0,18.4,92.6,11.379999999999999,25.34,8.152,1012.3799999999999,80.2,23.259999999999998,0.0,1.6800000000000002,21.0285,105.85420000000002,3.7840000000000003,11.23,11,45,65,48,1970-01-21 09:37:48.180,1970-01-21 09:38:28.620,Thu,,,
Hà Nội,Đồng bằng sông Hồng,2025-11-10,24.54,27.76,22.380000000000003,27.8,31.139999999999997,24.98,1.14,1.14,0.0,6.2,82.8,12.26,23.74,9.91,1011.0799999999999,89.2,21.240000000000002,0.0,2.34,21.0285,105.85420000000002,4.304,11.212,11,46,51,42,1970-01-21 09:39:14.616,1970-01-21 09:39:54.984,Thu,,,
Hà Nội,Đồng bằng sông Hồng,2025-11-11,22.68,24.46,21.380000000000003,24.28,26.360000000000003,22.419999999999998,0.78,0.78,0.0,4.2,75.2,13.7,25.78,5.492,1012.3399999999999,98.8,17.94,0.0,1.6800000000000002,21.0285,105.85420000000002,0.20800000000000002,11.2,11,46,51,8,1970-01-21 09:40:41.052,1970-01-21 09:41:21.372,Thu,,,
Hà Nội,Đồng bằng sông Hồng,2025-11-12,22.34,25.04,20.34,22.78,25.7,19.839999999999996,0.04,0.04,0.0,0.4,65.6,14.940000000000001,29.1,11.620000000000001,1015.5200000000001,84.6,15.48,0.0,2.9539999999999997,21.0285,105.85420000000002,7.802,11.181999999999999,11,46,3,4,1970-01-21 09:42:07.500,1970-01-21 09:42:47.748,Thu,,,
Hà Nội,Đồng bằng sông Hồng,2025-11-13,22.34,26.22,18.98,22.9,26.839999999999996,20.14,0.0,0.0,0.0,0.0,63.0,13.52,28.5,17.066,1017.9399999999999,33.8,14.66,0.0,3.6340000000000003,21.0285,105.85420000000002,9.924,11.17,11,46,3,6,1970-01-21 09:43:33.924,1970-01-21 09:44:14.124,Thu,,,
Hà Nội,Đồng bằng sông Hồng,2025-11-14,20.740000000000002,25.96,16.12,21.360000000000003,25.78,16.56,0.0,0.0,0.0,0.0,68.2,12.1,26.939999999999998,17.814,1017.96,5.6,14.040000000000001,0.0,3.428,21.0285,105.85420000000002,10.824,11.152000000000001,11,46,1,23,1970-01-21 09:45:00.360,1970-01-21 09:45:40.512,Thu,,,
Hà Nội,Đồng bằng sông Hồng,2025-11-15,20.98,26.880000000000003,15.66,22.080000000000002,28.060000000000002,15.760000000000002,0.0,0.0,0.0,0.0,74.0,12.32,27.0,17.384,1019.4200000000001,4.2,15.8,0.0,3.374,21.0285,105.85420000000002,10.82,11.14,11,46,1,5,1970-01-21 09:46:26.796,1970-01-21 09:47:06.900,Thu,,,
Hà Nội,Đồng bằng sông Hồng,2025-11-16,22.240000000000002,25.46,19.32,24.06,27.380000000000003,20.82,0.12000000000000002,0.12000000000000002,0.0,1.0,78.0,11.14,21.96,6.752,1019.9399999999999,74.8,18.119999999999997,0.0,1.698,21.0285,105.85420000000002,2.368,11.122,11,46,51,316,1970-01-21 09:47:53.232,1970-01-21 09:48:33.264,Thu,,,
Hà Nội,Đồng bằng sông Hồng,2025-11-17,22.64,25.4,20.68,25.259999999999998,27.74,23.02,1.28,1.28,0.0,6.0,84.0,10.940000000000001,19.740000000000002,6.232,1019.8,95.0,19.68,0.0,1.502,21.0285,105.85420000000002,1.1320000000000001,11.11,11,47,53,318,1970-01-21 09:49:19.668,1970-01-21 09:49:59.652,Thu,,,
Hà Nội,Đồng bằng sông Hồng,2025-11-18,17.8,21.7,13.419999999999998,17.419999999999998,24.34,10.879999999999999,16.96,16.96,0.0,23.8,90.4,24.880000000000003,45.160000000000004,2.274,1024.02,100.0,16.22,0.0,0.764,21.0285,105.85420000000002,0.0,11.092,11,47,61,27,1970-01-21 09:50:46.104,1970-01-21 09:51:26.052,Thu,,,
Hà Nội,Đồng bằng sông Hồng,2025-11-19,14.580000000000002,16.96,12.78,12.440000000000001,15.3,9.68,2.7199999999999998,2.7199999999999998,0.0,8.4,72.2,21.44,42.04,8.794,1027.6799999999998,89.2,9.4,0.0,1.98,21.0285,105.85420000000002,3.29,11.081999999999999,11,47,53,1,1970-01-21 09:52:12.540,1970-01-21 09:52:52.440,Thu,,,
Hà Nội,Đồng bằng sông Hồng,2025-11-20,16.839999999999996,21.56,12.940000000000001,15.6,20.06,11.22,0.0,0.0,0.0,0.0,65.0,16.0,32.44,16.898,1025.04,6.4,9.879999999999999,0.0,3.2079999999999997,21.0285,105.85420000000002,10.55,11.07,11,47,0,5,1970-01-21 09:53:38.988,1970-01-21 09:54:18.828,Thu,,,
Hà Nội,Đồng bằng sông Hồng,2025-11-21,18.36,23.3,14.7,17.02,21.9,13.180000000000001,0.0,0.0,0.0,0.0,59.6,15.9,32.96,16.866,1024.08,6.0,9.940000000000001,0.0,3.628,21.0285,105.85420000000002,10.45,11.058,11,47,1,3,1970-01-21 09:55:05.412,1970-01-21 09:55:45.216,Thu,,,
Hà Nội,Đồng bằng sông Hồng,2025-11-22,19.02,23.94,13.719999999999999,18.54,23.32,12.66,0.0,0.0,0.0,0.0,60.6,10.5,24.06,17.104,1021.4200000000001,24.4,10.78,0.0,3.254,21.0285,105.85420000000002,10.592,11.041999999999998,11,47,3,6,1970-01-21 09:56:31.860,1970-01-21 09:57:11.604,Thu,,,
Hà Nội,Đồng bằng sông Hồng,2025-11-23,20.34,24.98,16.939999999999998,20.880000000000003,25.5,17.36,0.0,0.0,0.0,0.0,66.4,9.86,23.339999999999996,16.434,1019.68,30.4,13.540000000000001,0.0,3.092,21.0285,105.85420000000002,9.687999999999999,11.032,11,47,3,12,1970-01-21 09:57:58.284,1970-01-21 09:58:37.992,Thu,,,
Hà Nội,Đồng bằng sông Hồng,2025-11-24,19.880000000000003,25.74,15.4,19.839999999999996,25.24,15.1,0.0,0.0,0.0,0.0,69.2,13.74,29.0,16.759999999999998,1020.22,10.0,13.6,0.0,3.492,21.0285,105.85420000000002,10.292,11.022,11,48,3,4,1970-01-21 09:59:24.732,1970-01-21 10:00:04.392,Thu,,,
Hà Nội,Đồng bằng sông Hồng,2025-11-25,19.380000000000003,23.9,15.3,17.880000000000003,22.240000000000002,14.2,0.0,0.0,0.0,0.0,57.6,19.84,38.68,16.887999999999998,1021.4,17.8,10.36,0.0,3.9219999999999997,21.0285,105.85420000000002,10.448,11.01,11,48,3,3,1970-01-21 10:00:51.168,1970-01-21 10:01:30.792,Thu,,,
Hà Nội,Đồng bằng sông Hồng,2025-11-26,17.54,23.380000000000003,12.919999999999998,16.46,22.46,11.16,0.0,0.0,0.0,0.0,63.4,13.1,28.580000000000002,17.119999999999997,1020.6,26.0,10.0,0.0,3.3259999999999996,21.0285,105.85420000000002,10.528,11.0,11,48,3,9,1970-01-21 10:02:17.604,1970-01-21 10:02:57.192,Thu,,,
Hà Nội,Đồng bằng sông Hồng,2025-11-27,17.92,24.14,13.580000000000002,15.780000000000001,21.119999999999997,11.559999999999999,0.0,0.0,0.0,0.0,56.6,21.68,43.06,17.284,1023.6200000000001,48.6,8.379999999999999,0.0,3.9880000000000004,21.0285,105.85420000000002,10.55,10.988,11,48,3,4,1970-01-21 10:03:44.040,1970-01-21 10:04:23.592,Thu,,,
Hà Nội,Đồng bằng sông Hồng,2025-11-28,16.94,23.84,11.2,15.720000000000002,22.44,9.540000000000001,0.0,0.0,0.0,0.0,61.8,12.440000000000001,25.34,17.333999999999996,1019.1,50.6,8.86,0.0,3.3200000000000003,21.0285,105.85420000000002,10.452000000000002,10.978,11,48,3,314,1970-01-21 10:05:10.488,1970-01-21 10:05:49.992,Thu,,,
Hà Nội,Đồng bằng sông Hồng,2025-11-29,16.32,23.3,10.16,16.2,23.98,9.28,0.0,0.0,0.0,0.0,74.0,8.559999999999999,16.06,17.134,1015.78,0.6,11.18,0.0,2.94,21.0285,105.85420000000002,10.442,10.968,11,48,0,43,1970-01-21 10:06:36.912,1970-01-21 10:07:16.392,Thu,,,
Hà Nội,Đồng bằng sông Hồng,2025-11-30,18.5,24.639999999999997,13.16,19.2,25.880000000000003,12.84,0.0,0.0,0.0,0.0,75.2,9.26,18.5,16.348000000000003,1014.1,21.2,13.7,0.0,2.886,21.0285,105.85420000000002,10.018,10.958000000000002,11,48,3,8,1970-01-21 10:08:03.360,1970-01-21 10:08:42.804,Thu,,,
Hà Nội,Đồng bằng sông Hồng,2025-12-01,20.04,24.66,17.1,21.619999999999997,26.880000000000003,18.14,0.8800000000000001,0.8800000000000001,0.0,4.2,84.4,11.26,21.54,9.690000000000001,1014.46,59.8,17.16,0.0,1.904,21.0285,105.85420000000002,5.4079999999999995,10.947999999999999,12,49,51,235,1970-01-21 10:09:29.808,1970-01-21 10:10:09.204,Đông,,,
Hà Nội,Đồng bằng sông Hồng,2025-12-02,22.380000000000003,26.860000000000003,19.1,25.22,29.560000000000002,21.18,1.1800000000000002,1.1800000000000002,0.0,4.4,84.6,9.64,18.8,11.466,1013.5600000000001,61.8,19.419999999999998,0.0,2.248,21.0285,105.85420000000002,8.376,10.942,12,49,51,131,1970-01-21 10:10:56.232,1970-01-21 10:11:35.616,Đông,,,
Hà Nội,Đồng bằng sông Hồng,2025-12-03,21.240000000000002,24.0,19.34,22.04,24.6,19.14,2.1399999999999997,2.1399999999999997,0.0,8.2,77.6,20.380000000000003,40.260000000000005,8.872,1018.9,89.0,16.82,0.0,2.3440000000000003,21.0285,105.85420000000002,5.072,10.931999999999999,12,49,53,41,1970-01-21 10:12:22.680,1970-01-21 10:13:02.028,Đông,,,
Hà Nội,Đồng bằng sông Hồng,2025-12-04,20.34,23.880000000000003,18.0,20.96,25.06,17.86,0.06000000000000001,0.06000000000000001,0.0,0.6,70.2,10.36,21.1,10.664,1019.7,76.6,14.62,0.0,2.3280000000000003,21.0285,105.85420000000002,5.79,10.922,12,49,3,45,1970-01-21 10:13:49.128,1970-01-21 10:14:28.452,Đông,,,
Hà Nội,Đồng bằng sông Hồng,2025-12-05,19.54,21.259999999999998,17.98,20.18,21.740000000000002,18.72,0.72,0.72,0.0,4.0,78.2,12.919999999999998,25.78,4.45,1021.0,98.4,15.6,0.0,1.31,21.0285,105.85420000000002,0.244,10.912,12,49,51,2,1970-01-21 10:15:15.552,1970-01-21 10:15:54.852,Đông,,,
Hà Nội,Đồng bằng sông Hồng,2025-12-06,20.1,23.76,17.18,20.72,24.880000000000003,17.66,0.02,0.02,0.0,0.2,74.0,13.84,25.22,11.376,1019.02,71.8,15.16,0.0,2.46,21.0285,105.85420000000002,5.484,10.908,12,49,3,111,1970-01-21 10:16:42.000,1970-01-21 10:17:21.252,Đông,,,
Hà Nội,Đồng bằng sông Hồng,2025-12-07,21.14,25.380000000000003,18.36,23.28,27.56,19.76,1.08,1.08,0.0,6.4,83.6,8.84,19.380000000000003,11.47,1018.62,62.0,18.0,0.0,2.234,21.0285,105.85420000000002,7.1819999999999995,10.902,12,49,51,102,1970-01-21 10:18:08.436,1970-01-21 10:18:47.664,Đông,,,
Hà Nội,Đồng bằng sông Hồng,2025-12-08,20.92,25.28,18.04,21.96,26.28,18.48,1.1,1.1,0.0,3.8,75.2,14.6,28.96,13.668,1020.28,48.4,15.98,0.0,2.714,21.0285,105.85420000000002,9.872,10.892,12,50,53,23,1970-01-21 10:19:34.872,1970-01-21 10:20:14.088,Đông,,,
Hà Nội,Đồng bằng sông Hồng,2025-12-09,20.2,24.76,15.68,21.28,25.96,16.5,0.2,0.2,0.0,1.0,76.8,12.18,23.1,13.122,1018.98,41.8,15.6,0.0,2.544,21.0285,105.85420000000002,10.014,10.888,12,50,51,53,1970-01-21 10:21:01.308,1970-01-21 10:21:40.512,Đông,,,
Hà Nội,Đồng bằng sông Hồng,2025-12-10,20.84,26.28,15.580000000000002,22.46,27.94,16.880000000000003,0.0,0.0,0.0,0.0,76.8,10.42,19.24,14.638,1017.82,35.8,16.16,0.0,2.856,21.0285,105.85420000000002,9.696,10.882,12,50,3,76,1970-01-21 10:22:27.744,1970-01-21 10:23:06.912,Đông,,,
Hà Nội,Đồng bằng sông Hồng,2025-12-11,20.94,23.22,18.96,22.94,24.5,21.2,0.08,0.08,0.0,0.4,79.6,8.14,18.66,5.782,1017.96,91.0,17.16,0.0,1.344,21.0285,105.85420000000002,0.188,10.878,12,50,3,312,1970-01-21 10:23:54.180,1970-01-21 10:24:33.336,Đông,,,
Hà Nội,Đồng bằng sông Hồng,2025-12-12,21.74,24.42,19.44,24.28,26.72,22.04,2.28,2.28,0.0,2.4,82.8,10.82,19.74,6.85,1015.48,88.0,18.64,0.0,1.488,21.0285,105.85420000000002,0.8719999999999999,10.872,12,50,51,132,1970-01-21 10:25:20.616,1970-01-21 10:25:59.760,Đông,,,
Hà Nội,Đồng bằng sông Hồng,2025-12-13,20.58,22.54,18.0,21.54,24.92,15.98,21.86,21.86,0.0,14.0,85.2,24.8,47.94,3.49,1018.9,95.4,17.8,0.0,1.376,21.0285,105.85420000000002,0.24,10.87,12,50,63,16,1970-01-21 10:26:47.052,1970-01-21 10:27:26.172,Đông,,,
Hà Nội,Đồng bằng sông Hồng,2025-12-14,17.82,20.880000000000003,14.9,16.240000000000002,19.7,13.66,0.08,0.08,0.0,0.4,59.8,16.8,32.4,11.182,1022.44,61.2,9.7,0.0,2.832,21.0285,105.85420000000002,7.134,10.862,12,50,3,38,1970-01-21 10:28:13.488,1970-01-21 10:28:52.584,Đông,,,
Hà Nội,Đồng bằng sông Hồng,2025-12-15,17.84,22.619999999999997,13.419999999999998,17.82,22.9,13.1,0.0,0.0,0.0,0.0,73.0,11.34,20.42,14.313999999999998,1019.54,23.4,12.54,0.0,2.698,21.0285,105.85420000000002,9.468,10.862,12,51,3,100,1970-01-21 10:29:39.912,1970-01-21 10:30:19.032,Đông,,,
Hà Nội,Đồng bằng sông Hồng,2025-12-16,19.04,22.1,15.7,20.3,23.68,16.5,0.02,0.02,0.0,0.2,80.2,7.220000000000001,16.7,7.706,1018.46,88.2,15.46,0.0,1.534,21.0285,105.85420000000002,2.614,10.86,12,51,3,11,1970-01-21 10:31:06.348,1970-01-21 10:31:45.432,Đông,,,
Hà Nội,Đồng bằng sông Hồng,2025-12-17,20.380000000000003,24.18,18.06,21.84,25.28,19.32,2.18,2.18,0.0,10.0,82.4,12.74,25.5,10.032,1020.48,68.6,17.16,0.0,2.008,21.0285,105.85420000000002,7.614,10.858,12,51,51,15,1970-01-21 10:32:32.784,1970-01-21 10:33:11.868,Đông,,,
Hà Nội,Đồng bằng sông Hồng,2025-12-18,20.18,24.8,16.740000000000002,21.14,26.3,17.380000000000003,0.0,0.0,0.0,0.0,76.2,10.82,22.619999999999997,14.924,1018.86,21.4,15.56,0.0,2.822,21.0285,105.85420000000002,10.0,10.852,12,51,3,34,1970-01-21 10:33:59.208,1970-01-21 10:34:38.292,Đông,,,
Hà Nội,Đồng bằng sông Hồng,2025-12-19,19.92,25.56,15.02,21.24,26.380000000000003,16.1,0.0,0.0,0.0,0.0,81.8,14.1,27.06,14.652,1014.88,24.2,16.32,0.0,2.814,21.0285,105.85420000000002,9.828,10.852,12,51,3,146,1970-01-21 10:35:25.644,1970-01-21 10:36:04.716,Đông,,,
Hà Nội,Đồng bằng sông Hồng,2025-12-20,21.48,25.3,19.2,23.86,27.380000000000003,21.66,1.2600000000000002,1.2600000000000002,0.0,8.8,85.2,10.68,21.26,11.37,1015.56,58.8,18.639999999999997,0.0,2.202,21.0285,105.85420000000002,7.866,10.852,12,51,51,123,1970-01-21 10:36:52.080,1970-01-21 10:37:31.152,Đông,,,
Hà Nội,Đồng bằng sông Hồng,2025-12-21,21.12,25.36,18.14,23.22,27.32,19.56,0.78,0.78,0.0,4.8,84.0,12.56,25.56,12.226,1017.74,45.8,18.08,0.0,2.314,21.0285,105.85420000000002,9.706,10.852,12,51,51,2,1970-01-21 10:38:18.504,1970-01-21 10:38:57.576,Đông,,,
Hà Nội,Đồng bằng sông Hồng,2025-12-22,21.24,25.42,17.98,22.86,26.1,20.2,1.62,1.62,0.0,8.2,84.6,16.32,33.28,12.618,1015.46,36.8,18.28,0.0,2.5599999999999996,21.0285,105.85420000000002,9.55,10.852,12,52,51,133,1970-01-21 10:39:44.940,1970-01-21 10:40:24.012,Đông,,,
Hà Nội,Đồng bằng sông Hồng,2025-12-23,22.4,26.58,19.86,24.14,27.94,21.64,1.46,1.46,0.0,5.2,84.4,16.880000000000003,34.64,10.326,1013.8,66.2,19.46,0.0,2.314,21.0285,105.85420000000002,7.7,10.852,12,52,51,139,1970-01-21 10:41:11.364,1970-01-21 10:41:50.436,Đông,,,
Hà Nội,Đồng bằng sông Hồng,2025-12-24,22.339999999999996,27.119999999999997,18.56,24.2,29.04,17.32,3.3,3.3,0.0,13.2,84.8,20.8,36.58,11.318,1013.32,74.4,19.48,0.0,2.446,21.0285,105.85420000000002,7.56,10.852,12,52,53,92,1970-01-21 10:42:37.800,1970-01-21 10:43:16.872,Đông,,,
Hà Nội,Đồng bằng sông Hồng,2025-12-25,17.44,19.72,14.919999999999998,14.78,17.2,12.18,2.56,2.56,0.0,5.6,60.4,23.86,44.78,5.914,1020.44,97.0,9.28,0.0,2.626,21.0285,105.85420000000002,1.234,10.852,12,52,51,17,1970-01-21 10:44:04.224,1970-01-21 10:44:43.308,Đông,,,
Hà Nội,Đồng bằng sông Hồng,2025-12-26,16.04,19.78,12.7,14.06,18.32,10.3,0.0,0.0,0.0,0.0,52.6,14.3,28.58,15.951999999999998,1020.8,16.2,6.0600000000000005,0.0,3.2020000000000004,21.0285,105.85420000000002,10.0,10.858,12,52,3,59,1970-01-21 10:45:30.648,1970-01-21 10:46:09.732,Đông,,,
Hà Nội,Đồng bằng sông Hồng,2025-12-27,15.7,19.98,12.26,14.66,19.020000000000003,10.8,0.0,0.0,0.0,0.0,65.0,10.9,24.2,13.584,1020.06,32.8,8.78,0.0,2.442,21.0285,105.85420000000002,9.542,10.86,12,52,3,20,1970-01-21 10:46:57.072,1970-01-21 10:47:36.180,Đông,,,
Hà Nội,Đồng bằng sông Hồng,2025-12-28,17.240000000000002,21.32,13.080000000000002,17.06,21.26,12.46,0.0,0.0,0.0,0.0,69.4,8.02,15.86,9.75,1018.8,71.0,11.38,0.0,1.928,21.0285,105.85420000000002,4.134,10.862,12,52,3,23,1970-01-21 10:48:23.508,1970-01-21 10:49:02.604,Đông,,,
Hà Nội,Đồng bằng sông Hồng,2025-12-29,19.66,23.46,16.22,20.06,23.96,16.580000000000002,0.12,0.12,0.0,0.8,75.2,14.72,28.28,8.678,1015.66,84.6,14.96,0.0,2.01,21.0285,105.85420000000002,4.986,10.862,12,1,3,136,1970-01-21 10:49:49.932,1970-01-21 10:50:29.052,Đông,,,
Hà Nội,Đồng bằng sông Hồng,2025-12-30,20.44,23.86,17.7,21.26,24.08,19.02,1.08,1.08,0.0,6.0,79.6,15.0,30.32,9.966,1014.62,80.6,16.56,0.0,2.24,21.0285,105.85420000000002,7.228,10.87,12,1,51,119,1970-01-21 10:51:16.344,1970-01-21 10:51:55.476,Đông,,,
Hà Nội,Đồng bằng sông Hồng,2025-12-31,20.74,24.96,17.68,21.6,25.32,18.98,0.5599999999999999,0.5599999999999999,0.0,4.4,83.4,17.48,34.42,9.93,1011.74,75.8,17.52,0.0,2.254,21.0285,105.85420000000002,7.444,10.872,12,1,51,132,1970-01-21 10:52:42.768,1970-01-21 10:53:21.912,Đông,,,
Hà Nội,Đồng bằng sông Hồng,2026-01-01,19.5,23.36,16.619999999999997,20.28,24.8,14.76,8.92,8.92,0.0,15.8,86.8,19.6,36.58,7.784000000000001,1015.8,91.0,17.16,0.0,1.688,21.0285,105.85420000000002,4.238,10.88,1,1,63,56,1970-01-21 10:54:09.192,1970-01-21 10:54:48.348,Đông,,,
Hà Nội,Đồng bằng sông Hồng,2026-01-02,15.86,17.240000000000002,14.3,14.14,15.9,12.36,1.96,1.96,0.0,4.8,72.2,16.6,32.9,4.436,1022.38,99.8,10.78,0.0,1.62,21.0285,105.85420000000002,0.126,10.882,1,1,55,19,1970-01-21 10:55:35.604,1970-01-21 10:56:14.784,Đông,,,
Hà Nội,Đồng bằng sông Hồng,2026-01-03,16.119999999999997,19.24,13.66,15.02,18.48,12.02,0.0,0.0,0.0,0.0,68.8,11.5,23.54,8.356,1022.56,96.6,10.26,0.0,1.966,21.0285,105.85420000000002,3.108,10.89,1,1,3,63,1970-01-21 10:57:02.028,1970-01-21 10:57:41.232,Đông,,,
Hà Nội,Đồng bằng sông Hồng,2026-01-04,17.58,22.02,14.2,18.04,23.04,14.18,0.44,0.44,0.0,2.4,81.2,12.34,22.880000000000003,8.542,1019.92,93.0,14.14,0.0,1.6940000000000002,21.0285,105.85420000000002,4.215999999999999,10.892,1,1,51,66,1970-01-21 10:58:28.440,1970-01-21 10:59:07.656,Đông,,,
Hà Nội,Đồng bằng sông Hồng,2026-01-05,15.919999999999998,17.240000000000002,14.38,14.62,18.1,12.28,0.92,0.92,0.0,4.8,77.4,20.360000000000003,39.02,4.593999999999999,1021.96,99.4,11.78,0.0,1.49,21.0285,105.85420000000002,0.0819999999999999,10.902,1,2,51,27,1970-01-21 10:59:54.852,1970-01-21 11:00:34.092,Đông,,,
Hà Nội,Đồng bằng sông Hồng,2026-01-06,14.04,14.94,12.6,11.68,12.94,10.66,0.26,0.26,0.0,2.2,66.6,17.84,34.42,4.29,1026.3,95.0,7.779999999999999,0.0,1.628,21.0285,105.85420000000002,0.072,10.908,1,2,51,0,1970-01-21 11:01:21.264,1970-01-21 11:02:00.552,Đông,,,
Hà Nội,Đồng bằng sông Hồng,2026-01-07,14.26,19.3,9.62,12.72,17.619999999999997,8.24,0.0,0.0,0.0,0.0,66.8,13.62,29.6,16.506,1026.36,4.8,7.3,0.0,2.804,21.0285,105.85420000000002,10.004,10.912,1,2,0,2,1970-01-21 11:02:47.688,1970-01-21 11:03:26.964,Đông,,,
Hà Nội,Đồng bằng sông Hồng,2026-01-08,14.38,20.22,9.28,12.86,18.54,7.48,0.0,0.0,0.0,0.0,64.2,10.42,25.2,16.66,1026.16,19.4,6.959999999999999,0.0,2.862,21.0285,105.85420000000002,10.002,10.922,1,2,3,9,1970-01-21 11:04:14.088,1970-01-21 11:04:53.412,Đông,,,
Hà Nội,Đồng bằng sông Hồng,2026-01-09,14.64,21.1,8.86,13.7,20.56,7.74,0.0,0.0,0.0,0.0,68.0,11.24,20.16,16.708,1022.78,64.6,8.14,0.0,2.834,21.0285,105.85420000000002,10.012,10.932,1,2,3,119,1970-01-21 11:05:40.500,1970-01-21 11:06:19.872,Đông,,,
Hà Nội,Đồng bằng sông Hồng,2026-01-10,15.24,22.02,9.36,14.6,20.96,8.58,0.0,0.0,0.0,0.0,72.6,8.14,21.52,16.644,1020.82,19.2,9.6,0.0,2.864,21.0285,105.85420000000002,9.91,10.942,1,2,2,68,1970-01-21 11:07:06.912,1970-01-21 11:07:46.296,Đông,,,
Hà Nội,Đồng bằng sông Hồng,2026-01-11,16.56,22.880000000000003,11.52,15.6,22.24,10.36,0.0,0.0,0.0,0.0,66.0,12.46,25.48,16.786,1023.0,24.8,9.32,0.0,3.118,21.0285,105.85420000000002,10.056,10.952,1,2,3,48,1970-01-21 11:08:33.312,1970-01-21 11:09:12.732,Đông,,,
Hà Nội,Đồng bằng sông Hồng,2026-01-12,16.919999999999998,22.92,11.4,16.7,22.7,10.84,0.02,0.02,0.0,0.2,75.0,9.96,22.9,11.866,1020.42,33.6,11.96,0.0,2.284,21.0285,105.85420000000002,8.612,10.962,1,3,3,76,1970-01-21 11:09:59.724,1970-01-21 11:10:39.192,Đông,,,
Hà Nội,Đồng bằng sông Hồng,2026-01-13,17.84,23.98,12.66,17.72,24.380000000000003,12.28,0.0,0.0,0.0,0.0,72.2,13.52,24.98,16.72,1019.28,2.0,12.12,0.0,3.05,21.0285,105.85420000000002,10.08,10.972,1,3,0,9,1970-01-21 11:11:26.124,1970-01-21 11:12:05.616,Đông,,,
Hà Nội,Đồng bằng sông Hồng,2026-01-14,18.82,25.04,13.46,18.94,24.78,13.6,0.0,0.0,0.0,0.0,77.2,14.64,29.02,12.506,1015.9,36.0,14.22,0.0,2.67,21.0285,105.85420000000002,8.662,10.982,1,3,3,114,1970-01-21 11:12:52.536,1970-01-21 11:13:32.052,Đông,,,
Hà Nội,Đồng bằng sông Hồng,2026-01-15,19.42,22.98,16.48,20.9,24.36,17.68,0.5,0.5,0.0,2.4,83.6,9.5,19.8,7.081999999999999,1016.0,80.6,16.419999999999998,0.0,1.534,21.0285,105.85420000000002,2.494,10.992,1,3,51,81,1970-01-21 11:14:18.948,1970-01-21 11:14:58.512,Đông,,,
Hà Nội,Đồng bằng sông Hồng,2026-01-16,20.96,26.32,17.3,22.26,27.2,18.8,0.4599999999999999,0.4599999999999999,0.0,3.2,82.8,14.46,29.24,9.01,1012.48,68.4,17.54,0.0,2.1079999999999997,21.0285,105.85420000000002,4.662,11.002,1,3,51,150,1970-01-21 11:15:45.348,1970-01-21 11:16:24.948,Đông,,,
Hà Nội,Đồng bằng sông Hồng,2026-01-17,20.34,23.42,18.14,22.14,25.2,19.880000000000003,5.32,5.32,0.0,8.2,89.6,14.46,29.44,8.832,1012.14,71.8,18.48,0.0,1.72,21.0285,105.85420000000002,5.965999999999999,11.012,1,3,61,110,1970-01-21 11:17:11.748,1970-01-21 11:17:51.384,Đông,,,
Hà Nội,Đồng bằng sông Hồng,2026-01-18,20.98,26.58,17.78,22.46,27.98,19.52,1.96,1.96,0.0,7.4,83.6,18.14,34.18,10.89,1011.28,65.6,17.84,0.0,2.3560000000000003,21.0285,105.85420000000002,6.038,11.022,1,3,51,127,1970-01-21 11:18:38.148,1970-01-21 11:19:17.832,Đông,,,
Hà Nội,Đồng bằng sông Hồng,2026-01-19,21.5,26.58,18.36,22.52,26.54,19.82,0.6599999999999999,0.6599999999999999,0.0,3.8,83.0,18.14,36.28,10.21,1011.76,70.0,18.1,0.0,2.444,21.0285,105.85420000000002,6.024,11.038,1,4,51,140,1970-01-21 11:20:04.536,1970-01-21 11:20:44.268,Đông,,,
Hà Nội,Đồng bằng sông Hồng,2026-01-20,21.8,25.839999999999996,19.18,23.24,26.52,21.04,2.92,2.92,0.0,11.2,84.4,18.44,35.8,12.5,1014.18,62.8,18.880000000000003,0.0,2.612,21.0285,105.85420000000002,8.879999999999999,11.05,1,4,51,137,1970-01-21 11:21:30.936,1970-01-21 11:22:10.704,Đông,,,
Hà Nội,Đồng bằng sông Hồng,2026-01-21,16.439999999999998,19.8,12.58,15.12,21.56,10.06,4.74,4.74,0.0,10.6,75.6,19.52,38.239999999999995,5.2,1019.32,98.4,12.0,0.0,1.6960000000000002,21.0285,105.85420000000002,0.186,11.062,1,4,53,35,1970-01-21 11:22:57.324,1970-01-21 11:23:37.152,Đông,,,
Hà Nội,Đồng bằng sông Hồng,2026-01-22,11.02,12.42,9.56,8.22,9.9,6.1,2.3,2.3,0.0,11.8,74.6,17.66,33.86,3.822,1024.56,100.0,6.56,0.0,1.204,21.0285,105.85420000000002,0.002,11.072,1,4,51,28,1970-01-21 11:24:23.712,1970-01-21 11:25:03.588,Đông,,,
Hà Nội,Đồng bằng sông Hồng,2026-01-23,12.54,16.380000000000003,10.0,10.7,15.419999999999998,7.42,0.0,0.0,0.0,0.0,68.6,10.68,21.46,10.192,1024.52,91.4,6.88,0.0,1.94,21.0285,105.85420000000002,4.1899999999999995,11.088,1,4,3,14,1970-01-21 11:25:50.112,1970-01-21 11:26:30.012,Đông,,,
Hà Nội,Đồng bằng sông Hồng,2026-01-24,13.88,16.44,11.9,13.0,16.0,10.52,0.04,0.04,0.0,0.4,76.8,9.4,18.0,5.902,1022.14,98.0,9.84,0.0,1.226,21.0285,105.85420000000002,0.726,11.1,1,4,3,9,1970-01-21 11:27:16.500,1970-01-21 11:27:56.472,Đông,,,
Hà Nội,Đồng bằng sông Hồng,2026-01-25,17.380000000000003,22.78,13.919999999999998,18.02,23.44,13.919999999999998,0.3,0.3,0.0,2.8,83.8,12.5,26.26,7.674000000000001,1017.52,77.2,14.48,0.0,1.5779999999999998,21.0285,105.85420000000002,2.678,11.112,1,4,51,56,1970-01-21 11:28:42.900,1970-01-21 11:29:22.896,Đông,,,
Hà Nội,Đồng bằng sông Hồng,2026-01-26,18.7,22.76,16.240000000000002,20.5,24.76,17.86,3.3,3.3,0.0,10.8,90.0,9.14,18.52,7.975999999999999,1019.2,76.4,16.96,0.0,1.514,21.0285,105.85420000000002,4.296,11.13,1,5,53,20,1970-01-21 11:30:09.288,1970-01-21 11:30:49.332,Đông,,,
Hà Nội,Đồng bằng sông Hồng,2026-01-27,19.78,24.1,16.380000000000003,20.96,24.78,17.619999999999997,0.42,0.42,0.0,3.6,81.8,10.4,21.5,10.166,1019.78,71.0,16.26,0.0,2.12,21.0285,105.85420000000002,5.206,11.142,1,5,51,91,1970-01-21 11:31:35.664,1970-01-21 11:32:15.780,Đông,,,
Hà Nội,Đồng bằng sông Hồng,2026-01-28,19.1,24.6,15.14,19.2,24.66,15.06,0.0,0.0,0.0,0.0,75.6,17.46,31.76,14.224,1019.58,33.2,14.28,0.0,3.04,21.0285,105.85420000000002,9.898,11.16,1,5,3,116,1970-01-21 11:33:02.052,1970-01-21 11:33:42.204,Đông,,,
Hà Nội,Đồng bằng sông Hồng,2026-01-29,19.96,25.44,15.419999999999998,20.3,25.02,15.68,0.18,0.18,0.0,1.8,82.4,18.76,37.56,9.694,1016.54,68.8,16.52,0.0,2.33,21.0285,105.85420000000002,5.116,11.172,1,5,51,152,1970-01-21 11:34:28.440,1970-01-21 11:35:08.652,Đông,,,
Hà Nội,Đồng bằng sông Hồng,2026-01-30,21.34,25.94,18.16,22.78,26.54,19.94,1.66,1.66,0.0,7.6,84.2,16.7,33.78,12.088,1017.06,60.2,18.28,0.0,2.582,21.0285,105.85420000000002,7.864,11.19,1,5,51,144,1970-01-21 11:35:54.816,1970-01-21 11:36:35.100,Đông,,,
Hà Nội,Đồng bằng sông Hồng,2026-01-31,19.04,21.639999999999997,16.8,19.06,21.6,16.3,1.46,1.46,0.0,4.0,77.4,20.119999999999997,38.08,7.575999999999999,1020.76,79.0,14.62,0.0,1.98,21.0285,105.85420000000002,2.162,11.202,1,5,51,35,1970-01-21 11:37:21.192,1970-01-21 11:38:01.524,Đông,,,
Hà Nội,Đồng bằng sông Hồng,2026-02-01,17.759999999999998,21.0,14.919999999999998,17.14,20.7,14.5,0.0,0.0,0.0,0.0,67.0,12.46,23.18,9.662,1022.3,70.4,11.4,0.0,2.218,21.0285,105.85420000000002,4.936,11.22,2,5,3,35,1970-01-21 11:38:47.580,1970-01-21 11:39:27.972,Đông,,,
Hà Nội,Đồng bằng sông Hồng,2026-02-02,16.1,18.7,13.5,15.12,17.46,13.279999999999998,0.1399999999999999,0.1399999999999999,0.0,1.0,71.0,12.32,24.2,6.409999999999999,1024.22,70.6,10.6,0.0,1.6960000000000002,21.0285,105.85420000000002,2.242,11.234,2,6,51,18,1970-01-21 11:40:13.956,1970-01-21 11:40:54.408,Đông,,,
Hà Nội,Đồng bằng sông Hồng,2026-02-03,16.8,21.98,11.8,16.56,21.5,11.32,0.0,0.0,0.0,0.0,74.8,10.96,20.160000000000004,11.712,1022.78,65.4,11.92,0.0,2.322,21.0285,105.85420000000002,5.538,11.25,2,6,3,70,1970-01-21 11:41:40.332,1970-01-21 11:42:20.832,Đông,,,
Hà Nội,Đồng bằng sông Hồng,2026-02-04,18.54,23.9,14.02,19.1,24.2,14.5,0.42,0.42,0.0,3.6,83.0,12.96,26.22,8.684000000000001,1017.7,48.8,15.36,0.0,1.914,21.0285,105.85420000000002,2.7960000000000003,11.27,2,6,51,148,1970-01-21 11:43:06.720,1970-01-21 11:43:47.280,Đông,,,
Hà Nội,Đồng bằng sông Hồng,2026-02-05,20.880000000000003,26.1,17.080000000000002,22.66,27.76,18.26,0.4600000000000001,0.4600000000000001,0.0,3.6,85.8,14.080000000000002,26.78,7.978,1014.36,75.8,18.160000000000004,0.0,1.798,21.0285,105.85420000000002,3.404,11.284,2,6,51,150,1970-01-21 11:44:33.084,1970-01-21 11:45:13.704,Đông,,,
Hà Nội,Đồng bằng sông Hồng,2026-02-06,22.54,26.68,20.52,24.98,29.04,23.02,0.74,0.74,0.0,6.2,85.4,16.22,29.44,9.884,1013.6,81.8,19.76,0.0,2.148,21.0285,105.85420000000002,4.984,11.3,2,6,51,144,1970-01-21 11:45:59.460,1970-01-21 11:46:40.152,Đông,,,
Hà Nội,Đồng bằng sông Hồng,2026-02-07,22.14,25.48,19.98,23.68,26.04,21.34,1.4200000000000002,1.4200000000000002,0.0,6.2,83.2,17.14,35.14,9.486,1015.76,82.0,18.9,0.0,2.27,21.0285,105.85420000000002,4.473999999999999,11.32,2,6,53,127,1970-01-21 11:47:25.824,1970-01-21 11:48:06.576,Đông,,,
Hà Nội,Đồng bằng sông Hồng,2026-02-08,15.02,20.06,11.96,13.8,21.94,10.080000000000002,16.3,16.3,0.0,23.8,89.6,23.14,41.32,2.4240000000000004,1022.4,100.0,13.32,0.0,0.712,21.0285,105.85420000000002,0.0,11.34,2,6,61,27,1970-01-21 11:48:52.200,1970-01-21 11:49:33.012,Đông,,,
Hà Nội,Đồng bằng sông Hồng,2026-02-09,13.36,16.66,11.68,12.72,16.34,10.36,5.04,5.04,0.0,12.6,87.2,12.239999999999998,22.04,5.676,1021.02,89.0,11.16,0.0,1.04,21.0285,105.85420000000002,1.754,11.35,2,7,55,11,1970-01-21 11:50:18.576,1970-01-21 11:50:59.460,Đông,,,
Hà Nội,Đồng bằng sông Hồng,2026-02-10,17.580000000000002,22.7,13.2,18.22,23.42,13.22,0.0,0.0,0.0,0.0,81.0,10.28,23.02,9.56,1018.38,94.0,14.12,0.0,1.904,21.0285,105.85420000000002,3.2660000000000005,11.37,2,7,3,1,1970-01-21 11:51:44.940,1970-01-21 11:52:25.872,Đông,,,
Hà Nội,Đồng bằng sông Hồng,2026-02-11,18.44,20.04,17.06,19.380000000000003,20.42,17.380000000000003,2.96,2.96,0.0,7.2,84.8,12.46,24.56,5.032,1020.04,98.8,15.72,0.0,1.204,21.0285,105.85420000000002,0.026,11.39,2,7,53,29,1970-01-21 11:53:11.316,1970-01-21 11:53:52.320,Đông,,,
Hà Nội,Đồng bằng sông Hồng,2026-02-12,19.619999999999997,23.6,17.16,20.82,24.56,18.26,0.6399999999999999,0.6399999999999999,0.0,4.8,84.6,14.06,27.659999999999997,6.684,1017.38,88.4,16.880000000000003,0.0,1.552,21.0285,105.85420000000002,0.738,11.41,2,7,51,122,1970-01-21 11:54:37.680,1970-01-21 11:55:18.732,Đông,,,
Hà Nội,Đồng bằng sông Hồng,2026-02-13,21.84,25.42,18.380000000000003,23.32,26.44,20.14,0.9,0.9,0.0,3.2,84.0,16.34,30.46,7.48,1015.06,80.0,18.74,0.0,1.992,21.0285,105.85420000000002,1.19,11.422,2,7,51,147,1970-01-21 11:56:04.044,1970-01-21 11:56:45.180,Đông,,,
Hà Nội,Đồng bằng sông Hồng,2026-02-14,22.36,26.28,19.7,23.92,27.22,21.34,0.32,0.32,0.0,3.2,81.4,16.68,31.02,11.052,1014.76,68.4,18.76,0.0,2.636,21.0285,105.85420000000002,5.282,11.44,2,7,51,144,1970-01-21 11:57:30.420,1970-01-21 11:58:11.604,Đông,,,
Hà Nội,Đồng bằng sông Hồng,2026-02-15,23.1,28.639999999999997,19.58,24.58,30.139999999999997,21.42,0.12,0.12,0.0,1.2,79.0,19.16,36.28,16.169999999999998,1013.5,57.4,18.8,0.0,3.628,21.0285,105.85420000000002,9.4,11.46,2,7,51,159,1970-01-21 11:58:56.784,1970-01-21 11:59:38.040,Đông,,,
Hà Nội,Đồng bằng sông Hồng,2026-02-16,23.380000000000003,28.46,20.14,25.24,29.96,22.2,0.38,0.38,0.0,3.2,77.8,15.68,28.44,13.778,1013.7,67.4,18.86,0.0,3.13,21.0285,105.85420000000002,9.02,11.48,2,8,51,147,1970-01-21 12:00:23.160,1970-01-21 12:01:04.464,Đông,,,
Hà Nội,Đồng bằng sông Hồng,2026-02-17,22.34,25.54,19.619999999999997,24.26,27.2,19.98,2.8200000000000003,2.8200000000000003,0.0,7.4,81.6,14.8,31.24,11.902,1016.66,79.2,18.82,0.0,2.616,21.0285,105.85420000000002,7.104000000000001,11.5,2,8,53,66,1970-01-21 12:01:49.500,1970-01-21 12:02:30.900,Đông,,,
Hà Nội,Đồng bằng sông Hồng,2026-02-18,19.08,21.44,16.919999999999998,19.76,22.42,16.66,1.36,1.36,0.0,5.0,78.8,13.56,24.42,5.5,1020.36,99.8,15.26,0.0,1.456,21.0285,105.85420000000002,0.036,11.518,2,8,51,33,1970-01-21 12:03:15.864,1970-01-21 12:03:57.324,Đông,,,
Hà Nội,Đồng bằng sông Hồng,2026-02-19,19.6,22.24,17.56,20.64,23.9,18.24,1.02,1.02,0.0,5.2,78.6,12.18,22.619999999999997,6.382,1021.52,99.4,15.68,0.0,1.532,21.0285,105.85420000000002,0.242,11.532,2,8,51,15,1970-01-21 12:04:42.240,1970-01-21 12:05:23.760,Đông,,,
Hà Nội,Đồng bằng sông Hồng,2026-02-20,20.02,24.26,16.64,20.46,26.48,16.860000000000003,0.8400000000000001,0.8400000000000001,0.0,4.0,74.6,16.44,29.94,14.174,1019.3,66.8,15.14,0.0,3.012,21.0285,105.85420000000002,6.851999999999999,11.552,2,8,51,8,1970-01-21 12:06:08.580,1970-01-21 12:06:50.172,Đông,,,
Hà Nội,Đồng bằng sông Hồng,2026-02-21,21.36,28.06,17.22,22.46,29.3,18.22,0.1,0.1,0.0,1.0,82.4,18.64,36.42,11.964,1010.1,58.6,17.9,0.0,2.7039999999999997,21.0285,105.85420000000002,6.522,11.572,2,8,51,149,1970-01-21 12:07:34.944,1970-01-21 12:08:16.620,Đông,,,
Hà Nội,Đồng bằng sông Hồng,2026-02-22,22.08,24.98,19.66,24.24,27.42,21.42,1.6,1.6,0.0,7.6,88.4,16.3,32.12,4.82,1009.56,98.0,20.0,0.0,1.314,21.0285,105.85420000000002,0.202,11.592,2,8,51,129,1970-01-21 12:09:01.320,1970-01-21 12:09:43.032,Đông,,,
Hà Nội,Đồng bằng sông Hồng,2026-02-23,23.380000000000003,26.4,21.020000000000003,25.28,27.660000000000004,23.0,0.58,0.58,0.0,4.6,82.8,19.04,38.02,8.004,1009.88,93.2,20.16,0.0,2.09,21.0285,105.85420000000002,3.178,11.611999999999998,2,9,51,150,1970-01-21 12:10:27.660,1970-01-21 12:11:09.480,Đông,,,
Hà Nội,Đồng bằng sông Hồng,2026-02-24,23.14,25.0,21.9,25.92,27.880000000000003,24.56,0.44,0.44,0.0,4.0,88.0,14.34,26.44,3.974,1011.36,97.0,21.0,0.0,1.148,21.0285,105.85420000000002,0.012,11.632,2,9,51,144,1970-01-21 12:11:54.000,1970-01-21 12:12:35.880,Đông,,,
Hà Nội,Đồng bằng sông Hồng,2026-02-25,23.119999999999997,26.94,20.92,25.76,29.72,23.339999999999996,13.02,13.02,0.0,10.8,86.6,15.38,29.660000000000004,9.284,1012.08,83.0,20.58,0.0,2.064,21.0285,105.85420000000002,4.538,11.652,2,9,61,139,1970-01-21 12:13:20.364,1970-01-21 12:14:02.316,Đông,,,
Hà Nội,Đồng bằng sông Hồng,2026-02-26,21.9,24.78,20.36,24.26,26.660000000000004,22.52,2.78,2.78,0.0,7.6,90.2,14.56,27.5,6.132,1009.58,83.4,20.14,0.0,1.378,21.0285,105.85420000000002,1.91,11.672,2,9,53,145,1970-01-21 12:14:46.740,1970-01-21 12:15:28.740,Đông,,,
Hà Nội,Đồng bằng sông Hồng,2026-02-27,23.64,28.54,19.52,26.28,31.6,21.86,0.3,0.3,0.0,1.6,83.8,18.04,34.4,14.366,1006.72,49.6,20.52,0.0,3.072,21.0285,105.85420000000002,9.984,11.691999999999998,2,9,51,145,1970-01-21 12:16:13.080,1970-01-21 12:16:55.164,Đông,,,
Hà Nội,Đồng bằng sông Hồng,2026-02-28,25.380000000000003,29.74,22.880000000000003,28.58,32.58,26.28,1.8,1.8,0.0,8.8,85.8,19.82,40.1,13.035999999999998,1005.06,76.4,22.64,0.0,2.964,21.0285,105.85420000000002,7.314,11.71,2,9,51,152,1970-01-21 12:17:39.420,1970-01-21 12:18:21.600,Đông,,,
Hà Nội,Đồng bằng sông Hồng,2026-03-01,25.94,31.24,22.36,29.76,35.96,25.78,1.5,1.5,0.0,1.4,84.2,18.6,36.239999999999995,15.336000000000002,1005.06,63.8,22.78,0.0,3.46,21.0285,105.85420000000002,8.03,11.728,3,9,3,134,1970-01-21 12:19:05.784,1970-01-21 12:19:48.012,Xuân,,,
Hà Nội,Đồng bằng sông Hồng,2026-03-02,26.119999999999997,30.880000000000003,22.98,30.46,35.5,26.2,1.64,1.64,0.0,4.0,85.4,16.880000000000003,33.46,12.935999999999998,1007.02,61.0,23.26,0.0,2.944,21.0285,105.85420000000002,6.44,11.748,3,10,51,106,1970-01-21 12:20:32.160,1970-01-21 12:21:14.448,Xuân,,,
Hà Nội,Đồng bằng sông Hồng,2026-03-03,21.92,25.08,19.18,22.0,26.02,18.44,12.22,12.22,0.0,8.4,70.6,19.86,38.88,11.098,1012.94,94.4,16.080000000000002,0.0,3.098,21.0285,105.85420000000002,4.696,11.768,3,10,63,34,1970-01-21 12:21:58.500,1970-01-21 12:22:40.860,Xuân,,,
Hà Nội,Đồng bằng sông Hồng,2026-03-04,19.58,22.54,17.119999999999997,18.94,22.76,16.419999999999998,0.32,0.32,0.0,1.2,64.4,15.9,29.72,13.026,1016.52,60.0,12.56,0.0,3.15,21.0285,105.85420000000002,8.112,11.788,3,10,3,42,1970-01-21 12:23:24.840,1970-01-21 12:24:07.284,Xuân,,,
Hà Nội,Đồng bằng sông Hồng,2026-03-05,19.9,23.5,15.7,21.16,24.6,16.919999999999998,0.1,0.1,0.0,0.8,78.4,8.78,21.46,11.11,1015.82,75.2,15.76,0.0,2.254,21.0285,105.85420000000002,3.986,11.808000000000002,3,10,51,60,1970-01-21 12:24:51.204,1970-01-21 12:25:33.720,Xuân,,,
Hà Nội,Đồng bằng sông Hồng,2026-03-06,21.44,24.9,19.1,23.1,27.24,20.8,0.26,0.26,0.0,2.2,78.2,13.72,24.92,10.766,1016.72,81.8,17.3,0.0,2.456,21.0285,105.85420000000002,2.814,11.828,3,10,51,120,1970-01-21 12:26:17.568,1970-01-21 12:27:00.120,Xuân,,,
Hà Nội,Đồng bằng sông Hồng,2026-03-07,21.22,24.9,18.28,22.32,25.32,20.36,0.08,0.08,0.0,0.8,79.8,17.84,34.76,9.744,1016.88,64.4,17.419999999999998,0.0,2.442,21.0285,105.85420000000002,2.95,11.848,3,10,51,131,1970-01-21 12:27:43.920,1970-01-21 12:28:26.544,Xuân,,,
Hà Nội,Đồng bằng sông Hồng,2026-03-08,21.76,25.22,18.82,23.08,25.96,20.68,1.56,1.56,0.0,6.8,83.0,19.74,38.16,8.138,1016.74,93.8,18.64,0.0,2.07,21.0285,105.85420000000002,1.78,11.868,3,10,51,122,1970-01-21 12:29:10.260,1970-01-21 12:29:52.980,Xuân,,,
Hà Nội,Đồng bằng sông Hồng,2026-03-09,19.96,23.5,17.5,20.24,24.86,15.9,5.64,5.64,0.0,11.0,81.4,25.44,46.739999999999995,4.343999999999999,1020.98,99.4,16.580000000000002,0.0,1.51,21.0285,105.85420000000002,0.24,11.89,3,11,61,47,1970-01-21 12:30:36.600,1970-01-21 12:31:19.380,Xuân,,,
Hà Nội,Đồng bằng sông Hồng,2026-03-10,19.02,23.54,16.380000000000003,17.8,23.339999999999996,14.04,0.0,0.0,0.0,0.0,60.0,17.66,32.480000000000004,18.596,1022.68,46.4,10.88,0.0,4.1899999999999995,21.0285,105.85420000000002,9.94,11.91,3,11,3,26,1970-01-21 12:32:02.940,1970-01-21 12:32:45.828,Xuân,,,
Hà Nội,Đồng bằng sông Hồng,2026-03-11,18.66,21.94,15.28,19.619999999999997,22.84,15.98,0.02,0.02,0.0,0.2,78.4,8.02,17.64,10.996,1019.0,74.2,14.580000000000002,0.0,2.158,21.0285,105.85420000000002,4.748,11.93,3,11,3,61,1970-01-21 12:33:29.280,1970-01-21 12:34:12.240,Xuân,,,
Hà Nội,Đồng bằng sông Hồng,2026-03-12,20.3,24.56,17.2,21.24,24.98,18.18,0.0,0.0,0.0,0.0,74.6,12.12,24.2,13.4,1018.4,70.8,15.28,0.0,2.842,21.0285,105.85420000000002,6.473999999999999,11.95,3,11,3,93,1970-01-21 12:34:55.632,1970-01-21 12:35:38.640,Xuân,,,
Hà Nội,Đồng bằng sông Hồng,2026-03-13,20.52,25.08,16.64,21.04,25.54,17.66,0.2,0.2,0.0,1.6,70.8,15.6,33.04,16.674,1019.7,52.8,14.48,0.0,3.616,21.0285,105.85420000000002,9.006,11.97,3,11,51,98,1970-01-21 12:36:21.996,1970-01-21 12:37:05.088,Xuân,,,
Hà Nội,Đồng bằng sông Hồng,2026-03-14,20.84,23.6,18.68,21.72,23.6,20.18,0.48,0.48,0.0,2.6,75.8,15.98,33.339999999999996,9.246,1019.88,85.4,16.3,0.0,2.28,21.0285,105.85420000000002,3.146,11.99,3,11,51,116,1970-01-21 12:37:48.348,1970-01-21 12:38:31.500,Xuân,,,
Hà Nội,Đồng bằng sông Hồng,2026-03-15,21.36,24.78,18.46,22.9,26.06,20.28,0.94,0.94,0.0,5.4,81.4,16.2,32.12,12.854,1018.68,67.8,17.880000000000003,0.0,2.67,21.0285,105.85420000000002,8.458,12.01,3,11,51,128,1970-01-21 12:39:14.700,1970-01-21 12:39:57.900,Xuân,,,
Hà Nội,Đồng bằng sông Hồng,2026-03-16,22.18,25.9,19.08,23.34,26.54,20.94,0.9,0.9,0.0,5.2,81.0,19.7,38.739999999999995,14.744,1015.3,39.0,18.54,0.0,3.272,21.0285,105.85420000000002,9.382,12.03,3,12,51,151,1970-01-21 12:40:41.040,1970-01-21 12:41:24.348,Xuân,,,
Hà Nội,Đồng bằng sông Hồng,2026-03-17,22.94,27.0,19.72,24.0,27.619999999999997,21.34,0.32,0.32,0.0,2.8,80.4,23.12,44.14,13.708000000000002,1013.02,37.4,19.119999999999997,0.0,3.226,21.0285,105.85420000000002,9.053999999999998,12.05,3,12,51,156,1970-01-21 12:42:07.380,1970-01-21 12:42:50.760,Xuân,,,
Hà Nội,Đồng bằng sông Hồng,2026-03-18,23.48,27.24,20.06,25.74,29.08,22.58,0.32,0.32,0.0,3.2,83.8,18.52,34.78,12.106,1013.08,45.8,20.380000000000003,0.0,2.766,21.0285,105.85420000000002,6.224,12.07,3,12,51,148,1970-01-21 12:43:33.720,1970-01-21 12:44:17.160,Xuân,,,
Hà Nội,Đồng bằng sông Hồng,2026-03-19,23.98,28.28,21.22,25.96,29.78,23.82,0.34,0.34,0.0,3.4,83.4,21.58,41.88,13.292000000000002,1011.6,47.0,20.8,0.0,3.126,21.0285,105.85420000000002,7.984,12.09,3,12,51,150,1970-01-21 12:45:00.060,1970-01-21 12:45:43.608,Xuân,,,
Hà Nội,Đồng bằng sông Hồng,2026-03-20,24.14,27.26,21.58,26.48,29.639999999999997,23.92,0.52,0.52,0.0,4.6,85.2,18.94,37.42,8.703999999999999,1011.84,91.4,21.36,0.0,2.232,21.0285,105.85420000000002,1.3239999999999998,12.11,3,12,51,143,1970-01-21 12:46:26.400,1970-01-21 12:47:10.020,Xuân,,,
Hà Nội,Đồng bằng sông Hồng,2026-03-21,23.72,25.92,21.3,25.8,27.5,24.2,1.22,1.22,0.0,6.0,83.2,19.94,38.2,7.064,1013.72,95.6,20.639999999999997,0.0,2.014,21.0285,105.85420000000002,0.3339999999999999,12.13,3,12,51,126,1970-01-21 12:47:52.740,1970-01-21 12:48:36.420,Xuân,,,
Hà Nội,Đồng bằng sông Hồng,2026-03-22,24.26,28.4,21.24,26.44,29.96,24.04,2.8,2.8,0.0,3.4,82.8,21.24,41.26,12.708,1012.44,75.4,20.94,0.0,3.096,21.0285,105.85420000000002,6.522,12.15,3,12,51,146,1970-01-21 12:49:19.104,1970-01-21 12:50:02.856,Xuân,,,
Hà Nội,Đồng bằng sông Hồng,2026-03-23,24.66,28.58,21.98,27.0,30.360000000000003,24.34,0.58,0.58,0.0,5.2,84.0,20.8,40.82,11.4,1011.14,80.2,21.58,0.0,2.798,21.0285,105.85420000000002,4.648000000000001,12.17,3,13,51,148,1970-01-21 12:50:45.468,1970-01-21 12:51:29.280,Xuân,,,
Hà Nội,Đồng bằng sông Hồng,2026-03-24,25.32,29.380000000000003,22.880000000000003,28.26,32.14,25.92,0.24,0.24,0.0,2.4,82.8,17.86,35.36,12.47,1010.08,73.8,22.04,0.0,3.012,21.0285,105.85420000000002,6.962000000000001,12.19,3,13,51,146,1970-01-21 12:52:11.820,1970-01-21 12:52:55.680,Xuân,,,
Hà Nội,Đồng bằng sông Hồng,2026-03-25,25.42,28.7,23.36,27.92,30.42,26.56,0.36,0.36,0.0,3.4,81.0,19.96,39.54,12.854,1010.58,68.8,21.66,0.0,3.196,21.0285,105.85420000000002,6.074,12.21,3,13,51,146,1970-01-21 12:53:38.160,1970-01-21 12:54:22.116,Xuân,,,
Hà Nội,Đồng bằng sông Hồng,2026-03-26,26.04,30.26,23.02,29.48,33.7,26.22,0.58,0.58,0.0,5.4,83.0,17.56,32.98,12.652,1008.86,65.4,22.76,0.0,3.0420000000000003,21.0285,105.85420000000002,6.662000000000001,12.23,3,13,51,153,1970-01-21 12:55:04.500,1970-01-21 12:55:48.540,Xuân,,,
Hà Nội,Đồng bằng sông Hồng,2026-03-27,25.660000000000004,29.18,22.9,29.18,32.779999999999994,26.119999999999997,1.02,1.02,0.0,7.4,85.4,18.58,35.339999999999996,9.746,1008.08,80.6,22.9,0.0,2.42,21.0285,105.85420000000002,4.034000000000001,12.25,3,13,51,136,1970-01-21 12:56:30.840,1970-01-21 12:57:14.940,Xuân,,,
Hà Nội,Đồng bằng sông Hồng,2026-03-28,25.98,29.4,23.4,29.56,32.879999999999995,27.04,0.52,0.52,0.0,4.8,84.0,16.48,31.96,10.818,1008.26,80.4,22.94,0.0,2.668,21.0285,105.85420000000002,4.226,12.27,3,13,51,134,1970-01-21 12:57:57.180,1970-01-21 12:58:41.352,Xuân,,,
Hà Nội,Đồng bằng sông Hồng,2026-03-29,26.46,30.82,23.92,30.0,33.62,27.32,8.8,8.8,0.0,5.2,84.8,23.56,44.8,15.334,1007.14,60.4,23.54,0.0,3.4560000000000004,21.0285,105.85420000000002,8.282,12.29,3,13,61,151,1970-01-21 12:59:23.520,1970-01-21 13:00:07.800,Xuân,,,
Hà Nội,Đồng bằng sông Hồng,2026-03-30,27.340000000000003,32.1,23.04,31.56,37.32,26.54,0.4,0.4,0.0,3.0,81.4,19.18,36.14,17.136000000000003,1005.64,44.0,23.72,0.0,4.054,21.0285,105.85420000000002,8.622,12.31,3,14,51,134,1970-01-21 13:00:49.860,1970-01-21 13:01:34.200,Xuân,,,
Hà Nội,Đồng bằng sông Hồng,2026-03-31,28.56,35.040000000000006,23.76,33.12,41.260000000000005,26.139999999999997,3.66,3.66,0.0,0.8,75.6,24.96,58.760000000000005,19.886,1005.6,14.8,23.5,0.0,4.832,21.0285,105.85420000000002,11.528,12.332,3,14,2,77,1970-01-21 13:02:16.212,1970-01-21 13:03:00.600,Xuân,,,
Hà Nội,Đồng bằng sông Hồng,2026-04-01,24.68,28.06,22.08,26.92,31.02,23.82,1.18,1.18,0.0,1.8,74.2,15.419999999999998,31.6,13.451999999999998,1011.1,64.0,19.58,0.0,3.38,21.0285,105.85420000000002,5.328,12.352,4,14,53,87,1970-01-21 13:03:42.564,1970-01-21 13:04:27.048,Xuân,,,
Hà Nội,Đồng bằng sông Hồng,2026-04-02,25.1,30.5,21.56,28.26,33.54,24.34,0.2799999999999999,0.2799999999999999,0.0,2.0,83.2,19.72,37.0,11.784,1009.18,63.8,21.86,0.0,2.886,21.0285,105.85420000000002,5.362,12.372,4,14,51,157,1970-01-21 13:05:08.904,1970-01-21 13:05:53.460,Xuân,,,
Hà Nội,Đồng bằng sông Hồng,2026-04-03,27.58,32.92,23.72,32.68,39.66,27.5,0.12,0.12,0.0,1.2,83.0,15.3,28.3,17.096,1004.7,40.8,24.18,0.0,3.918,21.0285,105.85420000000002,8.022,12.392,4,14,51,118,1970-01-21 13:06:35.268,1970-01-21 13:07:19.860,Xuân,,,
Hà Nội,Đồng bằng sông Hồng,2026-04-04,26.56,30.639999999999997,23.84,29.76,34.839999999999996,25.76,0.02,0.02,0.0,0.2,76.4,18.24,35.64,14.658,1005.3,58.0,21.82,0.0,3.7,21.0285,105.85420000000002,7.278,12.412,4,14,3,76,1970-01-21 13:08:01.620,1970-01-21 13:08:46.284,Xuân,,,
Hà Nội,Đồng bằng sông Hồng,2026-04-05,27.119999999999997,32.3,22.82,31.28,37.4,26.3,0.12,0.12,0.0,1.2,81.2,17.44,33.260000000000005,17.202,1002.6,55.2,23.44,0.0,4.018,21.0285,105.85420000000002,8.344,12.432,4,14,51,135,1970-01-21 13:09:27.960,1970-01-21 13:10:12.720,Xuân,,,
Hà Nội,Đồng bằng sông Hồng,2026-04-06,30.139999999999997,37.92,23.92,35.660000000000004,44.52,28.880000000000003,0.0,0.0,0.0,0.0,74.0,16.880000000000003,30.82,20.568,1001.82,28.4,24.520000000000003,0.0,5.2219999999999995,21.0285,105.85420000000002,11.714,12.452,4,15,3,128,1970-01-21 13:10:54.300,1970-01-21 13:11:39.120,Xuân,,,
Hà Nội,Đồng bằng sông Hồng,2026-04-07,30.8,36.92,26.1,36.0,44.4,29.860000000000003,0.0,0.0,0.0,0.0,67.4,16.8,29.040000000000003,20.382,1002.84,17.4,23.78,0.0,5.168,21.0285,105.85420000000002,11.796,12.472,4,15,2,108,1970-01-21 13:12:20.640,1970-01-21 13:13:05.544,Xuân,,,
Hà Nội,Đồng bằng sông Hồng,2026-04-08,29.56,34.980000000000004,25.58,34.62,41.7,30.08,0.0,0.0,0.0,0.0,75.4,18.92,34.46,19.619999999999997,1004.4,20.8,24.64,0.0,4.922,21.0285,105.85420000000002,11.482,12.492,4,15,1,124,1970-01-21 13:13:46.980,1970-01-21 13:14:31.980,Xuân,,,
Hà Nội,Đồng bằng sông Hồng,2026-04-09,28.98,33.68,24.78,34.5,41.260000000000005,29.48,0.0799999999999999,0.0799999999999999,0.0,0.4,79.4,16.34,29.08,20.15,1005.16,13.2,24.92,0.0,4.698,21.0285,105.85420000000002,11.762,12.512,4,15,2,133,1970-01-21 13:15:13.332,1970-01-21 13:15:58.380,Xuân,,,
Hà Nội,Đồng bằng sông Hồng,2026-04-10,29.18,35.18,24.28,34.760000000000005,42.8,29.04,0.0,0.0,0.0,0.0,78.8,17.18,31.48,21.072,1003.88,4.2,24.880000000000003,0.0,4.968,21.0285,105.85420000000002,11.838,12.532,4,15,1,98,1970-01-21 13:16:39.684,1970-01-21 13:17:24.780,Xuân,,,
Hà Nội,Đồng bằng sông Hồng,2026-04-11,29.6,36.58,23.76,34.82,42.88,28.2,0.06,0.06,0.0,0.2,72.2,14.98,27.5,20.55,1002.1,7.4,23.619999999999997,0.0,5.05,21.0285,105.85420000000002,11.664,12.55,4,15,1,96,1970-01-21 13:18:06.036,1970-01-21 13:18:51.240,Xuân,,,
Hà Nội,Đồng bằng sông Hồng,2026-04-12,29.160000000000004,35.48,23.54,34.08,42.18,26.619999999999997,0.0,0.0,0.0,0.0,71.4,13.9,24.7,21.363999999999997,1002.0,2.6,23.2,0.0,5.108,21.0285,105.85420000000002,11.994,12.57,4,15,0,91,1970-01-21 13:19:32.400,1970-01-21 13:20:17.640,Xuân,,,
Hà Nội,Đồng bằng sông Hồng,2026-04-13,28.78,34.14,24.12,34.62,42.5,29.08,0.0,0.0,0.0,0.0,82.0,15.9,29.96,21.128,1004.7,4.6,25.22,0.0,4.818,21.0285,105.85420000000002,11.942,12.588,4,16,0,121,1970-01-21 13:20:58.740,1970-01-21 13:21:44.040,Xuân,,,
Hà Nội,Đồng bằng sông Hồng,2026-04-14,28.74,33.4,25.119999999999997,34.52,41.2,30.42,0.02,0.02,0.0,0.2,83.6,17.34,31.839999999999996,19.784,1005.56,13.4,25.56,0.0,4.4479999999999995,21.0285,105.85420000000002,11.302,12.608,4,16,3,121,1970-01-21 13:22:25.092,1970-01-21 13:23:10.488,Xuân,,,
Hà Nội,Đồng bằng sông Hồng,2026-04-15,28.56,33.54,25.58,33.88,39.760000000000005,30.6,0.32,0.32,0.0,3.2,84.4,19.9,37.22,17.201999999999998,1005.0,34.6,25.46,0.0,4.004,21.0285,105.85420000000002,9.836,12.628,4,16,51,129,1970-01-21 13:23:51.432,1970-01-21 13:24:36.900,Xuân,,,
Hà Nội,Đồng bằng sông Hồng,2026-04-16,28.339999999999996,32.42,25.48,33.6,38.8,30.380000000000003,0.22,0.22,0.0,2.2,84.2,18.42,34.42,17.036,1006.28,46.0,25.22,0.0,3.882,21.0285,105.85420000000002,10.5,12.648,4,16,51,125,1970-01-21 13:25:17.796,1970-01-21 13:26:03.312,Xuân,,,
Hà Nội,Đồng bằng sông Hồng,2026-04-17,25.52,27.58,23.32,30.119999999999997,33.14,25.839999999999996,40.5,40.5,0.0,15.2,91.0,20.380000000000003,38.52,8.942,1009.36,89.4,24.0,0.0,1.892,21.0285,105.85420000000002,2.408,12.668,4,16,65,87,1970-01-21 13:26:44.160,1970-01-21 13:27:29.760,Xuân,,,
Hà Nội,Đồng bằng sông Hồng,2026-04-18,25.06,28.26,22.380000000000003,29.08,32.78,26.04,7.74,7.74,0.0,13.6,87.4,14.920000000000002,31.1,14.194,1010.82,79.0,22.68,0.0,2.968,21.0285,105.85420000000002,8.092,12.682,4,16,63,121,1970-01-21 13:28:10.500,1970-01-21 13:28:56.160,Xuân,,,
Hà Nội,Đồng bằng sông Hồng,2026-04-19,25.619999999999997,29.26,23.74,29.18,33.42,27.18,1.8,1.8,0.0,4.6,84.6,17.479999999999997,34.2,12.294,1009.4,76.6,22.7,0.0,2.8120000000000003,21.0285,105.85420000000002,5.49,12.7,4,16,51,141,1970-01-21 13:29:36.852,1970-01-21 13:30:22.572,Xuân,,,
Hà Nội,Đồng bằng sông Hồng,2026-04-20,25.9,28.96,23.119999999999997,29.339999999999996,32.38,26.7,0.2,0.2,0.0,2.0,85.2,19.119999999999997,36.86,11.38,1007.62,67.0,23.08,0.0,2.73,21.0285,105.85420000000002,4.402,12.72,4,17,51,155,1970-01-21 13:31:03.204,1970-01-21 13:31:49.020,Xuân,,,
Hà Nội,Đồng bằng sông Hồng,2026-04-21,27.58,32.04,24.7,31.54,36.84,28.660000000000004,0.26,0.26,0.0,2.2,82.6,22.0,41.48,17.432,1005.3,44.2,24.14,0.0,4.048,21.0285,105.85420000000002,9.828,12.74,4,17,51,150,1970-01-21 13:32:29.556,1970-01-21 13:33:15.420,Xuân,,,
Hà Nội,Đồng bằng sông Hồng,2026-04-22,28.56,33.92,24.6,34.019999999999996,41.08,27.82,1.2200000000000002,1.2200000000000002,0.0,0.4,82.6,23.5,41.2,20.404000000000003,1004.0,25.6,25.119999999999997,0.0,4.63,21.0285,105.85420000000002,11.758,12.76,4,17,3,113,1970-01-21 13:33:55.920,1970-01-21 13:34:41.832,Xuân,,,
Hà Nội,Đồng bằng sông Hồng,2026-04-23,24.56,27.0,22.6,27.42,30.46,23.36,34.36,34.36,0.0,10.0,82.6,24.68,49.32,12.929999999999998,1007.84,89.4,21.26,0.0,2.776,21.0285,105.85420000000002,6.028,12.778,4,17,65,44,1970-01-21 13:35:22.272,1970-01-21 13:36:08.280,Xuân,,,
Hà Nội,Đồng bằng sông Hồng,2026-04-24,24.42,27.76,22.22,27.9,30.96,25.48,6.0,6.0,0.0,6.4,82.0,10.34,21.4,10.974,1011.5,87.6,20.94,0.0,2.486,21.0285,105.85420000000002,2.8939999999999997,12.798,4,17,53,77,1970-01-21 13:36:48.624,1970-01-21 13:37:34.680,Xuân,,,
Hà Nội,Đồng bằng sông Hồng,2026-04-25,25.4,29.22,21.94,29.1,33.519999999999996,25.58,0.18,0.18,0.0,1.2,78.4,13.48,24.56,20.352,1013.6,43.0,21.119999999999997,0.0,4.286,21.0285,105.85420000000002,11.346,12.81,4,17,51,136,1970-01-21 13:38:14.988,1970-01-21 13:39:01.104,Xuân,,,
Hà Nội,Đồng bằng sông Hồng,2026-04-26,25.24,29.18,22.18,28.839999999999996,32.88,26.24,1.56,1.56,0.0,3.2,83.0,14.62,30.1,17.816,1011.18,83.8,21.9,0.0,3.798000000000001,21.0285,105.85420000000002,8.288,12.830000000000002,4,17,53,136,1970-01-21 13:39:41.340,1970-01-21 13:40:27.540,Xuân,,,
Hà Nội,Đồng bằng sông Hồng,2026-04-27,26.54,31.119999999999997,23.24,30.360000000000003,35.82,27.160000000000004,0.2199999999999999,0.2199999999999999,0.0,1.4,82.2,19.56,37.72,20.094,1007.58,43.8,22.98,0.0,4.39,21.0285,105.85420000000002,11.478,12.85,4,18,51,163,1970-01-21 13:41:07.692,1970-01-21 13:41:53.940,Xuân,,,
Hà Nội,Đồng bằng sông Hồng,2026-04-28,27.4,31.860000000000003,23.9,32.04,37.96,28.2,0.22,0.22,0.0,1.4,83.4,16.419999999999998,32.92,18.97,1005.82,61.0,24.119999999999997,0.0,4.196,21.0285,105.85420000000002,9.425999999999998,12.87,4,18,51,155,1970-01-21 13:42:34.056,1970-01-21 13:43:20.376,Xuân,,,
Hà Nội,Đồng bằng sông Hồng,2026-04-29,24.68,28.1,22.1,26.24,30.26,23.08,18.78,18.78,0.0,6.2,72.0,22.66,48.68,16.03,1011.84,88.0,18.92,0.0,3.894,21.0285,105.85420000000002,6.572,12.88,4,18,65,22,1970-01-21 13:44:00.420,1970-01-21 13:44:46.800,Xuân,,,
Hà Nội,Đồng bằng sông Hồng,2026-04-30,23.22,26.44,20.02,24.56,29.860000000000003,20.44,0.0,0.0,0.0,0.0,65.4,12.62,24.98,21.684,1015.2,37.2,16.2,0.0,4.598,21.0285,105.85420000000002,11.254,12.9,4,18,3,49,1970-01-21 13:45:26.772,1970-01-21 13:46:13.212,Xuân,,,
Hà Nội,Đồng bằng sông Hồng,2026-05-01,24.02,28.04,20.119999999999997,26.119999999999997,29.660000000000004,22.68,0.0,0.0,0.0,0.0,77.8,17.44,33.239999999999995,15.742,1011.68,65.0,19.78,0.0,3.558,21.0285,105.85420000000002,7.345999999999999,12.919999999999998,5,18,3,144,1970-01-21 13:46:53.136,1970-01-21 13:47:39.648,Xuân,,,
Hà Nội,Đồng bằng sông Hồng,2026-05-02,25.639999999999997,31.28,22.34,29.92,35.9,25.72,5.7,5.7,0.0,5.0,86.0,18.86,38.38,16.23,1008.6,89.8,22.98,0.0,3.3600000000000003,21.0285,105.85420000000002,8.686,12.93,5,18,63,146,1970-01-21 13:48:19.512,1970-01-21 13:49:06.060,Xuân,,,
Hà Nội,Đồng bằng sông Hồng,2026-05-03,24.880000000000003,28.1,21.86,28.76,32.62,23.36,21.44,21.44,0.0,12.2,88.2,18.76,37.64,11.134,1010.22,83.4,22.76,0.0,2.45,21.0285,105.85420000000002,4.75,12.95,5,18,63,18,1970-01-21 13:49:45.864,1970-01-21 13:50:32.484,Xuân,,,
Hà Nội,Đồng bằng sông Hồng,2026-05-04,23.3,27.74,19.78,25.04,30.139999999999997,21.02,16.48,16.48,0.0,8.0,75.4,17.06,30.880000000000003,17.022,1014.92,61.0,18.36,0.0,3.686,21.0285,105.85420000000002,8.654,12.968,5,19,63,7,1970-01-21 13:51:12.240,1970-01-21 13:51:58.920,Xuân,,,
Hà Nội,Đồng bằng sông Hồng,2026-05-05,24.96,29.48,20.68,28.26,33.12,23.880000000000003,0.02,0.02,0.0,0.2,79.0,16.080000000000002,28.860000000000003,20.044,1011.78,23.4,20.8,0.0,4.284000000000001,21.0285,105.85420000000002,11.656,12.98,5,19,3,142,1970-01-21 13:52:38.592,1970-01-21 13:53:25.332,Xuân,,,
Hà Nội,Đồng bằng sông Hồng,2026-05-06,26.76,31.119999999999997,23.18,30.26,35.260000000000005,26.839999999999996,0.42,0.42,0.0,3.8,80.8,20.26,38.88,18.878,1008.22,37.6,23.02,0.0,4.256,21.0285,105.85420000000002,11.626,13.0,5,19,51,152,1970-01-21 13:54:04.968,1970-01-21 13:54:51.768,Xuân,,,
Hà Nội,Đồng bằng sông Hồng,2026-05-07,26.6,30.48,24.639999999999997,31.72,36.5,29.04,11.64,11.64,0.0,12.8,89.4,14.98,31.18,15.32,1008.88,71.6,24.6,0.0,3.136,21.0285,105.85420000000002,8.176,13.018,5,19,63,138,1970-01-21 13:55:31.332,1970-01-21 13:56:18.180,Xuân,,,
Hà Nội,Đồng bằng sông Hồng,2026-05-08,25.74,28.8,23.36,30.18,33.5,27.2,20.1,20.1,0.0,12.4,86.8,13.12,27.56,14.188,1012.24,86.6,23.3,0.0,3.024,21.0285,105.85420000000002,7.148000000000001,13.029999999999998,5,19,63,17,1970-01-21 13:56:57.708,1970-01-21 13:57:44.604,Xuân,,,
Hà Nội,Đồng bằng sông Hồng,2026-05-09,24.92,27.28,23.42,28.5,31.18,25.660000000000004,2.9200000000000004,2.9200000000000004,0.0,5.0,80.6,12.9,24.98,12.419999999999998,1013.94,88.0,21.26,0.0,2.776,21.0285,105.85420000000002,5.465999999999999,13.048000000000002,5,19,61,11,1970-01-21 13:58:24.072,1970-01-21 13:59:11.040,Xuân,,,
Hà Nội,Đồng bằng sông Hồng,2026-05-10,24.64,28.26,22.9,28.2,33.44,25.5,0.26,0.26,0.0,1.4,80.6,10.44,21.04,13.222,1013.48,87.2,20.96,0.0,2.91,21.0285,105.85420000000002,4.41,13.06,5,19,51,351,1970-01-21 13:59:50.448,1970-01-21 14:00:37.452,Xuân,,,
Hà Nội,Đồng bằng sông Hồng,2026-05-11,26.56,30.78,22.58,31.02,35.660000000000004,27.04,0.6599999999999999,0.6599999999999999,0.0,4.2,81.6,12.94,25.7,20.336,1011.24,68.0,23.0,0.0,4.33,21.0285,105.85420000000002,11.414,13.078,5,20,51,141,1970-01-21 14:01:16.812,1970-01-21 14:02:03.888,Xuân,,,
Hà Nội,Đồng bằng sông Hồng,2026-05-12,27.360000000000003,31.68,24.4,32.3,38.46,29.06,3.7,3.7,0.0,6.8,85.8,16.78,33.4,19.99,1007.3,84.0,24.619999999999997,0.0,4.212,21.0285,105.85420000000002,9.516,13.09,5,20,61,165,1970-01-21 14:02:43.188,1970-01-21 14:03:30.312,Xuân,,,
Hà Nội,Đồng bằng sông Hồng,2026-05-13,28.639999999999997,32.739999999999995,25.7,33.98,39.58,30.46,2.2,2.2,0.0,4.6,84.4,18.24,38.52,21.848000000000003,1003.38,43.8,25.6,0.0,4.692,21.0285,105.85420000000002,11.622,13.108,5,20,51,163,1970-01-21 14:04:09.552,1970-01-21 14:04:56.736,Xuân,,,
Hà Nội,Đồng bằng sông Hồng,2026-05-14,30.32,34.879999999999995,25.76,36.2,41.42,31.92,0.0,0.0,0.0,0.0,75.2,15.88,28.28,22.514,1001.48,50.4,25.08,0.0,5.372,21.0285,105.85420000000002,10.07,13.12,5,20,3,178,1970-01-21 14:05:35.940,1970-01-21 14:06:23.160,Xuân,,,
Hà Nội,Đồng bằng sông Hồng,2026-05-15,30.32,33.88,26.5,36.36,41.260000000000005,32.0,0.12,0.12,0.0,0.4,75.2,13.16,24.14,21.378,1001.88,68.8,25.24,0.0,5.032,21.0285,105.85420000000002,11.144,13.138,5,20,3,146,1970-01-21 14:07:02.304,1970-01-21 14:07:49.584,Xuân,,,
Hà Nội,Đồng bằng sông Hồng,2026-05-16,28.24,32.5,25.24,34.6,40.4,30.639999999999997,37.26,37.26,0.0,13.8,88.2,16.119999999999997,31.839999999999996,16.694,1003.26,96.4,26.04,0.0,3.4560000000000004,21.0285,105.85420000000002,6.843999999999999,13.148,5,20,65,127,1970-01-21 14:08:28.692,1970-01-21 14:09:16.020,Xuân,,,
Hà Nội,Đồng bằng sông Hồng,2026-05-17,26.839999999999996,29.660000000000004,24.9,32.5,36.08,30.46,28.56,28.56,0.0,19.0,92.0,15.320000000000002,30.139999999999997,13.916,1004.68,99.0,25.36,0.0,2.778,21.0285,105.85420000000002,4.606,13.16,5,20,65,118,1970-01-21 14:09:55.056,1970-01-21 14:10:42.432,Xuân,,,
Hà Nội,Đồng bằng sông Hồng,2026-05-18,27.0,31.2,24.94,32.82,38.9,30.08,11.24,11.24,0.0,18.0,91.6,14.04,32.54,16.16,1004.48,94.6,25.46,0.0,3.25,21.0285,105.85420000000002,5.272,13.178,5,21,63,122,1970-01-21 14:11:21.432,1970-01-21 14:12:08.868,Xuân,,,
Hà Nội,Đồng bằng sông Hồng,2026-05-19,27.339999999999996,30.78,24.44,32.760000000000005,37.739999999999995,28.96,24.96,24.96,0.0,19.0,90.4,16.44,33.480000000000004,15.168,1003.6,98.2,25.56,0.0,3.148,21.0285,105.85420000000002,5.358,13.188,5,21,63,126,1970-01-21 14:12:47.820,1970-01-21 14:13:35.292,Xuân,,,
Hà Nội,Đồng bằng sông Hồng,2026-05-20,27.24,30.160000000000004,25.14,32.82,36.34,29.94,23.92,23.92,0.0,18.8,91.0,14.76,32.04,14.076,1003.48,95.6,25.56,0.0,2.874,21.0285,105.85420000000002,5.82,13.2,5,21,63,129,1970-01-21 14:14:14.196,1970-01-21 14:15:01.716,Xuân,,,
Hà Nội,Đồng bằng sông Hồng,2026-05-21,27.119999999999997,30.639999999999997,25.46,33.120000000000005,37.4,30.6,32.239999999999995,32.239999999999995,0.0,20.4,93.4,14.52,33.4,11.080000000000002,1005.7,99.4,25.94,0.0,2.264,21.0285,105.85420000000002,3.07,13.212,5,21,63,122,1970-01-21 14:15:40.572,1970-01-21 14:16:28.140,Xuân,,,
Hà Nội,Đồng bằng sông Hồng,2026-05-22,29.3,32.56,26.26,35.040000000000006,38.78,32.02,3.3,3.3,0.0,6.8,84.0,18.04,35.64,17.592000000000002,1005.6,89.2,26.24,0.0,4.05,21.0285,105.85420000000002,9.32,13.228,5,21,53,159,1970-01-21 14:17:06.972,1970-01-21 14:17:54.564,Xuân,,,
Hà Nội,Đồng bằng sông Hồng,2026-05-23,31.2,35.239999999999995,27.56,36.64,42.06,31.9,0.1,0.1,0.0,0.6,72.6,18.68,35.480000000000004,23.582,1004.38,80.0,25.48,0.0,5.9799999999999995,21.0285,105.85420000000002,11.552,13.238,5,21,3,176,1970-01-21 14:18:33.348,1970-01-21 14:19:20.988,Xuân,,,
Hà Nội,Đồng bằng sông Hồng,2026-05-24,31.76,36.019999999999996,27.839999999999996,36.84,42.4,31.9,0.02,0.02,0.0,0.2,69.2,17.86,35.0,24.24,1003.98,79.8,25.18,0.0,6.4319999999999995,21.0285,105.85420000000002,11.942,13.248,5,21,3,182,1970-01-21 14:19:59.724,1970-01-21 14:20:47.412,Xuân,,,
Hà Nội,Đồng bằng sông Hồng,2026-05-25,32.54,37.1,28.9,37.64,43.16,32.62,0.02,0.02,0.0,0.2,65.8,17.759999999999998,33.32,25.43,1002.52,37.2,25.02,0.0,6.888,21.0285,105.85420000000002,12.132,13.258,5,22,3,186,1970-01-21 14:21:26.112,1970-01-21 14:22:13.848,Xuân,,,
Hà Nội,Đồng bằng sông Hồng,2026-05-26,32.78,37.3,28.94,38.1,43.44,32.9,0.0,0.0,0.0,0.0,64.0,15.96,29.58,25.93,1001.58,1.6,24.78,0.0,6.858,21.0285,105.85420000000002,12.25,13.268,5,22,0,193,1970-01-21 14:22:52.512,1970-01-21 14:23:40.272,Xuân,,,
Hà Nội,Đồng bằng sông Hồng,2026-05-27,32.480000000000004,36.88,28.74,38.5,44.54,33.94,0.32,0.32,0.0,1.0,68.2,17.240000000000002,30.96,25.638,1003.66,14.2,25.58,0.0,6.502,21.0285,105.85420000000002,12.264,13.278,5,22,2,160,1970-01-21 14:24:18.888,1970-01-21 14:25:06.696,Xuân,,,
Hà Nội,Đồng bằng sông Hồng,2026-05-28,30.339999999999996,35.28,27.160000000000004,37.36,44.48,33.38,13.06,13.06,0.0,3.6,80.0,12.84,25.48,24.288,1006.84,23.4,26.32,0.0,5.438,21.0285,105.85420000000002,11.56,13.288,5,22,65,135,1970-01-21 14:25:45.276,1970-01-21 14:26:33.120,Xuân,,,
Hà Nội,Đồng bằng sông Hồng,2026-05-29,28.5,30.94,26.42,35.6,38.14,33.18,6.18,6.18,0.0,8.8,88.4,11.54,28.160000000000004,19.362,1008.82,62.6,26.3,0.0,3.886,21.0285,105.85420000000002,11.047999999999998,13.298000000000002,5,22,61,143,1970-01-21 14:27:11.664,1970-01-21 14:27:59.544,Xuân,,,
Hà Nội,Đồng bằng sông Hồng,2026-05-30,27.96,32.18,24.28,33.839999999999996,39.04,28.839999999999996,12.760000000000002,12.760000000000002,0.0,16.6,85.0,13.04,26.56,21.016,1010.14,81.2,25.04,0.0,4.42,21.0285,105.85420000000002,10.172,13.308000000000002,5,22,63,325,1970-01-21 14:28:38.052,1970-01-21 14:29:25.968,Xuân,,,
Hà Nội,Đồng bằng sông Hồng,2026-05-31,29.04,33.120000000000005,25.46,35.42,41.4,31.659999999999997,0.5,0.5,0.0,4.0,81.2,15.54,27.5,24.706,1008.54,23.6,25.3,0.0,5.4719999999999995,21.0285,105.85420000000002,12.034,13.318,5,22,51,140,1970-01-21 14:30:04.452,1970-01-21 14:30:52.392,Xuân,,,
Hà Nội,Đồng bằng sông Hồng,2026-06-01,30.28,33.94,26.42,36.38,42.18,32.22,0.62,0.62,0.0,2.0,78.2,16.16,29.959999999999997,25.228,1007.0,7.0,25.860000000000003,0.0,5.766,21.0285,105.85420000000002,12.246,13.328,6,23,51,151,1970-01-21 14:31:30.852,1970-01-21 14:32:18.828,Hè,,,
Hà Nội,Đồng bằng sông Hồng,2026-06-02,30.58,34.38,27.3,36.620000000000005,42.34,33.32,0.32,0.32,0.0,2.8,77.8,17.119999999999997,32.260000000000005,23.11,1004.84,42.6,26.160000000000004,0.0,5.474,21.0285,105.85420000000002,12.172,13.332,6,23,51,151,1970-01-21 14:32:57.252,1970-01-21 14:33:45.252,Hè,,,
Hà Nội,Đồng bằng sông Hồng,2026-06-03,30.54,35.17999999999999,27.639999999999997,36.760000000000005,42.58,33.519999999999996,1.52,1.52,0.0,2.6,79.2,17.84,37.52,22.266,1002.28,43.0,26.339999999999996,0.0,5.215999999999999,21.0285,105.85420000000002,12.006,13.34,6,23,61,155,1970-01-21 14:34:23.652,1970-01-21 14:35:11.664,Hè,,,
Hà Nội,Đồng bằng sông Hồng,2026-06-04,29.74,35.160000000000004,26.860000000000003,36.98,43.58,32.92,6.779999999999999,6.779999999999999,0.0,6.4,84.0,13.5,28.3,22.618,1001.92,63.8,26.5,0.0,4.948,21.0285,105.85420000000002,11.168,13.348,6,23,63,130,1970-01-21 14:35:50.052,1970-01-21 14:36:38.088,Hè,,,
Hà Nội,Đồng bằng sông Hồng,2026-06-05,27.919999999999998,31.3,24.16,33.56,37.68,28.9,2.62,2.62,0.0,4.2,82.8,10.64,22.1,14.413999999999998,1003.8,66.4,24.619999999999997,0.0,3.19,21.0285,105.85420000000002,6.36,13.357999999999999,6,23,53,286,1970-01-21 14:37:16.440,1970-01-21 14:38:04.512,Hè,,,
Hà Nội,Đồng bằng sông Hồng,2026-06-06,30.52,34.38,26.939999999999998,36.980000000000004,41.4,33.04,1.7399999999999998,1.7399999999999998,0.0,6.2,79.0,16.8,32.7,19.422,1002.86,89.0,26.3,0.0,4.636,21.0285,105.85420000000002,10.468,13.362,6,23,51,160,1970-01-21 14:38:42.840,1970-01-21 14:39:30.948,Hè,,,
Hà Nội,Đồng bằng sông Hồng,2026-06-07,31.860000000000003,35.8,28.22,37.54,42.1,33.28,0.1,0.1,0.0,0.8,70.2,16.06,34.480000000000004,22.978,1001.1200000000001,84.2,25.48,0.0,5.9,21.0285,105.85420000000002,11.294,13.368,6,23,51,181,1970-01-21 14:40:09.240,1970-01-21 14:40:57.360,Hè,,,
Hà Nội,Đồng bằng sông Hồng,2026-06-08,30.6,35.7,25.860000000000003,35.239999999999995,41.739999999999995,28.880000000000003,3.54,3.54,0.0,7.6,69.2,21.68,43.54,21.698,1001.0600000000001,93.0,24.16,0.0,5.587999999999999,21.0285,105.85420000000002,11.264,13.378,6,24,61,271,1970-01-21 14:41:35.640,1970-01-21 14:42:23.772,Hè,,,
Hà Nội,Đồng bằng sông Hồng,2026-06-09,25.78,27.96,23.84,29.02,30.939999999999998,27.18,18.46,18.46,0.0,10.6,77.8,16.98,34.58,15.254,1006.6600000000001,90.8,21.44,0.0,3.444,21.0285,105.85420000000002,7.160000000000001,13.38,6,24,63,327,1970-01-21 14:43:02.040,1970-01-21 14:43:50.208,Hè,,,
Hà Nội,Đồng bằng sông Hồng,2026-06-10,27.22,30.4,24.4,31.02,34.440000000000005,27.860000000000003,0.04,0.04,0.0,0.2,72.0,10.58,23.619999999999997,18.224,1009.24,98.6,21.52,0.0,4.0200000000000005,21.0285,105.85420000000002,9.664,13.388,6,24,3,297,1970-01-21 14:44:28.452,1970-01-21 14:45:16.620,Hè,,,
Hà Nội,Đồng bằng sông Hồng,2026-06-11,27.02,29.8,24.36,32.3,35.339999999999996,29.32,1.6199999999999999,1.6199999999999999,0.0,6.0,81.2,8.02,19.78,15.64,1011.1800000000001,88.8,23.48,0.0,3.3200000000000003,21.0285,105.85420000000002,7.712000000000001,13.388,6,24,51,156,1970-01-21 14:45:54.852,1970-01-21 14:46:43.032,Hè,,,
Hà Nội,Đồng bằng sông Hồng,2026-06-12,28.160000000000004,32.08,25.14,34.239999999999995,39.260000000000005,31.1,4.5200000000000005,4.5200000000000005,0.0,7.0,85.4,13.34,28.1,20.16,1010.2,85.6,25.34,0.0,4.279999999999999,21.0285,105.85420000000002,10.145999999999999,13.392000000000001,6,24,61,154,1970-01-21 14:47:21.252,1970-01-21 14:48:09.468,Hè,,,
Hà Nội,Đồng bằng sông Hồng,2026-06-13,30.54,34.68,27.02,36.379999999999995,40.94,32.8,0.26,0.26,0.0,1.6,76.6,14.919999999999998,30.6,21.786,1005.54,95.4,25.68,0.0,5.232,21.0285,105.85420000000002,11.086,13.398000000000001,6,24,51,179,1970-01-21 14:48:47.652,1970-01-21 14:49:35.880,Hè,,,
Hà Nội,Đồng bằng sông Hồng,2026-06-14,31.6,35.38,28.02,37.36,40.98,34.04,0.18,0.18,0.0,0.6,70.2,11.959999999999999,25.580000000000002,19.648000000000003,1002.5600000000001,99.0,25.2,0.0,4.99,21.0285,105.85420000000002,10.306000000000001,13.4,6,24,51,188,1970-01-21 14:50:14.052,1970-01-21 14:51:02.292,Hè,,,
Hà Nội,Đồng bằng sông Hồng,2026-06-15,30.580000000000002,34.68,27.96,37.32,41.42,34.06,3.96,3.96,0.0,5.0,79.2,17.9,36.58,14.642000000000001,1003.1200000000001,99.8,26.380000000000003,0.0,3.53,21.0285,105.85420000000002,4.9,13.402000000000001,6,25,53,3,1970-01-21 14:51:40.452,1970-01-21 14:52:28.716,Hè,,,
Hà Nội,Đồng bằng sông Hồng,2026-06-16,28.9,31.839999999999996,26.32,35.519999999999996,39.019999999999996,32.160000000000004,8.58,8.58,0.0,18.4,86.8,12.5,29.52,15.758000000000001,1005.04,97.0,26.380000000000003,0.0,3.4659999999999997,21.0285,105.85420000000002,7.467999999999999,13.408000000000001,6,25,55,77,1970-01-21 14:53:06.864,1970-01-21 14:53:55.128,Hè,,,
Hà Nội,Đồng bằng sông Hồng,2026-06-17,29.439999999999998,34.0,26.32,36.019999999999996,41.32,32.059999999999995,10.180000000000001,10.180000000000001,0.0,14.2,85.0,14.12,30.54,17.169999999999998,1004.24,97.6,26.439999999999998,0.0,3.972,21.0285,105.85420000000002,6.4799999999999995,13.408000000000001,6,25,63,143,1970-01-21 14:54:33.276,1970-01-21 14:55:21.552,Hè,,,
Hà Nội,Đồng bằng sông Hồng,2026-06-18,30.32,34.14,27.4,36.160000000000004,39.980000000000004,33.0,1.1,1.1,0.0,4.0,78.2,16.520000000000003,31.119999999999997,14.536000000000001,1003.18,99.0,25.880000000000003,0.0,3.84,21.0285,105.85420000000002,4.928,13.408000000000001,6,25,51,156,1970-01-21 14:55:59.700,1970-01-21 14:56:47.964,Hè,,,
Hà Nội,Đồng bằng sông Hồng,2026-06-19,31.1,33.980000000000004,27.74,36.14,39.72,32.14,0.54,0.54,0.0,2.6,71.2,16.44,30.82,14.959999999999999,1002.9200000000001,98.8,25.119999999999997,0.0,4.378,21.0285,105.85420000000002,5.798,13.41,6,25,51,173,1970-01-21 14:57:26.112,1970-01-21 14:58:14.388,Hè,,,
Hà Nội,Đồng bằng sông Hồng,2026-06-20,31.139999999999997,35.36,27.82,36.44,41.18,32.1,1.6600000000000001,1.6600000000000001,0.0,3.8,71.4,16.139999999999997,32.339999999999996,18.788,1004.24,98.4,25.119999999999997,0.0,4.99,21.0285,105.85420000000002,9.216,13.41,6,25,51,168,1970-01-21 14:58:52.512,1970-01-21 14:59:40.788,Hè,,,
Hà Nội,Đồng bằng sông Hồng,2026-06-21,30.7,35.42,27.080000000000002,36.86,42.3,33.3,0.28,0.28,0.0,1.6,76.2,13.3,29.74,22.845999999999997,1005.4799999999999,92.8,25.660000000000004,0.0,5.386,21.0285,105.85420000000002,11.25,13.41,6,25,51,158,1970-01-21 15:00:18.924,1970-01-21 15:01:07.212,Hè,,,
Hà Nội,Đồng bằng sông Hồng,2026-06-22,30.1,33.04,27.22,35.42,37.6,33.46,0.5,0.5,0.0,3.0,76.6,16.5,32.88,13.163999999999998,1003.24,76.4,25.32,0.0,3.7,21.0285,105.85420000000002,5.322,13.41,6,26,51,178,1970-01-21 15:01:45.348,1970-01-21 15:02:33.624,Hè,,,
Hà Nội,Đồng bằng sông Hồng,2026-06-23,32.220000000000006,36.82,28.3,37.46,42.64,32.2,0.02,0.02,0.0,0.2,64.8,14.88,30.660000000000004,24.738,999.86,57.4,24.44,0.0,6.354,21.0285,105.85420000000002,12.5,13.41,6,26,3,198,1970-01-21 15:03:11.772,1970-01-21 15:04:00.036,Hè,,,
Hà Nội,Đồng bằng sông Hồng,2026-06-24,32.96,37.6,29.0,38.46,44.4,32.980000000000004,0.02,0.02,0.0,0.2,61.4,12.059999999999999,25.56,24.332,999.86,68.6,24.28,0.0,6.206,21.0285,105.85420000000002,12.442,13.408000000000001,6,26,3,201,1970-01-21 15:04:38.172,1970-01-21 15:05:26.448,Hè,,,
Hà Nội,Đồng bằng sông Hồng,2026-06-25,32.7,37.3,29.6,38.92,43.58,35.56,0.1,0.1,0.0,0.8,68.0,13.6,26.02,20.516,1000.9799999999999,97.4,25.580000000000002,0.0,5.296,21.0285,105.85420000000002,11.059999999999999,13.408000000000001,6,26,3,70,1970-01-21 15:06:04.584,1970-01-21 15:06:52.860,Hè,,,
Hà Nội,Đồng bằng sông Hồng,2026-06-26,29.139999999999997,31.380000000000003,27.18,34.9,37.04,32.22,1.7399999999999998,1.7399999999999998,0.0,4.0,80.2,14.62,36.8,13.484,1004.0,95.8,25.240000000000002,0.0,3.16,21.0285,105.85420000000002,4.194,13.408000000000001,6,26,51,2,1970-01-21 15:07:31.008,1970-01-21 15:08:19.272,Hè,,,
Hà Nội,Đồng bằng sông Hồng,2026-06-27,29.1,32.519999999999996,25.48,35.480000000000004,39.62,30.96,13.2,13.2,0.0,14.2,82.4,10.32,27.419999999999998,19.086000000000002,1004.22,94.2,25.639999999999997,0.0,4.148000000000001,21.0285,105.85420000000002,10.488,13.402000000000001,6,26,63,30,1970-01-21 15:08:57.432,1970-01-21 15:09:45.672,Hè,,,
Hà Nội,Đồng bằng sông Hồng,2026-06-28,28.28,32.46,25.44,35.12,40.48,31.24,34.88,34.88,0.0,19.2,88.4,11.8,28.52,17.674,1003.4,98.6,26.119999999999997,0.0,3.726,21.0285,105.85420000000002,9.378,13.4,6,26,63,119,1970-01-21 15:10:23.832,1970-01-21 15:11:12.084,Hè,,,
Hà Nội,Đồng bằng sông Hồng,2026-06-29,27.82,30.68,25.880000000000003,34.3,37.5,31.6,32.72,32.72,0.0,19.8,90.6,11.16,23.98,14.236,1003.18,99.8,26.060000000000002,0.0,2.9939999999999998,21.0285,105.85420000000002,3.2119999999999997,13.398000000000001,6,27,65,119,1970-01-21 15:11:50.256,1970-01-21 15:12:38.484,Hè,,,
Hà Nội,Đồng bằng sông Hồng,2026-06-30,27.1,30.9,25.0,33.0,37.339999999999996,30.02,30.0,30.0,0.0,22.4,91.8,12.76,25.939999999999998,13.26,1004.4399999999999,98.0,25.54,0.0,2.7600000000000002,21.0285,105.85420000000002,4.286,13.398000000000001,6,27,63,92,1970-01-21 15:13:16.680,1970-01-21 15:14:04.896,Hè,,,
Hà Nội,Đồng bằng sông Hồng,2026-07-01,27.3,30.74,24.9,33.239999999999995,37.44,30.52,15.98,15.98,0.0,19.6,90.4,12.52,26.060000000000002,14.994,1005.4799999999999,99.2,25.46,0.0,3.08,21.0285,105.85420000000002,4.962,13.39,7,27,63,107,1970-01-21 15:14:43.092,1970-01-21 15:15:31.296,Hè,,,
Hà Nội,Đồng bằng sông Hồng,2026-07-02,27.78,30.74,25.04,34.36,37.92,30.6,13.16,13.16,0.0,16.2,89.0,12.540000000000001,29.3,17.43,1006.6,87.4,25.72,0.0,3.5100000000000002,21.0285,105.85420000000002,8.276,13.388,7,27,63,20,1970-01-21 15:16:09.504,1970-01-21 15:16:57.708,Hè,,,
Hà Nội,Đồng bằng sông Hồng,2026-07-03,28.0,31.18,25.82,34.06,37.480000000000004,30.9,19.5,19.5,0.0,11.0,87.0,15.74,34.0,17.082,1005.1,70.4,25.580000000000002,0.0,3.5020000000000002,21.0285,105.85420000000002,8.532,13.38,7,27,63,1,1970-01-21 15:17:35.928,1970-01-21 15:18:24.108,Hè,,,
Hà Nội,Đồng bằng sông Hồng,2026-07-04,28.26,31.22,26.119999999999997,32.94,35.9,30.18,12.36,12.36,0.0,11.6,83.6,22.919999999999998,45.06,16.656,1001.22,97.2,25.14,0.0,3.7439999999999998,21.0285,105.85420000000002,7.406000000000001,13.378,7,27,63,315,1970-01-21 15:19:02.352,1970-01-21 15:19:50.508,Hè,,,
Hà Nội,Đồng bằng sông Hồng,2026-07-05,28.360000000000003,32.260000000000005,25.639999999999997,34.739999999999995,39.62,30.580000000000002,33.44,33.44,0.0,18.4,89.0,16.18,34.4,16.32,1001.0799999999999,98.6,26.28,0.0,3.5140000000000002,21.0285,105.85420000000002,6.26,13.37,7,27,63,185,1970-01-21 15:20:28.764,1970-01-21 15:21:16.908,Hè,,,
Hà Nội,Đồng bằng sông Hồng,2026-07-06,28.439999999999998,32.32,26.339999999999996,33.88,37.98,31.1,5.8,5.8,0.0,12.2,85.8,18.080000000000002,37.14,15.657999999999998,1000.8,94.2,25.68,0.0,3.496,21.0285,105.85420000000002,7.754,13.368,7,28,61,168,1970-01-21 15:21:55.188,1970-01-21 15:22:43.308,Hè,,,
Hà Nội,Đồng bằng sông Hồng,2026-07-07,29.26,32.64,25.939999999999998,36.18,41.82,31.339999999999996,7.220000000000001,7.220000000000001,0.0,13.0,84.0,13.739999999999998,28.0,22.75,1000.8399999999999,79.8,26.139999999999997,0.0,4.902,21.0285,105.85420000000002,12.0,13.357999999999999,7,28,63,64,1970-01-21 15:23:21.612,1970-01-21 15:24:09.708,Hè,,,
Hà Nội,Đồng bằng sông Hồng,2026-07-08,27.9,31.939999999999998,25.919999999999998,34.739999999999995,40.86,31.4,15.52,15.52,0.0,14.2,90.0,12.120000000000001,31.76,18.084,1001.7,94.6,26.060000000000002,0.0,3.7560000000000002,21.0285,105.85420000000002,7.886,13.35,7,28,63,78,1970-01-21 15:24:48.024,1970-01-21 15:25:36.096,Hè,,,
Hà Nội,Đồng bằng sông Hồng,2026-07-09,27.060000000000002,29.7,25.48,33.519999999999996,36.14,31.419999999999998,38.94,38.94,0.0,22.8,92.4,7.919999999999999,21.16,11.122,1001.9,99.0,25.68,0.0,2.344,21.0285,105.85420000000002,2.932,13.341999999999999,7,28,63,119,1970-01-21 15:26:14.472,1970-01-21 15:27:02.496,Hè,,,
Hà Nội,Đồng bằng sông Hồng,2026-07-10,27.82,31.660000000000004,25.48,34.64,39.839999999999996,31.32,11.66,11.66,0.0,19.4,90.0,11.98,27.0,15.857999999999999,1000.7,89.4,25.939999999999998,0.0,3.322,21.0285,105.85420000000002,6.136,13.338,7,28,63,152,1970-01-21 15:27:40.872,1970-01-21 15:28:28.884,Hè,,,
Hà Nội,Đồng bằng sông Hồng,2026-07-11,28.560000000000002,31.619999999999997,26.26,35.68,39.86,32.62,6.2,6.2,0.0,13.4,87.0,7.56,18.78,21.516,998.74,56.8,26.139999999999997,0.0,4.458,21.0285,105.85420000000002,11.719999999999999,13.328,7,28,61,103,1970-01-21 15:29:07.308,1970-01-21 15:29:55.284,Hè,,,
Hà Nội,Đồng bằng sông Hồng,2026-07-12,28.939999999999998,33.04,26.4,36.5,42.260000000000005,32.980000000000004,6.5200000000000005,6.5200000000000005,0.0,12.6,87.8,9.540000000000001,24.119999999999997,22.984,999.36,60.4,26.560000000000002,0.0,4.818,21.0285,105.85420000000002,11.07,13.318000000000001,7,28,63,83,1970-01-21 15:30:33.732,1970-01-21 15:31:21.672,Hè,,,
Hà Nội,Đồng bằng sông Hồng,2026-07-13,29.5,33.02,26.580000000000002,36.82000000000001,41.34,33.56,2.58,2.58,0.0,7.6,84.8,12.379999999999999,24.48,23.278,1001.3799999999999,40.4,26.48,0.0,4.965999999999999,21.0285,105.85420000000002,12.224,13.308000000000002,7,29,51,146,1970-01-21 15:32:00.144,1970-01-21 15:32:48.072,Hè,,,
Hà Nội,Đồng bằng sông Hồng,2026-07-14,30.24,34.58,26.72,37.18,42.660000000000004,33.68,0.62,0.62,0.0,4.8,79.4,16.4,31.119999999999997,24.836000000000002,1001.5200000000001,79.6,26.02,0.0,5.544,21.0285,105.85420000000002,12.106,13.3,7,29,51,128,1970-01-21 15:33:26.568,1970-01-21 15:34:14.460,Hè,,,
Hà Nội,Đồng bằng sông Hồng,2026-07-15,30.48,34.239999999999995,27.46,37.480000000000004,42.56,33.739999999999995,0.33999999999999997,0.33999999999999997,0.0,1.4,80.8,14.62,28.22,20.72,1001.5,91.6,26.68,0.0,4.734,21.0285,105.85420000000002,9.562000000000001,13.291999999999998,7,29,51,129,1970-01-21 15:34:52.992,1970-01-21 15:35:40.848,Hè,,,
Hà Nội,Đồng bằng sông Hồng,2026-07-16,30.04,33.220000000000006,26.48,35.839999999999996,39.5,32.0,3.5,3.5,0.0,9.2,77.0,16.740000000000002,40.019999999999996,19.23,1001.5,93.0,25.36,0.0,4.558,21.0285,105.85420000000002,10.374,13.282,7,29,63,203,1970-01-21 15:36:19.428,1970-01-21 15:37:07.236,Hè,,,
Hà Nội,Đồng bằng sông Hồng,2026-07-17,30.080000000000002,32.5,28.1,35.660000000000004,38.38,32.839999999999996,1.2,1.2,0.0,3.0,75.2,15.440000000000001,33.120000000000005,17.374000000000002,1001.0,94.0,25.119999999999997,0.0,4.204,21.0285,105.85420000000002,8.437999999999999,13.272,7,29,51,200,1970-01-21 15:37:45.852,1970-01-21 15:38:33.624,Hè,,,
Hà Nội,Đồng bằng sông Hồng,2026-07-18,30.52,34.56,27.119999999999997,36.68,42.3,31.68,1.1,1.1,0.0,3.2,72.8,10.2,23.8,24.346,1000.9399999999999,82.6,24.86,0.0,5.532,21.0285,105.85420000000002,11.82,13.262,7,29,51,205,1970-01-21 15:39:12.264,1970-01-21 15:40:00.012,Hè,,,
Hà Nội,Đồng bằng sông Hồng,2026-07-19,28.8,31.3,26.7,35.12,37.839999999999996,32.5,2.08,2.08,0.0,6.6,84.8,12.459999999999999,25.919999999999998,15.498000000000001,1002.6,99.8,25.880000000000003,0.0,3.4019999999999997,21.0285,105.85420000000002,5.984,13.25,7,29,53,285,1970-01-21 15:40:38.688,1970-01-21 15:41:26.400,Hè,,,
Hà Nội,Đồng bằng sông Hồng,2026-07-20,28.919999999999998,31.82,26.380000000000003,35.06,37.96,32.6,2.02,2.02,0.0,5.8,82.2,9.84,22.3,15.622,1003.2,99.0,25.4,0.0,3.5340000000000003,21.0285,105.85420000000002,5.968,13.238,7,30,51,211,1970-01-21 15:42:05.112,1970-01-21 15:42:52.788,Hè,,,
