province,region,date,temperature_2m_mean,temperature_2m_max,temperature_2m_min,apparent_temperature_mean,apparent_temperature_max,apparent_temperature_min,precipitation_sum,rain_sum,showers_sum,precipitation_hours,relative_humidity_2m_mean,wind_speed_10m_max,wind_gusts_10m_max,shortwave_radiation_sum,pressure_msl_mean,cloud_cover_mean,dew_point_2m_mean,snowfall_sum,et0_fao_evapotranspiration,latitude,longitude,sunshine_hours,daylight_hours,month,week,weather_code,wind_direction_10m_dominant,sunrise,sunset,season,uv_index_max,uv_index_clear_sky_max,precipitation_probability_max
Hải Phòng,Đồng bằng sông Hồng,2025-07-21,26.860000000000003,28.04,26.139999999999997,31.18,33.480000000000004,27.76,83.67999999999999,83.67999999999999,0.0,22.2,93.0,34.42,68.47999999999999,2.84,992.74,100.0,25.6,0.0,1.016,20.8928,106.5095,0.0,13.218,7,30,65,290,1970-01-21 06:57:55.392,1970-01-21 06:58:42.984,Hè,,,
Hải Phòng,Đồng bằng sông Hồng,2025-07-22,27.380000000000003,30.18,25.939999999999998,29.5,33.18,26.48,36.98,36.98,0.0,23.0,84.8,40.82,77.12,17.016,989.72,100.0,24.5,0.0,3.928,20.8928,106.5095,7.934,13.208000000000002,7,30,63,40,1970-01-21 06:59:21.828,1970-01-21 07:00:09.360,Hè,,,
Hải Phòng,Đồng bằng sông Hồng,2025-07-23,27.639999999999997,30.880000000000003,24.32,32.56,36.16,28.419999999999998,10.2,10.2,0.0,15.0,85.2,17.84,36.940000000000005,19.240000000000002,998.1,99.2,24.8,0.0,4.064,20.8928,106.5095,11.058,13.191999999999998,7,30,63,101,1970-01-21 07:00:48.252,1970-01-21 07:01:35.748,Hè,,,
Hải Phòng,Đồng bằng sông Hồng,2025-07-24,27.24,30.360000000000003,24.880000000000003,32.519999999999996,36.3,29.139999999999997,14.319999999999999,14.319999999999999,0.0,14.2,88.2,16.380000000000003,33.92,15.24,1001.0799999999999,99.8,25.04,0.0,3.17,20.8928,106.5095,5.696,13.180000000000001,7,30,63,78,1970-01-21 07:02:14.676,1970-01-21 07:03:02.136,Hè,,,
Hải Phòng,Đồng bằng sông Hồng,2025-07-25,27.0,30.46,25.06,33.519999999999996,38.28,30.78,18.580000000000002,18.580000000000002,0.0,15.4,92.0,8.36,19.880000000000003,13.475999999999999,1001.36,99.8,25.5,0.0,2.784,20.8928,106.5095,5.720000000000001,13.168000000000001,7,30,65,19,1970-01-21 07:03:41.088,1970-01-21 07:04:28.500,Hè,,,
Hải Phòng,Đồng bằng sông Hồng,2025-07-26,28.18,32.54,25.2,35.0,41.239999999999995,31.5,7.3,7.3,0.0,8.2,86.4,10.68,25.48,22.342000000000002,1001.0799999999999,65.4,25.5,0.0,4.686,20.8928,106.5095,11.356,13.158000000000001,7,30,63,10,1970-01-21 07:05:07.512,1970-01-21 07:05:54.888,Hè,,,
Hải Phòng,Đồng bằng sông Hồng,2025-07-27,28.639999999999997,32.86,25.04,35.14,40.78,31.22,1.64,1.64,0.0,3.8,83.6,11.76,26.52,24.516,1000.54,50.0,25.3,0.0,5.2,20.8928,106.5095,12.081999999999999,13.142000000000001,7,30,51,128,1970-01-21 07:06:33.948,1970-01-21 07:07:21.252,Hè,,,
Hải Phòng,Đồng bằng sông Hồng,2025-07-28,29.139999999999997,33.4,25.16,36.260000000000005,42.4,31.4,2.7,2.7,0.0,3.6,83.6,9.540000000000001,19.94,24.444,999.04,52.0,25.860000000000003,0.0,5.214,20.8928,106.5095,12.074,13.13,7,31,53,131,1970-01-21 07:08:00.360,1970-01-21 07:08:47.628,Hè,,,
Hải Phòng,Đồng bằng sông Hồng,2025-07-29,30.48,34.8,26.380000000000003,37.72,43.34,33.17999999999999,0.0,0.0,0.0,0.0,80.4,11.319999999999999,22.119999999999997,22.235999999999997,997.36,91.4,26.46,0.0,5.026,20.8928,106.5095,10.286,13.118,7,31,3,138,1970-01-21 07:09:26.784,1970-01-21 07:10:14.004,Hè,,,
Hải Phòng,Đồng bằng sông Hồng,2025-07-30,31.339999999999996,35.64,27.52,39.06,44.36,34.36,1.58,1.58,0.0,1.4,79.0,11.18,22.84,22.116,997.0,99.2,27.119999999999997,0.0,5.01,20.8928,106.5095,11.472,13.1,7,31,53,131,1970-01-21 07:10:53.208,1970-01-21 07:11:40.368,Hè,,,
Hải Phòng,Đồng bằng sông Hồng,2025-07-31,29.619999999999997,32.96,26.939999999999998,36.78,41.04,32.72,17.479999999999997,17.479999999999997,0.0,9.4,84.8,12.819999999999999,25.56,16.828,997.46,100.0,26.619999999999997,0.0,3.6879999999999997,20.8928,106.5095,7.1,13.088,7,31,65,96,1970-01-21 07:12:19.632,1970-01-21 07:13:06.756,Hè,,,
Hải Phòng,Đồng bằng sông Hồng,2025-08-01,27.78,31.339999999999996,25.6,33.980000000000004,38.160000000000004,30.880000000000003,16.5,16.5,0.0,13.8,88.0,14.9,37.160000000000004,19.344,998.72,86.2,25.5,0.0,3.9760000000000004,20.8928,106.5095,10.122,13.072,8,31,63,288,1970-01-21 07:13:46.056,1970-01-21 07:14:33.120,Hè,,,
Hải Phòng,Đồng bằng sông Hồng,2025-08-02,29.68,34.12,25.44,36.8,42.82,31.5,0.54,0.54,0.0,2.2,82.8,12.86,26.22,24.522,1000.4200000000001,86.4,26.26,0.0,5.348,20.8928,106.5095,12.0,13.059999999999999,8,31,51,156,1970-01-21 07:15:12.468,1970-01-21 07:15:59.496,Hè,,,
Hải Phòng,Đồng bằng sông Hồng,2025-08-03,31.560000000000002,35.260000000000005,27.8,38.260000000000005,42.5,34.7,0.12,0.12,0.0,0.6,75.8,14.719999999999999,30.6,23.372,999.8799999999999,95.4,26.52,0.0,5.5920000000000005,20.8928,106.5095,12.0,13.041999999999998,8,31,51,202,1970-01-21 07:16:38.892,1970-01-21 07:17:25.848,Hè,,,
Hải Phòng,Đồng bằng sông Hồng,2025-08-04,31.72,35.8,28.24,37.620000000000005,43.44,32.72,0.0,0.0,0.0,0.0,70.6,14.719999999999999,28.22,23.434,999.64,99.4,25.56,0.0,5.888,20.8928,106.5095,11.08,13.029999999999998,8,32,3,179,1970-01-21 07:18:05.328,1970-01-21 07:18:52.224,Hè,,,
Hải Phòng,Đồng bằng sông Hồng,2025-08-05,29.76,33.88,27.46,36.7,40.38,34.239999999999995,10.82,10.82,0.0,6.8,83.0,10.540000000000001,25.16,13.538,1001.24,100.0,26.419999999999998,0.0,3.158,20.8928,106.5095,4.093999999999999,13.01,8,32,65,107,1970-01-21 07:19:31.740,1970-01-21 07:20:18.588,Hè,,,
Hải Phòng,Đồng bằng sông Hồng,2025-08-06,28.48,31.560000000000002,26.639999999999997,35.12,37.9,32.9,10.78,10.78,0.0,14.0,88.4,11.459999999999999,23.1,9.306000000000001,1003.14,99.8,26.3,0.0,2.228,20.8928,106.5095,1.282,13.0,8,32,63,124,1970-01-21 07:20:58.164,1970-01-21 07:21:44.940,Hè,,,
Hải Phòng,Đồng bằng sông Hồng,2025-08-07,28.9,31.660000000000004,26.160000000000004,34.92,37.34,31.9,6.279999999999999,6.279999999999999,0.0,5.2,85.4,13.34,26.919999999999998,10.802,1005.5799999999999,98.6,26.080000000000002,0.0,2.668,20.8928,106.5095,0.8560000000000001,12.98,8,32,51,135,1970-01-21 07:22:24.588,1970-01-21 07:23:11.328,Hè,,,
Hải Phòng,Đồng bằng sông Hồng,2025-08-08,30.32,33.78,27.119999999999997,36.739999999999995,41.64,33.44,1.24,1.24,0.0,5.4,80.4,14.919999999999998,29.96,22.734,1005.96,56.4,26.48,0.0,5.162,20.8928,106.5095,12.0,12.968,8,32,51,170,1970-01-21 07:23:51.000,1970-01-21 07:24:37.680,Hè,,,
Hải Phòng,Đồng bằng sông Hồng,2025-08-09,30.860000000000003,34.58,28.139999999999997,37.42,41.62,34.42,0.27999999999999997,0.27999999999999997,0.0,1.6,78.8,14.38,28.380000000000003,23.156,1004.86,71.6,26.54,0.0,5.322,20.8928,106.5095,12.0,12.95,8,32,51,158,1970-01-21 07:25:17.424,1970-01-21 07:26:04.044,Hè,,,
Hải Phòng,Đồng bằng sông Hồng,2025-08-10,30.4,33.2,28.4,37.08,41.46,34.739999999999995,1.98,1.98,0.0,6.6,82.8,16.44,33.260000000000005,23.222,1004.4399999999999,88.4,27.060000000000002,0.0,5.098000000000001,20.8928,106.5095,12.0,12.930000000000001,8,32,61,129,1970-01-21 07:26:43.848,1970-01-21 07:27:30.408,Hè,,,
Hải Phòng,Đồng bằng sông Hồng,2025-08-11,29.54,32.8,25.639999999999997,35.8,40.4,31.439999999999998,2.76,2.76,0.0,7.4,83.2,16.3,32.12,22.714,1004.4799999999999,96.2,26.24,0.0,4.948,20.8928,106.5095,11.65,12.919999999999998,8,33,53,132,1970-01-21 07:28:10.260,1970-01-21 07:28:56.760,Hè,,,
Hải Phòng,Đồng bằng sông Hồng,2025-08-12,29.5,32.42,26.54,35.839999999999996,40.0,32.480000000000004,1.8199999999999998,1.8199999999999998,0.0,8.0,81.8,13.64,31.080000000000002,22.919999999999998,1005.1,90.8,25.96,0.0,4.894,20.8928,106.5095,12.0,12.9,8,33,53,154,1970-01-21 07:29:36.696,1970-01-21 07:30:23.136,Hè,,,
Hải Phòng,Đồng bằng sông Hồng,2025-08-13,28.7,32.44,25.139999999999997,35.660000000000004,41.14,31.080000000000002,6.08,6.08,0.0,8.2,85.2,8.92,22.3,22.06,1005.9799999999999,94.2,25.82,0.0,4.634,20.8928,106.5095,11.132,12.88,8,33,63,152,1970-01-21 07:31:03.108,1970-01-21 07:31:49.488,Hè,,,
Hải Phòng,Đồng bằng sông Hồng,2025-08-14,29.22,32.64,26.48,36.5,41.78,33.4,3.2,3.2,0.0,6.6,85.4,8.9,20.66,20.624000000000002,1004.0600000000001,96.6,26.419999999999998,0.0,4.386,20.8928,106.5095,10.716,12.87,8,33,61,159,1970-01-21 07:32:29.520,1970-01-21 07:33:15.840,Hè,,,
Hải Phòng,Đồng bằng sông Hồng,2025-08-15,26.4,28.9,24.46,31.32,34.54,28.9,12.46,12.46,0.0,15.6,89.8,15.440000000000001,30.660000000000004,10.674000000000001,1004.86,96.0,24.560000000000002,0.0,2.268,20.8928,106.5095,1.754,12.85,8,33,63,90,1970-01-21 07:33:55.944,1970-01-21 07:34:42.216,Hè,,,
Hải Phòng,Đồng bằng sông Hồng,2025-08-16,25.78,29.119999999999997,23.619999999999997,30.98,35.32,28.24,18.380000000000003,18.380000000000003,0.0,18.0,91.0,13.219999999999999,30.619999999999997,13.319999999999999,1007.28,97.0,24.119999999999997,0.0,2.686,20.8928,106.5095,5.984,12.830000000000002,8,33,63,40,1970-01-21 07:35:22.368,1970-01-21 07:36:08.568,Hè,,,
Hải Phòng,Đồng bằng sông Hồng,2025-08-17,26.74,30.860000000000003,24.34,31.839999999999996,36.46,28.419999999999998,11.22,11.22,0.0,8.6,87.0,15.16,35.22,13.501999999999999,1007.24,99.6,24.3,0.0,2.91,20.8928,106.5095,3.85,12.818000000000001,8,33,63,6,1970-01-21 07:36:48.780,1970-01-21 07:37:34.920,Hè,,,
Hải Phòng,Đồng bằng sông Hồng,2025-08-18,25.82,28.119999999999997,24.339999999999996,30.7,32.94,27.939999999999998,18.98,18.98,0.0,14.0,91.2,15.26,29.580000000000002,6.1579999999999995,1005.4799999999999,99.8,24.28,0.0,1.442,20.8928,106.5095,0.6679999999999999,12.8,8,34,63,335,1970-01-21 07:38:15.204,1970-01-21 07:39:01.260,Hè,,,
Hải Phòng,Đồng bằng sông Hồng,2025-08-19,26.360000000000003,29.24,24.339999999999996,31.22,34.46,28.2,23.22,23.22,0.0,16.4,90.4,15.9,32.1,11.794,1005.6,100.0,24.56,0.0,2.464,20.8928,106.5095,3.682,12.78,8,34,63,242,1970-01-21 07:39:41.628,1970-01-21 07:40:27.636,Hè,,,
Hải Phòng,Đồng bằng sông Hồng,2025-08-20,28.74,31.580000000000002,26.4,34.0,36.62,31.660000000000004,2.62,2.62,0.0,6.8,83.6,19.04,37.6,17.936,1006.6200000000001,99.6,25.560000000000002,0.0,3.9899999999999998,20.8928,106.5095,9.472,12.76,8,34,53,149,1970-01-21 07:41:08.040,1970-01-21 07:41:53.988,Hè,,,
Hải Phòng,Đồng bằng sông Hồng,2025-08-21,28.32,30.660000000000004,26.78,33.9,36.56,32.18,7.4799999999999995,7.4799999999999995,0.0,10.2,87.6,17.94,37.5,11.956,1008.0799999999999,97.8,26.0,0.0,2.718,20.8928,106.5095,2.018,12.748000000000001,8,34,63,147,1970-01-21 07:42:34.440,1970-01-21 07:43:20.340,Hè,,,
Hải Phòng,Đồng bằng sông Hồng,2025-08-22,28.639999999999997,31.48,26.78,33.67999999999999,36.58,32.0,2.0,2.0,0.0,4.2,81.6,17.54,35.339999999999996,19.154,1007.96,97.6,25.06,0.0,4.272,20.8928,106.5095,10.14,12.728,8,34,55,159,1970-01-21 07:44:00.888,1970-01-21 07:44:46.680,Hè,,,
Hải Phòng,Đồng bằng sông Hồng,2025-08-23,27.78,31.060000000000002,25.04,33.940000000000005,38.94,30.2,2.92,2.92,0.0,12.0,85.4,11.84,26.48,21.986,1007.8,73.8,25.06,0.0,4.502,20.8928,106.5095,11.879999999999999,12.71,8,34,53,129,1970-01-21 07:45:27.288,1970-01-21 07:46:13.020,Hè,,,
Hải Phòng,Đồng bằng sông Hồng,2025-08-24,27.26,31.4,25.18,32.839999999999996,38.34,30.080000000000002,16.44,16.44,0.0,7.6,87.4,14.24,34.2,15.474,1006.4,71.8,24.919999999999998,0.0,3.258,20.8928,106.5095,6.394,12.69,8,34,65,0,1970-01-21 07:46:53.700,1970-01-21 07:47:39.396,Hè,,,
Hải Phòng,Đồng bằng sông Hồng,2025-08-25,25.080000000000002,26.360000000000003,23.740000000000002,27.619999999999997,29.580000000000002,25.9,46.64,46.64,0.0,20.8,90.6,29.619999999999997,57.96,4.694,1004.22,99.8,23.44,0.0,1.344,20.8928,106.5095,0.0,12.67,8,35,63,34,1970-01-21 07:48:20.124,1970-01-21 07:49:05.748,Hè,,,
Hải Phòng,Đồng bằng sông Hồng,2025-08-26,25.28,27.139999999999997,23.8,29.04,31.24,26.419999999999998,38.28,38.28,0.0,20.4,93.8,22.8,47.6,7.7219999999999995,1007.0,100.0,24.18,0.0,1.592,20.8928,106.5095,1.166,12.65,8,35,63,89,1970-01-21 07:49:46.548,1970-01-21 07:50:32.100,Hè,,,
Hải Phòng,Đồng bằng sông Hồng,2025-08-27,25.3,27.580000000000002,23.560000000000002,30.82,33.36,28.339999999999996,23.02,23.02,0.0,15.8,94.8,10.82,21.28,7.7299999999999995,1007.82,97.0,24.36,0.0,1.5879999999999999,20.8928,106.5095,1.3679999999999999,12.632000000000001,8,35,63,76,1970-01-21 07:51:12.960,1970-01-21 07:51:58.440,Hè,,,
Hải Phòng,Đồng bằng sông Hồng,2025-08-28,26.860000000000003,30.48,23.880000000000003,32.7,37.339999999999996,29.02,3.2600000000000002,3.2600000000000002,0.0,7.4,87.0,11.26,27.080000000000002,20.61,1007.3799999999999,55.0,24.380000000000003,0.0,4.17,20.8928,106.5095,11.412,12.617999999999999,8,35,51,14,1970-01-21 07:52:39.360,1970-01-21 07:53:24.780,Hè,,,
Hải Phòng,Đồng bằng sông Hồng,2025-08-29,26.54,30.380000000000003,24.0,31.9,36.660000000000004,28.639999999999997,14.239999999999998,14.239999999999998,0.0,16.6,88.6,14.12,29.8,16.002,1008.04,88.0,24.44,0.0,3.268,20.8928,106.5095,7.802,12.597999999999999,8,35,63,6,1970-01-21 07:54:05.796,1970-01-21 07:54:51.120,Hè,,,
Hải Phòng,Đồng bằng sông Hồng,2025-08-30,26.72,29.68,25.0,30.7,33.760000000000005,28.360000000000003,25.1,25.1,0.0,14.6,86.4,24.7,51.48,14.464000000000002,1007.2,97.2,24.22,0.0,3.0759999999999996,20.8928,106.5095,6.944,12.578,8,35,65,19,1970-01-21 07:55:32.208,1970-01-21 07:56:17.472,Hè,,,
Hải Phòng,Đồng bằng sông Hồng,2025-08-31,26.7,30.02,24.7,32.14,36.160000000000004,29.26,13.4,13.4,0.0,12.4,89.0,14.180000000000001,33.1,16.634,1007.78,97.8,24.64,0.0,3.3519999999999994,20.8928,106.5095,8.264,12.558000000000002,8,35,63,34,1970-01-21 07:56:58.620,1970-01-21 07:57:43.836,Hè,,,
Hải Phòng,Đồng bằng sông Hồng,2025-09-01,26.580000000000002,30.080000000000002,23.66,32.1,35.92,28.72,15.3,15.3,0.0,14.0,88.8,12.459999999999999,24.98,14.544,1006.9399999999999,96.8,24.48,0.0,3.06,20.8928,106.5095,6.37,12.538,9,36,63,74,1970-01-21 07:58:25.020,1970-01-21 07:59:10.188,Thu,,,
Hải Phòng,Đồng bằng sông Hồng,2025-09-02,27.48,30.9,24.64,33.58,38.839999999999996,30.119999999999997,4.08,4.08,0.0,9.2,87.2,12.540000000000001,26.04,19.964,1006.8399999999999,64.8,25.080000000000002,0.0,4.124,20.8928,106.5095,11.942,12.52,9,36,53,106,1970-01-21 07:59:51.456,1970-01-21 08:00:36.540,Thu,,,
Hải Phòng,Đồng bằng sông Hồng,2025-09-03,28.259999999999998,31.8,25.419999999999998,34.3,38.62,31.54,0.7,0.7,0.0,5.8,84.0,12.919999999999998,26.339999999999996,22.308,1007.04,34.4,25.06,0.0,4.682,20.8928,106.5095,12.0,12.501999999999999,9,36,51,157,1970-01-21 08:01:17.868,1970-01-21 08:02:02.880,Thu,,,
Hải Phòng,Đồng bằng sông Hồng,2025-09-04,28.48,32.1,25.18,34.8,39.9,31.419999999999998,0.8400000000000001,0.8400000000000001,0.0,6.6,84.0,11.26,22.98,22.534,1006.76,23.0,25.32,0.0,4.786,20.8928,106.5095,12.0,12.482000000000001,9,36,51,147,1970-01-21 08:02:44.280,1970-01-21 08:03:29.220,Thu,,,
Hải Phòng,Đồng bằng sông Hồng,2025-09-05,28.919999999999998,32.4,25.7,35.22,40.42,32.06,0.74,0.74,0.0,5.8,82.0,11.08,21.740000000000002,22.266,1006.96,70.4,25.339999999999996,0.0,4.822,20.8928,106.5095,12.0,12.462,9,36,51,139,1970-01-21 08:04:10.680,1970-01-21 08:04:55.560,Thu,,,
Hải Phòng,Đồng bằng sông Hồng,2025-09-06,28.7,32.08,25.919999999999998,35.18,40.14,32.44,1.42,1.42,0.0,5.2,83.0,9.6,21.3,20.234,1007.5600000000001,57.0,25.36,0.0,4.32,20.8928,106.5095,11.815999999999999,12.441999999999998,9,36,53,94,1970-01-21 08:05:37.116,1970-01-21 08:06:21.900,Thu,,,
Hải Phòng,Đồng bằng sông Hồng,2025-09-07,29.080000000000002,33.06,24.96,35.4,40.32000000000001,31.060000000000002,0.04,0.04,0.0,0.4,78.0,8.18,16.04,23.276,1005.86,50.6,24.54,0.0,4.978,20.8928,106.5095,11.988,12.428,9,36,3,3,1970-01-21 08:07:03.540,1970-01-21 08:07:48.240,Thu,,,
Hải Phòng,Đồng bằng sông Hồng,2025-09-08,29.580000000000002,33.620000000000005,25.839999999999996,35.96,40.92,31.439999999999998,0.2,0.2,0.0,1.4,78.6,11.98,22.04,22.176,1004.78,89.6,25.240000000000002,0.0,4.886,20.8928,106.5095,11.344,12.408,9,37,51,176,1970-01-21 08:08:29.940,1970-01-21 08:09:14.592,Thu,,,
Hải Phòng,Đồng bằng sông Hồng,2025-09-09,28.48,31.439999999999998,26.119999999999997,34.92,38.28,32.38,5.08,5.08,0.0,9.0,86.8,11.78,23.98,11.894,1006.1200000000001,99.4,26.0,0.0,2.668,20.8928,106.5095,2.7800000000000002,12.388000000000002,9,37,61,135,1970-01-21 08:09:56.340,1970-01-21 08:10:40.932,Thu,,,
Hải Phòng,Đồng bằng sông Hồng,2025-09-10,28.22,31.46,25.279999999999998,34.0,37.44,30.72,5.779999999999999,5.779999999999999,0.0,9.4,85.0,12.08,26.22,16.65,1007.6,96.4,25.3,0.0,3.62,20.8928,106.5095,9.292,12.367999999999999,9,37,63,133,1970-01-21 08:11:22.776,1970-01-21 08:12:07.284,Thu,,,
Hải Phòng,Đồng bằng sông Hồng,2025-09-11,27.54,30.7,24.72,33.160000000000004,37.2,30.04,16.96,16.96,0.0,16.4,87.6,15.719999999999999,32.019999999999996,15.707999999999998,1008.6200000000001,96.6,25.22,0.0,3.304,20.8928,106.5095,8.17,12.347999999999999,9,37,63,138,1970-01-21 08:12:49.188,1970-01-21 08:13:33.624,Thu,,,
Hải Phòng,Đồng bằng sông Hồng,2025-09-12,27.439999999999998,31.119999999999997,24.48,33.2,38.38,29.5,13.14,13.14,0.0,13.0,87.4,14.719999999999999,30.880000000000003,20.644,1009.6200000000001,74.4,25.02,0.0,4.174,20.8928,106.5095,11.702,12.328,9,37,63,146,1970-01-21 08:14:15.600,1970-01-21 08:14:59.988,Thu,,,
Hải Phòng,Đồng bằng sông Hồng,2025-09-13,28.080000000000002,31.68,24.880000000000003,33.8,38.9,30.48,0.44000000000000006,0.44000000000000006,0.0,2.8,82.2,13.180000000000001,27.639999999999997,21.887999999999998,1010.0200000000001,64.6,24.619999999999997,0.0,4.606,20.8928,106.5095,11.92,12.308000000000002,9,37,51,106,1970-01-21 08:15:42.000,1970-01-21 08:16:26.328,Thu,,,
Hải Phòng,Đồng bằng sông Hồng,2025-09-14,27.619999999999997,30.82,25.16,33.480000000000004,38.480000000000004,30.139999999999997,4.5200000000000005,4.5200000000000005,0.0,7.0,85.4,9.98,24.759999999999998,19.496000000000002,1010.04,80.4,24.86,0.0,4.002000000000001,20.8928,106.5095,10.873999999999999,12.29,9,37,61,119,1970-01-21 08:17:08.412,1970-01-21 08:17:52.680,Thu,,,
Hải Phòng,Đồng bằng sông Hồng,2025-09-15,26.68,29.560000000000002,23.919999999999998,31.8,35.42,28.72,13.02,13.02,0.0,11.6,86.8,13.98,30.619999999999997,16.184,1010.6,86.4,24.259999999999998,0.0,3.2439999999999998,20.8928,106.5095,9.904,12.27,9,38,63,129,1970-01-21 08:18:34.848,1970-01-21 08:19:19.020,Thu,,,
Hải Phòng,Đồng bằng sông Hồng,2025-09-16,27.6,31.46,24.22,33.44,38.86,29.68,2.84,2.84,0.0,6.6,82.6,10.24,19.52,21.418,1010.18,59.8,24.2,0.0,4.502,20.8928,106.5095,11.544,12.25,9,38,61,104,1970-01-21 08:20:01.260,1970-01-21 08:20:45.360,Thu,,,
Hải Phòng,Đồng bằng sông Hồng,2025-09-17,26.6,29.76,24.660000000000004,31.98,35.339999999999996,29.7,15.66,15.66,0.0,9.4,87.8,14.2,30.979999999999997,12.425999999999998,1008.9399999999999,84.0,24.32,0.0,2.58,20.8928,106.5095,5.002,12.23,9,38,65,63,1970-01-21 08:21:27.660,1970-01-21 08:22:11.700,Thu,,,
Hải Phòng,Đồng bằng sông Hồng,2025-09-18,26.619999999999997,29.8,23.919999999999998,32.239999999999995,35.64,28.98,16.2,16.2,0.0,13.6,89.0,12.7,29.02,15.278,1008.68,98.6,24.56,0.0,3.098,20.8928,106.5095,8.482,12.21,9,38,63,28,1970-01-21 08:22:54.060,1970-01-21 08:23:38.040,Thu,,,
Hải Phòng,Đồng bằng sông Hồng,2025-09-19,27.580000000000002,31.419999999999998,24.1,33.44,38.480000000000004,29.1,5.9799999999999995,5.9799999999999995,0.0,8.0,84.4,10.7,24.78,20.913999999999998,1008.4200000000001,56.0,24.56,0.0,4.356,20.8928,106.5095,11.414,12.19,9,38,63,100,1970-01-21 08:24:20.496,1970-01-21 08:25:04.380,Thu,,,
Hải Phòng,Đồng bằng sông Hồng,2025-09-20,28.880000000000003,33.08,24.78,35.04,40.62,30.3,0.1,0.1,0.0,1.0,79.2,9.879999999999999,18.44,21.77,1006.6600000000001,45.4,24.56,0.0,4.71,20.8928,106.5095,11.592,12.17,9,38,3,121,1970-01-21 08:25:46.920,1970-01-21 08:26:30.720,Thu,,,
Hải Phòng,Đồng bằng sông Hồng,2025-09-21,28.2,32.44,25.82,34.28,40.0,31.139999999999997,7.4799999999999995,7.4799999999999995,0.0,7.0,84.2,13.24,29.6,18.112000000000002,1006.1,74.8,25.2,0.0,3.8299999999999996,20.8928,106.5095,9.290000000000001,12.15,9,38,63,75,1970-01-21 08:27:13.320,1970-01-21 08:27:57.060,Thu,,,
Hải Phòng,Đồng bằng sông Hồng,2025-09-22,26.419999999999998,29.839999999999996,24.14,31.76,35.78,28.860000000000003,16.779999999999998,16.779999999999998,0.0,15.2,88.0,10.36,22.84,11.84,1007.46,81.0,24.14,0.0,2.506,20.8928,106.5095,4.956,12.13,9,39,63,60,1970-01-21 08:28:39.720,1970-01-21 08:29:23.400,Thu,,,
Hải Phòng,Đồng bằng sông Hồng,2025-09-23,27.580000000000002,31.82,24.3,33.14,38.18,28.54,1.5,1.5,0.0,4.6,82.6,10.120000000000001,19.439999999999998,20.130000000000003,1005.26,41.8,24.1,0.0,4.2219999999999995,20.8928,106.5095,11.22,12.11,9,39,51,318,1970-01-21 08:30:06.144,1970-01-21 08:30:49.740,Thu,,,
Hải Phòng,Đồng bằng sông Hồng,2025-09-24,28.839999999999996,32.9,25.1,31.919999999999998,35.42,28.18,0.0,0.0,0.0,0.0,68.6,24.839999999999996,50.980000000000004,20.345999999999997,1002.04,79.8,22.16,0.0,5.32,20.8928,106.5095,11.074,12.09,9,39,3,328,1970-01-21 08:31:32.580,1970-01-21 08:32:16.080,Thu,,,
Hải Phòng,Đồng bằng sông Hồng,2025-09-25,25.860000000000003,28.439999999999998,23.58,28.919999999999998,31.26,26.18,14.219999999999999,14.219999999999999,0.0,13.2,80.6,19.82,41.32,10.914,1002.76,96.4,22.1,0.0,2.774,20.8928,106.5095,4.082,12.07,9,39,63,319,1970-01-21 08:32:58.980,1970-01-21 08:33:42.420,Thu,,,
Hải Phòng,Đồng bằng sông Hồng,2025-09-26,25.619999999999997,28.439999999999998,23.7,30.2,33.4,28.0,11.8,11.8,0.0,15.2,90.4,16.0,32.239999999999995,11.886,1009.86,100.0,23.9,0.0,2.378,20.8928,106.5095,4.41,12.05,9,39,63,34,1970-01-21 08:34:25.380,1970-01-21 08:35:08.760,Thu,,,
Hải Phòng,Đồng bằng sông Hồng,2025-09-27,27.72,32.42,24.060000000000002,32.86,38.08,28.639999999999997,7.220000000000001,7.220000000000001,0.0,9.6,81.6,13.7,35.56,18.514,1011.4399999999999,95.4,24.02,0.0,4.036,20.8928,106.5095,10.25,12.03,9,39,63,30,1970-01-21 08:35:51.816,1970-01-21 08:36:35.112,Thu,,,
Hải Phòng,Đồng bằng sông Hồng,2025-09-28,26.139999999999997,30.139999999999997,24.119999999999997,29.560000000000002,34.160000000000004,26.18,31.060000000000002,31.060000000000002,0.0,17.2,86.4,26.22,51.620000000000005,10.268,1007.9399999999999,86.0,23.619999999999997,0.0,2.3939999999999997,20.8928,106.5095,4.512,12.01,9,39,63,22,1970-01-21 08:37:18.240,1970-01-21 08:38:01.464,Thu,,,
Hải Phòng,Đồng bằng sông Hồng,2025-09-29,24.94,25.72,24.119999999999997,27.22,29.119999999999997,25.54,78.58,78.58,0.0,24.0,94.4,34.480000000000004,68.17999999999999,3.182,1006.4799999999999,100.0,23.96,0.0,0.916,20.8928,106.5095,0.0,11.99,9,40,63,94,1970-01-21 08:38:44.640,1970-01-21 08:39:27.828,Thu,,,
Hải Phòng,Đồng bằng sông Hồng,2025-09-30,25.7,27.74,24.14,29.839999999999996,31.96,27.74,37.08,37.08,0.0,21.6,92.0,21.5,41.86,8.47,1010.46,100.0,24.3,0.0,1.7719999999999998,20.8928,106.5095,1.1099999999999999,11.97,9,40,63,133,1970-01-21 08:40:11.040,1970-01-21 08:40:54.168,Thu,,,
Hải Phòng,Đồng bằng sông Hồng,2025-10-01,26.9,30.380000000000003,24.16,32.339999999999996,35.980000000000004,29.419999999999998,3.02,3.02,0.0,8.6,87.0,13.34,29.439999999999998,18.014,1011.5200000000001,95.0,24.380000000000003,0.0,3.686,20.8928,106.5095,9.662,11.95,10,40,55,130,1970-01-21 08:41:37.476,1970-01-21 08:42:20.520,Thu,,,
Hải Phòng,Đồng bằng sông Hồng,2025-10-02,27.360000000000003,31.619999999999997,24.28,32.760000000000005,37.88,29.939999999999998,0.44000000000000006,0.44000000000000006,0.0,3.2,82.6,12.02,23.2,20.43,1011.54,51.6,23.84,0.0,4.332,20.8928,106.5095,10.706,11.93,10,40,51,132,1970-01-21 08:43:03.900,1970-01-21 08:43:46.860,Thu,,,
Hải Phòng,Đồng bằng sông Hồng,2025-10-03,27.48,31.560000000000002,24.060000000000002,32.92,37.58,29.580000000000002,0.0,0.0,0.0,0.0,83.6,12.2,25.839999999999996,21.008,1011.24,13.8,24.14,0.0,4.41,20.8928,106.5095,11.081999999999999,11.91,10,40,3,111,1970-01-21 08:44:30.300,1970-01-21 08:45:13.200,Thu,,,
Hải Phòng,Đồng bằng sông Hồng,2025-10-04,27.46,30.74,24.880000000000003,33.38,37.28,30.580000000000002,2.6799999999999997,2.6799999999999997,0.0,5.6,86.4,11.16,25.78,17.654,1010.72,43.4,24.9,0.0,3.6399999999999997,20.8928,106.5095,10.904,11.892,10,40,53,118,1970-01-21 08:45:56.712,1970-01-21 08:46:39.540,Thu,,,
Hải Phòng,Đồng bằng sông Hồng,2025-10-05,28.46,32.96,24.8,33.72,38.7,30.0,4.68,4.68,0.0,1.8,82.0,17.5,33.260000000000005,18.75,1006.18,95.0,24.82,0.0,4.308,20.8928,106.5095,9.864,11.872,10,40,65,303,1970-01-21 08:47:23.160,1970-01-21 08:48:05.880,Thu,,,
Hải Phòng,Đồng bằng sông Hồng,2025-10-06,25.22,27.060000000000002,23.78,29.18,31.139999999999997,27.1,51.339999999999996,51.339999999999996,0.0,21.4,92.6,22.8,41.160000000000004,3.7959999999999994,1004.68,100.0,23.919999999999998,0.0,1.036,20.8928,106.5095,0.0,11.852,10,41,65,244,1970-01-21 08:48:49.560,1970-01-21 08:49:32.220,Thu,,,
Hải Phòng,Đồng bằng sông Hồng,2025-10-07,25.72,27.76,23.64,30.24,32.04,28.1,55.2,55.2,0.0,19.4,91.6,19.02,37.36,6.122,1011.64,99.8,24.259999999999998,0.0,1.424,20.8928,106.5095,0.32,11.831999999999999,10,41,63,109,1970-01-21 08:50:15.960,1970-01-21 08:50:58.560,Thu,,,
Hải Phòng,Đồng bằng sông Hồng,2025-10-08,26.04,30.1,22.839999999999996,31.18,35.64,26.98,7.0,7.0,0.0,7.0,86.0,8.24,21.380000000000003,13.842000000000002,1012.9,60.6,23.32,0.0,2.8899999999999997,20.8928,106.5095,6.606,11.812000000000001,10,41,61,11,1970-01-21 08:51:42.408,1970-01-21 08:52:24.900,Thu,,,
Hải Phòng,Đồng bằng sông Hồng,2025-10-09,26.96,31.3,23.36,31.98,36.78,28.119999999999997,0.32,0.32,0.0,2.4,82.0,10.940000000000001,23.259999999999998,19.236,1012.14,21.4,23.3,0.0,4.07,20.8928,106.5095,10.61,11.791999999999998,10,41,51,105,1970-01-21 08:53:08.820,1970-01-21 08:53:51.276,Thu,,,
Hải Phòng,Đồng bằng sông Hồng,2025-10-10,27.26,31.24,23.6,32.519999999999996,37.760000000000005,28.48,0.52,0.52,0.0,2.8,81.6,11.5,21.16,18.916,1011.5,21.0,23.619999999999997,0.0,4.026,20.8928,106.5095,11.0,11.772,10,41,51,89,1970-01-21 08:54:35.220,1970-01-21 08:55:17.628,Thu,,,
Hải Phòng,Đồng bằng sông Hồng,2025-10-11,26.82,30.68,24.1,32.3,36.3,28.98,5.3,5.3,0.0,9.0,85.6,9.120000000000001,22.52,15.846,1010.82,63.8,24.080000000000002,0.0,3.2880000000000003,20.8928,106.5095,9.55,11.751999999999999,10,41,61,95,1970-01-21 08:56:01.644,1970-01-21 08:56:43.980,Thu,,,
Hải Phòng,Đồng bằng sông Hồng,2025-10-12,27.4,30.96,24.18,33.04,37.56,29.7,0.43999999999999995,0.43999999999999995,0.0,3.0,83.8,9.28,20.880000000000003,18.296,1010.26,40.6,24.220000000000002,0.0,3.846,20.8928,106.5095,10.676,11.738,10,41,51,93,1970-01-21 08:57:28.080,1970-01-21 08:58:10.320,Thu,,,
Hải Phòng,Đồng bằng sông Hồng,2025-10-13,26.439999999999998,29.54,24.72,31.660000000000004,34.82,29.78,11.360000000000001,11.360000000000001,0.0,10.6,89.0,12.559999999999999,29.8,12.114,1010.9399999999999,89.0,24.419999999999998,0.0,2.496,20.8928,106.5095,6.626,11.718,10,42,63,93,1970-01-21 08:58:54.480,1970-01-21 08:59:36.660,Thu,,,
Hải Phòng,Đồng bằng sông Hồng,2025-10-14,25.6,28.98,23.740000000000002,30.4,33.2,28.26,31.24,31.24,0.0,21.8,90.8,15.7,33.7,11.346,1011.28,100.0,23.9,0.0,2.326,20.8928,106.5095,3.8899999999999997,11.697999999999999,10,42,63,70,1970-01-21 09:00:20.916,1970-01-21 09:01:03.024,Thu,,,
Hải Phòng,Đồng bằng sông Hồng,2025-10-15,25.74,28.839999999999996,23.6,30.860000000000003,33.739999999999995,28.380000000000003,11.42,11.42,0.0,12.4,90.2,11.940000000000001,27.419999999999998,11.581999999999999,1012.1200000000001,99.0,23.919999999999998,0.0,2.382,20.8928,106.5095,5.286,11.678,10,42,63,96,1970-01-21 09:01:47.340,1970-01-21 09:02:29.388,Thu,,,
Hải Phòng,Đồng bằng sông Hồng,2025-10-16,26.639999999999997,30.9,23.240000000000002,31.439999999999998,36.2,27.660000000000004,6.9399999999999995,6.9399999999999995,0.0,5.6,84.2,13.74,31.1,18.092,1013.4,54.4,23.46,0.0,3.7939999999999996,20.8928,106.5095,10.322,11.66,10,42,65,70,1970-01-21 09:03:13.740,1970-01-21 09:03:55.740,Thu,,,
Hải Phòng,Đồng bằng sông Hồng,2025-10-17,26.96,30.9,23.419999999999998,31.52,35.339999999999996,28.060000000000002,0.27999999999999997,0.27999999999999997,0.0,2.0,80.2,11.719999999999999,25.56,18.113999999999997,1013.5200000000001,14.6,22.94,0.0,3.8980000000000006,20.8928,106.5095,10.916,11.642,10,42,51,53,1970-01-21 09:04:40.188,1970-01-21 09:05:22.080,Thu,,,
Hải Phòng,Đồng bằng sông Hồng,2025-10-18,27.22,31.18,23.759999999999998,31.7,35.58,27.9,0.36,0.36,0.0,3.2,78.0,11.620000000000001,25.9,18.086000000000002,1012.76,7.6,22.84,0.0,3.9219999999999997,20.8928,106.5095,11.0,11.622,10,42,51,74,1970-01-21 09:06:06.600,1970-01-21 09:06:48.420,Thu,,,
Hải Phòng,Đồng bằng sông Hồng,2025-10-19,26.360000000000003,30.440000000000005,23.16,31.1,36.14,26.919999999999998,8.059999999999999,8.059999999999999,0.0,8.2,84.0,14.680000000000001,29.439999999999998,16.162,1012.5,34.4,23.34,0.0,3.34,20.8928,106.5095,10.754000000000001,11.602,10,42,63,4,1970-01-21 09:07:33.012,1970-01-21 09:08:14.808,Thu,,,
Hải Phòng,Đồng bằng sông Hồng,2025-10-20,25.9,29.46,23.3,27.340000000000003,31.78,23.82,0.0,0.0,0.0,0.0,66.6,17.96,35.239999999999995,19.163999999999998,1013.3,6.6,19.080000000000002,0.0,4.89,20.8928,106.5095,11.0,11.581999999999999,10,43,0,29,1970-01-21 09:08:59.448,1970-01-21 09:09:41.148,Thu,,,
Hải Phòng,Đồng bằng sông Hồng,2025-10-21,23.72,26.619999999999997,20.78,22.98,26.74,19.160000000000004,0.0,0.0,0.0,0.0,59.4,22.6,44.5,18.648,1015.4200000000001,31.2,15.2,0.0,5.116,20.8928,106.5095,10.956,11.568000000000001,10,43,3,9,1970-01-21 09:10:25.860,1970-01-21 09:11:07.500,Thu,,,
Hải Phòng,Đồng bằng sông Hồng,2025-10-22,21.3,23.36,19.3,19.56,21.82,16.6,0.04,0.04,0.0,0.4,56.6,22.86,44.92,11.662,1017.4399999999999,99.6,12.42,0.0,3.976,20.8928,106.5095,5.616,11.548,10,43,3,17,1970-01-21 09:11:52.308,1970-01-21 09:12:33.852,Thu,,,
Hải Phòng,Đồng bằng sông Hồng,2025-10-23,19.1,20.740000000000002,17.72,17.759999999999998,19.2,16.04,1.24,1.24,0.0,4.8,66.8,20.32,40.019999999999996,6.7379999999999995,1019.0200000000001,98.8,12.74,0.0,2.504,20.8928,106.5095,1.052,11.53,10,43,53,0,1970-01-21 09:13:18.720,1970-01-21 09:14:00.228,Thu,,,
Hải Phòng,Đồng bằng sông Hồng,2025-10-24,20.580000000000002,23.46,18.3,20.520000000000003,23.96,17.56,0.16,0.16,0.0,1.0,70.6,15.319999999999999,29.8,9.278,1018.4200000000001,98.0,15.02,0.0,2.5420000000000003,20.8928,106.5095,2.996,11.51,10,43,3,10,1970-01-21 09:14:45.132,1970-01-21 09:15:26.580,Thu,,,
Hải Phòng,Đồng bằng sông Hồng,2025-10-25,22.8,26.82,19.9,23.9,28.440000000000005,20.080000000000002,0.0,0.0,0.0,0.0,69.0,11.7,25.18,13.588,1016.6600000000001,77.6,16.7,0.0,3.166,20.8928,106.5095,8.228,11.49,10,43,3,5,1970-01-21 09:16:11.580,1970-01-21 09:16:52.920,Thu,,,
Hải Phòng,Đồng bằng sông Hồng,2025-10-26,23.86,27.54,21.06,25.1,29.560000000000002,21.119999999999997,0.0,0.0,0.0,0.0,68.2,14.540000000000001,27.78,12.912,1016.4399999999999,66.2,17.54,0.0,3.2640000000000002,20.8928,106.5095,8.91,11.472,10,43,3,2,1970-01-21 09:17:37.980,1970-01-21 09:18:19.308,Thu,,,
Hải Phòng,Đồng bằng sông Hồng,2025-10-27,23.72,27.22,21.2,24.419999999999998,28.619999999999997,20.7,0.0,0.0,0.0,0.0,63.8,15.6,28.8,11.238,1016.86,92.2,16.32,0.0,3.2019999999999995,20.8928,106.5095,5.7299999999999995,11.452,10,44,3,7,1970-01-21 09:19:04.428,1970-01-21 09:19:45.660,Thu,,,
Hải Phòng,Đồng bằng sông Hồng,2025-10-28,23.759999999999998,26.98,21.44,24.9,28.0,21.94,0.33999999999999997,0.33999999999999997,0.0,0.6,65.4,13.34,27.339999999999996,13.953999999999999,1016.8,97.0,16.72,0.0,3.3880000000000003,20.8928,106.5095,9.67,11.44,10,44,3,16,1970-01-21 09:20:30.840,1970-01-21 09:21:12.012,Thu,,,
Hải Phòng,Đồng bằng sông Hồng,2025-10-29,23.8,27.419999999999998,19.919999999999998,25.860000000000003,29.939999999999998,21.1,0.0,0.0,0.0,0.0,70.0,8.74,18.580000000000002,12.164,1015.64,94.8,17.86,0.0,2.746,20.8928,106.5095,8.174000000000001,11.42,10,44,3,15,1970-01-21 09:21:57.288,1970-01-21 09:22:38.388,Thu,,,
Hải Phòng,Đồng bằng sông Hồng,2025-10-30,23.56,25.080000000000002,22.2,26.82,28.660000000000004,24.82,10.56,10.56,0.0,18.2,88.2,13.16,24.76,5.302,1015.5,100.0,21.380000000000003,0.0,1.266,20.8928,106.5095,0.030000000000000006,11.4,10,44,53,11,1970-01-21 09:23:23.700,1970-01-21 09:24:04.740,Thu,,,
Hải Phòng,Đồng bằng sông Hồng,2025-10-31,23.32,25.660000000000004,21.759999999999998,26.1,28.22,24.28,8.38,8.38,0.0,11.4,85.2,13.36,26.4,7.176,1016.0799999999999,97.8,20.6,0.0,1.7100000000000002,20.8928,106.5095,1.35,11.382000000000001,10,44,63,6,1970-01-21 09:24:50.148,1970-01-21 09:25:31.128,Thu,,,
Hải Phòng,Đồng bằng sông Hồng,2025-11-01,21.9,23.46,20.419999999999998,23.22,25.639999999999997,21.080000000000002,2.9,2.9,0.0,7.8,80.4,17.0,31.74,5.888,1016.9200000000001,100.0,18.259999999999998,0.0,1.6800000000000002,20.8928,106.5095,0.44000000000000006,11.37,11,44,53,1,1970-01-21 09:26:16.560,1970-01-21 09:26:57.480,Thu,,,
Hải Phòng,Đồng bằng sông Hồng,2025-11-02,21.3,22.9,19.8,21.84,23.839999999999996,20.1,0.0,0.0,0.0,0.0,75.4,15.559999999999999,29.360000000000003,5.346,1017.4200000000001,99.6,16.7,0.0,1.8419999999999999,20.8928,106.5095,0.26799999999999996,11.35,11,44,3,2,1970-01-21 09:27:42.996,1970-01-21 09:28:23.856,Thu,,,
Hải Phòng,Đồng bằng sông Hồng,2025-11-03,19.36,21.04,17.32,19.1,21.14,17.18,7.360000000000001,7.360000000000001,0.0,10.6,79.2,18.240000000000002,34.12,4.056,1017.4399999999999,100.0,15.6,0.0,1.54,20.8928,106.5095,0.0,11.33,11,45,61,3,1970-01-21 09:29:09.420,1970-01-21 09:29:50.220,Thu,,,
Hải Phòng,Đồng bằng sông Hồng,2025-11-04,18.4,19.72,16.839999999999996,18.46,21.0,15.919999999999998,4.88,4.88,0.0,12.8,82.8,18.740000000000002,33.839999999999996,3.78,1016.9399999999999,100.0,15.4,0.0,1.1300000000000001,20.8928,106.5095,0.024,11.32,11,45,53,12,1970-01-21 09:30:35.856,1970-01-21 09:31:16.596,Thu,,,
Hải Phòng,Đồng bằng sông Hồng,2025-11-05,20.259999999999998,22.720000000000002,17.96,22.14,24.979999999999997,19.04,1.34,1.34,0.0,5.8,83.8,9.48,17.72,6.294,1014.36,100.0,17.380000000000003,0.0,1.35,20.8928,106.5095,0.194,11.3,11,45,51,14,1970-01-21 09:32:02.280,1970-01-21 09:32:42.960,Thu,,,
Hải Phòng,Đồng bằng sông Hồng,2025-11-06,22.339999999999996,25.839999999999996,19.18,25.18,28.68,21.72,0.16,0.16,0.0,1.2,84.8,11.02,23.82,8.532,1012.72,67.2,19.56,0.0,1.794,20.8928,106.5095,4.0200000000000005,11.282,11,45,51,24,1970-01-21 09:33:28.728,1970-01-21 09:34:09.348,Thu,,,
Hải Phòng,Đồng bằng sông Hồng,2025-11-07,23.919999999999998,26.619999999999997,21.339999999999996,27.22,30.639999999999997,23.919999999999998,11.459999999999999,11.459999999999999,0.0,13.0,86.8,16.119999999999997,31.880000000000003,6.086,1011.4399999999999,99.6,21.6,0.0,1.46,20.8928,106.5095,0.732,11.27,11,45,63,16,1970-01-21 09:34:55.140,1970-01-21 09:35:35.700,Thu,,,
Hải Phòng,Đồng bằng sông Hồng,2025-11-08,25.580000000000002,28.82,23.34,29.360000000000003,32.06,26.880000000000003,4.2,4.2,0.0,12.2,89.6,20.02,41.62,12.830000000000002,1012.68,61.0,23.619999999999997,0.0,2.5740000000000003,20.8928,106.5095,9.084,11.25,11,45,55,95,1970-01-21 09:36:21.588,1970-01-21 09:37:02.088,Thu,,,
Hải Phòng,Đồng bằng sông Hồng,2025-11-09,25.240000000000002,27.98,23.3,29.619999999999997,32.17999999999999,27.580000000000002,9.34,9.34,0.0,9.8,89.8,14.8,29.9,9.882,1012.26,77.8,23.380000000000003,0.0,2.038,20.8928,106.5095,5.732,11.24,11,45,63,88,1970-01-21 09:37:48.000,1970-01-21 09:38:28.464,Thu,,,
Hải Phòng,Đồng bằng sông Hồng,2025-11-10,24.74,28.5,22.54,28.24,32.459999999999994,25.580000000000002,0.36,0.36,0.0,1.8,82.0,11.08,23.32,12.5,1011.0200000000001,80.0,21.34,0.0,2.668,20.8928,106.5095,7.372,11.22,11,46,3,29,1970-01-21 09:39:14.448,1970-01-21 09:39:54.840,Thu,,,
Hải Phòng,Đồng bằng sông Hồng,2025-11-11,22.78,24.9,21.52,24.6,26.939999999999998,22.7,0.22000000000000003,0.22000000000000003,0.0,1.4,74.4,11.42,21.68,5.604,1012.0799999999999,99.6,17.86,0.0,1.614,20.8928,106.5095,0.616,11.202,11,46,51,6,1970-01-21 09:40:40.884,1970-01-21 09:41:21.228,Thu,,,
Hải Phòng,Đồng bằng sông Hồng,2025-11-12,22.240000000000002,25.380000000000003,20.28,22.619999999999997,25.72,20.06,0.0,0.0,0.0,0.0,64.2,14.080000000000002,29.82,14.232,1015.1600000000001,80.2,15.040000000000001,0.0,3.306,20.8928,106.5095,9.164,11.19,11,46,3,2,1970-01-21 09:42:07.320,1970-01-21 09:42:47.592,Thu,,,
Hải Phòng,Đồng bằng sông Hồng,2025-11-13,21.759999999999998,26.0,18.68,22.04,26.339999999999996,19.0,0.0,0.0,0.0,0.0,62.4,13.38,29.139999999999997,17.747999999999998,1017.76,32.6,13.98,0.0,3.7239999999999993,20.8928,106.5095,10.636,11.172,11,46,3,3,1970-01-21 09:43:33.768,1970-01-21 09:44:13.980,Thu,,,
Hải Phòng,Đồng bằng sông Hồng,2025-11-14,20.66,26.22,15.7,21.119999999999997,26.660000000000004,16.02,0.0,0.0,0.0,0.0,67.4,11.18,25.2,18.03,1017.8,11.0,13.819999999999999,0.0,3.55,20.8928,106.5095,10.882000000000001,11.16,11,46,1,20,1970-01-21 09:45:00.180,1970-01-21 09:45:40.368,Thu,,,
Hải Phòng,Đồng bằng sông Hồng,2025-11-15,21.6,27.76,16.22,23.0,29.380000000000003,16.64,0.0,0.0,0.0,0.0,74.0,11.88,25.0,17.174,1019.1,10.4,16.419999999999998,0.0,3.414,20.8928,106.5095,10.872,11.142,11,46,1,19,1970-01-21 09:46:26.628,1970-01-21 09:47:06.744,Thu,,,
Hải Phòng,Đồng bằng sông Hồng,2025-11-16,22.759999999999998,26.24,20.240000000000002,24.9,28.160000000000004,22.04,0.72,0.72,0.0,2.2,78.0,10.559999999999999,21.080000000000002,6.75,1019.54,84.4,18.619999999999997,0.0,1.718,20.8928,106.5095,3.09,11.13,11,46,51,1,1970-01-21 09:47:53.064,1970-01-21 09:48:33.132,Thu,,,
Hải Phòng,Đồng bằng sông Hồng,2025-11-17,23.48,27.6,20.54,26.4,29.96,23.259999999999998,1.1600000000000001,1.1600000000000001,0.0,5.6,81.4,12.059999999999999,24.54,9.686,1019.4200000000001,86.4,19.9,0.0,2.166,20.8928,106.5095,4.952,11.117999999999999,11,47,51,16,1970-01-21 09:49:19.488,1970-01-21 09:49:59.508,Thu,,,
Hải Phòng,Đồng bằng sông Hồng,2025-11-18,17.98,22.34,12.7,17.56,24.96,9.940000000000001,10.4,10.4,0.0,22.8,87.8,23.619999999999997,43.78,3.158,1023.28,100.0,15.84,0.0,1.014,20.8928,106.5095,0.0,11.102,11,47,55,20,1970-01-21 09:50:45.948,1970-01-21 09:51:25.908,Thu,,,
Hải Phòng,Đồng bằng sông Hồng,2025-11-19,13.8,16.14,11.36,11.440000000000001,13.559999999999999,8.9,5.16,5.16,0.0,9.4,72.2,22.5,43.160000000000004,8.662,1026.98,93.8,8.7,0.0,1.9100000000000001,20.8928,106.5095,3.086,11.09,11,47,55,1,1970-01-21 09:52:12.360,1970-01-21 09:52:52.296,Thu,,,
Hải Phòng,Đồng bằng sông Hồng,2025-11-20,16.94,21.78,12.6,15.26,20.16,10.52,0.0,0.0,0.0,0.0,57.8,12.98,28.360000000000003,17.2,1024.6399999999999,20.8,8.28,0.0,3.472,20.8928,106.5095,10.774,11.078,11,47,3,356,1970-01-21 09:53:38.808,1970-01-21 09:54:18.672,Thu,,,
Hải Phòng,Đồng bằng sông Hồng,2025-11-21,18.5,23.66,14.6,17.1,22.66,13.02,0.0,0.0,0.0,0.0,55.8,14.26,30.639999999999997,17.07,1023.7,15.4,9.16,0.0,3.6740000000000004,20.8928,106.5095,10.629999999999999,11.062000000000001,11,47,2,10,1970-01-21 09:55:05.244,1970-01-21 09:55:45.072,Thu,,,
Hải Phòng,Đồng bằng sông Hồng,2025-11-22,19.04,24.04,14.040000000000001,18.28,23.06,12.940000000000001,0.0,0.0,0.0,0.0,58.2,9.54,19.82,14.63,1021.22,37.2,10.16,0.0,3.0740000000000003,20.8928,106.5095,9.918,11.052000000000001,11,47,3,17,1970-01-21 09:56:31.680,1970-01-21 09:57:11.472,Thu,,,
Hải Phòng,Đồng bằng sông Hồng,2025-11-23,20.1,25.56,15.819999999999999,20.4,26.5,15.3,0.0,0.0,0.0,0.0,65.0,9.58,19.44,16.89,1019.5,11.2,12.959999999999999,0.0,3.2960000000000003,20.8928,106.5095,10.546000000000001,11.041999999999998,11,47,0,14,1970-01-21 09:57:58.128,1970-01-21 09:58:37.848,Thu,,,
Hải Phòng,Đồng bằng sông Hồng,2025-11-24,20.5,26.18,16.380000000000003,20.259999999999998,25.82,16.46,0.0,0.0,0.0,0.0,64.8,15.219999999999999,30.68,16.968,1019.78,16.8,13.14,0.0,3.75,20.8928,106.5095,10.122,11.03,11,48,3,3,1970-01-21 09:59:24.540,1970-01-21 10:00:04.248,Thu,,,
Hải Phòng,Đồng bằng sông Hồng,2025-11-25,19.740000000000002,24.28,16.5,18.080000000000002,23.119999999999997,14.3,0.0,0.0,0.0,0.0,54.2,19.68,39.14,17.151999999999997,1020.8399999999999,25.6,9.98,0.0,4.134,20.8928,106.5095,10.687999999999999,11.017999999999999,11,48,3,21,1970-01-21 10:00:50.988,1970-01-21 10:01:30.648,Thu,,,
Hải Phòng,Đồng bằng sông Hồng,2025-11-26,17.94,23.880000000000003,13.3,16.880000000000003,23.46,11.84,0.0,0.0,0.0,0.0,59.8,11.58,23.479999999999997,17.398000000000003,1020.2,26.4,9.52,0.0,3.474,20.8928,106.5095,10.74,11.008,11,48,3,7,1970-01-21 10:02:17.436,1970-01-21 10:02:57.048,Thu,,,
Hải Phòng,Đồng bằng sông Hồng,2025-11-27,17.759999999999998,23.9,13.540000000000001,15.36,20.96,11.059999999999999,0.0,0.0,0.0,0.0,52.0,21.16,42.62,17.578,1023.1,60.2,7.24,0.0,4.112,20.8928,106.5095,10.734,10.998000000000001,11,48,3,1,1970-01-21 10:03:43.860,1970-01-21 10:04:23.448,Thu,,,
Hải Phòng,Đồng bằng sông Hồng,2025-11-28,17.44,24.2,12.620000000000001,16.0,23.4,9.84,0.0,0.0,0.0,0.0,56.2,11.74,23.3,17.66,1018.78,53.0,8.040000000000001,0.0,3.5520000000000005,20.8928,106.5095,10.564,10.982000000000001,11,48,3,7,1970-01-21 10:05:10.308,1970-01-21 10:05:49.848,Thu,,,
Hải Phòng,Đồng bằng sông Hồng,2025-11-29,17.380000000000003,23.880000000000003,11.38,17.080000000000002,24.2,10.559999999999999,0.0,0.0,0.0,0.0,67.6,8.72,18.94,17.241999999999997,1015.6600000000001,6.8,10.74,0.0,3.112,20.8928,106.5095,10.654,10.972,11,48,3,38,1970-01-21 10:06:36.756,1970-01-21 10:07:16.248,Thu,,,
Hải Phòng,Đồng bằng sông Hồng,2025-11-30,20.4,25.4,16.759999999999998,21.46,27.080000000000002,16.66,0.0,0.0,0.0,0.0,73.0,11.34,21.54,14.508000000000001,1014.0,47.4,15.12,0.0,2.784,20.8928,106.5095,9.629999999999999,10.968,11,48,3,54,1970-01-21 10:08:03.180,1970-01-21 10:08:42.660,Thu,,,
Hải Phòng,Đồng bằng sông Hồng,2025-12-01,20.96,25.04,18.759999999999998,23.14,27.76,20.580000000000002,1.42,1.42,0.0,6.4,87.0,10.959999999999999,20.380000000000003,7.85,1014.28,67.8,18.6,0.0,1.5879999999999999,20.8928,106.5095,3.65,10.958000000000002,12,49,51,41,1970-01-21 10:09:29.628,1970-01-21 10:10:09.072,Đông,,,
Hải Phòng,Đồng bằng sông Hồng,2025-12-02,22.22,26.54,19.12,25.16,29.619999999999997,21.240000000000002,0.5399999999999999,0.5399999999999999,0.0,4.8,87.0,10.24,20.68,10.858,1013.6600000000001,62.0,19.740000000000002,0.0,2.16,20.8928,106.5095,7.651999999999999,10.947999999999999,12,49,51,99,1970-01-21 10:10:56.076,1970-01-21 10:11:35.472,Đông,,,
Hải Phòng,Đồng bằng sông Hồng,2025-12-03,21.18,23.86,19.380000000000003,22.3,25.32,19.16,1.48,1.48,0.0,5.4,79.4,18.72,38.72,9.193999999999999,1018.6600000000001,85.0,17.240000000000002,0.0,2.184,20.8928,106.5095,6.593999999999999,10.942,12,49,51,32,1970-01-21 10:12:22.500,1970-01-21 10:13:01.884,Đông,,,
Hải Phòng,Đồng bằng sông Hồng,2025-12-04,20.6,24.28,17.46,20.96,24.72,17.8,0.1,0.1,0.0,1.0,68.6,11.440000000000001,24.04,12.178,1019.5799999999999,69.6,14.419999999999998,0.0,2.664,20.8928,106.5095,8.41,10.931999999999999,12,49,3,60,1970-01-21 10:13:48.948,1970-01-21 10:14:28.308,Đông,,,
Hải Phòng,Đồng bằng sông Hồng,2025-12-05,20.919999999999998,23.6,18.56,21.619999999999997,24.46,19.04,0.32,0.32,0.0,2.0,72.8,13.319999999999999,27.5,7.556,1020.5799999999999,92.6,15.76,0.0,1.982,20.8928,106.5095,3.5400000000000005,10.922,12,49,51,17,1970-01-21 10:15:15.384,1970-01-21 10:15:54.708,Đông,,,
Hải Phòng,Đồng bằng sông Hồng,2025-12-06,19.8,24.08,16.119999999999997,20.52,24.7,17.1,0.0,0.0,0.0,0.0,76.2,13.4,27.360000000000003,13.080000000000002,1019.1,51.0,15.2,0.0,2.588,20.8928,106.5095,8.475999999999999,10.918,12,49,3,98,1970-01-21 10:16:41.808,1970-01-21 10:17:21.108,Đông,,,
Hải Phòng,Đồng bằng sông Hồng,2025-12-07,21.28,25.46,18.5,22.82,26.58,20.2,0.8400000000000001,0.8400000000000001,0.0,4.2,80.8,12.98,27.660000000000004,13.407999999999998,1018.66,48.6,17.64,0.0,2.644,20.8928,106.5095,9.562,10.91,12,49,51,88,1970-01-21 10:18:08.268,1970-01-21 10:18:47.532,Đông,,,
Hải Phòng,Đồng bằng sông Hồng,2025-12-08,21.18,25.82,17.759999999999998,22.22,26.58,18.5,0.32,0.32,0.0,1.6,74.0,13.22,27.860000000000003,14.466,1019.98,38.8,15.9,0.0,2.876,20.8928,106.5095,9.464,10.902,12,50,51,13,1970-01-21 10:19:34.692,1970-01-21 10:20:13.944,Đông,,,
Hải Phòng,Đồng bằng sông Hồng,2025-12-09,20.16,25.68,15.88,20.84,25.68,16.82,0.06,0.06,0.0,0.6,74.4,14.82,28.92,13.988,1018.92,33.0,14.88,0.0,2.896,20.8928,106.5095,9.906,10.898,12,50,3,84,1970-01-21 10:21:01.128,1970-01-21 10:21:40.368,Đông,,,
Hải Phòng,Đồng bằng sông Hồng,2025-12-10,20.880000000000003,26.02,16.14,21.74,26.44,17.04,0.0,0.0,0.0,0.0,72.2,13.12,26.26,13.276,1017.9,42.0,15.28,0.0,2.822,20.8928,106.5095,9.682,10.892,12,50,3,79,1970-01-21 10:22:27.588,1970-01-21 10:23:06.768,Đông,,,
Hải Phòng,Đồng bằng sông Hồng,2025-12-11,20.96,23.02,19.48,22.74,24.3,21.06,0.76,0.76,0.0,2.8,79.0,9.64,20.24,4.698,1017.8,92.0,17.18,0.0,1.214,20.8928,106.5095,0.92,10.888,12,50,51,7,1970-01-21 10:23:54.000,1970-01-21 10:24:33.192,Đông,,,
Hải Phòng,Đồng bằng sông Hồng,2025-12-12,21.44,24.64,19.119999999999997,24.1,27.160000000000004,21.8,2.24,2.24,0.0,3.8,88.4,11.38,22.44,7.2,1015.64,80.2,19.34,0.0,1.472,20.8928,106.5095,2.902,10.882,12,50,51,88,1970-01-21 10:25:20.448,1970-01-21 10:25:59.616,Đông,,,
Hải Phòng,Đồng bằng sông Hồng,2025-12-13,20.119999999999997,23.7,15.68,21.44,26.380000000000003,14.34,28.360000000000003,28.360000000000003,0.0,17.8,90.0,23.64,44.14,4.2780000000000005,1018.62,97.2,18.42,0.0,1.1,20.8928,106.5095,1.0559999999999998,10.878,12,50,63,34,1970-01-21 10:26:46.872,1970-01-21 10:27:26.028,Đông,,,
Hải Phòng,Đồng bằng sông Hồng,2025-12-14,17.119999999999997,20.26,15.14,15.7,19.28,12.98,0.2799999999999999,0.2799999999999999,0.0,1.0,61.4,15.2,28.74,10.448,1022.26,74.0,9.4,0.0,2.534,20.8928,106.5095,7.06,10.872,12,50,3,33,1970-01-21 10:28:13.308,1970-01-21 10:28:52.452,Đông,,,
Hải Phòng,Đồng bằng sông Hồng,2025-12-15,18.26,21.68,15.04,18.02,21.98,14.080000000000002,0.0,0.0,0.0,0.0,68.2,10.58,20.16,10.094,1019.68,70.2,12.16,0.0,2.178,20.8928,106.5095,6.292,10.872,12,51,3,60,1970-01-21 10:29:39.744,1970-01-21 10:30:18.888,Đông,,,
Hải Phòng,Đồng bằng sông Hồng,2025-12-16,19.52,23.119999999999997,15.72,20.74,24.8,16.259999999999998,0.4,0.4,0.0,2.6,80.6,9.0,17.86,7.94,1018.3,78.4,15.98,0.0,1.64,20.8928,106.5095,3.3620000000000005,10.87,12,51,51,47,1970-01-21 10:31:06.168,1970-01-21 10:31:45.288,Đông,,,
Hải Phòng,Đồng bằng sông Hồng,2025-12-17,20.68,24.880000000000003,18.08,22.46,26.06,19.24,2.4,2.4,0.0,9.6,83.6,10.5,24.619999999999997,11.178,1020.18,69.2,17.64,0.0,2.19,20.8928,106.5095,8.45,10.862,12,51,51,8,1970-01-21 10:32:32.616,1970-01-21 10:33:11.724,Đông,,,
Hải Phòng,Đồng bằng sông Hồng,2025-12-18,19.98,25.34,16.04,20.84,27.0,16.52,0.0,0.0,0.0,0.0,76.6,11.3,21.9,15.382,1018.7,6.6,15.28,0.0,2.976,20.8928,106.5095,10.02,10.862,12,51,0,44,1970-01-21 10:33:59.028,1970-01-21 10:34:38.148,Đông,,,
Hải Phòng,Đồng bằng sông Hồng,2025-12-19,20.02,25.44,15.44,21.3,26.3,16.419999999999998,0.08,0.08,0.0,0.6,81.6,13.5,26.5,13.044,1015.02,22.6,16.439999999999998,0.0,2.552,20.8928,106.5095,9.832,10.862,12,51,3,101,1970-01-21 10:35:25.488,1970-01-21 10:36:04.572,Đông,,,
Hải Phòng,Đồng bằng sông Hồng,2025-12-20,21.2,25.06,18.56,23.42,27.06,20.86,1.1,1.1,0.0,6.4,86.8,12.02,25.860000000000003,12.18,1015.64,50.4,18.72,0.0,2.32,20.8928,106.5095,9.268,10.862,12,51,51,90,1970-01-21 10:36:51.888,1970-01-21 10:37:31.008,Đông,,,
Hải Phòng,Đồng bằng sông Hồng,2025-12-21,21.18,26.0,17.7,23.28,28.46,19.1,0.62,0.62,0.0,2.8,83.6,10.02,23.1,12.674,1017.48,34.4,18.0,0.0,2.434,20.8928,106.5095,9.77,10.862,12,51,51,23,1970-01-21 10:38:18.348,1970-01-21 10:38:57.432,Đông,,,
Hải Phòng,Đồng bằng sông Hồng,2025-12-22,21.28,24.76,18.48,22.380000000000003,24.8,20.08,0.7,0.7,0.0,4.4,82.0,20.020000000000003,40.12,12.85,1015.62,32.0,17.94,0.0,2.588,20.8928,106.5095,9.904,10.862,12,52,51,123,1970-01-21 10:39:44.760,1970-01-21 10:40:23.868,Đông,,,
Hải Phòng,Đồng bằng sông Hồng,2025-12-23,21.82,25.619999999999997,19.54,23.76,27.360000000000003,21.4,0.8600000000000001,0.8600000000000001,0.0,4.6,87.0,16.4,33.260000000000005,11.094,1014.28,48.8,19.4,0.0,2.226,20.8928,106.5095,9.254,10.862,12,52,51,124,1970-01-21 10:41:11.208,1970-01-21 10:41:50.292,Đông,,,
Hải Phòng,Đồng bằng sông Hồng,2025-12-24,22.04,25.72,19.08,24.02,27.619999999999997,18.98,1.9,1.9,0.0,6.6,86.6,17.54,34.86,12.316,1013.58,55.8,19.54,0.0,2.438,20.8928,106.5095,9.658,10.862,12,52,55,92,1970-01-21 10:42:37.620,1970-01-21 10:43:16.728,Đông,,,
Hải Phòng,Đồng bằng sông Hồng,2025-12-25,17.02,19.16,15.14,14.7,18.32,11.9,0.7,0.7,0.0,3.2,62.2,22.76,44.86,6.725999999999999,1019.9,92.4,9.52,0.0,2.434,20.8928,106.5095,3.188,10.862,12,52,51,18,1970-01-21 10:44:04.068,1970-01-21 10:44:43.164,Đông,,,
Hải Phòng,Đồng bằng sông Hồng,2025-12-26,15.9,20.02,12.7,13.8,18.92,10.08,0.0,0.0,0.0,0.0,52.6,12.88,26.72,16.192,1020.76,18.2,5.9,0.0,3.3200000000000003,20.8928,106.5095,10.0,10.868,12,52,3,61,1970-01-21 10:45:30.468,1970-01-21 10:46:09.588,Đông,,,
Hải Phòng,Đồng bằng sông Hồng,2025-12-27,16.14,20.84,12.04,14.98,20.24,10.26,0.0,0.0,0.0,0.0,63.6,11.42,22.84,14.126,1019.84,29.2,8.879999999999999,0.0,2.6559999999999997,20.8928,106.5095,9.984,10.87,12,52,3,16,1970-01-21 10:46:56.916,1970-01-21 10:47:36.036,Đông,,,
Hải Phòng,Đồng bằng sông Hồng,2025-12-28,18.02,22.16,13.78,17.86,21.78,13.18,0.0,0.0,0.0,0.0,68.4,8.7,18.94,10.234,1018.74,78.0,11.84,0.0,2.104,20.8928,106.5095,5.49,10.872,12,52,3,7,1970-01-21 10:48:23.328,1970-01-21 10:49:02.472,Đông,,,
Hải Phòng,Đồng bằng sông Hồng,2025-12-29,19.14,22.26,15.94,19.44,22.3,16.18,0.04,0.04,0.0,0.4,76.6,12.38,25.56,8.342,1015.98,73.8,14.76,0.0,1.93,20.8928,106.5095,3.756,10.872,12,1,3,98,1970-01-21 10:49:49.752,1970-01-21 10:50:28.908,Đông,,,
Hải Phòng,Đồng bằng sông Hồng,2025-12-30,20.16,23.619999999999997,17.9,20.76,23.380000000000003,19.06,0.28,0.28,0.0,2.2,78.6,15.88,33.56,10.422,1014.86,70.4,16.16,0.0,2.274,20.8928,106.5095,8.218,10.88,12,1,51,101,1970-01-21 10:51:16.188,1970-01-21 10:51:55.332,Đông,,,
Hải Phòng,Đồng bằng sông Hồng,2025-12-31,20.22,23.5,17.44,20.880000000000003,23.56,18.56,0.4800000000000001,0.4800000000000001,0.0,3.0,82.2,17.36,35.3,8.562000000000001,1012.24,83.2,16.9,0.0,2.03,20.8928,106.5095,5.07,10.882,12,1,51,114,1970-01-21 10:52:42.588,1970-01-21 10:53:21.768,Đông,,,
Hải Phòng,Đồng bằng sông Hồng,2026-01-01,19.92,24.08,16.919999999999998,20.8,24.8,16.160000000000004,5.26,5.26,0.0,11.4,85.0,17.52,34.480000000000004,10.534,1015.92,78.4,17.16,0.0,2.1119999999999997,20.8928,106.5095,8.588,10.888,1,1,55,90,1970-01-21 10:54:09.012,1970-01-21 10:54:48.216,Đông,,,
Hải Phòng,Đồng bằng sông Hồng,2026-01-02,17.0,19.44,13.96,15.760000000000002,18.04,12.919999999999998,0.44,0.44,0.0,2.4,70.6,15.080000000000002,30.74,6.792,1021.92,87.6,11.52,0.0,1.934,20.8928,106.5095,1.282,10.892,1,1,51,22,1970-01-21 10:55:35.448,1970-01-21 10:56:14.640,Đông,,,
Hải Phòng,Đồng bằng sông Hồng,2026-01-03,15.86,19.34,12.84,14.32,17.52,11.32,0.0,0.0,0.0,0.0,70.4,16.48,34.480000000000004,9.522,1022.54,68.2,10.36,0.0,2.16,20.8928,106.5095,5.704,10.898,1,1,3,63,1970-01-21 10:57:01.848,1970-01-21 10:57:41.088,Đông,,,
Hải Phòng,Đồng bằng sông Hồng,2026-01-04,17.52,21.54,14.12,17.419999999999998,21.4,13.54,1.2200000000000002,1.2200000000000002,0.0,5.4,82.6,16.64,34.279999999999994,8.634,1019.92,81.6,14.38,0.0,1.784,20.8928,106.5095,5.478,10.902,1,1,51,82,1970-01-21 10:58:28.260,1970-01-21 10:59:07.512,Đông,,,
Hải Phòng,Đồng bằng sông Hồng,2026-01-05,16.619999999999997,19.06,13.8,15.580000000000002,18.28,12.2,0.0,0.0,0.0,0.0,74.2,16.18,33.2,7.27,1021.56,85.8,11.86,0.0,1.818,20.8928,106.5095,3.0620000000000003,10.912,1,2,3,25,1970-01-21 10:59:54.684,1970-01-21 11:00:33.948,Đông,,,
Hải Phòng,Đồng bằng sông Hồng,2026-01-06,14.06,15.139999999999995,12.6,11.66,12.78,10.62,0.08,0.08,0.0,0.8,63.6,16.94,34.12,5.386,1025.7599999999998,92.4,7.12,0.0,1.7740000000000002,20.8928,106.5095,0.4739999999999999,10.918,1,2,51,6,1970-01-21 11:01:21.108,1970-01-21 11:02:00.396,Đông,,,
Hải Phòng,Đồng bằng sông Hồng,2026-01-07,14.3,19.619999999999997,9.7,12.419999999999998,18.14,7.659999999999999,0.0,0.0,0.0,0.0,60.6,12.62,27.5,16.657999999999998,1026.1,5.8,6.16,0.0,2.996,20.8928,106.5095,10.0,10.922,1,2,0,10,1970-01-21 11:02:47.508,1970-01-21 11:03:26.832,Đông,,,
Hải Phòng,Đồng bằng sông Hồng,2026-01-08,14.4,20.54,9.34,12.58,18.8,7.2,0.0,0.0,0.0,0.0,61.0,11.9,26.0,16.992,1025.92,22.6,6.08,0.0,3.032,20.8928,106.5095,10.01,10.932,1,2,3,9,1970-01-21 11:04:13.908,1970-01-21 11:04:53.268,Đông,,,
Hải Phòng,Đồng bằng sông Hồng,2026-01-09,15.04,21.1,9.919999999999998,13.66,19.74,8.58,0.0,0.0,0.0,0.0,62.6,10.86,22.3,17.082,1022.8,58.8,7.06,0.0,3.052,20.8928,106.5095,10.012,10.942,1,2,3,81,1970-01-21 11:05:40.320,1970-01-21 11:06:19.716,Đông,,,
Hải Phòng,Đồng bằng sông Hồng,2026-01-10,15.64,21.92,10.48,14.7,21.04,9.48,0.0,0.0,0.0,0.0,69.2,11.16,25.42,17.026,1020.82,9.6,9.32,0.0,3.0439999999999996,20.8928,106.5095,10.018,10.952,1,2,2,89,1970-01-21 11:07:06.732,1970-01-21 11:07:46.152,Đông,,,
Hải Phòng,Đồng bằng sông Hồng,2026-01-11,16.36,23.08,11.4,15.12,21.68,10.16,0.0,0.0,0.0,0.0,65.4,13.28,27.360000000000003,16.996000000000002,1022.92,26.0,8.82,0.0,3.2960000000000003,20.8928,106.5095,10.018,10.958000000000002,1,2,3,64,1970-01-21 11:08:33.144,1970-01-21 11:09:12.588,Đông,,,
Hải Phòng,Đồng bằng sông Hồng,2026-01-12,17.160000000000004,22.72,12.12,16.66,22.26,11.34,0.0,0.0,0.0,0.0,71.8,14.580000000000002,30.9,12.492,1020.52,33.4,11.58,0.0,2.556,20.8928,106.5095,8.645999999999999,10.968,1,3,3,92,1970-01-21 11:09:59.568,1970-01-21 11:10:39.048,Đông,,,
Hải Phòng,Đồng bằng sông Hồng,2026-01-13,17.82,24.16,13.36,17.740000000000002,24.48,12.98,0.0,0.0,0.0,0.0,74.6,14.080000000000002,28.22000000000001,16.364,1019.2,4.6,12.66,0.0,3.04,20.8928,106.5095,10.038,10.978,1,3,0,31,1970-01-21 11:11:25.968,1970-01-21 11:12:05.472,Đông,,,
Hải Phòng,Đồng bằng sông Hồng,2026-01-14,18.28,23.96,13.04,18.380000000000003,24.16,12.96,0.0,0.0,0.0,0.0,77.4,14.28,29.96,13.712,1016.26,25.6,13.8,0.0,2.732,20.8928,106.5095,9.248,10.988,1,3,3,100,1970-01-21 11:12:52.368,1970-01-21 11:13:31.908,Đông,,,
Hải Phòng,Đồng bằng sông Hồng,2026-01-15,19.58,23.54,16.619999999999997,20.619999999999997,24.380000000000003,17.419999999999998,0.3,0.3,0.0,2.0,81.6,11.22,23.1,8.888,1016.08,64.6,16.16,0.0,1.906,20.8928,106.5095,5.692,11.0,1,3,51,99,1970-01-21 11:14:18.768,1970-01-21 11:14:58.368,Đông,,,
Hải Phòng,Đồng bằng sông Hồng,2026-01-16,20.18,25.2,16.78,21.66,25.8,18.34,1.04,1.04,0.0,4.0,86.8,15.14,30.74,9.114,1012.9,64.4,17.7,0.0,1.98,20.8928,106.5095,5.018,11.012,1,3,51,124,1970-01-21 11:15:45.168,1970-01-21 11:16:24.792,Đông,,,
Hải Phòng,Đồng bằng sông Hồng,2026-01-17,19.380000000000003,21.84,17.16,21.18,23.6,18.82,6.5,6.5,0.0,11.4,94.2,12.66,25.54,5.672,1012.42,77.2,18.42,0.0,1.108,20.8928,106.5095,0.978,11.022,1,3,55,87,1970-01-21 11:17:11.568,1970-01-21 11:17:51.228,Đông,,,
Hải Phòng,Đồng bằng sông Hồng,2026-01-18,20.06,24.98,16.72,21.3,26.24,18.06,0.38,0.38,0.0,2.0,84.6,15.78,32.480000000000004,13.846,1011.74,59.0,17.18,0.0,2.6740000000000004,20.8928,106.5095,9.764,11.032,1,3,51,106,1970-01-21 11:18:37.968,1970-01-21 11:19:17.688,Đông,,,
Hải Phòng,Đồng bằng sông Hồng,2026-01-19,20.5,24.64,17.52,21.68,25.16,18.9,0.9600000000000002,0.9600000000000002,0.0,4.2,86.2,16.5,33.76,11.58,1012.38,71.6,17.94,0.0,2.344,20.8928,106.5095,8.278,11.041999999999998,1,4,51,108,1970-01-21 11:20:04.368,1970-01-21 11:20:44.124,Đông,,,
Hải Phòng,Đồng bằng sông Hồng,2026-01-20,21.04,24.54,18.94,22.4,25.26,20.4,2.16,2.16,0.0,9.6,87.2,17.94,36.8,11.368,1014.7,63.6,18.64,0.0,2.242,20.8928,106.5095,8.766,11.058,1,4,51,117,1970-01-21 11:21:30.768,1970-01-21 11:22:10.560,Đông,,,
Hải Phòng,Đồng bằng sông Hồng,2026-01-21,17.46,19.8,13.56,16.16,20.619999999999997,11.74,1.24,1.24,0.0,3.6,74.8,21.86,42.98,6.75,1019.16,84.2,12.8,0.0,1.946,20.8928,106.5095,2.89,11.07,1,4,51,75,1970-01-21 11:22:57.168,1970-01-21 11:23:37.008,Đông,,,
Hải Phòng,Đồng bằng sông Hồng,2026-01-22,11.4,13.12,9.94,8.92,11.32,7.18,1.42,1.42,0.0,6.8,73.2,15.6,30.74,4.356,1024.04,100.0,6.68,0.0,1.204,20.8928,106.5095,0.0639999999999999,11.082,1,4,51,5,1970-01-21 11:24:23.556,1970-01-21 11:25:03.432,Đông,,,
Hải Phòng,Đồng bằng sông Hồng,2026-01-23,12.96,17.06,9.78,11.54,16.5,7.44,0.08,0.08,0.0,0.8,72.0,10.28,20.16,9.7,1024.3200000000002,92.4,7.94,0.0,1.7759999999999998,20.8928,106.5095,4.004,11.092,1,4,3,11,1970-01-21 11:25:49.944,1970-01-21 11:26:29.868,Đông,,,
Hải Phòng,Đồng bằng sông Hồng,2026-01-24,14.6,17.02,12.48,14.12,16.919999999999998,11.32,0.08,0.08,0.0,0.8,79.2,9.18,17.52,5.536,1021.92,98.6,10.98,0.0,1.148,20.8928,106.5095,0.02,11.11,1,4,51,11,1970-01-21 11:27:16.320,1970-01-21 11:27:56.328,Đông,,,
Hải Phòng,Đồng bằng sông Hồng,2026-01-25,17.78,21.94,14.24,18.46,22.44,14.28,1.38,1.38,0.0,6.8,87.0,13.8,29.44,8.620000000000001,1017.68,81.4,15.56,0.0,1.666,20.8928,106.5095,4.0280000000000005,11.12,1,4,51,94,1970-01-21 11:28:42.720,1970-01-21 11:29:22.752,Đông,,,
Hải Phòng,Đồng bằng sông Hồng,2026-01-26,19.54,23.26,16.96,20.92,24.66,18.26,1.9,1.9,0.0,8.4,87.8,12.66,27.139999999999997,11.608,1019.2,63.6,17.28,0.0,2.1559999999999997,20.8928,106.5095,9.274,11.132,1,5,51,98,1970-01-21 11:30:09.108,1970-01-21 11:30:49.188,Đông,,,
Hải Phòng,Đồng bằng sông Hồng,2026-01-27,19.380000000000003,24.34,16.34,20.5,25.42,17.380000000000003,0.02,0.02,0.0,0.2,81.8,10.64,23.119999999999997,14.152,1019.9,50.6,15.76,0.0,2.698,20.8928,106.5095,8.162,11.15,1,5,3,91,1970-01-21 11:31:35.508,1970-01-21 11:32:15.636,Đông,,,
Hải Phòng,Đồng bằng sông Hồng,2026-01-28,18.66,24.0,14.68,19.04,24.44,15.48,0.0,0.0,0.0,0.0,78.2,14.7,32.48,17.330000000000002,1019.8,12.2,14.34,0.0,3.2340000000000004,20.8928,106.5095,10.326,11.162,1,5,3,97,1970-01-21 11:33:01.872,1970-01-21 11:33:42.072,Đông,,,
Hải Phòng,Đồng bằng sông Hồng,2026-01-29,19.64,24.48,15.68,20.36,24.4,16.18,1.04,1.04,0.0,5.8,85.6,18.68,38.16,12.302,1017.0,48.4,16.919999999999998,0.0,2.452,20.8928,106.5095,8.538,11.18,1,5,51,137,1970-01-21 11:34:28.260,1970-01-21 11:35:08.508,Đông,,,
Hải Phòng,Đồng bằng sông Hồng,2026-01-30,20.46,24.46,17.54,21.78,25.44,19.34,1.2,1.2,0.0,7.4,87.2,18.24,37.3,13.328,1017.58,57.2,18.08,0.0,2.51,20.8928,106.5095,8.778,11.192,1,5,51,111,1970-01-21 11:35:54.648,1970-01-21 11:36:34.944,Đông,,,
Hải Phòng,Đồng bằng sông Hồng,2026-01-31,19.04,23.06,16.080000000000002,19.380000000000003,22.94,15.98,0.38,0.38,0.0,1.4,79.0,17.52,34.239999999999995,10.766,1020.66,65.2,14.98,0.0,2.268,20.8928,106.5095,7.008,11.21,1,5,51,36,1970-01-21 11:37:21.036,1970-01-21 11:38:01.380,Đông,,,
Hải Phòng,Đồng bằng sông Hồng,2026-02-01,17.56,21.74,15.06,17.22,21.660000000000004,14.54,0.0,0.0,0.0,0.0,71.4,11.94,23.619999999999997,10.29,1022.22,63.0,12.1,0.0,2.1580000000000004,20.8928,106.5095,5.83,11.23,2,5,3,46,1970-01-21 11:38:47.400,1970-01-21 11:39:27.828,Đông,,,
Hải Phòng,Đồng bằng sông Hồng,2026-02-02,17.119999999999997,20.96,14.2,16.380000000000003,20.6,13.68,0.02,0.02,0.0,0.2,68.0,11.86,24.32,9.466,1023.82,63.2,11.0,0.0,2.13,20.8928,106.5095,4.779999999999999,11.24,2,6,3,16,1970-01-21 11:40:13.788,1970-01-21 11:40:54.252,Đông,,,
Hải Phòng,Đồng bằng sông Hồng,2026-02-03,16.759999999999998,22.24,11.96,16.580000000000002,22.4,11.62,0.0,0.0,0.0,0.0,76.4,12.46,27.08,14.062,1022.76,56.8,12.22,0.0,2.638,20.8928,106.5095,8.782,11.26,2,6,3,89,1970-01-21 11:41:40.164,1970-01-21 11:42:20.688,Đông,,,
Hải Phòng,Đồng bằng sông Hồng,2026-02-04,18.380000000000003,23.04,14.06,18.9,23.339999999999996,14.48,0.18,0.18,0.0,1.4,83.0,13.02,27.139999999999997,10.514,1018.0,45.6,15.14,0.0,2.1399999999999997,20.8928,106.5095,5.886,11.272,2,6,51,120,1970-01-21 11:43:06.540,1970-01-21 11:43:47.124,Đông,,,
Hải Phòng,Đồng bằng sông Hồng,2026-02-05,21.04,24.98,17.66,22.74,26.0,19.08,0.74,0.74,0.0,5.6,88.2,16.759999999999998,33.64,8.824000000000002,1014.7,89.8,18.9,0.0,1.884,20.8928,106.5095,3.492,11.29,2,6,51,124,1970-01-21 11:44:32.928,1970-01-21 11:45:13.560,Đông,,,
Hải Phòng,Đồng bằng sông Hồng,2026-02-06,21.7,24.82,19.68,24.119999999999997,26.9,22.4,1.1,1.1,0.0,7.0,89.8,15.9,32.4,8.081999999999999,1014.02,85.4,19.8,0.0,1.72,20.8928,106.5095,3.532,11.31,2,6,51,120,1970-01-21 11:45:59.280,1970-01-21 11:46:40.008,Đông,,,
Hải Phòng,Đồng bằng sông Hồng,2026-02-07,21.28,25.22,19.1,22.68,25.78,20.52,0.5,0.5,0.0,2.8,84.2,16.84,34.64,12.478,1016.18,66.2,18.22,0.0,2.586,20.8928,106.5095,7.709999999999999,11.324000000000002,2,6,51,97,1970-01-21 11:47:25.668,1970-01-21 11:48:06.420,Đông,,,
Hải Phòng,Đồng bằng sông Hồng,2026-02-08,16.14,20.52,12.48,14.54,20.32,10.42,4.42,4.42,0.0,13.2,78.2,22.26,42.18,3.5119999999999996,1021.76,100.0,12.26,0.0,1.414,20.8928,106.5095,0.0,11.34,2,6,53,26,1970-01-21 11:48:52.020,1970-01-21 11:49:32.868,Đông,,,
Hải Phòng,Đồng bằng sông Hồng,2026-02-09,14.2,16.880000000000003,11.86,13.66,16.98,10.54,3.92,3.92,0.0,7.6,84.4,11.22,22.68,6.1,1020.66,99.4,11.5,0.0,1.154,20.8928,106.5095,0.49,11.36,2,7,61,6,1970-01-21 11:50:18.408,1970-01-21 11:50:59.292,Đông,,,
Hải Phòng,Đồng bằng sông Hồng,2026-02-10,18.32,22.48,15.0,19.42,24.1,15.46,0.18,0.18,0.0,1.8,83.8,8.919999999999998,18.58,9.21,1018.3,90.4,15.44,0.0,1.798,20.8928,106.5095,3.136,11.38,2,7,51,12,1970-01-21 11:51:44.760,1970-01-21 11:52:25.728,Đông,,,
Hải Phòng,Đồng bằng sông Hồng,2026-02-11,19.34,21.4,17.759999999999998,20.5,22.48,18.5,2.2,2.2,0.0,6.4,86.4,12.54,25.139999999999997,6.1579999999999995,1019.88,96.0,16.94,0.0,1.388,20.8928,106.5095,0.8079999999999998,11.39,2,7,51,93,1970-01-21 11:53:11.148,1970-01-21 11:53:52.164,Đông,,,
Hải Phòng,Đồng bằng sông Hồng,2026-02-12,19.68,23.24,17.48,20.8,24.04,18.3,0.38,0.38,0.0,2.8,86.0,14.96,31.82,9.276,1017.6,84.0,17.119999999999997,0.0,1.906,20.8928,106.5095,2.91,11.41,2,7,51,98,1970-01-21 11:54:37.500,1970-01-21 11:55:18.600,Đông,,,
Hải Phòng,Đồng bằng sông Hồng,2026-02-13,21.1,24.660000000000004,18.76,22.72,25.98,20.54,0.36,0.36,0.0,2.8,87.4,15.439999999999998,30.6,8.716,1015.62,79.4,18.74,0.0,1.916,20.8928,106.5095,3.596,11.43,2,7,51,115,1970-01-21 11:56:03.888,1970-01-21 11:56:45.024,Đông,,,
Hải Phòng,Đồng bằng sông Hồng,2026-02-14,21.119999999999997,25.48,18.36,22.94,27.119999999999997,20.36,0.18,0.18,0.0,1.8,86.6,15.6,31.880000000000003,12.15,1015.26,54.4,18.54,0.0,2.468,20.8928,106.5095,7.378,11.45,2,7,51,124,1970-01-21 11:57:30.240,1970-01-21 11:58:11.460,Đông,,,
Hải Phòng,Đồng bằng sông Hồng,2026-02-15,22.04,26.94,19.22,24.02,28.139999999999997,21.32,0.52,0.52,0.0,3.0,85.0,17.7,36.14,14.96,1014.1,73.6,19.06,0.0,3.012,20.8928,106.5095,8.7,11.462,2,7,51,126,1970-01-21 11:58:56.628,1970-01-21 11:59:37.884,Đông,,,
Hải Phòng,Đồng bằng sông Hồng,2026-02-16,22.44,27.54,19.52,24.619999999999997,29.4,21.9,0.34,0.34,0.0,3.4,82.6,16.04,33.56,15.586000000000002,1014.16,62.2,18.98,0.0,3.1879999999999997,20.8928,106.5095,9.258,11.482,2,8,51,127,1970-01-21 12:00:22.980,1970-01-21 12:01:04.320,Đông,,,
Hải Phòng,Đồng bằng sông Hồng,2026-02-17,21.76,25.46,18.96,23.1,25.860000000000003,19.64,0.6,0.6,0.0,3.0,79.4,17.56,36.36,12.494,1016.78,61.6,17.78,0.0,2.7920000000000003,20.8928,106.5095,8.058,11.5,2,8,51,71,1970-01-21 12:01:49.332,1970-01-21 12:02:30.744,Đông,,,
Hải Phòng,Đồng bằng sông Hồng,2026-02-18,19.78,23.119999999999997,17.380000000000003,19.96,22.639999999999997,17.64,1.44,1.44,0.0,4.8,75.0,16.82,35.260000000000005,9.4,1020.14,95.4,15.14,0.0,2.25,20.8928,106.5095,3.5200000000000005,11.52,2,8,51,63,1970-01-21 12:03:15.708,1970-01-21 12:03:57.180,Đông,,,
Hải Phòng,Đồng bằng sông Hồng,2026-02-19,20.360000000000003,23.68,18.0,21.1,24.74,18.22,0.3,0.3,0.0,2.0,75.0,13.639999999999995,28.72,9.924,1021.26,87.8,15.74,0.0,2.252,20.8928,106.5095,4.140000000000001,11.54,2,8,3,35,1970-01-21 12:04:42.060,1970-01-21 12:05:23.604,Đông,,,
Hải Phòng,Đồng bằng sông Hồng,2026-02-20,19.94,24.660000000000004,16.68,20.68,27.06,17.28,0.0,0.0,0.0,0.0,74.2,13.96,27.56,15.845999999999998,1019.26,49.8,15.04,0.0,3.152,20.8928,106.5095,9.274,11.56,2,8,3,110,1970-01-21 12:06:08.412,1970-01-21 12:06:50.028,Đông,,,
Hải Phòng,Đồng bằng sông Hồng,2026-02-21,20.72,25.16,16.96,21.98,25.839999999999996,18.32,0.4,0.4,0.0,3.8,85.6,17.44,35.480000000000004,10.762,1010.74,68.8,17.96,0.0,2.332,20.8928,106.5095,5.106,11.578,2,8,51,147,1970-01-21 12:07:34.788,1970-01-21 12:08:16.440,Đông,,,
Hải Phòng,Đồng bằng sông Hồng,2026-02-22,21.76,23.72,19.42,23.52,25.42,21.2,0.42,0.42,0.0,3.2,87.6,15.68,30.96,5.0200000000000005,1009.94,97.6,19.52,0.0,1.342,20.8928,106.5095,0.02,11.598,2,8,51,99,1970-01-21 12:09:01.140,1970-01-21 12:09:42.888,Đông,,,
Hải Phòng,Đồng bằng sông Hồng,2026-02-23,22.56,25.660000000000004,20.46,24.66,27.04,22.34,0.58,0.58,0.0,4.4,85.6,18.36,37.739999999999995,8.822,1010.4,92.4,19.98,0.0,1.992,20.8928,106.5095,3.088,11.618,2,9,51,141,1970-01-21 12:10:27.480,1970-01-21 12:11:09.300,Đông,,,
Hải Phòng,Đồng bằng sông Hồng,2026-02-24,22.44,24.38,20.84,25.139999999999997,26.78,23.72,0.4,0.4,0.0,3.4,89.8,14.34,27.78,4.890000000000001,1011.82,91.6,20.619999999999997,0.0,1.226,20.8928,106.5095,0.0,11.632,2,9,51,122,1970-01-21 12:11:53.868,1970-01-21 12:12:35.748,Đông,,,
Hải Phòng,Đồng bằng sông Hồng,2026-02-25,22.06,25.36,20.02,24.6,27.42,22.84,1.2,1.2,0.0,3.8,87.8,14.24,29.76,8.76,1012.56,77.0,19.84,0.0,1.894,20.8928,106.5095,3.866000000000001,11.652,2,9,51,116,1970-01-21 12:13:20.220,1970-01-21 12:14:02.160,Đông,,,
Hải Phòng,Đồng bằng sông Hồng,2026-02-26,21.12,23.16,19.56,23.86,25.839999999999996,21.96,3.3800000000000003,3.3800000000000003,0.0,7.2,94.2,11.12,23.2,5.276,1010.02,90.6,20.1,0.0,1.096,20.8928,106.5095,0.178,11.672,2,9,55,138,1970-01-21 12:14:46.560,1970-01-21 12:15:28.596,Đông,,,
Hải Phòng,Đồng bằng sông Hồng,2026-02-27,23.18,27.2,19.96,26.06,30.0,22.7,0.8,0.8,0.0,4.8,88.8,17.58,35.78,13.9,1007.26,69.2,21.1,0.0,2.754,20.8928,106.5095,9.57,11.691999999999998,2,9,51,138,1970-01-21 12:16:12.900,1970-01-21 12:16:55.020,Đông,,,
Hải Phòng,Đồng bằng sông Hồng,2026-02-28,24.380000000000003,28.160000000000004,22.26,27.32,30.52,25.4,1.12,1.12,0.0,6.4,89.6,22.68,45.78,14.122,1005.88,70.4,22.380000000000003,0.0,2.812,20.8928,106.5095,8.872,11.712,2,9,51,142,1970-01-21 12:17:39.288,1970-01-21 12:18:21.420,Đông,,,
Hải Phòng,Đồng bằng sông Hồng,2026-03-01,25.02,29.32,22.48,28.6,33.8,25.8,0.52,0.52,0.0,0.8,88.2,16.52,33.78,14.94,1005.78,58.8,22.7,0.0,3.086,20.8928,106.5095,8.278,11.732,3,9,3,124,1970-01-21 12:19:05.640,1970-01-21 12:19:47.868,Xuân,,,
Hải Phòng,Đồng bằng sông Hồng,2026-03-02,25.26,29.42,22.48,29.1,33.72,25.639999999999997,0.2,0.2,0.0,1.4,88.8,17.8,33.36,13.716,1007.56,61.6,23.14,0.0,2.866,20.8928,106.5095,7.970000000000001,11.752,3,10,51,116,1970-01-21 12:20:31.980,1970-01-21 12:21:14.280,Xuân,,,
Hải Phòng,Đồng bằng sông Hồng,2026-03-03,21.64,24.98,18.7,22.18,26.54,18.2,43.260000000000005,43.260000000000005,0.0,9.8,74.6,19.7,38.02,12.442,1012.58,92.0,16.72,0.0,2.992,20.8928,106.5095,6.337999999999999,11.772,3,10,65,24,1970-01-21 12:21:58.320,1970-01-21 12:22:40.716,Xuân,,,
Hải Phòng,Đồng bằng sông Hồng,2026-03-04,18.880000000000003,22.7,16.619999999999997,18.8,23.52,15.9,4.12,4.12,0.0,4.0,72.6,15.64,29.68,13.464,1016.38,64.2,13.66,0.0,2.814,20.8928,106.5095,8.504,11.79,3,10,55,58,1970-01-21 12:23:24.684,1970-01-21 12:24:07.140,Xuân,,,
Hải Phòng,Đồng bằng sông Hồng,2026-03-05,19.78,24.16,15.94,20.78,25.46,16.080000000000002,0.0,0.0,0.0,0.0,79.0,10.52,23.82,13.144,1015.8,65.8,15.84,0.0,2.598,20.8928,106.5095,6.62,11.81,3,10,3,77,1970-01-21 12:24:51.060,1970-01-21 12:25:33.540,Xuân,,,
Hải Phòng,Đồng bằng sông Hồng,2026-03-06,21.22,25.16,19.0,22.72,26.68,20.3,0.04,0.04,0.0,0.4,79.2,14.04,28.160000000000004,13.85,1016.76,70.2,17.2,0.0,2.876,20.8928,106.5095,6.640000000000001,11.83,3,10,3,82,1970-01-21 12:26:17.400,1970-01-21 12:26:59.988,Xuân,,,
Hải Phòng,Đồng bằng sông Hồng,2026-03-07,21.34,24.98,18.9,22.08,25.839999999999996,20.119999999999997,0.0,0.0,0.0,0.0,77.0,18.58,38.5,15.348000000000004,1017.12,47.4,17.02,0.0,3.19,20.8928,106.5095,8.975999999999999,11.85,3,10,3,98,1970-01-21 12:27:43.740,1970-01-21 12:28:26.400,Xuân,,,
Hải Phòng,Đồng bằng sông Hồng,2026-03-08,21.56,24.3,19.839999999999996,22.44,24.92,20.46,0.48,0.48,0.0,3.2,82.2,19.6,38.1,9.63,1017.12,81.2,18.36,0.0,2.25,20.8928,106.5095,3.5480000000000005,11.87,3,10,51,99,1970-01-21 12:29:10.080,1970-01-21 12:29:52.800,Xuân,,,
Hải Phòng,Đồng bằng sông Hồng,2026-03-09,20.52,24.78,17.72,20.58,25.619999999999997,15.78,1.62,1.62,0.0,3.6,78.4,22.82,44.06,8.838,1020.54,91.8,16.52,0.0,2.3200000000000003,20.8928,106.5095,3.808,11.89,3,11,53,61,1970-01-21 12:30:36.432,1970-01-21 12:31:19.248,Xuân,,,
Hải Phòng,Đồng bằng sông Hồng,2026-03-10,18.36,22.56,16.1,17.64,23.24,14.04,0.24,0.24,0.0,1.2,66.4,16.880000000000003,35.08,17.392000000000003,1022.52,57.2,11.82,0.0,3.612,20.8928,106.5095,9.724,11.91,3,11,51,22,1970-01-21 12:32:02.784,1970-01-21 12:32:45.660,Xuân,,,
Hải Phòng,Đồng bằng sông Hồng,2026-03-11,18.76,22.54,15.0,19.22,23.58,14.919999999999998,0.08,0.08,0.0,0.6,75.2,10.8,22.32,13.612,1018.94,48.4,14.06,0.0,2.646,20.8928,106.5095,7.244,11.93,3,11,3,62,1970-01-21 12:33:29.160,1970-01-21 12:34:12.072,Xuân,,,
Hải Phòng,Đồng bằng sông Hồng,2026-03-12,19.78,24.14,16.660000000000004,20.48,24.94,17.72,0.0,0.0,0.0,0.0,74.0,13.94,27.56,12.788,1018.46,67.6,14.68,0.0,2.706,20.8928,106.5095,6.308,11.95,3,11,3,70,1970-01-21 12:34:55.500,1970-01-21 12:35:38.520,Xuân,,,
Hải Phòng,Đồng bằng sông Hồng,2026-03-13,20.22,24.74,16.2,20.28,24.4,16.660000000000004,0.0,0.0,0.0,0.0,70.2,18.8,38.44,18.896,1019.66,36.2,14.22,0.0,3.914,20.8928,106.5095,10.828,11.97,3,11,3,71,1970-01-21 12:36:21.840,1970-01-21 12:37:04.920,Xuân,,,
Hải Phòng,Đồng bằng sông Hồng,2026-03-14,21.04,23.74,18.92,21.3,23.32,19.44,0.1,0.1,0.0,0.8,73.6,19.119999999999997,38.3,12.528,1019.92,77.4,16.0,0.0,2.87,20.8928,106.5095,7.0280000000000005,11.99,3,11,3,92,1970-01-21 12:37:48.180,1970-01-21 12:38:31.320,Xuân,,,
Hải Phòng,Đồng bằng sông Hồng,2026-03-15,21.54,24.380000000000003,19.5,22.6,24.86,20.86,0.64,0.64,0.0,5.0,79.4,19.36,40.1,14.572,1018.86,58.0,17.72,0.0,2.978,20.8928,106.5095,9.086,12.01,3,11,51,100,1970-01-21 12:39:14.520,1970-01-21 12:39:57.768,Xuân,,,
Hải Phòng,Đồng bằng sông Hồng,2026-03-16,21.6,24.72,19.28,23.24,26.06,21.0,1.64,1.64,0.0,7.6,84.0,15.9,32.839999999999996,14.624,1015.88,40.6,18.66,0.0,2.868,20.8928,106.5095,9.994,12.03,3,12,51,138,1970-01-21 12:40:40.860,1970-01-21 12:41:24.180,Xuân,,,
Hải Phòng,Đồng bằng sông Hồng,2026-03-17,22.24,25.619999999999997,19.42,23.619999999999997,26.2,21.2,0.94,0.94,0.0,4.8,83.6,20.94,41.2,14.022,1013.74,41.6,19.18,0.0,2.934,20.8928,106.5095,9.188,12.05,3,12,51,137,1970-01-21 12:42:07.200,1970-01-21 12:42:50.580,Xuân,,,
Hải Phòng,Đồng bằng sông Hồng,2026-03-18,22.66,25.58,20.08,24.94,27.5,22.58,0.82,0.82,0.0,6.4,87.2,17.78,35.56,10.624,1013.62,62.6,20.32,0.0,2.29,20.8928,106.5095,4.646,12.07,3,12,51,142,1970-01-21 12:43:33.552,1970-01-21 12:44:17.028,Xuân,,,
Hải Phòng,Đồng bằng sông Hồng,2026-03-19,22.880000000000003,26.339999999999996,20.28,25.1,28.04,22.92,0.44,0.44,0.0,4.0,86.6,19.14,38.38,13.332,1012.36,41.0,20.46,0.0,2.734,20.8928,106.5095,8.604,12.09,3,12,51,135,1970-01-21 12:44:59.904,1970-01-21 12:45:43.440,Xuân,,,
Hải Phòng,Đồng bằng sông Hồng,2026-03-20,23.339999999999996,26.24,21.3,25.660000000000004,27.8,24.0,1.04,1.04,0.0,7.2,87.2,19.84,39.6,10.636,1012.5,82.8,21.02,0.0,2.316,20.8928,106.5095,4.526,12.11,3,12,51,126,1970-01-21 12:46:26.268,1970-01-21 12:47:09.840,Xuân,,,
Hải Phòng,Đồng bằng sông Hồng,2026-03-21,23.18,26.06,20.9,25.24,27.58,23.42,0.02,0.02,0.0,0.2,83.8,19.04,38.32,12.91,1014.22,72.2,20.18,0.0,2.776,20.8928,106.5095,7.053999999999999,12.13,3,12,3,102,1970-01-21 12:47:52.620,1970-01-21 12:48:36.288,Xuân,,,
Hải Phòng,Đồng bằng sông Hồng,2026-03-22,23.3,26.98,20.56,25.76,28.9,23.4,0.7,0.7,0.0,5.4,87.0,19.52,39.04,13.726,1013.12,71.4,20.880000000000003,0.0,2.88,20.8928,106.5095,7.894,12.15,3,12,51,142,1970-01-21 12:49:18.960,1970-01-21 12:50:02.700,Xuân,,,
Hải Phòng,Đồng bằng sông Hồng,2026-03-23,23.74,26.94,21.6,26.3,28.9,24.619999999999997,0.3399999999999999,0.3399999999999999,0.0,3.2,86.8,19.119999999999997,38.02,12.442,1011.84,68.2,21.28,0.0,2.688,20.8928,106.5095,6.034000000000001,12.17,3,13,51,141,1970-01-21 12:50:45.300,1970-01-21 12:51:29.100,Xuân,,,
Hải Phòng,Đồng bằng sông Hồng,2026-03-24,24.4,27.58,22.04,27.54,30.46,25.380000000000003,0.54,0.54,0.0,4.4,87.0,18.04,35.72,13.084,1010.66,81.4,22.0,0.0,2.7880000000000003,20.8928,106.5095,7.382,12.19,3,13,51,144,1970-01-21 12:52:11.640,1970-01-21 12:52:55.524,Xuân,,,
Hải Phòng,Đồng bằng sông Hồng,2026-03-25,24.56,27.619999999999997,22.24,27.48,30.3,25.6,0.36,0.36,0.0,3.0,84.4,18.48,37.1,16.625999999999998,1011.24,61.8,21.54,0.0,3.4539999999999997,20.8928,106.5095,9.738,12.21,3,13,51,129,1970-01-21 12:53:37.980,1970-01-21 12:54:21.960,Xuân,,,
Hải Phòng,Đồng bằng sông Hồng,2026-03-26,24.9,28.2,22.42,28.26,31.28,26.02,0.58,0.58,0.0,5.0,87.0,15.920000000000002,32.4,13.236,1009.58,67.6,22.42,0.0,2.866,20.8928,106.5095,7.546000000000001,12.23,3,13,51,149,1970-01-21 12:55:04.320,1970-01-21 12:55:48.360,Xuân,,,
Hải Phòng,Đồng bằng sông Hồng,2026-03-27,24.72,27.380000000000003,22.54,28.139999999999997,30.660000000000004,26.139999999999997,0.8,0.8,0.0,6.6,88.0,16.52,33.239999999999995,9.528,1008.66,78.2,22.54,0.0,2.196,20.8928,106.5095,2.2060000000000004,12.25,3,13,51,133,1970-01-21 12:56:30.672,1970-01-21 12:57:14.772,Xuân,,,
Hải Phòng,Đồng bằng sông Hồng,2026-03-28,25.14,27.92,22.8,28.5,30.96,26.380000000000003,0.74,0.74,0.0,6.2,86.6,16.96,34.7,11.996,1008.84,80.6,22.7,0.0,2.6580000000000004,20.8928,106.5095,5.406000000000001,12.27,3,13,51,135,1970-01-21 12:57:57.036,1970-01-21 12:58:41.220,Xuân,,,
Hải Phòng,Đồng bằng sông Hồng,2026-03-29,25.38,28.4,23.979999999999997,28.9,31.639999999999997,27.2,5.88,5.88,0.0,6.0,88.0,21.3,43.08,13.284,1008.04,77.4,23.22,0.0,2.774,20.8928,106.5095,6.640000000000001,12.29,3,13,51,133,1970-01-21 12:59:23.388,1970-01-21 13:00:07.620,Xuân,,,
Hải Phòng,Đồng bằng sông Hồng,2026-03-30,26.3,30.3,22.76,30.24,34.94,25.68,1.44,1.44,0.0,2.6,84.2,19.32,39.67999999999999,18.692,1006.5,42.4,23.28,0.0,3.9620000000000006,20.8928,106.5095,10.078,12.31,3,14,51,143,1970-01-21 13:00:49.728,1970-01-21 13:01:34.020,Xuân,,,
Hải Phòng,Đồng bằng sông Hồng,2026-03-31,27.76,33.68,23.84,31.8,39.42,25.72,2.62,2.62,0.0,1.0,77.2,22.76,45.66,21.113999999999997,1006.24,12.2,23.119999999999997,0.0,4.938,20.8928,106.5095,11.83,12.33,3,14,2,123,1970-01-21 13:02:16.080,1970-01-21 13:03:00.468,Xuân,,,
Hải Phòng,Đồng bằng sông Hồng,2026-04-01,24.34,27.74,21.96,26.78,31.04,24.22,0.18,0.18,0.0,0.8,75.6,15.78,31.26,17.272,1011.18,50.8,19.52,0.0,3.796,20.8928,106.5095,9.6,12.35,4,14,51,96,1970-01-21 13:03:42.420,1970-01-21 13:04:26.880,Xuân,,,
Hải Phòng,Đồng bằng sông Hồng,2026-04-02,24.64,28.42,21.64,28.160000000000004,31.94,24.82,0.32,0.32,0.0,2.4,86.6,17.86,34.839999999999996,13.32,1009.64,60.8,22.18,0.0,2.864,20.8928,106.5095,6.956,12.37,4,14,51,142,1970-01-21 13:05:08.760,1970-01-21 13:05:53.280,Xuân,,,
Hải Phòng,Đồng bằng sông Hồng,2026-04-03,26.96,32.14,23.5,31.380000000000003,38.38,27.42,0.18,0.18,0.0,1.4,84.0,15.82,31.839999999999996,17.716,1005.28,29.4,23.84,0.0,3.924,20.8928,106.5095,9.46,12.39,4,14,51,146,1970-01-21 13:06:35.100,1970-01-21 13:07:19.704,Xuân,,,
Hải Phòng,Đồng bằng sông Hồng,2026-04-04,25.58,29.380000000000003,23.0,28.880000000000003,33.78,25.98,0.24,0.24,0.0,1.6,80.2,17.6,34.76,15.422,1005.48,48.4,21.78,0.0,3.494,20.8928,106.5095,8.065999999999999,12.41,4,14,51,90,1970-01-21 13:08:01.440,1970-01-21 13:08:46.140,Xuân,,,
Hải Phòng,Đồng bằng sông Hồng,2026-04-05,26.22,31.139999999999997,22.68,30.339999999999996,36.72,26.360000000000003,0.1,0.1,0.0,1.0,85.0,15.779999999999998,31.9,18.6,1003.22,53.6,23.34,0.0,3.938,20.8928,106.5095,10.844,12.43,4,14,51,146,1970-01-21 13:09:27.780,1970-01-21 13:10:12.540,Xuân,,,
Hải Phòng,Đồng bằng sông Hồng,2026-04-06,29.360000000000003,35.2,24.74,34.239999999999995,42.32,29.0,0.0,0.0,0.0,0.0,75.8,16.22,31.26,21.67,1002.5,28.0,24.36,0.0,5.287999999999999,20.8928,106.5095,12.0,12.45,4,15,3,128,1970-01-21 13:10:54.132,1970-01-21 13:11:38.952,Xuân,,,
Hải Phòng,Đồng bằng sông Hồng,2026-04-07,29.880000000000003,35.8,25.619999999999997,34.839999999999996,43.46,29.24,0.0,0.0,0.0,0.0,70.8,15.48,28.380000000000003,21.638,1003.52,15.2,23.8,0.0,5.414,20.8928,106.5095,11.942,12.468,4,15,3,104,1970-01-21 13:12:20.496,1970-01-21 13:13:05.388,Xuân,,,
Hải Phòng,Đồng bằng sông Hồng,2026-04-08,28.380000000000003,32.8,25.52,32.78,38.98,29.58,0.0,0.0,0.0,0.0,77.8,17.14,33.06,21.222,1005.28,14.6,24.0,0.0,4.948,20.8928,106.5095,11.91,12.488,4,15,2,119,1970-01-21 13:13:46.848,1970-01-21 13:14:31.800,Xuân,,,
Hải Phòng,Đồng bằng sông Hồng,2026-04-09,28.1,32.5,25.14,33.18,39.54,29.380000000000003,0.0,0.0,0.0,0.0,82.2,17.06,33.339999999999996,21.314,1005.86,8.2,24.66,0.0,4.6659999999999995,20.8928,106.5095,11.97,12.508,4,15,1,146,1970-01-21 13:15:13.188,1970-01-21 13:15:58.200,Xuân,,,
Hải Phòng,Đồng bằng sông Hồng,2026-04-10,28.28,33.08,24.880000000000003,33.18,40.62,29.02,0.0,0.0,0.0,0.0,78.8,16.86,32.1,22.388,1004.64,2.0,24.14,0.0,5.0600000000000005,20.8928,106.5095,12.0,12.528,4,15,0,126,1970-01-21 13:16:39.540,1970-01-21 13:17:24.648,Xuân,,,
Hải Phòng,Đồng bằng sông Hồng,2026-04-11,29.160000000000004,34.64,24.92,33.8,41.32,29.32,0.0,0.0,0.0,0.0,73.6,16.54,32.239999999999995,22.394,1002.76,2.6,23.72,0.0,5.416,20.8928,106.5095,11.998,12.548,4,15,0,138,1970-01-21 13:18:05.880,1970-01-21 13:18:51.060,Xuân,,,
Hải Phòng,Đồng bằng sông Hồng,2026-04-12,28.92,34.4,25.06,33.78,41.760000000000005,28.639999999999997,0.0,0.0,0.0,0.0,75.6,15.8,30.18,22.42,1002.56,1.4,24.02,0.0,5.302,20.8928,106.5095,12.0,12.568,4,15,0,133,1970-01-21 13:19:32.220,1970-01-21 13:20:17.460,Xuân,,,
Hải Phòng,Đồng bằng sông Hồng,2026-04-13,28.3,32.839999999999996,25.16,33.56,40.3,29.839999999999996,0.0,0.0,0.0,0.0,82.0,16.32,32.12,22.442,1005.3,1.0,24.86,0.0,4.88,20.8928,106.5095,12.0,12.588,4,16,0,122,1970-01-21 13:20:58.596,1970-01-21 13:21:43.908,Xuân,,,
Hải Phòng,Đồng bằng sông Hồng,2026-04-14,27.880000000000003,31.98,25.3,33.2,38.879999999999995,30.18,0.0,0.0,0.0,0.0,86.0,16.3,32.339999999999996,21.636000000000003,1006.2,9.2,25.2,0.0,4.514,20.8928,106.5095,11.992,12.602,4,16,2,117,1970-01-21 13:22:24.948,1970-01-21 13:23:10.320,Xuân,,,
Hải Phòng,Đồng bằng sông Hồng,2026-04-15,27.54,31.08,25.28,32.32,36.54,30.139999999999997,0.16,0.16,0.0,1.2,86.8,18.98,38.68,18.78,1005.74,27.6,25.0,0.0,3.928,20.8928,106.5095,11.704,12.622,4,16,3,119,1970-01-21 13:23:51.300,1970-01-21 13:24:36.720,Xuân,,,
Hải Phòng,Đồng bằng sông Hồng,2026-04-16,27.360000000000003,30.660000000000004,24.98,32.14,35.92,29.74,0.6599999999999999,0.6599999999999999,0.0,5.4,86.6,18.66,37.6,17.27,1006.9,33.4,24.82,0.0,3.626,20.8928,106.5095,11.45,12.64,4,16,51,131,1970-01-21 13:25:17.640,1970-01-21 13:26:03.168,Xuân,,,
Hải Phòng,Đồng bằng sông Hồng,2026-04-17,25.82,28.32,24.04,30.22,33.3,27.48,28.96,28.96,0.0,10.6,90.0,17.9,32.839999999999996,8.278,1009.52,73.4,23.92,0.0,1.898,20.8928,106.5095,3.564,12.66,4,16,63,112,1970-01-21 13:26:43.980,1970-01-21 13:27:29.580,Xuân,,,
Hải Phòng,Đồng bằng sông Hồng,2026-04-18,25.380000000000003,27.839999999999996,22.98,29.1,31.860000000000003,27.24,4.0200000000000005,4.0200000000000005,0.0,7.4,84.2,15.72,32.9,15.65,1010.94,65.0,22.4,0.0,3.26,20.8928,106.5095,9.442,12.68,4,16,63,105,1970-01-21 13:28:10.356,1970-01-21 13:28:55.980,Xuân,,,
Hải Phòng,Đồng bằng sông Hồng,2026-04-19,25.2,27.82,23.52,28.94,31.479999999999997,27.4,2.98,2.98,0.0,7.8,85.0,16.4,34.62,12.726,1009.94,79.0,22.5,0.0,2.722,20.8928,106.5095,5.702,12.698,4,16,55,144,1970-01-21 13:29:36.708,1970-01-21 13:30:22.428,Xuân,,,
Hải Phòng,Đồng bằng sông Hồng,2026-04-20,25.619999999999997,28.28,22.98,29.119999999999997,31.58,26.9,0.96,0.96,0.0,5.0,85.4,20.880000000000003,41.32,13.21,1008.26,61.4,22.94,0.0,2.91,20.8928,106.5095,6.2,12.718,4,17,51,154,1970-01-21 13:31:03.060,1970-01-21 13:31:48.840,Xuân,,,
Hải Phòng,Đồng bằng sông Hồng,2026-04-21,27.0,30.1,24.9,30.7,34.1,28.880000000000003,0.7,0.7,0.0,5.0,83.6,22.380000000000003,43.56,18.296,1006.18,37.6,23.92,0.0,3.912,20.8928,106.5095,11.602,12.738,4,17,51,152,1970-01-21 13:32:29.400,1970-01-21 13:33:15.240,Xuân,,,
Hải Phòng,Đồng bằng sông Hồng,2026-04-22,27.94,32.12,24.8,32.86,38.78,28.52,2.54,2.54,0.0,1.4,83.8,18.56,36.44,20.31,1004.7,22.4,24.839999999999996,0.0,4.388,20.8928,106.5095,11.946000000000002,12.75,4,17,61,140,1970-01-21 13:33:55.764,1970-01-21 13:34:41.688,Xuân,,,
Hải Phòng,Đồng bằng sông Hồng,2026-04-23,24.14,27.160000000000004,21.34,27.380000000000003,31.46,22.44,34.220000000000006,34.220000000000006,0.0,10.0,87.2,21.1,43.48,9.386,1007.74,94.4,21.78,0.0,2.072,20.8928,106.5095,2.53,12.77,4,17,65,47,1970-01-21 13:35:22.128,1970-01-21 13:36:08.100,Xuân,,,
Hải Phòng,Đồng bằng sông Hồng,2026-04-24,24.32,27.78,22.34,27.52,30.92,25.82,7.340000000000001,7.340000000000001,0.0,7.4,81.4,12.58,25.860000000000003,11.928,1011.44,84.4,20.76,0.0,2.65,20.8928,106.5095,4.95,12.79,4,17,61,70,1970-01-21 13:36:48.480,1970-01-21 13:37:34.500,Xuân,,,
Hải Phòng,Đồng bằng sông Hồng,2026-04-25,24.9,29.18,21.66,28.24,33.56,24.42,0.1399999999999999,0.1399999999999999,0.0,0.6,78.2,12.88,26.660000000000004,22.242,1013.72,29.4,20.58,0.0,4.554,20.8928,106.5095,11.998,12.81,4,17,3,89,1970-01-21 13:38:14.820,1970-01-21 13:39:00.948,Xuân,,,
Hải Phòng,Đồng bằng sông Hồng,2026-04-26,24.96,28.96,21.34,28.58,33.12,24.9,2.28,2.28,0.0,4.8,81.8,12.919999999999998,28.74,19.406,1011.54,82.4,21.38,0.0,4.029999999999999,20.8928,106.5095,9.288,12.828,4,17,53,139,1970-01-21 13:39:41.196,1970-01-21 13:40:27.360,Xuân,,,
Hải Phòng,Đồng bằng sông Hồng,2026-04-27,25.880000000000003,29.54,23.16,29.82,34.019999999999996,26.98,1.88,1.88,0.0,12.4,86.2,18.92,39.0,19.096,1008.22,56.2,23.24,0.0,3.884,20.8928,106.5095,10.836,12.84,4,18,51,153,1970-01-21 13:41:07.548,1970-01-21 13:41:53.772,Xuân,,,
Hải Phòng,Đồng bằng sông Hồng,2026-04-28,26.82,30.8,24.0,31.32,36.260000000000005,28.18,0.8400000000000001,0.8400000000000001,0.0,3.4,86.2,18.84,38.08,18.442,1006.44,61.4,24.18,0.0,3.842,20.8928,106.5095,9.076,12.86,4,18,51,158,1970-01-21 13:42:33.900,1970-01-21 13:43:20.208,Xuân,,,
Hải Phòng,Đồng bằng sông Hồng,2026-04-29,24.44,27.54,21.96,25.58,30.7,22.1,9.54,9.54,0.0,4.8,70.4,21.8,43.4,15.457999999999998,1011.5,82.6,18.4,0.0,3.932,20.8928,106.5095,7.314,12.88,4,18,63,22,1970-01-21 13:44:00.276,1970-01-21 13:44:46.620,Xuân,,,
Hải Phòng,Đồng bằng sông Hồng,2026-04-30,23.1,26.8,19.72,24.619999999999997,30.56,20.26,0.0,0.0,0.0,0.0,66.4,11.98,25.0,22.558,1015.14,22.4,16.3,0.0,4.715999999999999,20.8928,106.5095,11.87,12.896,4,18,3,53,1970-01-21 13:45:26.628,1970-01-21 13:46:13.056,Xuân,,,
Hải Phòng,Đồng bằng sông Hồng,2026-05-01,24.08,27.880000000000003,20.339999999999996,26.46,30.160000000000004,22.82,0.0,0.0,0.0,0.0,76.8,15.419999999999998,31.839999999999996,19.732,1012.06,67.2,19.54,0.0,4.136,20.8928,106.5095,10.762,12.91,5,18,3,113,1970-01-21 13:46:52.992,1970-01-21 13:47:39.468,Xuân,,,
Hải Phòng,Đồng bằng sông Hồng,2026-05-02,26.06,29.160000000000004,23.68,30.52,33.760000000000005,27.18,13.52,13.52,0.0,10.6,87.4,18.18,37.88,15.142,1009.0,91.2,23.74,0.0,3.08,20.8928,106.5095,7.426,12.93,5,18,63,151,1970-01-21 13:48:19.368,1970-01-21 13:49:05.880,Xuân,,,
Hải Phòng,Đồng bằng sông Hồng,2026-05-03,25.54,29.08,21.8,29.94,35.760000000000005,22.98,32.08,32.08,0.0,13.0,88.4,17.78,35.42,14.632,1010.04,67.2,23.34,0.0,3.054,20.8928,106.5095,8.65,12.94,5,18,65,41,1970-01-21 13:49:45.720,1970-01-21 13:50:32.328,Xuân,,,
Hải Phòng,Đồng bằng sông Hồng,2026-05-04,22.58,26.48,19.4,24.52,29.380000000000003,20.44,14.419999999999998,14.419999999999998,0.0,9.8,80.0,16.060000000000002,31.32,13.906,1014.78,72.6,18.8,0.0,2.944,20.8928,106.5095,6.194,12.96,5,19,63,0,1970-01-21 13:51:12.084,1970-01-21 13:51:58.740,Xuân,,,
Hải Phòng,Đồng bằng sông Hồng,2026-05-05,24.880000000000003,29.119999999999997,21.08,28.4,34.239999999999995,24.14,0.0,0.0,0.0,0.0,79.0,14.26,28.32,20.988,1012.02,28.2,20.82,0.0,4.3740000000000006,20.8928,106.5095,11.576,12.978,5,19,3,126,1970-01-21 13:52:38.448,1970-01-21 13:53:25.176,Xuân,,,
Hải Phòng,Đồng bằng sông Hồng,2026-05-06,26.28,29.18,23.42,30.08,33.1,27.619999999999997,0.72,0.72,0.0,5.4,83.4,18.32,37.0,18.656,1008.9,44.8,23.14,0.0,3.94,20.8928,106.5095,11.326,12.99,5,19,51,150,1970-01-21 13:54:04.812,1970-01-21 13:54:51.588,Xuân,,,
Hải Phòng,Đồng bằng sông Hồng,2026-05-07,26.82,29.160000000000004,24.94,31.68,34.04,30.0,5.82,5.82,0.0,10.6,87.8,17.46,34.64,17.82,1009.18,66.2,24.54,0.0,3.56,20.8928,106.5095,10.678,13.01,5,19,61,139,1970-01-21 13:55:31.188,1970-01-21 13:56:18.000,Xuân,,,
Hải Phòng,Đồng bằng sông Hồng,2026-05-08,25.36,28.360000000000003,23.86,30.6,34.58,28.18,15.78,15.78,0.0,16.6,92.2,12.32,25.4,11.804,1012.14,88.0,23.96,0.0,2.398,20.8928,106.5095,4.05,13.02,5,19,63,8,1970-01-21 13:56:57.552,1970-01-21 13:57:44.448,Xuân,,,
Hải Phòng,Đồng bằng sông Hồng,2026-05-09,25.26,28.24,23.56,29.26,32.620000000000005,26.24,2.78,2.78,0.0,4.6,81.0,11.28,22.94,15.152,1013.74,80.6,21.72,0.0,3.2119999999999997,20.8928,106.5095,7.845999999999999,13.04,5,19,55,10,1970-01-21 13:58:23.928,1970-01-21 13:59:10.860,Xuân,,,
Hải Phòng,Đồng bằng sông Hồng,2026-05-10,25.6,29.44,22.56,29.68,34.82,25.56,0.42,0.42,0.0,1.4,78.2,8.84,20.52,18.978,1013.24,83.4,21.380000000000003,0.0,3.94,20.8928,106.5095,9.818,13.058000000000002,5,19,3,11,1970-01-21 13:59:50.292,1970-01-21 14:00:37.296,Xuân,,,
Hải Phòng,Đồng bằng sông Hồng,2026-05-11,26.380000000000003,29.9,23.42,31.160000000000004,35.14,28.52,0.8400000000000001,0.8400000000000001,0.0,5.8,84.4,13.580000000000002,28.72,21.142000000000003,1011.48,63.2,23.339999999999996,0.0,4.322,20.8928,106.5095,11.912,13.07,5,20,51,116,1970-01-21 14:01:16.668,1970-01-21 14:02:03.708,Xuân,,,
Hải Phòng,Đồng bằng sông Hồng,2026-05-12,27.160000000000004,30.839999999999996,24.02,32.36,36.4,29.139999999999997,2.42,2.42,0.0,9.2,86.2,15.82,33.760000000000005,21.142000000000003,1007.82,81.6,24.54,0.0,4.322,20.8928,106.5095,10.096,13.082,5,20,53,169,1970-01-21 14:02:43.032,1970-01-21 14:03:30.144,Xuân,,,
Hải Phòng,Đồng bằng sông Hồng,2026-05-13,28.32,31.48,26.139999999999997,33.88,38.56,31.18,2.58,2.58,0.0,9.2,86.6,16.720000000000002,35.28,19.53,1004.06,56.0,25.8,0.0,4.072,20.8928,106.5095,10.932,13.098,5,20,53,174,1970-01-21 14:04:09.408,1970-01-21 14:04:56.568,Xuân,,,
Hải Phòng,Đồng bằng sông Hồng,2026-05-14,30.26,34.44,26.5,36.2,40.96,32.64,0.0,0.0,0.0,0.0,76.8,14.0,26.119999999999997,22.95,1002.0,48.8,25.4,0.0,5.392,20.8928,106.5095,10.338,13.11,5,20,3,162,1970-01-21 14:05:35.784,1970-01-21 14:06:22.980,Xuân,,,
Hải Phòng,Đồng bằng sông Hồng,2026-05-15,30.44,34.04,27.139999999999997,36.6,41.62,32.92,0.3,0.3,0.0,1.8,75.8,12.22,26.04,23.036,1002.28,61.6,25.52,0.0,5.276,20.8928,106.5095,12.006,13.128,5,20,51,135,1970-01-21 14:07:02.160,1970-01-21 14:07:49.428,Xuân,,,
Hải Phòng,Đồng bằng sông Hồng,2026-05-16,28.48,31.3,26.78,33.94,36.88,32.0,7.26,7.26,0.0,9.6,86.8,22.82,45.78,17.068,1003.6,97.2,26.02,0.0,3.532,20.8928,106.5095,7.386,13.14,5,20,61,99,1970-01-21 14:08:28.548,1970-01-21 14:09:15.840,Xuân,,,
Hải Phòng,Đồng bằng sông Hồng,2026-05-17,26.72,28.52,25.1,31.96,34.12,30.160000000000004,20.14,20.14,0.0,17.2,91.4,15.419999999999998,32.4,12.606,1005.06,99.4,25.2,0.0,2.55,20.8928,106.5095,2.198,13.152,5,20,63,111,1970-01-21 14:09:54.912,1970-01-21 14:10:42.276,Xuân,,,
Hải Phòng,Đồng bằng sông Hồng,2026-05-18,26.68,28.72,24.8,32.18,34.7,30.02,18.58,18.58,0.0,18.8,93.0,15.04,32.339999999999996,13.162,1004.96,98.4,25.42,0.0,2.568,20.8928,106.5095,2.77,13.168,5,21,63,117,1970-01-21 14:11:21.288,1970-01-21 14:12:08.688,Xuân,,,
Hải Phòng,Đồng bằng sông Hồng,2026-05-19,27.24,30.68,24.78,32.82,36.8,30.02,27.4,27.4,0.0,16.2,91.6,17.380000000000003,36.22,13.919999999999998,1004.16,97.8,25.68,0.0,2.842,20.8928,106.5095,3.936,13.178,5,21,63,135,1970-01-21 14:12:47.676,1970-01-21 14:13:35.112,Xuân,,,
Hải Phòng,Đồng bằng sông Hồng,2026-05-20,26.880000000000003,28.94,25.22,32.480000000000004,35.54,30.26,39.08,39.08,0.0,20.2,92.8,15.38,34.480000000000004,11.506,1004.04,97.8,25.58,0.0,2.322,20.8928,106.5095,3.098,13.191999999999998,5,21,63,130,1970-01-21 14:14:14.052,1970-01-21 14:15:01.548,Xuân,,,
Hải Phòng,Đồng bằng sông Hồng,2026-05-21,26.880000000000003,30.32,25.119999999999997,32.56,37.06,30.2,55.92,55.92,0.0,19.8,94.0,16.64,33.839999999999996,8.898,1006.24,98.8,25.839999999999996,0.0,1.858,20.8928,106.5095,2.272,13.208000000000002,5,21,65,129,1970-01-21 14:15:40.428,1970-01-21 14:16:27.960,Xuân,,,
Hải Phòng,Đồng bằng sông Hồng,2026-05-22,29.44,31.94,27.6,34.96,37.66,32.9,4.26,4.26,0.0,7.6,83.6,18.48,37.08,16.338,1006.28,91.8,26.26,0.0,3.818,20.8928,106.5095,7.942,13.218,5,21,63,167,1970-01-21 14:17:06.828,1970-01-21 14:17:54.408,Xuân,,,
Hải Phòng,Đồng bằng sông Hồng,2026-05-23,30.94,34.3,28.46,36.32,41.120000000000005,32.96,0.18,0.18,0.0,0.6,74.2,17.94,34.120000000000005,23.512,1005.08,81.6,25.660000000000004,0.0,5.86,20.8928,106.5095,11.838,13.228,5,21,3,162,1970-01-21 14:18:33.192,1970-01-21 14:19:20.808,Xuân,,,
Hải Phòng,Đồng bằng sông Hồng,2026-05-24,31.54,34.96,28.9,36.92,41.92,32.839999999999996,0.0,0.0,0.0,0.0,72.2,19.4,36.8,24.046,1004.74,79.4,25.839999999999996,0.0,6.182,20.8928,106.5095,12.048,13.238,5,21,3,168,1970-01-21 14:19:59.592,1970-01-21 14:20:47.244,Xuân,,,
Hải Phòng,Đồng bằng sông Hồng,2026-05-25,32.04,35.78,28.94,37.260000000000005,42.56,32.54,0.0,0.0,0.0,0.0,68.2,18.3,35.14,25.916000000000004,1003.24,38.8,25.36,0.0,6.8340000000000005,20.8928,106.5095,12.23,13.248,5,22,3,174,1970-01-21 14:21:25.968,1970-01-21 14:22:13.668,Xuân,,,
Hải Phòng,Đồng bằng sông Hồng,2026-05-26,32.260000000000005,36.14,28.639999999999997,37.86,42.96,33.2,0.02,0.02,0.0,0.2,67.4,16.78,30.9,25.834000000000003,1002.24,1.8,25.28,0.0,6.653999999999999,20.8928,106.5095,12.392,13.258,5,22,0,192,1970-01-21 14:22:52.368,1970-01-21 14:23:40.080,Xuân,,,
Hải Phòng,Đồng bằng sông Hồng,2026-05-27,32.019999999999996,36.12,29.24,38.28,44.18,34.86,0.04,0.04,0.0,0.4,72.2,17.8,33.62,25.877999999999997,1004.32,10.6,26.24,0.0,6.358,20.8928,106.5095,12.392,13.268,5,22,1,138,1970-01-21 14:24:18.744,1970-01-21 14:25:06.528,Xuân,,,
Hải Phòng,Đồng bằng sông Hồng,2026-05-28,30.639999999999997,34.260000000000005,28.18,37.44,42.32000000000001,34.16,0.32,0.32,0.0,1.6,80.0,15.74,32.68,23.869999999999997,1007.2,13.8,26.72,0.0,5.308,20.8928,106.5095,12.272,13.278,5,22,51,136,1970-01-21 14:25:45.132,1970-01-21 14:26:32.940,Xuân,,,
Hải Phòng,Đồng bằng sông Hồng,2026-05-29,29.26,32.14,27.32,36.6,40.52,34.339999999999996,5.88,5.88,0.0,10.8,85.6,10.02,26.94,22.15,1008.82,54.8,26.5,0.0,4.598000000000001,20.8928,106.5095,12.034,13.288,5,22,61,125,1970-01-21 14:27:11.532,1970-01-21 14:27:59.376,Xuân,,,
Hải Phòng,Đồng bằng sông Hồng,2026-05-30,28.48,32.78,24.14,34.760000000000005,40.44,28.339999999999996,11.1,11.1,0.0,15.4,83.4,12.86,28.0,21.228,1009.84,73.2,25.18,0.0,4.502,20.8928,106.5095,10.218,13.298000000000002,5,22,61,12,1970-01-21 14:28:37.908,1970-01-21 14:29:25.788,Xuân,,,
Hải Phòng,Đồng bằng sông Hồng,2026-05-31,28.74,32.760000000000005,24.880000000000003,34.980000000000004,40.94,30.619999999999997,2.96,2.96,0.0,10.8,81.6,13.28,27.119999999999997,24.256,1008.74,24.2,25.06,0.0,5.276,20.8928,106.5095,12.138,13.308000000000002,5,22,53,153,1970-01-21 14:30:04.308,1970-01-21 14:30:52.224,Xuân,,,
Hải Phòng,Đồng bằng sông Hồng,2026-06-01,30.06,33.67999999999999,26.54,36.02,40.64,33.0,0.32,0.32,0.0,2.2,76.8,13.66,29.04,25.56,1007.46,12.8,25.24,0.0,5.756,20.8928,106.5095,12.386,13.318,6,23,51,152,1970-01-21 14:31:30.708,1970-01-21 14:32:18.648,Hè,,,
Hải Phòng,Đồng bằng sông Hồng,2026-06-02,30.160000000000004,33.5,27.119999999999997,36.16,41.0,33.44,0.7,0.7,0.0,2.6,78.2,16.72,34.58,24.89,1005.4,24.2,25.8,0.0,5.582,20.8928,106.5095,12.36,13.328,6,23,51,149,1970-01-21 14:32:57.108,1970-01-21 14:33:45.060,Hè,,,
Hải Phòng,Đồng bằng sông Hồng,2026-06-03,30.24,33.120000000000005,27.619999999999997,36.36,40.44,33.980000000000004,2.42,2.42,0.0,5.2,79.8,16.56,33.92,22.838,1002.84,22.8,26.22,0.0,5.112,20.8928,106.5095,12.374,13.332,6,23,53,149,1970-01-21 14:34:23.508,1970-01-21 14:35:11.508,Hè,,,
Hải Phòng,Đồng bằng sông Hồng,2026-06-04,30.28,34.72,27.8,37.6,43.2,34.739999999999995,4.16,4.16,0.0,6.6,84.0,13.3,31.02,20.284,1002.08,60.8,27.08,0.0,4.496,20.8928,106.5095,10.682,13.338,6,23,61,137,1970-01-21 14:35:49.908,1970-01-21 14:36:37.908,Hè,,,
Hải Phòng,Đồng bằng sông Hồng,2026-06-05,28.52,31.919999999999998,24.619999999999997,34.14,38.46,29.580000000000002,0.4,0.4,0.0,0.6,80.4,10.940000000000001,24.56,18.978,1003.76,73.8,24.619999999999997,0.0,4.168,20.8928,106.5095,9.37,13.347999999999999,6,23,3,275,1970-01-21 14:37:16.296,1970-01-21 14:38:04.344,Hè,,,
Hải Phòng,Đồng bằng sông Hồng,2026-06-06,30.939999999999998,34.56,27.160000000000004,36.88,41.68,33.3,2.1,2.1,0.0,5.6,74.8,17.419999999999998,33.480000000000004,21.002000000000002,1003.26,86.8,25.76,0.0,5.184,20.8928,106.5095,10.924,13.351999999999999,6,23,53,174,1970-01-21 14:38:42.696,1970-01-21 14:39:30.768,Hè,,,
Hải Phòng,Đồng bằng sông Hồng,2026-06-07,31.939999999999998,35.66,28.82,36.82,41.46,33.54,0.38,0.38,0.0,2.0,67.4,18.259999999999998,35.64,20.03,1001.72,95.0,25.0,0.0,5.686,20.8928,106.5095,10.992,13.357999999999999,6,23,51,171,1970-01-21 14:40:09.096,1970-01-21 14:40:57.180,Hè,,,
Hải Phòng,Đồng bằng sông Hồng,2026-06-08,30.619999999999997,35.660000000000004,25.16,34.760000000000005,41.239999999999995,29.3,9.0,9.0,0.0,7.2,67.6,21.240000000000002,42.160000000000004,21.706,1001.1,93.4,23.66,0.0,5.834,20.8928,106.5095,10.594,13.368,6,24,61,8,1970-01-21 14:41:35.496,1970-01-21 14:42:23.616,Hè,,,
Hải Phòng,Đồng bằng sông Hồng,2026-06-09,26.04,28.360000000000003,23.8,29.080000000000002,31.139999999999997,26.7,5.319999999999999,5.319999999999999,0.0,6.6,74.8,15.940000000000001,32.12,14.680000000000001,1006.18,91.8,21.0,0.0,3.482,20.8928,106.5095,7.590000000000001,13.37,6,24,61,342,1970-01-21 14:43:01.896,1970-01-21 14:43:50.028,Hè,,,
Hải Phòng,Đồng bằng sông Hồng,2026-06-10,27.48,31.18,24.5,31.24,35.519999999999996,28.139999999999997,0.1,0.1,0.0,0.4,70.6,12.260000000000002,25.32,19.44,1009.1200000000001,99.0,21.4,0.0,4.388,20.8928,106.5095,10.036,13.378,6,24,3,342,1970-01-21 14:44:28.308,1970-01-21 14:45:16.440,Hè,,,
Hải Phòng,Đồng bằng sông Hồng,2026-06-11,28.02,31.160000000000004,24.619999999999997,32.64,36.260000000000005,29.339999999999996,0.42000000000000004,0.42000000000000004,0.0,3.0,73.2,10.540000000000001,24.119999999999997,18.006,1011.14,79.2,22.580000000000002,0.0,4.034000000000001,20.8928,106.5095,9.432,13.38,6,24,51,121,1970-01-21 14:45:54.708,1970-01-21 14:46:42.876,Hè,,,
Hải Phòng,Đồng bằng sông Hồng,2026-06-12,28.580000000000002,31.7,25.2,34.14,38.68,30.660000000000004,1.46,1.46,0.0,7.6,79.8,14.059999999999999,29.080000000000002,20.544,1010.46,72.2,24.66,0.0,4.4399999999999995,20.8928,106.5095,11.844,13.388,6,24,53,159,1970-01-21 14:47:21.108,1970-01-21 14:48:09.288,Hè,,,
Hải Phòng,Đồng bằng sông Hồng,2026-06-13,30.82,34.44,27.3,36.72,40.68,33.42,0.58,0.58,0.0,3.4,75.2,14.280000000000001,32.88,21.5,1005.96,95.2,25.660000000000004,0.0,5.21,20.8928,106.5095,11.290000000000001,13.388,6,24,51,164,1970-01-21 14:48:47.508,1970-01-21 14:49:35.688,Hè,,,
Hải Phòng,Đồng bằng sông Hồng,2026-06-14,31.580000000000002,34.72,28.580000000000002,36.86,40.08,33.239999999999995,0.26,0.26,0.0,1.2,68.0,14.959999999999999,30.6,18.284,1002.9799999999999,99.0,24.8,0.0,4.91,20.8928,106.5095,8.872,13.39,6,24,51,160,1970-01-21 14:50:13.908,1970-01-21 14:51:02.124,Hè,,,
Hải Phòng,Đồng bằng sông Hồng,2026-06-15,30.160000000000004,34.04,27.560000000000002,36.660000000000004,40.64,33.72,9.040000000000001,9.040000000000001,0.0,6.8,79.6,14.98,29.380000000000003,11.042,1003.36,99.4,26.080000000000002,0.0,2.852,20.8928,106.5095,1.83,13.392000000000001,6,25,63,119,1970-01-21 14:51:40.320,1970-01-21 14:52:28.548,Hè,,,
Hải Phòng,Đồng bằng sông Hồng,2026-06-16,28.4,30.96,25.76,34.54,37.46,31.139999999999997,20.64,20.64,0.0,15.8,87.2,15.919999999999998,36.5,12.931999999999999,1005.32,97.4,25.98,0.0,2.878,20.8928,106.5095,4.824,13.398000000000001,6,25,61,85,1970-01-21 14:53:06.732,1970-01-21 14:53:54.948,Hè,,,
Hải Phòng,Đồng bằng sông Hồng,2026-06-17,29.119999999999997,33.58,26.18,35.68,39.86,31.68,20.48,20.48,0.0,17.0,86.8,14.38,28.660000000000004,15.23,1004.7,97.2,26.52,0.0,3.436,20.8928,106.5095,5.338,13.398000000000001,6,25,61,102,1970-01-21 14:54:33.132,1970-01-21 14:55:21.372,Hè,,,
Hải Phòng,Đồng bằng sông Hồng,2026-06-18,30.060000000000002,33.260000000000005,27.18,35.9,38.839999999999996,32.44,3.1399999999999997,3.1399999999999997,0.0,5.4,80.4,16.8,32.14,13.35,1003.8,98.8,26.1,0.0,3.476,20.8928,106.5095,4.88,13.398000000000001,6,25,61,163,1970-01-21 14:55:59.556,1970-01-21 14:56:47.796,Hè,,,
Hải Phòng,Đồng bằng sông Hồng,2026-06-19,30.76,32.92,28.860000000000003,35.9,38.56,33.0,0.16,0.16,0.0,0.8,73.6,16.4,31.32,10.718,1003.6200000000001,99.4,25.419999999999998,0.0,3.482,20.8928,106.5095,1.1640000000000001,13.4,6,25,3,177,1970-01-21 14:57:25.968,1970-01-21 14:58:14.208,Hè,,,
Hải Phòng,Đồng bằng sông Hồng,2026-06-20,30.9,35.2,27.560000000000002,36.660000000000004,41.82,32.760000000000005,3.1599999999999997,3.1599999999999997,0.0,3.8,76.4,17.46,33.4,18.298000000000002,1004.8799999999999,98.0,25.96,0.0,4.7,20.8928,106.5095,7.796000000000001,13.4,6,25,63,142,1970-01-21 14:58:52.368,1970-01-21 14:59:40.608,Hè,,,
Hải Phòng,Đồng bằng sông Hồng,2026-06-21,30.939999999999998,34.44,28.46,37.12,41.1,34.519999999999996,0.9799999999999999,0.9799999999999999,0.0,5.4,77.4,15.76,32.38,22.182,1005.9200000000001,87.2,26.380000000000003,0.0,5.252000000000001,20.8928,106.5095,11.89,13.4,6,25,51,169,1970-01-21 15:00:18.792,1970-01-21 15:01:07.032,Hè,,,
Hải Phòng,Đồng bằng sông Hồng,2026-06-22,30.880000000000003,33.92,28.2,36.660000000000004,39.1,34.38,0.1,0.1,0.0,1.0,75.0,15.86,31.74,16.838,1003.7,84.8,25.7,0.0,4.414,20.8928,106.5095,7.4159999999999995,13.4,6,26,51,172,1970-01-21 15:01:45.192,1970-01-21 15:02:33.456,Hè,,,
Hải Phòng,Đồng bằng sông Hồng,2026-06-23,31.8,35.519999999999996,28.48,37.3,42.36,32.72,0.26,0.26,0.0,1.6,68.2,15.8,32.46,23.424,1000.3799999999999,64.2,25.0,0.0,5.922,20.8928,106.5095,12.41,13.4,6,26,51,170,1970-01-21 15:03:11.628,1970-01-21 15:03:59.868,Hè,,,
Hải Phòng,Đồng bằng sông Hồng,2026-06-24,32.480000000000004,36.44,29.0,38.4,43.760000000000005,33.56,0.16,0.16,0.0,1.2,65.4,12.58,26.2,24.982,1000.22,62.0,24.919999999999998,0.0,6.174,20.8928,106.5095,12.638,13.4,6,26,3,224,1970-01-21 15:04:38.028,1970-01-21 15:05:26.268,Hè,,,
Hải Phòng,Đồng bằng sông Hồng,2026-06-25,32.32,36.78,29.560000000000002,38.94,43.64,35.620000000000005,0.42000000000000004,0.42000000000000004,0.0,1.4,71.0,12.0,24.96,20.235999999999997,1001.3,97.8,26.060000000000002,0.0,5.056,20.8928,106.5095,9.065999999999999,13.398000000000001,6,26,51,58,1970-01-21 15:06:04.452,1970-01-21 15:06:52.668,Hè,,,
Hải Phòng,Đồng bằng sông Hồng,2026-06-26,29.54,32.480000000000004,27.4,35.6,38.92,33.0,0.68,0.68,0.0,1.8,79.8,14.14,27.2,15.916,1003.8399999999999,93.2,25.56,0.0,3.66,20.8928,106.5095,5.4719999999999995,13.398000000000001,6,26,51,9,1970-01-21 15:07:30.864,1970-01-21 15:08:19.080,Hè,,,
Hải Phòng,Đồng bằng sông Hồng,2026-06-27,29.060000000000002,32.62,25.54,35.78,40.28,31.419999999999998,12.1,12.1,0.0,14.2,83.4,9.2,24.5,20.486,1004.2800000000001,94.4,25.76,0.0,4.366,20.8928,106.5095,11.292,13.398000000000001,6,26,63,38,1970-01-21 15:08:57.288,1970-01-21 15:09:45.504,Hè,,,
Hải Phòng,Đồng bằng sông Hồng,2026-06-28,28.74,32.160000000000004,25.259999999999998,35.480000000000004,39.78,30.660000000000004,20.619999999999997,20.619999999999997,0.0,15.0,87.0,12.1,29.3,18.732,1003.54,98.4,26.22,0.0,3.94,20.8928,106.5095,10.872,13.39,6,26,65,142,1970-01-21 15:10:23.688,1970-01-21 15:11:11.916,Hè,,,
Hải Phòng,Đồng bằng sông Hồng,2026-06-29,28.2,31.080000000000002,25.839999999999996,34.7,38.04,31.54,18.84,18.84,0.0,16.0,88.6,10.8,22.880000000000003,14.416,1003.3399999999999,99.4,26.060000000000002,0.0,3.09,20.8928,106.5095,4.324,13.388,6,27,63,114,1970-01-21 15:11:50.112,1970-01-21 15:12:38.328,Hè,,,
Hải Phòng,Đồng bằng sông Hồng,2026-06-30,27.48,31.160000000000004,25.2,33.14,37.3,30.339999999999996,24.32,24.32,0.0,21.0,89.8,15.1,32.26,13.847999999999999,1004.6600000000001,95.4,25.6,0.0,2.94,20.8928,106.5095,4.9,13.388,6,27,63,102,1970-01-21 15:13:16.536,1970-01-21 15:14:04.728,Hè,,,
Hải Phòng,Đồng bằng sông Hồng,2026-07-01,27.939999999999998,31.0,25.56,33.6,36.8,30.96,8.74,8.74,0.0,15.0,86.6,14.64,30.660000000000004,18.422,1005.54,96.6,25.44,0.0,3.8019999999999996,20.8928,106.5095,9.984,13.38,7,27,61,106,1970-01-21 15:14:42.948,1970-01-21 15:15:31.128,Hè,,,
Hải Phòng,Đồng bằng sông Hồng,2026-07-02,28.639999999999997,31.839999999999996,25.52,35.08,39.42,31.28,10.8,10.8,0.0,14.2,84.4,11.739999999999998,29.5,20.080000000000002,1006.4399999999999,84.0,25.580000000000002,0.0,4.214,20.8928,106.5095,10.524000000000001,13.378,7,27,63,51,1970-01-21 15:16:09.372,1970-01-21 15:16:57.528,Hè,,,
Hải Phòng,Đồng bằng sông Hồng,2026-07-03,28.139999999999997,30.9,25.74,34.1,36.78,31.580000000000002,19.28,19.28,0.0,16.4,86.4,15.639999999999997,33.540000000000006,16.247999999999998,1004.8,85.0,25.54,0.0,3.4240000000000004,20.8928,106.5095,8.867999999999999,13.37,7,27,63,3,1970-01-21 15:17:35.784,1970-01-21 15:18:23.928,Hè,,,
Hải Phòng,Đồng bằng sông Hồng,2026-07-04,27.639999999999997,30.2,26.139999999999997,31.860000000000003,34.2,30.02,19.46,19.46,0.0,16.6,86.8,24.72,48.3,13.254,1000.0799999999999,98.8,25.18,0.0,2.972,20.8928,106.5095,6.112,13.368,7,27,63,306,1970-01-21 15:19:02.208,1970-01-21 15:19:50.328,Hè,,,
Hải Phòng,Đồng bằng sông Hồng,2026-07-05,27.3,30.2,25.44,33.1,37.44,29.5,45.67999999999999,45.67999999999999,0.0,21.0,92.6,20.6,40.58,9.7,1001.3,100.0,25.96,0.0,2.09,20.8928,106.5095,1.494,13.36,7,27,65,227,1970-01-21 15:20:28.632,1970-01-21 15:21:16.728,Hè,,,
Hải Phòng,Đồng bằng sông Hồng,2026-07-06,28.22,31.02,26.160000000000004,33.18,36.1,30.32,4.9,4.9,0.0,11.6,84.6,19.34,39.32,14.252,1001.5,94.0,25.28,0.0,3.3019999999999996,20.8928,106.5095,7.656000000000001,13.357999999999999,7,28,55,167,1970-01-21 15:21:55.044,1970-01-21 15:22:43.128,Hè,,,
Hải Phòng,Đồng bằng sông Hồng,2026-07-07,28.8,32.660000000000004,25.72,35.32,40.660000000000004,31.160000000000004,7.959999999999999,7.959999999999999,0.0,12.8,85.2,12.959999999999999,27.02,22.656,1001.14,86.2,25.96,0.0,4.754,20.8928,106.5095,11.848,13.347999999999999,7,28,53,89,1970-01-21 15:23:21.468,1970-01-21 15:24:09.528,Hè,,,
Hải Phòng,Đồng bằng sông Hồng,2026-07-08,27.76,32.04,25.46,34.160000000000004,39.96,30.76,11.0,11.0,0.0,12.6,88.6,12.84,28.22,19.662,1001.9,94.0,25.56,0.0,4.01,20.8928,106.5095,9.196000000000002,13.34,7,28,63,80,1970-01-21 15:24:47.892,1970-01-21 15:25:35.928,Hè,,,
Hải Phòng,Đồng bằng sông Hồng,2026-07-09,27.46,30.54,25.36,33.940000000000005,37.62,30.96,28.76,28.76,0.0,20.8,91.4,10.32,25.78,14.5,1002.04,98.4,25.860000000000003,0.0,2.998,20.8928,106.5095,5.07,13.338,7,28,63,111,1970-01-21 15:26:14.328,1970-01-21 15:27:02.328,Hè,,,
Hải Phòng,Đồng bằng sông Hồng,2026-07-10,27.9,32.04,25.4,34.38,39.239999999999995,31.080000000000002,10.34,10.34,0.0,16.0,87.2,11.2,27.3,18.428,1000.9200000000001,89.2,25.419999999999998,0.0,3.886,20.8928,106.5095,8.690000000000001,13.328,7,28,61,135,1970-01-21 15:27:40.728,1970-01-21 15:28:28.728,Hè,,,
Hải Phòng,Đồng bằng sông Hồng,2026-07-11,28.74,32.160000000000004,26.419999999999998,35.5,40.64,32.62,4.82,4.82,0.0,11.2,84.6,8.7,21.619999999999997,22.02,998.86,53.0,25.76,0.0,4.588,20.8928,106.5095,12.096,13.318000000000001,7,28,53,135,1970-01-21 15:29:07.152,1970-01-21 15:29:55.116,Hè,,,
Hải Phòng,Đồng bằng sông Hồng,2026-07-12,29.580000000000002,33.42,26.5,36.5,41.8,33.12,4.220000000000001,4.220000000000001,0.0,9.8,81.0,11.34,27.5,24.772,999.32,59.8,25.839999999999996,0.0,5.294,20.8928,106.5095,12.27,13.308000000000002,7,28,53,56,1970-01-21 15:30:33.588,1970-01-21 15:31:21.504,Hè,,,
Hải Phòng,Đồng bằng sông Hồng,2026-07-13,29.8,33.120000000000005,26.76,36.68,41.46,33.4,2.1399999999999997,2.1399999999999997,0.0,7.4,79.8,11.36,23.04,24.24,1001.46,40.8,25.8,0.0,5.254,20.8928,106.5095,12.418,13.302000000000001,7,29,61,126,1970-01-21 15:32:00.012,1970-01-21 15:32:47.892,Hè,,,
Hải Phòng,Đồng bằng sông Hồng,2026-07-14,29.72,33.36,27.0,36.9,41.96,33.94,3.1399999999999997,3.1399999999999997,0.0,7.2,82.6,11.34,25.639999999999997,22.704,1001.82,93.4,26.3,0.0,4.85,20.8928,106.5095,11.325999999999999,13.291999999999998,7,29,51,126,1970-01-21 15:33:26.436,1970-01-21 15:34:14.280,Hè,,,
Hải Phòng,Đồng bằng sông Hồng,2026-07-15,30.080000000000002,33.6,27.24,36.980000000000004,40.839999999999996,32.98,0.82,0.82,0.0,3.6,82.8,14.76,29.439999999999998,17.636000000000003,1001.9399999999999,93.2,26.72,0.0,3.9739999999999993,20.8928,106.5095,9.058,13.282,7,29,51,133,1970-01-21 15:34:52.848,1970-01-21 15:35:40.668,Hè,,,
Hải Phòng,Đồng bằng sông Hồng,2026-07-16,29.78,32.68,26.119999999999997,35.72,38.54,31.380000000000003,5.5,5.5,0.0,13.6,80.2,17.619999999999997,36.14,19.318,1001.82,91.0,25.839999999999996,0.0,4.418,20.8928,106.5095,10.45,13.272,7,29,61,177,1970-01-21 15:36:19.272,1970-01-21 15:37:07.068,Hè,,,
Hải Phòng,Đồng bằng sông Hồng,2026-07-17,29.82,32.940000000000005,27.880000000000003,35.760000000000005,38.4,32.06,4.28,4.28,0.0,5.0,79.0,14.719999999999999,34.14,16.651999999999997,1001.36,93.8,25.68,0.0,4.002,20.8928,106.5095,8.822,13.262,7,29,63,161,1970-01-21 15:37:45.708,1970-01-21 15:38:33.468,Hè,,,
Hải Phòng,Đồng bằng sông Hồng,2026-07-18,30.580000000000002,34.2,27.439999999999998,36.22,40.56,32.0,1.52,1.52,0.0,5.8,72.4,13.62,28.060000000000002,24.076,1001.22,83.8,24.82,0.0,5.644,20.8928,106.5095,11.922,13.252,7,29,51,176,1970-01-21 15:39:12.132,1970-01-21 15:39:59.832,Hè,,,
Hải Phòng,Đồng bằng sông Hồng,2026-07-19,29.22,31.919999999999998,27.26,35.72,38.44,33.28,3.1,3.1,0.0,6.4,83.2,12.58,28.080000000000002,17.552,1002.4799999999999,99.2,25.939999999999998,0.0,3.838,20.8928,106.5095,8.446000000000002,13.242,7,29,53,262,1970-01-21 15:40:38.556,1970-01-21 15:41:26.220,Hè,,,
Hải Phòng,Đồng bằng sông Hồng,2026-07-20,28.5,31.339999999999996,26.580000000000002,35.08,37.660000000000004,32.6,7.279999999999999,7.279999999999999,0.0,8.2,85.6,10.379999999999999,26.060000000000002,16.18,1003.4,98.6,25.78,0.0,3.418,20.8928,106.5095,7.148000000000001,13.232,7,30,61,216,1970-01-21 15:42:04.968,1970-01-21 15:42:52.608,Hè,,,
