province,region,date,temperature_2m_mean,temperature_2m_max,temperature_2m_min,apparent_temperature_mean,apparent_temperature_max,apparent_temperature_min,precipitation_sum,rain_sum,showers_sum,precipitation_hours,relative_humidity_2m_mean,wind_speed_10m_max,wind_gusts_10m_max,shortwave_radiation_sum,pressure_msl_mean,cloud_cover_mean,dew_point_2m_mean,snowfall_sum,et0_fao_evapotranspiration,latitude,longitude,sunshine_hours,daylight_hours,month,week,weather_code,wind_direction_10m_dominant,sunrise,sunset,season,uv_index_max,uv_index_clear_sky_max,precipitation_probability_max
Hồ Chí Minh,Đông Nam Bộ,2025-07-21,26.939999999999998,31.1,24.619999999999997,31.22,35.739999999999995,28.54,8.059999999999999,8.059999999999999,0.0,15.4,85.6,25.16,57.1,14.836000000000002,1006.14,100.0,24.259999999999998,0.0,3.2380000000000004,10.8967,106.7832,4.484,12.67,7,30,63,240,1970-01-21 06:57:56.328,1970-01-21 06:58:41.940,Hè,,,
Hồ Chí Minh,Đông Nam Bộ,2025-07-22,28.26,32.160000000000004,24.98,32.36,36.18,29.580000000000002,2.7,2.7,0.0,8.0,78.0,25.1,57.1,21.490000000000002,1005.32,99.2,23.880000000000003,0.0,4.8740000000000006,10.8967,106.7832,11.738,12.662,7,30,63,238,1970-01-21 06:59:22.740,1970-01-21 07:00:08.328,Hè,,,
Hồ Chí Minh,Đông Nam Bộ,2025-07-23,27.8,31.22,25.380000000000003,32.82,37.239999999999995,29.98,11.440000000000001,11.440000000000001,0.0,8.4,82.2,19.919999999999998,51.56,19.014,1005.14,93.2,24.44,0.0,3.9939999999999998,10.8967,106.7832,11.086,12.654,7,30,63,236,1970-01-21 07:00:49.152,1970-01-21 07:01:34.704,Hè,,,
Hồ Chí Minh,Đông Nam Bộ,2025-07-24,28.68,32.5,25.54,33.660000000000004,37.32,30.880000000000003,0.22000000000000003,0.22000000000000003,0.0,1.2,77.4,17.5,42.480000000000004,19.402,1006.0200000000001,97.8,24.119999999999997,0.0,4.442,10.8967,106.7832,10.038,12.65,7,30,51,261,1970-01-21 07:02:15.564,1970-01-21 07:03:01.104,Hè,,,
Hồ Chí Minh,Đông Nam Bộ,2025-07-25,28.54,32.980000000000004,24.86,33.239999999999995,37.08,29.48,8.42,8.42,0.0,2.8,77.0,19.18,40.0,22.014,1006.22,89.2,23.76,0.0,5.023999999999999,10.8967,106.7832,10.572,12.644,7,30,65,275,1970-01-21 07:03:41.988,1970-01-21 07:04:27.504,Hè,,,
Hồ Chí Minh,Đông Nam Bộ,2025-07-26,27.98,32.44,25.32,33.2,36.379999999999995,30.939999999999998,1.1400000000000001,1.1400000000000001,0.0,5.8,83.2,17.84,37.22,14.862,1006.86,99.8,24.68,0.0,3.474,10.8967,106.7832,5.39,12.64,7,30,51,255,1970-01-21 07:05:08.388,1970-01-21 07:05:53.880,Hè,,,
Hồ Chí Minh,Đông Nam Bộ,2025-07-27,27.080000000000002,31.080000000000002,25.119999999999997,31.96,36.1,30.24,13.719999999999999,13.719999999999999,0.0,9.8,86.2,19.880000000000003,43.42,16.422,1007.26,98.8,24.5,0.0,3.428,10.8967,106.7832,7.698,12.63,7,30,63,235,1970-01-21 07:06:34.800,1970-01-21 07:07:20.280,Hè,,,
Hồ Chí Minh,Đông Nam Bộ,2025-07-28,26.74,29.839999999999996,24.520000000000003,31.580000000000002,34.5,29.619999999999997,11.4,11.4,0.0,10.6,88.2,21.92,48.1,16.880000000000003,1006.9,85.2,24.6,0.0,3.3600000000000003,10.8967,106.7832,10.118,12.623999999999999,7,31,63,222,1970-01-21 07:08:01.212,1970-01-21 07:08:46.644,Hè,,,
Hồ Chí Minh,Đông Nam Bộ,2025-07-29,27.839999999999996,30.78,25.54,32.88,36.12,30.68,11.540000000000001,11.540000000000001,0.0,8.8,84.2,19.98,48.72,19.178,1006.68,76.0,24.8,0.0,4.016,10.8967,106.7832,11.354000000000001,12.62,7,31,63,219,1970-01-21 07:09:27.624,1970-01-21 07:10:13.044,Hè,,,
Hồ Chí Minh,Đông Nam Bộ,2025-07-30,28.560000000000002,32.160000000000004,25.9,33.42,37.980000000000004,30.880000000000003,2.06,2.06,0.0,6.4,79.8,19.48,44.7,20.663999999999998,1007.4200000000001,91.8,24.580000000000002,0.0,4.608,10.8967,106.7832,11.116,12.61,7,31,51,234,1970-01-21 07:10:54.024,1970-01-21 07:11:39.420,Hè,,,
Hồ Chí Minh,Đông Nam Bộ,2025-07-31,27.880000000000003,31.98,25.72,33.18,38.08,30.580000000000002,11.28,11.28,0.0,9.4,83.6,17.98,42.72,20.312,1007.6,82.6,24.78,0.0,4.21,10.8967,106.7832,10.681999999999999,12.602,7,31,63,220,1970-01-21 07:12:20.448,1970-01-21 07:13:05.820,Hè,,,
Hồ Chí Minh,Đông Nam Bộ,2025-08-01,28.360000000000003,32.46,25.259999999999998,34.019999999999996,39.1,30.580000000000002,1.46,1.46,0.0,5.4,83.2,16.619999999999997,35.4,22.044,1006.8,83.8,25.14,0.0,4.6259999999999994,10.8967,106.7832,11.988,12.594,8,31,53,223,1970-01-21 07:13:46.848,1970-01-21 07:14:32.184,Hè,,,
Hồ Chí Minh,Đông Nam Bộ,2025-08-02,28.5,32.7,25.5,34.24,38.980000000000004,31.119999999999997,2.2800000000000002,2.2800000000000002,0.0,7.0,81.4,15.059999999999999,32.7,22.556,1007.9,98.2,24.82,0.0,4.764,10.8967,106.7832,12.0,12.59,8,31,61,223,1970-01-21 07:15:13.260,1970-01-21 07:15:58.584,Hè,,,
Hồ Chí Minh,Đông Nam Bộ,2025-08-03,28.119999999999997,33.28,25.54,34.36,40.32,31.28,7.24,7.24,0.0,5.8,84.8,16.54,37.739999999999995,23.06,1009.28,85.8,25.1,0.0,4.811999999999999,10.8967,106.7832,11.309999999999999,12.58,8,31,63,204,1970-01-21 07:16:39.672,1970-01-21 07:17:24.960,Hè,,,
Hồ Chí Minh,Đông Nam Bộ,2025-08-04,27.860000000000003,33.519999999999996,24.759999999999998,34.36,41.56,29.78,6.359999999999999,6.359999999999999,0.0,4.2,85.6,16.119999999999997,41.160000000000004,23.582,1009.0600000000001,68.2,25.02,0.0,4.926,10.8967,106.7832,11.276,12.57,8,32,63,179,1970-01-21 07:18:06.072,1970-01-21 07:18:51.336,Hè,,,
Hồ Chí Minh,Đông Nam Bộ,2025-08-05,27.8,33.239999999999995,24.84,33.48,39.84,29.2,8.9,8.9,0.0,7.0,84.2,18.64,37.08,23.201999999999998,1008.82,82.8,24.560000000000002,0.0,4.926,10.8967,106.7832,10.912,12.565999999999999,8,32,63,192,1970-01-21 07:19:32.484,1970-01-21 07:20:17.724,Hè,,,
Hồ Chí Minh,Đông Nam Bộ,2025-08-06,27.5,32.339999999999996,24.78,33.2,38.92,30.380000000000003,6.0,6.0,0.0,5.8,84.8,14.9,31.46,21.524,1008.86,100.0,24.46,0.0,4.5,10.8967,106.7832,10.174000000000001,12.56,8,32,63,169,1970-01-21 07:20:58.884,1970-01-21 07:21:44.100,Hè,,,
Hồ Chí Minh,Đông Nam Bộ,2025-08-07,28.02,32.779999999999994,24.5,34.06,39.94,30.160000000000004,1.2,1.2,0.0,1.8,82.0,12.459999999999999,26.3,23.416,1009.4399999999999,69.8,24.36,0.0,4.924,10.8967,106.7832,11.831999999999999,12.55,8,32,3,182,1970-01-21 07:22:25.308,1970-01-21 07:23:10.464,Hè,,,
Hồ Chí Minh,Đông Nam Bộ,2025-08-08,27.860000000000003,32.739999999999995,24.9,34.3,39.839999999999996,30.880000000000003,7.640000000000001,7.640000000000001,0.0,6.4,84.4,11.879999999999999,25.919999999999998,22.94,1009.86,58.8,24.759999999999998,0.0,4.787999999999999,10.8967,106.7832,10.07,12.54,8,32,63,259,1970-01-21 07:23:51.708,1970-01-21 07:24:36.852,Hè,,,
Hồ Chí Minh,Đông Nam Bộ,2025-08-09,27.24,32.12,24.22,33.160000000000004,40.0,28.32,20.56,20.56,0.0,14.6,86.2,14.84,35.06,19.948,1009.8199999999999,92.8,24.64,0.0,4.12,10.8967,106.7832,8.59,12.53,8,32,63,270,1970-01-21 07:25:18.120,1970-01-21 07:26:03.240,Hè,,,
Hồ Chí Minh,Đông Nam Bộ,2025-08-10,26.880000000000003,32.28,23.5,32.379999999999995,39.160000000000004,28.660000000000004,3.12,3.12,0.0,4.8,85.0,14.76,34.14,23.93,1008.3,91.4,23.939999999999998,0.0,4.922,10.8967,106.7832,11.862,12.524,8,32,61,268,1970-01-21 07:26:44.520,1970-01-21 07:27:29.604,Hè,,,
Hồ Chí Minh,Đông Nam Bộ,2025-08-11,26.6,31.560000000000002,24.28,31.76,37.739999999999995,28.82,16.2,16.2,0.0,15.2,86.6,14.26,30.879999999999995,19.604000000000003,1007.7,84.0,24.04,0.0,4.0280000000000005,10.8967,106.7832,10.11,12.52,8,33,63,231,1970-01-21 07:28:10.920,1970-01-21 07:28:55.980,Hè,,,
Hồ Chí Minh,Đông Nam Bộ,2025-08-12,26.860000000000003,31.380000000000003,24.02,32.160000000000004,38.32,28.76,9.48,9.48,0.0,14.8,85.8,13.38,29.880000000000003,20.328,1007.76,98.4,24.14,0.0,4.214,10.8967,106.7832,9.847999999999999,12.51,8,33,63,220,1970-01-21 07:29:37.332,1970-01-21 07:30:22.356,Hè,,,
Hồ Chí Minh,Đông Nam Bộ,2025-08-13,26.5,30.619999999999997,24.04,31.68,36.36,29.26,14.4,14.4,0.0,12.6,87.0,16.919999999999998,36.019999999999996,18.35,1008.5600000000001,100.0,24.119999999999997,0.0,3.662,10.8967,106.7832,9.786,12.5,8,33,63,246,1970-01-21 07:31:03.732,1970-01-21 07:31:48.720,Hè,,,
Hồ Chí Minh,Đông Nam Bộ,2025-08-14,26.160000000000004,31.48,23.759999999999998,31.8,39.06,28.639999999999997,27.160000000000004,27.160000000000004,0.0,15.6,89.8,13.719999999999999,28.880000000000003,17.974,1007.54,99.6,24.2,0.0,3.668,10.8967,106.7832,8.422,12.49,8,33,65,274,1970-01-21 07:32:30.144,1970-01-21 07:33:15.120,Hè,,,
Hồ Chí Minh,Đông Nam Bộ,2025-08-15,25.919999999999998,30.48,23.880000000000003,31.360000000000003,37.260000000000005,28.660000000000004,20.26,20.26,0.0,18.8,91.2,16.66,36.96,16.192,1005.8399999999999,100.0,24.28,0.0,3.2439999999999998,10.8967,106.7832,7.064,12.48,8,33,65,233,1970-01-21 07:33:56.544,1970-01-21 07:34:41.484,Hè,,,
Hồ Chí Minh,Đông Nam Bộ,2025-08-16,25.080000000000002,29.080000000000002,23.720000000000002,29.76,34.48,27.919999999999998,30.46,30.46,0.0,22.4,92.6,18.44,34.78,10.751999999999999,1006.4,99.8,23.78,0.0,2.168,10.8967,106.7832,3.7039999999999997,12.474,8,33,63,241,1970-01-21 07:35:22.944,1970-01-21 07:36:07.860,Hè,,,
Hồ Chí Minh,Đông Nam Bộ,2025-08-17,25.68,30.24,23.68,30.48,35.0,28.060000000000002,15.9,15.9,0.0,13.0,90.0,17.419999999999998,39.1,16.256,1008.3199999999999,99.0,23.78,0.0,3.242,10.8967,106.7832,6.884,12.464000000000002,8,33,63,252,1970-01-21 07:36:49.344,1970-01-21 07:37:34.224,Hè,,,
Hồ Chí Minh,Đông Nam Bộ,2025-08-18,26.939999999999998,31.6,23.3,31.9,37.58,27.72,0.6,0.6,0.0,4.2,82.0,14.02,33.260000000000005,22.724,1009.7,90.2,23.419999999999998,0.0,4.744,10.8967,106.7832,11.956,12.458000000000002,8,34,51,239,1970-01-21 07:38:15.756,1970-01-21 07:39:00.600,Hè,,,
Hồ Chí Minh,Đông Nam Bộ,2025-08-19,27.580000000000002,31.8,24.32,33.239999999999995,39.239999999999995,29.4,2.58,2.58,0.0,6.2,83.4,12.540000000000001,31.979999999999997,22.916,1009.9799999999999,49.4,24.32,0.0,4.7,10.8967,106.7832,12.0,12.45,8,34,61,227,1970-01-21 07:39:42.168,1970-01-21 07:40:26.964,Hè,,,
Hồ Chí Minh,Đông Nam Bộ,2025-08-20,27.28,32.3,23.98,33.04,40.239999999999995,27.74,14.38,14.38,0.0,10.4,84.6,16.360000000000003,34.980000000000004,21.381999999999998,1009.3,84.0,24.32,0.0,4.484,10.8967,106.7832,10.806000000000001,12.44,8,34,63,198,1970-01-21 07:41:08.568,1970-01-21 07:41:53.340,Hè,,,
Hồ Chí Minh,Đông Nam Bộ,2025-08-21,24.54,27.48,23.119999999999997,29.18,32.64,26.839999999999996,34.12,34.12,0.0,22.4,93.4,12.48,24.259999999999998,8.33,1010.6,99.0,23.36,0.0,1.762,10.8967,106.7832,0.898,12.43,8,34,65,167,1970-01-21 07:42:34.968,1970-01-21 07:43:19.704,Hè,,,
Hồ Chí Minh,Đông Nam Bộ,2025-08-22,26.24,31.1,23.1,30.82,35.58,27.54,4.46,4.46,0.0,10.0,84.4,17.1,35.339999999999996,22.086000000000002,1010.0,74.8,23.119999999999997,0.0,4.506,10.8967,106.7832,11.738,12.42,8,34,61,198,1970-01-21 07:44:01.368,1970-01-21 07:44:46.080,Hè,,,
Hồ Chí Minh,Đông Nam Bộ,2025-08-23,26.48,31.0,23.64,31.9,37.6,28.82,13.38,13.38,0.0,8.4,87.2,17.96,43.0,20.21,1008.9,83.4,24.06,0.0,3.976,10.8967,106.7832,10.086,12.41,8,34,63,227,1970-01-21 07:45:27.768,1970-01-21 07:46:12.444,Hè,,,
Hồ Chí Minh,Đông Nam Bộ,2025-08-24,26.419999999999998,31.18,24.619999999999997,31.139999999999997,36.68,29.160000000000004,22.619999999999997,22.619999999999997,0.0,10.8,86.4,18.619999999999997,40.46,17.406,1007.6,100.0,23.84,0.0,3.558,10.8967,106.7832,7.2219999999999995,12.4,8,34,65,235,1970-01-21 07:46:54.168,1970-01-21 07:47:38.820,Hè,,,
Hồ Chí Minh,Đông Nam Bộ,2025-08-25,25.96,28.919999999999998,24.36,30.419999999999998,33.04,28.26,19.66,19.66,0.0,14.6,89.4,21.259999999999998,47.3,14.158000000000001,1007.26,99.6,24.080000000000002,0.0,2.804,10.8967,106.7832,7.167999999999999,12.392,8,35,63,202,1970-01-21 07:48:20.580,1970-01-21 07:49:05.160,Hè,,,
Hồ Chí Minh,Đông Nam Bộ,2025-08-26,26.4,29.28,24.14,31.18,33.46,28.9,7.2,7.2,0.0,10.8,86.8,16.8,38.86,12.852,1009.18,99.8,23.939999999999998,0.0,2.744,10.8967,106.7832,6.196,12.382000000000001,8,35,61,201,1970-01-21 07:49:46.980,1970-01-21 07:50:31.548,Hè,,,
Hồ Chí Minh,Đông Nam Bộ,2025-08-27,26.360000000000003,30.3,24.4,31.660000000000004,35.9,29.46,13.540000000000001,13.540000000000001,0.0,13.2,87.6,13.919999999999998,33.86,15.41,1009.4200000000001,99.6,24.04,0.0,3.126,10.8967,106.7832,8.482,12.372,8,35,63,242,1970-01-21 07:51:13.380,1970-01-21 07:51:57.900,Hè,,,
Hồ Chí Minh,Đông Nam Bộ,2025-08-28,26.339999999999996,31.78,23.54,31.28,36.9,28.1,18.919999999999998,18.919999999999998,0.0,11.2,86.8,17.2,41.96,21.074,1008.1800000000001,89.4,23.8,0.0,4.298,10.8967,106.7832,10.068,12.361999999999998,8,35,65,273,1970-01-21 07:52:39.768,1970-01-21 07:53:24.264,Hè,,,
Hồ Chí Minh,Đông Nam Bộ,2025-08-29,26.1,31.139999999999997,23.54,31.04,36.72,27.6,38.54,38.54,0.0,21.8,89.4,18.48,40.739999999999995,18.616,1007.76,99.4,24.06,0.0,3.7879999999999994,10.8967,106.7832,8.193999999999999,12.354,8,35,65,275,1970-01-21 07:54:06.168,1970-01-21 07:54:50.640,Hè,,,
Hồ Chí Minh,Đông Nam Bộ,2025-08-30,26.580000000000002,30.96,24.6,31.660000000000004,36.94,29.080000000000002,12.76,12.76,0.0,16.2,88.8,18.880000000000003,40.68,19.29,1007.0200000000001,100.0,24.48,0.0,3.838,10.8967,106.7832,8.586,12.344,8,35,63,243,1970-01-21 07:55:32.568,1970-01-21 07:56:16.992,Hè,,,
Hồ Chí Minh,Đông Nam Bộ,2025-08-31,26.74,31.940000000000005,24.28,32.36,39.7,29.4,20.2,20.2,0.0,15.4,88.8,15.940000000000001,37.58,20.228,1006.96,76.0,24.54,0.0,4.106,10.8967,106.7832,8.76,12.334,8,35,63,215,1970-01-21 07:56:58.968,1970-01-21 07:57:43.380,Hè,,,
Hồ Chí Minh,Đông Nam Bộ,2025-09-01,26.380000000000003,30.96,24.3,31.9,37.519999999999996,29.3,22.580000000000002,22.580000000000002,0.0,21.2,90.2,17.380000000000003,36.2,16.298,1006.8,99.8,24.54,0.0,3.3,10.8967,106.7832,6.837999999999999,12.324000000000002,9,36,63,249,1970-01-21 07:58:25.356,1970-01-21 07:59:09.720,Thu,,,
Hồ Chí Minh,Đông Nam Bộ,2025-09-02,25.839999999999996,30.22,24.3,31.18,35.9,29.160000000000004,46.04,46.04,0.0,23.4,92.2,16.22,35.36,13.303999999999998,1007.7,99.8,24.419999999999998,0.0,2.69,10.8967,106.7832,5.182,12.318000000000001,9,36,65,228,1970-01-21 07:59:51.756,1970-01-21 08:00:36.084,Thu,,,
Hồ Chí Minh,Đông Nam Bộ,2025-09-03,26.26,30.580000000000002,24.16,31.939999999999998,36.92,29.6,12.04,12.04,0.0,17.0,89.6,14.059999999999999,30.24,18.036,1007.72,96.0,24.32,0.0,3.6060000000000003,10.8967,106.7832,9.004,12.308000000000002,9,36,63,271,1970-01-21 08:01:18.144,1970-01-21 08:02:02.460,Thu,,,
Hồ Chí Minh,Đông Nam Bộ,2025-09-04,26.7,31.28,24.080000000000002,32.44,38.3,29.3,9.459999999999999,9.459999999999999,0.0,12.2,88.4,12.7,28.139999999999997,20.168,1007.3199999999999,96.6,24.44,0.0,4.09,10.8967,106.7832,10.662,12.298,9,36,63,229,1970-01-21 08:02:44.544,1970-01-21 08:03:28.812,Thu,,,
Hồ Chí Minh,Đông Nam Bộ,2025-09-05,26.76,31.82,24.580000000000002,32.7,39.42,29.82,17.28,17.28,0.0,11.6,89.2,15.36,34.42,18.41,1007.7,95.4,24.740000000000002,0.0,3.7399999999999998,10.8967,106.7832,7.6819999999999995,12.288,9,36,65,216,1970-01-21 08:04:10.944,1970-01-21 08:04:55.200,Thu,,,
Hồ Chí Minh,Đông Nam Bộ,2025-09-06,26.580000000000002,31.720000000000006,23.6,32.12,38.260000000000005,28.52,24.0,24.0,0.0,14.6,88.2,13.080000000000002,27.5,18.052,1008.1600000000001,97.4,24.259999999999998,0.0,3.7439999999999998,10.8967,106.7832,7.6240000000000006,12.278,9,36,65,215,1970-01-21 08:05:37.344,1970-01-21 08:06:21.540,Thu,,,
Hồ Chí Minh,Đông Nam Bộ,2025-09-07,25.6,29.160000000000004,24.02,31.02,35.220000000000006,29.380000000000003,31.98,31.98,0.0,22.2,93.6,14.959999999999999,35.64,11.437999999999999,1009.0,100.0,24.419999999999998,0.0,2.3,10.8967,106.7832,3.4539999999999997,12.267999999999999,9,36,65,192,1970-01-21 08:07:03.744,1970-01-21 08:07:47.904,Thu,,,
Hồ Chí Minh,Đông Nam Bộ,2025-09-08,26.119999999999997,31.560000000000002,23.9,31.660000000000004,38.64,28.96,15.38,15.38,0.0,15.4,90.2,17.54,40.82,17.844,1009.64,95.2,24.28,0.0,3.5620000000000003,10.8967,106.7832,8.506,12.258,9,37,63,167,1970-01-21 08:08:30.144,1970-01-21 08:09:14.280,Thu,,,
Hồ Chí Minh,Đông Nam Bộ,2025-09-09,26.26,31.080000000000002,23.98,31.660000000000004,36.839999999999996,29.360000000000003,11.34,11.34,0.0,7.4,88.4,17.36,38.1,17.214,1010.72,100.0,24.04,0.0,3.502,10.8967,106.7832,8.18,12.248000000000001,9,37,63,172,1970-01-21 08:09:56.544,1970-01-21 08:10:40.620,Thu,,,
Hồ Chí Minh,Đông Nam Bộ,2025-09-10,26.82,31.52,23.78,32.88,38.839999999999996,29.139999999999997,9.82,9.82,0.0,10.0,87.8,9.3,22.82,21.875999999999998,1010.18,98.8,24.44,0.0,4.4799999999999995,10.8967,106.7832,10.098,12.24,9,37,63,11,1970-01-21 08:11:22.920,1970-01-21 08:12:06.996,Thu,,,
Hồ Chí Minh,Đông Nam Bộ,2025-09-11,26.380000000000003,31.9,23.8,32.3,39.68,29.080000000000002,23.5,23.5,0.0,12.6,88.6,10.52,25.580000000000002,19.406,1009.3799999999999,91.0,24.22,0.0,3.968,10.8967,106.7832,8.502,12.23,9,37,65,25,1970-01-21 08:12:49.320,1970-01-21 08:13:33.360,Thu,,,
Hồ Chí Minh,Đông Nam Bộ,2025-09-12,26.4,31.26,23.56,31.919999999999998,38.62,28.48,10.040000000000001,10.040000000000001,0.0,8.0,87.6,14.0,32.78,19.966,1009.26,89.8,23.98,0.0,4.064,10.8967,106.7832,9.104,12.22,9,37,61,104,1970-01-21 08:14:15.720,1970-01-21 08:14:59.700,Thu,,,
Hồ Chí Minh,Đông Nam Bộ,2025-09-13,26.4,30.560000000000002,24.06,31.74,36.14,29.419999999999998,8.68,8.68,0.0,9.6,88.0,13.940000000000001,31.339999999999996,16.137999999999998,1009.74,99.8,24.16,0.0,3.29,10.8967,106.7832,7.328,12.21,9,37,63,109,1970-01-21 08:15:42.120,1970-01-21 08:16:26.076,Thu,,,
Hồ Chí Minh,Đông Nam Bộ,2025-09-14,26.0,30.26,24.04,31.560000000000002,36.8,29.2,16.36,16.36,0.0,14.6,89.2,11.7,26.919999999999998,15.693999999999999,1010.4399999999999,100.0,24.02,0.0,3.186,10.8967,106.7832,7.002,12.2,9,37,65,147,1970-01-21 08:17:08.520,1970-01-21 08:17:52.440,Thu,,,
Hồ Chí Minh,Đông Nam Bộ,2025-09-15,26.46,31.639999999999997,23.68,32.339999999999996,39.160000000000004,28.860000000000003,12.36,12.36,0.0,8.0,87.8,12.559999999999999,31.52,21.746000000000002,1010.46,89.6,24.080000000000002,0.0,4.434,10.8967,106.7832,9.952,12.19,9,38,65,23,1970-01-21 08:18:34.920,1970-01-21 08:19:18.780,Thu,,,
Hồ Chí Minh,Đông Nam Bộ,2025-09-16,26.339999999999996,30.9,23.919999999999998,31.880000000000003,37.339999999999996,29.2,13.940000000000001,13.940000000000001,0.0,8.6,88.8,15.14,35.94,17.61,1009.5799999999999,96.0,24.14,0.0,3.572,10.8967,106.7832,7.609999999999999,12.18,9,38,63,290,1970-01-21 08:20:01.320,1970-01-21 08:20:45.156,Thu,,,
Hồ Chí Minh,Đông Nam Bộ,2025-09-17,26.560000000000002,31.26,24.1,31.919999999999998,37.54,28.82,12.42,12.42,0.0,7.4,86.4,16.720000000000002,36.8,19.764,1008.24,94.6,23.919999999999998,0.0,4.05,10.8967,106.7832,9.422,12.17,9,38,65,265,1970-01-21 08:21:27.720,1970-01-21 08:22:11.520,Thu,,,
Hồ Chí Minh,Đông Nam Bộ,2025-09-18,26.48,31.380000000000003,23.96,32.08,38.06,29.439999999999998,18.78,18.78,0.0,12.4,88.4,14.280000000000001,31.119999999999997,19.592,1007.78,98.4,24.28,0.0,3.974,10.8967,106.7832,9.508,12.16,9,38,63,273,1970-01-21 08:22:54.120,1970-01-21 08:23:37.860,Thu,,,
Hồ Chí Minh,Đông Nam Bộ,2025-09-19,26.46,30.919999999999998,24.66,31.419999999999998,36.8,29.339999999999996,13.16,13.16,0.0,14.8,87.2,16.240000000000002,38.72,14.466,1009.32,94.2,24.1,0.0,3.028,10.8967,106.7832,6.048,12.15,9,38,65,248,1970-01-21 08:24:20.520,1970-01-21 08:25:04.236,Thu,,,
Hồ Chí Minh,Đông Nam Bộ,2025-09-20,27.46,32.160000000000004,24.28,32.92,38.38,29.18,5.140000000000001,5.140000000000001,0.0,5.4,82.4,13.62,33.6,21.566,1008.9200000000001,83.8,24.080000000000002,0.0,4.484,10.8967,106.7832,11.358,12.14,9,38,63,255,1970-01-21 08:25:46.920,1970-01-21 08:26:30.600,Thu,,,
Hồ Chí Minh,Đông Nam Bộ,2025-09-21,26.839999999999996,31.26,24.36,32.64,37.44,29.54,21.16,21.16,0.0,14.0,87.8,14.3,34.62,19.212,1008.24,93.8,24.52,0.0,3.8619999999999997,10.8967,106.7832,9.082,12.13,9,38,65,256,1970-01-21 08:27:13.296,1970-01-21 08:27:56.940,Thu,,,
Hồ Chí Minh,Đông Nam Bộ,2025-09-22,25.28,26.76,23.48,30.060000000000002,32.56,26.839999999999996,16.98,16.98,0.0,22.4,92.8,15.12,29.78,6.8260000000000005,1008.78,100.0,23.98,0.0,1.454,10.8967,106.7832,0.43,12.12,9,39,63,252,1970-01-21 08:28:39.696,1970-01-21 08:29:23.328,Thu,,,
Hồ Chí Minh,Đông Nam Bộ,2025-09-23,25.7,29.04,23.34,30.24,32.96,27.46,7.5200000000000005,7.5200000000000005,0.0,14.4,87.0,15.1,30.18,10.274,1008.1600000000001,99.8,23.28,0.0,2.252,10.8967,106.7832,3.306,12.11,9,39,53,266,1970-01-21 08:30:06.084,1970-01-21 08:30:49.680,Thu,,,
Hồ Chí Minh,Đông Nam Bộ,2025-09-24,26.8,31.2,24.5,31.919999999999998,36.4,29.18,5.58,5.58,0.0,8.2,86.8,19.28,44.06,18.984,1006.3799999999999,96.4,24.22,0.0,3.842,10.8967,106.7832,9.392,12.1,9,39,63,246,1970-01-21 08:31:32.484,1970-01-21 08:32:16.032,Thu,,,
Hồ Chí Minh,Đông Nam Bộ,2025-09-25,26.839999999999996,30.98,24.8,31.660000000000004,36.160000000000004,29.4,19.68,19.68,0.0,13.0,86.4,19.419999999999998,44.22,15.856,1007.0200000000001,100.0,24.3,0.0,3.3280000000000003,10.8967,106.7832,7.918000000000001,12.09,9,39,63,237,1970-01-21 08:32:58.884,1970-01-21 08:33:42.420,Thu,,,
Hồ Chí Minh,Đông Nam Bộ,2025-09-26,26.02,29.54,24.68,31.2,34.9,29.54,21.72,21.72,0.0,19.2,90.8,14.1,32.04,9.995999999999999,1008.7,100.0,24.3,0.0,2.1719999999999997,10.8967,106.7832,2.246,12.08,9,39,63,261,1970-01-21 08:34:25.272,1970-01-21 08:35:08.760,Thu,,,
Hồ Chí Minh,Đông Nam Bộ,2025-09-27,25.48,29.6,24.06,30.639999999999997,35.519999999999996,28.580000000000002,22.4,22.4,0.0,21.4,93.4,15.86,39.1,12.953999999999999,1007.96,100.0,24.22,0.0,2.558,10.8967,106.7832,3.878,12.07,9,39,63,275,1970-01-21 08:35:51.672,1970-01-21 08:36:35.124,Thu,,,
Hồ Chí Minh,Đông Nam Bộ,2025-09-28,25.82,30.380000000000003,23.919999999999998,30.52,36.12,28.360000000000003,16.7,16.7,0.0,16.6,91.2,16.46,35.14,14.882,1006.54,100.0,24.22,0.0,2.978,10.8967,106.7832,5.4879999999999995,12.06,9,39,65,208,1970-01-21 08:37:18.072,1970-01-21 08:38:01.500,Thu,,,
Hồ Chí Minh,Đông Nam Bộ,2025-09-29,25.860000000000003,29.82,23.98,30.28,34.160000000000004,28.060000000000002,22.4,22.4,0.0,15.0,90.2,21.119999999999997,45.44,14.942000000000002,1008.8,98.0,24.080000000000002,0.0,2.976,10.8967,106.7832,6.7780000000000005,12.05,9,40,63,175,1970-01-21 08:38:44.472,1970-01-21 08:39:27.840,Thu,,,
Hồ Chí Minh,Đông Nam Bộ,2025-09-30,25.98,29.639999999999997,23.8,30.96,34.980000000000004,28.22,10.68,10.68,0.0,9.4,89.0,13.959999999999999,30.880000000000003,15.475999999999999,1010.5,99.2,23.919999999999998,0.0,3.1,10.8967,106.7832,7.859999999999999,12.04,9,40,63,146,1970-01-21 08:40:10.860,1970-01-21 08:40:54.228,Thu,,,
Hồ Chí Minh,Đông Nam Bộ,2025-10-01,26.26,31.72,23.28,32.019999999999996,39.96,27.98,6.040000000000001,6.040000000000001,0.0,8.6,87.2,14.059999999999999,31.339999999999996,22.436,1010.5600000000001,66.8,23.78,0.0,4.532,10.8967,106.7832,11.059999999999999,12.03,10,40,63,105,1970-01-21 08:41:37.260,1970-01-21 08:42:20.580,Thu,,,
Hồ Chí Minh,Đông Nam Bộ,2025-10-02,27.119999999999997,31.360000000000003,23.44,32.88,38.96,28.419999999999998,1.34,1.34,0.0,3.6,83.4,8.440000000000001,18.939999999999998,22.516,1010.4799999999999,34.0,23.8,0.0,4.638,10.8967,106.7832,11.187999999999999,12.02,10,40,51,94,1970-01-21 08:43:03.660,1970-01-21 08:43:46.932,Thu,,,
Hồ Chí Minh,Đông Nam Bộ,2025-10-03,26.619999999999997,30.78,24.419999999999998,32.339999999999996,37.5,29.7,11.82,11.82,0.0,9.4,87.4,10.66,26.5,17.7,1011.1,96.6,24.240000000000002,0.0,3.5840000000000005,10.8967,106.7832,9.31,12.01,10,40,63,141,1970-01-21 08:44:30.060,1970-01-21 08:45:13.320,Thu,,,
Hồ Chí Minh,Đông Nam Bộ,2025-10-04,27.32,32.12,24.04,32.96,38.260000000000005,29.119999999999997,4.66,4.66,0.0,5.2,83.4,12.52,28.1,22.002,1011.4399999999999,96.4,23.98,0.0,4.576,10.8967,106.7832,11.1,12.0,10,40,61,184,1970-01-21 08:45:56.460,1970-01-21 08:46:39.660,Thu,,,
Hồ Chí Minh,Đông Nam Bộ,2025-10-05,27.139999999999997,31.160000000000004,24.34,32.42,36.04,29.560000000000002,2.2600000000000002,2.2600000000000002,0.0,2.2,84.4,13.179999999999998,27.939999999999998,14.24,1011.4,98.8,24.04,0.0,3.15,10.8967,106.7832,6.332,11.99,10,40,61,205,1970-01-21 08:47:22.860,1970-01-21 08:48:06.024,Thu,,,
Hồ Chí Minh,Đông Nam Bộ,2025-10-06,27.439999999999998,32.56,24.46,32.86,37.76,29.82,3.7199999999999998,3.7199999999999998,0.0,2.8,82.6,16.240000000000002,37.44,22.368000000000002,1010.96,98.4,23.919999999999998,0.0,4.632,10.8967,106.7832,11.01,11.98,10,41,63,214,1970-01-21 08:48:49.260,1970-01-21 08:49:32.400,Thu,,,
Hồ Chí Minh,Đông Nam Bộ,2025-10-07,27.139999999999997,32.3,24.44,32.94,39.239999999999995,29.54,3.2399999999999998,3.2399999999999998,0.0,6.2,85.4,15.98,32.980000000000004,21.69,1011.0799999999999,77.6,24.28,0.0,4.4799999999999995,10.8967,106.7832,10.362,11.97,10,41,63,220,1970-01-21 08:50:15.660,1970-01-21 08:50:58.740,Thu,,,
Hồ Chí Minh,Đông Nam Bộ,2025-10-08,26.32,31.8,23.439999999999998,31.9,39.239999999999995,27.880000000000003,20.56,20.56,0.0,17.2,87.8,14.38,31.6,20.304,1010.36,77.2,23.96,0.0,4.154,10.8967,106.7832,9.078,11.96,10,41,65,70,1970-01-21 08:51:42.060,1970-01-21 08:52:25.140,Thu,,,
Hồ Chí Minh,Đông Nam Bộ,2025-10-09,26.560000000000002,30.839999999999996,23.919999999999998,32.04,37.480000000000004,28.580000000000002,5.12,5.12,0.0,8.2,85.4,10.76,22.54,18.806,1009.5799999999999,96.6,23.68,0.0,3.9,10.8967,106.7832,10.174000000000001,11.95,10,41,53,82,1970-01-21 08:53:08.460,1970-01-21 08:53:51.480,Thu,,,
Hồ Chí Minh,Đông Nam Bộ,2025-10-10,26.2,30.1,23.64,31.72,37.4,28.78,11.440000000000001,11.440000000000001,0.0,9.0,88.0,11.28,28.8,16.718,1009.04,80.0,23.98,0.0,3.3979999999999997,10.8967,106.7832,8.053999999999998,11.94,10,41,63,96,1970-01-21 08:54:34.860,1970-01-21 08:55:17.844,Thu,,,
Hồ Chí Minh,Đông Nam Bộ,2025-10-11,26.2,29.880000000000003,23.66,31.639999999999997,36.4,28.119999999999997,18.34,18.34,0.0,16.6,88.2,10.64,22.1,16.248,1008.8799999999999,98.2,24.0,0.0,3.338,10.8967,106.7832,7.686,11.93,10,41,63,129,1970-01-21 08:56:01.260,1970-01-21 08:56:44.220,Thu,,,
Hồ Chí Minh,Đông Nam Bộ,2025-10-12,26.32,30.6,24.119999999999997,32.17999999999999,37.8,29.24,12.559999999999999,12.559999999999999,0.0,15.8,89.6,11.08,25.919999999999998,17.056,1009.14,95.8,24.36,0.0,3.4579999999999997,10.8967,106.7832,7.702,11.92,10,41,63,119,1970-01-21 08:57:27.660,1970-01-21 08:58:10.584,Thu,,,
Hồ Chí Minh,Đông Nam Bộ,2025-10-13,25.939999999999998,29.339999999999996,24.14,31.6,36.78,29.18,19.48,19.48,0.0,15.8,91.4,11.16,26.919999999999998,13.728,1009.3799999999999,99.6,24.4,0.0,2.794,10.8967,106.7832,4.744,11.912,10,42,63,123,1970-01-21 08:58:54.072,1970-01-21 08:59:36.960,Thu,,,
Hồ Chí Minh,Đông Nam Bộ,2025-10-14,26.839999999999996,31.080000000000002,24.18,32.480000000000004,37.86,29.160000000000004,15.16,15.16,0.0,14.2,87.0,10.3,24.119999999999997,19.628,1009.28,90.4,24.259999999999998,0.0,4.034000000000001,10.8967,106.7832,9.308,11.902000000000001,10,42,63,109,1970-01-21 09:00:20.472,1970-01-21 09:01:03.324,Thu,,,
Hồ Chí Minh,Đông Nam Bộ,2025-10-15,27.360000000000003,32.56,24.44,33.339999999999996,38.86,29.7,4.26,4.26,0.0,3.6,85.0,15.440000000000001,34.12,21.84,1007.9799999999999,75.4,24.419999999999998,0.0,4.478,10.8967,106.7832,10.214,11.892,10,42,63,22,1970-01-21 09:01:46.884,1970-01-21 09:02:29.700,Thu,,,
Hồ Chí Minh,Đông Nam Bộ,2025-10-16,27.4,32.44,24.4,33.160000000000004,39.339999999999996,29.560000000000002,4.34,4.34,0.0,3.6,85.0,12.74,32.04,21.046,1007.6,89.2,24.44,0.0,4.34,10.8967,106.7832,10.906,11.882000000000001,10,42,61,6,1970-01-21 09:03:13.284,1970-01-21 09:03:56.064,Thu,,,
Hồ Chí Minh,Đông Nam Bộ,2025-10-17,27.52,32.44,24.64,33.42,39.67999999999999,29.7,5.74,5.74,0.0,8.2,84.0,11.26,27.52,20.222,1008.4200000000001,98.8,24.44,0.0,4.266,10.8967,106.7832,10.41,11.872,10,42,61,5,1970-01-21 09:04:39.696,1970-01-21 09:05:22.440,Thu,,,
Hồ Chí Minh,Đông Nam Bộ,2025-10-18,26.639999999999997,31.96,24.5,32.6,38.78,29.919999999999998,11.2,11.2,0.0,8.8,88.2,16.4,32.78,18.19,1008.22,99.0,24.419999999999998,0.0,3.7159999999999997,10.8967,106.7832,8.76,11.861999999999998,10,42,63,61,1970-01-21 09:06:06.120,1970-01-21 09:06:48.804,Thu,,,
Hồ Chí Minh,Đông Nam Bộ,2025-10-19,27.7,32.660000000000004,24.5,33.62,39.08,29.560000000000002,0.1,0.1,0.0,1.0,83.4,8.18,20.4,22.012,1006.6,81.4,24.339999999999996,0.0,4.572,10.8967,106.7832,10.856,11.856,10,42,51,11,1970-01-21 09:07:32.520,1970-01-21 09:08:15.180,Thu,,,
Hồ Chí Minh,Đông Nam Bộ,2025-10-20,27.78,33.160000000000004,24.7,33.36,39.38,29.839999999999996,14.4,14.4,0.0,7.6,84.0,13.8,30.060000000000002,21.506,1006.5200000000001,95.0,24.46,0.0,4.532,10.8967,106.7832,10.842,11.846,10,43,63,316,1970-01-21 09:08:58.920,1970-01-21 09:09:41.544,Thu,,,
Hồ Chí Minh,Đông Nam Bộ,2025-10-21,27.339999999999996,32.1,24.68,33.12,38.8,30.119999999999997,10.86,10.86,0.0,12.6,86.6,14.220000000000002,33.92,19.904,1007.4799999999999,99.6,24.72,0.0,4.09,10.8967,106.7832,10.022,11.836,10,43,63,2,1970-01-21 09:10:25.320,1970-01-21 09:11:07.920,Thu,,,
Hồ Chí Minh,Đông Nam Bộ,2025-10-22,26.82,31.76,24.16,32.94,39.660000000000004,28.96,20.2,20.2,0.0,13.6,89.0,11.059999999999999,25.36,17.862000000000002,1008.0600000000001,99.0,24.740000000000002,0.0,3.686,10.8967,106.7832,8.828,11.826,10,43,63,47,1970-01-21 09:11:51.720,1970-01-21 09:12:34.308,Thu,,,
Hồ Chí Minh,Đông Nam Bộ,2025-10-23,26.7,31.2,24.06,32.519999999999996,38.46,29.18,6.58,6.58,0.0,7.0,87.8,9.36,27.28,18.646,1008.78,98.0,24.36,0.0,3.836,10.8967,106.7832,8.862,11.818000000000001,10,43,63,351,1970-01-21 09:13:18.120,1970-01-21 09:14:00.672,Thu,,,
Hồ Chí Minh,Đông Nam Bộ,2025-10-24,26.860000000000003,31.74,24.740000000000002,33.1,39.58,30.18,12.620000000000001,12.620000000000001,0.0,10.8,88.6,9.879999999999999,25.119999999999997,18.4,1008.8399999999999,99.0,24.619999999999997,0.0,3.804,10.8967,106.7832,8.038,11.808000000000002,10,43,63,33,1970-01-21 09:14:44.544,1970-01-21 09:15:27.060,Thu,,,
Hồ Chí Minh,Đông Nam Bộ,2025-10-25,25.82,28.360000000000003,23.78,31.080000000000002,33.82,28.52,6.539999999999999,6.539999999999999,0.0,10.4,90.6,10.64,21.82,9.126,1008.68,100.0,24.119999999999997,0.0,1.9739999999999998,10.8967,106.7832,0.488,11.8,10,43,61,325,1970-01-21 09:16:10.944,1970-01-21 09:16:53.424,Thu,,,
Hồ Chí Minh,Đông Nam Bộ,2025-10-26,26.28,30.5,23.619999999999997,31.8,36.7,28.68,8.459999999999999,8.459999999999999,0.0,10.8,87.6,8.42,18.64,15.366,1009.14,97.6,23.919999999999998,0.0,3.2119999999999997,10.8967,106.7832,6.33,11.79,10,43,61,213,1970-01-21 09:17:37.380,1970-01-21 09:18:19.800,Thu,,,
Hồ Chí Minh,Đông Nam Bộ,2025-10-27,25.919999999999998,29.98,23.46,31.22,36.72,28.639999999999997,9.4,9.4,0.0,13.6,89.0,14.680000000000001,32.34,17.19,1009.24,93.8,23.82,0.0,3.4519999999999995,10.8967,106.7832,9.181999999999999,11.78,10,44,61,317,1970-01-21 09:19:03.780,1970-01-21 09:19:46.188,Thu,,,
Hồ Chí Minh,Đông Nam Bộ,2025-10-28,25.639999999999997,29.2,24.3,31.32,35.08,29.26,27.22,27.22,0.0,21.0,92.2,8.4,20.46,10.828,1008.4799999999999,100.0,24.259999999999998,0.0,2.222,10.8967,106.7832,4.002,11.77,10,44,65,153,1970-01-21 09:20:30.180,1970-01-21 09:21:12.552,Thu,,,
Hồ Chí Minh,Đông Nam Bộ,2025-10-29,25.96,28.96,24.28,31.18,34.14,29.22,8.32,8.32,0.0,16.4,90.4,11.940000000000001,26.919999999999998,12.815999999999999,1008.0,100.0,24.2,0.0,2.622,10.8967,106.7832,5.772,11.76,10,44,61,91,1970-01-21 09:21:56.580,1970-01-21 09:22:38.940,Thu,,,
Hồ Chí Minh,Đông Nam Bộ,2025-10-30,26.0,28.18,24.380000000000003,31.119999999999997,34.08,28.9,8.940000000000001,8.940000000000001,0.0,19.6,91.8,15.040000000000001,29.880000000000003,8.331999999999999,1009.18,98.2,24.48,0.0,1.748,10.8967,106.7832,1.966,11.75,10,44,63,148,1970-01-21 09:23:23.004,1970-01-21 09:24:05.328,Thu,,,
Hồ Chí Minh,Đông Nam Bộ,2025-10-31,26.76,30.660000000000004,24.2,32.339999999999996,37.4,29.119999999999997,9.26,9.26,0.0,8.4,88.0,13.66,33.56,17.032,1011.4,79.8,24.52,0.0,3.4,10.8967,106.7832,10.292,11.746,10,44,63,137,1970-01-21 09:24:49.416,1970-01-21 09:25:31.692,Thu,,,
Hồ Chí Minh,Đông Nam Bộ,2025-11-01,26.160000000000004,30.28,24.28,32.06,37.36,29.439999999999998,28.159999999999997,28.159999999999997,0.0,16.6,90.8,9.0,25.56,14.702000000000002,1011.4399999999999,93.0,24.48,0.0,2.978,10.8967,106.7832,7.388,11.736,11,44,65,10,1970-01-21 09:26:15.840,1970-01-21 09:26:58.080,Thu,,,
Hồ Chí Minh,Đông Nam Bộ,2025-11-02,26.419999999999998,30.860000000000003,23.919999999999998,31.74,36.64,28.860000000000003,10.64,10.64,0.0,10.4,86.0,10.28,23.9,17.946,1010.4200000000001,99.0,23.740000000000002,0.0,3.724,10.8967,106.7832,8.292,11.73,11,44,61,286,1970-01-21 09:27:42.240,1970-01-21 09:28:24.468,Thu,,,
Hồ Chí Minh,Đông Nam Bộ,2025-11-03,25.98,28.78,24.080000000000002,31.54,34.339999999999996,29.04,16.44,16.44,0.0,13.2,90.2,10.120000000000001,23.56,13.069999999999999,1009.5799999999999,92.2,24.160000000000004,0.0,2.632,10.8967,106.7832,6.076,11.72,11,45,63,292,1970-01-21 09:29:08.664,1970-01-21 09:29:50.844,Thu,,,
Hồ Chí Minh,Đông Nam Bộ,2025-11-04,26.360000000000003,30.439999999999998,24.080000000000002,32.019999999999996,36.66,29.080000000000002,21.06,21.06,0.0,16.2,88.8,9.940000000000001,21.34,16.834,1009.18,93.8,24.240000000000002,0.0,3.3939999999999997,10.8967,106.7832,9.41,11.71,11,45,63,337,1970-01-21 09:30:35.064,1970-01-21 09:31:17.232,Thu,,,
Hồ Chí Minh,Đông Nam Bộ,2025-11-05,25.939999999999998,30.0,24.02,31.7,36.06,29.6,8.080000000000002,8.080000000000002,0.0,11.8,90.6,8.940000000000001,19.52,12.892000000000001,1008.04,100.0,24.18,0.0,2.654,10.8967,106.7832,5.564,11.7,11,45,63,23,1970-01-21 09:32:01.500,1970-01-21 09:32:43.620,Thu,,,
Hồ Chí Minh,Đông Nam Bộ,2025-11-06,25.72,28.1,24.02,30.8,32.72,29.060000000000002,6.779999999999999,6.779999999999999,0.0,13.6,92.0,13.98,26.5,6.992,1006.2,100.0,24.240000000000002,0.0,1.576,10.8967,106.7832,0.0,11.696,11,45,61,278,1970-01-21 09:33:27.900,1970-01-21 09:34:10.020,Thu,,,
Hồ Chí Minh,Đông Nam Bộ,2025-11-07,26.119999999999997,30.96,24.060000000000002,31.360000000000003,37.8,28.4,19.68,19.68,0.0,19.4,90.4,15.219999999999999,32.18,15.172,1007.8,99.8,24.240000000000002,0.0,3.104,10.8967,106.7832,7.422,11.69,11,45,61,211,1970-01-21 09:34:54.324,1970-01-21 09:35:36.408,Thu,,,
Hồ Chí Minh,Đông Nam Bộ,2025-11-08,26.660000000000004,31.18,24.02,32.5,37.86,29.3,5.16,5.16,0.0,10.2,88.2,11.18,24.619999999999997,18.875999999999998,1010.0,83.2,24.4,0.0,3.84,10.8967,106.7832,10.422,11.68,11,45,63,129,1970-01-21 09:36:20.760,1970-01-21 09:37:02.784,Thu,,,
Hồ Chí Minh,Đông Nam Bộ,2025-11-09,26.639999999999997,31.339999999999996,23.880000000000003,32.72,39.12,29.119999999999997,8.58,8.58,0.0,9.6,88.4,12.319999999999999,27.939999999999998,18.264,1009.4399999999999,91.8,24.4,0.0,3.7380000000000004,10.8967,106.7832,9.718,11.67,11,45,63,135,1970-01-21 09:37:47.160,1970-01-21 09:38:29.184,Thu,,,
Hồ Chí Minh,Đông Nam Bộ,2025-11-10,26.98,31.52,24.3,32.96,38.22,29.78,3.3,3.3,0.0,9.6,86.6,12.419999999999998,25.7,19.334,1008.78,98.2,24.36,0.0,3.992,10.8967,106.7832,10.386,11.66,11,46,55,169,1970-01-21 09:39:13.584,1970-01-21 09:39:55.572,Thu,,,
Hồ Chí Minh,Đông Nam Bộ,2025-11-11,26.6,31.32,23.28,32.06,38.339999999999996,27.52,7.68,7.68,0.0,11.0,86.4,11.28,22.880000000000003,16.606,1009.5200000000001,100.0,23.96,0.0,3.478,10.8967,106.7832,8.532,11.656,11,46,63,83,1970-01-21 09:40:40.020,1970-01-21 09:41:21.972,Thu,,,
Hồ Chí Minh,Đông Nam Bộ,2025-11-12,26.160000000000004,30.82,24.22,31.78,37.739999999999995,29.560000000000002,8.02,8.02,0.0,10.2,89.6,14.38,30.18,16.708,1010.64,94.4,24.18,0.0,3.338,10.8967,106.7832,10.464,11.65,11,46,63,110,1970-01-21 09:42:06.420,1970-01-21 09:42:48.360,Thu,,,
Hồ Chí Minh,Đông Nam Bộ,2025-11-13,26.48,31.1,23.5,31.880000000000003,37.379999999999995,28.339999999999996,4.64,4.64,0.0,8.6,87.6,10.959999999999999,22.46,18.522,1011.4799999999999,91.8,24.04,0.0,3.7619999999999996,10.8967,106.7832,10.8,11.64,11,46,61,1,1970-01-21 09:43:32.844,1970-01-21 09:44:14.760,Thu,,,
Hồ Chí Minh,Đông Nam Bộ,2025-11-14,26.6,31.24,23.48,30.98,35.06,27.9,0.33999999999999997,0.33999999999999997,0.0,1.4,78.4,11.72,24.84,21.686,1010.8399999999999,84.4,21.96,0.0,4.518,10.8967,106.7832,10.736,11.63,11,46,51,328,1970-01-21 09:44:59.280,1970-01-21 09:45:41.148,Thu,,,
Hồ Chí Minh,Đông Nam Bộ,2025-11-15,25.78,31.02,20.48,29.26,35.58,22.1,0.0,0.0,0.0,0.0,72.6,9.620000000000001,20.28,21.198,1010.9,57.4,20.259999999999998,0.0,4.41,10.8967,106.7832,11.0,11.626000000000001,11,46,3,16,1970-01-21 09:46:25.704,1970-01-21 09:47:07.548,Thu,,,
Hồ Chí Minh,Đông Nam Bộ,2025-11-16,25.380000000000003,29.119999999999997,23.6,30.02,34.18,27.04,18.6,18.6,0.0,11.6,87.0,12.139999999999999,30.82,11.3,1011.0600000000001,93.2,22.98,0.0,2.372,10.8967,106.7832,6.066,11.62,11,46,65,2,1970-01-21 09:47:52.116,1970-01-21 09:48:33.948,Thu,,,
Hồ Chí Minh,Đông Nam Bộ,2025-11-17,25.419999999999998,28.339999999999996,23.4,30.6,33.17999999999999,28.32,15.7,15.7,0.0,17.2,90.8,9.18,25.119999999999997,7.924000000000001,1011.24,100.0,23.7,0.0,1.738,10.8967,106.7832,0.952,11.61,11,47,63,11,1970-01-21 09:49:18.540,1970-01-21 09:50:00.348,Thu,,,
Hồ Chí Minh,Đông Nam Bộ,2025-11-18,26.0,29.880000000000003,24.080000000000002,31.580000000000002,36.32,28.76,13.84,13.84,0.0,11.2,90.8,12.819999999999999,35.0,14.991999999999999,1010.2,82.8,24.3,0.0,2.984,10.8967,106.7832,9.120000000000001,11.606,11,47,63,18,1970-01-21 09:50:44.964,1970-01-21 09:51:26.748,Thu,,,
Hồ Chí Minh,Đông Nam Bộ,2025-11-19,25.44,30.339999999999996,23.32,30.419999999999998,36.9,27.02,30.720000000000006,30.720000000000006,0.0,11.4,90.4,14.48,35.480000000000004,13.674000000000001,1010.6600000000001,94.4,23.64,0.0,2.786,10.8967,106.7832,6.9,11.6,11,47,65,1,1970-01-21 09:52:11.400,1970-01-21 09:52:53.148,Thu,,,
Hồ Chí Minh,Đông Nam Bộ,2025-11-20,25.46,28.919999999999998,22.5,29.02,33.28,25.04,0.78,0.78,0.0,4.2,81.8,14.120000000000001,26.860000000000003,12.104000000000001,1011.0799999999999,95.2,22.020000000000003,0.0,2.778,10.8967,106.7832,6.062,11.59,11,47,51,2,1970-01-21 09:53:37.824,1970-01-21 09:54:19.548,Thu,,,
Hồ Chí Minh,Đông Nam Bộ,2025-11-21,25.759999999999998,29.5,23.22,29.439999999999998,33.82,26.0,1.6600000000000001,1.6600000000000001,0.0,2.0,79.0,13.8,26.979999999999997,12.745999999999999,1011.4399999999999,96.6,21.8,0.0,2.946,10.8967,106.7832,5.928,11.586,11,47,53,3,1970-01-21 09:55:04.236,1970-01-21 09:55:45.948,Thu,,,
Hồ Chí Minh,Đông Nam Bộ,2025-11-22,24.98,27.060000000000002,23.48,29.04,30.68,26.919999999999998,3.34,3.34,0.0,9.4,84.2,10.24,23.9,6.162000000000001,1011.0200000000001,100.0,22.1,0.0,1.552,10.8967,106.7832,0.398,11.58,11,47,53,10,1970-01-21 09:56:30.660,1970-01-21 09:57:12.348,Thu,,,
Hồ Chí Minh,Đông Nam Bộ,2025-11-23,25.939999999999998,30.8,23.48,30.98,36.32000000000001,28.080000000000002,3.7,3.7,0.0,10.2,86.4,13.24,34.7,15.912,1010.1200000000001,92.0,23.32,0.0,3.3280000000000003,10.8967,106.7832,7.8180000000000005,11.576,11,47,53,5,1970-01-21 09:57:57.084,1970-01-21 09:58:38.760,Thu,,,
Hồ Chí Minh,Đông Nam Bộ,2025-11-24,27.02,32.12,23.46,32.42,37.86,28.060000000000002,3.44,3.44,0.0,5.6,83.6,11.459999999999999,24.259999999999998,19.976,1009.36,83.6,23.68,0.0,4.15,10.8967,106.7832,11.0,11.57,11,48,51,13,1970-01-21 09:59:23.520,1970-01-21 10:00:05.172,Thu,,,
Hồ Chí Minh,Đông Nam Bộ,2025-11-25,26.759999999999998,31.439999999999998,23.419999999999998,30.4,36.28,25.74,0.08,0.08,0.0,0.6,75.6,15.88,31.26,20.162,1008.96,73.8,21.78,0.0,4.6240000000000006,10.8967,106.7832,11.004,11.562000000000001,11,48,3,1,1970-01-21 10:00:49.944,1970-01-21 10:01:31.572,Thu,,,
Hồ Chí Minh,Đông Nam Bộ,2025-11-26,25.919999999999998,30.32,22.18,28.78,35.0,24.28,0.0,0.0,0.0,0.0,70.2,14.9,27.339999999999996,19.954,1009.46,87.4,20.0,0.0,4.564,10.8967,106.7832,10.762,11.558,11,48,3,10,1970-01-21 10:02:16.380,1970-01-21 10:02:57.984,Thu,,,
Hồ Chí Minh,Đông Nam Bộ,2025-11-27,25.5,30.080000000000002,21.92,27.28,33.88,22.56,0.0,0.0,0.0,0.0,67.8,17.9,34.42,20.048000000000002,1009.96,99.2,19.0,0.0,4.85,10.8967,106.7832,11.0,11.552000000000001,11,48,3,358,1970-01-21 10:03:42.804,1970-01-21 10:04:24.384,Thu,,,
Hồ Chí Minh,Đông Nam Bộ,2025-11-28,24.34,28.660000000000004,19.86,25.56,31.919999999999998,19.2,0.0,0.0,0.0,0.0,65.6,18.28,34.339999999999996,19.407999999999998,1009.9200000000001,99.6,17.46,0.0,4.622,10.8967,106.7832,10.2,11.548,11,48,3,340,1970-01-21 10:05:09.240,1970-01-21 10:05:50.808,Thu,,,
Hồ Chí Minh,Đông Nam Bộ,2025-11-29,25.32,30.139999999999997,20.86,28.52,34.42,22.78,0.0,0.0,0.0,0.0,74.6,10.559999999999999,23.32,19.4,1009.64,96.6,20.3,0.0,4.029999999999999,10.8967,106.7832,11.0,11.541999999999998,11,48,3,313,1970-01-21 10:06:35.664,1970-01-21 10:07:17.220,Thu,,,
Hồ Chí Minh,Đông Nam Bộ,2025-11-30,26.5,31.080000000000002,22.04,31.139999999999997,36.760000000000005,25.74,0.33999999999999997,0.33999999999999997,0.0,2.6,78.4,8.78,18.78,19.668,1010.0200000000001,29.0,22.16,0.0,4.058,10.8967,106.7832,11.0,11.538,11,48,51,255,1970-01-21 10:08:02.100,1970-01-21 10:08:43.632,Thu,,,
Hồ Chí Minh,Đông Nam Bộ,2025-12-01,27.5,32.18,23.380000000000003,32.54,37.4,28.32,0.14,0.14,0.0,1.0,77.8,10.16,19.240000000000002,19.746,1010.14,39.6,22.86,0.0,4.1579999999999995,10.8967,106.7832,11.0,11.532,12,49,51,69,1970-01-21 10:09:28.524,1970-01-21 10:10:10.044,Đông,,,
Hồ Chí Minh,Đông Nam Bộ,2025-12-02,26.76,31.139999999999997,24.02,32.120000000000005,36.760000000000005,28.619999999999997,6.0600000000000005,6.0600000000000005,0.0,12.4,85.4,10.459999999999999,20.3,15.246,1010.5,77.6,23.880000000000003,0.0,3.162,10.8967,106.7832,10.412,11.528,12,49,55,138,1970-01-21 10:10:54.960,1970-01-21 10:11:36.468,Đông,,,
Hồ Chí Minh,Đông Nam Bộ,2025-12-03,25.8,30.419999999999998,23.48,31.139999999999997,36.46,27.98,33.5,33.5,0.0,17.4,89.8,10.48,25.76,14.12,1011.0600000000001,86.0,23.880000000000003,0.0,2.884,10.8967,106.7832,8.906,11.526,12,49,65,11,1970-01-21 10:12:21.384,1970-01-21 10:13:02.868,Đông,,,
Hồ Chí Minh,Đông Nam Bộ,2025-12-04,25.96,30.080000000000002,23.580000000000002,30.22,34.0,26.560000000000002,11.879999999999999,11.879999999999999,0.0,10.8,86.0,19.2,38.739999999999995,14.474,1011.5,75.4,23.28,0.0,3.058,10.8967,106.7832,7.264,11.52,12,49,63,106,1970-01-21 10:13:47.820,1970-01-21 10:14:29.292,Đông,,,
Hồ Chí Minh,Đông Nam Bộ,2025-12-05,26.560000000000002,30.880000000000003,23.119999999999997,31.74,36.8,27.580000000000002,0.76,0.76,0.0,2.2,82.6,8.94,20.14,19.798000000000002,1012.5200000000001,53.8,23.04,0.0,4.029999999999999,10.8967,106.7832,10.804,11.516,12,49,53,34,1970-01-21 10:15:14.244,1970-01-21 10:15:55.704,Đông,,,
Hồ Chí Minh,Đông Nam Bộ,2025-12-06,25.82,29.96,22.04,30.119999999999997,34.72,25.54,0.4,0.4,0.0,2.2,79.4,10.1,20.32,17.85,1012.32,41.2,21.74,0.0,3.632,10.8967,106.7832,10.978,11.512,12,49,3,7,1970-01-21 10:16:40.680,1970-01-21 10:17:22.128,Đông,,,
Hồ Chí Minh,Đông Nam Bộ,2025-12-07,25.58,30.28,20.94,29.5,35.06,23.74,0.24,0.24,0.0,1.6,77.2,9.96,20.1,20.086,1012.1,69.0,21.06,0.0,4.108,10.8967,106.7832,11.02,11.51,12,49,51,1,1970-01-21 10:18:07.104,1970-01-21 10:18:48.552,Đông,,,
Hồ Chí Minh,Đông Nam Bộ,2025-12-08,24.84,29.52,20.1,27.22,33.32,21.08,0.0,0.0,0.0,0.0,69.8,12.68,25.92,20.53,1012.0,97.4,18.68,0.0,4.394,10.8967,106.7832,10.946,11.506,12,50,3,1,1970-01-21 10:19:33.552,1970-01-21 10:20:14.964,Đông,,,
Hồ Chí Minh,Đông Nam Bộ,2025-12-09,25.660000000000004,29.839999999999996,21.42,28.880000000000003,33.86,24.54,0.04,0.04,0.0,0.4,73.8,11.9,23.7,18.964,1011.12,98.0,20.360000000000003,0.0,4.1259999999999994,10.8967,106.7832,10.538,11.506,12,50,3,353,1970-01-21 10:20:59.976,1970-01-21 10:21:41.388,Đông,,,
Hồ Chí Minh,Đông Nam Bộ,2025-12-10,25.36,30.06,23.24,29.2,34.7,25.42,12.38,12.38,0.0,7.4,81.6,13.82,30.9,12.844,1010.6,94.4,21.86,0.0,2.82,10.8967,106.7832,6.554,11.5,12,50,63,10,1970-01-21 10:22:26.412,1970-01-21 10:23:07.812,Đông,,,
Hồ Chí Minh,Đông Nam Bộ,2025-12-11,26.339999999999996,30.839999999999996,22.86,30.660000000000004,34.92,27.339999999999996,5.82,5.82,0.0,3.0,82.0,15.32,39.82,13.652,1010.6,94.0,22.74,0.0,3.148,10.8967,106.7832,6.718000000000001,11.498,12,50,63,101,1970-01-21 10:23:52.836,1970-01-21 10:24:34.236,Đông,,,
Hồ Chí Minh,Đông Nam Bộ,2025-12-12,27.02,31.339999999999996,23.26,31.6,36.44,27.26,0.12,0.12,0.0,1.0,77.4,9.7,21.32,18.996,1010.28,80.2,22.44,0.0,4.032,10.8967,106.7832,10.91,11.496,12,50,3,91,1970-01-21 10:25:19.272,1970-01-21 10:26:00.648,Đông,,,
Hồ Chí Minh,Đông Nam Bộ,2025-12-13,26.56,31.54,23.04,32.1,37.94,27.24,9.42,9.42,0.0,4.4,85.2,11.6,27.44,18.009999999999998,1010.1,98.6,23.619999999999997,0.0,3.704,10.8967,106.7832,9.966,11.496,12,50,65,19,1970-01-21 10:26:45.708,1970-01-21 10:27:27.072,Đông,,,
Hồ Chí Minh,Đông Nam Bộ,2025-12-14,26.860000000000003,31.360000000000003,23.16,31.74,36.42,27.32,0.18,0.18,0.0,1.4,79.8,8.2,24.32,19.094,1010.28,91.2,22.68,0.0,3.942,10.8967,106.7832,10.896,11.492,12,50,51,10,1970-01-21 10:28:12.132,1970-01-21 10:28:53.508,Đông,,,
Hồ Chí Minh,Đông Nam Bộ,2025-12-15,26.76,31.32,23.1,31.04,36.059999999999995,26.48,0.0,0.0,0.0,0.0,75.4,10.52,20.58,18.91,1011.08,90.0,21.74,0.0,3.966,10.8967,106.7832,10.588,11.49,12,51,3,2,1970-01-21 10:29:38.568,1970-01-21 10:30:19.932,Đông,,,
Hồ Chí Minh,Đông Nam Bộ,2025-12-16,26.48,31.660000000000004,23.02,31.58,37.739999999999995,27.26,1.38,1.38,0.0,2.6,81.6,8.3,22.68,19.868,1010.96,78.4,22.82,0.0,4.0600000000000005,10.8967,106.7832,10.92,11.488,12,51,51,3,1970-01-21 10:31:04.992,1970-01-21 10:31:46.356,Đông,,,
Hồ Chí Minh,Đông Nam Bộ,2025-12-17,26.2,31.68,22.7,31.42,37.58,27.380000000000003,2.72,2.72,0.0,5.8,84.8,12.62,28.52,18.902,1011.16,54.2,23.119999999999997,0.0,3.844,10.8967,106.7832,10.854,11.488,12,51,53,3,1970-01-21 10:32:31.428,1970-01-21 10:33:12.792,Đông,,,
Hồ Chí Minh,Đông Nam Bộ,2025-12-18,26.54,31.160000000000004,22.880000000000003,31.26,36.52,27.24,0.5399999999999999,0.5399999999999999,0.0,2.0,79.2,10.06,19.0,18.93,1010.68,82.8,22.24,0.0,3.906,10.8967,106.7832,10.858,11.486,12,51,51,4,1970-01-21 10:33:57.864,1970-01-21 10:34:39.204,Đông,,,
Hồ Chí Minh,Đông Nam Bộ,2025-12-19,26.839999999999996,31.78,22.66,31.379999999999995,37.16,25.46,0.36,0.36,0.0,2.4,76.8,10.42,22.9,19.742,1009.22,84.0,22.04,0.0,4.122,10.8967,106.7832,10.89,11.486,12,51,51,7,1970-01-21 10:35:24.288,1970-01-21 10:36:05.628,Đông,,,
Hồ Chí Minh,Đông Nam Bộ,2025-12-20,27.139999999999997,31.92,23.4,32.17999999999999,36.78,28.46,0.1,0.1,0.0,1.0,79.6,11.36,21.44,19.438,1008.8,92.4,22.880000000000003,0.0,4.09,10.8967,106.7832,10.784,11.486,12,51,51,7,1970-01-21 10:36:50.724,1970-01-21 10:37:32.064,Đông,,,
Hồ Chí Minh,Đông Nam Bộ,2025-12-21,26.96,32.14,23.26,31.92,38.42,26.72,0.7,0.7,0.0,2.4,79.4,11.64,30.68,19.658,1009.2,83.8,22.74,0.0,4.072,10.8967,106.7832,10.984,11.486,12,51,51,21,1970-01-21 10:38:17.148,1970-01-21 10:38:58.488,Đông,,,
Hồ Chí Minh,Đông Nam Bộ,2025-12-22,27.48,32.28,23.44,32.36,37.06,28.160000000000004,0.24,0.24,0.0,1.6,77.8,11.58,23.68,19.426,1009.04,93.4,22.82,0.0,4.122,10.8967,106.7832,10.96,11.486,12,52,3,27,1970-01-21 10:39:43.584,1970-01-21 10:40:24.924,Đông,,,
Hồ Chí Minh,Đông Nam Bộ,2025-12-23,27.18,31.92,23.92,32.28,37.78,28.68,0.36,0.36,0.0,2.2,80.4,12.56,25.92,18.672,1008.9,91.8,23.16,0.0,3.915999999999999,10.8967,106.7832,10.37,11.486,12,52,51,236,1970-01-21 10:41:10.008,1970-01-21 10:41:51.372,Đông,,,
Hồ Chí Minh,Đông Nam Bộ,2025-12-24,26.98,31.92,24.139999999999997,32.3,37.56,28.7,14.78,14.78,0.0,6.2,82.6,10.080000000000002,24.1,17.106,1008.48,92.2,23.48,0.0,3.5759999999999996,10.8967,106.7832,10.018,11.486,12,52,63,40,1970-01-21 10:42:36.444,1970-01-21 10:43:17.784,Đông,,,
Hồ Chí Minh,Đông Nam Bộ,2025-12-25,26.119999999999997,30.619999999999997,24.14,31.56,36.12,29.360000000000003,21.1,21.1,0.0,12.4,89.0,14.080000000000002,29.380000000000003,13.534,1009.38,87.8,24.08,0.0,2.7619999999999996,10.8967,106.7832,8.076,11.488,12,52,65,35,1970-01-21 10:44:02.868,1970-01-21 10:44:44.232,Đông,,,
Hồ Chí Minh,Đông Nam Bộ,2025-12-26,26.26,30.880000000000003,22.880000000000003,30.94,36.16,26.639999999999997,0.72,0.72,0.0,2.8,82.6,10.86,23.48,17.669999999999998,1010.32,78.8,22.76,0.0,3.704,10.8967,106.7832,10.175999999999998,11.488,12,52,3,9,1970-01-21 10:45:29.304,1970-01-21 10:46:10.668,Đông,,,
Hồ Chí Minh,Đông Nam Bộ,2025-12-27,25.5,29.76,22.68,29.839999999999996,34.38,25.94,1.82,1.82,0.0,3.8,81.6,11.56,24.34,15.998,1011.3,95.4,21.96,0.0,3.2619999999999996,10.8967,106.7832,9.882,11.488,12,52,61,4,1970-01-21 10:46:55.728,1970-01-21 10:47:37.092,Đông,,,
Hồ Chí Minh,Đông Nam Bộ,2025-12-28,25.76,30.72,21.64,29.98,35.96,24.8,0.1,0.1,0.0,0.4,79.0,11.96,23.04,19.816,1011.92,35.2,21.54,0.0,4.026,10.8967,106.7832,11.136,11.492,12,52,3,43,1970-01-21 10:48:22.152,1970-01-21 10:49:03.528,Đông,,,
Hồ Chí Minh,Đông Nam Bộ,2025-12-29,25.68,30.78,22.28,29.32,34.18,25.839999999999996,0.0,0.0,0.0,0.0,76.6,12.6,23.84,20.914,1011.52,60.8,20.6,0.0,4.2700000000000005,10.8967,106.7832,10.762,11.492,12,1,3,18,1970-01-21 10:49:48.576,1970-01-21 10:50:29.952,Đông,,,
Hồ Chí Minh,Đông Nam Bộ,2025-12-30,24.84,30.04,20.74,28.18,33.92,24.18,0.0,0.0,0.0,0.0,75.6,10.86,22.18,20.96,1010.7,66.8,19.660000000000004,0.0,4.228,10.8967,106.7832,10.896,11.496,12,1,3,29,1970-01-21 10:51:15.012,1970-01-21 10:51:56.388,Đông,,,
Hồ Chí Minh,Đông Nam Bộ,2025-12-31,24.74,29.98,20.22,27.76,33.660000000000004,23.26,0.0,0.0,0.0,0.0,74.4,13.98,26.7,20.476,1009.62,53.6,19.52,0.0,4.242,10.8967,106.7832,11.286,11.496,12,1,3,86,1970-01-21 10:52:41.424,1970-01-21 10:53:22.812,Đông,,,
Hồ Chí Minh,Đông Nam Bộ,2026-01-01,24.68,29.7,20.08,27.360000000000003,32.7,22.84,0.0,0.0,0.0,0.0,73.2,14.02,25.76,18.704,1010.72,53.6,19.14,0.0,3.942,10.8967,106.7832,11.248,11.498,1,1,3,84,1970-01-21 10:54:07.860,1970-01-21 10:54:49.248,Đông,,,
Hồ Chí Minh,Đông Nam Bộ,2026-01-02,25.0,30.380000000000003,20.52,27.639999999999997,33.8,22.46,0.0,0.0,0.0,0.0,70.0,12.4,25.860000000000003,20.712,1012.12,62.0,18.72,0.0,4.354,10.8967,106.7832,11.016,11.502,1,1,3,28,1970-01-21 10:55:34.284,1970-01-21 10:56:15.672,Đông,,,
Hồ Chí Minh,Đông Nam Bộ,2026-01-03,24.76,29.619999999999997,20.04,26.96,32.96,21.46,0.02,0.02,0.0,0.2,67.0,10.84,21.76,18.154,1013.12,48.2,17.9,0.0,3.966,10.8967,106.7832,9.82,11.506,1,1,3,48,1970-01-21 10:57:00.684,1970-01-21 10:57:42.108,Đông,,,
Hồ Chí Minh,Đông Nam Bộ,2026-01-04,25.119999999999997,31.5,19.619999999999997,27.360000000000003,34.56,20.66,0.0,0.0,0.0,0.0,65.8,13.12,24.54,21.044,1012.82,81.4,17.72,0.0,4.444,10.8967,106.7832,10.914,11.506,1,1,3,12,1970-01-21 10:58:27.120,1970-01-21 10:59:08.532,Đông,,,
Hồ Chí Minh,Đông Nam Bộ,2026-01-05,25.839999999999996,30.860000000000003,22.64,29.660000000000004,34.839999999999996,26.119999999999997,1.3199999999999998,1.3199999999999998,0.0,3.0,76.2,10.36,19.6,15.438,1012.76,92.6,20.94,0.0,3.2939999999999996,10.8967,106.7832,8.908,11.51,1,2,61,12,1970-01-21 10:59:53.544,1970-01-21 11:00:34.968,Đông,,,
Hồ Chí Minh,Đông Nam Bộ,2026-01-06,25.18,29.78,23.06,29.839999999999996,34.839999999999996,27.1,20.14,20.14,0.0,9.2,86.0,11.04,25.360000000000003,13.657999999999998,1013.3,99.0,22.5,0.0,2.784,10.8967,106.7832,7.988,11.516,1,2,65,66,1970-01-21 11:01:19.944,1970-01-21 11:02:01.404,Đông,,,
Hồ Chí Minh,Đông Nam Bộ,2026-01-07,25.28,30.42,21.58,27.9,33.519999999999996,23.08,0.1,0.1,0.0,1.0,70.2,14.52,28.28,17.154,1013.82,81.0,19.2,0.0,3.86,10.8967,106.7832,9.51,11.516,1,2,51,19,1970-01-21 11:02:46.380,1970-01-21 11:03:27.828,Đông,,,
Hồ Chí Minh,Đông Nam Bộ,2026-01-08,24.24,29.639999999999997,19.94,26.04,32.46,20.56,0.0,0.0,0.0,0.0,66.0,12.88,24.86,19.43,1014.94,61.0,17.1,0.0,4.24,10.8967,106.7832,11.238,11.52,1,2,3,2,1970-01-21 11:04:12.804,1970-01-21 11:04:54.264,Đông,,,
Hồ Chí Minh,Đông Nam Bộ,2026-01-09,22.52,28.339999999999996,17.1,23.68,30.96,16.96,0.0,0.0,0.0,0.0,63.8,12.38,23.619999999999997,21.886000000000003,1014.76,82.6,15.02,0.0,4.468,10.8967,106.7832,11.366,11.526,1,2,3,0,1970-01-21 11:05:39.204,1970-01-21 11:06:20.712,Đông,,,
Hồ Chí Minh,Đông Nam Bộ,2026-01-10,23.14,28.339999999999996,17.56,24.9,31.68,18.0,0.0,0.0,0.0,0.0,66.8,8.459999999999999,18.8,19.434,1014.26,42.6,16.28,0.0,3.88,10.8967,106.7832,11.35,11.53,1,2,3,329,1970-01-21 11:07:05.640,1970-01-21 11:07:47.136,Đông,,,
Hồ Chí Minh,Đông Nam Bộ,2026-01-11,24.42,29.5,19.64,27.04,33.08,22.1,0.12,0.12,0.0,0.2,71.4,10.08,20.68,16.25,1015.14,90.8,18.44,0.0,3.522,10.8967,106.7832,8.84,11.536,1,2,3,88,1970-01-21 11:08:32.052,1970-01-21 11:09:13.572,Đông,,,
Hồ Chí Minh,Đông Nam Bộ,2026-01-12,25.96,30.8,21.94,29.32,34.58,25.52,0.02,0.02,0.0,0.2,72.0,14.66,27.22,18.174,1014.44,48.2,20.0,0.0,3.908,10.8967,106.7832,10.524,11.538,1,3,3,99,1970-01-21 11:09:58.464,1970-01-21 11:10:40.008,Đông,,,
Hồ Chí Minh,Đông Nam Bộ,2026-01-13,25.3,29.56,21.68,28.839999999999996,33.260000000000005,25.380000000000003,1.44,1.44,0.0,6.6,77.4,13.28,23.82,17.233999999999998,1013.96,44.2,20.7,0.0,3.6,10.8967,106.7832,11.19,11.546,1,3,51,153,1970-01-21 11:11:24.864,1970-01-21 11:12:06.432,Đông,,,
Hồ Chí Minh,Đông Nam Bộ,2026-01-14,25.46,30.76,21.119999999999997,28.8,34.279999999999994,24.72,0.1,0.1,0.0,1.0,74.4,15.78,29.8,18.7,1012.72,37.0,20.160000000000004,0.0,3.954,10.8967,106.7832,10.79,11.548,1,3,51,121,1970-01-21 11:12:51.300,1970-01-21 11:13:32.868,Đông,,,
Hồ Chí Minh,Đông Nam Bộ,2026-01-15,25.78,31.639999999999997,21.28,29.06,35.1,25.1,0.06,0.06,0.0,0.6,75.4,16.259999999999998,31.059999999999995,19.8,1012.06,21.2,20.52,0.0,4.272,10.8967,106.7832,11.354,11.556,1,3,3,113,1970-01-21 11:14:17.700,1970-01-21 11:14:59.292,Đông,,,
Hồ Chí Minh,Đông Nam Bộ,2026-01-16,25.54,30.839999999999996,21.1,28.98,34.94,25.1,0.04,0.04,0.0,0.4,75.6,15.04,28.8,18.764,1011.08,82.4,20.4,0.0,3.998,10.8967,106.7832,11.026,11.56,1,3,3,133,1970-01-21 11:15:44.124,1970-01-21 11:16:25.728,Đông,,,
Hồ Chí Minh,Đông Nam Bộ,2026-01-17,25.5,31.4,21.139999999999997,28.56,35.0,24.76,0.0,0.0,0.0,0.0,75.0,18.2,35.519999999999996,19.892,1009.58,65.4,20.1,0.0,4.266,10.8967,106.7832,11.204,11.566,1,3,3,121,1970-01-21 11:17:10.524,1970-01-21 11:17:52.152,Đông,,,
Hồ Chí Minh,Đông Nam Bộ,2026-01-18,25.32,30.48,21.18,28.639999999999997,34.94,24.880000000000003,0.24,0.24,0.0,2.2,76.4,17.9,34.14,19.724,1009.0,52.6,20.44,0.0,4.174,10.8967,106.7832,11.15,11.57,1,3,3,137,1970-01-21 11:18:36.924,1970-01-21 11:19:18.588,Đông,,,
Hồ Chí Minh,Đông Nam Bộ,2026-01-19,25.2,29.860000000000003,21.36,28.56,34.14,25.08,0.4599999999999999,0.4599999999999999,0.0,3.6,76.6,14.4,27.94,18.604,1010.08,60.8,20.380000000000003,0.0,3.932,10.8967,106.7832,11.19,11.576,1,4,51,153,1970-01-21 11:20:03.348,1970-01-21 11:20:45.012,Đông,,,
Hồ Chí Minh,Đông Nam Bộ,2026-01-20,25.46,30.44,21.34,28.46,33.64,25.0,0.22,0.22,0.0,1.8,72.6,16.32,32.62,19.302,1011.08,49.2,19.6,0.0,4.2219999999999995,10.8967,106.7832,11.006,11.58,1,4,51,82,1970-01-21 11:21:29.760,1970-01-21 11:22:11.448,Đông,,,
Hồ Chí Minh,Đông Nam Bộ,2026-01-21,25.54,32.019999999999996,20.42,27.74,33.42,23.119999999999997,0.0,0.0,0.0,0.0,66.6,16.04,32.4,20.958,1012.24,35.6,17.52,0.0,4.7,10.8967,106.7832,11.18,11.59,1,4,3,53,1970-01-21 11:22:56.160,1970-01-21 11:23:37.872,Đông,,,
Hồ Chí Minh,Đông Nam Bộ,2026-01-22,25.82,31.52,20.42,28.48,34.6,22.24,0.0,0.0,0.0,0.0,64.8,12.1,24.24,20.502,1013.36,79.4,17.96,0.0,4.36,10.8967,106.7832,11.372,11.596,1,4,3,30,1970-01-21 11:24:22.560,1970-01-21 11:25:04.308,Đông,,,
Hồ Chí Minh,Đông Nam Bộ,2026-01-23,26.3,31.92,21.6,28.619999999999997,34.68,23.56,0.0,0.0,0.0,0.0,61.8,14.32,28.3,21.718,1014.42,50.8,17.759999999999998,0.0,4.836,10.8967,106.7832,11.458000000000002,11.6,1,4,3,5,1970-01-21 11:25:48.960,1970-01-21 11:26:30.732,Đông,,,
Hồ Chí Minh,Đông Nam Bộ,2026-01-24,25.6,30.6,20.94,28.28,34.08,23.54,0.16,0.16,0.0,1.4,68.4,13.68,26.22,19.502,1014.7,20.8,18.78,0.0,4.256,10.8967,106.7832,11.416,11.61,1,4,3,91,1970-01-21 11:27:15.360,1970-01-21 11:27:57.156,Đông,,,
Hồ Chí Minh,Đông Nam Bộ,2026-01-25,25.48,31.339999999999996,20.64,27.839999999999996,33.56,23.380000000000003,0.02,0.02,0.0,0.2,67.2,14.72,29.160000000000004,20.648,1013.96,55.0,18.04,0.0,4.5280000000000005,10.8967,106.7832,11.464,11.616,1,4,3,5,1970-01-21 11:28:41.772,1970-01-21 11:29:23.580,Đông,,,
Hồ Chí Minh,Đông Nam Bộ,2026-01-26,25.5,31.68,20.54,28.02,34.38,23.6,0.0,0.0,0.0,0.0,68.4,17.06,33.92,20.708,1014.06,17.8,18.44,0.0,4.596,10.8967,106.7832,11.164,11.62,1,5,3,90,1970-01-21 11:30:08.172,1970-01-21 11:30:50.004,Đông,,,
Hồ Chí Minh,Đông Nam Bộ,2026-01-27,25.72,31.78,20.96,27.92,34.339999999999996,23.96,0.0,0.0,0.0,0.0,66.0,15.28,32.0,21.44,1014.58,25.4,18.06,0.0,4.782,10.8967,106.7832,11.414,11.63,1,5,3,108,1970-01-21 11:31:34.560,1970-01-21 11:32:16.428,Đông,,,
Hồ Chí Minh,Đông Nam Bộ,2026-01-28,25.8,31.72,20.96,28.58,35.019999999999996,24.22,0.0,0.0,0.0,0.0,68.6,17.06,32.160000000000004,21.758,1013.86,15.8,18.68,0.0,4.726000000000001,10.8967,106.7832,11.432,11.636,1,5,3,118,1970-01-21 11:33:00.960,1970-01-21 11:33:42.852,Đông,,,
Hồ Chí Minh,Đông Nam Bộ,2026-01-29,26.139999999999997,31.68,21.48,28.78,35.06,24.78,0.0,0.0,0.0,0.0,66.8,15.22,30.1,18.18,1013.78,58.4,18.84,0.0,4.252000000000001,10.8967,106.7832,9.74,11.64,1,5,3,101,1970-01-21 11:34:27.360,1970-01-21 11:35:09.288,Đông,,,
Hồ Chí Minh,Đông Nam Bộ,2026-01-30,26.02,32.0,21.3,28.660000000000004,35.44,24.46,0.0,0.0,0.0,0.0,68.0,16.259999999999998,32.1,18.118,1014.4,74.4,19.1,0.0,4.196,10.8967,106.7832,10.622,11.65,1,5,3,117,1970-01-21 11:35:53.760,1970-01-21 11:36:35.700,Đông,,,
Hồ Chí Minh,Đông Nam Bộ,2026-01-31,26.58,32.8,21.7,29.119999999999997,35.739999999999995,25.160000000000004,0.06,0.06,0.0,0.4,65.4,18.04,36.2,20.412,1014.16,74.4,18.880000000000003,0.0,4.8340000000000005,10.8967,106.7832,11.16,11.66,1,5,3,62,1970-01-21 11:37:20.160,1970-01-21 11:38:02.124,Đông,,,
Hồ Chí Minh,Đông Nam Bộ,2026-02-01,26.08,32.3,21.06,28.44,34.86,23.72,0.0,0.0,0.0,0.0,63.0,13.32,28.2,22.632,1014.08,78.2,17.4,0.0,4.965999999999999,10.8967,106.7832,11.526,11.668,2,5,3,39,1970-01-21 11:38:46.560,1970-01-21 11:39:28.548,Đông,,,
Hồ Chí Minh,Đông Nam Bộ,2026-02-02,26.2,32.96,21.0,28.78,35.56,23.72,0.0,0.0,0.0,0.0,66.0,17.2,35.22,22.394,1014.0,72.2,18.44,0.0,5.104,10.8967,106.7832,11.44,11.674,2,6,3,81,1970-01-21 11:40:12.960,1970-01-21 11:40:54.972,Đông,,,
Hồ Chí Minh,Đông Nam Bộ,2026-02-03,27.58,32.56,23.619999999999997,30.72,35.7,26.76,1.0,1.0,0.0,4.4,64.6,11.46,25.92,19.194,1014.14,69.2,19.82,0.0,4.444,10.8967,106.7832,10.414,11.68,2,6,51,49,1970-01-21 11:41:39.324,1970-01-21 11:42:21.384,Đông,,,
Hồ Chí Minh,Đông Nam Bộ,2026-02-04,26.98,32.160000000000004,22.9,30.56,36.98,26.0,1.24,1.24,0.0,4.4,68.6,12.68,26.56,20.314,1013.76,69.4,20.4,0.0,4.508,10.8967,106.7832,10.812,11.69,2,6,51,126,1970-01-21 11:43:05.724,1970-01-21 11:43:47.820,Đông,,,
Hồ Chí Minh,Đông Nam Bộ,2026-02-05,26.72,31.639999999999997,23.32,30.56,36.04,27.3,0.64,0.64,0.0,3.6,74.6,15.56,31.54,18.758,1013.16,87.8,21.48,0.0,4.138,10.8967,106.7832,10.308,11.7,2,6,53,117,1970-01-21 11:44:32.124,1970-01-21 11:45:14.232,Đông,,,
Hồ Chí Minh,Đông Nam Bộ,2026-02-06,25.860000000000003,30.160000000000004,22.74,29.5,35.14,26.860000000000003,0.76,0.76,0.0,5.6,77.8,14.7,29.3,17.928,1012.68,76.2,21.46,0.0,3.906,10.8967,106.7832,10.994,11.71,2,6,51,142,1970-01-21 11:45:58.500,1970-01-21 11:46:40.644,Đông,,,
Hồ Chí Minh,Đông Nam Bộ,2026-02-07,26.339999999999996,31.98,22.619999999999997,29.660000000000004,35.839999999999996,26.22,0.14,0.14,0.0,1.4,74.2,17.139999999999997,35.28,19.095999999999997,1012.14,62.2,20.92,0.0,4.202,10.8967,106.7832,11.27,11.716,2,6,51,126,1970-01-21 11:47:24.900,1970-01-21 11:48:07.080,Đông,,,
Hồ Chí Minh,Đông Nam Bộ,2026-02-08,26.619999999999997,32.720000000000006,22.160000000000004,29.660000000000004,36.06,25.8,0.02,0.02,0.0,0.2,68.4,16.5,35.06,22.66,1012.3,27.0,19.5,0.0,5.006,10.8967,106.7832,11.318,11.72,2,6,3,73,1970-01-21 11:48:51.300,1970-01-21 11:49:33.492,Đông,,,
Hồ Chí Minh,Đông Nam Bộ,2026-02-09,26.58,32.9,20.94,29.48,36.44,23.2,0.0,0.0,0.0,0.0,64.6,13.939999999999998,28.28,23.258000000000003,1011.62,68.8,18.64,0.0,5.064,10.8967,106.7832,11.614,11.73,2,7,3,44,1970-01-21 11:50:17.664,1970-01-21 11:50:59.904,Đông,,,
Hồ Chí Minh,Đông Nam Bộ,2026-02-10,27.0,32.6,21.8,30.6,37.36,25.06,0.1,0.1,0.0,0.8,70.0,15.26,29.1,20.686,1012.18,52.4,20.54,0.0,4.596,10.8967,106.7832,11.576,11.74,2,7,51,157,1970-01-21 11:51:44.064,1970-01-21 11:52:26.328,Đông,,,
Hồ Chí Minh,Đông Nam Bộ,2026-02-11,26.1,29.839999999999996,24.0,30.48,34.28,28.18,4.08,4.08,0.0,6.0,81.0,10.98,28.58,14.162,1013.82,90.4,22.46,0.0,3.0460000000000003,10.8967,106.7832,7.794,11.75,2,7,61,70,1970-01-21 11:53:10.440,1970-01-21 11:53:52.740,Đông,,,
Hồ Chí Minh,Đông Nam Bộ,2026-02-12,26.6,31.56,23.74,31.7,37.34,28.56,2.76,2.76,0.0,5.0,82.8,10.92,24.7,18.142000000000003,1012.48,94.0,23.119999999999997,0.0,3.818,10.8967,106.7832,9.992,11.76,2,7,51,126,1970-01-21 11:54:36.840,1970-01-21 11:55:19.152,Đông,,,
Hồ Chí Minh,Đông Nam Bộ,2026-02-13,27.28,32.839999999999996,22.96,31.5,38.04,27.68,0.7,0.7,0.0,3.0,74.0,13.68,26.4,20.636000000000003,1010.9,90.4,21.74,0.0,4.622,10.8967,106.7832,11.408,11.768,2,7,51,114,1970-01-21 11:56:03.204,1970-01-21 11:56:45.564,Đông,,,
Hồ Chí Minh,Đông Nam Bộ,2026-02-14,27.8,33.22,23.54,32.2,38.7,27.58,0.3,0.3,0.0,2.0,71.2,10.64,22.119999999999997,21.524,1010.32,85.2,21.64,0.0,4.6659999999999995,10.8967,106.7832,11.356,11.776,2,7,51,62,1970-01-21 11:57:29.580,1970-01-21 11:58:12.000,Đông,,,
Hồ Chí Minh,Đông Nam Bộ,2026-02-15,27.96,33.12,23.7,32.14,38.94,27.880000000000003,0.04,0.04,0.0,0.4,71.0,13.419999999999998,26.339999999999996,20.906,1009.94,58.2,21.72,0.0,4.836,10.8967,106.7832,11.53,11.785999999999998,2,7,3,108,1970-01-21 11:58:55.980,1970-01-21 11:59:38.400,Đông,,,
Hồ Chí Minh,Đông Nam Bộ,2026-02-16,28.6,34.4,24.36,31.26,37.9,26.839999999999996,0.06,0.06,0.0,0.6,59.8,15.84,29.6,22.744,1009.24,59.8,19.54,0.0,5.76,10.8967,106.7832,11.276,11.791999999999998,2,8,3,99,1970-01-21 12:00:22.344,1970-01-21 12:01:04.812,Đông,,,
Hồ Chí Minh,Đông Nam Bộ,2026-02-17,28.6,34.08,24.42,30.860000000000003,37.5,27.02,0.0,0.0,0.0,0.0,57.4,15.46,30.04,23.084,1009.72,90.6,18.880000000000003,0.0,5.964,10.8967,106.7832,11.682,11.802,2,8,3,104,1970-01-21 12:01:48.720,1970-01-21 12:02:31.224,Đông,,,
Hồ Chí Minh,Đông Nam Bộ,2026-02-18,28.24,34.42,22.44,30.839999999999996,37.34,25.0,0.3,0.3,0.0,1.6,61.2,14.68,29.82,22.4,1011.0,72.6,19.46,0.0,5.58,10.8967,106.7832,11.698,11.812,2,8,51,86,1970-01-21 12:03:15.120,1970-01-21 12:03:57.648,Đông,,,
Hồ Chí Minh,Đông Nam Bộ,2026-02-19,28.24,33.68,23.18,31.78,38.4,26.58,0.1,0.1,0.0,0.4,62.8,12.58,23.119999999999997,23.188,1012.38,77.8,20.02,0.0,5.198,10.8967,106.7832,11.692,11.822,2,8,3,57,1970-01-21 12:04:41.484,1970-01-21 12:05:24.060,Đông,,,
Hồ Chí Minh,Đông Nam Bộ,2026-02-20,27.880000000000003,33.18,23.5,31.5,38.0,26.54,0.0,0.0,0.0,0.0,65.2,13.52,25.76,22.488,1012.36,55.6,20.34,0.0,5.022,10.8967,106.7832,11.646,11.83,2,8,3,81,1970-01-21 12:06:07.860,1970-01-21 12:06:50.460,Đông,,,
Hồ Chí Minh,Đông Nam Bộ,2026-02-21,27.3,32.86,22.84,31.0,37.46,26.7,0.06,0.06,0.0,0.6,69.4,15.2,29.3,22.212,1009.76,39.8,20.76,0.0,4.996,10.8967,106.7832,11.716,11.84,2,8,3,126,1970-01-21 12:07:34.260,1970-01-21 12:08:16.860,Đông,,,
Hồ Chí Minh,Đông Nam Bộ,2026-02-22,27.06,32.7,22.74,30.6,37.88,26.24,0.08,0.08,0.0,0.8,69.8,16.14,33.26,22.578,1008.38,51.0,20.54,0.0,4.964,10.8967,106.7832,11.736,11.85,2,8,3,130,1970-01-21 12:09:00.612,1970-01-21 12:09:43.272,Đông,,,
Hồ Chí Minh,Đông Nam Bộ,2026-02-23,27.56,32.760000000000005,23.52,30.8,38.42,26.7,0.2,0.2,0.0,1.4,68.0,16.919999999999998,32.2,22.49,1008.78,55.8,20.58,0.0,5.234,10.8967,106.7832,11.746,11.86,2,9,51,128,1970-01-21 12:10:27.000,1970-01-21 12:11:09.684,Đông,,,
Hồ Chí Minh,Đông Nam Bộ,2026-02-24,27.4,33.06,23.48,30.44,37.92,26.360000000000003,0.08,0.08,0.0,0.6,66.8,17.16,34.64,22.254,1009.42,94.2,20.24,0.0,5.162000000000001,10.8967,106.7832,11.61,11.87,2,9,3,124,1970-01-21 12:11:53.364,1970-01-21 12:12:36.096,Đông,,,
Hồ Chí Minh,Đông Nam Bộ,2026-02-25,27.4,33.06,23.380000000000003,30.880000000000003,37.78,27.44,0.12,0.12,0.0,0.2,70.2,16.160000000000004,31.179999999999996,19.826,1009.8,84.4,20.9,0.0,4.664,10.8967,106.7832,8.873999999999999,11.878,2,9,3,142,1970-01-21 12:13:19.740,1970-01-21 12:14:02.520,Đông,,,
Hồ Chí Minh,Đông Nam Bộ,2026-02-26,24.68,26.1,23.58,29.52,31.3,27.860000000000003,27.1,27.1,0.0,20.8,92.4,10.66,24.76,6.459999999999999,1008.8,99.0,23.34,0.0,1.376,10.8967,106.7832,0.1539999999999999,11.888000000000002,2,9,63,119,1970-01-21 12:14:46.104,1970-01-21 12:15:28.920,Đông,,,
Hồ Chí Minh,Đông Nam Bộ,2026-02-27,25.56,30.0,23.52,30.18,34.88,28.160000000000004,9.68,9.68,0.0,13.0,87.6,12.62,27.44,14.952000000000002,1007.92,82.8,23.26,0.0,3.036,10.8967,106.7832,8.398,11.898,2,9,63,112,1970-01-21 12:16:12.480,1970-01-21 12:16:55.320,Đông,,,
Hồ Chí Minh,Đông Nam Bộ,2026-02-28,26.44,31.28,22.94,31.160000000000004,37.44,27.26,0.98,0.98,0.0,4.4,84.0,12.36,26.139999999999997,21.236,1007.98,27.6,23.26,0.0,4.398000000000001,10.8967,106.7832,11.638,11.908,2,9,51,130,1970-01-21 12:17:38.868,1970-01-21 12:18:21.720,Đông,,,
Hồ Chí Minh,Đông Nam Bộ,2026-03-01,27.380000000000003,32.160000000000004,23.76,32.12,38.0,28.7,0.08,0.08,0.0,0.8,79.0,11.98,24.06,22.792,1008.2,25.0,23.0,0.0,4.882,10.8967,106.7832,11.52,11.918,3,9,3,133,1970-01-21 12:19:05.220,1970-01-21 12:19:48.120,Xuân,,,
Hồ Chí Minh,Đông Nam Bộ,2026-03-02,27.660000000000004,32.239999999999995,24.22,32.42,37.86,29.24,0.22,0.22,0.0,1.2,79.2,14.16,26.5,21.916,1009.38,40.2,23.380000000000003,0.0,4.822,10.8967,106.7832,11.806,11.928,3,10,51,138,1970-01-21 12:20:31.620,1970-01-21 12:21:14.544,Xuân,,,
Hồ Chí Minh,Đông Nam Bộ,2026-03-03,27.8,32.28,24.48,32.92,39.0,29.4,0.12,0.12,0.0,1.2,79.2,12.46,23.78,21.542,1009.74,46.2,23.56,0.0,4.61,10.8967,106.7832,11.142,11.938,3,10,51,141,1970-01-21 12:21:57.960,1970-01-21 12:22:40.944,Xuân,,,
Hồ Chí Minh,Đông Nam Bộ,2026-03-04,27.6,32.14,24.619999999999997,32.44,38.34,29.26,1.36,1.36,0.0,5.0,79.6,12.78,26.880000000000003,19.462,1009.98,43.0,23.48,0.0,4.266,10.8967,106.7832,10.874,11.948,3,10,53,133,1970-01-21 12:23:24.360,1970-01-21 12:24:07.344,Xuân,,,
Hồ Chí Minh,Đông Nam Bộ,2026-03-05,27.26,32.480000000000004,24.04,32.22,38.8,28.8,2.6599999999999997,2.6599999999999997,0.0,4.8,79.4,12.419999999999998,28.32,22.436,1009.78,27.0,23.0,0.0,4.779999999999999,10.8967,106.7832,11.78,11.958000000000002,3,10,61,74,1970-01-21 12:24:50.700,1970-01-21 12:25:33.780,Xuân,,,
Hồ Chí Minh,Đông Nam Bộ,2026-03-06,25.660000000000004,31.1,22.880000000000003,30.6,38.239999999999995,26.92,16.14,16.14,0.0,10.8,85.8,13.64,31.18,19.339999999999996,1010.76,46.4,22.9,0.0,3.942,10.8967,106.7832,10.168,11.968,3,10,63,10,1970-01-21 12:26:17.100,1970-01-21 12:27:00.180,Xuân,,,
Hồ Chí Minh,Đông Nam Bộ,2026-03-07,26.0,31.139999999999997,22.92,31.26,37.5,27.7,7.220000000000001,7.220000000000001,0.0,7.0,84.8,9.48,23.42,21.686,1011.4,55.2,22.86,0.0,4.448,10.8967,106.7832,10.854,11.978,3,10,63,13,1970-01-21 12:27:43.440,1970-01-21 12:28:26.580,Xuân,,,
Hồ Chí Minh,Đông Nam Bộ,2026-03-08,26.46,31.26,22.84,30.94,36.739999999999995,26.8,0.4,0.4,0.0,1.4,76.8,12.54,24.2,23.798,1011.3,17.8,21.6,0.0,4.944000000000001,10.8967,106.7832,11.476,11.988,3,10,51,19,1970-01-21 12:29:09.828,1970-01-21 12:29:52.980,Xuân,,,
Hồ Chí Minh,Đông Nam Bộ,2026-03-09,26.639999999999997,31.68,23.0,31.72,37.66,27.660000000000004,2.8600000000000003,2.8600000000000003,0.0,5.4,80.4,14.96,29.68,22.894,1011.84,28.0,22.619999999999997,0.0,4.762,10.8967,106.7832,11.706,11.998,3,11,53,77,1970-01-21 12:30:36.180,1970-01-21 12:31:19.380,Xuân,,,
Hồ Chí Minh,Đông Nam Bộ,2026-03-10,26.860000000000003,32.14,23.42,31.96,38.88,27.78,2.76,2.76,0.0,3.0,80.8,11.84,24.380000000000003,21.39,1012.34,37.0,22.92,0.0,4.529999999999999,10.8967,106.7832,11.868,12.01,3,11,51,35,1970-01-21 12:32:02.556,1970-01-21 12:32:45.780,Xuân,,,
Hồ Chí Minh,Đông Nam Bộ,2026-03-11,27.1,32.2,22.880000000000003,31.32,37.54,26.68,0.18,0.18,0.0,1.0,73.2,14.66,28.880000000000003,23.336,1011.44,56.0,21.4,0.0,5.074,10.8967,106.7832,11.898,12.02,3,11,51,54,1970-01-21 12:33:28.920,1970-01-21 12:34:12.180,Xuân,,,
Hồ Chí Minh,Đông Nam Bộ,2026-03-12,27.4,32.64,23.94,30.92,37.22,26.98,0.2,0.2,0.0,1.8,67.2,16.939999999999998,33.12,23.562,1010.66,31.2,20.32,0.0,5.3100000000000005,10.8967,106.7832,11.43,12.03,3,11,51,111,1970-01-21 12:34:55.272,1970-01-21 12:35:38.580,Xuân,,,
Hồ Chí Minh,Đông Nam Bộ,2026-03-13,27.28,32.839999999999996,22.86,30.68,36.98,25.96,0.4,0.4,0.0,1.6,65.6,12.46,23.7,23.651999999999997,1011.16,27.4,19.7,0.0,5.16,10.8967,106.7832,11.918,12.04,3,11,51,72,1970-01-21 12:36:21.660,1970-01-21 12:37:04.980,Xuân,,,
Hồ Chí Minh,Đông Nam Bộ,2026-03-14,26.74,31.28,23.68,31.160000000000004,36.06,27.98,0.98,0.98,0.0,4.4,75.8,9.02,21.380000000000003,18.956,1012.46,60.2,21.76,0.0,4.0440000000000005,10.8967,106.7832,10.558,12.05,3,11,51,41,1970-01-21 12:37:48.000,1970-01-21 12:38:31.380,Xuân,,,
Hồ Chí Minh,Đông Nam Bộ,2026-03-15,26.76,31.94,22.76,31.18,37.9,26.94,0.76,0.76,0.0,2.8,75.6,15.3,33.04,23.064,1012.82,21.4,21.619999999999997,0.0,4.926,10.8967,106.7832,11.9,12.06,3,11,53,83,1970-01-21 12:39:14.376,1970-01-21 12:39:57.780,Xuân,,,
Hồ Chí Minh,Đông Nam Bộ,2026-03-16,27.06,31.9,22.76,30.76,37.32,26.52,0.3,0.3,0.0,2.0,70.4,13.26,24.76,23.426,1011.52,13.2,20.78,0.0,5.130000000000001,10.8967,106.7832,11.948,12.07,3,12,51,95,1970-01-21 12:40:40.740,1970-01-21 12:41:24.180,Xuân,,,
Hồ Chí Minh,Đông Nam Bộ,2026-03-17,26.98,32.68,22.86,30.0,37.22,26.0,0.02,0.02,0.0,0.2,68.2,18.119999999999997,34.62,23.86,1011.5,37.4,20.14,0.0,5.497999999999999,10.8967,106.7832,11.958000000000002,12.08,3,12,3,131,1970-01-21 12:42:07.092,1970-01-21 12:42:50.580,Xuân,,,
Hồ Chí Minh,Đông Nam Bộ,2026-03-18,27.08,32.980000000000004,22.96,29.78,37.6,24.84,0.0,0.0,0.0,0.0,66.0,18.64,36.22,24.074,1011.98,22.0,19.76,0.0,5.6659999999999995,10.8967,106.7832,11.968,12.09,3,12,3,126,1970-01-21 12:43:33.480,1970-01-21 12:44:16.980,Xuân,,,
Hồ Chí Minh,Đông Nam Bộ,2026-03-19,27.06,32.22,22.9,30.22,36.94,26.08,0.2,0.2,0.0,1.6,69.2,16.48,32.68,23.3,1011.66,9.4,20.5,0.0,5.322,10.8967,106.7832,11.978,12.1,3,12,51,132,1970-01-21 12:44:59.820,1970-01-21 12:45:43.380,Xuân,,,
Hồ Chí Minh,Đông Nam Bộ,2026-03-20,27.1,31.98,23.44,30.380000000000003,36.739999999999995,26.839999999999996,0.4,0.4,0.0,2.8,70.2,14.78,28.860000000000003,23.216,1011.66,46.8,20.84,0.0,5.3100000000000005,10.8967,106.7832,11.988,12.11,3,12,51,131,1970-01-21 12:46:26.208,1970-01-21 12:47:09.780,Xuân,,,
Hồ Chí Minh,Đông Nam Bộ,2026-03-21,27.44,33.2,23.0,30.74,36.94,27.04,0.02,0.02,0.0,0.2,71.2,18.72,36.66,23.618,1011.78,22.6,21.119999999999997,0.0,5.518,10.8967,106.7832,11.996,12.12,3,12,3,122,1970-01-21 12:47:52.560,1970-01-21 12:48:36.180,Xuân,,,
Hồ Chí Minh,Đông Nam Bộ,2026-03-22,27.880000000000003,33.92,23.5,30.639999999999997,37.1,26.92,0.0,0.0,0.0,0.0,66.0,18.6,37.44,23.824,1011.08,20.8,20.24,0.0,5.864,10.8967,106.7832,11.998,12.13,3,12,3,119,1970-01-21 12:49:18.924,1970-01-21 12:50:02.580,Xuân,,,
Hồ Chí Minh,Đông Nam Bộ,2026-03-23,27.660000000000004,33.7,23.2,30.7,38.4,26.7,0.0,0.0,0.0,0.0,66.6,19.119999999999997,36.940000000000005,23.942,1010.8,18.8,20.3,0.0,5.7219999999999995,10.8967,106.7832,11.998,12.14,3,13,3,113,1970-01-21 12:50:45.300,1970-01-21 12:51:28.980,Xuân,,,
Hồ Chí Minh,Đông Nam Bộ,2026-03-24,27.339999999999996,33.42,22.8,30.380000000000003,37.64,26.04,0.0,0.0,0.0,0.0,69.2,18.28,35.3,24.542,1009.88,12.0,20.56,0.0,5.779999999999999,10.8967,106.7832,11.998,12.15,3,13,3,131,1970-01-21 12:52:11.640,1970-01-21 12:52:55.380,Xuân,,,
Hồ Chí Minh,Đông Nam Bộ,2026-03-25,27.7,34.46,22.58,30.96,38.239999999999995,26.42,0.0,0.0,0.0,0.0,70.2,19.76,38.88,25.028,1009.96,11.2,20.86,0.0,5.898000000000001,10.8967,106.7832,11.998,12.16,3,13,2,140,1970-01-21 12:53:38.040,1970-01-21 12:54:21.780,Xuân,,,
Hồ Chí Minh,Đông Nam Bộ,2026-03-26,27.639999999999997,33.42,23.6,30.96,37.68,27.2,0.04,0.04,0.0,0.4,70.4,18.32,35.5,22.026,1010.02,17.8,21.18,0.0,5.232,10.8967,106.7832,11.996,12.17,3,13,3,123,1970-01-21 12:55:04.380,1970-01-21 12:55:48.180,Xuân,,,
Hồ Chí Minh,Đông Nam Bộ,2026-03-27,27.380000000000003,33.04,22.82,30.32,36.56,26.44,0.0,0.0,0.0,0.0,69.8,16.02,32.980000000000004,22.556,1009.78,16.8,20.78,0.0,5.394,10.8967,106.7832,11.998,12.18,3,13,2,132,1970-01-21 12:56:30.744,1970-01-21 12:57:14.580,Xuân,,,
Hồ Chí Minh,Đông Nam Bộ,2026-03-28,27.339999999999996,34.18,22.34,30.8,38.760000000000005,26.24,0.0,0.0,0.0,0.0,72.8,20.02,40.4,25.512,1009.18,19.6,21.4,0.0,5.924,10.8967,106.7832,11.998,12.19,3,13,3,133,1970-01-21 12:57:57.120,1970-01-21 12:58:40.980,Xuân,,,
Hồ Chí Minh,Đông Nam Bộ,2026-03-29,28.139999999999997,34.480000000000004,23.119999999999997,31.96,38.62,28.06,0.0,0.0,0.0,0.0,72.0,16.0,32.4,24.613999999999997,1009.64,47.4,21.76,0.0,5.86,10.8967,106.7832,11.968,12.2,3,13,3,132,1970-01-21 12:59:23.460,1970-01-21 13:00:07.380,Xuân,,,
Hồ Chí Minh,Đông Nam Bộ,2026-03-30,28.06,33.78,23.66,32.22,38.78,28.22,0.0,0.0,0.0,0.0,73.8,17.14,33.04,23.914,1010.34,17.0,22.22,0.0,5.5200000000000005,10.8967,106.7832,11.998,12.21,3,14,3,129,1970-01-21 13:00:49.860,1970-01-21 13:01:33.780,Xuân,,,
Hồ Chí Minh,Đông Nam Bộ,2026-03-31,28.160000000000004,34.160000000000004,23.18,32.0,38.94,27.56,0.02,0.02,0.0,0.2,70.4,15.98,30.48,25.14,1010.62,32.0,21.44,0.0,5.752000000000001,10.8967,106.7832,11.998,12.22,3,14,3,144,1970-01-21 13:02:16.200,1970-01-21 13:03:00.180,Xuân,,,
Hồ Chí Minh,Đông Nam Bộ,2026-04-01,28.08,34.5,23.46,31.98,39.32,28.160000000000004,0.02,0.02,0.0,0.2,72.2,19.36,39.52,24.748,1010.38,36.8,21.880000000000003,0.0,5.784,10.8967,106.7832,11.998,12.23,4,14,3,136,1970-01-21 13:03:42.564,1970-01-21 13:04:26.580,Xuân,,,
Hồ Chí Minh,Đông Nam Bộ,2026-04-02,28.660000000000004,34.94,24.3,32.160000000000004,38.94,28.78,0.0,0.0,0.0,0.0,68.4,20.56,42.62,24.248,1010.88,12.8,21.48,0.0,5.973999999999999,10.8967,106.7832,11.998,12.24,4,14,2,134,1970-01-21 13:05:08.940,1970-01-21 13:05:52.980,Xuân,,,
Hồ Chí Minh,Đông Nam Bộ,2026-04-03,28.22,34.32,23.46,31.26,38.58,26.9,0.0,0.0,0.0,0.0,64.8,18.52,38.08,25.546,1010.16,6.4,20.32,0.0,6.146,10.8967,106.7832,11.998,12.25,4,14,1,137,1970-01-21 13:06:35.280,1970-01-21 13:07:19.380,Xuân,,,
Hồ Chí Minh,Đông Nam Bộ,2026-04-04,28.339999999999996,34.66,22.880000000000003,32.58,39.3,27.54,0.0,0.0,0.0,0.0,70.6,16.56,31.68,25.29,1008.74,53.2,21.74,0.0,5.782,10.8967,106.7832,11.998,12.26,4,14,3,166,1970-01-21 13:08:01.656,1970-01-21 13:08:45.780,Xuân,,,
Hồ Chí Minh,Đông Nam Bộ,2026-04-05,28.74,34.68,24.380000000000003,33.34,40.0,29.7,0.14,0.14,0.0,1.4,74.0,16.3,31.76,23.658,1008.32,29.0,22.96,0.0,5.582,10.8967,106.7832,11.456,12.27,4,14,51,159,1970-01-21 13:09:28.020,1970-01-21 13:10:12.180,Xuân,,,
Hồ Chí Minh,Đông Nam Bộ,2026-04-06,28.96,34.980000000000004,24.26,33.18,40.32,29.26,0.04,0.04,0.0,0.4,71.8,16.66,32.48,25.142000000000003,1009.6,16.0,22.6,0.0,6.014,10.8967,106.7832,11.866,12.28,4,15,1,157,1970-01-21 13:10:54.384,1970-01-21 13:11:38.580,Xuân,,,
Hồ Chí Minh,Đông Nam Bộ,2026-04-07,29.6,35.88,25.02,33.94,40.3,30.4,0.04,0.04,0.0,0.4,68.4,15.1,29.44,25.296,1010.04,36.2,22.1,0.0,5.948,10.8967,106.7832,11.798,12.29,4,15,3,184,1970-01-21 13:12:20.760,1970-01-21 13:13:04.980,Xuân,,,
Hồ Chí Minh,Đông Nam Bộ,2026-04-08,29.82,35.68,25.78,34.82,41.260000000000005,31.4,0.1399999999999999,0.1399999999999999,0.0,1.4,73.6,18.92,35.64,23.538,1010.06,34.0,23.9,0.0,5.634,10.8967,106.7832,11.998,12.3,4,15,51,162,1970-01-21 13:13:47.100,1970-01-21 13:14:31.380,Xuân,,,
Hồ Chí Minh,Đông Nam Bộ,2026-04-09,29.139999999999997,34.78,25.44,33.08,39.760000000000005,30.160000000000004,0.02,0.02,0.0,0.2,70.2,17.4,34.5,24.898000000000003,1010.86,12.4,22.44,0.0,6.0600000000000005,10.8967,106.7832,11.972,12.31,4,15,1,145,1970-01-21 13:15:13.500,1970-01-21 13:15:57.780,Xuân,,,
Hồ Chí Minh,Đông Nam Bộ,2026-04-10,29.06,34.88,24.3,33.54,40.78,29.26,0.08,0.08,0.0,0.4,70.6,16.28,31.96,22.7,1010.94,27.0,22.58,0.0,5.364,10.8967,106.7832,11.832,12.32,4,15,3,154,1970-01-21 13:16:39.840,1970-01-21 13:17:24.192,Xuân,,,
Hồ Chí Minh,Đông Nam Bộ,2026-04-11,29.339999999999996,34.94,25.2,33.9,40.14,30.48,0.24,0.24,0.0,1.6,70.6,17.78,35.14,23.241999999999997,1009.84,23.6,22.84,0.0,5.542,10.8967,106.7832,11.998,12.328,4,15,51,171,1970-01-21 13:18:06.216,1970-01-21 13:18:50.592,Xuân,,,
Hồ Chí Minh,Đông Nam Bộ,2026-04-12,29.24,34.5,25.24,33.92,39.879999999999995,30.72,0.06,0.06,0.0,0.6,72.6,18.1,37.14,23.298,1008.94,11.4,23.36,0.0,5.544,10.8967,106.7832,11.998,12.338,4,15,1,158,1970-01-21 13:19:32.580,1970-01-21 13:20:17.004,Xuân,,,
Hồ Chí Minh,Đông Nam Bộ,2026-04-13,29.22,33.82,25.619999999999997,33.92,39.54,31.139999999999997,0.2799999999999999,0.2799999999999999,0.0,2.4,72.4,14.16,28.78,23.502,1010.02,10.8,23.36,0.0,5.546,10.8967,106.7832,12.0,12.348,4,16,51,164,1970-01-21 13:20:58.944,1970-01-21 13:21:43.404,Xuân,,,
Hồ Chí Minh,Đông Nam Bộ,2026-04-14,29.08,34.06,25.4,33.88,40.56,30.8,0.4599999999999999,0.4599999999999999,0.0,2.6,72.6,13.78,29.02,22.374,1009.68,14.4,23.24,0.0,5.314,10.8967,106.7832,11.982,12.358,4,16,51,142,1970-01-21 13:22:25.320,1970-01-21 13:23:09.804,Xuân,,,
Hồ Chí Minh,Đông Nam Bộ,2026-04-15,28.94,33.88,25.32,33.32,39.36,30.619999999999997,0.8600000000000001,0.8600000000000001,0.0,5.0,71.6,15.9,33.92,21.464,1008.84,32.6,22.94,0.0,5.1579999999999995,10.8967,106.7832,12.0,12.368,4,16,51,152,1970-01-21 13:23:51.684,1970-01-21 13:24:36.204,Xuân,,,
Hồ Chí Minh,Đông Nam Bộ,2026-04-16,29.7,34.72,25.44,34.04,40.82000000000001,30.6,0.04,0.04,0.0,0.4,68.0,15.580000000000002,32.12,21.16,1008.86,41.0,22.64,0.0,5.282,10.8967,106.7832,11.478,12.378,4,16,3,142,1970-01-21 13:25:18.060,1970-01-21 13:26:02.604,Xuân,,,
Hồ Chí Minh,Đông Nam Bộ,2026-04-17,29.860000000000003,34.62,26.06,33.92,40.220000000000006,30.619999999999997,0.12,0.12,0.0,1.0,65.2,17.119999999999997,34.58,23.786,1009.32,21.4,22.16,0.0,5.916,10.8967,106.7832,12.0,12.388000000000002,4,16,51,142,1970-01-21 13:26:44.424,1970-01-21 13:27:29.016,Xuân,,,
Hồ Chí Minh,Đông Nam Bộ,2026-04-18,29.52,34.36,25.3,33.480000000000004,39.12,30.26,0.2799999999999999,0.2799999999999999,0.0,1.6,66.2,17.259999999999998,34.26,23.052,1009.16,37.6,22.0,0.0,5.718,10.8967,106.7832,11.882,12.398,4,16,51,132,1970-01-21 13:28:10.800,1970-01-21 13:28:55.440,Xuân,,,
Hồ Chí Minh,Đông Nam Bộ,2026-04-19,29.22,33.6,25.82,33.04,39.02,29.9,1.56,1.56,0.0,4.0,68.0,16.4,31.98,21.67,1009.28,46.2,22.28,0.0,5.462,10.8967,106.7832,11.888,12.404,4,16,51,137,1970-01-21 13:29:37.164,1970-01-21 13:30:21.840,Xuân,,,
Hồ Chí Minh,Đông Nam Bộ,2026-04-20,29.04,33.18,25.880000000000003,32.08,37.14,29.24,0.36,0.36,0.0,2.4,62.8,15.96,32.18,22.698,1009.58,46.0,20.94,0.0,5.82,10.8967,106.7832,11.494,12.414,4,17,51,125,1970-01-21 13:31:03.540,1970-01-21 13:31:48.240,Xuân,,,
Hồ Chí Minh,Đông Nam Bộ,2026-04-21,28.8,33.9,24.84,31.6,37.1,28.08,0.12,0.12,0.0,0.6,62.2,17.34,35.44,23.182,1008.98,38.6,20.4,0.0,5.934,10.8967,106.7832,12.0,12.424,4,17,3,138,1970-01-21 13:32:29.904,1970-01-21 13:33:14.640,Xuân,,,
Hồ Chí Minh,Đông Nam Bộ,2026-04-22,28.619999999999997,33.64,24.46,32.059999999999995,37.96,28.380000000000003,0.1,0.1,0.0,0.4,66.8,15.8,32.68,21.422,1008.56,23.2,21.42,0.0,5.356,10.8967,106.7832,11.912,12.432,4,17,3,136,1970-01-21 13:33:56.280,1970-01-21 13:34:41.040,Xuân,,,
Hồ Chí Minh,Đông Nam Bộ,2026-04-23,28.74,33.72,24.64,32.260000000000005,37.62,28.98,0.0,0.0,0.0,0.0,68.0,16.759999999999998,33.56,21.394,1008.14,22.0,21.82,0.0,5.366,10.8967,106.7832,12.0,12.441999999999998,4,17,3,152,1970-01-21 13:35:22.644,1970-01-21 13:36:07.440,Xuân,,,
Hồ Chí Minh,Đông Nam Bộ,2026-04-24,29.02,34.68,24.46,33.019999999999996,39.68,28.72,0.0,0.0,0.0,0.0,67.8,15.82,32.1,25.398,1008.78,65.6,21.82,0.0,6.08,10.8967,106.7832,11.976,12.45,4,17,3,150,1970-01-21 13:36:49.020,1970-01-21 13:37:33.840,Xuân,,,
Hồ Chí Minh,Đông Nam Bộ,2026-04-25,29.94,35.239999999999995,26.06,34.12,40.24,30.8,0.5599999999999999,0.5599999999999999,0.0,1.6,67.6,14.18,30.660000000000004,21.184,1010.0,62.6,22.82,0.0,5.41,10.8967,106.7832,11.398,12.46,4,17,53,129,1970-01-21 13:38:15.384,1970-01-21 13:39:00.240,Xuân,,,
Hồ Chí Minh,Đông Nam Bộ,2026-04-26,30.139999999999997,36.059999999999995,25.96,34.18,40.4,30.639999999999997,0.44,0.44,0.0,1.8,64.2,14.52,30.04,24.372,1009.64,44.6,21.74,0.0,5.97,10.8967,106.7832,11.852,12.47,4,17,51,133,1970-01-21 13:39:41.760,1970-01-21 13:40:26.664,Xuân,,,
Hồ Chí Minh,Đông Nam Bộ,2026-04-27,30.18,35.839999999999996,25.56,34.22,40.28,29.68,0.02,0.02,0.0,0.2,65.4,15.54,31.52,24.974,1008.72,58.4,22.18,0.0,6.25,10.8967,106.7832,12.0,12.48,4,18,3,132,1970-01-21 13:41:08.148,1970-01-21 13:41:53.064,Xuân,,,
Hồ Chí Minh,Đông Nam Bộ,2026-04-28,30.2,35.78,26.619999999999997,35.06,41.0,32.1,0.5,0.5,0.0,1.6,70.0,14.360000000000005,31.119999999999997,23.654000000000003,1008.88,46.0,23.56,0.0,5.742,10.8967,106.7832,12.0,12.49,4,18,3,121,1970-01-21 13:42:34.512,1970-01-21 13:43:19.464,Xuân,,,
Hồ Chí Minh,Đông Nam Bộ,2026-04-29,29.78,34.94,25.660000000000004,35.06,40.86,31.54,0.68,0.68,0.0,2.6,72.0,12.84,29.3,23.682,1009.52,59.4,23.54,0.0,5.4399999999999995,10.8967,106.7832,11.96,12.5,4,18,51,129,1970-01-21 13:44:00.900,1970-01-21 13:44:45.876,Xuân,,,
Hồ Chí Minh,Đông Nam Bộ,2026-04-30,30.78,35.84,26.6,35.339999999999996,40.9,32.12,0.1,0.1,0.0,0.8,65.8,15.76,31.02,24.107999999999997,1009.8,45.4,22.98,0.0,6.156000000000001,10.8967,106.7832,12.0,12.504,4,18,51,118,1970-01-21 13:45:27.264,1970-01-21 13:46:12.300,Xuân,,,
Hồ Chí Minh,Đông Nam Bộ,2026-05-01,30.9,37.52,26.76,34.44,41.18,30.2,0.08,0.08,0.0,0.6,60.0,21.56,43.84,24.094,1009.36,68.2,21.52,0.0,6.4239999999999995,10.8967,106.7832,11.788,12.512,5,18,51,111,1970-01-21 13:46:53.640,1970-01-21 13:47:38.700,Xuân,,,
Hồ Chí Minh,Đông Nam Bộ,2026-05-02,29.660000000000004,34.980000000000004,26.92,34.4,40.68,31.42,5.46,5.46,0.0,5.0,70.0,15.919999999999998,32.9,20.736,1009.08,65.0,23.36,0.0,4.976,10.8967,106.7832,10.684,12.52,5,18,63,99,1970-01-21 13:48:20.028,1970-01-21 13:49:05.100,Xuân,,,
Hồ Chí Minh,Đông Nam Bộ,2026-05-03,29.880000000000003,34.98,26.48,34.8,40.74,32.14,0.52,0.52,0.0,2.6,71.6,15.24,31.76,22.1,1008.98,96.8,23.8,0.0,5.3420000000000005,10.8967,106.7832,10.826,12.53,5,18,51,130,1970-01-21 13:49:46.404,1970-01-21 13:50:31.500,Xuân,,,
Hồ Chí Minh,Đông Nam Bộ,2026-05-04,29.68,34.480000000000004,25.24,34.7,40.02,30.42,4.4,4.4,0.0,7.2,72.8,16.119999999999997,31.74,21.808,1010.0,92.8,23.76,0.0,5.268,10.8967,106.7832,11.803999999999998,12.54,5,19,63,85,1970-01-21 13:51:12.780,1970-01-21 13:51:57.924,Xuân,,,
Hồ Chí Minh,Đông Nam Bộ,2026-05-05,29.360000000000003,34.84,26.360000000000003,34.339999999999996,39.92,31.44,10.22,10.22,0.0,8.0,72.8,15.0,32.68,21.014,1009.26,99.0,23.58,0.0,4.93,10.8967,106.7832,10.61,12.55,5,19,63,71,1970-01-21 13:52:39.168,1970-01-21 13:53:24.324,Xuân,,,
Hồ Chí Minh,Đông Nam Bộ,2026-05-06,29.04,34.5,25.8,34.32,39.6,31.660000000000004,1.6800000000000002,1.6800000000000002,0.0,4.6,75.8,13.96,31.98,19.318,1008.78,95.2,23.86,0.0,4.506,10.8967,106.7832,9.706,12.554,5,19,53,107,1970-01-21 13:54:05.544,1970-01-21 13:54:50.736,Xuân,,,
Hồ Chí Minh,Đông Nam Bộ,2026-05-07,30.3,35.54,26.46,34.92,40.72,31.18,0.14,0.14,0.0,1.2,68.6,14.88,30.360000000000003,24.698,1007.98,65.8,23.34,0.0,6.0200000000000005,10.8967,106.7832,12.0,12.56,5,19,51,126,1970-01-21 13:55:31.920,1970-01-21 13:56:17.160,Xuân,,,
Hồ Chí Minh,Đông Nam Bộ,2026-05-08,29.96,34.1,26.56,34.68,39.78,31.619999999999997,2.72,2.72,0.0,5.6,68.6,12.4,26.8,21.392000000000003,1008.6,98.6,23.26,0.0,5.176,10.8967,106.7832,11.754,12.57,5,19,61,99,1970-01-21 13:56:58.308,1970-01-21 13:57:43.560,Xuân,,,
Hồ Chí Minh,Đông Nam Bộ,2026-05-09,30.360000000000003,35.78,25.96,34.92,40.82000000000001,30.78,0.3399999999999999,0.3399999999999999,0.0,2.0,65.6,15.16,31.46,24.602,1009.0,75.0,22.7,0.0,5.9399999999999995,10.8967,106.7832,12.002,12.58,5,19,51,98,1970-01-21 13:58:24.684,1970-01-21 13:59:09.972,Xuân,,,
Hồ Chí Minh,Đông Nam Bộ,2026-05-10,30.92,36.94,27.1,35.239999999999995,41.260000000000005,31.5,3.28,3.28,0.0,3.2,64.4,17.8,38.8,22.512,1008.28,71.8,22.880000000000003,0.0,5.8420000000000005,10.8967,106.7832,11.82,12.586,5,19,51,104,1970-01-21 13:59:51.072,1970-01-21 14:00:36.384,Xuân,,,
Hồ Chí Minh,Đông Nam Bộ,2026-05-11,30.6,36.4,25.42,34.8,40.92,29.839999999999996,0.26,0.26,0.0,1.2,66.2,18.04,35.14,24.384,1008.9,77.2,23.0,0.0,6.332,10.8967,106.7832,12.0,12.592,5,20,3,88,1970-01-21 14:01:17.460,1970-01-21 14:02:02.784,Xuân,,,
Hồ Chí Minh,Đông Nam Bộ,2026-05-12,30.94,36.28,27.660000000000004,35.08,41.04,31.8,0.1,0.1,0.0,0.8,63.6,17.2,33.980000000000004,24.369999999999997,1007.92,86.0,22.78,0.0,6.374,10.8967,106.7832,12.0,12.6,5,20,51,125,1970-01-21 14:02:43.848,1970-01-21 14:03:29.220,Xuân,,,
Hồ Chí Minh,Đông Nam Bộ,2026-05-13,30.48,34.96,26.92,35.739999999999995,41.739999999999995,32.339999999999996,1.1800000000000002,1.1800000000000002,0.0,5.6,70.0,15.64,29.6,24.51,1007.26,83.8,24.12,0.0,5.862,10.8967,106.7832,12.0,12.61,5,20,51,141,1970-01-21 14:04:10.224,1970-01-21 14:04:55.620,Xuân,,,
Hồ Chí Minh,Đông Nam Bộ,2026-05-14,30.880000000000003,35.519999999999996,27.139999999999997,36.32,41.92,32.980000000000004,1.3,1.3,0.0,6.6,69.4,15.28,30.96,23.628,1007.08,89.8,24.2,0.0,5.646,10.8967,106.7832,12.0,12.614,5,20,51,189,1970-01-21 14:05:36.612,1970-01-21 14:06:22.032,Xuân,,,
Hồ Chí Minh,Đông Nam Bộ,2026-05-15,30.48,35.72,27.26,36.64,43.06,33.14,4.5,4.5,0.0,8.4,73.6,15.580000000000002,33.12,23.504,1006.82,83.2,24.96,0.0,5.314,10.8967,106.7832,11.916,12.62,5,20,61,180,1970-01-21 14:07:03.012,1970-01-21 14:07:48.444,Xuân,,,
Hồ Chí Minh,Đông Nam Bộ,2026-05-16,29.74,35.18,26.1,36.18,42.52,32.3,12.04,12.04,0.0,10.2,78.8,10.72,25.28,20.038,1007.02,95.2,25.26,0.0,4.529999999999999,10.8967,106.7832,9.592,12.63,5,20,63,13,1970-01-21 14:08:29.400,1970-01-21 14:09:14.856,Xuân,,,
Hồ Chí Minh,Đông Nam Bộ,2026-05-17,28.78,35.1,25.36,35.260000000000005,42.92,31.2,12.580000000000002,12.580000000000002,0.0,13.6,82.8,16.76,37.72,22.578,1007.04,93.4,25.18,0.0,4.91,10.8967,106.7832,10.538,12.634,5,20,63,88,1970-01-21 14:09:55.788,1970-01-21 14:10:41.280,Xuân,,,
Hồ Chí Minh,Đông Nam Bộ,2026-05-18,28.48,33.64,25.68,34.64,40.739999999999995,31.4,5.46,5.46,0.0,10.0,85.2,18.08,37.38,20.404000000000003,1006.88,93.0,25.56,0.0,4.328,10.8967,106.7832,10.026,12.644,5,21,61,150,1970-01-21 14:11:22.164,1970-01-21 14:12:07.680,Xuân,,,
Hồ Chí Minh,Đông Nam Bộ,2026-05-19,28.6,32.779999999999994,26.28,34.54,38.64,32.54,7.140000000000001,7.140000000000001,0.0,9.4,83.6,15.62,38.96,18.863999999999997,1006.66,95.6,25.380000000000003,0.0,4.068,10.8967,106.7832,10.698,12.65,5,21,63,163,1970-01-21 14:12:48.564,1970-01-21 14:13:34.104,Xuân,,,
Hồ Chí Minh,Đông Nam Bộ,2026-05-20,29.139999999999997,33.1,26.78,34.519999999999996,38.720000000000006,32.32,1.42,1.42,0.0,8.0,79.0,15.960000000000004,33.42,19.924,1006.78,91.0,24.94,0.0,4.578,10.8967,106.7832,10.58,12.654,5,21,51,157,1970-01-21 14:14:14.952,1970-01-21 14:15:00.504,Xuân,,,
Hồ Chí Minh,Đông Nam Bộ,2026-05-21,28.22,31.48,25.52,34.019999999999996,37.4,30.660000000000004,14.0,14.0,0.0,14.6,84.2,15.26,33.260000000000005,18.77,1009.18,73.2,25.119999999999997,0.0,3.95,10.8967,106.7832,11.442,12.66,5,21,63,169,1970-01-21 14:15:41.352,1970-01-21 14:16:26.940,Xuân,,,
Hồ Chí Minh,Đông Nam Bộ,2026-05-22,29.56,34.260000000000005,26.119999999999997,35.6,41.48,32.46,1.38,1.38,0.0,3.0,76.8,13.82,27.0,24.16,1010.34,67.8,24.7,0.0,5.394,10.8967,106.7832,12.0,12.67,5,21,53,165,1970-01-21 14:17:07.740,1970-01-21 14:17:53.340,Xuân,,,
Hồ Chí Minh,Đông Nam Bộ,2026-05-23,30.04,34.88,26.52,36.0,41.48,32.980000000000004,0.74,0.74,0.0,3.8,73.8,11.6,24.119999999999997,24.596,1010.58,63.4,24.380000000000003,0.0,5.496,10.8967,106.7832,12.0,12.674,5,21,51,195,1970-01-21 14:18:34.128,1970-01-21 14:19:19.764,Xuân,,,
Hồ Chí Minh,Đông Nam Bộ,2026-05-24,29.7,34.38,26.860000000000003,35.94,41.64,32.86,1.66,1.66,0.0,7.4,77.6,10.34,21.619999999999997,22.33,1010.74,81.2,25.0,0.0,4.9399999999999995,10.8967,106.7832,11.856,12.68,5,21,53,194,1970-01-21 14:20:00.528,1970-01-21 14:20:46.164,Xuân,,,
Hồ Chí Minh,Đông Nam Bộ,2026-05-25,29.96,34.78,26.72,36.38,42.38,33.2,1.44,1.44,0.0,5.8,77.6,11.16,25.76,24.124,1009.88,46.8,25.26,0.0,5.362,10.8967,106.7832,12.008,12.684,5,22,51,221,1970-01-21 14:21:26.928,1970-01-21 14:22:12.600,Xuân,,,
Hồ Chí Minh,Đông Nam Bộ,2026-05-26,29.46,34.239999999999995,26.44,35.42,39.84,32.08,4.42,4.42,0.0,6.4,78.8,13.32,30.44,21.612,1009.0,61.0,25.08,0.0,4.8,10.8967,106.7832,11.882,12.69,5,22,63,261,1970-01-21 14:22:53.328,1970-01-21 14:23:39.000,Xuân,,,
Hồ Chí Minh,Đông Nam Bộ,2026-05-27,29.339999999999996,33.019999999999996,26.58,35.5,39.28,33.32000000000001,2.38,2.38,0.0,5.8,79.8,14.84,35.58,17.991999999999997,1009.1,94.6,25.34,0.0,4.016,10.8967,106.7832,9.968,12.694,5,22,51,194,1970-01-21 14:24:19.728,1970-01-21 14:25:05.424,Xuân,,,
Hồ Chí Minh,Đông Nam Bộ,2026-05-28,28.46,32.67999999999999,24.5,34.58,39.04,29.5,11.22,11.22,0.0,10.4,83.2,12.12,26.54,14.018,1009.44,98.0,25.08,0.0,3.12,10.8967,106.7832,4.787999999999999,12.7,5,22,63,78,1970-01-21 14:25:46.128,1970-01-21 14:26:31.824,Xuân,,,
Hồ Chí Minh,Đông Nam Bộ,2026-05-29,25.96,27.1,24.48,31.639999999999997,33.459999999999994,29.28,16.7,16.7,0.0,12.0,91.6,10.7,30.72,7.066,1009.64,99.2,24.46,0.0,1.542,10.8967,106.7832,0.236,12.704,5,22,63,276,1970-01-21 14:27:12.528,1970-01-21 14:27:58.260,Xuân,,,
Hồ Chí Minh,Đông Nam Bộ,2026-05-30,27.28,30.48,24.98,32.239999999999995,35.22,29.58,2.84,2.84,0.0,6.0,82.0,11.24,25.54,11.522,1009.2,98.4,23.74,0.0,2.6879999999999997,10.8967,106.7832,3.636,12.71,5,22,61,290,1970-01-21 14:28:38.928,1970-01-21 14:29:24.672,Xuân,,,
Hồ Chí Minh,Đông Nam Bộ,2026-05-31,25.98,29.06,24.26,30.92,33.94,28.619999999999997,12.3,12.3,0.0,13.8,88.2,13.32,26.360000000000003,9.62,1009.18,99.8,23.84,0.0,2.09,10.8967,106.7832,1.796,12.714,5,22,53,319,1970-01-21 14:30:05.328,1970-01-21 14:30:51.084,Xuân,,,
Hồ Chí Minh,Đông Nam Bộ,2026-06-01,27.02,29.82,24.619999999999997,32.339999999999996,34.839999999999996,29.7,2.38,2.38,0.0,7.8,84.0,9.38,18.92,12.276,1009.24,99.0,23.880000000000003,0.0,2.6879999999999997,10.8967,106.7832,3.922,12.718,6,23,53,312,1970-01-21 14:31:31.728,1970-01-21 14:32:17.508,Hè,,,
Hồ Chí Minh,Đông Nam Bộ,2026-06-02,26.860000000000003,30.76,24.839999999999996,32.779999999999994,36.58,30.28,10.54,10.54,0.0,14.8,88.8,10.64,24.84,13.702000000000002,1008.18,92.2,24.72,0.0,2.9240000000000004,10.8967,106.7832,5.46,12.722,6,23,61,228,1970-01-21 14:32:58.128,1970-01-21 14:33:43.920,Hè,,,
Hồ Chí Minh,Đông Nam Bộ,2026-06-03,26.660000000000004,30.3,24.34,31.880000000000003,35.32,29.24,11.0,11.0,0.0,19.0,89.6,15.96,36.52,15.166,1007.8,91.4,24.72,0.0,3.084,10.8967,106.7832,7.586,12.724,6,23,63,228,1970-01-21 14:34:24.528,1970-01-21 14:35:10.344,Hè,,,
Hồ Chí Minh,Đông Nam Bộ,2026-06-04,27.4,31.639999999999997,25.24,32.92,37.94,30.380000000000003,6.5,6.5,0.0,13.8,88.0,16.86,38.1,17.434,1007.86,96.2,25.1,0.0,3.626,10.8967,106.7832,7.83,12.73,6,23,63,204,1970-01-21 14:35:50.928,1970-01-21 14:36:36.744,Hè,,,
Hồ Chí Minh,Đông Nam Bộ,2026-06-05,28.7,32.3,25.380000000000003,34.2,38.38,30.919999999999998,5.12,5.12,0.0,11.0,80.8,14.540000000000001,35.44,19.282,1009.0799999999999,93.8,24.880000000000003,0.0,4.2780000000000005,10.8967,106.7832,11.076,12.734,6,23,61,200,1970-01-21 14:37:17.328,1970-01-21 14:38:03.180,Hè,,,
Hồ Chí Minh,Đông Nam Bộ,2026-06-06,28.839999999999996,33.78,26.24,34.72,39.459999999999994,32.019999999999996,4.779999999999999,4.779999999999999,0.0,11.2,82.0,17.7,38.88,22.526,1010.1600000000001,96.2,25.18,0.0,4.884,10.8967,106.7832,11.181999999999999,12.738,6,23,61,205,1970-01-21 14:38:43.740,1970-01-21 14:39:29.592,Hè,,,
Hồ Chí Minh,Đông Nam Bộ,2026-06-07,29.22,33.94,26.04,35.160000000000004,39.8,32.28,1.56,1.56,0.0,5.4,79.6,15.920000000000002,32.6,24.088,1010.4799999999999,96.4,24.98,0.0,5.345999999999999,10.8967,106.7832,11.736,12.742,6,23,53,225,1970-01-21 14:40:10.152,1970-01-21 14:40:56.004,Hè,,,
Hồ Chí Minh,Đông Nam Bộ,2026-06-08,28.380000000000003,33.239999999999995,26.22,34.56,39.44,32.4,6.22,6.22,0.0,10.8,85.2,18.119999999999997,42.339999999999996,21.19,1009.4799999999999,89.0,25.52,0.0,4.41,10.8967,106.7832,11.556000000000001,12.744,6,24,61,240,1970-01-21 14:41:36.552,1970-01-21 14:42:22.428,Hè,,,
Hồ Chí Minh,Đông Nam Bộ,2026-06-09,28.2,32.94,25.22,34.36,39.260000000000005,30.560000000000002,9.22,9.22,0.0,16.4,86.2,14.940000000000001,33.64,21.086000000000002,1009.22,95.8,25.52,0.0,4.372,10.8967,106.7832,11.036,12.744,6,24,61,251,1970-01-21 14:43:02.952,1970-01-21 14:43:48.840,Hè,,,
Hồ Chí Minh,Đông Nam Bộ,2026-06-10,27.919999999999998,31.679999999999996,25.119999999999997,34.019999999999996,37.980000000000004,30.78,5.36,5.36,0.0,9.8,87.2,17.16,36.86,18.762,1010.22,99.0,25.46,0.0,3.838,10.8967,106.7832,10.568000000000001,12.748000000000001,6,24,63,220,1970-01-21 14:44:29.352,1970-01-21 14:45:15.264,Hè,,,
Hồ Chí Minh,Đông Nam Bộ,2026-06-11,27.860000000000003,33.519999999999996,23.84,33.980000000000004,41.239999999999995,28.580000000000002,18.34,18.34,0.0,12.4,84.6,15.38,37.0,21.824,1012.3,93.4,24.66,0.0,4.604,10.8967,106.7832,10.842,12.751999999999999,6,24,63,55,1970-01-21 14:45:55.764,1970-01-21 14:46:41.664,Hè,,,
Hồ Chí Minh,Đông Nam Bộ,2026-06-12,27.82,32.7,25.22,34.519999999999996,40.5,31.32,3.88,3.88,0.0,9.0,87.4,11.5,23.919999999999998,20.576,1013.0799999999999,81.2,25.3,0.0,4.286,10.8967,106.7832,9.832,12.754,6,24,61,62,1970-01-21 14:47:22.188,1970-01-21 14:48:08.088,Hè,,,
Hồ Chí Minh,Đông Nam Bộ,2026-06-13,28.24,33.54,25.119999999999997,34.739999999999995,41.22,30.4,10.26,10.26,0.0,15.2,85.0,11.36,25.56,23.756,1011.22,54.4,25.259999999999998,0.0,4.974,10.8967,106.7832,11.91,12.754,6,24,63,24,1970-01-21 14:48:48.588,1970-01-21 14:49:34.500,Hè,,,
Hồ Chí Minh,Đông Nam Bộ,2026-06-14,27.560000000000002,31.46,25.1,33.839999999999996,39.239999999999995,30.98,8.8,8.8,0.0,10.2,87.2,14.16,31.1,22.67,1010.0600000000001,67.8,25.080000000000002,0.0,4.548,10.8967,106.7832,11.888,12.754,6,24,63,190,1970-01-21 14:50:14.988,1970-01-21 14:51:00.924,Hè,,,
Hồ Chí Minh,Đông Nam Bộ,2026-06-15,28.1,32.42,25.020000000000003,34.3,39.72,30.8,6.18,6.18,0.0,8.6,84.2,10.98,25.14,22.664,1009.9399999999999,64.2,24.98,0.0,4.706,10.8967,106.7832,11.978,12.758,6,25,61,248,1970-01-21 14:51:41.412,1970-01-21 14:52:27.324,Hè,,,
Hồ Chí Minh,Đông Nam Bộ,2026-06-16,28.360000000000003,32.9,25.619999999999997,34.839999999999996,40.8,31.26,6.540000000000001,6.540000000000001,0.0,11.8,84.4,11.940000000000001,27.7,21.990000000000002,1010.28,70.6,25.3,0.0,4.62,10.8967,106.7832,11.552,12.758,6,25,61,210,1970-01-21 14:53:07.812,1970-01-21 14:53:53.748,Hè,,,
Hồ Chí Minh,Đông Nam Bộ,2026-06-17,28.26,33.239999999999995,24.94,34.739999999999995,40.88,30.580000000000002,7.42,7.42,0.0,14.2,84.6,11.22,24.119999999999997,23.028,1010.5600000000001,71.0,25.16,0.0,4.864,10.8967,106.7832,11.396,12.76,6,25,55,207,1970-01-21 14:54:34.224,1970-01-21 14:55:20.160,Hè,,,
Hồ Chí Minh,Đông Nam Bộ,2026-06-18,28.2,33.04,25.080000000000002,34.239999999999995,39.56,30.860000000000003,4.5,4.5,0.0,6.8,82.6,10.86,23.68,22.61,1010.46,94.0,24.64,0.0,4.832,10.8967,106.7832,11.998000000000001,12.762,6,25,63,191,1970-01-21 14:56:00.648,1970-01-21 14:56:46.584,Hè,,,
Hồ Chí Minh,Đông Nam Bộ,2026-06-19,28.439999999999998,33.3,24.68,34.5,40.519999999999996,30.639999999999997,0.9800000000000001,0.9800000000000001,0.0,5.6,80.0,12.040000000000001,22.16,22.747999999999998,1010.0,94.6,24.34,0.0,4.926,10.8967,106.7832,11.959999999999999,12.762,6,25,51,168,1970-01-21 14:57:27.048,1970-01-21 14:58:12.984,Hè,,,
Hồ Chí Minh,Đông Nam Bộ,2026-06-20,28.839999999999996,33.98,25.8,35.18,41.3,31.560000000000002,1.8199999999999998,1.8199999999999998,0.0,6.8,80.8,14.8,30.6,23.512,1010.28,55.8,24.919999999999998,0.0,5.0600000000000005,10.8967,106.7832,11.693999999999999,12.762,6,25,53,194,1970-01-21 14:58:53.472,1970-01-21 14:59:39.408,Hè,,,
Hồ Chí Minh,Đông Nam Bộ,2026-06-21,29.139999999999997,33.54,25.6,35.4,40.019999999999996,31.919999999999998,2.46,2.46,0.0,9.0,78.4,9.459999999999999,22.46,24.106,1010.4,70.2,24.66,0.0,5.17,10.8967,106.7832,12.001999999999999,12.762,6,25,61,193,1970-01-21 15:00:19.872,1970-01-21 15:01:05.820,Hè,,,
Hồ Chí Minh,Đông Nam Bộ,2026-06-22,29.52,33.88,25.28,35.839999999999996,40.9,30.9,1.98,1.98,0.0,4.8,78.2,10.14,22.119999999999997,24.169999999999998,1008.9799999999999,67.4,24.98,0.0,5.242,10.8967,106.7832,12.0,12.762,6,26,51,270,1970-01-21 15:01:46.284,1970-01-21 15:02:32.232,Hè,,,
Hồ Chí Minh,Đông Nam Bộ,2026-06-23,28.1,31.660000000000004,24.64,34.339999999999996,38.2,29.839999999999996,12.940000000000001,12.940000000000001,0.0,10.4,86.0,13.62,28.5,18.6,1008.3,90.2,25.36,0.0,3.87,10.8967,106.7832,9.803999999999998,12.762,6,26,63,239,1970-01-21 15:03:12.708,1970-01-21 15:03:58.644,Hè,,,
Hồ Chí Minh,Đông Nam Bộ,2026-06-24,29.02,33.82,26.04,35.4,41.4,31.619999999999997,2.7199999999999998,2.7199999999999998,0.0,9.2,82.4,14.12,28.859999999999996,22.956,1007.6200000000001,79.0,25.419999999999998,0.0,4.965999999999999,10.8967,106.7832,11.646,12.762,6,26,53,225,1970-01-21 15:04:39.132,1970-01-21 15:05:25.044,Hè,,,
Hồ Chí Minh,Đông Nam Bộ,2026-06-25,27.98,32.980000000000004,25.44,33.72,39.56,30.919999999999998,7.340000000000001,7.340000000000001,0.0,9.2,85.4,18.619999999999997,41.17999999999999,18.442,1008.5799999999999,73.6,25.139999999999997,0.0,3.9299999999999997,10.8967,106.7832,10.434000000000001,12.762,6,26,63,207,1970-01-21 15:06:05.532,1970-01-21 15:06:51.468,Hè,,,
Hồ Chí Minh,Đông Nam Bộ,2026-06-26,28.4,32.339999999999996,25.4,34.260000000000005,38.36,31.380000000000003,2.06,2.06,0.0,10.8,83.8,13.0,31.32,22.724,1008.9,52.6,25.06,0.0,4.812,10.8967,106.7832,12.0,12.758,6,26,51,226,1970-01-21 15:07:31.944,1970-01-21 15:08:17.880,Hè,,,
Hồ Chí Minh,Đông Nam Bộ,2026-06-27,28.68,32.760000000000005,25.7,34.42,39.44,31.619999999999997,1.16,1.16,0.0,7.2,80.8,13.940000000000001,29.880000000000003,21.676,1008.4,76.4,24.84,0.0,4.706,10.8967,106.7832,11.394,12.758,6,26,51,246,1970-01-21 15:08:58.368,1970-01-21 15:09:44.292,Hè,,,
Hồ Chí Minh,Đông Nam Bộ,2026-06-28,27.380000000000003,32.0,25.6,33.56,39.14,31.32,18.3,18.3,0.0,14.2,89.0,17.66,39.32,18.106,1008.0200000000001,90.0,25.259999999999998,0.0,3.622,10.8967,106.7832,8.47,12.754,6,26,63,239,1970-01-21 15:10:24.768,1970-01-21 15:11:10.704,Hè,,,
Hồ Chí Minh,Đông Nam Bộ,2026-06-29,27.7,32.36,25.919999999999998,33.660000000000004,38.9,31.060000000000002,21.36,21.36,0.0,15.4,88.0,16.419999999999998,37.64,18.448,1007.7,91.2,25.439999999999998,0.0,3.772,10.8967,106.7832,9.776,12.754,6,27,63,244,1970-01-21 15:11:51.192,1970-01-21 15:12:37.104,Hè,,,
Hồ Chí Minh,Đông Nam Bộ,2026-06-30,27.619999999999997,32.239999999999995,24.68,33.660000000000004,38.279999999999994,29.9,15.98,15.98,0.0,18.0,87.8,14.280000000000001,34.86,19.862000000000002,1007.9200000000001,98.4,25.279999999999998,0.0,4.101999999999999,10.8967,106.7832,8.879999999999999,12.754,6,27,63,252,1970-01-21 15:13:17.604,1970-01-21 15:14:03.504,Hè,,,
Hồ Chí Minh,Đông Nam Bộ,2026-07-01,28.46,32.519999999999996,25.18,33.739999999999995,38.480000000000004,30.4,4.359999999999999,4.359999999999999,0.0,8.8,81.2,15.960000000000003,34.2,22.314,1007.2,88.0,24.62,0.0,4.914,10.8967,106.7832,10.78,12.751999999999999,7,27,61,248,1970-01-21 15:14:44.028,1970-01-21 15:15:29.928,Hè,,,
Hồ Chí Minh,Đông Nam Bộ,2026-07-02,26.619999999999997,29.880000000000003,24.18,31.6,35.08,28.3,24.92,24.92,0.0,20.2,90.0,16.8,37.64,12.290000000000001,1007.8399999999999,98.0,24.8,0.0,2.616,10.8967,106.7832,4.326,12.748000000000001,7,27,63,238,1970-01-21 15:16:10.428,1970-01-21 15:16:56.340,Hè,,,
Hồ Chí Minh,Đông Nam Bộ,2026-07-03,26.619999999999997,29.2,24.84,31.619999999999997,33.96,29.5,7.459999999999999,7.459999999999999,0.0,15.4,89.8,13.52,28.32,8.19,1009.1,100.0,24.7,0.0,1.9420000000000002,10.8967,106.7832,0.15,12.744,7,27,63,212,1970-01-21 15:17:36.852,1970-01-21 15:18:22.740,Hè,,,
Hồ Chí Minh,Đông Nam Bộ,2026-07-04,26.04,28.939999999999998,24.72,31.26,34.22,29.54,17.68,17.68,0.0,17.0,91.6,14.219999999999999,29.74,10.559999999999999,1010.6,100.0,24.56,0.0,2.186,10.8967,106.7832,2.402,12.744,7,27,63,219,1970-01-21 15:19:03.264,1970-01-21 15:19:49.140,Hè,,,
Hồ Chí Minh,Đông Nam Bộ,2026-07-05,27.080000000000002,30.5,24.9,32.760000000000005,35.18,31.02,1.86,1.86,0.0,9.4,86.4,11.22,24.560000000000002,13.472,1011.0,96.8,24.4,0.0,2.934,10.8967,106.7832,6.804,12.742,7,27,51,255,1970-01-21 15:20:29.688,1970-01-21 15:21:15.552,Hè,,,
Hồ Chí Minh,Đông Nam Bộ,2026-07-06,27.580000000000002,30.419999999999998,25.44,33.46,35.46,31.74,1.1800000000000002,1.1800000000000002,0.0,6.2,86.6,12.4,25.0,11.906,1010.32,99.6,25.06,0.0,2.6439999999999997,10.8967,106.7832,4.470000000000001,12.738,7,28,53,203,1970-01-21 15:21:56.088,1970-01-21 15:22:41.952,Hè,,,
Hồ Chí Minh,Đông Nam Bộ,2026-07-07,27.419999999999998,31.04,25.34,33.28,37.14,31.02,11.72,11.72,0.0,12.4,86.8,13.639999999999997,34.28,16.714,1010.36,92.6,24.919999999999998,0.0,3.504,10.8967,106.7832,7.76,12.734,7,28,63,241,1970-01-21 15:23:22.512,1970-01-21 15:24:08.364,Hè,,,
Hồ Chí Minh,Đông Nam Bộ,2026-07-08,27.080000000000002,31.26,24.119999999999997,32.44,36.839999999999996,28.54,9.64,9.64,0.0,9.2,87.0,20.4,44.06,19.791999999999998,1009.74,83.4,24.62,0.0,4.023999999999999,10.8967,106.7832,10.14,12.732000000000001,7,28,61,212,1970-01-21 15:24:48.924,1970-01-21 15:25:34.764,Hè,,,
Hồ Chí Minh,Đông Nam Bộ,2026-07-09,28.639999999999997,32.54,25.44,33.4,37.94,30.7,1.26,1.26,0.0,7.4,78.6,19.94,42.7,22.728,1009.0799999999999,93.8,24.32,0.0,5.066,10.8967,106.7832,11.616,12.728,7,28,51,242,1970-01-21 15:26:15.348,1970-01-21 15:27:01.164,Hè,,,
Hồ Chí Minh,Đông Nam Bộ,2026-07-10,28.98,33.2,25.4,33.64,38.06,30.139999999999997,3.02,3.02,0.0,4.4,76.6,18.8,44.92,23.476,1008.46,97.6,24.259999999999998,0.0,5.369999999999999,10.8967,106.7832,11.256,12.724,7,28,53,251,1970-01-21 15:27:41.760,1970-01-21 15:28:27.564,Hè,,,
Hồ Chí Minh,Đông Nam Bộ,2026-07-11,29.02,32.8,25.939999999999998,33.3,37.52,30.52,2.2,2.2,0.0,4.2,75.8,22.36,49.019999999999996,22.657999999999998,1006.54,58.8,24.16,0.0,5.268,10.8967,106.7832,11.703999999999999,12.72,7,28,63,249,1970-01-21 15:29:08.172,1970-01-21 15:29:53.964,Hè,,,
Hồ Chí Minh,Đông Nam Bộ,2026-07-12,27.580000000000002,30.18,26.119999999999997,31.860000000000003,34.6,29.82,10.56,10.56,0.0,12.2,82.8,20.68,50.46,16.21,1006.78,89.4,24.4,0.0,3.678,10.8967,106.7832,8.776,12.714,7,28,63,240,1970-01-21 15:30:34.584,1970-01-21 15:31:20.364,Hè,,,
Hồ Chí Minh,Đông Nam Bộ,2026-07-13,27.080000000000002,30.74,25.1,31.839999999999996,36.12,30.119999999999997,11.1,11.1,0.0,6.6,85.0,19.32,46.6,14.831999999999999,1008.04,94.6,24.28,0.0,3.222,10.8967,106.7832,5.854000000000001,12.712,7,29,63,233,1970-01-21 15:32:01.008,1970-01-21 15:32:46.764,Hè,,,
Hồ Chí Minh,Đông Nam Bộ,2026-07-14,27.8,31.560000000000002,25.04,32.54,36.92,30.060000000000002,2.8,2.8,0.0,9.0,81.8,21.18,44.78,21.97,1009.3,84.6,24.16,0.0,4.6899999999999995,10.8967,106.7832,10.616,12.703999999999999,7,29,53,250,1970-01-21 15:33:27.432,1970-01-21 15:34:13.164,Hè,,,
Hồ Chí Minh,Đông Nam Bộ,2026-07-15,27.119999999999997,31.54,25.080000000000002,32.7,37.68,30.32,16.580000000000002,16.580000000000002,0.0,13.4,88.0,17.34,40.220000000000006,19.294,1011.1800000000001,96.8,24.82,0.0,3.9019999999999997,10.8967,106.7832,9.578,12.702,7,29,65,235,1970-01-21 15:34:53.832,1970-01-21 15:35:39.564,Hè,,,
Hồ Chí Minh,Đông Nam Bộ,2026-07-16,27.22,32.0,23.98,32.68,38.9,28.96,8.540000000000001,8.540000000000001,0.0,12.2,85.2,15.580000000000002,34.980000000000004,20.157999999999998,1011.7,92.0,24.240000000000002,0.0,4.242,10.8967,106.7832,10.314,12.697999999999999,7,29,61,273,1970-01-21 15:36:20.256,1970-01-21 15:37:05.964,Hè,,,
Hồ Chí Minh,Đông Nam Bộ,2026-07-17,27.860000000000003,31.880000000000003,25.04,33.22,36.9,30.74,4.2,4.2,0.0,13.6,81.6,16.419999999999998,34.5,18.252000000000002,1010.4200000000001,92.6,24.18,0.0,4.042,10.8967,106.7832,8.522,12.692,7,29,53,279,1970-01-21 15:37:46.668,1970-01-21 15:38:32.364,Hè,,,
Hồ Chí Minh,Đông Nam Bộ,2026-07-18,27.839999999999996,32.239999999999995,25.580000000000002,33.56,37.980000000000004,31.28,4.06,4.06,0.0,11.6,83.6,15.12,31.619999999999997,21.302,1009.6200000000001,77.4,24.64,0.0,4.444,10.8967,106.7832,10.52,12.687999999999999,7,29,55,233,1970-01-21 15:39:13.092,1970-01-21 15:39:58.764,Hè,,,
Hồ Chí Minh,Đông Nam Bộ,2026-07-19,28.4,32.3,25.18,34.08,39.0,30.880000000000003,1.48,1.48,0.0,8.2,82.2,13.440000000000001,29.160000000000004,23.718,1009.5799999999999,35.6,24.82,0.0,4.9879999999999995,10.8967,106.7832,12.0,12.68,7,29,51,236,1970-01-21 15:40:39.492,1970-01-21 15:41:25.152,Hè,,,
Hồ Chí Minh,Đông Nam Bộ,2026-07-20,29.0,33.46,25.419999999999998,33.92,38.38,30.98,0.2,0.2,0.0,1.8,75.2,13.48,28.72,25.248,1009.54,16.4,23.7,0.0,5.636,10.8967,106.7832,12.0,12.674,7,30,51,244,1970-01-21 15:42:05.904,1970-01-21 15:42:51.540,Hè,,,
