province,region,date,temperature_2m_mean,temperature_2m_max,temperature_2m_min,apparent_temperature_mean,apparent_temperature_max,apparent_temperature_min,precipitation_sum,rain_sum,showers_sum,precipitation_hours,relative_humidity_2m_mean,wind_speed_10m_max,wind_gusts_10m_max,shortwave_radiation_sum,pressure_msl_mean,cloud_cover_mean,dew_point_2m_mean,snowfall_sum,et0_fao_evapotranspiration,latitude,longitude,sunshine_hours,daylight_hours,month,week,weather_code,wind_direction_10m_dominant,sunrise,sunset,season,uv_index_max,uv_index_clear_sky_max,precipitation_probability_max
Khánh Hòa,Duyên hải Nam Trung Bộ,2025-07-21,27.255555555555556,31.533333333333335,24.555555555555557,29.922222222222224,33.87777777777777,27.366666666666667,0.6777777777777777,0.6777777777777777,0.0,2.6666666666666665,69.0,17.755555555555556,51.86666666666667,17.144444444444446,1003.7444444444445,100.0,20.744444444444444,0.0,4.568888888888889,11.9564,109.0298,8.724444444444446,12.724444444444446,7,30,51,203,1970-01-21 06:57:55.693333333,1970-01-21 06:58:41.500000000,Hè,,,
Khánh Hòa,Duyên hải Nam Trung Bộ,2025-07-22,27.299999999999997,32.96666666666667,23.98888888888889,30.299999999999997,35.93333333333333,27.0,0.7444444444444445,0.7444444444444445,0.0,3.0,70.44444444444444,19.9,55.27777777777778,21.27111111111111,1004.0333333333333,96.77777777777777,20.88888888888889,0.0,5.205555555555556,11.9564,109.0298,10.586666666666666,12.71888888888889,7,30,51,168,1970-01-21 06:59:22.100000000,1970-01-21 07:00:07.900000000,Hè,,,
Khánh Hòa,Duyên hải Nam Trung Bộ,2025-07-23,28.066666666666666,33.233333333333334,23.922222222222224,31.922222222222224,37.400000000000006,27.677777777777777,0.8222222222222223,0.8222222222222223,0.0,3.3333333333333335,69.33333333333333,14.233333333333333,43.58888888888889,23.712222222222223,1003.9444444444445,88.88888888888889,21.4,0.0,5.444444444444445,11.9564,109.0298,11.886666666666667,12.71,7,30,51,162,1970-01-21 07:00:48.520000000,1970-01-21 07:01:34.280000000,Hè,,,
Khánh Hòa,Duyên hải Nam Trung Bộ,2025-07-24,27.266666666666666,31.27777777777778,24.27777777777778,31.244444444444444,34.74444444444444,28.733333333333334,1.7333333333333334,1.7333333333333334,0.0,4.444444444444445,72.55555555555556,12.899999999999999,42.84444444444445,13.954444444444444,1004.7111111111111,99.22222222222223,21.58888888888889,0.0,3.4022222222222225,11.9564,109.0298,4.952222222222222,12.704444444444444,7,30,61,73,1970-01-21 07:02:14.940000000,1970-01-21 07:03:00.660000000,Hè,,,
Khánh Hòa,Duyên hải Nam Trung Bộ,2025-07-25,27.033333333333335,31.366666666666667,23.37777777777778,31.299999999999997,36.044444444444444,27.655555555555555,3.2777777777777777,3.2777777777777777,0.0,5.666666666666667,74.0,9.588888888888889,29.78888888888889,16.14888888888889,1004.9111111111112,96.11111111111111,21.58888888888889,0.0,3.643333333333333,11.9564,109.0298,6.973333333333334,12.698888888888888,7,30,53,95,1970-01-21 07:03:41.353333333,1970-01-21 07:04:27.060000000,Hè,,,
Khánh Hòa,Duyên hải Nam Trung Bộ,2025-07-26,26.144444444444446,29.855555555555554,23.244444444444444,30.900000000000002,34.955555555555556,27.77777777777778,8.477777777777778,8.477777777777778,0.0,10.11111111111111,81.22222222222223,9.833333333333334,31.599999999999998,14.268888888888888,1005.7333333333333,99.66666666666667,22.455555555555556,0.0,3.111111111111111,11.9564,109.0298,5.65,12.69,7,30,61,102,1970-01-21 07:05:07.753333333,1970-01-21 07:05:53.446666666,Hè,,,
Khánh Hòa,Duyên hải Nam Trung Bộ,2025-07-27,27.1,32.099999999999994,23.566666666666666,31.244444444444444,36.75555555555556,27.61111111111111,0.6111111111111112,0.6111111111111112,0.0,1.3333333333333333,74.88888888888889,12.655555555555557,38.41111111111111,19.845555555555556,1005.6555555555556,96.55555555555556,21.87777777777778,0.0,4.542222222222223,11.9564,109.0298,9.801111111111112,12.68,7,30,51,142,1970-01-21 07:06:34.173333333,1970-01-21 07:07:19.840000000,Hè,,,
Khánh Hòa,Duyên hải Nam Trung Bộ,2025-07-28,27.422222222222224,32.91111111111111,23.477777777777778,31.35555555555556,37.77777777777778,27.466666666666665,0.7222222222222222,0.7222222222222222,0.0,2.888888888888889,73.66666666666667,16.91111111111111,46.12222222222223,24.274444444444445,1005.2555555555555,67.11111111111111,21.9,0.0,5.477777777777778,11.9564,109.0298,12.017777777777777,12.676666666666668,7,31,53,178,1970-01-21 07:08:00.580000000,1970-01-21 07:08:46.213333333,Hè,,,
Khánh Hòa,Duyên hải Nam Trung Bộ,2025-07-29,28.22222222222222,33.644444444444446,24.58888888888889,31.900000000000002,38.01111111111111,28.27777777777778,0.4666666666666667,0.4666666666666667,0.0,2.111111111111111,70.22222222222223,16.444444444444443,44.96666666666667,24.033333333333335,1004.9888888888888,41.111111111111114,21.811111111111114,0.0,5.752222222222222,11.9564,109.0298,11.396666666666667,12.67,7,31,51,184,1970-01-21 07:09:27.000000000,1970-01-21 07:10:12.600000000,Hè,,,
Khánh Hòa,Duyên hải Nam Trung Bộ,2025-07-30,28.922222222222224,34.63333333333333,24.955555555555556,32.388888888888886,38.22222222222222,28.566666666666663,0.1888888888888889,0.1888888888888889,0.0,1.0,66.11111111111111,16.566666666666666,44.25555555555556,23.993333333333332,1005.3888888888889,80.0,21.344444444444445,0.0,5.922222222222222,11.9564,109.0298,12.0,12.66,7,31,51,179,1970-01-21 07:10:53.413333333,1970-01-21 07:11:38.986666666,Hè,,,
Khánh Hòa,Duyên hải Nam Trung Bộ,2025-07-31,28.733333333333334,34.97777777777778,24.08888888888889,32.233333333333334,38.900000000000006,27.666666666666668,0.3888888888888889,0.3888888888888889,0.0,1.4444444444444444,66.55555555555556,17.266666666666666,45.099999999999994,24.443333333333335,1005.7111111111111,56.77777777777778,21.22222222222222,0.0,5.973333333333333,11.9564,109.0298,12.017777777777777,12.65,7,31,51,178,1970-01-21 07:12:19.813333333,1970-01-21 07:13:05.380000000,Hè,,,
Khánh Hòa,Duyên hải Nam Trung Bộ,2025-08-01,28.78888888888889,34.955555555555556,24.08888888888889,32.94444444444444,39.544444444444444,28.1,0.1888888888888889,0.1888888888888889,0.0,1.2222222222222223,69.44444444444444,15.355555555555554,38.766666666666666,24.39333333333333,1005.3555555555556,81.44444444444444,22.044444444444444,0.0,5.77888888888889,11.9564,109.0298,12.03111111111111,12.646666666666668,8,31,3,134,1970-01-21 07:13:46.233333333,1970-01-21 07:14:31.746666666,Hè,,,
Khánh Hòa,Duyên hải Nam Trung Bộ,2025-08-02,28.188888888888886,33.93333333333333,24.1,32.8,39.15555555555555,28.38888888888889,1.9333333333333331,1.9333333333333331,0.0,3.6666666666666665,74.55555555555556,13.511111111111111,36.56666666666667,23.383333333333333,1007.2111111111111,94.0,22.688888888888886,0.0,5.343333333333334,11.9564,109.0298,11.967777777777778,12.636666666666667,8,31,53,93,1970-01-21 07:15:12.640000000,1970-01-21 07:15:58.133333333,Hè,,,
Khánh Hòa,Duyên hải Nam Trung Bộ,2025-08-03,28.355555555555558,34.51111111111111,23.811111111111114,32.855555555555554,39.34444444444445,28.033333333333335,0.3222222222222222,0.3222222222222222,0.0,2.0,72.0,13.588888888888889,36.31111111111111,24.663333333333334,1008.3444444444444,93.66666666666667,22.22222222222222,0.0,5.642222222222222,11.9564,109.0298,12.0,12.63,8,31,51,202,1970-01-21 07:16:39.053333333,1970-01-21 07:17:24.520000000,Hè,,,
Khánh Hòa,Duyên hải Nam Trung Bộ,2025-08-04,28.200000000000003,34.0,23.266666666666666,32.599999999999994,39.05555555555556,27.322222222222223,0.25555555555555554,0.25555555555555554,0.0,1.3333333333333333,71.0,13.399999999999999,33.34444444444445,24.933333333333334,1008.4444444444445,60.55555555555556,21.822222222222223,0.0,5.6433333333333335,11.9564,109.0298,12.0,12.62,8,32,51,162,1970-01-21 07:18:05.466666666,1970-01-21 07:18:50.886666666,Hè,,,
Khánh Hòa,Duyên hải Nam Trung Bộ,2025-08-05,27.577777777777776,33.82222222222222,23.62222222222222,32.02222222222222,38.84444444444445,27.977777777777774,2.2555555555555555,2.2555555555555555,0.0,3.2222222222222223,75.33333333333333,15.311111111111112,40.922222222222224,24.47888888888889,1008.3222222222222,82.22222222222223,22.355555555555554,0.0,5.471111111111111,11.9564,109.0298,12.013333333333334,12.61,8,32,3,172,1970-01-21 07:19:31.873333333,1970-01-21 07:20:17.266666666,Hè,,,
Khánh Hòa,Duyên hải Nam Trung Bộ,2025-08-06,27.0,33.099999999999994,23.133333333333333,31.22222222222222,38.02222222222222,27.077777777777776,1.7555555555555555,1.7555555555555555,0.0,4.111111111111111,76.22222222222223,14.166666666666666,36.15555555555556,23.897777777777776,1008.8222222222222,99.66666666666667,22.066666666666666,0.0,5.266666666666667,11.9564,109.0298,11.979999999999999,12.6,8,32,3,111,1970-01-21 07:20:58.273333333,1970-01-21 07:21:43.660000000,Hè,,,
Khánh Hòa,Duyên hải Nam Trung Bộ,2025-08-07,26.91111111111111,32.31111111111111,22.666666666666668,31.433333333333337,37.82222222222222,26.544444444444444,3.6999999999999997,3.6999999999999997,0.0,2.888888888888889,75.22222222222223,11.277777777777779,31.56666666666667,24.133333333333333,1009.6777777777778,46.111111111111114,21.700000000000003,0.0,5.12,11.9564,109.0298,12.005555555555555,12.592222222222222,8,32,3,53,1970-01-21 07:22:24.686666666,1970-01-21 07:23:10.020000000,Hè,,,
Khánh Hòa,Duyên hải Nam Trung Bộ,2025-08-08,26.37777777777778,31.733333333333334,23.033333333333335,30.988888888888887,37.37777777777778,27.08888888888889,4.922222222222222,4.922222222222222,0.0,3.5555555555555554,77.44444444444444,10.088888888888889,30.488888888888887,22.30777777777778,1010.2888888888889,71.22222222222223,21.811111111111114,0.0,4.631111111111111,11.9564,109.0298,11.711111111111112,12.585555555555555,8,32,63,138,1970-01-21 07:23:51.093333333,1970-01-21 07:24:36.400000000,Hè,,,
Khánh Hòa,Duyên hải Nam Trung Bộ,2025-08-09,26.344444444444445,32.55555555555556,23.0,30.755555555555556,37.86666666666667,26.955555555555556,4.777777777777778,4.777777777777778,0.0,4.333333333333333,76.88888888888889,11.7,34.044444444444444,21.831111111111113,1009.5777777777779,75.77777777777777,21.48888888888889,0.0,4.638888888888889,11.9564,109.0298,10.448888888888888,12.576666666666666,8,32,61,4,1970-01-21 07:25:17.500000000,1970-01-21 07:26:02.766666666,Hè,,,
Khánh Hòa,Duyên hải Nam Trung Bộ,2025-08-10,26.57777777777778,31.633333333333333,22.822222222222223,30.88888888888889,36.72222222222222,26.822222222222223,2.5444444444444443,2.5444444444444443,0.0,3.7777777777777777,75.44444444444444,12.866666666666667,34.166666666666664,24.043333333333337,1008.2666666666667,86.55555555555556,21.455555555555556,0.0,5.1033333333333335,11.9564,109.0298,11.931111111111111,12.567777777777778,8,32,53,123,1970-01-21 07:26:43.913333333,1970-01-21 07:27:29.153333333,Hè,,,
Khánh Hòa,Duyên hải Nam Trung Bộ,2025-08-11,26.466666666666665,31.43333333333333,22.58888888888889,30.95555555555556,36.36666666666667,26.81111111111111,4.2444444444444445,4.2444444444444445,0.0,5.222222222222222,77.77777777777777,12.466666666666667,33.55555555555556,23.553333333333335,1007.3888888888889,35.77777777777778,21.91111111111111,0.0,4.998888888888889,11.9564,109.0298,12.026666666666666,12.55777777777778,8,33,63,172,1970-01-21 07:28:10.326666666,1970-01-21 07:28:55.533333333,Hè,,,
Khánh Hòa,Duyên hải Nam Trung Bộ,2025-08-12,26.477777777777778,31.633333333333333,22.766666666666666,30.900000000000002,36.900000000000006,26.644444444444446,6.788888888888889,6.788888888888889,0.0,6.333333333333333,76.88888888888889,11.11111111111111,30.299999999999997,23.558888888888887,1007.6444444444444,71.11111111111111,21.711111111111112,0.0,4.984444444444445,11.9564,109.0298,11.962222222222222,12.547777777777778,8,33,63,65,1970-01-21 07:29:36.726666666,1970-01-21 07:30:21.893333333,Hè,,,
Khánh Hòa,Duyên hải Nam Trung Bộ,2025-08-13,25.577777777777776,31.022222222222222,22.522222222222222,29.78888888888889,36.02222222222222,26.200000000000003,9.588888888888889,9.588888888888889,0.0,4.555555555555555,80.0,11.544444444444444,30.28888888888889,20.007777777777775,1008.2666666666667,88.66666666666667,21.522222222222222,0.0,4.203333333333333,11.9564,109.0298,9.774444444444445,12.537777777777777,8,33,63,85,1970-01-21 07:31:03.133333333,1970-01-21 07:31:48.280000000,Hè,,,
Khánh Hòa,Duyên hải Nam Trung Bộ,2025-08-14,25.666666666666668,30.977777777777778,22.27777777777778,29.95555555555556,36.52222222222222,25.766666666666666,6.433333333333334,6.433333333333334,0.0,5.222222222222222,79.66666666666667,11.666666666666666,30.88888888888889,23.424444444444443,1007.2888888888889,88.22222222222223,21.477777777777778,0.0,4.875555555555556,11.9564,109.0298,11.683333333333334,12.53,8,33,63,225,1970-01-21 07:32:29.533333333,1970-01-21 07:33:14.640000000,Hè,,,
Khánh Hòa,Duyên hải Nam Trung Bộ,2025-08-15,25.355555555555554,30.744444444444444,22.0,29.666666666666668,36.266666666666666,25.866666666666667,4.199999999999999,4.199999999999999,0.0,3.6666666666666665,80.0,9.288888888888888,26.444444444444443,22.12333333333333,1005.8777777777777,100.0,21.244444444444444,0.0,4.568888888888889,11.9564,109.0298,10.805555555555555,12.52,8,33,63,1,1970-01-21 07:33:55.940000000,1970-01-21 07:34:41.020000000,Hè,,,
Khánh Hòa,Duyên hải Nam Trung Bộ,2025-08-16,24.677777777777777,29.200000000000003,22.08888888888889,29.15555555555555,33.96666666666667,26.077777777777776,15.044444444444444,15.044444444444444,0.0,10.666666666666666,84.55555555555556,9.622222222222222,28.244444444444444,19.953333333333333,1005.9222222222221,88.22222222222223,21.655555555555555,0.0,3.973333333333333,11.9564,109.0298,9.770000000000001,12.51,8,33,63,155,1970-01-21 07:35:22.353333333,1970-01-21 07:36:07.386666666,Hè,,,
Khánh Hòa,Duyên hải Nam Trung Bộ,2025-08-17,24.5,28.444444444444443,22.677777777777777,29.11111111111111,33.666666666666664,27.022222222222222,12.177777777777777,12.177777777777777,0.0,13.11111111111111,87.66666666666667,8.600000000000001,26.566666666666666,14.734444444444442,1007.1555555555556,99.22222222222223,22.155555555555555,0.0,3.011111111111111,11.9564,109.0298,7.311111111111111,12.5,8,33,65,38,1970-01-21 07:36:48.753333333,1970-01-21 07:37:33.760000000,Hè,,,
Khánh Hòa,Duyên hải Nam Trung Bộ,2025-08-18,25.655555555555555,30.38888888888889,22.188888888888886,30.355555555555554,36.13333333333333,26.288888888888888,6.922222222222222,6.922222222222222,0.0,5.555555555555555,81.0,8.711111111111112,25.1,23.083333333333332,1009.1444444444444,92.44444444444444,21.844444444444445,0.0,4.71,11.9564,109.0298,11.37,12.492222222222223,8,34,51,96,1970-01-21 07:38:15.153333333,1970-01-21 07:39:00.126666666,Hè,,,
Khánh Hòa,Duyên hải Nam Trung Bộ,2025-08-19,25.944444444444443,30.61111111111111,22.288888888888888,30.77777777777778,36.67777777777778,26.155555555555555,3.3,3.3,0.0,5.777777777777778,80.66666666666667,9.444444444444445,27.477777777777778,23.477777777777778,1010.3666666666666,51.55555555555556,22.11111111111111,0.0,4.766666666666667,11.9564,109.0298,11.881111111111112,12.482222222222223,8,34,63,69,1970-01-21 07:39:41.553333333,1970-01-21 07:40:26.500000000,Hè,,,
Khánh Hòa,Duyên hải Nam Trung Bộ,2025-08-20,25.48888888888889,29.966666666666665,22.266666666666666,30.200000000000003,35.955555555555556,26.48888888888889,3.6555555555555554,3.6555555555555554,0.0,7.222222222222222,82.66666666666667,12.077777777777778,31.188888888888886,23.84777777777778,1010.2777777777778,89.33333333333333,22.044444444444444,0.0,4.803333333333334,11.9564,109.0298,11.683333333333334,12.472222222222221,8,34,55,38,1970-01-21 07:41:07.966666666,1970-01-21 07:41:52.853333333,Hè,,,
Khánh Hòa,Duyên hải Nam Trung Bộ,2025-08-21,23.233333333333334,25.366666666666667,21.6,27.633333333333333,29.633333333333333,25.62222222222222,17.811111111111114,17.811111111111114,0.0,16.88888888888889,91.22222222222223,6.922222222222222,22.87777777777778,11.256666666666668,1011.2666666666667,87.11111111111111,21.666666666666668,0.0,2.21,11.9564,109.0298,4.9,12.462222222222223,8,34,63,77,1970-01-21 07:42:34.373333333,1970-01-21 07:43:19.240000000,Hè,,,
Khánh Hòa,Duyên hải Nam Trung Bộ,2025-08-22,24.755555555555556,29.555555555555557,20.788888888888888,29.033333333333335,34.75555555555556,24.166666666666668,3.288888888888889,3.288888888888889,0.0,6.333333333333333,82.66666666666667,9.877777777777778,30.88888888888889,22.826666666666668,1010.1111111111111,85.66666666666667,21.322222222222223,0.0,4.575555555555556,11.9564,109.0298,11.075555555555557,12.452222222222222,8,34,51,4,1970-01-21 07:44:00.780000000,1970-01-21 07:44:45.593333333,Hè,,,
Khánh Hòa,Duyên hải Nam Trung Bộ,2025-08-23,24.977777777777778,29.41111111111111,21.37777777777778,29.666666666666668,35.43333333333333,25.077777777777776,6.555555555555555,6.555555555555555,0.0,4.666666666666667,83.44444444444444,7.300000000000001,24.533333333333335,20.95888888888889,1008.4888888888888,93.66666666666667,21.744444444444444,0.0,4.225555555555555,11.9564,109.0298,10.622222222222222,12.44222222222222,8,34,51,34,1970-01-21 07:45:27.180000000,1970-01-21 07:46:11.953333333,Hè,,,
Khánh Hòa,Duyên hải Nam Trung Bộ,2025-08-24,25.5,30.011111111111113,22.48888888888889,29.91111111111111,35.166666666666664,26.299999999999997,2.9222222222222225,2.9222222222222225,0.0,4.111111111111111,81.44444444444444,10.2,31.355555555555554,19.264444444444443,1006.4555555555556,100.0,21.88888888888889,0.0,4.037777777777778,11.9564,109.0298,8.92,12.432222222222222,8,34,53,78,1970-01-21 07:46:53.580000000,1970-01-21 07:47:38.333333333,Hè,,,
Khánh Hòa,Duyên hải Nam Trung Bộ,2025-08-25,25.799999999999997,30.922222222222224,22.655555555555555,29.67777777777778,35.44444444444444,26.577777777777776,4.544444444444444,4.544444444444444,0.0,5.555555555555555,80.11111111111111,15.733333333333333,44.833333333333336,21.616666666666667,1006.4111111111112,96.55555555555556,21.788888888888888,0.0,4.6288888888888895,11.9564,109.0298,10.408888888888889,12.42,8,35,53,171,1970-01-21 07:48:19.980000000,1970-01-21 07:49:04.686666666,Hè,,,
Khánh Hòa,Duyên hải Nam Trung Bộ,2025-08-26,25.91111111111111,30.422222222222224,23.155555555555555,29.877777777777776,35.32222222222222,26.533333333333335,5.455555555555556,5.455555555555556,0.0,4.777777777777778,78.44444444444444,13.677777777777777,40.67777777777778,19.79222222222222,1008.4888888888888,89.77777777777777,21.577777777777776,0.0,4.2588888888888885,11.9564,109.0298,10.193333333333333,12.41,8,35,53,169,1970-01-21 07:49:46.380000000,1970-01-21 07:50:31.060000000,Hè,,,
Khánh Hòa,Duyên hải Nam Trung Bộ,2025-08-27,25.455555555555556,29.04444444444444,22.633333333333336,29.811111111111114,33.44444444444444,26.733333333333334,0.9555555555555555,0.9555555555555555,0.0,1.3333333333333333,80.55555555555556,7.544444444444445,25.077777777777776,13.94111111111111,1008.5999999999999,98.55555555555556,21.644444444444442,0.0,2.97,11.9564,109.0298,6.742222222222222,12.4,8,35,51,27,1970-01-21 07:51:12.780000000,1970-01-21 07:51:57.413333333,Hè,,,
Khánh Hòa,Duyên hải Nam Trung Bộ,2025-08-28,25.188888888888886,30.133333333333333,22.766666666666666,29.833333333333332,35.644444444444446,26.833333333333332,10.222222222222221,10.222222222222221,0.0,7.888888888888889,83.22222222222223,9.044444444444444,30.08888888888889,18.23111111111111,1007.3222222222222,97.44444444444444,21.944444444444443,0.0,3.756666666666667,11.9564,109.0298,8.62,12.387777777777778,8,35,61,6,1970-01-21 07:52:39.180000000,1970-01-21 07:53:23.780000000,Hè,,,
Khánh Hòa,Duyên hải Nam Trung Bộ,2025-08-29,24.677777777777777,28.833333333333332,22.188888888888886,29.466666666666665,34.5,26.166666666666668,14.600000000000001,14.600000000000001,0.0,9.444444444444445,87.22222222222223,8.588888888888889,27.155555555555555,17.40888888888889,1006.6333333333334,98.22222222222223,22.255555555555556,0.0,3.4955555555555557,11.9564,109.0298,8.42,12.376666666666667,8,35,63,122,1970-01-21 07:54:05.580000000,1970-01-21 07:54:50.153333333,Hè,,,
Khánh Hòa,Duyên hải Nam Trung Bộ,2025-08-30,25.177777777777777,29.022222222222222,22.555555555555557,30.200000000000003,35.53333333333333,26.855555555555554,7.833333333333333,7.833333333333333,0.0,8.555555555555555,86.33333333333333,6.688888888888889,23.62222222222222,18.615555555555556,1006.3555555555556,90.0,22.533333333333335,0.0,3.755555555555555,11.9564,109.0298,10.31,12.366666666666667,8,35,63,57,1970-01-21 07:55:31.980000000,1970-01-21 07:56:16.506666666,Hè,,,
Khánh Hòa,Duyên hải Nam Trung Bộ,2025-08-31,25.177777777777777,30.11111111111111,22.166666666666668,30.099999999999998,36.36666666666667,26.355555555555554,17.144444444444446,17.144444444444446,0.0,9.666666666666666,85.55555555555556,9.622222222222222,26.955555555555556,22.58111111111111,1007.2666666666667,76.0,22.344444444444445,0.0,4.504444444444444,11.9564,109.0298,11.458888888888888,12.356666666666666,8,35,63,17,1970-01-21 07:56:58.380000000,1970-01-21 07:57:42.880000000,Hè,,,
Khánh Hòa,Duyên hải Nam Trung Bộ,2025-09-01,24.98888888888889,29.266666666666666,22.533333333333335,29.900000000000002,35.388888888888886,26.844444444444445,14.222222222222221,14.222222222222221,0.0,9.333333333333334,86.11111111111111,9.177777777777777,25.87777777777778,21.24888888888889,1006.9555555555556,79.88888888888889,22.333333333333332,0.0,4.217777777777778,11.9564,109.0298,10.953333333333333,12.346666666666668,9,36,65,175,1970-01-21 07:58:24.780000000,1970-01-21 07:59:09.233333333,Thu,,,
Khánh Hòa,Duyên hải Nam Trung Bộ,2025-09-02,24.37777777777778,27.733333333333334,22.655555555555555,29.22222222222222,33.21111111111111,26.87777777777778,24.88888888888889,24.88888888888889,0.0,14.333333333333334,90.0,7.711111111111112,23.322222222222223,15.995555555555557,1007.9777777777776,91.22222222222223,22.477777777777778,0.0,3.14,11.9564,109.0298,7.664444444444445,12.336666666666666,9,36,65,3,1970-01-21 07:59:51.186666666,1970-01-21 08:00:35.586666666,Thu,,,
Khánh Hòa,Duyên hải Nam Trung Bộ,2025-09-03,24.644444444444446,28.333333333333332,22.688888888888886,29.56666666666667,34.51111111111111,27.055555555555557,13.255555555555555,13.255555555555555,0.0,11.555555555555555,88.66666666666667,7.7333333333333325,23.844444444444445,17.89888888888889,1008.1222222222223,83.33333333333333,22.48888888888889,0.0,3.5288888888888885,11.9564,109.0298,9.186666666666666,12.326666666666666,9,36,65,12,1970-01-21 08:01:17.586666666,1970-01-21 08:02:01.966666666,Thu,,,
Khánh Hòa,Duyên hải Nam Trung Bộ,2025-09-04,24.88888888888889,29.21111111111111,22.12222222222222,29.95555555555556,35.27777777777778,26.466666666666665,13.200000000000001,13.200000000000001,0.0,9.88888888888889,87.66666666666667,8.433333333333334,25.41111111111111,20.577777777777776,1007.9444444444445,43.77777777777778,22.533333333333335,0.0,4.0344444444444445,11.9564,109.0298,10.734444444444444,12.316666666666668,9,36,65,108,1970-01-21 08:02:43.980000000,1970-01-21 08:03:28.320000000,Thu,,,
Khánh Hòa,Duyên hải Nam Trung Bộ,2025-09-05,25.055555555555557,29.444444444444443,22.166666666666668,30.200000000000003,36.0,26.288888888888888,16.48888888888889,16.48888888888889,0.0,11.666666666666666,87.77777777777777,8.711111111111112,26.044444444444444,20.305555555555557,1008.1777777777778,80.33333333333333,22.72222222222222,0.0,4.027777777777778,11.9564,109.0298,10.594444444444443,12.306666666666667,9,36,63,186,1970-01-21 08:04:10.380000000,1970-01-21 08:04:54.680000000,Thu,,,
Khánh Hòa,Duyên hải Nam Trung Bộ,2025-09-06,24.866666666666664,28.700000000000003,22.72222222222222,29.977777777777778,34.81111111111111,27.244444444444444,12.988888888888889,12.988888888888889,0.0,12.222222222222221,89.55555555555556,7.322222222222223,22.72222222222222,16.452222222222222,1008.5999999999999,99.88888888888889,22.844444444444445,0.0,3.336666666666667,11.9564,109.0298,6.9188888888888895,12.293333333333333,9,36,63,186,1970-01-21 08:05:36.780000000,1970-01-21 08:06:21.046666666,Thu,,,
Khánh Hòa,Duyên hải Nam Trung Bộ,2025-09-07,23.955555555555556,26.700000000000003,22.22222222222222,28.744444444444444,31.733333333333334,26.322222222222223,20.1,20.1,0.0,17.88888888888889,93.0,8.011111111111111,26.95555555555556,10.481111111111112,1008.7666666666667,100.0,22.72222222222222,0.0,2.1166666666666667,11.9564,109.0298,2.167777777777778,12.283333333333333,9,36,63,82,1970-01-21 08:07:03.180000000,1970-01-21 08:07:47.400000000,Thu,,,
Khánh Hòa,Duyên hải Nam Trung Bộ,2025-09-08,25.033333333333335,29.122222222222224,22.5,29.922222222222224,35.400000000000006,26.833333333333332,6.4,6.4,0.0,9.666666666666666,86.0,7.611111111111111,25.0,19.02,1009.7444444444445,97.0,22.366666666666667,0.0,3.8455555555555554,11.9564,109.0298,9.71888888888889,12.273333333333333,9,37,61,7,1970-01-21 08:08:29.580000000,1970-01-21 08:09:13.766666666,Thu,,,
Khánh Hòa,Duyên hải Nam Trung Bộ,2025-09-09,25.033333333333335,29.65555555555555,21.9,29.84444444444445,35.577777777777776,25.811111111111114,11.144444444444444,11.144444444444444,0.0,4.222222222222222,85.33333333333333,8.844444444444443,26.400000000000002,18.456666666666667,1010.9888888888888,98.88888888888889,22.166666666666668,0.0,3.7477777777777774,11.9564,109.0298,8.172222222222222,12.261111111111111,9,37,63,30,1970-01-21 08:09:55.980000000,1970-01-21 08:10:40.126666666,Thu,,,
Khánh Hòa,Duyên hải Nam Trung Bộ,2025-09-10,25.055555555555557,30.200000000000003,21.98888888888889,29.966666666666665,36.63333333333333,26.022222222222222,11.744444444444445,11.744444444444445,0.0,6.888888888888889,85.44444444444444,8.7,24.922222222222224,21.227777777777778,1010.9111111111112,95.44444444444444,22.200000000000003,0.0,4.275555555555555,11.9564,109.0298,9.353333333333332,12.25,9,37,63,24,1970-01-21 08:11:22.380000000,1970-01-21 08:12:06.480000000,Thu,,,
Khánh Hòa,Duyên hải Nam Trung Bộ,2025-09-11,24.855555555555554,29.21111111111111,21.866666666666667,29.54444444444444,35.25555555555556,25.822222222222223,4.655555555555555,4.655555555555555,0.0,7.111111111111111,84.88888888888889,10.166666666666666,29.43333333333333,22.380000000000003,1010.4222222222221,72.11111111111111,21.933333333333334,0.0,4.366666666666667,11.9564,109.0298,11.406666666666666,12.24,9,37,51,19,1970-01-21 08:12:48.780000000,1970-01-21 08:13:32.833333333,Thu,,,
Khánh Hòa,Duyên hải Nam Trung Bộ,2025-09-12,23.755555555555556,26.944444444444443,21.477777777777778,28.066666666666666,31.244444444444444,25.155555555555555,5.977777777777778,5.977777777777778,0.0,10.333333333333334,88.11111111111111,9.922222222222222,28.5,13.64,1010.6666666666666,96.0,21.58888888888889,0.0,2.6655555555555552,11.9564,109.0298,5.663333333333333,12.23,9,37,53,12,1970-01-21 08:14:15.180000000,1970-01-21 08:14:59.206666666,Thu,,,
Khánh Hòa,Duyên hải Nam Trung Bộ,2025-09-13,24.41111111111111,27.91111111111111,21.48888888888889,28.84444444444444,33.37777777777777,25.4,4.122222222222223,4.122222222222223,0.0,10.88888888888889,85.88888888888889,10.077777777777778,27.799999999999997,20.757777777777775,1011.2444444444445,80.11111111111111,21.755555555555556,0.0,4.052222222222222,11.9564,109.0298,11.172222222222222,12.22,9,37,53,113,1970-01-21 08:15:41.580000000,1970-01-21 08:16:25.560000000,Thu,,,
Khánh Hòa,Duyên hải Nam Trung Bộ,2025-09-14,24.444444444444443,29.355555555555554,21.5,29.0,35.2,25.366666666666667,8.522222222222222,8.522222222222222,0.0,7.888888888888889,86.22222222222223,10.633333333333333,29.511111111111113,20.60111111111111,1011.4222222222221,97.77777777777777,21.77777777777778,0.0,4.082222222222223,11.9564,109.0298,9.2,12.21,9,37,63,42,1970-01-21 08:17:07.980000000,1970-01-21 08:17:51.913333333,Thu,,,
Khánh Hòa,Duyên hải Nam Trung Bộ,2025-09-15,24.533333333333335,29.28888888888889,21.77777777777778,29.21111111111111,35.577777777777776,25.62222222222222,9.144444444444444,9.144444444444444,0.0,6.111111111111111,85.66666666666667,9.177777777777777,28.477777777777778,20.253333333333334,1011.2333333333333,92.44444444444444,21.811111111111114,0.0,3.9822222222222226,11.9564,109.0298,9.726666666666667,12.196666666666665,9,38,63,53,1970-01-21 08:18:34.373333333,1970-01-21 08:19:18.286666666,Thu,,,
Khánh Hòa,Duyên hải Nam Trung Bộ,2025-09-16,24.444444444444443,29.077777777777776,21.4,29.06666666666667,34.77777777777778,25.155555555555555,11.677777777777777,11.677777777777777,0.0,8.444444444444445,85.77777777777777,8.055555555555555,25.355555555555554,20.858888888888888,1009.9333333333333,88.11111111111111,21.700000000000003,0.0,4.093333333333333,11.9564,109.0298,11.09,12.186666666666666,9,38,63,31,1970-01-21 08:20:00.773333333,1970-01-21 08:20:44.633333333,Thu,,,
Khánh Hòa,Duyên hải Nam Trung Bộ,2025-09-17,24.344444444444445,28.5,21.666666666666668,29.022222222222222,34.18888888888889,25.5,16.27777777777778,16.27777777777778,0.0,9.0,87.55555555555556,7.622222222222222,24.311111111111114,18.587777777777777,1008.4888888888888,94.77777777777777,21.98888888888889,0.0,3.6599999999999997,11.9564,109.0298,9.997777777777777,12.173333333333334,9,38,65,3,1970-01-21 08:21:27.166666666,1970-01-21 08:22:10.986666666,Thu,,,
Khánh Hòa,Duyên hải Nam Trung Bộ,2025-09-18,24.31111111111111,28.555555555555557,22.211111111111112,29.11111111111111,34.5,26.5,25.12222222222222,25.12222222222222,0.0,12.88888888888889,89.33333333333333,9.288888888888888,26.799999999999997,18.134444444444444,1008.0666666666667,98.11111111111111,22.299999999999997,0.0,3.552222222222222,11.9564,109.0298,8.801111111111112,12.16,9,38,65,129,1970-01-21 08:22:53.566666666,1970-01-21 08:23:37.346666666,Thu,,,
Khánh Hòa,Duyên hải Nam Trung Bộ,2025-09-19,24.666666666666668,28.155555555555555,22.322222222222223,29.466666666666665,33.455555555555556,26.61111111111111,6.777777777777778,6.777777777777778,0.0,9.777777777777779,88.66666666666667,8.666666666666666,25.311111111111114,14.593333333333334,1008.9555555555556,95.11111111111111,22.555555555555557,0.0,2.9566666666666666,11.9564,109.0298,6.805555555555555,12.15,9,38,53,3,1970-01-21 08:24:19.966666666,1970-01-21 08:25:03.713333333,Thu,,,
Khánh Hòa,Duyên hải Nam Trung Bộ,2025-09-20,25.48888888888889,30.099999999999998,22.188888888888886,30.533333333333335,36.17777777777778,26.355555555555554,6.644444444444444,6.644444444444444,0.0,8.0,84.77777777777777,7.7333333333333325,24.5,21.322222222222223,1008.7555555555555,78.77777777777777,22.5,0.0,4.315555555555555,11.9564,109.0298,11.104444444444445,12.14,9,38,63,234,1970-01-21 08:25:46.366666666,1970-01-21 08:26:30.060000000,Thu,,,
Khánh Hòa,Duyên hải Nam Trung Bộ,2025-09-21,25.200000000000003,29.733333333333334,22.299999999999997,30.244444444444444,36.044444444444444,26.455555555555556,23.188888888888886,23.188888888888886,0.0,12.333333333333334,86.33333333333333,7.066666666666666,22.933333333333334,19.61888888888889,1008.0222222222224,95.66666666666667,22.533333333333335,0.0,3.9711111111111115,11.9564,109.0298,9.526666666666666,12.13,9,38,65,245,1970-01-21 08:27:12.760000000,1970-01-21 08:27:56.426666666,Thu,,,
Khánh Hòa,Duyên hải Nam Trung Bộ,2025-09-22,24.533333333333335,28.41111111111111,22.933333333333334,29.700000000000003,34.62222222222223,27.566666666666666,20.022222222222222,20.022222222222222,0.0,17.333333333333332,90.77777777777777,6.4,23.6,13.503333333333334,1007.9000000000001,99.88888888888889,22.811111111111114,0.0,2.7444444444444445,11.9564,109.0298,4.743333333333333,12.12,9,39,65,16,1970-01-21 08:28:39.160000000,1970-01-21 08:29:22.793333333,Thu,,,
Khánh Hòa,Duyên hải Nam Trung Bộ,2025-09-23,25.266666666666666,29.577777777777776,22.288888888888888,29.91111111111111,34.51111111111111,26.51111111111111,8.722222222222221,8.722222222222221,0.0,7.111111111111111,84.66666666666667,9.044444444444444,27.322222222222223,16.36111111111111,1006.4222222222221,99.0,22.266666666666666,0.0,3.4188888888888886,11.9564,109.0298,7.239999999999999,12.11,9,39,63,189,1970-01-21 08:30:05.560000000,1970-01-21 08:30:49.140000000,Thu,,,
Khánh Hòa,Duyên hải Nam Trung Bộ,2025-09-24,26.188888888888886,30.422222222222224,23.288888888888888,30.577777777777776,34.900000000000006,27.466666666666665,1.0,1.0,0.0,2.111111111111111,78.66666666666667,9.477777777777778,28.922222222222224,17.46777777777778,1004.7777777777778,98.22222222222223,21.9,0.0,3.7655555555555558,11.9564,109.0298,9.127777777777778,12.1,9,39,3,98,1970-01-21 08:31:31.960000000,1970-01-21 08:32:15.506666666,Thu,,,
Khánh Hòa,Duyên hải Nam Trung Bộ,2025-09-25,25.933333333333334,30.688888888888886,23.466666666666665,30.688888888888886,36.32222222222222,27.644444444444442,4.266666666666667,4.266666666666667,0.0,6.111111111111111,81.55555555555556,10.033333333333333,31.877777777777776,18.637777777777778,1006.1999999999999,100.0,22.344444444444445,0.0,3.9299999999999997,11.9564,109.0298,8.904444444444444,12.09,9,39,61,72,1970-01-21 08:32:58.360000000,1970-01-21 08:33:41.873333333,Thu,,,
Khánh Hòa,Duyên hải Nam Trung Bộ,2025-09-26,24.788888888888888,28.766666666666666,22.355555555555554,29.45555555555556,33.98888888888889,26.344444444444445,24.62222222222222,24.62222222222222,0.0,14.333333333333334,86.77777777777777,7.955555555555555,25.27777777777778,15.851111111111111,1008.3666666666666,99.88888888888889,22.266666666666666,0.0,3.272222222222222,11.9564,109.0298,7.164444444444445,12.08,9,39,63,52,1970-01-21 08:34:24.760000000,1970-01-21 08:35:08.220000000,Thu,,,
Khánh Hòa,Duyên hải Nam Trung Bộ,2025-09-27,24.066666666666666,26.977777777777778,22.344444444444445,28.65555555555555,31.422222222222224,26.422222222222224,13.38888888888889,13.38888888888889,0.0,12.333333333333334,90.22222222222223,8.333333333333334,22.244444444444444,10.242222222222223,1006.7888888888889,100.0,22.27777777777778,0.0,2.1688888888888886,11.9564,109.0298,1.3022222222222222,12.063333333333334,9,39,63,122,1970-01-21 08:35:51.160000000,1970-01-21 08:36:34.593333333,Thu,,,
Khánh Hòa,Duyên hải Nam Trung Bộ,2025-09-28,24.455555555555556,28.166666666666668,22.366666666666667,28.422222222222224,32.62222222222223,26.27777777777778,5.988888888888889,5.988888888888889,0.0,9.555555555555555,88.55555555555556,16.577777777777776,43.8,15.012222222222224,1005.7333333333333,100.0,22.311111111111114,0.0,3.0733333333333333,11.9564,109.0298,6.014444444444445,12.051111111111112,9,39,63,181,1970-01-21 08:37:17.560000000,1970-01-21 08:38:00.953333333,Thu,,,
Khánh Hòa,Duyên hải Nam Trung Bộ,2025-09-29,24.799999999999997,28.688888888888886,22.41111111111111,28.666666666666668,33.044444444444444,26.200000000000003,4.166666666666667,4.166666666666667,0.0,7.666666666666667,86.11111111111111,16.966666666666665,46.72222222222222,20.595555555555553,1009.6222222222223,98.22222222222223,22.133333333333333,0.0,4.054444444444445,11.9564,109.0298,9.725555555555555,12.04,9,40,53,181,1970-01-21 08:38:43.960000000,1970-01-21 08:39:27.306666666,Thu,,,
Khánh Hòa,Duyên hải Nam Trung Bộ,2025-09-30,24.12222222222222,28.633333333333333,21.333333333333332,28.37777777777778,33.91111111111111,24.866666666666667,4.933333333333334,4.933333333333334,0.0,5.777777777777778,86.0,10.044444444444444,28.977777777777778,19.93111111111111,1011.5111111111112,96.11111111111111,21.444444444444443,0.0,3.9066666666666663,11.9564,109.0298,10.848888888888888,12.03,9,40,63,80,1970-01-21 08:40:10.360000000,1970-01-21 08:40:53.673333333,Thu,,,
Khánh Hòa,Duyên hải Nam Trung Bộ,2025-10-01,24.155555555555555,28.555555555555557,20.87777777777778,28.41111111111111,34.12222222222223,24.344444444444445,1.9777777777777779,1.9777777777777779,0.0,6.333333333333333,84.0,9.366666666666667,28.200000000000003,23.037777777777777,1011.7888888888889,56.333333333333336,21.066666666666666,0.0,4.47,11.9564,109.0298,11.16,12.02,10,40,51,10,1970-01-21 08:41:36.760000000,1970-01-21 08:42:20.033333333,Thu,,,
Khánh Hòa,Duyên hải Nam Trung Bộ,2025-10-02,24.444444444444443,28.855555555555554,20.88888888888889,28.477777777777778,34.044444444444444,24.144444444444446,1.1333333333333333,1.1333333333333333,0.0,5.666666666666667,81.88888888888889,9.622222222222222,26.455555555555556,22.85666666666667,1011.7888888888889,27.22222222222222,20.9,0.0,4.498888888888889,11.9564,109.0298,11.107777777777777,12.01,10,40,51,0,1970-01-21 08:43:03.166666666,1970-01-21 08:43:46.386666666,Thu,,,
Khánh Hòa,Duyên hải Nam Trung Bộ,2025-10-03,24.577777777777776,29.022222222222222,21.177777777777777,28.91111111111111,34.266666666666666,24.72222222222222,5.955555555555556,5.955555555555556,0.0,8.555555555555555,82.77777777777777,9.88888888888889,26.6,22.674444444444443,1012.0888888888888,91.33333333333333,21.188888888888886,0.0,4.471111111111111,11.9564,109.0298,10.83222222222222,12.0,10,40,61,0,1970-01-21 08:44:29.566666666,1970-01-21 08:45:12.753333333,Thu,,,
Khánh Hòa,Duyên hải Nam Trung Bộ,2025-10-04,24.555555555555557,29.400000000000002,21.533333333333335,29.311111111111114,35.58888888888889,25.5,9.822222222222223,9.822222222222223,0.0,5.777777777777778,86.55555555555556,7.388888888888889,26.366666666666667,21.264444444444443,1011.9555555555556,97.55555555555556,21.91111111111111,0.0,4.165555555555556,11.9564,109.0298,10.596666666666668,11.99,10,40,63,20,1970-01-21 08:45:55.966666666,1970-01-21 08:46:39.120000000,Thu,,,
Khánh Hòa,Duyên hải Nam Trung Bộ,2025-10-05,25.466666666666665,29.666666666666668,22.033333333333335,29.65555555555555,33.75555555555556,25.6,1.0555555555555556,1.0555555555555556,0.0,2.111111111111111,81.11111111111111,9.733333333333333,29.400000000000002,14.443333333333335,1011.188888888889,99.66666666666667,21.822222222222223,0.0,3.1244444444444444,11.9564,109.0298,7.108888888888888,11.97888888888889,10,40,3,57,1970-01-21 08:47:22.366666666,1970-01-21 08:48:05.466666666,Thu,,,
Khánh Hòa,Duyên hải Nam Trung Bộ,2025-10-06,25.744444444444444,31.055555555555557,21.566666666666666,30.27777777777778,36.766666666666666,25.144444444444446,3.0444444444444447,3.0444444444444447,0.0,2.5555555555555554,79.11111111111111,9.322222222222223,27.766666666666666,22.1,1011.0888888888888,99.88888888888889,21.51111111111111,0.0,4.54,11.9564,109.0298,10.741111111111111,11.966666666666667,10,41,63,32,1970-01-21 08:48:48.766666666,1970-01-21 08:49:31.833333333,Thu,,,
Khánh Hòa,Duyên hải Nam Trung Bộ,2025-10-07,24.88888888888889,30.233333333333334,21.555555555555557,29.299999999999997,35.77777777777778,25.322222222222223,8.322222222222221,8.322222222222221,0.0,6.0,83.22222222222223,9.488888888888889,25.922222222222224,21.10666666666667,1011.7777777777778,70.88888888888889,21.5,0.0,4.245555555555556,11.9564,109.0298,10.617777777777778,11.953333333333333,10,41,53,4,1970-01-21 08:50:15.166666666,1970-01-21 08:50:58.200000000,Thu,,,
Khánh Hòa,Duyên hải Nam Trung Bộ,2025-10-08,24.655555555555555,28.633333333333333,21.87777777777778,28.622222222222224,33.74444444444444,25.355555555555554,2.9555555555555557,2.9555555555555557,0.0,8.222222222222221,83.11111111111111,13.077777777777778,35.31111111111111,21.504444444444445,1011.2222222222222,83.66666666666667,21.38888888888889,0.0,4.286666666666666,11.9564,109.0298,11.07,11.943333333333333,10,41,61,15,1970-01-21 08:51:41.566666666,1970-01-21 08:52:24.553333333,Thu,,,
Khánh Hòa,Duyên hải Nam Trung Bộ,2025-10-09,23.755555555555556,27.51111111111111,21.177777777777777,27.766666666666666,32.56666666666667,24.211111111111112,12.044444444444444,12.044444444444444,0.0,14.0,87.11111111111111,10.844444444444443,30.900000000000002,16.88888888888889,1010.6444444444444,88.55555555555556,21.366666666666667,0.0,3.302222222222222,11.9564,109.0298,7.895555555555556,11.933333333333332,10,41,63,4,1970-01-21 08:53:07.966666666,1970-01-21 08:53:50.920000000,Thu,,,
Khánh Hòa,Duyên hải Nam Trung Bộ,2025-10-10,23.455555555555556,26.811111111111114,21.37777777777778,27.644444444444446,31.58888888888889,25.033333333333335,10.977777777777778,10.977777777777778,0.0,13.88888888888889,90.44444444444444,8.933333333333334,27.955555555555556,15.673333333333334,1010.3444444444444,73.44444444444444,21.744444444444444,0.0,2.9733333333333336,11.9564,109.0298,9.241111111111111,11.923333333333334,10,41,63,19,1970-01-21 08:54:34.373333333,1970-01-21 08:55:17.286666666,Thu,,,
Khánh Hòa,Duyên hải Nam Trung Bộ,2025-10-11,23.333333333333332,26.266666666666666,21.511111111111113,27.799999999999997,31.444444444444443,25.344444444444445,17.51111111111111,17.51111111111111,0.0,13.222222222222221,92.0,7.800000000000001,23.633333333333333,15.323333333333332,1010.0999999999999,93.11111111111111,21.922222222222224,0.0,2.9066666666666667,11.9564,109.0298,8.052222222222222,11.913333333333334,10,41,63,0,1970-01-21 08:56:00.773333333,1970-01-21 08:56:43.653333333,Thu,,,
Khánh Hòa,Duyên hải Nam Trung Bộ,2025-10-12,23.51111111111111,27.188888888888886,20.98888888888889,28.211111111111112,32.94444444444444,24.87777777777778,10.011111111111113,10.011111111111113,0.0,9.333333333333334,91.77777777777777,7.722222222222222,23.755555555555556,16.534444444444446,1010.3000000000001,83.33333333333333,22.0,0.0,3.1766666666666667,11.9564,109.0298,8.848888888888888,11.901111111111112,10,41,63,12,1970-01-21 08:57:27.173333333,1970-01-21 08:58:10.020000000,Thu,,,
Khánh Hòa,Duyên hải Nam Trung Bộ,2025-10-13,23.977777777777778,27.744444444444444,21.166666666666668,28.633333333333333,33.077777777777776,25.255555555555556,4.155555555555555,4.155555555555555,0.0,7.888888888888889,89.55555555555556,9.7,28.4,18.65222222222222,1010.688888888889,98.11111111111111,22.022222222222222,0.0,3.581111111111111,11.9564,109.0298,9.757777777777777,11.891111111111112,10,42,63,141,1970-01-21 08:58:53.573333333,1970-01-21 08:59:36.393333333,Thu,,,
Khánh Hòa,Duyên hải Nam Trung Bộ,2025-10-14,24.299999999999997,28.54444444444444,21.544444444444444,29.077777777777776,34.68888888888889,25.733333333333334,4.911111111111111,4.911111111111111,0.0,8.222222222222221,88.44444444444444,8.2,24.844444444444445,20.306666666666665,1010.8444444444444,75.44444444444444,22.133333333333333,0.0,3.9355555555555557,11.9564,109.0298,10.704444444444444,11.881111111111112,10,42,63,50,1970-01-21 09:00:19.980000000,1970-01-21 09:01:02.760000000,Thu,,,
Khánh Hòa,Duyên hải Nam Trung Bộ,2025-10-15,24.144444444444442,27.41111111111111,21.577777777777776,27.688888888888886,31.855555555555554,24.6,3.9444444444444446,3.9444444444444446,0.0,12.666666666666666,85.88888888888889,14.644444444444446,40.922222222222224,18.41111111111111,1009.9000000000001,71.33333333333333,21.522222222222222,0.0,3.577777777777778,11.9564,109.0298,10.19111111111111,11.87111111111111,10,42,53,7,1970-01-21 09:01:46.386666666,1970-01-21 09:02:29.120000000,Thu,,,
Khánh Hòa,Duyên hải Nam Trung Bộ,2025-10-16,23.544444444444444,25.87777777777778,21.855555555555554,26.922222222222224,28.95555555555556,25.144444444444446,11.677777777777777,11.677777777777777,0.0,16.77777777777778,89.66666666666667,14.455555555555556,39.78888888888889,12.334444444444445,1010.1333333333334,99.66666666666667,21.688888888888886,0.0,2.448888888888889,11.9564,109.0298,4.44,11.86,10,42,61,7,1970-01-21 09:03:12.786666666,1970-01-21 09:03:55.500000000,Thu,,,
Khánh Hòa,Duyên hải Nam Trung Bộ,2025-10-17,24.155555555555555,28.533333333333335,21.61111111111111,27.944444444444443,33.922222222222224,24.91111111111111,6.5,6.5,0.0,14.555555555555555,86.88888888888889,13.455555555555556,37.84444444444445,20.66111111111111,1010.5,88.33333333333333,21.666666666666668,0.0,3.967777777777778,11.9564,109.0298,10.966666666666667,11.85,10,42,55,8,1970-01-21 09:04:39.206666666,1970-01-21 09:05:21.860000000,Thu,,,
Khánh Hòa,Duyên hải Nam Trung Bộ,2025-10-18,24.22222222222222,28.033333333333335,21.477777777777778,28.022222222222222,32.599999999999994,24.9,4.844444444444445,4.844444444444445,0.0,8.11111111111111,85.77777777777777,13.88888888888889,38.111111111111114,20.093333333333334,1009.5999999999999,94.0,21.544444444444444,0.0,3.8511111111111114,11.9564,109.0298,11.002222222222223,11.836666666666666,10,42,61,9,1970-01-21 09:06:05.620000000,1970-01-21 09:06:48.240000000,Thu,,,
Khánh Hòa,Duyên hải Nam Trung Bộ,2025-10-19,24.744444444444444,28.633333333333333,21.533333333333335,28.333333333333332,33.099999999999994,24.5,0.9888888888888889,0.9888888888888889,0.0,4.555555555555555,83.22222222222223,16.6,45.47777777777778,21.39,1007.811111111111,83.77777777777777,21.522222222222222,0.0,4.235555555555555,11.9564,109.0298,10.88888888888889,11.826666666666666,10,42,51,18,1970-01-21 09:07:32.026666666,1970-01-21 09:08:14.600000000,Thu,,,
Khánh Hòa,Duyên hải Nam Trung Bộ,2025-10-20,24.711111111111112,28.344444444444445,22.344444444444445,28.899999999999995,33.5,25.98888888888889,8.022222222222222,8.022222222222222,0.0,8.222222222222221,86.33333333333333,13.455555555555556,41.84444444444445,16.904444444444447,1007.5666666666667,95.0,22.177777777777777,0.0,3.3333333333333335,11.9564,109.0298,9.49,11.816666666666668,10,43,63,1,1970-01-21 09:08:58.433333333,1970-01-21 09:09:40.980000000,Thu,,,
Khánh Hòa,Duyên hải Nam Trung Bộ,2025-10-21,23.944444444444443,27.41111111111111,22.4,28.37777777777778,31.71111111111111,26.322222222222223,11.455555555555556,11.455555555555556,0.0,10.333333333333334,90.88888888888889,9.922222222222222,30.77777777777778,9.704444444444444,1008.6555555555556,97.0,22.299999999999997,0.0,2.0055555555555555,11.9564,109.0298,2.223333333333333,11.806666666666667,10,43,63,1,1970-01-21 09:10:24.833333333,1970-01-21 09:11:07.340000000,Thu,,,
Khánh Hòa,Duyên hải Nam Trung Bộ,2025-10-22,24.766666666666666,28.877777777777776,21.799999999999997,28.433333333333334,33.18888888888889,25.155555555555555,0.8,0.8,0.0,2.2222222222222223,82.77777777777777,16.12222222222222,40.144444444444446,21.64777777777778,1009.3444444444444,97.22222222222223,21.366666666666664,0.0,4.348888888888889,11.9564,109.0298,11.001111111111111,11.796666666666667,10,43,51,14,1970-01-21 09:11:51.246666666,1970-01-21 09:12:33.720000000,Thu,,,
Khánh Hòa,Duyên hải Nam Trung Bộ,2025-10-23,24.22222222222222,28.200000000000003,21.58888888888889,27.655555555555555,31.866666666666667,24.61111111111111,6.7,6.7,0.0,8.0,85.11111111111111,15.133333333333333,38.12222222222223,19.214444444444446,1010.6666666666666,94.66666666666667,21.366666666666667,0.0,3.821111111111111,11.9564,109.0298,10.258888888888889,11.786666666666667,10,43,63,16,1970-01-21 09:13:17.646666666,1970-01-21 09:14:00.093333333,Thu,,,
Khánh Hòa,Duyên hải Nam Trung Bộ,2025-10-24,23.61111111111111,26.211111111111112,21.733333333333334,26.944444444444443,29.366666666666667,24.91111111111111,13.155555555555555,13.155555555555555,0.0,15.777777777777779,90.0,18.933333333333334,51.06666666666667,13.585555555555555,1010.5888888888888,98.88888888888889,21.799999999999997,0.0,2.5999999999999996,11.9564,109.0298,5.46,11.776666666666666,10,43,63,7,1970-01-21 09:14:44.066666666,1970-01-21 09:15:26.460000000,Thu,,,
Khánh Hòa,Duyên hải Nam Trung Bộ,2025-10-25,22.666666666666668,24.444444444444443,21.61111111111111,26.333333333333332,28.211111111111112,24.944444444444443,34.25555555555556,34.25555555555556,0.0,18.11111111111111,94.77777777777777,15.777777777777779,44.71111111111111,5.101111111111111,1009.9777777777776,100.0,21.72222222222222,0.0,1.0622222222222222,11.9564,109.0298,0.08222222222222222,11.766666666666666,10,43,65,3,1970-01-21 09:16:10.480000000,1970-01-21 09:16:52.833333333,Thu,,,
Khánh Hòa,Duyên hải Nam Trung Bộ,2025-10-26,23.066666666666666,25.344444444444445,21.822222222222223,27.344444444444445,29.944444444444443,25.311111111111114,12.655555555555557,12.655555555555557,0.0,20.11111111111111,93.0,7.922222222222222,23.155555555555555,7.346666666666668,1010.3000000000001,99.88888888888889,21.822222222222223,0.0,1.54,11.9564,109.0298,0.5755555555555555,11.756666666666668,10,43,61,1,1970-01-21 09:17:36.893333333,1970-01-21 09:18:19.206666666,Thu,,,
Khánh Hòa,Duyên hải Nam Trung Bộ,2025-10-27,23.655555555555555,27.555555555555557,21.811111111111114,28.27777777777778,33.22222222222222,25.98888888888889,22.22222222222222,22.22222222222222,0.0,17.0,90.55555555555556,8.733333333333333,24.98888888888889,16.545555555555556,1010.188888888889,97.55555555555556,21.9,0.0,3.2288888888888887,11.9564,109.0298,8.427777777777777,11.746666666666666,10,44,65,81,1970-01-21 09:19:03.293333333,1970-01-21 09:19:45.586666666,Thu,,,
Khánh Hòa,Duyên hải Nam Trung Bộ,2025-10-28,23.766666666666666,27.155555555555555,22.01111111111111,28.200000000000003,32.355555555555554,26.022222222222222,14.811111111111112,14.811111111111112,0.0,16.88888888888889,91.33333333333333,10.822222222222223,30.166666666666668,16.113333333333333,1009.6666666666666,100.0,22.166666666666668,0.0,3.0744444444444445,11.9564,109.0298,8.904444444444444,11.736666666666666,10,44,63,4,1970-01-21 09:20:29.706666666,1970-01-21 09:21:11.960000000,Thu,,,
Khánh Hòa,Duyên hải Nam Trung Bộ,2025-10-29,23.755555555555556,26.77777777777778,22.188888888888886,28.288888888888888,31.77777777777778,26.6,12.533333333333333,12.533333333333333,0.0,13.444444444444445,90.88888888888889,9.077777777777778,24.56666666666667,13.600000000000001,1009.3777777777777,100.0,22.12222222222222,0.0,2.677777777777778,11.9564,109.0298,6.688888888888889,11.72777777777778,10,44,65,108,1970-01-21 09:21:56.133333333,1970-01-21 09:22:38.346666666,Thu,,,
Khánh Hòa,Duyên hải Nam Trung Bộ,2025-10-30,23.933333333333334,27.211111111111112,22.211111111111112,28.166666666666668,31.21111111111111,26.177777777777777,4.699999999999999,4.699999999999999,0.0,12.333333333333334,91.44444444444444,12.633333333333333,35.15555555555555,13.856666666666667,1011.1999999999999,84.88888888888889,22.38888888888889,0.0,2.678888888888889,11.9564,109.0298,8.17111111111111,11.717777777777778,10,44,53,77,1970-01-21 09:23:22.540000000,1970-01-21 09:24:04.713333333,Thu,,,
Khánh Hòa,Duyên hải Nam Trung Bộ,2025-10-31,23.855555555555554,27.466666666666665,22.022222222222222,28.77777777777778,33.266666666666666,26.344444444444445,18.822222222222223,18.822222222222223,0.0,10.666666666666666,92.55555555555556,7.788888888888888,22.688888888888886,15.19222222222222,1012.8222222222222,90.0,22.544444444444444,0.0,2.95,11.9564,109.0298,8.052222222222222,11.707777777777778,10,44,65,12,1970-01-21 09:24:48.953333333,1970-01-21 09:25:31.093333333,Thu,,,
Khánh Hòa,Duyên hải Nam Trung Bộ,2025-11-01,23.68888888888889,27.68888888888889,21.866666666666667,28.38888888888889,33.65555555555555,26.0,11.433333333333334,11.433333333333334,0.0,13.222222222222221,91.88888888888889,8.055555555555555,27.133333333333333,14.414444444444444,1012.4666666666667,96.33333333333333,22.233333333333334,0.0,2.8344444444444448,11.9564,109.0298,6.307777777777777,11.697777777777778,11,44,63,3,1970-01-21 09:26:15.366666666,1970-01-21 09:26:57.486666666,Thu,,,
Khánh Hòa,Duyên hải Nam Trung Bộ,2025-11-02,23.788888888888888,26.9,21.77777777777778,28.466666666666665,32.21111111111111,25.788888888888888,6.822222222222222,6.822222222222222,0.0,8.777777777777779,90.77777777777777,6.633333333333334,21.133333333333333,14.157777777777778,1011.0222222222224,100.0,22.133333333333333,0.0,2.77,11.9564,109.0298,7.191111111111111,11.69,11,44,65,159,1970-01-21 09:27:41.780000000,1970-01-21 09:28:23.860000000,Thu,,,
Khánh Hòa,Duyên hải Nam Trung Bộ,2025-11-03,24.055555555555557,27.5,21.5,28.67777777777778,32.62222222222223,25.666666666666668,9.777777777777779,9.777777777777779,0.0,9.777777777777779,89.0,9.411111111111111,26.6,17.973333333333333,1010.6555555555556,89.0,22.033333333333335,0.0,3.4177777777777774,11.9564,109.0298,10.018888888888888,11.68,11,45,65,151,1970-01-21 09:29:08.200000000,1970-01-21 09:29:50.246666666,Thu,,,
Khánh Hòa,Duyên hải Nam Trung Bộ,2025-11-04,23.77777777777778,27.255555555555553,21.655555555555555,28.22222222222222,32.48888888888889,25.666666666666668,10.777777777777779,10.777777777777779,0.0,14.555555555555555,91.11111111111111,9.788888888888888,27.288888888888888,16.892222222222223,1010.4555555555556,91.88888888888889,22.200000000000003,0.0,3.2,11.9564,109.0298,10.071111111111112,11.67,11,45,63,26,1970-01-21 09:30:34.613333333,1970-01-21 09:31:16.633333333,Thu,,,
Khánh Hòa,Duyên hải Nam Trung Bộ,2025-11-05,24.066666666666666,27.744444444444444,21.799999999999997,28.133333333333333,32.8,25.37777777777778,5.177777777777778,5.177777777777778,0.0,11.11111111111111,88.55555555555556,13.933333333333334,39.75555555555556,16.836666666666666,1008.7444444444445,96.77777777777777,21.955555555555556,0.0,3.248888888888889,11.9564,109.0298,9.087777777777777,11.662222222222223,11,45,61,8,1970-01-21 09:32:01.026666666,1970-01-21 09:32:43.020000000,Thu,,,
Khánh Hòa,Duyên hải Nam Trung Bộ,2025-11-06,22.299999999999997,23.133333333333333,21.455555555555556,25.688888888888886,27.322222222222223,23.82222222222222,76.94444444444444,76.94444444444444,0.0,18.666666666666668,94.44444444444444,17.711111111111112,56.355555555555554,1.2822222222222222,1003.8444444444444,100.0,21.344444444444445,0.0,0.4833333333333333,11.9564,109.0298,0.0,11.652222222222223,11,45,65,129,1970-01-21 09:33:27.460000000,1970-01-21 09:34:09.400000000,Thu,,,
Khánh Hòa,Duyên hải Nam Trung Bộ,2025-11-07,24.433333333333334,28.644444444444446,21.866666666666667,28.67777777777778,33.96666666666667,25.433333333333334,4.2333333333333325,4.2333333333333325,0.0,7.333333333333333,89.33333333333333,15.155555555555557,44.62222222222223,18.603333333333335,1008.3333333333334,80.44444444444444,22.477777777777778,0.0,3.593333333333333,11.9564,109.0298,10.776666666666666,11.642222222222223,11,45,53,177,1970-01-21 09:34:53.873333333,1970-01-21 09:35:35.793333333,Thu,,,
Khánh Hòa,Duyên hải Nam Trung Bộ,2025-11-08,24.4,28.233333333333334,21.288888888888888,29.233333333333334,34.06666666666667,25.355555555555554,1.822222222222222,1.822222222222222,0.0,6.888888888888889,88.77777777777777,8.488888888888889,23.844444444444445,20.40222222222222,1011.3333333333334,60.44444444444444,22.244444444444444,0.0,3.918888888888889,11.9564,109.0298,11.0,11.634444444444446,11,45,51,80,1970-01-21 09:36:20.286666666,1970-01-21 09:37:02.173333333,Thu,,,
Khánh Hòa,Duyên hải Nam Trung Bộ,2025-11-09,24.6,28.488888888888887,21.566666666666666,28.877777777777776,33.55555555555556,25.37777777777778,0.3333333333333333,0.3333333333333333,0.0,2.6666666666666665,85.55555555555556,11.100000000000001,29.93333333333333,20.73888888888889,1010.3333333333334,94.88888888888889,21.811111111111114,0.0,4.011111111111111,11.9564,109.0298,11.0,11.627777777777778,11,45,51,6,1970-01-21 09:37:46.720000000,1970-01-21 09:38:28.566666666,Thu,,,
Khánh Hòa,Duyên hải Nam Trung Bộ,2025-11-10,24.27777777777778,28.522222222222222,21.0,28.622222222222224,33.75555555555556,24.544444444444444,0.7777777777777778,0.7777777777777778,0.0,3.3333333333333335,86.22222222222223,10.977777777777778,28.41111111111111,19.46777777777778,1009.6111111111111,94.11111111111111,21.666666666666668,0.0,3.7788888888888885,11.9564,109.0298,10.986666666666666,11.62,11,46,51,353,1970-01-21 09:39:13.133333333,1970-01-21 09:39:54.966666666,Thu,,,
Khánh Hòa,Duyên hải Nam Trung Bộ,2025-11-11,24.344444444444445,28.58888888888889,22.1,29.166666666666668,34.333333333333336,26.422222222222224,3.2333333333333334,3.2333333333333334,0.0,6.888888888888889,88.33333333333333,7.688888888888889,25.655555555555555,18.141111111111112,1010.6777777777778,99.88888888888889,22.144444444444446,0.0,3.5233333333333334,11.9564,109.0298,10.18,11.61,11,46,61,17,1970-01-21 09:40:39.546666666,1970-01-21 09:41:21.353333333,Thu,,,
Khánh Hòa,Duyên hải Nam Trung Bộ,2025-11-12,24.211111111111112,27.6,21.577777777777776,28.200000000000003,31.944444444444443,25.166666666666668,1.9666666666666666,1.9666666666666666,0.0,7.222222222222222,87.44444444444444,15.222222222222221,38.82222222222222,19.047777777777778,1011.9777777777776,92.0,21.844444444444445,0.0,3.6599999999999997,11.9564,109.0298,11.0,11.6,11,46,51,16,1970-01-21 09:42:05.980000000,1970-01-21 09:42:47.740000000,Thu,,,
Khánh Hòa,Duyên hải Nam Trung Bộ,2025-11-13,23.444444444444443,26.788888888888888,20.677777777777777,26.12222222222222,29.466666666666665,23.133333333333333,1.7333333333333334,1.7333333333333334,0.0,6.777777777777778,85.0,19.688888888888886,48.51111111111111,19.913333333333334,1013.3666666666666,46.22222222222222,20.633333333333333,0.0,3.8177777777777777,11.9564,109.0298,10.942222222222222,11.592222222222222,11,46,51,17,1970-01-21 09:43:32.400000000,1970-01-21 09:44:14.133333333,Thu,,,
Khánh Hòa,Duyên hải Nam Trung Bộ,2025-11-14,21.933333333333334,25.255555555555556,19.133333333333333,23.044444444444444,26.177777777777777,20.166666666666668,0.2222222222222222,0.2222222222222222,0.0,1.8888888888888888,78.77777777777777,21.666666666666668,54.166666666666664,19.056666666666665,1013.0888888888888,63.55555555555556,17.799999999999997,0.0,3.816666666666667,11.9564,109.0298,10.936666666666667,11.583333333333334,11,46,51,2,1970-01-21 09:44:58.833333333,1970-01-21 09:45:40.533333333,Thu,,,
Khánh Hòa,Duyên hải Nam Trung Bộ,2025-11-15,22.799999999999997,27.188888888888886,18.844444444444445,24.566666666666666,29.133333333333333,19.811111111111114,1.9777777777777779,1.9777777777777779,0.0,4.333333333333333,78.33333333333333,19.211111111111112,48.27777777777778,19.95888888888889,1012.8444444444444,72.0,18.655555555555555,0.0,3.9622222222222216,11.9564,109.0298,10.841111111111111,11.58,11,46,53,10,1970-01-21 09:46:25.253333333,1970-01-21 09:47:06.913333333,Thu,,,
Khánh Hòa,Duyên hải Nam Trung Bộ,2025-11-16,22.188888888888886,23.62222222222222,21.166666666666668,25.811111111111114,28.1,24.133333333333333,74.30000000000001,74.30000000000001,0.0,23.0,96.0,12.544444444444444,41.55555555555556,5.481111111111111,1012.9444444444445,100.0,21.477777777777778,0.0,1.1188888888888888,11.9564,109.0298,0.1,11.57,11,46,65,1,1970-01-21 09:47:51.666666666,1970-01-21 09:48:33.313333333,Thu,,,
Khánh Hòa,Duyên hải Nam Trung Bộ,2025-11-17,22.755555555555556,26.38888888888889,21.188888888888886,26.211111111111112,29.811111111111114,24.12222222222222,25.144444444444446,25.144444444444446,0.0,21.11111111111111,92.11111111111111,15.0,42.03333333333333,12.653333333333332,1013.811111111111,99.66666666666667,21.344444444444445,0.0,2.4066666666666667,11.9564,109.0298,5.594444444444445,11.56,11,47,63,4,1970-01-21 09:49:18.100000000,1970-01-21 09:49:59.713333333,Thu,,,
Khánh Hòa,Duyên hải Nam Trung Bộ,2025-11-18,22.211111111111112,23.72222222222222,21.1,25.27777777777778,27.177777777777777,23.744444444444444,28.822222222222226,28.822222222222226,0.0,22.666666666666668,94.88888888888889,16.700000000000003,47.36666666666667,8.562222222222223,1012.6555555555556,99.33333333333333,21.344444444444445,0.0,1.5944444444444443,11.9564,109.0298,2.18,11.553333333333335,11,47,63,3,1970-01-21 09:50:44.520000000,1970-01-21 09:51:26.113333333,Thu,,,
Khánh Hòa,Duyên hải Nam Trung Bộ,2025-11-19,21.844444444444445,23.144444444444446,20.855555555555554,24.533333333333335,26.133333333333333,23.133333333333333,126.3111111111111,126.3111111111111,0.0,23.88888888888889,96.0,19.755555555555553,56.98888888888889,4.348888888888889,1013.2333333333333,99.55555555555556,21.144444444444446,0.0,0.9233333333333333,11.9564,109.0298,0.20444444444444446,11.54888888888889,11,47,65,21,1970-01-21 09:52:10.960000000,1970-01-21 09:52:52.513333333,Thu,,,
Khánh Hòa,Duyên hải Nam Trung Bộ,2025-11-20,21.733333333333334,22.91111111111111,20.955555555555556,23.711111111111112,24.944444444444443,22.322222222222223,67.73333333333333,67.73333333333333,0.0,23.88888888888889,94.66666666666667,20.744444444444444,58.388888888888886,6.278888888888889,1013.5888888888888,100.0,20.833333333333332,0.0,1.2366666666666666,11.9564,109.0298,0.3811111111111111,11.54,11,47,63,4,1970-01-21 09:53:37.373333333,1970-01-21 09:54:18.913333333,Thu,,,
Khánh Hòa,Duyên hải Nam Trung Bộ,2025-11-21,21.677777777777777,23.433333333333334,20.677777777777777,23.833333333333332,25.58888888888889,22.311111111111114,28.155555555555555,28.155555555555555,0.0,23.555555555555557,93.44444444444444,18.955555555555556,53.36666666666666,8.532222222222222,1014.311111111111,99.77777777777777,20.544444444444444,0.0,1.6333333333333333,11.9564,109.0298,2.7644444444444445,11.53111111111111,11,47,63,9,1970-01-21 09:55:03.813333333,1970-01-21 09:55:45.313333333,Thu,,,
Khánh Hòa,Duyên hải Nam Trung Bộ,2025-11-22,21.844444444444445,24.1,20.211111111111112,23.98888888888889,26.144444444444446,21.733333333333334,16.41111111111111,16.41111111111111,0.0,22.666666666666668,91.33333333333333,18.077777777777776,52.8,10.282222222222222,1013.3888888888889,99.66666666666667,20.299999999999997,0.0,1.961111111111111,11.9564,109.0298,3.9299999999999997,11.525555555555554,11,47,61,4,1970-01-21 09:56:30.226666666,1970-01-21 09:57:11.713333333,Thu,,,
Khánh Hòa,Duyên hải Nam Trung Bộ,2025-11-23,22.666666666666668,25.244444444444444,21.055555555555557,25.544444444444444,28.65555555555555,23.744444444444444,16.944444444444443,16.944444444444443,0.0,22.0,92.33333333333333,17.41111111111111,48.96666666666667,13.482222222222223,1012.7111111111111,97.11111111111111,21.27777777777778,0.0,2.431111111111111,11.9564,109.0298,7.681111111111111,11.52,11,47,61,6,1970-01-21 09:57:56.653333333,1970-01-21 09:58:38.120000000,Thu,,,
Khánh Hòa,Duyên hải Nam Trung Bộ,2025-11-24,23.299999999999997,26.188888888888886,21.544444444444444,25.61111111111111,29.04444444444444,23.766666666666666,4.566666666666666,4.566666666666666,0.0,12.222222222222221,87.11111111111111,21.48888888888889,55.22222222222222,18.18777777777778,1012.2222222222222,86.77777777777777,20.955555555555556,0.0,3.3755555555555556,11.9564,109.0298,10.624444444444444,11.511111111111111,11,48,51,5,1970-01-21 09:59:23.086666666,1970-01-21 10:00:04.533333333,Thu,,,
Khánh Hòa,Duyên hải Nam Trung Bộ,2025-11-25,22.455555555555556,24.633333333333333,20.58888888888889,23.12222222222222,25.366666666666667,20.755555555555556,2.1222222222222222,2.1222222222222222,0.0,6.666666666666667,80.55555555555556,27.422222222222224,70.28888888888889,16.17111111111111,1011.9888888888888,92.66666666666667,18.822222222222223,0.0,3.387777777777778,11.9564,109.0298,10.217777777777776,11.508888888888889,11,48,51,15,1970-01-21 10:00:49.506666666,1970-01-21 10:01:30.940000000,Thu,,,
Khánh Hòa,Duyên hải Nam Trung Bộ,2025-11-26,22.233333333333334,25.644444444444446,19.644444444444446,22.72222222222222,26.477777777777778,19.844444444444445,0.05555555555555555,0.05555555555555555,0.0,0.2222222222222222,74.55555555555556,23.88888888888889,60.07777777777778,19.555555555555557,1011.688888888889,96.44444444444444,17.355555555555554,0.0,4.075555555555556,11.9564,109.0298,11.0,11.5,11,48,3,7,1970-01-21 10:02:15.940000000,1970-01-21 10:02:57.340000000,Thu,,,
Khánh Hòa,Duyên hải Nam Trung Bộ,2025-11-27,21.48888888888889,24.799999999999997,19.37777777777778,21.0,24.677777777777777,18.08888888888889,0.0,0.0,0.0,0.0,69.0,23.01111111111111,60.32222222222222,15.904444444444445,1011.5777777777779,100.0,15.38888888888889,0.0,3.9122222222222223,11.9564,109.0298,8.347777777777777,11.495555555555557,11,48,3,5,1970-01-21 10:03:42.366666666,1970-01-21 10:04:23.760000000,Thu,,,
Khánh Hòa,Duyên hải Nam Trung Bộ,2025-11-28,20.822222222222223,24.033333333333335,18.855555555555554,21.344444444444445,25.188888888888886,17.977777777777778,0.7333333333333334,0.7333333333333334,0.0,2.7777777777777777,73.33333333333333,16.922222222222224,46.544444444444444,8.734444444444444,1010.7888888888889,100.0,15.722222222222221,0.0,2.413333333333333,11.9564,109.0298,2.28,11.49,11,48,51,2,1970-01-21 10:05:08.800000000,1970-01-21 10:05:50.173333333,Thu,,,
Khánh Hòa,Duyên hải Nam Trung Bộ,2025-11-29,22.288888888888888,25.766666666666666,19.58888888888889,25.433333333333334,29.466666666666665,21.188888888888886,4.233333333333333,4.233333333333333,0.0,7.555555555555555,85.66666666666667,9.722222222222221,28.066666666666666,10.8,1010.6777777777778,98.33333333333333,19.711111111111112,0.0,2.17,11.9564,109.0298,5.707777777777777,11.483333333333334,11,48,53,31,1970-01-21 10:06:35.233333333,1970-01-21 10:07:16.573333333,Thu,,,
Khánh Hòa,Duyên hải Nam Trung Bộ,2025-11-30,23.299999999999997,27.08888888888889,20.822222222222223,27.62222222222222,32.099999999999994,24.299999999999997,3.9444444444444446,3.9444444444444446,0.0,10.11111111111111,89.77777777777777,8.466666666666667,25.155555555555555,16.204444444444444,1011.311111111111,71.11111111111111,21.41111111111111,0.0,3.0933333333333333,11.9564,109.0298,8.626666666666667,11.48,11,48,53,18,1970-01-21 10:08:01.666666666,1970-01-21 10:08:42.993333333,Thu,,,
Khánh Hòa,Duyên hải Nam Trung Bộ,2025-12-01,23.788888888888888,27.188888888888886,21.455555555555556,28.38888888888889,32.21111111111111,25.533333333333335,3.933333333333333,3.933333333333333,0.0,8.555555555555555,89.66666666666667,6.866666666666667,22.433333333333334,15.91111111111111,1011.5111111111112,76.33333333333333,21.855555555555554,0.0,3.07,11.9564,109.0298,10.094444444444443,11.471111111111112,12,49,63,3,1970-01-21 10:09:28.093333333,1970-01-21 10:10:09.400000000,Đông,,,
Khánh Hòa,Duyên hải Nam Trung Bộ,2025-12-02,23.655555555555555,27.144444444444446,21.333333333333332,28.255555555555556,32.13333333333333,25.11111111111111,17.0,17.0,0.0,9.88888888888889,90.88888888888889,7.311111111111111,22.12222222222222,15.122222222222222,1011.6222222222223,77.44444444444444,21.966666666666665,0.0,2.9222222222222225,11.9564,109.0298,8.827777777777778,11.47,12,49,63,8,1970-01-21 10:10:54.526666666,1970-01-21 10:11:35.820000000,Đông,,,
Khánh Hòa,Duyên hải Nam Trung Bộ,2025-12-03,22.72222222222222,25.299999999999997,21.27777777777778,26.966666666666665,30.22222222222222,24.711111111111112,36.34444444444445,36.34444444444445,0.0,16.11111111111111,95.0,10.399999999999999,33.044444444444444,8.613333333333333,1012.2333333333333,83.33333333333333,21.866666666666667,0.0,1.6744444444444444,11.9564,109.0298,3.6866666666666665,11.463333333333333,12,49,65,43,1970-01-21 10:12:20.973333333,1970-01-21 10:13:02.233333333,Đông,,,
Khánh Hòa,Duyên hải Nam Trung Bộ,2025-12-04,22.688888888888886,25.355555555555554,20.944444444444443,25.577777777777776,28.644444444444446,23.288888888888888,14.444444444444445,14.444444444444445,0.0,21.555555555555557,90.22222222222223,16.733333333333334,42.58888888888889,16.288888888888888,1014.2666666666667,66.44444444444444,20.88888888888889,0.0,2.9455555555555555,11.9564,109.0298,9.695555555555556,11.46,12,49,63,16,1970-01-21 10:13:47.393333333,1970-01-21 10:14:28.653333333,Đông,,,
Khánh Hòa,Duyên hải Nam Trung Bộ,2025-12-05,22.177777777777777,25.333333333333332,20.044444444444444,23.711111111111112,26.91111111111111,21.577777777777776,2.3666666666666667,2.3666666666666667,0.0,10.222222222222221,84.33333333333333,22.666666666666668,57.27777777777778,18.272222222222222,1015.3555555555556,83.88888888888889,19.299999999999997,0.0,3.4155555555555552,11.9564,109.0298,10.964444444444446,11.455555555555556,12,49,53,19,1970-01-21 10:15:13.833333333,1970-01-21 10:15:55.060000000,Đông,,,
Khánh Hòa,Duyên hải Nam Trung Bộ,2025-12-06,21.744444444444444,25.1,19.255555555555556,22.48888888888889,25.566666666666663,20.233333333333334,0.8777777777777778,0.8777777777777778,0.0,4.444444444444445,80.0,24.14444444444445,60.12222222222223,19.06888888888889,1014.8888888888888,41.55555555555556,17.933333333333334,0.0,3.763333333333333,11.9564,109.0298,11.0,11.45111111111111,12,49,51,12,1970-01-21 10:16:40.260000000,1970-01-21 10:17:21.493333333,Đông,,,
Khánh Hòa,Duyên hải Nam Trung Bộ,2025-12-07,21.01111111111111,24.933333333333337,18.055555555555557,21.344444444444445,25.311111111111114,18.455555555555556,0.2444444444444444,0.2444444444444444,0.0,1.6666666666666667,76.0,22.822222222222223,56.44444444444444,18.816666666666663,1014.3444444444444,59.666666666666664,16.433333333333334,0.0,3.842222222222222,11.9564,109.0298,11.0,11.448888888888888,12,49,51,4,1970-01-21 10:18:06.700000000,1970-01-21 10:18:47.893333333,Đông,,,
Khánh Hòa,Duyên hải Nam Trung Bộ,2025-12-08,21.41111111111111,24.866666666666667,18.433333333333337,22.233333333333334,26.188888888888886,18.833333333333332,0.4111111111111111,0.4111111111111111,0.0,2.5555555555555554,78.77777777777777,20.822222222222223,53.03333333333333,18.116666666666667,1013.6666666666666,98.55555555555556,17.41111111111111,0.0,3.5833333333333335,11.9564,109.0298,10.386666666666668,11.443333333333332,12,50,51,13,1970-01-21 10:19:33.120000000,1970-01-21 10:20:14.320000000,Đông,,,
Khánh Hòa,Duyên hải Nam Trung Bộ,2025-12-09,21.633333333333333,24.299999999999997,19.677777777777777,22.844444444444445,24.700000000000003,20.555555555555557,3.522222222222222,3.522222222222222,0.0,10.22222222222222,84.11111111111111,22.72222222222222,57.44444444444444,9.493333333333332,1012.9666666666668,98.88888888888889,18.744444444444444,0.0,2.213333333333334,11.9564,109.0298,3.941111111111111,11.44111111111111,12,50,53,8,1970-01-21 10:20:59.560000000,1970-01-21 10:21:40.753333333,Đông,,,
Khánh Hòa,Duyên hải Nam Trung Bộ,2025-12-10,21.9,23.87777777777778,20.700000000000003,24.98888888888889,27.455555555555556,23.11111111111111,26.866666666666667,26.866666666666667,0.0,22.555555555555557,94.88888888888889,13.522222222222222,39.4,8.365555555555554,1012.7111111111112,99.33333333333331,20.98888888888889,0.0,1.5699999999999998,11.9564,109.0298,2.34,11.438888888888888,12,50,63,7,1970-01-21 10:22:25.980000000,1970-01-21 10:23:07.153333333,Đông,,,
Khánh Hòa,Duyên hải Nam Trung Bộ,2025-12-11,22.77777777777778,25.977777777777774,20.566666666666663,25.566666666666663,29.077777777777776,23.044444444444444,2.9777777777777774,2.9777777777777774,0.0,12.11111111111111,88.33333333333333,15.922222222222224,40.41111111111111,17.86111111111111,1013.4666666666668,80.44444444444444,20.62222222222222,0.0,3.267777777777778,11.9564,109.0298,11.0,11.435555555555556,12,50,51,6,1970-01-21 10:23:52.420000000,1970-01-21 10:24:33.580000000,Đông,,,
Khánh Hòa,Duyên hải Nam Trung Bộ,2025-12-12,22.58888888888889,26.066666666666663,20.266666666666666,24.9,29.022222222222226,22.38888888888889,1.6555555555555554,1.6555555555555554,0.0,7.333333333333333,85.55555555555556,16.1,40.77777777777778,17.236666666666665,1012.9333333333332,51.22222222222222,19.87777777777778,0.0,3.318888888888889,11.9564,109.0298,10.135555555555555,11.431111111111113,12,50,51,10,1970-01-21 10:25:18.840000000,1970-01-21 10:26:00.013333333,Đông,,,
Khánh Hòa,Duyên hải Nam Trung Bộ,2025-12-13,23.066666666666663,26.211111111111112,20.533333333333335,24.555555555555557,27.922222222222224,21.922222222222224,0.3666666666666666,0.3666666666666666,0.0,2.5555555555555554,79.55555555555556,20.533333333333335,50.75555555555556,17.04888888888889,1013.1222222222224,99.77777777777776,19.188888888888886,0.0,3.5411111111111113,11.9564,109.0298,10.906666666666666,11.431111111111113,12,50,51,6,1970-01-21 10:26:45.280000000,1970-01-21 10:27:26.433333333,Đông,,,
Khánh Hòa,Duyên hải Nam Trung Bộ,2025-12-14,22.344444444444445,24.733333333333334,20.711111111111112,23.255555555555556,25.711111111111112,21.51111111111111,3.655555555555556,3.655555555555556,0.0,12.88888888888889,82.77777777777777,24.58888888888889,61.04444444444445,16.746666666666666,1013.7111111111112,82.88888888888889,19.155555555555555,0.0,3.316666666666667,11.9564,109.0298,10.998888888888889,11.428888888888888,12,50,51,19,1970-01-21 10:28:11.700000000,1970-01-21 10:28:52.860000000,Đông,,,
Khánh Hòa,Duyên hải Nam Trung Bộ,2025-12-15,22.288888888888888,25.38888888888889,20.35555555555555,23.577777777777776,26.72222222222222,21.422222222222224,1.1333333333333333,1.1333333333333333,0.0,6.777777777777778,82.88888888888889,21.72222222222222,53.91111111111111,17.423333333333332,1014.1,89.55555555555556,19.1,0.0,3.385555555555555,11.9564,109.0298,10.427777777777775,11.428888888888888,12,51,51,10,1970-01-21 10:29:38.140000000,1970-01-21 10:30:19.273333333,Đông,,,
Khánh Hòa,Duyên hải Nam Trung Bộ,2025-12-16,22.433333333333337,26.133333333333333,19.566666666666663,24.233333333333334,28.022222222222226,21.044444444444444,0.2333333333333332,0.2333333333333332,0.0,1.5555555555555556,82.55555555555556,19.811111111111114,49.15555555555555,18.806666666666665,1013.688888888889,86.33333333333333,19.155555555555555,0.0,3.63,11.9564,109.0298,10.991111111111111,11.425555555555556,12,51,51,10,1970-01-21 10:31:04.566666666,1970-01-21 10:31:45.700000000,Đông,,,
Khánh Hòa,Duyên hải Nam Trung Bộ,2025-12-17,22.333333333333332,25.6,20.12222222222222,24.244444444444444,28.08888888888889,21.822222222222223,5.344444444444444,5.344444444444444,0.0,11.666666666666666,85.66666666666667,19.311111111111114,50.75555555555556,16.824444444444442,1013.8555555555556,74.0,19.700000000000003,0.0,3.151111111111111,11.9564,109.0298,10.616666666666667,11.423333333333334,12,51,51,4,1970-01-21 10:32:31.006666666,1970-01-21 10:33:12.133333333,Đông,,,
Khánh Hòa,Duyên hải Nam Trung Bộ,2025-12-18,22.1,25.533333333333335,19.366666666666667,23.58888888888889,27.044444444444444,20.433333333333337,0.7,0.7,0.0,3.5555555555555554,83.88888888888889,22.033333333333335,54.46666666666667,17.268888888888892,1013.1444444444444,84.44444444444444,19.1,0.0,3.304444444444444,11.9564,109.0298,10.817777777777778,11.42111111111111,12,51,51,3,1970-01-21 10:33:57.433333333,1970-01-21 10:34:38.560000000,Đông,,,
Khánh Hòa,Duyên hải Nam Trung Bộ,2025-12-19,22.6,26.22222222222222,20.14444444444445,24.655555555555555,28.255555555555556,21.98888888888889,0.7111111111111111,0.7111111111111111,0.0,3.3333333333333335,84.22222222222223,19.77777777777778,49.32222222222222,17.612222222222222,1011.4666666666668,82.33333333333333,19.633333333333333,0.0,3.368888888888889,11.9564,109.0298,10.705555555555556,11.42111111111111,12,51,51,14,1970-01-21 10:35:23.866666666,1970-01-21 10:36:04.993333333,Đông,,,
Khánh Hòa,Duyên hải Nam Trung Bộ,2025-12-20,22.811111111111114,26.64444444444445,19.91111111111111,25.077777777777776,29.17777777777778,21.88888888888889,0.3888888888888889,0.3888888888888889,0.0,2.3333333333333335,83.66666666666667,18.322222222222223,46.15555555555555,19.145555555555557,1010.9444444444443,83.33333333333333,19.711111111111112,0.0,3.643333333333333,11.9564,109.0298,10.961111111111112,11.42111111111111,12,51,51,13,1970-01-21 10:36:50.300000000,1970-01-21 10:37:31.420000000,Đông,,,
Khánh Hòa,Duyên hải Nam Trung Bộ,2025-12-21,23.022222222222226,26.155555555555555,20.733333333333334,25.200000000000003,28.577777777777776,22.655555555555555,2.0999999999999996,2.0999999999999996,0.0,7.222222222222222,84.55555555555556,19.633333333333333,50.95555555555555,17.787777777777777,1011.3222222222222,79.88888888888889,20.12222222222222,0.0,3.4044444444444446,11.9564,109.0298,10.925555555555556,11.42111111111111,12,51,51,8,1970-01-21 10:38:16.726666666,1970-01-21 10:38:57.853333333,Đông,,,
Khánh Hòa,Duyên hải Nam Trung Bộ,2025-12-22,22.6,25.566666666666663,20.744444444444444,24.555555555555557,27.61111111111111,22.677777777777777,4.588888888888889,4.588888888888889,0.0,15.0,86.88888888888889,21.811111111111114,56.87777777777777,16.266666666666666,1011.5,98.0,20.166666666666668,0.0,3.0344444444444445,11.9564,109.0298,9.56111111111111,11.42111111111111,12,52,51,17,1970-01-21 10:39:43.160000000,1970-01-21 10:40:24.280000000,Đông,,,
Khánh Hòa,Duyên hải Nam Trung Bộ,2025-12-23,22.866666666666667,25.77777777777778,20.633333333333333,24.744444444444444,27.188888888888886,22.244444444444444,0.4444444444444444,0.4444444444444444,0.0,2.2222222222222223,82.44444444444444,20.41111111111111,50.67777777777778,15.095555555555556,1011.1555555555556,96.77777777777776,19.61111111111111,0.0,3.092222222222222,11.9564,109.0298,9.48,11.42111111111111,12,52,51,11,1970-01-21 10:41:09.586666666,1970-01-21 10:41:50.713333333,Đông,,,
Khánh Hòa,Duyên hải Nam Trung Bộ,2025-12-24,23.211111111111112,25.933333333333337,21.288888888888888,26.01111111111111,28.811111111111114,23.977777777777774,3.6333333333333337,3.6333333333333337,0.0,11.444444444444445,87.44444444444444,17.799999999999997,45.55555555555556,15.20111111111111,1010.5666666666668,91.11111111111111,20.922222222222224,0.0,2.901111111111111,11.9564,109.0298,9.04,11.42111111111111,12,52,51,14,1970-01-21 10:42:36.020000000,1970-01-21 10:43:17.140000000,Đông,,,
Khánh Hòa,Duyên hải Nam Trung Bộ,2025-12-25,22.38888888888889,23.955555555555556,21.0,24.98888888888889,26.933333333333337,22.700000000000003,14.488888888888887,14.488888888888887,0.0,14.666666666666666,91.33333333333331,18.58888888888889,49.333333333333336,8.428888888888888,1011.9,97.44444444444444,20.833333333333332,0.0,1.7033333333333334,11.9564,109.0298,3.3699999999999997,11.42111111111111,12,52,63,8,1970-01-21 10:44:02.446666666,1970-01-21 10:44:43.573333333,Đông,,,
Khánh Hòa,Duyên hải Nam Trung Bộ,2025-12-26,21.555555555555557,23.4,20.055555555555557,22.37777777777778,23.91111111111111,20.766666666666666,1.7111111111111112,1.7111111111111112,0.0,6.777777777777778,83.22222222222223,21.211111111111112,54.477777777777774,9.864444444444445,1013.7222222222222,96.22222222222224,18.455555555555556,0.0,2.3377777777777777,11.9564,109.0298,4.628888888888889,11.423333333333334,12,52,51,12,1970-01-21 10:45:28.880000000,1970-01-21 10:46:10.000000000,Đông,,,
Khánh Hòa,Duyên hải Nam Trung Bộ,2025-12-27,21.477777777777774,24.711111111111112,19.233333333333334,21.98888888888889,24.799999999999997,19.755555555555556,0.3333333333333333,0.3333333333333333,0.0,2.111111111111111,76.77777777777777,22.98888888888889,56.75555555555556,16.47888888888889,1014.4,72.44444444444444,17.077777777777776,0.0,3.4588888888888887,11.9564,109.0298,10.194444444444445,11.425555555555556,12,52,3,1,1970-01-21 10:46:55.306666666,1970-01-21 10:47:36.433333333,Đông,,,
Khánh Hòa,Duyên hải Nam Trung Bộ,2025-12-28,21.211111111111112,24.9,18.322222222222223,22.177777777777777,26.033333333333335,18.811111111111114,0.6444444444444444,0.6444444444444444,0.0,3.6666666666666665,80.33333333333333,20.35555555555556,50.8,18.276666666666667,1014.6222222222224,52.888888888888886,17.51111111111111,0.0,3.4766666666666666,11.9564,109.0298,10.836666666666666,11.428888888888888,12,52,3,0,1970-01-21 10:48:21.726666666,1970-01-21 10:49:02.873333333,Đông,,,
Khánh Hòa,Duyên hải Nam Trung Bộ,2025-12-29,20.91111111111111,24.4,17.366666666666664,22.022222222222226,25.61111111111111,18.27777777777778,0.7222222222222222,0.7222222222222222,0.0,3.111111111111111,81.22222222222223,17.4,43.57777777777778,18.37333333333333,1013.9555555555556,62.44444444444444,17.311111111111114,0.0,3.5133333333333336,11.9564,109.0298,10.674444444444443,11.43,12,1,3,11,1970-01-21 10:49:48.160000000,1970-01-21 10:50:29.293333333,Đông,,,
Khánh Hòa,Duyên hải Nam Trung Bộ,2025-12-30,20.555555555555557,24.61111111111111,17.233333333333334,21.22222222222222,25.64444444444445,17.77777777777778,0.0555555555555555,0.0555555555555555,0.0,0.4444444444444444,76.88888888888889,16.87777777777778,42.51111111111111,19.459999999999997,1012.8555555555556,82.22222222222223,16.01111111111111,0.0,3.8577777777777778,11.9564,109.0298,10.4,11.431111111111113,12,1,3,22,1970-01-21 10:51:14.580000000,1970-01-21 10:51:55.740000000,Đông,,,
Khánh Hòa,Duyên hải Nam Trung Bộ,2025-12-31,20.4,24.955555555555556,16.244444444444444,20.944444444444443,26.755555555555556,16.188888888888886,0.0,0.0,0.0,0.0,72.55555555555556,15.233333333333333,38.611111111111114,21.343333333333337,1011.6777777777778,61.44444444444444,14.966666666666663,0.0,4.203333333333333,11.9564,109.0298,10.902222222222225,11.431111111111113,12,1,3,25,1970-01-21 10:52:41.013333333,1970-01-21 10:53:22.166666666,Đông,,,
Khánh Hòa,Duyên hải Nam Trung Bộ,2026-01-01,20.35555555555555,25.044444444444444,16.08888888888889,21.0,26.14444444444445,16.27777777777778,0.0,0.0,0.0,0.0,75.33333333333333,17.133333333333333,43.03333333333333,21.12555555555555,1012.6555555555556,46.0,15.511111111111113,0.0,4.086666666666667,11.9564,109.0298,11.007777777777775,11.435555555555556,1,1,3,26,1970-01-21 10:54:07.426666666,1970-01-21 10:54:48.600000000,Đông,,,
Khánh Hòa,Duyên hải Nam Trung Bộ,2026-01-02,20.422222222222224,24.288888888888888,17.41111111111111,20.422222222222224,24.22222222222222,17.455555555555556,0.3777777777777777,0.3777777777777777,0.0,1.8888888888888888,77.0,24.17777777777778,60.977777777777774,17.45777777777778,1015.1666666666666,81.44444444444444,16.033333333333335,0.0,3.536666666666666,11.9564,109.0298,10.768888888888888,11.438888888888888,1,1,51,6,1970-01-21 10:55:33.846666666,1970-01-21 10:56:15.033333333,Đông,,,
Khánh Hòa,Duyên hải Nam Trung Bộ,2026-01-03,20.211111111111112,24.27777777777778,17.333333333333332,19.844444444444445,23.233333333333334,17.299999999999997,0.0888888888888888,0.0888888888888888,0.0,0.6666666666666666,74.55555555555556,24.61111111111111,61.87777777777777,19.141111111111112,1015.9888888888888,63.77777777777778,15.244444444444444,0.0,3.906666666666667,11.9564,109.0298,10.876666666666669,11.44111111111111,1,1,51,4,1970-01-21 10:57:00.280000000,1970-01-21 10:57:41.473333333,Đông,,,
Khánh Hòa,Duyên hải Nam Trung Bộ,2026-01-04,20.91111111111111,24.544444444444444,17.688888888888886,21.477777777777774,25.0,17.477777777777778,0.6000000000000001,0.6000000000000001,0.0,3.2222222222222223,79.55555555555556,20.98888888888889,52.98888888888889,14.033333333333331,1015.1777777777778,96.33333333333331,17.08888888888889,0.0,2.993333333333333,11.9564,109.0298,8.176666666666668,11.445555555555556,1,1,51,4,1970-01-21 10:58:26.686666666,1970-01-21 10:59:07.900000000,Đông,,,
Khánh Hòa,Duyên hải Nam Trung Bộ,2026-01-05,21.477777777777774,24.155555555555555,19.566666666666663,22.366666666666667,24.5,20.533333333333335,2.1222222222222222,2.1222222222222222,0.0,4.222222222222222,82.33333333333333,21.266666666666666,53.12222222222223,11.753333333333334,1015.311111111111,93.44444444444444,18.166666666666668,0.0,2.621111111111111,11.9564,109.0298,6.577777777777778,11.448888888888888,1,2,51,11,1970-01-21 10:59:53.113333333,1970-01-21 11:00:34.333333333,Đông,,,
Khánh Hòa,Duyên hải Nam Trung Bộ,2026-01-06,20.866666666666667,24.01111111111111,18.766666666666666,20.544444444444444,23.444444444444443,18.344444444444445,0.977777777777778,0.977777777777778,0.0,3.4444444444444446,76.55555555555556,25.64444444444445,63.111111111111114,14.866666666666667,1016.6666666666666,83.66666666666667,16.366666666666667,0.0,3.4044444444444446,11.9564,109.0298,8.723333333333334,11.45111111111111,1,2,51,19,1970-01-21 11:01:19.540000000,1970-01-21 11:02:00.760000000,Đông,,,
Khánh Hòa,Duyên hải Nam Trung Bộ,2026-01-07,20.022222222222226,22.455555555555556,18.35555555555555,18.64444444444445,20.61111111111111,17.144444444444446,0.3666666666666667,0.3666666666666667,0.0,2.3333333333333335,71.88888888888889,27.633333333333333,67.63333333333334,13.421111111111111,1018.0333333333332,88.11111111111111,14.566666666666666,0.0,3.5088888888888885,11.9564,109.0298,7.65,11.455555555555556,1,2,3,10,1970-01-21 11:02:45.946666666,1970-01-21 11:03:27.193333333,Đông,,,
Khánh Hòa,Duyên hải Nam Trung Bộ,2026-01-08,19.033333333333335,21.811111111111114,16.533333333333335,17.477777777777778,20.11111111111111,15.11111111111111,0.9444444444444444,0.9444444444444444,0.0,4.0,72.11111111111111,27.255555555555556,67.07777777777778,15.118888888888888,1018.422222222222,85.33333333333333,13.666666666666666,0.0,3.4766666666666666,11.9564,109.0298,9.602222222222222,11.461111111111112,1,2,3,2,1970-01-21 11:04:12.360000000,1970-01-21 11:04:53.620000000,Đông,,,
Khánh Hòa,Duyên hải Nam Trung Bộ,2026-01-09,18.577777777777776,22.366666666666667,15.533333333333337,17.41111111111111,20.944444444444443,14.355555555555554,0.1222222222222222,0.1222222222222222,0.0,0.8888888888888888,71.55555555555556,23.93333333333333,59.111111111111114,18.862222222222226,1017.1555555555556,73.11111111111111,13.022222222222222,0.0,3.7933333333333334,11.9564,109.0298,11.065555555555555,11.465555555555556,1,2,3,14,1970-01-21 11:05:38.793333333,1970-01-21 11:06:20.053333333,Đông,,,
Khánh Hòa,Duyên hải Nam Trung Bộ,2026-01-10,18.977777777777774,23.677777777777777,15.02222222222222,18.755555555555556,24.155555555555555,14.366666666666667,0.0111111111111111,0.0111111111111111,0.0,0.1111111111111111,73.33333333333333,17.788888888888888,44.15555555555555,20.538888888888888,1016.0555555555557,59.55555555555556,13.833333333333334,0.0,3.9444444444444446,11.9564,109.0298,11.16777777777778,11.47,1,2,3,3,1970-01-21 11:07:05.200000000,1970-01-21 11:07:46.500000000,Đông,,,
Khánh Hòa,Duyên hải Nam Trung Bộ,2026-01-11,20.14444444444445,23.9,17.299999999999997,19.766666666666666,23.566666666666663,17.22222222222222,0.0222222222222222,0.0222222222222222,0.0,0.2222222222222222,72.33333333333333,22.188888888888886,55.03333333333333,18.026666666666667,1017.4,92.11111111111111,14.7,0.0,3.84,11.9564,109.0298,10.042222222222222,11.475555555555555,1,2,3,3,1970-01-21 11:08:31.620000000,1970-01-21 11:09:12.920000000,Đông,,,
Khánh Hòa,Duyên hải Nam Trung Bộ,2026-01-12,20.166666666666668,24.200000000000003,16.48888888888889,20.48888888888889,25.233333333333334,16.333333333333332,0.0,0.0,0.0,0.0,75.33333333333333,17.744444444444444,43.388888888888886,18.907777777777778,1016.9888888888888,49.77777777777778,15.422222222222224,0.0,3.78,11.9564,109.0298,10.648888888888887,11.48,1,3,3,35,1970-01-21 11:09:58.026666666,1970-01-21 11:10:39.360000000,Đông,,,
Khánh Hòa,Duyên hải Nam Trung Bộ,2026-01-13,20.6,25.022222222222226,17.455555555555556,20.966666666666665,26.188888888888886,17.666666666666668,0.0,0.0,0.0,0.0,73.55555555555556,17.644444444444446,42.98888888888889,20.262222222222224,1016.2444444444444,64.66666666666667,15.38888888888889,0.0,4.111111111111111,11.9564,109.0298,11.075555555555557,11.485555555555557,1,3,3,26,1970-01-21 11:11:24.453333333,1970-01-21 11:12:05.793333333,Đông,,,
Khánh Hòa,Duyên hải Nam Trung Bộ,2026-01-14,20.566666666666663,25.177777777777777,16.311111111111114,21.566666666666663,27.033333333333335,16.555555555555557,0.0555555555555555,0.0555555555555555,0.0,0.5555555555555556,77.77777777777777,16.844444444444445,41.55555555555556,19.455555555555556,1014.7333333333332,45.0,16.344444444444445,0.0,3.725555555555556,11.9564,109.0298,11.03,11.49,1,3,3,8,1970-01-21 11:12:50.860000000,1970-01-21 11:13:32.233333333,Đông,,,
Khánh Hòa,Duyên hải Nam Trung Bộ,2026-01-15,21.01111111111111,26.022222222222226,16.833333333333332,22.211111111111112,28.266666666666666,17.855555555555554,0.0,0.0,0.0,0.0,79.11111111111111,18.788888888888888,45.95555555555555,21.70777777777778,1014.0666666666668,32.888888888888886,16.955555555555556,0.0,4.16,11.9564,109.0298,11.045555555555556,11.498888888888889,1,3,3,10,1970-01-21 11:14:17.266666666,1970-01-21 11:14:58.660000000,Đông,,,
Khánh Hòa,Duyên hải Nam Trung Bộ,2026-01-16,20.711111111111112,26.37777777777778,15.688888888888888,21.977777777777774,28.700000000000003,15.955555555555556,0.0,0.0,0.0,0.0,77.0,13.288888888888888,33.41111111111111,21.955555555555556,1012.7888888888888,83.11111111111111,16.01111111111111,0.0,4.178888888888888,11.9564,109.0298,11.05111111111111,11.501111111111111,1,3,3,0,1970-01-21 11:15:43.680000000,1970-01-21 11:16:25.093333333,Đông,,,
Khánh Hòa,Duyên hải Nam Trung Bộ,2026-01-17,20.85555555555555,26.044444444444444,16.62222222222222,22.700000000000003,28.72222222222222,17.844444444444445,0.0,0.0,0.0,0.0,81.55555555555556,14.122222222222222,36.599999999999994,21.226666666666667,1011.0666666666668,81.88888888888889,17.333333333333332,0.0,3.908888888888889,11.9564,109.0298,10.932222222222222,11.51,1,3,3,42,1970-01-21 11:17:10.086666666,1970-01-21 11:17:51.520000000,Đông,,,
Khánh Hòa,Duyên hải Nam Trung Bộ,2026-01-18,20.85555555555555,26.077777777777776,17.200000000000003,22.288888888888888,27.799999999999997,18.62222222222222,0.0,0.0,0.0,0.0,79.77777777777777,16.455555555555556,41.52222222222222,21.006666666666668,1010.4777777777776,86.77777777777777,16.77777777777778,0.0,3.9833333333333334,11.9564,109.0298,10.736666666666666,11.513333333333334,1,3,3,15,1970-01-21 11:18:36.506666666,1970-01-21 11:19:17.953333333,Đông,,,
Khánh Hòa,Duyên hải Nam Trung Bộ,2026-01-19,20.799999999999997,25.933333333333337,16.744444444444444,21.922222222222224,27.200000000000003,17.733333333333334,0.0,0.0,0.0,0.0,78.66666666666667,17.255555555555556,44.233333333333334,21.837777777777777,1011.7222222222222,42.666666666666664,16.466666666666665,0.0,4.142222222222222,11.9564,109.0298,11.334444444444443,11.52,1,4,3,1,1970-01-21 11:20:02.920000000,1970-01-21 11:20:44.380000000,Đông,,,
Khánh Hòa,Duyên hải Nam Trung Bộ,2026-01-20,20.311111111111114,25.77777777777778,15.755555555555556,20.98888888888889,26.711111111111112,16.1,0.1333333333333333,0.1333333333333333,0.0,0.7777777777777778,75.88888888888889,19.11111111111111,47.71111111111111,21.544444444444444,1013.1555555555556,28.88888888888889,15.444444444444445,0.0,4.151111111111111,11.9564,109.0298,11.354444444444445,11.53,1,4,3,14,1970-01-21 11:21:29.320000000,1970-01-21 11:22:10.813333333,Đông,,,
Khánh Hòa,Duyên hải Nam Trung Bộ,2026-01-21,20.41111111111111,25.044444444444444,16.6,20.577777777777776,24.966666666666665,16.866666666666667,0.0,0.0,0.0,0.0,73.88888888888889,21.077777777777776,52.48888888888889,20.23888888888889,1014.688888888889,35.22222222222222,15.27777777777778,0.0,4.045555555555556,11.9564,109.0298,11.378888888888888,11.533333333333331,1,4,3,5,1970-01-21 11:22:55.720000000,1970-01-21 11:23:37.240000000,Đông,,,
Khánh Hòa,Duyên hải Nam Trung Bộ,2026-01-22,20.288888888888888,23.733333333333334,17.466666666666665,20.477777777777774,23.87777777777778,17.744444444444444,1.6777777777777778,1.6777777777777778,0.0,5.444444444444445,78.33333333333333,22.54444444444444,58.12222222222223,17.257777777777775,1016.3222222222222,69.66666666666667,16.177777777777777,0.0,3.413333333333333,11.9564,109.0298,10.85888888888889,11.54,1,4,51,3,1970-01-21 11:24:22.120000000,1970-01-21 11:25:03.673333333,Đông,,,
Khánh Hòa,Duyên hải Nam Trung Bộ,2026-01-23,20.48888888888889,24.422222222222224,17.811111111111114,20.799999999999997,24.977777777777774,18.344444444444445,1.1222222222222222,1.1222222222222222,0.0,7.555555555555555,79.22222222222223,21.744444444444444,55.166666666666664,19.788888888888888,1017.8,65.66666666666667,16.477777777777778,0.0,3.8033333333333337,11.9564,109.0298,11.016666666666667,11.55,1,4,51,10,1970-01-21 11:25:48.526666666,1970-01-21 11:26:30.100000000,Đông,,,
Khánh Hòa,Duyên hải Nam Trung Bộ,2026-01-24,20.51111111111111,24.12222222222222,17.45555555555556,20.700000000000003,24.299999999999997,17.955555555555556,0.6000000000000001,0.6000000000000001,0.0,4.333333333333333,76.44444444444444,19.788888888888888,49.81111111111111,18.87222222222222,1017.7666666666668,78.11111111111111,15.9,0.0,3.79,11.9564,109.0298,11.32222222222222,11.553333333333336,1,4,51,6,1970-01-21 11:27:14.926666666,1970-01-21 11:27:56.533333333,Đông,,,
Khánh Hòa,Duyên hải Nam Trung Bộ,2026-01-25,20.200000000000003,25.233333333333334,15.88888888888889,20.755555555555556,26.333333333333332,15.755555555555556,0.0,0.0,0.0,0.0,74.66666666666667,16.933333333333334,42.81111111111111,21.172222222222224,1016.6,65.11111111111111,15.22222222222222,0.0,4.095555555555555,11.9564,109.0298,11.307777777777778,11.563333333333334,1,4,3,6,1970-01-21 11:28:41.326666666,1970-01-21 11:29:22.953333333,Đông,,,
Khánh Hòa,Duyên hải Nam Trung Bộ,2026-01-26,20.5,25.01111111111111,16.22222222222222,21.066666666666663,25.577777777777776,16.866666666666664,0.1111111111111111,0.1111111111111111,0.0,0.7777777777777778,77.11111111111111,17.833333333333332,44.0,19.914444444444445,1016.7111111111112,30.666666666666668,15.955555555555556,0.0,3.933333333333333,11.9564,109.0298,11.256666666666668,11.57,1,5,2,12,1970-01-21 11:30:07.726666666,1970-01-21 11:30:49.386666666,Đông,,,
Khánh Hòa,Duyên hải Nam Trung Bộ,2026-01-27,20.833333333333332,25.955555555555556,16.455555555555556,21.555555555555557,27.35555555555555,16.87777777777778,0.0,0.0,0.0,0.0,74.11111111111111,19.844444444444445,48.111111111111114,21.98444444444445,1016.8888888888888,36.111111111111114,15.677777777777775,0.0,4.316666666666666,11.9564,109.0298,11.241111111111111,11.58,1,5,3,15,1970-01-21 11:31:34.120000000,1970-01-21 11:32:15.806666666,Đông,,,
Khánh Hòa,Duyên hải Nam Trung Bộ,2026-01-28,20.700000000000003,24.733333333333334,17.322222222222223,21.077777777777776,25.01111111111111,17.58888888888889,0.6111111111111112,0.6111111111111112,0.0,2.7777777777777777,76.44444444444444,20.133333333333333,51.077777777777776,18.058888888888887,1016.5111111111112,26.88888888888889,16.155555555555555,0.0,3.648888888888889,11.9564,109.0298,11.431111111111113,11.59,1,5,51,10,1970-01-21 11:33:00.520000000,1970-01-21 11:33:42.233333333,Đông,,,
Khánh Hòa,Duyên hải Nam Trung Bộ,2026-01-29,20.833333333333332,26.1,16.77777777777778,21.37777777777778,27.322222222222223,16.933333333333334,0.0,0.0,0.0,0.0,72.66666666666667,18.055555555555557,44.611111111111114,22.438888888888886,1016.3555555555556,31.0,15.333333333333334,0.0,4.484444444444445,11.9564,109.0298,11.48,11.593333333333334,1,5,3,6,1970-01-21 11:34:26.920000000,1970-01-21 11:35:08.653333333,Đông,,,
Khánh Hòa,Duyên hải Nam Trung Bộ,2026-01-30,20.944444444444443,26.01111111111111,16.955555555555556,22.022222222222226,27.62222222222222,17.644444444444446,0.0,0.0,0.0,0.0,76.77777777777777,16.811111111111114,41.81111111111111,19.846666666666668,1016.8222222222222,83.44444444444444,16.41111111111111,0.0,3.882222222222222,11.9564,109.0298,10.878888888888888,11.602222222222222,1,5,3,13,1970-01-21 11:35:53.320000000,1970-01-21 11:36:35.080000000,Đông,,,
Khánh Hòa,Duyên hải Nam Trung Bộ,2026-01-31,20.844444444444445,25.633333333333333,16.799999999999997,21.555555555555557,26.799999999999997,17.155555555555555,0.0333333333333333,0.0333333333333333,0.0,0.2222222222222222,73.55555555555556,18.133333333333333,44.6888888888889,20.797777777777775,1016.8888888888888,66.0,15.644444444444446,0.0,4.101111111111111,11.9564,109.0298,11.351111111111113,11.612222222222222,1,5,3,9,1970-01-21 11:37:19.720000000,1970-01-21 11:38:01.506666666,Đông,,,
Khánh Hòa,Duyên hải Nam Trung Bộ,2026-02-01,20.866666666666667,26.48888888888889,16.48888888888889,21.455555555555556,27.188888888888886,16.58888888888889,0.4666666666666667,0.4666666666666667,0.0,2.4444444444444446,75.66666666666667,20.72222222222222,51.31111111111111,20.754444444444445,1016.7444444444444,86.11111111111111,16.07777777777778,0.0,4.086666666666667,11.9564,109.0298,11.443333333333332,11.62,2,5,51,13,1970-01-21 11:38:46.086666666,1970-01-21 11:39:27.933333333,Đông,,,
Khánh Hòa,Duyên hải Nam Trung Bộ,2026-02-02,21.211111111111112,26.01111111111111,17.4,21.811111111111114,26.42222222222222,18.177777777777777,1.3888888888888888,1.3888888888888888,0.0,6.111111111111111,79.22222222222223,22.188888888888886,55.43333333333333,19.42555555555556,1017.0888888888888,80.22222222222223,17.1,0.0,3.856666666666667,11.9564,109.0298,11.31,11.63,2,6,51,13,1970-01-21 11:40:12.486666666,1970-01-21 11:40:54.360000000,Đông,,,
Khánh Hòa,Duyên hải Nam Trung Bộ,2026-02-03,20.966666666666665,23.133333333333333,19.72222222222222,21.955555555555556,23.944444444444443,20.811111111111114,7.411111111111111,7.411111111111111,0.0,15.555555555555555,87.0,20.766666666666666,54.95555555555555,11.28,1017.3444444444444,93.66666666666669,18.6,0.0,2.2755555555555556,11.9564,109.0298,4.484444444444445,11.64,2,6,51,6,1970-01-21 11:41:38.880000000,1970-01-21 11:42:20.773333333,Đông,,,
Khánh Hòa,Duyên hải Nam Trung Bộ,2026-02-04,21.9,26.27777777777778,19.077777777777776,23.044444444444444,27.755555555555556,20.022222222222226,0.0333333333333333,0.0333333333333333,0.0,0.3333333333333333,78.66666666666667,19.044444444444444,47.32222222222222,20.177777777777777,1016.3444444444444,81.44444444444444,17.733333333333334,0.0,4.015555555555555,11.9564,109.0298,11.411111111111111,11.65,2,6,3,15,1970-01-21 11:43:05.273333333,1970-01-21 11:43:47.200000000,Đông,,,
Khánh Hòa,Duyên hải Nam Trung Bộ,2026-02-05,21.566666666666663,26.244444444444447,17.6,23.577777777777776,29.0,19.022222222222226,0.2111111111111111,0.2111111111111111,0.0,1.4444444444444444,81.77777777777777,14.566666666666666,37.55555555555556,20.44666666666667,1015.2777777777778,59.888888888888886,18.066666666666663,0.0,3.848888888888889,11.9564,109.0298,11.454444444444444,11.657777777777778,2,6,51,4,1970-01-21 11:44:31.660000000,1970-01-21 11:45:13.626666666,Đông,,,
Khánh Hòa,Duyên hải Nam Trung Bộ,2026-02-06,22.01111111111111,27.11111111111111,17.955555555555556,24.6,30.62222222222222,19.98888888888889,0.2,0.2,0.0,1.3333333333333333,82.55555555555556,12.455555555555556,32.63333333333333,21.211111111111112,1014.0111111111112,83.0,18.577777777777776,0.0,3.98,11.9564,109.0298,10.75,11.664444444444444,2,6,3,3,1970-01-21 11:45:58.060000000,1970-01-21 11:46:40.040000000,Đông,,,
Khánh Hòa,Duyên hải Nam Trung Bộ,2026-02-07,22.266666666666666,26.944444444444443,18.799999999999997,24.333333333333332,29.45555555555556,20.87777777777778,0.1222222222222222,0.1222222222222222,0.0,1.2222222222222223,81.55555555555556,19.41111111111111,47.477777777777774,21.00111111111111,1014.0444444444444,63.55555555555556,18.677777777777777,0.0,4.06,11.9564,109.0298,11.253333333333334,11.673333333333334,2,6,51,13,1970-01-21 11:47:24.426666666,1970-01-21 11:48:06.460000000,Đông,,,
Khánh Hòa,Duyên hải Nam Trung Bộ,2026-02-08,21.58888888888889,26.344444444444445,18.4,21.766666666666666,26.255555555555556,19.188888888888886,0.3777777777777777,0.3777777777777777,0.0,2.111111111111111,74.88888888888889,26.744444444444444,66.32222222222222,20.474444444444444,1015.2888888888888,53.22222222222222,16.58888888888889,0.0,4.2555555555555555,11.9564,109.0298,11.373333333333331,11.683333333333332,2,6,3,16,1970-01-21 11:48:50.820000000,1970-01-21 11:49:32.886666666,Đông,,,
Khánh Hòa,Duyên hải Nam Trung Bộ,2026-02-09,21.822222222222223,26.0,18.844444444444445,22.08888888888889,26.12222222222222,19.233333333333334,0.3777777777777777,0.3777777777777777,0.0,2.6666666666666665,75.22222222222223,24.522222222222226,61.23333333333332,21.10666666666667,1015.0222222222224,92.55555555555556,16.87777777777778,0.0,4.332222222222223,11.9564,109.0298,10.95111111111111,11.693333333333332,2,7,3,11,1970-01-21 11:50:17.213333333,1970-01-21 11:50:59.300000000,Đông,,,
Khánh Hòa,Duyên hải Nam Trung Bộ,2026-02-10,21.87777777777778,24.88888888888889,19.22222222222222,22.788888888888888,25.233333333333334,19.866666666666667,0.6777777777777778,0.6777777777777778,0.0,4.333333333333333,78.66666666666667,20.200000000000003,49.85555555555556,11.756666666666668,1015.3333333333334,95.11111111111111,17.87777777777778,0.0,2.763333333333333,11.9564,109.0298,5.956666666666667,11.702222222222222,2,7,51,10,1970-01-21 11:51:43.600000000,1970-01-21 11:52:25.720000000,Đông,,,
Khánh Hòa,Duyên hải Nam Trung Bộ,2026-02-11,21.577777777777776,23.311111111111114,20.5,23.77777777777778,25.477777777777774,22.72222222222222,14.355555555555554,14.355555555555554,0.0,18.22222222222222,90.44444444444444,15.655555555555557,39.54444444444445,7.692222222222223,1016.5888888888888,96.66666666666669,19.88888888888889,0.0,1.5844444444444443,11.9564,109.0298,1.8111111111111111,11.712222222222223,2,7,61,8,1970-01-21 11:53:09.966666666,1970-01-21 11:53:52.146666666,Đông,,,
Khánh Hòa,Duyên hải Nam Trung Bộ,2026-02-12,22.27777777777778,25.944444444444443,19.755555555555556,23.655555555555555,27.3,21.333333333333332,0.5444444444444444,0.5444444444444444,0.0,3.2222222222222223,80.77777777777777,20.133333333333333,49.599999999999994,20.4,1015.1555555555556,77.44444444444444,18.544444444444444,0.0,3.978888888888889,11.9564,109.0298,11.068888888888887,11.72222222222222,2,7,51,13,1970-01-21 11:54:36.353333333,1970-01-21 11:55:18.553333333,Đông,,,
Khánh Hòa,Duyên hải Nam Trung Bộ,2026-02-13,22.033333333333335,26.166666666666668,19.022222222222226,23.11111111111111,28.22222222222222,19.822222222222223,0.0,0.0,0.0,0.0,75.11111111111111,17.544444444444444,43.68888888888889,19.44666666666667,1013.7888888888888,92.33333333333331,17.22222222222222,0.0,4.056666666666667,11.9564,109.0298,9.177777777777775,11.732222222222225,2,7,3,11,1970-01-21 11:56:02.740000000,1970-01-21 11:56:44.973333333,Đông,,,
Khánh Hòa,Duyên hải Nam Trung Bộ,2026-02-14,21.91111111111111,25.799999999999997,18.61111111111111,23.055555555555557,27.12222222222222,19.755555555555556,0.0,0.0,0.0,0.0,77.0,16.833333333333332,41.8,17.971111111111114,1013.4,86.77777777777777,17.444444444444443,0.0,3.711111111111111,11.9564,109.0298,9.94,11.742222222222225,2,7,3,9,1970-01-21 11:57:29.120000000,1970-01-21 11:58:11.400000000,Đông,,,
Khánh Hòa,Duyên hải Nam Trung Bộ,2026-02-15,22.188888888888886,26.64444444444445,19.077777777777776,23.944444444444443,29.122222222222224,20.555555555555557,0.0333333333333333,0.0333333333333333,0.0,0.2222222222222222,80.0,16.766666666666666,42.44444444444444,18.11777777777778,1012.9666666666668,66.44444444444444,18.38888888888889,0.0,3.624444444444445,11.9564,109.0298,10.158888888888889,11.752222222222224,2,7,3,3,1970-01-21 11:58:55.493333333,1970-01-21 11:59:37.806666666,Đông,,,
Khánh Hòa,Duyên hải Nam Trung Bộ,2026-02-16,22.48888888888889,27.133333333333333,18.62222222222222,24.633333333333333,29.84444444444445,20.133333333333333,0.1444444444444444,0.1444444444444444,0.0,0.8888888888888888,81.66666666666667,16.266666666666666,41.599999999999994,21.315555555555555,1012.6111111111112,41.111111111111114,18.922222222222224,0.0,4.118888888888889,11.9564,109.0298,11.615555555555556,11.762222222222222,2,8,51,12,1970-01-21 12:00:21.880000000,1970-01-21 12:01:04.220000000,Đông,,,
Khánh Hòa,Duyên hải Nam Trung Bộ,2026-02-17,22.577777777777776,27.166666666666668,19.266666666666666,24.333333333333332,29.299999999999997,20.933333333333337,0.0666666666666666,0.0666666666666666,0.0,0.6666666666666666,79.77777777777777,18.233333333333334,45.922222222222224,21.673333333333332,1013.3555555555556,90.88888888888889,18.62222222222222,0.0,4.26,11.9564,109.0298,11.643333333333334,11.773333333333332,2,8,3,10,1970-01-21 12:01:48.246666666,1970-01-21 12:02:30.633333333,Đông,,,
Khánh Hòa,Duyên hải Nam Trung Bộ,2026-02-18,22.477777777777774,26.299999999999997,19.933333333333337,23.9,28.066666666666663,21.188888888888886,2.855555555555556,2.855555555555556,0.0,12.0,81.66666666666667,22.188888888888886,56.1888888888889,21.44555555555555,1014.8666666666666,62.666666666666664,19.0,0.0,4.0744444444444445,11.9564,109.0298,11.56,11.783333333333331,2,8,51,11,1970-01-21 12:03:14.633333333,1970-01-21 12:03:57.053333333,Đông,,,
Khánh Hòa,Duyên hải Nam Trung Bộ,2026-02-19,22.366666666666667,26.266666666666666,19.35555555555555,23.522222222222226,27.6,20.533333333333335,0.8888888888888888,0.8888888888888888,0.0,5.0,80.11111111111111,21.977777777777774,55.56666666666667,21.175555555555555,1016.0888888888888,85.55555555555556,18.46666666666667,0.0,4.157777777777778,11.9564,109.0298,11.44,11.793333333333331,2,8,51,10,1970-01-21 12:04:41.020000000,1970-01-21 12:05:23.466666666,Đông,,,
Khánh Hòa,Duyên hải Nam Trung Bộ,2026-02-20,22.22222222222222,26.266666666666666,19.433333333333337,23.133333333333333,27.311111111111114,20.422222222222224,0.1222222222222222,0.1222222222222222,0.0,0.7777777777777778,78.0,22.755555555555556,56.72222222222222,21.02777777777778,1015.922222222222,62.333333333333336,17.922222222222224,0.0,4.262222222222222,11.9564,109.0298,11.686666666666666,11.803333333333336,2,8,3,12,1970-01-21 12:06:07.386666666,1970-01-21 12:06:49.866666666,Đông,,,
Khánh Hòa,Duyên hải Nam Trung Bộ,2026-02-21,22.066666666666663,27.14444444444445,17.966666666666665,24.033333333333335,30.41111111111111,18.966666666666665,0.0,0.0,0.0,0.0,77.44444444444444,13.588888888888889,35.41111111111111,24.08,1012.1777777777778,21.444444444444443,17.566666666666666,0.0,4.624444444444444,11.9564,109.0298,11.696666666666664,11.813333333333334,2,8,3,15,1970-01-21 12:07:33.760000000,1970-01-21 12:08:16.293333333,Đông,,,
Khánh Hòa,Duyên hải Nam Trung Bộ,2026-02-22,22.6,27.88888888888889,17.855555555555554,25.51111111111111,32.06666666666667,19.755555555555556,0.0111111111111111,0.0111111111111111,0.0,0.1111111111111111,81.66666666666667,11.122222222222222,30.85555555555555,23.23,1010.2555555555556,45.333333333333336,18.98888888888889,0.0,4.424444444444444,11.9564,109.0298,11.69888888888889,11.823333333333332,2,8,3,3,1970-01-21 12:09:00.126666666,1970-01-21 12:09:42.693333333,Đông,,,
Khánh Hòa,Duyên hải Nam Trung Bộ,2026-02-23,22.844444444444445,27.744444444444444,19.255555555555556,25.455555555555556,31.06666666666667,21.577777777777776,0.0777777777777777,0.0777777777777777,0.0,0.7777777777777778,80.22222222222223,12.666666666666666,32.77777777777778,23.787777777777777,1011.0555555555557,37.44444444444444,18.811111111111114,0.0,4.5811111111111105,11.9564,109.0298,11.547777777777778,11.833333333333334,2,9,3,0,1970-01-21 12:10:26.506666666,1970-01-21 12:11:09.120000000,Đông,,,
Khánh Hòa,Duyên hải Nam Trung Bộ,2026-02-24,22.6,27.88888888888889,18.733333333333334,25.177777777777777,31.64444444444445,20.766666666666666,0.0111111111111111,0.0111111111111111,0.0,0.1111111111111111,80.0,11.744444444444444,31.0,24.119999999999997,1011.6555555555556,59.0,18.533333333333335,0.0,4.632222222222222,11.9564,109.0298,11.581111111111111,11.846666666666668,2,9,3,5,1970-01-21 12:11:52.866666666,1970-01-21 12:12:35.520000000,Đông,,,
Khánh Hòa,Duyên hải Nam Trung Bộ,2026-02-25,22.933333333333337,28.45555555555556,18.933333333333337,25.288888888888888,31.733333333333334,20.72222222222222,0.0777777777777777,0.0777777777777777,0.0,0.7777777777777778,78.88888888888889,13.633333333333333,34.166666666666664,18.89777777777778,1011.8555555555556,92.33333333333331,18.711111111111112,0.0,3.848888888888889,11.9564,109.0298,9.455555555555556,11.856666666666666,2,9,51,5,1970-01-21 12:13:19.253333333,1970-01-21 12:14:01.926666666,Đông,,,
Khánh Hòa,Duyên hải Nam Trung Bộ,2026-02-26,22.85555555555555,26.244444444444444,20.91111111111111,26.266666666666666,29.733333333333334,23.62222222222222,11.033333333333331,11.033333333333331,0.0,12.555555555555555,88.22222222222223,11.788888888888888,33.32222222222222,13.887777777777778,1010.5888888888888,90.0,20.711111111111112,0.0,2.695555555555556,11.9564,109.0298,8.164444444444445,11.866666666666667,2,9,61,11,1970-01-21 12:14:45.613333333,1970-01-21 12:15:28.340000000,Đông,,,
Khánh Hòa,Duyên hải Nam Trung Bộ,2026-02-27,22.833333333333332,25.77777777777778,20.766666666666666,26.9,30.055555555555557,24.522222222222226,8.366666666666667,8.366666666666667,0.0,10.77777777777778,91.33333333333331,9.422222222222222,29.22222222222222,14.234444444444442,1009.5666666666668,79.33333333333333,21.22222222222222,0.0,2.703333333333333,11.9564,109.0298,8.01,11.876666666666669,2,9,63,64,1970-01-21 12:16:11.993333333,1970-01-21 12:16:54.753333333,Đông,,,
Khánh Hòa,Duyên hải Nam Trung Bộ,2026-02-28,23.51111111111111,28.666666666666668,19.266666666666666,27.333333333333332,33.18888888888889,22.322222222222223,0.7222222222222222,0.7222222222222222,0.0,2.6666666666666665,84.44444444444444,12.066666666666666,31.41111111111111,22.543333333333333,1009.311111111111,24.666666666666668,20.455555555555556,0.0,4.371111111111111,11.9564,109.0298,11.592222222222222,11.88888888888889,2,9,51,188,1970-01-21 12:17:38.353333333,1970-01-21 12:18:21.153333333,Đông,,,
Khánh Hòa,Duyên hải Nam Trung Bộ,2026-03-01,23.922222222222224,29.15555555555555,19.12222222222222,27.466666666666665,33.53333333333333,21.9,0.1888888888888888,0.1888888888888888,0.0,1.3333333333333333,80.44444444444444,11.566666666666666,30.322222222222223,23.037777777777777,1009.6,24.444444444444443,19.98888888888889,0.0,4.604444444444444,11.9564,109.0298,11.715555555555556,11.9,3,9,51,114,1970-01-21 12:19:04.733333333,1970-01-21 12:19:47.566666666,Xuân,,,
Khánh Hòa,Duyên hải Nam Trung Bộ,2026-03-02,24.38888888888889,29.77777777777778,19.87777777777778,28.22222222222222,34.666666666666664,22.733333333333334,0.1,0.1,0.0,0.7777777777777778,80.22222222222223,12.577777777777778,33.400000000000006,23.96666666666667,1010.7777777777778,35.77777777777778,20.48888888888889,0.0,4.7555555555555555,11.9564,109.0298,11.793333333333331,11.91,3,10,3,151,1970-01-21 12:20:31.093333333,1970-01-21 12:21:13.980000000,Xuân,,,
Khánh Hòa,Duyên hải Nam Trung Bộ,2026-03-03,24.6,29.666666666666668,20.577777777777776,28.72222222222222,34.36666666666667,24.166666666666668,0.5,0.5,0.0,3.4444444444444446,83.77777777777777,12.4,31.84444444444445,21.454444444444444,1011.2,54.666666666666664,21.344444444444445,0.0,4.2811111111111115,11.9564,109.0298,11.581111111111111,11.92,3,10,51,160,1970-01-21 12:21:57.473333333,1970-01-21 12:22:40.380000000,Xuân,,,
Khánh Hòa,Duyên hải Nam Trung Bộ,2026-03-04,24.64444444444445,29.944444444444443,20.933333333333337,27.944444444444443,33.63333333333333,24.288888888888888,0.4888888888888889,0.4888888888888889,0.0,2.3333333333333335,76.0,11.7,30.15555555555555,24.47222222222222,1011.8,53.77777777777778,19.41111111111111,0.0,4.988888888888889,11.9564,109.0298,11.8,11.931111111111113,3,10,51,8,1970-01-21 12:23:23.833333333,1970-01-21 12:24:06.786666666,Xuân,,,
Khánh Hòa,Duyên hải Nam Trung Bộ,2026-03-05,23.4,27.35555555555555,20.755555555555556,26.055555555555557,30.6,23.299999999999997,2.711111111111111,2.711111111111111,0.0,9.555555555555555,82.55555555555556,16.666666666666668,43.48888888888889,20.59888888888889,1011.8222222222222,42.666666666666664,20.01111111111111,0.0,4.0344444444444445,11.9564,109.0298,11.408888888888889,11.94111111111111,3,10,53,13,1970-01-21 12:24:50.213333333,1970-01-21 12:25:33.193333333,Xuân,,,
Khánh Hòa,Duyên hải Nam Trung Bộ,2026-03-06,23.022222222222226,25.955555555555556,20.733333333333334,25.14444444444445,28.38888888888889,22.933333333333337,4.733333333333333,4.733333333333333,0.0,10.333333333333334,82.88888888888889,17.933333333333334,47.44444444444444,19.513333333333335,1012.6444444444444,59.333333333333336,19.744444444444444,0.0,3.836666666666667,11.9564,109.0298,11.132222222222222,11.953333333333331,3,10,61,17,1970-01-21 12:26:16.566666666,1970-01-21 12:26:59.600000000,Xuân,,,
Khánh Hòa,Duyên hải Nam Trung Bộ,2026-03-07,22.799999999999997,26.666666666666668,19.977777777777774,24.077777777777776,27.87777777777778,21.288888888888888,1.2444444444444445,1.2444444444444445,0.0,5.333333333333333,77.44444444444444,22.333333333333332,56.166666666666664,22.27777777777778,1014.0111111111112,51.22222222222222,18.322222222222223,0.0,4.504444444444444,11.9564,109.0298,11.736666666666666,11.963333333333331,3,10,51,15,1970-01-21 12:27:42.946666666,1970-01-21 12:28:26.013333333,Xuân,,,
Khánh Hòa,Duyên hải Nam Trung Bộ,2026-03-08,22.744444444444444,27.566666666666663,18.433333333333337,23.844444444444445,28.799999999999997,19.22222222222222,0.2222222222222222,0.2222222222222222,0.0,1.2222222222222223,75.66666666666667,22.188888888888886,55.21111111111111,21.905555555555555,1013.5555555555557,26.555555555555557,17.87777777777778,0.0,4.575555555555556,11.9564,109.0298,11.845555555555556,11.973333333333334,3,10,51,12,1970-01-21 12:29:09.300000000,1970-01-21 12:29:52.413333333,Xuân,,,
Khánh Hòa,Duyên hải Nam Trung Bộ,2026-03-09,23.044444444444444,26.6,20.700000000000003,25.11111111111111,29.077777777777776,22.77777777777778,3.566666666666667,3.566666666666667,0.0,9.444444444444445,82.33333333333333,19.333333333333332,49.91111111111111,20.016666666666666,1014.2333333333332,52.22222222222222,19.688888888888886,0.0,3.94,11.9564,109.0298,11.534444444444444,11.986666666666666,3,11,51,17,1970-01-21 12:30:35.666666666,1970-01-21 12:31:18.820000000,Xuân,,,
Khánh Hòa,Duyên hải Nam Trung Bộ,2026-03-10,22.48888888888889,25.64444444444445,20.433333333333337,24.055555555555557,27.544444444444444,21.977777777777774,5.088888888888889,5.088888888888889,0.0,14.0,84.33333333333333,22.733333333333334,59.25555555555555,20.197777777777777,1015.2444444444444,60.111111111111114,19.5,0.0,3.802222222222222,11.9564,109.0298,11.273333333333332,12.0,3,11,51,12,1970-01-21 12:32:02.033333333,1970-01-21 12:32:45.226666666,Xuân,,,
Khánh Hòa,Duyên hải Nam Trung Bộ,2026-03-11,22.433333333333337,26.544444444444444,19.38888888888889,23.299999999999997,27.51111111111111,20.41111111111111,0.2,0.2,0.0,1.4444444444444444,76.0,22.455555555555556,56.25555555555556,22.793333333333333,1014.4555555555556,34.44444444444444,17.677777777777777,0.0,4.6433333333333335,11.9564,109.0298,11.848888888888888,12.01,3,11,3,13,1970-01-21 12:33:28.393333333,1970-01-21 12:34:11.633333333,Xuân,,,
Khánh Hòa,Duyên hải Nam Trung Bộ,2026-03-12,22.200000000000003,25.799999999999997,19.48888888888889,23.233333333333334,27.6,20.62222222222222,1.8444444444444448,1.8444444444444448,0.0,7.222222222222222,77.11111111111111,20.766666666666666,52.27777777777778,22.258888888888887,1014.0222222222224,55.333333333333336,17.744444444444444,0.0,4.438888888888889,11.9564,109.0298,11.737777777777778,12.02,3,11,53,16,1970-01-21 12:34:54.766666666,1970-01-21 12:35:38.040000000,Xuân,,,
Khánh Hòa,Duyên hải Nam Trung Bộ,2026-03-13,22.188888888888886,26.444444444444443,19.22222222222222,23.266666666666666,27.96666666666667,20.51111111111111,1.9555555555555555,1.9555555555555555,0.0,8.88888888888889,77.44444444444444,20.033333333333335,51.077777777777776,22.82888888888889,1014.4666666666668,53.666666666666664,17.700000000000003,0.0,4.602222222222222,11.9564,109.0298,10.997777777777776,12.03,3,11,51,13,1970-01-21 12:36:21.120000000,1970-01-21 12:37:04.440000000,Xuân,,,
Khánh Hòa,Duyên hải Nam Trung Bộ,2026-03-14,21.477777777777774,24.01111111111111,20.055555555555557,22.9,25.48888888888889,21.5,6.633333333333334,6.633333333333334,0.0,17.444444444444443,85.55555555555556,19.577777777777776,51.31111111111111,13.802222222222222,1015.5444444444444,83.44444444444444,18.799999999999997,0.0,2.768888888888889,11.9564,109.0298,6.54,12.04,3,11,53,12,1970-01-21 12:37:47.486666666,1970-01-21 12:38:30.840000000,Xuân,,,
Khánh Hòa,Duyên hải Nam Trung Bộ,2026-03-15,21.711111111111112,24.733333333333334,19.544444444444444,23.044444444444444,26.41111111111111,20.788888888888888,4.477777777777778,4.477777777777778,0.0,12.444444444444445,83.55555555555556,18.77777777777778,48.43333333333333,15.148888888888887,1015.8666666666666,81.0,18.61111111111111,0.0,3.0966666666666667,11.9564,109.0298,8.043333333333333,12.05,3,11,51,13,1970-01-21 12:39:13.853333333,1970-01-21 12:39:57.240000000,Xuân,,,
Khánh Hòa,Duyên hải Nam Trung Bộ,2026-03-16,22.288888888888888,26.12222222222222,19.566666666666663,23.822222222222223,28.12222222222222,21.4,2.0,2.0,0.0,9.22222222222222,80.11111111111111,18.533333333333335,47.27777777777778,21.23444444444444,1014.311111111111,52.22222222222222,18.37777777777778,0.0,4.1722222222222225,11.9564,109.0298,11.38,12.063333333333334,3,12,53,17,1970-01-21 12:40:40.213333333,1970-01-21 12:41:23.640000000,Xuân,,,
Khánh Hòa,Duyên hải Nam Trung Bộ,2026-03-17,22.48888888888889,27.633333333333333,18.422222222222224,24.055555555555557,29.833333333333332,19.799999999999997,0.0666666666666666,0.0666666666666666,0.0,0.6666666666666666,73.88888888888889,16.88888888888889,42.84444444444445,24.62666666666667,1013.8555555555556,17.666666666666668,17.12222222222222,0.0,4.953333333333333,11.9564,109.0298,11.852222222222222,12.08,3,12,2,8,1970-01-21 12:42:06.580000000,1970-01-21 12:42:50.040000000,Xuân,,,
Khánh Hòa,Duyên hải Nam Trung Bộ,2026-03-18,22.12222222222222,27.88888888888889,17.200000000000003,24.311111111111114,31.477777777777774,18.633333333333336,0.0333333333333333,0.0333333333333333,0.0,0.3333333333333333,76.66666666666667,12.744444444444444,34.077777777777776,25.982222222222223,1014.1444444444444,59.55555555555556,17.41111111111111,0.0,5.002222222222222,11.9564,109.0298,11.805555555555555,12.09,3,12,3,7,1970-01-21 12:43:32.940000000,1970-01-21 12:44:16.440000000,Xuân,,,
Khánh Hòa,Duyên hải Nam Trung Bộ,2026-03-19,22.655555555555555,28.444444444444443,17.61111111111111,25.044444444444444,31.733333333333334,19.333333333333332,0.0,0.0,0.0,0.0,76.55555555555556,13.211111111111112,34.47777777777778,24.916666666666668,1013.5,16.444444444444443,17.855555555555554,0.0,4.8966666666666665,11.9564,109.0298,11.775555555555554,12.1,3,12,3,14,1970-01-21 12:44:59.293333333,1970-01-21 12:45:42.846666666,Xuân,,,
Khánh Hòa,Duyên hải Nam Trung Bộ,2026-03-20,22.766666666666666,28.522222222222226,17.955555555555556,25.299999999999997,31.95555555555556,19.922222222222224,0.0,0.0,0.0,0.0,76.11111111111111,12.144444444444444,32.84444444444445,25.936666666666667,1013.4,39.111111111111114,17.788888888888888,0.0,5.07,11.9564,109.0298,11.855555555555554,12.11,3,12,3,13,1970-01-21 12:46:25.666666666,1970-01-21 12:47:09.253333333,Xuân,,,
Khánh Hòa,Duyên hải Nam Trung Bộ,2026-03-21,22.844444444444445,27.955555555555556,18.4,25.444444444444443,31.333333333333332,20.211111111111112,0.8111111111111112,0.8111111111111112,0.0,3.0,78.66666666666667,13.877777777777778,36.47777777777778,23.47888888888889,1013.9777777777776,26.555555555555557,18.58888888888889,0.0,4.555555555555555,11.9564,109.0298,11.821111111111112,12.12,3,12,3,23,1970-01-21 12:47:52.020000000,1970-01-21 12:48:35.653333333,Xuân,,,
Khánh Hòa,Duyên hải Nam Trung Bộ,2026-03-22,23.255555555555556,28.11111111111111,19.311111111111114,25.9,31.244444444444444,21.833333333333332,0.0555555555555555,0.0555555555555555,0.0,0.5555555555555556,79.22222222222223,13.38888888888889,35.47777777777778,24.4,1013.4888888888888,35.22222222222222,19.0,0.0,4.79111111111111,11.9564,109.0298,11.858888888888888,12.13,3,12,3,12,1970-01-21 12:49:18.393333333,1970-01-21 12:50:02.053333333,Xuân,,,
Khánh Hòa,Duyên hải Nam Trung Bộ,2026-03-23,23.133333333333333,28.433333333333337,19.266666666666666,25.711111111111112,31.64444444444445,21.544444444444444,0.1111111111111111,0.1111111111111111,0.0,1.0,78.0,13.377777777777778,34.75555555555556,25.024444444444445,1012.9666666666668,43.111111111111114,18.566666666666663,0.0,4.946666666666667,11.9564,109.0298,11.684444444444445,12.14,3,13,3,1,1970-01-21 12:50:44.753333333,1970-01-21 12:51:28.453333333,Xuân,,,
Khánh Hòa,Duyên hải Nam Trung Bộ,2026-03-24,22.85555555555555,28.77777777777778,17.8,25.422222222222224,32.8,19.311111111111114,0.0,0.0,0.0,0.0,75.0,11.522222222222222,31.444444444444443,26.465555555555554,1011.8222222222222,12.11111111111111,17.700000000000003,0.0,5.164444444444444,11.9564,109.0298,11.858888888888888,12.15,3,13,1,11,1970-01-21 12:52:11.113333333,1970-01-21 12:52:54.866666666,Xuân,,,
Khánh Hòa,Duyên hải Nam Trung Bộ,2026-03-25,23.37777777777778,29.5,17.977777777777778,26.044444444444444,33.51111111111111,19.422222222222224,0.0555555555555555,0.0555555555555555,0.0,0.5555555555555556,74.77777777777777,13.11111111111111,33.8,26.18,1011.8222222222222,15.77777777777778,18.055555555555557,0.0,5.205555555555556,11.9564,109.0298,11.86,12.163333333333334,3,13,3,22,1970-01-21 12:53:37.480000000,1970-01-21 12:54:21.266666666,Xuân,,,
Khánh Hòa,Duyên hải Nam Trung Bộ,2026-03-26,23.85555555555555,29.511111111111113,19.555555555555557,26.966666666666665,33.733333333333334,22.233333333333334,0.3888888888888889,0.3888888888888889,0.0,2.888888888888889,75.77777777777777,10.922222222222222,30.67777777777778,26.272222222222226,1011.8222222222222,24.22222222222222,18.72222222222222,0.0,5.203333333333333,11.9564,109.0298,11.717777777777776,12.176666666666668,3,13,3,21,1970-01-21 12:55:03.840000000,1970-01-21 12:55:47.666666666,Xuân,,,
Khánh Hòa,Duyên hải Nam Trung Bộ,2026-03-27,23.533333333333335,29.811111111111114,17.9,26.522222222222226,34.15555555555555,19.733333333333334,0.0,0.0,0.0,0.0,75.77777777777777,12.788888888888888,34.077777777777776,26.516666666666666,1011.3444444444444,19.11111111111111,18.51111111111111,0.0,5.27,11.9564,109.0298,11.816666666666666,12.19,3,13,3,80,1970-01-21 12:56:30.193333333,1970-01-21 12:57:14.073333333,Xuân,,,
Khánh Hòa,Duyên hải Nam Trung Bộ,2026-03-28,24.255555555555556,30.67777777777778,17.700000000000003,27.433333333333337,34.611111111111114,19.711111111111112,0.0111111111111111,0.0111111111111111,0.0,0.1111111111111111,75.33333333333333,12.877777777777778,35.27777777777778,26.28666666666667,1010.9,24.555555555555557,18.966666666666665,0.0,5.344444444444445,11.9564,109.0298,11.843333333333334,12.2,3,13,3,89,1970-01-21 12:57:56.566666666,1970-01-21 12:58:40.486666666,Xuân,,,
Khánh Hòa,Duyên hải Nam Trung Bộ,2026-03-29,24.566666666666663,31.14444444444445,18.566666666666663,27.9,35.22222222222222,20.6,0.0222222222222222,0.0222222222222222,0.0,0.2222222222222222,76.11111111111111,13.6,35.87777777777777,25.76888888888889,1011.2,56.22222222222222,19.41111111111111,0.0,5.292222222222223,11.9564,109.0298,11.86111111111111,12.21,3,13,3,100,1970-01-21 12:59:22.920000000,1970-01-21 13:00:06.886666666,Xuân,,,
Khánh Hòa,Duyên hải Nam Trung Bộ,2026-03-30,24.755555555555556,30.633333333333333,20.22222222222222,28.211111111111112,34.65555555555555,23.166666666666668,0.0111111111111111,0.0111111111111111,0.0,0.1111111111111111,75.44444444444444,12.81111111111111,34.388888888888886,26.01,1011.9,35.666666666666664,19.51111111111111,0.0,5.312222222222222,11.9564,109.0298,11.791111111111112,12.22,3,14,3,132,1970-01-21 13:00:49.293333333,1970-01-21 13:01:33.286666666,Xuân,,,
Khánh Hòa,Duyên hải Nam Trung Bộ,2026-03-31,24.633333333333333,31.833333333333332,18.38888888888889,27.166666666666668,34.733333333333334,20.733333333333334,0.0,0.0,0.0,0.0,69.11111111111111,13.933333333333332,35.58888888888889,27.104444444444443,1011.9,50.77777777777778,17.311111111111114,0.0,5.72,11.9564,109.0298,11.86111111111111,12.23,3,14,3,141,1970-01-21 13:02:15.653333333,1970-01-21 13:02:59.686666666,Xuân,,,
Khánh Hòa,Duyên hải Nam Trung Bộ,2026-04-01,24.744444444444444,31.244444444444444,19.866666666666667,27.700000000000003,35.0,21.766666666666666,0.0,0.0,0.0,0.0,70.11111111111111,13.344444444444443,34.96666666666667,26.752222222222223,1011.8666666666666,31.666666666666668,18.22222222222222,0.0,5.502222222222222,11.9564,109.0298,11.862222222222222,12.241111111111111,4,14,3,148,1970-01-21 13:03:42.006666666,1970-01-21 13:04:26.086666666,Xuân,,,
Khánh Hòa,Duyên hải Nam Trung Bộ,2026-04-02,24.177777777777777,30.333333333333332,19.022222222222226,26.955555555555556,33.900000000000006,21.022222222222226,0.0,0.0,0.0,0.0,70.77777777777777,12.22222222222222,33.24444444444444,26.29111111111111,1012.7888888888888,14.555555555555555,17.866666666666664,0.0,5.355555555555556,11.9564,109.0298,11.862222222222222,12.253333333333334,4,14,3,36,1970-01-21 13:05:08.373333333,1970-01-21 13:05:52.486666666,Xuân,,,
Khánh Hòa,Duyên hải Nam Trung Bộ,2026-04-03,23.799999999999997,30.877777777777776,16.666666666666668,25.77777777777778,33.855555555555554,17.977777777777778,0.0,0.0,0.0,0.0,67.66666666666667,14.011111111111113,35.87777777777777,27.435555555555553,1011.3222222222222,12.555555555555555,16.533333333333335,0.0,5.7588888888888885,11.9564,109.0298,11.863333333333332,12.263333333333334,4,14,3,125,1970-01-21 13:06:34.740000000,1970-01-21 13:07:18.886666666,Xuân,,,
Khánh Hòa,Duyên hải Nam Trung Bộ,2026-04-04,25.5,32.56666666666667,19.422222222222224,28.444444444444443,36.111111111111114,21.788888888888888,0.0,0.0,0.0,0.0,71.55555555555556,15.333333333333334,38.55555555555556,25.99,1009.1333333333334,47.888888888888886,19.188888888888886,0.0,5.634444444444444,11.9564,109.0298,11.863333333333332,12.276666666666666,4,14,3,198,1970-01-21 13:08:01.086666666,1970-01-21 13:08:45.293333333,Xuân,,,
Khánh Hòa,Duyên hải Nam Trung Bộ,2026-04-05,26.133333333333333,32.86666666666667,21.12222222222222,29.56666666666667,36.87777777777777,24.444444444444443,0.0888888888888888,0.0888888888888888,0.0,0.5555555555555556,73.66666666666667,15.988888888888887,39.75555555555556,25.62777777777778,1008.7777777777778,23.77777777777778,20.4,0.0,5.584444444444444,11.9564,109.0298,11.863333333333332,12.286666666666669,4,14,3,106,1970-01-21 13:09:27.453333333,1970-01-21 13:10:11.693333333,Xuân,,,
Khánh Hòa,Duyên hải Nam Trung Bộ,2026-04-06,26.255555555555556,32.94444444444444,21.4,29.4,36.34444444444445,24.655555555555555,0.0222222222222222,0.0222222222222222,0.0,0.1111111111111111,72.66666666666667,16.933333333333334,41.94444444444444,26.54111111111111,1009.9111111111112,12.22222222222222,20.155555555555555,0.0,5.857777777777778,11.9564,109.0298,11.864444444444445,12.296666666666669,4,15,3,93,1970-01-21 13:10:53.820000000,1970-01-21 13:11:38.093333333,Xuân,,,
Khánh Hòa,Duyên hải Nam Trung Bộ,2026-04-07,26.700000000000003,33.599999999999994,21.62222222222222,30.4,37.666666666666664,25.055555555555557,0.2111111111111111,0.2111111111111111,0.0,1.0,73.88888888888889,15.91111111111111,40.04444444444445,25.51555555555556,1010.2777777777778,35.666666666666664,20.9,0.0,5.596666666666667,11.9564,109.0298,11.865555555555554,12.30888888888889,4,15,3,122,1970-01-21 13:12:20.180000000,1970-01-21 13:13:04.493333333,Xuân,,,
Khánh Hòa,Duyên hải Nam Trung Bộ,2026-04-08,26.166666666666668,32.422222222222224,22.044444444444444,30.255555555555556,36.96666666666667,25.833333333333332,0.1777777777777777,0.1777777777777777,0.0,1.4444444444444444,78.22222222222223,15.433333333333334,38.51111111111111,25.348888888888887,1011.3444444444444,29.77777777777778,21.51111111111111,0.0,5.316666666666666,11.9564,109.0298,11.833333333333334,12.318888888888887,4,15,3,147,1970-01-21 13:13:46.546666666,1970-01-21 13:14:30.893333333,Xuân,,,
Khánh Hòa,Duyên hải Nam Trung Bộ,2026-04-09,25.666666666666668,31.67777777777778,21.62222222222222,28.766666666666666,34.81111111111111,25.12222222222222,0.0888888888888888,0.0888888888888888,0.0,0.8888888888888888,72.22222222222223,15.633333333333333,39.36666666666667,27.003333333333337,1011.9777777777776,22.666666666666668,19.5,0.0,5.800000000000001,11.9564,109.0298,11.813333333333333,12.33,4,15,3,113,1970-01-21 13:15:12.906666666,1970-01-21 13:15:57.293333333,Xuân,,,
Khánh Hòa,Duyên hải Nam Trung Bộ,2026-04-10,26.055555555555557,32.666666666666664,20.6,29.27777777777778,36.7,23.58888888888889,0.1,0.1,0.0,0.6666666666666666,71.0,14.52222222222222,36.5,25.52111111111111,1011.5333333333332,13.22222222222222,19.711111111111112,0.0,5.617777777777778,11.9564,109.0298,11.877777777777778,12.341111111111111,4,15,1,113,1970-01-21 13:16:39.273333333,1970-01-21 13:17:23.700000000,Xuân,,,
Khánh Hòa,Duyên hải Nam Trung Bộ,2026-04-11,26.255555555555556,32.63333333333333,21.533333333333335,29.522222222222226,36.44444444444444,24.677777777777777,0.1333333333333333,0.1333333333333333,0.0,0.8888888888888888,72.66666666666667,17.366666666666667,42.67777777777778,25.008888888888887,1010.2888888888888,10.11111111111111,20.38888888888889,0.0,5.52,11.9564,109.0298,11.876666666666669,12.353333333333332,4,15,51,97,1970-01-21 13:18:05.640000000,1970-01-21 13:18:50.100000000,Xuân,,,
Khánh Hòa,Duyên hải Nam Trung Bộ,2026-04-12,26.188888888888886,31.666666666666668,21.544444444444444,30.011111111111113,36.144444444444446,25.366666666666664,0.5111111111111111,0.5111111111111111,0.0,2.3333333333333335,76.77777777777777,15.622222222222222,39.44444444444444,24.755555555555553,1009.6777777777778,15.444444444444445,21.299999999999997,0.0,5.32,11.9564,109.0298,11.872222222222222,12.363333333333332,4,15,51,161,1970-01-21 13:19:32.013333333,1970-01-21 13:20:16.506666666,Xuân,,,
Khánh Hòa,Duyên hải Nam Trung Bộ,2026-04-13,26.4,31.4,22.85555555555555,30.366666666666667,35.955555555555556,27.066666666666663,0.3333333333333333,0.3333333333333333,0.0,2.2222222222222223,77.33333333333333,16.1,39.333333333333336,23.806666666666665,1010.7666666666668,22.555555555555557,21.744444444444444,0.0,5.142222222222222,11.9564,109.0298,11.818888888888887,12.373333333333331,4,16,51,95,1970-01-21 13:20:58.380000000,1970-01-21 13:21:42.906666666,Xuân,,,
Khánh Hòa,Duyên hải Nam Trung Bộ,2026-04-14,26.022222222222226,31.15555555555555,22.077777777777776,30.06666666666667,36.21111111111111,26.211111111111112,0.1333333333333333,0.1333333333333333,0.0,0.7777777777777778,76.77777777777777,13.766666666666667,34.93333333333333,25.327777777777776,1010.7888888888888,10.666666666666666,21.211111111111112,0.0,5.3133333333333335,11.9564,109.0298,11.874444444444444,12.383333333333333,4,16,2,82,1970-01-21 13:22:24.740000000,1970-01-21 13:23:09.313333333,Xuân,,,
Khánh Hòa,Duyên hải Nam Trung Bộ,2026-04-15,25.72222222222222,31.444444444444443,20.666666666666668,29.45555555555556,35.84444444444445,24.033333333333335,0.0777777777777777,0.0777777777777777,0.0,0.6666666666666666,76.22222222222223,15.177777777777775,38.166666666666664,25.385555555555555,1009.9,20.666666666666668,20.744444444444444,0.0,5.3533333333333335,11.9564,109.0298,11.881111111111112,12.393333333333334,4,16,2,106,1970-01-21 13:23:51.120000000,1970-01-21 13:24:35.720000000,Xuân,,,
Khánh Hòa,Duyên hải Nam Trung Bộ,2026-04-16,25.85555555555555,31.511111111111113,21.433333333333337,29.533333333333335,35.81111111111111,24.77777777777778,0.1222222222222222,0.1222222222222222,0.0,1.0,75.11111111111111,14.744444444444444,37.44444444444444,24.76888888888889,1010.3333333333334,30.555555555555557,20.633333333333333,0.0,5.25,11.9564,109.0298,11.875555555555556,12.403333333333332,4,16,3,149,1970-01-21 13:25:17.466666666,1970-01-21 13:26:02.140000000,Xuân,,,
Khánh Hòa,Duyên hải Nam Trung Bộ,2026-04-17,25.38888888888889,31.922222222222224,19.655555555555555,28.85555555555555,35.48888888888889,22.5,0.0,0.0,0.0,0.0,73.88888888888889,14.711111111111112,37.833333333333336,26.556666666666665,1010.922222222222,45.22222222222222,19.677777777777777,0.0,5.536666666666666,11.9564,109.0298,11.88888888888889,12.416666666666666,4,16,3,86,1970-01-21 13:26:43.833333333,1970-01-21 13:27:28.540000000,Xuân,,,
Khánh Hòa,Duyên hải Nam Trung Bộ,2026-04-18,25.27777777777778,30.522222222222226,20.566666666666663,29.15555555555555,34.94444444444444,24.066666666666663,0.9555555555555556,0.9555555555555556,0.0,6.111111111111111,77.44444444444444,12.744444444444444,34.91111111111111,23.744444444444444,1011.0555555555557,49.0,20.566666666666663,0.0,4.858888888888888,11.9564,109.0298,11.45,12.426666666666668,4,16,51,93,1970-01-21 13:28:10.206666666,1970-01-21 13:28:54.940000000,Xuân,,,
Khánh Hòa,Duyên hải Nam Trung Bộ,2026-04-19,25.266666666666666,30.56666666666667,21.233333333333334,28.4,33.56666666666667,24.88888888888889,0.1222222222222222,0.1222222222222222,0.0,1.0,71.11111111111111,12.955555555555556,35.2,25.73111111111111,1011.2555555555556,28.22222222222222,18.966666666666665,0.0,5.336666666666667,11.9564,109.0298,11.89,12.436666666666666,4,16,3,47,1970-01-21 13:29:36.573333333,1970-01-21 13:30:21.346666666,Xuân,,,
Khánh Hòa,Duyên hải Nam Trung Bộ,2026-04-20,24.51111111111111,30.1,19.922222222222224,27.322222222222223,33.388888888888886,22.866666666666667,0.0,0.0,0.0,0.0,70.44444444444444,13.433333333333334,35.733333333333334,26.344444444444445,1011.5,15.22222222222222,18.255555555555556,0.0,5.3933333333333335,11.9564,109.0298,11.898888888888887,12.446666666666664,4,17,3,92,1970-01-21 13:31:02.946666666,1970-01-21 13:31:47.753333333,Xuân,,,
Khánh Hòa,Duyên hải Nam Trung Bộ,2026-04-21,24.72222222222222,30.71111111111111,19.700000000000003,27.37777777777778,34.06666666666667,22.1,0.0,0.0,0.0,0.0,68.66666666666667,13.544444444444444,35.48888888888889,26.507777777777775,1010.6222222222224,9.666666666666666,18.01111111111111,0.0,5.481111111111111,11.9564,109.0298,11.987777777777778,12.456666666666669,4,17,2,95,1970-01-21 13:32:29.313333333,1970-01-21 13:33:14.153333333,Xuân,,,
Khánh Hòa,Duyên hải Nam Trung Bộ,2026-04-22,25.155555555555555,30.622222222222224,20.22222222222222,28.233333333333334,34.41111111111111,22.766666666666666,0.0555555555555555,0.0555555555555555,0.0,0.2222222222222222,73.11111111111111,16.01111111111111,40.577777777777776,24.177777777777777,1009.9666666666668,20.22222222222222,19.555555555555557,0.0,5.102222222222222,11.9564,109.0298,11.985555555555557,12.466666666666669,4,17,3,174,1970-01-21 13:33:55.686666666,1970-01-21 13:34:40.553333333,Xuân,,,
Khánh Hòa,Duyên hải Nam Trung Bộ,2026-04-23,26.200000000000003,31.41111111111111,21.766666666666666,29.511111111111113,35.15555555555555,25.43333333333333,0.1444444444444444,0.1444444444444444,0.0,1.0,73.22222222222223,16.955555555555556,41.56666666666667,23.651111111111113,1009.0222222222224,28.666666666666668,20.522222222222226,0.0,5.231111111111111,11.9564,109.0298,11.86111111111111,12.476666666666668,4,17,2,107,1970-01-21 13:35:22.053333333,1970-01-21 13:36:06.966666666,Xuân,,,
Khánh Hòa,Duyên hải Nam Trung Bộ,2026-04-24,26.066666666666663,30.733333333333334,21.98888888888889,30.15555555555555,35.388888888888886,25.833333333333332,1.6333333333333333,1.6333333333333333,0.0,5.222222222222222,77.11111111111111,13.11111111111111,35.06666666666667,23.20888888888889,1010.2333333333332,68.44444444444444,21.37777777777778,0.0,4.87,11.9564,109.0298,11.362222222222222,12.486666666666666,4,17,53,101,1970-01-21 13:36:48.426666666,1970-01-21 13:37:33.366666666,Xuân,,,
Khánh Hòa,Duyên hải Nam Trung Bộ,2026-04-25,25.477777777777774,29.56666666666667,22.1,29.311111111111114,33.93333333333333,26.166666666666668,1.7555555555555555,1.7555555555555555,0.0,6.777777777777778,79.0,13.244444444444444,35.388888888888886,23.235555555555557,1012.4,54.333333333333336,21.266666666666666,0.0,4.803333333333334,11.9564,109.0298,11.767777777777775,12.496666666666666,4,17,51,27,1970-01-21 13:38:14.793333333,1970-01-21 13:38:59.773333333,Xuân,,,
Khánh Hòa,Duyên hải Nam Trung Bộ,2026-04-26,25.46666666666667,30.744444444444444,20.688888888888886,28.688888888888886,34.68888888888889,23.422222222222224,0.0,0.0,0.0,0.0,73.22222222222223,13.622222222222222,36.51111111111111,26.02111111111111,1011.8555555555556,75.66666666666667,19.666666666666668,0.0,5.441111111111111,11.9564,109.0298,11.97,12.506666666666668,4,17,3,10,1970-01-21 13:39:41.166666666,1970-01-21 13:40:26.200000000,Xuân,,,
Khánh Hòa,Duyên hải Nam Trung Bộ,2026-04-27,26.022222222222226,30.77777777777778,21.85555555555555,30.14444444444445,35.544444444444444,25.58888888888889,0.3888888888888889,0.3888888888888889,0.0,2.6666666666666665,75.77777777777777,10.255555555555556,29.966666666666665,24.802222222222223,1010.7555555555556,47.55555555555556,20.955555555555556,0.0,5.144444444444444,11.9564,109.0298,11.93,12.516666666666666,4,18,51,27,1970-01-21 13:41:07.533333333,1970-01-21 13:41:52.600000000,Xuân,,,
Khánh Hòa,Duyên hải Nam Trung Bộ,2026-04-28,26.0,30.666666666666668,22.922222222222224,30.511111111111113,35.044444444444444,27.577777777777776,3.0999999999999996,3.0999999999999996,0.0,5.333333333333333,79.77777777777777,10.18888888888889,29.64444444444445,19.316666666666663,1010.7111111111112,78.88888888888889,21.9,0.0,4.051111111111111,11.9564,109.0298,10.284444444444444,12.526666666666666,4,18,53,108,1970-01-21 13:42:33.913333333,1970-01-21 13:43:19.013333333,Xuân,,,
Khánh Hòa,Duyên hải Nam Trung Bộ,2026-04-29,26.133333333333333,30.67777777777778,22.27777777777778,30.61111111111111,35.63333333333333,26.48888888888889,2.933333333333333,2.933333333333333,0.0,2.6666666666666665,78.66666666666667,10.677777777777775,30.477777777777774,21.75111111111111,1011.0444444444444,72.66666666666667,21.766666666666666,0.0,4.575555555555556,11.9564,109.0298,11.427777777777775,12.536666666666669,4,18,3,53,1970-01-21 13:44:00.286666666,1970-01-21 13:44:45.413333333,Xuân,,,
Khánh Hòa,Duyên hải Nam Trung Bộ,2026-04-30,25.88888888888889,30.0,22.433333333333337,29.666666666666668,34.15555555555555,26.41111111111111,1.1444444444444446,1.1444444444444446,0.0,4.888888888888889,78.77777777777777,16.41111111111111,42.48888888888889,24.66888888888889,1012.2111111111112,30.0,21.577777777777776,0.0,5.108888888888889,11.9564,109.0298,12.07222222222222,12.546666666666669,4,18,51,19,1970-01-21 13:45:26.653333333,1970-01-21 13:46:11.820000000,Xuân,,,
Khánh Hòa,Duyên hải Nam Trung Bộ,2026-05-01,25.766666666666666,30.477777777777774,21.85555555555555,29.033333333333335,34.422222222222224,24.433333333333337,1.0555555555555556,1.0555555555555556,0.0,4.333333333333333,75.33333333333333,16.666666666666668,43.32222222222222,24.691111111111113,1011.9666666666668,50.666666666666664,20.72222222222222,0.0,5.214444444444444,11.9564,109.0298,11.988888888888887,12.555555555555555,5,18,51,18,1970-01-21 13:46:53.046666666,1970-01-21 13:47:38.226666666,Xuân,,,
Khánh Hòa,Duyên hải Nam Trung Bộ,2026-05-02,26.0,30.71111111111111,22.322222222222223,30.022222222222226,35.544444444444444,26.11111111111111,0.6888888888888888,0.6888888888888888,0.0,4.333333333333333,77.77777777777777,13.044444444444444,34.63333333333333,23.73,1010.9555555555556,94.22222222222224,21.477777777777774,0.0,4.970000000000001,11.9564,109.0298,11.834444444444443,12.562222222222225,5,18,51,16,1970-01-21 13:48:19.413333333,1970-01-21 13:49:04.640000000,Xuân,,,
Khánh Hòa,Duyên hải Nam Trung Bộ,2026-05-03,26.266666666666666,31.21111111111111,21.844444444444445,30.666666666666668,36.53333333333333,25.200000000000003,0.8444444444444444,0.8444444444444444,0.0,4.333333333333333,77.44444444444444,10.933333333333334,30.61111111111111,24.08,1010.7666666666668,75.77777777777777,21.64444444444445,0.0,4.995555555555556,11.9564,109.0298,11.975555555555555,12.572222222222225,5,18,51,34,1970-01-21 13:49:45.793333333,1970-01-21 13:50:31.060000000,Xuân,,,
Khánh Hòa,Duyên hải Nam Trung Bộ,2026-05-04,26.322222222222223,30.95555555555556,22.655555555555555,30.200000000000003,34.855555555555554,26.9,1.0777777777777775,1.0777777777777775,0.0,6.333333333333333,76.66666666666667,15.11111111111111,39.67777777777778,24.31222222222222,1012.1333333333334,90.55555555555556,21.4,0.0,5.2155555555555555,11.9564,109.0298,11.727777777777778,12.58,5,19,51,23,1970-01-21 13:51:12.173333333,1970-01-21 13:51:57.460000000,Xuân,,,
Khánh Hòa,Duyên hải Nam Trung Bộ,2026-05-05,25.38888888888889,29.700000000000003,22.677777777777777,29.04444444444444,34.13333333333333,26.01111111111111,5.511111111111111,5.511111111111111,0.0,10.11111111111111,80.55555555555556,15.344444444444443,40.06666666666667,21.783333333333335,1011.4,83.22222222222223,21.522222222222226,0.0,4.467777777777778,11.9564,109.0298,11.241111111111111,12.59,5,19,63,8,1970-01-21 13:52:38.553333333,1970-01-21 13:53:23.873333333,Xuân,,,
Khánh Hòa,Duyên hải Nam Trung Bộ,2026-05-06,26.0,30.21111111111111,22.555555555555557,30.011111111111113,34.766666666666666,26.366666666666667,0.3666666666666666,0.3666666666666666,0.0,2.5555555555555554,77.66666666666667,11.022222222222222,30.27777777777778,21.424444444444443,1010.6777777777778,93.44444444444444,21.5,0.0,4.523333333333333,11.9564,109.0298,10.68888888888889,12.6,5,19,51,8,1970-01-21 13:54:04.933333333,1970-01-21 13:54:50.280000000,Xuân,,,
Khánh Hòa,Duyên hải Nam Trung Bộ,2026-05-07,26.333333333333332,31.255555555555556,22.366666666666667,30.5,35.98888888888889,26.522222222222226,0.5111111111111111,0.5111111111111111,0.0,4.0,76.77777777777777,12.544444444444444,33.58888888888889,24.406666666666663,1010.077777777778,62.111111111111114,21.477777777777774,0.0,5.117777777777778,11.9564,109.0298,12.002222222222224,12.61,5,19,51,32,1970-01-21 13:55:31.313333333,1970-01-21 13:56:16.686666666,Xuân,,,
Khánh Hòa,Duyên hải Nam Trung Bộ,2026-05-08,26.12222222222222,31.1,21.755555555555556,29.700000000000003,35.233333333333334,25.51111111111111,0.1666666666666666,0.1666666666666666,0.0,0.7777777777777778,74.88888888888889,14.77777777777778,38.55555555555556,25.533333333333335,1010.8888888888888,60.44444444444444,20.766666666666666,0.0,5.463333333333334,11.9564,109.0298,12.151111111111112,12.617777777777778,5,19,3,16,1970-01-21 13:56:57.693333333,1970-01-21 13:57:43.120000000,Xuân,,,
Khánh Hòa,Duyên hải Nam Trung Bộ,2026-05-09,26.066666666666663,30.91111111111111,22.444444444444443,29.22222222222222,34.65555555555555,25.266666666666666,1.7444444444444445,1.7444444444444445,0.0,7.222222222222222,74.22222222222223,17.799999999999997,45.67777777777778,24.245555555555555,1011.4444444444443,76.55555555555556,20.788888888888888,0.0,5.234444444444445,11.9564,109.0298,12.23,12.626666666666669,5,19,51,11,1970-01-21 13:58:24.073333333,1970-01-21 13:59:09.520000000,Xuân,,,
Khánh Hòa,Duyên hải Nam Trung Bộ,2026-05-10,26.244444444444444,30.522222222222226,22.922222222222224,29.633333333333333,34.43333333333333,26.288888888888888,1.6,1.6,0.0,8.0,76.33333333333333,17.0,43.577777777777776,24.212222222222223,1011.188888888889,48.111111111111114,21.422222222222224,0.0,5.196666666666666,11.9564,109.0298,12.186666666666666,12.632222222222222,5,19,51,15,1970-01-21 13:59:50.453333333,1970-01-21 14:00:35.933333333,Xuân,,,
Khánh Hòa,Duyên hải Nam Trung Bộ,2026-05-11,26.177777777777777,30.522222222222226,22.58888888888889,30.033333333333335,35.266666666666666,26.166666666666668,1.0111111111111113,1.0111111111111113,0.0,6.111111111111111,78.0,13.633333333333333,36.388888888888886,23.962222222222223,1011.3666666666666,78.11111111111111,21.677777777777777,0.0,5.04111111111111,11.9564,109.0298,12.158888888888889,12.64,5,20,51,22,1970-01-21 14:01:16.840000000,1970-01-21 14:02:02.346666666,Xuân,,,
Khánh Hòa,Duyên hải Nam Trung Bộ,2026-05-12,26.766666666666666,31.433333333333337,22.58888888888889,31.15555555555556,36.37777777777777,26.688888888888886,0.588888888888889,0.588888888888889,0.0,2.4444444444444446,75.88888888888889,10.61111111111111,30.54444444444444,25.03,1009.8777777777776,78.0,21.677777777777777,0.0,5.221111111111111,11.9564,109.0298,12.184444444444445,12.65,5,20,51,26,1970-01-21 14:02:43.213333333,1970-01-21 14:03:28.766666666,Xuân,,,
Khánh Hòa,Duyên hải Nam Trung Bộ,2026-05-13,27.177777777777777,31.64444444444445,23.955555555555556,31.88888888888889,37.21111111111111,28.9,1.7333333333333334,1.7333333333333334,0.0,3.5555555555555554,76.77777777777777,11.38888888888889,31.133333333333333,23.927777777777777,1008.6,82.77777777777777,22.41111111111111,0.0,5.101111111111111,11.9564,109.0298,12.035555555555556,12.66,5,20,51,159,1970-01-21 14:04:09.613333333,1970-01-21 14:04:55.180000000,Xuân,,,
Khánh Hòa,Duyên hải Nam Trung Bộ,2026-05-14,27.477777777777774,32.577777777777776,23.37777777777778,32.211111111111116,37.87777777777777,27.822222222222223,3.1888888888888887,3.1888888888888887,0.0,5.222222222222222,76.66666666666667,13.38888888888889,33.84444444444445,23.531111111111112,1007.8444444444444,89.88888888888889,22.62222222222222,0.0,5.105555555555555,11.9564,109.0298,12.174444444444443,12.666666666666666,5,20,51,57,1970-01-21 14:05:35.993333333,1970-01-21 14:06:21.593333333,Xuân,,,
Khánh Hòa,Duyên hải Nam Trung Bộ,2026-05-15,27.788888888888888,33.75555555555556,23.755555555555556,33.0,39.65555555555555,28.466666666666665,5.9,5.9,0.0,7.222222222222222,77.88888888888889,12.788888888888888,33.72222222222222,23.86111111111111,1007.6777777777778,81.44444444444444,23.2,0.0,5.166666666666667,11.9564,109.0298,12.02,12.676666666666668,5,20,63,201,1970-01-21 14:07:02.380000000,1970-01-21 14:07:48.000000000,Xuân,,,
Khánh Hòa,Duyên hải Nam Trung Bộ,2026-05-16,27.08888888888889,32.15555555555555,23.533333333333335,32.0,36.8,28.188888888888886,6.333333333333333,6.333333333333333,0.0,6.555555555555555,80.22222222222223,11.366666666666667,30.71111111111111,16.984444444444446,1008.0666666666668,99.11111111111111,23.022222222222226,0.0,3.81,11.9564,109.0298,7.978888888888889,12.68,5,20,63,134,1970-01-21 14:08:28.760000000,1970-01-21 14:09:14.413333333,Xuân,,,
Khánh Hòa,Duyên hải Nam Trung Bộ,2026-05-17,26.455555555555556,31.41111111111111,23.211111111111112,31.511111111111113,36.87777777777777,27.688888888888886,13.733333333333334,13.733333333333334,0.0,12.11111111111111,83.44444444444444,12.333333333333334,32.5,21.10666666666667,1008.1555555555556,94.55555555555556,23.12222222222222,0.0,4.426666666666667,11.9564,109.0298,10.35888888888889,12.69,5,20,63,133,1970-01-21 14:09:55.153333333,1970-01-21 14:10:40.840000000,Xuân,,,
Khánh Hòa,Duyên hải Nam Trung Bộ,2026-05-18,26.433333333333337,31.11111111111111,24.1,31.17777777777778,35.922222222222224,28.88888888888889,6.477777777777778,6.477777777777778,0.0,9.0,82.44444444444444,15.77777777777778,41.166666666666664,21.362222222222226,1008.3777777777776,94.88888888888889,22.922222222222224,0.0,4.502222222222222,11.9564,109.0298,10.253333333333334,12.696666666666664,5,21,61,138,1970-01-21 14:11:21.546666666,1970-01-21 14:12:07.246666666,Xuân,,,
Khánh Hòa,Duyên hải Nam Trung Bộ,2026-05-19,26.688888888888886,31.522222222222226,23.677777777777777,31.15555555555555,35.855555555555554,28.4,3.9,3.9,0.0,7.111111111111111,80.44444444444444,16.655555555555555,43.27777777777778,21.378888888888888,1007.9555555555556,85.77777777777777,22.72222222222222,0.0,4.6433333333333335,11.9564,109.0298,10.983333333333333,12.70111111111111,5,21,53,167,1970-01-21 14:12:47.933333333,1970-01-21 14:13:33.660000000,Xuân,,,
Khánh Hòa,Duyên hải Nam Trung Bộ,2026-05-20,26.799999999999997,30.64444444444445,23.91111111111111,31.077777777777776,35.43333333333333,28.12222222222222,2.688888888888889,2.688888888888889,0.0,8.555555555555555,79.88888888888889,16.788888888888888,43.077777777777776,22.741111111111113,1008.2555555555556,85.55555555555556,22.766666666666666,0.0,4.881111111111111,11.9564,109.0298,11.95,12.71,5,21,53,153,1970-01-21 14:14:14.320000000,1970-01-21 14:15:00.073333333,Xuân,,,
Khánh Hòa,Duyên hải Nam Trung Bộ,2026-05-21,27.066666666666663,31.744444444444444,23.64444444444445,31.477777777777774,36.355555555555554,28.244444444444444,2.8333333333333335,2.8333333333333335,0.0,8.555555555555555,77.88888888888889,16.244444444444444,42.644444444444446,24.065555555555555,1010.3,42.0,22.51111111111111,0.0,5.204444444444444,11.9564,109.0298,12.20111111111111,12.71888888888889,5,21,51,169,1970-01-21 14:15:40.713333333,1970-01-21 14:16:26.500000000,Xuân,,,
Khánh Hòa,Duyên hải Nam Trung Bộ,2026-05-22,27.055555555555557,31.744444444444444,22.85555555555555,31.622222222222224,36.93333333333333,26.91111111111111,2.711111111111111,2.711111111111111,0.0,5.333333333333333,76.33333333333333,12.022222222222222,32.62222222222223,24.88444444444444,1011.5888888888888,85.0,22.166666666666668,0.0,5.303333333333334,11.9564,109.0298,12.36888888888889,12.721111111111112,5,21,61,178,1970-01-21 14:17:07.093333333,1970-01-21 14:17:52.906666666,Xuân,,,
Khánh Hòa,Duyên hải Nam Trung Bộ,2026-05-23,27.4,32.922222222222224,23.11111111111111,32.28888888888889,38.5,27.67777777777778,2.2444444444444445,2.2444444444444445,0.0,5.444444444444445,76.66666666666667,12.377777777777778,32.922222222222224,24.950000000000003,1011.5444444444444,78.33333333333333,22.466666666666665,0.0,5.368888888888889,11.9564,109.0298,12.31111111111111,12.73,5,21,61,13,1970-01-21 14:18:33.493333333,1970-01-21 14:19:19.320000000,Xuân,,,
Khánh Hòa,Duyên hải Nam Trung Bộ,2026-05-24,28.166666666666668,33.58888888888889,23.666666666666668,32.84444444444445,38.97777777777778,28.22222222222222,1.1555555555555557,1.1555555555555557,0.0,2.2222222222222223,72.77777777777777,13.622222222222222,34.58888888888889,24.993333333333332,1011.4888888888888,95.33333333333331,22.35555555555555,0.0,5.614444444444445,11.9564,109.0298,12.128888888888888,12.736666666666666,5,21,3,89,1970-01-21 14:19:59.893333333,1970-01-21 14:20:45.746666666,Xuân,,,
Khánh Hòa,Duyên hải Nam Trung Bộ,2026-05-25,28.188888888888886,33.71111111111111,24.18888888888889,33.099999999999994,39.25555555555556,28.799999999999997,2.4444444444444446,2.4444444444444446,0.0,4.666666666666667,73.33333333333333,12.5,31.91111111111111,24.80333333333333,1010.3222222222222,61.333333333333336,22.48888888888889,0.0,5.411111111111111,11.9564,109.0298,12.343333333333334,12.74,5,22,61,119,1970-01-21 14:21:26.293333333,1970-01-21 14:22:12.160000000,Xuân,,,
Khánh Hòa,Duyên hải Nam Trung Bộ,2026-05-26,28.055555555555557,33.888888888888886,23.344444444444445,32.73333333333333,39.266666666666666,27.22222222222222,1.788888888888889,1.788888888888889,0.0,4.555555555555555,72.11111111111111,11.066666666666668,30.77777777777778,24.056666666666665,1009.2111111111112,80.22222222222223,21.98888888888889,0.0,5.277777777777778,11.9564,109.0298,12.04888888888889,12.748888888888889,5,22,51,112,1970-01-21 14:22:52.693333333,1970-01-21 14:23:38.573333333,Xuân,,,
Khánh Hòa,Duyên hải Nam Trung Bộ,2026-05-27,28.033333333333335,33.51111111111111,23.866666666666667,32.666666666666664,38.922222222222224,28.244444444444444,2.433333333333333,2.433333333333333,0.0,4.111111111111111,71.88888888888889,13.522222222222222,35.233333333333334,24.76888888888889,1009.4,52.111111111111114,21.955555555555556,0.0,5.4,11.9564,109.0298,12.497777777777776,12.754444444444443,5,22,61,134,1970-01-21 14:24:19.080000000,1970-01-21 14:25:04.986666666,Xuân,,,
Khánh Hòa,Duyên hải Nam Trung Bộ,2026-05-28,27.811111111111114,31.95555555555556,24.755555555555556,32.68888888888889,37.51111111111111,29.4,0.7444444444444445,0.7444444444444445,0.0,4.111111111111111,74.11111111111111,8.822222222222223,25.955555555555556,19.012222222222224,1009.8222222222222,87.66666666666667,22.444444444444443,0.0,4.161111111111111,11.9564,109.0298,9.113333333333332,12.758888888888889,5,22,51,8,1970-01-21 14:25:45.480000000,1970-01-21 14:26:31.420000000,Xuân,,,
Khánh Hòa,Duyên hải Nam Trung Bộ,2026-05-29,25.744444444444444,29.06666666666667,24.055555555555557,30.93333333333333,34.333333333333336,29.11111111111111,6.666666666666667,6.666666666666667,0.0,12.666666666666666,86.44444444444444,7.577777777777778,25.366666666666667,11.878888888888888,1010.2111111111112,90.33333333333331,23.200000000000003,0.0,2.5422222222222226,11.9564,109.0298,3.764444444444445,12.764444444444443,5,22,61,14,1970-01-21 14:27:11.880000000,1970-01-21 14:27:57.826666666,Xuân,,,
Khánh Hòa,Duyên hải Nam Trung Bộ,2026-05-30,24.455555555555556,27.211111111111112,22.91111111111111,29.41111111111111,33.15555555555555,27.333333333333332,18.066666666666663,18.066666666666663,0.0,19.77777777777778,91.11111111111111,8.055555555555555,28.155555555555555,14.11111111111111,1010.0666666666668,97.22222222222224,22.87777777777778,0.0,2.772222222222222,11.9564,109.0298,6.347777777777778,12.77,5,22,63,3,1970-01-21 14:28:38.280000000,1970-01-21 14:29:24.240000000,Xuân,,,
Khánh Hòa,Duyên hải Nam Trung Bộ,2026-05-31,23.61111111111111,25.266666666666666,22.688888888888886,28.41111111111111,30.333333333333332,27.077777777777776,51.8,51.8,0.0,24.0,95.22222222222224,7.444444444444445,25.58888888888889,6.415555555555556,1009.6666666666666,100.0,22.811111111111114,0.0,1.34,11.9564,109.0298,0.4033333333333333,12.774444444444445,5,22,65,332,1970-01-21 14:30:04.680000000,1970-01-21 14:30:50.673333333,Xuân,,,
Khánh Hòa,Duyên hải Nam Trung Bộ,2026-06-01,23.866666666666667,25.244444444444444,22.344444444444445,28.9,30.877777777777776,26.211111111111112,30.733333333333334,30.733333333333334,0.0,20.666666666666668,94.77777777777776,8.511111111111111,26.799999999999997,8.126666666666667,1009.8222222222222,100.0,22.966666666666665,0.0,1.6677777777777778,11.9564,109.0298,0.2755555555555555,12.778888888888888,6,23,63,5,1970-01-21 14:31:31.080000000,1970-01-21 14:32:17.080000000,Hè,,,
Khánh Hòa,Duyên hải Nam Trung Bộ,2026-06-02,24.41111111111111,26.9,22.922222222222224,29.422222222222224,31.977777777777774,27.37777777777778,6.711111111111111,6.711111111111111,0.0,13.444444444444445,91.22222222222224,6.955555555555556,19.755555555555556,11.957777777777778,1008.7,96.77777777777776,22.844444444444445,0.0,2.3944444444444444,11.9564,109.0298,2.6455555555555557,12.784444444444444,6,23,61,34,1970-01-21 14:32:57.480000000,1970-01-21 14:33:43.500000000,Hè,,,
Khánh Hòa,Duyên hải Nam Trung Bộ,2026-06-03,25.322222222222223,29.35555555555555,22.755555555555556,30.56666666666667,35.2,27.322222222222223,7.6,7.6,0.0,12.333333333333334,88.55555555555556,8.0,24.32222222222222,16.795555555555556,1007.3444444444444,87.33333333333333,23.155555555555555,0.0,3.417777777777778,11.9564,109.0298,8.985555555555557,12.788888888888888,6,23,63,33,1970-01-21 14:34:23.880000000,1970-01-21 14:35:09.913333333,Hè,,,
Khánh Hòa,Duyên hải Nam Trung Bộ,2026-06-04,26.177777777777777,30.38888888888889,23.37777777777778,30.977777777777774,35.56666666666667,28.044444444444444,1.3444444444444443,1.3444444444444443,0.0,6.444444444444445,84.33333333333333,11.1,30.95555555555556,17.16,1007.4444444444443,90.88888888888889,23.11111111111111,0.0,3.6966666666666663,11.9564,109.0298,9.326666666666666,12.791111111111112,6,23,51,130,1970-01-21 14:35:50.293333333,1970-01-21 14:36:36.340000000,Hè,,,
Khánh Hòa,Duyên hải Nam Trung Bộ,2026-06-05,27.055555555555557,31.200000000000003,23.811111111111114,31.700000000000003,36.37777777777777,28.4,1.9888888888888887,1.9888888888888887,0.0,5.888888888888889,79.88888888888889,15.211111111111112,43.27777777777778,23.443333333333335,1008.9000000000001,95.66666666666667,23.066666666666666,0.0,4.988888888888889,11.9564,109.0298,12.03111111111111,12.79888888888889,6,23,51,157,1970-01-21 14:37:16.693333333,1970-01-21 14:38:02.746666666,Hè,,,
Khánh Hòa,Duyên hải Nam Trung Bộ,2026-06-06,27.177777777777777,32.2,22.966666666666665,32.18888888888889,37.97777777777778,27.266666666666666,0.9666666666666666,0.9666666666666666,0.0,4.0,80.44444444444444,13.3,37.12222222222223,24.468888888888888,1009.9555555555556,75.0,23.233333333333334,0.0,5.184444444444445,11.9564,109.0298,12.274444444444445,12.79888888888889,6,23,51,143,1970-01-21 14:38:43.093333333,1970-01-21 14:39:29.160000000,Hè,,,
Khánh Hòa,Duyên hải Nam Trung Bộ,2026-06-07,27.48888888888889,32.03333333333333,23.711111111111112,33.0,38.68888888888889,28.466666666666665,1.1666666666666667,1.1666666666666667,0.0,4.444444444444445,81.22222222222223,12.466666666666665,32.2,24.871111111111112,1009.8333333333334,98.22222222222223,23.766666666666666,0.0,5.213333333333334,11.9564,109.0298,12.098888888888888,12.801111111111112,6,23,51,168,1970-01-21 14:40:09.493333333,1970-01-21 14:40:55.593333333,Hè,,,
Khánh Hòa,Duyên hải Nam Trung Bộ,2026-06-08,27.255555555555556,32.28888888888889,23.333333333333332,32.63333333333333,38.955555555555556,27.788888888888888,2.6222222222222222,2.6222222222222222,0.0,6.444444444444445,80.22222222222223,11.322222222222223,29.78888888888889,24.994444444444444,1008.4222222222221,72.33333333333333,23.188888888888886,0.0,5.257777777777778,11.9564,109.0298,12.282222222222224,12.80888888888889,6,24,55,54,1970-01-21 14:41:35.893333333,1970-01-21 14:42:22.000000000,Hè,,,
Khánh Hòa,Duyên hải Nam Trung Bộ,2026-06-09,27.355555555555554,32.34444444444445,23.98888888888889,32.922222222222224,39.01111111111111,28.65555555555555,2.9000000000000004,2.9000000000000004,0.0,5.555555555555555,81.11111111111111,10.2,27.255555555555556,23.813333333333333,1008.4222222222221,90.88888888888889,23.566666666666666,0.0,4.9944444444444445,11.9564,109.0298,12.38,12.80888888888889,6,24,51,40,1970-01-21 14:43:02.300000000,1970-01-21 14:43:48.420000000,Hè,,,
Khánh Hòa,Duyên hải Nam Trung Bộ,2026-06-10,26.933333333333334,31.555555555555557,23.766666666666666,32.56666666666667,37.922222222222224,28.666666666666668,2.9,2.9,0.0,4.0,82.44444444444444,7.711111111111112,23.61111111111111,22.543333333333333,1010.2888888888889,99.0,23.433333333333334,0.0,4.648888888888888,11.9564,109.0298,11.523333333333333,12.811111111111112,6,24,51,51,1970-01-21 14:44:28.713333333,1970-01-21 14:45:14.833333333,Hè,,,
Khánh Hòa,Duyên hải Nam Trung Bộ,2026-06-11,25.866666666666667,29.32222222222222,23.555555555555557,31.366666666666667,35.67777777777778,28.5,8.922222222222222,8.922222222222222,0.0,8.88888888888889,86.0,7.477777777777778,24.5,21.163333333333334,1013.1555555555556,89.11111111111111,23.188888888888886,0.0,4.226666666666667,11.9564,109.0298,10.66,12.814444444444444,6,24,63,12,1970-01-21 14:45:55.120000000,1970-01-21 14:46:41.253333333,Hè,,,
Khánh Hòa,Duyên hải Nam Trung Bộ,2026-06-12,25.72222222222222,30.04444444444444,22.666666666666668,30.944444444444443,36.611111111111114,27.244444444444444,5.300000000000001,5.300000000000001,0.0,5.222222222222222,84.55555555555556,8.81111111111111,25.48888888888889,23.955555555555556,1014.0444444444444,64.22222222222223,22.677777777777777,0.0,4.768888888888889,11.9564,109.0298,12.219999999999999,12.818888888888889,6,24,63,5,1970-01-21 14:47:21.520000000,1970-01-21 14:48:07.666666666,Hè,,,
Khánh Hòa,Duyên hải Nam Trung Bộ,2026-06-13,25.9,30.61111111111111,22.0,30.966666666666665,36.900000000000006,26.311111111111114,2.5777777777777775,2.5777777777777775,0.0,4.888888888888889,83.0,10.922222222222222,27.855555555555554,24.87,1012.0111111111112,40.77777777777778,22.555555555555557,0.0,5.045555555555556,11.9564,109.0298,12.207777777777778,12.818888888888889,6,24,61,81,1970-01-21 14:48:47.940000000,1970-01-21 14:49:34.080000000,Hè,,,
Khánh Hòa,Duyên hải Nam Trung Bộ,2026-06-14,26.266666666666666,30.188888888888886,22.72222222222222,31.0,36.15555555555555,26.955555555555556,2.022222222222222,2.022222222222222,0.0,5.444444444444445,81.22222222222223,13.444444444444445,34.13333333333333,24.26111111111111,1010.0999999999999,55.0,22.577777777777776,0.0,5.006666666666667,11.9564,109.0298,12.411111111111111,12.821111111111112,6,24,51,41,1970-01-21 14:50:14.346666666,1970-01-21 14:51:00.493333333,Hè,,,
Khánh Hòa,Duyên hải Nam Trung Bộ,2026-06-15,26.933333333333334,31.67777777777778,22.677777777777777,31.944444444444443,38.22222222222222,26.62222222222222,1.7555555555555555,1.7555555555555555,0.0,4.333333333333333,77.88888888888889,8.622222222222222,26.922222222222224,25.316666666666666,1009.5777777777779,55.111111111111114,22.433333333333334,0.0,5.278888888888889,11.9564,109.0298,12.45,12.821111111111112,6,25,53,164,1970-01-21 14:51:40.753333333,1970-01-21 14:52:26.920000000,Hè,,,
Khánh Hòa,Duyên hải Nam Trung Bộ,2026-06-16,26.822222222222223,31.54444444444444,23.355555555555554,32.166666666666664,38.15555555555555,27.755555555555556,3.9444444444444446,3.9444444444444446,0.0,6.333333333333333,81.44444444444444,9.744444444444445,28.244444444444444,24.61,1010.2555555555555,55.333333333333336,23.077777777777776,0.0,5.08,11.9564,109.0298,12.351111111111111,12.824444444444445,6,25,55,241,1970-01-21 14:53:07.153333333,1970-01-21 14:53:53.326666666,Hè,,,
Khánh Hòa,Duyên hải Nam Trung Bộ,2026-06-17,26.833333333333332,31.65555555555555,23.333333333333332,32.26666666666667,38.455555555555556,28.133333333333333,3.155555555555556,3.155555555555556,0.0,5.777777777777778,81.88888888888889,8.577777777777778,26.0,24.78222222222222,1010.8000000000001,49.0,23.155555555555555,0.0,5.127777777777777,11.9564,109.0298,12.273333333333333,12.824444444444445,6,25,51,107,1970-01-21 14:54:33.580000000,1970-01-21 14:55:19.740000000,Hè,,,
Khánh Hòa,Duyên hải Nam Trung Bộ,2026-06-18,26.455555555555556,31.333333333333332,23.211111111111112,31.41111111111111,37.25555555555556,27.77777777777778,3.2777777777777777,3.2777777777777777,0.0,7.111111111111111,82.11111111111111,12.18888888888889,31.71111111111111,24.391111111111112,1010.9222222222221,75.77777777777777,22.922222222222224,0.0,5.042222222222223,11.9564,109.0298,12.331111111111111,12.826666666666666,6,25,51,59,1970-01-21 14:55:59.980000000,1970-01-21 14:56:46.160000000,Hè,,,
Khánh Hòa,Duyên hải Nam Trung Bộ,2026-06-19,26.355555555555558,31.011111111111113,22.58888888888889,30.93333333333333,36.24444444444444,26.866666666666667,0.9666666666666666,0.9666666666666666,0.0,2.888888888888889,80.0,14.455555555555556,36.17777777777778,23.41111111111111,1010.8222222222222,79.22222222222223,22.4,0.0,4.930000000000001,11.9564,109.0298,12.285555555555554,12.826666666666666,6,25,51,88,1970-01-21 14:57:26.400000000,1970-01-21 14:58:12.580000000,Hè,,,
Khánh Hòa,Duyên hải Nam Trung Bộ,2026-06-20,26.533333333333335,31.0,22.5,31.17777777777778,36.43333333333334,26.788888888888888,1.8444444444444446,1.8444444444444446,0.0,4.666666666666667,79.66666666666667,14.100000000000001,35.06666666666667,25.304444444444446,1011.1999999999999,23.0,22.422222222222224,0.0,5.28,11.9564,109.0298,12.203333333333333,12.82888888888889,6,25,51,94,1970-01-21 14:58:52.813333333,1970-01-21 14:59:38.986666666,Hè,,,
Khánh Hòa,Duyên hải Nam Trung Bộ,2026-06-21,27.033333333333335,31.733333333333334,22.833333333333332,31.82222222222222,37.25555555555556,27.344444444444445,0.8999999999999999,0.8999999999999999,0.0,3.3333333333333335,78.0,11.777777777777779,29.644444444444446,25.297777777777778,1011.0222222222224,53.55555555555556,22.455555555555556,0.0,5.366666666666666,11.9564,109.0298,12.267777777777777,12.82888888888889,6,25,51,91,1970-01-21 15:00:19.213333333,1970-01-21 15:01:05.400000000,Hè,,,
Khánh Hòa,Duyên hải Nam Trung Bộ,2026-06-22,26.866666666666667,31.977777777777778,22.522222222222222,31.72222222222222,38.02222222222222,26.77777777777778,3.244444444444445,3.244444444444445,0.0,5.666666666666667,77.66666666666667,9.81111111111111,26.688888888888886,24.108888888888888,1009.4777777777776,66.0,22.27777777777778,0.0,5.082222222222223,11.9564,109.0298,12.206666666666667,12.82888888888889,6,26,61,15,1970-01-21 15:01:45.640000000,1970-01-21 15:02:31.813333333,Hè,,,
Khánh Hòa,Duyên hải Nam Trung Bộ,2026-06-23,27.355555555555554,33.13333333333333,22.700000000000003,32.400000000000006,39.388888888888886,26.744444444444444,1.7999999999999998,1.7999999999999998,0.0,4.111111111111111,77.33333333333333,10.566666666666666,29.41111111111111,24.608888888888888,1007.8000000000001,52.111111111111114,22.644444444444446,0.0,5.1866666666666665,11.9564,109.0298,12.174444444444445,12.826666666666666,6,26,53,20,1970-01-21 15:03:12.060000000,1970-01-21 15:03:58.233333333,Hè,,,
Khánh Hòa,Duyên hải Nam Trung Bộ,2026-06-24,27.844444444444445,32.74444444444444,23.733333333333334,32.82222222222222,38.666666666666664,27.944444444444443,1.7777777777777777,1.7777777777777777,0.0,3.3333333333333335,74.44444444444444,9.255555555555555,27.88888888888889,23.487777777777776,1007.4333333333333,66.33333333333333,22.522222222222222,0.0,5.082222222222223,11.9564,109.0298,12.09,12.826666666666666,6,26,51,161,1970-01-21 15:04:38.473333333,1970-01-21 15:05:24.640000000,Hè,,,
Khánh Hòa,Duyên hải Nam Trung Bộ,2026-06-25,27.966666666666665,33.2,23.799999999999997,32.62222222222223,38.900000000000006,27.95555555555556,1.9222222222222223,1.9222222222222223,0.0,4.222222222222222,73.44444444444444,11.844444444444443,32.388888888888886,24.01,1007.6444444444444,47.55555555555556,22.366666666666667,0.0,5.3311111111111105,11.9564,109.0298,12.382222222222222,12.826666666666666,6,26,53,57,1970-01-21 15:06:04.873333333,1970-01-21 15:06:51.046666666,Hè,,,
Khánh Hòa,Duyên hải Nam Trung Bộ,2026-06-26,27.822222222222223,32.8,23.866666666666667,32.833333333333336,38.5,28.333333333333332,3.0,3.0,0.0,6.555555555555555,75.22222222222223,9.744444444444445,28.188888888888886,24.66444444444444,1008.0555555555555,41.333333333333336,22.6,0.0,5.29111111111111,11.9564,109.0298,12.371111111111112,12.824444444444445,6,26,53,30,1970-01-21 15:07:31.300000000,1970-01-21 15:08:17.460000000,Hè,,,
Khánh Hòa,Duyên hải Nam Trung Bộ,2026-06-27,27.322222222222223,31.977777777777778,23.855555555555554,32.5,37.599999999999994,28.366666666666667,3.488888888888889,3.488888888888889,0.0,5.777777777777778,77.44444444444444,9.033333333333333,25.788888888888888,22.305555555555557,1007.8666666666666,65.0,22.744444444444444,0.0,4.65,11.9564,109.0298,12.066666666666666,12.821111111111112,6,26,61,264,1970-01-21 15:08:57.713333333,1970-01-21 15:09:43.866666666,Hè,,,
Khánh Hòa,Duyên hải Nam Trung Bộ,2026-06-28,26.811111111111114,31.84444444444445,23.755555555555556,32.18888888888889,38.044444444444444,28.299999999999997,11.511111111111113,11.511111111111113,0.0,9.0,81.33333333333333,10.899999999999999,30.522222222222222,23.153333333333332,1007.5,75.33333333333333,23.08888888888889,0.0,4.75,11.9564,109.0298,11.895555555555555,12.821111111111112,6,26,63,56,1970-01-21 15:10:24.133333333,1970-01-21 15:11:10.293333333,Hè,,,
Khánh Hòa,Duyên hải Nam Trung Bộ,2026-06-29,26.455555555555556,31.666666666666668,23.477777777777778,31.71111111111111,38.02222222222222,27.744444444444444,10.022222222222222,10.022222222222222,0.0,11.0,82.88888888888889,8.68888888888889,26.244444444444444,21.255555555555556,1007.4555555555556,80.77777777777777,23.01111111111111,0.0,4.403333333333333,11.9564,109.0298,11.153333333333332,12.818888888888889,6,27,63,12,1970-01-21 15:11:50.533333333,1970-01-21 15:12:36.700000000,Hè,,,
Khánh Hòa,Duyên hải Nam Trung Bộ,2026-06-30,26.533333333333335,31.077777777777776,23.533333333333335,31.877777777777776,37.13333333333333,28.27777777777778,2.933333333333333,2.933333333333333,0.0,6.888888888888889,82.77777777777777,8.088888888888889,24.37777777777778,21.49,1007.6333333333334,88.44444444444444,23.08888888888889,0.0,4.438888888888889,11.9564,109.0298,11.112222222222222,12.818888888888889,6,27,51,258,1970-01-21 15:13:16.960000000,1970-01-21 15:14:03.100000000,Hè,,,
Khánh Hòa,Duyên hải Nam Trung Bộ,2026-07-01,26.38888888888889,30.988888888888887,23.833333333333332,31.91111111111111,37.388888888888886,28.522222222222222,12.277777777777779,12.277777777777779,0.0,8.666666666666666,84.33333333333333,8.433333333333334,24.744444444444444,21.37,1007.0444444444444,94.88888888888889,23.333333333333332,0.0,4.3566666666666665,11.9564,109.0298,10.957777777777778,12.816666666666668,7,27,63,161,1970-01-21 15:14:43.373333333,1970-01-21 15:15:29.506666666,Hè,,,
Khánh Hòa,Duyên hải Nam Trung Bộ,2026-07-02,24.53333333333333,25.677777777777777,23.5,29.799999999999997,31.422222222222224,28.333333333333332,12.711111111111112,12.711111111111112,0.0,14.777777777777779,93.44444444444444,8.077777777777778,23.477777777777778,7.825555555555555,1007.3777777777777,98.77777777777777,23.366666666666667,0.0,1.6277777777777778,11.9564,109.0298,0.22777777777777775,12.811111111111112,7,27,63,108,1970-01-21 15:16:09.793333333,1970-01-21 15:16:55.906666666,Hè,,,
Khánh Hòa,Duyên hải Nam Trung Bộ,2026-07-03,25.255555555555556,27.933333333333334,23.544444444444444,29.43333333333333,31.833333333333332,27.744444444444444,2.677777777777778,2.677777777777778,0.0,9.444444444444445,87.22222222222223,12.755555555555556,41.43333333333333,11.04888888888889,1008.5888888888888,100.0,22.788888888888888,0.0,2.58,11.9564,109.0298,2.533333333333333,12.81,7,27,51,148,1970-01-21 15:17:36.193333333,1970-01-21 15:18:22.320000000,Hè,,,
Khánh Hòa,Duyên hải Nam Trung Bộ,2026-07-04,25.833333333333332,29.65555555555555,23.288888888888888,29.91111111111111,33.855555555555554,27.188888888888886,1.6555555555555554,1.6555555555555554,0.0,3.7777777777777777,82.0,12.399999999999999,33.44444444444444,15.877777777777778,1010.0222222222224,99.77777777777777,22.322222222222223,0.0,3.537777777777778,11.9564,109.0298,7.028888888888889,12.80888888888889,7,27,51,140,1970-01-21 15:19:02.620000000,1970-01-21 15:19:48.720000000,Hè,,,
Khánh Hòa,Duyên hải Nam Trung Bộ,2026-07-05,25.733333333333334,29.45555555555556,23.08888888888889,30.45555555555556,34.36666666666667,27.233333333333334,3.577777777777778,3.577777777777778,0.0,4.444444444444445,82.66666666666667,7.7333333333333325,24.133333333333333,16.486666666666665,1010.8444444444444,96.33333333333333,22.311111111111114,0.0,3.4366666666666665,11.9564,109.0298,8.467777777777778,12.804444444444444,7,27,53,13,1970-01-21 15:20:29.033333333,1970-01-21 15:21:15.120000000,Hè,,,
Khánh Hòa,Duyên hải Nam Trung Bộ,2026-07-06,25.944444444444443,29.833333333333332,23.066666666666666,31.122222222222224,35.52222222222222,27.866666666666667,4.2444444444444445,4.2444444444444445,0.0,5.666666666666667,84.55555555555556,7.877777777777778,24.0,17.384444444444444,1010.2444444444445,99.55555555555556,22.966666666666665,0.0,3.5933333333333337,11.9564,109.0298,8.686666666666667,12.8,7,28,51,4,1970-01-21 15:21:55.453333333,1970-01-21 15:22:41.520000000,Hè,,,
Khánh Hòa,Duyên hải Nam Trung Bộ,2026-07-07,26.255555555555556,30.633333333333333,23.533333333333335,31.34444444444445,36.56666666666667,28.188888888888886,4.300000000000001,4.300000000000001,0.0,6.222222222222222,82.44444444444444,8.533333333333333,26.344444444444445,19.855555555555554,1009.7555555555555,95.88888888888889,22.744444444444447,0.0,4.144444444444444,11.9564,109.0298,9.666666666666666,12.79888888888889,7,28,53,52,1970-01-21 15:23:21.853333333,1970-01-21 15:24:07.933333333,Hè,,,
Khánh Hòa,Duyên hải Nam Trung Bộ,2026-07-08,26.633333333333333,31.355555555555554,23.266666666666666,31.144444444444446,36.44444444444444,27.61111111111111,1.3333333333333333,1.3333333333333333,0.0,5.0,77.66666666666667,11.711111111111112,32.355555555555554,22.994444444444444,1008.7777777777778,71.22222222222223,22.01111111111111,0.0,4.885555555555555,11.9564,109.0298,11.173333333333334,12.794444444444444,7,28,51,100,1970-01-21 15:24:48.280000000,1970-01-21 15:25:34.340000000,Hè,,,
Khánh Hòa,Duyên hải Nam Trung Bộ,2026-07-09,27.5,32.02222222222222,23.922222222222224,31.644444444444446,36.52222222222222,28.211111111111112,1.4333333333333333,1.4333333333333333,0.0,3.2222222222222223,71.77777777777777,12.933333333333334,34.43333333333334,22.08888888888889,1007.8555555555556,94.55555555555556,21.5,0.0,4.931111111111111,11.9564,109.0298,11.876666666666667,12.788888888888888,7,28,51,91,1970-01-21 15:26:14.700000000,1970-01-21 15:27:00.740000000,Hè,,,
Khánh Hòa,Duyên hải Nam Trung Bộ,2026-07-10,27.822222222222223,31.555555555555557,24.077777777777776,31.355555555555554,35.28888888888889,27.87777777777778,0.08888888888888889,0.08888888888888889,0.0,0.7777777777777778,67.66666666666667,11.355555555555556,33.06666666666667,17.790000000000003,1007.0555555555555,95.22222222222223,20.855555555555554,0.0,4.319999999999999,11.9564,109.0298,9.154444444444444,12.784444444444444,7,28,3,124,1970-01-21 15:27:41.113333333,1970-01-21 15:28:27.146666666,Hè,,,
Khánh Hòa,Duyên hải Nam Trung Bộ,2026-07-11,28.022222222222222,33.0,24.211111111111112,31.45555555555556,35.98888888888889,27.655555555555555,2.7777777777777777,2.7777777777777777,0.0,5.888888888888889,67.44444444444444,15.555555555555555,44.922222222222224,22.10888888888889,1005.0555555555555,67.33333333333333,20.855555555555554,0.0,5.232222222222222,11.9564,109.0298,12.055555555555555,12.78,7,28,61,177,1970-01-21 15:29:07.533333333,1970-01-21 15:29:53.546666666,Hè,,,
Khánh Hòa,Duyên hải Nam Trung Bộ,2026-07-12,26.577777777777776,31.15555555555555,23.51111111111111,30.700000000000003,35.67777777777778,27.844444444444445,4.133333333333334,4.133333333333334,0.0,9.11111111111111,79.44444444444444,13.477777777777778,39.65555555555555,15.537777777777778,1005.2333333333333,96.55555555555556,22.299999999999997,0.0,3.7366666666666664,11.9564,109.0298,6.863333333333333,12.778888888888888,7,28,53,211,1970-01-21 15:30:33.940000000,1970-01-21 15:31:19.946666666,Hè,,,
Khánh Hòa,Duyên hải Nam Trung Bộ,2026-07-13,26.633333333333333,32.25555555555555,23.922222222222224,30.72222222222222,36.355555555555554,27.966666666666665,3.177777777777778,3.177777777777778,0.0,7.666666666666667,78.33333333333333,14.766666666666667,42.47777777777778,20.22888888888889,1006.6333333333334,89.55555555555556,22.12222222222222,0.0,4.554444444444445,11.9564,109.0298,10.136666666666667,12.77,7,29,61,140,1970-01-21 15:32:00.373333333,1970-01-21 15:32:46.346666666,Hè,,,
Khánh Hòa,Duyên hải Nam Trung Bộ,2026-07-14,26.91111111111111,31.56666666666667,23.77777777777778,31.27777777777778,36.94444444444444,27.700000000000003,2.977777777777778,2.977777777777778,0.0,5.0,76.66666666666667,11.0,35.26666666666667,21.093333333333334,1008.2666666666667,86.33333333333333,22.133333333333333,0.0,4.611111111111111,11.9564,109.0298,11.477777777777778,12.768888888888888,7,29,53,95,1970-01-21 15:33:26.773333333,1970-01-21 15:34:12.740000000,Hè,,,
Khánh Hòa,Duyên hải Nam Trung Bộ,2026-07-15,27.466666666666665,32.55555555555556,23.466666666666665,31.95555555555556,37.47777777777778,27.677777777777777,1.7444444444444445,1.7444444444444445,0.0,5.222222222222222,74.55555555555556,11.81111111111111,32.06666666666667,22.54888888888889,1009.8666666666666,92.11111111111111,22.066666666666666,0.0,4.943333333333333,11.9564,109.0298,12.003333333333334,12.76,7,29,51,61,1970-01-21 15:34:53.200000000,1970-01-21 15:35:39.133333333,Hè,,,
Khánh Hòa,Duyên hải Nam Trung Bộ,2026-07-16,27.4,31.488888888888887,24.211111111111112,31.622222222222224,35.71111111111111,28.700000000000003,1.8777777777777775,1.8777777777777775,0.0,4.0,72.44444444444444,10.822222222222223,30.555555555555557,18.816666666666666,1010.4333333333333,88.55555555555556,21.6,0.0,4.25,11.9564,109.0298,9.517777777777777,12.756666666666668,7,29,51,58,1970-01-21 15:36:19.620000000,1970-01-21 15:37:05.526666666,Hè,,,
Khánh Hòa,Duyên hải Nam Trung Bộ,2026-07-17,27.688888888888886,32.5,23.477777777777778,32.05555555555556,37.46666666666667,27.544444444444444,0.4444444444444444,0.4444444444444444,0.0,2.3333333333333335,70.88888888888889,10.333333333333334,29.0,23.644444444444446,1009.4777777777776,80.0,21.433333333333334,0.0,5.101111111111111,11.9564,109.0298,12.0,12.75,7,29,51,65,1970-01-21 15:37:46.033333333,1970-01-21 15:38:31.920000000,Hè,,,
Khánh Hòa,Duyên hải Nam Trung Bộ,2026-07-18,27.455555555555556,32.98888888888889,23.433333333333334,32.08888888888889,38.81111111111111,27.533333333333335,2.1888888888888887,2.1888888888888887,0.0,6.111111111111111,74.55555555555556,11.677777777777777,32.5,24.69222222222222,1008.7666666666667,18.333333333333332,22.044444444444444,0.0,5.334444444444444,11.9564,109.0298,12.135555555555555,12.744444444444445,7,29,53,47,1970-01-21 15:39:12.433333333,1970-01-21 15:39:58.320000000,Hè,,,
Khánh Hòa,Duyên hải Nam Trung Bộ,2026-07-19,27.444444444444443,32.97777777777778,22.711111111111112,31.966666666666665,38.099999999999994,26.87777777777778,1.6333333333333333,1.6333333333333333,0.0,4.666666666666667,74.22222222222223,12.088888888888889,32.74444444444444,24.86,1008.811111111111,15.333333333333334,21.822222222222223,0.0,5.41,11.9564,109.0298,12.137777777777778,12.738888888888889,7,29,53,57,1970-01-21 15:40:38.860000000,1970-01-21 15:41:24.720000000,Hè,,,
Khánh Hòa,Duyên hải Nam Trung Bộ,2026-07-20,27.666666666666668,33.47777777777778,22.433333333333334,32.044444444444444,38.5,26.244444444444444,0.8666666666666667,0.8666666666666667,0.0,3.111111111111111,71.44444444444444,11.577777777777778,30.377777777777776,25.485555555555557,1008.7666666666667,11.11111111111111,21.37777777777778,0.0,5.555555555555555,11.9564,109.0298,12.176666666666668,12.731111111111112,7,30,51,53,1970-01-21 15:42:05.280000000,1970-01-21 15:42:51.106666666,Hè,,,
