province,region,date,temperature_2m_mean,temperature_2m_max,temperature_2m_min,apparent_temperature_mean,apparent_temperature_max,apparent_temperature_min,precipitation_sum,rain_sum,showers_sum,precipitation_hours,relative_humidity_2m_mean,wind_speed_10m_max,wind_gusts_10m_max,shortwave_radiation_sum,pressure_msl_mean,cloud_cover_mean,dew_point_2m_mean,snowfall_sum,et0_fao_evapotranspiration,latitude,longitude,sunshine_hours,daylight_hours,month,week,weather_code,wind_direction_10m_dominant,sunrise,sunset,season,uv_index_max,uv_index_clear_sky_max,precipitation_probability_max
Lai Châu,Trung du miền núi Bắc Bộ,2025-07-21,23.5,27.366666666666667,21.066666666666666,27.744444444444444,32.52222222222222,24.644444444444446,24.0,24.0,0.0,15.444444444444445,87.33333333333333,7.188888888888889,32.766666666666666,18.683333333333334,1000.4888888888888,98.33333333333333,21.12222222222222,0.0,3.7155555555555555,22.3964,103.458,9.174444444444443,13.306666666666667,7,30,65,24,1970-01-21 06:57:55.980000000,1970-01-21 06:58:43.873333333,Hè,,,
Lai Châu,Trung du miền núi Bắc Bộ,2025-07-22,22.766666666666666,25.87777777777778,20.91111111111111,26.788888888888888,30.099999999999998,24.311111111111114,25.744444444444444,25.744444444444444,0.0,21.666666666666668,92.55555555555556,8.211111111111112,38.922222222222224,11.634444444444444,997.7444444444445,100.0,21.422222222222224,0.0,2.296666666666667,22.3964,103.458,4.671111111111111,13.292222222222222,7,30,63,6,1970-01-21 06:59:22.400000000,1970-01-21 07:00:10.260000000,Hè,,,
Lai Châu,Trung du miền núi Bắc Bộ,2025-07-23,23.11111111111111,27.5,20.711111111111112,26.944444444444443,32.37777777777777,23.955555555555556,18.033333333333335,18.033333333333335,0.0,16.555555555555557,86.88888888888889,10.466666666666667,42.67777777777778,22.072222222222223,999.6999999999999,99.33333333333333,20.62222222222222,0.0,4.245555555555556,22.3964,103.458,11.365555555555556,13.28111111111111,7,30,63,63,1970-01-21 07:00:48.826666666,1970-01-21 07:01:36.640000000,Hè,,,
Lai Châu,Trung du miền núi Bắc Bộ,2025-07-24,22.077777777777776,24.977777777777778,20.377777777777776,26.08888888888889,29.244444444444444,24.144444444444446,21.977777777777778,21.977777777777778,0.0,18.77777777777778,92.44444444444444,5.644444444444444,23.633333333333333,14.603333333333333,1004.0333333333333,99.77777777777777,20.7,0.0,2.87,22.3964,103.458,6.871111111111111,13.266666666666666,7,30,63,80,1970-01-21 07:02:15.253333333,1970-01-21 07:03:03.013333333,Hè,,,
Lai Châu,Trung du miền núi Bắc Bộ,2025-07-25,21.844444444444445,25.322222222222223,20.066666666666666,25.866666666666667,29.966666666666665,23.677777777777777,25.955555555555556,25.955555555555556,0.0,22.77777777777778,93.44444444444444,5.288888888888889,24.577777777777776,14.236666666666666,1005.0111111111112,99.55555555555556,20.688888888888886,0.0,2.816666666666667,22.3964,103.458,5.54,13.253333333333334,7,30,63,234,1970-01-21 07:03:41.686666666,1970-01-21 07:04:29.386666666,Hè,,,
Lai Châu,Trung du miền núi Bắc Bộ,2025-07-26,21.355555555555554,23.655555555555555,19.855555555555554,25.322222222222223,27.866666666666664,23.266666666666666,33.988888888888894,33.988888888888894,0.0,22.77777777777778,95.11111111111111,4.222222222222222,19.644444444444446,10.898888888888889,1005.0555555555555,100.0,20.522222222222222,0.0,2.1455555555555557,22.3964,103.458,1.1444444444444446,13.241111111111111,7,30,63,217,1970-01-21 07:05:08.106666666,1970-01-21 07:05:55.760000000,Hè,,,
Lai Châu,Trung du miền núi Bắc Bộ,2025-07-27,22.22222222222222,26.366666666666667,19.655555555555555,26.133333333333336,31.244444444444444,22.966666666666665,9.044444444444444,9.044444444444444,0.0,13.666666666666666,89.0,7.7333333333333325,30.266666666666666,19.348888888888887,1004.3222222222222,98.44444444444444,20.22222222222222,0.0,3.71,22.3964,103.458,9.366666666666667,13.226666666666667,7,30,63,65,1970-01-21 07:06:34.526666666,1970-01-21 07:07:22.140000000,Hè,,,
Lai Châu,Trung du miền núi Bắc Bộ,2025-07-28,23.58888888888889,28.166666666666668,19.27777777777778,27.57777777777778,33.5,22.1,1.2111111111111112,1.2111111111111112,0.0,5.0,81.55555555555556,5.677777777777778,22.87777777777778,24.20111111111111,1002.9444444444445,34.666666666666664,19.977777777777778,0.0,4.774444444444445,22.3964,103.458,12.66,13.211111111111112,7,31,51,56,1970-01-21 07:08:00.946666666,1970-01-21 07:08:48.513333333,Hè,,,
Lai Châu,Trung du miền núi Bắc Bộ,2025-07-29,24.1,28.944444444444443,20.033333333333335,28.4,34.733333333333334,23.37777777777778,5.177777777777778,5.177777777777778,0.0,6.777777777777778,83.11111111111111,5.388888888888889,22.77777777777778,22.62,1002.0666666666667,54.55555555555556,20.833333333333332,0.0,4.532222222222222,22.3964,103.458,12.423333333333334,13.198888888888888,7,31,63,98,1970-01-21 07:09:27.373333333,1970-01-21 07:10:14.880000000,Hè,,,
Lai Châu,Trung du miền núi Bắc Bộ,2025-07-30,23.744444444444444,28.044444444444444,20.133333333333336,27.966666666666665,33.400000000000006,23.444444444444443,10.277777777777779,10.277777777777779,0.0,11.555555555555555,86.22222222222223,6.444444444444445,26.96666666666667,19.253333333333334,1002.7555555555555,95.11111111111111,21.133333333333333,0.0,3.856666666666667,22.3964,103.458,9.984444444444444,13.181111111111111,7,31,63,111,1970-01-21 07:10:53.806666666,1970-01-21 07:11:41.253333333,Hè,,,
Lai Châu,Trung du miền núi Bắc Bộ,2025-07-31,22.444444444444443,26.822222222222223,20.288888888888888,26.322222222222223,31.95555555555556,23.677777777777777,22.48888888888889,22.48888888888889,0.0,18.666666666666668,90.22222222222223,6.977777777777778,28.511111111111113,16.698888888888888,1002.9000000000001,98.22222222222223,20.655555555555555,0.0,3.29,22.3964,103.458,7.213333333333334,13.168888888888889,7,31,63,119,1970-01-21 07:12:20.226666666,1970-01-21 07:13:07.620000000,Hè,,,
Lai Châu,Trung du miền núi Bắc Bộ,2025-08-01,23.022222222222222,27.822222222222223,20.233333333333334,27.11111111111111,33.166666666666664,23.855555555555554,17.38888888888889,17.38888888888889,0.0,14.555555555555555,87.44444444444444,5.844444444444445,22.72222222222222,20.711111111111112,1002.8333333333334,72.66666666666667,20.555555555555557,0.0,4.109999999999999,22.3964,103.458,10.814444444444444,13.151111111111112,8,31,63,78,1970-01-21 07:13:46.646666666,1970-01-21 07:14:33.993333333,Hè,,,
Lai Châu,Trung du miền núi Bắc Bộ,2025-08-02,23.344444444444445,28.155555555555555,19.444444444444443,27.27777777777778,34.0,22.3,4.355555555555555,4.355555555555555,0.0,8.444444444444445,84.33333333333333,6.633333333333334,26.833333333333332,22.337777777777777,1004.9111111111112,80.33333333333333,20.333333333333332,0.0,4.418888888888889,22.3964,103.458,11.393333333333333,13.133333333333333,8,31,63,238,1970-01-21 07:15:13.066666666,1970-01-21 07:16:00.360000000,Hè,,,
Lai Châu,Trung du miền núi Bắc Bộ,2025-08-03,23.08888888888889,27.233333333333334,20.533333333333335,26.977777777777778,32.166666666666664,24.0,12.244444444444445,12.244444444444445,0.0,15.11111111111111,88.44444444444444,7.711111111111112,34.28888888888889,19.81,1005.6444444444444,86.11111111111111,20.922222222222224,0.0,3.8577777777777778,22.3964,103.458,10.72111111111111,13.12,8,31,63,99,1970-01-21 07:16:39.493333333,1970-01-21 07:17:26.720000000,Hè,,,
Lai Châu,Trung du miền núi Bắc Bộ,2025-08-04,22.91111111111111,26.9,20.5,26.855555555555554,31.95555555555556,23.822222222222223,12.3,12.3,0.0,18.0,89.44444444444444,7.911111111111111,33.32222222222222,19.083333333333332,1005.5555555555555,99.33333333333333,20.944444444444443,0.0,3.73,22.3964,103.458,9.541111111111112,13.101111111111111,8,32,63,120,1970-01-21 07:18:05.926666666,1970-01-21 07:18:53.086666666,Hè,,,
Lai Châu,Trung du miền núi Bắc Bộ,2025-08-05,22.266666666666666,24.6,20.72222222222222,26.37777777777778,29.28888888888889,24.38888888888889,19.5,19.5,0.0,17.666666666666668,93.66666666666667,6.166666666666667,23.57777777777778,13.004444444444445,1006.3777777777777,100.0,21.155555555555555,0.0,2.551111111111111,22.3964,103.458,3.96,13.086666666666666,8,32,63,109,1970-01-21 07:19:32.346666666,1970-01-21 07:20:19.453333333,Hè,,,
Lai Châu,Trung du miền núi Bắc Bộ,2025-08-06,21.077777777777776,24.044444444444444,19.688888888888886,24.61111111111111,28.022222222222222,22.9,26.95555555555556,26.95555555555556,0.0,22.88888888888889,95.33333333333333,8.11111111111111,33.333333333333336,11.777777777777779,1006.8222222222222,98.88888888888889,20.288888888888888,0.0,2.211111111111111,22.3964,103.458,3.2055555555555553,13.07,8,32,63,100,1970-01-21 07:20:58.766666666,1970-01-21 07:21:45.826666666,Hè,,,
Lai Châu,Trung du miền núi Bắc Bộ,2025-08-07,20.533333333333335,22.799999999999997,19.21111111111111,23.677777777777777,26.144444444444442,21.933333333333334,14.444444444444445,14.444444444444445,0.0,18.22222222222222,94.66666666666667,6.911111111111111,33.03333333333333,9.27111111111111,1009.5111111111112,95.66666666666667,19.577777777777776,0.0,1.7866666666666664,22.3964,103.458,2.82,13.05,8,32,63,69,1970-01-21 07:22:25.193333333,1970-01-21 07:23:12.180000000,Hè,,,
Lai Châu,Trung du miền núi Bắc Bộ,2025-08-08,21.577777777777776,25.58888888888889,18.977777777777774,24.833333333333332,29.833333333333332,21.58888888888889,9.222222222222221,9.222222222222221,0.0,18.444444444444443,89.33333333333333,8.100000000000001,33.2,17.302222222222223,1010.3888888888889,88.11111111111111,19.644444444444446,0.0,3.2733333333333334,22.3964,103.458,9.493333333333332,13.032222222222222,8,32,53,90,1970-01-21 07:23:51.613333333,1970-01-21 07:24:38.533333333,Hè,,,
Lai Châu,Trung du miền núi Bắc Bộ,2025-08-09,22.966666666666665,27.444444444444443,19.700000000000003,26.77777777777778,32.18888888888889,22.700000000000003,13.733333333333333,13.733333333333333,0.0,16.77777777777778,85.66666666666667,6.644444444444445,28.88888888888889,21.743333333333332,1008.9333333333333,93.44444444444444,20.211111111111112,0.0,4.2555555555555555,22.3964,103.458,11.318888888888889,13.018888888888888,8,32,65,82,1970-01-21 07:25:18.046666666,1970-01-21 07:26:04.906666666,Hè,,,
Lai Châu,Trung du miền núi Bắc Bộ,2025-08-10,23.033333333333335,27.322222222222223,19.811111111111114,27.08888888888889,32.577777777777776,22.966666666666665,15.788888888888888,15.788888888888888,0.0,15.555555555555555,87.22222222222223,6.222222222222222,24.344444444444445,21.082222222222224,1007.8777777777777,96.0,20.644444444444446,0.0,4.126666666666667,22.3964,103.458,11.165555555555555,12.998888888888889,8,32,63,58,1970-01-21 07:26:44.466666666,1970-01-21 07:27:31.260000000,Hè,,,
Lai Châu,Trung du miền núi Bắc Bộ,2025-08-11,22.922222222222224,27.1,19.577777777777776,26.98888888888889,32.31111111111111,22.811111111111114,13.144444444444444,13.144444444444444,0.0,13.88888888888889,87.44444444444444,5.477777777777778,25.1,20.762222222222224,1007.5666666666667,99.88888888888889,20.544444444444444,0.0,4.047777777777778,22.3964,103.458,11.453333333333333,12.98,8,33,63,212,1970-01-21 07:28:10.886666666,1970-01-21 07:28:57.613333333,Hè,,,
Lai Châu,Trung du miền núi Bắc Bộ,2025-08-12,22.755555555555553,26.844444444444445,19.51111111111111,26.700000000000003,31.38888888888889,22.51111111111111,8.0,8.0,0.0,10.555555555555555,87.33333333333333,5.411111111111111,22.855555555555554,19.34,1008.3444444444444,100.0,20.355555555555554,0.0,3.7977777777777777,22.3964,103.458,10.88,12.962222222222222,8,33,63,23,1970-01-21 07:29:37.306666666,1970-01-21 07:30:23.986666666,Hè,,,
Lai Châu,Trung du miền núi Bắc Bộ,2025-08-13,22.455555555555556,26.077777777777776,19.066666666666666,26.4,30.922222222222224,22.066666666666666,6.011111111111111,6.011111111111111,0.0,10.0,88.33333333333333,4.9,21.88888888888889,18.533333333333335,1009.9777777777776,98.44444444444444,20.322222222222223,0.0,3.632222222222222,22.3964,103.458,9.907777777777778,12.947777777777778,8,33,63,50,1970-01-21 07:31:03.726666666,1970-01-21 07:31:50.333333333,Hè,,,
Lai Châu,Trung du miền núi Bắc Bộ,2025-08-14,22.666666666666668,26.522222222222222,19.288888888888888,26.811111111111114,31.833333333333332,22.37777777777778,8.233333333333333,8.233333333333333,0.0,8.777777777777779,88.22222222222223,5.144444444444444,22.11111111111111,19.433333333333334,1008.188888888889,94.22222222222223,20.57777777777778,0.0,3.788888888888889,22.3964,103.458,10.337777777777777,12.928888888888888,8,33,63,11,1970-01-21 07:32:30.153333333,1970-01-21 07:33:16.686666666,Hè,,,
Lai Châu,Trung du miền núi Bắc Bộ,2025-08-15,20.822222222222223,22.288888888888888,19.133333333333333,24.533333333333335,26.577777777777776,22.077777777777776,26.61111111111111,26.61111111111111,0.0,17.555555555555557,96.0,5.744444444444444,22.966666666666665,9.166666666666666,1007.4333333333333,99.88888888888889,20.166666666666668,0.0,1.7622222222222221,22.3964,103.458,1.2000000000000002,12.908888888888889,8,33,63,59,1970-01-21 07:33:56.580000000,1970-01-21 07:34:43.040000000,Hè,,,
Lai Châu,Trung du miền núi Bắc Bộ,2025-08-16,20.72222222222222,24.677777777777777,18.733333333333334,24.055555555555557,28.78888888888889,21.5,10.81111111111111,10.81111111111111,0.0,14.222222222222221,92.77777777777777,8.233333333333333,32.27777777777778,15.030000000000001,1009.811111111111,87.77777777777777,19.38888888888889,0.0,2.8499999999999996,22.3964,103.458,7.256666666666667,12.891111111111112,8,33,63,59,1970-01-21 07:35:22.986666666,1970-01-21 07:36:09.406666666,Hè,,,
Lai Châu,Trung du miền núi Bắc Bộ,2025-08-17,21.88888888888889,26.133333333333333,18.444444444444443,25.188888888888886,30.67777777777778,20.91111111111111,2.8777777777777778,2.8777777777777778,0.0,5.222222222222222,83.55555555555556,7.2555555555555555,28.799999999999997,23.26888888888889,1011.1555555555556,49.111111111111114,18.766666666666666,0.0,4.398888888888888,22.3964,103.458,12.162222222222223,12.871111111111112,8,33,51,60,1970-01-21 07:36:49.420000000,1970-01-21 07:37:35.753333333,Hè,,,
Lai Châu,Trung du miền núi Bắc Bộ,2025-08-18,22.966666666666665,27.98888888888889,18.288888888888888,26.188888888888886,32.51111111111111,20.4,1.1444444444444446,1.1444444444444446,0.0,5.666666666666667,76.33333333333333,6.266666666666667,23.422222222222224,25.055555555555557,1009.4222222222221,83.22222222222223,18.288888888888888,0.0,4.913333333333333,22.3964,103.458,12.004444444444443,12.853333333333332,8,34,51,33,1970-01-21 07:38:15.840000000,1970-01-21 07:39:02.106666666,Hè,,,
Lai Châu,Trung du miền núi Bắc Bộ,2025-08-19,22.288888888888888,26.744444444444444,19.077777777777776,25.944444444444443,31.45555555555556,22.0,12.133333333333333,12.133333333333333,0.0,8.666666666666666,86.33333333333333,6.566666666666666,25.6,20.59,1008.6333333333334,91.77777777777777,19.766666666666666,0.0,3.9822222222222226,22.3964,103.458,10.654444444444444,12.833333333333334,8,34,63,55,1970-01-21 07:39:42.253333333,1970-01-21 07:40:28.460000000,Hè,,,
Lai Châu,Trung du miền núi Bắc Bộ,2025-08-20,20.788888888888888,23.977777777777778,19.22222222222222,24.08888888888889,27.666666666666668,22.077777777777776,27.22222222222222,27.22222222222222,0.0,20.0,94.22222222222223,7.044444444444444,31.755555555555556,11.646666666666667,1009.9000000000001,100.0,19.788888888888888,0.0,2.232222222222222,22.3964,103.458,3.145555555555555,12.813333333333334,8,34,63,44,1970-01-21 07:41:08.680000000,1970-01-21 07:41:54.813333333,Hè,,,
Lai Châu,Trung du miền núi Bắc Bộ,2025-08-21,20.955555555555556,24.91111111111111,18.577777777777776,24.055555555555557,28.78888888888889,21.055555555555557,25.4,25.4,0.0,21.77777777777778,91.66666666666667,7.211111111111112,32.24444444444444,14.766666666666667,1010.9777777777776,100.0,19.455555555555556,0.0,2.822222222222222,22.3964,103.458,6.227777777777778,12.796666666666667,8,34,63,58,1970-01-21 07:42:35.100000000,1970-01-21 07:43:21.166666666,Hè,,,
Lai Châu,Trung du miền núi Bắc Bộ,2025-08-22,20.433333333333334,23.555555555555557,18.61111111111111,23.48888888888889,26.744444444444444,21.11111111111111,19.922222222222224,19.922222222222224,0.0,17.11111111111111,92.77777777777777,5.9,30.400000000000002,10.541111111111112,1010.6999999999999,100.0,19.144444444444446,0.0,2.07,22.3964,103.458,1.9688888888888887,12.777777777777779,8,34,63,52,1970-01-21 07:44:01.506666666,1970-01-21 07:44:47.513333333,Hè,,,
Lai Châu,Trung du miền núi Bắc Bộ,2025-08-23,20.4,23.244444444444444,18.37777777777778,23.733333333333334,27.333333333333332,20.9,14.600000000000001,14.600000000000001,0.0,17.11111111111111,93.55555555555556,5.088888888888889,24.233333333333334,11.426666666666668,1010.9333333333333,97.66666666666667,19.288888888888888,0.0,2.216666666666667,22.3964,103.458,3.0677777777777777,12.757777777777777,8,34,63,17,1970-01-21 07:45:27.940000000,1970-01-21 07:46:13.860000000,Hè,,,
Lai Châu,Trung du miền núi Bắc Bộ,2025-08-24,22.1,27.033333333333335,18.48888888888889,25.666666666666668,32.077777777777776,21.211111111111112,2.3666666666666667,2.3666666666666667,0.0,5.888888888888889,85.33333333333333,6.322222222222222,24.688888888888886,22.963333333333335,1010.3333333333334,91.0,19.266666666666666,0.0,4.428888888888888,22.3964,103.458,11.31,12.736666666666666,8,34,51,33,1970-01-21 07:46:54.360000000,1970-01-21 07:47:40.206666666,Hè,,,
Lai Châu,Trung du miền núi Bắc Bộ,2025-08-25,22.333333333333332,27.211111111111112,18.077777777777776,25.233333333333334,30.733333333333334,20.233333333333334,2.7777777777777777,2.7777777777777777,0.0,9.222222222222221,81.0,8.411111111111111,35.84444444444444,23.474444444444444,1008.8222222222222,83.11111111111111,18.455555555555556,0.0,4.513333333333333,22.3964,103.458,11.741111111111111,12.716666666666667,8,35,51,21,1970-01-21 07:48:20.766666666,1970-01-21 07:49:06.546666666,Hè,,,
Lai Châu,Trung du miền núi Bắc Bộ,2025-08-26,20.01111111111111,21.12222222222222,18.9,22.62222222222222,24.27777777777778,21.12222222222222,35.099999999999994,35.099999999999994,0.0,18.0,93.88888888888889,9.244444444444445,48.0,4.9688888888888885,1008.6111111111111,98.44444444444444,18.955555555555556,0.0,1.0422222222222224,22.3964,103.458,0.030000000000000002,12.696666666666665,8,35,63,2,1970-01-21 07:49:47.200000000,1970-01-21 07:50:32.900000000,Hè,,,
Lai Châu,Trung du miền núi Bắc Bộ,2025-08-27,20.944444444444443,24.544444444444444,18.555555555555557,24.244444444444447,28.488888888888887,21.133333333333333,13.011111111111111,13.011111111111111,0.0,14.666666666666666,91.66666666666667,7.6000000000000005,30.56666666666667,16.584444444444443,1009.8777777777777,91.77777777777777,19.422222222222224,0.0,3.1355555555555554,22.3964,103.458,9.447777777777778,12.676666666666668,8,35,63,59,1970-01-21 07:51:13.620000000,1970-01-21 07:51:59.240000000,Hè,,,
Lai Châu,Trung du miền núi Bắc Bộ,2025-08-28,21.188888888888886,24.944444444444443,18.044444444444444,24.58888888888889,29.11111111111111,20.644444444444446,5.722222222222222,5.722222222222222,0.0,11.444444444444445,89.44444444444444,6.411111111111111,25.22222222222222,18.130000000000003,1010.1666666666666,71.66666666666667,19.266666666666666,0.0,3.46,22.3964,103.458,10.893333333333333,12.656666666666666,8,35,63,49,1970-01-21 07:52:40.026666666,1970-01-21 07:53:25.593333333,Hè,,,
Lai Châu,Trung du miền núi Bắc Bộ,2025-08-29,21.677777777777777,26.666666666666668,17.366666666666667,24.977777777777778,31.144444444444446,19.6,2.2333333333333334,2.2333333333333334,0.0,8.222222222222221,85.33333333333333,6.344444444444445,26.644444444444446,22.84111111111111,1011.5,60.55555555555556,18.866666666666667,0.0,4.3677777777777775,22.3964,103.458,11.925555555555555,12.636666666666667,8,35,51,2,1970-01-21 07:54:06.453333333,1970-01-21 07:54:51.946666666,Hè,,,
Lai Châu,Trung du miền núi Bắc Bộ,2025-08-30,22.766666666666666,27.444444444444443,19.166666666666668,25.933333333333334,31.533333333333335,21.677777777777777,2.3555555555555556,2.3555555555555556,0.0,6.888888888888889,80.11111111111111,7.98888888888889,32.044444444444444,22.676666666666666,1011.0333333333333,82.77777777777777,18.844444444444445,0.0,4.398888888888889,22.3964,103.458,11.604444444444445,12.613333333333333,8,35,61,11,1970-01-21 07:55:32.880000000,1970-01-21 07:56:18.293333333,Hè,,,
Lai Châu,Trung du miền núi Bắc Bộ,2025-08-31,22.355555555555554,26.48888888888889,19.555555555555557,25.944444444444443,31.422222222222224,22.477777777777778,7.322222222222223,7.322222222222223,0.0,9.333333333333334,85.88888888888889,8.233333333333334,32.17777777777778,21.79888888888889,1010.1666666666666,75.0,19.655555555555555,0.0,4.141111111111111,22.3964,103.458,10.707777777777778,12.593333333333334,8,35,53,58,1970-01-21 07:56:59.286666666,1970-01-21 07:57:44.633333333,Hè,,,
Lai Châu,Trung du miền núi Bắc Bộ,2025-09-01,22.333333333333332,27.01111111111111,18.200000000000003,25.977777777777774,31.877777777777776,20.833333333333332,1.0222222222222221,1.0222222222222221,0.0,5.111111111111111,85.22222222222223,5.266666666666667,21.955555555555556,22.22,1009.4000000000001,63.666666666666664,19.5,0.0,4.318888888888889,22.3964,103.458,11.637777777777778,12.573333333333332,9,36,51,51,1970-01-21 07:58:25.713333333,1970-01-21 07:59:10.973333333,Thu,,,
Lai Châu,Trung du miền núi Bắc Bộ,2025-09-02,22.788888888888888,27.48888888888889,18.811111111111114,26.54444444444444,32.31111111111111,21.677777777777777,2.466666666666667,2.466666666666667,0.0,6.777777777777778,84.22222222222223,5.177777777777778,20.72222222222222,21.237777777777776,1009.2777777777778,64.33333333333333,19.677777777777777,0.0,4.2011111111111115,22.3964,103.458,11.66,12.553333333333335,9,36,51,26,1970-01-21 07:59:52.133333333,1970-01-21 08:00:37.320000000,Thu,,,
Lai Châu,Trung du miền núi Bắc Bộ,2025-09-03,22.922222222222224,27.1,19.27777777777778,26.9,32.333333333333336,22.177777777777777,2.8,2.8,0.0,7.777777777777778,85.33333333333333,5.733333333333333,22.4,20.86777777777778,1009.7444444444445,56.55555555555556,20.144444444444446,0.0,4.108888888888889,22.3964,103.458,11.337777777777777,12.533333333333333,9,36,53,28,1970-01-21 08:01:18.540000000,1970-01-21 08:02:03.660000000,Thu,,,
Lai Châu,Trung du miền núi Bắc Bộ,2025-09-04,23.1,27.57777777777778,19.38888888888889,27.077777777777776,32.7,22.355555555555554,2.888888888888889,2.888888888888889,0.0,7.888888888888889,85.33333333333333,5.833333333333333,23.6,21.072222222222223,1009.3777777777777,43.111111111111114,20.299999999999997,0.0,4.153333333333332,22.3964,103.458,11.45111111111111,12.513333333333334,9,36,61,45,1970-01-21 08:02:44.953333333,1970-01-21 08:03:30.000000000,Thu,,,
Lai Châu,Trung du miền núi Bắc Bộ,2025-09-05,23.355555555555554,27.7,19.41111111111111,27.444444444444443,32.82222222222222,22.311111111111114,4.055555555555555,4.055555555555555,0.0,8.555555555555555,84.22222222222223,5.144444444444444,23.233333333333334,22.30333333333333,1009.688888888889,69.88888888888889,20.288888888888888,0.0,4.385555555555555,22.3964,103.458,11.868888888888888,12.492222222222223,9,36,63,21,1970-01-21 08:04:11.380000000,1970-01-21 08:04:56.346666666,Thu,,,
Lai Châu,Trung du miền núi Bắc Bộ,2025-09-06,22.555555555555557,26.5,19.155555555555555,26.46666666666667,31.5,22.155555555555555,5.477777777777778,5.477777777777778,0.0,7.333333333333333,87.22222222222223,5.122222222222223,22.811111111111114,19.83888888888889,1010.8444444444444,98.33333333333333,20.177777777777777,0.0,3.8711111111111114,22.3964,103.458,11.877777777777778,12.472222222222221,9,36,63,82,1970-01-21 08:05:37.800000000,1970-01-21 08:06:22.686666666,Thu,,,
Lai Châu,Trung du miền núi Bắc Bộ,2025-09-07,22.477777777777778,26.9,18.711111111111112,26.288888888888888,31.93333333333333,21.544444444444444,2.8555555555555556,2.8555555555555556,0.0,6.555555555555555,86.11111111111111,4.800000000000001,20.677777777777777,20.15,1009.5777777777779,75.0,19.87777777777778,0.0,3.942222222222222,22.3964,103.458,11.845555555555556,12.45111111111111,9,36,51,12,1970-01-21 08:07:04.206666666,1970-01-21 08:07:49.026666666,Thu,,,
Lai Châu,Trung du miền núi Bắc Bộ,2025-09-08,23.133333333333336,27.333333333333332,19.422222222222224,26.977777777777778,32.22222222222222,22.200000000000003,2.2,2.2,0.0,6.222222222222222,82.44444444444444,4.666666666666667,19.855555555555554,21.412222222222223,1008.5444444444444,60.55555555555556,19.799999999999997,0.0,4.21,22.3964,103.458,11.904444444444444,12.43,9,37,51,238,1970-01-21 08:08:30.633333333,1970-01-21 08:09:15.366666666,Thu,,,
Lai Châu,Trung du miền núi Bắc Bộ,2025-09-09,21.455555555555556,24.6,19.355555555555554,25.12222222222222,28.65555555555555,22.288888888888888,17.700000000000003,17.700000000000003,0.0,16.22222222222222,91.88888888888889,5.611111111111111,23.288888888888888,9.876666666666667,1010.0666666666667,100.0,20.022222222222222,0.0,1.9655555555555557,22.3964,103.458,3.3844444444444446,12.41,9,37,63,16,1970-01-21 08:09:57.060000000,1970-01-21 08:10:41.706666666,Thu,,,
Lai Châu,Trung du miền núi Bắc Bộ,2025-09-10,21.299999999999997,24.38888888888889,19.333333333333332,24.788888888888888,27.98888888888889,22.41111111111111,22.022222222222222,22.022222222222222,0.0,15.666666666666666,91.88888888888889,4.933333333333334,21.788888888888888,11.296666666666667,1010.7444444444445,100.0,19.844444444444445,0.0,2.223333333333333,22.3964,103.458,4.417777777777777,12.387777777777778,9,37,63,55,1970-01-21 08:11:23.460000000,1970-01-21 08:12:08.046666666,Thu,,,
Lai Châu,Trung du miền núi Bắc Bộ,2025-09-11,21.27777777777778,25.566666666666666,18.87777777777778,24.677777777777777,29.95555555555556,21.655555555555555,20.744444444444444,20.744444444444444,0.0,17.555555555555557,90.77777777777777,6.666666666666667,25.866666666666667,15.895555555555555,1011.2888888888889,99.44444444444444,19.566666666666666,0.0,3.0255555555555556,22.3964,103.458,8.125555555555556,12.366666666666667,9,37,61,63,1970-01-21 08:12:49.880000000,1970-01-21 08:13:34.386666666,Thu,,,
Lai Châu,Trung du miền núi Bắc Bộ,2025-09-12,21.355555555555554,25.077777777777776,19.044444444444444,24.81111111111111,29.22222222222222,21.866666666666667,17.822222222222223,17.822222222222223,0.0,17.0,90.44444444444444,5.277777777777778,24.155555555555555,14.612222222222222,1012.0333333333333,98.55555555555556,19.677777777777777,0.0,2.8066666666666666,22.3964,103.458,7.202222222222222,12.346666666666668,9,37,63,224,1970-01-21 08:14:16.300000000,1970-01-21 08:15:00.726666666,Thu,,,
Lai Châu,Trung du miền núi Bắc Bộ,2025-09-13,21.155555555555555,24.933333333333334,18.844444444444445,24.566666666666666,28.788888888888884,21.633333333333333,17.288888888888888,17.288888888888888,0.0,15.555555555555555,91.66666666666667,6.188888888888889,25.12222222222222,14.326666666666666,1013.0,100.0,19.62222222222222,0.0,2.7544444444444443,22.3964,103.458,6.83,12.323333333333332,9,37,63,51,1970-01-21 08:15:42.720000000,1970-01-21 08:16:27.066666666,Thu,,,
Lai Châu,Trung du miền núi Bắc Bộ,2025-09-14,21.311111111111114,24.633333333333333,18.766666666666666,24.788888888888888,29.11111111111111,21.633333333333336,3.411111111111111,3.411111111111111,0.0,9.222222222222221,89.33333333333333,5.911111111111111,25.211111111111112,17.795555555555556,1013.0111111111112,89.88888888888889,19.4,0.0,3.3722222222222222,22.3964,103.458,10.96888888888889,12.301111111111112,9,37,53,28,1970-01-21 08:17:09.120000000,1970-01-21 08:17:53.406666666,Thu,,,
Lai Châu,Trung du miền núi Bắc Bộ,2025-09-15,21.5,26.066666666666666,18.244444444444444,24.933333333333334,30.400000000000002,20.9,9.877777777777778,9.877777777777778,0.0,12.11111111111111,88.33333333333333,5.211111111111111,22.322222222222223,18.711111111111112,1012.9222222222221,92.88888888888889,19.322222222222223,0.0,3.631111111111111,22.3964,103.458,9.936666666666667,12.28,9,38,63,49,1970-01-21 08:18:35.546666666,1970-01-21 08:19:19.746666666,Thu,,,
Lai Châu,Trung du miền núi Bắc Bộ,2025-09-16,21.322222222222223,25.266666666666666,18.188888888888886,24.62222222222222,29.099999999999998,20.766666666666666,10.1,10.1,0.0,11.444444444444445,87.66666666666667,5.422222222222222,22.522222222222222,18.308888888888887,1013.0777777777779,76.77777777777777,19.055555555555557,0.0,3.5044444444444443,22.3964,103.458,11.229999999999999,12.26,9,38,63,19,1970-01-21 08:20:01.973333333,1970-01-21 08:20:46.086666666,Thu,,,
Lai Châu,Trung du miền núi Bắc Bộ,2025-09-17,21.62222222222222,25.77777777777778,17.977777777777778,25.055555555555557,29.811111111111114,20.48888888888889,4.355555555555555,4.355555555555555,0.0,8.555555555555555,86.88888888888889,5.077777777777778,21.477777777777778,18.616666666666667,1011.5999999999999,64.66666666666667,19.211111111111112,0.0,3.606666666666667,22.3964,103.458,11.874444444444444,12.24,9,38,63,15,1970-01-21 08:21:28.380000000,1970-01-21 08:22:12.426666666,Thu,,,
Lai Châu,Trung du miền núi Bắc Bộ,2025-09-18,21.655555555555555,25.855555555555554,18.355555555555558,25.1,30.422222222222224,20.91111111111111,2.3777777777777778,2.3777777777777778,0.0,7.888888888888889,87.77777777777777,5.866666666666666,24.41111111111111,19.496666666666666,1011.4111111111112,61.111111111111114,19.366666666666667,0.0,3.735555555555555,22.3964,103.458,11.473333333333334,12.22,9,38,53,52,1970-01-21 08:22:54.793333333,1970-01-21 08:23:38.766666666,Thu,,,
Lai Châu,Trung du miền núi Bắc Bộ,2025-09-19,22.37777777777778,26.91111111111111,18.522222222222222,25.855555555555554,31.644444444444446,21.08888888888889,2.411111111111111,2.411111111111111,0.0,6.333333333333333,83.11111111111111,4.944444444444445,19.96666666666667,21.19222222222222,1011.2333333333333,60.111111111111114,19.1,0.0,4.156666666666666,22.3964,103.458,11.716666666666667,12.196666666666665,9,38,51,55,1970-01-21 08:24:21.213333333,1970-01-21 08:25:05.106666666,Thu,,,
Lai Châu,Trung du miền núi Bắc Bộ,2025-09-20,22.677777777777777,27.322222222222223,18.188888888888886,26.133333333333333,31.866666666666667,20.733333333333334,1.0444444444444445,1.0444444444444445,0.0,4.666666666666667,81.44444444444444,4.944444444444445,20.4,20.926666666666666,1009.8444444444444,59.77777777777778,19.077777777777776,0.0,4.138888888888889,22.3964,103.458,11.664444444444445,12.17111111111111,9,38,51,22,1970-01-21 08:25:47.640000000,1970-01-21 08:26:31.446666666,Thu,,,
Lai Châu,Trung du miền núi Bắc Bộ,2025-09-21,22.61111111111111,26.922222222222224,19.4,26.244444444444444,31.622222222222224,22.177777777777777,7.177777777777777,7.177777777777777,0.0,8.666666666666666,84.22222222222223,5.311111111111111,23.433333333333334,18.362222222222222,1009.2111111111111,73.44444444444444,19.633333333333333,0.0,3.6155555555555554,22.3964,103.458,11.072222222222223,12.15,9,38,63,63,1970-01-21 08:27:14.040000000,1970-01-21 08:27:57.793333333,Thu,,,
Lai Châu,Trung du miền núi Bắc Bộ,2025-09-22,21.355555555555554,24.166666666666668,19.144444444444446,25.08888888888889,28.27777777777778,22.155555555555555,9.055555555555555,9.055555555555555,0.0,15.88888888888889,93.33333333333333,5.133333333333334,20.644444444444446,11.931111111111111,1010.0555555555555,94.33333333333333,20.177777777777777,0.0,2.3033333333333332,22.3964,103.458,5.511111111111111,12.13,9,39,61,45,1970-01-21 08:28:40.460000000,1970-01-21 08:29:24.133333333,Thu,,,
Lai Châu,Trung du miền núi Bắc Bộ,2025-09-23,21.37777777777778,25.1,19.200000000000003,24.966666666666665,29.099999999999998,22.22222222222222,12.488888888888887,12.488888888888887,0.0,16.22222222222222,91.22222222222223,5.766666666666667,24.87777777777778,13.533333333333333,1009.1111111111111,90.88888888888889,19.822222222222223,0.0,2.631111111111111,22.3964,103.458,7.382222222222222,12.11,9,39,63,46,1970-01-21 08:30:06.893333333,1970-01-21 08:30:50.480000000,Thu,,,
Lai Châu,Trung du miền núi Bắc Bộ,2025-09-24,22.677777777777777,27.4,19.11111111111111,25.37777777777778,30.133333333333333,21.61111111111111,5.155555555555555,5.155555555555555,0.0,5.555555555555555,76.88888888888889,8.877777777777778,30.56666666666667,21.512222222222224,1007.3444444444444,55.666666666666664,18.0,0.0,4.1866666666666665,22.3964,103.458,11.46888888888889,12.09,9,39,51,6,1970-01-21 08:31:33.300000000,1970-01-21 08:32:16.820000000,Thu,,,
Lai Châu,Trung du miền núi Bắc Bộ,2025-09-25,21.788888888888888,26.033333333333335,18.244444444444444,23.655555555555555,27.5,19.533333333333335,2.2333333333333334,2.2333333333333334,0.0,6.444444444444445,74.88888888888889,9.877777777777776,35.58888888888889,14.32888888888889,1007.1555555555556,92.33333333333333,16.87777777777778,0.0,2.9433333333333334,22.3964,103.458,8.232222222222223,12.07,9,39,51,18,1970-01-21 08:32:59.720000000,1970-01-21 08:33:43.160000000,Thu,,,
Lai Châu,Trung du miền núi Bắc Bộ,2025-09-26,20.700000000000003,23.62222222222222,18.933333333333334,23.533333333333335,26.51111111111111,21.544444444444444,2.3666666666666667,2.3666666666666667,0.0,10.333333333333334,87.88888888888889,6.022222222222222,24.566666666666666,12.015555555555556,1012.5111111111112,93.66666666666667,18.48888888888889,0.0,2.338888888888889,22.3964,103.458,6.498888888888889,12.05,9,39,51,13,1970-01-21 08:34:26.146666666,1970-01-21 08:35:09.506666666,Thu,,,
Lai Châu,Trung du miền núi Bắc Bộ,2025-09-27,21.188888888888886,25.22222222222222,18.53333333333333,24.444444444444443,29.43333333333333,20.98888888888889,10.777777777777779,10.777777777777779,0.0,11.0,89.11111111111111,6.855555555555556,29.433333333333337,16.97,1015.0222222222224,92.0,19.200000000000003,0.0,3.171111111111111,22.3964,103.458,10.476666666666667,12.027777777777779,9,39,63,60,1970-01-21 08:35:52.560000000,1970-01-21 08:36:35.846666666,Thu,,,
Lai Châu,Trung du miền núi Bắc Bộ,2025-09-28,21.733333333333334,27.044444444444444,17.422222222222224,24.644444444444442,31.04444444444444,19.5,2.0555555555555554,2.0555555555555554,0.0,6.444444444444445,84.0,8.31111111111111,38.577777777777776,21.182222222222222,1012.3444444444444,54.77777777777778,18.58888888888889,0.0,4.054444444444445,22.3964,103.458,11.432222222222222,12.003333333333334,9,39,51,22,1970-01-21 08:37:18.966666666,1970-01-21 08:38:02.186666666,Thu,,,
Lai Châu,Trung du miền núi Bắc Bộ,2025-09-29,19.977777777777778,21.38888888888889,18.799999999999997,22.177777777777777,23.933333333333334,20.58888888888889,68.24444444444445,68.24444444444445,0.0,17.11111111111111,91.55555555555556,13.333333333333334,70.17777777777778,5.932222222222222,1008.1333333333334,96.66666666666667,18.466666666666665,0.0,1.1966666666666665,22.3964,103.458,0.37333333333333335,11.98,9,40,65,0,1970-01-21 08:38:45.393333333,1970-01-21 08:39:28.533333333,Thu,,,
Lai Châu,Trung du miền núi Bắc Bộ,2025-09-30,19.68888888888889,21.22222222222222,18.58888888888889,22.855555555555554,24.833333333333332,21.266666666666666,27.177777777777777,27.177777777777777,0.0,23.333333333333332,97.0,5.566666666666666,37.97777777777778,5.303333333333334,1011.188888888889,99.55555555555556,19.177777777777777,0.0,1.0633333333333335,22.3964,103.458,0.42000000000000004,11.96,9,40,63,67,1970-01-21 08:40:11.820000000,1970-01-21 08:40:54.873333333,Thu,,,
Lai Châu,Trung du miền núi Bắc Bộ,2025-10-01,20.233333333333334,23.733333333333334,18.27777777777778,23.333333333333332,27.299999999999997,20.855555555555554,15.577777777777776,15.577777777777776,0.0,18.444444444444443,93.11111111111111,7.333333333333333,30.08888888888889,14.137777777777778,1013.9777777777776,99.55555555555556,19.044444444444444,0.0,2.604444444444445,22.3964,103.458,7.83,11.94,10,40,65,39,1970-01-21 08:41:38.220000000,1970-01-21 08:42:21.213333333,Thu,,,
Lai Châu,Trung du miền núi Bắc Bộ,2025-10-02,20.855555555555554,24.733333333333334,17.7,24.055555555555557,28.56666666666667,20.066666666666666,5.055555555555555,5.055555555555555,0.0,9.444444444444445,90.0,6.144444444444444,27.244444444444444,16.686666666666667,1014.2888888888889,92.77777777777777,19.055555555555557,0.0,3.1133333333333333,22.3964,103.458,10.936666666666666,11.92,10,40,63,232,1970-01-21 08:43:04.653333333,1970-01-21 08:43:47.560000000,Thu,,,
Lai Châu,Trung du miền núi Bắc Bộ,2025-10-03,21.933333333333334,26.744444444444444,18.11111111111111,25.366666666666667,31.099999999999998,20.711111111111112,3.111111111111111,3.111111111111111,0.0,11.777777777777779,86.77777777777777,6.2444444444444445,24.87777777777778,19.06888888888889,1013.2222222222222,58.55555555555556,19.4,0.0,3.678888888888889,22.3964,103.458,11.223333333333334,11.898888888888889,10,40,51,62,1970-01-21 08:44:31.073333333,1970-01-21 08:45:13.900000000,Thu,,,
Lai Châu,Trung du miền núi Bắc Bộ,2025-10-04,21.344444444444445,24.733333333333334,18.811111111111114,24.77777777777778,28.72222222222222,21.700000000000003,5.544444444444444,5.544444444444444,0.0,11.555555555555555,89.77777777777777,5.388888888888889,23.855555555555554,15.67,1013.6222222222223,63.55555555555556,19.51111111111111,0.0,2.966666666666667,22.3964,103.458,10.411111111111111,11.876666666666667,10,40,63,34,1970-01-21 08:45:57.480000000,1970-01-21 08:46:40.246666666,Thu,,,
Lai Châu,Trung du miền núi Bắc Bộ,2025-10-05,22.1,27.233333333333334,17.966666666666665,25.644444444444446,31.65555555555555,20.422222222222224,1.9222222222222223,1.9222222222222223,0.0,6.0,86.0,5.466666666666667,22.744444444444444,19.518888888888892,1011.1111111111111,78.0,19.41111111111111,0.0,3.7877777777777784,22.3964,103.458,10.915555555555555,11.853333333333332,10,40,51,43,1970-01-21 08:47:23.913333333,1970-01-21 08:48:06.586666666,Thu,,,
Lai Châu,Trung du miền núi Bắc Bộ,2025-10-06,21.477777777777778,25.166666666666668,18.677777777777777,24.811111111111114,28.84444444444445,21.266666666666666,14.877777777777778,14.877777777777778,0.0,15.222222222222221,89.11111111111111,6.433333333333334,28.01111111111111,13.196666666666665,1008.8888888888889,91.33333333333333,19.48888888888889,0.0,2.5611111111111113,22.3964,103.458,7.1899999999999995,11.83222222222222,10,41,63,24,1970-01-21 08:48:50.333333333,1970-01-21 08:49:32.933333333,Thu,,,
Lai Châu,Trung du miền núi Bắc Bộ,2025-10-07,19.22222222222222,20.22222222222222,18.42222222222222,22.12222222222222,23.477777777777778,21.188888888888886,40.43333333333334,40.43333333333334,0.0,21.22222222222222,97.55555555555556,7.055555555555555,30.522222222222222,4.876666666666667,1012.9111111111112,99.77777777777777,18.77777777777778,0.0,0.9688888888888889,22.3964,103.458,0.05111111111111111,11.81,10,41,63,66,1970-01-21 08:50:16.740000000,1970-01-21 08:50:59.280000000,Thu,,,
Lai Châu,Trung du miền núi Bắc Bộ,2025-10-08,20.366666666666667,23.944444444444443,17.87777777777778,23.37777777777778,27.5,20.311111111111114,5.2444444444444445,5.2444444444444445,0.0,13.444444444444445,90.0,4.888888888888889,23.955555555555556,13.86,1015.5111111111112,80.55555555555556,18.566666666666666,0.0,2.6333333333333333,22.3964,103.458,7.696666666666666,11.79,10,41,61,135,1970-01-21 08:51:43.173333333,1970-01-21 08:52:25.620000000,Thu,,,
Lai Châu,Trung du miền núi Bắc Bộ,2025-10-09,21.11111111111111,25.51111111111111,17.9,24.033333333333335,29.15555555555555,20.5,1.1888888888888889,1.1888888888888889,0.0,5.444444444444445,84.33333333333333,4.977777777777778,20.88888888888889,18.880000000000003,1014.8666666666666,46.666666666666664,18.1,0.0,3.592222222222222,22.3964,103.458,10.67,11.768888888888888,10,41,51,139,1970-01-21 08:53:09.593333333,1970-01-21 08:53:51.960000000,Thu,,,
Lai Châu,Trung du miền núi Bắc Bộ,2025-10-10,21.08888888888889,26.444444444444443,16.58888888888889,23.566666666666666,29.622222222222224,18.477777777777778,0.08888888888888888,0.08888888888888888,0.0,0.6666666666666666,78.88888888888889,5.300000000000001,20.633333333333333,21.058888888888887,1014.0888888888888,46.888888888888886,16.866666666666667,0.0,4.007777777777778,22.3964,103.458,11.393333333333334,11.747777777777777,10,41,3,64,1970-01-21 08:54:36.006666666,1970-01-21 08:55:18.300000000,Thu,,,
Lai Châu,Trung du miền núi Bắc Bộ,2025-10-11,20.87777777777778,26.27777777777778,15.644444444444446,23.211111111111112,29.700000000000003,16.966666666666665,0.2111111111111111,0.2111111111111111,0.0,0.7777777777777778,77.55555555555556,4.855555555555556,19.033333333333335,21.036666666666665,1013.1111111111111,15.333333333333334,16.455555555555556,0.0,3.978888888888889,22.3964,103.458,11.56111111111111,11.726666666666667,10,41,1,59,1970-01-21 08:56:02.433333333,1970-01-21 08:56:44.646666666,Thu,,,
Lai Châu,Trung du miền núi Bắc Bộ,2025-10-12,21.177777777777777,26.41111111111111,16.0,23.655555555555555,29.633333333333333,17.422222222222224,0.47777777777777786,0.47777777777777786,0.0,2.2222222222222223,79.0,5.211111111111111,20.844444444444445,20.253333333333334,1012.7333333333333,17.444444444444443,17.066666666666666,0.0,3.855555555555556,22.3964,103.458,11.464444444444446,11.706666666666667,10,41,51,47,1970-01-21 08:57:28.860000000,1970-01-21 08:58:10.986666666,Thu,,,
Lai Châu,Trung du miền núi Bắc Bộ,2025-10-13,21.544444444444444,26.211111111111112,17.11111111111111,24.577777777777776,30.333333333333332,19.22222222222222,1.0222222222222221,1.0222222222222221,0.0,4.333333333333333,83.33333333333333,5.111111111111111,20.4,18.34111111111111,1013.2444444444445,37.22222222222222,18.366666666666667,0.0,3.5288888888888885,22.3964,103.458,10.786666666666667,11.686666666666666,10,42,51,68,1970-01-21 08:58:55.266666666,1970-01-21 08:59:37.353333333,Thu,,,
Lai Châu,Trung du miền núi Bắc Bộ,2025-10-14,20.799999999999997,24.966666666666665,17.255555555555556,23.77777777777778,28.88888888888889,19.2,3.8444444444444437,3.8444444444444437,0.0,5.777777777777778,88.22222222222223,6.0,24.255555555555556,16.275555555555556,1013.5555555555555,88.55555555555556,18.644444444444446,0.0,3.072222222222222,22.3964,103.458,9.418888888888889,11.666666666666666,10,42,51,44,1970-01-21 09:00:21.713333333,1970-01-21 09:01:03.700000000,Thu,,,
Lai Châu,Trung du miền núi Bắc Bộ,2025-10-15,20.666666666666668,24.38888888888889,18.266666666666666,23.677777777777777,27.944444444444443,20.788888888888888,9.444444444444445,9.444444444444445,0.0,14.777777777777779,89.55555555555556,6.966666666666667,27.244444444444444,15.193333333333335,1013.9333333333333,95.11111111111111,18.755555555555556,0.0,2.868888888888889,22.3964,103.458,8.97888888888889,11.646666666666668,10,42,61,56,1970-01-21 09:01:48.126666666,1970-01-21 09:02:30.060000000,Thu,,,
Lai Châu,Trung du miền núi Bắc Bộ,2025-10-16,20.655555555555555,24.62222222222222,18.255555555555556,23.700000000000003,28.033333333333335,20.91111111111111,13.344444444444443,13.344444444444443,0.0,13.666666666666666,88.77777777777777,6.688888888888889,27.811111111111114,16.20111111111111,1015.8666666666666,86.22222222222223,18.58888888888889,0.0,3.037777777777778,22.3964,103.458,9.21888888888889,11.626666666666667,10,42,63,105,1970-01-21 09:03:14.553333333,1970-01-21 09:03:56.400000000,Thu,,,
Lai Châu,Trung du miền núi Bắc Bộ,2025-10-17,20.88888888888889,25.38888888888889,17.655555555555555,23.62222222222222,28.65555555555555,19.98888888888889,0.8888888888888888,0.8888888888888888,0.0,4.555555555555555,83.77777777777777,5.922222222222222,23.155555555555555,18.35,1016.4000000000001,43.111111111111114,17.766666666666666,0.0,3.4633333333333334,22.3964,103.458,10.432222222222222,11.603333333333332,10,42,51,137,1970-01-21 09:04:40.973333333,1970-01-21 09:05:22.746666666,Thu,,,
Lai Châu,Trung du miền núi Bắc Bộ,2025-10-18,20.41111111111111,25.444444444444443,15.777777777777779,22.866666666666667,28.766666666666666,17.355555555555554,0.36666666666666664,0.36666666666666664,0.0,1.5555555555555556,83.55555555555556,5.699999999999999,23.444444444444443,18.714444444444446,1015.7888888888889,41.77777777777778,17.244444444444444,0.0,3.5033333333333334,22.3964,103.458,11.023333333333333,11.583333333333334,10,42,3,58,1970-01-21 09:06:07.400000000,1970-01-21 09:06:49.100000000,Thu,,,
Lai Châu,Trung du miền núi Bắc Bộ,2025-10-19,20.177777777777777,25.37777777777778,15.544444444444444,22.61111111111111,28.54444444444444,16.955555555555556,0.5888888888888889,0.5888888888888889,0.0,2.6666666666666665,85.0,5.944444444444445,22.466666666666665,18.31,1015.4333333333333,39.55555555555556,17.255555555555556,0.0,3.4222222222222225,22.3964,103.458,10.787777777777778,11.563333333333334,10,42,3,83,1970-01-21 09:07:33.833333333,1970-01-21 09:08:15.460000000,Thu,,,
Lai Châu,Trung du miền núi Bắc Bộ,2025-10-20,20.022222222222222,24.566666666666666,16.788888888888888,22.577777777777776,27.9,18.61111111111111,4.833333333333333,4.833333333333333,0.0,7.222222222222222,87.44444444444444,6.800000000000001,26.044444444444444,17.306666666666665,1015.7888888888889,49.77777777777778,17.677777777777777,0.0,3.178888888888889,22.3964,103.458,10.127777777777778,11.543333333333333,10,43,51,124,1970-01-21 09:09:00.246666666,1970-01-21 09:09:41.813333333,Thu,,,
Lai Châu,Trung du miền núi Bắc Bộ,2025-10-21,19.366666666666667,23.322222222222223,16.766666666666666,21.244444444444447,25.177777777777777,18.37777777777778,2.566666666666667,2.566666666666667,0.0,12.444444444444445,84.44444444444444,7.199999999999999,26.87777777777778,17.178888888888892,1017.4000000000001,56.888888888888886,16.4,0.0,3.0766666666666667,22.3964,103.458,10.157777777777778,11.52222222222222,10,43,51,59,1970-01-21 09:10:26.686666666,1970-01-21 09:11:08.160000000,Thu,,,
Lai Châu,Trung du miền núi Bắc Bộ,2025-10-22,18.08888888888889,22.9,14.399999999999999,18.677777777777777,23.299999999999997,15.0,0.25555555555555554,0.25555555555555554,0.0,1.7777777777777777,76.55555555555556,9.733333333333334,32.74444444444444,16.621111111111112,1018.7777777777778,61.0,13.399999999999999,0.0,2.997777777777778,22.3964,103.458,10.666666666666666,11.502222222222223,10,43,3,17,1970-01-21 09:11:53.106666666,1970-01-21 09:12:34.506666666,Thu,,,
Lai Châu,Trung du miền núi Bắc Bộ,2025-10-23,17.166666666666668,21.522222222222222,12.755555555555555,17.766666666666666,22.255555555555556,12.7,0.07777777777777778,0.07777777777777778,0.0,0.5555555555555556,79.44444444444444,8.377777777777778,28.2,14.74888888888889,1019.5444444444444,58.333333333333336,13.288888888888888,0.0,2.631111111111111,22.3964,103.458,9.194444444444445,11.482222222222223,10,43,3,12,1970-01-21 09:13:19.540000000,1970-01-21 09:14:00.873333333,Thu,,,
Lai Châu,Trung du miền núi Bắc Bộ,2025-10-24,16.566666666666666,18.61111111111111,14.811111111111112,17.711111111111112,19.58888888888889,15.766666666666667,0.8,0.8,0.0,5.444444444444445,89.33333333333333,5.988888888888889,21.555555555555557,6.7588888888888885,1019.4111111111112,88.66666666666667,14.733333333333333,0.0,1.2877777777777777,22.3964,103.458,1.5633333333333335,11.462222222222223,10,43,51,56,1970-01-21 09:14:45.960000000,1970-01-21 09:15:27.226666666,Thu,,,
Lai Châu,Trung du miền núi Bắc Bộ,2025-10-25,17.522222222222222,20.98888888888889,15.022222222222224,18.833333333333332,22.1,16.133333333333333,0.8111111111111112,0.8111111111111112,0.0,4.888888888888889,87.55555555555556,7.344444444444444,26.355555555555554,11.731111111111112,1018.1666666666666,80.0,15.311111111111112,0.0,2.1422222222222222,22.3964,103.458,6.747777777777778,11.44222222222222,10,43,51,52,1970-01-21 09:16:12.393333333,1970-01-21 09:16:53.580000000,Thu,,,
Lai Châu,Trung du miền núi Bắc Bộ,2025-10-26,17.866666666666667,22.022222222222222,14.355555555555554,19.166666666666668,23.22222222222222,15.455555555555556,0.8111111111111111,0.8111111111111111,0.0,4.222222222222222,85.55555555555556,6.9,24.72222222222222,13.72,1018.3777777777777,64.77777777777777,15.155555555555557,0.0,2.49,22.3964,103.458,9.035555555555554,11.422222222222222,10,43,51,66,1970-01-21 09:17:38.813333333,1970-01-21 09:18:19.940000000,Thu,,,
Lai Châu,Trung du miền núi Bắc Bộ,2025-10-27,17.87777777777778,22.4,13.822222222222221,19.08888888888889,23.655555555555555,14.600000000000001,0.8666666666666667,0.8666666666666667,0.0,4.777777777777778,83.77777777777777,6.888888888888889,25.044444444444444,14.551111111111112,1018.6666666666666,62.55555555555556,14.822222222222223,0.0,2.627777777777778,22.3964,103.458,9.467777777777778,11.402222222222223,10,44,51,57,1970-01-21 09:19:05.246666666,1970-01-21 09:19:46.300000000,Thu,,,
Lai Châu,Trung du miền núi Bắc Bộ,2025-10-28,18.6,22.58888888888889,15.11111111111111,19.977777777777778,23.87777777777778,16.355555555555554,0.6888888888888889,0.6888888888888889,0.0,4.333333333333333,82.11111111111111,6.466666666666667,23.844444444444445,15.08111111111111,1018.2666666666667,87.11111111111111,15.233333333333333,0.0,2.7444444444444445,22.3964,103.458,10.03,11.382222222222222,10,44,3,59,1970-01-21 09:20:31.673333333,1970-01-21 09:21:12.660000000,Thu,,,
Lai Châu,Trung du miền núi Bắc Bộ,2025-10-29,18.38888888888889,22.88888888888889,14.766666666666667,19.799999999999997,24.299999999999997,15.922222222222224,0.3222222222222222,0.3222222222222222,0.0,2.111111111111111,81.88888888888889,6.488888888888889,22.944444444444443,14.534444444444444,1017.1444444444444,83.22222222222223,14.988888888888889,0.0,2.6866666666666665,22.3964,103.458,9.431111111111111,11.362222222222222,10,44,3,156,1970-01-21 09:21:58.106666666,1970-01-21 09:22:39.013333333,Thu,,,
Lai Châu,Trung du miền núi Bắc Bộ,2025-10-30,19.022222222222222,24.200000000000003,13.822222222222223,20.811111111111114,26.555555555555557,14.633333333333333,0.16666666666666666,0.16666666666666666,0.0,1.1111111111111112,82.88888888888889,5.811111111111111,21.799999999999997,16.79888888888889,1017.2666666666667,84.44444444444444,15.744444444444444,0.0,3.091111111111111,22.3964,103.458,10.344444444444443,11.346666666666668,10,44,3,97,1970-01-21 09:23:24.533333333,1970-01-21 09:24:05.386666666,Thu,,,
Lai Châu,Trung du miền núi Bắc Bộ,2025-10-31,19.755555555555556,24.166666666666668,15.799999999999999,22.0,26.522222222222226,17.466666666666665,1.2888888888888888,1.2888888888888888,0.0,5.555555555555555,85.77777777777777,6.444444444444445,23.555555555555557,15.035555555555554,1017.4888888888888,81.22222222222223,17.11111111111111,0.0,2.82,22.3964,103.458,9.245555555555555,11.32888888888889,10,44,51,63,1970-01-21 09:24:50.966666666,1970-01-21 09:25:31.746666666,Thu,,,
Lai Châu,Trung du miền núi Bắc Bộ,2025-11-01,18.322222222222223,20.477777777777778,16.6,20.322222222222223,22.27777777777778,18.299999999999997,3.111111111111111,3.111111111111111,0.0,8.777777777777779,92.44444444444444,6.7,24.922222222222224,7.8500000000000005,1017.6555555555556,95.33333333333333,16.966666666666665,0.0,1.4766666666666666,22.3964,103.458,4.608888888888889,11.30888888888889,11,44,61,147,1970-01-21 09:26:17.400000000,1970-01-21 09:26:58.106666666,Thu,,,
Lai Châu,Trung du miền núi Bắc Bộ,2025-11-02,17.033333333333335,19.311111111111114,15.211111111111112,18.4,20.477777777777778,16.08888888888889,1.7333333333333334,1.7333333333333334,0.0,9.11111111111111,91.11111111111111,7.066666666666666,26.4,6.684444444444445,1017.9444444444445,98.77777777777777,15.466666666666665,0.0,1.3022222222222224,22.3964,103.458,1.5622222222222222,11.29,11,44,51,71,1970-01-21 09:27:43.840000000,1970-01-21 09:28:24.480000000,Thu,,,
Lai Châu,Trung du miền núi Bắc Bộ,2025-11-03,16.055555555555557,19.0,14.211111111111112,16.77777777777778,19.61111111111111,14.833333333333334,0.9666666666666666,0.9666666666666666,0.0,4.888888888888889,86.88888888888889,6.811111111111112,25.48888888888889,8.547777777777776,1018.1999999999999,97.66666666666667,13.655555555555557,0.0,1.6155555555555554,22.3964,103.458,3.576666666666666,11.27111111111111,11,45,51,63,1970-01-21 09:29:10.266666666,1970-01-21 09:29:50.840000000,Thu,,,
Lai Châu,Trung du miền núi Bắc Bộ,2025-11-04,16.344444444444445,19.811111111111114,14.133333333333333,17.288888888888888,20.855555555555554,14.688888888888888,0.022222222222222223,0.022222222222222223,0.0,0.2222222222222222,86.88888888888889,6.111111111111111,20.666666666666668,8.736666666666666,1017.8777777777777,89.77777777777777,14.022222222222222,0.0,1.61,22.3964,103.458,4.046666666666667,11.252222222222223,11,45,3,58,1970-01-21 09:30:36.706666666,1970-01-21 09:31:17.213333333,Thu,,,
Lai Châu,Trung du miền núi Bắc Bộ,2025-11-05,17.255555555555556,20.744444444444444,14.844444444444443,18.58888888888889,21.977777777777778,15.933333333333334,0.2777777777777778,0.2777777777777778,0.0,2.3333333333333335,87.77777777777777,5.2555555555555555,21.044444444444444,9.56111111111111,1015.0222222222224,80.44444444444444,15.044444444444444,0.0,1.7999999999999998,22.3964,103.458,4.904444444444445,11.237777777777778,11,45,51,29,1970-01-21 09:32:03.133333333,1970-01-21 09:32:43.580000000,Thu,,,
Lai Châu,Trung du miền núi Bắc Bộ,2025-11-06,18.444444444444443,23.466666666666665,14.166666666666666,20.066666666666666,25.522222222222222,15.033333333333335,0.14444444444444446,0.14444444444444446,0.0,1.0,84.55555555555556,6.144444444444444,23.799999999999997,15.32111111111111,1013.6444444444444,54.333333333333336,15.577777777777776,0.0,2.7933333333333334,22.3964,103.458,10.047777777777778,11.22,11,45,51,38,1970-01-21 09:33:29.566666666,1970-01-21 09:34:09.953333333,Thu,,,
Lai Châu,Trung du miền núi Bắc Bộ,2025-11-07,19.58888888888889,25.144444444444446,14.5,21.677777777777777,27.77777777777778,15.655555555555557,0.06666666666666667,0.06666666666666667,0.0,0.3333333333333333,83.55555555555556,6.033333333333333,22.88888888888889,17.47888888888889,1013.5222222222224,90.22222222222223,16.433333333333334,0.0,3.2088888888888887,22.3964,103.458,10.006666666666668,11.20111111111111,11,45,3,46,1970-01-21 09:34:56.000000000,1970-01-21 09:35:36.320000000,Thu,,,
Lai Châu,Trung du miền núi Bắc Bộ,2025-11-08,20.0,23.466666666666665,17.844444444444445,22.788888888888888,26.666666666666668,20.044444444444444,8.61111111111111,8.61111111111111,0.0,13.666666666666666,91.11111111111111,6.066666666666666,26.91111111111111,10.923333333333334,1014.4555555555556,81.77777777777777,18.42222222222222,0.0,2.051111111111111,22.3964,103.458,6.381111111111111,11.181111111111111,11,45,61,60,1970-01-21 09:36:22.433333333,1970-01-21 09:37:02.700000000,Thu,,,
Lai Châu,Trung du miền núi Bắc Bộ,2025-11-09,20.333333333333332,24.022222222222222,18.244444444444444,23.155555555555555,26.833333333333332,20.833333333333332,12.355555555555556,12.355555555555556,0.0,15.222222222222221,89.11111111111111,7.277777777777778,30.43333333333333,13.22888888888889,1013.9777777777776,83.0,18.344444444444445,0.0,2.466666666666667,22.3964,103.458,8.992222222222223,11.16777777777778,11,45,63,3,1970-01-21 09:37:48.873333333,1970-01-21 09:38:29.066666666,Thu,,,
Lai Châu,Trung du miền núi Bắc Bộ,2025-11-10,19.62222222222222,23.044444444444444,17.677777777777777,22.38888888888889,26.12222222222222,20.033333333333335,19.822222222222223,19.822222222222223,0.0,18.11111111111111,92.88888888888889,6.111111111111111,27.555555555555557,11.827777777777778,1012.6555555555556,81.88888888888889,18.37777777777778,0.0,2.1500000000000004,22.3964,103.458,8.42111111111111,11.15,11,46,63,210,1970-01-21 09:39:15.306666666,1970-01-21 09:39:55.446666666,Thu,,,
Lai Châu,Trung du miền núi Bắc Bộ,2025-11-11,19.366666666666667,22.633333333333333,17.41111111111111,22.022222222222222,25.27777777777778,19.766666666666666,4.633333333333334,4.633333333333334,0.0,14.444444444444445,93.11111111111111,5.9,22.799999999999997,10.41777777777778,1012.6999999999999,87.88888888888889,18.08888888888889,0.0,1.9455555555555557,22.3964,103.458,7.7188888888888885,11.131111111111112,11,46,53,59,1970-01-21 09:40:41.746666666,1970-01-21 09:41:21.826666666,Thu,,,
Lai Châu,Trung du miền núi Bắc Bộ,2025-11-12,17.977777777777778,20.700000000000003,15.799999999999999,19.866666666666667,22.41111111111111,17.299999999999997,1.6,1.6,0.0,9.0,92.44444444444444,7.322222222222223,24.566666666666666,9.81111111111111,1015.8777777777777,76.66666666666667,16.644444444444446,0.0,1.7666666666666666,22.3964,103.458,6.521111111111111,11.117777777777778,11,46,51,68,1970-01-21 09:42:08.180000000,1970-01-21 09:42:48.200000000,Thu,,,
Lai Châu,Trung du miền núi Bắc Bộ,2025-11-13,17.12222222222222,20.666666666666668,14.344444444444443,18.37777777777778,21.711111111111112,15.222222222222221,0.7222222222222222,0.7222222222222222,0.0,5.0,87.55555555555556,6.422222222222222,22.566666666666666,10.7,1018.8444444444444,67.0,14.855555555555554,0.0,1.9355555555555557,22.3964,103.458,7.365555555555556,11.1,11,46,51,100,1970-01-21 09:43:34.620000000,1970-01-21 09:44:14.586666666,Thu,,,
Lai Châu,Trung du miền núi Bắc Bộ,2025-11-14,16.644444444444446,20.133333333333333,13.811111111111112,17.577777777777776,20.811111111111114,14.577777777777776,0.7444444444444445,0.7444444444444445,0.0,4.111111111111111,86.11111111111111,6.144444444444444,21.9,11.11111111111111,1018.6666666666666,65.44444444444444,14.044444444444444,0.0,1.9966666666666666,22.3964,103.458,7.424444444444443,11.083333333333334,11,46,3,141,1970-01-21 09:45:01.066666666,1970-01-21 09:45:40.966666666,Thu,,,
Lai Châu,Trung du miền núi Bắc Bộ,2025-11-15,16.6,21.11111111111111,12.977777777777778,17.288888888888888,21.844444444444445,13.3,0.2777777777777778,0.2777777777777778,0.0,1.2222222222222223,81.22222222222223,6.522222222222222,24.044444444444444,15.41,1020.6111111111111,42.666666666666664,13.11111111111111,0.0,2.6566666666666667,22.3964,103.458,9.735555555555557,11.068888888888889,11,46,3,49,1970-01-21 09:46:27.493333333,1970-01-21 09:47:07.340000000,Thu,,,
Lai Châu,Trung du miền núi Bắc Bộ,2025-11-16,16.055555555555557,21.866666666666667,10.711111111111112,16.477777777777778,22.844444444444445,10.222222222222221,0.0,0.0,0.0,0.0,77.11111111111111,5.4,21.288888888888888,16.34111111111111,1021.8555555555556,19.88888888888889,11.755555555555556,0.0,2.8311111111111114,22.3964,103.458,9.876666666666667,11.051111111111112,11,46,3,35,1970-01-21 09:47:53.933333333,1970-01-21 09:48:33.726666666,Thu,,,
Lai Châu,Trung du miền núi Bắc Bộ,2025-11-17,16.12222222222222,19.01111111111111,13.211111111111112,17.266666666666666,20.5,13.577777777777776,5.377777777777777,5.377777777777777,0.0,9.555555555555555,89.77777777777777,4.955555555555556,18.88888888888889,8.67,1021.7444444444445,75.55555555555556,14.333333333333334,0.0,1.5344444444444445,22.3964,103.458,5.587777777777777,11.038888888888888,11,47,53,15,1970-01-21 09:49:20.373333333,1970-01-21 09:50:00.106666666,Thu,,,
Lai Châu,Trung du miền núi Bắc Bộ,2025-11-18,15.055555555555555,16.455555555555556,12.155555555555555,16.055555555555557,17.955555555555556,11.988888888888889,25.6,25.6,0.0,22.88888888888889,96.0,7.177777777777777,27.522222222222222,2.796666666666667,1023.1333333333334,100.0,14.38888888888889,0.0,0.5966666666666667,22.3964,103.458,0.0,11.02111111111111,11,47,61,43,1970-01-21 09:50:46.813333333,1970-01-21 09:51:26.486666666,Thu,,,
Lai Châu,Trung du miền núi Bắc Bộ,2025-11-19,10.944444444444445,13.088888888888889,9.011111111111111,10.255555555555555,12.566666666666668,8.022222222222222,7.7666666666666675,7.7666666666666675,0.0,13.333333333333334,90.44444444444444,7.300000000000001,26.9,6.7444444444444445,1026.1444444444444,89.77777777777777,9.366666666666667,0.0,1.0633333333333335,22.3964,103.458,2.962222222222222,11.008888888888889,11,47,53,55,1970-01-21 09:52:13.246666666,1970-01-21 09:52:52.880000000,Thu,,,
Lai Châu,Trung du miền núi Bắc Bộ,2025-11-20,11.61111111111111,15.711111111111112,8.555555555555555,10.966666666666667,14.97777777777778,7.677777777777777,0.08888888888888889,0.08888888888888889,0.0,0.8888888888888888,86.11111111111111,6.088888888888889,22.12222222222222,10.837777777777777,1024.888888888889,74.33333333333333,9.144444444444444,0.0,1.7244444444444444,22.3964,103.458,7.674444444444443,10.993333333333332,11,47,3,51,1970-01-21 09:53:39.693333333,1970-01-21 09:54:19.266666666,Thu,,,
Lai Châu,Trung du miền núi Bắc Bộ,2025-11-21,13.022222222222222,18.177777777777777,8.522222222222222,12.466666666666667,17.766666666666666,7.588888888888889,0.011111111111111112,0.011111111111111112,0.0,0.1111111111111111,80.55555555555556,8.31111111111111,28.766666666666666,15.105555555555554,1024.4,44.111111111111114,9.444444444444445,0.0,2.433333333333333,22.3964,103.458,9.68,10.98,11,47,3,55,1970-01-21 09:55:06.133333333,1970-01-21 09:55:45.660000000,Thu,,,
Lai Châu,Trung du miền núi Bắc Bộ,2025-11-22,12.955555555555556,18.922222222222224,7.5,12.577777777777778,18.9,6.477777777777778,0.0,0.0,0.0,0.0,79.55555555555556,5.933333333333334,22.27777777777778,17.02,1021.811111111111,19.444444444444443,9.155555555555557,0.0,2.7288888888888887,22.3964,103.458,10.06111111111111,10.96888888888889,11,47,3,24,1970-01-21 09:56:32.566666666,1970-01-21 09:57:12.046666666,Thu,,,
Lai Châu,Trung du miền núi Bắc Bộ,2025-11-23,13.255555555555555,19.677777777777777,7.6000000000000005,13.033333333333333,20.066666666666666,6.588888888888889,0.0,0.0,0.0,0.0,79.66666666666667,5.733333333333333,22.244444444444444,17.362222222222222,1020.6222222222223,23.77777777777778,9.5,0.0,2.8177777777777777,22.3964,103.458,10.027777777777779,10.956666666666667,11,47,3,61,1970-01-21 09:57:59.000000000,1970-01-21 09:58:38.446666666,Thu,,,
Lai Châu,Trung du miền núi Bắc Bộ,2025-11-24,13.944444444444445,19.700000000000003,8.3,13.61111111111111,19.744444444444444,7.411111111111111,0.16666666666666666,0.16666666666666666,0.0,0.5555555555555556,77.44444444444444,7.177777777777777,26.155555555555555,16.817777777777778,1021.4222222222221,24.77777777777778,9.744444444444445,0.0,2.731111111111111,22.3964,103.458,10.168888888888889,10.942222222222222,11,48,2,53,1970-01-21 09:59:25.440000000,1970-01-21 10:00:04.833333333,Thu,,,
Lai Châu,Trung du miền núi Bắc Bộ,2025-11-25,13.044444444444444,18.0,9.088888888888889,11.877777777777778,17.022222222222222,7.588888888888889,0.2111111111111111,0.2111111111111111,0.0,0.6666666666666666,67.55555555555556,7.7555555555555555,28.56666666666667,18.034444444444446,1022.2777777777778,11.333333333333334,6.455555555555556,0.0,2.8466666666666667,22.3964,103.458,10.234444444444444,10.928888888888888,11,48,1,4,1970-01-21 10:00:51.886666666,1970-01-21 10:01:31.226666666,Thu,,,
Lai Châu,Trung du miền núi Bắc Bộ,2025-11-26,12.077777777777778,18.544444444444444,6.677777777777778,10.822222222222223,18.08888888888889,4.766666666666667,0.0,0.0,0.0,0.0,64.88888888888889,5.966666666666667,24.155555555555555,18.08,1021.0111111111112,5.222222222222222,5.4,0.0,2.836666666666667,22.3964,103.458,10.315555555555555,10.918888888888889,11,48,1,49,1970-01-21 10:02:18.320000000,1970-01-21 10:02:57.626666666,Thu,,,
Lai Châu,Trung du miền núi Bắc Bộ,2025-11-27,12.144444444444444,18.644444444444446,7.2555555555555555,10.177777777777777,16.700000000000003,5.222222222222222,0.0,0.0,0.0,0.0,60.44444444444444,9.655555555555557,36.144444444444446,18.016666666666666,1024.4333333333334,33.22222222222222,3.8333333333333335,0.0,2.891111111111111,22.3964,103.458,10.246666666666666,10.907777777777778,11,48,3,16,1970-01-21 10:03:44.760000000,1970-01-21 10:04:24.026666666,Thu,,,
Lai Châu,Trung du miền núi Bắc Bộ,2025-11-28,11.399999999999999,18.322222222222223,5.677777777777778,9.788888888888888,17.37777777777778,3.411111111111111,0.0,0.0,0.0,0.0,60.44444444444444,5.455555555555556,21.233333333333334,18.206666666666667,1020.1666666666666,0.4444444444444444,3.466666666666667,0.0,2.836666666666667,22.3964,103.458,10.277777777777779,10.896666666666668,11,48,0,38,1970-01-21 10:05:11.206666666,1970-01-21 10:05:50.426666666,Thu,,,
Lai Châu,Trung du miền núi Bắc Bộ,2025-11-29,12.011111111111111,18.933333333333334,6.7444444444444445,10.588888888888889,18.166666666666668,4.877777777777777,0.0,0.0,0.0,0.0,62.111111111111114,5.9,22.1,18.184444444444445,1016.3555555555556,0.8888888888888888,4.466666666666667,0.0,2.8755555555555556,22.3964,103.458,10.262222222222222,10.886666666666667,11,48,0,47,1970-01-21 10:06:37.640000000,1970-01-21 10:07:16.826666666,Thu,,,
Lai Châu,Trung du miền núi Bắc Bộ,2025-11-30,12.677777777777779,19.933333333333334,7.011111111111111,11.38888888888889,19.38888888888889,4.944444444444445,0.0,0.0,0.0,0.0,63.111111111111114,6.911111111111111,26.366666666666667,17.906666666666666,1015.3888888888889,1.1111111111111112,5.4,0.0,2.9044444444444446,22.3964,103.458,10.207777777777778,10.876666666666667,11,48,0,21,1970-01-21 10:08:04.086666666,1970-01-21 10:08:43.226666666,Thu,,,
Lai Châu,Trung du miền núi Bắc Bộ,2025-12-01,13.28888888888889,20.11111111111111,8.11111111111111,12.377777777777778,19.87777777777778,6.655555555555555,0.0,0.0,0.0,0.0,66.88888888888889,6.533333333333334,27.01111111111111,17.665555555555557,1015.6666666666666,7.444444444444445,7.011111111111111,0.0,2.878888888888889,22.3964,103.458,10.181111111111111,10.866666666666667,12,49,2,43,1970-01-21 10:09:30.526666666,1970-01-21 10:10:09.646666666,Đông,,,
Lai Châu,Trung du miền núi Bắc Bộ,2025-12-02,14.366666666666667,20.966666666666665,9.18888888888889,13.955555555555556,21.322222222222223,7.98888888888889,0.0,0.0,0.0,0.0,71.55555555555556,6.011111111111111,25.688888888888886,17.23777777777778,1015.0888888888888,0.8888888888888888,9.055555555555555,0.0,2.8633333333333333,22.3964,103.458,10.143333333333334,10.856666666666666,12,49,0,28,1970-01-21 10:10:56.966666666,1970-01-21 10:11:36.046666666,Đông,,,
Lai Châu,Trung du miền núi Bắc Bộ,2025-12-03,15.033333333333335,20.522222222222222,10.522222222222222,15.133333333333333,20.91111111111111,9.866666666666667,0.39999999999999997,0.39999999999999997,0.0,2.111111111111111,80.44444444444444,7.777777777777778,27.833333333333332,14.097777777777777,1019.3777777777777,36.0,11.399999999999999,0.0,2.41,22.3964,103.458,9.344444444444443,10.846666666666668,12,49,51,70,1970-01-21 10:12:23.413333333,1970-01-21 10:13:02.446666666,Đông,,,
Lai Châu,Trung du miền núi Bắc Bộ,2025-12-04,14.566666666666666,18.72222222222222,11.68888888888889,14.855555555555558,18.91111111111111,11.711111111111112,0.36666666666666664,0.36666666666666664,0.0,2.0,86.66666666666667,6.411111111111111,24.766666666666666,10.62,1019.8444444444444,58.111111111111114,12.2,0.0,1.8033333333333335,22.3964,103.458,8.034444444444444,10.837777777777777,12,49,3,33,1970-01-21 10:13:49.846666666,1970-01-21 10:14:28.860000000,Đông,,,
Lai Châu,Trung du miền núi Bắc Bộ,2025-12-05,14.033333333333333,18.144444444444442,10.322222222222223,14.288888888888888,18.422222222222224,10.144444444444444,0.3111111111111111,0.3111111111111111,0.0,2.0,87.22222222222223,5.855555555555555,21.51111111111111,9.676666666666668,1020.9111111111112,60.111111111111114,11.766666666666667,0.0,1.6444444444444446,22.3964,103.458,7.423333333333334,10.82888888888889,12,49,3,88,1970-01-21 10:15:16.293333333,1970-01-21 10:15:55.273333333,Đông,,,
Lai Châu,Trung du miền núi Bắc Bộ,2025-12-06,14.344444444444443,18.64444444444445,11.68888888888889,14.766666666666667,19.077777777777776,11.644444444444444,0.4888888888888889,0.4888888888888889,0.0,3.2222222222222223,89.0,5.966666666666666,25.266666666666666,8.948888888888888,1019.1444444444444,63.44444444444444,12.433333333333332,0.0,1.5355555555555556,22.3964,103.458,5.252222222222223,10.818888888888887,12,49,3,237,1970-01-21 10:16:42.733333333,1970-01-21 10:17:21.680000000,Đông,,,
Lai Châu,Trung du miền núi Bắc Bộ,2025-12-07,14.944444444444445,20.366666666666667,10.766666666666667,15.311111111111112,20.755555555555556,10.633333333333333,0.3888888888888889,0.3888888888888889,0.0,2.3333333333333335,85.22222222222223,6.844444444444445,24.62222222222222,12.88888888888889,1019.0,59.666666666666664,12.244444444444444,0.0,2.192222222222222,22.3964,103.458,9.02888888888889,10.812222222222225,12,49,51,40,1970-01-21 10:18:09.166666666,1970-01-21 10:18:48.086666666,Đông,,,
Lai Châu,Trung du miền núi Bắc Bộ,2025-12-08,14.233333333333333,18.944444444444443,9.588888888888889,14.311111111111112,18.799999999999997,9.088888888888889,0.4777777777777777,0.4777777777777777,0.0,2.3333333333333335,84.88888888888889,6.033333333333334,22.744444444444444,11.874444444444444,1020.922222222222,62.111111111111114,11.433333333333334,0.0,2.02,22.3964,103.458,8.383333333333333,10.807777777777778,12,50,3,43,1970-01-21 10:19:35.606666666,1970-01-21 10:20:14.506666666,Đông,,,
Lai Châu,Trung du miền núi Bắc Bộ,2025-12-09,13.533333333333331,17.98888888888889,9.355555555555556,13.344444444444443,17.37777777777778,8.88888888888889,0.3,0.3,0.0,1.8888888888888888,83.0,6.6,23.711111111111112,11.846666666666668,1019.9,53.22222222222222,10.38888888888889,0.0,1.95,22.3964,103.458,9.411111111111111,10.79888888888889,12,50,3,78,1970-01-21 10:21:02.046666666,1970-01-21 10:21:40.920000000,Đông,,,
Lai Châu,Trung du miền núi Bắc Bộ,2025-12-10,12.88888888888889,19.299999999999997,7.622222222222222,12.377777777777778,19.166666666666668,6.5,0.0,0.0,0.0,0.0,79.77777777777777,5.5,21.688888888888886,15.382222222222222,1019.2444444444444,31.333333333333332,9.11111111111111,0.0,2.477777777777778,22.3964,103.458,9.955555555555556,10.792222222222222,12,50,3,23,1970-01-21 10:22:28.480000000,1970-01-21 10:23:07.333333333,Đông,,,
Lai Châu,Trung du miền núi Bắc Bộ,2025-12-11,13.466666666666669,19.14444444444445,7.622222222222222,13.333333333333334,19.466666666666665,6.544444444444444,2.155555555555555,2.155555555555555,0.0,2.5555555555555554,81.88888888888889,6.188888888888888,25.01111111111111,13.815555555555555,1019.0555555555557,46.666666666666664,10.166666666666666,0.0,2.292222222222222,22.3964,103.458,8.585555555555555,10.787777777777778,12,50,3,54,1970-01-21 10:23:54.913333333,1970-01-21 10:24:33.746666666,Đông,,,
Lai Châu,Trung du miền núi Bắc Bộ,2025-12-12,14.944444444444445,19.477777777777774,11.677777777777775,15.255555555555556,19.977777777777774,11.544444444444444,0.588888888888889,0.588888888888889,0.0,3.0,85.55555555555556,7.366666666666666,28.799999999999997,11.851111111111113,1017.1555555555556,58.44444444444444,12.355555555555556,0.0,1.9866666666666664,22.3964,103.458,8.833333333333334,10.78111111111111,12,50,51,50,1970-01-21 10:25:21.353333333,1970-01-21 10:26:00.166666666,Đông,,,
Lai Châu,Trung du miền núi Bắc Bộ,2025-12-13,14.966666666666663,20.655555555555555,10.077777777777778,14.955555555555556,20.711111111111112,9.622222222222224,0.1999999999999999,0.1999999999999999,0.0,1.3333333333333333,80.66666666666667,7.888888888888889,27.433333333333337,15.072222222222225,1019.688888888889,41.22222222222222,11.266666666666666,0.0,2.5244444444444443,22.3964,103.458,9.7,10.778888888888888,12,50,51,6,1970-01-21 10:26:47.786666666,1970-01-21 10:27:26.593333333,Đông,,,
Lai Châu,Trung du miền núi Bắc Bộ,2025-12-14,13.911111111111111,17.62222222222222,10.844444444444443,14.0,17.6,10.61111111111111,0.3666666666666667,0.3666666666666667,0.0,2.888888888888889,86.33333333333333,6.177777777777778,22.533333333333335,9.333333333333334,1021.2444444444444,65.77777777777777,11.5,0.0,1.5844444444444443,22.3964,103.458,7.111111111111111,10.776666666666666,12,50,51,121,1970-01-21 10:28:14.226666666,1970-01-21 10:28:53.006666666,Đông,,,
Lai Châu,Trung du miền núi Bắc Bộ,2025-12-15,13.4,18.85555555555555,9.211111111111112,13.155555555555557,18.799999999999997,8.488888888888889,0.0555555555555555,0.0555555555555555,0.0,0.5555555555555556,82.77777777777777,6.666666666666667,26.27777777777778,13.892222222222223,1019.0666666666668,37.333333333333336,10.255555555555556,0.0,2.2588888888888885,22.3964,103.458,9.502222222222224,10.77111111111111,12,51,3,48,1970-01-21 10:29:40.653333333,1970-01-21 10:30:19.433333333,Đông,,,
Lai Châu,Trung du miền núi Bắc Bộ,2025-12-16,13.844444444444443,19.333333333333332,9.677777777777775,13.733333333333333,19.41111111111111,9.077777777777778,0.1333333333333333,0.1333333333333333,0.0,0.8888888888888888,82.11111111111111,6.122222222222223,24.211111111111112,12.97888888888889,1018.0777777777776,36.0,10.61111111111111,0.0,2.1655555555555552,22.3964,103.458,9.072222222222225,10.767777777777775,12,51,3,23,1970-01-21 10:31:07.086666666,1970-01-21 10:31:45.853333333,Đông,,,
Lai Châu,Trung du miền núi Bắc Bộ,2025-12-17,13.9,18.177777777777777,11.0,13.966666666666669,18.12222222222222,10.8,3.6222222222222222,3.6222222222222222,0.0,9.88888888888889,86.0,5.5,22.044444444444444,11.844444444444443,1021.1222222222224,60.55555555555556,11.377777777777778,0.0,1.9555555555555555,22.3964,103.458,8.593333333333334,10.767777777777775,12,51,53,63,1970-01-21 10:32:33.520000000,1970-01-21 10:33:12.280000000,Đông,,,
Lai Châu,Trung du miền núi Bắc Bộ,2025-12-18,13.333333333333334,17.311111111111114,10.2,13.366666666666667,17.333333333333332,9.955555555555556,2.2222222222222223,2.2222222222222223,0.0,8.333333333333334,86.33333333333333,5.044444444444444,22.61111111111111,12.193333333333335,1019.9777777777776,55.666666666666664,10.933333333333334,0.0,1.951111111111111,22.3964,103.458,9.624444444444444,10.763333333333334,12,51,51,2,1970-01-21 10:33:59.953333333,1970-01-21 10:34:38.700000000,Đông,,,
Lai Châu,Trung du miền núi Bắc Bộ,2025-12-19,13.244444444444444,18.566666666666663,9.655555555555557,12.966666666666669,18.177777777777777,9.133333333333333,0.3111111111111111,0.3111111111111111,0.0,2.4444444444444446,84.11111111111111,6.611111111111111,24.922222222222224,11.512222222222222,1016.3222222222222,59.22222222222222,10.4,0.0,1.8944444444444448,22.3964,103.458,8.518888888888888,10.761111111111113,12,51,51,8,1970-01-21 10:35:26.386666666,1970-01-21 10:36:05.126666666,Đông,,,
Lai Châu,Trung du miền núi Bắc Bộ,2025-12-20,13.955555555555556,19.577777777777776,9.31111111111111,13.877777777777776,19.477777777777774,8.722222222222221,0.3,0.3,0.0,1.3333333333333333,82.11111111111111,5.311111111111111,22.066666666666663,13.517777777777775,1016.4666666666668,42.888888888888886,10.633333333333333,0.0,2.238888888888889,22.3964,103.458,9.843333333333334,10.761111111111113,12,51,3,44,1970-01-21 10:36:52.813333333,1970-01-21 10:37:31.560000000,Đông,,,
Lai Châu,Trung du miền núi Bắc Bộ,2025-12-21,13.677777777777775,19.477777777777774,8.911111111111111,13.38888888888889,19.14444444444445,8.244444444444445,0.1444444444444444,0.1444444444444444,0.0,1.0,81.0,5.855555555555556,22.677777777777777,13.96,1019.2222222222222,39.666666666666664,10.088888888888889,0.0,2.312222222222222,22.3964,103.458,9.644444444444444,10.761111111111113,12,51,3,53,1970-01-21 10:38:19.253333333,1970-01-21 10:38:57.986666666,Đông,,,
Lai Châu,Trung du miền núi Bắc Bộ,2025-12-22,13.766666666666667,19.1,9.633333333333333,13.422222222222222,18.577777777777776,8.944444444444445,0.4555555555555555,0.4555555555555555,0.0,2.6666666666666665,81.44444444444444,8.31111111111111,31.811111111111114,12.581111111111111,1016.6111111111112,35.111111111111114,10.422222222222222,0.0,2.0733333333333333,22.3964,103.458,9.866666666666667,10.761111111111113,12,52,3,41,1970-01-21 10:39:45.673333333,1970-01-21 10:40:24.420000000,Đông,,,
Lai Châu,Trung du miền núi Bắc Bộ,2025-12-23,14.533333333333337,19.844444444444445,10.511111111111113,14.544444444444444,19.811111111111114,10.18888888888889,0.5777777777777778,0.5777777777777778,0.0,4.222222222222222,81.33333333333333,6.544444444444444,26.799999999999997,13.305555555555555,1015.0222222222224,33.111111111111114,11.11111111111111,0.0,2.223333333333333,22.3964,103.458,9.806666666666665,10.761111111111113,12,52,51,48,1970-01-21 10:41:12.113333333,1970-01-21 10:41:50.853333333,Đông,,,
Lai Châu,Trung du miền núi Bắc Bộ,2025-12-24,15.011111111111113,20.27777777777778,11.344444444444443,15.2,20.444444444444443,11.055555555555555,1.2333333333333334,1.2333333333333334,0.0,5.888888888888889,82.11111111111111,7.088888888888889,27.477777777777774,12.907777777777778,1014.4666666666668,55.44444444444444,11.8,0.0,2.1766666666666667,22.3964,103.458,9.664444444444444,10.761111111111113,12,52,51,11,1970-01-21 10:42:38.533333333,1970-01-21 10:43:17.286666666,Đông,,,
Lai Châu,Trung du miền núi Bắc Bộ,2025-12-25,12.877777777777778,15.877777777777778,10.477777777777778,12.422222222222224,15.633333333333336,9.944444444444445,2.0,2.0,0.0,8.0,84.22222222222223,7.199999999999999,25.64444444444445,7.800000000000001,1018.9444444444443,74.66666666666667,10.033333333333331,0.0,1.3444444444444443,22.3964,103.458,5.8244444444444445,10.766666666666666,12,52,51,67,1970-01-21 10:44:04.966666666,1970-01-21 10:44:43.726666666,Đông,,,
Lai Châu,Trung du miền núi Bắc Bộ,2025-12-26,11.211111111111112,13.18888888888889,9.344444444444443,10.522222222222222,12.733333333333334,8.488888888888889,1.488888888888889,1.488888888888889,0.0,5.888888888888889,88.66666666666667,6.7555555555555555,25.87777777777778,4.917777777777777,1019.3,97.11111111111111,9.244444444444444,0.0,0.8833333333333333,22.3964,103.458,0.7488888888888889,10.767777777777775,12,52,51,54,1970-01-21 10:45:31.393333333,1970-01-21 10:46:10.153333333,Đông,,,
Lai Châu,Trung du miền núi Bắc Bộ,2025-12-27,11.866666666666667,14.72222222222222,9.911111111111111,11.522222222222222,14.155555555555557,9.38888888888889,1.6,1.6,0.0,7.444444444444445,90.0,6.322222222222222,24.633333333333333,6.493333333333333,1018.422222222222,92.55555555555556,10.2,0.0,1.1111111111111112,22.3964,103.458,2.806666666666666,10.768888888888888,12,52,51,23,1970-01-21 10:46:57.820000000,1970-01-21 10:47:36.586666666,Đông,,,
Lai Châu,Trung du miền núi Bắc Bộ,2025-12-28,12.22222222222222,15.655555555555557,10.144444444444444,11.955555555555556,15.333333333333334,9.677777777777775,1.6,1.6,0.0,7.666666666666667,90.22222222222224,5.988888888888889,24.288888888888888,7.094444444444445,1018.1444444444444,82.88888888888889,10.566666666666666,0.0,1.1911111111111112,22.3964,103.458,3.5088888888888885,10.77111111111111,12,52,51,27,1970-01-21 10:48:24.246666666,1970-01-21 10:49:03.020000000,Đông,,,
Lai Châu,Trung du miền núi Bắc Bộ,2025-12-29,13.922222222222222,19.12222222222222,10.566666666666666,13.81111111111111,18.922222222222224,10.266666666666666,0.7222222222222222,0.7222222222222222,0.0,4.666666666666667,84.66666666666667,6.4111111111111105,26.733333333333334,11.751111111111111,1015.5,55.77777777777778,11.11111111111111,0.0,1.951111111111111,22.3964,103.458,8.084444444444445,10.77777777777778,12,1,51,234,1970-01-21 10:49:50.666666666,1970-01-21 10:50:29.460000000,Đông,,,
Lai Châu,Trung du miền núi Bắc Bộ,2025-12-30,13.38888888888889,18.48888888888889,9.5,13.233333333333333,18.38888888888889,9.055555555555555,0.3666666666666666,0.3666666666666666,0.0,2.888888888888889,84.55555555555556,7.011111111111111,28.633333333333333,12.026666666666667,1014.688888888889,64.88888888888889,10.666666666666666,0.0,1.98,22.3964,103.458,8.284444444444444,10.778888888888888,12,1,51,133,1970-01-21 10:51:17.086666666,1970-01-21 10:51:55.900000000,Đông,,,
Lai Châu,Trung du miền núi Bắc Bộ,2025-12-31,14.166666666666666,19.61111111111111,9.711111111111112,13.977777777777778,19.433333333333337,9.155555555555557,0.8555555555555555,0.8555555555555555,0.0,4.555555555555555,81.88888888888889,7.48888888888889,32.43333333333333,14.452222222222222,1012.3222222222222,42.0,10.8,0.0,2.3755555555555556,22.3964,103.458,9.922222222222222,10.783333333333331,12,1,51,33,1970-01-21 10:52:43.513333333,1970-01-21 10:53:22.333333333,Đông,,,
Lai Châu,Trung du miền núi Bắc Bộ,2026-01-01,14.11111111111111,19.12222222222222,10.055555555555555,14.133333333333333,19.200000000000003,9.666666666666666,1.9666666666666663,1.9666666666666663,0.0,8.222222222222221,81.66666666666667,5.133333333333333,21.755555555555556,14.19111111111111,1015.4111111111112,34.22222222222222,10.733333333333333,0.0,2.332222222222222,22.3964,103.458,10.07,10.788888888888888,1,1,51,27,1970-01-21 10:54:09.926666666,1970-01-21 10:54:48.766666666,Đông,,,
Lai Châu,Trung du miền núi Bắc Bộ,2026-01-02,12.88888888888889,15.866666666666667,10.533333333333331,12.72222222222222,15.566666666666666,10.133333333333333,3.9,3.9,0.0,13.11111111111111,89.44444444444444,6.944444444444445,26.288888888888888,8.952222222222222,1019.8777777777776,72.77777777777777,11.022222222222222,0.0,1.4733333333333334,22.3964,103.458,6.743333333333333,10.796666666666669,1,1,53,92,1970-01-21 10:55:36.346666666,1970-01-21 10:56:15.200000000,Đông,,,
Lai Châu,Trung du miền núi Bắc Bộ,2026-01-03,11.355555555555556,13.477777777777778,9.88888888888889,10.877777777777776,12.911111111111111,9.31111111111111,8.788888888888888,8.788888888888888,0.0,15.555555555555555,92.66666666666669,7.155555555555556,28.14444444444445,5.868888888888889,1020.4444444444443,91.66666666666669,10.133333333333333,0.0,0.9688888888888888,22.3964,103.458,3.108888888888889,10.79888888888889,1,1,63,62,1970-01-21 10:57:02.760000000,1970-01-21 10:57:41.640000000,Đông,,,
Lai Châu,Trung du miền núi Bắc Bộ,2026-01-04,11.866666666666667,15.11111111111111,9.944444444444445,11.655555555555557,14.9,9.488888888888887,12.766666666666667,12.766666666666667,0.0,14.77777777777778,92.55555555555556,6.1,27.35555555555556,7.23888888888889,1019.4111111111112,83.11111111111111,10.588888888888889,0.0,1.1544444444444446,22.3964,103.458,4.478888888888889,10.807777777777778,1,1,63,25,1970-01-21 10:58:29.173333333,1970-01-21 10:59:08.080000000,Đông,,,
Lai Châu,Trung du miền núi Bắc Bộ,2026-01-05,12.655555555555557,16.211111111111112,10.244444444444444,12.677777777777775,16.244444444444444,9.877777777777776,4.977777777777778,4.977777777777778,0.0,16.0,91.44444444444444,5.677777777777778,24.444444444444443,9.41222222222222,1020.1777777777778,83.55555555555556,11.155555555555557,0.0,1.5277777777777777,22.3964,103.458,6.9911111111111115,10.813333333333334,1,2,53,145,1970-01-21 10:59:55.586666666,1970-01-21 11:00:34.513333333,Đông,,,
Lai Châu,Trung du miền núi Bắc Bộ,2026-01-06,10.144444444444444,11.944444444444445,7.955555555555555,9.344444444444443,11.155555555555557,6.711111111111112,5.711111111111111,5.711111111111111,0.0,14.77777777777778,92.66666666666669,6.611111111111111,23.566666666666663,4.4688888888888885,1024.0222222222224,97.66666666666669,8.977777777777778,0.0,0.7855555555555556,22.3964,103.458,0.2977777777777777,10.821111111111112,1,2,51,64,1970-01-21 11:01:22.000000000,1970-01-21 11:02:00.953333333,Đông,,,
Lai Châu,Trung du miền núi Bắc Bộ,2026-01-07,9.0,12.177777777777775,6.7333333333333325,7.7333333333333325,10.8,5.433333333333334,0.7777777777777778,0.7777777777777778,0.0,5.111111111111111,87.66666666666667,6.1,20.6,6.834444444444444,1025.5,86.22222222222223,6.866666666666666,0.0,1.0955555555555554,22.3964,103.458,3.398888888888889,10.82888888888889,1,2,51,61,1970-01-21 11:02:48.406666666,1970-01-21 11:03:27.400000000,Đông,,,
Lai Châu,Trung du miền núi Bắc Bộ,2026-01-08,9.666666666666666,13.577777777777778,6.566666666666666,8.344444444444443,12.11111111111111,5.133333333333333,0.2333333333333333,0.2333333333333333,0.0,2.0,82.22222222222223,6.722222222222222,23.366666666666667,10.572222222222225,1025.4111111111113,71.22222222222223,6.466666666666666,0.0,1.63,22.3964,103.458,7.422222222222222,10.838888888888889,1,2,3,64,1970-01-21 11:04:14.820000000,1970-01-21 11:04:53.833333333,Đông,,,
Lai Châu,Trung du miền núi Bắc Bộ,2026-01-09,10.22222222222222,15.97777777777778,5.233333333333333,8.955555555555556,14.566666666666666,3.7,0.0,0.0,0.0,0.0,77.44444444444444,6.244444444444444,23.38888888888889,14.667777777777776,1022.0111111111112,42.55555555555556,6.066666666666666,0.0,2.238888888888889,22.3964,103.458,10.14,10.847777777777775,1,2,3,46,1970-01-21 11:05:41.233333333,1970-01-21 11:06:20.280000000,Đông,,,
Lai Châu,Trung du miền núi Bắc Bộ,2026-01-10,11.4,17.22222222222222,6.888888888888889,10.366666666666667,16.4,5.466666666666667,0.0,0.0,0.0,0.0,76.0,6.122222222222223,23.799999999999997,15.092222222222224,1019.7666666666668,48.55555555555556,7.01111111111111,0.0,2.3433333333333333,22.3964,103.458,10.497777777777776,10.857777777777777,1,2,3,104,1970-01-21 11:07:07.633333333,1970-01-21 11:07:46.726666666,Đông,,,
Lai Châu,Trung du miền núi Bắc Bộ,2026-01-11,10.966666666666663,16.433333333333334,5.822222222222222,9.644444444444446,15.0,4.344444444444445,0.0,0.0,0.0,0.0,76.44444444444444,8.244444444444445,29.95555555555556,13.962222222222222,1022.8,52.333333333333336,6.555555555555555,0.0,2.2088888888888887,22.3964,103.458,10.241111111111111,10.867777777777778,1,2,3,97,1970-01-21 11:08:34.040000000,1970-01-21 11:09:13.160000000,Đông,,,
Lai Châu,Trung du miền núi Bắc Bộ,2026-01-12,12.411111111111111,19.08888888888889,7.211111111111112,11.633333333333333,18.98888888888889,5.677777777777778,0.0,0.0,0.0,0.0,74.55555555555556,6.4,27.48888888888889,16.813333333333333,1020.0222222222224,37.55555555555556,7.655555555555556,0.0,2.6866666666666665,22.3964,103.458,10.565555555555555,10.877777777777778,1,3,3,2,1970-01-21 11:10:00.453333333,1970-01-21 11:10:39.606666666,Đông,,,
Lai Châu,Trung du miền núi Bắc Bộ,2026-01-13,12.544444444444444,18.544444444444444,7.111111111111111,11.933333333333334,18.01111111111111,6.022222222222222,0.0555555555555555,0.0555555555555555,0.0,0.3333333333333333,80.0,5.888888888888889,22.933333333333337,14.94,1019.5444444444444,38.22222222222222,8.833333333333334,0.0,2.401111111111111,22.3964,103.458,10.355555555555554,10.887777777777778,1,3,3,69,1970-01-21 11:11:26.853333333,1970-01-21 11:12:06.046666666,Đông,,,
Lai Châu,Trung du miền núi Bắc Bộ,2026-01-14,13.344444444444443,18.555555555555557,9.233333333333333,13.0,18.433333333333337,8.222222222222221,0.7222222222222222,0.7222222222222222,0.0,3.6666666666666665,81.66666666666667,6.733333333333333,27.455555555555556,9.907777777777778,1016.0888888888888,52.0,10.066666666666666,0.0,1.7166666666666666,22.3964,103.458,6.742222222222222,10.898888888888887,1,3,51,60,1970-01-21 11:12:53.260000000,1970-01-21 11:13:32.486666666,Đông,,,
Lai Châu,Trung du miền núi Bắc Bộ,2026-01-15,14.11111111111111,18.14444444444445,11.32222222222222,14.42222222222222,18.422222222222224,11.366666666666667,4.388888888888889,4.388888888888889,0.0,14.555555555555555,89.77777777777777,6.633333333333334,28.27777777777778,10.756666666666668,1016.0111111111112,74.0,12.288888888888888,0.0,1.7922222222222222,22.3964,103.458,8.91777777777778,10.908888888888889,1,3,53,48,1970-01-21 11:14:19.660000000,1970-01-21 11:14:58.933333333,Đông,,,
Lai Châu,Trung du miền núi Bắc Bộ,2026-01-16,14.155555555555557,19.177777777777777,11.011111111111113,14.4,19.299999999999997,10.877777777777776,2.6222222222222222,2.6222222222222222,0.0,7.777777777777778,88.55555555555556,6.9,34.21111111111111,12.664444444444444,1013.7888888888888,59.888888888888886,12.133333333333333,0.0,2.052222222222222,22.3964,103.458,9.02888888888889,10.92,1,3,53,52,1970-01-21 11:15:46.060000000,1970-01-21 11:16:25.380000000,Đông,,,
Lai Châu,Trung du miền núi Bắc Bộ,2026-01-17,14.211111111111112,20.37777777777778,9.4,14.022222222222222,20.299999999999997,9.011111111111113,0.3222222222222222,0.3222222222222222,0.0,2.0,77.66666666666667,5.966666666666667,24.077777777777776,16.205555555555556,1013.0333333333332,36.111111111111114,9.877777777777778,0.0,2.7055555555555557,22.3964,103.458,10.27888888888889,10.933333333333332,1,3,51,43,1970-01-21 11:17:12.460000000,1970-01-21 11:17:51.826666666,Đông,,,
Lai Châu,Trung du miền núi Bắc Bộ,2026-01-18,14.488888888888887,21.133333333333333,8.966666666666667,13.72222222222222,20.77777777777778,7.822222222222223,0.0,0.0,0.0,0.0,68.11111111111111,8.177777777777777,32.25555555555556,17.755555555555556,1012.3333333333334,6.666666666666667,8.3,0.0,2.991111111111111,22.3964,103.458,10.686666666666666,10.946666666666664,1,3,2,27,1970-01-21 11:18:38.860000000,1970-01-21 11:19:18.260000000,Đông,,,
Lai Châu,Trung du miền núi Bắc Bộ,2026-01-19,15.055555555555555,21.48888888888889,9.8,14.5,21.655555555555555,8.822222222222223,0.0,0.0,0.0,0.0,69.22222222222223,7.455555555555555,30.366666666666667,18.115555555555556,1012.3888888888888,2.3333333333333335,9.033333333333331,0.0,3.0877777777777777,22.3964,103.458,10.696666666666664,10.958888888888888,1,4,0,33,1970-01-21 11:20:05.253333333,1970-01-21 11:20:44.706666666,Đông,,,
Lai Châu,Trung du miền núi Bắc Bộ,2026-01-20,15.4,21.755555555555556,10.18888888888889,15.166666666666666,22.188888888888886,9.533333333333331,0.0444444444444444,0.0444444444444444,0.0,0.3333333333333333,72.11111111111111,7.022222222222222,27.522222222222226,17.571111111111108,1014.2,6.111111111111111,9.977777777777778,0.0,3.0055555555555555,22.3964,103.458,10.706666666666669,10.97,1,4,0,35,1970-01-21 11:21:31.640000000,1970-01-21 11:22:11.146666666,Đông,,,
Lai Châu,Trung du miền núi Bắc Bộ,2026-01-21,14.666666666666666,19.955555555555556,10.355555555555556,14.533333333333337,20.077777777777776,9.72222222222222,0.3555555555555555,0.3555555555555555,0.0,2.111111111111111,79.0,8.077777777777778,30.56666666666667,14.14111111111111,1016.6777777777778,35.44444444444444,10.822222222222225,0.0,2.411111111111111,22.3964,103.458,9.881111111111112,10.986666666666666,1,4,51,43,1970-01-21 11:22:58.033333333,1970-01-21 11:23:37.586666666,Đông,,,
Lai Châu,Trung du miền núi Bắc Bộ,2026-01-22,12.311111111111112,14.77777777777778,10.32222222222222,12.077777777777778,14.311111111111112,9.788888888888888,0.7777777777777778,0.7777777777777778,0.0,4.0,92.0,7.633333333333334,28.0,7.168888888888889,1020.077777777778,85.77777777777777,10.944444444444445,0.0,1.2222222222222223,22.3964,103.458,3.466666666666667,10.998888888888889,1,4,51,142,1970-01-21 11:24:24.433333333,1970-01-21 11:25:04.026666666,Đông,,,
Lai Châu,Trung du miền núi Bắc Bộ,2026-01-23,11.2,14.355555555555554,9.244444444444444,10.533333333333331,13.72222222222222,8.322222222222223,1.3111111111111111,1.3111111111111111,0.0,6.888888888888889,91.22222222222224,6.911111111111111,27.155555555555555,6.2555555555555555,1021.5333333333332,91.22222222222224,9.744444444444444,0.0,1.0611111111111111,22.3964,103.458,2.028888888888889,11.011111111111113,1,4,51,62,1970-01-21 11:25:50.820000000,1970-01-21 11:26:30.466666666,Đông,,,
Lai Châu,Trung du miền núi Bắc Bộ,2026-01-24,11.566666666666666,14.844444444444443,9.522222222222222,11.0,14.033333333333331,8.8,1.1333333333333333,1.1333333333333333,0.0,7.222222222222222,91.33333333333331,8.211111111111112,32.077777777777776,7.985555555555556,1019.8222222222222,80.0,10.144444444444444,0.0,1.2833333333333334,22.3964,103.458,4.528888888888889,11.028888888888888,1,4,51,49,1970-01-21 11:27:17.206666666,1970-01-21 11:27:56.906666666,Đông,,,
Lai Châu,Trung du miền núi Bắc Bộ,2026-01-25,13.31111111111111,19.266666666666666,9.133333333333333,12.7,18.98888888888889,8.244444444444445,0.1777777777777777,0.1777777777777777,0.0,1.3333333333333333,79.55555555555556,8.022222222222222,32.87777777777777,15.27,1016.9666666666668,48.888888888888886,9.488888888888887,0.0,2.51,22.3964,103.458,9.837777777777776,11.041111111111112,1,4,3,237,1970-01-21 11:28:43.600000000,1970-01-21 11:29:23.346666666,Đông,,,
Lai Châu,Trung du miền núi Bắc Bộ,2026-01-26,13.655555555555557,19.466666666666665,8.755555555555555,13.18888888888889,19.055555555555557,7.977777777777778,0.0888888888888888,0.0888888888888888,0.0,0.5555555555555556,77.44444444444444,7.48888888888889,29.41111111111111,15.541111111111112,1018.6777777777778,20.11111111111111,9.433333333333334,0.0,2.592222222222222,22.3964,103.458,10.773333333333332,11.05888888888889,1,5,2,54,1970-01-21 11:30:09.980000000,1970-01-21 11:30:49.786666666,Đông,,,
Lai Châu,Trung du miền núi Bắc Bộ,2026-01-27,13.922222222222222,19.833333333333332,8.966666666666667,13.8,19.811111111111114,8.266666666666667,0.2333333333333333,0.2333333333333333,0.0,1.5555555555555556,81.66666666666667,6.322222222222223,24.1,13.765555555555556,1019.7333333333332,47.333333333333336,10.5,0.0,2.3266666666666667,22.3964,103.458,9.605555555555556,11.071111111111112,1,5,51,63,1970-01-21 11:31:36.366666666,1970-01-21 11:32:16.226666666,Đông,,,
Lai Châu,Trung du miền núi Bắc Bộ,2026-01-28,13.6,18.977777777777774,8.600000000000001,13.27777777777778,18.799999999999997,7.933333333333334,0.1222222222222222,0.1222222222222222,0.0,0.7777777777777778,81.44444444444444,7.722222222222222,29.233333333333334,13.58222222222222,1019.3222222222222,49.0,10.22222222222222,0.0,2.27,22.3964,103.458,9.49,11.09,1,5,3,57,1970-01-21 11:33:02.746666666,1970-01-21 11:33:42.666666666,Đông,,,
Lai Châu,Trung du miền núi Bắc Bộ,2026-01-29,14.8,21.155555555555555,9.666666666666666,14.322222222222225,20.811111111111114,8.933333333333334,0.0666666666666666,0.0666666666666666,0.0,0.5555555555555556,74.22222222222223,8.922222222222222,34.56666666666667,16.846666666666668,1016.3,15.333333333333334,9.833333333333334,0.0,2.8755555555555556,22.3964,103.458,10.81111111111111,11.107777777777777,1,5,51,37,1970-01-21 11:34:29.133333333,1970-01-21 11:35:09.106666666,Đông,,,
Lai Châu,Trung du miền núi Bắc Bộ,2026-01-30,15.377777777777778,21.522222222222226,10.61111111111111,15.055555555555555,21.744444444444444,9.844444444444443,0.0222222222222222,0.0222222222222222,0.0,0.2222222222222222,71.88888888888889,7.288888888888888,29.72222222222222,16.665555555555557,1017.2444444444444,53.44444444444444,10.0,0.0,2.905555555555555,22.3964,103.458,10.821111111111112,11.121111111111112,1,5,3,31,1970-01-21 11:35:55.513333333,1970-01-21 11:36:35.546666666,Đông,,,
Lai Châu,Trung du miền núi Bắc Bộ,2026-01-31,15.166666666666666,20.655555555555555,10.88888888888889,15.233333333333333,20.822222222222223,10.566666666666666,0.6111111111111112,0.6111111111111112,0.0,2.111111111111111,78.88888888888889,7.166666666666667,26.78888888888889,14.822222222222225,1019.577777777778,38.888888888888886,11.244444444444444,0.0,2.5877777777777777,22.3964,103.458,10.497777777777776,11.14,1,5,51,46,1970-01-21 11:37:21.886666666,1970-01-21 11:38:01.986666666,Đông,,,
Lai Châu,Trung du miền núi Bắc Bộ,2026-02-01,14.0,17.87777777777778,11.666666666666666,14.133333333333333,17.6,11.72222222222222,0.7222222222222222,0.7222222222222222,0.0,4.222222222222222,88.22222222222223,6.922222222222222,26.4,9.094444444444443,1020.6333333333334,83.55555555555556,11.911111111111111,0.0,1.5955555555555554,22.3964,103.458,5.452222222222222,11.157777777777778,2,5,51,58,1970-01-21 11:38:48.260000000,1970-01-21 11:39:28.426666666,Đông,,,
Lai Châu,Trung du miền núi Bắc Bộ,2026-02-02,12.844444444444443,15.711111111111112,10.933333333333334,12.677777777777775,15.41111111111111,10.566666666666666,1.4666666666666666,1.4666666666666666,0.0,6.222222222222222,89.77777777777777,7.1,24.64444444444445,5.85,1022.4,90.66666666666669,11.088888888888889,0.0,1.0955555555555554,22.3964,103.458,1.93,11.17111111111111,2,6,51,16,1970-01-21 11:40:14.646666666,1970-01-21 11:40:54.860000000,Đông,,,
Lai Châu,Trung du miền núi Bắc Bộ,2026-02-03,13.3,17.833333333333332,10.366666666666667,13.1,17.566666666666666,9.966666666666669,0.1333333333333333,0.1333333333333333,0.0,1.0,85.44444444444444,6.1000000000000005,24.6,10.223333333333334,1021.7444444444444,66.66666666666667,10.68888888888889,0.0,1.747777777777778,22.3964,103.458,7.23888888888889,11.19,2,6,3,34,1970-01-21 11:41:41.026666666,1970-01-21 11:42:21.306666666,Đông,,,
Lai Châu,Trung du miền núi Bắc Bộ,2026-02-04,15.233333333333333,21.666666666666668,10.2,15.233333333333333,21.977777777777774,9.677777777777775,0.1111111111111111,0.1111111111111111,0.0,0.7777777777777778,79.77777777777777,7.6,29.877777777777776,15.52111111111111,1017.5888888888888,38.111111111111114,11.422222222222222,0.0,2.6944444444444446,22.3964,103.458,10.452222222222222,11.208888888888888,2,6,3,9,1970-01-21 11:43:07.393333333,1970-01-21 11:43:47.746666666,Đông,,,
Lai Châu,Trung du miền núi Bắc Bộ,2026-02-05,16.644444444444446,23.27777777777778,11.244444444444444,16.544444444444444,23.455555555555556,10.744444444444444,0.0,0.0,0.0,0.0,71.66666666666667,8.777777777777779,35.44444444444444,18.308888888888887,1014.8666666666666,25.88888888888889,10.988888888888887,0.0,3.2744444444444443,22.3964,103.458,10.886666666666668,11.22777777777778,2,6,3,234,1970-01-21 11:44:33.766666666,1970-01-21 11:45:14.180000000,Đông,,,
Lai Châu,Trung du miền núi Bắc Bộ,2026-02-06,16.922222222222224,23.711111111111112,11.61111111111111,16.58888888888889,24.0,11.066666666666666,0.0,0.0,0.0,0.0,63.333333333333336,6.777777777777778,27.922222222222224,19.836666666666662,1014.2111111111112,1.7777777777777777,9.2,0.0,3.5533333333333332,22.3964,103.458,10.896666666666668,11.242222222222225,2,6,0,29,1970-01-21 11:46:00.133333333,1970-01-21 11:46:40.620000000,Đông,,,
Lai Châu,Trung du miền núi Bắc Bộ,2026-02-07,16.177777777777777,21.677777777777777,11.38888888888889,16.144444444444446,22.322222222222223,10.68888888888889,0.6444444444444444,0.6444444444444444,0.0,3.5555555555555554,70.11111111111111,7.155555555555556,28.322222222222223,16.87777777777778,1015.5444444444444,18.555555555555557,10.533333333333331,0.0,2.957777777777778,22.3964,103.458,10.864444444444445,11.261111111111113,2,6,51,38,1970-01-21 11:47:26.513333333,1970-01-21 11:48:07.060000000,Đông,,,
Lai Châu,Trung du miền núi Bắc Bộ,2026-02-08,13.966666666666669,17.87777777777778,10.488888888888887,13.77777777777778,17.855555555555554,9.833333333333334,3.2,3.2,0.0,9.0,85.66666666666667,9.177777777777775,35.355555555555554,9.844444444444443,1019.4333333333332,74.0,11.355555555555556,0.0,1.7744444444444445,22.3964,103.458,6.239999999999999,11.28111111111111,2,6,51,70,1970-01-21 11:48:52.873333333,1970-01-21 11:49:33.486666666,Đông,,,
Lai Châu,Trung du miền núi Bắc Bộ,2026-02-09,12.044444444444444,15.47777777777778,9.122222222222222,11.477777777777778,14.666666666666666,8.411111111111111,3.422222222222222,3.422222222222222,0.0,7.888888888888889,88.22222222222223,8.011111111111111,30.422222222222224,7.753333333333334,1019.1,85.33333333333333,10.022222222222222,0.0,1.3377777777777775,22.3964,103.458,3.5166666666666666,11.3,2,7,53,100,1970-01-21 11:50:19.253333333,1970-01-21 11:50:59.926666666,Đông,,,
Lai Châu,Trung du miền núi Bắc Bộ,2026-02-10,14.922222222222224,21.01111111111111,9.444444444444445,14.844444444444443,21.11111111111111,8.722222222222221,0.2222222222222222,0.2222222222222222,0.0,1.2222222222222223,80.44444444444444,8.177777777777777,31.444444444444443,15.422222222222224,1017.3333333333334,53.888888888888886,11.255555555555556,0.0,2.677777777777778,22.3964,103.458,10.123333333333331,11.318888888888887,2,7,3,51,1970-01-21 11:51:45.613333333,1970-01-21 11:52:26.360000000,Đông,,,
Lai Châu,Trung du miền núi Bắc Bộ,2026-02-11,14.755555555555556,19.455555555555556,11.022222222222222,15.066666666666666,19.64444444444444,11.022222222222222,1.8555555555555552,1.8555555555555552,0.0,6.666666666666667,86.0,6.944444444444445,27.366666666666667,11.904444444444444,1019.188888888889,50.0,12.288888888888888,0.0,2.0433333333333334,22.3964,103.458,9.194444444444445,11.336666666666666,2,7,51,78,1970-01-21 11:53:11.986666666,1970-01-21 11:53:52.800000000,Đông,,,
Lai Châu,Trung du miền núi Bắc Bộ,2026-02-12,15.944444444444445,20.98888888888889,12.655555555555557,16.633333333333333,21.788888888888888,13.11111111111111,1.6666666666666667,1.6666666666666667,0.0,7.444444444444445,86.66666666666667,7.177777777777777,31.077777777777776,13.31,1016.811111111111,58.666666666666664,13.455555555555556,0.0,2.34,22.3964,103.458,8.157777777777778,11.356666666666666,2,7,53,56,1970-01-21 11:54:38.346666666,1970-01-21 11:55:19.233333333,Đông,,,
Lai Châu,Trung du miền núi Bắc Bộ,2026-02-13,16.544444444444444,22.200000000000003,12.5,17.255555555555556,23.166666666666668,12.9,1.1333333333333333,1.1333333333333333,0.0,5.555555555555555,82.11111111111111,7.211111111111112,29.377777777777776,15.353333333333332,1015.188888888889,42.333333333333336,13.088888888888889,0.0,2.765555555555556,22.3964,103.458,8.821111111111112,11.372222222222222,2,7,51,229,1970-01-21 11:56:04.726666666,1970-01-21 11:56:45.666666666,Đông,,,
Lai Châu,Trung du miền núi Bắc Bộ,2026-02-14,17.366666666666667,23.522222222222226,12.122222222222224,17.844444444444445,24.38888888888889,12.333333333333334,0.3,0.3,0.0,1.2222222222222223,73.88888888888889,7.7333333333333325,30.311111111111114,18.216666666666665,1014.6555555555556,16.88888888888889,12.22222222222222,0.0,3.328888888888889,22.3964,103.458,10.976666666666668,11.392222222222223,2,7,51,205,1970-01-21 11:57:31.073333333,1970-01-21 11:58:12.100000000,Đông,,,
Lai Châu,Trung du miền núi Bắc Bộ,2026-02-15,17.98888888888889,23.98888888888889,13.22222222222222,18.61111111111111,24.655555555555555,13.577777777777778,0.6777777777777777,0.6777777777777777,0.0,3.2222222222222223,74.0,8.18888888888889,32.888888888888886,17.61555555555556,1013.8333333333334,44.0,12.855555555555556,0.0,3.2288888888888887,22.3964,103.458,10.983333333333334,11.412222222222224,2,7,51,39,1970-01-21 11:58:57.440000000,1970-01-21 11:59:38.526666666,Đông,,,
Lai Châu,Trung du miền núi Bắc Bộ,2026-02-16,18.566666666666663,25.08888888888889,13.066666666666666,18.922222222222224,25.555555555555557,13.266666666666667,0.0,0.0,0.0,0.0,66.55555555555556,7.9,30.0,19.116666666666667,1013.9444444444443,39.55555555555556,11.5,0.0,3.605555555555556,22.3964,103.458,10.992222222222225,11.432222222222222,2,8,3,230,1970-01-21 12:00:23.806666666,1970-01-21 12:01:04.960000000,Đông,,,
Lai Châu,Trung du miền núi Bắc Bộ,2026-02-17,17.944444444444443,23.266666666666666,13.555555555555555,18.555555555555557,24.11111111111111,13.677777777777775,0.6888888888888888,0.6888888888888888,0.0,2.6666666666666665,72.44444444444444,7.98888888888889,29.877777777777776,17.58,1016.0,27.666666666666668,12.577777777777778,0.0,3.267777777777778,22.3964,103.458,10.94888888888889,11.452222222222222,2,8,51,153,1970-01-21 12:01:50.160000000,1970-01-21 12:02:31.386666666,Đông,,,
Lai Châu,Trung du miền núi Bắc Bộ,2026-02-18,16.655555555555555,20.755555555555556,13.866666666666667,17.51111111111111,21.322222222222223,14.588888888888889,1.5333333333333334,1.5333333333333334,0.0,7.666666666666667,85.66666666666667,6.455555555555556,24.755555555555556,11.42,1018.8555555555556,63.111111111111114,13.966666666666669,0.0,2.1344444444444446,22.3964,103.458,7.583333333333333,11.47222222222222,2,8,51,40,1970-01-21 12:03:16.520000000,1970-01-21 12:03:57.826666666,Đông,,,
Lai Châu,Trung du miền núi Bắc Bộ,2026-02-19,15.622222222222222,19.677777777777777,13.033333333333337,16.211111111111112,19.85555555555555,13.522222222222222,0.7111111111111111,0.7111111111111111,0.0,4.777777777777778,87.0,6.422222222222222,22.811111111111114,8.76,1020.577777777778,74.22222222222223,13.2,0.0,1.6777777777777778,22.3964,103.458,4.565555555555556,11.493333333333332,2,8,51,85,1970-01-21 12:04:42.886666666,1970-01-21 12:05:24.246666666,Đông,,,
Lai Châu,Trung du miền núi Bắc Bộ,2026-02-20,15.38888888888889,19.72222222222222,12.677777777777775,15.91111111111111,20.055555555555557,13.066666666666666,2.1888888888888887,2.1888888888888887,0.0,8.88888888888889,87.0,7.611111111111111,28.67777777777778,9.98,1019.2666666666668,70.33333333333333,13.088888888888889,0.0,1.836666666666667,22.3964,103.458,5.421111111111111,11.513333333333334,2,8,51,69,1970-01-21 12:06:09.233333333,1970-01-21 12:06:50.686666666,Đông,,,
Lai Châu,Trung du miền núi Bắc Bộ,2026-02-21,17.755555555555556,24.12222222222222,12.61111111111111,18.288888888888888,24.744444444444447,12.733333333333334,0.8222222222222222,0.8222222222222222,0.0,2.888888888888889,76.88888888888889,8.033333333333333,41.04444444444445,16.4,1011.2222222222222,43.77777777777778,13.144444444444444,0.0,3.066666666666667,22.3964,103.458,10.126666666666669,11.536666666666669,2,8,3,15,1970-01-21 12:07:35.586666666,1970-01-21 12:08:17.106666666,Đông,,,
Lai Châu,Trung du miền núi Bắc Bộ,2026-02-22,18.98888888888889,25.61111111111111,13.88888888888889,19.38888888888889,26.266666666666666,13.911111111111111,1.9555555555555555,1.9555555555555555,0.0,2.3333333333333335,67.88888888888889,8.399999999999999,34.599999999999994,18.1,1009.4777777777776,36.55555555555556,12.266666666666667,0.0,3.537777777777778,22.3964,103.458,11.001111111111111,11.556666666666668,2,8,51,40,1970-01-21 12:09:01.940000000,1970-01-21 12:09:43.546666666,Đông,,,
Lai Châu,Trung du miền núi Bắc Bộ,2026-02-23,17.155555555555555,22.211111111111112,13.52222222222222,18.01111111111111,23.366666666666667,14.11111111111111,6.177777777777778,6.177777777777778,0.0,7.444444444444445,82.33333333333333,7.133333333333334,35.44444444444444,13.845555555555556,1011.2,65.0,13.866666666666667,0.0,2.537777777777778,22.3964,103.458,8.600000000000001,11.576666666666666,2,9,61,50,1970-01-21 12:10:28.306666666,1970-01-21 12:11:09.966666666,Đông,,,
Lai Châu,Trung du miền núi Bắc Bộ,2026-02-24,18.64444444444445,23.566666666666663,14.211111111111112,19.6,24.188888888888886,14.933333333333334,0.3444444444444444,0.3444444444444444,0.0,1.4444444444444444,76.33333333333333,6.155555555555555,25.533333333333335,12.123333333333331,1012.4666666666668,87.22222222222223,13.955555555555556,0.0,2.437777777777778,22.3964,103.458,5.851111111111112,11.596666666666668,2,9,51,35,1970-01-21 12:11:54.653333333,1970-01-21 12:12:36.406666666,Đông,,,
Lai Châu,Trung du miền núi Bắc Bộ,2026-02-25,16.566666666666666,18.455555555555556,14.88888888888889,17.577777777777776,19.51111111111111,15.755555555555556,4.388888888888889,4.388888888888889,0.0,14.22222222222222,86.55555555555556,5.811111111111111,24.12222222222222,4.891111111111112,1014.3,100.0,14.177777777777775,0.0,1.0455555555555556,22.3964,103.458,0.0533333333333333,11.617777777777777,2,9,53,7,1970-01-21 12:13:21.006666666,1970-01-21 12:14:02.826666666,Đông,,,
Lai Châu,Trung du miền núi Bắc Bộ,2026-02-26,16.766666666666666,21.788888888888888,13.411111111111111,17.188888888888886,22.366666666666667,13.733333333333333,5.977777777777778,5.977777777777778,0.0,8.555555555555555,77.66666666666667,7.7666666666666675,34.099999999999994,17.095555555555556,1011.4888888888888,51.888888888888886,12.4,0.0,3.086666666666667,22.3964,103.458,9.862222222222222,11.637777777777778,2,9,55,235,1970-01-21 12:14:47.346666666,1970-01-21 12:15:29.260000000,Đông,,,
Lai Châu,Trung du miền núi Bắc Bộ,2026-02-27,17.0,22.633333333333333,12.355555555555556,17.311111111111114,22.966666666666665,12.288888888888888,0.6444444444444444,0.6444444444444444,0.0,3.0,75.0,7.588888888888889,35.75555555555556,17.314444444444447,1008.7888888888888,22.22222222222222,12.17777777777778,0.0,3.1566666666666667,22.3964,103.458,10.95111111111111,11.661111111111111,2,9,51,13,1970-01-21 12:16:13.713333333,1970-01-21 12:16:55.686666666,Đông,,,
Lai Châu,Trung du miền núi Bắc Bộ,2026-02-28,17.87777777777778,23.844444444444445,13.31111111111111,18.233333333333334,24.155555555555555,13.333333333333334,1.6888888888888889,1.6888888888888889,0.0,6.111111111111111,73.33333333333333,9.144444444444444,39.71111111111111,17.322222222222223,1007.2777777777778,26.333333333333332,12.6,0.0,3.23,22.3964,103.458,10.676666666666668,11.682222222222222,2,9,51,230,1970-01-21 12:17:40.073333333,1970-01-21 12:18:22.120000000,Đông,,,
Lai Châu,Trung du miền núi Bắc Bộ,2026-03-01,19.266666666666666,25.77777777777778,13.622222222222224,19.0,25.61111111111111,13.233333333333333,0.0555555555555555,0.0555555555555555,0.0,0.2222222222222222,59.22222222222222,11.9,45.7,19.253333333333337,1007.3555555555556,16.555555555555557,10.455555555555556,0.0,3.852222222222222,22.3964,103.458,10.956666666666669,11.703333333333331,3,9,2,239,1970-01-21 12:19:06.413333333,1970-01-21 12:19:48.540000000,Xuân,,,
Lai Châu,Trung du miền núi Bắc Bộ,2026-03-02,19.544444444444444,25.844444444444445,14.044444444444444,18.98888888888889,25.444444444444443,13.433333333333334,0.0111111111111111,0.0111111111111111,0.0,0.1111111111111111,53.333333333333336,11.288888888888888,43.86666666666667,18.447777777777777,1009.4444444444443,28.333333333333332,9.266666666666666,0.0,3.734444444444444,22.3964,103.458,11.026666666666666,11.723333333333334,3,10,3,236,1970-01-21 12:20:32.760000000,1970-01-21 12:21:14.973333333,Xuân,,,
Lai Châu,Trung du miền núi Bắc Bộ,2026-03-03,18.444444444444443,24.12222222222222,13.68888888888889,18.033333333333335,24.22222222222222,12.88888888888889,1.5222222222222224,1.5222222222222224,0.0,2.5555555555555554,57.55555555555556,7.533333333333333,30.033333333333335,19.33888888888889,1012.1777777777778,22.0,9.022222222222222,0.0,3.683333333333333,22.3964,103.458,10.853333333333332,11.743333333333332,3,10,1,45,1970-01-21 12:21:59.106666666,1970-01-21 12:22:41.400000000,Xuân,,,
Lai Châu,Trung du miền núi Bắc Bộ,2026-03-04,16.633333333333333,21.344444444444445,13.088888888888889,17.077777777777776,21.477777777777774,13.622222222222224,4.688888888888889,4.688888888888889,0.0,6.0,79.22222222222223,6.233333333333333,25.177777777777777,14.881111111111112,1015.3555555555556,50.0,12.577777777777778,0.0,2.7222222222222223,22.3964,103.458,10.20111111111111,11.766666666666666,3,10,51,41,1970-01-21 12:23:25.473333333,1970-01-21 12:24:07.820000000,Xuân,,,
Lai Châu,Trung du miền núi Bắc Bộ,2026-03-05,16.577777777777776,22.38888888888889,11.411111111111111,17.01111111111111,23.22222222222222,11.455555555555556,0.4,0.4,0.0,2.2222222222222223,78.66666666666667,8.033333333333333,30.0,18.008888888888887,1014.7,52.666666666666664,12.422222222222222,0.0,3.2977777777777777,22.3964,103.458,10.176666666666668,11.786666666666669,3,10,3,1,1970-01-21 12:24:51.820000000,1970-01-21 12:25:34.260000000,Xuân,,,
Lai Châu,Trung du miền núi Bắc Bộ,2026-03-06,16.255555555555556,20.655555555555555,12.666666666666666,16.644444444444446,20.77777777777778,12.922222222222222,0.6888888888888889,0.6888888888888889,0.0,4.555555555555555,81.66666666666667,7.400000000000001,27.366666666666664,11.626666666666669,1016.6666666666666,59.44444444444444,12.788888888888888,0.0,2.2055555555555557,22.3964,103.458,7.212222222222222,11.80777777777778,3,10,51,166,1970-01-21 12:26:18.173333333,1970-01-21 12:27:00.666666666,Xuân,,,
Lai Châu,Trung du miền núi Bắc Bộ,2026-03-07,16.788888888888888,20.9,13.188888888888888,17.58888888888889,21.455555555555556,13.666666666666666,1.7333333333333334,1.7333333333333334,0.0,6.666666666666667,83.77777777777777,7.466666666666667,28.133333333333336,12.065555555555555,1016.3,74.66666666666667,13.855555555555556,0.0,2.2377777777777776,22.3964,103.458,8.708888888888888,11.83,3,10,51,149,1970-01-21 12:27:44.513333333,1970-01-21 12:28:27.100000000,Xuân,,,
Lai Châu,Trung du miền núi Bắc Bộ,2026-03-08,17.455555555555556,21.77777777777778,14.877777777777778,18.633333333333333,22.533333333333335,16.08888888888889,6.844444444444445,6.844444444444445,0.0,11.77777777777778,85.55555555555556,7.466666666666667,27.366666666666667,12.586666666666666,1016.3777777777776,70.88888888888889,14.811111111111112,0.0,2.316666666666667,22.3964,103.458,8.252222222222223,11.85,3,10,61,47,1970-01-21 12:29:10.860000000,1970-01-21 12:29:53.520000000,Xuân,,,
Lai Châu,Trung du miền núi Bắc Bộ,2026-03-09,16.566666666666666,20.933333333333337,12.744444444444444,17.188888888888886,22.0,12.3,6.466666666666667,6.466666666666667,0.0,10.11111111111111,83.0,8.455555555555556,29.866666666666667,12.013333333333334,1020.311111111111,65.44444444444444,13.311111111111112,0.0,2.2533333333333334,22.3964,103.458,7.708888888888889,11.87,3,11,61,48,1970-01-21 12:30:37.200000000,1970-01-21 12:31:19.940000000,Xuân,,,
Lai Châu,Trung du miền núi Bắc Bộ,2026-03-10,15.055555555555555,20.544444444444444,10.666666666666666,14.733333333333333,20.37777777777778,10.02222222222222,0.0777777777777777,0.0777777777777777,0.0,0.4444444444444444,74.22222222222223,7.377777777777778,28.38888888888889,16.14888888888889,1021.6777777777778,37.55555555555556,10.066666666666666,0.0,2.901111111111111,22.3964,103.458,10.196666666666667,11.893333333333334,3,11,3,10,1970-01-21 12:32:03.546666666,1970-01-21 12:32:46.380000000,Xuân,,,
Lai Châu,Trung du miền núi Bắc Bộ,2026-03-11,15.6,21.055555555555557,10.733333333333333,15.822222222222225,21.444444444444443,10.5,0.0777777777777777,0.0777777777777777,0.0,0.3333333333333333,78.55555555555556,6.444444444444445,25.311111111111114,15.45111111111111,1017.7444444444444,72.11111111111111,11.544444444444444,0.0,2.786666666666666,22.3964,103.458,9.624444444444444,11.916666666666666,3,11,3,27,1970-01-21 12:33:29.886666666,1970-01-21 12:34:12.780000000,Xuân,,,
Lai Châu,Trung du miền núi Bắc Bộ,2026-03-12,15.3,19.166666666666668,12.833333333333334,15.577777777777776,19.022222222222226,13.244444444444444,4.300000000000001,4.300000000000001,0.0,12.77777777777778,84.22222222222223,7.655555555555556,27.1,12.177777777777775,1018.3666666666666,86.77777777777777,12.411111111111111,0.0,2.1944444444444446,22.3964,103.458,6.1866666666666665,11.94,3,11,51,65,1970-01-21 12:34:56.240000000,1970-01-21 12:35:39.213333333,Xuân,,,
Lai Châu,Trung du miền núi Bắc Bộ,2026-03-13,14.544444444444444,18.200000000000003,11.2,14.3,17.4,10.977777777777778,1.4222222222222225,1.4222222222222225,0.0,5.0,81.22222222222223,8.61111111111111,29.522222222222226,10.575555555555557,1019.688888888889,73.22222222222223,10.933333333333332,0.0,2.031111111111111,22.3964,103.458,4.6466666666666665,11.96,3,11,51,144,1970-01-21 12:36:22.580000000,1970-01-21 12:37:05.640000000,Xuân,,,
Lai Châu,Trung du miền núi Bắc Bộ,2026-03-14,15.011111111111113,19.766666666666666,10.955555555555556,14.822222222222225,19.311111111111114,10.544444444444444,0.2666666666666667,0.2666666666666667,0.0,1.8888888888888888,77.33333333333333,7.0,25.833333333333332,12.547777777777778,1019.6,71.88888888888889,10.711111111111112,0.0,2.324444444444444,22.3964,103.458,7.1033333333333335,11.98,3,11,3,23,1970-01-21 12:37:48.926666666,1970-01-21 12:38:32.053333333,Xuân,,,
Lai Châu,Trung du miền núi Bắc Bộ,2026-03-15,15.833333333333334,20.455555555555556,12.744444444444444,16.27777777777778,20.944444444444443,12.955555555555556,3.711111111111111,3.711111111111111,0.0,6.666666666666667,82.77777777777777,6.711111111111111,28.633333333333333,13.475555555555555,1018.9444444444443,84.66666666666667,12.666666666666666,0.0,2.4544444444444444,22.3964,103.458,8.202222222222222,12.0,3,11,61,38,1970-01-21 12:39:15.273333333,1970-01-21 12:39:58.486666666,Xuân,,,
Lai Châu,Trung du miền núi Bắc Bộ,2026-03-16,16.0,20.655555555555555,12.333333333333334,16.61111111111111,21.244444444444444,12.533333333333331,5.844444444444445,5.844444444444445,0.0,11.0,84.77777777777777,7.122222222222222,31.988888888888887,14.257777777777775,1016.077777777778,60.888888888888886,13.177777777777775,0.0,2.5455555555555556,22.3964,103.458,8.85888888888889,12.023333333333332,3,12,53,43,1970-01-21 12:40:41.620000000,1970-01-21 12:41:24.900000000,Xuân,,,
Lai Châu,Trung du miền núi Bắc Bộ,2026-03-17,16.51111111111111,21.62222222222222,12.877777777777778,17.366666666666667,22.5,13.22222222222222,5.411111111111111,5.411111111111111,0.0,7.777777777777778,85.11111111111111,7.577777777777778,36.27777777777778,14.814444444444442,1014.1555555555556,49.55555555555556,13.755555555555556,0.0,2.6577777777777776,22.3964,103.458,9.434444444444445,12.05,3,12,63,30,1970-01-21 12:42:07.966666666,1970-01-21 12:42:51.320000000,Xuân,,,
Lai Châu,Trung du miền núi Bắc Bộ,2026-03-18,17.91111111111111,24.066666666666663,12.544444444444444,18.655555555555555,25.233333333333334,12.744444444444444,0.4888888888888888,0.4888888888888888,0.0,2.4444444444444446,74.88888888888889,6.644444444444444,29.0,18.42111111111111,1014.1666666666666,25.555555555555557,12.944444444444445,0.0,3.47,22.3964,103.458,10.86111111111111,12.07,3,12,51,55,1970-01-21 12:43:34.306666666,1970-01-21 12:44:17.753333333,Xuân,,,
Lai Châu,Trung du miền núi Bắc Bộ,2026-03-19,19.044444444444444,25.422222222222224,13.733333333333333,19.555555555555557,26.166666666666668,14.11111111111111,0.6333333333333333,0.6333333333333333,0.0,2.888888888888889,69.0,8.511111111111113,39.51111111111111,18.87222222222222,1012.5555555555557,13.11111111111111,12.633333333333333,0.0,3.651111111111111,22.3964,103.458,11.015555555555556,12.09,3,12,51,49,1970-01-21 12:45:00.653333333,1970-01-21 12:45:44.160000000,Xuân,,,
Lai Châu,Trung du miền núi Bắc Bộ,2026-03-20,19.88888888888889,25.944444444444443,14.877777777777778,20.37777777777778,26.58888888888889,15.166666666666666,0.2333333333333333,0.2333333333333333,0.0,1.5555555555555556,64.44444444444444,8.622222222222222,35.91111111111111,18.944444444444443,1012.0555555555557,17.0,12.477777777777778,0.0,3.77,22.3964,103.458,11.132222222222222,12.11,3,12,3,38,1970-01-21 12:46:26.993333333,1970-01-21 12:47:10.586666666,Xuân,,,
Lai Châu,Trung du miền núi Bắc Bộ,2026-03-21,18.41111111111111,23.533333333333335,15.077777777777776,19.72222222222222,25.42222222222222,15.622222222222222,14.933333333333334,14.933333333333334,0.0,12.22222222222222,79.66666666666667,7.555555555555555,33.75555555555556,16.162222222222223,1014.1777777777778,38.0,14.644444444444446,0.0,3.022222222222222,22.3964,103.458,10.491111111111111,12.13,3,12,63,14,1970-01-21 12:47:53.340000000,1970-01-21 12:48:37.020000000,Xuân,,,
Lai Châu,Trung du miền núi Bắc Bộ,2026-03-22,18.066666666666663,23.233333333333334,14.788888888888888,19.422222222222224,25.27777777777778,15.544444444444444,7.922222222222222,7.922222222222222,0.0,11.88888888888889,83.88888888888889,8.411111111111111,39.0,15.881111111111112,1013.4666666666668,50.666666666666664,15.144444444444446,0.0,2.9344444444444444,22.3964,103.458,9.242222222222225,12.156666666666666,3,12,61,56,1970-01-21 12:49:19.680000000,1970-01-21 12:50:03.426666666,Xuân,,,
Lai Châu,Trung du miền núi Bắc Bộ,2026-03-23,18.62222222222222,24.12222222222222,14.655555555555557,19.88888888888889,25.35555555555555,15.488888888888887,5.944444444444445,5.944444444444445,0.0,10.11111111111111,80.77777777777777,8.644444444444444,37.68888888888889,17.48,1012.6222222222224,38.333333333333336,14.866666666666667,0.0,3.312222222222222,22.3964,103.458,10.242222222222225,12.18,3,13,61,23,1970-01-21 12:50:46.020000000,1970-01-21 12:51:29.866666666,Xuân,,,
Lai Châu,Trung du miền núi Bắc Bộ,2026-03-24,20.14444444444445,26.677777777777777,14.533333333333337,20.91111111111111,27.61111111111111,14.91111111111111,0.1,0.1,0.0,0.3333333333333333,66.55555555555556,8.155555555555557,32.43333333333333,19.864444444444445,1010.8666666666666,7.666666666666667,13.044444444444444,0.0,3.953333333333333,22.3964,103.458,11.246666666666666,12.2,3,13,1,31,1970-01-21 12:52:12.360000000,1970-01-21 12:52:56.280000000,Xuân,,,
Lai Châu,Trung du miền núi Bắc Bộ,2026-03-25,20.544444444444444,26.666666666666668,15.288888888888888,21.266666666666666,27.866666666666667,15.755555555555556,0.4,0.4,0.0,2.4444444444444446,65.22222222222223,10.033333333333331,41.77777777777778,19.23444444444445,1010.922222222222,7.0,13.322222222222225,0.0,3.868888888888889,22.3964,103.458,11.416666666666666,12.22,3,13,51,38,1970-01-21 12:53:38.700000000,1970-01-21 12:54:22.686666666,Xuân,,,
Lai Châu,Trung du miền núi Bắc Bộ,2026-03-26,21.022222222222226,27.755555555555553,14.9,21.444444444444443,28.444444444444443,14.988888888888887,0.0,0.0,0.0,0.0,59.22222222222222,9.655555555555557,38.96666666666667,20.59,1010.2222222222222,3.4444444444444446,12.177777777777775,0.0,4.20888888888889,22.3964,103.458,11.47,12.24,3,13,0,42,1970-01-21 12:55:05.040000000,1970-01-21 12:55:49.126666666,Xuân,,,
Lai Châu,Trung du miền núi Bắc Bộ,2026-03-27,21.48888888888889,27.666666666666668,15.844444444444443,21.744444444444444,28.622222222222224,15.711111111111112,0.0555555555555555,0.0555555555555555,0.0,0.5555555555555556,55.77777777777778,9.711111111111112,40.37777777777777,19.982222222222223,1009.3444444444444,5.666666666666667,11.788888888888888,0.0,4.12,22.3964,103.458,11.44888888888889,12.26,3,13,1,37,1970-01-21 12:56:31.386666666,1970-01-21 12:57:15.540000000,Xuân,,,
Lai Châu,Trung du miền núi Bắc Bộ,2026-03-28,21.544444444444444,28.022222222222226,15.944444444444445,21.88888888888889,28.700000000000003,15.944444444444445,0.1666666666666666,0.1666666666666666,0.0,1.0,56.22222222222222,9.0,37.72222222222222,19.345555555555556,1008.9777777777776,8.333333333333334,12.0,0.0,4.003333333333334,22.3964,103.458,11.524444444444445,12.283333333333331,3,13,1,29,1970-01-21 12:57:57.733333333,1970-01-21 12:58:41.960000000,Xuân,,,
Lai Châu,Trung du miền núi Bắc Bộ,2026-03-29,20.799999999999997,26.133333333333333,15.811111111111112,20.844444444444445,26.88888888888889,15.788888888888888,2.8666666666666667,2.8666666666666667,0.0,3.6666666666666665,57.55555555555556,13.31111111111111,56.92222222222222,19.683333333333337,1008.6111111111112,13.11111111111111,11.633333333333333,0.0,4.002222222222223,22.3964,103.458,11.461111111111112,12.306666666666668,3,13,51,241,1970-01-21 12:59:24.080000000,1970-01-21 13:00:08.393333333,Xuân,,,
Lai Châu,Trung du miền núi Bắc Bộ,2026-03-30,21.166666666666668,27.31111111111111,15.244444444444444,21.27777777777778,27.866666666666667,15.166666666666666,0.0111111111111111,0.0111111111111111,0.0,0.1111111111111111,57.55555555555556,13.78888888888889,51.75555555555555,20.582222222222224,1008.3444444444444,17.555555555555557,11.911111111111111,0.0,4.261111111111111,22.3964,103.458,11.552222222222222,12.327777777777778,3,14,3,48,1970-01-21 13:00:50.420000000,1970-01-21 13:01:34.800000000,Xuân,,,
Lai Châu,Trung du miền núi Bắc Bộ,2026-03-31,22.344444444444445,28.022222222222226,16.966666666666665,23.033333333333335,29.08888888888889,17.299999999999997,0.2444444444444444,0.2444444444444444,0.0,1.0,58.22222222222222,9.577777777777778,38.78888888888889,20.205555555555556,1008.8555555555556,10.444444444444445,13.244444444444444,0.0,4.211111111111111,22.3964,103.458,11.52777777777778,12.35,3,14,1,18,1970-01-21 13:02:16.766666666,1970-01-21 13:03:01.220000000,Xuân,,,
Lai Châu,Trung du miền núi Bắc Bộ,2026-04-01,20.577777777777776,25.677777777777777,16.955555555555556,22.27777777777778,27.677777777777777,17.755555555555556,6.2444444444444445,6.2444444444444445,0.0,6.666666666666667,75.88888888888889,8.433333333333334,33.56666666666667,17.112222222222222,1011.1222222222224,31.666666666666668,15.9,0.0,3.348888888888889,22.3964,103.458,10.925555555555556,12.37,4,14,63,70,1970-01-21 13:03:43.113333333,1970-01-21 13:04:27.653333333,Xuân,,,
Lai Châu,Trung du miền núi Bắc Bộ,2026-04-02,20.333333333333332,26.12222222222222,16.055555555555557,22.066666666666663,28.5,17.288888888888888,2.244444444444445,2.244444444444445,0.0,5.0,78.77777777777777,10.211111111111112,43.97777777777778,18.41111111111111,1010.688888888889,29.11111111111111,16.155555555555555,0.0,3.5844444444444443,22.3964,103.458,11.047777777777778,12.392222222222223,4,14,51,238,1970-01-21 13:05:09.453333333,1970-01-21 13:05:54.060000000,Xuân,,,
Lai Châu,Trung du miền núi Bắc Bộ,2026-04-03,22.566666666666663,28.65555555555555,16.62222222222222,23.6,29.766666666666666,17.51111111111111,0.0222222222222222,0.0222222222222222,0.0,0.1111111111111111,61.77777777777778,9.655555555555557,39.75555555555556,20.75111111111111,1007.7,8.88888888888889,14.088888888888889,0.0,4.325555555555556,22.3964,103.458,11.677777777777775,12.413333333333334,4,14,1,243,1970-01-21 13:06:35.800000000,1970-01-21 13:07:20.480000000,Xuân,,,
Lai Châu,Trung du miền núi Bắc Bộ,2026-04-04,22.866666666666664,28.71111111111111,17.677777777777777,23.555555555555557,30.08888888888889,17.91111111111111,0.3555555555555555,0.3555555555555555,0.0,0.7777777777777778,55.0,9.488888888888887,36.47777777777778,20.11111111111111,1006.1111111111112,25.0,12.955555555555556,0.0,4.26,22.3964,103.458,11.803333333333336,12.436666666666666,4,14,3,49,1970-01-21 13:08:02.140000000,1970-01-21 13:08:46.913333333,Xuân,,,
Lai Châu,Trung du miền núi Bắc Bộ,2026-04-05,23.455555555555556,30.22222222222222,17.322222222222223,24.077777777777776,30.6,17.744444444444444,0.0111111111111111,0.0111111111111111,0.0,0.1111111111111111,55.44444444444444,12.544444444444444,48.75555555555556,21.05777777777778,1004.6444444444444,81.11111111111111,13.466666666666669,0.0,4.631111111111111,22.3964,103.458,11.711111111111112,12.456666666666669,4,14,3,228,1970-01-21 13:09:28.486666666,1970-01-21 13:10:13.320000000,Xuân,,,
Lai Châu,Trung du miền núi Bắc Bộ,2026-04-06,24.366666666666667,30.533333333333335,18.37777777777778,25.266666666666666,31.633333333333333,19.08888888888889,0.0111111111111111,0.0111111111111111,0.0,0.1111111111111111,54.44444444444444,11.577777777777778,45.47777777777778,21.218888888888888,1006.0222222222224,59.44444444444444,13.97777777777778,0.0,4.691111111111111,22.3964,103.458,11.768888888888888,12.47777777777778,4,15,3,44,1970-01-21 13:10:54.840000000,1970-01-21 13:11:39.746666666,Xuân,,,
Lai Châu,Trung du miền núi Bắc Bộ,2026-04-07,24.655555555555555,30.54444444444444,18.966666666666665,25.38888888888889,31.377777777777776,19.544444444444444,0.5555555555555556,0.5555555555555556,0.0,0.6666666666666666,51.666666666666664,11.455555555555556,43.56666666666667,21.173333333333332,1007.2555555555556,20.444444444444443,13.477777777777778,0.0,4.743333333333333,22.3964,103.458,11.784444444444444,12.497777777777776,4,15,2,231,1970-01-21 13:12:21.180000000,1970-01-21 13:13:06.173333333,Xuân,,,
Lai Châu,Trung du miền núi Bắc Bộ,2026-04-08,22.922222222222224,28.366666666666667,17.9,24.022222222222226,29.766666666666666,18.688888888888886,0.9888888888888888,0.9888888888888888,0.0,2.888888888888889,61.111111111111114,11.266666666666667,46.077777777777776,20.337777777777777,1008.8444444444444,17.77777777777778,14.566666666666666,0.0,4.33,22.3964,103.458,11.31,12.52111111111111,4,15,51,43,1970-01-21 13:13:47.520000000,1970-01-21 13:14:32.586666666,Xuân,,,
Lai Châu,Trung du miền núi Bắc Bộ,2026-04-09,22.244444444444444,27.688888888888886,17.044444444444444,23.266666666666666,28.766666666666666,18.255555555555556,0.3333333333333333,0.3333333333333333,0.0,2.4444444444444446,63.666666666666664,10.11111111111111,46.72222222222222,20.438888888888886,1009.5222222222224,24.11111111111111,14.366666666666667,0.0,4.236666666666667,22.3964,103.458,11.64,12.542222222222222,4,15,51,230,1970-01-21 13:15:13.860000000,1970-01-21 13:15:59.013333333,Xuân,,,
Lai Châu,Trung du miền núi Bắc Bộ,2026-04-10,22.177777777777777,27.266666666666666,17.677777777777777,23.38888888888889,28.344444444444445,18.85555555555555,1.5333333333333334,1.5333333333333334,0.0,7.0,67.11111111111111,11.67777777777778,47.84444444444445,18.94555555555555,1008.7555555555556,22.11111111111111,15.322222222222225,0.0,3.9822222222222226,22.3964,103.458,11.265555555555556,12.562222222222225,4,15,51,17,1970-01-21 13:16:40.206666666,1970-01-21 13:17:25.433333333,Xuân,,,
Lai Châu,Trung du miền núi Bắc Bộ,2026-04-11,21.91111111111111,26.688888888888886,17.3,22.833333333333332,27.37777777777778,18.62222222222222,1.4666666666666668,1.4666666666666668,0.0,6.111111111111111,65.33333333333333,11.955555555555556,49.577777777777776,17.891111111111112,1007.077777777778,23.444444444444443,14.622222222222222,0.0,3.7066666666666666,22.3964,103.458,11.511111111111113,12.583333333333334,4,15,51,85,1970-01-21 13:18:06.546666666,1970-01-21 13:18:51.846666666,Xuân,,,
Lai Châu,Trung du miền núi Bắc Bộ,2026-04-12,22.48888888888889,28.27777777777778,16.788888888888888,22.733333333333334,28.755555555555556,17.311111111111114,0.0,0.0,0.0,0.0,53.0,10.588888888888889,41.0,22.884444444444444,1006.4444444444443,2.4444444444444446,11.622222222222222,0.0,4.7588888888888885,22.3964,103.458,11.886666666666668,12.603333333333332,4,15,0,54,1970-01-21 13:19:32.906666666,1970-01-21 13:20:18.273333333,Xuân,,,
Lai Châu,Trung du miền núi Bắc Bộ,2026-04-13,23.444444444444443,30.06666666666667,17.188888888888886,23.477777777777774,30.466666666666665,16.744444444444444,0.0,0.0,0.0,0.0,46.55555555555556,10.944444444444445,42.25555555555556,22.502222222222223,1008.1555555555556,1.6666666666666667,10.833333333333334,0.0,4.872222222222223,22.3964,103.458,11.854444444444445,12.623333333333331,4,16,0,35,1970-01-21 13:20:59.253333333,1970-01-21 13:21:44.693333333,Xuân,,,
Lai Châu,Trung du miền núi Bắc Bộ,2026-04-14,24.022222222222226,30.27777777777778,18.177777777777777,24.477777777777774,31.32222222222222,18.266666666666666,0.0,0.0,0.0,0.0,49.111111111111114,10.355555555555556,39.599999999999994,22.096666666666668,1008.2444444444444,4.333333333333333,12.144444444444444,0.0,4.800000000000001,22.3964,103.458,11.80888888888889,12.643333333333334,4,16,1,16,1970-01-21 13:22:25.600000000,1970-01-21 13:23:11.106666666,Xuân,,,
Lai Châu,Trung du miền núi Bắc Bộ,2026-04-15,23.955555555555556,29.444444444444443,18.37777777777778,24.6,30.58888888888889,18.788888888888888,0.1333333333333333,0.1333333333333333,0.0,0.7777777777777778,52.22222222222222,10.433333333333334,41.7,20.55333333333333,1007.1444444444444,12.666666666666666,13.11111111111111,0.0,4.482222222222223,22.3964,103.458,11.75,12.663333333333334,4,16,1,233,1970-01-21 13:23:51.960000000,1970-01-21 13:24:37.546666666,Xuân,,,
Lai Châu,Trung du miền núi Bắc Bộ,2026-04-16,23.022222222222226,28.622222222222224,17.6,24.311111111111114,30.65555555555555,18.733333333333334,3.688888888888889,3.688888888888889,0.0,3.2222222222222223,61.55555555555556,8.577777777777778,35.144444444444446,19.904444444444444,1009.0333333333332,28.444444444444443,14.655555555555557,0.0,4.191111111111111,22.3964,103.458,11.244444444444444,12.683333333333332,4,16,2,4,1970-01-21 13:25:18.300000000,1970-01-21 13:26:03.966666666,Xuân,,,
Lai Châu,Trung du miền núi Bắc Bộ,2026-04-17,22.788888888888888,28.077777777777776,18.200000000000003,24.344444444444445,30.35555555555555,18.977777777777774,2.211111111111111,2.211111111111111,0.0,4.222222222222222,63.666666666666664,7.033333333333333,29.88888888888889,20.08888888888889,1010.077777777778,21.77777777777778,15.02222222222222,0.0,4.158888888888889,22.3964,103.458,11.643333333333333,12.703333333333331,4,16,1,55,1970-01-21 13:26:44.646666666,1970-01-21 13:27:30.380000000,Xuân,,,
Lai Châu,Trung du miền núi Bắc Bộ,2026-04-18,21.38888888888889,25.866666666666667,17.522222222222222,23.677777777777777,28.4,19.433333333333337,3.0444444444444443,3.0444444444444443,0.0,5.555555555555555,78.88888888888889,6.977777777777778,27.922222222222224,18.50222222222222,1011.4111111111112,41.333333333333336,17.27777777777778,0.0,3.6622222222222223,22.3964,103.458,10.776666666666666,12.723333333333334,4,16,3,159,1970-01-21 13:28:11.000000000,1970-01-21 13:28:56.813333333,Xuân,,,
Lai Châu,Trung du miền núi Bắc Bộ,2026-04-19,20.744444444444444,25.08888888888889,17.155555555555555,23.0,27.633333333333333,18.977777777777774,14.733333333333333,14.733333333333333,0.0,12.555555555555555,82.22222222222223,8.355555555555556,35.922222222222224,17.156666666666666,1010.7222222222222,54.22222222222222,17.37777777777778,0.0,3.3133333333333335,22.3964,103.458,10.457777777777778,12.743333333333332,4,16,63,73,1970-01-21 13:29:37.353333333,1970-01-21 13:30:23.226666666,Xuân,,,
Lai Châu,Trung du miền núi Bắc Bộ,2026-04-20,20.422222222222224,24.822222222222223,16.466666666666665,22.48888888888889,27.188888888888886,18.0,7.366666666666666,7.366666666666666,0.0,8.88888888888889,82.0,8.533333333333333,36.355555555555554,18.77,1009.8777777777776,38.0,17.0,0.0,3.573333333333333,22.3964,103.458,11.28111111111111,12.763333333333334,4,17,51,44,1970-01-21 13:31:03.706666666,1970-01-21 13:31:49.666666666,Xuân,,,
Lai Châu,Trung du miền núi Bắc Bộ,2026-04-21,21.966666666666665,27.044444444444444,17.355555555555554,24.27777777777778,29.877777777777776,19.022222222222226,1.6666666666666667,1.6666666666666667,0.0,7.666666666666667,77.0,8.444444444444445,38.644444444444446,20.151111111111113,1007.7555555555556,27.333333333333332,17.4,0.0,3.968888888888889,22.3964,103.458,11.636666666666668,12.783333333333331,4,17,51,39,1970-01-21 13:32:30.060000000,1970-01-21 13:33:16.073333333,Xuân,,,
Lai Châu,Trung du miền núi Bắc Bộ,2026-04-22,22.433333333333337,27.966666666666665,18.311111111111114,25.12222222222222,31.211111111111116,20.22222222222222,3.8777777777777778,3.8777777777777778,0.0,7.222222222222222,78.22222222222223,9.488888888888887,40.12222222222223,19.81,1007.6777777777778,30.555555555555557,18.177777777777777,0.0,3.96,22.3964,103.458,11.457777777777778,12.803333333333336,4,17,53,33,1970-01-21 13:33:56.406666666,1970-01-21 13:34:42.500000000,Xuân,,,
Lai Châu,Trung du miền núi Bắc Bộ,2026-04-23,21.12222222222222,26.811111111111114,17.633333333333333,23.422222222222224,30.133333333333333,19.655555555555555,6.088888888888889,6.088888888888889,0.0,6.222222222222222,79.44444444444444,9.4,35.78888888888889,19.49777777777778,1008.6666666666666,62.44444444444444,17.177777777777777,0.0,3.835555555555555,22.3964,103.458,11.435555555555556,12.823333333333332,4,17,63,163,1970-01-21 13:35:22.753333333,1970-01-21 13:36:08.933333333,Xuân,,,
Lai Châu,Trung du miền núi Bắc Bộ,2026-04-24,20.233333333333334,24.944444444444443,16.233333333333334,22.311111111111114,27.322222222222223,17.877777777777776,4.122222222222223,4.122222222222223,0.0,10.11111111111111,82.66666666666667,7.722222222222222,28.811111111111114,18.233333333333334,1012.1555555555556,50.888888888888886,16.91111111111111,0.0,3.561111111111111,22.3964,103.458,11.047777777777778,12.843333333333334,4,17,53,74,1970-01-21 13:36:49.113333333,1970-01-21 13:37:35.346666666,Xuân,,,
Lai Châu,Trung du miền núi Bắc Bộ,2026-04-25,20.62222222222222,25.01111111111111,17.01111111111111,22.64444444444445,27.288888888888888,18.85555555555555,1.3888888888888888,1.3888888888888888,0.0,6.333333333333333,80.88888888888889,7.866666666666666,27.566666666666663,17.60111111111111,1014.7222222222222,69.77777777777777,16.844444444444445,0.0,3.4988888888888887,22.3964,103.458,9.843333333333334,12.863333333333332,4,17,51,159,1970-01-21 13:38:15.466666666,1970-01-21 13:39:01.780000000,Xuân,,,
Lai Châu,Trung du miền núi Bắc Bộ,2026-04-26,19.255555555555556,22.844444444444445,17.08888888888889,21.422222222222224,24.77777777777778,18.98888888888889,11.0,11.0,0.0,18.11111111111111,89.11111111111111,6.666666666666667,29.56666666666667,11.92,1013.1,91.0,17.27777777777778,0.0,2.3144444444444447,22.3964,103.458,4.44,12.881111111111112,4,17,61,65,1970-01-21 13:39:41.820000000,1970-01-21 13:40:28.193333333,Xuân,,,
Lai Châu,Trung du miền núi Bắc Bộ,2026-04-27,19.555555555555557,24.38888888888889,16.144444444444446,21.466666666666665,27.022222222222226,17.688888888888886,6.888888888888889,6.888888888888889,0.0,9.444444444444445,84.0,7.877777777777778,39.28888888888889,18.48444444444445,1010.5111111111112,73.88888888888889,16.51111111111111,0.0,3.4833333333333334,22.3964,103.458,10.44,12.901111111111112,4,18,63,73,1970-01-21 13:41:08.173333333,1970-01-21 13:41:54.620000000,Xuân,,,
Lai Châu,Trung du miền núi Bắc Bộ,2026-04-28,19.322222222222223,24.35555555555555,15.755555555555556,21.133333333333333,26.655555555555555,17.033333333333335,6.288888888888889,6.288888888888889,0.0,8.88888888888889,84.66666666666667,8.922222222222222,39.71111111111111,18.796666666666667,1009.8,75.77777777777777,16.41111111111111,0.0,3.4944444444444445,22.3964,103.458,10.293333333333331,12.92,4,18,51,0,1970-01-21 13:42:34.533333333,1970-01-21 13:43:21.046666666,Xuân,,,
Lai Châu,Trung du miền núi Bắc Bộ,2026-04-29,19.01111111111111,23.522222222222226,15.666666666666666,20.455555555555556,25.322222222222223,16.966666666666665,19.033333333333335,19.033333333333335,0.0,11.22222222222222,79.66666666666667,7.344444444444444,28.78888888888889,19.62777777777778,1013.7666666666668,87.66666666666667,15.02222222222222,0.0,3.677777777777778,22.3964,103.458,9.784444444444444,12.938888888888888,4,18,63,5,1970-01-21 13:44:00.886666666,1970-01-21 13:44:47.466666666,Xuân,,,
Lai Châu,Trung du miền núi Bắc Bộ,2026-04-30,18.799999999999997,22.85555555555555,16.066666666666666,20.288888888888888,24.41111111111111,17.422222222222224,4.288888888888889,4.288888888888889,0.0,10.22222222222222,82.33333333333333,7.800000000000001,30.833333333333332,16.61,1015.6111111111112,73.11111111111111,15.466666666666663,0.0,3.128888888888889,22.3964,103.458,9.83777777777778,12.958888888888888,4,18,61,33,1970-01-21 13:45:27.246666666,1970-01-21 13:46:13.906666666,Xuân,,,
Lai Châu,Trung du miền núi Bắc Bộ,2026-05-01,18.655555555555555,23.35555555555555,16.077777777777776,20.58888888888889,25.822222222222223,17.533333333333335,18.366666666666667,18.366666666666667,0.0,18.88888888888889,88.88888888888889,7.388888888888889,35.78888888888889,14.311111111111112,1012.7111111111112,87.33333333333333,16.666666666666668,0.0,2.67,22.3964,103.458,6.523333333333333,12.97777777777778,5,18,61,48,1970-01-21 13:46:53.613333333,1970-01-21 13:47:40.320000000,Xuân,,,
Lai Châu,Trung du miền núi Bắc Bộ,2026-05-02,18.577777777777776,23.188888888888886,16.311111111111114,20.64444444444445,25.64444444444445,17.77777777777778,21.055555555555557,21.055555555555557,0.0,17.555555555555557,91.11111111111111,8.100000000000001,41.47777777777778,13.326666666666666,1011.5444444444444,96.11111111111111,17.01111111111111,0.0,2.4755555555555557,22.3964,103.458,5.323333333333334,12.992222222222225,5,18,63,18,1970-01-21 13:48:19.973333333,1970-01-21 13:49:06.746666666,Xuân,,,
Lai Châu,Trung du miền núi Bắc Bộ,2026-05-03,18.533333333333335,22.822222222222223,15.533333333333337,20.544444444444444,25.35555555555555,16.72222222222222,23.711111111111112,23.711111111111112,0.0,17.11111111111111,89.66666666666667,7.2333333333333325,32.8,13.416666666666666,1013.0555555555557,89.55555555555556,16.655555555555555,0.0,2.5344444444444445,22.3964,103.458,6.007777777777778,13.01,5,18,63,322,1970-01-21 13:49:46.333333333,1970-01-21 13:50:33.173333333,Xuân,,,
Lai Châu,Trung du miền núi Bắc Bộ,2026-05-04,18.766666666666666,23.700000000000003,15.077777777777776,20.22222222222222,25.87777777777778,15.933333333333334,11.4,11.4,0.0,8.777777777777779,79.33333333333333,5.844444444444445,23.58888888888889,18.85555555555556,1016.0222222222224,60.111111111111114,14.744444444444444,0.0,3.5633333333333335,22.3964,103.458,8.78111111111111,13.028888888888888,5,19,63,71,1970-01-21 13:51:12.700000000,1970-01-21 13:51:59.593333333,Xuân,,,
Lai Châu,Trung du miền núi Bắc Bộ,2026-05-05,19.966666666666665,24.566666666666663,15.711111111111112,21.91111111111111,27.311111111111114,16.88888888888889,2.1666666666666665,2.1666666666666665,0.0,6.444444444444445,79.33333333333333,7.7333333333333325,30.233333333333334,20.263333333333335,1013.3333333333334,40.44444444444444,16.044444444444444,0.0,3.832222222222222,22.3964,103.458,11.345555555555556,13.04888888888889,5,19,53,91,1970-01-21 13:52:39.066666666,1970-01-21 13:53:26.026666666,Xuân,,,
Lai Châu,Trung du miền núi Bắc Bộ,2026-05-06,21.177777777777777,26.033333333333335,17.0,23.744444444444447,29.28888888888889,18.822222222222223,5.7444444444444445,5.7444444444444445,0.0,14.0,82.22222222222223,7.666666666666667,34.52222222222222,21.038888888888888,1010.5,50.666666666666664,17.77777777777778,0.0,4.0088888888888885,22.3964,103.458,11.407777777777778,13.062222222222225,5,19,61,21,1970-01-21 13:54:05.426666666,1970-01-21 13:54:52.453333333,Xuân,,,
Lai Châu,Trung du miền núi Bắc Bộ,2026-05-07,22.244444444444444,27.477777777777774,18.544444444444444,25.4,31.733333333333334,20.677777777777777,7.877777777777778,7.877777777777778,0.0,10.333333333333334,81.66666666666667,6.044444444444444,27.511111111111113,21.406666666666663,1011.1444444444444,48.77777777777778,18.655555555555555,0.0,4.234444444444445,22.3964,103.458,11.536666666666669,13.08,5,19,63,1,1970-01-21 13:55:31.786666666,1970-01-21 13:56:18.886666666,Xuân,,,
Lai Châu,Trung du miền núi Bắc Bộ,2026-05-08,20.72222222222222,24.055555555555557,18.466666666666665,23.700000000000003,27.51111111111111,21.066666666666663,8.433333333333334,8.433333333333334,0.0,15.555555555555555,89.11111111111111,5.855555555555556,25.466666666666665,15.414444444444444,1014.4333333333332,87.11111111111111,18.688888888888886,0.0,2.962222222222222,22.3964,103.458,7.547777777777778,13.098888888888888,5,19,63,67,1970-01-21 13:56:58.153333333,1970-01-21 13:57:45.306666666,Xuân,,,
Lai Châu,Trung du miền núi Bắc Bộ,2026-05-09,19.633333333333333,22.58888888888889,17.933333333333334,22.5,25.666666666666668,20.5,16.12222222222222,16.12222222222222,0.0,20.666666666666668,93.44444444444444,6.622222222222223,25.033333333333335,11.103333333333332,1015.5333333333332,96.77777777777776,18.48888888888889,0.0,2.161111111111111,22.3964,103.458,4.043333333333333,13.112222222222222,5,19,63,79,1970-01-21 13:58:24.526666666,1970-01-21 13:59:11.733333333,Xuân,,,
Lai Châu,Trung du miền núi Bắc Bộ,2026-05-10,18.48888888888889,19.555555555555557,17.677777777777777,21.1,22.38888888888889,20.1,23.1,23.1,0.0,23.0,96.22222222222224,4.533333333333333,22.311111111111114,5.464444444444444,1015.5,100.0,17.822222222222223,0.0,1.1133333333333333,22.3964,103.458,0.1522222222222222,13.13,5,19,63,82,1970-01-21 13:59:50.893333333,1970-01-21 14:00:38.160000000,Xuân,,,
Lai Châu,Trung du miền núi Bắc Bộ,2026-05-11,19.91111111111111,23.4,17.733333333333334,22.666666666666668,26.64444444444445,20.033333333333335,16.422222222222224,16.422222222222224,0.0,18.88888888888889,91.44444444444444,6.1,29.15555555555555,13.356666666666666,1013.6555555555556,91.0,18.366666666666664,0.0,2.522222222222222,22.3964,103.458,6.300000000000001,13.146666666666668,5,20,61,15,1970-01-21 14:01:17.266666666,1970-01-21 14:02:04.586666666,Xuân,,,
Lai Châu,Trung du miền núi Bắc Bộ,2026-05-12,19.77777777777778,22.711111111111112,17.77777777777778,22.188888888888886,24.85555555555555,20.0,12.0,12.0,0.0,16.555555555555557,89.55555555555556,5.911111111111111,34.68888888888889,11.532222222222224,1010.9888888888888,87.55555555555556,17.88888888888889,0.0,2.19,22.3964,103.458,4.395555555555556,13.161111111111111,5,20,61,27,1970-01-21 14:02:43.633333333,1970-01-21 14:03:31.013333333,Xuân,,,
Lai Châu,Trung du miền núi Bắc Bộ,2026-05-13,21.577777777777776,26.155555555555555,18.433333333333337,24.188888888888886,29.666666666666668,20.666666666666668,4.611111111111111,4.611111111111111,0.0,14.666666666666666,80.22222222222223,7.7333333333333325,34.93333333333333,23.566666666666663,1007.3777777777776,47.0,17.688888888888886,0.0,4.4911111111111115,22.3964,103.458,10.97111111111111,13.178888888888888,5,20,53,37,1970-01-21 14:04:10.006666666,1970-01-21 14:04:57.440000000,Xuân,,,
Lai Châu,Trung du miền núi Bắc Bộ,2026-05-14,23.022222222222226,28.22222222222222,18.311111111111114,25.822222222222223,32.166666666666664,20.35555555555555,1.588888888888889,1.588888888888889,0.0,7.888888888888889,73.88888888888889,7.177777777777777,30.366666666666667,25.35,1005.9555555555556,29.77777777777778,17.68888888888889,0.0,4.998888888888889,22.3964,103.458,12.097777777777775,13.19222222222222,5,20,51,48,1970-01-21 14:05:36.373333333,1970-01-21 14:06:23.866666666,Xuân,,,
Lai Châu,Trung du miền núi Bắc Bộ,2026-05-15,22.98888888888889,27.555555555555557,19.533333333333335,26.14444444444445,31.93333333333333,21.944444444444443,6.699999999999999,6.699999999999999,0.0,12.444444444444445,79.44444444444444,7.222222222222222,30.688888888888886,19.938888888888886,1006.4,59.44444444444444,18.98888888888889,0.0,3.984444444444444,22.3964,103.458,10.115555555555556,13.21,5,20,63,234,1970-01-21 14:07:02.746666666,1970-01-21 14:07:50.293333333,Xuân,,,
Lai Châu,Trung du miền núi Bắc Bộ,2026-05-16,23.333333333333332,29.11111111111111,19.233333333333334,27.066666666666663,33.91111111111111,22.066666666666663,6.655555555555555,6.655555555555555,0.0,14.77777777777778,81.66666666666667,7.955555555555555,30.56666666666667,24.59111111111111,1006.4555555555556,59.666666666666664,19.633333333333333,0.0,4.926666666666667,22.3964,103.458,11.99,13.221111111111112,5,20,53,86,1970-01-21 14:08:29.120000000,1970-01-21 14:09:16.726666666,Xuân,,,
Lai Châu,Trung du miền núi Bắc Bộ,2026-05-17,23.51111111111111,28.488888888888887,19.344444444444445,27.4,33.67777777777778,22.533333333333335,3.244444444444445,3.244444444444445,0.0,11.666666666666666,81.77777777777777,5.844444444444445,25.711111111111112,24.928888888888892,1006.5111111111112,63.44444444444444,19.88888888888889,0.0,4.942222222222223,22.3964,103.458,11.992222222222225,13.24,5,20,53,64,1970-01-21 14:09:55.500000000,1970-01-21 14:10:43.153333333,Xuân,,,
Lai Châu,Trung du miền núi Bắc Bộ,2026-05-18,23.38888888888889,28.11111111111111,19.755555555555556,27.255555555555556,32.81111111111111,23.1,13.18888888888889,13.18888888888889,0.0,15.333333333333334,83.66666666666667,6.066666666666666,25.677777777777777,22.566666666666663,1006.4888888888888,68.66666666666667,20.188888888888886,0.0,4.485555555555556,22.3964,103.458,11.534444444444444,13.251111111111111,5,21,63,74,1970-01-21 14:11:21.873333333,1970-01-21 14:12:09.586666666,Xuân,,,
Lai Châu,Trung du miền núi Bắc Bộ,2026-05-19,22.98888888888889,28.133333333333333,19.51111111111111,26.88888888888889,33.37777777777777,22.61111111111111,13.9,13.9,0.0,17.22222222222222,85.55555555555556,7.033333333333333,28.211111111111112,23.723333333333333,1006.0,57.0,20.14444444444445,0.0,4.653333333333333,22.3964,103.458,12.002222222222224,13.266666666666666,5,21,63,70,1970-01-21 14:12:48.253333333,1970-01-21 14:13:36.013333333,Xuân,,,
Lai Châu,Trung du miền núi Bắc Bộ,2026-05-20,22.788888888888888,27.633333333333333,18.933333333333337,26.48888888888889,32.78888888888889,21.799999999999997,18.77777777777778,18.77777777777778,0.0,18.0,84.44444444444444,6.822222222222222,27.711111111111112,23.24,1005.7222222222222,58.888888888888886,19.755555555555556,0.0,4.57,22.3964,103.458,11.476666666666668,13.28,5,21,63,66,1970-01-21 14:14:14.626666666,1970-01-21 14:15:02.433333333,Xuân,,,
Lai Châu,Trung du miền núi Bắc Bộ,2026-05-21,22.633333333333333,27.9,19.344444444444445,26.366666666666667,33.17777777777778,22.38888888888889,10.81111111111111,10.81111111111111,0.0,16.22222222222222,85.44444444444444,7.811111111111111,30.244444444444444,24.12222222222222,1008.1333333333334,49.111111111111114,19.8,0.0,4.70888888888889,22.3964,103.458,11.862222222222222,13.291111111111112,5,21,61,185,1970-01-21 14:15:41.006666666,1970-01-21 14:16:28.860000000,Xuân,,,
Lai Châu,Trung du miền núi Bắc Bộ,2026-05-22,23.1,28.0,19.422222222222224,26.77777777777778,32.455555555555556,22.51111111111111,12.744444444444444,12.744444444444444,0.0,19.333333333333332,84.77777777777777,7.333333333333333,32.02222222222222,22.252222222222223,1008.9444444444443,63.55555555555556,20.077777777777776,0.0,4.384444444444444,22.3964,103.458,10.844444444444443,13.303333333333336,5,21,53,55,1970-01-21 14:17:07.393333333,1970-01-21 14:17:55.280000000,Xuân,,,
Lai Châu,Trung du miền núi Bắc Bộ,2026-05-23,22.38888888888889,26.41111111111111,19.666666666666668,25.822222222222223,30.477777777777774,22.711111111111112,13.155555555555557,13.155555555555557,0.0,20.444444444444443,88.0,7.355555555555556,35.03333333333333,17.43,1009.5,91.55555555555556,20.12222222222222,0.0,3.4122222222222223,22.3964,103.458,8.222222222222221,13.316666666666668,5,21,61,103,1970-01-21 14:18:33.773333333,1970-01-21 14:19:21.713333333,Xuân,,,
Lai Châu,Trung du miền núi Bắc Bộ,2026-05-24,22.344444444444445,26.133333333333333,19.92222222222222,25.91111111111111,30.41111111111111,23.022222222222226,12.322222222222225,12.322222222222225,0.0,22.444444444444443,89.88888888888889,8.577777777777778,43.78888888888889,19.345555555555553,1009.3555555555556,93.11111111111111,20.466666666666665,0.0,3.655555555555555,22.3964,103.458,10.35,13.331111111111111,5,21,61,96,1970-01-21 14:20:00.160000000,1970-01-21 14:20:48.133333333,Xuân,,,
Lai Châu,Trung du miền núi Bắc Bộ,2026-05-25,23.477777777777774,27.799999999999997,20.433333333333337,27.055555555555557,31.811111111111114,23.41111111111111,6.133333333333334,6.133333333333334,0.0,18.88888888888889,83.44444444444444,8.266666666666667,40.8,21.853333333333335,1007.9,66.44444444444444,20.233333333333334,0.0,4.293333333333333,22.3964,103.458,11.525555555555556,13.341111111111111,5,22,53,90,1970-01-21 14:21:26.540000000,1970-01-21 14:22:14.566666666,Xuân,,,
Lai Châu,Trung du miền núi Bắc Bộ,2026-05-26,24.6,29.22222222222222,20.62222222222222,28.155555555555555,33.55555555555556,23.677777777777777,1.9444444444444444,1.9444444444444444,0.0,9.555555555555555,75.44444444444444,7.844444444444444,33.144444444444446,25.47888888888889,1007.0222222222224,29.0,19.58888888888889,0.0,5.123333333333333,22.3964,103.458,12.22,13.351111111111113,5,22,51,44,1970-01-21 14:22:52.933333333,1970-01-21 14:23:40.993333333,Xuân,,,
Lai Châu,Trung du miền núi Bắc Bộ,2026-05-27,24.733333333333334,30.022222222222226,21.311111111111114,28.811111111111114,35.06666666666667,24.711111111111112,3.488888888888889,3.488888888888889,0.0,11.22222222222222,78.33333333333333,7.355555555555556,29.555555555555557,25.052222222222223,1008.422222222222,34.0,20.35555555555555,0.0,5.08,22.3964,103.458,12.08222222222222,13.362222222222222,5,22,53,55,1970-01-21 14:24:19.313333333,1970-01-21 14:25:07.420000000,Xuân,,,
Lai Châu,Trung du miền núi Bắc Bộ,2026-05-28,24.133333333333333,28.58888888888889,20.577777777777776,28.311111111111114,33.900000000000006,23.9,4.933333333333334,4.933333333333334,0.0,13.77777777777778,81.44444444444444,5.7444444444444445,29.08888888888889,24.364444444444445,1010.7111111111112,46.888888888888886,20.422222222222224,0.0,4.85,22.3964,103.458,12.05111111111111,13.372222222222222,5,22,61,12,1970-01-21 14:25:45.706666666,1970-01-21 14:26:33.846666666,Xuân,,,
Lai Châu,Trung du miền núi Bắc Bộ,2026-05-29,22.88888888888889,26.822222222222223,20.166666666666668,26.87777777777778,31.45555555555556,23.45555555555556,12.11111111111111,12.11111111111111,0.0,12.666666666666666,87.33333333333333,4.955555555555556,23.14444444444445,16.926666666666666,1012.2,96.88888888888889,20.477777777777774,0.0,3.4044444444444446,22.3964,103.458,5.836666666666667,13.382222222222222,5,22,63,4,1970-01-21 14:27:12.086666666,1970-01-21 14:28:00.273333333,Xuân,,,
Lai Châu,Trung du miền núi Bắc Bộ,2026-05-30,20.788888888888888,22.53333333333333,19.244444444444444,24.41111111111111,26.41111111111111,22.333333333333332,20.85555555555555,20.85555555555555,0.0,13.88888888888889,94.88888888888889,4.344444444444445,22.51111111111111,8.241111111111111,1013.6111111111112,85.77777777777777,19.9,0.0,1.6133333333333333,22.3964,103.458,1.927777777777778,13.392222222222223,5,22,63,55,1970-01-21 14:28:38.480000000,1970-01-21 14:29:26.700000000,Xuân,,,
Lai Châu,Trung du miền núi Bắc Bộ,2026-05-31,22.62222222222222,27.522222222222226,17.811111111111114,26.22222222222222,32.31111111111111,20.288888888888888,3.0444444444444443,3.0444444444444443,0.0,8.444444444444445,82.66666666666667,5.777777777777778,26.188888888888886,24.941111111111113,1011.8777777777776,40.333333333333336,19.177777777777777,0.0,4.851111111111112,22.3964,103.458,12.445555555555556,13.402222222222225,5,22,51,234,1970-01-21 14:30:04.873333333,1970-01-21 14:30:53.126666666,Xuân,,,
Lai Châu,Trung du miền núi Bắc Bộ,2026-06-01,24.155555555555555,28.58888888888889,19.91111111111111,28.055555555555557,33.82222222222222,22.933333333333337,2.8555555555555556,2.8555555555555556,0.0,10.0,78.66666666666667,5.555555555555555,25.244444444444444,24.98,1010.3777777777776,34.666666666666664,19.9,0.0,4.973333333333333,22.3964,103.458,12.347777777777775,13.412222222222224,6,23,53,18,1970-01-21 14:31:31.273333333,1970-01-21 14:32:19.553333333,Hè,,,
Lai Châu,Trung du miền núi Bắc Bộ,2026-06-02,24.322222222222223,29.077777777777776,20.11111111111111,28.4,34.31111111111111,23.077777777777776,7.522222222222221,7.522222222222221,0.0,14.11111111111111,79.77777777777777,6.844444444444445,28.155555555555555,24.712222222222223,1008.188888888889,66.77777777777777,20.266666666666666,0.0,4.935555555555556,22.3964,103.458,12.211111111111112,13.42111111111111,6,23,63,40,1970-01-21 14:32:57.660000000,1970-01-21 14:33:45.973333333,Hè,,,
Lai Châu,Trung du miền núi Bắc Bộ,2026-06-03,24.14444444444445,28.977777777777774,20.77777777777778,28.14444444444444,33.888888888888886,24.155555555555555,6.233333333333333,6.233333333333333,0.0,13.11111111111111,80.66666666666667,7.4,31.244444444444444,25.236666666666665,1005.9333333333332,67.22222222222223,20.311111111111114,0.0,5.04111111111111,22.3964,103.458,12.393333333333334,13.431111111111113,6,23,53,74,1970-01-21 14:34:24.053333333,1970-01-21 14:35:12.406666666,Hè,,,
Lai Châu,Trung du miền núi Bắc Bộ,2026-06-04,22.477777777777774,26.27777777777778,20.14444444444445,26.466666666666665,31.133333333333333,23.211111111111112,8.733333333333333,8.733333333333333,0.0,15.0,89.44444444444444,5.733333333333333,29.744444444444444,18.635555555555555,1006.422222222222,91.88888888888889,20.555555555555557,0.0,3.592222222222222,22.3964,103.458,9.211111111111112,13.43888888888889,6,23,63,36,1970-01-21 14:35:50.453333333,1970-01-21 14:36:38.833333333,Hè,,,
Lai Châu,Trung du miền núi Bắc Bộ,2026-06-05,22.233333333333334,26.344444444444445,19.51111111111111,25.977777777777778,30.755555555555556,22.711111111111112,14.022222222222222,14.022222222222222,0.0,19.666666666666668,88.77777777777777,5.433333333333334,25.533333333333335,17.11888888888889,1007.2666666666667,86.22222222222223,20.12222222222222,0.0,3.3577777777777778,22.3964,103.458,8.14111111111111,13.446666666666665,6,23,63,47,1970-01-21 14:37:16.846666666,1970-01-21 14:38:05.253333333,Hè,,,
Lai Châu,Trung du miền núi Bắc Bộ,2026-06-06,23.1,27.92222222222222,19.433333333333334,26.922222222222224,32.84444444444445,22.466666666666665,20.5,20.5,0.0,21.0,85.55555555555556,7.51111111111111,31.633333333333333,22.226666666666667,1007.2333333333333,83.33333333333333,20.333333333333332,0.0,4.37,22.3964,103.458,11.015555555555556,13.452222222222222,6,23,63,163,1970-01-21 14:38:43.246666666,1970-01-21 14:39:31.673333333,Hè,,,
Lai Châu,Trung du miền núi Bắc Bộ,2026-06-07,23.0,26.87777777777778,20.433333333333334,26.955555555555556,31.633333333333333,23.866666666666667,9.355555555555556,9.355555555555556,0.0,20.555555555555557,88.33333333333333,7.611111111111111,33.52222222222222,21.067777777777778,1006.4555555555556,81.55555555555556,20.811111111111114,0.0,4.057777777777778,22.3964,103.458,11.423333333333334,13.458888888888888,6,23,55,100,1970-01-21 14:40:09.646666666,1970-01-21 14:40:58.093333333,Hè,,,
Lai Châu,Trung du miền núi Bắc Bộ,2026-06-08,22.444444444444443,26.466666666666665,20.544444444444444,26.644444444444446,31.22222222222222,24.244444444444444,25.51111111111111,25.51111111111111,0.0,22.11111111111111,92.77777777777777,6.088888888888889,29.91111111111111,15.379999999999999,1005.811111111111,99.0,21.12222222222222,0.0,3.037777777777778,22.3964,103.458,5.74,13.466666666666667,6,24,63,182,1970-01-21 14:41:36.046666666,1970-01-21 14:42:24.520000000,Hè,,,
Lai Châu,Trung du miền núi Bắc Bộ,2026-06-09,20.288888888888888,22.444444444444443,19.1,23.422222222222224,25.444444444444443,22.055555555555557,33.922222222222224,33.922222222222224,0.0,21.0,94.44444444444444,5.544444444444444,20.12222222222222,10.44111111111111,1008.5222222222224,99.66666666666667,19.266666666666666,0.0,2.018888888888889,22.3964,103.458,2.198888888888889,13.472222222222221,6,24,63,60,1970-01-21 14:43:02.446666666,1970-01-21 14:43:50.946666666,Hè,,,
Lai Châu,Trung du miền núi Bắc Bộ,2026-06-10,19.96666666666667,22.833333333333332,18.255555555555556,22.666666666666668,25.5,20.77777777777778,9.488888888888889,9.488888888888889,0.0,15.11111111111111,90.88888888888889,5.155555555555555,20.155555555555555,10.384444444444446,1011.5666666666667,97.88888888888889,18.333333333333332,0.0,2.0122222222222224,22.3964,103.458,3.623333333333333,13.47888888888889,6,24,61,57,1970-01-21 14:44:28.846666666,1970-01-21 14:45:17.360000000,Hè,,,
Lai Châu,Trung du miền núi Bắc Bộ,2026-06-11,20.81111111111111,24.455555555555556,18.866666666666667,24.066666666666666,28.355555555555554,21.700000000000003,19.200000000000003,19.200000000000003,0.0,19.77777777777778,90.66666666666667,5.088888888888889,24.677777777777777,15.607777777777777,1013.688888888889,91.33333333333333,19.133333333333333,0.0,2.9722222222222223,22.3964,103.458,7.253333333333334,13.482222222222223,6,24,63,66,1970-01-21 14:45:55.246666666,1970-01-21 14:46:43.780000000,Hè,,,
Lai Châu,Trung du miền núi Bắc Bộ,2026-06-12,21.255555555555556,24.788888888888888,19.37777777777778,24.88888888888889,28.988888888888887,22.433333333333334,18.87777777777778,18.87777777777778,0.0,22.333333333333332,93.66666666666667,6.788888888888889,30.922222222222224,15.19111111111111,1013.5222222222224,98.77777777777777,20.166666666666668,0.0,2.8877777777777776,22.3964,103.458,6.65,13.488888888888889,6,24,63,59,1970-01-21 14:47:21.653333333,1970-01-21 14:48:10.206666666,Hè,,,
Lai Châu,Trung du miền núi Bắc Bộ,2026-06-13,22.22222222222222,26.433333333333334,19.61111111111111,25.91111111111111,30.966666666666665,22.544444444444444,11.600000000000001,11.600000000000001,0.0,19.0,89.77777777777777,7.611111111111111,34.72222222222222,19.755555555555556,1010.3555555555556,95.0,20.322222222222223,0.0,3.782222222222222,22.3964,103.458,9.871111111111112,13.488888888888889,6,24,63,238,1970-01-21 14:48:48.053333333,1970-01-21 14:49:36.613333333,Hè,,,
Lai Châu,Trung du miền núi Bắc Bộ,2026-06-14,22.711111111111112,26.677777777777777,19.8,26.633333333333333,31.133333333333333,22.977777777777778,12.344444444444443,12.344444444444443,0.0,18.77777777777778,88.44444444444444,7.144444444444444,31.61111111111111,20.56888888888889,1007.7444444444445,92.11111111111111,20.544444444444444,0.0,3.9622222222222216,22.3964,103.458,10.986666666666666,13.492222222222223,6,24,63,65,1970-01-21 14:50:14.460000000,1970-01-21 14:51:03.040000000,Hè,,,
Lai Châu,Trung du miền núi Bắc Bộ,2026-06-15,22.62222222222222,26.955555555555556,20.233333333333334,26.711111111111112,31.67777777777778,23.577777777777776,25.477777777777778,25.477777777777778,0.0,23.22222222222222,90.66666666666667,6.555555555555555,30.11111111111111,18.973333333333333,1008.1555555555556,96.11111111111111,20.91111111111111,0.0,3.672222222222222,22.3964,103.458,8.562222222222223,13.498888888888889,6,25,63,230,1970-01-21 14:51:40.873333333,1970-01-21 14:52:29.453333333,Hè,,,
Lai Châu,Trung du miền núi Bắc Bộ,2026-06-16,22.244444444444444,25.2,20.38888888888889,26.288888888888888,29.799999999999997,23.88888888888889,15.177777777777777,15.177777777777777,0.0,20.555555555555557,92.88888888888889,5.6,29.599999999999998,15.214444444444446,1009.1111111111111,97.77777777777777,21.0,0.0,2.9322222222222223,22.3964,103.458,5.355555555555556,13.498888888888889,6,25,61,63,1970-01-21 14:53:07.280000000,1970-01-21 14:53:55.873333333,Hè,,,
Lai Châu,Trung du miền núi Bắc Bộ,2026-06-17,22.61111111111111,26.72222222222222,20.2,26.655555555555555,31.855555555555554,23.566666666666666,20.177777777777777,20.177777777777777,0.0,20.77777777777778,90.33333333333333,6.922222222222222,32.400000000000006,19.385555555555555,1008.7222222222222,96.44444444444444,20.844444444444445,0.0,3.756666666666667,22.3964,103.458,8.882222222222222,13.502222222222223,6,25,63,231,1970-01-21 14:54:33.686666666,1970-01-21 14:55:22.293333333,Hè,,,
Lai Châu,Trung du miền núi Bắc Bộ,2026-06-18,22.700000000000003,26.311111111111114,20.311111111111114,26.5,30.95555555555556,23.6,15.455555555555556,15.455555555555556,0.0,21.333333333333332,89.0,6.922222222222222,34.75555555555556,18.817777777777778,1007.8000000000001,98.55555555555556,20.72222222222222,0.0,3.6422222222222222,22.3964,103.458,9.06111111111111,13.502222222222223,6,25,63,233,1970-01-21 14:56:00.100000000,1970-01-21 14:56:48.706666666,Hè,,,
Lai Châu,Trung du miền núi Bắc Bộ,2026-06-19,22.1,25.4,20.166666666666668,25.88888888888889,29.71111111111111,23.366666666666667,19.72222222222222,19.72222222222222,0.0,22.0,92.22222222222223,7.544444444444445,36.18888888888889,15.899999999999999,1008.0333333333333,98.44444444444444,20.744444444444444,0.0,3.048888888888889,22.3964,103.458,5.776666666666667,13.502222222222223,6,25,63,88,1970-01-21 14:57:26.513333333,1970-01-21 14:58:15.126666666,Hè,,,
Lai Châu,Trung du miền núi Bắc Bộ,2026-06-20,21.98888888888889,25.633333333333333,20.08888888888889,25.72222222222222,29.966666666666665,23.255555555555556,22.9,22.9,0.0,21.22222222222222,92.11111111111111,6.877777777777777,32.7,17.046666666666667,1008.9777777777776,98.77777777777777,20.544444444444444,0.0,3.2588888888888885,22.3964,103.458,7.771111111111111,13.502222222222223,6,25,63,86,1970-01-21 14:58:52.920000000,1970-01-21 14:59:41.533333333,Hè,,,
Lai Châu,Trung du miền núi Bắc Bộ,2026-06-21,21.72222222222222,24.91111111111111,19.755555555555556,25.233333333333334,28.71111111111111,22.87777777777778,17.033333333333335,17.033333333333335,0.0,21.333333333333332,92.33333333333333,7.044444444444444,33.27777777777778,15.965555555555556,1010.0111111111112,99.0,20.299999999999997,0.0,3.0211111111111113,22.3964,103.458,7.004444444444444,13.502222222222223,6,25,63,163,1970-01-21 15:00:19.333333333,1970-01-21 15:01:07.953333333,Hè,,,
Lai Châu,Trung du miền núi Bắc Bộ,2026-06-22,22.066666666666666,26.311111111111114,19.822222222222223,25.644444444444446,30.72222222222222,22.788888888888888,14.233333333333333,14.233333333333333,0.0,20.333333333333332,91.11111111111111,8.322222222222221,39.73333333333333,18.515555555555554,1008.2777777777778,87.77777777777777,20.41111111111111,0.0,3.4944444444444445,22.3964,103.458,9.252222222222223,13.502222222222223,6,26,63,234,1970-01-21 15:01:45.746666666,1970-01-21 15:02:34.366666666,Hè,,,
Lai Châu,Trung du miền núi Bắc Bộ,2026-06-23,23.11111111111111,27.200000000000003,20.455555555555556,27.033333333333335,31.78888888888889,23.87777777777778,6.48888888888889,6.48888888888889,0.0,17.0,87.0,7.411111111111111,36.28888888888889,21.90888888888889,1005.6666666666666,95.0,20.644444444444446,0.0,4.225555555555555,22.3964,103.458,11.192222222222222,13.502222222222223,6,26,53,73,1970-01-21 15:03:12.166666666,1970-01-21 15:04:00.780000000,Hè,,,
Lai Châu,Trung du miền núi Bắc Bộ,2026-06-24,23.666666666666668,27.844444444444445,20.87777777777778,27.82222222222222,32.599999999999994,24.422222222222224,6.211111111111111,6.211111111111111,0.0,16.333333333333332,85.88888888888889,7.155555555555556,33.12222222222223,21.065555555555555,1005.8000000000001,95.44444444444444,20.922222222222224,0.0,4.148888888888888,22.3964,103.458,9.83222222222222,13.502222222222223,6,26,55,45,1970-01-21 15:04:38.580000000,1970-01-21 15:05:27.193333333,Hè,,,
Lai Châu,Trung du miền núi Bắc Bộ,2026-06-25,23.522222222222222,27.644444444444446,20.37777777777778,27.733333333333334,32.44444444444444,23.844444444444445,10.622222222222222,10.622222222222222,0.0,17.0,87.0,5.711111111111111,27.211111111111112,18.583333333333332,1006.688888888889,97.77777777777777,21.055555555555557,0.0,3.7344444444444442,22.3964,103.458,7.975555555555555,13.502222222222223,6,26,61,27,1970-01-21 15:06:04.993333333,1970-01-21 15:06:53.600000000,Hè,,,
Lai Châu,Trung du miền núi Bắc Bộ,2026-06-26,21.733333333333334,24.655555555555555,20.38888888888889,25.744444444444444,29.38888888888889,23.822222222222223,30.755555555555556,30.755555555555556,0.0,19.88888888888889,94.55555555555556,5.666666666666667,25.822222222222223,8.956666666666667,1008.5,98.88888888888889,20.744444444444444,0.0,1.8344444444444445,22.3964,103.458,2.7044444444444444,13.498888888888889,6,26,63,27,1970-01-21 15:07:31.413333333,1970-01-21 15:08:20.013333333,Hè,,,
Lai Châu,Trung du miền núi Bắc Bộ,2026-06-27,21.866666666666667,24.866666666666667,20.177777777777777,26.12222222222222,29.977777777777778,23.788888888888888,25.144444444444442,25.144444444444442,0.0,18.88888888888889,95.0,4.666666666666667,24.08888888888889,14.574444444444444,1008.0888888888888,98.88888888888889,21.0,0.0,2.8111111111111113,22.3964,103.458,6.532222222222222,13.498888888888889,6,26,63,48,1970-01-21 15:08:57.833333333,1970-01-21 15:09:46.420000000,Hè,,,
Lai Châu,Trung du miền núi Bắc Bộ,2026-06-28,22.311111111111114,26.077777777777776,19.5,26.555555555555557,31.444444444444443,22.9,8.977777777777778,8.977777777777778,0.0,14.666666666666666,92.33333333333333,5.199999999999999,27.01111111111111,18.13888888888889,1006.7111111111111,98.55555555555556,20.91111111111111,0.0,3.5,22.3964,103.458,8.675555555555555,13.492222222222223,6,26,61,47,1970-01-21 15:10:24.253333333,1970-01-21 15:11:12.826666666,Hè,,,
Lai Châu,Trung du miền núi Bắc Bộ,2026-06-29,22.11111111111111,24.58888888888889,20.51111111111111,26.355555555555554,29.022222222222222,24.22222222222222,27.133333333333333,27.133333333333333,0.0,22.88888888888889,94.22222222222223,4.199999999999999,19.044444444444444,12.255555555555555,1006.2888888888889,99.88888888888889,21.07777777777778,0.0,2.437777777777778,22.3964,103.458,2.18,13.492222222222223,6,27,63,54,1970-01-21 15:11:50.660000000,1970-01-21 15:12:39.233333333,Hè,,,
Lai Châu,Trung du miền núi Bắc Bộ,2026-06-30,21.322222222222223,22.62222222222222,20.344444444444445,25.51111111111111,27.244444444444447,24.066666666666666,22.666666666666668,22.666666666666668,0.0,22.88888888888889,97.22222222222223,3.577777777777778,17.044444444444444,8.128888888888888,1007.3888888888889,100.0,20.866666666666664,0.0,1.64,22.3964,103.458,0.3066666666666667,13.488888888888889,6,27,61,87,1970-01-21 15:13:17.086666666,1970-01-21 15:14:05.633333333,Hè,,,
Lai Châu,Trung du miền núi Bắc Bộ,2026-07-01,21.633333333333333,24.077777777777776,20.211111111111112,25.61111111111111,28.133333333333333,23.811111111111114,16.533333333333335,16.533333333333335,0.0,19.666666666666668,94.0,4.533333333333333,19.933333333333334,10.335555555555555,1008.1111111111111,96.11111111111111,20.58888888888889,0.0,2.046666666666667,22.3964,103.458,3.1222222222222222,13.482222222222223,7,27,61,50,1970-01-21 15:14:43.500000000,1970-01-21 15:15:32.046666666,Hè,,,
Lai Châu,Trung du miền núi Bắc Bộ,2026-07-02,22.533333333333335,26.344444444444445,19.72222222222222,26.688888888888886,31.144444444444446,23.044444444444444,14.344444444444443,14.344444444444443,0.0,18.555555555555557,90.22222222222223,6.777777777777778,28.288888888888888,19.90777777777778,1009.1666666666666,86.88888888888889,20.733333333333334,0.0,3.8744444444444444,22.3964,103.458,10.595555555555556,13.47888888888889,7,27,61,57,1970-01-21 15:16:09.920000000,1970-01-21 15:16:58.446666666,Hè,,,
Lai Châu,Trung du miền núi Bắc Bộ,2026-07-03,23.72222222222222,28.400000000000002,19.744444444444444,27.9,33.72222222222222,23.1,5.4,5.4,0.0,12.444444444444445,82.88888888888889,5.266666666666667,21.655555555555555,24.992222222222225,1008.3333333333334,71.0,20.322222222222223,0.0,4.928888888888888,22.3964,103.458,12.639999999999999,13.472222222222221,7,27,61,56,1970-01-21 15:17:36.340000000,1970-01-21 15:18:24.846666666,Hè,,,
Lai Châu,Trung du miền núi Bắc Bộ,2026-07-04,23.811111111111114,28.45555555555556,20.12222222222222,28.233333333333334,34.08888888888889,23.6,7.7666666666666675,7.7666666666666675,0.0,14.0,85.11111111111111,6.144444444444444,23.0,23.773333333333333,1005.8666666666666,87.88888888888889,20.91111111111111,0.0,4.7155555555555555,22.3964,103.458,12.488888888888889,13.46888888888889,7,27,63,5,1970-01-21 15:19:02.760000000,1970-01-21 15:19:51.246666666,Hè,,,
Lai Châu,Trung du miền núi Bắc Bộ,2026-07-05,22.166666666666668,25.055555555555557,20.255555555555556,26.27777777777778,29.766666666666666,23.711111111111112,37.888888888888886,37.888888888888886,0.0,23.666666666666668,93.66666666666667,6.044444444444444,29.477777777777774,17.00888888888889,1006.0999999999999,96.11111111111111,21.033333333333335,0.0,3.2377777777777776,22.3964,103.458,8.67,13.462222222222222,7,27,63,96,1970-01-21 15:20:29.180000000,1970-01-21 15:21:17.646666666,Hè,,,
Lai Châu,Trung du miền núi Bắc Bộ,2026-07-06,22.677777777777777,26.78888888888889,20.22222222222222,26.56666666666667,31.700000000000003,23.62222222222222,19.822222222222223,19.822222222222223,0.0,23.22222222222222,89.22222222222223,6.622222222222223,32.3,19.322222222222223,1005.0666666666667,86.88888888888889,20.633333333333333,0.0,3.751111111111111,22.3964,103.458,9.275555555555556,13.453333333333333,7,28,63,235,1970-01-21 15:21:55.606666666,1970-01-21 15:22:44.046666666,Hè,,,
Lai Châu,Trung du miền núi Bắc Bộ,2026-07-07,22.855555555555554,26.37777777777778,20.855555555555554,27.200000000000003,31.77777777777778,24.555555555555557,16.955555555555556,16.955555555555556,0.0,19.77777777777778,91.22222222222223,5.466666666666667,24.72222222222222,19.446666666666665,1005.4222222222221,88.44444444444444,21.255555555555556,0.0,3.7933333333333334,22.3964,103.458,11.044444444444444,13.448888888888888,7,28,61,239,1970-01-21 15:23:22.020000000,1970-01-21 15:24:10.433333333,Hè,,,
Lai Châu,Trung du miền núi Bắc Bộ,2026-07-08,21.677777777777777,24.744444444444444,20.200000000000003,25.666666666666668,28.866666666666667,23.833333333333332,39.044444444444444,39.044444444444444,0.0,21.666666666666668,94.66666666666667,4.822222222222222,22.4,11.738888888888889,1005.6777777777778,97.55555555555556,20.72222222222222,0.0,2.3044444444444445,22.3964,103.458,4.7011111111111115,13.44111111111111,7,28,63,229,1970-01-21 15:24:48.446666666,1970-01-21 15:25:36.833333333,Hè,,,
Lai Châu,Trung du miền núi Bắc Bộ,2026-07-09,22.37777777777778,26.655555555555555,19.833333333333332,26.41111111111111,31.622222222222224,23.344444444444445,9.177777777777777,9.177777777777777,0.0,15.222222222222221,89.66666666666667,6.144444444444444,23.88888888888889,21.255555555555556,1004.9444444444445,78.66666666666667,20.444444444444443,0.0,4.11,22.3964,103.458,11.591111111111111,13.432222222222222,7,28,63,62,1970-01-21 15:26:14.873333333,1970-01-21 15:27:03.226666666,Hè,,,
Lai Châu,Trung du miền núi Bắc Bộ,2026-07-10,22.644444444444446,26.022222222222222,20.27777777777778,26.744444444444444,30.866666666666667,23.755555555555556,6.833333333333333,6.833333333333333,0.0,17.555555555555557,89.66666666666667,5.077777777777778,23.466666666666665,19.247777777777777,1004.188888888889,77.88888888888889,20.733333333333334,0.0,3.748888888888889,22.3964,103.458,10.19111111111111,13.422222222222222,7,28,55,92,1970-01-21 15:27:41.293333333,1970-01-21 15:28:29.626666666,Hè,,,
Lai Châu,Trung du miền núi Bắc Bộ,2026-07-11,23.144444444444446,26.944444444444443,20.866666666666667,27.7,32.34444444444445,24.688888888888886,11.011111111111111,11.011111111111111,0.0,21.88888888888889,90.11111111111111,5.422222222222222,22.61111111111111,20.57888888888889,1002.3888888888889,74.0,21.355555555555554,0.0,4.027777777777778,22.3964,103.458,11.513333333333334,13.416666666666666,7,28,61,71,1970-01-21 15:29:07.726666666,1970-01-21 15:29:56.020000000,Hè,,,
Lai Châu,Trung du miền núi Bắc Bộ,2026-07-12,23.11111111111111,27.48888888888889,19.744444444444444,27.522222222222222,33.13333333333333,23.133333333333333,10.633333333333333,10.633333333333333,0.0,16.444444444444443,87.77777777777777,6.333333333333333,26.08888888888889,23.66111111111111,1003.2444444444445,68.88888888888889,20.844444444444445,0.0,4.594444444444445,22.3964,103.458,12.735555555555557,13.407777777777778,7,28,63,98,1970-01-21 15:30:34.146666666,1970-01-21 15:31:22.413333333,Hè,,,
Lai Châu,Trung du miền núi Bắc Bộ,2026-07-13,23.688888888888886,28.288888888888888,19.644444444444446,28.08888888888889,34.077777777777776,23.044444444444444,4.944444444444445,4.944444444444445,0.0,11.11111111111111,84.77777777777777,5.666666666666667,23.72222222222222,25.40222222222222,1004.8555555555556,68.44444444444444,20.72222222222222,0.0,4.9911111111111115,22.3964,103.458,12.838888888888889,13.397777777777778,7,29,61,61,1970-01-21 15:32:00.566666666,1970-01-21 15:32:48.793333333,Hè,,,
Lai Châu,Trung du miền núi Bắc Bộ,2026-07-14,24.01111111111111,29.04444444444444,20.044444444444444,28.42222222222222,34.82222222222222,23.51111111111111,7.633333333333334,7.633333333333334,0.0,16.333333333333332,85.0,5.611111111111111,23.477777777777774,23.927777777777777,1005.5999999999999,76.77777777777777,21.022222222222222,0.0,4.771111111111111,22.3964,103.458,12.574444444444445,13.387777777777778,7,29,55,165,1970-01-21 15:33:26.993333333,1970-01-21 15:34:15.193333333,Hè,,,
Lai Châu,Trung du miền núi Bắc Bộ,2026-07-15,23.22222222222222,27.577777777777776,20.177777777777777,27.455555555555556,32.91111111111111,23.522222222222222,15.544444444444444,15.544444444444444,0.0,21.11111111111111,88.66666666666667,6.166666666666667,29.166666666666668,21.067777777777778,1006.688888888889,94.77777777777777,21.066666666666666,0.0,4.114444444444445,22.3964,103.458,11.276666666666666,13.377777777777778,7,29,63,86,1970-01-21 15:34:53.420000000,1970-01-21 15:35:41.580000000,Hè,,,
Lai Châu,Trung du miền núi Bắc Bộ,2026-07-16,21.533333333333335,23.5,20.366666666666667,25.288888888888888,27.144444444444442,23.866666666666667,25.12222222222222,25.12222222222222,0.0,21.22222222222222,95.11111111111111,6.066666666666666,31.82222222222222,9.16777777777778,1006.6555555555556,98.22222222222223,20.666666666666668,0.0,1.798888888888889,22.3964,103.458,3.042222222222222,13.367777777777778,7,29,63,76,1970-01-21 15:36:19.846666666,1970-01-21 15:37:07.966666666,Hè,,,
Lai Châu,Trung du miền núi Bắc Bộ,2026-07-17,21.833333333333332,24.566666666666666,20.144444444444446,25.755555555555556,29.27777777777778,23.5,24.177777777777777,24.177777777777777,0.0,22.666666666666668,94.22222222222223,6.644444444444444,30.244444444444444,16.461111111111112,1005.9666666666667,94.44444444444444,20.811111111111114,0.0,3.0933333333333333,22.3964,103.458,8.333333333333334,13.356666666666666,7,29,63,95,1970-01-21 15:37:46.273333333,1970-01-21 15:38:34.353333333,Hè,,,
Lai Châu,Trung du miền núi Bắc Bộ,2026-07-18,22.1,24.91111111111111,20.6,26.06666666666667,29.144444444444446,24.188888888888886,17.255555555555556,17.255555555555556,0.0,23.22222222222222,93.33333333333333,5.533333333333333,23.633333333333333,14.782222222222222,1005.9555555555556,99.33333333333333,20.855555555555554,0.0,2.8666666666666667,22.3964,103.458,5.704444444444444,13.343333333333334,7,29,63,81,1970-01-21 15:39:12.700000000,1970-01-21 15:40:00.733333333,Hè,,,
Lai Châu,Trung du miền núi Bắc Bộ,2026-07-19,21.433333333333334,22.633333333333333,20.688888888888886,25.61111111111111,27.27777777777778,24.4,50.855555555555554,50.855555555555554,0.0,23.555555555555557,97.22222222222223,4.022222222222222,19.38888888888889,7.82888888888889,1007.2444444444445,100.0,20.944444444444443,0.0,1.6133333333333333,22.3964,103.458,0.03777777777777777,13.33222222222222,7,29,65,17,1970-01-21 15:40:39.120000000,1970-01-21 15:41:27.120000000,Hè,,,
Lai Châu,Trung du miền núi Bắc Bộ,2026-07-20,22.81111111111111,27.355555555555558,20.355555555555554,26.788888888888888,32.34444444444445,23.944444444444443,4.444444444444445,4.444444444444445,0.0,12.666666666666666,86.77777777777777,6.866666666666666,25.955555555555556,21.956666666666667,1007.4555555555556,87.11111111111111,20.244444444444444,0.0,4.3133333333333335,22.3964,103.458,11.497777777777777,13.321111111111112,7,30,53,91,1970-01-21 15:42:05.540000000,1970-01-21 15:42:53.506666666,Hè,,,
