province,region,date,temperature_2m_mean,temperature_2m_max,temperature_2m_min,apparent_temperature_mean,apparent_temperature_max,apparent_temperature_min,precipitation_sum,rain_sum,showers_sum,precipitation_hours,relative_humidity_2m_mean,wind_speed_10m_max,wind_gusts_10m_max,shortwave_radiation_sum,pressure_msl_mean,cloud_cover_mean,dew_point_2m_mean,snowfall_sum,et0_fao_evapotranspiration,latitude,longitude,sunshine_hours,daylight_hours,month,week,weather_code,wind_direction_10m_dominant,sunrise,sunset,season,uv_index_max,uv_index_clear_sky_max,precipitation_probability_max
Lào Cai,Trung du miền núi Bắc Bộ,2025-07-21,27.0,32.21111111111111,23.866666666666667,31.744444444444444,37.21111111111111,27.977777777777778,19.366666666666667,19.366666666666667,0.0,9.555555555555555,81.88888888888889,14.266666666666667,37.388888888888886,16.142222222222223,996.7111111111111,99.66666666666667,23.299999999999997,0.0,3.6855555555555557,22.0954,104.4233,7.291111111111111,13.29,7,30,63,228,1970-01-21 06:57:55.786666666,1970-01-21 06:58:43.606666666,Hè,,,
Lào Cai,Trung du miền núi Bắc Bộ,2025-07-22,24.88888888888889,29.033333333333335,23.166666666666668,29.633333333333333,34.388888888888886,27.11111111111111,54.22222222222222,54.22222222222222,0.0,20.88888888888889,91.55555555555556,12.977777777777778,40.611111111111114,12.364444444444445,995.8555555555556,100.0,23.299999999999997,0.0,2.5644444444444447,22.0954,104.4233,4.449999999999999,13.275555555555554,7,30,65,22,1970-01-21 06:59:22.200000000,1970-01-21 07:00:10.000000000,Hè,,,
Lào Cai,Trung du miền núi Bắc Bộ,2025-07-23,24.58888888888889,28.366666666666667,22.51111111111111,29.599999999999998,34.03333333333333,26.977777777777778,30.38888888888889,30.38888888888889,0.0,21.555555555555557,91.33333333333333,10.744444444444445,37.47777777777778,17.465555555555554,999.5888888888888,100.0,23.0,0.0,3.411111111111111,22.0954,104.4233,8.47888888888889,13.262222222222222,7,30,63,86,1970-01-21 07:00:48.633333333,1970-01-21 07:01:36.366666666,Hè,,,
Lào Cai,Trung du miền núi Bắc Bộ,2025-07-24,24.211111111111112,27.255555555555556,22.4,29.566666666666663,32.84444444444445,27.355555555555554,36.15555555555555,36.15555555555555,0.0,22.666666666666668,94.66666666666667,7.7666666666666675,22.666666666666668,13.202222222222222,1002.688888888889,99.88888888888889,23.288888888888888,0.0,2.6177777777777775,22.0954,104.4233,5.68,13.25,7,30,65,25,1970-01-21 07:02:15.046666666,1970-01-21 07:03:02.746666666,Hè,,,
Lào Cai,Trung du miền núi Bắc Bộ,2025-07-25,25.066666666666666,28.766666666666666,22.633333333333333,30.82222222222222,35.422222222222224,27.677777777777777,29.188888888888886,29.188888888888886,0.0,20.11111111111111,91.88888888888889,5.9,19.51111111111111,16.163333333333334,1002.8222222222222,97.11111111111111,23.577777777777776,0.0,3.3066666666666666,22.0954,104.4233,8.284444444444444,13.24,7,30,63,5,1970-01-21 07:03:41.466666666,1970-01-21 07:04:29.133333333,Hè,,,
Lào Cai,Trung du miền núi Bắc Bộ,2025-07-26,25.48888888888889,30.11111111111111,22.655555555555555,31.34444444444445,37.422222222222224,27.477777777777778,24.6,24.6,0.0,18.22222222222222,89.66666666666667,6.044444444444444,20.51111111111111,18.89777777777778,1002.6777777777778,100.0,23.533333333333335,0.0,3.8577777777777778,22.0954,104.4233,9.275555555555556,13.222222222222221,7,30,65,4,1970-01-21 07:05:07.906666666,1970-01-21 07:05:55.493333333,Hè,,,
Lào Cai,Trung du miền núi Bắc Bộ,2025-07-27,26.633333333333333,30.966666666666665,22.822222222222223,32.099999999999994,37.75555555555556,27.677777777777777,1.7555555555555555,1.7555555555555555,0.0,6.555555555555555,80.88888888888889,6.766666666666667,22.522222222222226,23.744444444444444,1002.1333333333334,86.88888888888889,22.77777777777778,0.0,4.888888888888889,22.0954,104.4233,11.11,13.21,7,30,51,38,1970-01-21 07:06:34.320000000,1970-01-21 07:07:21.886666666,Hè,,,
Lào Cai,Trung du miền núi Bắc Bộ,2025-07-28,27.955555555555556,32.95555555555555,22.944444444444443,33.077777777777776,39.68888888888889,26.922222222222224,0.35555555555555557,0.35555555555555557,0.0,1.2222222222222223,72.11111111111111,5.7555555555555555,18.288888888888888,25.81222222222222,1000.2222222222222,25.555555555555557,22.055555555555557,0.0,5.448888888888889,22.0954,104.4233,12.373333333333333,13.195555555555554,7,31,3,55,1970-01-21 07:08:00.753333333,1970-01-21 07:08:48.246666666,Hè,,,
Lào Cai,Trung du miền núi Bắc Bộ,2025-07-29,28.988888888888887,34.67777777777778,23.966666666666665,34.577777777777776,41.46666666666667,28.366666666666667,0.34444444444444444,0.34444444444444444,0.0,1.1111111111111112,71.66666666666667,6.722222222222222,20.72222222222222,25.404444444444444,998.5,52.666666666666664,22.922222222222224,0.0,5.506666666666667,22.0954,104.4233,12.343333333333334,13.18,7,31,3,1,1970-01-21 07:09:27.173333333,1970-01-21 07:10:14.626666666,Hè,,,
Lào Cai,Trung du miền núi Bắc Bộ,2025-07-30,29.22222222222222,34.166666666666664,24.966666666666665,35.18888888888889,41.31111111111111,29.82222222222222,0.5888888888888889,0.5888888888888889,0.0,1.2222222222222223,74.77777777777777,8.68888888888889,24.877777777777776,23.218888888888888,998.5222222222224,91.44444444444444,23.91111111111111,0.0,5.132222222222222,22.0954,104.4233,11.481111111111112,13.16777777777778,7,31,3,50,1970-01-21 07:10:53.586666666,1970-01-21 07:11:40.993333333,Hè,,,
Lào Cai,Trung du miền núi Bắc Bộ,2025-07-31,27.87777777777778,32.22222222222222,24.655555555555555,33.388888888888886,37.922222222222224,29.72222222222222,5.866666666666666,5.866666666666666,0.0,5.666666666666667,79.22222222222223,8.822222222222223,26.0,20.216666666666665,998.9000000000001,97.88888888888889,23.633333333333333,0.0,4.43,22.0954,104.4233,10.270000000000001,13.15,7,31,61,215,1970-01-21 07:12:20.026666666,1970-01-21 07:13:07.366666666,Hè,,,
Lào Cai,Trung du miền núi Bắc Bộ,2025-08-01,27.055555555555557,32.422222222222224,23.299999999999997,32.86666666666667,39.455555555555556,28.077777777777776,14.0,14.0,0.0,10.666666666666666,83.44444444444444,8.633333333333333,25.133333333333336,22.963333333333335,999.9555555555556,62.44444444444444,23.566666666666666,0.0,4.838888888888889,22.0954,104.4233,11.205555555555556,13.137777777777778,8,31,63,6,1970-01-21 07:13:46.440000000,1970-01-21 07:14:33.726666666,Hè,,,
Lào Cai,Trung du miền núi Bắc Bộ,2025-08-02,27.577777777777776,32.888888888888886,22.666666666666668,33.37777777777777,39.74444444444444,27.299999999999997,0.5222222222222223,0.5222222222222223,0.0,2.5555555555555554,79.66666666666667,8.277777777777779,22.955555555555556,24.31888888888889,1001.5888888888888,64.0,23.355555555555554,0.0,5.173333333333334,22.0954,104.4233,12.245555555555555,13.12,8,31,51,102,1970-01-21 07:15:12.873333333,1970-01-21 07:16:00.106666666,Hè,,,
Lào Cai,Trung du miền núi Bắc Bộ,2025-08-03,28.67777777777778,33.71111111111111,24.433333333333334,34.233333333333334,39.87777777777777,29.622222222222224,0.8777777777777778,0.8777777777777778,0.0,2.0,76.0,11.622222222222222,32.93333333333333,23.73,1000.9111111111112,63.888888888888886,23.655555555555555,0.0,5.292222222222222,22.0954,104.4233,11.883333333333333,13.101111111111111,8,31,3,61,1970-01-21 07:16:39.293333333,1970-01-21 07:17:26.460000000,Hè,,,
Lào Cai,Trung du miền núi Bắc Bộ,2025-08-04,28.88888888888889,33.855555555555554,25.200000000000003,34.233333333333334,40.02222222222222,29.43333333333333,2.511111111111111,2.511111111111111,0.0,2.3333333333333335,74.0,10.588888888888889,31.72222222222222,22.564444444444447,1000.7777777777778,99.44444444444444,23.355555555555554,0.0,5.132222222222222,22.0954,104.4233,10.676666666666668,13.087777777777777,8,32,3,170,1970-01-21 07:18:05.706666666,1970-01-21 07:18:52.833333333,Hè,,,
Lào Cai,Trung du miền núi Bắc Bộ,2025-08-05,27.22222222222222,30.43333333333333,24.355555555555554,33.23333333333333,36.22222222222222,29.877777777777776,9.455555555555556,9.455555555555556,0.0,9.444444444444445,85.22222222222223,7.3999999999999995,22.966666666666665,12.623333333333333,1002.7444444444445,100.0,24.344444444444445,0.0,2.7944444444444443,22.0954,104.4233,3.7733333333333334,13.07,8,32,61,9,1970-01-21 07:19:32.146666666,1970-01-21 07:20:19.186666666,Hè,,,
Lào Cai,Trung du miền núi Bắc Bộ,2025-08-06,25.144444444444446,28.366666666666667,23.233333333333334,30.833333333333332,34.355555555555554,28.488888888888887,21.933333333333334,21.933333333333334,0.0,21.666666666666668,92.66666666666667,7.388888888888889,25.11111111111111,13.187777777777777,1004.0999999999999,98.77777777777777,23.811111111111114,0.0,2.71,22.0954,104.4233,4.728888888888889,13.051111111111112,8,32,63,58,1970-01-21 07:20:58.560000000,1970-01-21 07:21:45.553333333,Hè,,,
Lào Cai,Trung du miền núi Bắc Bộ,2025-08-07,24.688888888888886,27.144444444444446,23.077777777777776,30.166666666666668,32.58888888888889,28.133333333333333,8.233333333333333,8.233333333333333,0.0,15.11111111111111,92.66666666666667,6.077777777777778,20.555555555555557,8.883333333333333,1006.5888888888888,97.55555555555556,23.4,0.0,1.8800000000000001,22.0954,104.4233,1.0955555555555554,13.037777777777777,8,32,53,44,1970-01-21 07:22:24.980000000,1970-01-21 07:23:11.926666666,Hè,,,
Lào Cai,Trung du miền núi Bắc Bộ,2025-08-08,26.666666666666668,31.444444444444443,22.755555555555556,31.900000000000002,36.87777777777778,27.200000000000003,1.1,1.1,0.0,3.2222222222222223,81.66666666666667,9.100000000000001,27.955555555555556,19.82777777777778,1006.7222222222222,73.66666666666667,22.944444444444443,0.0,4.237777777777778,22.0954,104.4233,10.904444444444444,13.02,8,32,51,45,1970-01-21 07:23:51.413333333,1970-01-21 07:24:38.273333333,Hè,,,
Lào Cai,Trung du miền núi Bắc Bộ,2025-08-09,27.766666666666666,32.733333333333334,23.555555555555557,33.46666666666667,39.47777777777778,28.444444444444443,1.5333333333333334,1.5333333333333334,0.0,3.111111111111111,78.66666666666667,9.61111111111111,27.22222222222222,23.77777777777778,1005.4444444444445,81.22222222222223,23.311111111111114,0.0,5.078888888888889,22.0954,104.4233,12.02111111111111,13.001111111111111,8,32,51,70,1970-01-21 07:25:17.826666666,1970-01-21 07:26:04.640000000,Hè,,,
Lào Cai,Trung du miền núi Bắc Bộ,2025-08-10,26.77777777777778,31.255555555555556,23.4,32.72222222222222,38.400000000000006,28.288888888888888,8.211111111111112,8.211111111111112,0.0,10.11111111111111,85.33333333333333,8.266666666666667,25.077777777777776,22.005555555555556,1005.4444444444445,94.77777777777777,23.87777777777778,0.0,4.572222222222222,22.0954,104.4233,11.83,12.987777777777778,8,32,61,72,1970-01-21 07:26:44.253333333,1970-01-21 07:27:31.006666666,Hè,,,
Lào Cai,Trung du miền núi Bắc Bộ,2025-08-11,26.044444444444444,30.700000000000003,22.633333333333333,31.755555555555556,37.82222222222222,27.299999999999997,12.911111111111111,12.911111111111111,0.0,14.555555555555555,87.66666666666667,8.077777777777778,25.4,20.16111111111111,1005.688888888889,99.33333333333333,23.644444444444446,0.0,4.137777777777778,22.0954,104.4233,10.436666666666666,12.967777777777778,8,33,63,63,1970-01-21 07:28:10.680000000,1970-01-21 07:28:57.360000000,Hè,,,
Lào Cai,Trung du miền núi Bắc Bộ,2025-08-12,26.044444444444444,30.84444444444445,22.41111111111111,31.95555555555556,37.98888888888889,27.133333333333333,5.377777777777777,5.377777777777777,0.0,10.222222222222221,87.88888888888889,7.422222222222222,21.51111111111111,20.971111111111114,1006.3444444444444,100.0,23.644444444444446,0.0,4.307777777777777,22.0954,104.4233,10.877777777777778,12.95111111111111,8,33,61,25,1970-01-21 07:29:37.086666666,1970-01-21 07:30:23.720000000,Hè,,,
Lào Cai,Trung du miền núi Bắc Bộ,2025-08-13,25.799999999999997,30.06666666666667,22.41111111111111,31.511111111111113,36.58888888888889,27.08888888888889,8.11111111111111,8.11111111111111,0.0,9.666666666666666,87.22222222222223,6.633333333333334,21.444444444444443,18.396666666666665,1007.6333333333334,99.77777777777777,23.433333333333334,0.0,3.7722222222222226,22.0954,104.4233,8.552222222222222,12.931111111111111,8,33,63,299,1970-01-21 07:31:03.526666666,1970-01-21 07:31:50.086666666,Hè,,,
Lào Cai,Trung du miền núi Bắc Bộ,2025-08-14,26.62222222222222,31.055555555555557,23.12222222222222,32.36666666666667,37.9,27.700000000000003,7.222222222222222,7.222222222222222,0.0,6.666666666666667,83.55555555555556,6.5,19.466666666666665,19.965555555555554,1005.5888888888888,93.22222222222223,23.38888888888889,0.0,4.1688888888888895,22.0954,104.4233,10.192222222222222,12.916666666666666,8,33,63,1,1970-01-21 07:32:29.940000000,1970-01-21 07:33:16.426666666,Hè,,,
Lào Cai,Trung du miền núi Bắc Bộ,2025-08-15,23.311111111111114,25.044444444444444,21.966666666666665,28.211111111111112,30.32222222222222,26.299999999999997,28.666666666666668,28.666666666666668,0.0,22.88888888888889,95.55555555555556,6.988888888888889,19.666666666666668,8.356666666666666,1006.2666666666667,100.0,22.6,0.0,1.6800000000000002,22.0954,104.4233,0.9366666666666666,12.897777777777778,8,33,63,32,1970-01-21 07:33:56.360000000,1970-01-21 07:34:42.786666666,Hè,,,
Lào Cai,Trung du miền núi Bắc Bộ,2025-08-16,23.311111111111114,26.37777777777778,21.677777777777777,27.977777777777778,31.41111111111111,25.855555555555554,12.544444444444444,12.544444444444444,0.0,21.0,93.22222222222223,7.300000000000001,25.08888888888889,13.897777777777778,1009.1666666666666,89.22222222222223,22.12222222222222,0.0,2.67,22.0954,104.4233,6.717777777777778,12.88,8,33,63,95,1970-01-21 07:35:22.786666666,1970-01-21 07:36:09.153333333,Hè,,,
Lào Cai,Trung du miền núi Bắc Bộ,2025-08-17,25.144444444444446,29.56666666666667,21.044444444444444,29.622222222222224,34.788888888888884,24.711111111111112,0.8777777777777778,0.8777777777777778,0.0,3.7777777777777777,81.33333333333333,7.444444444444445,24.400000000000002,21.013333333333335,1009.8000000000001,65.44444444444444,21.4,0.0,4.193333333333333,22.0954,104.4233,11.774444444444445,12.86111111111111,8,33,51,7,1970-01-21 07:36:49.200000000,1970-01-21 07:37:35.506666666,Hè,,,
Lào Cai,Trung du miền núi Bắc Bộ,2025-08-18,26.066666666666666,31.688888888888886,22.233333333333334,30.58888888888889,37.31111111111111,25.544444444444444,5.199999999999999,5.199999999999999,0.0,5.0,77.22222222222223,8.788888888888888,24.711111111111112,23.427777777777777,1007.7555555555555,89.22222222222223,21.37777777777778,0.0,4.86,22.0954,104.4233,10.733333333333333,12.841111111111111,8,34,61,25,1970-01-21 07:38:15.620000000,1970-01-21 07:39:01.846666666,Hè,,,
Lào Cai,Trung du miền núi Bắc Bộ,2025-08-19,24.644444444444446,28.144444444444446,22.133333333333333,29.577777777777776,33.333333333333336,26.544444444444444,5.377777777777777,5.377777777777777,0.0,8.777777777777779,90.0,8.677777777777777,24.311111111111114,13.13888888888889,1006.7444444444445,97.44444444444444,22.799999999999997,0.0,2.6766666666666667,22.0954,104.4233,6.637777777777778,12.823333333333332,8,34,55,69,1970-01-21 07:39:42.053333333,1970-01-21 07:40:28.206666666,Hè,,,
Lào Cai,Trung du miền núi Bắc Bộ,2025-08-20,24.977777777777778,28.77777777777778,23.211111111111112,30.366666666666667,34.87777777777777,28.255555555555556,13.799999999999999,13.799999999999999,0.0,16.88888888888889,91.55555555555556,8.466666666666667,27.922222222222224,15.046666666666669,1007.1444444444444,100.0,23.4,0.0,3.0633333333333335,22.0954,104.4233,6.635555555555555,12.803333333333335,8,34,63,70,1970-01-21 07:41:08.460000000,1970-01-21 07:41:54.560000000,Hè,,,
Lào Cai,Trung du miền núi Bắc Bộ,2025-08-21,24.311111111111114,28.244444444444444,22.200000000000003,29.333333333333332,33.08888888888889,26.533333333333335,20.87777777777778,20.87777777777778,0.0,16.0,92.88888888888889,10.8,31.166666666666668,11.408888888888889,1008.5333333333333,100.0,23.0,0.0,2.322222222222222,22.0954,104.4233,3.248888888888889,12.786666666666667,8,34,63,64,1970-01-21 07:42:34.880000000,1970-01-21 07:43:20.913333333,Hè,,,
Lào Cai,Trung du miền núi Bắc Bộ,2025-08-22,23.77777777777778,27.799999999999997,22.01111111111111,28.72222222222222,33.63333333333333,26.422222222222224,20.38888888888889,20.38888888888889,0.0,18.333333333333332,93.77777777777777,9.733333333333333,30.022222222222222,12.21,1008.688888888889,100.0,22.666666666666668,0.0,2.43,22.0954,104.4233,4.088888888888889,12.766666666666666,8,34,63,76,1970-01-21 07:44:01.313333333,1970-01-21 07:44:47.266666666,Hè,,,
Lào Cai,Trung du miền núi Bắc Bộ,2025-08-23,23.288888888888888,26.022222222222222,21.233333333333334,28.133333333333333,31.299999999999997,25.311111111111114,10.744444444444445,10.744444444444445,0.0,14.777777777777779,93.66666666666667,6.300000000000001,19.866666666666667,10.325555555555557,1009.3777777777777,96.0,22.211111111111112,0.0,2.057777777777778,22.0954,104.4233,2.9033333333333333,12.746666666666666,8,34,63,51,1970-01-21 07:45:27.720000000,1970-01-21 07:46:13.606666666,Hè,,,
Lào Cai,Trung du miền núi Bắc Bộ,2025-08-24,25.41111111111111,30.811111111111114,21.62222222222222,30.422222222222224,36.82222222222222,25.633333333333333,2.9000000000000004,2.9000000000000004,0.0,5.777777777777778,83.33333333333333,9.855555555555556,29.188888888888886,22.765555555555554,1008.8888888888889,65.77777777777777,22.1,0.0,4.625555555555556,22.0954,104.4233,11.632222222222222,12.726666666666667,8,34,51,4,1970-01-21 07:46:54.140000000,1970-01-21 07:47:39.953333333,Hè,,,
Lào Cai,Trung du miền núi Bắc Bộ,2025-08-25,23.477777777777778,28.977777777777778,20.933333333333334,27.700000000000003,34.47777777777778,24.066666666666666,37.06666666666667,37.06666666666667,0.0,16.22222222222222,90.22222222222223,10.766666666666667,38.56666666666667,18.495555555555555,1008.5333333333333,82.66666666666667,21.62222222222222,0.0,3.565555555555556,22.0954,104.4233,9.467777777777778,12.706666666666667,8,35,65,237,1970-01-21 07:48:20.560000000,1970-01-21 07:49:06.306666666,Hè,,,
Lào Cai,Trung du miền núi Bắc Bộ,2025-08-26,21.833333333333332,23.211111111111112,20.766666666666666,25.700000000000003,27.37777777777778,24.077777777777776,70.67777777777778,70.67777777777778,0.0,24.0,97.55555555555556,11.21111111111111,40.233333333333334,4.985555555555555,1008.7666666666667,100.0,21.422222222222224,0.0,1.017777777777778,22.0954,104.4233,0.03888888888888889,12.686666666666666,8,35,63,60,1970-01-21 07:49:46.980000000,1970-01-21 07:50:32.646666666,Hè,,,
Lào Cai,Trung du miền núi Bắc Bộ,2025-08-27,22.633333333333333,24.944444444444443,21.27777777777778,27.133333333333333,29.56666666666667,25.37777777777778,17.333333333333332,17.333333333333332,0.0,18.22222222222222,95.33333333333333,7.022222222222222,23.61111111111111,9.80888888888889,1009.3000000000001,95.88888888888889,21.822222222222223,0.0,1.8733333333333333,22.0954,104.4233,3.9044444444444446,12.666666666666666,8,35,63,100,1970-01-21 07:51:13.386666666,1970-01-21 07:51:59.000000000,Hè,,,
Lào Cai,Trung du miền núi Bắc Bộ,2025-08-28,24.177777777777777,28.155555555555555,20.98888888888889,28.811111111111114,33.08888888888889,25.044444444444444,2.9555555555555557,2.9555555555555557,0.0,9.88888888888889,87.0,8.244444444444445,25.766666666666666,19.48111111111111,1008.8333333333334,62.22222222222222,21.755555555555556,0.0,3.831111111111111,22.0954,104.4233,11.416666666666666,12.646666666666668,8,35,51,106,1970-01-21 07:52:39.813333333,1970-01-21 07:53:25.353333333,Hè,,,
Lào Cai,Trung du miền núi Bắc Bộ,2025-08-29,24.544444444444444,29.700000000000003,21.366666666666667,29.27777777777778,35.51111111111111,25.166666666666668,10.022222222222222,10.022222222222222,0.0,10.777777777777779,85.44444444444444,9.399999999999999,29.766666666666666,21.964444444444446,1010.4444444444445,58.333333333333336,21.72222222222222,0.0,4.374444444444445,22.0954,104.4233,11.184444444444445,12.626666666666667,8,35,61,0,1970-01-21 07:54:06.240000000,1970-01-21 07:54:51.693333333,Hè,,,
Lào Cai,Trung du miền núi Bắc Bộ,2025-08-30,24.577777777777776,29.82222222222222,21.711111111111112,29.144444444444446,35.58888888888889,25.37777777777778,22.41111111111111,22.41111111111111,0.0,14.444444444444445,86.77777777777777,9.255555555555555,33.51111111111111,19.317777777777778,1010.3777777777777,88.33333333333333,21.944444444444443,0.0,3.902222222222222,22.0954,104.4233,9.783333333333333,12.606666666666666,8,35,65,71,1970-01-21 07:55:32.640000000,1970-01-21 07:56:18.046666666,Hè,,,
Lào Cai,Trung du miền núi Bắc Bộ,2025-08-31,24.033333333333335,27.544444444444444,21.688888888888886,28.84444444444445,32.98888888888889,25.88888888888889,16.477777777777778,16.477777777777778,0.0,18.333333333333332,91.11111111111111,7.666666666666667,28.966666666666665,17.412222222222223,1009.8666666666666,87.55555555555556,22.37777777777778,0.0,3.358888888888889,22.0954,104.4233,10.62,12.586666666666666,8,35,63,2,1970-01-21 07:56:59.066666666,1970-01-21 07:57:44.386666666,Hè,,,
Lào Cai,Trung du miền núi Bắc Bộ,2025-09-01,25.299999999999997,29.688888888888886,21.833333333333332,30.333333333333332,35.5,26.155555555555555,4.677777777777778,4.677777777777778,0.0,11.333333333333334,84.77777777777777,8.533333333333333,23.799999999999997,21.947777777777777,1008.1555555555556,59.333333333333336,22.299999999999997,0.0,4.449999999999999,22.0954,104.4233,11.678888888888888,12.566666666666668,9,36,53,30,1970-01-21 07:58:25.493333333,1970-01-21 07:59:10.726666666,Thu,,,
Lào Cai,Trung du miền núi Bắc Bộ,2025-09-02,25.711111111111112,30.233333333333334,22.299999999999997,30.91111111111111,36.17777777777778,26.855555555555554,3.3444444444444446,3.3444444444444446,0.0,9.777777777777779,84.0,8.066666666666666,22.48888888888889,21.273333333333333,1007.811111111111,68.55555555555556,22.6,0.0,4.365555555555556,22.0954,104.4233,11.625555555555556,12.546666666666667,9,36,51,39,1970-01-21 07:59:51.900000000,1970-01-21 08:00:37.066666666,Thu,,,
Lào Cai,Trung du miền núi Bắc Bộ,2025-09-03,25.944444444444443,29.944444444444443,22.822222222222223,31.666666666666668,36.599999999999994,27.766666666666666,4.211111111111111,4.211111111111111,0.0,10.88888888888889,87.0,6.933333333333334,20.87777777777778,19.90222222222222,1008.0111111111112,58.888888888888886,23.444444444444443,0.0,4.066666666666666,22.0954,104.4233,11.323333333333332,12.526666666666666,9,36,51,77,1970-01-21 08:01:18.320000000,1970-01-21 08:02:03.413333333,Thu,,,
Lào Cai,Trung du miền núi Bắc Bộ,2025-09-04,26.299999999999997,30.077777777777776,22.9,31.944444444444443,36.75555555555556,27.78888888888889,2.0555555555555554,2.0555555555555554,0.0,8.444444444444445,84.77777777777777,7.622222222222222,23.033333333333335,20.51111111111111,1007.4888888888888,40.333333333333336,23.366666666666667,0.0,4.185555555555556,22.0954,104.4233,11.404444444444444,12.506666666666668,9,36,51,75,1970-01-21 08:02:44.746666666,1970-01-21 08:03:29.760000000,Thu,,,
Lào Cai,Trung du miền núi Bắc Bộ,2025-09-05,26.788888888888888,30.855555555555554,23.322222222222223,32.455555555555556,38.044444444444444,28.166666666666668,2.9000000000000004,2.9000000000000004,0.0,5.444444444444445,82.0,7.666666666666667,22.92222222222222,21.713333333333335,1007.7444444444445,65.77777777777777,23.299999999999997,0.0,4.488888888888889,22.0954,104.4233,12.0,12.486666666666666,9,36,51,106,1970-01-21 08:04:11.160000000,1970-01-21 08:04:56.106666666,Thu,,,
Lào Cai,Trung du miền núi Bắc Bộ,2025-09-06,25.766666666666666,29.755555555555556,22.200000000000003,31.122222222222224,36.28888888888889,26.744444444444444,6.077777777777778,6.077777777777778,0.0,9.444444444444445,85.66666666666667,7.966666666666667,20.477777777777778,18.772222222222222,1009.1333333333334,95.88888888888889,23.0,0.0,3.842222222222222,22.0954,104.4233,10.777777777777779,12.466666666666667,9,36,61,14,1970-01-21 08:05:37.560000000,1970-01-21 08:06:22.446666666,Thu,,,
Lào Cai,Trung du miền núi Bắc Bộ,2025-09-07,26.033333333333335,30.22222222222222,22.166666666666668,31.56666666666667,37.233333333333334,26.633333333333333,3.4000000000000004,3.4000000000000004,0.0,7.666666666666667,84.11111111111111,7.122222222222222,20.555555555555557,21.616666666666667,1007.7333333333333,62.22222222222222,22.922222222222224,0.0,4.404444444444445,22.0954,104.4233,11.935555555555556,12.446666666666665,9,36,53,31,1970-01-21 08:07:03.986666666,1970-01-21 08:07:48.786666666,Thu,,,
Lào Cai,Trung du miền núi Bắc Bộ,2025-09-08,27.266666666666666,31.877777777777776,23.188888888888886,32.68888888888889,38.93333333333333,27.5,0.9555555555555555,0.9555555555555555,0.0,2.4444444444444446,77.66666666666667,6.033333333333333,18.41111111111111,22.15222222222222,1006.0,70.33333333333333,22.766666666666666,0.0,4.647777777777778,22.0954,104.4233,12.0,12.426666666666668,9,37,3,150,1970-01-21 08:08:30.420000000,1970-01-21 08:09:15.126666666,Thu,,,
Lào Cai,Trung du miền núi Bắc Bộ,2025-09-09,24.72222222222222,27.355555555555554,22.977777777777778,30.06666666666667,32.900000000000006,27.477777777777778,10.444444444444445,10.444444444444445,0.0,12.222222222222221,91.55555555555556,7.022222222222222,20.288888888888888,8.816666666666666,1007.6555555555556,99.88888888888889,23.211111111111112,0.0,1.8344444444444443,22.0954,104.4233,2.6888888888888887,12.403333333333332,9,37,63,11,1970-01-21 08:09:56.820000000,1970-01-21 08:10:41.466666666,Thu,,,
Lào Cai,Trung du miền núi Bắc Bộ,2025-09-10,24.633333333333333,27.744444444444444,22.6,30.011111111111113,33.51111111111111,27.288888888888888,11.622222222222222,11.622222222222222,0.0,15.777777777777779,91.88888888888889,5.944444444444445,19.4,12.571111111111112,1008.7222222222222,100.0,23.155555555555555,0.0,2.5611111111111113,22.0954,104.4233,5.478888888888889,12.383333333333333,9,37,63,94,1970-01-21 08:11:23.240000000,1970-01-21 08:12:07.813333333,Thu,,,
Lào Cai,Trung du miền núi Bắc Bộ,2025-09-11,24.333333333333332,28.266666666666666,21.822222222222223,29.377777777777776,34.166666666666664,26.177777777777777,21.233333333333334,21.233333333333334,0.0,18.11111111111111,91.44444444444444,8.366666666666667,25.255555555555556,14.51888888888889,1009.3444444444444,98.11111111111111,22.788888888888888,0.0,2.9166666666666665,22.0954,104.4233,7.664444444444445,12.36111111111111,9,37,63,69,1970-01-21 08:12:49.660000000,1970-01-21 08:13:34.153333333,Thu,,,
Lào Cai,Trung du miền núi Bắc Bộ,2025-09-12,24.066666666666666,27.655555555555555,21.91111111111111,29.022222222222222,33.28888888888889,26.22222222222222,22.688888888888886,22.688888888888886,0.0,20.77777777777778,93.11111111111111,8.377777777777778,24.666666666666668,14.33111111111111,1010.311111111111,99.22222222222223,22.833333333333332,0.0,2.854444444444445,22.0954,104.4233,6.902222222222222,12.34,9,37,63,58,1970-01-21 08:14:16.080000000,1970-01-21 08:15:00.493333333,Thu,,,
Lào Cai,Trung du miền núi Bắc Bộ,2025-09-13,24.022222222222222,27.788888888888888,21.666666666666668,28.977777777777778,33.5,25.91111111111111,19.299999999999997,19.299999999999997,0.0,17.0,92.66666666666667,7.288888888888888,22.58888888888889,14.574444444444445,1011.3000000000001,99.11111111111111,22.655555555555555,0.0,2.876666666666667,22.0954,104.4233,6.8966666666666665,12.32,9,37,63,80,1970-01-21 08:15:42.480000000,1970-01-21 08:16:26.840000000,Thu,,,
Lào Cai,Trung du miền núi Bắc Bộ,2025-09-14,24.566666666666666,28.055555555555557,21.666666666666668,29.700000000000003,33.56666666666667,26.08888888888889,7.377777777777776,7.377777777777776,0.0,10.444444444444445,89.66666666666667,5.877777777777777,20.355555555555554,16.19222222222222,1011.188888888889,77.33333333333333,22.644444444444446,0.0,3.2333333333333334,22.0954,104.4233,10.194444444444445,12.3,9,37,63,42,1970-01-21 08:17:08.900000000,1970-01-21 08:17:53.180000000,Thu,,,
Lào Cai,Trung du miền núi Bắc Bộ,2025-09-15,24.27777777777778,28.766666666666666,21.433333333333334,29.22222222222222,35.099999999999994,25.577777777777776,11.133333333333333,11.133333333333333,0.0,13.777777777777779,89.88888888888889,9.644444444444444,28.033333333333335,17.455555555555556,1011.4222222222221,90.44444444444444,22.366666666666667,0.0,3.49,22.0954,104.4233,9.940000000000001,12.28,9,38,63,54,1970-01-21 08:18:35.320000000,1970-01-21 08:19:19.520000000,Thu,,,
Lào Cai,Trung du miền núi Bắc Bộ,2025-09-16,24.41111111111111,28.65555555555555,21.311111111111114,29.22222222222222,34.233333333333334,25.41111111111111,9.633333333333333,9.633333333333333,0.0,12.444444444444445,87.55555555555556,6.2555555555555555,19.144444444444446,16.711111111111112,1011.5444444444444,70.11111111111111,22.044444444444444,0.0,3.3633333333333333,22.0954,104.4233,9.475555555555555,12.26,9,38,63,48,1970-01-21 08:20:01.740000000,1970-01-21 08:20:45.860000000,Thu,,,
Lào Cai,Trung du miền núi Bắc Bộ,2025-09-17,24.533333333333335,28.91111111111111,21.08888888888889,29.266666666666666,34.65555555555555,25.27777777777778,5.0777777777777775,5.0777777777777775,0.0,10.222222222222221,86.88888888888889,8.877777777777778,24.055555555555557,19.76111111111111,1010.3888888888889,62.111111111111114,22.022222222222222,0.0,3.964444444444444,22.0954,104.4233,11.821111111111112,12.237777777777778,9,38,63,40,1970-01-21 08:21:28.140000000,1970-01-21 08:22:12.200000000,Thu,,,
Lào Cai,Trung du miền núi Bắc Bộ,2025-09-18,24.644444444444446,28.71111111111111,21.1,29.34444444444445,34.02222222222222,25.08888888888889,7.844444444444445,7.844444444444445,0.0,11.0,85.77777777777777,6.988888888888889,21.433333333333334,20.047777777777778,1010.4666666666667,72.22222222222223,21.91111111111111,0.0,3.9911111111111115,22.0954,104.4233,11.39111111111111,12.216666666666667,9,38,63,18,1970-01-21 08:22:54.566666666,1970-01-21 08:23:38.540000000,Thu,,,
Lào Cai,Trung du miền núi Bắc Bộ,2025-09-19,25.41111111111111,29.32222222222222,21.88888888888889,30.17777777777778,34.93333333333333,26.01111111111111,1.2999999999999998,1.2999999999999998,0.0,5.333333333333333,82.33333333333333,7.866666666666666,22.355555555555554,20.54111111111111,1009.9111111111112,48.55555555555556,21.955555555555556,0.0,4.144444444444444,22.0954,104.4233,11.693333333333335,12.19111111111111,9,38,51,69,1970-01-21 08:24:20.993333333,1970-01-21 08:25:04.880000000,Thu,,,
Lào Cai,Trung du miền núi Bắc Bộ,2025-09-20,26.233333333333334,30.54444444444444,21.922222222222224,31.299999999999997,36.65555555555555,26.0,0.5888888888888889,0.5888888888888889,0.0,2.3333333333333335,79.11111111111111,5.933333333333334,19.766666666666666,21.512222222222224,1007.9888888888888,38.666666666666664,22.12222222222222,0.0,4.422222222222222,22.0954,104.4233,11.95,12.17,9,38,51,77,1970-01-21 08:25:47.400000000,1970-01-21 08:26:31.220000000,Thu,,,
Lào Cai,Trung du miền núi Bắc Bộ,2025-09-21,25.544444444444444,29.77777777777778,22.72222222222222,30.766666666666666,36.02222222222222,27.055555555555557,10.222222222222221,10.222222222222221,0.0,9.88888888888889,85.66666666666667,7.922222222222222,23.233333333333334,16.965555555555554,1007.3888888888889,81.88888888888889,22.844444444444445,0.0,3.448888888888889,22.0954,104.4233,9.934444444444445,12.15,9,38,63,64,1970-01-21 08:27:13.806666666,1970-01-21 08:27:57.560000000,Thu,,,
Lào Cai,Trung du miền núi Bắc Bộ,2025-09-22,23.455555555555556,25.88888888888889,21.799999999999997,28.200000000000003,30.58888888888889,26.200000000000003,21.48888888888889,21.48888888888889,0.0,19.666666666666668,93.88888888888889,7.7333333333333325,22.533333333333335,10.737777777777778,1008.9777777777776,90.77777777777777,22.38888888888889,0.0,2.098888888888889,22.0954,104.4233,5.104444444444444,12.13,9,39,63,45,1970-01-21 08:28:40.240000000,1970-01-21 08:29:23.906666666,Thu,,,
Lào Cai,Trung du miền núi Bắc Bộ,2025-09-23,24.38888888888889,28.488888888888887,21.933333333333334,29.355555555555554,33.766666666666666,26.41111111111111,22.27777777777778,22.27777777777778,0.0,17.333333333333332,89.44444444444444,7.444444444444445,25.166666666666668,16.233333333333334,1007.7444444444445,87.11111111111111,22.37777777777778,0.0,3.2566666666666664,22.0954,104.4233,8.66,12.11,9,39,63,328,1970-01-21 08:30:06.653333333,1970-01-21 08:30:50.246666666,Thu,,,
Lào Cai,Trung du miền núi Bắc Bộ,2025-09-24,25.533333333333335,30.21111111111111,21.155555555555555,29.511111111111113,34.17777777777778,24.644444444444446,2.8777777777777778,2.8777777777777778,0.0,5.333333333333333,77.66666666666667,11.144444444444444,29.755555555555556,21.544444444444444,1005.5999999999999,47.44444444444444,20.922222222222224,0.0,4.3966666666666665,22.0954,104.4233,11.841111111111111,12.09,9,39,51,19,1970-01-21 08:31:33.060000000,1970-01-21 08:32:16.593333333,Thu,,,
Lào Cai,Trung du miền núi Bắc Bộ,2025-09-25,23.922222222222224,26.077777777777776,22.033333333333335,26.87777777777778,28.755555555555556,24.91111111111111,8.277777777777779,8.277777777777779,0.0,12.88888888888889,78.66666666666667,12.155555555555555,33.733333333333334,7.616666666666666,1005.4333333333333,94.0,19.811111111111114,0.0,1.9911111111111113,22.0954,104.4233,1.2077777777777776,12.07,9,39,61,307,1970-01-21 08:32:59.486666666,1970-01-21 08:33:42.933333333,Thu,,,
Lào Cai,Trung du miền núi Bắc Bộ,2025-09-26,22.533333333333335,25.466666666666665,21.066666666666666,26.688888888888886,29.355555555555554,24.944444444444443,13.3,13.3,0.0,18.444444444444443,92.0,5.777777777777778,18.755555555555556,9.318888888888889,1012.1333333333334,97.66666666666667,21.11111111111111,0.0,1.862222222222222,22.0954,104.4233,3.7600000000000002,12.05,9,39,63,19,1970-01-21 08:34:25.906666666,1970-01-21 08:35:09.280000000,Thu,,,
Lào Cai,Trung du miền núi Bắc Bộ,2025-09-27,23.755555555555553,27.5,21.299999999999997,28.444444444444443,32.82222222222222,25.422222222222224,16.4,16.4,0.0,15.11111111111111,90.66666666666667,7.877777777777778,30.355555555555554,15.382222222222222,1014.3333333333334,81.33333333333333,22.022222222222222,0.0,2.982222222222222,22.0954,104.4233,9.223333333333333,12.03,9,39,63,4,1970-01-21 08:35:52.320000000,1970-01-21 08:36:35.620000000,Thu,,,
Lào Cai,Trung du miền núi Bắc Bộ,2025-09-28,23.7,29.144444444444446,20.977777777777778,27.977777777777778,34.733333333333334,24.299999999999997,22.355555555555554,22.355555555555554,0.0,9.444444444444445,88.22222222222223,9.8,37.52222222222222,16.787777777777777,1011.7333333333333,60.666666666666664,21.466666666666665,0.0,3.2844444444444445,22.0954,104.4233,8.79,12.008888888888889,9,39,65,63,1970-01-21 08:37:18.740000000,1970-01-21 08:38:01.960000000,Thu,,,
Lào Cai,Trung du miền núi Bắc Bộ,2025-09-29,21.577777777777776,22.644444444444446,20.51111111111111,24.822222222222223,26.7,23.544444444444444,107.98888888888888,107.98888888888888,0.0,23.444444444444443,97.22222222222223,18.633333333333333,63.03333333333333,3.6933333333333334,1008.2777777777778,99.66666666666667,21.11111111111111,0.0,0.7777777777777778,22.0954,104.4233,0.0,11.983333333333334,9,40,65,28,1970-01-21 08:38:45.160000000,1970-01-21 08:39:28.300000000,Thu,,,
Lào Cai,Trung du miền núi Bắc Bộ,2025-09-30,22.200000000000003,23.91111111111111,21.244444444444444,26.166666666666668,28.522222222222222,24.633333333333333,30.08888888888889,30.08888888888889,0.0,23.77777777777778,98.11111111111111,12.38888888888889,40.044444444444444,4.905555555555555,1010.6555555555556,100.0,21.9,0.0,0.9777777777777779,22.0954,104.4233,0.67,11.962222222222223,9,40,63,8,1970-01-21 08:40:11.580000000,1970-01-21 08:40:54.653333333,Thu,,,
Lào Cai,Trung du miền núi Bắc Bộ,2025-10-01,22.766666666666666,26.055555555555557,20.9,27.322222222222223,30.84444444444445,24.788888888888888,12.788888888888888,12.788888888888888,0.0,18.11111111111111,95.22222222222223,7.2333333333333325,23.41111111111111,9.803333333333335,1012.6111111111111,99.66666666666667,21.955555555555556,0.0,1.8988888888888888,22.0954,104.4233,3.304444444444444,11.94,10,40,63,86,1970-01-21 08:41:37.986666666,1970-01-21 08:42:20.993333333,Thu,,,
Lào Cai,Trung du miền núi Bắc Bộ,2025-10-02,24.422222222222224,27.977777777777778,21.966666666666665,29.41111111111111,33.333333333333336,26.455555555555556,3.233333333333333,3.233333333333333,0.0,10.666666666666666,90.0,6.877777777777777,22.522222222222222,14.956666666666665,1012.3000000000001,75.88888888888889,22.6,0.0,2.9388888888888887,22.0954,104.4233,8.77111111111111,11.92,10,40,53,120,1970-01-21 08:43:04.413333333,1970-01-21 08:43:47.333333333,Thu,,,
Lào Cai,Trung du miền núi Bắc Bộ,2025-10-03,24.844444444444445,28.82222222222222,22.133333333333333,29.799999999999997,34.099999999999994,26.644444444444446,4.7555555555555555,4.7555555555555555,0.0,16.0,88.55555555555556,9.755555555555555,26.077777777777776,16.65,1011.7888888888889,66.0,22.72222222222222,0.0,3.3255555555555554,22.0954,104.4233,9.634444444444446,11.9,10,40,51,62,1970-01-21 08:44:30.833333333,1970-01-21 08:45:13.680000000,Thu,,,
Lào Cai,Trung du miền núi Bắc Bộ,2025-10-04,24.72222222222222,28.633333333333333,21.933333333333334,29.77777777777778,34.25555555555556,26.322222222222223,5.144444444444444,5.144444444444444,0.0,13.11111111111111,88.33333333333333,6.633333333333334,20.88888888888889,16.45888888888889,1011.9000000000001,62.22222222222222,22.555555555555557,0.0,3.2788888888888885,22.0954,104.4233,10.303333333333335,11.88,10,40,61,55,1970-01-21 08:45:57.246666666,1970-01-21 08:46:40.020000000,Thu,,,
Lào Cai,Trung du miền núi Bắc Bộ,2025-10-05,25.333333333333332,30.08888888888889,21.344444444444445,30.488888888888894,36.166666666666664,25.255555555555556,2.7666666666666666,2.7666666666666666,0.0,6.111111111111111,85.55555555555556,6.188888888888889,20.033333333333335,18.104444444444443,1008.7888888888889,81.33333333333333,22.58888888888889,0.0,3.6688888888888886,22.0954,104.4233,10.634444444444444,11.86,10,40,53,194,1970-01-21 08:47:23.673333333,1970-01-21 08:48:06.360000000,Thu,,,
Lào Cai,Trung du miền núi Bắc Bộ,2025-10-06,23.711111111111112,26.144444444444446,21.844444444444445,28.177777777777777,31.17777777777778,25.61111111111111,18.155555555555555,18.155555555555555,0.0,17.333333333333332,91.11111111111111,9.288888888888888,26.288888888888888,6.0811111111111105,1006.1222222222223,94.33333333333333,22.133333333333333,0.0,1.3044444444444445,22.0954,104.4233,1.4722222222222223,11.836666666666666,10,41,63,218,1970-01-21 08:48:50.086666666,1970-01-21 08:49:32.700000000,Thu,,,
Lào Cai,Trung du miền núi Bắc Bộ,2025-10-07,21.744444444444444,22.644444444444446,20.788888888888888,25.655555555555555,26.91111111111111,24.522222222222222,55.111111111111114,55.111111111111114,0.0,23.666666666666668,98.33333333333333,10.766666666666667,28.84444444444445,3.58,1011.9888888888888,100.0,21.477777777777778,0.0,0.741111111111111,22.0954,104.4233,0.06888888888888889,11.816666666666668,10,41,63,27,1970-01-21 08:50:16.506666666,1970-01-21 08:50:59.040000000,Thu,,,
Lào Cai,Trung du miền núi Bắc Bộ,2025-10-08,22.977777777777778,26.855555555555554,20.522222222222222,27.299999999999997,31.688888888888886,24.266666666666666,9.455555555555556,9.455555555555556,0.0,14.555555555555555,90.88888888888889,7.855555555555556,23.177777777777777,14.524444444444445,1014.5111111111112,76.44444444444444,21.344444444444445,0.0,2.798888888888889,22.0954,104.4233,8.461111111111112,11.793333333333333,10,41,61,68,1970-01-21 08:51:42.933333333,1970-01-21 08:52:25.380000000,Thu,,,
Lào Cai,Trung du miền núi Bắc Bộ,2025-10-09,24.022222222222222,28.666666666666668,20.4,28.03333333333333,32.93333333333333,24.044444444444444,0.47777777777777775,0.47777777777777775,0.0,3.0,82.66666666666667,8.61111111111111,23.477777777777778,19.186666666666667,1013.5444444444444,23.444444444444443,20.633333333333333,0.0,3.8199999999999994,22.0954,104.4233,11.14111111111111,11.773333333333333,10,41,51,128,1970-01-21 08:53:09.346666666,1970-01-21 08:53:51.733333333,Thu,,,
Lào Cai,Trung du miền núi Bắc Bộ,2025-10-10,24.188888888888886,28.744444444444444,20.01111111111111,28.133333333333333,33.08888888888889,23.155555555555555,0.5777777777777778,0.5777777777777778,0.0,3.4444444444444446,80.11111111111111,7.344444444444444,21.48888888888889,19.096666666666668,1012.7777777777778,15.333333333333334,20.355555555555554,0.0,3.801111111111111,22.0954,104.4233,11.164444444444445,11.753333333333334,10,41,51,81,1970-01-21 08:54:35.766666666,1970-01-21 08:55:18.080000000,Thu,,,
Lào Cai,Trung du miền núi Bắc Bộ,2025-10-11,24.11111111111111,28.366666666666667,20.244444444444444,28.266666666666666,33.06666666666667,23.58888888888889,0.588888888888889,0.588888888888889,0.0,3.5555555555555554,83.22222222222223,8.177777777777777,22.755555555555556,18.596666666666668,1011.9222222222221,38.0,20.844444444444445,0.0,3.698888888888889,22.0954,104.4233,10.826666666666666,11.733333333333334,10,41,51,69,1970-01-21 08:56:02.193333333,1970-01-21 08:56:44.426666666,Thu,,,
Lào Cai,Trung du miền núi Bắc Bộ,2025-10-12,24.37777777777778,28.38888888888889,21.255555555555556,29.04444444444444,33.37777777777777,25.344444444444445,2.8111111111111113,2.8111111111111113,0.0,7.777777777777778,87.0,7.199999999999999,20.200000000000003,16.095555555555553,1011.4666666666667,62.111111111111114,21.922222222222224,0.0,3.203333333333333,22.0954,104.4233,10.287777777777778,11.713333333333333,10,41,61,56,1970-01-21 08:57:28.613333333,1970-01-21 08:58:10.780000000,Thu,,,
Lào Cai,Trung du miền núi Bắc Bộ,2025-10-13,24.38888888888889,28.155555555555555,21.522222222222222,29.06666666666667,33.0,25.844444444444445,2.888888888888889,2.888888888888889,0.0,8.444444444444445,87.44444444444444,7.911111111111111,22.366666666666667,15.354444444444445,1012.1999999999999,65.66666666666667,22.066666666666666,0.0,3.052222222222222,22.0954,104.4233,9.93,11.69222222222222,10,42,53,35,1970-01-21 08:58:55.026666666,1970-01-21 08:59:37.140000000,Thu,,,
Lào Cai,Trung du miền núi Bắc Bộ,2025-10-14,23.08888888888889,27.077777777777776,21.077777777777776,27.62222222222222,32.06666666666667,25.1,18.4,18.4,0.0,21.11111111111111,92.66666666666667,8.222222222222221,26.677777777777777,13.145555555555555,1012.8555555555556,96.33333333333333,21.77777777777778,0.0,2.535555555555556,22.0954,104.4233,7.336666666666667,11.673333333333334,10,42,63,38,1970-01-21 09:00:21.466666666,1970-01-21 09:01:03.480000000,Thu,,,
Lào Cai,Trung du miền núi Bắc Bộ,2025-10-15,22.711111111111112,25.811111111111114,21.044444444444444,26.922222222222224,29.71111111111111,24.966666666666665,19.58888888888889,19.58888888888889,0.0,20.88888888888889,93.88888888888889,8.877777777777778,24.366666666666667,11.115555555555554,1013.3444444444444,95.88888888888889,21.6,0.0,2.14,22.0954,104.4233,6.004444444444444,11.653333333333332,10,42,63,29,1970-01-21 09:01:47.880000000,1970-01-21 09:02:29.820000000,Thu,,,
Lào Cai,Trung du miền núi Bắc Bộ,2025-10-16,22.833333333333332,26.133333333333333,20.700000000000003,26.966666666666665,30.200000000000003,24.522222222222226,14.444444444444445,14.444444444444445,0.0,17.333333333333332,91.88888888888889,9.922222222222222,29.366666666666667,13.203333333333333,1015.1444444444444,89.88888888888889,21.37777777777778,0.0,2.482222222222222,22.0954,104.4233,7.731111111111111,11.633333333333333,10,42,63,112,1970-01-21 09:03:14.313333333,1970-01-21 09:03:56.180000000,Thu,,,
Lào Cai,Trung du miền núi Bắc Bộ,2025-10-17,23.811111111111114,28.433333333333334,20.311111111111114,27.744444444444444,32.21111111111111,24.044444444444444,0.7111111111111111,0.7111111111111111,0.0,3.6666666666666665,83.0,7.977777777777778,22.788888888888888,18.512222222222224,1015.3000000000001,38.0,20.4,0.0,3.648888888888889,22.0954,104.4233,10.487777777777778,11.613333333333333,10,42,51,66,1970-01-21 09:04:40.726666666,1970-01-21 09:05:22.526666666,Thu,,,
Lào Cai,Trung du miền núi Bắc Bộ,2025-10-18,24.011111111111113,28.5,19.822222222222223,27.677777777777777,32.577777777777776,22.422222222222224,0.26666666666666666,0.26666666666666666,0.0,2.2222222222222223,78.77777777777777,7.688888888888889,21.966666666666665,18.584444444444443,1014.5111111111112,16.11111111111111,19.87777777777778,0.0,3.67,22.0954,104.4233,10.97111111111111,11.593333333333334,10,42,51,64,1970-01-21 09:06:07.146666666,1970-01-21 09:06:48.893333333,Thu,,,
Lào Cai,Trung du miền núi Bắc Bộ,2025-10-19,23.288888888888888,27.533333333333335,20.244444444444444,27.211111111111112,32.13333333333333,23.466666666666665,10.31111111111111,10.31111111111111,0.0,12.444444444444445,85.66666666666667,8.533333333333333,24.922222222222224,16.727777777777778,1014.6777777777778,43.888888888888886,20.555555555555557,0.0,3.2577777777777777,22.0954,104.4233,10.731111111111112,11.573333333333332,10,42,63,100,1970-01-21 09:07:33.586666666,1970-01-21 09:08:15.240000000,Thu,,,
Lào Cai,Trung du miền núi Bắc Bộ,2025-10-20,22.48888888888889,26.022222222222222,20.288888888888888,26.211111111111112,29.56666666666667,23.855555555555554,6.788888888888889,6.788888888888889,0.0,16.0,88.77777777777777,8.055555555555555,25.07777777777778,15.552222222222222,1015.5999999999999,59.55555555555556,20.37777777777778,0.0,2.931111111111111,22.0954,104.4233,10.015555555555556,11.553333333333335,10,43,61,13,1970-01-21 09:09:00.006666666,1970-01-21 09:09:41.580000000,Thu,,,
Lào Cai,Trung du miền núi Bắc Bộ,2025-10-21,22.08888888888889,25.299999999999997,19.533333333333335,24.711111111111112,28.0,21.788888888888888,3.3444444444444446,3.3444444444444446,0.0,9.11111111111111,79.88888888888889,10.011111111111113,27.555555555555557,16.357777777777777,1017.5,48.888888888888886,18.233333333333334,0.0,3.1166666666666667,22.0954,104.4233,10.306666666666667,11.533333333333333,10,43,51,34,1970-01-21 09:10:26.433333333,1970-01-21 09:11:07.940000000,Thu,,,
Lào Cai,Trung du miền núi Bắc Bộ,2025-10-22,21.12222222222222,24.655555555555555,18.38888888888889,22.9,26.944444444444443,20.11111111111111,0.5666666666666668,0.5666666666666668,0.0,3.2222222222222223,73.44444444444444,8.055555555555555,23.866666666666667,17.153333333333332,1018.9333333333333,54.22222222222222,15.877777777777778,0.0,3.21,22.0954,104.4233,9.795555555555556,11.512222222222222,10,43,51,45,1970-01-21 09:11:52.853333333,1970-01-21 09:12:34.300000000,Thu,,,
Lào Cai,Trung du miền núi Bắc Bộ,2025-10-23,19.711111111111112,21.98888888888889,17.633333333333333,21.166666666666668,22.98888888888889,19.155555555555555,0.7333333333333333,0.7333333333333333,0.0,2.5555555555555554,77.88888888888889,8.044444444444444,22.922222222222224,10.926666666666668,1020.1444444444444,79.44444444444444,15.600000000000001,0.0,2.0922222222222224,22.0954,104.4233,6.685555555555556,11.492222222222223,10,43,3,58,1970-01-21 09:13:19.286666666,1970-01-21 09:14:00.660000000,Thu,,,
Lào Cai,Trung du miền núi Bắc Bộ,2025-10-24,18.788888888888888,20.6,17.799999999999997,20.688888888888886,21.98888888888889,19.866666666666667,1.4666666666666668,1.4666666666666668,0.0,7.888888888888889,87.22222222222223,5.844444444444445,17.200000000000003,6.423333333333334,1019.9777777777776,97.88888888888889,16.533333333333335,0.0,1.29,22.0954,104.4233,1.5666666666666669,11.472222222222221,10,43,51,62,1970-01-21 09:14:45.706666666,1970-01-21 09:15:27.000000000,Thu,,,
Lào Cai,Trung du miền núi Bắc Bộ,2025-10-25,19.51111111111111,22.311111111111114,17.077777777777776,21.62222222222222,23.866666666666667,19.133333333333333,0.6555555555555556,0.6555555555555556,0.0,3.5555555555555554,86.0,7.333333333333333,21.533333333333335,10.841111111111111,1018.3555555555556,84.44444444444444,16.966666666666665,0.0,2.0455555555555556,22.0954,104.4233,6.34,11.453333333333333,10,43,51,5,1970-01-21 09:16:12.140000000,1970-01-21 09:16:53.366666666,Thu,,,
Lào Cai,Trung du miền núi Bắc Bộ,2025-10-26,20.822222222222223,23.655555555555555,18.755555555555556,23.200000000000003,25.688888888888886,20.98888888888889,0.7999999999999999,0.7999999999999999,0.0,3.0,82.88888888888889,8.0,22.288888888888888,12.136666666666667,1018.1111111111111,77.44444444444444,17.633333333333333,0.0,2.3133333333333335,22.0954,104.4233,8.325555555555557,11.433333333333332,10,43,3,72,1970-01-21 09:17:38.566666666,1970-01-21 09:18:19.733333333,Thu,,,
Lào Cai,Trung du miền núi Bắc Bộ,2025-10-27,20.62222222222222,24.233333333333334,18.166666666666668,22.755555555555556,25.88888888888889,20.322222222222223,0.911111111111111,0.911111111111111,0.0,2.6666666666666665,80.88888888888889,8.522222222222222,23.755555555555556,12.357777777777777,1018.4888888888888,56.0,17.055555555555557,0.0,2.3922222222222222,22.0954,104.4233,7.436666666666667,11.413333333333334,10,44,3,93,1970-01-21 09:19:04.993333333,1970-01-21 09:19:46.080000000,Thu,,,
Lào Cai,Trung du miền núi Bắc Bộ,2025-10-28,21.066666666666666,24.966666666666665,18.01111111111111,23.055555555555557,26.744444444444444,19.977777777777778,0.3888888888888889,0.3888888888888889,0.0,1.5555555555555556,77.55555555555556,8.7,23.12222222222222,15.595555555555556,1017.9888888888888,76.77777777777777,16.744444444444444,0.0,2.988888888888889,22.0954,104.4233,10.018888888888888,11.393333333333334,10,44,3,90,1970-01-21 09:20:31.426666666,1970-01-21 09:21:12.440000000,Thu,,,
Lào Cai,Trung du miền núi Bắc Bộ,2025-10-29,20.72222222222222,24.533333333333335,16.766666666666666,22.788888888888888,26.12222222222222,18.6,0.15555555555555556,0.15555555555555556,0.0,1.3333333333333333,79.55555555555556,8.933333333333334,24.322222222222223,14.36111111111111,1016.7777777777778,87.88888888888889,16.87777777777778,0.0,2.7266666666666666,22.0954,104.4233,9.853333333333333,11.373333333333333,10,44,3,84,1970-01-21 09:21:57.853333333,1970-01-21 09:22:38.813333333,Thu,,,
Lào Cai,Trung du miền núi Bắc Bộ,2025-10-30,21.822222222222223,25.344444444444445,18.344444444444445,24.577777777777776,28.12222222222222,20.455555555555556,0.3888888888888889,0.3888888888888889,0.0,2.111111111111111,82.22222222222223,7.277777777777778,19.88888888888889,12.241111111111111,1016.9333333333333,98.0,18.477777777777778,0.0,2.4066666666666667,22.0954,104.4233,7.338888888888889,11.356666666666666,10,44,51,58,1970-01-21 09:23:24.286666666,1970-01-21 09:24:05.160000000,Thu,,,
Lào Cai,Trung du miền núi Bắc Bộ,2025-10-31,21.933333333333334,24.566666666666666,20.4,25.033333333333335,26.966666666666665,23.188888888888886,1.3222222222222222,1.3222222222222222,0.0,7.444444444444445,87.77777777777777,10.244444444444445,26.766666666666666,10.492222222222223,1017.5777777777779,89.22222222222223,19.711111111111112,0.0,2.0555555555555554,22.0954,104.4233,5.916666666666667,11.338888888888889,10,44,51,114,1970-01-21 09:24:50.713333333,1970-01-21 09:25:31.533333333,Thu,,,
Lào Cai,Trung du miền núi Bắc Bộ,2025-11-01,19.9,21.700000000000003,18.711111111111112,22.155555555555555,23.811111111111114,20.822222222222223,2.6666666666666665,2.6666666666666665,0.0,11.555555555555555,89.88888888888889,8.7,22.933333333333334,6.262222222222222,1018.4333333333333,100.0,18.12222222222222,0.0,1.2911111111111113,22.0954,104.4233,1.198888888888889,11.32,11,44,53,23,1970-01-21 09:26:17.146666666,1970-01-21 09:26:57.900000000,Thu,,,
Lào Cai,Trung du miền núi Bắc Bộ,2025-11-02,18.41111111111111,19.788888888888888,17.644444444444446,20.366666666666667,21.744444444444444,19.288888888888888,2.711111111111111,2.711111111111111,0.0,12.666666666666666,92.22222222222223,7.055555555555555,19.4,4.262222222222222,1019.1666666666666,100.0,17.08888888888889,0.0,0.9155555555555556,22.0954,104.4233,0.07333333333333332,11.302222222222222,11,44,53,100,1970-01-21 09:27:43.580000000,1970-01-21 09:28:24.260000000,Thu,,,
Lào Cai,Trung du miền núi Bắc Bộ,2025-11-03,17.655555555555555,18.833333333333332,16.8,19.08888888888889,20.033333333333335,18.133333333333333,2.022222222222222,2.022222222222222,0.0,7.666666666666667,88.0,6.411111111111111,17.6,4.852222222222222,1019.4777777777776,100.0,15.544444444444444,0.0,1.0233333333333334,22.0954,104.4233,0.25222222222222224,11.283333333333333,11,45,53,74,1970-01-21 09:29:10.006666666,1970-01-21 09:29:50.640000000,Thu,,,
Lào Cai,Trung du miền núi Bắc Bộ,2025-11-04,18.266666666666666,21.311111111111114,16.6,19.844444444444445,22.555555555555557,18.133333333333333,0.3,0.3,0.0,1.8888888888888888,84.88888888888889,5.533333333333333,17.077777777777776,8.44888888888889,1018.4111111111112,80.77777777777777,15.511111111111111,0.0,1.6122222222222222,22.0954,104.4233,4.007777777777778,11.268888888888888,11,45,3,15,1970-01-21 09:30:36.440000000,1970-01-21 09:31:17.000000000,Thu,,,
Lào Cai,Trung du miền núi Bắc Bộ,2025-11-05,18.87777777777778,22.066666666666666,16.299999999999997,20.799999999999997,23.711111111111112,18.077777777777776,0.07777777777777778,0.07777777777777778,0.0,0.7777777777777778,86.22222222222223,6.111111111111111,17.6,10.433333333333334,1014.9666666666667,77.66666666666667,16.366666666666667,0.0,1.9511111111111115,22.0954,104.4233,6.482222222222223,11.248888888888889,11,45,3,45,1970-01-21 09:32:02.866666666,1970-01-21 09:32:43.373333333,Thu,,,
Lào Cai,Trung du miền núi Bắc Bộ,2025-11-06,20.355555555555554,23.944444444444443,17.566666666666666,22.688888888888886,26.022222222222226,19.577777777777776,0.011111111111111112,0.011111111111111112,0.0,0.1111111111111111,84.44444444444444,8.444444444444445,22.72222222222222,12.846666666666668,1013.4666666666667,58.111111111111114,17.533333333333335,0.0,2.4122222222222223,22.0954,104.4233,9.084444444444445,11.232222222222223,11,45,3,94,1970-01-21 09:33:29.320000000,1970-01-21 09:34:09.740000000,Thu,,,
Lào Cai,Trung du miền núi Bắc Bộ,2025-11-07,22.144444444444446,26.200000000000003,18.700000000000003,25.344444444444445,29.188888888888886,21.444444444444443,5.122222222222223,5.122222222222223,0.0,5.555555555555555,85.33333333333333,6.944444444444445,20.444444444444443,12.577777777777778,1013.3666666666666,95.55555555555556,19.366666666666664,0.0,2.441111111111111,22.0954,104.4233,8.744444444444445,11.212222222222223,11,45,61,14,1970-01-21 09:34:55.740000000,1970-01-21 09:35:36.120000000,Thu,,,
Lào Cai,Trung du miền núi Bắc Bộ,2025-11-08,21.977777777777778,24.37777777777778,21.044444444444444,26.022222222222222,28.58888888888889,24.811111111111114,21.200000000000003,21.200000000000003,0.0,22.11111111111111,95.77777777777777,7.655555555555556,26.6,6.043333333333333,1014.2444444444445,93.77777777777777,21.255555555555556,0.0,1.1844444444444444,22.0954,104.4233,2.048888888888889,11.198888888888888,11,45,63,103,1970-01-21 09:36:22.186666666,1970-01-21 09:37:02.493333333,Thu,,,
Lào Cai,Trung du miền núi Bắc Bộ,2025-11-09,22.366666666666667,25.422222222222224,20.755555555555553,26.366666666666667,29.56666666666667,24.41111111111111,16.844444444444445,16.844444444444445,0.0,21.77777777777778,95.11111111111111,8.933333333333334,24.98888888888889,10.212222222222222,1013.3333333333334,93.66666666666667,21.5,0.0,1.9255555555555557,22.0954,104.4233,6.779999999999999,11.18,11,45,63,113,1970-01-21 09:37:48.613333333,1970-01-21 09:38:28.860000000,Thu,,,
Lào Cai,Trung du miền núi Bắc Bộ,2025-11-10,21.62222222222222,23.322222222222223,20.5,25.08888888888889,26.522222222222222,23.544444444444444,11.644444444444444,11.644444444444444,0.0,19.11111111111111,94.33333333333333,9.38888888888889,25.4,7.390000000000001,1011.8888888888889,98.44444444444444,20.666666666666668,0.0,1.4255555555555555,22.0954,104.4233,2.1633333333333336,11.162222222222223,11,46,61,54,1970-01-21 09:39:15.046666666,1970-01-21 09:39:55.246666666,Thu,,,
Lào Cai,Trung du miền núi Bắc Bộ,2025-11-11,20.12222222222222,21.833333333333332,19.133333333333333,22.666666666666668,23.944444444444443,21.644444444444446,4.288888888888889,4.288888888888889,0.0,13.222222222222221,91.33333333333333,8.11111111111111,21.333333333333332,5.58,1013.1333333333334,99.66666666666667,18.566666666666666,0.0,1.1622222222222223,22.0954,104.4233,0.7477777777777779,11.148888888888889,11,46,53,112,1970-01-21 09:40:41.486666666,1970-01-21 09:41:21.606666666,Thu,,,
Lào Cai,Trung du miền núi Bắc Bộ,2025-11-12,19.355555555555554,21.88888888888889,17.811111111111114,21.344444444444445,23.366666666666667,19.48888888888889,2.2444444444444445,2.2444444444444445,0.0,9.88888888888889,86.66666666666667,7.111111111111111,18.62222222222222,7.112222222222223,1016.3888888888889,85.11111111111111,16.944444444444443,0.0,1.3977777777777778,22.0954,104.4233,3.4633333333333334,11.13,11,46,51,72,1970-01-21 09:42:07.920000000,1970-01-21 09:42:48.000000000,Thu,,,
Lào Cai,Trung du miền núi Bắc Bộ,2025-11-13,19.866666666666667,23.233333333333334,17.755555555555556,21.733333333333334,24.61111111111111,19.566666666666666,1.2444444444444445,1.2444444444444445,0.0,4.666666666666667,80.88888888888889,6.2444444444444445,18.366666666666667,11.69111111111111,1018.7777777777778,58.666666666666664,16.22222222222222,0.0,2.2011111111111115,22.0954,104.4233,7.424444444444443,11.112222222222222,11,46,51,65,1970-01-21 09:43:34.366666666,1970-01-21 09:44:14.373333333,Thu,,,
Lào Cai,Trung du miền núi Bắc Bộ,2025-11-14,18.966666666666665,22.98888888888889,15.922222222222224,20.044444444444444,23.38888888888889,17.233333333333334,0.2,0.2,0.0,0.7777777777777778,76.88888888888889,8.155555555555557,22.87777777777778,14.27111111111111,1018.5888888888888,28.0,14.433333333333334,0.0,2.6255555555555556,22.0954,104.4233,9.507777777777779,11.1,11,46,3,124,1970-01-21 09:45:00.800000000,1970-01-21 09:45:40.746666666,Thu,,,
Lào Cai,Trung du miền núi Bắc Bộ,2025-11-15,18.733333333333334,23.933333333333334,14.58888888888889,19.755555555555556,25.08888888888889,15.200000000000001,0.0,0.0,0.0,0.0,73.66666666666667,6.044444444444444,19.200000000000003,17.121111111111112,1020.4888888888888,7.0,13.588888888888889,0.0,3.026666666666667,22.0954,104.4233,10.497777777777777,11.08222222222222,11,46,1,66,1970-01-21 09:46:27.226666666,1970-01-21 09:47:07.140000000,Thu,,,
Lào Cai,Trung du miền núi Bắc Bộ,2025-11-16,19.077777777777776,24.01111111111111,14.644444444444446,20.200000000000003,25.788888888888888,14.822222222222223,0.0,0.0,0.0,0.0,74.55555555555556,6.7555555555555555,19.244444444444444,15.46888888888889,1021.3666666666666,16.88888888888889,14.211111111111112,0.0,2.798888888888889,22.0954,104.4233,10.241111111111111,11.07,11,46,2,99,1970-01-21 09:47:53.686666666,1970-01-21 09:48:33.526666666,Thu,,,
Lào Cai,Trung du miền núi Bắc Bộ,2025-11-17,19.544444444444444,23.044444444444444,17.044444444444444,21.466666666666665,24.788888888888888,18.344444444444445,5.655555555555555,5.655555555555555,0.0,8.222222222222221,83.22222222222223,6.322222222222222,19.92222222222222,11.252222222222223,1021.3333333333334,69.44444444444444,16.477777777777778,0.0,2.0633333333333335,22.0954,104.4233,7.993333333333333,11.052222222222222,11,47,61,20,1970-01-21 09:49:20.113333333,1970-01-21 09:49:59.893333333,Thu,,,
Lào Cai,Trung du miền núi Bắc Bộ,2025-11-18,16.755555555555556,18.766666666666666,13.511111111111111,18.1,21.299999999999997,13.566666666666666,36.18888888888889,36.18888888888889,0.0,23.77777777777778,95.55555555555556,12.288888888888888,33.8111111111111,2.0,1024.7333333333333,100.0,16.044444444444444,0.0,0.4811111111111111,22.0954,104.4233,0.0,11.04,11,47,63,17,1970-01-21 09:50:46.546666666,1970-01-21 09:51:26.286666666,Thu,,,
Lào Cai,Trung du miền núi Bắc Bộ,2025-11-19,12.933333333333334,14.700000000000001,11.722222222222221,12.91111111111111,14.444444444444445,11.755555555555555,6.677777777777778,6.677777777777778,0.0,15.333333333333334,90.0,6.155555555555555,18.322222222222223,5.434444444444444,1028.0888888888887,88.0,11.233333333333333,0.0,0.9766666666666666,22.0954,104.4233,0.27555555555555555,11.024444444444445,11,47,53,37,1970-01-21 09:52:12.993333333,1970-01-21 09:52:52.680000000,Thu,,,
Lào Cai,Trung du miền núi Bắc Bộ,2025-11-20,14.233333333333333,17.977777777777778,11.033333333333333,14.133333333333333,17.477777777777778,10.877777777777778,0.0,0.0,0.0,0.0,80.88888888888889,6.955555555555556,20.91111111111111,12.806666666666667,1025.9333333333334,51.0,10.677777777777777,0.0,2.0844444444444443,22.0954,104.4233,9.365555555555554,11.01,11,47,3,20,1970-01-21 09:53:39.420000000,1970-01-21 09:54:19.066666666,Thu,,,
Lào Cai,Trung du miền núi Bắc Bộ,2025-11-21,15.811111111111112,20.466666666666665,12.1,15.700000000000001,20.37777777777778,11.711111111111112,0.0,0.0,0.0,0.0,72.55555555555556,6.811111111111111,20.755555555555556,15.697777777777778,1024.9555555555555,16.88888888888889,10.555555555555555,0.0,2.618888888888889,22.0954,104.4233,10.183333333333334,10.998888888888889,11,47,1,18,1970-01-21 09:55:05.866666666,1970-01-21 09:55:45.460000000,Thu,,,
Lào Cai,Trung du miền núi Bắc Bộ,2025-11-22,15.955555555555556,21.12222222222222,12.0,15.988888888888889,21.61111111111111,11.555555555555555,0.0,0.0,0.0,0.0,71.44444444444444,6.6,19.366666666666667,17.024444444444445,1022.0333333333333,2.111111111111111,10.488888888888889,0.0,2.8477777777777775,22.0954,104.4233,10.315555555555555,10.984444444444444,11,47,0,62,1970-01-21 09:56:32.300000000,1970-01-21 09:57:11.846666666,Thu,,,
Lào Cai,Trung du miền núi Bắc Bộ,2025-11-23,16.177777777777777,21.622222222222224,11.555555555555555,16.38888888888889,22.5,10.966666666666667,0.0,0.0,0.0,0.0,73.66666666666667,5.588888888888889,17.466666666666665,16.896666666666665,1020.5888888888888,9.333333333333334,11.155555555555557,0.0,2.842222222222222,22.0954,104.4233,10.327777777777778,10.97,11,47,2,20,1970-01-21 09:57:58.733333333,1970-01-21 09:58:38.226666666,Thu,,,
Lào Cai,Trung du miền núi Bắc Bộ,2025-11-24,17.044444444444444,22.12222222222222,12.38888888888889,17.544444444444444,22.922222222222224,12.211111111111112,0.2888888888888889,0.2888888888888889,0.0,1.0,76.0,6.511111111111111,20.866666666666664,15.709999999999999,1021.5777777777779,18.11111111111111,12.511111111111111,0.0,2.6933333333333334,22.0954,104.4233,10.225555555555555,10.96,11,48,1,5,1970-01-21 09:59:25.186666666,1970-01-21 10:00:04.626666666,Thu,,,
Lào Cai,Trung du miền núi Bắc Bộ,2025-11-25,16.38888888888889,20.87777777777778,12.211111111111112,16.1,20.477777777777778,11.399999999999999,0.1,0.1,0.0,0.6666666666666666,67.44444444444444,7.111111111111111,22.233333333333334,16.537777777777777,1022.6555555555556,22.444444444444443,9.733333333333333,0.0,2.7755555555555556,22.0954,104.4233,10.16777777777778,10.948888888888888,11,48,3,43,1970-01-21 10:00:51.620000000,1970-01-21 10:01:31.026666666,Thu,,,
Lào Cai,Trung du miền núi Bắc Bộ,2025-11-26,14.933333333333334,20.422222222222224,10.511111111111111,14.422222222222224,20.577777777777776,9.233333333333333,0.0,0.0,0.0,0.0,65.55555555555556,5.355555555555556,18.677777777777777,17.15777777777778,1021.3444444444444,12.333333333333334,8.255555555555555,0.0,2.7844444444444445,22.0954,104.4233,10.29,10.937777777777777,11,48,2,15,1970-01-21 10:02:18.053333333,1970-01-21 10:02:57.426666666,Thu,,,
Lào Cai,Trung du miền núi Bắc Bộ,2025-11-27,15.555555555555555,21.266666666666666,11.266666666666667,14.455555555555556,20.38888888888889,10.044444444444444,0.0,0.0,0.0,0.0,59.666666666666664,8.911111111111111,25.58888888888889,17.156666666666666,1025.0666666666666,42.0,7.155555555555556,0.0,2.9433333333333334,22.0954,104.4233,10.25,10.924444444444443,11,48,3,57,1970-01-21 10:03:44.506666666,1970-01-21 10:04:23.826666666,Thu,,,
Lào Cai,Trung du miền núi Bắc Bộ,2025-11-28,14.544444444444444,20.977777777777778,9.555555555555555,13.366666666666667,20.255555555555556,7.633333333333334,0.0,0.0,0.0,0.0,58.44444444444444,6.333333333333333,19.933333333333334,17.495555555555555,1019.9666666666667,5.888888888888889,5.955555555555556,0.0,2.8744444444444444,22.0954,104.4233,10.29888888888889,10.912222222222223,11,48,1,282,1970-01-21 10:05:10.940000000,1970-01-21 10:05:50.226666666,Thu,,,
Lào Cai,Trung du miền núi Bắc Bộ,2025-11-29,14.133333333333333,20.455555555555556,8.788888888888888,13.255555555555555,20.266666666666666,7.222222222222222,0.0,0.0,0.0,0.0,64.33333333333333,6.022222222222222,18.03333333333333,17.255555555555556,1015.9777777777776,0.2222222222222222,7.1,0.0,2.8155555555555556,22.0954,104.4233,10.28,10.902222222222223,11,48,0,58,1970-01-21 10:06:37.373333333,1970-01-21 10:07:16.626666666,Thu,,,
Lào Cai,Trung du miền núi Bắc Bộ,2025-11-30,14.755555555555556,21.4,8.955555555555556,14.577777777777776,22.08888888888889,7.677777777777777,0.0,0.0,0.0,0.0,72.11111111111111,5.800000000000001,18.355555555555554,17.00888888888889,1014.6666666666666,0.0,9.466666666666667,0.0,2.788888888888889,22.0954,104.4233,10.219999999999999,10.892222222222223,11,48,0,65,1970-01-21 10:08:03.826666666,1970-01-21 10:08:43.026666666,Thu,,,
Lào Cai,Trung du miền núi Bắc Bộ,2025-12-01,16.233333333333334,21.844444444444445,11.877777777777778,16.644444444444446,23.11111111111111,11.477777777777778,0.0,0.0,0.0,0.0,75.88888888888889,5.877777777777777,19.11111111111111,15.975555555555555,1015.2222222222222,24.77777777777778,11.766666666666667,0.0,2.691111111111111,22.0954,104.4233,9.952222222222222,10.882222222222222,12,49,3,29,1970-01-21 10:09:30.260000000,1970-01-21 10:10:09.426666666,Đông,,,
Lào Cai,Trung du miền núi Bắc Bộ,2025-12-02,17.48888888888889,22.333333333333332,13.966666666666667,18.655555555555555,23.87777777777778,14.322222222222223,0.4666666666666667,0.4666666666666667,0.0,3.111111111111111,81.88888888888889,6.588888888888889,20.266666666666666,11.996666666666666,1014.5777777777779,49.44444444444444,14.222222222222221,0.0,2.1122222222222224,22.0954,104.4233,8.328888888888889,10.872222222222222,12,49,51,12,1970-01-21 10:10:56.693333333,1970-01-21 10:11:35.840000000,Đông,,,
Lào Cai,Trung du miền núi Bắc Bộ,2025-12-03,17.6,20.177777777777777,15.47777777777778,19.11111111111111,21.977777777777778,16.577777777777776,2.511111111111111,2.511111111111111,0.0,9.0,90.11111111111111,7.822222222222223,22.177777777777777,7.243333333333333,1019.8555555555556,80.77777777777777,15.855555555555554,0.0,1.328888888888889,22.0954,104.4233,4.454444444444444,10.862222222222222,12,49,51,75,1970-01-21 10:12:23.146666666,1970-01-21 10:13:02.260000000,Đông,,,
Lào Cai,Trung du miền núi Bắc Bộ,2025-12-04,17.133333333333333,19.188888888888886,15.344444444444443,18.255555555555556,19.87777777777778,16.48888888888889,1.2111111111111112,1.2111111111111112,0.0,3.6666666666666665,87.66666666666667,8.488888888888889,22.88888888888889,7.513333333333334,1020.0333333333333,88.22222222222223,14.97777777777778,0.0,1.39,22.0954,104.4233,3.988888888888889,10.857777777777777,12,49,51,40,1970-01-21 10:13:49.580000000,1970-01-21 10:14:28.666666666,Đông,,,
Lào Cai,Trung du miền núi Bắc Bộ,2025-12-05,17.022222222222222,18.833333333333332,16.022222222222222,18.311111111111114,19.62222222222222,17.41111111111111,1.788888888888889,1.788888888888889,0.0,11.555555555555555,90.22222222222223,8.411111111111111,22.555555555555557,5.036666666666666,1021.5,99.22222222222223,15.366666666666667,0.0,1.008888888888889,22.0954,104.4233,0.6966666666666667,10.848888888888888,12,49,51,30,1970-01-21 10:15:16.013333333,1970-01-21 10:15:55.066666666,Đông,,,
Lào Cai,Trung du miền núi Bắc Bộ,2025-12-06,16.644444444444446,18.477777777777774,15.177777777777775,17.744444444444444,19.444444444444443,16.155555555555555,0.3777777777777777,0.3777777777777777,0.0,2.888888888888889,89.77777777777777,7.588888888888889,21.344444444444445,5.904444444444445,1019.3,90.22222222222224,14.91111111111111,0.0,1.0955555555555554,22.0954,104.4233,2.2355555555555555,10.84,12,49,3,40,1970-01-21 10:16:42.466666666,1970-01-21 10:17:21.480000000,Đông,,,
Lào Cai,Trung du miền núi Bắc Bộ,2025-12-07,17.211111111111112,20.255555555555556,15.2,18.844444444444445,21.85555555555555,16.422222222222224,2.966666666666667,2.966666666666667,0.0,11.333333333333334,91.33333333333331,6.088888888888889,18.788888888888888,6.79111111111111,1019.4333333333332,72.66666666666667,15.72222222222222,0.0,1.2255555555555555,22.0954,104.4233,4.762222222222222,10.83222222222222,12,49,51,61,1970-01-21 10:18:08.900000000,1970-01-21 10:18:47.886666666,Đông,,,
Lào Cai,Trung du miền núi Bắc Bộ,2025-12-08,16.98888888888889,20.85555555555555,14.4,18.033333333333335,21.37777777777778,15.255555555555556,3.3555555555555556,3.3555555555555556,0.0,8.777777777777779,85.77777777777777,7.944444444444445,21.85555555555555,9.535555555555554,1021.2,66.55555555555556,14.422222222222224,0.0,1.7233333333333334,22.0954,104.4233,6.7555555555555555,10.824444444444444,12,50,53,81,1970-01-21 10:19:35.333333333,1970-01-21 10:20:14.313333333,Đông,,,
Lào Cai,Trung du miền núi Bắc Bộ,2025-12-09,16.955555555555556,21.14444444444445,13.011111111111113,17.711111111111112,21.38888888888889,13.4,0.4888888888888889,0.4888888888888889,0.0,3.7777777777777777,81.11111111111111,8.444444444444445,23.066666666666663,11.825555555555557,1019.5,60.44444444444444,13.511111111111113,0.0,2.0833333333333335,22.0954,104.4233,9.39,10.818888888888887,12,50,51,9,1970-01-21 10:21:01.786666666,1970-01-21 10:21:40.726666666,Đông,,,
Lào Cai,Trung du miền núi Bắc Bộ,2025-12-10,16.822222222222223,21.133333333333333,13.088888888888889,17.822222222222223,22.0,13.588888888888889,0.4555555555555555,0.4555555555555555,0.0,3.2222222222222223,83.11111111111111,7.044444444444444,19.655555555555555,12.023333333333332,1018.6222222222224,46.0,13.77777777777778,0.0,2.0733333333333333,22.0954,104.4233,9.125555555555556,10.812222222222225,12,50,51,59,1970-01-21 10:22:28.206666666,1970-01-21 10:23:07.140000000,Đông,,,
Lào Cai,Trung du miền núi Bắc Bộ,2025-12-11,16.700000000000003,19.866666666666667,13.577777777777778,17.799999999999997,21.033333333333335,14.066666666666666,1.2222222222222223,1.2222222222222223,0.0,3.3333333333333335,85.66666666666667,5.733333333333333,16.922222222222224,7.108888888888889,1018.7666666666668,75.66666666666667,14.2,0.0,1.3322222222222222,22.0954,104.4233,3.4966666666666666,10.80888888888889,12,50,51,42,1970-01-21 10:23:54.646666666,1970-01-21 10:24:33.546666666,Đông,,,
Lào Cai,Trung du miền núi Bắc Bộ,2025-12-12,16.87777777777778,19.755555555555553,14.877777777777778,18.433333333333337,21.311111111111114,16.055555555555557,0.7333333333333333,0.7333333333333333,0.0,3.888888888888889,91.55555555555556,6.833333333333333,20.35555555555555,7.291111111111111,1016.2333333333332,73.55555555555556,15.455555555555556,0.0,1.301111111111111,22.0954,104.4233,3.7477777777777774,10.802222222222222,12,50,51,51,1970-01-21 10:25:21.086666666,1970-01-21 10:25:59.980000000,Đông,,,
Lào Cai,Trung du miền núi Bắc Bộ,2025-12-13,18.344444444444445,22.666666666666668,15.3,19.48888888888889,23.61111111111111,16.22222222222222,1.5444444444444445,1.5444444444444445,0.0,6.111111111111111,83.88888888888889,9.622222222222222,27.166666666666668,11.14111111111111,1020.0666666666668,78.66666666666667,15.355555555555554,0.0,2.056666666666666,22.0954,104.4233,8.236666666666666,10.79888888888889,12,50,51,71,1970-01-21 10:26:47.513333333,1970-01-21 10:27:26.386666666,Đông,,,
Lào Cai,Trung du miền núi Bắc Bộ,2025-12-14,16.11111111111111,19.466666666666665,13.466666666666669,16.0,19.022222222222226,13.31111111111111,0.1666666666666666,0.1666666666666666,0.0,1.3333333333333333,76.88888888888889,8.11111111111111,23.544444444444444,13.073333333333332,1022.2777777777778,48.55555555555556,11.788888888888888,0.0,2.2577777777777777,22.0954,104.4233,9.497777777777776,10.792222222222222,12,50,3,20,1970-01-21 10:28:13.953333333,1970-01-21 10:28:52.806666666,Đông,,,
Lào Cai,Trung du miền núi Bắc Bộ,2025-12-15,15.122222222222222,19.977777777777774,11.5,15.033333333333337,19.844444444444445,11.333333333333334,0.0,0.0,0.0,0.0,77.77777777777777,8.622222222222222,24.51111111111111,14.014444444444443,1019.5,21.666666666666668,11.055555555555555,0.0,2.307777777777778,22.0954,104.4233,9.93888888888889,10.79,12,51,3,63,1970-01-21 10:29:40.380000000,1970-01-21 10:30:19.240000000,Đông,,,
Lào Cai,Trung du miền núi Bắc Bộ,2025-12-16,15.744444444444444,18.577777777777776,13.133333333333333,16.38888888888889,18.744444444444444,13.355555555555556,0.1888888888888888,0.1888888888888888,0.0,1.5555555555555556,84.55555555555556,7.166666666666667,20.922222222222224,7.156666666666666,1019.0222222222224,79.66666666666667,13.077777777777778,0.0,1.3133333333333337,22.0954,104.4233,3.3833333333333333,10.788888888888888,12,51,3,44,1970-01-21 10:31:06.826666666,1970-01-21 10:31:45.653333333,Đông,,,
Lào Cai,Trung du miền núi Bắc Bộ,2025-12-17,17.188888888888886,20.88888888888889,15.11111111111111,18.266666666666666,21.677777777777777,16.044444444444444,5.222222222222222,5.222222222222222,0.0,11.444444444444445,85.77777777777777,6.966666666666666,20.155555555555555,11.984444444444444,1021.5111111111112,74.22222222222223,14.57777777777778,0.0,2.098888888888889,22.0954,104.4233,8.685555555555556,10.788888888888888,12,51,53,5,1970-01-21 10:32:33.246666666,1970-01-21 10:33:12.080000000,Đông,,,
Lào Cai,Trung du miền núi Bắc Bộ,2025-12-18,16.922222222222224,20.6,14.255555555555556,18.12222222222222,21.4,15.322222222222225,1.6111111111111112,1.6111111111111112,0.0,8.222222222222221,86.44444444444444,6.5,20.08888888888889,11.89111111111111,1019.6,56.111111111111114,14.466666666666663,0.0,2.0344444444444445,22.0954,104.4233,9.193333333333332,10.782222222222222,12,51,51,31,1970-01-21 10:33:59.686666666,1970-01-21 10:34:38.506666666,Đông,,,
Lào Cai,Trung du miền núi Bắc Bộ,2025-12-19,16.944444444444443,22.133333333333333,12.78888888888889,17.933333333333334,23.077777777777776,13.366666666666667,0.0222222222222222,0.0222222222222222,0.0,0.2222222222222222,83.77777777777777,8.911111111111111,24.755555555555556,13.054444444444444,1015.1777777777778,48.666666666666664,13.944444444444445,0.0,2.2744444444444443,22.0954,104.4233,9.411111111111111,10.782222222222222,12,51,3,83,1970-01-21 10:35:26.120000000,1970-01-21 10:36:04.926666666,Đông,,,
Lào Cai,Trung du miền núi Bắc Bộ,2025-12-20,17.144444444444446,21.233333333333334,14.122222222222222,18.444444444444443,22.366666666666667,15.08888888888889,1.5555555555555556,1.5555555555555556,0.0,5.444444444444445,87.22222222222223,6.3,18.0,8.946666666666665,1016.3,64.88888888888889,14.855555555555558,0.0,1.6011111111111112,22.0954,104.4233,6.785555555555556,10.782222222222222,12,51,53,78,1970-01-21 10:36:52.546666666,1970-01-21 10:37:31.366666666,Đông,,,
Lào Cai,Trung du miền núi Bắc Bộ,2025-12-21,17.41111111111111,21.544444444444444,14.52222222222222,18.755555555555556,22.755555555555556,15.38888888888889,1.7666666666666666,1.7666666666666666,0.0,8.333333333333334,86.11111111111111,6.888888888888889,20.88888888888889,12.386666666666668,1018.8777777777776,52.111111111111114,14.922222222222224,0.0,2.141111111111111,22.0954,104.4233,9.683333333333334,10.782222222222222,12,51,51,38,1970-01-21 10:38:18.980000000,1970-01-21 10:38:57.786666666,Đông,,,
Lào Cai,Trung du miền núi Bắc Bộ,2025-12-22,17.4,21.466666666666665,14.566666666666666,18.72222222222222,22.444444444444443,15.566666666666666,1.3444444444444443,1.3444444444444443,0.0,7.777777777777778,87.77777777777777,9.333333333333334,26.5,10.574444444444444,1015.5222222222224,63.111111111111114,15.211111111111112,0.0,1.828888888888889,22.0954,104.4233,7.795555555555556,10.782222222222222,12,52,51,67,1970-01-21 10:39:45.406666666,1970-01-21 10:40:24.226666666,Đông,,,
Lào Cai,Trung du miền núi Bắc Bộ,2025-12-23,18.433333333333337,22.48888888888889,15.511111111111113,20.366666666666667,24.322222222222223,16.91111111111111,2.5,2.5,0.0,10.444444444444445,88.77777777777777,7.522222222222222,24.044444444444444,10.767777777777775,1014.1333333333334,72.66666666666667,16.4,0.0,1.931111111111111,22.0954,104.4233,8.31111111111111,10.782222222222222,12,52,51,52,1970-01-21 10:41:11.840000000,1970-01-21 10:41:50.646666666,Đông,,,
Lào Cai,Trung du miền núi Bắc Bộ,2025-12-24,18.64444444444445,22.299999999999997,16.044444444444444,20.677777777777777,24.14444444444445,17.533333333333335,5.766666666666667,5.766666666666667,0.0,17.22222222222222,90.55555555555556,8.68888888888889,24.87777777777778,9.585555555555556,1013.8,91.22222222222224,16.977777777777778,0.0,1.7066666666666666,22.0954,104.4233,7.17,10.782222222222222,12,52,61,60,1970-01-21 10:42:38.266666666,1970-01-21 10:43:17.086666666,Đông,,,
Lào Cai,Trung du miền núi Bắc Bộ,2025-12-25,15.066666666666666,17.37777777777778,13.444444444444445,15.066666666666666,18.655555555555555,13.211111111111112,6.166666666666667,6.166666666666667,0.0,10.555555555555555,83.44444444444444,10.477777777777778,26.799999999999997,5.153333333333333,1020.9111111111112,96.33333333333331,12.077777777777778,0.0,1.0155555555555555,22.0954,104.4233,1.5155555555555555,10.782222222222222,12,52,61,39,1970-01-21 10:44:04.700000000,1970-01-21 10:44:43.520000000,Đông,,,
Lào Cai,Trung du miền núi Bắc Bộ,2025-12-26,13.766666666666667,16.455555555555556,11.68888888888889,12.677777777777775,15.57777777777778,10.422222222222222,0.3333333333333333,0.3333333333333333,0.0,1.8888888888888888,71.11111111111111,7.9,22.266666666666666,10.2,1020.4555555555556,75.77777777777777,8.322222222222223,0.0,1.8555555555555552,22.0954,104.4233,6.751111111111111,10.788888888888888,12,52,3,121,1970-01-21 10:45:31.126666666,1970-01-21 10:46:09.953333333,Đông,,,
Lào Cai,Trung du miền núi Bắc Bộ,2025-12-27,13.088888888888889,15.433333333333334,11.1,12.4,14.422222222222224,10.544444444444444,0.3888888888888889,0.3888888888888889,0.0,2.2222222222222223,78.22222222222223,7.655555555555556,21.833333333333332,7.711111111111112,1020.2444444444444,88.66666666666667,9.233333333333333,0.0,1.3755555555555556,22.0954,104.4233,4.156666666666666,10.788888888888888,12,52,3,64,1970-01-21 10:46:57.546666666,1970-01-21 10:47:36.400000000,Đông,,,
Lào Cai,Trung du miền núi Bắc Bộ,2025-12-28,13.68888888888889,16.522222222222222,11.68888888888889,13.488888888888887,16.155555555555555,11.377777777777778,0.7222222222222222,0.7222222222222222,0.0,3.2222222222222223,81.33333333333333,5.711111111111111,17.27777777777778,7.018888888888889,1019.2111111111112,78.44444444444444,10.4,0.0,1.2544444444444445,22.0954,104.4233,4.0744444444444445,10.792222222222222,12,52,3,46,1970-01-21 10:48:23.986666666,1970-01-21 10:49:02.826666666,Đông,,,
Lào Cai,Trung du miền núi Bắc Bộ,2025-12-29,15.166666666666666,19.08888888888889,12.11111111111111,15.38888888888889,18.966666666666665,12.166666666666666,0.1666666666666666,0.1666666666666666,0.0,1.2222222222222223,83.11111111111111,9.022222222222222,24.866666666666667,9.89,1016.0666666666668,74.66666666666667,12.177777777777775,0.0,1.7000000000000002,22.0954,104.4233,7.311111111111111,10.797777777777778,12,1,3,65,1970-01-21 10:49:50.393333333,1970-01-21 10:50:29.266666666,Đông,,,
Lào Cai,Trung du miền núi Bắc Bộ,2025-12-30,16.266666666666666,19.288888888888888,14.52222222222222,17.37777777777778,19.9,15.6,1.6222222222222222,1.6222222222222222,0.0,7.777777777777778,89.11111111111111,8.177777777777777,22.955555555555556,6.502222222222223,1014.9333333333332,90.55555555555556,14.366666666666667,0.0,1.2122222222222223,22.0954,104.4233,2.876666666666667,10.8,12,1,51,47,1970-01-21 10:51:16.820000000,1970-01-21 10:51:55.686666666,Đông,,,
Lào Cai,Trung du miền núi Bắc Bộ,2025-12-31,17.366666666666667,21.35555555555555,14.677777777777775,18.64444444444445,21.966666666666665,15.744444444444444,1.4222222222222225,1.4222222222222225,0.0,6.888888888888889,87.44444444444444,10.033333333333331,28.533333333333335,10.011111111111113,1011.7111111111112,73.33333333333333,15.08888888888889,0.0,1.7755555555555556,22.0954,104.4233,7.46,10.802222222222222,12,1,51,147,1970-01-21 10:52:43.246666666,1970-01-21 10:53:22.126666666,Đông,,,
Lào Cai,Trung du miền núi Bắc Bộ,2026-01-01,16.855555555555554,19.51111111111111,14.88888888888889,18.14444444444445,20.444444444444443,15.622222222222222,9.988888888888887,9.988888888888887,0.0,18.11111111111111,92.22222222222224,9.422222222222222,24.466666666666665,6.89,1016.1333333333334,88.77777777777777,15.5,0.0,1.241111111111111,22.0954,104.4233,4.665555555555556,10.80888888888889,1,1,61,118,1970-01-21 10:54:09.653333333,1970-01-21 10:54:48.580000000,Đông,,,
Lào Cai,Trung du miền núi Bắc Bộ,2026-01-02,13.788888888888888,15.3,12.266666666666667,13.377777777777776,15.41111111111111,11.677777777777775,1.6555555555555557,1.6555555555555557,0.0,10.666666666666666,88.44444444444444,10.866666666666667,27.88888888888889,4.745555555555556,1022.1777777777778,99.77777777777776,11.833333333333334,0.0,0.9611111111111112,22.0954,104.4233,0.4788888888888888,10.812222222222225,1,1,51,42,1970-01-21 10:55:36.066666666,1970-01-21 10:56:15.006666666,Đông,,,
Lào Cai,Trung du miền núi Bắc Bộ,2026-01-03,12.077777777777778,13.366666666666667,11.033333333333331,11.433333333333334,12.666666666666666,10.322222222222225,1.9,1.9,0.0,12.0,89.66666666666667,8.11111111111111,21.566666666666663,4.154444444444445,1022.5222222222224,99.44444444444444,10.366666666666667,0.0,0.7899999999999999,22.0954,104.4233,0.3844444444444444,10.82,1,1,51,43,1970-01-21 10:57:02.493333333,1970-01-21 10:57:41.446666666,Đông,,,
Lào Cai,Trung du miền núi Bắc Bộ,2026-01-04,13.4,15.822222222222225,11.377777777777778,13.533333333333331,15.744444444444444,11.22222222222222,1.1555555555555557,1.1555555555555557,0.0,8.777777777777779,89.77777777777777,6.811111111111112,19.244444444444444,5.776666666666667,1020.4888888888888,97.0,11.711111111111112,0.0,1.02,22.0954,104.4233,1.2822222222222222,10.827777777777778,1,1,51,34,1970-01-21 10:58:28.906666666,1970-01-21 10:59:07.873333333,Đông,,,
Lào Cai,Trung du miền núi Bắc Bộ,2026-01-05,13.422222222222222,14.555555555555555,11.5,13.377777777777778,15.011111111111113,10.933333333333334,5.111111111111111,5.111111111111111,0.0,15.77777777777778,92.22222222222224,9.211111111111112,23.22222222222222,3.768888888888889,1022.0333333333332,100.0,12.133333333333333,0.0,0.7444444444444445,22.0954,104.4233,0.6622222222222223,10.83222222222222,1,2,53,118,1970-01-21 10:59:55.313333333,1970-01-21 11:00:34.320000000,Đông,,,
Lào Cai,Trung du miền núi Bắc Bộ,2026-01-06,10.955555555555556,12.022222222222222,9.81111111111111,10.244444444444444,11.133333333333333,9.177777777777775,4.444444444444445,4.444444444444445,0.0,15.0,91.33333333333331,8.399999999999999,21.633333333333333,3.3877777777777776,1026.788888888889,97.44444444444444,9.544444444444444,0.0,0.6577777777777778,22.0954,104.4233,0.0,10.84,1,2,53,103,1970-01-21 11:01:21.726666666,1970-01-21 11:02:00.766666666,Đông,,,
Lào Cai,Trung du miền núi Bắc Bộ,2026-01-07,11.5,15.166666666666666,8.077777777777778,10.61111111111111,13.766666666666667,7.300000000000001,0.0777777777777777,0.0777777777777777,0.0,0.7777777777777778,81.0,7.222222222222222,21.266666666666666,10.03111111111111,1026.6999999999998,64.77777777777777,8.022222222222222,0.0,1.5977777777777775,22.0954,104.4233,7.656666666666666,10.848888888888888,1,2,3,35,1970-01-21 11:02:48.146666666,1970-01-21 11:03:27.186666666,Đông,,,
Lào Cai,Trung du miền núi Bắc Bộ,2026-01-08,12.155555555555557,16.51111111111111,8.5,11.133333333333333,15.088888888888889,7.5,0.1,0.1,0.0,0.6666666666666666,75.33333333333333,6.7555555555555555,20.677777777777777,11.571111111111112,1026.4555555555555,58.77777777777778,7.533333333333333,0.0,1.9088888888888889,22.0954,104.4233,7.815555555555556,10.858888888888888,1,2,3,61,1970-01-21 11:04:14.566666666,1970-01-21 11:04:53.640000000,Đông,,,
Lào Cai,Trung du miền núi Bắc Bộ,2026-01-09,12.322222222222225,17.788888888888888,7.199999999999999,11.288888888888888,16.644444444444446,5.911111111111111,0.0,0.0,0.0,0.0,74.33333333333333,8.444444444444445,23.666666666666668,14.816666666666666,1022.6444444444444,53.55555555555556,7.522222222222222,0.0,2.352222222222222,22.0954,104.4233,10.118888888888888,10.867777777777778,1,2,3,74,1970-01-21 11:05:40.966666666,1970-01-21 11:06:20.086666666,Đông,,,
Lào Cai,Trung du miền núi Bắc Bộ,2026-01-10,12.877777777777778,17.88888888888889,8.366666666666667,12.11111111111111,16.922222222222224,7.344444444444444,0.0,0.0,0.0,0.0,76.11111111111111,9.044444444444444,24.333333333333332,13.78888888888889,1020.9333333333332,52.22222222222222,8.5,0.0,2.2055555555555557,22.0954,104.4233,9.901111111111112,10.874444444444444,1,2,3,23,1970-01-21 11:07:07.366666666,1970-01-21 11:07:46.513333333,Đông,,,
Lào Cai,Trung du miền núi Bắc Bộ,2026-01-11,14.311111111111112,19.477777777777774,9.822222222222225,13.455555555555556,18.200000000000003,9.1,0.0333333333333333,0.0333333333333333,0.0,0.3333333333333333,70.88888888888889,10.244444444444444,27.433333333333337,13.734444444444444,1023.1111111111112,46.77777777777778,8.588888888888889,0.0,2.4044444444444446,22.0954,104.4233,9.37,10.884444444444446,1,2,3,14,1970-01-21 11:08:33.773333333,1970-01-21 11:09:12.966666666,Đông,,,
Lào Cai,Trung du miền núi Bắc Bộ,2026-01-12,13.77777777777778,19.633333333333333,9.18888888888889,13.288888888888888,19.422222222222224,8.344444444444443,0.0,0.0,0.0,0.0,76.11111111111111,10.244444444444444,28.322222222222223,15.452222222222222,1020.7222222222222,34.55555555555556,9.433333333333334,0.0,2.497777777777778,22.0954,104.4233,10.158888888888889,10.894444444444446,1,3,3,129,1970-01-21 11:10:00.173333333,1970-01-21 11:10:39.406666666,Đông,,,
Lào Cai,Trung du miền núi Bắc Bộ,2026-01-13,15.1,21.266666666666666,9.922222222222222,15.133333333333333,21.62222222222222,9.433333333333334,0.0333333333333333,0.0333333333333333,0.0,0.3333333333333333,77.88888888888889,6.177777777777778,19.08888888888889,15.616666666666667,1019.5555555555557,21.11111111111111,10.933333333333334,0.0,2.623333333333333,22.0954,104.4233,10.197777777777778,10.904444444444444,1,3,3,28,1970-01-21 11:11:26.586666666,1970-01-21 11:12:05.853333333,Đông,,,
Lào Cai,Trung du miền núi Bắc Bộ,2026-01-14,15.255555555555556,20.1,10.866666666666667,15.41111111111111,20.055555555555557,10.6,0.0,0.0,0.0,0.0,80.66666666666667,9.5,25.466666666666665,12.848888888888888,1016.1555555555556,34.55555555555556,11.77777777777778,0.0,2.158888888888889,22.0954,104.4233,10.068888888888887,10.91777777777778,1,3,3,56,1970-01-21 11:12:52.986666666,1970-01-21 11:13:32.286666666,Đông,,,
Lào Cai,Trung du miền núi Bắc Bộ,2026-01-15,15.7,17.08888888888889,14.533333333333337,16.866666666666667,18.14444444444445,15.38888888888889,4.255555555555556,4.255555555555556,0.0,14.666666666666666,93.22222222222224,6.455555555555555,18.799999999999997,4.36,1016.5111111111112,99.22222222222224,14.533333333333337,0.0,0.8266666666666667,22.0954,104.4233,0.7388888888888889,10.928888888888888,1,3,53,34,1970-01-21 11:14:19.393333333,1970-01-21 11:14:58.733333333,Đông,,,
Lào Cai,Trung du miền núi Bắc Bộ,2026-01-16,17.155555555555555,21.51111111111111,14.58888888888889,18.477777777777774,22.366666666666667,15.688888888888888,1.511111111111111,1.511111111111111,0.0,7.777777777777778,89.11111111111111,8.5,25.87777777777778,10.717777777777776,1012.9444444444443,76.77777777777777,15.2,0.0,1.887777777777778,22.0954,104.4233,7.65888888888889,10.94,1,3,51,72,1970-01-21 11:15:45.793333333,1970-01-21 11:16:25.186666666,Đông,,,
Lào Cai,Trung du miền núi Bắc Bộ,2026-01-17,17.966666666666665,22.61111111111111,15.322222222222225,19.533333333333335,23.799999999999997,16.62222222222222,1.488888888888889,1.488888888888889,0.0,8.11111111111111,86.22222222222223,7.133333333333334,21.14444444444445,11.575555555555557,1012.3444444444444,63.888888888888886,15.444444444444445,0.0,2.0777777777777775,22.0954,104.4233,7.7155555555555555,10.95,1,3,51,58,1970-01-21 11:17:12.193333333,1970-01-21 11:17:51.606666666,Đông,,,
Lào Cai,Trung du miền núi Bắc Bộ,2026-01-18,18.07777777777778,23.033333333333335,15.066666666666666,19.38888888888889,24.1,16.211111111111112,1.1111111111111112,1.1111111111111112,0.0,6.555555555555555,84.11111111111111,9.044444444444444,25.11111111111111,12.476666666666668,1011.3888888888888,53.888888888888886,15.1,0.0,2.23,22.0954,104.4233,8.572222222222223,10.962222222222222,1,3,51,79,1970-01-21 11:18:38.586666666,1970-01-21 11:19:18.060000000,Đông,,,
Lào Cai,Trung du miền núi Bắc Bộ,2026-01-19,17.9,22.322222222222223,15.077777777777776,19.200000000000003,22.922222222222224,16.055555555555557,1.4555555555555555,1.4555555555555555,0.0,7.555555555555555,85.55555555555556,10.544444444444444,29.0,10.53,1011.811111111111,67.0,15.27777777777778,0.0,1.9144444444444444,22.0954,104.4233,7.757777777777777,10.97777777777778,1,4,51,63,1970-01-21 11:20:04.986666666,1970-01-21 11:20:44.506666666,Đông,,,
Lào Cai,Trung du miền núi Bắc Bộ,2026-01-20,18.711111111111112,23.11111111111111,15.666666666666666,20.177777777777777,23.733333333333334,16.91111111111111,2.477777777777778,2.477777777777778,0.0,8.0,84.66666666666667,10.411111111111111,29.0,10.907777777777778,1014.1111111111112,71.22222222222223,15.833333333333334,0.0,2.066666666666667,22.0954,104.4233,8.03111111111111,10.99,1,4,51,70,1970-01-21 11:21:31.373333333,1970-01-21 11:22:10.933333333,Đông,,,
Lào Cai,Trung du miền núi Bắc Bộ,2026-01-21,15.3,18.266666666666666,12.011111111111113,15.288888888888888,20.0,11.288888888888888,6.033333333333333,6.033333333333333,0.0,13.333333333333334,88.33333333333333,13.466666666666669,34.8,6.032222222222222,1018.577777777778,93.66666666666669,13.322222222222225,0.0,1.1466666666666667,22.0954,104.4233,1.9288888888888889,11.0,1,4,53,114,1970-01-21 11:22:57.773333333,1970-01-21 11:23:37.380000000,Đông,,,
Lào Cai,Trung du miền núi Bắc Bộ,2026-01-22,10.7,11.877777777777778,9.511111111111113,9.4,11.211111111111112,8.166666666666666,3.0777777777777775,3.0777777777777775,0.0,12.0,86.33333333333333,9.133333333333333,23.955555555555556,3.861111111111111,1023.9555555555556,99.33333333333331,8.411111111111111,0.0,0.758888888888889,22.0954,104.4233,0.0088888888888888,11.014444444444443,1,4,51,119,1970-01-21 11:24:24.166666666,1970-01-21 11:25:03.826666666,Đông,,,
Lào Cai,Trung du miền núi Bắc Bộ,2026-01-23,10.166666666666666,13.322222222222225,8.31111111111111,8.88888888888889,11.944444444444445,6.888888888888889,0.6888888888888889,0.6888888888888889,0.0,4.0,82.77777777777777,7.422222222222222,21.477777777777774,7.541111111111111,1024.211111111111,86.66666666666667,7.2333333333333325,0.0,1.2255555555555555,22.0954,104.4233,3.698888888888889,11.03,1,4,51,34,1970-01-21 11:25:50.566666666,1970-01-21 11:26:30.253333333,Đông,,,
Lào Cai,Trung du miền núi Bắc Bộ,2026-01-24,10.877777777777778,13.488888888888887,9.055555555555555,9.944444444444445,12.477777777777778,8.011111111111111,0.3222222222222222,0.3222222222222222,0.0,2.6666666666666665,86.44444444444444,7.411111111111111,22.43333333333333,6.957777777777777,1022.1111111111112,92.55555555555556,8.61111111111111,0.0,1.1455555555555557,22.0954,104.4233,1.5677777777777775,11.042222222222222,1,4,51,45,1970-01-21 11:27:16.953333333,1970-01-21 11:27:56.700000000,Đông,,,
Lào Cai,Trung du miền núi Bắc Bộ,2026-01-25,12.9,17.266666666666666,9.77777777777778,12.566666666666666,16.866666666666667,9.144444444444444,0.0,0.0,0.0,0.0,87.11111111111111,9.0,25.866666666666667,10.377777777777776,1018.0111111111112,81.44444444444444,10.666666666666666,0.0,1.663333333333333,22.0954,104.4233,6.026666666666667,11.05888888888889,1,4,3,76,1970-01-21 11:28:43.333333333,1970-01-21 11:29:23.146666666,Đông,,,
Lào Cai,Trung du miền núi Bắc Bộ,2026-01-26,15.011111111111113,18.633333333333333,12.444444444444445,15.577777777777776,19.311111111111114,12.555555555555555,0.4444444444444444,0.4444444444444444,0.0,3.7777777777777777,88.44444444444444,6.411111111111111,17.311111111111114,6.9255555555555555,1019.8777777777776,85.33333333333333,13.0,0.0,1.252222222222222,22.0954,104.4233,2.76,11.072222222222225,1,5,51,112,1970-01-21 11:30:09.713333333,1970-01-21 11:30:49.573333333,Đông,,,
Lào Cai,Trung du miền núi Bắc Bộ,2026-01-27,16.6,19.922222222222224,14.18888888888889,17.822222222222223,20.655555555555555,15.288888888888888,2.1666666666666665,2.1666666666666665,0.0,10.444444444444445,89.44444444444444,7.977777777777778,21.555555555555557,7.967777777777779,1020.1666666666666,86.33333333333333,14.766666666666667,0.0,1.4366666666666663,22.0954,104.4233,4.954444444444444,11.09,1,5,53,106,1970-01-21 11:31:36.106666666,1970-01-21 11:32:16.020000000,Đông,,,
Lào Cai,Trung du miền núi Bắc Bộ,2026-01-28,16.87777777777778,19.811111111111114,14.633333333333333,17.700000000000003,20.177777777777777,15.688888888888888,2.888888888888889,2.888888888888889,0.0,8.666666666666666,85.88888888888889,11.266666666666667,30.166666666666668,8.964444444444446,1019.3888888888888,83.22222222222223,14.366666666666667,0.0,1.63,22.0954,104.4233,4.963333333333334,11.102222222222222,1,5,51,56,1970-01-21 11:33:02.493333333,1970-01-21 11:33:42.466666666,Đông,,,
Lào Cai,Trung du miền núi Bắc Bộ,2026-01-29,15.922222222222224,19.288888888888888,13.72222222222222,16.566666666666666,19.51111111111111,14.4,0.5222222222222223,0.5222222222222223,0.0,3.888888888888889,87.88888888888889,9.055555555555555,25.14444444444444,9.39111111111111,1016.6777777777778,72.22222222222223,13.822222222222225,0.0,1.6133333333333333,22.0954,104.4233,5.8566666666666665,11.12,1,5,51,64,1970-01-21 11:34:28.873333333,1970-01-21 11:35:08.893333333,Đông,,,
Lào Cai,Trung du miền núi Bắc Bộ,2026-01-30,17.4,21.72222222222222,14.366666666666667,18.633333333333333,22.555555555555557,15.377777777777778,0.3333333333333333,0.3333333333333333,0.0,2.2222222222222223,85.44444444444444,7.844444444444444,23.12222222222222,9.886666666666668,1017.5444444444444,84.88888888888889,14.766666666666667,0.0,1.8166666666666669,22.0954,104.4233,7.055555555555555,11.13888888888889,1,5,3,49,1970-01-21 11:35:55.246666666,1970-01-21 11:36:35.340000000,Đông,,,
Lào Cai,Trung du miền núi Bắc Bộ,2026-01-31,16.322222222222223,17.711111111111112,14.72222222222222,17.177777777777777,19.566666666666663,15.133333333333333,11.088888888888889,11.088888888888889,0.0,11.77777777777778,89.55555555555556,11.333333333333334,29.28888888888889,4.966666666666667,1021.0666666666668,97.55555555555556,14.488888888888887,0.0,0.9811111111111112,22.0954,104.4233,0.57,11.152222222222225,1,5,63,95,1970-01-21 11:37:21.640000000,1970-01-21 11:38:01.786666666,Đông,,,
Lào Cai,Trung du miền núi Bắc Bộ,2026-02-01,14.6,15.866666666666667,13.522222222222222,14.644444444444446,15.866666666666667,13.3,1.4333333333333331,1.4333333333333331,0.0,7.222222222222222,85.44444444444444,8.377777777777778,22.288888888888888,4.944444444444445,1022.4444444444443,98.88888888888889,12.055555555555555,0.0,0.9988888888888888,22.0954,104.4233,0.4711111111111111,11.17,2,5,51,73,1970-01-21 11:38:48.000000000,1970-01-21 11:39:28.206666666,Đông,,,
Lào Cai,Trung du miền núi Bắc Bộ,2026-02-02,13.577777777777778,14.6,11.855555555555556,13.411111111111111,14.9,11.733333333333333,2.322222222222222,2.322222222222222,0.0,10.444444444444445,87.33333333333333,8.288888888888888,21.98888888888889,4.094444444444445,1024.4888888888888,94.22222222222224,11.411111111111111,0.0,0.8555555555555556,22.0954,104.4233,0.0022222222222222,11.188888888888888,2,6,51,116,1970-01-21 11:40:14.386666666,1970-01-21 11:40:54.660000000,Đông,,,
Lào Cai,Trung du miền núi Bắc Bộ,2026-02-03,14.022222222222222,17.066666666666666,11.711111111111112,14.033333333333337,16.666666666666668,11.711111111111112,0.0111111111111111,0.0111111111111111,0.0,0.1111111111111111,85.11111111111111,7.822222222222223,22.188888888888886,7.652222222222223,1022.9777777777776,81.88888888888889,11.455555555555556,0.0,1.3811111111111112,22.0954,104.4233,2.5066666666666664,11.202222222222222,2,6,3,118,1970-01-21 11:41:40.760000000,1970-01-21 11:42:21.100000000,Đông,,,
Lào Cai,Trung du miền núi Bắc Bộ,2026-02-04,15.333333333333334,20.566666666666663,11.266666666666667,15.566666666666666,20.844444444444445,11.155555555555557,0.0111111111111111,0.0111111111111111,0.0,0.1111111111111111,85.0,10.477777777777778,29.244444444444444,14.427777777777775,1017.8888888888888,50.77777777777778,12.588888888888889,0.0,2.4099999999999997,22.0954,104.4233,10.328888888888889,11.22,2,6,3,143,1970-01-21 11:43:07.126666666,1970-01-21 11:43:47.526666666,Đông,,,
Lào Cai,Trung du miền núi Bắc Bộ,2026-02-05,16.9,22.211111111111112,13.644444444444446,17.8,23.211111111111112,14.344444444444443,0.0,0.0,0.0,0.0,86.0,9.944444444444445,28.066666666666663,13.565555555555555,1014.7666666666668,63.55555555555556,14.311111111111112,0.0,2.373333333333333,22.0954,104.4233,8.312222222222223,11.24,2,6,3,68,1970-01-21 11:44:33.520000000,1970-01-21 11:45:13.973333333,Đông,,,
Lào Cai,Trung du miền núi Bắc Bộ,2026-02-06,18.48888888888889,23.88888888888889,14.711111111111112,19.955555555555556,25.166666666666668,15.833333333333334,0.0888888888888888,0.0888888888888888,0.0,0.7777777777777778,84.0,9.966666666666669,27.833333333333332,13.168888888888889,1014.1777777777778,60.55555555555556,15.38888888888889,0.0,2.43,22.0954,104.4233,8.03111111111111,11.258888888888889,2,6,3,53,1970-01-21 11:45:59.880000000,1970-01-21 11:46:40.406666666,Đông,,,
Lào Cai,Trung du miền núi Bắc Bộ,2026-02-07,18.755555555555556,22.22222222222222,16.677777777777777,20.711111111111112,23.766666666666666,18.655555555555555,9.788888888888888,9.788888888888888,0.0,19.0,90.77777777777776,10.11111111111111,27.633333333333333,9.446666666666664,1015.9555555555556,88.22222222222223,17.1,0.0,1.751111111111111,22.0954,104.4233,5.823333333333334,11.273333333333332,2,6,61,41,1970-01-21 11:47:26.266666666,1970-01-21 11:48:06.840000000,Đông,,,
Lào Cai,Trung du miền núi Bắc Bộ,2026-02-08,14.466666666666663,17.322222222222223,11.244444444444444,14.3,19.033333333333335,10.288888888888888,7.955555555555555,7.955555555555555,0.0,17.22222222222222,91.33333333333331,12.27777777777778,32.06666666666667,3.9566666666666666,1022.2111111111112,99.77777777777776,13.0,0.0,0.8444444444444444,22.0954,104.4233,0.2,11.292222222222222,2,6,53,115,1970-01-21 11:48:52.620000000,1970-01-21 11:49:33.286666666,Đông,,,
Lào Cai,Trung du miền núi Bắc Bộ,2026-02-09,12.27777777777778,15.61111111111111,10.11111111111111,11.72222222222222,14.988888888888887,9.433333333333334,2.588888888888889,2.588888888888889,0.0,8.222222222222221,87.77777777777777,8.044444444444444,23.11111111111111,8.114444444444445,1020.688888888889,86.66666666666667,10.211111111111112,0.0,1.3511111111111112,22.0954,104.4233,4.0744444444444445,11.312222222222225,2,7,53,99,1970-01-21 11:50:19.006666666,1970-01-21 11:50:59.706666666,Đông,,,
Lào Cai,Trung du miền núi Bắc Bộ,2026-02-10,14.533333333333337,19.12222222222222,11.422222222222222,14.622222222222222,19.1,11.27777777777778,0.1111111111111111,0.1111111111111111,0.0,0.8888888888888888,86.55555555555556,10.3,28.56666666666667,11.796666666666669,1018.6111111111112,75.11111111111111,12.133333333333333,0.0,1.9744444444444444,22.0954,104.4233,7.191111111111111,11.32888888888889,2,7,3,159,1970-01-21 11:51:45.360000000,1970-01-21 11:52:26.153333333,Đông,,,
Lào Cai,Trung du miền núi Bắc Bộ,2026-02-11,15.633333333333333,17.544444444444444,14.322222222222225,16.48888888888889,18.14444444444445,15.11111111111111,2.033333333333333,2.033333333333333,0.0,11.11111111111111,91.44444444444444,7.855555555555556,22.055555555555557,5.477777777777778,1020.4,97.11111111111111,14.2,0.0,1.0322222222222222,22.0954,104.4233,0.7055555555555556,11.348888888888888,2,7,51,125,1970-01-21 11:53:11.740000000,1970-01-21 11:53:52.580000000,Đông,,,
Lào Cai,Trung du miền núi Bắc Bộ,2026-02-12,16.133333333333336,19.233333333333334,14.244444444444444,17.08888888888889,19.85555555555556,15.244444444444444,1.2777777777777777,1.2777777777777777,0.0,9.11111111111111,90.66666666666669,8.266666666666667,23.64444444444445,8.235555555555557,1017.7,89.33333333333333,14.5,0.0,1.487777777777778,22.0954,104.4233,3.565555555555555,11.366666666666667,2,7,51,82,1970-01-21 11:54:38.086666666,1970-01-21 11:55:19.020000000,Đông,,,
Lào Cai,Trung du miền núi Bắc Bộ,2026-02-13,18.033333333333335,21.9,15.288888888888888,19.655555555555555,23.044444444444444,16.58888888888889,0.6888888888888889,0.6888888888888889,0.0,4.222222222222222,88.0,9.31111111111111,25.27777777777778,9.381111111111112,1015.4555555555556,85.0,15.922222222222224,0.0,1.778888888888889,22.0954,104.4233,5.152222222222222,11.383333333333333,2,7,51,67,1970-01-21 11:56:04.460000000,1970-01-21 11:56:45.446666666,Đông,,,
Lào Cai,Trung du miền núi Bắc Bộ,2026-02-14,19.51111111111111,22.788888888888888,17.48888888888889,21.666666666666668,24.166666666666668,19.822222222222223,2.2444444444444445,2.2444444444444445,0.0,9.444444444444445,88.44444444444444,9.288888888888888,25.766666666666666,8.663333333333334,1014.8555555555556,80.0,17.41111111111111,0.0,1.681111111111111,22.0954,104.4233,5.086666666666667,11.403333333333332,2,7,51,47,1970-01-21 11:57:30.826666666,1970-01-21 11:58:11.880000000,Đông,,,
Lào Cai,Trung du miền núi Bắc Bộ,2026-02-15,19.811111111111114,23.655555555555555,17.022222222222222,21.811111111111114,25.155555555555555,19.022222222222226,1.4666666666666666,1.4666666666666666,0.0,6.0,85.88888888888889,10.711111111111112,29.38888888888889,11.995555555555557,1013.7,73.0,17.177777777777777,0.0,2.2644444444444445,22.0954,104.4233,7.751111111111111,11.423333333333334,2,7,51,56,1970-01-21 11:58:57.186666666,1970-01-21 11:59:38.320000000,Đông,,,
Lào Cai,Trung du miền núi Bắc Bộ,2026-02-16,20.27777777777778,24.566666666666663,17.811111111111114,22.433333333333337,26.299999999999997,19.977777777777774,0.3888888888888889,0.3888888888888889,0.0,3.2222222222222223,83.55555555555556,10.055555555555555,27.522222222222226,12.317777777777778,1014.1111111111112,75.55555555555556,17.233333333333334,0.0,2.3800000000000003,22.0954,104.4233,7.506666666666667,11.443333333333332,2,8,51,54,1970-01-21 12:00:23.553333333,1970-01-21 12:01:04.740000000,Đông,,,
Lào Cai,Trung du miền núi Bắc Bộ,2026-02-17,20.077777777777776,23.366666666666667,18.022222222222226,21.85555555555555,24.366666666666667,19.288888888888888,3.4000000000000004,3.4000000000000004,0.0,12.333333333333334,86.22222222222223,12.244444444444444,31.522222222222226,10.436666666666667,1016.7888888888888,86.22222222222223,17.5,0.0,2.106666666666667,22.0954,104.4233,7.065555555555556,11.463333333333331,2,8,51,39,1970-01-21 12:01:49.906666666,1970-01-21 12:02:31.180000000,Đông,,,
Lào Cai,Trung du miền núi Bắc Bộ,2026-02-18,17.044444444444444,18.299999999999997,15.47777777777778,17.855555555555554,19.22222222222222,16.288888888888888,2.677777777777778,2.677777777777778,0.0,11.88888888888889,88.88888888888889,9.233333333333333,23.755555555555556,5.65,1020.3888888888888,99.77777777777776,15.122222222222222,0.0,1.1566666666666667,22.0954,104.4233,0.5055555555555555,11.483333333333334,2,8,51,37,1970-01-21 12:03:16.266666666,1970-01-21 12:03:57.600000000,Đông,,,
Lào Cai,Trung du miền núi Bắc Bộ,2026-02-19,16.4,18.422222222222224,14.933333333333334,17.211111111111112,18.977777777777774,15.8,1.9888888888888887,1.9888888888888887,0.0,12.0,89.44444444444444,8.488888888888889,21.799999999999997,5.865555555555556,1021.9888888888888,100.0,14.6,0.0,1.1722222222222225,22.0954,104.4233,0.5288888888888889,11.503333333333334,2,8,51,25,1970-01-21 12:04:42.633333333,1970-01-21 12:05:24.040000000,Đông,,,
Lào Cai,Trung du miền núi Bắc Bộ,2026-02-20,16.555555555555557,19.966666666666665,14.633333333333333,17.544444444444444,20.688888888888886,15.455555555555556,1.1777777777777778,1.1777777777777778,0.0,8.0,87.44444444444444,7.055555555555555,20.6,8.385555555555555,1019.6555555555556,73.44444444444444,14.366666666666667,0.0,1.586666666666667,22.0954,104.4233,4.050000000000001,11.523333333333332,2,8,51,36,1970-01-21 12:06:08.986666666,1970-01-21 12:06:50.460000000,Đông,,,
Lào Cai,Trung du miền núi Bắc Bộ,2026-02-21,18.066666666666663,23.266666666666666,14.577777777777776,19.35555555555555,24.61111111111111,15.47777777777778,0.0111111111111111,0.0111111111111111,0.0,0.1111111111111111,85.33333333333333,10.477777777777778,30.033333333333335,14.386666666666663,1010.3,48.77777777777778,15.344444444444443,0.0,2.582222222222222,22.0954,104.4233,8.777777777777779,11.543333333333331,2,8,3,75,1970-01-21 12:07:35.346666666,1970-01-21 12:08:16.900000000,Đông,,,
Lào Cai,Trung du miền núi Bắc Bộ,2026-02-22,19.444444444444443,23.233333333333334,16.51111111111111,21.444444444444443,24.744444444444444,18.155555555555555,1.8111111111111111,1.8111111111111111,0.0,5.333333333333333,86.55555555555556,9.655555555555557,27.87777777777778,8.661111111111111,1009.8222222222222,79.66666666666667,17.01111111111111,0.0,1.7233333333333334,22.0954,104.4233,4.510000000000001,11.563333333333334,2,8,53,23,1970-01-21 12:09:01.700000000,1970-01-21 12:09:43.320000000,Đông,,,
Lào Cai,Trung du miền núi Bắc Bộ,2026-02-23,20.299999999999997,23.977777777777774,17.522222222222222,22.733333333333334,26.077777777777776,19.58888888888889,4.877777777777777,4.877777777777777,0.0,10.666666666666666,88.44444444444444,9.911111111111111,28.533333333333335,11.523333333333332,1010.0666666666668,84.11111111111111,18.177777777777777,0.0,2.2222222222222223,22.0954,104.4233,6.807777777777777,11.583333333333334,2,9,63,61,1970-01-21 12:10:28.053333333,1970-01-21 12:11:09.760000000,Đông,,,
Lào Cai,Trung du miền núi Bắc Bộ,2026-02-24,20.744444444444444,23.566666666666663,18.922222222222224,23.711111111111112,25.81111111111111,21.955555555555556,2.0,2.0,0.0,9.0,90.22222222222224,10.044444444444444,27.322222222222223,7.585555555555555,1011.8333333333334,96.11111111111111,19.0,0.0,1.5711111111111111,22.0954,104.4233,2.2955555555555556,11.603333333333332,2,9,51,58,1970-01-21 12:11:54.406666666,1970-01-21 12:12:36.180000000,Đông,,,
Lào Cai,Trung du miền núi Bắc Bộ,2026-02-25,20.566666666666663,23.68888888888889,18.766666666666666,23.6,26.177777777777777,21.38888888888889,5.7444444444444445,5.7444444444444445,0.0,13.11111111111111,91.0,6.577777777777778,23.655555555555555,8.183333333333334,1012.5,89.44444444444444,18.944444444444443,0.0,1.608888888888889,22.0954,104.4233,4.2844444444444445,11.626666666666669,2,9,53,38,1970-01-21 12:13:20.760000000,1970-01-21 12:14:02.606666666,Đông,,,
Lào Cai,Trung du miền núi Bắc Bộ,2026-02-26,19.966666666666665,24.633333333333333,17.355555555555554,22.177777777777777,26.188888888888886,19.311111111111114,2.8111111111111113,2.8111111111111113,0.0,7.444444444444445,85.55555555555556,10.977777777777778,29.622222222222224,11.46888888888889,1009.7222222222222,65.77777777777777,17.200000000000003,0.0,2.261111111111111,22.0954,104.4233,6.2411111111111115,11.646666666666668,2,9,53,68,1970-01-21 12:14:47.106666666,1970-01-21 12:15:29.040000000,Đông,,,
Lào Cai,Trung du miền núi Bắc Bộ,2026-02-27,20.555555555555557,25.811111111111114,16.322222222222223,22.633333333333336,27.977777777777774,18.055555555555557,0.2777777777777778,0.2777777777777778,0.0,1.7777777777777777,81.22222222222223,9.9,30.633333333333333,15.762222222222224,1007.1333333333334,44.22222222222222,16.91111111111111,0.0,3.0555555555555554,22.0954,104.4233,10.112222222222222,11.666666666666666,2,9,51,110,1970-01-21 12:16:13.473333333,1970-01-21 12:16:55.466666666,Đông,,,
Lào Cai,Trung du miền núi Bắc Bộ,2026-02-28,21.577777777777776,27.01111111111111,17.4,24.233333333333334,29.65555555555555,19.5,1.5111111111111113,1.5111111111111113,0.0,6.666666666666667,82.33333333333333,9.044444444444444,28.755555555555556,15.634444444444446,1005.6222222222224,56.44444444444444,18.14444444444445,0.0,3.0611111111111113,22.0954,104.4233,10.377777777777778,11.686666666666666,2,9,51,66,1970-01-21 12:17:39.826666666,1970-01-21 12:18:21.900000000,Đông,,,
Lào Cai,Trung du miền núi Bắc Bộ,2026-03-01,22.744444444444447,27.811111111111114,19.033333333333335,25.788888888888888,30.688888888888886,21.711111111111112,1.2000000000000002,1.2000000000000002,0.0,4.777777777777778,79.11111111111111,9.61111111111111,31.0,15.534444444444444,1005.7444444444444,56.44444444444444,18.666666666666668,0.0,3.1322222222222225,22.0954,104.4233,9.787777777777778,11.70888888888889,3,9,51,60,1970-01-21 12:19:06.166666666,1970-01-21 12:19:48.320000000,Xuân,,,
Lào Cai,Trung du miền núi Bắc Bộ,2026-03-02,22.9,28.044444444444444,18.455555555555556,25.700000000000003,30.9,20.200000000000003,1.0777777777777775,1.0777777777777775,0.0,3.2222222222222223,75.66666666666667,10.855555555555556,30.43333333333333,16.546666666666667,1008.0222222222224,47.888888888888886,18.033333333333335,0.0,3.3777777777777778,22.0954,104.4233,10.79,11.72888888888889,3,10,3,61,1970-01-21 12:20:32.520000000,1970-01-21 12:21:14.760000000,Xuân,,,
Lào Cai,Trung du miền núi Bắc Bộ,2026-03-03,19.522222222222226,21.977777777777774,17.566666666666666,21.344444444444445,23.200000000000003,18.666666666666668,6.7,6.7,0.0,12.11111111111111,86.77777777777777,11.122222222222224,29.255555555555556,8.164444444444445,1013.5444444444444,87.33333333333333,17.155555555555555,0.0,1.661111111111111,22.0954,104.4233,2.923333333333334,11.75,3,10,51,116,1970-01-21 12:21:58.866666666,1970-01-21 12:22:41.160000000,Xuân,,,
Lào Cai,Trung du miền núi Bắc Bộ,2026-03-04,18.155555555555555,21.62222222222222,15.788888888888888,18.788888888888888,22.211111111111112,16.322222222222223,0.4111111111111111,0.4111111111111111,0.0,2.0,78.11111111111111,9.11111111111111,24.544444444444444,12.433333333333334,1016.3888888888888,67.55555555555556,14.0,0.0,2.46,22.0954,104.4233,8.124444444444444,11.77,3,10,3,119,1970-01-21 12:23:25.233333333,1970-01-21 12:24:07.600000000,Xuân,,,
Lào Cai,Trung du miền núi Bắc Bộ,2026-03-05,17.233333333333334,20.322222222222223,14.122222222222222,17.91111111111111,20.533333333333335,14.800000000000002,0.3666666666666666,0.3666666666666666,0.0,2.888888888888889,82.22222222222223,9.81111111111111,25.799999999999997,10.253333333333334,1016.2,76.66666666666667,14.0,0.0,1.98,22.0954,104.4233,3.6944444444444446,11.79,3,10,51,108,1970-01-21 12:24:51.580000000,1970-01-21 12:25:34.020000000,Xuân,,,
Lào Cai,Trung du miền núi Bắc Bộ,2026-03-06,18.733333333333334,22.033333333333335,16.41111111111111,19.977777777777774,22.744444444444444,18.0,0.8555555555555556,0.8555555555555556,0.0,5.666666666666667,81.44444444444444,8.488888888888889,23.58888888888889,9.94,1017.1777777777778,89.22222222222223,15.255555555555556,0.0,2.032222222222222,22.0954,104.4233,4.46,11.81,3,10,51,12,1970-01-21 12:26:17.926666666,1970-01-21 12:27:00.446666666,Xuân,,,
Lào Cai,Trung du miền núi Bắc Bộ,2026-03-07,18.688888888888886,20.64444444444445,17.211111111111112,20.1,21.744444444444447,18.77777777777778,2.066666666666667,2.066666666666667,0.0,9.22222222222222,86.88888888888889,10.933333333333334,27.61111111111111,6.187777777777778,1016.811111111111,97.11111111111111,16.37777777777778,0.0,1.3577777777777778,22.0954,104.4233,1.051111111111111,11.83222222222222,3,10,51,36,1970-01-21 12:27:44.273333333,1970-01-21 12:28:26.880000000,Xuân,,,
Lào Cai,Trung du miền núi Bắc Bộ,2026-03-08,18.51111111111111,20.72222222222222,17.077777777777776,20.41111111111111,22.311111111111114,18.87777777777778,7.888888888888889,7.888888888888889,0.0,20.555555555555557,92.88888888888889,9.788888888888888,26.244444444444444,6.298888888888889,1017.0555555555557,98.55555555555556,17.288888888888888,0.0,1.258888888888889,22.0954,104.4233,0.8722222222222222,11.853333333333332,3,10,61,41,1970-01-21 12:29:10.620000000,1970-01-21 12:29:53.293333333,Xuân,,,
Lào Cai,Trung du miền núi Bắc Bộ,2026-03-09,17.344444444444445,18.6,15.677777777777775,19.0,20.85555555555555,16.422222222222224,19.61111111111111,19.61111111111111,0.0,17.11111111111111,94.55555555555556,10.833333333333334,30.077777777777776,3.447777777777778,1021.7111111111112,99.22222222222224,16.422222222222224,0.0,0.7277777777777777,22.0954,104.4233,0.0344444444444444,11.876666666666669,3,11,63,97,1970-01-21 12:30:36.960000000,1970-01-21 12:31:19.720000000,Xuân,,,
Lào Cai,Trung du miền núi Bắc Bộ,2026-03-10,16.72222222222222,21.022222222222226,13.788888888888888,16.977777777777778,21.322222222222223,13.877777777777778,0.0,0.0,0.0,0.0,75.77777777777777,9.166666666666666,25.244444444444444,14.284444444444444,1022.6333333333334,52.0,12.133333333333333,0.0,2.6466666666666665,22.0954,104.4233,8.902222222222223,11.898888888888887,3,11,3,46,1970-01-21 12:32:03.306666666,1970-01-21 12:32:46.140000000,Xuân,,,
Lào Cai,Trung du miền núi Bắc Bộ,2026-03-11,16.11111111111111,19.14444444444445,13.4,16.422222222222224,19.11111111111111,13.61111111111111,0.0555555555555555,0.0555555555555555,0.0,0.5555555555555556,80.55555555555556,8.322222222222223,22.98888888888889,10.457777777777778,1019.2,92.22222222222224,12.588888888888889,0.0,1.9577777777777776,22.0954,104.4233,4.482222222222223,11.92,3,11,3,27,1970-01-21 12:33:29.646666666,1970-01-21 12:34:12.560000000,Xuân,,,
Lào Cai,Trung du miền núi Bắc Bộ,2026-03-12,17.566666666666666,21.033333333333335,15.077777777777776,18.288888888888888,21.244444444444444,15.755555555555556,0.8888888888888888,0.8888888888888888,0.0,2.5555555555555554,79.0,9.044444444444444,25.366666666666667,10.856666666666667,1018.9888888888888,86.55555555555556,13.655555555555557,0.0,2.1422222222222222,22.0954,104.4233,4.5,11.94,3,11,3,8,1970-01-21 12:34:56.000000000,1970-01-21 12:35:38.993333333,Xuân,,,
Lào Cai,Trung du miền núi Bắc Bộ,2026-03-13,17.433333333333334,21.711111111111112,14.555555555555555,17.466666666666665,20.68888888888889,14.744444444444444,0.6777777777777778,0.6777777777777778,0.0,3.6666666666666665,72.44444444444444,11.855555555555556,31.67777777777778,13.091111111111111,1020.0222222222224,55.0,12.055555555555555,0.0,2.623333333333333,22.0954,104.4233,8.149999999999999,11.96,3,11,51,116,1970-01-21 12:36:22.353333333,1970-01-21 12:37:05.400000000,Xuân,,,
Lào Cai,Trung du miền núi Bắc Bộ,2026-03-14,17.144444444444446,20.966666666666665,13.411111111111111,17.711111111111112,21.166666666666668,13.622222222222222,0.8555555555555556,0.8555555555555556,0.0,5.333333333333333,80.44444444444444,10.988888888888887,27.788888888888888,11.45111111111111,1020.0666666666668,65.55555555555556,13.588888888888889,0.0,2.1766666666666667,22.0954,104.4233,6.013333333333333,11.98,3,11,51,48,1970-01-21 12:37:48.693333333,1970-01-21 12:38:31.826666666,Xuân,,,
Lào Cai,Trung du miền núi Bắc Bộ,2026-03-15,18.455555555555556,21.62222222222222,16.255555555555556,19.87777777777778,22.677777777777777,17.744444444444444,1.9333333333333331,1.9333333333333331,0.0,7.666666666666667,86.44444444444444,8.666666666666666,23.977777777777774,8.893333333333333,1018.922222222222,90.22222222222224,15.97777777777778,0.0,1.788888888888889,22.0954,104.4233,3.1622222222222223,12.003333333333334,3,11,51,32,1970-01-21 12:39:15.040000000,1970-01-21 12:39:58.260000000,Xuân,,,
Lào Cai,Trung du miền núi Bắc Bộ,2026-03-16,19.544444444444444,23.72222222222222,16.700000000000003,21.299999999999997,24.822222222222223,18.48888888888889,2.5999999999999996,2.5999999999999996,0.0,10.666666666666666,84.55555555555556,10.288888888888888,28.299999999999997,13.265555555555556,1015.0555555555557,66.77777777777777,16.688888888888886,0.0,2.538888888888889,22.0954,104.4233,8.214444444444446,12.03,3,12,51,124,1970-01-21 12:40:41.380000000,1970-01-21 12:41:24.666666666,Xuân,,,
Lào Cai,Trung du miền núi Bắc Bộ,2026-03-17,20.11111111111111,24.200000000000003,17.255555555555556,22.14444444444445,26.022222222222226,19.244444444444444,1.977777777777778,1.977777777777778,0.0,6.888888888888889,85.77777777777777,9.81111111111111,28.866666666666667,12.384444444444444,1012.9555555555556,71.55555555555556,17.466666666666665,0.0,2.3966666666666665,22.0954,104.4233,7.936666666666666,12.05,3,12,51,124,1970-01-21 12:42:07.726666666,1970-01-21 12:42:51.093333333,Xuân,,,
Lào Cai,Trung du miền núi Bắc Bộ,2026-03-18,20.87777777777778,25.133333333333333,17.944444444444443,23.311111111111114,26.944444444444443,20.255555555555553,0.4111111111111111,0.4111111111111111,0.0,2.3333333333333335,84.77777777777777,11.733333333333333,31.84444444444445,13.06111111111111,1013.2888888888888,66.88888888888889,17.98888888888889,0.0,2.6077777777777778,22.0954,104.4233,8.158888888888889,12.07,3,12,51,65,1970-01-21 12:43:34.073333333,1970-01-21 12:44:17.520000000,Xuân,,,
Lào Cai,Trung du miền núi Bắc Bộ,2026-03-19,22.0,27.288888888888888,18.42222222222222,24.633333333333333,29.54444444444444,20.98888888888889,1.2555555555555555,1.2555555555555555,0.0,4.222222222222222,81.22222222222223,11.477777777777778,32.13333333333333,15.883333333333333,1011.4888888888888,53.333333333333336,18.344444444444445,0.0,3.228888888888889,22.0954,104.4233,9.507777777777775,12.09,3,12,51,70,1970-01-21 12:45:00.413333333,1970-01-21 12:45:43.926666666,Xuân,,,
Lào Cai,Trung du miền núi Bắc Bộ,2026-03-20,22.055555555555557,26.211111111111112,19.155555555555555,24.811111111111114,28.211111111111112,21.944444444444443,2.2777777777777777,2.2777777777777777,0.0,8.555555555555555,84.0,12.044444444444444,32.58888888888889,12.957777777777778,1011.9555555555556,79.77777777777777,18.966666666666665,0.0,2.6744444444444446,22.0954,104.4233,7.334444444444445,12.11,3,12,51,54,1970-01-21 12:46:26.760000000,1970-01-21 12:47:10.360000000,Xuân,,,
Lào Cai,Trung du miền núi Bắc Bộ,2026-03-21,20.211111111111112,22.266666666666666,18.533333333333335,22.788888888888888,24.666666666666668,20.922222222222224,18.37777777777778,18.37777777777778,0.0,17.555555555555557,90.88888888888889,9.7,27.01111111111111,8.055555555555555,1014.3555555555556,93.22222222222224,18.61111111111111,0.0,1.6311111111111112,22.0954,104.4233,1.27,12.13,3,12,63,33,1970-01-21 12:47:53.100000000,1970-01-21 12:48:36.780000000,Xuân,,,
Lào Cai,Trung du miền núi Bắc Bộ,2026-03-22,21.077777777777776,25.01111111111111,18.91111111111111,24.077777777777776,27.700000000000003,21.6,4.011111111111111,4.011111111111111,0.0,14.22222222222222,89.77777777777777,9.422222222222222,28.833333333333332,10.444444444444445,1012.6333333333334,81.66666666666667,19.233333333333334,0.0,2.0877777777777777,22.0954,104.4233,5.37,12.15,3,12,53,59,1970-01-21 12:49:19.440000000,1970-01-21 12:50:03.200000000,Xuân,,,
Lào Cai,Trung du miền núi Bắc Bộ,2026-03-23,21.933333333333337,26.5,18.91111111111111,25.01111111111111,29.17777777777778,21.844444444444445,3.477777777777778,3.477777777777778,0.0,10.444444444444445,86.33333333333333,10.455555555555556,30.877777777777776,15.062222222222225,1011.311111111111,64.77777777777777,19.35555555555555,0.0,2.9788888888888887,22.0954,104.4233,9.486666666666666,12.176666666666668,3,13,53,54,1970-01-21 12:50:45.780000000,1970-01-21 12:51:29.626666666,Xuân,,,
Lào Cai,Trung du miền núi Bắc Bộ,2026-03-24,22.64444444444445,27.366666666666667,19.655555555555555,26.133333333333333,30.299999999999997,22.833333333333332,4.122222222222223,4.122222222222223,0.0,10.666666666666666,86.55555555555556,9.988888888888887,28.344444444444445,13.086666666666666,1010.4111111111112,67.44444444444444,20.04444444444444,0.0,2.683333333333333,22.0954,104.4233,7.884444444444445,12.2,3,13,51,48,1970-01-21 12:52:12.126666666,1970-01-21 12:52:56.040000000,Xuân,,,
Lào Cai,Trung du miền núi Bắc Bộ,2026-03-25,22.37777777777778,25.62222222222222,19.166666666666668,25.755555555555556,28.433333333333337,21.91111111111111,8.18888888888889,8.18888888888889,0.0,12.444444444444445,88.22222222222223,11.555555555555555,32.75555555555556,10.577777777777778,1010.7777777777778,78.66666666666667,20.188888888888886,0.0,2.1277777777777778,22.0954,104.4233,5.73,12.22,3,13,61,33,1970-01-21 12:53:38.480000000,1970-01-21 12:54:22.460000000,Xuân,,,
Lào Cai,Trung du miền núi Bắc Bộ,2026-03-26,23.655555555555555,28.444444444444443,20.45555555555556,27.166666666666668,31.58888888888889,24.14444444444445,0.5666666666666667,0.5666666666666667,0.0,3.5555555555555554,81.0,10.81111111111111,30.522222222222226,16.55777777777778,1009.311111111111,46.77777777777778,19.9,0.0,3.4266666666666667,22.0954,104.4233,9.626666666666669,12.24,3,13,51,69,1970-01-21 12:55:04.820000000,1970-01-21 12:55:48.886666666,Xuân,,,
Lào Cai,Trung du miền núi Bắc Bộ,2026-03-27,23.78888888888889,28.244444444444444,20.700000000000003,27.333333333333332,31.35555555555555,23.966666666666665,2.1888888888888887,2.1888888888888887,0.0,6.555555555555555,81.44444444444444,10.977777777777778,31.533333333333335,15.22,1008.422222222222,57.22222222222222,20.11111111111111,0.0,3.16,22.0954,104.4233,9.041111111111112,12.26,3,13,51,68,1970-01-21 12:56:31.166666666,1970-01-21 12:57:15.300000000,Xuân,,,
Lào Cai,Trung du miền núi Bắc Bộ,2026-03-28,23.799999999999997,27.688888888888886,20.566666666666663,27.533333333333335,30.93333333333333,23.822222222222223,4.1,4.1,0.0,9.333333333333334,83.66666666666667,10.68888888888889,31.28888888888889,12.895555555555555,1008.6444444444444,75.55555555555556,20.64444444444445,0.0,2.695555555555556,22.0954,104.4233,7.592222222222222,12.28,3,13,51,44,1970-01-21 12:57:57.506666666,1970-01-21 12:58:41.720000000,Xuân,,,
Lào Cai,Trung du miền núi Bắc Bộ,2026-03-29,23.033333333333335,27.066666666666663,19.68888888888889,26.444444444444443,30.244444444444444,22.366666666666667,6.699999999999999,6.699999999999999,0.0,10.11111111111111,84.66666666666667,11.355555555555556,35.577777777777776,14.014444444444443,1007.4333333333332,57.22222222222222,20.08888888888889,0.0,2.8033333333333332,22.0954,104.4233,8.628888888888888,12.3,3,13,53,105,1970-01-21 12:59:23.860000000,1970-01-21 13:00:08.146666666,Xuân,,,
Lào Cai,Trung du miền núi Bắc Bộ,2026-03-30,23.866666666666667,30.23333333333333,18.433333333333337,26.85555555555555,33.03333333333333,20.666666666666668,0.0444444444444444,0.0444444444444444,0.0,0.2222222222222222,74.88888888888889,10.77777777777778,31.799999999999997,18.796666666666667,1006.2555555555556,32.111111111111114,18.58888888888889,0.0,3.926666666666667,22.0954,104.4233,10.567777777777778,12.323333333333332,3,14,3,101,1970-01-21 13:00:50.200000000,1970-01-21 13:01:34.560000000,Xuân,,,
Lào Cai,Trung du miền núi Bắc Bộ,2026-03-31,25.477777777777774,32.266666666666666,20.133333333333333,28.82222222222222,35.5,22.733333333333334,1.8666666666666667,1.8666666666666667,0.0,1.3333333333333333,71.11111111111111,12.6,36.74444444444444,18.943333333333335,1006.8,21.22222222222222,19.255555555555556,0.0,4.145555555555556,22.0954,104.4233,11.105555555555556,12.346666666666668,3,14,53,71,1970-01-21 13:02:16.540000000,1970-01-21 13:03:00.980000000,Xuân,,,
Lào Cai,Trung du miền núi Bắc Bộ,2026-04-01,22.133333333333333,24.822222222222223,20.0,24.5,26.455555555555556,22.322222222222223,2.066666666666667,2.066666666666667,0.0,6.888888888888889,80.77777777777777,11.6,31.32222222222222,12.217777777777778,1011.7,65.88888888888889,18.41111111111111,0.0,2.6277777777777778,22.0954,104.4233,7.151111111111111,12.366666666666667,4,14,51,145,1970-01-21 13:03:42.886666666,1970-01-21 13:04:27.406666666,Xuân,,,
Lào Cai,Trung du miền núi Bắc Bộ,2026-04-02,22.211111111111112,26.566666666666663,19.166666666666668,24.98888888888889,29.188888888888886,21.688888888888886,0.7,0.7,0.0,4.0,82.77777777777777,11.655555555555557,32.98888888888889,14.447777777777778,1009.6,56.22222222222222,18.966666666666665,0.0,2.8944444444444444,22.0954,104.4233,8.23,12.39,4,14,51,130,1970-01-21 13:05:09.240000000,1970-01-21 13:05:53.820000000,Xuân,,,
Lào Cai,Trung du miền núi Bắc Bộ,2026-04-03,25.211111111111112,31.944444444444443,20.244444444444444,29.055555555555557,35.87777777777777,23.41111111111111,0.0666666666666666,0.0666666666666666,0.0,0.6666666666666666,75.44444444444444,9.31111111111111,26.98888888888889,19.635555555555555,1005.577777777778,29.88888888888889,20.055555555555557,0.0,4.182222222222222,22.0954,104.4233,10.766666666666667,12.41,4,14,3,77,1970-01-21 13:06:35.580000000,1970-01-21 13:07:20.240000000,Xuân,,,
Lào Cai,Trung du miền núi Bắc Bộ,2026-04-04,23.77777777777778,28.1,20.48888888888889,27.044444444444444,30.577777777777776,23.466666666666665,5.788888888888889,5.788888888888889,0.0,3.4444444444444446,79.77777777777777,10.988888888888887,29.833333333333332,13.818888888888887,1006.2666666666668,64.55555555555556,19.811111111111114,0.0,2.9877777777777776,22.0954,104.4233,8.233333333333334,12.43,4,14,63,39,1970-01-21 13:08:01.920000000,1970-01-21 13:08:46.666666666,Xuân,,,
Lào Cai,Trung du miền núi Bắc Bộ,2026-04-05,24.633333333333333,29.799999999999997,21.077777777777776,28.444444444444443,33.233333333333334,24.64444444444445,0.3111111111111111,0.3111111111111111,0.0,2.5555555555555554,80.66666666666667,10.622222222222222,30.077777777777776,16.355555555555554,1003.3777777777776,89.11111111111111,20.700000000000003,0.0,3.4833333333333334,22.0954,104.4233,9.114444444444445,12.45111111111111,4,14,51,64,1970-01-21 13:09:28.260000000,1970-01-21 13:10:13.080000000,Xuân,,,
Lào Cai,Trung du miền núi Bắc Bộ,2026-04-06,27.322222222222223,34.86666666666667,21.955555555555556,31.54444444444444,38.611111111111114,25.72222222222222,0.0,0.0,0.0,0.0,71.33333333333333,13.088888888888889,36.08888888888888,19.571111111111108,1003.188888888889,51.888888888888886,20.833333333333332,0.0,4.514444444444445,22.0954,104.4233,10.844444444444443,12.473333333333334,4,15,3,235,1970-01-21 13:10:54.600000000,1970-01-21 13:11:39.506666666,Xuân,,,
Lào Cai,Trung du miền núi Bắc Bộ,2026-04-07,27.922222222222224,35.12222222222223,22.14444444444445,31.4,38.7,25.211111111111112,0.0888888888888888,0.0888888888888888,0.0,0.2222222222222222,63.888888888888886,12.444444444444445,35.077777777777776,19.96777777777778,1003.9555555555556,27.0,19.733333333333334,0.0,4.788888888888889,22.0954,104.4233,11.345555555555556,12.493333333333332,4,15,3,229,1970-01-21 13:12:20.940000000,1970-01-21 13:13:05.926666666,Xuân,,,
Lào Cai,Trung du miền núi Bắc Bộ,2026-04-08,27.044444444444444,33.67777777777778,21.85555555555555,30.61111111111111,37.51111111111111,24.6,0.1666666666666666,0.1666666666666666,0.0,0.7777777777777778,67.55555555555556,11.81111111111111,33.04444444444445,18.516666666666666,1005.3333333333334,18.333333333333332,19.98888888888889,0.0,4.28,22.0954,104.4233,11.446666666666664,12.513333333333334,4,15,2,106,1970-01-21 13:13:47.286666666,1970-01-21 13:14:32.340000000,Xuân,,,
Lào Cai,Trung du miền núi Bắc Bộ,2026-04-09,26.12222222222222,32.47777777777778,20.677777777777777,29.4,35.55555555555556,23.811111111111114,0.4333333333333333,0.4333333333333333,0.0,1.1111111111111112,69.33333333333333,12.444444444444445,34.98888888888889,19.071111111111108,1006.3,24.666666666666668,19.41111111111111,0.0,4.312222222222222,22.0954,104.4233,11.397777777777778,12.533333333333331,4,15,3,132,1970-01-21 13:15:13.640000000,1970-01-21 13:15:58.766666666,Xuân,,,
Lào Cai,Trung du miền núi Bắc Bộ,2026-04-10,26.91111111111111,33.14444444444444,21.64444444444445,29.72222222222222,36.12222222222223,24.366666666666667,0.7777777777777778,0.7777777777777778,0.0,1.2222222222222223,62.666666666666664,12.822222222222225,36.05555555555556,18.756666666666668,1005.2222222222222,20.333333333333332,18.655555555555555,0.0,4.368888888888889,22.0954,104.4233,11.121111111111112,12.556666666666668,4,15,1,129,1970-01-21 13:16:39.986666666,1970-01-21 13:17:25.186666666,Xuân,,,
Lào Cai,Trung du miền núi Bắc Bộ,2026-04-11,26.811111111111114,33.03333333333333,21.522222222222226,29.022222222222226,34.53333333333333,23.788888888888888,0.0888888888888888,0.0888888888888888,0.0,0.5555555555555556,59.888888888888886,14.844444444444443,40.333333333333336,18.283333333333335,1003.7111111111112,20.666666666666668,17.644444444444446,0.0,4.39,22.0954,104.4233,11.226666666666668,12.576666666666666,4,15,2,237,1970-01-21 13:18:06.333333333,1970-01-21 13:18:51.606666666,Xuân,,,
Lào Cai,Trung du miền núi Bắc Bộ,2026-04-12,26.822222222222223,34.03333333333333,20.733333333333334,28.4,34.58888888888889,22.6,0.0222222222222222,0.0222222222222222,0.0,0.1111111111111111,54.333333333333336,13.122222222222222,35.47777777777778,21.726666666666667,1003.2555555555556,4.0,15.444444444444445,0.0,5.127777777777777,22.0954,104.4233,11.715555555555556,12.596666666666668,4,15,1,229,1970-01-21 13:19:32.693333333,1970-01-21 13:20:18.033333333,Xuân,,,
Lào Cai,Trung du miền núi Bắc Bộ,2026-04-13,26.466666666666665,34.388888888888886,19.555555555555557,28.966666666666665,37.21111111111111,21.01111111111111,0.0,0.0,0.0,0.0,59.22222222222222,10.4,29.04444444444444,21.26111111111111,1005.6111111111112,1.0,17.08888888888889,0.0,4.793333333333333,22.0954,104.4233,11.657777777777778,12.616666666666667,4,16,0,123,1970-01-21 13:20:59.040000000,1970-01-21 13:21:44.446666666,Xuân,,,
Lào Cai,Trung du miền núi Bắc Bộ,2026-04-14,26.766666666666666,32.666666666666664,22.48888888888889,31.266666666666666,37.17777777777778,26.188888888888886,0.2777777777777778,0.2777777777777778,0.0,2.111111111111111,74.66666666666667,10.033333333333331,28.31111111111111,18.175555555555555,1006.4,38.333333333333336,21.35555555555555,0.0,4.064444444444444,22.0954,104.4233,9.934444444444445,12.636666666666668,4,16,51,68,1970-01-21 13:22:25.380000000,1970-01-21 13:23:10.866666666,Xuân,,,
Lào Cai,Trung du miền núi Bắc Bộ,2026-04-15,26.64444444444445,31.666666666666668,23.077777777777776,31.488888888888887,36.36666666666667,27.299999999999997,1.7444444444444445,1.7444444444444445,0.0,7.333333333333333,79.0,10.933333333333334,31.444444444444443,15.805555555555555,1005.6222222222224,54.22222222222222,22.422222222222224,0.0,3.5088888888888885,22.0954,104.4233,9.076666666666666,12.656666666666666,4,16,51,57,1970-01-21 13:23:51.726666666,1970-01-21 13:24:37.306666666,Xuân,,,
Lào Cai,Trung du miền núi Bắc Bộ,2026-04-16,25.966666666666665,31.244444444444444,20.966666666666665,30.455555555555552,35.833333333333336,24.233333333333334,25.233333333333334,25.233333333333334,0.0,5.444444444444445,79.55555555555556,11.144444444444444,31.244444444444444,17.901111111111113,1007.2444444444444,41.0,21.811111111111114,0.0,3.875555555555555,22.0954,104.4233,10.562222222222225,12.676666666666668,4,16,65,41,1970-01-21 13:25:18.080000000,1970-01-21 13:26:03.706666666,Xuân,,,
Lào Cai,Trung du miền núi Bắc Bộ,2026-04-17,23.577777777777776,27.88888888888889,20.955555555555556,27.233333333333334,31.0,24.211111111111112,18.033333333333335,18.033333333333335,0.0,7.666666666666667,84.66666666666667,10.0,29.04444444444444,14.086666666666666,1010.3,61.77777777777778,20.62222222222222,0.0,2.9122222222222223,22.0954,104.4233,8.777777777777779,12.696666666666664,4,16,65,19,1970-01-21 13:26:44.426666666,1970-01-21 13:27:30.140000000,Xuân,,,
Lào Cai,Trung du miền núi Bắc Bộ,2026-04-18,22.62222222222222,26.11111111111111,19.933333333333337,25.98888888888889,29.0,23.01111111111111,3.6333333333333337,3.6333333333333337,0.0,12.555555555555555,87.0,9.077777777777778,25.288888888888888,11.036666666666669,1011.6333333333334,89.11111111111111,20.233333333333334,0.0,2.3355555555555556,22.0954,104.4233,5.011111111111111,12.716666666666669,4,16,55,37,1970-01-21 13:28:10.793333333,1970-01-21 13:28:56.566666666,Xuân,,,
Lào Cai,Trung du miền núi Bắc Bộ,2026-04-19,23.14444444444445,27.211111111111112,20.1,26.77777777777778,30.533333333333335,23.244444444444444,11.577777777777778,11.577777777777778,0.0,15.0,87.88888888888889,11.488888888888887,32.233333333333334,13.703333333333331,1009.6666666666666,82.33333333333333,20.87777777777778,0.0,2.81,22.0954,104.4233,7.345555555555555,12.736666666666666,4,16,63,59,1970-01-21 13:29:37.140000000,1970-01-21 13:30:22.980000000,Xuân,,,
Lào Cai,Trung du miền núi Bắc Bộ,2026-04-20,24.022222222222226,28.511111111111113,20.88888888888889,27.72222222222222,32.044444444444444,24.544444444444444,3.511111111111111,3.511111111111111,0.0,9.88888888888889,84.0,11.466666666666669,33.87777777777777,17.183333333333334,1007.7777777777778,54.888888888888886,20.88888888888889,0.0,3.554444444444444,22.0954,104.4233,10.007777777777775,12.756666666666668,4,17,61,87,1970-01-21 13:31:03.480000000,1970-01-21 13:31:49.406666666,Xuân,,,
Lào Cai,Trung du miền núi Bắc Bộ,2026-04-21,25.133333333333333,30.61111111111111,20.822222222222223,29.444444444444443,34.644444444444446,24.744444444444444,3.433333333333333,3.433333333333333,0.0,8.555555555555555,82.33333333333333,10.566666666666666,29.799999999999997,18.357777777777777,1005.6777777777778,48.111111111111114,21.58888888888889,0.0,3.881111111111111,22.0954,104.4233,10.174444444444443,12.776666666666666,4,17,51,77,1970-01-21 13:32:29.826666666,1970-01-21 13:33:15.826666666,Xuân,,,
Lào Cai,Trung du miền núi Bắc Bộ,2026-04-22,26.711111111111112,32.18888888888889,22.72222222222222,31.77777777777778,37.32222222222222,27.41111111111111,1.6,1.6,0.0,4.111111111111111,79.88888888888889,9.38888888888889,28.488888888888887,18.62444444444445,1004.8555555555556,52.44444444444444,22.58888888888889,0.0,4.045555555555556,22.0954,104.4233,10.394444444444444,12.793333333333331,4,17,51,87,1970-01-21 13:33:56.186666666,1970-01-21 13:34:42.246666666,Xuân,,,
Lào Cai,Trung du miền núi Bắc Bộ,2026-04-23,22.5,24.85555555555555,20.577777777777776,25.9,28.133333333333333,23.633333333333333,15.966666666666663,15.966666666666663,0.0,15.555555555555555,87.88888888888889,10.444444444444445,29.311111111111114,10.854444444444445,1008.8,87.0,20.27777777777778,0.0,2.2266666666666666,22.0954,104.4233,5.295555555555556,12.813333333333334,4,17,65,93,1970-01-21 13:35:22.553333333,1970-01-21 13:36:08.686666666,Xuân,,,
Lào Cai,Trung du miền núi Bắc Bộ,2026-04-24,22.133333333333333,25.14444444444444,19.88888888888889,24.72222222222222,27.0,22.72222222222222,1.2666666666666666,1.2666666666666666,0.0,4.555555555555555,82.22222222222223,11.122222222222222,28.95555555555556,11.881111111111112,1012.4666666666668,89.0,18.72222222222222,0.0,2.531111111111111,22.0954,104.4233,5.091111111111111,12.833333333333334,4,17,51,133,1970-01-21 13:36:48.900000000,1970-01-21 13:37:35.086666666,Xuân,,,
Lào Cai,Trung du miền núi Bắc Bộ,2026-04-25,23.077777777777776,27.08888888888889,19.711111111111112,25.87777777777778,29.5,22.577777777777776,1.1444444444444446,1.1444444444444446,0.0,4.555555555555555,79.0,11.411111111111111,29.82222222222222,16.266666666666666,1014.2777777777778,68.33333333333333,18.98888888888889,0.0,3.4244444444444446,22.0954,104.4233,9.685555555555556,12.851111111111113,4,17,51,121,1970-01-21 13:38:15.246666666,1970-01-21 13:39:01.520000000,Xuân,,,
Lào Cai,Trung du miền núi Bắc Bộ,2026-04-26,22.188888888888886,24.933333333333337,20.6,25.5,27.766666666666666,23.72222222222222,1.8666666666666667,1.8666666666666667,0.0,10.0,87.44444444444444,9.533333333333331,26.344444444444445,8.828888888888889,1011.7555555555556,96.0,19.955555555555556,0.0,1.8633333333333333,22.0954,104.4233,1.8355555555555556,12.871111111111112,4,17,51,50,1970-01-21 13:39:41.606666666,1970-01-21 13:40:27.946666666,Xuân,,,
Lào Cai,Trung du miền núi Bắc Bộ,2026-04-27,23.744444444444444,28.93333333333333,20.200000000000003,27.299999999999997,32.55555555555556,23.58888888888889,1.1666666666666667,1.1666666666666667,0.0,6.333333333333333,81.22222222222223,8.966666666666667,29.299999999999997,18.404444444444444,1008.0111111111112,63.888888888888886,20.01111111111111,0.0,3.7677777777777783,22.0954,104.4233,10.052222222222222,12.89,4,18,51,90,1970-01-21 13:41:07.973333333,1970-01-21 13:41:54.366666666,Xuân,,,
Lào Cai,Trung du miền núi Bắc Bộ,2026-04-28,24.38888888888889,29.833333333333332,20.033333333333335,28.12222222222222,33.93333333333333,23.1,2.0,2.0,0.0,5.333333333333333,79.55555555555556,10.444444444444445,33.23333333333333,19.68,1006.6777777777778,65.77777777777777,20.188888888888886,0.0,4.084444444444444,22.0954,104.4233,10.646666666666668,12.907777777777778,4,18,51,107,1970-01-21 13:42:34.320000000,1970-01-21 13:43:20.800000000,Xuân,,,
Lào Cai,Trung du miền núi Bắc Bộ,2026-04-29,21.755555555555556,25.12222222222222,19.51111111111111,23.98888888888889,26.58888888888889,21.788888888888888,28.71111111111111,28.71111111111111,0.0,9.666666666666666,77.66666666666667,8.077777777777778,26.922222222222224,15.82,1013.5111111111112,84.88888888888889,17.244444444444444,0.0,3.158888888888889,22.0954,104.4233,7.87,12.927777777777775,4,18,65,36,1970-01-21 13:44:00.673333333,1970-01-21 13:44:47.206666666,Xuân,,,
Lào Cai,Trung du miền núi Bắc Bộ,2026-04-30,21.566666666666663,25.211111111111112,18.799999999999997,22.766666666666666,26.577777777777776,19.788888888888888,0.7888888888888889,0.7888888888888889,0.0,1.7777777777777777,69.77777777777777,9.522222222222222,26.677777777777777,17.523333333333333,1015.3555555555556,73.77777777777777,15.444444444444445,0.0,3.655555555555555,22.0954,104.4233,9.93,12.946666666666664,4,18,3,48,1970-01-21 13:45:27.046666666,1970-01-21 13:46:13.640000000,Xuân,,,
Lào Cai,Trung du miền núi Bắc Bộ,2026-05-01,21.27777777777778,24.64444444444445,18.200000000000003,23.48888888888889,26.744444444444444,20.022222222222226,0.7444444444444445,0.7444444444444445,0.0,5.0,80.55555555555556,10.4,29.966666666666665,14.394444444444446,1012.0555555555557,82.55555555555556,17.655555555555555,0.0,2.838888888888889,22.0954,104.4233,8.476666666666667,12.961111111111112,5,18,51,51,1970-01-21 13:46:53.400000000,1970-01-21 13:47:40.066666666,Xuân,,,
Lào Cai,Trung du miền núi Bắc Bộ,2026-05-02,22.555555555555557,27.155555555555555,19.533333333333335,26.133333333333333,30.766666666666666,22.577777777777776,3.2444444444444445,3.2444444444444445,0.0,10.333333333333334,86.55555555555556,7.300000000000001,25.233333333333334,13.80888888888889,1009.5555555555557,91.66666666666669,20.044444444444444,0.0,2.7744444444444443,22.0954,104.4233,6.3533333333333335,12.98,5,18,53,49,1970-01-21 13:48:19.760000000,1970-01-21 13:49:06.486666666,Xuân,,,
Lào Cai,Trung du miền núi Bắc Bộ,2026-05-03,21.333333333333332,25.255555555555556,18.96666666666667,24.77777777777778,29.166666666666668,21.455555555555556,31.022222222222226,31.022222222222226,0.0,17.11111111111111,91.77777777777776,8.966666666666667,26.21111111111111,11.584444444444443,1011.8555555555556,94.66666666666669,19.866666666666667,0.0,2.265555555555556,22.0954,104.4233,4.279999999999999,12.997777777777776,5,18,63,28,1970-01-21 13:49:46.126666666,1970-01-21 13:50:32.926666666,Xuân,,,
Lào Cai,Trung du miền núi Bắc Bộ,2026-05-04,21.044444444444444,25.14444444444445,17.666666666666668,23.211111111111112,27.211111111111112,19.744444444444444,6.688888888888888,6.688888888888888,0.0,7.888888888888889,78.88888888888889,7.066666666666666,21.244444444444444,16.917777777777776,1015.8888888888888,57.111111111111114,16.944444444444443,0.0,3.312222222222222,22.0954,104.4233,9.253333333333334,13.016666666666666,5,19,63,25,1970-01-21 13:51:12.486666666,1970-01-21 13:51:59.333333333,Xuân,,,
Lào Cai,Trung du miền núi Bắc Bộ,2026-05-05,23.022222222222226,27.844444444444445,19.1,25.677777777777777,30.56666666666667,21.42222222222222,0.4444444444444444,0.4444444444444444,0.0,1.4444444444444444,75.11111111111111,10.088888888888889,26.91111111111111,19.968888888888888,1012.1,29.11111111111111,18.155555555555555,0.0,4.028888888888889,22.0954,104.4233,11.863333333333332,13.03111111111111,5,19,3,58,1970-01-21 13:52:38.853333333,1970-01-21 13:53:25.766666666,Xuân,,,
Lào Cai,Trung du miền núi Bắc Bộ,2026-05-06,24.155555555555555,28.82222222222222,20.38888888888889,27.788888888888888,32.544444444444444,23.522222222222226,0.8999999999999999,0.8999999999999999,0.0,5.888888888888889,82.0,11.344444444444443,31.87777777777778,18.517777777777777,1008.577777777778,53.666666666666664,20.666666666666668,0.0,3.778888888888889,22.0954,104.4233,10.651111111111112,13.05,5,19,51,74,1970-01-21 13:54:05.220000000,1970-01-21 13:54:52.186666666,Xuân,,,
Lào Cai,Trung du miền núi Bắc Bộ,2026-05-07,24.58888888888889,29.422222222222224,22.022222222222226,29.4,35.077777777777776,26.5,16.91111111111111,16.91111111111111,0.0,16.666666666666668,88.44444444444444,8.633333333333333,25.15555555555555,17.022222222222222,1010.0111111111112,83.22222222222223,22.366666666666667,0.0,3.4722222222222223,22.0954,104.4233,8.967777777777776,13.067777777777778,5,19,63,48,1970-01-21 13:55:31.580000000,1970-01-21 13:56:18.620000000,Xuân,,,
Lào Cai,Trung du miền núi Bắc Bộ,2026-05-08,23.244444444444444,26.433333333333337,20.9,27.211111111111112,30.011111111111113,24.64444444444445,29.28888888888889,29.28888888888889,0.0,16.22222222222222,87.88888888888889,8.088888888888889,23.955555555555556,14.014444444444443,1013.7888888888888,94.0,20.977777777777774,0.0,2.848888888888889,22.0954,104.4233,6.157777777777778,13.081111111111111,5,19,63,32,1970-01-21 13:56:57.953333333,1970-01-21 13:57:45.046666666,Xuân,,,
Lào Cai,Trung du miền núi Bắc Bộ,2026-05-09,22.022222222222226,24.0,20.544444444444444,25.37777777777778,26.711111111111112,24.155555555555555,4.522222222222222,4.522222222222222,0.0,13.0,88.66666666666667,8.133333333333333,23.077777777777776,9.738888888888887,1015.2444444444444,97.0,19.955555555555556,0.0,2.0055555555555555,22.0954,104.4233,2.02,13.1,5,19,53,2,1970-01-21 13:58:24.313333333,1970-01-21 13:59:11.473333333,Xuân,,,
Lào Cai,Trung du miền núi Bắc Bộ,2026-05-10,21.255555555555556,22.966666666666665,19.98888888888889,24.755555555555556,26.333333333333332,23.455555555555556,5.3,5.3,0.0,15.22222222222222,91.22222222222224,5.311111111111111,16.644444444444446,6.944444444444445,1014.9,99.66666666666669,19.700000000000003,0.0,1.4633333333333334,22.0954,104.4233,0.1544444444444444,13.115555555555554,5,19,53,7,1970-01-21 13:59:50.686666666,1970-01-21 14:00:37.906666666,Xuân,,,
Lào Cai,Trung du miền núi Bắc Bộ,2026-05-11,23.066666666666663,26.544444444444444,20.422222222222224,26.9,30.255555555555556,24.07777777777778,4.144444444444444,4.144444444444444,0.0,12.333333333333334,86.44444444444444,6.844444444444445,21.744444444444444,12.72111111111111,1012.3777777777776,93.11111111111111,20.555555555555557,0.0,2.5877777777777777,22.0954,104.4233,6.457777777777777,13.13,5,20,51,53,1970-01-21 14:01:17.046666666,1970-01-21 14:02:04.320000000,Xuân,,,
Lào Cai,Trung du miền núi Bắc Bộ,2026-05-12,23.87777777777778,27.58888888888889,21.333333333333332,28.322222222222223,32.12222222222223,25.188888888888886,8.255555555555555,8.255555555555555,0.0,13.444444444444445,87.77777777777777,6.111111111111111,23.27777777777778,12.02111111111111,1008.2444444444444,83.44444444444444,21.566666666666663,0.0,2.4255555555555555,22.0954,104.4233,5.577777777777778,13.147777777777778,5,20,53,32,1970-01-21 14:02:43.426666666,1970-01-21 14:03:30.766666666,Xuân,,,
Lào Cai,Trung du miền núi Bắc Bộ,2026-05-13,25.744444444444444,30.82222222222222,22.211111111111112,30.377777777777776,35.97777777777778,26.5,2.3666666666666667,2.3666666666666667,0.0,6.222222222222222,79.77777777777777,9.788888888888888,29.6,21.46777777777778,1004.0666666666668,44.333333333333336,21.58888888888889,0.0,4.488888888888889,22.0954,104.4233,9.993333333333332,13.16,5,20,51,84,1970-01-21 14:04:09.793333333,1970-01-21 14:04:57.173333333,Xuân,,,
Lào Cai,Trung du miền núi Bắc Bộ,2026-05-14,27.1,33.05555555555556,21.522222222222226,31.56666666666667,38.400000000000006,25.188888888888886,0.1111111111111111,0.1111111111111111,0.0,0.6666666666666666,71.77777777777777,8.633333333333333,25.477777777777774,25.71444444444445,1002.6111111111112,21.22222222222222,21.055555555555557,0.0,5.477777777777778,22.0954,104.4233,12.004444444444443,13.18,5,20,3,71,1970-01-21 14:05:36.173333333,1970-01-21 14:06:23.613333333,Xuân,,,
Lào Cai,Trung du miền núi Bắc Bộ,2026-05-15,27.48888888888889,32.06666666666667,23.166666666666668,32.25555555555556,37.87777777777777,27.033333333333335,0.1888888888888888,0.1888888888888888,0.0,1.4444444444444444,73.11111111111111,7.944444444444445,23.87777777777778,20.64777777777778,1003.1,46.111111111111114,21.977777777777774,0.0,4.481111111111111,22.0954,104.4233,11.241111111111111,13.19,5,20,51,84,1970-01-21 14:07:02.540000000,1970-01-21 14:07:50.026666666,Xuân,,,
Lào Cai,Trung du miền núi Bắc Bộ,2026-05-16,26.966666666666665,32.400000000000006,22.577777777777776,32.18888888888889,39.06666666666667,26.91111111111111,11.8,11.8,0.0,11.0,80.0,14.077777777777778,37.86666666666667,23.64777777777778,1004.0444444444444,74.11111111111111,22.91111111111111,0.0,5.02,22.0954,104.4233,11.651111111111112,13.207777777777778,5,20,63,127,1970-01-21 14:08:28.920000000,1970-01-21 14:09:16.460000000,Xuân,,,
Lào Cai,Trung du miền núi Bắc Bộ,2026-05-17,25.666666666666668,30.4,22.244444444444444,30.744444444444444,36.84444444444445,26.88888888888889,6.944444444444445,6.944444444444445,0.0,13.77777777777778,86.33333333333333,13.355555555555556,34.766666666666666,22.423333333333332,1005.2666666666668,79.77777777777777,22.966666666666665,0.0,4.601111111111111,22.0954,104.4233,11.475555555555555,13.22,5,20,61,53,1970-01-21 14:09:55.306666666,1970-01-21 14:10:42.886666666,Xuân,,,
Lào Cai,Trung du miền núi Bắc Bộ,2026-05-18,25.522222222222226,29.688888888888886,22.933333333333337,30.877777777777776,35.77777777777778,27.633333333333333,15.766666666666667,15.766666666666667,0.0,21.22222222222222,89.0,9.5,26.677777777777777,18.95777777777778,1005.1555555555556,80.22222222222223,23.444444444444443,0.0,3.873333333333333,22.0954,104.4233,9.956666666666669,13.235555555555557,5,21,63,115,1970-01-21 14:11:21.666666666,1970-01-21 14:12:09.313333333,Xuân,,,
Lào Cai,Trung du miền núi Bắc Bộ,2026-05-19,25.27777777777778,29.84444444444445,22.677777777777777,30.755555555555556,36.15555555555555,27.422222222222224,22.655555555555555,22.655555555555555,0.0,20.666666666666668,90.66666666666669,11.088888888888889,30.166666666666668,19.783333333333335,1004.2666666666668,84.44444444444444,23.53333333333333,0.0,3.928888888888889,22.0954,104.4233,9.957777777777778,13.25,5,21,63,69,1970-01-21 14:12:48.046666666,1970-01-21 14:13:35.746666666,Xuân,,,
Lào Cai,Trung du miền núi Bắc Bộ,2026-05-20,25.0,29.622222222222224,21.9,30.244444444444444,36.166666666666664,25.955555555555556,30.85555555555555,30.85555555555555,0.0,22.333333333333332,90.11111111111111,10.088888888888889,28.288888888888888,21.084444444444443,1004.2666666666668,77.33333333333333,23.08888888888889,0.0,4.2155555555555555,22.0954,104.4233,10.89,13.26,5,21,63,63,1970-01-21 14:14:14.433333333,1970-01-21 14:15:02.166666666,Xuân,,,
Lào Cai,Trung du miền núi Bắc Bộ,2026-05-21,24.455555555555556,28.1,21.866666666666667,29.54444444444444,33.63333333333333,26.08888888888889,12.355555555555556,12.355555555555556,0.0,18.444444444444443,92.33333333333331,10.177777777777775,29.077777777777776,15.216666666666663,1006.6777777777778,90.88888888888889,23.055555555555557,0.0,3.03,22.0954,104.4233,7.291111111111111,13.27222222222222,5,21,63,73,1970-01-21 14:15:40.806666666,1970-01-21 14:16:28.606666666,Xuân,,,
Lào Cai,Trung du miền núi Bắc Bộ,2026-05-22,26.64444444444445,31.17777777777778,22.933333333333337,32.25555555555556,37.900000000000006,28.044444444444444,4.277777777777778,4.277777777777778,0.0,11.333333333333334,84.33333333333333,11.22222222222222,31.43333333333333,22.62777777777778,1006.2444444444444,52.77777777777778,23.522222222222226,0.0,4.696666666666667,22.0954,104.4233,11.315555555555555,13.287777777777778,5,21,51,105,1970-01-21 14:17:07.186666666,1970-01-21 14:17:55.013333333,Xuân,,,
Lào Cai,Trung du miền núi Bắc Bộ,2026-05-23,27.533333333333335,31.422222222222224,24.01111111111111,32.888888888888886,36.577777777777776,29.211111111111116,0.8777777777777778,0.8777777777777778,0.0,4.555555555555555,79.77777777777777,8.822222222222223,25.9,16.62777777777778,1005.3888888888888,88.11111111111111,23.444444444444443,0.0,3.671111111111111,22.0954,104.4233,9.15,13.3,5,21,51,8,1970-01-21 14:18:33.580000000,1970-01-21 14:19:21.453333333,Xuân,,,
Lào Cai,Trung du miền núi Bắc Bộ,2026-05-24,27.966666666666665,31.6,25.177777777777777,32.77777777777778,36.388888888888886,29.866666666666667,1.2888888888888888,1.2888888888888888,0.0,5.666666666666667,74.55555555555556,10.211111111111112,33.077777777777776,15.85,1004.8888888888888,91.88888888888889,22.700000000000003,0.0,3.652222222222222,22.0954,104.4233,8.073333333333332,13.31,5,21,51,234,1970-01-21 14:19:59.946666666,1970-01-21 14:20:47.873333333,Xuân,,,
Lào Cai,Trung du miền núi Bắc Bộ,2026-05-25,28.077777777777776,32.02222222222222,24.6,32.75555555555556,36.63333333333333,28.88888888888889,0.7555555555555555,0.7555555555555555,0.0,4.888888888888889,73.0,9.922222222222222,30.422222222222224,17.026666666666667,1003.5111111111112,67.0,22.466666666666665,0.0,3.897777777777778,22.0954,104.4233,8.71888888888889,13.321111111111112,5,22,51,186,1970-01-21 14:21:26.340000000,1970-01-21 14:22:14.300000000,Xuân,,,
Lào Cai,Trung du miền núi Bắc Bộ,2026-05-26,29.422222222222224,34.388888888888886,24.688888888888886,33.98888888888889,39.43333333333333,28.67777777777778,0.1222222222222222,0.1222222222222222,0.0,1.0,66.11111111111111,11.72222222222222,33.63333333333333,25.82444444444444,1002.7444444444444,10.0,21.944444444444443,0.0,5.854444444444444,22.0954,104.4233,12.214444444444446,13.33222222222222,5,22,1,94,1970-01-21 14:22:52.726666666,1970-01-21 14:23:40.726666666,Xuân,,,
Lào Cai,Trung du miền núi Bắc Bộ,2026-05-27,29.4,34.333333333333336,24.866666666666667,34.91111111111111,41.12222222222223,29.633333333333333,1.0,1.0,0.0,4.222222222222222,70.66666666666667,9.266666666666667,27.833333333333332,24.985555555555557,1004.8555555555556,16.555555555555557,23.066666666666663,0.0,5.545555555555556,22.0954,104.4233,12.193333333333335,13.342222222222222,5,22,51,105,1970-01-21 14:24:19.126666666,1970-01-21 14:25:07.146666666,Xuân,,,
Lào Cai,Trung du miền núi Bắc Bộ,2026-05-28,27.866666666666667,32.144444444444446,24.166666666666668,33.74444444444444,39.46666666666667,29.58888888888889,2.6222222222222222,2.6222222222222222,0.0,9.0,79.22222222222223,7.2555555555555555,24.677777777777777,23.014444444444443,1008.1555555555556,38.77777777777778,23.688888888888886,0.0,4.888888888888889,22.0954,104.4233,11.244444444444444,13.355555555555554,5,22,53,116,1970-01-21 14:25:45.500000000,1970-01-21 14:26:33.586666666,Xuân,,,
Lào Cai,Trung du miền núi Bắc Bộ,2026-05-29,25.755555555555556,30.077777777777776,23.299999999999997,31.522222222222226,36.93333333333333,28.211111111111112,15.533333333333337,15.533333333333337,0.0,12.0,88.22222222222223,8.755555555555555,28.233333333333334,17.517777777777777,1010.4777777777776,81.33333333333333,23.544444444444444,0.0,3.561111111111111,22.0954,104.4233,7.2444444444444445,13.365555555555554,5,22,63,131,1970-01-21 14:27:11.886666666,1970-01-21 14:28:00.000000000,Xuân,,,
Lào Cai,Trung du miền núi Bắc Bộ,2026-05-30,23.711111111111112,25.766666666666666,22.044444444444444,28.61111111111111,30.71111111111111,26.333333333333332,32.55555555555556,32.55555555555556,0.0,16.77777777777778,93.0,6.488888888888889,19.933333333333337,8.92111111111111,1012.3222222222222,76.44444444444444,22.444444444444443,0.0,1.801111111111111,22.0954,104.4233,3.2233333333333336,13.375555555555556,5,22,63,0,1970-01-21 14:28:38.286666666,1970-01-21 14:29:26.440000000,Xuân,,,
Lào Cai,Trung du miền núi Bắc Bộ,2026-05-31,26.61111111111111,31.43333333333333,21.944444444444443,31.88888888888889,38.0,26.244444444444444,0.8111111111111112,0.8111111111111112,0.0,4.666666666666667,79.55555555555556,7.611111111111111,22.666666666666668,25.04111111111111,1009.5222222222224,16.11111111111111,22.466666666666665,0.0,5.199999999999999,22.0954,104.4233,12.177777777777775,13.382222222222222,5,22,51,70,1970-01-21 14:30:04.673333333,1970-01-21 14:30:52.853333333,Xuân,,,
Lào Cai,Trung du miền núi Bắc Bộ,2026-06-01,27.37777777777778,31.28888888888889,23.64444444444445,33.422222222222224,38.355555555555554,29.04444444444444,3.1333333333333333,3.1333333333333333,0.0,11.0,82.22222222222223,6.733333333333333,23.444444444444443,22.726666666666667,1008.188888888889,44.22222222222222,23.88888888888889,0.0,4.7155555555555555,22.0954,104.4233,11.902222222222225,13.391111111111112,6,23,51,67,1970-01-21 14:31:31.066666666,1970-01-21 14:32:19.293333333,Hè,,,
Lào Cai,Trung du miền núi Bắc Bộ,2026-06-02,27.822222222222223,32.41111111111111,23.433333333333337,33.74444444444444,39.68888888888889,28.4,5.833333333333333,5.833333333333333,0.0,10.444444444444445,80.55555555555556,9.11111111111111,25.233333333333334,24.063333333333333,1005.8222222222222,77.11111111111111,23.844444444444445,0.0,5.1433333333333335,22.0954,104.4233,11.907777777777778,13.401111111111112,6,23,61,61,1970-01-21 14:32:57.466666666,1970-01-21 14:33:45.706666666,Hè,,,
Lào Cai,Trung du miền núi Bắc Bộ,2026-06-03,27.58888888888889,32.900000000000006,23.155555555555555,33.41111111111111,39.95555555555555,28.255555555555556,4.211111111111111,4.211111111111111,0.0,8.222222222222221,80.88888888888889,9.455555555555556,27.344444444444445,23.746666666666663,1003.2666666666668,69.33333333333333,23.633333333333333,0.0,5.068888888888889,22.0954,104.4233,11.363333333333332,13.41,6,23,51,59,1970-01-21 14:34:23.866666666,1970-01-21 14:35:12.126666666,Hè,,,
Lào Cai,Trung du miền núi Bắc Bộ,2026-06-04,26.733333333333334,31.17777777777778,23.72222222222222,32.888888888888886,38.04444444444445,29.055555555555557,7.388888888888889,7.388888888888889,0.0,12.77777777777778,86.44444444444444,6.288888888888889,23.08888888888889,19.646666666666665,1003.6333333333334,93.0,24.14444444444445,0.0,4.0744444444444445,22.0954,104.4233,10.106666666666667,13.42,6,23,63,2,1970-01-21 14:35:50.266666666,1970-01-21 14:36:38.566666666,Hè,,,
Lào Cai,Trung du miền núi Bắc Bộ,2026-06-05,25.244444444444444,29.200000000000003,22.700000000000003,30.56666666666667,34.8,27.555555555555557,12.744444444444445,12.744444444444445,0.0,15.666666666666666,89.22222222222223,8.122222222222222,23.38888888888889,14.643333333333333,1004.9333333333333,77.11111111111111,23.166666666666668,0.0,3.0288888888888885,22.0954,104.4233,6.312222222222221,13.427777777777777,6,23,63,66,1970-01-21 14:37:16.660000000,1970-01-21 14:38:04.980000000,Hè,,,
Lào Cai,Trung du miền núi Bắc Bộ,2026-06-06,27.433333333333334,32.544444444444444,23.37777777777778,33.12222222222223,39.24444444444444,28.377777777777776,3.1333333333333333,3.1333333333333333,0.0,8.777777777777779,81.55555555555556,10.911111111111111,29.866666666666667,21.82,1003.9555555555556,91.66666666666667,23.633333333333333,0.0,4.671111111111111,22.0954,104.4233,11.437777777777777,13.431111111111111,6,23,53,64,1970-01-21 14:38:43.060000000,1970-01-21 14:39:31.413333333,Hè,,,
Lào Cai,Trung du miền núi Bắc Bộ,2026-06-07,28.5,32.888888888888886,24.51111111111111,34.144444444444446,39.03333333333333,29.78888888888889,0.8333333333333334,0.8333333333333334,0.0,5.0,76.77777777777777,9.455555555555556,29.56666666666667,23.142222222222223,1002.2888888888889,77.44444444444444,23.577777777777776,0.0,5.085555555555555,22.0954,104.4233,11.899999999999999,13.44,6,23,51,53,1970-01-21 14:40:09.460000000,1970-01-21 14:40:57.826666666,Hè,,,
Lào Cai,Trung du miền núi Bắc Bộ,2026-06-08,26.788888888888888,32.18888888888889,24.133333333333333,32.266666666666666,38.0,29.644444444444446,25.37777777777778,25.37777777777778,0.0,12.222222222222221,83.33333333333333,9.366666666666667,31.38888888888889,15.813333333333333,1002.8888888888889,98.22222222222223,23.455555555555556,0.0,3.42,22.0954,104.4233,6.1066666666666665,13.447777777777778,6,24,63,23,1970-01-21 14:41:35.860000000,1970-01-21 14:42:24.246666666,Hè,,,
Lào Cai,Trung du miền núi Bắc Bộ,2026-06-09,22.22222222222222,23.977777777777778,21.1,26.211111111111112,29.133333333333333,24.61111111111111,31.700000000000003,31.700000000000003,0.0,20.0,92.11111111111111,6.844444444444445,19.211111111111112,9.02,1008.3444444444444,99.33333333333333,20.799999999999997,0.0,1.8066666666666664,22.0954,104.4233,1.0166666666666666,13.45111111111111,6,24,63,87,1970-01-21 14:43:02.260000000,1970-01-21 14:43:50.680000000,Hè,,,
Lào Cai,Trung du miền núi Bắc Bộ,2026-06-10,23.533333333333335,26.766666666666666,20.933333333333334,27.044444444444444,30.055555555555557,24.666666666666668,1.2999999999999998,1.2999999999999998,0.0,3.2222222222222223,81.33333333333333,5.333333333333333,17.355555555555554,15.045555555555556,1010.8333333333334,97.0,19.87777777777778,0.0,3.072222222222222,22.0954,104.4233,7.5488888888888885,13.457777777777778,6,24,3,291,1970-01-21 14:44:28.660000000,1970-01-21 14:45:17.093333333,Hè,,,
Lào Cai,Trung du miền núi Bắc Bộ,2026-06-11,25.144444444444446,28.61111111111111,22.133333333333333,28.877777777777776,32.544444444444444,25.822222222222223,3.9777777777777774,3.9777777777777774,0.0,6.333333333333333,76.11111111111111,8.588888888888889,25.200000000000003,20.394444444444446,1012.2333333333333,89.88888888888889,20.355555555555554,0.0,4.242222222222222,22.0954,104.4233,10.28,13.461111111111112,6,24,53,79,1970-01-21 14:45:55.060000000,1970-01-21 14:46:43.506666666,Hè,,,
Lào Cai,Trung du miền núi Bắc Bộ,2026-06-12,25.311111111111114,29.15555555555555,22.11111111111111,30.28888888888889,34.388888888888886,26.700000000000003,5.8999999999999995,5.8999999999999995,0.0,13.11111111111111,85.33333333333333,7.066666666666666,24.72222222222222,18.528888888888886,1011.188888888889,97.33333333333333,22.51111111111111,0.0,3.775555555555555,22.0954,104.4233,9.411111111111111,13.467777777777778,6,24,63,76,1970-01-21 14:47:21.466666666,1970-01-21 14:48:09.933333333,Hè,,,
Lào Cai,Trung du miền núi Bắc Bộ,2026-06-13,27.288888888888888,31.622222222222224,23.933333333333334,32.86666666666667,37.388888888888886,29.28888888888889,1.5111111111111113,1.5111111111111113,0.0,7.111111111111111,81.0,8.222222222222221,26.355555555555554,18.605555555555554,1006.6444444444444,93.44444444444444,23.444444444444443,0.0,4.027777777777778,22.0954,104.4233,9.491111111111111,13.47,6,24,51,29,1970-01-21 14:48:47.866666666,1970-01-21 14:49:36.346666666,Hè,,,
Lào Cai,Trung du miền núi Bắc Bộ,2026-06-14,28.11111111111111,32.666666666666664,24.555555555555557,33.68888888888889,39.077777777777776,29.43333333333333,1.1444444444444446,1.1444444444444446,0.0,5.222222222222222,76.55555555555556,8.61111111111111,27.833333333333332,23.435555555555556,1003.9888888888888,89.88888888888889,23.233333333333334,0.0,5.046666666666667,22.0954,104.4233,11.44,13.471111111111112,6,24,51,134,1970-01-21 14:50:14.266666666,1970-01-21 14:51:02.760000000,Hè,,,
Lào Cai,Trung du miền núi Bắc Bộ,2026-06-15,27.211111111111112,32.21111111111111,24.522222222222222,33.24444444444444,38.46666666666667,30.21111111111111,10.777777777777779,10.777777777777779,0.0,13.11111111111111,85.0,9.211111111111112,27.866666666666667,19.026666666666667,1004.8222222222222,98.55555555555556,24.08888888888889,0.0,4.1,22.0954,104.4233,7.449999999999999,13.47777777777778,6,25,53,32,1970-01-21 14:51:40.666666666,1970-01-21 14:52:29.193333333,Hè,,,
Lào Cai,Trung du miền núi Bắc Bộ,2026-06-16,25.755555555555556,29.54444444444444,23.58888888888889,31.666666666666668,36.28888888888889,29.011111111111113,14.733333333333333,14.733333333333333,0.0,18.77777777777778,91.11111111111111,7.611111111111111,26.644444444444446,14.517777777777777,1006.3333333333334,97.0,24.12222222222222,0.0,2.9744444444444444,22.0954,104.4233,5.168888888888889,13.47777777777778,6,25,63,36,1970-01-21 14:53:07.086666666,1970-01-21 14:53:55.606666666,Hè,,,
Lào Cai,Trung du miền núi Bắc Bộ,2026-06-17,26.688888888888886,30.977777777777778,23.544444444444444,32.5,36.833333333333336,28.644444444444446,10.777777777777779,10.777777777777779,0.0,12.88888888888889,86.66666666666667,8.788888888888888,27.555555555555557,15.913333333333334,1005.4222222222221,98.55555555555556,24.055555555555557,0.0,3.417777777777778,22.0954,104.4233,6.20888888888889,13.481111111111112,6,25,63,51,1970-01-21 14:54:33.486666666,1970-01-21 14:55:22.013333333,Hè,,,
Lào Cai,Trung du miền núi Bắc Bộ,2026-06-18,27.055555555555557,31.333333333333332,23.744444444444444,32.82222222222222,37.03333333333333,28.977777777777778,5.166666666666667,5.166666666666667,0.0,11.777777777777779,84.66666666666667,11.011111111111111,30.200000000000003,17.817777777777778,1004.2111111111111,97.33333333333333,24.033333333333335,0.0,3.8388888888888886,22.0954,104.4233,7.930000000000001,13.481111111111112,6,25,53,74,1970-01-21 14:55:59.900000000,1970-01-21 14:56:48.440000000,Hè,,,
Lào Cai,Trung du miền núi Bắc Bộ,2026-06-19,27.255555555555556,31.11111111111111,25.077777777777776,33.24444444444444,36.52222222222222,30.977777777777778,2.3777777777777778,2.3777777777777778,0.0,8.11111111111111,84.88888888888889,9.18888888888889,29.67777777777778,15.0,1004.1555555555556,99.77777777777777,24.266666666666666,0.0,3.29,22.0954,104.4233,4.671111111111111,13.481111111111112,6,25,53,11,1970-01-21 14:57:26.320000000,1970-01-21 14:58:14.860000000,Hè,,,
Lào Cai,Trung du miền núi Bắc Bộ,2026-06-20,26.944444444444443,30.966666666666665,24.22222222222222,32.86666666666667,36.577777777777776,29.41111111111111,6.477777777777778,6.477777777777778,0.0,12.777777777777779,85.44444444444444,10.166666666666666,30.04444444444444,16.00111111111111,1005.4111111111112,98.33333333333333,24.08888888888889,0.0,3.445555555555556,22.0954,104.4233,6.8311111111111105,13.481111111111112,6,25,63,52,1970-01-21 14:58:52.726666666,1970-01-21 14:59:41.266666666,Hè,,,
Lào Cai,Trung du miền núi Bắc Bộ,2026-06-21,26.577777777777776,30.188888888888886,23.88888888888889,32.02222222222222,35.06666666666667,29.22222222222222,4.300000000000001,4.300000000000001,0.0,9.555555555555555,84.22222222222223,8.077777777777778,24.922222222222224,14.767777777777777,1006.5999999999999,98.33333333333333,23.51111111111111,0.0,3.1966666666666668,22.0954,104.4233,6.538888888888889,13.482222222222223,6,25,51,99,1970-01-21 15:00:19.140000000,1970-01-21 15:01:07.680000000,Hè,,,
Lào Cai,Trung du miền núi Bắc Bộ,2026-06-22,27.788888888888888,31.966666666666665,24.38888888888889,32.955555555555556,37.099999999999994,29.688888888888886,1.0444444444444445,1.0444444444444445,0.0,5.111111111111111,77.0,9.433333333333334,29.56666666666667,19.135555555555555,1003.9444444444445,78.88888888888889,23.022222222222222,0.0,4.2444444444444445,22.0954,104.4233,10.572222222222223,13.481111111111112,6,26,51,57,1970-01-21 15:01:45.546666666,1970-01-21 15:02:34.086666666,Hè,,,
Lào Cai,Trung du miền núi Bắc Bộ,2026-06-23,28.84444444444445,33.333333333333336,24.866666666666667,33.82222222222222,38.922222222222224,29.555555555555557,0.35555555555555557,0.35555555555555557,0.0,2.4444444444444446,70.66666666666667,10.844444444444443,32.0,24.085555555555555,1001.1666666666666,90.0,22.555555555555557,0.0,5.371111111111111,22.0954,104.4233,12.05777777777778,13.481111111111112,6,26,51,98,1970-01-21 15:03:11.980000000,1970-01-21 15:04:00.513333333,Hè,,,
Lào Cai,Trung du miền núi Bắc Bộ,2026-06-24,29.366666666666667,33.988888888888894,25.555555555555557,34.388888888888886,39.27777777777778,29.622222222222224,0.6555555555555556,0.6555555555555556,0.0,3.0,69.44444444444444,10.166666666666666,30.28888888888889,22.31222222222222,1001.4555555555556,93.44444444444444,22.8,0.0,5.131111111111111,22.0954,104.4233,11.642222222222223,13.481111111111112,6,26,3,179,1970-01-21 15:04:38.386666666,1970-01-21 15:05:26.926666666,Hè,,,
Lào Cai,Trung du miền núi Bắc Bộ,2026-06-25,29.188888888888886,33.388888888888886,25.633333333333333,34.72222222222222,38.43333333333333,30.866666666666667,2.0777777777777775,2.0777777777777775,0.0,3.3333333333333335,73.88888888888889,9.144444444444444,27.711111111111112,18.073333333333334,1002.8000000000001,98.44444444444444,23.62222222222222,0.0,4.164444444444445,22.0954,104.4233,7.285555555555555,13.481111111111112,6,26,51,22,1970-01-21 15:06:04.800000000,1970-01-21 15:06:53.326666666,Hè,,,
Lào Cai,Trung du miền núi Bắc Bộ,2026-06-26,24.788888888888888,25.944444444444443,23.98888888888889,30.688888888888886,32.62222222222223,29.377777777777776,25.299999999999997,25.299999999999997,0.0,19.333333333333332,95.55555555555556,6.066666666666666,19.866666666666667,5.217777777777778,1005.9111111111112,96.22222222222223,24.033333333333335,0.0,1.1588888888888889,22.0954,104.4233,0.08555555555555555,13.48,6,26,63,49,1970-01-21 15:07:31.206666666,1970-01-21 15:08:19.733333333,Hè,,,
Lào Cai,Trung du miền núi Bắc Bộ,2026-06-27,25.6,28.977777777777778,22.922222222222224,31.32222222222222,35.37777777777777,28.0,22.144444444444446,22.144444444444446,0.0,16.22222222222222,88.55555555555556,4.344444444444445,19.53333333333333,17.194444444444443,1005.9222222222221,97.22222222222223,23.4,0.0,3.537777777777778,22.0954,104.4233,8.498888888888889,13.47777777777778,6,26,65,26,1970-01-21 15:08:57.640000000,1970-01-21 15:09:46.140000000,Hè,,,
Lào Cai,Trung du miền núi Bắc Bộ,2026-06-28,26.066666666666666,30.65555555555555,23.233333333333334,32.2,38.13333333333333,28.522222222222222,19.62222222222222,19.62222222222222,0.0,21.11111111111111,89.22222222222223,6.5,23.01111111111111,21.07888888888889,1004.5333333333333,97.33333333333333,24.022222222222222,0.0,4.307777777777778,22.0954,104.4233,10.345555555555556,13.471111111111112,6,26,63,50,1970-01-21 15:10:24.046666666,1970-01-21 15:11:12.546666666,Hè,,,
Lào Cai,Trung du miền núi Bắc Bộ,2026-06-29,25.244444444444444,28.84444444444445,23.299999999999997,31.100000000000005,35.13333333333333,28.599999999999998,39.077777777777776,39.077777777777776,0.0,23.666666666666668,92.66666666666667,6.044444444444444,21.08888888888889,16.333333333333332,1004.3222222222222,98.55555555555556,23.866666666666667,0.0,3.3277777777777775,22.0954,104.4233,6.733333333333333,13.471111111111112,6,27,63,91,1970-01-21 15:11:50.466666666,1970-01-21 15:12:38.960000000,Hè,,,
Lào Cai,Trung du miền núi Bắc Bộ,2026-06-30,24.033333333333335,25.266666666666666,23.22222222222222,29.700000000000003,31.333333333333332,28.522222222222222,35.233333333333334,35.233333333333334,0.0,24.0,96.77777777777777,4.866666666666666,15.899999999999999,7.111111111111111,1005.7444444444445,100.0,23.477777777777778,0.0,1.4944444444444445,22.0954,104.4233,0.07222222222222223,13.467777777777778,6,27,63,55,1970-01-21 15:13:16.886666666,1970-01-21 15:14:05.373333333,Hè,,,
Lào Cai,Trung du miền núi Bắc Bộ,2026-07-01,24.177777777777777,26.844444444444445,22.77777777777778,29.5,32.544444444444444,27.6,43.955555555555556,43.955555555555556,0.0,23.22222222222222,94.66666666666667,6.300000000000001,20.522222222222222,10.364444444444445,1006.9111111111112,98.22222222222223,23.233333333333334,0.0,2.0933333333333333,22.0954,104.4233,3.9188888888888886,13.461111111111112,7,27,63,8,1970-01-21 15:14:43.306666666,1970-01-21 15:15:31.773333333,Hè,,,
Lào Cai,Trung du miền núi Bắc Bộ,2026-07-02,24.844444444444445,28.344444444444445,22.333333333333332,30.055555555555557,33.94444444444444,26.87777777777778,17.166666666666668,17.166666666666668,0.0,18.77777777777778,91.0,9.433333333333334,28.488888888888887,18.076666666666668,1008.2888888888889,90.0,23.166666666666668,0.0,3.5366666666666666,22.0954,104.4233,9.128888888888888,13.457777777777778,7,27,61,122,1970-01-21 15:16:09.726666666,1970-01-21 15:16:58.173333333,Hè,,,
Lào Cai,Trung du miền núi Bắc Bộ,2026-07-03,26.88888888888889,31.444444444444443,22.98888888888889,32.388888888888886,37.94444444444444,27.666666666666668,5.088888888888889,5.088888888888889,0.0,10.777777777777779,79.77777777777777,7.722222222222222,22.87777777777778,25.59,1006.9000000000001,51.111111111111114,22.744444444444444,0.0,5.2811111111111115,22.0954,104.4233,12.443333333333333,13.45111111111111,7,27,53,110,1970-01-21 15:17:36.140000000,1970-01-21 15:18:24.580000000,Hè,,,
Lào Cai,Trung du miền núi Bắc Bộ,2026-07-04,26.766666666666666,31.45555555555556,22.933333333333334,32.48888888888889,37.77777777777778,27.788888888888888,7.811111111111111,7.811111111111111,0.0,14.555555555555555,84.0,8.266666666666667,26.522222222222222,23.790000000000003,1003.8666666666666,79.55555555555556,23.477777777777778,0.0,4.892222222222222,22.0954,104.4233,12.165555555555557,13.447777777777778,7,27,61,331,1970-01-21 15:19:02.566666666,1970-01-21 15:19:50.980000000,Hè,,,
Lào Cai,Trung du miền núi Bắc Bộ,2026-07-05,27.055555555555557,31.255555555555556,23.77777777777778,32.74444444444444,37.099999999999994,28.78888888888889,10.222222222222221,10.222222222222221,0.0,16.88888888888889,84.33333333333333,8.566666666666666,26.11111111111111,20.045555555555556,1002.3222222222222,93.33333333333333,23.87777777777778,0.0,4.228888888888889,22.0954,104.4233,10.932222222222222,13.44111111111111,7,27,61,271,1970-01-21 15:20:28.986666666,1970-01-21 15:21:17.373333333,Hè,,,
Lào Cai,Trung du miền núi Bắc Bộ,2026-07-06,26.88888888888889,31.055555555555557,24.244444444444444,32.56666666666667,37.077777777777776,29.78888888888889,3.1444444444444444,3.1444444444444444,0.0,10.555555555555555,84.55555555555556,10.055555555555555,29.855555555555554,19.855555555555554,1001.5888888888888,87.88888888888889,23.811111111111114,0.0,4.177777777777778,22.0954,104.4233,10.244444444444445,13.437777777777777,7,28,51,31,1970-01-21 15:21:55.400000000,1970-01-21 15:22:43.773333333,Hè,,,
Lào Cai,Trung du miền núi Bắc Bộ,2026-07-07,26.88888888888889,31.033333333333335,24.033333333333335,32.96666666666667,38.03333333333333,29.522222222222222,6.7555555555555555,6.7555555555555555,0.0,13.222222222222221,85.77777777777777,7.655555555555556,24.677777777777777,20.891111111111112,1002.1999999999999,71.0,24.11111111111111,0.0,4.305555555555555,22.0954,104.4233,11.935555555555556,13.427777777777777,7,28,63,58,1970-01-21 15:23:21.826666666,1970-01-21 15:24:10.173333333,Hè,,,
Lào Cai,Trung du miền núi Bắc Bộ,2026-07-08,25.733333333333334,29.84444444444445,23.72222222222222,31.811111111111114,36.599999999999994,29.233333333333334,14.455555555555556,14.455555555555556,0.0,18.22222222222222,91.11111111111111,7.366666666666666,21.833333333333332,16.25888888888889,1002.9888888888888,92.55555555555556,24.077777777777776,0.0,3.3377777777777777,22.0954,104.4233,7.596666666666668,13.42111111111111,7,28,63,57,1970-01-21 15:24:48.246666666,1970-01-21 15:25:36.573333333,Hè,,,
Lào Cai,Trung du miền núi Bắc Bộ,2026-07-09,24.58888888888889,27.477777777777778,22.88888888888889,29.84444444444445,32.5,27.966666666666665,17.811111111111114,17.811111111111114,0.0,16.11111111111111,91.77777777777777,6.544444444444444,19.444444444444443,11.147777777777778,1003.1999999999999,93.0,23.066666666666666,0.0,2.288888888888889,22.0954,104.4233,4.533333333333333,13.411111111111111,7,28,63,40,1970-01-21 15:26:14.680000000,1970-01-21 15:27:02.960000000,Hè,,,
Lào Cai,Trung du miền núi Bắc Bộ,2026-07-10,26.12222222222222,30.45555555555556,23.4,31.855555555555554,36.84444444444445,28.733333333333334,3.988888888888889,3.988888888888889,0.0,15.333333333333334,86.55555555555556,7.411111111111111,21.477777777777778,19.316666666666666,1001.7333333333333,72.88888888888889,23.51111111111111,0.0,4.012222222222222,22.0954,104.4233,9.68888888888889,13.405555555555557,7,28,53,87,1970-01-21 15:27:41.093333333,1970-01-21 15:28:29.346666666,Hè,,,
Lào Cai,Trung du miền núi Bắc Bộ,2026-07-11,26.6,30.833333333333332,23.422222222222224,32.84444444444445,37.93333333333333,28.666666666666668,8.011111111111111,8.011111111111111,0.0,19.0,87.11111111111111,5.511111111111111,19.355555555555554,22.066666666666666,1000.1111111111111,59.111111111111114,24.044444444444444,0.0,4.543333333333333,22.0954,104.4233,11.248888888888889,13.397777777777778,7,28,61,40,1970-01-21 15:29:07.520000000,1970-01-21 15:29:55.740000000,Hè,,,
Lào Cai,Trung du miền núi Bắc Bộ,2026-07-12,27.188888888888886,31.65555555555555,23.066666666666666,33.41111111111111,38.87777777777777,28.044444444444444,5.066666666666666,5.066666666666666,0.0,13.777777777777779,83.77777777777777,7.288888888888888,21.633333333333333,25.453333333333333,1000.9333333333333,70.11111111111111,23.87777777777778,0.0,5.2411111111111115,22.0954,104.4233,12.59,13.387777777777778,7,28,61,10,1970-01-21 15:30:33.946666666,1970-01-21 15:31:22.133333333,Hè,,,
Lào Cai,Trung du miền núi Bắc Bộ,2026-07-13,27.444444444444443,31.5,23.188888888888886,33.44444444444444,38.766666666666666,27.944444444444443,3.1444444444444444,3.1444444444444444,0.0,8.222222222222221,81.22222222222223,8.133333333333333,26.211111111111112,25.284444444444446,1002.8333333333334,55.111111111111114,23.62222222222222,0.0,5.225555555555555,22.0954,104.4233,12.707777777777778,13.38,7,29,53,65,1970-01-21 15:32:00.366666666,1970-01-21 15:32:48.526666666,Hè,,,
Lào Cai,Trung du miền núi Bắc Bộ,2026-07-14,27.755555555555556,32.67777777777778,23.244444444444444,34.06666666666667,40.17777777777778,28.188888888888886,3.388888888888889,3.388888888888889,0.0,8.0,82.11111111111111,8.333333333333334,23.08888888888889,24.706666666666667,1002.8888888888889,74.55555555555556,24.144444444444446,0.0,5.222222222222222,22.0954,104.4233,12.231111111111112,13.37,7,29,53,166,1970-01-21 15:33:26.806666666,1970-01-21 15:34:14.926666666,Hè,,,
Lào Cai,Trung du miền núi Bắc Bộ,2026-07-15,28.37777777777778,32.47777777777778,25.044444444444444,34.55555555555556,39.25555555555556,30.56666666666667,3.477777777777778,3.477777777777778,0.0,6.444444444444445,79.77777777777777,9.355555555555556,29.355555555555554,21.906666666666666,1002.7888888888889,95.44444444444444,24.27777777777778,0.0,4.7411111111111115,22.0954,104.4233,10.158888888888889,13.36,7,29,63,33,1970-01-21 15:34:53.220000000,1970-01-21 15:35:41.313333333,Hè,,,
Lào Cai,Trung du miền núi Bắc Bộ,2026-07-16,25.433333333333334,27.77777777777778,23.72222222222222,31.077777777777776,32.91111111111111,28.922222222222224,25.77777777777778,25.77777777777778,0.0,16.333333333333332,91.44444444444444,6.9,26.31111111111111,8.538888888888888,1002.9666666666667,95.55555555555556,23.844444444444445,0.0,1.8177777777777777,22.0954,104.4233,2.4544444444444444,13.35,7,29,63,34,1970-01-21 15:36:19.646666666,1970-01-21 15:37:07.700000000,Hè,,,
Lào Cai,Trung du miền núi Bắc Bộ,2026-07-17,26.544444444444444,30.166666666666668,23.87777777777778,32.25555555555556,36.13333333333333,29.266666666666666,5.355555555555555,5.355555555555555,0.0,10.0,85.22222222222223,6.944444444444445,25.322222222222223,17.997777777777777,1002.2333333333333,75.77777777777777,23.677777777777777,0.0,3.7466666666666666,22.0954,104.4233,10.066666666666666,13.337777777777777,7,29,51,21,1970-01-21 15:37:46.066666666,1970-01-21 15:38:34.080000000,Hè,,,
Lào Cai,Trung du miền núi Bắc Bộ,2026-07-18,26.77777777777778,31.200000000000003,24.433333333333334,33.02222222222222,38.25555555555556,30.04444444444444,9.933333333333334,9.933333333333334,0.0,12.666666666666666,86.88888888888889,7.611111111111111,24.955555555555556,19.76888888888889,1002.6111111111111,89.55555555555556,24.233333333333334,0.0,4.095555555555555,22.0954,104.4233,10.396666666666668,13.327777777777778,7,29,63,249,1970-01-21 15:39:12.486666666,1970-01-21 15:40:00.466666666,Hè,,,
Lào Cai,Trung du miền núi Bắc Bộ,2026-07-19,24.72222222222222,26.144444444444446,23.433333333333334,30.266666666666666,31.922222222222224,28.166666666666668,27.87777777777778,27.87777777777778,0.0,18.444444444444443,94.0,7.277777777777778,21.288888888888888,8.850000000000001,1004.6555555555556,100.0,23.655555555555555,0.0,1.7966666666666664,22.0954,104.4233,0.32111111111111107,13.315555555555555,7,29,63,261,1970-01-21 15:40:38.926666666,1970-01-21 15:41:26.866666666,Hè,,,
Lào Cai,Trung du miền núi Bắc Bộ,2026-07-20,26.866666666666667,32.05555555555556,22.77777777777778,32.02222222222222,38.24444444444444,27.08888888888889,2.322222222222222,2.322222222222222,0.0,5.777777777777778,78.88888888888889,7.711111111111112,21.555555555555557,22.87222222222222,1004.2777777777778,90.33333333333333,22.48888888888889,0.0,4.865555555555556,22.0954,104.4233,10.654444444444444,13.302222222222222,7,30,51,25,1970-01-21 15:42:05.346666666,1970-01-21 15:42:53.233333333,Hè,,,
