province,region,date,temperature_2m_mean,temperature_2m_max,temperature_2m_min,apparent_temperature_mean,apparent_temperature_max,apparent_temperature_min,precipitation_sum,rain_sum,showers_sum,precipitation_hours,relative_humidity_2m_mean,wind_speed_10m_max,wind_gusts_10m_max,shortwave_radiation_sum,pressure_msl_mean,cloud_cover_mean,dew_point_2m_mean,snowfall_sum,et0_fao_evapotranspiration,latitude,longitude,sunshine_hours,daylight_hours,month,week,weather_code,wind_direction_10m_dominant,sunrise,sunset,season,uv_index_max,uv_index_clear_sky_max,precipitation_probability_max
Lâm Đồng,Tây Nguyên,2025-07-21,21.318181818181817,23.272727272727273,20.30909090909091,22.572727272727274,25.79090909090909,20.827272727272728,13.69090909090909,13.69090909090909,0.0,24.0,95.27272727272727,25.572727272727274,59.2,13.164545454545454,1007.8727272727273,100.0,20.481818181818184,0.0,2.137272727272727,11.678500000000001,108.07580000000002,4.741818181818182,12.70909090909091,7,30,63,246,1970-01-21 06:57:55.947272727,1970-01-21 06:58:41.694545454,Hè,,,
Lâm Đồng,Tây Nguyên,2025-07-22,21.572727272727274,24.11818181818182,20.018181818181816,23.436363636363637,26.454545454545453,20.981818181818184,11.036363636363635,11.036363636363635,0.0,20.272727272727273,93.45454545454545,24.718181818181815,59.66363636363636,18.665454545454544,1007.7818181818183,100.0,20.418181818181818,0.0,3.011818181818182,11.678500000000001,108.07580000000002,9.956363636363635,12.703636363636365,7,30,61,266,1970-01-21 06:59:22.358181818,1970-01-21 07:00:08.089090909,Hè,,,
Lâm Đồng,Tây Nguyên,2025-07-23,22.327272727272728,25.654545454545453,20.463636363636365,24.70909090909091,28.44545454545454,22.37272727272727,8.1,8.1,0.0,22.0,90.54545454545455,22.672727272727272,55.28181818181818,21.426363636363636,1007.6909090909091,93.18181818181819,20.62727272727273,0.0,3.667272727272727,11.678500000000001,108.07580000000002,10.833636363636364,12.69818181818182,7,30,61,249,1970-01-21 07:00:48.769090909,1970-01-21 07:01:34.483636363,Hè,,,
Lâm Đồng,Tây Nguyên,2025-07-24,22.62727272727273,25.99090909090909,20.363636363636363,24.509090909090904,27.3,22.045454545454547,2.4545454545454546,2.4545454545454546,0.0,10.545454545454545,86.0,24.94545454545454,59.63636363636363,18.58727272727273,1008.5272727272727,99.54545454545455,20.036363636363635,0.0,3.494545454545454,11.678500000000001,108.07580000000002,9.122727272727273,12.689090909090908,7,30,51,286,1970-01-21 07:02:15.180000000,1970-01-21 07:03:00.872727272,Hè,,,
Lâm Đồng,Tây Nguyên,2025-07-25,22.945454545454545,26.20909090909091,20.8,24.781818181818185,26.818181818181817,23.163636363636364,2.4454545454545453,2.4454545454545453,0.0,7.0,83.81818181818181,22.181818181818183,49.472727272727276,13.171818181818184,1008.3909090909091,97.9090909090909,19.918181818181818,0.0,2.8972727272727274,11.678500000000001,108.07580000000002,5.8118181818181816,12.683636363636362,7,30,53,307,1970-01-21 07:03:41.590909091,1970-01-21 07:04:27.256363636,Hè,,,
Lâm Đồng,Tây Nguyên,2025-07-26,22.472727272727273,25.79090909090909,20.66363636363636,24.736363636363638,27.4,23.054545454545455,10.827272727272726,10.827272727272726,0.0,19.727272727272727,89.0909090909091,24.645454545454548,55.872727272727275,20.116363636363637,1009.1363636363636,98.0909090909091,20.418181818181818,0.0,3.6163636363636367,11.678500000000001,108.07580000000002,10.312727272727273,12.677272727272726,7,30,61,300,1970-01-21 07:05:08.007272727,1970-01-21 07:05:53.640000000,Hè,,,
Lâm Đồng,Tây Nguyên,2025-07-27,22.3,25.763636363636362,20.763636363636365,24.80909090909091,28.736363636363638,23.063636363636363,5.790909090909091,5.790909090909091,0.0,18.09090909090909,90.72727272727273,19.672727272727272,45.58181818181818,19.44,1009.4,99.81818181818181,20.599999999999998,0.0,3.433636363636364,11.678500000000001,108.07580000000002,10.796363636363637,12.66909090909091,7,30,51,278,1970-01-21 07:06:34.418181818,1970-01-21 07:07:20.029090909,Hè,,,
Lâm Đồng,Tây Nguyên,2025-07-28,22.60909090909091,26.181818181818183,20.972727272727273,25.254545454545454,29.3,23.8,5.5,5.5,0.0,18.636363636363637,90.27272727272727,19.354545454545455,44.40909090909091,20.16181818181818,1009.0181818181819,84.45454545454545,20.827272727272728,0.0,3.583636363636364,11.678500000000001,108.07580000000002,10.414545454545454,12.661818181818182,7,31,53,231,1970-01-21 07:08:00.834545454,1970-01-21 07:08:46.423636363,Hè,,,
Lâm Đồng,Tây Nguyên,2025-07-29,22.900000000000002,26.345454545454547,21.236363636363635,25.38181818181818,29.2,23.663636363636364,5.490909090909091,5.490909090909091,0.0,19.181818181818183,88.9090909090909,22.681818181818183,51.709090909090904,20.924545454545456,1009.0818181818181,81.0909090909091,20.87272727272727,0.0,3.7372727272727273,11.678500000000001,108.07580000000002,10.462727272727273,12.657272727272726,7,31,53,232,1970-01-21 07:09:27.245454545,1970-01-21 07:10:12.807272727,Hè,,,
Lâm Đồng,Tây Nguyên,2025-07-30,22.90909090909091,26.40909090909091,20.972727272727273,25.318181818181817,28.845454545454547,23.20909090909091,3.5090909090909093,3.5090909090909093,0.0,16.727272727272727,88.27272727272727,23.854545454545452,52.58181818181818,22.01181818181818,1009.7272727272727,85.54545454545455,20.754545454545454,0.0,3.938181818181818,11.678500000000001,108.07580000000002,10.867272727272727,12.64909090909091,7,31,51,260,1970-01-21 07:10:53.650909091,1970-01-21 07:11:39.180000000,Hè,,,
Lâm Đồng,Tây Nguyên,2025-07-31,23.12727272727273,26.836363636363636,20.88181818181818,25.44545454545454,29.59090909090909,22.736363636363635,3.1454545454545455,3.1454545454545455,0.0,10.090909090909092,85.81818181818181,22.836363636363636,50.11818181818182,22.882727272727273,1009.9,75.63636363636364,20.472727272727273,0.0,4.1890909090909085,11.678500000000001,108.07580000000002,11.942727272727273,12.639090909090909,7,31,55,240,1970-01-21 07:12:20.067272727,1970-01-21 07:13:05.569090909,Hè,,,
Lâm Đồng,Tây Nguyên,2025-08-01,23.80909090909091,28.08181818181818,21.009090909090908,26.754545454545454,31.599999999999998,23.8,1.2272727272727273,1.2272727272727273,0.0,8.181818181818182,84.63636363636364,16.71818181818182,38.22727272727273,22.304545454545455,1009.2363636363636,93.63636363636364,20.818181818181817,0.0,4.365454545454545,11.678500000000001,108.07580000000002,11.943636363636363,12.631818181818183,8,31,51,247,1970-01-21 07:13:46.478181818,1970-01-21 07:14:31.952727272,Hè,,,
Lâm Đồng,Tây Nguyên,2025-08-02,24.036363636363635,28.254545454545454,20.972727272727273,27.40909090909091,32.02727272727273,24.6,1.3545454545454545,1.3545454545454545,0.0,8.454545454545455,83.54545454545455,14.272727272727273,33.554545454545455,23.742727272727276,1010.4272727272728,97.0,20.8,0.0,4.679090909090909,11.678500000000001,108.07580000000002,11.49,12.622727272727273,8,31,51,242,1970-01-21 07:15:12.889090909,1970-01-21 07:15:58.325454545,Hè,,,
Lâm Đồng,Tây Nguyên,2025-08-03,23.872727272727275,28.654545454545453,20.736363636363635,27.08181818181818,32.57272727272727,24.218181818181815,1.4090909090909092,1.4090909090909092,0.0,6.2727272727272725,83.45454545454545,14.681818181818182,34.76363636363636,23.80363636363636,1011.8454545454545,96.0,20.572727272727274,0.0,4.720909090909091,11.678500000000001,108.07580000000002,11.81,12.617272727272727,8,31,51,250,1970-01-21 07:16:39.294545454,1970-01-21 07:17:24.709090909,Hè,,,
Lâm Đồng,Tây Nguyên,2025-08-04,23.781818181818185,28.645454545454548,20.12727272727273,27.354545454545452,32.95454545454545,23.3,1.781818181818182,1.781818181818182,0.0,5.636363636363637,84.0,12.79090909090909,32.54545454545455,24.08818181818182,1011.6454545454545,67.72727272727273,20.536363636363635,0.0,4.767272727272727,11.678500000000001,108.07580000000002,11.766363636363637,12.608181818181817,8,32,51,271,1970-01-21 07:18:05.705454545,1970-01-21 07:18:51.092727272,Hè,,,
Lâm Đồng,Tây Nguyên,2025-08-05,23.163636363636364,28.318181818181817,20.327272727272728,26.872727272727275,32.90909090909091,23.781818181818185,5.109090909090909,5.109090909090909,0.0,8.727272727272727,87.81818181818181,12.1,31.027272727272727,21.572727272727274,1011.3909090909091,87.0,20.827272727272728,0.0,4.171818181818182,11.678500000000001,108.07580000000002,10.844545454545454,12.59909090909091,8,32,63,202,1970-01-21 07:19:32.110909091,1970-01-21 07:20:17.465454545,Hè,,,
Lâm Đồng,Tây Nguyên,2025-08-06,23.054545454545455,28.354545454545452,20.081818181818182,26.727272727272727,33.21818181818182,23.072727272727274,6.490909090909091,6.490909090909091,0.0,11.272727272727273,87.0,10.409090909090908,26.0,22.61,1011.5363636363636,99.36363636363636,20.463636363636365,0.0,4.440909090909091,11.678500000000001,108.07580000000002,10.781818181818181,12.590909090909092,8,32,61,215,1970-01-21 07:20:58.521818181,1970-01-21 07:21:43.849090909,Hè,,,
Lâm Đồng,Tây Nguyên,2025-08-07,22.772727272727273,28.49090909090909,19.318181818181817,26.41818181818182,33.27272727272727,22.38181818181818,3.227272727272727,3.227272727272727,0.0,5.545454545454546,86.27272727272727,9.227272727272727,24.572727272727274,22.30545454545455,1012.1636363636363,66.36363636363636,20.027272727272727,0.0,4.3500000000000005,11.678500000000001,108.07580000000002,10.748181818181818,12.581818181818182,8,32,63,299,1970-01-21 07:22:24.938181818,1970-01-21 07:23:10.232727272,Hè,,,
Lâm Đồng,Tây Nguyên,2025-08-08,22.436363636363637,28.018181818181816,19.081818181818182,25.9,32.663636363636364,21.754545454545454,4.490909090909091,4.490909090909091,0.0,4.545454545454546,87.0909090909091,11.481818181818182,30.518181818181816,20.296363636363637,1012.5636363636364,73.81818181818181,19.936363636363637,0.0,3.909090909090909,11.678500000000001,108.07580000000002,11.096363636363636,12.572727272727274,8,32,63,319,1970-01-21 07:23:51.338181818,1970-01-21 07:24:36.600000000,Hè,,,
Lâm Đồng,Tây Nguyên,2025-08-09,22.5,27.854545454545452,19.636363636363637,25.50909090909091,31.00909090909091,22.60909090909091,5.072727272727272,5.072727272727272,0.0,5.181818181818182,86.0909090909091,14.590909090909092,34.336363636363636,19.329090909090908,1012.0818181818181,91.63636363636364,19.745454545454546,0.0,3.8036363636363633,11.678500000000001,108.07580000000002,9.492727272727272,12.565454545454545,8,32,53,323,1970-01-21 07:25:17.749090909,1970-01-21 07:26:02.983636363,Hè,,,
Lâm Đồng,Tây Nguyên,2025-08-10,22.599999999999998,28.2,19.063636363636363,26.036363636363635,32.918181818181814,21.599999999999998,5.0636363636363635,5.0636363636363635,0.0,6.545454545454546,85.81818181818181,10.772727272727273,28.218181818181815,22.355454545454545,1010.5363636363636,93.81818181818181,19.80909090909091,0.0,4.341818181818182,11.678500000000001,108.07580000000002,11.472727272727273,12.556363636363637,8,32,55,235,1970-01-21 07:26:44.149090909,1970-01-21 07:27:29.345454545,Hè,,,
Lâm Đồng,Tây Nguyên,2025-08-11,22.563636363636363,27.954545454545453,19.38181818181818,26.145454545454548,32.627272727272725,22.336363636363636,5.672727272727273,5.672727272727273,0.0,7.818181818181818,87.36363636363636,9.472727272727273,24.09090909090909,22.133636363636363,1009.7818181818183,72.9090909090909,20.099999999999998,0.0,4.300909090909091,11.678500000000001,108.07580000000002,11.745454545454544,12.548181818181819,8,33,63,237,1970-01-21 07:28:10.560000000,1970-01-21 07:28:55.729090909,Hè,,,
Lâm Đồng,Tây Nguyên,2025-08-12,22.099999999999998,27.718181818181815,19.19090909090909,25.672727272727276,32.554545454545455,21.990909090909092,13.29090909090909,13.29090909090909,0.0,13.545454545454545,89.81818181818181,9.80909090909091,24.88181818181818,19.96090909090909,1010.0727272727272,89.45454545454545,20.163636363636364,0.0,3.8263636363636366,11.678500000000001,108.07580000000002,9.846363636363636,12.538181818181817,8,33,63,225,1970-01-21 07:29:36.970909091,1970-01-21 07:30:22.112727272,Hè,,,
Lâm Đồng,Tây Nguyên,2025-08-13,22.009090909090908,26.7,19.39090909090909,25.336363636363636,30.572727272727274,22.318181818181817,12.299999999999999,12.299999999999999,0.0,9.545454545454545,90.0,12.427272727272726,30.00909090909091,19.14363636363636,1010.7727272727273,99.36363636363636,20.10909090909091,0.0,3.630909090909091,11.678500000000001,108.07580000000002,8.749090909090908,12.52818181818182,8,33,63,257,1970-01-21 07:31:03.370909091,1970-01-21 07:31:48.469090909,Hè,,,
Lâm Đồng,Tây Nguyên,2025-08-14,21.7,26.70909090909091,19.154545454545453,24.872727272727275,31.38181818181818,21.71818181818182,13.30909090909091,13.30909090909091,0.0,10.363636363636363,90.63636363636364,12.618181818181819,30.37272727272727,19.041818181818183,1009.7454545454547,97.9090909090909,19.954545454545453,0.0,3.5645454545454545,11.678500000000001,108.07580000000002,9.659090909090908,12.52090909090909,8,33,63,298,1970-01-21 07:32:29.776363636,1970-01-21 07:33:14.852727272,Hè,,,
Lâm Đồng,Tây Nguyên,2025-08-15,21.836363636363636,27.436363636363637,18.954545454545453,25.20909090909091,32.04545454545455,21.518181818181816,10.636363636363637,10.636363636363637,0.0,8.545454545454545,88.18181818181819,9.154545454545454,24.354545454545452,21.047272727272727,1007.9272727272728,100.0,19.572727272727274,0.0,4.044545454545455,11.678500000000001,108.07580000000002,9.395454545454545,12.510909090909092,8,33,63,299,1970-01-21 07:33:56.181818181,1970-01-21 07:34:41.225454545,Hè,,,
Lâm Đồng,Tây Nguyên,2025-08-16,21.254545454545454,25.40909090909091,18.990909090909092,24.372727272727275,29.336363636363636,21.80909090909091,17.990909090909092,17.990909090909092,0.0,16.90909090909091,92.18181818181819,10.818181818181818,26.836363636363636,15.356363636363636,1008.1727272727272,99.72727272727273,19.845454545454544,0.0,2.89,11.678500000000001,108.07580000000002,8.014545454545454,12.50090909090909,8,33,63,280,1970-01-21 07:35:22.598181818,1970-01-21 07:36:07.592727272,Hè,,,
Lâm Đồng,Tây Nguyên,2025-08-17,21.236363636363635,24.718181818181815,19.900000000000002,23.5,26.79090909090909,21.87272727272727,19.60909090909091,19.60909090909091,0.0,22.636363636363637,92.45454545454545,18.099999999999998,41.42727272727273,16.703636363636363,1010.0090909090909,99.9090909090909,19.854545454545455,0.0,2.972727272727273,11.678500000000001,108.07580000000002,7.4772727272727275,12.491818181818182,8,33,63,289,1970-01-21 07:36:48.998181818,1970-01-21 07:37:33.965454545,Hè,,,
Lâm Đồng,Tây Nguyên,2025-08-18,21.954545454545453,25.654545454545453,19.37272727272727,24.336363636363636,28.154545454545453,21.645454545454545,2.463636363636364,2.463636363636364,0.0,10.818181818181818,87.36363636363636,17.172727272727272,38.74545454545454,19.60636363636364,1011.9181818181819,91.54545454545455,19.57272727272727,0.0,3.6509090909090904,11.678500000000001,108.07580000000002,11.294545454545455,12.482727272727272,8,34,51,298,1970-01-21 07:38:15.398181818,1970-01-21 07:39:00.332727272,Hè,,,
Lâm Đồng,Tây Nguyên,2025-08-19,22.445454545454545,26.718181818181815,19.181818181818183,25.818181818181817,31.05454545454546,21.927272727272726,2.7181818181818183,2.7181818181818183,0.0,10.0,86.9090909090909,9.263636363636364,24.063636363636363,19.746363636363636,1012.6363636363636,70.36363636363636,20.018181818181816,0.0,3.8318181818181816,11.678500000000001,108.07580000000002,10.93090909090909,12.472727272727274,8,34,53,273,1970-01-21 07:39:41.798181818,1970-01-21 07:40:26.705454545,Hè,,,
Lâm Đồng,Tây Nguyên,2025-08-20,22.12727272727273,27.663636363636364,19.09090909090909,25.727272727272727,32.76363636363636,21.90909090909091,10.481818181818182,10.481818181818182,0.0,8.363636363636363,89.0909090909091,10.663636363636364,27.718181818181815,20.415454545454544,1011.9636363636364,87.18181818181819,20.09090909090909,0.0,3.9072727272727277,11.678500000000001,108.07580000000002,10.894545454545455,12.462727272727273,8,34,63,95,1970-01-21 07:41:08.203636363,1970-01-21 07:41:53.072727272,Hè,,,
Lâm Đồng,Tây Nguyên,2025-08-21,20.454545454545453,22.87272727272727,19.12727272727273,23.645454545454548,26.763636363636362,21.754545454545454,10.663636363636364,10.663636363636364,0.0,15.545454545454545,95.9090909090909,7.872727272727272,19.536363636363635,9.172727272727274,1012.6636363636363,92.54545454545455,19.763636363636365,0.0,1.757272727272727,11.678500000000001,108.07580000000002,2.567272727272727,12.453636363636365,8,34,61,181,1970-01-21 07:42:34.609090909,1970-01-21 07:43:19.434545454,Hè,,,
Lâm Đồng,Tây Nguyên,2025-08-22,21.71818181818182,26.218181818181815,18.263636363636365,24.027272727272727,28.336363636363636,20.472727272727273,1.1636363636363638,1.1636363636363638,0.0,6.7272727272727275,85.0909090909091,16.636363636363637,37.663636363636364,21.490909090909092,1012.3454545454545,85.0,18.836363636363636,0.0,4.075454545454545,11.678500000000001,108.07580000000002,11.246363636363636,12.443636363636363,8,34,51,212,1970-01-21 07:44:01.009090909,1970-01-21 07:44:45.812727272,Hè,,,
Lâm Đồng,Tây Nguyên,2025-08-23,21.61818181818182,26.327272727272728,18.900000000000002,24.272727272727273,29.227272727272727,21.5,5.1454545454545455,5.1454545454545455,0.0,7.363636363636363,88.27272727272727,15.645454545454545,38.42727272727273,19.921818181818182,1011.3,96.18181818181819,19.400000000000002,0.0,3.708181818181818,11.678500000000001,108.07580000000002,9.507272727272728,12.433636363636362,8,34,63,247,1970-01-21 07:45:27.409090909,1970-01-21 07:46:12.169090909,Hè,,,
Lâm Đồng,Tây Nguyên,2025-08-24,21.599999999999998,25.318181818181817,19.490909090909092,24.163636363636364,28.254545454545454,21.80909090909091,9.472727272727273,9.472727272727273,0.0,17.0,90.54545454545455,16.62727272727273,39.53636363636363,18.657272727272726,1009.6727272727272,100.0,19.863636363636363,0.0,3.339090909090909,11.678500000000001,108.07580000000002,8.765454545454546,12.423636363636364,8,34,63,282,1970-01-21 07:46:53.809090909,1970-01-21 07:47:38.530909091,Hè,,,
Lâm Đồng,Tây Nguyên,2025-08-25,21.418181818181818,24.59090909090909,20.0,23.627272727272725,26.845454545454547,22.181818181818183,8.172727272727274,8.172727272727274,0.0,17.545454545454547,92.18181818181819,20.545454545454547,47.972727272727276,17.436363636363637,1009.6090909090909,99.9090909090909,20.054545454545455,0.0,2.9709090909090907,11.678500000000001,108.07580000000002,9.226363636363637,12.413636363636364,8,35,63,230,1970-01-21 07:48:20.209090909,1970-01-21 07:49:04.909090909,Hè,,,
Lâm Đồng,Tây Nguyên,2025-08-26,21.536363636363635,24.69090909090909,19.045454545454547,23.59090909090909,26.572727272727274,20.536363636363635,4.2,4.2,0.0,13.909090909090908,88.45454545454545,19.71818181818182,45.46363636363637,17.689090909090908,1011.7090909090908,96.36363636363636,19.427272727272726,0.0,3.1763636363636363,11.678500000000001,108.07580000000002,9.141818181818183,12.403636363636364,8,35,53,217,1970-01-21 07:49:46.609090909,1970-01-21 07:50:31.265454545,Hè,,,
Lâm Đồng,Tây Nguyên,2025-08-27,21.7,25.436363636363637,19.57272727272727,23.89090909090909,27.427272727272726,21.89090909090909,2.9545454545454546,2.9545454545454546,0.0,9.818181818181818,87.9090909090909,18.827272727272728,44.26363636363636,18.615454545454547,1011.6636363636363,99.18181818181819,19.490909090909092,0.0,3.438181818181818,11.678500000000001,108.07580000000002,10.124545454545455,12.393636363636364,8,35,53,301,1970-01-21 07:51:13.014545454,1970-01-21 07:51:57.632727272,Hè,,,
Lâm Đồng,Tây Nguyên,2025-08-28,21.527272727272727,25.61818181818182,19.30909090909091,23.736363636363638,28.05454545454546,21.272727272727273,3.8909090909090907,3.8909090909090907,0.0,9.454545454545455,89.63636363636364,20.09090909090909,47.82727272727273,18.256363636363634,1010.0454545454545,97.81818181818181,19.59090909090909,0.0,3.2854545454545456,11.678500000000001,108.07580000000002,8.738181818181818,12.382727272727273,8,35,53,300,1970-01-21 07:52:39.414545454,1970-01-21 07:53:23.989090909,Hè,,,
Lâm Đồng,Tây Nguyên,2025-08-29,21.427272727272726,25.1,19.636363636363637,23.672727272727272,27.772727272727273,21.30909090909091,11.990909090909092,11.990909090909092,0.0,18.272727272727273,92.0,19.663636363636364,43.82727272727273,15.262727272727274,1009.4363636363636,100.0,19.963636363636365,0.0,2.7436363636363637,11.678500000000001,108.07580000000002,5.749090909090909,12.372727272727273,8,35,63,290,1970-01-21 07:54:05.814545454,1970-01-21 07:54:50.361818181,Hè,,,
Lâm Đồng,Tây Nguyên,2025-08-30,21.70909090909091,24.7,19.972727272727273,24.372727272727275,27.7,22.072727272727274,10.427272727272728,10.427272727272728,0.0,17.90909090909091,92.36363636363636,15.97272727272727,35.72727272727273,16.400909090909092,1009.0818181818181,98.36363636363636,20.354545454545455,0.0,2.936363636363636,11.678500000000001,108.07580000000002,9.746363636363638,12.362727272727271,8,35,63,256,1970-01-21 07:55:32.214545454,1970-01-21 07:56:16.718181818,Hè,,,
Lâm Đồng,Tây Nguyên,2025-08-31,22.19090909090909,27.363636363636363,19.045454545454547,25.672727272727272,32.39090909090909,21.88181818181818,7.636363636363637,7.636363636363637,0.0,12.272727272727273,89.0,10.409090909090908,26.027272727272727,20.625454545454545,1009.4272727272728,85.27272727272727,20.063636363636363,0.0,3.9818181818181815,11.678500000000001,108.07580000000002,9.536363636363637,12.352727272727272,8,35,61,253,1970-01-21 07:56:58.614545454,1970-01-21 07:57:43.085454545,Hè,,,
Lâm Đồng,Tây Nguyên,2025-09-01,22.018181818181816,26.018181818181816,19.954545454545453,25.59090909090909,30.236363636363638,23.0,20.518181818181816,20.518181818181816,0.0,16.818181818181817,92.54545454545455,11.209090909090909,27.254545454545454,16.92909090909091,1009.0181818181819,96.54545454545455,20.636363636363637,0.0,3.193636363636364,11.678500000000001,108.07580000000002,8.748181818181818,12.341818181818182,9,36,63,244,1970-01-21 07:58:25.014545454,1970-01-21 07:59:09.452727272,Thu,,,
Lâm Đồng,Tây Nguyên,2025-09-02,21.827272727272728,25.39090909090909,20.172727272727272,25.2,28.60909090909091,23.3,12.581818181818182,12.581818181818182,0.0,18.636363636363637,93.0,11.927272727272726,31.845454545454547,14.112727272727273,1009.8727272727273,99.0909090909091,20.563636363636363,0.0,2.638181818181818,11.678500000000001,108.07580000000002,5.7736363636363635,12.331818181818182,9,36,63,295,1970-01-21 07:59:51.414545454,1970-01-21 08:00:35.809090909,Thu,,,
Lâm Đồng,Tây Nguyên,2025-09-03,22.009090909090908,26.127272727272725,19.927272727272726,25.59090909090909,30.254545454545454,23.254545454545454,7.709090909090909,7.709090909090909,0.0,15.636363636363637,91.81818181818181,9.69090909090909,23.818181818181817,15.838181818181818,1009.8727272727273,94.63636363636364,20.509090909090908,0.0,3.02,11.678500000000001,108.07580000000002,6.930000000000001,12.32181818181818,9,36,61,262,1970-01-21 08:01:17.814545454,1970-01-21 08:02:02.165454545,Thu,,,
Lâm Đồng,Tây Nguyên,2025-09-04,21.918181818181818,27.027272727272727,19.172727272727272,25.763636363636362,32.518181818181816,22.245454545454546,10.663636363636364,10.663636363636364,0.0,9.909090909090908,92.27272727272727,9.581818181818182,24.936363636363637,17.853636363636365,1009.7181818181817,85.0,20.518181818181816,0.0,3.397272727272727,11.678500000000001,108.07580000000002,7.836363636363637,12.31,9,36,63,168,1970-01-21 08:02:44.214545454,1970-01-21 08:03:28.532727272,Thu,,,
Lâm Đồng,Tây Nguyên,2025-09-05,22.427272727272726,27.50909090909091,19.663636363636364,26.318181818181817,32.81818181818182,22.88181818181818,12.990909090909092,12.990909090909092,0.0,14.818181818181818,91.36363636363636,10.672727272727274,27.345454545454547,19.082727272727272,1010.1636363636363,93.9090909090909,20.836363636363636,0.0,3.6636363636363636,11.678500000000001,108.07580000000002,9.496363636363636,12.3,9,36,63,201,1970-01-21 08:04:10.614545454,1970-01-21 08:04:54.900000000,Thu,,,
Lâm Đồng,Tây Nguyên,2025-09-06,22.40909090909091,26.91818181818182,20.154545454545453,26.10909090909091,31.318181818181817,23.163636363636364,11.618181818181817,11.618181818181817,0.0,15.181818181818182,91.36363636363636,11.290909090909091,27.7,15.919090909090908,1010.5727272727272,99.72727272727273,20.854545454545455,0.0,3.0681818181818183,11.678500000000001,108.07580000000002,5.536363636363636,12.29,9,36,63,274,1970-01-21 08:05:37.014545454,1970-01-21 08:06:21.272727272,Thu,,,
Lâm Đồng,Tây Nguyên,2025-09-07,21.181818181818183,23.60909090909091,19.990909090909092,24.44545454545454,26.854545454545452,23.099999999999998,20.40909090909091,20.40909090909091,0.0,22.545454545454547,96.0909090909091,11.445454545454545,30.70909090909091,9.415454545454544,1011.3181818181819,100.0,20.490909090909092,0.0,1.7663636363636364,11.678500000000001,108.07580000000002,1.2954545454545454,12.28,9,36,63,232,1970-01-21 08:07:03.414545454,1970-01-21 08:07:47.612727272,Thu,,,
Lâm Đồng,Tây Nguyên,2025-09-08,22.063636363636363,26.781818181818185,19.136363636363637,25.08181818181818,30.645454545454548,21.763636363636365,5.127272727272727,5.127272727272727,0.0,11.363636363636363,87.36363636363636,13.618181818181819,34.599999999999994,22.243636363636366,1012.1727272727272,99.27272727272727,19.61818181818182,0.0,4.200909090909091,11.678500000000001,108.07580000000002,10.266363636363637,12.27,9,37,55,221,1970-01-21 08:08:29.814545454,1970-01-21 08:09:13.980000000,Thu,,,
Lâm Đồng,Tây Nguyên,2025-09-09,21.59090909090909,26.79090909090909,18.7,24.954545454545453,30.963636363636365,21.254545454545454,11.227272727272727,11.227272727272727,0.0,7.818181818181818,90.36363636363636,10.700000000000001,27.854545454545452,17.183636363636364,1013.3454545454545,99.81818181818181,19.8,0.0,3.2827272727272727,11.678500000000001,108.07580000000002,6.130909090909091,12.259999999999998,9,37,63,172,1970-01-21 08:09:56.209090909,1970-01-21 08:10:40.352727272,Thu,,,
Lâm Đồng,Tây Nguyên,2025-09-10,21.90909090909091,27.736363636363638,19.054545454545455,25.61818181818182,33.38181818181818,21.90909090909091,8.590909090909092,8.590909090909092,0.0,6.909090909090909,90.63636363636364,9.081818181818182,24.845454545454547,18.572727272727274,1012.8181818181819,98.63636363636364,20.163636363636364,0.0,3.553636363636364,11.678500000000001,108.07580000000002,7.788181818181818,12.24909090909091,9,37,63,353,1970-01-21 08:11:22.603636363,1970-01-21 08:12:06.692727272,Thu,,,
Lâm Đồng,Tây Nguyên,2025-09-11,21.62727272727273,27.754545454545454,18.481818181818184,25.263636363636362,33.14545454545455,21.036363636363635,15.281818181818181,15.281818181818181,0.0,7.181818181818182,90.27272727272727,9.945454545454545,28.018181818181816,18.822727272727274,1011.9272727272728,91.81818181818181,19.863636363636363,0.0,3.597272727272727,11.678500000000001,108.07580000000002,8.258181818181818,12.239090909090908,9,37,65,95,1970-01-21 08:12:49.003636363,1970-01-21 08:13:33.060000000,Thu,,,
Lâm Đồng,Tây Nguyên,2025-09-12,21.472727272727273,26.936363636363637,18.181818181818183,24.927272727272726,31.4,20.518181818181816,5.300000000000001,5.300000000000001,0.0,9.181818181818182,90.27272727272727,10.227272727272727,26.59090909090909,17.846363636363638,1011.7818181818183,92.18181818181819,19.672727272727272,0.0,3.4209090909090913,11.678500000000001,108.07580000000002,6.571818181818182,12.228181818181817,9,37,61,80,1970-01-21 08:14:15.403636363,1970-01-21 08:14:59.421818181,Thu,,,
Lâm Đồng,Tây Nguyên,2025-09-13,21.854545454545455,26.463636363636365,19.263636363636365,25.05454545454546,30.58181818181818,22.145454545454545,6.554545454545454,6.554545454545454,0.0,7.545454545454546,89.81818181818181,12.963636363636363,31.227272727272727,19.227272727272727,1012.3181818181819,99.0,19.972727272727273,0.0,3.5745454545454547,11.678500000000001,108.07580000000002,9.82,12.216363636363637,9,37,63,137,1970-01-21 08:15:41.803636363,1970-01-21 08:16:25.772727272,Thu,,,
Lâm Đồng,Tây Nguyên,2025-09-14,21.61818181818182,27.154545454545453,19.0,25.0,32.27272727272727,21.536363636363635,10.045454545454545,10.045454545454545,0.0,9.363636363636363,90.63636363636364,9.927272727272728,26.99090909090909,18.59090909090909,1013.0454545454545,99.0909090909091,19.87272727272727,0.0,3.5290909090909093,11.678500000000001,108.07580000000002,8.36909090909091,12.206363636363637,9,37,61,143,1970-01-21 08:17:08.192727272,1970-01-21 08:17:52.140000000,Thu,,,
Lâm Đồng,Tây Nguyên,2025-09-15,21.654545454545453,27.318181818181817,18.900000000000002,25.09090909090909,31.927272727272726,21.481818181818184,12.063636363636363,12.063636363636363,0.0,9.727272727272727,89.54545454545455,10.1,26.427272727272726,19.863636363636363,1013.0454545454545,95.63636363636364,19.7,0.0,3.761818181818182,11.678500000000001,108.07580000000002,8.598181818181818,12.192727272727273,9,38,63,212,1970-01-21 08:18:34.592727272,1970-01-21 08:19:18.496363636,Thu,,,
Lâm Đồng,Tây Nguyên,2025-09-16,21.672727272727272,26.436363636363637,18.87272727272727,24.545454545454547,29.818181818181817,21.490909090909092,7.3090909090909095,7.3090909090909095,0.0,9.363636363636363,89.36363636363636,16.672727272727272,40.47272727272727,20.992727272727276,1011.8909090909091,94.9090909090909,19.66363636363636,0.0,3.8290909090909095,11.678500000000001,108.07580000000002,10.774545454545454,12.181818181818182,9,38,63,297,1970-01-21 08:20:00.992727272,1970-01-21 08:20:44.852727272,Thu,,,
Lâm Đồng,Tây Nguyên,2025-09-17,21.418181818181818,24.936363636363637,19.09090909090909,24.563636363636363,28.58181818181818,21.972727272727273,7.527272727272727,7.527272727272727,0.0,13.272727272727273,92.27272727272727,12.327272727272726,30.072727272727274,16.30727272727273,1010.5545454545455,99.45454545454545,20.045454545454547,0.0,2.978181818181818,11.678500000000001,108.07580000000002,7.920909090909091,12.17,9,38,63,292,1970-01-21 08:21:27.392727272,1970-01-21 08:22:11.214545454,Thu,,,
Lâm Đồng,Tây Nguyên,2025-09-18,21.981818181818184,26.136363636363637,20.163636363636364,25.3,30.327272727272728,22.990909090909092,10.363636363636363,10.363636363636363,0.0,16.90909090909091,91.54545454545455,12.954545454545455,30.654545454545453,17.89818181818182,1009.9,99.54545454545455,20.400000000000002,0.0,3.3454545454545452,11.678500000000001,108.07580000000002,7.927272727272728,12.159999999999998,9,38,63,267,1970-01-21 08:22:53.792727272,1970-01-21 08:23:37.576363636,Thu,,,
Lâm Đồng,Tây Nguyên,2025-09-19,21.818181818181817,24.572727272727274,20.3,24.44545454545454,26.9,22.954545454545453,4.009090909090909,4.009090909090909,0.0,15.545454545454545,90.63636363636364,15.1,35.809090909090905,15.538181818181819,1011.5636363636364,97.0909090909091,20.145454545454545,0.0,2.856363636363636,11.678500000000001,108.07580000000002,7.769090909090909,12.15,9,38,53,273,1970-01-21 08:24:20.192727272,1970-01-21 08:25:03.932727272,Thu,,,
Lâm Đồng,Tây Nguyên,2025-09-20,22.445454545454545,26.354545454545452,19.818181818181817,25.336363636363636,29.59090909090909,22.37272727272727,2.1727272727272724,2.1727272727272724,0.0,8.818181818181818,87.81818181818181,16.145454545454545,38.25454545454546,19.82,1011.3818181818183,89.0,20.163636363636364,0.0,3.7218181818181817,11.678500000000001,108.07580000000002,10.81909090909091,12.140000000000002,9,38,53,289,1970-01-21 08:25:46.592727272,1970-01-21 08:26:30.289090909,Thu,,,
Lâm Đồng,Tây Nguyên,2025-09-21,22.3,26.08181818181818,20.19090909090909,25.49090909090909,29.863636363636363,23.245454545454546,11.545454545454545,11.545454545454545,0.0,15.909090909090908,90.63636363636364,12.409090909090908,29.627272727272725,17.28909090909091,1010.5181818181819,97.36363636363636,20.545454545454547,0.0,3.2654545454545456,11.678500000000001,108.07580000000002,9.068181818181818,12.13,9,38,63,277,1970-01-21 08:27:12.992727272,1970-01-21 08:27:56.645454545,Thu,,,
Lâm Đồng,Tây Nguyên,2025-09-22,21.09090909090909,23.136363636363637,20.263636363636365,23.936363636363637,25.7,22.527272727272727,22.818181818181817,22.818181818181817,0.0,23.363636363636363,96.81818181818181,15.018181818181818,36.9,9.19909090909091,1010.6090909090909,100.0,20.536363636363635,0.0,1.6472727272727274,11.678500000000001,108.07580000000002,1.7972727272727271,12.12,9,39,63,282,1970-01-21 08:28:39.387272727,1970-01-21 08:29:23.012727272,Thu,,,
Lâm Đồng,Tây Nguyên,2025-09-23,20.745454545454546,23.21818181818182,19.036363636363635,22.636363636363637,24.536363636363635,20.772727272727273,18.009090909090908,18.009090909090908,0.0,15.0,93.27272727272727,19.790909090909093,43.18181818181818,10.270909090909091,1009.9909090909091,99.54545454545455,19.59090909090909,0.0,1.869090909090909,11.678500000000001,108.07580000000002,2.523636363636364,12.109999999999998,9,39,63,292,1970-01-21 08:30:05.787272727,1970-01-21 08:30:49.369090909,Thu,,,
Lâm Đồng,Tây Nguyên,2025-09-24,21.990909090909092,25.672727272727272,19.790909090909093,24.2,27.90909090909091,21.981818181818184,3.1,3.1,0.0,14.272727272727273,89.0,21.163636363636364,49.98181818181818,20.036363636363635,1008.3454545454545,98.27272727272727,19.936363636363637,0.0,3.5900000000000003,11.678500000000001,108.07580000000002,9.80181818181818,12.1,9,39,53,275,1970-01-21 08:31:32.181818181,1970-01-21 08:32:15.730909091,Thu,,,
Lâm Đồng,Tây Nguyên,2025-09-25,21.981818181818184,25.39090909090909,20.436363636363637,24.59090909090909,27.972727272727273,22.845454545454547,13.590909090909092,13.590909090909092,0.0,18.727272727272727,91.0,19.12727272727273,46.00909090909091,18.423636363636362,1009.2,100.0,20.345454545454547,0.0,3.290909090909091,11.678500000000001,108.07580000000002,8.833636363636364,12.090000000000002,9,39,61,283,1970-01-21 08:32:58.581818181,1970-01-21 08:33:42.092727272,Thu,,,
Lâm Đồng,Tây Nguyên,2025-09-26,21.400000000000002,24.227272727272727,20.12727272727273,24.154545454545453,26.99090909090909,22.754545454545454,26.854545454545452,26.854545454545452,0.0,21.636363636363637,93.9090909090909,13.781818181818181,34.52727272727273,12.79090909090909,1010.9272727272728,100.0,20.3,0.0,2.3436363636363637,11.678500000000001,108.07580000000002,5.042727272727273,12.08,9,39,63,284,1970-01-21 08:34:24.981818181,1970-01-21 08:35:08.460000000,Thu,,,
Lâm Đồng,Tây Nguyên,2025-09-27,21.036363636363635,23.58181818181818,19.745454545454546,23.563636363636363,25.963636363636365,21.981818181818184,17.181818181818183,17.181818181818183,0.0,19.272727272727273,94.63636363636364,14.727272727272727,32.60909090909091,8.117272727272727,1009.5454545454545,100.0,20.081818181818182,0.0,1.5799999999999998,11.678500000000001,108.07580000000002,0.15545454545454546,12.07,9,39,63,286,1970-01-21 08:35:51.376363636,1970-01-21 08:36:34.816363636,Thu,,,
Lâm Đồng,Tây Nguyên,2025-09-28,21.327272727272728,23.872727272727275,20.19090909090909,23.89090909090909,26.645454545454548,22.11818181818182,8.290909090909091,8.290909090909091,0.0,18.181818181818183,95.45454545454545,16.063636363636366,36.627272727272725,11.547272727272727,1008.5181818181819,100.0,20.509090909090908,0.0,2.080909090909091,11.678500000000001,108.07580000000002,2.848181818181818,12.056363636363637,9,39,61,216,1970-01-21 08:37:17.776363636,1970-01-21 08:38:01.172727272,Thu,,,
Lâm Đồng,Tây Nguyên,2025-09-29,21.545454545454547,24.818181818181817,20.036363636363635,23.94545454545454,27.44545454545454,22.37272727272727,7.836363636363637,7.836363636363637,0.0,16.90909090909091,92.63636363636364,18.69090909090909,44.17272727272727,17.713636363636365,1011.6181818181817,98.9090909090909,20.20909090909091,0.0,3.0481818181818183,11.678500000000001,108.07580000000002,8.98,12.043636363636363,9,40,63,163,1970-01-21 08:38:44.176363636,1970-01-21 08:39:27.540000000,Thu,,,
Lâm Đồng,Tây Nguyên,2025-09-30,21.28181818181818,25.863636363636363,18.772727272727273,24.336363636363636,29.49090909090909,21.40909090909091,5.4818181818181815,5.4818181818181815,0.0,6.363636363636363,91.18181818181819,10.845454545454546,26.30909090909091,15.302727272727271,1013.2909090909092,98.81818181818181,19.663636363636364,0.0,2.8936363636363636,11.678500000000001,108.07580000000002,7.0627272727272725,12.031818181818181,9,40,63,199,1970-01-21 08:40:10.576363636,1970-01-21 08:40:53.896363636,Thu,,,
Lâm Đồng,Tây Nguyên,2025-10-01,21.472727272727273,27.272727272727273,18.045454545454547,24.736363636363638,31.836363636363636,20.345454545454547,4.972727272727273,4.972727272727273,0.0,7.363636363636363,87.36363636363636,9.245454545454546,24.772727272727273,22.05181818181818,1013.1,65.9090909090909,19.072727272727274,0.0,4.169090909090909,11.678500000000001,108.07580000000002,11.162727272727272,12.02090909090909,10,40,61,145,1970-01-21 08:41:36.976363636,1970-01-21 08:42:20.252727272,Thu,,,
Lâm Đồng,Tây Nguyên,2025-10-02,21.88181818181818,27.527272727272727,18.081818181818182,25.272727272727273,32.17272727272727,20.563636363636363,2.1454545454545455,2.1454545454545455,0.0,5.909090909090909,86.0,9.345454545454546,23.663636363636364,23.12,1013.1,52.72727272727273,19.09090909090909,0.0,4.45,11.678500000000001,108.07580000000002,11.146363636363636,12.009999999999998,10,40,51,58,1970-01-21 08:43:03.376363636,1970-01-21 08:43:46.620000000,Thu,,,
Lâm Đồng,Tây Nguyên,2025-10-03,21.78181818181818,26.981818181818184,18.71818181818182,25.19090909090909,31.44545454545454,21.563636363636363,6.336363636363637,6.336363636363637,0.0,11.0,88.63636363636364,11.236363636363636,26.4,21.503636363636364,1013.6181818181817,94.63636363636364,19.59090909090909,0.0,4.081818181818182,11.678500000000001,108.07580000000002,10.796363636363637,12.0,10,40,61,138,1970-01-21 08:44:29.776363636,1970-01-21 08:45:12.981818181,Thu,,,
Lâm Đồng,Tây Nguyên,2025-10-04,21.736363636363635,27.2,18.78181818181818,25.1,32.17272727272727,21.554545454545455,9.80909090909091,9.80909090909091,0.0,8.454545454545455,89.0,10.354545454545455,29.136363636363637,19.477272727272727,1014.1363636363636,99.0909090909091,19.7,0.0,3.696363636363636,11.678500000000001,108.07580000000002,9.719090909090909,11.990000000000002,10,40,63,283,1970-01-21 08:45:56.176363636,1970-01-21 08:46:39.338181818,Thu,,,
Lâm Đồng,Tây Nguyên,2025-10-05,22.09090909090909,25.70909090909091,19.745454545454546,24.863636363636363,28.318181818181817,22.3,2.227272727272727,2.227272727272727,0.0,5.363636363636363,86.45454545454545,14.072727272727274,35.445454545454545,15.22909090909091,1013.8909090909091,99.63636363636364,19.581818181818182,0.0,2.9518181818181817,11.678500000000001,108.07580000000002,7.3536363636363635,11.98,10,40,51,222,1970-01-21 08:47:22.576363636,1970-01-21 08:48:05.700000000,Thu,,,
Lâm Đồng,Tây Nguyên,2025-10-06,22.37272727272727,26.963636363636365,18.918181818181818,25.063636363636363,29.9,21.418181818181818,0.5636363636363636,0.5636363636363636,0.0,2.727272727272727,82.27272727272727,15.181818181818182,37.63636363636363,22.772727272727273,1013.5363636363636,100.0,18.88181818181818,0.0,4.370909090909091,11.678500000000001,108.07580000000002,10.892727272727273,11.97,10,41,51,230,1970-01-21 08:48:48.976363636,1970-01-21 08:49:32.072727272,Thu,,,
Lâm Đồng,Tây Nguyên,2025-10-07,21.318181818181817,26.872727272727275,18.481818181818184,24.60909090909091,31.472727272727273,21.0,11.672727272727274,11.672727272727274,0.0,6.0,90.0,8.9,26.58181818181818,18.759090909090908,1013.8272727272728,83.81818181818181,19.463636363636365,0.0,3.505454545454546,11.678500000000001,108.07580000000002,10.332727272727272,11.96,10,41,65,330,1970-01-21 08:50:15.376363636,1970-01-21 08:50:58.423636363,Thu,,,
Lâm Đồng,Tây Nguyên,2025-10-08,21.654545454545453,26.363636363636363,18.71818181818182,25.0,30.981818181818184,21.37272727272727,4.390909090909091,4.390909090909091,0.0,6.909090909090909,89.0,9.681818181818182,25.627272727272725,19.563636363636363,1012.6363636363636,83.18181818181819,19.599999999999998,0.0,3.691818181818182,11.678500000000001,108.07580000000002,10.764545454545454,11.95,10,41,61,35,1970-01-21 08:51:41.781818181,1970-01-21 08:52:24.790909091,Thu,,,
Lâm Đồng,Tây Nguyên,2025-10-09,21.236363636363635,26.39090909090909,18.918181818181818,24.518181818181816,31.181818181818183,21.70909090909091,7.845454545454545,7.845454545454545,0.0,11.727272727272727,91.0,8.409090909090908,23.754545454545454,17.156363636363636,1012.1454545454545,85.72727272727273,19.563636363636363,0.0,3.2518181818181815,11.678500000000001,108.07580000000002,8.711818181818181,11.938181818181818,10,41,63,2,1970-01-21 08:53:08.192727272,1970-01-21 08:53:51.152727272,Thu,,,
Lâm Đồng,Tây Nguyên,2025-10-10,20.918181818181818,25.663636363636364,18.39090909090909,24.181818181818183,29.772727272727273,21.099999999999998,15.98181818181818,15.98181818181818,0.0,11.909090909090908,92.36363636363636,9.481818181818182,26.38181818181818,16.23,1011.5818181818181,83.63636363636364,19.527272727272727,0.0,3.0281818181818183,11.678500000000001,108.07580000000002,8.187272727272727,11.927272727272726,10,41,65,70,1970-01-21 08:54:34.592727272,1970-01-21 08:55:17.520000000,Thu,,,
Lâm Đồng,Tây Nguyên,2025-10-11,21.30909090909091,25.836363636363636,18.636363636363637,24.818181818181817,30.354545454545452,21.354545454545455,10.463636363636363,10.463636363636363,0.0,12.363636363636363,92.0,7.672727272727273,22.827272727272728,15.783636363636363,1011.3,94.0,19.836363636363636,0.0,2.9890909090909092,11.678500000000001,108.07580000000002,7.943636363636363,11.917272727272728,10,41,63,105,1970-01-21 08:56:00.992727272,1970-01-21 08:56:43.892727272,Thu,,,
Lâm Đồng,Tây Nguyên,2025-10-12,21.10909090909091,24.981818181818184,18.990909090909092,24.545454545454547,28.88181818181818,21.836363636363636,12.9,12.9,0.0,11.0,93.81818181818181,10.036363636363637,25.94545454545454,14.458181818181817,1011.7636363636364,96.27272727272727,20.027272727272727,0.0,2.6836363636363636,11.678500000000001,108.07580000000002,7.438181818181818,11.906363636363636,10,41,63,120,1970-01-21 08:57:27.392727272,1970-01-21 08:58:10.249090909,Thu,,,
Lâm Đồng,Tây Nguyên,2025-10-13,21.272727272727273,26.00909090909091,18.70909090909091,24.472727272727273,30.218181818181815,21.39090909090909,7.4363636363636365,7.4363636363636365,0.0,6.818181818181818,92.45454545454545,11.890909090909092,31.036363636363635,17.37636363636364,1012.1181818181817,97.63636363636364,19.88181818181818,0.0,3.1736363636363634,11.678500000000001,108.07580000000002,8.332727272727272,11.896363636363638,10,42,61,130,1970-01-21 08:58:53.792727272,1970-01-21 08:59:36.616363636,Thu,,,
Lâm Đồng,Tây Nguyên,2025-10-14,21.654545454545453,27.018181818181816,18.918181818181818,24.963636363636365,31.55454545454546,21.454545454545453,5.072727272727272,5.072727272727272,0.0,6.090909090909091,90.18181818181819,10.454545454545455,26.663636363636364,18.195454545454545,1012.1272727272727,93.27272727272727,19.80909090909091,0.0,3.4181818181818184,11.678500000000001,108.07580000000002,9.145454545454545,11.886363636363637,10,42,63,118,1970-01-21 09:00:20.192727272,1970-01-21 09:01:02.983636363,Thu,,,
Lâm Đồng,Tây Nguyên,2025-10-15,21.736363636363635,27.372727272727275,18.027272727272727,24.972727272727273,32.11818181818182,20.318181818181817,7.909090909090909,7.909090909090909,0.0,5.181818181818182,87.9090909090909,11.463636363636363,30.30909090909091,19.63,1010.7363636363636,71.81818181818181,19.518181818181816,0.0,3.6990909090909088,11.678500000000001,108.07580000000002,10.340909090909092,11.876363636363637,10,42,63,64,1970-01-21 09:01:46.609090909,1970-01-21 09:02:29.350909091,Thu,,,
Lâm Đồng,Tây Nguyên,2025-10-16,22.19090909090909,26.90909090909091,18.8,24.863636363636363,30.436363636363637,21.29090909090909,2.9909090909090907,2.9909090909090907,0.0,3.4545454545454546,84.27272727272727,14.80909090909091,38.88181818181818,19.542727272727273,1010.4090909090909,93.9090909090909,19.236363636363635,0.0,3.751818181818182,11.678500000000001,108.07580000000002,10.722727272727273,11.866363636363637,10,42,51,67,1970-01-21 09:03:13.009090909,1970-01-21 09:03:55.723636363,Thu,,,
Lâm Đồng,Tây Nguyên,2025-10-17,22.509090909090908,27.69090909090909,18.78181818181818,25.472727272727273,32.08181818181818,21.063636363636363,2.463636363636364,2.463636363636364,0.0,4.909090909090909,83.63636363636364,12.581818181818182,32.92727272727273,21.003636363636364,1011.0454545454545,91.9090909090909,19.327272727272728,0.0,4.080909090909091,11.678500000000001,108.07580000000002,10.753636363636364,11.856363636363636,10,42,51,37,1970-01-21 09:04:39.414545454,1970-01-21 09:05:22.090909091,Thu,,,
Lâm Đồng,Tây Nguyên,2025-10-18,21.79090909090909,26.9,18.400000000000002,25.027272727272727,31.863636363636363,20.845454545454547,9.754545454545454,9.754545454545454,0.0,6.454545454545454,87.54545454545455,11.090909090909092,29.536363636363635,19.748181818181816,1010.6545454545455,97.54545454545455,19.454545454545453,0.0,3.7436363636363637,11.678500000000001,108.07580000000002,10.33909090909091,11.843636363636364,10,42,63,11,1970-01-21 09:06:05.825454545,1970-01-21 09:06:48.463636363,Thu,,,
Lâm Đồng,Tây Nguyên,2025-10-19,21.836363636363636,27.61818181818182,18.227272727272727,25.218181818181815,32.699999999999996,20.30909090909091,5.3545454545454545,5.3545454545454545,0.0,4.7272727272727275,88.18181818181819,8.418181818181818,23.8,20.10636363636364,1009.3,87.63636363636364,19.62727272727273,0.0,3.841818181818182,11.678500000000001,108.07580000000002,10.751818181818182,11.833636363636362,10,42,63,8,1970-01-21 09:07:32.225454545,1970-01-21 09:08:14.830909091,Thu,,,
Lâm Đồng,Tây Nguyên,2025-10-20,21.69090909090909,26.818181818181817,18.863636363636363,25.09090909090909,31.10909090909091,21.536363636363635,9.563636363636364,9.563636363636364,0.0,8.454545454545455,91.63636363636364,10.799999999999999,29.50909090909091,15.754545454545456,1009.3181818181819,92.54545454545455,20.172727272727272,0.0,2.97,11.678500000000001,108.07580000000002,7.6445454545454545,11.823636363636364,10,43,63,9,1970-01-21 09:08:58.647272727,1970-01-21 09:09:41.209090909,Thu,,,
Lâm Đồng,Tây Nguyên,2025-10-21,22.018181818181816,26.163636363636364,19.345454545454547,25.19090909090909,29.09090909090909,22.236363636363635,5.8090909090909095,5.8090909090909095,0.0,6.454545454545454,89.54545454545455,13.045454545454545,32.199999999999996,14.775454545454545,1010.2,97.0909090909091,20.045454545454547,0.0,2.8390909090909093,11.678500000000001,108.07580000000002,8.23,11.813636363636364,10,43,61,20,1970-01-21 09:10:25.052727272,1970-01-21 09:11:07.576363636,Thu,,,
Lâm Đồng,Tây Nguyên,2025-10-22,22.245454545454546,27.227272727272727,18.918181818181818,25.745454545454546,31.436363636363637,21.8,4.536363636363636,4.536363636363636,0.0,8.181818181818182,87.45454545454545,9.009090909090908,23.527272727272727,20.2,1010.6636363636363,99.36363636363636,19.818181818181817,0.0,3.9054545454545457,11.678500000000001,108.07580000000002,10.729090909090909,11.803636363636365,10,43,53,25,1970-01-21 09:11:51.452727272,1970-01-21 09:12:33.949090909,Thu,,,
Lâm Đồng,Tây Nguyên,2025-10-23,22.018181818181816,27.854545454545452,19.163636363636364,25.58181818181818,32.49090909090909,22.063636363636363,10.009090909090908,10.009090909090908,0.0,6.363636363636363,89.63636363636364,10.881818181818183,26.681818181818183,19.873636363636365,1011.4545454545455,94.72727272727273,20.036363636363635,0.0,3.7790909090909093,11.678500000000001,108.07580000000002,10.6,11.793636363636363,10,43,63,91,1970-01-21 09:13:17.869090909,1970-01-21 09:14:00.327272727,Thu,,,
Lâm Đồng,Tây Nguyên,2025-10-24,21.69090909090909,26.536363636363635,18.845454545454547,25.00909090909091,30.6,21.436363636363634,12.272727272727273,12.272727272727273,0.0,7.0,91.27272727272727,11.718181818181819,30.8,15.684545454545455,1011.4272727272728,98.18181818181819,20.11818181818182,0.0,2.952727272727273,11.678500000000001,108.07580000000002,8.033636363636363,11.783636363636363,10,43,65,0,1970-01-21 09:14:44.269090909,1970-01-21 09:15:26.700000000,Thu,,,
Lâm Đồng,Tây Nguyên,2025-10-25,20.59090909090909,22.61818181818182,19.263636363636365,23.818181818181817,26.327272727272728,22.063636363636363,21.154545454545453,21.154545454545453,0.0,17.636363636363637,97.54545454545455,10.881818181818183,25.5,5.246363636363636,1011.1181818181817,100.0,20.172727272727272,0.0,1.0327272727272727,11.678500000000001,108.07580000000002,0.0,11.773636363636363,10,43,63,5,1970-01-21 09:16:10.685454545,1970-01-21 09:16:53.078181818,Thu,,,
Lâm Đồng,Tây Nguyên,2025-10-26,20.78181818181818,22.87272727272727,19.081818181818182,24.3,27.2,21.87272727272727,10.5,10.5,0.0,17.272727272727273,96.0909090909091,5.809090909090909,15.036363636363637,7.919090909090909,1011.7272727272727,99.81818181818181,20.099999999999998,0.0,1.5509090909090908,11.678500000000001,108.07580000000002,1.5218181818181817,11.763636363636364,10,43,61,347,1970-01-21 09:17:37.085454545,1970-01-21 09:18:19.450909091,Thu,,,
Lâm Đồng,Tây Nguyên,2025-10-27,21.636363636363637,25.854545454545452,19.01818181818182,25.018181818181816,29.61818181818182,21.963636363636365,34.04545454545455,34.04545454545455,0.0,16.636363636363637,91.0909090909091,9.80909090909091,23.87272727272727,15.307272727272727,1011.4181818181819,99.18181818181819,19.945454545454545,0.0,2.950909090909091,11.678500000000001,108.07580000000002,8.923636363636364,11.753636363636362,10,44,63,1,1970-01-21 09:19:03.512727272,1970-01-21 09:19:45.823636363,Thu,,,
Lâm Đồng,Tây Nguyên,2025-10-28,21.663636363636364,25.963636363636365,19.954545454545453,25.163636363636364,30.263636363636362,23.036363636363635,24.79090909090909,24.79090909090909,0.0,20.09090909090909,92.36363636363636,9.936363636363636,24.8,15.085454545454546,1010.8181818181819,100.0,20.272727272727273,0.0,2.87,11.678500000000001,108.07580000000002,7.524545454545454,11.743636363636364,10,44,63,45,1970-01-21 09:20:29.918181818,1970-01-21 09:21:12.201818181,Thu,,,
Lâm Đồng,Tây Nguyên,2025-10-29,21.5,25.7,19.727272727272727,24.88181818181818,29.972727272727273,22.7,11.845454545454546,11.845454545454546,0.0,12.363636363636363,93.54545454545455,12.2,28.254545454545454,13.399090909090908,1010.6727272727272,99.9090909090909,20.345454545454547,0.0,2.5463636363636364,11.678500000000001,108.07580000000002,4.672727272727273,11.736363636363636,10,44,61,91,1970-01-21 09:21:56.329090909,1970-01-21 09:22:38.580000000,Thu,,,
Lâm Đồng,Tây Nguyên,2025-10-30,21.263636363636365,23.772727272727273,19.818181818181817,23.981818181818184,26.136363636363637,22.263636363636365,8.409090909090908,8.409090909090908,0.0,13.090909090909092,94.9090909090909,15.890909090909092,36.22727272727273,9.118181818181817,1012.4727272727273,95.63636363636364,20.39090909090909,0.0,1.669090909090909,11.678500000000001,108.07580000000002,3.210909090909091,11.727272727272727,10,44,53,152,1970-01-21 09:23:22.745454545,1970-01-21 09:24:04.958181818,Thu,,,
Lâm Đồng,Tây Nguyên,2025-10-31,21.663636363636364,26.245454545454546,19.354545454545455,25.39090909090909,30.727272727272727,22.37272727272727,11.8,11.8,0.0,11.727272727272727,93.45454545454545,9.572727272727272,24.163636363636364,15.02818181818182,1014.2636363636364,94.63636363636364,20.490909090909092,0.0,2.85,11.678500000000001,108.07580000000002,7.74,11.717272727272729,10,44,65,157,1970-01-21 09:24:49.161818181,1970-01-21 09:25:31.336363636,Thu,,,
Lâm Đồng,Tây Nguyên,2025-11-01,21.472727272727273,25.863636363636363,19.436363636363637,25.027272727272727,30.272727272727273,22.38181818181818,12.272727272727273,12.272727272727273,0.0,16.09090909090909,93.0,10.700000000000001,26.472727272727273,15.161818181818182,1013.9909090909091,96.9090909090909,20.20909090909091,0.0,2.848181818181818,11.678500000000001,108.07580000000002,7.852727272727273,11.707272727272727,11,44,63,8,1970-01-21 09:26:15.572727272,1970-01-21 09:26:57.720000000,Thu,,,
Lâm Đồng,Tây Nguyên,2025-11-02,21.39090909090909,24.781818181818185,19.29090909090909,24.772727272727273,28.49090909090909,22.40909090909091,7.3,7.3,0.0,10.0,92.63636363636364,9.745454545454546,24.018181818181816,13.38,1012.6818181818181,100.0,20.072727272727274,0.0,2.49,11.678500000000001,108.07580000000002,7.077272727272727,11.69909090909091,11,44,63,352,1970-01-21 09:27:41.989090909,1970-01-21 09:28:24.103636363,Thu,,,
Lâm Đồng,Tây Nguyên,2025-11-03,21.527272727272727,25.79090909090909,19.227272727272727,25.063636363636363,29.872727272727275,22.272727272727273,11.890909090909092,11.890909090909092,0.0,13.272727272727273,92.63636363636364,9.381818181818183,25.79090909090909,15.605454545454545,1011.9181818181819,95.81818181818181,20.19090909090909,0.0,2.880909090909091,11.678500000000001,108.07580000000002,8.622727272727273,11.689090909090908,11,45,63,141,1970-01-21 09:29:08.405454545,1970-01-21 09:29:50.498181818,Thu,,,
Lâm Đồng,Tây Nguyên,2025-11-04,21.70909090909091,26.4,19.254545454545454,25.29090909090909,30.6,22.354545454545455,14.672727272727274,14.672727272727274,0.0,11.272727272727273,91.81818181818181,9.545454545454545,24.727272727272727,16.884545454545453,1011.5454545454545,94.54545454545455,20.2,0.0,3.151818181818182,11.678500000000001,108.07580000000002,9.81,11.681818181818182,11,45,63,71,1970-01-21 09:30:34.832727272,1970-01-21 09:31:16.870909091,Thu,,,
Lâm Đồng,Tây Nguyên,2025-11-05,21.2,25.363636363636363,19.12727272727273,24.727272727272727,29.9,22.0,16.427272727272726,16.427272727272726,0.0,12.181818181818182,94.45454545454545,9.072727272727272,25.672727272727272,14.175454545454546,1010.3090909090909,98.81818181818181,20.236363636363635,0.0,2.641818181818182,11.678500000000001,108.07580000000002,7.9,11.67181818181818,11,45,63,1,1970-01-21 09:32:01.243636363,1970-01-21 09:32:43.254545454,Thu,,,
Lâm Đồng,Tây Nguyên,2025-11-06,20.063636363636363,20.754545454545454,19.38181818181818,22.263636363636365,23.536363636363635,21.063636363636363,45.06363636363636,45.06363636363636,0.0,15.636363636363637,98.0909090909091,18.681818181818183,41.9,2.6681818181818184,1007.7090909090908,100.0,19.71818181818182,0.0,0.600909090909091,11.678500000000001,108.07580000000002,0.0,11.661818181818182,11,45,63,270,1970-01-21 09:33:27.654545454,1970-01-21 09:34:09.649090909,Thu,,,
Lâm Đồng,Tây Nguyên,2025-11-07,21.818181818181817,26.10909090909091,19.599999999999998,24.872727272727275,30.545454545454547,21.745454545454546,9.272727272727273,9.272727272727273,0.0,16.818181818181817,91.9090909090909,15.990909090909092,37.199999999999996,16.87727272727273,1010.3,94.0,20.39090909090909,0.0,3.121818181818182,11.678500000000001,108.07580000000002,8.604545454545455,11.654545454545454,11,45,61,194,1970-01-21 09:34:54.076363636,1970-01-21 09:35:36.038181818,Thu,,,
Lâm Đồng,Tây Nguyên,2025-11-08,21.981818181818184,27.5,18.7,25.363636363636363,31.672727272727276,21.427272727272726,1.5,1.5,0.0,4.909090909090909,88.45454545454545,9.963636363636363,24.472727272727273,18.668181818181818,1012.6090909090909,70.81818181818181,19.754545454545454,0.0,3.5936363636363637,11.678500000000001,108.07580000000002,10.468181818181819,11.647272727272728,11,45,51,93,1970-01-21 09:36:20.498181818,1970-01-21 09:37:02.421818181,Thu,,,
Lâm Đồng,Tây Nguyên,2025-11-09,21.636363636363637,27.11818181818182,19.063636363636363,25.20909090909091,32.4,21.8,4.2727272727272725,4.2727272727272725,0.0,6.454545454545454,91.0,9.918181818181818,25.60909090909091,18.113636363636363,1011.9545454545455,98.27272727272727,19.963636363636365,0.0,3.421818181818182,11.678500000000001,108.07580000000002,10.324545454545454,11.638181818181819,11,45,53,16,1970-01-21 09:37:46.914545454,1970-01-21 09:38:28.810909091,Thu,,,
Lâm Đồng,Tây Nguyên,2025-11-10,22.018181818181816,27.41818181818182,18.418181818181818,25.281818181818185,31.436363636363637,21.027272727272727,0.7909090909090909,0.7909090909090909,0.0,4.454545454545454,86.72727272727273,10.036363636363637,25.163636363636364,19.420909090909092,1011.1727272727272,97.18181818181819,19.445454545454545,0.0,3.766363636363636,11.678500000000001,108.07580000000002,10.399090909090908,11.629090909090909,11,46,51,4,1970-01-21 09:39:13.336363636,1970-01-21 09:39:55.205454545,Thu,,,
Lâm Đồng,Tây Nguyên,2025-11-11,21.963636363636365,27.354545454545452,19.536363636363635,25.681818181818183,31.89090909090909,22.418181818181818,5.318181818181818,5.318181818181818,0.0,10.181818181818182,90.36363636363636,9.745454545454546,27.19090909090909,17.394545454545455,1012.0909090909091,100.0,20.172727272727272,0.0,3.332727272727273,11.678500000000001,108.07580000000002,8.98,11.620909090909091,11,46,61,181,1970-01-21 09:40:39.763636363,1970-01-21 09:41:21.594545454,Thu,,,
Lâm Đồng,Tây Nguyên,2025-11-12,22.0,26.3,19.78181818181818,25.6,30.663636363636364,22.981818181818184,2.872727272727273,2.872727272727273,0.0,9.090909090909092,89.81818181818181,8.590909090909092,22.936363636363637,16.895454545454545,1013.1272727272727,95.0909090909091,20.154545454545453,0.0,3.2172727272727273,11.678500000000001,108.07580000000002,10.13,11.611818181818181,11,46,53,40,1970-01-21 09:42:06.174545454,1970-01-21 09:42:47.989090909,Thu,,,
Lâm Đồng,Tây Nguyên,2025-11-13,21.645454545454545,26.79090909090909,18.036363636363635,24.645454545454548,30.718181818181815,20.3,1.1727272727272728,1.1727272727272728,0.0,4.818181818181818,86.45454545454545,10.60909090909091,25.327272727272728,19.63909090909091,1013.9181818181819,48.81818181818182,19.063636363636363,0.0,3.744545454545454,11.678500000000001,108.07580000000002,10.644545454545455,11.602727272727272,11,46,51,1,1970-01-21 09:43:32.612727272,1970-01-21 09:44:14.378181818,Thu,,,
Lâm Đồng,Tây Nguyên,2025-11-14,19.836363636363636,25.754545454545454,15.236363636363636,21.236363636363635,28.40909090909091,15.645454545454545,0.045454545454545456,0.045454545454545456,0.0,0.45454545454545453,78.81818181818181,13.70909090909091,31.981818181818184,22.355454545454545,1013.3363636363637,62.45454545454545,15.70909090909091,0.0,4.134545454545454,11.678500000000001,108.07580000000002,11.000909090909092,11.598181818181818,11,46,3,8,1970-01-21 09:44:59.029090909,1970-01-21 09:45:40.778181818,Thu,,,
Lâm Đồng,Tây Nguyên,2025-11-15,19.972727272727273,26.863636363636363,13.763636363636364,21.427272727272726,29.518181818181816,13.718181818181819,0.22727272727272727,0.22727272727272727,0.0,0.5454545454545454,79.45454545454545,13.30909090909091,30.40909090909091,22.117272727272727,1013.3909090909091,62.45454545454545,15.881818181818181,0.0,4.184545454545455,11.678500000000001,108.07580000000002,10.825454545454546,11.58909090909091,11,46,3,4,1970-01-21 09:46:25.445454545,1970-01-21 09:47:07.178181818,Thu,,,
Lâm Đồng,Tây Nguyên,2025-11-16,20.427272727272726,23.099999999999998,18.37272727272727,23.163636363636364,26.245454545454546,20.645454545454545,15.009090909090908,15.009090909090908,0.0,14.454545454545455,94.54545454545455,13.281818181818181,34.58181818181818,8.12,1013.4818181818181,98.9090909090909,19.527272727272727,0.0,1.539090909090909,11.678500000000001,108.07580000000002,1.2518181818181817,11.58090909090909,11,46,63,19,1970-01-21 09:47:51.878181818,1970-01-21 09:48:33.567272727,Thu,,,
Lâm Đồng,Tây Nguyên,2025-11-17,20.736363636363635,23.736363636363638,19.336363636363636,23.2,26.627272727272725,21.263636363636365,12.272727272727273,12.272727272727273,0.0,17.181818181818183,92.45454545454545,12.79090909090909,30.627272727272725,5.8127272727272725,1013.7727272727273,100.0,19.418181818181818,0.0,1.238181818181818,11.678500000000001,108.07580000000002,1.5536363636363637,11.572727272727272,11,47,61,58,1970-01-21 09:49:18.294545454,1970-01-21 09:49:59.967272727,Thu,,,
Lâm Đồng,Tây Nguyên,2025-11-18,21.518181818181816,25.663636363636364,19.29090909090909,24.10909090909091,28.654545454545453,21.78181818181818,11.227272727272727,11.227272727272727,0.0,10.090909090909092,88.27272727272727,14.545454545454545,38.872727272727275,14.634545454545453,1012.6636363636363,92.45454545454545,19.400000000000002,0.0,2.730909090909091,11.678500000000001,108.07580000000002,9.364545454545453,11.568181818181818,11,47,63,81,1970-01-21 09:50:44.727272727,1970-01-21 09:51:26.367272727,Thu,,,
Lâm Đồng,Tây Nguyên,2025-11-19,20.554545454545455,24.727272727272727,18.29090909090909,22.754545454545454,27.345454545454547,20.081818181818182,33.11818181818182,33.11818181818182,0.0,15.454545454545455,93.0,17.745454545454546,45.93636363636364,11.635454545454545,1013.1818181818181,94.27272727272727,19.29090909090909,0.0,2.109090909090909,11.678500000000001,108.07580000000002,6.380000000000001,11.56090909090909,11,47,63,23,1970-01-21 09:52:11.149090909,1970-01-21 09:52:52.767272727,Thu,,,
Lâm Đồng,Tây Nguyên,2025-11-20,19.945454545454545,22.845454545454547,18.445454545454545,21.581818181818182,24.681818181818183,19.09090909090909,15.318181818181818,15.318181818181818,0.0,17.454545454545453,92.36363636363636,17.099999999999998,41.91818181818182,9.38,1013.4,99.45454545454545,18.60909090909091,0.0,1.757272727272727,11.678500000000001,108.07580000000002,3.408181818181818,11.552727272727273,11,47,63,357,1970-01-21 09:53:37.570909091,1970-01-21 09:54:19.167272727,Thu,,,
Lâm Đồng,Tây Nguyên,2025-11-21,20.527272727272727,24.8,18.345454545454547,21.8,26.063636363636363,19.59090909090909,10.127272727272727,10.127272727272727,0.0,11.363636363636363,87.63636363636364,20.40909090909091,47.2,12.888181818181819,1013.9818181818181,97.0,18.263636363636365,0.0,2.501818181818182,11.678500000000001,108.07580000000002,6.66,11.546363636363637,11,47,61,1,1970-01-21 09:55:04.009090909,1970-01-21 09:55:45.567272727,Thu,,,
Lâm Đồng,Tây Nguyên,2025-11-22,20.854545454545455,24.036363636363635,18.71818181818182,22.39090909090909,25.772727272727273,19.681818181818183,3.6545454545454548,3.6545454545454548,0.0,10.181818181818182,85.36363636363636,17.263636363636365,41.18181818181818,11.40090909090909,1013.3181818181819,98.81818181818181,18.20909090909091,0.0,2.329090909090909,11.678500000000001,108.07580000000002,5.6881818181818184,11.540909090909091,11,47,61,13,1970-01-21 09:56:30.425454545,1970-01-21 09:57:11.972727272,Thu,,,
Lâm Đồng,Tây Nguyên,2025-11-23,21.645454545454545,26.327272727272728,18.945454545454545,23.745454545454546,28.354545454545452,20.60909090909091,3.5818181818181816,3.5818181818181816,0.0,8.727272727272727,86.0909090909091,17.354545454545455,41.57272727272727,16.298181818181817,1012.5181818181819,91.54545454545455,19.018181818181816,0.0,3.1281818181818184,11.678500000000001,108.07580000000002,9.246363636363638,11.532727272727273,11,47,53,70,1970-01-21 09:57:56.863636363,1970-01-21 09:58:38.378181818,Thu,,,
Lâm Đồng,Tây Nguyên,2025-11-24,22.018181818181816,27.59090909090909,18.545454545454547,24.1,29.89090909090909,20.272727272727273,0.4636363636363636,0.4636363636363636,0.0,2.6363636363636362,82.9090909090909,16.90909090909091,38.809090909090905,19.86090909090909,1012.0909090909091,78.72727272727273,18.672727272727272,0.0,3.869090909090909,11.678500000000001,108.07580000000002,10.807272727272727,11.528181818181817,11,48,51,7,1970-01-21 09:59:23.274545454,1970-01-21 10:00:04.778181818,Thu,,,
Lâm Đồng,Tây Nguyên,2025-11-25,20.7,25.8,17.272727272727273,21.28181818181818,26.663636363636364,17.400000000000002,0.018181818181818184,0.018181818181818184,0.0,0.18181818181818182,79.45454545454545,22.018181818181816,48.290909090909096,19.901818181818182,1011.9181818181819,88.36363636363636,16.736363636363635,0.0,3.8099999999999996,11.678500000000001,108.07580000000002,10.972727272727273,11.521818181818182,11,48,3,22,1970-01-21 10:00:49.718181818,1970-01-21 10:01:31.189090909,Thu,,,
Lâm Đồng,Tây Nguyên,2025-11-26,19.845454545454547,25.863636363636363,15.236363636363636,20.945454545454545,28.89090909090909,15.145454545454545,0.8818181818181817,0.8818181818181817,0.0,2.272727272727273,81.63636363636364,14.781818181818181,33.73636363636364,20.63090909090909,1012.1545454545455,94.36363636363636,16.39090909090909,0.0,3.8099999999999996,11.678500000000001,108.07580000000002,10.738181818181818,11.513636363636364,11,48,3,358,1970-01-21 10:02:16.134545454,1970-01-21 10:02:57.594545454,Thu,,,
Lâm Đồng,Tây Nguyên,2025-11-27,18.87272727272727,24.272727272727273,15.272727272727273,19.145454545454545,25.436363636363637,15.036363636363637,0.12727272727272726,0.12727272727272726,0.0,0.36363636363636365,78.36363636363636,16.536363636363635,35.800000000000004,18.70909090909091,1012.5454545454545,99.72727272727273,14.772727272727273,0.0,3.5290909090909093,11.678500000000001,108.07580000000002,10.651818181818182,11.510909090909092,11,48,3,351,1970-01-21 10:03:42.578181818,1970-01-21 10:04:24.005454545,Thu,,,
Lâm Đồng,Tây Nguyên,2025-11-28,18.29090909090909,23.12727272727273,14.154545454545454,18.963636363636365,24.654545454545453,13.772727272727273,0.10909090909090911,0.10909090909090911,0.0,0.2727272727272727,81.0909090909091,12.181818181818182,26.281818181818185,11.68,1012.3272727272728,99.81818181818181,14.9,0.0,2.3063636363636366,11.678500000000001,108.07580000000002,5.570909090909091,11.502727272727272,11,48,3,6,1970-01-21 10:05:08.994545454,1970-01-21 10:05:50.410909091,Thu,,,
Lâm Đồng,Tây Nguyên,2025-11-29,20.354545454545455,25.3,16.327272727272728,22.672727272727272,28.41818181818182,17.363636363636363,3.8454545454545452,3.8454545454545452,0.0,6.090909090909091,86.36363636363636,8.618181818181817,22.327272727272728,15.260000000000002,1012.1272727272727,93.81818181818181,17.836363636363636,0.0,2.8936363636363636,11.678500000000001,108.07580000000002,8.573636363636364,11.5,11,48,63,20,1970-01-21 10:06:35.438181818,1970-01-21 10:07:16.827272727,Thu,,,
Lâm Đồng,Tây Nguyên,2025-11-30,21.336363636363636,26.11818181818182,17.918181818181818,24.454545454545453,29.69090909090909,20.172727272727272,2.2818181818181817,2.2818181818181817,0.0,6.909090909090909,88.9090909090909,10.290909090909091,25.7,17.66090909090909,1012.5545454545455,62.36363636363637,19.236363636363635,0.0,3.3345454545454545,11.678500000000001,108.07580000000002,10.71,11.492727272727272,11,48,51,11,1970-01-21 10:08:01.854545454,1970-01-21 10:08:43.238181818,Thu,,,
Lâm Đồng,Tây Nguyên,2025-12-01,21.445454545454545,26.5,18.80909090909091,24.863636363636363,30.663636363636364,21.654545454545453,4.527272727272727,4.527272727272727,0.0,6.181818181818182,90.9090909090909,8.736363636363636,23.372727272727275,15.344545454545454,1012.8909090909091,75.63636363636364,19.772727272727273,0.0,2.8945454545454545,11.678500000000001,108.07580000000002,9.92,11.49,12,49,63,351,1970-01-21 10:09:28.303636363,1970-01-21 10:10:09.654545454,Đông,,,
Lâm Đồng,Tây Nguyên,2025-12-02,21.2,25.0,18.799999999999997,24.58181818181818,28.763636363636362,21.79090909090909,3.3272727272727276,3.3272727272727276,0.0,8.363636363636363,92.36363636363636,8.80909090909091,24.318181818181817,13.807272727272727,1013.0727272727272,88.0,19.845454545454547,0.0,2.5727272727272728,11.678500000000001,108.07580000000002,10.10909090909091,11.483636363636364,12,49,53,331,1970-01-21 10:10:54.720000000,1970-01-21 10:11:36.065454545,Đông,,,
Lâm Đồng,Tây Nguyên,2025-12-03,20.945454545454545,24.40909090909091,18.554545454545455,23.927272727272726,27.136363636363637,21.418181818181818,13.072727272727274,13.072727272727274,0.0,14.545454545454545,93.36363636363636,13.609090909090908,33.81818181818182,12.702727272727271,1013.4181818181819,93.45454545454545,19.763636363636365,0.0,2.328181818181818,11.678500000000001,108.07580000000002,7.854545454545455,11.48,12,49,63,3,1970-01-21 10:12:21.163636363,1970-01-21 10:13:02.487272727,Đông,,,
Lâm Đồng,Tây Nguyên,2025-12-04,21.772727272727273,26.672727272727272,18.527272727272727,24.09090909090909,29.218181818181815,20.154545454545453,1.4181818181818182,1.4181818181818182,0.0,5.818181818181818,85.0,15.663636363636364,36.38181818181818,19.35636363636364,1014.0363636363636,46.27272727272727,18.900000000000002,0.0,3.637272727272727,11.678500000000001,108.07580000000002,10.997272727272728,11.473636363636365,12,49,51,38,1970-01-21 10:13:47.585454545,1970-01-21 10:14:28.903636363,Đông,,,
Lâm Đồng,Tây Nguyên,2025-12-05,20.599999999999998,26.6,16.318181818181817,22.036363636363635,28.80909090909091,17.154545454545453,0.6181818181818182,0.6181818181818182,0.0,2.1818181818181817,80.36363636363636,14.618181818181819,33.21818181818182,19.80545454545455,1015.0454545454545,55.27272727272727,16.79090909090909,0.0,3.78,11.678500000000001,108.07580000000002,11.0,11.471818181818183,12,49,3,1,1970-01-21 10:15:14.029090909,1970-01-21 10:15:55.320000000,Đông,,,
Lâm Đồng,Tây Nguyên,2025-12-06,19.536363636363635,26.26363636363636,14.918181818181818,20.6,28.41818181818182,15.436363636363636,0.0,0.0,0.0,0.0,80.45454545454545,13.136363636363637,30.327272727272728,21.016363636363636,1014.818181818182,29.09090909090909,15.69090909090909,0.0,3.9354545454545455,11.6785,108.07580000000002,11.0,11.466363636363637,12,49,3,3,1970-01-21 10:16:40.450909091,1970-01-21 10:17:21.736363636,Đông,,,
Lâm Đồng,Tây Nguyên,2025-12-07,18.28181818181818,25.154545454545453,13.227272727272728,19.063636363636363,27.29090909090909,13.29090909090909,0.1181818181818181,0.1181818181818181,0.0,0.3636363636363636,79.72727272727273,13.8,31.718181818181815,21.73090909090909,1014.5727272727272,59.81818181818182,14.409090909090908,0.0,3.9154545454545455,11.6785,108.07580000000002,11.026363636363635,11.46181818181818,12,49,3,359,1970-01-21 10:18:06.889090909,1970-01-21 10:18:48.158181818,Đông,,,
Lâm Đồng,Tây Nguyên,2025-12-08,18.518181818181816,24.481818181818184,13.936363636363636,19.054545454545455,25.5,13.52727272727273,0.1,0.1,0.0,0.6363636363636364,82.27272727272727,16.400000000000002,37.36363636363637,18.09090909090909,1014.3,95.0,15.109090909090908,0.0,3.2954545454545454,11.6785,108.07580000000002,10.659090909090908,11.46181818181818,12,50,3,1,1970-01-21 10:19:33.321818181,1970-01-21 10:20:14.574545454,Đông,,,
Lâm Đồng,Tây Nguyên,2025-12-09,19.21818181818182,24.372727272727275,15.154545454545454,20.40909090909091,25.4,15.763636363636364,0.5272727272727272,0.5272727272727272,0.0,1.818181818181818,86.63636363636364,14.427272727272726,33.1,12.384545454545451,1013.5636363636364,97.8181818181818,16.681818181818183,0.0,2.409090909090909,11.6785,108.07580000000002,6.330909090909091,11.456363636363635,12,50,51,4,1970-01-21 10:20:59.754545454,1970-01-21 10:21:40.996363636,Đông,,,
Lâm Đồng,Tây Nguyên,2025-12-10,20.5,25.05454545454546,17.236363636363635,22.727272727272727,27.818181818181817,18.981818181818184,2.6454545454545455,2.6454545454545455,0.0,7.545454545454546,89.81818181818181,15.172727272727274,38.85454545454545,15.876363636363635,1012.9727272727272,91.8181818181818,18.672727272727272,0.0,2.869090909090909,11.6785,108.07580000000002,10.063636363636364,11.452727272727271,12,50,51,11,1970-01-21 10:22:26.187272727,1970-01-21 10:23:07.418181818,Đông,,,
Lâm Đồng,Tây Nguyên,2025-12-11,21.62727272727273,26.827272727272728,17.963636363636365,23.463636363636365,29.281818181818185,19.363636363636363,0.1999999999999999,0.1999999999999999,0.0,1.181818181818182,79.27272727272727,15.627272727272729,37.70909090909091,19.021818181818183,1013.181818181818,82.36363636363636,17.61818181818182,0.0,3.713636363636364,11.6785,108.07580000000002,10.231818181818182,11.45181818181818,12,50,3,75,1970-01-21 10:23:52.614545454,1970-01-21 10:24:33.840000000,Đông,,,
Lâm Đồng,Tây Nguyên,2025-12-12,20.745454545454542,26.41818181818182,15.818181818181818,22.581818181818186,28.636363636363637,16.900000000000002,0.3363636363636363,0.3363636363636363,0.0,1.9090909090909092,81.72727272727273,13.836363636363636,31.90909090909091,19.731818181818184,1012.9727272727272,51.36363636363637,17.163636363636364,0.0,3.747272727272727,11.6785,108.07580000000002,10.822727272727272,11.45,12,50,51,17,1970-01-21 10:25:19.047272727,1970-01-21 10:26:00.261818181,Đông,,,
Lâm Đồng,Tây Nguyên,2025-12-13,21.227272727272727,27.05454545454546,16.654545454545453,22.936363636363637,29.681818181818183,17.8,0.3545454545454545,0.3545454545454545,0.0,1.818181818181818,80.18181818181819,12.663636363636364,30.654545454545453,19.4,1012.8454545454543,99.36363636363636,17.327272727272728,0.0,3.784545454545454,11.6785,108.07580000000002,10.857272727272727,11.446363636363635,12,50,51,49,1970-01-21 10:26:45.474545454,1970-01-21 10:27:26.689090909,Đông,,,
Lâm Đồng,Tây Nguyên,2025-12-14,20.990909090909092,26.872727272727275,17.363636363636363,21.89090909090909,27.80909090909091,18.136363636363637,0.009090909090909,0.009090909090909,0.0,0.0909090909090909,78.0,18.663636363636364,41.23636363636364,19.59181818181818,1013.1454545454544,91.0909090909091,16.59090909090909,0.0,3.871818181818182,11.6785,108.07580000000002,10.950909090909091,11.443636363636363,12,50,3,9,1970-01-21 10:28:11.907272727,1970-01-21 10:28:53.105454545,Đông,,,
Lâm Đồng,Tây Nguyên,2025-12-15,20.818181818181817,26.99090909090909,16.71818181818182,22.245454545454542,29.563636363636363,17.436363636363637,0.4363636363636363,0.4363636363636363,0.0,1.4545454545454546,80.18181818181819,13.936363636363636,31.518181818181816,19.66181818181818,1013.7363636363636,82.81818181818181,16.918181818181818,0.0,3.819090909090909,11.6785,108.07580000000002,10.799090909090909,11.44181818181818,12,51,51,4,1970-01-21 10:29:38.334545454,1970-01-21 10:30:19.532727272,Đông,,,
Lâm Đồng,Tây Nguyên,2025-12-16,20.672727272727272,27.363636363636363,16.254545454545454,22.59090909090909,30.227272727272727,17.327272727272728,0.7727272727272727,0.7727272727272727,0.0,2.1818181818181817,82.63636363636364,12.390909090909092,28.70909090909091,20.212727272727275,1013.681818181818,86.54545454545455,17.163636363636364,0.0,3.86,11.6785,108.07580000000002,10.68090909090909,11.44181818181818,12,51,3,11,1970-01-21 10:31:04.772727272,1970-01-21 10:31:45.960000000,Đông,,,
Lâm Đồng,Tây Nguyên,2025-12-17,20.454545454545453,25.981818181818184,16.327272727272728,22.40909090909091,28.436363636363637,17.454545454545453,3.0090909090909093,3.0090909090909093,0.0,5.545454545454546,84.72727272727273,11.563636363636364,29.227272727272727,17.61818181818182,1013.9363636363636,62.63636363636363,17.572727272727274,0.0,3.2818181818181817,11.6785,108.07580000000002,10.871818181818185,11.44181818181818,12,51,53,3,1970-01-21 10:32:31.194545454,1970-01-21 10:33:12.387272727,Đông,,,
Lâm Đồng,Tây Nguyên,2025-12-18,20.37272727272727,26.454545454545453,15.71818181818182,22.018181818181816,29.136363636363637,16.19090909090909,0.7454545454545454,0.7454545454545454,0.0,3.4545454545454546,82.72727272727273,12.263636363636364,30.20909090909091,19.244545454545456,1013.2272727272727,92.1818181818182,17.018181818181816,0.0,3.6154545454545457,11.6785,108.07580000000002,10.930909090909092,11.44090909090909,12,51,51,5,1970-01-21 10:33:57.638181818,1970-01-21 10:34:38.814545454,Đông,,,
Lâm Đồng,Tây Nguyên,2025-12-19,20.62727272727273,26.60909090909091,16.5,22.727272727272727,29.5,17.663636363636364,3.0090909090909093,3.0090909090909093,0.0,5.818181818181818,85.63636363636364,11.645454545454545,28.61818181818182,18.64909090909091,1012.0,90.54545454545456,17.818181818181817,0.0,3.503636363636363,11.6785,108.07580000000002,10.647272727272728,11.44,12,51,51,18,1970-01-21 10:35:24.054545454,1970-01-21 10:36:05.241818181,Đông,,,
Lâm Đồng,Tây Nguyên,2025-12-20,20.554545454545455,25.94545454545454,16.463636363636365,22.827272727272728,29.018181818181816,18.018181818181816,0.7727272727272727,0.7727272727272727,0.0,3.8181818181818183,85.0909090909091,10.354545454545455,26.527272727272727,19.092727272727274,1011.6,90.9090909090909,17.681818181818183,0.0,3.5463636363636364,11.6785,108.07580000000002,10.604545454545455,11.44,12,51,51,1,1970-01-21 10:36:50.503636363,1970-01-21 10:37:31.674545454,Đông,,,
Lâm Đồng,Tây Nguyên,2025-12-21,21.054545454545455,26.61818181818182,16.80909090909091,23.054545454545455,29.73636363636364,18.30909090909091,0.5,0.5,0.0,3.4545454545454546,82.81818181818181,12.02727272727273,32.26363636363636,17.791818181818183,1011.7727272727273,84.45454545454545,17.736363636363635,0.0,3.441818181818182,11.6785,108.07580000000002,10.767272727272728,11.438181818181818,12,51,51,3,1970-01-21 10:38:16.914545454,1970-01-21 10:38:58.101818181,Đông,,,
Lâm Đồng,Tây Nguyên,2025-12-22,20.827272727272728,26.654545454545453,17.018181818181816,22.79090909090909,28.89090909090909,18.509090909090908,1.7727272727272727,1.7727272727272727,0.0,7.363636363636363,84.27272727272727,14.109090909090908,32.79090909090909,17.62818181818182,1011.8090909090909,98.63636363636364,17.754545454545454,0.0,3.4054545454545457,11.6785,108.07580000000002,9.86181818181818,11.438181818181818,12,52,51,1,1970-01-21 10:39:43.363636363,1970-01-21 10:40:24.534545454,Đông,,,
Lâm Đồng,Tây Nguyên,2025-12-23,20.654545454545453,26.772727272727273,16.29090909090909,22.87272727272727,29.936363636363637,17.345454545454547,2.372727272727273,2.372727272727273,0.0,4.0,84.9090909090909,10.945454545454544,28.05454545454546,18.189090909090908,1011.518181818182,97.0,17.69090909090909,0.0,3.428181818181818,11.6785,108.07580000000002,10.731818181818182,11.44,12,52,53,33,1970-01-21 10:41:09.774545454,1970-01-21 10:41:50.967272727,Đông,,,
Lâm Đồng,Tây Nguyên,2025-12-24,21.236363636363635,26.41818181818182,17.763636363636365,23.936363636363637,29.55454545454546,19.8,4.954545454545454,4.954545454545454,0.0,8.181818181818182,88.36363636363636,12.109090909090908,29.227272727272727,16.095454545454547,1011.181818181818,93.0909090909091,19.054545454545455,0.0,3.0654545454545454,11.6785,108.07580000000002,9.950909090909091,11.44090909090909,12,52,61,25,1970-01-21 10:42:36.223636363,1970-01-21 10:43:17.394545454,Đông,,,
Lâm Đồng,Tây Nguyên,2025-12-25,20.636363636363637,24.92727272727273,17.954545454545453,23.20909090909091,27.89090909090909,19.71818181818182,7.336363636363637,7.336363636363637,0.0,8.363636363636363,91.45454545454544,11.536363636363635,31.272727272727273,11.556363636363637,1012.0636363636364,90.54545454545456,19.1,0.0,2.1636363636363636,11.6785,108.07580000000002,6.632727272727272,11.44090909090909,12,52,61,22,1970-01-21 10:44:02.634545454,1970-01-21 10:44:43.827272727,Đông,,,
Lâm Đồng,Tây Nguyên,2025-12-26,20.272727272727273,25.73636363636364,16.61818181818182,21.345454545454544,26.9,17.71818181818182,0.0545454545454545,0.0545454545454545,0.0,0.4545454545454545,81.72727272727273,16.7,37.47272727272727,16.132727272727273,1013.081818181818,83.63636363636364,16.763636363636365,0.0,3.1654545454545455,11.6785,108.07580000000002,9.946363636363635,11.44181818181818,12,52,3,3,1970-01-21 10:45:29.083636363,1970-01-21 10:46:10.260000000,Đông,,,
Lâm Đồng,Tây Nguyên,2025-12-27,19.78181818181818,25.836363636363636,15.545454545454543,21.081818181818186,28.50909090909091,16.072727272727274,1.0181818181818183,1.0181818181818183,0.0,1.818181818181818,81.81818181818181,13.69090909090909,30.49090909090909,19.83818181818182,1013.9090909090908,65.36363636363636,16.29090909090909,0.0,3.6972727272727273,11.6785,108.07580000000002,10.932727272727272,11.44181818181818,12,52,3,1,1970-01-21 10:46:55.494545454,1970-01-21 10:47:36.692727272,Đông,,,
Lâm Đồng,Tây Nguyên,2025-12-28,19.645454545454545,26.1,14.590909090909092,21.081818181818186,28.89090909090909,15.045454545454543,0.0727272727272727,0.0727272727272727,0.0,0.2727272727272727,80.72727272727273,11.763636363636364,27.854545454545452,20.80727272727273,1014.4090909090908,51.81818181818182,15.872727272727271,0.0,3.882727272727273,11.6785,108.07580000000002,10.92909090909091,11.442727272727272,12,52,3,341,1970-01-21 10:48:21.932727272,1970-01-21 10:49:03.120000000,Đông,,,
Lâm Đồng,Tây Nguyên,2025-12-29,18.88181818181818,25.163636363636364,13.890909090909092,20.009090909090908,27.172727272727272,14.52727272727273,0.0272727272727272,0.0272727272727272,0.0,0.1818181818181818,79.81818181818181,11.454545454545457,25.645454545454548,21.78181818181818,1013.9636363636364,44.81818181818182,14.736363636363636,0.0,4.01,11.6785,108.07580000000002,10.967272727272729,11.443636363636363,12,1,3,5,1970-01-21 10:49:48.354545454,1970-01-21 10:50:29.558181818,Đông,,,
Lâm Đồng,Tây Nguyên,2025-12-30,18.39090909090909,25.00909090909091,12.990909090909092,19.254545454545458,26.9,13.109090909090911,0.009090909090909,0.009090909090909,0.0,0.0909090909090909,77.63636363636364,10.009090909090908,23.463636363636365,21.655454545454543,1012.8090909090909,82.36363636363636,13.8,0.0,3.969090909090909,11.6785,108.07580000000002,11.04,11.446363636363635,12,1,3,355,1970-01-21 10:51:14.781818181,1970-01-21 10:51:55.985454545,Đông,,,
Lâm Đồng,Tây Nguyên,2025-12-31,18.245454545454542,25.172727272727272,13.172727272727274,19.145454545454545,26.818181818181817,13.418181818181818,0.0,0.0,0.0,0.0,78.18181818181819,9.090909090909092,23.55454545454546,22.15909090909091,1011.818181818182,59.09090909090909,13.70909090909091,0.0,4.03,11.6785,108.07580000000002,11.088181818181818,11.450909090909091,12,1,3,350,1970-01-21 10:52:41.209090909,1970-01-21 10:53:22.423636363,Đông,,,
Lâm Đồng,Tây Nguyên,2026-01-01,18.2,24.80909090909091,13.20909090909091,18.87272727272727,26.754545454545458,13.5,0.009090909090909,0.009090909090909,0.0,0.0909090909090909,77.54545454545455,12.78181818181818,29.818181818181817,21.36090909090909,1012.918181818182,52.54545454545455,13.745454545454544,0.0,3.943636363636364,11.6785,108.07580000000002,11.072727272727272,11.45181818181818,1,1,3,3,1970-01-21 10:54:07.620000000,1970-01-21 10:54:48.845454545,Đông,,,
Lâm Đồng,Tây Nguyên,2026-01-02,18.5,25.76363636363636,12.672727272727274,18.681818181818183,27.481818181818184,11.990909090909092,0.0,0.0,0.0,0.0,74.0,14.963636363636365,32.38181818181818,21.055454545454545,1014.581818181818,72.72727272727273,13.236363636363636,0.0,4.047272727272728,11.6785,108.07580000000002,10.97181818181818,11.453636363636363,1,1,3,24,1970-01-21 10:55:34.052727272,1970-01-21 10:56:15.289090909,Đông,,,
Lâm Đồng,Tây Nguyên,2026-01-03,17.727272727272727,24.772727272727273,12.245454545454544,17.8,26.70909090909091,11.78181818181818,0.0,0.0,0.0,0.0,75.27272727272727,13.30909090909091,30.345454545454547,19.348181818181818,1015.6636363636364,59.54545454545455,12.8,0.0,3.689090909090909,11.6785,108.07580000000002,9.908181818181818,11.456363636363635,1,1,3,6,1970-01-21 10:57:00.474545454,1970-01-21 10:57:41.710909091,Đông,,,
Lâm Đồng,Tây Nguyên,2026-01-04,18.863636363636363,26.327272727272728,12.763636363636364,19.80909090909091,28.663636363636364,12.272727272727272,0.2454545454545454,0.2454545454545454,0.0,1.181818181818182,80.63636363636364,13.345454545454546,31.772727272727273,19.455454545454543,1015.2727272727273,79.18181818181819,15.036363636363635,0.0,3.674545454545455,11.6785,108.07580000000002,10.777272727272727,11.46181818181818,1,1,3,13,1970-01-21 10:58:26.880000000,1970-01-21 10:59:08.149090909,Đông,,,
Lâm Đồng,Tây Nguyên,2026-01-05,19.636363636363637,24.127272727272725,16.71818181818182,21.254545454545458,25.627272727272725,18.07272727272727,2.290909090909091,2.290909090909091,0.0,5.090909090909091,86.72727272727273,11.88181818181818,27.781818181818185,10.958181818181815,1015.4090909090908,91.0,17.227272727272727,0.0,2.1763636363636363,11.6785,108.07580000000002,6.107272727272728,11.463636363636365,1,2,51,344,1970-01-21 10:59:53.318181818,1970-01-21 11:00:34.576363636,Đông,,,
Lâm Đồng,Tây Nguyên,2026-01-06,19.254545454545458,25.636363636363637,15.554545454545456,20.38181818181818,28.30909090909091,15.927272727272726,4.045454545454546,4.045454545454546,0.0,3.636363636363636,83.27272727272727,13.463636363636365,31.063636363636363,16.623636363636365,1015.9090909090908,78.0909090909091,16.12727272727273,0.0,3.179090909090909,11.6785,108.07580000000002,9.18090909090909,11.466363636363637,1,2,63,3,1970-01-21 11:01:19.729090909,1970-01-21 11:02:01.014545454,Đông,,,
Lâm Đồng,Tây Nguyên,2026-01-07,18.490909090909092,25.08181818181818,14.327272727272726,18.490909090909092,26.672727272727272,13.754545454545456,0.0,0.0,0.0,0.0,76.0909090909091,16.40909090909091,35.67272727272727,20.437272727272727,1016.6090909090908,65.0,13.854545454545455,0.0,3.812727272727273,11.6785,108.07580000000002,10.909090909090908,11.471818181818184,1,2,3,355,1970-01-21 11:02:46.140000000,1970-01-21 11:03:27.447272727,Đông,,,
Lâm Đồng,Tây Nguyên,2026-01-08,17.12727272727273,24.00909090909091,11.97272727272727,16.754545454545454,24.88181818181818,10.654545454545454,0.009090909090909,0.009090909090909,0.0,0.0909090909090909,74.54545454545455,16.009090909090908,35.70909090909091,21.985454545454544,1017.2818181818184,63.72727272727273,12.145454545454545,0.0,3.983636363636364,11.6785,108.07580000000002,11.352727272727272,11.476363636363637,1,2,3,355,1970-01-21 11:04:12.567272727,1970-01-21 11:04:53.880000000,Đông,,,
Lâm Đồng,Tây Nguyên,2026-01-09,15.754545454545456,23.036363636363635,10.127272727272729,15.390909090909092,24.018181818181816,8.91818181818182,0.0,0.0,0.0,0.0,75.63636363636364,13.52727272727273,31.1,22.71090909090909,1016.818181818182,68.54545454545455,10.918181818181818,0.0,3.929090909090909,11.6785,108.07580000000002,11.36181818181818,11.481818181818182,1,2,3,1,1970-01-21 11:05:38.989090909,1970-01-21 11:06:20.312727272,Đông,,,
Lâm Đồng,Tây Nguyên,2026-01-10,16.62727272727273,23.80909090909091,10.527272727272727,16.89090909090909,25.4,9.945454545454544,0.0,0.0,0.0,0.0,74.27272727272727,9.3,23.172727272727272,21.98818181818182,1016.1727272727272,46.0,11.481818181818182,0.0,3.910909090909091,11.6785,108.07580000000002,11.242727272727272,11.483636363636364,1,2,3,1,1970-01-21 11:07:05.394545454,1970-01-21 11:07:46.740000000,Đông,,,
Lâm Đồng,Tây Nguyên,2026-01-11,17.772727272727273,24.318181818181817,12.47272727272727,18.39090909090909,26.227272727272727,12.454545454545457,0.6000000000000001,0.6000000000000001,0.0,1.5454545454545454,81.0,12.090909090909092,28.05454545454546,15.489999999999998,1017.4545454545456,97.63636363636364,14.11818181818182,0.0,2.9299999999999997,11.6785,108.07580000000002,8.003636363636362,11.490909090909092,1,2,3,3,1970-01-21 11:08:31.810909091,1970-01-21 11:09:13.178181818,Đông,,,
Lâm Đồng,Tây Nguyên,2026-01-12,19.581818181818186,26.463636363636365,13.763636363636364,20.972727272727273,28.91818181818182,14.354545454545455,0.0727272727272727,0.0727272727272727,0.0,0.6363636363636364,78.45454545454545,11.754545454545456,28.42727272727273,20.323636363636364,1016.6090909090908,46.09090909090909,15.28181818181818,0.0,3.8654545454545457,11.6785,108.07580000000002,10.843636363636364,11.493636363636364,1,3,3,3,1970-01-21 11:09:58.238181818,1970-01-21 11:10:39.605454545,Đông,,,
Lâm Đồng,Tây Nguyên,2026-01-13,19.09090909090909,24.981818181818184,14.61818181818182,20.28181818181818,26.57272727272727,15.518181818181818,0.7090909090909091,0.7090909090909091,0.0,1.4545454545454546,80.72727272727273,10.545454545454543,26.018181818181816,18.26181818181818,1016.1363636363636,60.81818181818182,15.3,0.0,3.4354545454545455,11.6785,108.07580000000002,10.666363636363636,11.500909090909092,1,3,3,0,1970-01-21 11:11:24.649090909,1970-01-21 11:12:06.049090909,Đông,,,
Lâm Đồng,Tây Nguyên,2026-01-14,19.463636363636365,26.436363636363637,13.754545454545456,20.745454545454542,28.39090909090909,14.3,0.1181818181818181,0.1181818181818181,0.0,0.4545454545454545,77.0,9.990909090909092,25.41818181818182,21.61,1014.681818181818,31.0,14.681818181818182,0.0,4.073636363636364,11.6785,108.07580000000002,11.333636363636364,11.503636363636362,1,3,3,346,1970-01-21 11:12:51.054545454,1970-01-21 11:13:32.470909091,Đông,,,
Lâm Đồng,Tây Nguyên,2026-01-15,19.663636363636364,26.29090909090909,14.263636363636364,20.9,28.218181818181815,14.80909090909091,0.1545454545454545,0.1545454545454545,0.0,0.7272727272727273,77.81818181818181,12.78181818181818,30.85454545454546,21.91181818181818,1014.1454545454544,23.0,15.109090909090908,0.0,4.134545454545455,11.6785,108.07580000000002,11.2,11.511818181818182,1,3,3,9,1970-01-21 11:14:17.465454545,1970-01-21 11:14:58.909090909,Đông,,,
Lâm Đồng,Tây Nguyên,2026-01-16,19.40909090909091,26.654545454545453,13.3,20.07272727272727,27.60909090909091,13.090909090909092,0.1,0.1,0.0,0.3636363636363636,70.63636363636364,9.9,25.663636363636364,22.537272727272725,1012.9454545454544,84.54545454545455,12.845454545454546,0.0,4.301818181818182,11.6785,108.07580000000002,11.28181818181818,11.518181818181818,1,3,3,1,1970-01-21 11:15:43.881818181,1970-01-21 11:16:25.341818181,Đông,,,
Lâm Đồng,Tây Nguyên,2026-01-17,19.536363636363635,26.40909090909091,13.836363636363636,20.263636363636365,27.61818181818182,14.018181818181818,0.3454545454545454,0.3454545454545454,0.0,0.4545454545454545,72.45454545454545,13.818181818181818,32.71818181818182,22.01727272727273,1011.4363636363636,90.0909090909091,13.727272727272728,0.0,4.252727272727273,11.6785,108.07580000000002,10.9,11.521818181818182,1,3,3,11,1970-01-21 11:17:10.298181818,1970-01-21 11:17:51.774545454,Đông,,,
Lâm Đồng,Tây Nguyên,2026-01-18,19.59090909090909,26.336363636363636,14.845454545454546,20.39090909090909,27.272727272727273,15.681818181818182,0.1909090909090909,0.1909090909090909,0.0,0.2727272727272727,74.45454545454545,15.61818181818182,36.16363636363637,21.80545454545455,1010.8909090909092,68.27272727272727,14.090909090909092,0.0,4.234545454545454,11.6785,108.07580000000002,10.952727272727271,11.53,1,3,3,358,1970-01-21 11:18:36.703636363,1970-01-21 11:19:18.207272727,Đông,,,
Lâm Đồng,Tây Nguyên,2026-01-19,18.981818181818184,25.818181818181817,13.70909090909091,19.21818181818182,26.41818181818182,13.79090909090909,0.0,0.0,0.0,0.0,69.72727272727273,13.727272727272728,32.25454545454546,21.015454545454546,1011.9,68.36363636363636,12.481818181818182,0.0,4.124545454545454,11.6785,108.07580000000002,11.258181818181818,11.533636363636363,1,4,3,2,1970-01-21 11:20:03.109090909,1970-01-21 11:20:44.634545454,Đông,,,
Lâm Đồng,Tây Nguyên,2026-01-20,18.345454545454547,25.727272727272727,12.109090909090908,17.863636363636363,25.91818181818182,10.963636363636365,0.0181818181818181,0.0181818181818181,0.0,0.0909090909090909,62.36363636363637,14.745454545454544,34.60909090909091,22.136363636363637,1013.1272727272728,51.36363636363637,10.236363636363636,0.0,4.34909090909091,11.6785,108.07580000000002,11.422727272727274,11.54181818181818,1,4,3,6,1970-01-21 11:21:29.514545454,1970-01-21 11:22:11.067272727,Đông,,,
Lâm Đồng,Tây Nguyên,2026-01-21,18.1,25.49090909090909,11.072727272727272,17.954545454545453,26.672727272727272,10.19090909090909,0.0,0.0,0.0,0.0,69.9090909090909,14.80909090909091,34.26363636363636,20.40363636363636,1014.5454545454544,58.63636363636363,11.890909090909092,0.0,4.0190909090909095,11.6785,108.07580000000002,11.02818181818182,11.54818181818182,1,4,3,2,1970-01-21 11:22:55.914545454,1970-01-21 11:23:37.494545454,Đông,,,
Lâm Đồng,Tây Nguyên,2026-01-22,18.454545454545453,25.79090909090909,13.018181818181818,18.490909090909092,26.41818181818182,12.763636363636364,0.1363636363636363,0.1363636363636363,0.0,0.4545454545454545,75.36363636363636,16.763636363636365,38.6,19.17818181818182,1016.0363636363636,58.36363636363637,13.454545454545457,0.0,3.7754545454545454,11.6785,108.07580000000002,10.873636363636365,11.552727272727273,1,4,3,3,1970-01-21 11:24:22.314545454,1970-01-21 11:25:03.921818181,Đông,,,
Lâm Đồng,Tây Nguyên,2026-01-23,18.645454545454545,25.92727272727273,13.681818181818182,18.527272727272727,26.563636363636363,13.30909090909091,0.0,0.0,0.0,0.0,74.0909090909091,17.054545454545455,38.45454545454545,20.425454545454546,1017.1909090909091,67.63636363636364,13.236363636363636,0.0,4.0636363636363635,11.6785,108.07580000000002,11.245454545454544,11.56090909090909,1,4,3,11,1970-01-21 11:25:48.720000000,1970-01-21 11:26:30.349090909,Đông,,,
Lâm Đồng,Tây Nguyên,2026-01-24,18.472727272727273,25.354545454545452,12.79090909090909,18.7,26.463636363636365,12.47272727272727,0.109090909090909,0.109090909090909,0.0,0.6363636363636364,73.9090909090909,13.52727272727273,30.20909090909091,19.074545454545454,1017.318181818182,70.27272727272727,13.018181818181818,0.0,3.746363636363637,11.6785,108.07580000000002,10.552727272727273,11.57,1,4,3,5,1970-01-21 11:27:15.125454545,1970-01-21 11:27:56.770909091,Đông,,,
Lâm Đồng,Tây Nguyên,2026-01-25,18.445454545454545,25.436363636363637,12.590909090909092,18.8,26.41818181818182,12.627272727272729,0.0,0.0,0.0,0.0,72.36363636363636,11.136363636363637,26.61818181818182,21.023636363636363,1016.318181818182,63.27272727272727,12.436363636363636,0.0,4.000909090909091,11.6785,108.07580000000002,11.249090909090908,11.578181818181818,1,4,3,345,1970-01-21 11:28:41.525454545,1970-01-21 11:29:23.198181818,Đông,,,
Lâm Đồng,Tây Nguyên,2026-01-26,18.8,26.181818181818183,12.28181818181818,19.436363636363637,28.10909090909091,12.154545454545454,0.0,0.0,0.0,0.0,73.18181818181819,11.672727272727274,26.536363636363635,22.14727272727273,1016.3090909090909,26.454545454545453,13.090909090909092,0.0,4.254545454545454,11.6785,108.07580000000002,11.193636363636363,11.582727272727272,1,5,3,22,1970-01-21 11:30:07.925454545,1970-01-21 11:30:49.625454545,Đông,,,
Lâm Đồng,Tây Nguyên,2026-01-27,19.30909090909091,26.59090909090909,13.545454545454543,20.09090909090909,27.772727272727273,13.981818181818182,0.0,0.0,0.0,0.0,73.36363636363636,11.7,26.972727272727273,21.28181818181818,1016.7,39.45454545454545,13.6,0.0,4.130909090909091,11.6785,108.07580000000002,11.086363636363636,11.590909090909092,1,5,3,0,1970-01-21 11:31:34.320000000,1970-01-21 11:32:16.058181818,Đông,,,
Lâm Đồng,Tây Nguyên,2026-01-28,19.554545454545455,26.99090909090909,13.372727272727271,20.318181818181817,28.7,13.61818181818182,0.0454545454545454,0.0454545454545454,0.0,0.3636363636363636,73.27272727272727,14.663636363636364,33.872727272727275,20.80818181818182,1016.0363636363636,43.81818181818182,13.981818181818182,0.0,4.075454545454545,11.6785,108.07580000000002,11.31090909090909,11.600909090909092,1,5,3,2,1970-01-21 11:33:00.714545454,1970-01-21 11:33:42.474545454,Đông,,,
Lâm Đồng,Tây Nguyên,2026-01-29,20.018181818181816,26.281818181818185,14.4,20.945454545454545,28.172727272727272,14.936363636363636,0.0,0.0,0.0,0.0,72.0,10.727272727272728,25.527272727272727,18.69454545454545,1016.018181818182,48.27272727272727,14.245454545454544,0.0,3.728181818181818,11.6785,108.07580000000002,10.183636363636364,11.608181818181816,1,5,3,352,1970-01-21 11:34:27.114545454,1970-01-21 11:35:08.907272727,Đông,,,
Lâm Đồng,Tây Nguyên,2026-01-30,19.87272727272727,26.76363636363636,14.609090909090908,20.80909090909091,27.99090909090909,15.354545454545455,0.0363636363636363,0.0363636363636363,0.0,0.1818181818181818,73.0,11.736363636363636,27.69090909090909,20.40818181818182,1016.5727272727272,82.63636363636364,14.154545454545454,0.0,4.037272727272727,11.6785,108.07580000000002,10.114545454545452,11.614545454545452,1,5,3,5,1970-01-21 11:35:53.509090909,1970-01-21 11:36:35.329090909,Đông,,,
Lâm Đồng,Tây Nguyên,2026-01-31,19.681818181818183,26.672727272727272,14.227272727272728,20.181818181818183,27.854545454545452,14.754545454545456,0.0,0.0,0.0,0.0,71.27272727272727,14.763636363636364,33.29090909090909,21.66636363636363,1016.6727272727272,65.63636363636364,13.42727272727273,0.0,4.342727272727273,11.6785,108.07580000000002,11.257272727272728,11.622727272727271,1,5,3,0,1970-01-21 11:37:19.909090909,1970-01-21 11:38:01.750909091,Đông,,,
Lâm Đồng,Tây Nguyên,2026-02-01,19.172727272727272,26.88181818181818,12.20909090909091,19.20909090909091,28.23636363636364,11.563636363636364,0.0,0.0,0.0,0.0,67.54545454545455,15.736363636363636,36.2,23.15363636363636,1016.5636363636364,93.45454545454544,12.054545454545456,0.0,4.566363636363636,11.6785,108.07580000000002,11.514545454545454,11.631818181818184,2,5,3,10,1970-01-21 11:38:46.309090909,1970-01-21 11:39:28.178181818,Đông,,,
Lâm Đồng,Tây Nguyên,2026-02-02,19.8,27.854545454545452,13.645454545454545,20.154545454545453,28.59090909090909,13.61818181818182,0.0,0.0,0.0,0.0,72.72727272727273,16.89090909090909,38.06363636363636,22.49727272727273,1016.6363636363636,75.54545454545455,13.854545454545455,0.0,4.548181818181818,11.6785,108.07580000000002,11.359090909090908,11.640909090909092,2,6,3,29,1970-01-21 11:40:12.692727272,1970-01-21 11:40:54.594545454,Đông,,,
Lâm Đồng,Tây Nguyên,2026-02-03,20.12727272727273,26.0,16.01818181818182,20.79090909090909,26.8,16.681818181818183,1.1,1.1,0.0,3.636363636363636,78.72727272727273,17.20909090909091,39.13636363636363,18.053636363636365,1016.818181818182,69.9090909090909,15.836363636363636,0.0,3.627272727272727,11.6785,108.07580000000002,10.848181818181818,11.64909090909091,2,6,53,11,1970-01-21 11:41:39.092727272,1970-01-21 11:42:21.021818181,Đông,,,
Lâm Đồng,Tây Nguyên,2026-02-04,20.436363636363637,27.08181818181818,15.29090909090909,22.136363636363637,29.88181818181818,16.163636363636364,1.2727272727272727,1.2727272727272727,0.0,3.0,79.9090909090909,10.9,27.518181818181816,19.39909090909091,1016.418181818182,78.45454545454545,16.3,0.0,3.792727272727273,11.6785,108.07580000000002,10.061818181818182,11.659090909090908,2,6,53,10,1970-01-21 11:43:05.465454545,1970-01-21 11:43:47.449090909,Đông,,,
Lâm Đồng,Tây Nguyên,2026-02-05,21.181818181818183,27.281818181818185,16.38181818181818,22.854545454545455,28.727272727272727,17.80909090909091,0.2,0.2,0.0,0.8181818181818182,76.81818181818181,11.436363636363636,27.09090909090909,18.724545454545453,1015.3636363636364,72.81818181818181,16.3,0.0,3.777272727272727,11.6785,108.07580000000002,10.80090909090909,11.668181818181818,2,6,3,6,1970-01-21 11:44:31.865454545,1970-01-21 11:45:13.865454545,Đông,,,
Lâm Đồng,Tây Nguyên,2026-02-06,21.163636363636364,27.536363636363635,16.09090909090909,22.918181818181814,28.99090909090909,17.454545454545453,0.4818181818181818,0.4818181818181818,0.0,1.818181818181818,78.72727272727273,13.490909090909092,30.30909090909091,19.83727272727273,1014.4454545454544,70.0,16.727272727272727,0.0,3.937272727272727,11.6785,108.07580000000002,11.15,11.677272727272726,2,6,3,2,1970-01-21 11:45:58.249090909,1970-01-21 11:46:40.287272727,Đông,,,
Lâm Đồng,Tây Nguyên,2026-02-07,21.654545454545453,27.89090909090909,17.39090909090909,23.58181818181818,29.854545454545452,19.20909090909091,0.8181818181818182,0.8181818181818182,0.0,2.090909090909091,77.9090909090909,14.11818181818182,32.81818181818182,21.721818181818183,1014.2,61.09090909090909,16.954545454545453,0.0,4.36,11.6785,108.07580000000002,10.647272727272728,11.684545454545455,2,6,3,5,1970-01-21 11:47:24.649090909,1970-01-21 11:48:06.709090909,Đông,,,
Lâm Đồng,Tây Nguyên,2026-02-08,19.981818181818184,27.527272727272727,13.97272727272727,20.554545454545455,29.654545454545453,14.245454545454544,0.0545454545454545,0.0545454545454545,0.0,0.5454545454545454,72.0,16.945454545454545,37.0,22.711818181818185,1014.7363636363636,42.63636363636363,13.963636363636365,0.0,4.606363636363636,11.6785,108.07580000000002,11.56909090909091,11.693636363636363,2,6,3,0,1970-01-21 11:48:51.032727272,1970-01-21 11:49:33.130909091,Đông,,,
Lâm Đồng,Tây Nguyên,2026-02-09,20.136363636363637,27.754545454545458,14.081818181818182,20.59090909090909,29.681818181818183,13.818181818181818,0.0,0.0,0.0,0.0,71.0909090909091,14.936363636363636,35.54545454545455,22.55909090909091,1014.318181818182,80.18181818181819,14.02727272727273,0.0,4.570909090909091,11.6785,108.07580000000002,11.55181818181818,11.703636363636363,2,7,3,6,1970-01-21 11:50:17.405454545,1970-01-21 11:50:59.547272727,Đông,,,
Lâm Đồng,Tây Nguyên,2026-02-10,20.945454545454545,27.845454545454547,15.61818181818182,22.87272727272727,31.136363636363637,16.39090909090909,2.4545454545454546,2.4545454545454546,0.0,4.2727272727272725,79.0,10.509090909090908,27.481818181818184,20.418181818181814,1014.8727272727272,78.27272727272727,16.727272727272727,0.0,4.011818181818182,11.6785,108.07580000000002,11.057272727272728,11.711818181818185,2,7,51,42,1970-01-21 11:51:43.794545454,1970-01-21 11:52:25.963636363,Đông,,,
Lâm Đồng,Tây Nguyên,2026-02-11,20.545454545454547,25.745454545454542,17.518181818181816,23.045454545454547,28.9,19.527272727272727,9.127272727272729,9.127272727272729,0.0,8.818181818181818,89.0,11.236363636363636,30.73636363636364,14.417272727272728,1016.418181818182,80.27272727272727,18.536363636363635,0.0,2.7381818181818183,11.6785,108.07580000000002,8.200000000000001,11.72181818181818,2,7,61,57,1970-01-21 11:53:10.189090909,1970-01-21 11:53:52.380000000,Đông,,,
Lâm Đồng,Tây Nguyên,2026-02-12,20.845454545454547,27.08181818181818,16.59090909090909,23.154545454545453,30.50909090909091,18.018181818181816,3.5090909090909093,3.5090909090909093,0.0,7.0,84.18181818181819,11.19090909090909,28.07272727272727,19.930909090909093,1014.9272727272728,85.36363636363636,17.7,0.0,3.813636363636364,11.6785,108.07580000000002,11.10909090909091,11.731818181818182,2,7,51,3,1970-01-21 11:54:36.572727272,1970-01-21 11:55:18.796363636,Đông,,,
Lâm Đồng,Tây Nguyên,2026-02-13,21.71818181818182,28.49090909090909,16.37272727272727,23.718181818181815,31.336363636363636,17.836363636363636,0.1909090909090909,0.1909090909090909,0.0,0.8181818181818182,76.0,11.481818181818182,27.463636363636365,21.69090909090909,1013.3727272727272,91.9090909090909,16.672727272727272,0.0,4.384545454545455,11.6785,108.07580000000002,10.486363636363636,11.740000000000002,2,7,3,15,1970-01-21 11:56:02.945454545,1970-01-21 11:56:45.218181818,Đông,,,
Lâm Đồng,Tây Nguyên,2026-02-14,22.11818181818182,28.036363636363635,17.163636363636364,23.718181818181815,30.0,18.87272727272727,0.4090909090909091,0.4090909090909091,0.0,1.2727272727272727,72.0909090909091,12.418181818181818,29.654545454545453,20.60363636363636,1013.0090909090908,96.72727272727272,16.19090909090909,0.0,4.2736363636363635,11.6785,108.07580000000002,11.415454545454546,11.75,2,7,3,97,1970-01-21 11:57:29.329090909,1970-01-21 11:58:11.629090909,Đông,,,
Lâm Đồng,Tây Nguyên,2026-02-15,22.181818181818183,28.345454545454547,17.472727272727273,23.76363636363636,30.781818181818185,18.772727272727273,0.1636363636363636,0.1636363636363636,0.0,0.9090909090909092,70.9090909090909,12.627272727272729,32.63636363636363,22.688181818181818,1012.518181818182,41.63636363636363,16.145454545454545,0.0,4.640909090909091,11.6785,108.07580000000002,11.615454545454549,11.759999999999998,2,7,3,89,1970-01-21 11:58:55.712727272,1970-01-21 11:59:38.050909091,Đông,,,
Lâm Đồng,Tây Nguyên,2026-02-16,21.727272727272727,28.79090909090909,15.709090909090907,23.036363636363635,31.336363636363636,16.081818181818182,1.0363636363636364,1.0363636363636364,0.0,2.636363636363636,69.72727272727273,13.127272727272729,32.13636363636363,22.921818181818185,1012.2363636363636,36.45454545454545,15.336363636363636,0.0,4.671818181818182,11.6785,108.07580000000002,11.653636363636364,11.77,2,8,51,11,1970-01-21 12:00:22.085454545,1970-01-21 12:01:04.456363636,Đông,,,
Lâm Đồng,Tây Nguyên,2026-02-17,21.727272727272727,28.781818181818185,16.245454545454546,22.481818181818184,30.08181818181818,16.69090909090909,0.0,0.0,0.0,0.0,66.36363636363636,13.154545454545454,31.281818181818185,23.770909090909093,1012.6181818181816,86.81818181818181,14.3,0.0,4.96,11.6785,108.07580000000002,11.640909090909092,11.78,2,8,3,22,1970-01-21 12:01:48.469090909,1970-01-21 12:02:30.878181818,Đông,,,
Lâm Đồng,Tây Nguyên,2026-02-18,21.481818181818184,29.154545454545453,15.28181818181818,21.963636363636365,30.40909090909091,15.445454545454544,0.0,0.0,0.0,0.0,67.63636363636364,16.445454545454545,37.23636363636364,24.478181818181817,1014.1363636363636,63.90909090909091,14.436363636363636,0.0,5.203636363636364,11.6785,108.07580000000002,11.63818181818182,11.79,2,8,3,14,1970-01-21 12:03:14.852727272,1970-01-21 12:03:57.289090909,Đông,,,
Lâm Đồng,Tây Nguyên,2026-02-19,21.69090909090909,28.8,16.2,22.418181818181814,30.69090909090909,16.854545454545455,0.0454545454545454,0.0454545454545454,0.0,0.1818181818181818,68.54545454545455,15.3,34.52727272727273,24.14454545454545,1015.4,84.54545454545455,14.663636363636364,0.0,5.080909090909091,11.6785,108.07580000000002,11.683636363636362,11.8,2,8,3,1,1970-01-21 12:04:41.220000000,1970-01-21 12:05:23.700000000,Đông,,,
Lâm Đồng,Tây Nguyên,2026-02-20,21.509090909090908,28.39090909090909,16.081818181818182,22.736363636363635,30.854545454545452,16.79090909090909,0.6090909090909091,0.6090909090909091,0.0,2.4545454545454546,72.0909090909091,13.47272727272727,31.645454545454548,22.80909090909091,1015.318181818182,51.72727272727273,15.61818181818182,0.0,4.643636363636364,11.6785,108.07580000000002,11.49090909090909,11.81,2,8,51,23,1970-01-21 12:06:07.592727272,1970-01-21 12:06:50.110909091,Đông,,,
Lâm Đồng,Tây Nguyên,2026-02-21,21.518181818181816,29.09090909090909,15.29090909090909,22.71818181818182,31.563636363636363,15.963636363636365,0.0272727272727272,0.0272727272727272,0.0,0.2727272727272727,69.36363636363636,14.5,31.49090909090909,23.35818181818182,1012.0636363636364,29.545454545454547,14.827272727272726,0.0,4.807272727272728,11.6785,108.07580000000002,11.56,11.82,2,8,3,121,1970-01-21 12:07:33.965454545,1970-01-21 12:08:16.527272727,Đông,,,
Lâm Đồng,Tây Nguyên,2026-02-22,21.745454545454542,29.018181818181816,16.163636363636364,23.563636363636363,31.454545454545453,17.5,0.4,0.4,0.0,1.4545454545454546,74.81818181818181,14.545454545454543,34.690909090909095,22.977272727272727,1010.5,42.63636363636363,16.336363636363636,0.0,4.633636363636364,11.6785,108.07580000000002,11.625454545454549,11.831818181818182,2,8,3,6,1970-01-21 12:09:00.349090909,1970-01-21 12:09:42.938181818,Đông,,,
Lâm Đồng,Tây Nguyên,2026-02-23,22.336363636363636,29.61818181818182,17.29090909090909,24.181818181818183,31.91818181818182,19.163636363636364,0.109090909090909,0.109090909090909,0.0,0.3636363636363636,73.18181818181819,13.127272727272729,30.536363636363635,23.80363636363636,1010.9272727272728,51.27272727272727,16.21818181818182,0.0,4.92,11.6785,108.07580000000002,11.31090909090909,11.841818181818182,2,9,3,16,1970-01-21 12:10:26.710909091,1970-01-21 12:11:09.343636363,Đông,,,
Lâm Đồng,Tây Nguyên,2026-02-24,22.172727272727272,29.55454545454546,16.445454545454545,23.79090909090909,31.836363636363636,18.018181818181816,0.209090909090909,0.209090909090909,0.0,0.5454545454545454,71.0909090909091,13.063636363636364,29.79090909090909,24.42727272727273,1011.5,71.18181818181819,15.563636363636364,0.0,5.042727272727273,11.6785,108.07580000000002,11.46,11.851818181818182,2,9,3,2,1970-01-21 12:11:53.089090909,1970-01-21 12:12:35.749090909,Đông,,,
Lâm Đồng,Tây Nguyên,2026-02-25,22.21818181818182,29.40909090909091,16.745454545454546,24.127272727272725,32.06363636363636,18.172727272727272,0.3636363636363636,0.3636363636363636,0.0,2.1818181818181817,72.72727272727273,11.936363636363636,29.58181818181818,22.17,1012.0090909090908,81.72727272727273,16.172727272727272,0.0,4.592727272727273,11.6785,108.07580000000002,9.860909090909091,11.863636363636363,2,9,51,137,1970-01-21 12:13:19.472727272,1970-01-21 12:14:02.165454545,Đông,,,
Lâm Đồng,Tây Nguyên,2026-02-26,21.19090909090909,26.272727272727273,19.254545454545458,23.818181818181817,28.42727272727273,21.536363636363635,12.0,12.0,0.0,13.545454545454543,89.54545454545455,13.636363636363637,34.40909090909091,13.013636363636364,1010.9636363636364,96.27272727272728,19.227272727272727,0.0,2.503636363636363,11.6785,108.07580000000002,6.984545454545454,11.873636363636365,2,9,63,120,1970-01-21 12:14:45.829090909,1970-01-21 12:15:28.570909091,Đông,,,
Lâm Đồng,Tây Nguyên,2026-02-27,20.9,26.145454545454548,18.863636363636363,23.772727272727273,29.372727272727275,21.38181818181818,13.47272727272727,13.47272727272727,0.0,17.818181818181817,91.63636363636364,11.863636363636363,29.69090909090909,14.116363636363635,1010.5272727272728,89.9090909090909,19.38181818181818,0.0,2.651818181818182,11.6785,108.07580000000002,7.75090909090909,11.883636363636365,2,9,63,90,1970-01-21 12:16:12.212727272,1970-01-21 12:16:54.987272727,Đông,,,
Lâm Đồng,Tây Nguyên,2026-02-28,21.5,27.545454545454547,17.527272727272727,24.327272727272728,31.20909090909091,19.663636363636364,3.1454545454545455,3.1454545454545455,0.0,5.181818181818182,86.0909090909091,11.009090909090908,28.154545454545453,22.315454545454543,1010.4454545454544,42.72727272727273,18.681818181818183,0.0,4.27,11.6785,108.07580000000002,11.102727272727272,11.893636363636364,2,9,61,149,1970-01-21 12:17:38.574545454,1970-01-21 12:18:21.392727272,Đông,,,
Lâm Đồng,Tây Nguyên,2026-03-01,22.19090909090909,28.545454545454547,17.854545454545455,24.91818181818182,32.52727272727273,20.20909090909091,0.7090909090909091,0.7090909090909091,0.0,2.727272727272727,81.81818181818181,12.145454545454545,29.07272727272727,23.05636363636364,1010.7636363636364,47.63636363636363,18.4,0.0,4.545454545454546,11.6785,108.07580000000002,11.418181818181818,11.903636363636364,3,9,51,101,1970-01-21 12:19:04.952727272,1970-01-21 12:19:47.798181818,Xuân,,,
Lâm Đồng,Tây Nguyên,2026-03-02,22.4,28.545454545454547,17.318181818181817,25.354545454545452,32.75454545454546,19.363636363636363,0.5909090909090909,0.5909090909090909,0.0,3.8181818181818183,81.81818181818181,10.4,24.454545454545453,23.17363636363636,1011.9272727272728,48.81818181818182,18.62727272727273,0.0,4.587272727272727,11.6785,108.07580000000002,11.741818181818182,11.913636363636364,3,10,51,151,1970-01-21 12:20:31.314545454,1970-01-21 12:21:14.203636363,Xuân,,,
Lâm Đồng,Tây Nguyên,2026-03-03,22.12727272727273,27.5,18.57272727272727,25.5,31.83636363636364,21.21818181818182,3.1090909090909093,3.1090909090909093,0.0,8.090909090909092,87.45454545454545,10.60909090909091,27.172727272727272,19.03909090909091,1012.481818181818,64.0909090909091,19.66363636363636,0.0,3.719090909090909,11.6785,108.07580000000002,10.673636363636364,11.923636363636364,3,10,53,19,1970-01-21 12:21:57.692727272,1970-01-21 12:22:40.614545454,Xuân,,,
Lâm Đồng,Tây Nguyên,2026-03-04,22.8,28.61818181818182,18.20909090909091,25.454545454545453,32.1,20.663636363636364,0.6272727272727273,0.6272727272727273,0.0,3.363636363636364,77.54545454545455,10.618181818181816,23.563636363636363,23.415454545454544,1012.4363636363636,53.36363636363637,17.918181818181818,0.0,4.719090909090909,11.6785,108.07580000000002,11.488181818181818,11.936363636363636,3,10,51,106,1970-01-21 12:23:24.054545454,1970-01-21 12:24:07.020000000,Xuân,,,
Lâm Đồng,Tây Nguyên,2026-03-05,21.418181818181814,28.59090909090909,17.39090909090909,23.936363636363637,32.43636363636364,19.19090909090909,6.590909090909091,6.590909090909091,0.0,6.090909090909091,81.72727272727273,10.618181818181816,28.272727272727273,21.548181818181817,1012.2636363636364,40.63636363636363,17.681818181818183,0.0,4.172727272727273,11.6785,108.07580000000002,11.282727272727271,11.946363636363635,3,10,63,19,1970-01-21 12:24:50.432727272,1970-01-21 12:25:33.430909091,Xuân,,,
Lâm Đồng,Tây Nguyên,2026-03-06,20.618181818181817,25.863636363636363,17.61818181818182,23.181818181818183,28.672727272727272,19.754545454545458,11.0,11.0,0.0,8.0,87.9090909090909,11.745454545454548,30.463636363636365,17.816363636363636,1013.0545454545456,63.81818181818182,18.336363636363636,0.0,3.3,11.6785,108.07580000000002,11.618181818181816,11.957272727272729,3,10,65,1,1970-01-21 12:26:16.794545454,1970-01-21 12:26:59.830909091,Xuân,,,
Lâm Đồng,Tây Nguyên,2026-03-07,21.09090909090909,27.2,17.045454545454547,23.027272727272727,30.10909090909091,18.79090909090909,1.5636363636363635,1.5636363636363635,0.0,2.636363636363636,80.0,12.9,31.55454545454546,21.46090909090909,1013.7454545454548,58.90909090909091,17.027272727272727,0.0,4.193636363636363,11.6785,108.07580000000002,11.73090909090909,11.96818181818182,3,10,51,2,1970-01-21 12:27:43.156363636,1970-01-21 12:28:26.241818181,Xuân,,,
Lâm Đồng,Tây Nguyên,2026-03-08,20.645454545454545,27.372727272727275,14.427272727272726,22.11818181818182,30.163636363636364,14.963636363636365,0.2363636363636363,0.2363636363636363,0.0,1.3636363636363635,75.27272727272727,11.936363636363636,28.672727272727272,24.46090909090909,1013.7727272727273,15.363636363636363,15.463636363636365,0.0,4.735454545454545,11.6785,108.07580000000002,11.86181818181818,11.98,3,10,51,357,1970-01-21 12:29:09.518181818,1970-01-21 12:29:52.647272727,Xuân,,,
Lâm Đồng,Tây Nguyên,2026-03-09,21.081818181818186,27.172727272727272,16.599999999999998,23.263636363636365,29.972727272727273,18.045454545454547,3.1636363636363636,3.1636363636363636,0.0,7.363636363636363,82.81818181818181,12.409090909090908,30.50909090909091,21.10727272727273,1014.4090909090908,34.90909090909091,17.645454545454545,0.0,4.1036363636363635,11.6785,108.07580000000002,11.496363636363636,11.990000000000002,3,11,53,5,1970-01-21 12:30:35.885454545,1970-01-21 12:31:19.052727272,Xuân,,,
Lâm Đồng,Tây Nguyên,2026-03-10,21.563636363636363,27.563636363636363,16.87272727272727,22.963636363636365,29.1,18.38181818181818,1.1181818181818182,1.1181818181818182,0.0,4.7272727272727275,77.0,16.772727272727273,39.56363636363636,23.36909090909091,1014.7818181818184,41.45454545454545,16.69090909090909,0.0,4.715454545454545,11.6785,108.07580000000002,11.610909090909091,12.0,3,11,51,47,1970-01-21 12:32:02.252727272,1970-01-21 12:32:45.452727272,Xuân,,,
Lâm Đồng,Tây Nguyên,2026-03-11,20.92727272727273,27.645454545454548,15.736363636363636,22.10909090909091,30.11818181818182,16.40909090909091,0.4545454545454545,0.4545454545454545,0.0,2.0,74.27272727272727,12.754545454545456,30.10909090909091,24.45,1014.081818181818,53.0,15.47272727272727,0.0,4.847272727272728,11.6785,108.07580000000002,11.852727272727272,12.009999999999998,3,11,3,13,1970-01-21 12:33:28.620000000,1970-01-21 12:34:11.852727272,Xuân,,,
Lâm Đồng,Tây Nguyên,2026-03-12,21.39090909090909,27.89090909090909,16.78181818181818,22.472727272727273,29.89090909090909,17.509090909090908,0.4909090909090909,0.4909090909090909,0.0,2.090909090909091,70.27272727272727,13.436363636363636,30.727272727272727,23.53727272727273,1013.2454545454548,46.09090909090909,15.127272727272729,0.0,4.778181818181818,11.6785,108.07580000000002,11.542727272727271,12.02,3,11,3,12,1970-01-21 12:34:54.992727272,1970-01-21 12:35:38.252727272,Xuân,,,
Lâm Đồng,Tây Nguyên,2026-03-13,20.799999999999997,27.3,15.745454545454544,21.845454545454547,29.49090909090909,16.136363636363637,0.9454545454545452,0.9454545454545452,0.0,3.1818181818181817,72.36363636363636,12.263636363636364,29.89090909090909,22.952727272727273,1013.7909090909092,36.0,14.981818181818182,0.0,4.62,11.6785,108.07580000000002,11.812727272727273,12.03,3,11,51,57,1970-01-21 12:36:21.338181818,1970-01-21 12:37:04.663636363,Xuân,,,
Lâm Đồng,Tây Nguyên,2026-03-14,20.28181818181818,26.563636363636363,16.30909090909091,21.818181818181817,28.20909090909091,17.545454545454547,2.5545454545454547,2.5545454545454547,0.0,6.545454545454546,80.9090909090909,12.88181818181818,32.0,18.406363636363636,1015.1,56.09090909090909,16.481818181818184,0.0,3.621818181818182,11.6785,108.07580000000002,10.352727272727272,12.04090909090909,3,11,51,30,1970-01-21 12:37:47.700000000,1970-01-21 12:38:31.063636363,Xuân,,,
Lâm Đồng,Tây Nguyên,2026-03-15,20.027272727272727,26.654545454545453,15.70909090909091,21.854545454545455,29.55454545454546,16.60909090909091,9.4,9.4,0.0,8.181818181818182,83.9090909090909,11.072727272727272,28.88181818181818,20.487272727272725,1015.6090909090908,34.81818181818182,16.87272727272727,0.0,3.877272727272727,11.6785,108.07580000000002,11.687272727272727,12.053636363636365,3,11,63,16,1970-01-21 12:39:14.072727272,1970-01-21 12:39:57.463636363,Xuân,,,
Lâm Đồng,Tây Nguyên,2026-03-16,20.581818181818186,26.472727272727273,15.518181818181818,22.545454545454547,29.627272727272725,16.7,1.6909090909090911,1.6909090909090911,0.0,7.0,79.54545454545455,8.954545454545455,22.88181818181818,22.81090909090909,1014.0636363636364,33.18181818181818,16.418181818181818,0.0,4.401818181818182,11.6785,108.07580000000002,11.77,12.068181818181818,3,12,53,6,1970-01-21 12:40:40.440000000,1970-01-21 12:41:23.863636363,Xuân,,,
Lâm Đồng,Tây Nguyên,2026-03-17,20.990909090909092,28.318181818181817,15.4,22.481818181818184,30.718181818181815,16.709090909090907,0.0727272727272727,0.0727272727272727,0.0,0.2727272727272727,74.45454545454545,13.236363636363636,31.327272727272728,24.92727272727273,1013.7818181818184,32.18181818181818,15.272727272727272,0.0,5.001818181818181,11.6785,108.07580000000002,11.53181818181818,12.08,3,12,3,7,1970-01-21 12:42:06.796363636,1970-01-21 12:42:50.269090909,Xuân,,,
Lâm Đồng,Tây Nguyên,2026-03-18,21.245454545454542,29.1,15.081818181818182,22.845454545454544,31.90909090909091,16.009090909090908,0.0727272727272727,0.0727272727272727,0.0,0.6363636363636364,74.36363636363636,13.29090909090909,30.55454545454546,24.932727272727274,1014.081818181818,57.63636363636363,15.536363636363635,0.0,5.044545454545455,11.6785,108.07580000000002,11.817272727272728,12.090000000000002,3,12,3,22,1970-01-21 12:43:33.152727272,1970-01-21 12:44:16.680000000,Xuân,,,
Lâm Đồng,Tây Nguyên,2026-03-19,21.345454545454547,28.19090909090909,16.16363636363636,23.154545454545453,30.863636363636363,17.645454545454545,0.1727272727272727,0.1727272727272727,0.0,0.7272727272727273,76.63636363636364,13.47272727272727,30.827272727272728,24.19545454545454,1013.7454545454548,28.818181818181817,16.2,0.0,4.845454545454545,11.6785,108.07580000000002,11.74909090909091,12.1,3,12,3,41,1970-01-21 12:44:59.520000000,1970-01-21 12:45:43.080000000,Xuân,,,
Lâm Đồng,Tây Nguyên,2026-03-20,21.327272727272728,28.154545454545453,16.772727272727273,23.327272727272728,30.99090909090909,18.527272727272727,0.8090909090909091,0.8090909090909091,0.0,3.090909090909091,78.18181818181819,13.490909090909092,31.318181818181817,23.964545454545455,1013.8818181818184,58.63636363636363,16.727272727272727,0.0,4.746363636363636,11.6785,108.07580000000002,11.586363636363636,12.109999999999998,3,12,51,7,1970-01-21 12:46:25.892727272,1970-01-21 12:47:09.480000000,Xuân,,,
Lâm Đồng,Tây Nguyên,2026-03-21,21.62727272727273,28.836363636363636,15.909090909090908,23.29090909090909,31.58181818181818,17.28181818181818,0.009090909090909,0.009090909090909,0.0,0.0909090909090909,73.45454545454545,12.736363636363636,29.94545454545454,23.170909090909092,1014.1181818181816,35.36363636363637,15.736363636363636,0.0,4.750909090909091,11.6785,108.07580000000002,11.593636363636364,12.12,3,12,3,68,1970-01-21 12:47:52.243636363,1970-01-21 12:48:35.880000000,Xuân,,,
Lâm Đồng,Tây Nguyên,2026-03-22,21.78181818181818,29.127272727272725,15.272727272727272,23.21818181818182,31.518181818181816,16.036363636363635,0.0,0.0,0.0,0.0,70.27272727272727,13.818181818181818,30.8,24.984545454545454,1013.3909090909092,37.36363636363637,15.081818181818182,0.0,5.117272727272727,11.6785,108.07580000000002,11.832727272727272,12.13,3,12,3,81,1970-01-21 12:49:18.610909091,1970-01-21 12:50:02.280000000,Xuân,,,
Lâm Đồng,Tây Nguyên,2026-03-23,21.836363636363636,29.23636363636364,15.663636363636362,23.49090909090909,31.654545454545453,16.80909090909091,0.0,0.0,0.0,0.0,70.27272727272727,13.381818181818184,29.59090909090909,25.42,1012.9545454545456,28.272727272727273,15.136363636363637,0.0,5.172727272727273,11.6785,108.07580000000002,11.909999999999998,12.140000000000002,3,13,3,2,1970-01-21 12:50:44.972727272,1970-01-21 12:51:28.680000000,Xuân,,,
Lâm Đồng,Tây Nguyên,2026-03-24,21.563636363636363,29.472727272727273,14.954545454545457,22.79090909090909,31.681818181818183,15.409090909090908,0.0,0.0,0.0,0.0,67.54545454545455,14.036363636363635,31.154545454545453,27.06,1011.9272727272728,12.909090909090908,14.11818181818182,0.0,5.451818181818182,11.6785,108.07580000000002,11.92181818181818,12.15,3,13,3,148,1970-01-21 12:52:11.340000000,1970-01-21 12:52:55.080000000,Xuân,,,
Lâm Đồng,Tây Nguyên,2026-03-25,22.20909090909091,30.08181818181818,15.745454545454548,23.872727272727275,32.26363636363636,16.818181818181817,0.009090909090909,0.009090909090909,0.0,0.0909090909090909,70.27272727272727,12.318181818181818,29.58181818181818,27.019090909090902,1012.081818181818,13.363636363636363,15.2,0.0,5.534545454545455,11.6785,108.07580000000002,11.892727272727273,12.159999999999998,3,13,3,102,1970-01-21 12:53:37.712727272,1970-01-21 12:54:21.480000000,Xuân,,,
Lâm Đồng,Tây Nguyên,2026-03-26,22.181818181818183,30.172727272727272,15.645454545454545,24.09090909090909,32.82727272727273,16.80909090909091,0.0,0.0,0.0,0.0,72.54545454545455,12.063636363636364,28.227272727272727,27.34363636363636,1012.0545454545456,18.09090909090909,15.8,0.0,5.534545454545454,11.6785,108.07580000000002,11.774545454545455,12.17181818181818,3,13,3,152,1970-01-21 12:55:04.063636363,1970-01-21 12:55:47.896363636,Xuân,,,
Lâm Đồng,Tây Nguyên,2026-03-27,22.263636363636365,29.745454545454542,16.136363636363637,24.29090909090909,33.127272727272725,17.463636363636365,0.0272727272727272,0.0272727272727272,0.0,0.2727272727272727,74.0909090909091,12.80909090909091,30.44545454545454,26.811818181818182,1011.8272727272728,20.272727272727273,16.60909090909091,0.0,5.421818181818182,11.6785,108.07580000000002,11.893636363636364,12.186363636363636,3,13,3,109,1970-01-21 12:56:30.430909091,1970-01-21 12:57:14.296363636,Xuân,,,
Lâm Đồng,Tây Nguyên,2026-03-28,22.89090909090909,30.936363636363637,15.990909090909092,24.345454545454547,32.43636363636364,17.172727272727272,0.0,0.0,0.0,0.0,71.63636363636364,16.363636363636363,38.38181818181818,27.32272727272727,1011.418181818182,29.818181818181817,16.054545454545455,0.0,5.833636363636364,11.6785,108.07580000000002,11.893636363636364,12.196363636363635,3,13,3,132,1970-01-21 12:57:56.792727272,1970-01-21 12:58:40.696363636,Xuân,,,
Lâm Đồng,Tây Nguyên,2026-03-29,22.7,30.718181818181822,15.71818181818182,24.05454545454546,32.31818181818182,16.472727272727273,0.0,0.0,0.0,0.0,70.0909090909091,15.645454545454545,36.32727272727273,26.29,1012.1,55.81818181818182,15.663636363636364,0.0,5.62,11.6785,108.07580000000002,11.923636363636364,12.20818181818182,3,13,3,143,1970-01-21 12:59:23.154545454,1970-01-21 13:00:07.096363636,Xuân,,,
Lâm Đồng,Tây Nguyên,2026-03-30,23.063636363636363,30.809090909090912,16.836363636363636,24.845454545454547,33.336363636363636,18.327272727272728,0.0363636363636363,0.0363636363636363,0.0,0.2727272727272727,70.27272727272727,14.854545454545455,33.04545454545455,26.231818181818184,1012.6363636363636,36.81818181818182,16.09090909090909,0.0,5.536363636363636,11.6785,108.07580000000002,11.908181818181818,12.22,3,14,3,121,1970-01-21 13:00:49.510909091,1970-01-21 13:01:33.496363636,Xuân,,,
Lâm Đồng,Tây Nguyên,2026-03-31,23.41818181818182,30.9,16.927272727272726,24.827272727272728,32.92727272727273,18.463636363636365,0.0636363636363636,0.0636363636363636,0.0,0.5454545454545454,65.0909090909091,14.6,32.445454545454545,26.765454545454546,1012.8545454545456,51.81818181818182,14.936363636363636,0.0,5.724545454545455,11.6785,108.07580000000002,11.67181818181818,12.23,3,14,3,113,1970-01-21 13:02:15.872727272,1970-01-21 13:02:59.901818181,Xuân,,,
Lâm Đồng,Tây Nguyên,2026-04-01,23.6,31.336363636363636,17.272727272727273,24.9,33.663636363636364,17.7,0.0454545454545454,0.0454545454545454,0.0,0.4545454545454545,62.72727272727273,16.672727272727272,36.68181818181818,26.021818181818183,1012.4909090909092,35.90909090909091,14.990909090909092,0.0,5.574545454545454,11.6785,108.07580000000002,11.924545454545454,12.240000000000002,4,14,3,102,1970-01-21 13:03:42.240000000,1970-01-21 13:04:26.301818181,Xuân,,,
Lâm Đồng,Tây Nguyên,2026-04-02,22.863636363636363,30.79090909090909,15.981818181818182,24.181818181818183,33.09090909090909,16.87272727272727,0.009090909090909,0.009090909090909,0.0,0.0909090909090909,66.9090909090909,14.21818181818182,32.43636363636364,27.29090909090909,1013.2090909090908,18.0,14.9,0.0,5.746363636363636,11.6785,108.07580000000002,11.911818181818182,12.25,4,14,3,103,1970-01-21 13:05:08.607272727,1970-01-21 13:05:52.712727272,Xuân,,,
Lâm Đồng,Tây Nguyên,2026-04-03,22.3,30.463636363636365,15.20909090909091,23.55454545454546,32.75454545454546,15.909090909090908,0.0,0.0,0.0,0.0,66.45454545454545,14.5,32.04545454545455,27.886363636363637,1012.3545454545456,7.545454545454546,14.2,0.0,5.709090909090909,11.6785,108.07580000000002,11.88090909090909,12.259999999999998,4,14,1,154,1970-01-21 13:06:34.963636363,1970-01-21 13:07:19.112727272,Xuân,,,
Lâm Đồng,Tây Nguyên,2026-04-04,23.263636363636365,31.44545454545454,17.018181818181816,25.372727272727275,34.018181818181816,18.736363636363635,0.0181818181818181,0.0181818181818181,0.0,0.1818181818181818,72.45454545454545,13.390909090909092,30.436363636363637,26.33090909090909,1011.0909090909092,57.09090909090909,16.727272727272727,0.0,5.554545454545455,11.6785,108.07580000000002,11.82181818181818,12.271818181818183,4,14,3,163,1970-01-21 13:08:01.325454545,1970-01-21 13:08:45.512727272,Xuân,,,
Lâm Đồng,Tây Nguyên,2026-04-05,23.90909090909091,31.69090909090909,18.30909090909091,26.39090909090909,34.20909090909091,20.763636363636365,0.0636363636363636,0.0636363636363636,0.0,0.4545454545454545,73.9090909090909,13.481818181818182,30.563636363636363,25.60181818181818,1010.7181818181816,39.36363636363637,17.763636363636365,0.0,5.502727272727273,11.6785,108.07580000000002,11.703636363636363,12.28181818181818,4,14,3,164,1970-01-21 13:09:27.692727272,1970-01-21 13:10:11.912727272,Xuân,,,
Lâm Đồng,Tây Nguyên,2026-04-06,24.136363636363637,31.73636363636364,18.40909090909091,26.363636363636363,34.32727272727273,20.581818181818186,0.0545454545454545,0.0545454545454545,0.0,0.4545454545454545,71.0,13.227272727272728,31.936363636363637,26.883636363636366,1011.9727272727272,33.72727272727273,17.145454545454545,0.0,5.7709090909090905,11.6785,108.07580000000002,11.82181818181818,12.292727272727271,4,15,3,158,1970-01-21 13:10:54.049090909,1970-01-21 13:11:38.312727272,Xuân,,,
Lâm Đồng,Tây Nguyên,2026-04-07,24.19090909090909,31.363636363636363,18.472727272727273,26.854545454545452,34.54545454545455,20.954545454545453,0.3272727272727272,0.3272727272727272,0.0,1.4545454545454546,74.0909090909091,12.463636363636365,29.0,24.88181818181818,1012.5909090909092,60.36363636363637,18.154545454545453,0.0,5.267272727272727,11.6785,108.07580000000002,11.794545454545457,12.303636363636365,4,15,51,206,1970-01-21 13:12:20.410909091,1970-01-21 13:13:04.712727272,Xuân,,,
Lâm Đồng,Tây Nguyên,2026-04-08,24.40909090909091,31.94545454545454,19.10909090909091,27.218181818181815,34.95454545454545,21.663636363636364,0.3909090909090909,0.3909090909090909,0.0,2.090909090909091,74.63636363636364,15.58181818181818,34.53636363636363,25.228181818181817,1012.8090909090909,57.36363636363637,18.454545454545453,0.0,5.356363636363636,11.6785,108.07580000000002,11.903636363636364,12.313636363636364,4,15,51,160,1970-01-21 13:13:46.778181818,1970-01-21 13:14:31.112727272,Xuân,,,
Lâm Đồng,Tây Nguyên,2026-04-09,24.045454545454547,31.08181818181818,19.336363636363636,26.55454545454546,34.47272727272727,21.936363636363637,0.4454545454545455,0.4454545454545455,0.0,2.090909090909091,73.81818181818181,13.881818181818184,32.43636363636363,25.78727272727273,1013.318181818182,40.63636363636363,18.07272727272727,0.0,5.440909090909091,11.6785,108.07580000000002,11.804545454545456,12.326363636363636,4,15,51,157,1970-01-21 13:15:13.145454545,1970-01-21 13:15:57.512727272,Xuân,,,
Lâm Đồng,Tây Nguyên,2026-04-10,24.027272727272727,30.972727272727273,19.036363636363635,26.7,34.1,21.827272727272728,0.5909090909090909,0.5909090909090909,0.0,2.727272727272727,72.9090909090909,12.7,28.10909090909091,24.414545454545458,1013.418181818182,43.27272727272727,17.90909090909091,0.0,5.14,11.6785,108.07580000000002,11.618181818181816,12.336363636363636,4,15,51,191,1970-01-21 13:16:39.512727272,1970-01-21 13:17:23.912727272,Xuân,,,
Lâm Đồng,Tây Nguyên,2026-04-11,23.863636363636363,31.09090909090909,18.38181818181818,26.318181818181817,34.37272727272727,20.563636363636363,0.2909090909090909,0.2909090909090909,0.0,1.0,72.63636363636364,14.318181818181818,32.309090909090905,24.80727272727273,1012.2181818181816,23.636363636363637,17.7,0.0,5.2309090909090905,11.6785,108.07580000000002,11.908181818181818,12.346363636363636,4,15,3,152,1970-01-21 13:18:05.874545454,1970-01-21 13:18:50.312727272,Xuân,,,
Lâm Đồng,Tây Nguyên,2026-04-12,23.954545454545453,30.218181818181815,19.527272727272727,27.136363636363637,34.11818181818182,22.59090909090909,1.0818181818181818,1.0818181818181818,0.0,4.090909090909091,78.72727272727273,11.21818181818182,25.94545454545454,24.272727272727273,1011.6090909090908,47.81818181818182,19.327272727272728,0.0,5.029090909090909,11.6785,108.07580000000002,11.452727272727271,12.356363636363636,4,15,51,152,1970-01-21 13:19:32.247272727,1970-01-21 13:20:16.723636363,Xuân,,,
Lâm Đồng,Tây Nguyên,2026-04-13,24.063636363636363,30.0,20.37272727272727,27.6,34.22727272727273,23.88181818181818,1.6272727272727272,1.6272727272727272,0.0,5.2727272727272725,80.81818181818181,12.3,28.6,23.149090909090912,1012.6363636363636,45.54545454545455,20.045454545454547,0.0,4.740909090909091,11.6785,108.07580000000002,11.636363636363637,12.366363636363635,4,16,51,147,1970-01-21 13:20:58.609090909,1970-01-21 13:21:43.129090909,Xuân,,,
Lâm Đồng,Tây Nguyên,2026-04-14,23.481818181818184,30.0,19.363636363636363,26.845454545454547,34.300000000000004,22.445454545454545,1.9,1.9,0.0,4.7272727272727275,81.18181818181819,11.39090909090909,27.79090909090909,23.612727272727273,1012.3636363636364,43.09090909090909,19.527272727272727,0.0,4.8109090909090915,11.6785,108.07580000000002,11.780909090909091,12.376363636363635,4,16,51,105,1970-01-21 13:22:24.970909091,1970-01-21 13:23:09.529090909,Xuân,,,
Lâm Đồng,Tây Nguyên,2026-04-15,23.009090909090908,29.70909090909091,18.663636363636364,26.19090909090909,34.11818181818182,21.145454545454545,1.6181818181818182,1.6181818181818182,0.0,3.4545454545454546,81.81818181818181,12.372727272727271,31.518181818181816,23.277272727272727,1011.5272727272728,41.09090909090909,19.28181818181818,0.0,4.669090909090909,11.6785,108.07580000000002,11.88818181818182,12.386363636363637,4,16,53,93,1970-01-21 13:23:51.343636363,1970-01-21 13:24:35.934545454,Xuân,,,
Lâm Đồng,Tây Nguyên,2026-04-16,23.627272727272725,29.26363636363636,19.936363636363637,26.76363636363636,33.627272727272725,22.90909090909091,1.1727272727272728,1.1727272727272728,0.0,4.7272727272727275,80.0909090909091,10.736363636363636,25.127272727272725,22.31,1011.7545454545452,62.18181818181818,19.481818181818184,0.0,4.580909090909091,11.6785,108.07580000000002,11.323636363636364,12.396363636363638,4,16,51,149,1970-01-21 13:25:17.710909091,1970-01-21 13:26:02.340000000,Xuân,,,
Lâm Đồng,Tây Nguyên,2026-04-17,23.372727272727275,30.136363636363637,18.38181818181818,25.90909090909091,33.54545454545455,20.62727272727273,0.4727272727272727,0.4727272727272727,0.0,3.0,75.54545454545455,15.409090909090908,33.09090909090909,24.574545454545454,1012.1090909090908,54.81818181818182,17.963636363636365,0.0,5.094545454545455,11.6785,108.07580000000002,11.926363636363636,12.406363636363636,4,16,51,88,1970-01-21 13:26:44.078181818,1970-01-21 13:27:28.745454545,Xuân,,,
Lâm Đồng,Tây Nguyên,2026-04-18,23.454545454545453,30.0,18.172727272727272,26.045454545454547,33.14545454545454,20.3,0.8,0.8,0.0,3.909090909090909,76.0909090909091,13.345454545454546,30.92727272727273,23.98818181818182,1011.8545454545456,41.90909090909091,18.245454545454542,0.0,4.9372727272727275,11.6785,108.07580000000002,11.914545454545454,12.416363636363638,4,16,51,90,1970-01-21 13:28:10.450909091,1970-01-21 13:28:55.145454545,Xuân,,,
Lâm Đồng,Tây Nguyên,2026-04-19,23.354545454545452,29.481818181818184,19.07272727272727,25.863636363636363,32.95454545454545,21.20909090909091,1.2636363636363637,1.2636363636363637,0.0,5.090909090909091,76.0,13.454545454545457,31.327272727272728,23.236363636363635,1011.8363636363636,41.0,18.181818181818183,0.0,4.781818181818182,11.6785,108.07580000000002,11.852727272727272,12.426363636363636,4,16,51,154,1970-01-21 13:29:36.818181818,1970-01-21 13:30:21.545454545,Xuân,,,
Lâm Đồng,Tây Nguyên,2026-04-20,22.38181818181818,29.145454545454548,17.490909090909092,24.57272727272727,32.481818181818184,19.563636363636363,0.981818181818182,0.981818181818182,0.0,3.272727272727273,75.72727272727273,12.890909090909092,28.827272727272728,24.19909090909091,1012.2454545454548,39.63636363636363,17.2,0.0,4.912727272727273,11.6785,108.07580000000002,11.82,12.436363636363636,4,17,51,146,1970-01-21 13:31:03.190909091,1970-01-21 13:31:47.972727272,Xuân,,,
Lâm Đồng,Tây Nguyên,2026-04-21,22.645454545454545,29.59090909090909,17.254545454545454,24.654545454545453,32.81818181818182,19.036363636363635,0.3,0.3,0.0,1.2727272727272727,73.0,13.845454545454546,30.8,25.293636363636367,1011.418181818182,19.818181818181817,16.745454545454546,0.0,5.143636363636364,11.6785,108.07580000000002,11.96,12.446363636363635,4,17,51,148,1970-01-21 13:32:29.558181818,1970-01-21 13:33:14.372727272,Xuân,,,
Lâm Đồng,Tây Nguyên,2026-04-22,22.918181818181814,29.754545454545458,17.736363636363635,25.372727272727275,33.14545454545455,19.78181818181818,0.2272727272727272,0.2272727272727272,0.0,1.7272727272727273,77.27272727272727,13.28181818181818,30.036363636363635,23.62181818181818,1011.1090909090908,40.63636363636363,17.945454545454545,0.0,4.861818181818181,11.6785,108.07580000000002,11.758181818181818,12.456363636363635,4,17,51,136,1970-01-21 13:33:55.920000000,1970-01-21 13:34:40.772727272,Xuân,,,
Lâm Đồng,Tây Nguyên,2026-04-23,23.30909090909091,29.127272727272725,19.863636363636363,26.463636363636365,33.35454545454545,22.79090909090909,1.3636363636363635,1.3636363636363635,0.0,5.090909090909091,82.0,10.472727272727273,27.76363636363636,21.35363636363636,1010.6909090909091,67.0909090909091,19.554545454545455,0.0,4.356363636363636,11.6785,108.07580000000002,11.328181818181818,12.46818181818182,4,17,51,96,1970-01-21 13:35:22.298181818,1970-01-21 13:36:07.172727272,Xuân,,,
Lâm Đồng,Tây Nguyên,2026-04-24,23.80909090909091,30.0,19.663636363636364,27.172727272727272,33.93636363636364,22.78181818181818,1.1727272727272728,1.1727272727272728,0.0,5.454545454545454,80.18181818181819,10.927272727272728,25.472727272727273,24.026363636363637,1011.6272727272728,87.63636363636364,19.554545454545455,0.0,4.909090909090909,11.6785,108.07580000000002,11.553636363636365,12.478181818181817,4,17,51,150,1970-01-21 13:36:48.665454545,1970-01-21 13:37:33.589090909,Xuân,,,
Lâm Đồng,Tây Nguyên,2026-04-25,23.718181818181815,30.218181818181815,20.20909090909091,27.027272727272727,34.53636363636363,23.21818181818182,4.445454545454545,4.445454545454545,0.0,5.818181818181818,80.45454545454545,11.827272727272726,32.1,23.59,1013.0363636363636,60.81818181818182,19.57272727272727,0.0,4.759090909090909,11.6785,108.07580000000002,11.840000000000002,12.488181818181818,4,17,53,90,1970-01-21 13:38:15.038181818,1970-01-21 13:38:59.989090909,Xuân,,,
Lâm Đồng,Tây Nguyên,2026-04-26,24.063636363636363,31.463636363636365,18.39090909090909,25.981818181818184,33.38181818181818,20.727272727272727,0.009090909090909,0.009090909090909,0.0,0.0909090909090909,67.54545454545455,13.518181818181818,31.872727272727275,25.61727272727273,1012.3454545454543,67.72727272727273,16.018181818181816,0.0,5.472727272727273,11.6785,108.07580000000002,11.001818181818182,12.496363636363638,4,17,3,124,1970-01-21 13:39:41.410909091,1970-01-21 13:40:26.389090909,Xuân,,,
Lâm Đồng,Tây Nguyên,2026-04-27,24.127272727272725,29.981818181818184,18.8,26.92727272727273,33.690909090909095,21.163636363636364,0.7000000000000001,0.7000000000000001,0.0,4.090909090909091,72.45454545454545,11.481818181818182,25.80909090909091,25.126363636363635,1011.6090909090908,57.81818181818182,18.045454545454547,0.0,5.206363636363636,11.6785,108.07580000000002,11.97,12.506363636363636,4,18,51,147,1970-01-21 13:41:07.778181818,1970-01-21 13:41:52.805454545,Xuân,,,
Lâm Đồng,Tây Nguyên,2026-04-28,22.527272727272727,28.245454545454542,20.027272727272727,25.972727272727273,31.936363636363637,23.063636363636363,8.281818181818181,8.281818181818181,0.0,8.090909090909092,87.27272727272727,13.19090909090909,32.554545454545455,16.55181818181818,1012.318181818182,78.0,20.11818181818182,0.0,3.2345454545454544,11.6785,108.07580000000002,9.803636363636365,12.516363636363636,4,18,63,75,1970-01-21 13:42:34.150909091,1970-01-21 13:43:19.205454545,Xuân,,,
Lâm Đồng,Tây Nguyên,2026-04-29,22.663636363636364,28.20909090909091,19.345454545454547,26.045454545454547,32.190909090909095,22.363636363636363,6.218181818181819,6.218181818181819,0.0,5.909090909090909,85.27272727272727,9.60909090909091,26.42727272727273,18.682727272727274,1012.6090909090908,84.18181818181819,19.827272727272728,0.0,3.661818181818182,11.6785,108.07580000000002,10.783636363636363,12.526363636363635,4,18,63,19,1970-01-21 13:44:00.529090909,1970-01-21 13:44:45.627272727,Xuân,,,
Lâm Đồng,Tây Nguyên,2026-04-30,23.981818181818184,29.636363636363637,19.10909090909091,27.254545454545458,33.845454545454544,21.918181818181814,0.9545454545454546,0.9545454545454546,0.0,5.363636363636363,77.54545454545455,10.418181818181818,28.00909090909091,25.151818181818182,1012.818181818182,47.54545454545455,19.272727272727273,0.0,5.141818181818182,11.6785,108.07580000000002,11.876363636363635,12.535454545454543,4,18,51,85,1970-01-21 13:45:26.901818181,1970-01-21 13:46:12.032727272,Xuân,,,
Lâm Đồng,Tây Nguyên,2026-05-01,23.845454545454547,30.23636363636364,17.945454545454545,26.318181818181817,33.63636363636363,19.69090909090909,0.9363636363636364,0.9363636363636364,0.0,4.2727272727272725,71.72727272727273,10.936363636363636,26.318181818181817,25.46,1012.5272727272728,53.45454545454545,17.636363636363637,0.0,5.3,11.6785,108.07580000000002,11.936363636363636,12.542727272727271,5,18,51,63,1970-01-21 13:46:53.280000000,1970-01-21 13:47:38.438181818,Xuân,,,
Lâm Đồng,Tây Nguyên,2026-05-02,22.990909090909092,29.61818181818182,18.87272727272727,26.20909090909091,34.163636363636364,21.336363636363636,7.554545454545454,7.554545454545454,0.0,6.2727272727272725,81.63636363636364,9.881818181818184,26.836363636363636,22.008181818181814,1012.018181818182,87.27272727272727,19.254545454545458,0.0,4.387272727272728,11.6785,108.07580000000002,9.946363636363635,12.552727272727276,5,18,63,49,1970-01-21 13:48:19.658181818,1970-01-21 13:49:04.849090909,Xuân,,,
Lâm Đồng,Tây Nguyên,2026-05-03,23.6,29.20909090909091,18.545454545454547,26.754545454545458,33.190909090909095,21.0,1.0272727272727271,1.0272727272727271,0.0,4.454545454545454,79.27272727272727,11.090909090909092,26.145454545454548,23.832727272727276,1011.8727272727272,94.45454545454544,19.181818181818183,0.0,4.844545454545455,11.6785,108.07580000000002,11.955454545454543,12.561818181818182,5,18,51,129,1970-01-21 13:49:46.030909091,1970-01-21 13:50:31.254545454,Xuân,,,
Lâm Đồng,Tây Nguyên,2026-05-04,24.327272727272728,29.80909090909091,20.172727272727272,27.218181818181815,32.88181818181818,23.38181818181818,0.7363636363636363,0.7363636363636363,0.0,4.7272727272727275,75.36363636363636,12.154545454545454,29.44545454545454,22.657272727272726,1012.8454545454543,97.45454545454544,18.981818181818184,0.0,4.819090909090909,11.6785,108.07580000000002,11.149090909090908,12.57090909090909,5,19,51,75,1970-01-21 13:51:12.414545454,1970-01-21 13:51:57.665454545,Xuân,,,
Lâm Đồng,Tây Nguyên,2026-05-05,23.254545454545458,29.50909090909091,18.836363636363636,26.58181818181818,33.60909090909091,21.09090909090909,9.981818181818182,9.981818181818182,0.0,7.181818181818182,80.72727272727273,10.754545454545454,28.92727272727273,22.89272727272727,1012.1363636363636,95.36363636363636,19.38181818181818,0.0,4.568181818181818,11.6785,108.07580000000002,11.003636363636364,12.57909090909091,5,19,63,57,1970-01-21 13:52:38.798181818,1970-01-21 13:53:24.076363636,Xuân,,,
Lâm Đồng,Tây Nguyên,2026-05-06,22.754545454545458,28.345454545454547,19.554545454545455,26.436363636363637,32.99090909090909,22.6,8.027272727272727,8.027272727272727,0.0,6.2727272727272725,87.45454545454545,9.536363636363635,25.4,18.39181818181818,1011.8272727272728,86.45454545454545,20.363636363636363,0.0,3.6145454545454543,11.6785,108.07580000000002,8.479090909090909,12.588181818181818,5,19,63,111,1970-01-21 13:54:05.170909091,1970-01-21 13:54:50.492727272,Xuân,,,
Lâm Đồng,Tây Nguyên,2026-05-07,23.90909090909091,29.681818181818183,19.21818181818182,27.26363636363636,33.95454545454545,22.045454545454547,0.6090909090909091,0.6090909090909091,0.0,4.090909090909091,79.72727272727273,12.88181818181818,28.854545454545452,25.25636363636363,1010.9636363636364,70.63636363636364,19.62727272727273,0.0,5.106363636363636,11.6785,108.07580000000002,12.05909090909091,12.598181818181816,5,19,51,101,1970-01-21 13:55:31.554545454,1970-01-21 13:56:16.909090909,Xuân,,,
Lâm Đồng,Tây Nguyên,2026-05-08,24.08181818181818,29.94545454545454,19.5,27.136363636363637,33.945454545454545,22.518181818181816,0.2545454545454545,0.2545454545454545,0.0,1.5454545454545454,76.18181818181819,11.636363636363637,27.154545454545453,25.04909090909091,1011.5,71.45454545454545,18.963636363636365,0.0,5.155454545454545,11.6785,108.07580000000002,11.923636363636364,12.605454545454544,5,19,51,51,1970-01-21 13:56:57.938181818,1970-01-21 13:57:43.309090909,Xuân,,,
Lâm Đồng,Tây Nguyên,2026-05-09,23.981818181818184,30.26363636363636,18.463636363636365,26.79090909090909,33.690909090909095,20.69090909090909,0.7545454545454546,0.7545454545454546,0.0,2.636363636363636,73.54545454545455,11.027272727272727,27.645454545454548,26.00090909090909,1011.9727272727272,83.18181818181819,18.3,0.0,5.361818181818182,11.6785,108.07580000000002,12.2,12.61181818181818,5,19,51,43,1970-01-21 13:58:24.310909091,1970-01-21 13:59:09.725454545,Xuân,,,
Lâm Đồng,Tây Nguyên,2026-05-10,24.76363636363636,30.481818181818184,20.07272727272727,27.37272727272727,33.89090909090909,22.454545454545453,0.8818181818181817,0.8818181818181817,0.0,4.363636363636363,71.36363636363636,13.509090909090908,33.663636363636364,25.60818181818182,1011.3272727272728,75.81818181818181,18.70909090909091,0.0,5.456363636363636,11.6785,108.07580000000002,12.239090909090908,12.621818181818185,5,19,51,89,1970-01-21 13:59:50.700000000,1970-01-21 14:00:36.136363636,Xuân,,,
Lâm Đồng,Tây Nguyên,2026-05-11,24.454545454545453,29.872727272727275,19.254545454545458,27.4,33.57272727272727,21.645454545454545,1.4,1.4,0.0,6.090909090909091,74.0909090909091,10.745454545454546,26.9,24.49090909090909,1011.8454545454543,86.0,18.981818181818184,0.0,5.111818181818181,11.6785,108.07580000000002,12.13818181818182,12.62909090909091,5,20,51,76,1970-01-21 14:01:17.089090909,1970-01-21 14:02:02.552727272,Xuân,,,
Lâm Đồng,Tây Nguyên,2026-05-12,24.654545454545453,31.3,19.536363636363635,27.6,34.872727272727275,22.154545454545453,0.6909090909090909,0.6909090909090909,0.0,2.8181818181818183,74.0909090909091,13.227272727272728,29.781818181818178,25.777272727272727,1010.7909090909092,80.0909090909091,18.89090909090909,0.0,5.397272727272727,11.6785,108.07580000000002,12.18909090909091,12.63818181818182,5,20,51,110,1970-01-21 14:02:43.472727272,1970-01-21 14:03:28.969090909,Xuân,,,
Lâm Đồng,Tây Nguyên,2026-05-13,24.481818181818184,30.3,21.145454545454545,28.49090909090909,35.627272727272725,24.754545454545458,2.5545454545454547,2.5545454545454547,0.0,6.090909090909091,81.81818181818181,9.254545454545454,24.61818181818182,22.80272727272727,1010.2727272727273,81.0909090909091,20.763636363636365,0.0,4.656363636363636,11.6785,108.07580000000002,11.864545454545452,12.647272727272728,5,20,53,165,1970-01-21 14:04:09.850909091,1970-01-21 14:04:55.374545454,Xuân,,,
Lâm Đồng,Tây Nguyên,2026-05-14,24.69090909090909,31.018181818181816,20.318181818181817,28.536363636363635,35.10909090909091,23.94545454545454,2.0727272727272728,2.0727272727272728,0.0,4.818181818181818,79.54545454545455,12.372727272727271,29.636363636363637,25.41272727272727,1010.0,88.0,20.318181818181817,0.0,5.211818181818182,11.6785,108.07580000000002,11.96,12.651818181818184,5,20,53,213,1970-01-21 14:05:36.240000000,1970-01-21 14:06:21.785454545,Xuân,,,
Lâm Đồng,Tây Nguyên,2026-05-15,24.30909090909091,31.09090909090909,21.336363636363636,28.8,36.64545454545455,25.327272727272728,9.854545454545455,9.854545454545455,0.0,10.454545454545457,86.63636363636364,9.345454545454546,26.76363636363636,22.29090909090909,1010.0,86.63636363636364,21.563636363636363,0.0,4.500909090909091,11.6785,108.07580000000002,10.854545454545454,12.661818181818182,5,20,63,224,1970-01-21 14:07:02.629090909,1970-01-21 14:07:48.207272727,Xuân,,,
Lâm Đồng,Tây Nguyên,2026-05-16,24.26363636363636,29.872727272727275,21.363636363636363,28.254545454545458,34.61818181818182,25.2,6.354545454545455,6.354545454545455,0.0,8.818181818181818,83.72727272727273,10.481818181818182,24.454545454545453,18.967272727272725,1010.1727272727272,98.36363636363636,20.963636363636365,0.0,3.927272727272728,11.6785,108.07580000000002,9.214545454545457,12.66909090909091,5,20,61,79,1970-01-21 14:08:29.018181818,1970-01-21 14:09:14.623636363,Xuân,,,
Lâm Đồng,Tây Nguyên,2026-05-17,23.254545454545458,29.30909090909091,20.536363636363635,27.5,34.70909090909091,24.172727272727272,15.0,15.0,0.0,14.636363636363637,90.72727272727272,11.372727272727271,29.854545454545452,19.855454545454545,1010.2090909090908,94.27272727272728,21.463636363636365,0.0,3.843636363636364,11.6785,108.07580000000002,9.872727272727271,12.677272727272726,5,20,63,149,1970-01-21 14:09:55.407272727,1970-01-21 14:10:41.034545454,Xuân,,,
Lâm Đồng,Tây Nguyên,2026-05-18,23.11818181818182,28.44545454545454,20.754545454545458,26.718181818181815,32.61818181818182,24.00909090909091,9.372727272727271,9.372727272727271,0.0,9.454545454545457,89.9090909090909,14.645454545454545,36.29090909090909,21.784545454545455,1010.181818181818,95.27272727272728,21.2,0.0,4.065454545454545,11.6785,108.07580000000002,9.554545454545456,12.681818181818182,5,21,63,168,1970-01-21 14:11:21.785454545,1970-01-21 14:12:07.445454545,Xuân,,,
Lâm Đồng,Tây Nguyên,2026-05-19,22.845454545454547,27.181818181818183,20.70909090909091,26.26363636363636,30.50909090909091,24.045454545454547,7.7,7.7,0.0,11.090909090909092,91.72727272727272,14.97272727272727,35.06363636363636,17.48909090909091,1009.981818181818,98.36363636363636,21.318181818181817,0.0,3.2363636363636363,11.6785,108.07580000000002,8.736363636363636,12.689090909090908,5,21,63,171,1970-01-21 14:12:48.180000000,1970-01-21 14:13:33.867272727,Xuân,,,
Lâm Đồng,Tây Nguyên,2026-05-20,23.42727272727273,27.345454545454547,21.136363636363637,26.672727272727272,31.318181818181817,24.5,4.027272727272727,4.027272727272727,0.0,12.818181818181818,88.9090909090909,16.12727272727273,37.09090909090909,21.047272727272727,1010.081818181818,95.72727272727272,21.327272727272728,0.0,3.96,11.6785,108.07580000000002,11.263636363636364,12.697272727272724,5,21,53,173,1970-01-21 14:14:14.574545454,1970-01-21 14:15:00.283636363,Xuân,,,
Lâm Đồng,Tây Nguyên,2026-05-21,23.254545454545458,27.40909090909091,20.245454545454542,26.58181818181818,31.26363636363636,23.536363636363635,4.909090909090909,4.909090909090909,0.0,10.0,88.0,16.418181818181818,38.45454545454545,22.53,1012.1727272727272,53.90909090909091,21.027272727272727,0.0,4.1854545454545455,11.6785,108.07580000000002,11.72181818181818,12.70181818181818,5,21,61,145,1970-01-21 14:15:40.963636363,1970-01-21 14:16:26.694545454,Xuân,,,
Lâm Đồng,Tây Nguyên,2026-05-22,23.40909090909091,29.50909090909091,19.154545454545453,27.227272727272727,34.52727272727273,22.036363636363635,2.627272727272727,2.627272727272727,0.0,5.636363636363637,84.81818181818181,10.745454545454546,25.954545454545453,24.719090909090912,1013.5272727272728,85.81818181818181,20.345454545454547,0.0,4.893636363636364,11.6785,108.07580000000002,11.870909090909093,12.70909090909091,5,21,53,122,1970-01-21 14:17:07.358181818,1970-01-21 14:17:53.100000000,Xuân,,,
Lâm Đồng,Tây Nguyên,2026-05-23,23.61818181818182,29.654545454545453,20.654545454545453,27.872727272727275,35.14545454545455,24.4,4.954545454545454,4.954545454545454,0.0,6.909090909090909,86.9090909090909,9.027272727272727,25.07272727272727,23.50181818181818,1013.8272727272728,89.72727272727273,20.954545454545453,0.0,4.622727272727273,11.6785,108.07580000000002,11.90090909090909,12.717272727272729,5,21,63,124,1970-01-21 14:18:33.747272727,1970-01-21 14:19:19.527272727,Xuân,,,
Lâm Đồng,Tây Nguyên,2026-05-24,23.545454545454547,29.627272727272725,20.436363636363637,27.845454545454547,35.68181818181818,24.0,4.0,4.0,0.0,7.727272727272728,87.9090909090909,10.354545454545455,26.954545454545453,22.356363636363636,1013.9636363636364,96.0909090909091,21.172727272727272,0.0,4.408181818181818,11.6785,108.07580000000002,11.45181818181818,12.72,5,21,61,182,1970-01-21 14:20:00.147272727,1970-01-21 14:20:45.943636363,Xuân,,,
Lâm Đồng,Tây Nguyên,2026-05-25,23.41818181818182,29.027272727272727,20.145454545454545,27.58181818181818,34.60909090909091,23.59090909090909,4.545454545454546,4.545454545454546,0.0,10.090909090909092,88.54545454545455,8.80909090909091,24.154545454545453,21.492727272727276,1013.0727272727272,72.27272727272727,21.21818181818182,0.0,4.211818181818182,11.6785,108.07580000000002,11.36909090909091,12.728181818181817,5,22,63,213,1970-01-21 14:21:26.536363636,1970-01-21 14:22:12.354545454,Xuân,,,
Lâm Đồng,Tây Nguyên,2026-05-26,23.58181818181818,29.436363636363637,20.12727272727273,27.281818181818185,34.26363636363636,23.263636363636365,6.0636363636363635,6.0636363636363635,0.0,10.090909090909092,86.27272727272727,13.454545454545457,32.36363636363637,23.298181818181817,1012.0909090909092,74.9090909090909,20.818181818181817,0.0,4.582727272727272,11.6785,108.07580000000002,12.02090909090909,12.733636363636364,5,22,63,291,1970-01-21 14:22:52.930909091,1970-01-21 14:23:38.765454545,Xuân,,,
Lâm Đồng,Tây Nguyên,2026-05-27,23.181818181818183,28.99090909090909,20.272727272727273,27.218181818181815,33.972727272727276,23.518181818181816,8.754545454545454,8.754545454545454,0.0,6.7272727272727275,89.0,11.027272727272727,29.42727272727273,20.415454545454544,1012.1545454545457,89.0,21.036363636363635,0.0,3.97,11.6785,108.07580000000002,10.834545454545456,12.738181818181818,5,22,63,289,1970-01-21 14:24:19.325454545,1970-01-21 14:25:05.198181818,Xuân,,,
Lâm Đồng,Tây Nguyên,2026-05-28,23.181818181818183,26.79090909090909,20.654545454545453,27.127272727272725,31.163636363636364,23.9,2.6,2.6,0.0,6.454545454545454,88.63636363636364,9.154545454545454,24.018181818181816,14.422727272727274,1012.2454545454548,92.36363636363636,21.12727272727273,0.0,2.8754545454545455,11.6785,108.07580000000002,5.229090909090909,12.743636363636364,5,22,53,254,1970-01-21 14:25:45.725454545,1970-01-21 14:26:31.609090909,Xuân,,,
Lâm Đồng,Tây Nguyên,2026-05-29,22.027272727272727,24.872727272727275,20.536363636363635,25.79090909090909,27.836363636363636,24.154545454545453,8.354545454545455,8.354545454545455,0.0,13.818181818181818,94.1818181818182,10.709090909090907,24.981818181818184,7.08909090909091,1011.9545454545456,91.45454545454544,21.0,0.0,1.4754545454545456,11.6785,108.07580000000002,1.064545454545455,12.748181818181818,5,22,55,346,1970-01-21 14:27:12.125454545,1970-01-21 14:27:58.014545454,Xuân,,,
Lâm Đồng,Tây Nguyên,2026-05-30,21.42727272727273,23.718181818181815,19.754545454545458,25.163636363636364,28.272727272727273,22.818181818181817,17.145454545454545,17.145454545454545,0.0,17.636363636363637,96.45454545454544,8.563636363636364,24.254545454545458,9.20181818181818,1011.7454545454548,97.63636363636364,20.818181818181817,0.0,1.79,11.6785,108.07580000000002,1.3936363636363636,12.756363636363636,5,22,63,10,1970-01-21 14:28:38.525454545,1970-01-21 14:29:24.441818181,Xuân,,,
Lâm Đồng,Tây Nguyên,2026-05-31,21.07272727272727,22.463636363636365,19.981818181818184,24.70909090909091,26.79090909090909,22.954545454545453,26.018181818181816,26.018181818181816,0.0,24.0,97.72727272727272,8.045454545454545,23.79090909090909,6.145454545454545,1011.4636363636364,100.0,20.69090909090909,0.0,1.2518181818181815,11.6785,108.07580000000002,0.0436363636363636,12.758181818181818,5,22,63,5,1970-01-21 14:30:04.925454545,1970-01-21 14:30:50.863636363,Xuân,,,
Lâm Đồng,Tây Nguyên,2026-06-01,21.636363636363637,23.972727272727273,20.336363636363636,25.363636363636363,27.76363636363636,23.7,18.799999999999997,18.799999999999997,0.0,20.90909090909091,95.27272727272728,7.5636363636363635,20.2,8.98,1011.5909090909092,100.0,20.836363636363636,0.0,1.780909090909091,11.6785,108.07580000000002,0.5427272727272727,12.763636363636364,6,23,63,302,1970-01-21 14:31:31.325454545,1970-01-21 14:32:17.274545454,Hè,,,
Lâm Đồng,Tây Nguyên,2026-06-02,22.009090909090908,25.245454545454542,20.518181818181816,25.972727272727273,29.19090909090909,23.99090909090909,25.663636363636364,25.663636363636364,0.0,20.818181818181817,94.63636363636364,7.918181818181818,20.318181818181817,11.480909090909092,1010.581818181818,98.63636363636364,21.063636363636363,0.0,2.2227272727272727,11.6785,108.07580000000002,3.141818181818182,12.768181818181818,6,23,63,319,1970-01-21 14:32:57.725454545,1970-01-21 14:33:43.690909091,Hè,,,
Lâm Đồng,Tây Nguyên,2026-06-03,22.036363636363635,25.59090909090909,20.263636363636365,25.245454545454542,28.64545454545454,23.281818181818185,10.736363636363636,10.736363636363636,0.0,19.09090909090909,92.0,12.61818181818182,31.11818181818182,13.906363636363636,1010.1181818181816,94.63636363636364,20.61818181818182,0.0,2.6436363636363636,11.6785,108.07580000000002,7.698181818181817,12.773636363636363,6,23,63,236,1970-01-21 14:34:24.125454545,1970-01-21 14:35:10.118181818,Hè,,,
Lâm Đồng,Tây Nguyên,2026-06-04,22.636363636363637,26.563636363636363,20.318181818181817,25.663636363636364,29.70909090909091,23.07272727272727,4.090909090909091,4.090909090909091,0.0,15.272727272727272,90.27272727272728,18.09090909090909,42.75454545454546,17.57,1010.5090909090908,96.54545454545456,20.836363636363636,0.0,3.2954545454545454,11.6785,108.07580000000002,8.814545454545454,12.77818181818182,6,23,53,245,1970-01-21 14:35:50.536363636,1970-01-21 14:36:36.534545454,Hè,,,
Lâm Đồng,Tây Nguyên,2026-06-05,23.39090909090909,27.072727272727274,21.136363636363637,26.563636363636363,30.527272727272727,24.063636363636363,3.690909090909091,3.690909090909091,0.0,13.454545454545455,87.18181818181819,18.7,45.809090909090905,22.64090909090909,1011.8727272727273,97.45454545454545,20.972727272727273,0.0,4.208181818181818,11.678500000000001,108.07580000000002,10.888181818181819,12.77909090909091,6,23,53,224,1970-01-21 14:37:16.936363636,1970-01-21 14:38:02.940000000,Hè,,,
Lâm Đồng,Tây Nguyên,2026-06-06,24.045454545454547,28.827272727272728,21.0,27.39090909090909,32.61818181818182,24.19090909090909,3.3636363636363638,3.3636363636363638,0.0,7.2727272727272725,83.63636363636364,15.854545454545455,37.41818181818182,23.624545454545455,1012.9909090909091,83.0,20.78181818181818,0.0,4.6872727272727275,11.678500000000001,108.07580000000002,12.023636363636363,12.783636363636363,6,23,63,216,1970-01-21 14:38:43.347272727,1970-01-21 14:39:29.367272727,Hè,,,
Lâm Đồng,Tây Nguyên,2026-06-07,23.99090909090909,28.436363636363637,20.79090909090909,27.10909090909091,31.736363636363638,24.163636363636364,1.8090909090909089,1.8090909090909089,0.0,4.7272727272727275,83.27272727272727,15.118181818181819,37.300000000000004,21.303636363636365,1013.1,97.45454545454545,20.71818181818182,0.0,4.29,11.678500000000001,108.07580000000002,11.765454545454544,12.788181818181817,6,23,61,238,1970-01-21 14:40:09.747272727,1970-01-21 14:40:55.789090909,Hè,,,
Lâm Đồng,Tây Nguyên,2026-06-08,23.4,27.90909090909091,20.663636363636364,26.40909090909091,31.327272727272728,23.536363636363635,3.2545454545454544,3.2545454545454544,0.0,9.272727272727273,87.27272727272727,18.145454545454545,40.91818181818182,19.97909090909091,1011.9909090909091,85.81818181818181,20.945454545454545,0.0,3.872727272727273,11.678500000000001,108.07580000000002,11.114545454545455,12.789090909090909,6,24,53,264,1970-01-21 14:41:36.152727272,1970-01-21 14:42:22.194545454,Hè,,,
Lâm Đồng,Tây Nguyên,2026-06-09,23.481818181818184,28.88181818181818,20.61818181818182,27.027272727272727,32.90909090909091,23.863636363636363,5.4818181818181815,5.4818181818181815,0.0,14.181818181818182,87.72727272727273,14.509090909090908,35.63636363636363,21.797272727272727,1011.7636363636364,94.63636363636364,21.054545454545455,0.0,4.252727272727273,11.678500000000001,108.07580000000002,10.489090909090908,12.793636363636363,6,24,61,251,1970-01-21 14:43:02.558181818,1970-01-21 14:43:48.610909091,Hè,,,
Lâm Đồng,Tây Nguyên,2026-06-10,23.427272727272726,28.281818181818185,20.363636363636363,27.3,33.154545454545456,23.681818181818183,2.3363636363636364,2.3363636363636364,0.0,6.454545454545454,86.81818181818181,10.481818181818182,25.636363636363637,20.782727272727275,1012.8818181818183,99.0,20.87272727272727,0.0,4.113636363636363,11.678500000000001,108.07580000000002,10.553636363636365,12.797272727272729,6,24,53,274,1970-01-21 14:44:28.969090909,1970-01-21 14:45:15.038181818,Hè,,,
Lâm Đồng,Tây Nguyên,2026-06-11,22.681818181818183,27.454545454545453,20.5,26.681818181818183,32.47272727272727,23.936363636363637,4.490909090909091,4.490909090909091,0.0,8.636363636363637,91.45454545454545,9.881818181818183,25.045454545454547,19.5,1015.2636363636364,93.54545454545455,21.099999999999998,0.0,3.700909090909091,11.678500000000001,108.07580000000002,10.59909090909091,12.798181818181819,6,24,63,298,1970-01-21 14:45:55.374545454,1970-01-21 14:46:41.449090909,Hè,,,
Lâm Đồng,Tây Nguyên,2026-06-12,22.490909090909092,28.19090909090909,19.39090909090909,26.50909090909091,33.56363636363636,22.554545454545455,9.545454545454545,9.545454545454545,0.0,7.636363636363637,90.36363636363636,9.4,26.79090909090909,20.54090909090909,1015.9363636363636,84.81818181818181,20.70909090909091,0.0,3.9145454545454546,11.678500000000001,108.07580000000002,11.604545454545455,12.799090909090909,6,24,63,13,1970-01-21 14:47:21.780000000,1970-01-21 14:48:07.854545454,Hè,,,
Lâm Đồng,Tây Nguyên,2026-06-13,22.89090909090909,29.636363636363637,19.554545454545455,26.981818181818184,35.336363636363636,22.745454545454546,5.0181818181818185,5.0181818181818185,0.0,7.909090909090909,88.36363636363636,9.80909090909091,26.41818181818182,23.564545454545453,1014.1363636363636,57.18181818181818,20.572727272727274,0.0,4.583636363636364,11.678500000000001,108.07580000000002,11.594545454545456,12.803636363636365,6,24,61,131,1970-01-21 14:48:48.185454545,1970-01-21 14:49:34.270909091,Hè,,,
Lâm Đồng,Tây Nguyên,2026-06-14,22.61818181818182,27.90909090909091,19.554545454545455,26.481818181818184,33.39090909090909,22.763636363636365,4.718181818181818,4.718181818181818,0.0,9.636363636363637,89.63636363636364,11.036363636363637,28.454545454545453,22.264545454545456,1012.5727272727272,69.36363636363636,20.69090909090909,0.0,4.209090909090909,11.678500000000001,108.07580000000002,11.676363636363636,12.806363636363637,6,24,53,185,1970-01-21 14:50:14.596363636,1970-01-21 14:51:00.698181818,Hè,,,
Lâm Đồng,Tây Nguyên,2026-06-15,23.41818181818182,28.49090909090909,19.645454545454545,27.045454545454547,33.39090909090909,22.654545454545453,1.0727272727272725,1.0727272727272725,0.0,3.727272727272727,84.63636363636364,11.036363636363637,27.44545454545454,23.834545454545456,1012.3454545454545,69.27272727272727,20.39090909090909,0.0,4.653636363636363,11.678500000000001,108.07580000000002,11.537272727272727,12.807272727272727,6,25,53,298,1970-01-21 14:51:41.007272727,1970-01-21 14:52:27.109090909,Hè,,,
Lâm Đồng,Tây Nguyên,2026-06-16,23.263636363636365,28.99090909090909,20.263636363636365,27.281818181818185,34.26363636363636,23.50909090909091,7.818181818181818,7.818181818181818,0.0,12.090909090909092,88.36363636363636,9.654545454545454,25.59090909090909,21.975454545454543,1012.9727272727273,80.45454545454545,21.0,0.0,4.294545454545455,11.678500000000001,108.07580000000002,11.607272727272727,12.80818181818182,6,25,63,269,1970-01-21 14:53:07.412727272,1970-01-21 14:53:53.514545454,Hè,,,
Lâm Đồng,Tây Nguyên,2026-06-17,23.345454545454547,28.854545454545452,20.072727272727274,27.41818181818182,33.93636363636364,23.354545454545452,4.663636363636363,4.663636363636363,0.0,10.909090909090908,87.45454545454545,8.727272727272727,23.88181818181818,23.16181818181818,1013.2454545454547,69.9090909090909,20.836363636363636,0.0,4.528181818181818,11.678500000000001,108.07580000000002,11.92,12.80818181818182,6,25,61,305,1970-01-21 14:54:33.834545454,1970-01-21 14:55:19.936363636,Hè,,,
Lâm Đồng,Tây Nguyên,2026-06-18,22.963636363636365,28.19090909090909,19.754545454545454,26.963636363636365,33.78181818181818,22.981818181818184,5.909090909090909,5.909090909090909,0.0,12.363636363636363,88.54545454545455,8.245454545454546,22.545454545454547,23.017272727272726,1013.1909090909091,85.0909090909091,20.754545454545454,0.0,4.442727272727272,11.678500000000001,108.07580000000002,12.05090909090909,12.80818181818182,6,25,61,230,1970-01-21 14:56:00.240000000,1970-01-21 14:56:46.358181818,Hè,,,
Lâm Đồng,Tây Nguyên,2026-06-19,23.29090909090909,28.763636363636362,19.5,27.027272727272727,33.81818181818182,22.463636363636365,1.6090909090909091,1.6090909090909091,0.0,5.636363636363637,85.72727272727273,9.972727272727273,23.872727272727275,22.87,1012.8090909090909,96.9090909090909,20.454545454545453,0.0,4.531818181818182,11.678500000000001,108.07580000000002,11.197272727272727,12.80818181818182,6,25,53,148,1970-01-21 14:57:26.645454545,1970-01-21 14:58:12.769090909,Hè,,,
Lâm Đồng,Tây Nguyên,2026-06-20,23.58181818181818,28.972727272727273,20.009090909090908,27.527272727272727,34.10909090909091,23.481818181818184,2.290909090909091,2.290909090909091,0.0,8.181818181818182,84.9090909090909,10.100000000000001,23.854545454545452,24.070909090909087,1013.2181818181817,65.63636363636364,20.59090909090909,0.0,4.757272727272727,11.678500000000001,108.07580000000002,11.591818181818182,12.80909090909091,6,25,53,180,1970-01-21 14:58:53.067272727,1970-01-21 14:59:39.174545454,Hè,,,
Lâm Đồng,Tây Nguyên,2026-06-21,23.563636363636363,29.227272727272727,20.599999999999998,27.763636363636365,34.345454545454544,24.3,4.463636363636364,4.463636363636364,0.0,9.454545454545455,86.63636363636364,9.10909090909091,23.58181818181818,23.196363636363635,1013.3454545454545,78.54545454545455,20.854545454545455,0.0,4.55,11.678500000000001,108.07580000000002,11.902727272727274,12.80909090909091,6,25,61,199,1970-01-21 15:00:19.483636363,1970-01-21 15:01:05.590909091,Hè,,,
Lâm Đồng,Tây Nguyên,2026-06-22,23.50909090909091,29.05454545454546,20.354545454545455,27.50909090909091,33.9,23.763636363636362,3.4818181818181815,3.4818181818181815,0.0,7.0,87.45454545454545,11.272727272727273,28.627272727272725,22.44909090909091,1011.9,82.72727272727273,21.036363636363635,0.0,4.391818181818182,11.678500000000001,108.07580000000002,10.477272727272727,12.80909090909091,6,26,61,312,1970-01-21 15:01:45.894545454,1970-01-21 15:02:32.012727272,Hè,,,
Lâm Đồng,Tây Nguyên,2026-06-23,22.945454545454545,27.518181818181816,19.536363636363635,26.61818181818182,31.954545454545453,22.19090909090909,5.1454545454545455,5.1454545454545455,0.0,11.181818181818182,88.45454545454545,13.745454545454544,33.127272727272725,23.968181818181815,1010.9636363636364,76.54545454545455,20.8,0.0,4.449090909090909,11.678500000000001,108.07580000000002,11.997272727272728,12.80818181818182,6,26,61,234,1970-01-21 15:03:12.305454545,1970-01-21 15:03:58.429090909,Hè,,,
Lâm Đồng,Tây Nguyên,2026-06-24,23.59090909090909,28.654545454545453,20.236363636363635,27.272727272727273,32.981818181818184,23.41818181818182,2.0090909090909093,2.0090909090909093,0.0,8.181818181818182,85.54545454545455,12.345454545454546,31.227272727272727,22.384545454545453,1010.4181818181819,82.27272727272727,20.78181818181818,0.0,4.41090909090909,11.678500000000001,108.07580000000002,11.243636363636364,12.80818181818182,6,26,53,276,1970-01-21 15:04:38.727272727,1970-01-21 15:05:24.834545454,Hè,,,
Lâm Đồng,Tây Nguyên,2026-06-25,23.318181818181817,27.79090909090909,20.363636363636363,26.94545454545454,32.61818181818182,23.545454545454547,1.7727272727272727,1.7727272727272727,0.0,7.7272727272727275,87.18181818181819,12.518181818181818,30.454545454545453,22.585454545454546,1011.0272727272727,69.0909090909091,20.88181818181818,0.0,4.307272727272728,11.678500000000001,108.07580000000002,11.422727272727274,12.80818181818182,6,26,53,246,1970-01-21 15:06:05.132727272,1970-01-21 15:06:51.234545454,Hè,,,
Lâm Đồng,Tây Nguyên,2026-06-26,23.736363636363638,27.781818181818185,20.69090909090909,27.018181818181816,30.94545454545455,23.981818181818184,1.9545454545454546,1.9545454545454546,0.0,8.636363636363637,83.81818181818181,14.754545454545456,34.78181818181818,23.76181818181818,1011.3454545454545,61.18181818181818,20.527272727272727,0.0,4.613636363636363,11.678500000000001,108.07580000000002,11.87,12.80818181818182,6,26,51,267,1970-01-21 15:07:31.554545454,1970-01-21 15:08:17.656363636,Hè,,,
Lâm Đồng,Tây Nguyên,2026-06-27,23.272727272727273,27.172727272727272,21.19090909090909,26.854545454545452,31.645454545454548,24.627272727272725,3.690909090909091,3.690909090909091,0.0,10.454545454545455,88.0,12.818181818181818,31.154545454545453,21.009090909090908,1010.9909090909091,89.45454545454545,21.054545454545455,0.0,3.989090909090909,11.678500000000001,108.07580000000002,10.875454545454545,12.807272727272727,6,26,61,265,1970-01-21 15:08:57.965454545,1970-01-21 15:09:44.072727272,Hè,,,
Lâm Đồng,Tây Nguyên,2026-06-28,23.145454545454545,28.218181818181815,20.481818181818184,27.154545454545453,33.38181818181818,23.736363636363635,10.581818181818182,10.581818181818182,0.0,8.454545454545455,89.81818181818181,11.872727272727273,29.818181818181817,20.52,1010.3909090909091,86.0909090909091,21.19090909090909,0.0,3.9672727272727273,11.678500000000001,108.07580000000002,9.983636363636363,12.806363636363637,6,26,63,258,1970-01-21 15:10:24.381818181,1970-01-21 15:11:10.483636363,Hè,,,
Lâm Đồng,Tây Nguyên,2026-06-29,23.09090909090909,27.19090909090909,20.981818181818184,26.936363636363637,31.681818181818183,24.40909090909091,11.409090909090908,11.409090909090908,0.0,19.09090909090909,90.45454545454545,12.081818181818182,30.227272727272727,20.243636363636366,1010.1909090909091,93.18181818181819,21.272727272727273,0.0,3.8618181818181814,11.678500000000001,108.07580000000002,9.273636363636363,12.803636363636365,6,27,63,285,1970-01-21 15:11:50.792727272,1970-01-21 15:12:36.889090909,Hè,,,
Lâm Đồng,Tây Nguyên,2026-06-30,22.963636363636365,28.1,20.28181818181818,26.7,32.690909090909095,23.49090909090909,5.045454545454546,5.045454545454546,0.0,9.090909090909092,89.63636363636364,11.990909090909092,29.572727272727274,20.776363636363637,1010.3454545454545,92.81818181818181,21.009090909090908,0.0,3.944545454545455,11.678500000000001,108.07580000000002,10.290909090909091,12.8,6,27,63,296,1970-01-21 15:13:17.214545454,1970-01-21 15:14:03.294545454,Hè,,,
Lâm Đồng,Tây Nguyên,2026-07-01,22.945454545454545,26.745454545454546,20.69090909090909,26.727272727272727,31.0,23.936363636363637,6.3090909090909095,6.3090909090909095,0.0,13.727272727272727,90.81818181818181,13.227272727272727,32.43636363636364,18.995454545454546,1009.6363636363636,95.45454545454545,21.227272727272727,0.0,3.5790909090909087,11.678500000000001,108.07580000000002,9.566363636363636,12.798181818181819,7,27,63,275,1970-01-21 15:14:43.620000000,1970-01-21 15:15:29.694545454,Hè,,,
Lâm Đồng,Tây Nguyên,2026-07-02,21.518181818181816,23.254545454545454,20.154545454545453,24.58181818181818,26.49090909090909,22.936363636363637,7.754545454545454,7.754545454545454,0.0,15.727272727272727,95.18181818181819,12.554545454545455,30.127272727272725,9.835454545454546,1010.1181818181817,97.72727272727273,20.727272727272727,0.0,1.820909090909091,11.678500000000001,108.07580000000002,1.81,12.798181818181819,7,27,61,253,1970-01-21 15:16:10.036363636,1970-01-21 15:16:56.100000000,Hè,,,
Lâm Đồng,Tây Nguyên,2026-07-03,21.681818181818183,23.545454545454547,20.036363636363635,24.49090909090909,26.281818181818185,22.89090909090909,6.490909090909091,6.490909090909091,0.0,17.272727272727273,93.54545454545455,14.418181818181818,37.36363636363637,10.788181818181819,1011.4818181818181,100.0,20.572727272727274,0.0,1.991818181818182,11.678500000000001,108.07580000000002,1.3590909090909091,12.796363636363635,7,27,53,211,1970-01-21 15:17:36.452727272,1970-01-21 15:18:22.505454545,Hè,,,
Lâm Đồng,Tây Nguyên,2026-07-04,22.063636363636363,24.8,20.336363636363636,24.763636363636362,26.88181818181818,23.172727272727272,1.7454545454545454,1.7454545454545454,0.0,9.454545454545455,88.0909090909091,12.772727272727273,29.772727272727273,11.32,1012.9363636363636,100.0,19.89090909090909,0.0,2.29,11.678500000000001,108.07580000000002,2.3563636363636364,12.79,7,27,51,241,1970-01-21 15:19:02.874545454,1970-01-21 15:19:48.916363636,Hè,,,
Lâm Đồng,Tây Nguyên,2026-07-05,22.672727272727272,26.963636363636365,19.745454545454546,25.845454545454547,30.327272727272728,22.763636363636365,1.2909090909090908,1.2909090909090908,0.0,4.545454545454546,85.0909090909091,10.927272727272728,26.41818181818182,17.415454545454544,1013.2181818181817,97.18181818181819,19.80909090909091,0.0,3.4545454545454546,11.678500000000001,108.07580000000002,8.561818181818182,12.788181818181817,7,27,51,291,1970-01-21 15:20:29.280000000,1970-01-21 15:21:15.321818181,Hè,,,
Lâm Đồng,Tây Nguyên,2026-07-06,23.027272727272727,27.254545454545454,20.20909090909091,26.29090909090909,30.672727272727272,23.454545454545453,1.1272727272727272,1.1272727272727272,0.0,4.909090909090909,86.45454545454545,12.0,29.718181818181815,18.286363636363635,1012.7545454545453,99.18181818181819,20.40909090909091,0.0,3.657272727272727,11.678500000000001,108.07580000000002,8.53,12.786363636363637,7,28,51,247,1970-01-21 15:21:55.701818181,1970-01-21 15:22:41.727272727,Hè,,,
Lâm Đồng,Tây Nguyên,2026-07-07,22.354545454545455,26.7,20.318181818181817,25.345454545454547,29.527272727272727,23.145454545454545,4.990909090909091,4.990909090909091,0.0,9.272727272727273,89.45454545454545,14.954545454545455,34.68181818181818,17.10363636363636,1012.7818181818183,99.0909090909091,20.38181818181818,0.0,3.266363636363636,11.678500000000001,108.07580000000002,8.096363636363636,12.78,7,28,63,276,1970-01-21 15:23:22.118181818,1970-01-21 15:24:08.138181818,Hè,,,
Lâm Đồng,Tây Nguyên,2026-07-08,22.736363636363635,26.94545454545454,20.027272727272727,25.5,29.654545454545453,22.90909090909091,2.3727272727272726,2.3727272727272726,0.0,12.181818181818182,84.9090909090909,17.599999999999998,40.68181818181818,23.715454545454545,1011.9454545454545,72.45454545454545,19.80909090909091,0.0,4.463636363636364,11.678500000000001,108.07580000000002,11.854545454545455,12.77818181818182,7,28,51,286,1970-01-21 15:24:48.534545454,1970-01-21 15:25:34.543636363,Hè,,,
Lâm Đồng,Tây Nguyên,2026-07-09,22.71818181818182,26.072727272727274,20.445454545454545,25.10909090909091,28.3,22.79090909090909,3.272727272727273,3.272727272727273,0.0,14.181818181818182,86.27272727272727,19.581818181818182,44.99090909090909,21.078181818181818,1011.4909090909091,96.72727272727273,20.12727272727273,0.0,3.887272727272727,11.678500000000001,108.07580000000002,10.628181818181817,12.773636363636363,7,28,51,288,1970-01-21 15:26:14.945454545,1970-01-21 15:27:00.943636363,Hè,,,
Lâm Đồng,Tây Nguyên,2026-07-10,22.827272727272728,26.281818181818185,20.40909090909091,24.954545454545453,27.872727272727275,22.60909090909091,3.1363636363636362,3.1363636363636362,0.0,13.181818181818182,84.45454545454545,21.30909090909091,49.027272727272724,21.975454545454546,1010.7818181818183,98.36363636363636,19.89090909090909,0.0,4.069090909090909,11.678500000000001,108.07580000000002,10.941818181818181,12.768181818181818,7,28,53,292,1970-01-21 15:27:41.367272727,1970-01-21 15:28:27.343636363,Hè,,,
Lâm Đồng,Tây Nguyên,2026-07-11,22.472727272727273,26.69090909090909,20.072727272727274,24.672727272727272,28.1,22.081818181818182,15.045454545454545,15.045454545454545,0.0,18.90909090909091,88.18181818181819,22.245454545454546,53.18181818181818,21.51090909090909,1008.8636363636364,79.9090909090909,20.254545454545454,0.0,3.83,11.678500000000001,108.07580000000002,11.005454545454546,12.766363636363637,7,28,63,288,1970-01-21 15:29:07.789090909,1970-01-21 15:29:53.743636363,Hè,,,
Lâm Đồng,Tây Nguyên,2026-07-12,21.936363636363637,25.11818181818182,20.318181818181817,24.29090909090909,27.79090909090909,22.28181818181818,13.118181818181819,13.118181818181819,0.0,23.545454545454547,92.45454545454545,21.181818181818183,48.93636363636363,18.5,1008.9181818181819,95.45454545454545,20.572727272727274,0.0,3.171818181818182,11.678500000000001,108.07580000000002,9.0,12.759999999999998,7,28,61,240,1970-01-21 15:30:34.200000000,1970-01-21 15:31:20.143636363,Hè,,,
Lâm Đồng,Tây Nguyên,2026-07-13,21.681818181818183,25.69090909090909,20.045454545454547,24.0,28.1,22.318181818181817,10.945454545454545,10.945454545454545,0.0,18.636363636363637,92.72727272727273,20.345454545454547,46.96363636363637,17.63090909090909,1010.1818181818181,92.54545454545455,20.354545454545455,0.0,3.0454545454545454,11.678500000000001,108.07580000000002,8.48,12.756363636363636,7,29,63,255,1970-01-21 15:32:00.616363636,1970-01-21 15:32:46.543636363,Hè,,,
Lâm Đồng,Tây Nguyên,2026-07-14,22.12727272727273,25.645454545454548,20.336363636363636,24.727272727272727,28.327272727272728,22.78181818181818,6.136363636363637,6.136363636363637,0.0,18.545454545454547,91.18181818181819,16.71818181818182,42.163636363636364,17.113636363636363,1011.6363636363636,94.9090909090909,20.5,0.0,3.090909090909091,11.678500000000001,108.07580000000002,8.607272727272727,12.75,7,29,53,266,1970-01-21 15:33:27.032727272,1970-01-21 15:34:12.943636363,Hè,,,
Lâm Đồng,Tây Nguyên,2026-07-15,22.709090909090907,27.05454545454546,20.009090909090908,25.39090909090909,30.29090909090909,22.545454545454547,3.4272727272727277,3.4272727272727277,0.0,13.909090909090908,86.63636363636364,15.7,37.95454545454545,22.12909090909091,1013.3272727272728,96.0,20.163636363636364,0.0,4.1445454545454545,11.678500000000001,108.07580000000002,11.66909090909091,12.747272727272728,7,29,53,269,1970-01-21 15:34:53.454545454,1970-01-21 15:35:39.343636363,Hè,,,
Lâm Đồng,Tây Nguyên,2026-07-16,22.018181818181816,24.745454545454546,19.727272727272727,24.20909090909091,26.6,21.854545454545455,1.1636363636363638,1.1636363636363638,0.0,6.545454545454546,87.36363636363636,18.318181818181817,41.23636363636364,12.883636363636363,1014.0545454545455,92.9090909090909,19.69090909090909,0.0,2.5645454545454545,11.678500000000001,108.07580000000002,5.692727272727272,12.740000000000002,7,29,51,288,1970-01-21 15:36:19.865454545,1970-01-21 15:37:05.738181818,Hè,,,
Lâm Đồng,Tây Nguyên,2026-07-17,22.145454545454545,25.69090909090909,19.89090909090909,24.636363636363637,27.863636363636363,22.59090909090909,1.0454545454545454,1.0454545454545454,0.0,5.7272727272727275,87.45454545454545,15.7,36.32727272727273,16.333636363636362,1012.9545454545455,87.63636363636364,19.8,0.0,3.1363636363636362,11.678500000000001,108.07580000000002,8.175454545454546,12.736363636363636,7,29,51,280,1970-01-21 15:37:46.281818181,1970-01-21 15:38:32.127272727,Hè,,,
Lâm Đồng,Tây Nguyên,2026-07-18,22.89090909090909,27.69090909090909,19.936363636363634,25.781818181818185,30.927272727272726,22.972727272727273,1.9909090909090907,1.9909090909090907,0.0,8.363636363636363,85.0909090909091,14.354545454545455,33.4,21.26,1012.0363636363636,64.9090909090909,19.972727272727273,0.0,4.154545454545455,11.678500000000001,108.07580000000002,11.772727272727273,12.72909090909091,7,29,51,276,1970-01-21 15:39:12.698181818,1970-01-21 15:39:58.521818181,Hè,,,
Lâm Đồng,Tây Nguyên,2026-07-19,23.19090909090909,27.845454545454547,19.727272727272727,26.19090909090909,31.2,22.8,1.3727272727272728,1.3727272727272728,0.0,6.454545454545454,83.36363636363636,13.927272727272726,33.518181818181816,23.69363636363636,1012.0363636363636,45.09090909090909,19.900000000000002,0.0,4.631818181818182,11.678500000000001,108.07580000000002,11.252727272727272,12.723636363636365,7,29,51,292,1970-01-21 15:40:39.114545454,1970-01-21 15:41:24.910909091,Hè,,,
Lâm Đồng,Tây Nguyên,2026-07-20,23.427272727272726,28.163636363636364,20.054545454545455,26.327272727272728,31.55454545454546,23.018181818181816,0.2818181818181818,0.2818181818181818,0.0,2.8181818181818183,81.18181818181819,14.145454545454545,33.845454545454544,25.214545454545455,1012.0818181818181,37.72727272727273,19.62727272727273,0.0,4.950909090909091,11.678500000000001,108.07580000000002,11.493636363636364,12.718181818181819,7,30,51,256,1970-01-21 15:42:05.525454545,1970-01-21 15:42:51.305454545,Hè,,,
