province,region,date,temperature_2m_mean,temperature_2m_max,temperature_2m_min,apparent_temperature_mean,apparent_temperature_max,apparent_temperature_min,precipitation_sum,rain_sum,showers_sum,precipitation_hours,relative_humidity_2m_mean,wind_speed_10m_max,wind_gusts_10m_max,shortwave_radiation_sum,pressure_msl_mean,cloud_cover_mean,dew_point_2m_mean,snowfall_sum,et0_fao_evapotranspiration,latitude,longitude,sunshine_hours,daylight_hours,month,week,weather_code,wind_direction_10m_dominant,sunrise,sunset,season,uv_index_max,uv_index_clear_sky_max,precipitation_probability_max
Nghệ An,Bắc Trung Bộ,2025-07-21,27.681818181818183,29.38181818181818,26.20909090909091,32.57272727272727,34.49090909090909,30.20909090909091,19.818181818181817,19.818181818181817,0.0,21.0,85.45454545454545,18.11818181818182,33.018181818181816,5.288181818181818,995.8090909090909,100.0,24.9,0.0,1.8163636363636364,18.6796,105.68129999999998,0.0,13.089090909090908,7,30,61,262,1970-01-21 06:57:55.832727272,1970-01-21 06:58:42.954545454,Hè,,,
Nghệ An,Bắc Trung Bộ,2025-07-22,26.027272727272727,27.218181818181815,25.245454545454542,29.745454545454542,32.86363636363637,26.772727272727273,89.5909090909091,89.5909090909091,0.0,21.727272727272727,88.18181818181819,31.536363636363635,58.8,2.658181818181818,992.2909090909092,100.0,23.863636363636363,0.0,1.250909090909091,18.6796,105.68129999999998,0.0036363636363636,13.07909090909091,7,30,65,237,1970-01-21 06:59:22.265454545,1970-01-21 07:00:09.343636363,Hè,,,
Nghệ An,Bắc Trung Bộ,2025-07-23,28.654545454545453,31.727272727272727,25.745454545454542,33.75454545454546,37.8,30.218181818181815,0.1090909090909091,0.1090909090909091,0.0,0.8181818181818182,76.63636363636364,14.727272727272728,29.454545454545453,15.553636363636365,997.3090909090909,99.27272727272728,24.018181818181816,0.0,3.7827272727272727,18.6796,105.68129999999998,7.195454545454546,13.069090909090908,7,30,51,80,1970-01-21 07:00:48.676363636,1970-01-21 07:01:35.721818181,Hè,,,
Nghệ An,Bắc Trung Bộ,2025-07-24,29.127272727272725,32.18181818181818,26.627272727272725,34.154545454545456,37.56363636363636,30.872727272727275,1.1545454545454543,1.1545454545454543,0.0,2.363636363636364,74.72727272727273,14.318181818181818,30.009090909090904,15.37,1000.6545454545457,99.36363636363636,24.027272727272727,0.0,3.8490909090909096,18.6796,105.68129999999998,8.373636363636363,13.057272727272728,7,30,51,247,1970-01-21 07:02:15.103636363,1970-01-21 07:03:02.100000000,Hè,,,
Nghệ An,Bắc Trung Bộ,2025-07-25,27.481818181818184,29.827272727272728,25.727272727272727,33.24545454545454,35.73636363636364,31.036363636363635,12.345454545454546,12.345454545454546,0.0,12.909090909090908,86.0,12.018181818181818,23.627272727272725,7.441818181818181,1001.6727272727272,100.0,24.845454545454547,0.0,1.88,18.6796,105.68129999999998,0.8563636363636363,13.045454545454543,7,30,61,176,1970-01-21 07:03:41.530909091,1970-01-21 07:04:28.489090909,Hè,,,
Nghệ An,Bắc Trung Bộ,2025-07-26,28.336363636363636,31.954545454545453,26.136363636363637,34.67272727272727,39.42727272727273,31.94545454545454,12.845454545454546,12.845454545454546,0.0,12.545454545454543,85.0909090909091,11.154545454545454,28.05454545454546,16.69090909090909,1001.4636363636364,99.54545454545456,25.436363636363637,0.0,3.6318181818181823,18.6796,105.68129999999998,7.629090909090909,13.035454545454543,7,30,65,131,1970-01-21 07:05:07.936363636,1970-01-21 07:05:54.861818181,Hè,,,
Nghệ An,Bắc Trung Bộ,2025-07-27,27.50909090909091,30.727272727272727,25.58181818181818,33.336363636363636,37.345454545454544,30.863636363636363,14.8,14.8,0.0,9.363636363636363,86.45454545454545,11.636363636363637,26.55454545454546,14.724545454545456,1000.9636363636364,96.45454545454544,24.9,0.0,3.1545454545454548,18.6796,105.68129999999998,7.254545454545454,13.021818181818183,7,30,63,233,1970-01-21 07:06:34.363636363,1970-01-21 07:07:21.240000000,Hè,,,
Nghệ An,Bắc Trung Bộ,2025-07-28,28.3,32.372727272727275,25.045454545454547,34.199999999999996,38.945454545454545,30.44545454545454,7.145454545454545,7.145454545454545,0.0,9.454545454545457,83.54545454545455,14.154545454545454,30.781818181818185,19.266363636363636,999.7727272727273,79.0,25.05454545454546,0.0,4.184545454545455,18.6796,105.68129999999998,9.826363636363636,13.009999999999998,7,31,63,233,1970-01-21 07:08:00.790909091,1970-01-21 07:08:47.623636363,Hè,,,
Nghệ An,Bắc Trung Bộ,2025-07-29,30.845454545454547,34.88181818181818,27.163636363636364,35.800000000000004,41.481818181818184,31.39090909090909,0.5909090909090909,0.5909090909090909,0.0,1.6363636363636365,69.27272727272727,18.87272727272727,35.24545454545454,24.521818181818183,998.3363636363636,73.27272727272727,24.372727272727275,0.0,6.201818181818182,18.6796,105.68129999999998,12.034545454545452,13.0,7,31,51,230,1970-01-21 07:09:27.196363636,1970-01-21 07:10:14.001818181,Hè,,,
Nghệ An,Bắc Trung Bộ,2025-07-30,31.145454545454548,34.99090909090909,28.50909090909091,35.190909090909095,40.35454545454545,32.21818181818182,0.1363636363636363,0.1363636363636363,0.0,0.8181818181818182,66.45454545454545,21.045454545454547,41.127272727272725,23.781818181818185,998.4636363636364,91.54545454545456,24.045454545454547,0.0,6.492727272727273,18.6796,105.68129999999998,11.478181818181818,12.987272727272728,7,31,51,232,1970-01-21 07:10:53.618181818,1970-01-21 07:11:40.374545454,Hè,,,
Nghệ An,Bắc Trung Bộ,2025-07-31,31.472727272727273,35.38181818181818,28.627272727272725,35.95454545454545,41.99090909090909,31.745454545454542,0.1181818181818181,0.1181818181818181,0.0,0.4545454545454545,65.36363636363636,19.8,37.054545454545455,23.566363636363636,998.581818181818,97.63636363636364,24.11818181818182,0.0,6.404545454545455,18.6796,105.68129999999998,11.734545454545456,12.973636363636365,7,31,3,232,1970-01-21 07:12:20.050909091,1970-01-21 07:13:06.741818181,Hè,,,
Nghệ An,Bắc Trung Bộ,2025-08-01,31.19090909090909,34.372727272727275,28.954545454545453,35.945454545454545,40.0,32.51818181818182,0.2818181818181818,0.2818181818181818,0.0,1.5454545454545454,67.63636363636364,19.07272727272727,38.68181818181818,20.399090909090912,999.1545454545457,88.0,24.345454545454547,0.0,5.55,18.6796,105.68129999999998,10.134545454545457,12.961818181818185,8,31,51,257,1970-01-21 07:13:46.456363636,1970-01-21 07:14:33.120000000,Hè,,,
Nghệ An,Bắc Trung Bộ,2025-08-02,31.363636363636363,35.345454545454544,27.863636363636363,36.32727272727273,41.41818181818182,32.60909090909091,0.1181818181818181,0.1181818181818181,0.0,0.8181818181818182,67.54545454545455,18.88181818181818,37.77272727272727,24.729999999999997,1001.1181818181816,91.8181818181818,24.40909090909091,0.0,6.374545454545455,18.6796,105.68129999999998,12.0,12.95,8,31,51,232,1970-01-21 07:15:12.872727272,1970-01-21 07:15:59.492727272,Hè,,,
Nghệ An,Bắc Trung Bộ,2025-08-03,32.300000000000004,36.11818181818182,28.936363636363637,36.43636363636364,41.28181818181818,33.199999999999996,0.0,0.0,0.0,0.0,61.36363636363637,21.16363636363636,39.77272727272727,24.79090909090909,1001.7,88.54545454545455,23.73636363636364,0.0,7.0227272727272725,18.6796,105.68129999999998,12.0,12.937272727272727,8,31,3,255,1970-01-21 07:16:39.305454545,1970-01-21 07:17:25.860000000,Hè,,,
Nghệ An,Bắc Trung Bộ,2025-08-04,32.50909090909091,36.54545454545455,29.49090909090909,36.39090909090909,41.627272727272725,32.63636363636363,0.0,0.0,0.0,0.0,59.18181818181818,21.454545454545453,40.518181818181816,24.465454545454545,1001.418181818182,98.0,23.30909090909091,0.0,7.155454545454546,18.6796,105.68129999999998,11.890909090909092,12.92181818181818,8,32,3,228,1970-01-21 07:18:05.716363636,1970-01-21 07:18:52.238181818,Hè,,,
Nghệ An,Bắc Trung Bộ,2025-08-05,32.23636363636364,36.2,29.354545454545452,37.14545454545455,42.309090909090905,33.627272727272725,0.1,0.1,0.0,0.2727272727272727,63.36363636363637,16.88181818181818,33.836363636363636,23.273636363636363,1002.1090909090908,100.0,24.181818181818183,0.0,6.276363636363637,18.6796,105.68129999999998,11.965454545454548,12.909999999999998,8,32,3,161,1970-01-21 07:19:32.127272727,1970-01-21 07:20:18.600000000,Hè,,,
Nghệ An,Bắc Trung Bộ,2025-08-06,30.645454545454548,34.0,28.29090909090909,35.800000000000004,39.97272727272727,32.763636363636365,0.4636363636363636,0.4636363636363636,0.0,1.6363636363636365,69.45454545454545,13.536363636363635,27.38181818181818,15.874545454545457,1003.6272727272728,98.45454545454544,24.29090909090909,0.0,4.295454545454546,18.6796,105.68129999999998,6.147272727272727,12.893636363636364,8,32,51,169,1970-01-21 07:20:58.554545454,1970-01-21 07:21:44.972727272,Hè,,,
Nghệ An,Bắc Trung Bộ,2025-08-07,30.354545454545452,33.74545454545454,27.654545454545453,35.9,39.75454545454546,32.60909090909091,0.1545454545454545,0.1545454545454545,0.0,0.2727272727272727,72.45454545454545,13.47272727272727,26.94545454545454,17.025454545454547,1005.9,98.36363636363636,24.645454545454548,0.0,4.2272727272727275,18.6796,105.68129999999998,7.203636363636363,12.88,8,32,3,61,1970-01-21 07:22:24.976363636,1970-01-21 07:23:11.340000000,Hè,,,
Nghệ An,Bắc Trung Bộ,2025-08-08,30.981818181818184,35.42727272727273,26.76363636363636,36.845454545454544,42.74545454545454,32.127272727272725,0.0545454545454545,0.0545454545454545,0.0,0.3636363636363636,71.0,14.954545454545457,29.39090909090909,25.39,1006.5,39.81818181818182,24.727272727272727,0.0,5.935454545454546,18.6796,105.68129999999998,11.857272727272727,12.867272727272727,8,32,3,114,1970-01-21 07:23:51.387272727,1970-01-21 07:24:37.701818181,Hè,,,
Nghệ An,Bắc Trung Bộ,2025-08-09,31.436363636363637,36.17272727272727,27.2,37.24545454545454,43.26363636363636,32.67272727272728,0.3,0.3,0.0,0.7272727272727273,68.81818181818181,14.636363636363637,30.836363636363636,25.10363636363636,1005.3272727272728,47.0,24.672727272727272,0.0,5.988181818181818,18.6796,105.68129999999998,12.0,12.851818181818182,8,32,3,141,1970-01-21 07:25:17.809090909,1970-01-21 07:26:04.069090909,Hè,,,
Nghệ An,Bắc Trung Bộ,2025-08-10,31.227272727272727,35.63636363636363,27.44545454545454,36.79090909090909,42.872727272727275,32.445454545454545,2.190909090909091,2.190909090909091,0.0,1.3636363636363635,68.81818181818181,16.636363636363637,32.345454545454544,24.89090909090909,1004.2272727272727,43.0,24.5,0.0,5.965454545454546,18.6796,105.68129999999998,12.0,12.837272727272728,8,32,63,123,1970-01-21 07:26:44.230909091,1970-01-21 07:27:30.441818181,Hè,,,
Nghệ An,Bắc Trung Bộ,2025-08-11,29.88181818181818,34.27272727272727,25.854545454545452,35.76363636363636,41.47272727272727,30.963636363636365,1.7454545454545454,1.7454545454545454,0.0,2.1818181818181817,75.63636363636364,13.654545454545454,31.08181818181818,24.50272727272727,1004.1272727272728,57.81818181818182,24.80909090909091,0.0,5.505454545454546,18.6796,105.68129999999998,12.0,12.82181818181818,8,33,51,136,1970-01-21 07:28:10.636363636,1970-01-21 07:28:56.809090909,Hè,,,
Nghệ An,Bắc Trung Bộ,2025-08-12,30.663636363636364,34.70909090909091,26.9,36.7,41.79090909090909,32.17272727272727,1.1272727272727272,1.1272727272727272,0.0,2.090909090909091,72.27272727272727,12.454545454545457,27.372727272727275,24.40636363636364,1004.581818181818,47.0,24.79090909090909,0.0,5.575454545454545,18.6796,105.68129999999998,12.0,12.80818181818182,8,33,51,121,1970-01-21 07:29:37.052727272,1970-01-21 07:30:23.170909091,Hè,,,
Nghệ An,Bắc Trung Bộ,2025-08-13,29.863636363636363,34.04545454545455,25.79090909090909,36.42727272727273,41.36363636363637,31.336363636363636,4.318181818181818,4.318181818181818,0.0,6.181818181818182,78.9090909090909,11.60909090909091,27.518181818181816,21.315454545454543,1005.8363636363636,90.8181818181818,25.518181818181816,0.0,4.70909090909091,18.6796,105.68129999999998,9.75,12.793636363636365,8,33,61,1,1970-01-21 07:31:03.474545454,1970-01-21 07:31:49.532727272,Hè,,,
Nghệ An,Bắc Trung Bộ,2025-08-14,30.345454545454547,35.46363636363637,26.481818181818184,36.28181818181818,42.28181818181818,31.42727272727273,5.690909090909091,5.690909090909091,0.0,3.636363636363636,73.72727272727273,13.327272727272726,27.89090909090909,24.345454545454547,1004.0727272727272,93.8181818181818,24.654545454545453,0.0,5.566363636363636,18.6796,105.68129999999998,11.622727272727271,12.77818181818182,8,33,63,66,1970-01-21 07:32:29.896363636,1970-01-21 07:33:15.889090909,Hè,,,
Nghệ An,Bắc Trung Bộ,2025-08-15,27.854545454545452,31.545454545454547,24.963636363636365,33.52727272727273,37.9,29.40909090909091,11.70909090909091,11.70909090909091,0.0,11.272727272727272,83.81818181818181,13.8,30.11818181818182,16.19272727272727,1004.0454545454544,99.0,24.7,0.0,3.49,18.6796,105.68129999999998,7.983636363636363,12.763636363636364,8,33,63,292,1970-01-21 07:33:56.307272727,1970-01-21 07:34:42.256363636,Hè,,,
Nghệ An,Bắc Trung Bộ,2025-08-16,26.181818181818183,29.663636363636364,23.70909090909091,30.972727272727273,34.97272727272727,27.963636363636365,11.254545454545454,11.254545454545454,0.0,17.727272727272727,87.45454545454545,14.672727272727274,29.454545454545453,15.091818181818182,1006.5363636363636,99.63636363636364,23.827272727272728,0.0,3.18,18.6796,105.68129999999998,7.327272727272727,12.748181818181818,8,33,63,1,1970-01-21 07:35:22.718181818,1970-01-21 07:36:08.612727272,Hè,,,
Nghệ An,Bắc Trung Bộ,2025-08-17,24.536363636363635,25.527272727272727,23.59090909090909,28.254545454545458,30.00909090909091,26.681818181818183,83.46363636363637,83.46363636363637,0.0,24.0,95.36363636363636,20.945454545454545,37.53636363636363,2.6972727272727273,1007.0363636363636,100.0,23.754545454545458,0.0,0.7918181818181819,18.6796,105.68129999999998,0.0,12.733636363636364,8,33,65,10,1970-01-21 07:36:49.145454545,1970-01-21 07:37:34.969090909,Hè,,,
Nghệ An,Bắc Trung Bộ,2025-08-18,25.09090909090909,27.172727272727272,23.436363636363637,29.49090909090909,32.76363636363636,26.481818181818184,50.42727272727273,50.42727272727273,0.0,21.0,92.0909090909091,16.71818181818182,32.918181818181814,4.557272727272728,1006.2090909090908,100.0,23.69090909090909,0.0,1.160909090909091,18.6796,105.68129999999998,0.0245454545454545,12.71818181818182,8,34,63,276,1970-01-21 07:38:15.556363636,1970-01-21 07:39:01.336363636,Hè,,,
Nghệ An,Bắc Trung Bộ,2025-08-19,27.863636363636363,31.55454545454546,24.354545454545452,33.518181818181816,37.86363636363637,29.254545454545458,2.890909090909091,2.890909090909091,0.0,4.090909090909091,83.0,11.88181818181818,22.70909090909091,17.05818181818182,1006.3363636363636,100.0,24.545454545454547,0.0,3.7627272727272727,18.6796,105.68129999999998,8.473636363636363,12.703636363636363,8,34,51,88,1970-01-21 07:39:41.967272727,1970-01-21 07:40:27.692727272,Hè,,,
Nghệ An,Bắc Trung Bộ,2025-08-20,29.363636363636363,33.26363636363636,25.7,35.56363636363636,40.50909090909091,31.272727272727273,0.4,0.4,0.0,1.0,79.63636363636364,13.845454545454546,27.863636363636363,23.67,1006.681818181818,96.0909090909091,25.245454545454542,0.0,5.206363636363636,18.6796,105.68129999999998,11.924545454545454,12.685454545454546,8,34,3,164,1970-01-21 07:41:08.372727272,1970-01-21 07:41:54.049090909,Hè,,,
Nghệ An,Bắc Trung Bộ,2025-08-21,29.354545454545452,33.163636363636364,26.218181818181815,35.763636363636365,40.82727272727273,32.11818181818182,3.672727272727272,3.672727272727272,0.0,3.8181818181818183,81.54545454545455,13.736363636363636,27.9,21.477272727272727,1007.7818181818184,99.9090909090909,25.70909090909091,0.0,4.704545454545454,18.6796,105.68129999999998,10.81,12.67181818181818,8,34,51,138,1970-01-21 07:42:34.794545454,1970-01-21 07:43:20.416363636,Hè,,,
Nghệ An,Bắc Trung Bộ,2025-08-22,28.11818181818182,32.02727272727273,25.654545454545453,34.53636363636363,40.31818181818182,31.272727272727273,5.490909090909091,5.490909090909091,0.0,7.090909090909091,85.63636363636364,12.627272727272729,27.363636363636363,22.69363636363636,1007.7090909090908,98.45454545454544,25.354545454545452,0.0,4.717272727272728,18.6796,105.68129999999998,10.916363636363636,12.653636363636364,8,34,63,152,1970-01-21 07:44:01.210909091,1970-01-21 07:44:46.767272727,Hè,,,
Nghệ An,Bắc Trung Bộ,2025-08-23,27.754545454545458,30.89090909090909,25.527272727272727,33.981818181818184,38.27272727272727,31.127272727272725,6.3,6.3,0.0,11.090909090909092,85.72727272727273,10.454545454545457,21.700000000000003,19.705454545454543,1007.3727272727272,84.54545454545455,25.00909090909091,0.0,4.126363636363636,18.6796,105.68129999999998,10.742727272727272,12.63818181818182,8,34,63,25,1970-01-21 07:45:27.621818181,1970-01-21 07:46:13.112727272,Hè,,,
Nghệ An,Bắc Trung Bộ,2025-08-24,26.91818181818182,30.954545454545453,24.536363636363635,31.59090909090909,35.96363636363637,28.19090909090909,19.5,19.5,0.0,12.909090909090908,86.54545454545455,20.21818181818182,41.309090909090905,16.654545454545453,1005.8727272727272,91.54545454545456,24.354545454545452,0.0,3.5745454545454547,18.6796,105.68129999999998,8.052727272727273,12.623636363636365,8,34,63,324,1970-01-21 07:46:54.027272727,1970-01-21 07:47:39.469090909,Hè,,,
Nghệ An,Bắc Trung Bộ,2025-08-25,24.42727272727273,25.663636363636364,23.73636363636364,23.92727272727273,28.38181818181818,19.818181818181817,202.03636363636363,202.03636363636363,0.0,24.0,92.9090909090909,71.37272727272727,128.27272727272728,1.799090909090909,995.2272727272727,100.0,23.2,0.0,1.0345454545454544,18.6796,105.68129999999998,0.1454545454545454,12.605454545454544,8,35,65,1,1970-01-21 07:48:20.449090909,1970-01-21 07:49:05.836363636,Hè,,,
Nghệ An,Bắc Trung Bộ,2025-08-26,26.73636363636364,30.88181818181818,24.38181818181818,29.745454545454542,36.03636363636363,24.0,63.46363636363637,63.46363636363637,0.0,16.636363636363637,86.54545454545455,44.8,86.14545454545454,13.554545454545456,1003.4363636363636,100.0,24.20909090909091,0.0,3.22,18.6796,105.68129999999998,6.473636363636363,12.590000000000002,8,35,65,130,1970-01-21 07:49:46.865454545,1970-01-21 07:50:32.176363636,Hè,,,
Nghệ An,Bắc Trung Bộ,2025-08-27,26.30909090909091,28.73636363636364,24.218181818181815,32.02727272727273,35.02727272727273,29.372727272727275,10.80909090909091,10.80909090909091,0.0,12.727272727272728,90.45454545454544,10.618181818181816,21.527272727272727,11.627272727272729,1007.118181818182,100.0,24.58181818181818,0.0,2.462727272727273,18.6796,105.68129999999998,2.0336363636363632,12.573636363636364,8,35,63,284,1970-01-21 07:51:13.270909091,1970-01-21 07:51:58.532727272,Hè,,,
Nghệ An,Bắc Trung Bộ,2025-08-28,26.336363636363636,29.254545454545458,24.09090909090909,31.654545454545453,34.96363636363637,29.05454545454546,4.827272727272727,4.827272727272727,0.0,13.272727272727272,88.27272727272727,10.7,23.563636363636363,16.347272727272728,1007.1636363636364,88.45454545454545,24.172727272727272,0.0,3.3099999999999996,18.6796,105.68129999999998,8.399090909090908,12.555454545454548,8,35,53,329,1970-01-21 07:52:39.687272727,1970-01-21 07:53:24.889090909,Hè,,,
Nghệ An,Bắc Trung Bộ,2025-08-29,26.254545454545458,29.654545454545453,24.26363636363636,30.818181818181817,34.85454545454545,28.327272727272728,23.118181818181817,23.118181818181817,0.0,16.272727272727273,87.9090909090909,18.327272727272728,37.38181818181818,18.828181818181815,1007.5090909090908,92.54545454545456,23.99090909090909,0.0,3.751818181818182,18.6796,105.68129999999998,10.645454545454545,12.538181818181815,8,35,63,0,1970-01-21 07:54:06.087272727,1970-01-21 07:54:51.229090909,Hè,,,
Nghệ An,Bắc Trung Bộ,2025-08-30,25.69090909090909,27.636363636363637,24.318181818181817,28.481818181818184,30.90909090909091,26.563636363636363,60.054545454545455,60.054545454545455,0.0,22.90909090909091,91.9090909090909,37.75454545454546,68.05454545454546,5.245454545454545,1004.4545454545456,100.0,24.272727272727273,0.0,1.435454545454545,18.6796,105.68129999999998,0.0345454545454545,12.523636363636363,8,35,63,10,1970-01-21 07:55:32.509090909,1970-01-21 07:56:17.596363636,Hè,,,
Nghệ An,Bắc Trung Bộ,2025-08-31,26.463636363636365,29.79090909090909,24.29090909090909,31.363636363636363,35.96363636363637,28.536363636363635,31.963636363636365,31.963636363636365,0.0,20.363636363636363,88.27272727272727,17.490909090909092,37.63636363636363,18.12181818181818,1006.9545454545456,99.0,24.272727272727273,0.0,3.6645454545454546,18.6796,105.68129999999998,9.743636363636362,12.505454545454546,8,35,63,100,1970-01-21 07:56:58.925454545,1970-01-21 07:57:43.936363636,Hè,,,
Nghệ An,Bắc Trung Bộ,2025-09-01,26.345454545454547,29.58181818181818,23.91818181818182,31.39090909090909,35.154545454545456,28.29090909090909,6.1909090909090905,6.1909090909090905,0.0,13.909090909090908,88.36363636363636,14.372727272727271,29.89090909090909,16.64090909090909,1006.7363636363636,98.1818181818182,24.19090909090909,0.0,3.320909090909091,18.6796,105.68129999999998,8.658181818181818,12.488181818181818,9,36,61,335,1970-01-21 07:58:25.330909091,1970-01-21 07:59:10.292727272,Thu,,,
Nghệ An,Bắc Trung Bộ,2025-09-02,27.481818181818184,30.69090909090909,24.536363636363635,33.22727272727273,37.31818181818182,29.92727272727273,1.6909090909090911,1.6909090909090911,0.0,5.363636363636363,84.9090909090909,12.52727272727273,26.99090909090909,21.616363636363637,1006.7818181818184,76.81818181818181,24.55454545454546,0.0,4.443636363636364,18.6796,105.68129999999998,11.973636363636365,12.473636363636365,9,36,51,90,1970-01-21 07:59:51.747272727,1970-01-21 08:00:36.643636363,Thu,,,
Nghệ An,Bắc Trung Bộ,2025-09-03,28.1,31.127272727272725,25.181818181818183,34.190909090909095,38.09090909090909,31.07272727272727,0.9636363636363636,0.9636363636363636,0.0,5.090909090909091,83.81818181818181,14.081818181818182,28.26363636363636,23.033636363636365,1007.0454545454544,25.181818181818183,24.972727272727273,0.0,4.757272727272727,18.6796,105.68129999999998,12.0,12.455454545454543,9,36,51,109,1970-01-21 08:01:18.147272727,1970-01-21 08:02:02.989090909,Thu,,,
Nghệ An,Bắc Trung Bộ,2025-09-04,28.363636363636363,32.02727272727273,25.018181818181816,34.22727272727273,39.127272727272725,30.972727272727273,0.2909090909090909,0.2909090909090909,0.0,2.0,81.9090909090909,13.71818181818182,27.863636363636363,23.66636363636363,1006.8545454545456,47.36363636363637,24.76363636363636,0.0,5.050909090909091,18.6796,105.68129999999998,12.0,12.44,9,36,51,116,1970-01-21 08:02:44.563636363,1970-01-21 08:03:29.345454545,Thu,,,
Nghệ An,Bắc Trung Bộ,2025-09-05,28.718181818181815,32.20909090909091,25.29090909090909,34.845454545454544,39.945454545454545,31.354545454545452,0.6272727272727273,0.6272727272727273,0.0,1.818181818181818,81.72727272727273,13.0,26.245454545454542,23.2,1006.8727272727272,68.81818181818181,25.145454545454548,0.0,4.992727272727273,18.6796,105.68129999999998,12.0,12.42181818181818,9,36,51,120,1970-01-21 08:04:10.980000000,1970-01-21 08:04:55.696363636,Thu,,,
Nghệ An,Bắc Trung Bộ,2025-09-06,28.80909090909091,32.054545454545455,25.94545454545454,35.300000000000004,39.9,32.32727272727273,1.1636363636363638,1.1636363636363638,0.0,3.363636363636364,82.63636363636364,12.109090909090908,27.527272727272727,22.75,1007.3090909090909,58.72727272727273,25.42727272727273,0.0,4.78,18.6796,105.68129999999998,12.0,12.405454545454546,9,36,51,94,1970-01-21 08:05:37.390909091,1970-01-21 08:06:22.047272727,Thu,,,
Nghệ An,Bắc Trung Bộ,2025-09-07,28.59090909090909,32.0,25.745454545454542,35.11818181818182,39.50909090909091,31.99090909090909,1.6909090909090911,1.6909090909090911,0.0,6.0,82.81818181818181,9.136363636363637,20.763636363636365,22.80818181818182,1006.1,58.45454545454545,25.20909090909091,0.0,4.798181818181818,18.6796,105.68129999999998,11.995454545454544,12.38818181818182,9,36,51,0,1970-01-21 08:07:03.801818181,1970-01-21 08:07:48.392727272,Thu,,,
Nghệ An,Bắc Trung Bộ,2025-09-08,29.836363636363636,34.554545454545455,25.472727272727273,35.809090909090905,41.86363636363637,30.754545454545458,0.0181818181818181,0.0181818181818181,0.0,0.1818181818181818,75.72727272727273,13.645454545454545,26.045454545454547,23.27090909090909,1005.0636363636364,97.72727272727272,24.718181818181815,0.0,5.28,18.6796,105.68129999999998,11.992727272727272,12.37,9,37,3,149,1970-01-21 08:08:30.207272727,1970-01-21 08:09:14.738181818,Thu,,,
Nghệ An,Bắc Trung Bộ,2025-09-09,29.9,33.53636363636363,26.981818181818184,35.20909090909091,40.09090909090909,30.89090909090909,2.1454545454545455,2.1454545454545455,0.0,2.090909090909091,71.81818181818181,13.581818181818182,28.336363636363636,21.32636363636364,1006.2909090909092,96.45454545454544,24.07272727272727,0.0,5.107272727272727,18.6796,105.68129999999998,10.745454545454546,12.353636363636362,9,37,51,237,1970-01-21 08:09:56.607272727,1970-01-21 08:10:41.089090909,Thu,,,
Nghệ An,Bắc Trung Bộ,2025-09-10,29.854545454545452,33.20909090909091,27.136363636363637,34.88181818181818,39.2,31.372727272727275,0.4909090909090908,0.4909090909090908,0.0,0.5454545454545454,71.45454545454545,14.38181818181818,27.61818181818182,20.930000000000003,1007.5545454545456,99.27272727272728,23.88181818181818,0.0,5.079090909090909,18.6796,105.68129999999998,11.487272727272726,12.336363636363636,9,37,3,90,1970-01-21 08:11:23.023636363,1970-01-21 08:12:07.434545454,Thu,,,
Nghệ An,Bắc Trung Bộ,2025-09-11,29.545454545454547,33.92727272727273,25.854545454545452,35.163636363636364,40.82727272727273,31.44545454545454,0.8636363636363636,0.8636363636363636,0.0,1.2727272727272727,76.27272727272727,16.62727272727273,31.90909090909091,21.706363636363637,1008.0454545454544,99.0909090909091,24.636363636363637,0.0,4.964545454545455,18.6796,105.68129999999998,11.285454545454543,12.32,9,37,3,131,1970-01-21 08:12:49.440000000,1970-01-21 08:13:33.785454545,Thu,,,
Nghệ An,Bắc Trung Bộ,2025-09-12,28.91818181818182,32.91818181818182,26.0,35.03636363636363,40.43636363636364,31.972727272727273,4.090909090909091,4.090909090909091,0.0,8.090909090909092,80.72727272727273,14.681818181818182,32.309090909090905,21.86181818181818,1009.0636363636364,61.90909090909091,25.19090909090909,0.0,4.712727272727273,18.6796,105.68129999999998,11.433636363636364,12.3,9,37,63,135,1970-01-21 08:14:15.845454545,1970-01-21 08:15:00.136363636,Thu,,,
Nghệ An,Bắc Trung Bộ,2025-09-13,28.818181818181817,32.60909090909091,25.463636363636365,34.23636363636364,38.981818181818184,31.227272727272727,0.109090909090909,0.109090909090909,0.0,1.0,77.81818181818181,15.918181818181818,31.41818181818182,23.02,1009.7636363636364,28.09090909090909,24.245454545454542,0.0,5.116363636363636,18.6796,105.68129999999998,11.967272727272729,12.283636363636363,9,37,51,120,1970-01-21 08:15:42.267272727,1970-01-21 08:16:26.481818181,Thu,,,
Nghệ An,Bắc Trung Bộ,2025-09-14,27.963636363636365,31.027272727272727,25.26363636363636,33.127272727272725,36.554545454545455,30.745454545454542,1.4545454545454546,1.4545454545454546,0.0,2.727272727272727,80.54545454545455,13.363636363636363,27.4,16.763636363636365,1009.9909090909092,80.72727272727273,24.181818181818183,0.0,3.688181818181818,18.6796,105.68129999999998,9.485454545454546,12.268181818181818,9,37,51,117,1970-01-21 08:17:08.667272727,1970-01-21 08:17:52.827272727,Thu,,,
Nghệ An,Bắc Trung Bộ,2025-09-15,27.60909090909091,31.5,25.045454545454547,33.11818181818182,37.67272727272727,30.354545454545452,9.627272727272729,9.627272727272729,0.0,8.0,82.72727272727273,12.7,28.772727272727273,16.92727272727273,1010.181818181818,87.63636363636364,24.29090909090909,0.0,3.5954545454545452,18.6796,105.68129999999998,9.522727272727272,12.25,9,38,63,82,1970-01-21 08:18:35.067272727,1970-01-21 08:19:19.172727272,Thu,,,
Nghệ An,Bắc Trung Bộ,2025-09-16,27.29090909090909,31.181818181818183,24.44545454545454,32.86363636363637,37.481818181818184,29.563636363636363,8.472727272727273,8.472727272727273,0.0,13.545454545454543,83.9090909090909,11.490909090909092,25.627272727272725,18.69181818181818,1010.0363636363636,79.36363636363636,24.19090909090909,0.0,3.9154545454545455,18.6796,105.68129999999998,9.42909090909091,12.23,9,38,61,17,1970-01-21 08:20:01.483636363,1970-01-21 08:20:45.512727272,Thu,,,
Nghệ An,Bắc Trung Bộ,2025-09-17,26.363636363636363,28.89090909090909,24.563636363636363,31.38181818181818,33.85454545454545,29.4,12.3,12.3,0.0,14.727272727272728,87.45454545454545,13.636363636363637,30.136363636363637,14.06,1008.7272727272727,86.18181818181819,24.00909090909091,0.0,2.8663636363636367,18.6796,105.68129999999998,7.96090909090909,12.211818181818185,9,38,63,4,1970-01-21 08:21:27.900000000,1970-01-21 08:22:11.863636363,Thu,,,
Nghệ An,Bắc Trung Bộ,2025-09-18,25.863636363636363,28.254545454545458,23.92727272727273,30.55454545454546,32.81818181818182,27.954545454545453,20.9,20.9,0.0,21.363636363636363,90.0909090909091,16.099999999999998,31.781818181818185,11.21818181818182,1008.3,97.9090909090909,24.063636363636363,0.0,2.3536363636363635,18.6796,105.68129999999998,3.706363636363636,12.2,9,38,63,352,1970-01-21 08:22:54.305454545,1970-01-21 08:23:38.209090909,Thu,,,
Nghệ An,Bắc Trung Bộ,2025-09-19,26.30909090909091,29.58181818181818,24.26363636363636,31.73636363636364,35.97272727272727,28.8,13.79090909090909,13.79090909090909,0.0,16.545454545454547,89.36363636363636,11.472727272727273,23.518181818181816,14.706363636363635,1008.4,95.63636363636364,24.345454545454547,0.0,3.0263636363636364,18.6796,105.68129999999998,7.213636363636363,12.18,9,38,63,18,1970-01-21 08:24:20.721818181,1970-01-21 08:25:04.560000000,Thu,,,
Nghệ An,Bắc Trung Bộ,2025-09-20,27.73636363636364,31.654545454545453,24.481818181818184,33.95454545454545,39.054545454545455,29.854545454545452,3.254545454545455,3.254545454545455,0.0,6.454545454545454,85.45454545454545,9.663636363636364,22.654545454545453,19.105454545454545,1007.0090909090908,76.9090909090909,24.963636363636365,0.0,4.005454545454546,18.6796,105.68129999999998,10.661818181818182,12.159999999999998,9,38,63,163,1970-01-21 08:25:47.127272727,1970-01-21 08:26:30.905454545,Thu,,,
Nghệ An,Bắc Trung Bộ,2025-09-21,28.036363636363635,32.99090909090909,25.454545454545453,34.57272727272727,41.33636363636363,30.972727272727273,9.027272727272727,9.027272727272727,0.0,7.909090909090909,86.0,11.11818181818182,26.50909090909091,20.78909090909091,1005.918181818182,82.9090909090909,25.3,0.0,4.345454545454545,18.6796,105.68129999999998,10.85,12.140000000000002,9,38,63,191,1970-01-21 08:27:13.532727272,1970-01-21 08:27:57.261818181,Thu,,,
Nghệ An,Bắc Trung Bộ,2025-09-22,26.845454545454547,30.663636363636364,24.672727272727272,32.58181818181818,36.90909090909091,29.518181818181816,12.818181818181818,12.818181818181818,0.0,15.181818181818182,89.0,13.581818181818182,30.018181818181816,16.568181818181817,1007.0636363636364,78.0,24.79090909090909,0.0,3.3290909090909087,18.6796,105.68129999999998,9.933636363636364,12.13,9,39,63,40,1970-01-21 08:28:39.943636363,1970-01-21 08:29:23.607272727,Thu,,,
Nghệ An,Bắc Trung Bộ,2025-09-23,26.94545454545454,30.76363636363636,23.972727272727273,32.57272727272727,37.38181818181818,28.58181818181818,5.4818181818181815,5.4818181818181815,0.0,6.7272727272727275,86.36363636363636,10.581818181818182,24.59090909090909,18.91,1005.5454545454544,67.63636363636364,24.327272727272728,0.0,3.856363636363637,18.6796,105.68129999999998,11.240909090909092,12.109999999999998,9,39,63,300,1970-01-21 08:30:06.360000000,1970-01-21 08:30:49.947272727,Thu,,,
Nghệ An,Bắc Trung Bộ,2025-09-24,28.42727272727273,32.45454545454545,24.60909090909091,33.154545454545456,36.86363636363637,28.963636363636365,19.854545454545455,19.854545454545455,0.0,8.181818181818182,77.18181818181819,18.027272727272727,36.68181818181818,20.74363636363637,1003.0363636363636,98.45454545454544,23.663636363636364,0.0,4.6090909090909085,18.6796,105.68129999999998,10.408181818181818,12.090000000000002,9,39,65,315,1970-01-21 08:31:32.765454545,1970-01-21 08:32:16.292727272,Thu,,,
Nghệ An,Bắc Trung Bộ,2025-09-25,28.09090909090909,33.1,25.681818181818183,32.5,38.690909090909095,29.318181818181817,10.054545454545456,10.054545454545456,0.0,9.636363636363637,76.27272727272727,19.763636363636365,39.47272727272727,17.291818181818183,1003.2,98.36363636363636,23.345454545454547,0.0,4.01,18.6796,105.68129999999998,9.85,12.07181818181818,9,39,63,337,1970-01-21 08:32:59.187272727,1970-01-21 08:33:42.643636363,Thu,,,
Nghệ An,Bắc Trung Bộ,2025-09-26,25.836363636363636,28.1,24.354545454545452,30.88181818181818,33.309090909090905,29.2,30.79090909090909,30.79090909090909,0.0,23.90909090909091,90.0,13.2,29.92727272727273,12.22909090909091,1009.2636363636364,100.0,24.009090909090904,0.0,2.510909090909091,18.6796,105.68129999999998,5.780909090909091,12.06,9,39,63,16,1970-01-21 08:34:25.587272727,1970-01-21 08:35:09.000000000,Thu,,,
Nghệ An,Bắc Trung Bộ,2025-09-27,25.227272727272727,28.58181818181818,23.636363636363637,29.936363636363637,34.06363636363636,27.472727272727273,60.91818181818182,60.91818181818182,0.0,23.90909090909091,93.27272727272728,19.563636363636363,39.99090909090909,10.635454545454545,1010.7818181818184,99.63636363636364,24.045454545454547,0.0,2.132727272727273,18.6796,105.68129999999998,4.8999999999999995,12.04,9,39,65,10,1970-01-21 08:35:51.998181818,1970-01-21 08:36:35.345454545,Thu,,,
Nghệ An,Bắc Trung Bộ,2025-09-28,24.99090909090909,26.172727272727272,23.89090909090909,26.663636363636364,28.41818181818182,24.23636363636364,102.86363636363636,102.86363636363636,0.0,24.0,93.72727272727272,45.80909090909091,81.50909090909092,5.005454545454546,1004.5,100.0,23.89090909090909,0.0,1.32,18.6796,105.68129999999998,0.1872727272727272,12.02,9,39,65,5,1970-01-21 08:37:18.409090909,1970-01-21 08:38:01.696363636,Thu,,,
Nghệ An,Bắc Trung Bộ,2025-09-29,25.363636363636363,26.59090909090909,24.063636363636363,26.463636363636365,30.754545454545458,19.745454545454542,127.7,127.7,0.0,23.727272727272727,92.45454545454544,73.96363636363637,132.84545454545454,3.3490909090909096,998.3636363636364,100.0,24.05454545454546,0.0,1.2972727272727271,18.6796,105.68129999999998,0.0,12.004545454545456,9,40,65,105,1970-01-21 08:38:44.825454545,1970-01-21 08:39:28.047272727,Thu,,,
Nghệ An,Bắc Trung Bộ,2025-09-30,26.92727272727273,30.5,24.99090909090909,31.92727272727273,35.31818181818182,29.454545454545453,8.763636363636364,8.763636363636364,0.0,7.181818181818182,87.0909090909091,15.872727272727271,31.1,10.797272727272729,1009.018181818182,100.0,24.44545454545454,0.0,2.561818181818182,18.6796,105.68129999999998,1.9127272727272728,11.990000000000002,9,40,63,134,1970-01-21 08:40:11.241818181,1970-01-21 08:40:54.387272727,Thu,,,
Nghệ An,Bắc Trung Bộ,2025-10-01,26.88181818181818,30.681818181818183,24.063636363636363,32.76363636363636,37.445454545454545,29.036363636363635,4.881818181818182,4.881818181818182,0.0,10.818181818181818,88.63636363636364,11.363636363636363,25.8,17.315454545454546,1011.0727272727272,99.27272727272728,24.73636363636364,0.0,3.5399999999999996,18.6796,105.68129999999998,9.856363636363636,11.97,10,40,61,95,1970-01-21 08:41:37.647272727,1970-01-21 08:42:20.732727272,Thu,,,
Nghệ An,Bắc Trung Bộ,2025-10-02,27.472727272727273,31.39090909090909,24.44545454545454,32.845454545454544,37.70909090909091,29.981818181818184,0.2818181818181818,0.2818181818181818,0.0,2.272727272727273,82.54545454545455,14.263636363636364,28.345454545454547,21.41636363636364,1011.518181818182,43.09090909090909,23.99090909090909,0.0,4.536363636363636,18.6796,105.68129999999998,11.082727272727272,11.95,10,40,51,123,1970-01-21 08:43:04.058181818,1970-01-21 08:43:47.083636363,Thu,,,
Nghệ An,Bắc Trung Bộ,2025-10-03,27.79090909090909,31.37272727272727,24.5,33.345454545454544,37.654545454545456,30.063636363636363,0.209090909090909,0.209090909090909,0.0,1.2727272727272727,81.9090909090909,13.672727272727274,28.354545454545452,21.328181818181815,1011.0727272727272,30.272727272727273,24.20909090909091,0.0,4.507272727272727,18.6796,105.68129999999998,11.355454545454544,11.934545454545455,10,40,3,114,1970-01-21 08:44:30.469090909,1970-01-21 08:45:13.440000000,Thu,,,
Nghệ An,Bắc Trung Bộ,2025-10-04,28.09090909090909,31.545454545454547,25.154545454545453,34.00909090909091,38.654545454545456,31.036363636363635,0.2363636363636363,0.2363636363636363,0.0,1.818181818181818,82.27272727272727,11.763636363636364,24.045454545454547,21.23090909090909,1010.4909090909092,41.72727272727273,24.59090909090909,0.0,4.479090909090909,18.6796,105.68129999999998,11.30181818181818,11.918181818181818,10,40,51,108,1970-01-21 08:45:56.885454545,1970-01-21 08:46:39.785454545,Thu,,,
Nghệ An,Bắc Trung Bộ,2025-10-05,28.69090909090909,33.481818181818184,25.154545454545453,33.89090909090909,38.90909090909091,29.90909090909091,1.4909090909090907,1.4909090909090907,0.0,0.9090909090909092,79.0,16.736363636363635,31.318181818181817,15.326363636363636,1007.0,97.0909090909091,24.40909090909091,0.0,3.710909090909091,18.6796,105.68129999999998,9.186363636363636,11.9,10,40,61,268,1970-01-21 08:47:23.301818181,1970-01-21 08:48:06.130909091,Thu,,,
Nghệ An,Bắc Trung Bộ,2025-10-06,29.69090909090909,32.800000000000004,27.10909090909091,34.0,38.054545454545455,31.0,0.009090909090909,0.009090909090909,0.0,0.0909090909090909,70.27272727272727,20.6,36.918181818181814,14.114545454545452,1005.4363636363636,100.0,23.59090909090909,0.0,4.029090909090909,18.6796,105.68129999999998,6.315454545454545,11.88,10,41,3,225,1970-01-21 08:48:49.712727272,1970-01-21 08:49:32.487272727,Thu,,,
Nghệ An,Bắc Trung Bộ,2025-10-07,27.354545454545452,31.318181818181817,25.027272727272727,32.64545454545455,36.52727272727273,30.29090909090909,8.072727272727272,8.072727272727272,0.0,7.090909090909091,84.54545454545455,13.909090909090908,30.4,12.55818181818182,1010.3909090909092,98.36363636363636,24.41818181818182,0.0,2.868181818181818,18.6796,105.68129999999998,4.357272727272727,11.864545454545452,10,41,63,154,1970-01-21 08:50:16.129090909,1970-01-21 08:50:58.827272727,Thu,,,
Nghệ An,Bắc Trung Bộ,2025-10-08,26.227272727272727,29.30909090909091,23.963636363636365,31.372727272727275,35.14545454545455,28.76363636363636,7.345454545454545,7.345454545454545,0.0,14.0,87.0,11.836363636363636,25.42727272727273,16.756363636363634,1012.4909090909092,63.18181818181818,23.772727272727273,0.0,3.382727272727273,18.6796,105.68129999999998,8.961818181818181,11.848181818181816,10,41,61,30,1970-01-21 08:51:42.534545454,1970-01-21 08:52:25.183636363,Thu,,,
Nghệ An,Bắc Trung Bộ,2025-10-09,26.981818181818184,30.80909090909091,23.88181818181818,31.69090909090909,35.4,28.5,1.1,1.1,0.0,6.0,82.63636363636364,15.3,31.636363636363637,19.89181818181818,1011.9636363636364,64.36363636363636,23.50909090909091,0.0,4.1463636363636365,18.6796,105.68129999999998,11.030909090909091,11.83,10,41,51,5,1970-01-21 08:53:08.956363636,1970-01-21 08:53:51.540000000,Thu,,,
Nghệ An,Bắc Trung Bộ,2025-10-10,26.845454545454547,29.754545454545458,24.163636363636364,31.827272727272728,35.06363636363636,29.0,2.090909090909091,2.090909090909091,0.0,8.363636363636363,83.72727272727273,12.6,27.718181818181815,18.495454545454542,1011.418181818182,48.72727272727273,23.70909090909091,0.0,3.8,18.6796,105.68129999999998,10.781818181818185,11.813636363636364,10,41,51,1,1970-01-21 08:54:35.367272727,1970-01-21 08:55:17.890909091,Thu,,,
Nghệ An,Bắc Trung Bộ,2025-10-11,26.145454545454548,29.42727272727273,24.42727272727273,31.472727272727273,35.20909090909091,29.11818181818182,14.072727272727274,14.072727272727274,0.0,14.181818181818182,88.45454545454545,10.772727272727272,25.327272727272728,14.136363636363637,1010.7181818181816,77.9090909090909,24.0,0.0,2.8518181818181816,18.6796,105.68129999999998,7.988181818181818,11.796363636363637,10,41,63,2,1970-01-21 08:56:01.778181818,1970-01-21 08:56:44.247272727,Thu,,,
Nghệ An,Bắc Trung Bộ,2025-10-12,26.9,30.41818181818182,24.318181818181817,32.20909090909091,35.63636363636363,29.481818181818184,1.9545454545454544,1.9545454545454544,0.0,7.909090909090909,86.0909090909091,12.227272727272728,26.281818181818185,16.03272727272727,1010.2272727272727,90.0909090909091,24.181818181818183,0.0,3.382727272727273,18.6796,105.68129999999998,9.177272727272728,11.77818181818182,10,41,51,12,1970-01-21 08:57:28.189090909,1970-01-21 08:58:10.587272727,Thu,,,
Nghệ An,Bắc Trung Bộ,2025-10-13,25.827272727272728,28.9,24.145454545454548,31.10909090909091,34.336363636363636,28.936363636363637,16.972727272727273,16.972727272727273,0.0,17.818181818181817,90.27272727272728,11.845454545454546,26.20909090909091,11.97181818181818,1010.6272727272728,96.36363636363636,24.036363636363635,0.0,2.4536363636363636,18.6796,105.68129999999998,6.785454545454545,11.761818181818182,10,42,63,2,1970-01-21 08:58:54.616363636,1970-01-21 08:59:36.960000000,Thu,,,
Nghệ An,Bắc Trung Bộ,2025-10-14,25.127272727272725,28.045454545454547,23.463636363636365,30.345454545454547,33.42727272727273,27.936363636363637,27.645454545454548,27.645454545454548,0.0,20.09090909090909,92.1818181818182,9.872727272727271,22.78181818181818,10.192727272727272,1010.8,99.27272727272728,23.69090909090909,0.0,2.100909090909091,18.6796,105.68129999999998,2.9572727272727275,11.746363636363638,10,42,63,206,1970-01-21 09:00:21.032727272,1970-01-21 09:01:03.310909091,Thu,,,
Nghệ An,Bắc Trung Bộ,2025-10-15,25.50909090909091,28.636363636363637,23.963636363636365,30.772727272727273,34.26363636363636,29.10909090909091,15.172727272727274,15.172727272727274,0.0,18.09090909090909,90.72727272727272,11.845454545454546,26.345454545454547,10.85,1011.4909090909092,93.9090909090909,23.80909090909091,0.0,2.230909090909091,18.6796,105.68129999999998,4.124545454545455,11.728181818181817,10,42,63,37,1970-01-21 09:01:47.449090909,1970-01-21 09:02:29.667272727,Thu,,,
Nghệ An,Bắc Trung Bộ,2025-10-16,26.018181818181816,29.58181818181818,23.6,30.818181818181817,34.43636363636364,27.6,4.7727272727272725,4.7727272727272725,0.0,14.181818181818182,88.0,13.672727272727274,29.79090909090909,14.957272727272729,1012.7818181818184,80.9090909090909,23.79090909090909,0.0,3.0645454545454545,18.6796,105.68129999999998,8.336363636363636,11.711818181818185,10,42,61,353,1970-01-21 09:03:13.870909091,1970-01-21 09:03:56.029090909,Thu,,,
Nghệ An,Bắc Trung Bộ,2025-10-17,25.92727272727273,29.254545454545458,23.836363636363636,30.49090909090909,34.054545454545455,28.018181818181816,5.636363636363637,5.636363636363637,0.0,17.181818181818183,88.18181818181819,14.8,32.06363636363636,14.857272727272727,1013.2545454545452,87.36363636363636,23.7,0.0,3.030909090909091,18.6796,105.68129999999998,9.539090909090907,11.694545454545452,10,42,53,1,1970-01-21 09:04:40.292727272,1970-01-21 09:05:22.390909091,Thu,,,
Nghệ An,Bắc Trung Bộ,2025-10-18,25.318181818181817,28.5,23.40909090909091,29.654545454545453,33.0,27.20909090909091,9.054545454545456,9.054545454545456,0.0,16.272727272727273,89.45454545454545,16.30909090909091,34.300000000000004,14.9,1012.7090909090908,64.27272727272727,23.38181818181818,0.0,2.924545454545455,18.6796,105.68129999999998,9.42,11.676363636363636,10,42,63,1,1970-01-21 09:06:06.703636363,1970-01-21 09:06:48.747272727,Thu,,,
Nghệ An,Bắc Trung Bộ,2025-10-19,25.2,29.2,22.754545454545458,29.363636363636363,33.95454545454545,26.2,18.172727272727272,18.172727272727272,0.0,18.545454545454547,89.0,17.554545454545455,37.68181818181818,16.740000000000002,1012.0454545454544,65.81818181818181,23.11818181818182,0.0,3.3072727272727276,18.6796,105.68129999999998,9.311818181818182,11.663636363636364,10,42,63,1,1970-01-21 09:07:33.114545454,1970-01-21 09:08:15.092727272,Thu,,,
Nghệ An,Bắc Trung Bộ,2025-10-20,25.44545454545454,28.818181818181817,22.963636363636365,28.19090909090909,30.60909090909091,26.063636363636363,19.136363636363637,19.136363636363637,0.0,17.272727272727273,82.81818181818181,27.563636363636363,52.690909090909095,15.544545454545457,1012.4363636363636,64.27272727272727,22.136363636363637,0.0,3.4518181818181817,18.6796,105.68129999999998,9.344545454545454,11.644545454545456,10,43,63,23,1970-01-21 09:08:59.541818181,1970-01-21 09:09:41.470909091,Thu,,,
Nghệ An,Bắc Trung Bộ,2025-10-21,25.172727272727272,27.727272727272727,22.61818181818182,25.672727272727272,27.79090909090909,23.154545454545453,7.218181818181819,7.218181818181819,0.0,7.090909090909091,69.27272727272727,26.9,51.21818181818182,14.824545454545454,1014.318181818182,77.72727272727273,18.945454545454545,0.0,4.36090909090909,18.6796,105.68129999999998,8.286363636363637,11.626363636363635,10,43,51,1,1970-01-21 09:10:25.963636363,1970-01-21 09:11:07.821818181,Thu,,,
Nghệ An,Bắc Trung Bộ,2025-10-22,23.236363636363635,25.063636363636363,20.318181818181817,21.936363636363637,23.92727272727273,19.818181818181817,2.7454545454545456,2.7454545454545456,0.0,4.818181818181818,64.81818181818181,28.29090909090909,52.91818181818182,8.501818181818182,1016.1636363636364,100.0,16.081818181818182,0.0,3.77,18.6796,105.68129999999998,1.7945454545454544,11.613636363636363,10,43,61,1,1970-01-21 09:11:52.380000000,1970-01-21 09:12:34.172727272,Thu,,,
Nghệ An,Bắc Trung Bộ,2025-10-23,19.6,21.172727272727272,18.336363636363636,18.854545454545455,20.145454545454545,17.7,14.036363636363635,14.036363636363635,0.0,20.454545454545453,84.72727272727273,26.50909090909091,47.154545454545456,4.167272727272728,1017.7,100.0,16.88181818181818,0.0,1.5554545454545454,18.6796,105.68129999999998,0.0018181818181818,11.596363636363636,10,43,61,338,1970-01-21 09:13:18.801818181,1970-01-21 09:14:00.550909091,Thu,,,
Nghệ An,Bắc Trung Bộ,2025-10-24,20.345454545454547,22.145454545454545,18.30909090909091,20.30909090909091,22.254545454545458,17.863636363636363,4.309090909090909,4.309090909090909,0.0,11.0,81.45454545454545,21.245454545454542,37.92727272727273,5.530909090909091,1017.8727272727272,100.0,16.972727272727273,0.0,1.7381818181818185,18.6796,105.68129999999998,0.08,11.578181818181818,10,43,55,326,1970-01-21 09:14:45.223636363,1970-01-21 09:15:26.907272727,Thu,,,
Nghệ An,Bắc Trung Bộ,2025-10-25,22.57272727272727,24.972727272727273,20.545454545454547,23.59090909090909,26.345454545454547,20.88181818181818,1.6363636363636365,1.6363636363636365,0.0,5.090909090909091,75.0909090909091,17.954545454545453,34.163636363636364,7.25,1016.318181818182,99.45454545454544,17.90909090909091,0.0,2.2372727272727273,18.6796,105.68129999999998,1.1309090909090909,11.563636363636364,10,43,51,336,1970-01-21 09:16:11.650909091,1970-01-21 09:16:53.274545454,Thu,,,
Nghệ An,Bắc Trung Bộ,2025-10-26,23.863636363636363,26.42727272727273,21.818181818181817,25.463636363636365,27.57272727272727,23.436363636363637,1.6727272727272726,1.6727272727272726,0.0,7.181818181818182,76.54545454545455,20.1,38.39090909090908,9.076363636363636,1015.9454545454544,95.72727272727272,19.38181818181818,0.0,2.560909090909091,18.6796,105.68129999999998,2.5445454545454544,11.546363636363637,10,43,51,1,1970-01-21 09:17:38.072727272,1970-01-21 09:18:19.636363636,Thu,,,
Nghệ An,Bắc Trung Bộ,2025-10-27,23.518181818181816,25.481818181818184,22.181818181818183,25.327272727272728,27.09090909090909,23.73636363636364,6.3090909090909095,6.3090909090909095,0.0,10.454545454545457,79.45454545454545,18.71818181818182,34.10909090909091,4.931818181818182,1016.4090909090908,99.63636363636364,19.636363636363637,0.0,1.7763636363636364,18.6796,105.68129999999998,0.0172727272727272,11.53,10,44,53,355,1970-01-21 09:19:04.489090909,1970-01-21 09:19:45.987272727,Thu,,,
Nghệ An,Bắc Trung Bộ,2025-10-28,23.7,25.49090909090909,21.990909090909092,25.372727272727275,26.69090909090909,23.636363636363637,4.1000000000000005,4.1000000000000005,0.0,10.363636363636363,78.81818181818181,20.345454545454547,37.46363636363637,5.857272727272728,1016.2545454545452,99.9090909090909,19.62727272727273,0.0,2.021818181818182,18.6796,105.68129999999998,0.8481818181818181,11.514545454545454,10,44,51,7,1970-01-21 09:20:30.916363636,1970-01-21 09:21:12.370909091,Thu,,,
Nghệ An,Bắc Trung Bộ,2025-10-29,23.936363636363637,25.654545454545453,22.009090909090908,25.73636363636364,27.727272727272727,23.472727272727273,6.281818181818181,6.281818181818181,0.0,10.454545454545457,80.0909090909091,20.89090909090909,39.10909090909091,6.799090909090908,1014.8,99.27272727272728,20.181818181818183,0.0,2.1436363636363636,18.6796,105.68129999999998,1.2854545454545454,11.498181818181818,10,44,63,14,1970-01-21 09:21:57.332727272,1970-01-21 09:22:38.727272727,Thu,,,
Nghệ An,Bắc Trung Bộ,2025-10-30,23.663636363636364,24.88181818181818,22.318181818181817,26.88181818181818,28.76363636363636,24.645454545454548,60.27272727272727,60.27272727272727,0.0,24.0,94.63636363636364,20.554545454545455,36.96363636363637,4.418181818181818,1013.8636363636364,100.0,22.71818181818182,0.0,1.02,18.6796,105.68129999999998,0.0945454545454545,11.484545454545454,10,44,63,2,1970-01-21 09:23:23.754545454,1970-01-21 09:24:05.110909091,Thu,,,
Nghệ An,Bắc Trung Bộ,2025-10-31,23.681818181818183,24.70909090909091,22.8,27.10909090909091,28.863636363636363,25.463636363636365,69.7090909090909,69.7090909090909,0.0,24.0,95.36363636363636,20.818181818181817,38.29090909090909,4.473636363636364,1014.6545454545457,100.0,22.89090909090909,0.0,1.0063636363636363,18.6796,105.68129999999998,0.0063636363636363,11.46818181818182,10,44,63,17,1970-01-21 09:24:50.187272727,1970-01-21 09:25:31.467272727,Thu,,,
Nghệ An,Bắc Trung Bộ,2025-11-01,22.472727272727273,23.481818181818184,21.12727272727273,25.027272727272727,27.463636363636365,22.445454545454545,96.28181818181817,96.28181818181817,0.0,24.0,94.72727272727272,21.0,37.40909090909091,2.911818181818182,1015.4909090909092,100.0,21.57272727272727,0.0,0.7736363636363636,18.6796,105.68129999999998,0.0,11.452727272727271,11,44,65,13,1970-01-21 09:26:16.609090909,1970-01-21 09:26:57.850909091,Thu,,,
Nghệ An,Bắc Trung Bộ,2025-11-02,21.80909090909091,22.772727272727273,21.027272727272727,22.945454545454545,24.5,21.79090909090909,39.45454545454545,39.45454545454545,0.0,19.272727272727273,89.18181818181819,22.59090909090909,39.17272727272727,3.274545454545455,1015.7909090909092,100.0,19.9,0.0,1.1336363636363638,18.6796,105.68129999999998,0.0,11.438181818181818,11,44,53,354,1970-01-21 09:27:43.036363636,1970-01-21 09:28:24.207272727,Thu,,,
Nghệ An,Bắc Trung Bộ,2025-11-03,20.136363636363637,21.418181818181814,18.87272727272727,20.37272727272727,21.89090909090909,18.954545454545453,38.42727272727273,38.42727272727273,0.0,21.818181818181817,90.0909090909091,23.41818181818182,41.73636363636364,3.208181818181818,1015.9272727272728,100.0,18.42727272727273,0.0,1.0254545454545454,18.6796,105.68129999999998,0.0,11.422727272727274,11,45,63,290,1970-01-21 09:29:09.469090909,1970-01-21 09:29:50.590909091,Thu,,,
Nghệ An,Bắc Trung Bộ,2025-11-04,19.736363636363635,21.018181818181816,18.318181818181817,19.863636363636363,21.545454545454547,18.20909090909091,10.71818181818182,10.71818181818182,0.0,16.727272727272727,85.45454545454545,21.490909090909092,39.28181818181818,5.628181818181819,1016.6545454545457,100.0,17.181818181818183,0.0,1.4463636363636363,18.6796,105.68129999999998,0.3,11.408181818181818,11,45,63,308,1970-01-21 09:30:35.896363636,1970-01-21 09:31:16.958181818,Thu,,,
Nghệ An,Bắc Trung Bộ,2025-11-05,21.754545454545458,23.8,19.636363636363637,23.145454545454545,25.58181818181818,20.40909090909091,0.4545454545454545,0.4545454545454545,0.0,3.0,79.81818181818181,14.681818181818182,28.92727272727273,7.468181818181819,1013.9545454545456,99.9090909090909,18.10909090909091,0.0,1.8681818181818184,18.6796,105.68129999999998,1.257272727272727,11.394545454545456,11,45,3,308,1970-01-21 09:32:02.318181818,1970-01-21 09:32:43.336363636,Thu,,,
Nghệ An,Bắc Trung Bộ,2025-11-06,22.845454545454547,24.94545454545454,20.94545454545454,25.036363636363635,26.854545454545452,22.636363636363637,0.9545454545454546,0.9545454545454546,0.0,4.545454545454546,84.0,16.181818181818183,30.845454545454547,6.86090909090909,1012.2090909090908,98.0909090909091,19.963636363636365,0.0,1.7027272727272729,18.6796,105.68129999999998,1.671818181818182,11.38,11,45,51,340,1970-01-21 09:33:28.750909091,1970-01-21 09:34:09.714545454,Thu,,,
Nghệ An,Bắc Trung Bộ,2025-11-07,23.527272727272727,25.09090909090909,22.254545454545458,25.55454545454546,28.4,23.50909090909091,31.59090909090909,31.59090909090909,0.0,22.545454545454547,92.54545454545456,28.6,52.26363636363636,5.267272727272727,1009.6,97.1818181818182,22.21818181818182,0.0,1.2381818181818185,18.6796,105.68129999999998,0.13,11.366363636363635,11,45,63,12,1970-01-21 09:34:55.178181818,1970-01-21 09:35:36.087272727,Thu,,,
Nghệ An,Bắc Trung Bộ,2025-11-08,25.981818181818184,29.536363636363635,23.50909090909091,30.781818181818185,34.74545454545454,27.30909090909091,5.509090909090909,5.509090909090909,0.0,9.363636363636363,89.18181818181819,17.345454545454547,33.35454545454545,16.12909090909091,1011.1545454545457,59.09090909090909,23.981818181818184,0.0,3.194545454545455,18.6796,105.68129999999998,10.062727272727273,11.35,11,45,61,96,1970-01-21 09:36:21.605454545,1970-01-21 09:37:02.476363636,Thu,,,
Nghệ An,Bắc Trung Bộ,2025-11-09,25.58181818181818,28.42727272727273,23.836363636363636,30.827272727272728,33.56363636363636,28.954545454545453,5.2727272727272725,5.2727272727272725,0.0,11.636363636363637,90.45454545454544,12.918181818181818,26.145454545454548,12.861818181818183,1011.618181818182,69.72727272727273,23.836363636363636,0.0,2.557272727272727,18.6796,105.68129999999998,9.600909090909092,11.338181818181818,11,45,55,101,1970-01-21 09:37:48.038181818,1970-01-21 09:38:28.849090909,Thu,,,
Nghệ An,Bắc Trung Bộ,2025-11-10,25.518181818181816,28.672727272727272,23.827272727272728,30.38181818181818,33.79090909090909,28.60909090909091,4.209090909090909,4.209090909090909,0.0,15.272727272727272,89.81818181818181,16.018181818181816,31.55454545454546,13.159999999999998,1010.4090909090908,82.0909090909091,23.645454545454548,0.0,2.6154545454545453,18.6796,105.68129999999998,8.638181818181819,11.322727272727272,11,46,53,56,1970-01-21 09:39:14.470909091,1970-01-21 09:39:55.227272727,Thu,,,
Nghệ An,Bắc Trung Bộ,2025-11-11,24.90909090909091,26.99090909090909,23.654545454545453,28.272727272727273,30.0,26.345454545454547,4.245454545454546,4.245454545454546,0.0,13.0,85.81818181818181,20.772727272727273,39.83636363636363,8.843636363636364,1011.2545454545452,98.9090909090909,22.30909090909091,0.0,2.102727272727273,18.6796,105.68129999999998,4.09909090909091,11.31,11,46,51,58,1970-01-21 09:40:40.898181818,1970-01-21 09:41:21.616363636,Thu,,,
Nghệ An,Bắc Trung Bộ,2025-11-12,22.60909090909091,23.92727272727273,20.954545454545453,24.781818181818185,27.163636363636364,22.818181818181817,6.872727272727272,6.872727272727272,0.0,11.272727272727272,83.72727272727273,16.772727272727273,30.254545454545458,4.718181818181818,1014.7,94.27272727272728,19.61818181818182,0.0,1.3563636363636364,18.6796,105.68129999999998,0.1109090909090909,11.29818181818182,11,46,61,20,1970-01-21 09:42:07.330909091,1970-01-21 09:42:48.005454545,Thu,,,
Nghệ An,Bắc Trung Bộ,2025-11-13,22.19090909090909,25.745454545454542,19.61818181818182,23.681818181818183,27.172727272727272,21.363636363636363,2.6727272727272724,2.6727272727272724,0.0,5.090909090909091,76.0909090909091,15.418181818181818,29.42727272727273,10.096363636363636,1017.4727272727272,57.27272727272727,17.59090909090909,0.0,2.362727272727273,18.6796,105.68129999999998,5.175454545454546,11.282727272727271,11,46,51,359,1970-01-21 09:43:33.763636363,1970-01-21 09:44:14.372727272,Thu,,,
Nghệ An,Bắc Trung Bộ,2025-11-14,21.727272727272727,26.09090909090909,18.09090909090909,22.554545454545455,26.472727272727273,18.918181818181814,0.0909090909090909,0.0909090909090909,0.0,0.4545454545454545,72.45454545454545,19.29090909090909,38.56363636363636,16.771818181818183,1017.3727272727272,15.181818181818182,16.20909090909091,0.0,3.5454545454545454,18.6796,105.68129999999998,10.863636363636363,11.27,11,46,51,7,1970-01-21 09:45:00.201818181,1970-01-21 09:45:40.761818181,Thu,,,
Nghệ An,Bắc Trung Bộ,2025-11-15,21.827272727272728,24.727272727272727,18.318181818181817,22.87272727272727,25.563636363636363,19.172727272727272,0.9636363636363636,0.9636363636363636,0.0,2.727272727272727,78.45454545454545,21.57272727272727,41.10909090909091,8.355454545454545,1018.6090909090908,64.81818181818181,17.7,0.0,2.2045454545454546,18.6796,105.68129999999998,4.541818181818182,11.258181818181818,11,46,3,355,1970-01-21 09:46:26.629090909,1970-01-21 09:47:07.156363636,Thu,,,
Nghệ An,Bắc Trung Bộ,2025-11-16,21.963636363636365,23.3,21.027272727272727,23.536363636363635,25.00909090909091,22.081818181818186,21.745454545454542,21.745454545454542,0.0,19.90909090909091,86.72727272727273,21.045454545454547,36.78181818181818,3.3018181818181818,1018.7727272727273,99.9090909090909,19.59090909090909,0.0,1.1418181818181816,18.6796,105.68129999999998,0.0,11.242727272727272,11,46,63,0,1970-01-21 09:47:53.061818181,1970-01-21 09:48:33.545454545,Thu,,,
Nghệ An,Bắc Trung Bộ,2025-11-17,22.418181818181814,23.527272727272727,21.60909090909091,24.4,25.754545454545458,23.336363636363636,32.10909090909091,32.10909090909091,0.0,22.636363636363637,92.1818181818182,21.363636363636363,37.13636363636363,2.861818181818182,1018.3363636363636,100.0,21.027272727272727,0.0,0.8936363636363637,18.6796,105.68129999999998,0.0,11.230909090909092,11,47,63,337,1970-01-21 09:49:19.494545454,1970-01-21 09:49:59.929090909,Thu,,,
Nghệ An,Bắc Trung Bộ,2025-11-18,21.29090909090909,23.29090909090909,16.854545454545455,21.5,24.91818181818182,14.354545454545455,18.018181818181816,18.018181818181816,0.0,22.363636363636363,88.9090909090909,35.76363636363636,63.56363636363637,4.861818181818181,1020.6181818181816,100.0,19.345454545454547,0.0,1.4490909090909092,18.6796,105.68129999999998,0.5072727272727273,11.22,11,47,63,15,1970-01-21 09:50:45.921818181,1970-01-21 09:51:26.312727272,Thu,,,
Nghệ An,Bắc Trung Bộ,2025-11-19,15.636363636363637,17.60909090909091,13.78181818181818,12.981818181818182,14.845454545454546,10.80909090909091,14.409090909090908,14.409090909090908,0.0,14.909090909090908,77.81818181818181,28.59090909090909,50.654545454545456,5.493636363636363,1025.8545454545454,99.72727272727272,11.636363636363637,0.0,1.7199999999999998,18.6796,105.68129999999998,0.6227272727272727,11.21,11,47,61,2,1970-01-21 09:52:12.360000000,1970-01-21 09:52:52.701818181,Thu,,,
Nghệ An,Bắc Trung Bộ,2025-11-20,17.38181818181818,20.40909090909091,15.20909090909091,15.590909090909092,18.518181818181816,13.109090909090908,1.518181818181818,1.518181818181818,0.0,5.545454545454546,67.27272727272727,20.672727272727272,39.23636363636364,9.387272727272729,1024.1181818181817,70.9090909090909,10.981818181818182,0.0,2.520909090909091,18.6796,105.68129999999998,4.872727272727273,11.198181818181816,11,47,51,3,1970-01-21 09:53:38.798181818,1970-01-21 09:54:19.096363636,Thu,,,
Nghệ An,Bắc Trung Bộ,2025-11-21,19.09090909090909,22.8,15.945454545454544,17.663636363636364,21.20909090909091,14.20909090909091,0.0,0.0,0.0,0.0,61.45454545454545,19.081818181818186,37.3,14.617272727272727,1023.2727272727273,52.54545454545455,11.3,0.0,3.4718181818181817,18.6796,105.68129999999998,9.586363636363636,11.186363636363636,11,47,3,346,1970-01-21 09:55:05.230909091,1970-01-21 09:55:45.496363636,Thu,,,
Nghệ An,Bắc Trung Bộ,2025-11-22,20.036363636363635,23.50909090909091,16.563636363636363,19.40909090909091,22.60909090909091,15.518181818181818,0.0,0.0,0.0,0.0,65.0,16.900000000000002,33.54545454545455,12.175454545454546,1020.7727272727273,85.0909090909091,13.136363636363637,0.0,2.9818181818181815,18.6796,105.68129999999998,7.840000000000001,11.174545454545454,11,47,3,3,1970-01-21 09:56:31.669090909,1970-01-21 09:57:11.896363636,Thu,,,
Nghệ An,Bắc Trung Bộ,2025-11-23,20.236363636363635,24.20909090909091,17.254545454545454,20.545454545454547,24.29090909090909,16.599999999999998,0.0,0.0,0.0,0.0,73.45454545454545,15.409090909090908,30.20909090909091,9.484545454545454,1019.2,48.54545454545455,15.172727272727274,0.0,2.3018181818181818,18.6796,105.68129999999998,5.585454545454545,11.164545454545454,11,47,3,313,1970-01-21 09:57:58.101818181,1970-01-21 09:58:38.296363636,Thu,,,
Nghệ An,Bắc Trung Bộ,2025-11-24,21.554545454545455,25.00909090909091,17.663636363636364,21.972727272727273,25.027272727272727,18.39090909090909,0.0,0.0,0.0,0.0,70.54545454545455,17.427272727272726,34.68181818181818,12.197272727272724,1019.2181818181816,84.81818181818181,15.672727272727274,0.0,2.9472727272727273,18.6796,105.68129999999998,5.475454545454546,11.154545454545454,11,48,3,355,1970-01-21 09:59:24.534545454,1970-01-21 10:00:04.696363636,Thu,,,
Nghệ An,Bắc Trung Bộ,2025-11-25,20.990909090909092,24.0,17.7,19.981818181818184,22.918181818181814,17.20909090909091,0.0181818181818181,0.0181818181818181,0.0,0.1818181818181818,62.09090909090909,23.57272727272727,45.3,14.536363636363635,1020.2727272727273,73.27272727272727,13.20909090909091,0.0,3.7118181818181815,18.6796,105.68129999999998,8.626363636363637,11.144545454545456,11,48,3,15,1970-01-21 10:00:50.961818181,1970-01-21 10:01:31.096363636,Thu,,,
Nghệ An,Bắc Trung Bộ,2025-11-26,19.136363636363637,23.118181818181817,16.136363636363637,18.5,22.2,15.163636363636364,0.2909090909090909,0.2909090909090909,0.0,1.2727272727272727,69.18181818181819,18.5,36.872727272727275,15.366363636363635,1019.581818181818,65.81818181818181,13.11818181818182,0.0,3.1900000000000004,18.6796,105.68129999999998,9.696363636363635,11.134545454545457,11,48,3,5,1970-01-21 10:02:17.400000000,1970-01-21 10:02:57.496363636,Thu,,,
Nghệ An,Bắc Trung Bộ,2025-11-27,19.145454545454545,23.045454545454547,15.80909090909091,16.80909090909091,19.60909090909091,13.672727272727274,0.0,0.0,0.0,0.0,56.72727272727273,28.254545454545458,54.06363636363637,18.276363636363637,1022.3909090909092,69.0909090909091,9.709090909090907,0.0,4.403636363636363,18.6796,105.68129999999998,10.700909090909091,11.126363636363635,11,48,3,1,1970-01-21 10:03:43.843636363,1970-01-21 10:04:23.896363636,Thu,,,
Nghệ An,Bắc Trung Bộ,2025-11-28,18.272727272727273,23.245454545454542,14.245454545454544,16.645454545454545,21.28181818181818,12.20909090909091,0.0,0.0,0.0,0.0,57.45454545454545,17.527272727272727,34.9,18.081818181818186,1018.6727272727272,65.36363636363636,9.21818181818182,0.0,3.882727272727273,18.6796,105.68129999999998,10.338181818181818,11.116363636363635,11,48,3,351,1970-01-21 10:05:10.281818181,1970-01-21 10:05:50.296363636,Thu,,,
Nghệ An,Bắc Trung Bộ,2025-11-29,18.136363636363637,23.627272727272725,13.381818181818184,17.727272727272727,23.8,11.754545454545456,0.0,0.0,0.0,0.0,67.27272727272727,12.081818181818182,25.127272727272725,17.91,1015.6090909090908,33.45454545454545,11.618181818181816,0.0,3.3881818181818177,18.6796,105.68129999999998,10.69090909090909,11.11,11,48,3,325,1970-01-21 10:06:36.714545454,1970-01-21 10:07:16.696363636,Thu,,,
Nghệ An,Bắc Trung Bộ,2025-11-30,20.009090909090908,24.94545454545454,15.70909090909091,20.89090909090909,26.218181818181815,15.463636363636365,0.0,0.0,0.0,0.0,74.9090909090909,11.663636363636364,24.7,16.970909090909092,1013.7818181818184,21.454545454545453,15.072727272727274,0.0,3.2,18.6796,105.68129999999998,10.227272727272728,11.1,11,48,3,5,1970-01-21 10:08:03.141818181,1970-01-21 10:08:43.101818181,Thu,,,
Nghệ An,Bắc Trung Bộ,2025-12-01,20.9,23.518181818181816,18.581818181818186,22.945454545454545,25.981818181818184,20.145454545454545,0.8181818181818182,0.8181818181818182,0.0,5.181818181818182,87.54545454545455,12.245454545454544,23.672727272727272,5.339090909090909,1014.2181818181816,90.72727272727272,18.70909090909091,0.0,1.2381818181818185,18.6796,105.68129999999998,0.2509090909090909,11.090909090909092,12,49,51,323,1970-01-21 10:09:29.590909091,1970-01-21 10:10:09.512727272,Đông,,,
Nghệ An,Bắc Trung Bộ,2025-12-02,22.61818181818182,26.754545454545458,19.90909090909091,25.754545454545458,29.972727272727273,22.672727272727272,0.0,0.0,0.0,0.0,88.72727272727273,15.854545454545455,31.30909090909091,14.166363636363634,1013.3272727272728,57.81818181818182,20.518181818181816,0.0,2.638181818181818,18.6796,105.68129999999998,9.631818181818184,11.082727272727272,12,49,3,86,1970-01-21 10:10:56.029090909,1970-01-21 10:11:35.929090909,Đông,,,
Nghệ An,Bắc Trung Bộ,2025-12-03,22.28181818181818,25.11818181818182,20.490909090909092,24.40909090909091,26.936363636363637,22.563636363636363,2.963636363636364,2.963636363636364,0.0,11.727272727272728,88.63636363636364,23.10909090909091,43.96363636363637,14.155454545454546,1017.6363636363636,57.27272727272727,20.227272727272727,0.0,2.558181818181818,18.6796,105.68129999999998,9.64,11.076363636363636,12,49,53,21,1970-01-21 10:12:22.461818181,1970-01-21 10:13:02.340000000,Đông,,,
Nghệ An,Bắc Trung Bộ,2025-12-04,21.21818181818182,22.69090909090909,20.10909090909091,22.7,24.018181818181816,21.454545454545453,1.0,1.0,0.0,6.181818181818182,84.72727272727273,16.927272727272726,32.481818181818184,5.240909090909091,1018.9545454545456,88.27272727272727,18.472727272727273,0.0,1.3927272727272728,18.6796,105.68129999999998,0.1781818181818182,11.07,12,49,51,13,1970-01-21 10:13:48.900000000,1970-01-21 10:14:28.756363636,Đông,,,
Nghệ An,Bắc Trung Bộ,2025-12-05,21.10909090909091,22.545454545454547,20.09090909090909,22.727272727272727,24.336363636363636,21.481818181818184,6.2272727272727275,6.2272727272727275,0.0,15.818181818181818,91.0909090909091,18.254545454545458,33.809090909090905,4.837272727272727,1019.5545454545456,96.8181818181818,19.581818181818186,0.0,1.0854545454545454,18.6796,105.68129999999998,1.160909090909091,11.06090909090909,12,49,61,8,1970-01-21 10:15:15.338181818,1970-01-21 10:15:55.156363636,Đông,,,
Nghệ An,Bắc Trung Bộ,2025-12-06,21.10909090909091,23.527272727272727,19.027272727272727,22.754545454545458,24.818181818181817,20.6,3.1545454545454548,3.1545454545454548,0.0,10.090909090909092,85.9090909090909,16.10909090909091,31.6,10.316363636363636,1018.6272727272728,73.72727272727273,18.563636363636363,0.0,2.0636363636363635,18.6796,105.68129999999998,7.061818181818182,11.054545454545456,12,49,53,25,1970-01-21 10:16:41.776363636,1970-01-21 10:17:21.567272727,Đông,,,
Nghệ An,Bắc Trung Bộ,2025-12-07,20.954545454545453,24.518181818181816,18.09090909090909,23.281818181818185,27.018181818181816,20.4,2.0818181818181816,2.0818181818181816,0.0,7.727272727272728,89.0909090909091,16.78181818181818,32.89090909090909,13.36818181818182,1017.918181818182,71.0909090909091,18.972727272727273,0.0,2.4263636363636363,18.6796,105.68129999999998,8.976363636363637,11.05,12,49,51,20,1970-01-21 10:18:08.214545454,1970-01-21 10:18:47.994545454,Đông,,,
Nghệ An,Bắc Trung Bộ,2025-12-08,20.727272727272727,23.563636363636363,18.636363636363637,21.945454545454545,23.645454545454548,19.8,2.8000000000000003,2.8000000000000003,0.0,11.636363636363637,84.72727272727273,20.07272727272727,40.11818181818182,11.233636363636364,1019.5090909090908,67.0909090909091,17.945454545454545,0.0,2.2454545454545456,18.6796,105.68129999999998,8.373636363636363,11.042727272727271,12,50,53,23,1970-01-21 10:19:34.641818181,1970-01-21 10:20:14.416363636,Đông,,,
Nghệ An,Bắc Trung Bộ,2025-12-09,20.063636363636363,22.881818181818183,17.8,21.418181818181814,23.672727272727272,18.972727272727273,1.7272727272727273,1.7272727272727273,0.0,8.454545454545455,85.0909090909091,13.7,28.94545454545454,9.827272727272726,1018.7545454545452,83.27272727272727,17.318181818181817,0.0,1.9645454545454544,18.6796,105.68129999999998,6.820909090909091,11.03818181818182,12,50,51,7,1970-01-21 10:21:01.080000000,1970-01-21 10:21:40.816363636,Đông,,,
Nghệ An,Bắc Trung Bộ,2025-12-10,21.20909090909091,24.745454545454542,18.272727272727273,22.936363636363637,26.08181818181818,19.7,0.0181818181818181,0.0181818181818181,0.0,0.1818181818181818,83.9090909090909,13.481818181818182,27.181818181818183,11.45181818181818,1017.581818181818,81.36363636363636,18.200000000000003,0.0,2.2899999999999996,18.6796,105.68129999999998,7.803636363636364,11.032727272727271,12,50,3,349,1970-01-21 10:22:27.523636363,1970-01-21 10:23:07.238181818,Đông,,,
Nghệ An,Bắc Trung Bộ,2025-12-11,21.172727272727272,22.536363636363635,20.418181818181814,23.363636363636363,24.636363636363637,22.30909090909091,7.427272727272728,7.427272727272728,0.0,18.545454545454547,92.0,15.927272727272726,30.2,3.4990909090909095,1017.2727272727273,100.0,19.79090909090909,0.0,0.8663636363636363,18.6796,105.68129999999998,0.0,11.03,12,50,53,355,1970-01-21 10:23:53.956363636,1970-01-21 10:24:33.660000000,Đông,,,
Nghệ An,Bắc Trung Bộ,2025-12-12,21.71818181818182,24.627272727272725,19.818181818181817,24.327272727272728,27.454545454545453,21.818181818181817,1.3636363636363635,1.3636363636363635,0.0,6.7272727272727275,87.9090909090909,11.227272727272728,21.69090909090909,7.755454545454546,1015.5545454545456,89.0909090909091,19.545454545454547,0.0,1.6318181818181818,18.6796,105.68129999999998,2.4036363636363633,11.024545454545454,12,50,51,341,1970-01-21 10:25:20.394545454,1970-01-21 10:26:00.076363636,Đông,,,
Nghệ An,Bắc Trung Bộ,2025-12-13,21.845454545454547,25.1,19.40909090909091,24.40909090909091,28.5,19.081818181818186,28.981818181818184,28.981818181818184,0.0,16.0,93.72727272727272,29.76363636363636,54.88181818181818,6.917272727272728,1016.9363636363636,94.9090909090909,20.763636363636365,0.0,1.3927272727272728,18.6796,105.68129999999998,2.6990909090909088,11.02090909090909,12,50,63,24,1970-01-21 10:26:46.821818181,1970-01-21 10:27:26.487272727,Đông,,,
Nghệ An,Bắc Trung Bộ,2025-12-14,17.509090909090908,19.336363636363636,16.354545454545455,16.827272727272728,18.963636363636365,15.409090909090908,16.827272727272728,16.827272727272728,0.0,16.545454545454547,85.9090909090909,24.981818181818184,44.29090909090909,4.083636363636364,1021.6363636363636,99.36363636363636,15.063636363636364,0.0,1.1272727272727272,18.6796,105.68129999999998,0.0,11.018181818181818,12,50,63,5,1970-01-21 10:28:13.254545454,1970-01-21 10:28:52.920000000,Đông,,,
Nghệ An,Bắc Trung Bộ,2025-12-15,18.92727272727273,21.645454545454545,16.472727272727273,19.181818181818183,22.20909090909091,15.963636363636365,0.0818181818181818,0.0818181818181818,0.0,0.8181818181818182,77.0909090909091,13.136363636363637,26.345454545454547,7.81,1019.3454545454543,97.54545454545456,14.727272727272728,0.0,1.8318181818181816,18.6796,105.68129999999998,1.5045454545454546,11.016363636363636,12,51,3,330,1970-01-21 10:29:39.681818181,1970-01-21 10:30:19.336363636,Đông,,,
Nghệ An,Bắc Trung Bộ,2025-12-16,20.363636363636363,22.61818181818182,18.11818181818182,21.863636363636363,24.0,18.954545454545453,2.563636363636364,2.563636363636364,0.0,8.363636363636363,85.0909090909091,12.854545454545455,25.08181818181818,5.9736363636363645,1017.6454545454544,99.45454545454544,17.754545454545454,0.0,1.3809090909090909,18.6796,105.68129999999998,0.8536363636363636,11.012727272727274,12,51,53,351,1970-01-21 10:31:06.120000000,1970-01-21 10:31:45.769090909,Đông,,,
Nghệ An,Bắc Trung Bộ,2025-12-17,20.69090909090909,21.954545454545453,19.918181818181814,22.21818181818182,23.41818181818182,20.87272727272727,16.88181818181818,16.88181818181818,0.0,18.0,91.72727272727272,21.0,39.40909090909091,5.098181818181818,1019.181818181818,98.0909090909091,19.29090909090909,0.0,1.0972727272727274,18.6796,105.68129999999998,0.7463636363636365,11.010909090909092,12,51,63,14,1970-01-21 10:32:32.547272727,1970-01-21 10:33:12.196363636,Đông,,,
Nghệ An,Bắc Trung Bộ,2025-12-18,20.745454545454542,23.663636363636364,18.70909090909091,22.21818181818182,24.781818181818185,20.163636363636364,1.3363636363636362,1.3363636363636362,0.0,6.636363636363637,84.0909090909091,15.754545454545456,32.11818181818182,13.06,1018.5363636363636,52.81818181818182,17.80909090909091,0.0,2.4727272727272727,18.6796,105.68129999999998,8.91909090909091,11.01,12,51,51,12,1970-01-21 10:33:58.980000000,1970-01-21 10:34:38.607272727,Đông,,,
Nghệ An,Bắc Trung Bộ,2025-12-19,20.181818181818183,24.88181818181818,16.900000000000002,21.990909090909092,27.036363636363635,18.42727272727273,0.0,0.0,0.0,0.0,84.27272727272727,11.927272727272726,24.55454545454546,16.756363636363634,1014.9454545454544,19.454545454545453,17.081818181818182,0.0,3.020909090909091,18.6796,105.68129999999998,10.0,11.008181818181818,12,51,3,1,1970-01-21 10:35:25.412727272,1970-01-21 10:36:05.056363636,Đông,,,
Nghệ An,Bắc Trung Bộ,2025-12-20,20.71818181818182,24.70909090909091,17.463636363636365,22.763636363636365,27.11818181818182,19.081818181818186,1.0,1.0,0.0,2.5454545454545454,88.54545454545455,14.136363636363637,28.672727272727272,13.234545454545456,1015.118181818182,55.18181818181818,18.6,0.0,2.4,18.6796,105.68129999999998,8.853636363636364,11.008181818181818,12,51,3,4,1970-01-21 10:36:51.840000000,1970-01-21 10:37:31.467272727,Đông,,,
Nghệ An,Bắc Trung Bộ,2025-12-21,21.39090909090909,24.29090909090909,19.28181818181818,23.44545454545454,25.781818181818185,20.93636363636363,5.081818181818182,5.081818181818182,0.0,12.090909090909092,88.72727272727273,16.745454545454546,33.64545454545455,10.248181818181818,1017.1363636363636,67.81818181818181,19.318181818181817,0.0,1.963636363636364,18.6796,105.68129999999998,7.550909090909091,11.008181818181818,12,51,55,4,1970-01-21 10:38:18.278181818,1970-01-21 10:38:57.910909091,Đông,,,
Nghệ An,Bắc Trung Bộ,2025-12-22,22.236363636363635,25.527272727272727,19.936363636363637,24.772727272727273,28.472727272727273,22.327272727272728,1.0818181818181818,1.0818181818181818,0.0,6.181818181818182,86.36363636363636,11.936363636363636,23.272727272727273,12.786363636363635,1015.2272727272727,51.72727272727273,19.736363636363635,0.0,2.4472727272727273,18.6796,105.68129999999998,9.039090909090907,11.008181818181818,12,52,51,32,1970-01-21 10:39:44.705454545,1970-01-21 10:40:24.327272727,Đông,,,
Nghệ An,Bắc Trung Bộ,2025-12-23,22.1,25.40909090909091,19.37272727272727,24.981818181818184,27.80909090909091,22.39090909090909,1.2090909090909092,1.2090909090909092,0.0,6.909090909090909,88.72727272727273,14.80909090909091,29.981818181818184,11.879090909090907,1013.8545454545456,42.72727272727273,20.07272727272727,0.0,2.2763636363636364,18.6796,105.68129999999998,9.125454545454543,11.008181818181818,12,52,51,120,1970-01-21 10:41:11.138181818,1970-01-21 10:41:50.776363636,Đông,,,
Nghệ An,Bắc Trung Bộ,2025-12-24,22.554545454545455,26.41818181818182,19.827272727272728,25.57272727272727,28.863636363636363,22.981818181818184,0.5727272727272728,0.5727272727272728,0.0,3.4545454545454546,88.45454545454545,14.345454545454546,29.254545454545458,14.36818181818182,1012.9727272727272,36.27272727272727,20.345454545454544,0.0,2.712727272727273,18.6796,105.68129999999998,8.987272727272726,11.008181818181818,12,52,51,112,1970-01-21 10:42:37.560000000,1970-01-21 10:43:17.198181818,Đông,,,
Nghệ An,Bắc Trung Bộ,2025-12-25,19.19090909090909,21.272727272727273,17.40909090909091,19.181818181818183,24.627272727272725,15.863636363636363,9.536363636363635,9.536363636363635,0.0,12.909090909090908,82.63636363636364,28.545454545454547,51.190909090909095,3.5472727272727274,1018.3090909090909,93.72727272727272,16.009090909090908,0.0,1.267272727272727,18.6796,105.68129999999998,0.039090909090909,11.01,12,52,61,5,1970-01-21 10:44:03.998181818,1970-01-21 10:44:43.636363636,Đông,,,
Nghệ An,Bắc Trung Bộ,2025-12-26,17.645454545454545,19.654545454545453,15.30909090909091,16.572727272727274,18.536363636363635,14.345454545454546,2.4545454545454546,2.4545454545454546,0.0,4.0,68.45454545454545,16.918181818181818,32.67272727272727,7.796363636363637,1020.1181818181816,80.81818181818181,11.581818181818182,0.0,2.1281818181818184,18.6796,105.68129999999998,3.1509090909090904,11.010909090909092,12,52,51,19,1970-01-21 10:45:30.420000000,1970-01-21 10:46:10.069090909,Đông,,,
Nghệ An,Bắc Trung Bộ,2025-12-27,17.763636363636365,21.272727272727273,14.28181818181818,17.48181818181818,21.09090909090909,13.5,0.1272727272727272,0.1272727272727272,0.0,1.0,77.18181818181819,16.30909090909091,32.17272727272727,9.80909090909091,1019.1363636363636,89.36363636363636,13.572727272727274,0.0,2.055454545454545,18.6796,105.68129999999998,5.36090909090909,11.012727272727274,12,52,3,6,1970-01-21 10:46:56.841818181,1970-01-21 10:47:36.496363636,Đông,,,
Nghệ An,Bắc Trung Bộ,2025-12-28,19.181818181818183,21.636363636363637,17.10909090909091,19.80909090909091,22.2,17.2,0.8454545454545456,0.8454545454545456,0.0,4.454545454545454,80.27272727272727,13.21818181818182,26.6,9.12,1018.2545454545452,79.9090909090909,15.609090909090908,0.0,1.8781818181818184,18.6796,105.68129999999998,5.8518181818181825,11.016363636363636,12,52,51,335,1970-01-21 10:48:23.280000000,1970-01-21 10:49:02.934545454,Đông,,,
Nghệ An,Bắc Trung Bộ,2025-12-29,20.2,24.336363636363636,16.654545454545453,21.663636363636364,25.518181818181816,18.07272727272727,0.1181818181818181,0.1181818181818181,0.0,1.181818181818182,82.81818181818181,14.336363636363636,28.345454545454547,13.86181818181818,1015.4636363636364,47.63636363636363,16.963636363636365,0.0,2.590909090909091,18.6796,105.68129999999998,9.8,11.02,12,1,3,89,1970-01-21 10:49:49.701818181,1970-01-21 10:50:29.356363636,Đông,,,
Nghệ An,Bắc Trung Bộ,2025-12-30,20.59090909090909,23.69090909090909,17.990909090909092,22.61818181818182,25.42727272727273,20.07272727272727,1.2636363636363637,1.2636363636363637,0.0,8.0,87.0,12.463636363636365,25.827272727272728,12.795454545454543,1014.381818181818,49.0,18.181818181818183,0.0,2.3572727272727274,18.6796,105.68129999999998,9.406363636363636,11.022727272727272,12,1,51,103,1970-01-21 10:51:16.123636363,1970-01-21 10:51:55.805454545,Đông,,,
Nghệ An,Bắc Trung Bộ,2025-12-31,21.2,25.536363636363635,18.009090909090908,23.081818181818186,27.254545454545458,20.20909090909091,0.1636363636363636,0.1636363636363636,0.0,1.4545454545454546,85.18181818181819,15.936363636363636,30.5,13.182727272727272,1011.818181818182,85.63636363636364,18.39090909090909,0.0,2.5645454545454545,18.6796,105.68129999999998,8.757272727272728,11.026363636363635,12,1,51,130,1970-01-21 10:52:42.540000000,1970-01-21 10:53:22.227272727,Đông,,,
Nghệ An,Bắc Trung Bộ,2026-01-01,21.318181818181817,25.40909090909091,17.545454545454547,23.10909090909091,26.99090909090909,19.436363636363637,1.0636363636363635,1.0636363636363635,0.0,4.454545454545454,84.0,16.10909090909091,31.05454545454546,14.936363636363636,1014.6363636363636,60.45454545454545,18.236363636363635,0.0,2.886363636363636,18.6796,105.68129999999998,9.957272727272729,11.03,1,1,51,93,1970-01-21 10:54:08.961818181,1970-01-21 10:54:48.676363636,Đông,,,
Nghệ An,Bắc Trung Bộ,2026-01-02,19.545454545454547,22.354545454545455,18.009090909090908,19.654545454545453,22.145454545454545,17.37272727272727,15.354545454545455,15.354545454545455,0.0,22.363636363636363,88.72727272727273,25.527272727272727,47.345454545454544,8.974545454545455,1019.7545454545452,86.36363636363636,17.554545454545455,0.0,1.7654545454545456,18.6796,105.68129999999998,5.232727272727273,11.034545454545452,1,1,61,16,1970-01-21 10:55:35.383636363,1970-01-21 10:56:15.109090909,Đông,,,
Nghệ An,Bắc Trung Bộ,2026-01-03,17.754545454545454,19.172727272727272,16.12727272727273,18.0,20.081818181818186,15.445454545454544,19.681818181818183,19.681818181818183,0.0,21.272727272727273,90.36363636363636,20.83636363636364,37.41818181818182,4.128181818181818,1021.1363636363636,99.0909090909091,16.10909090909091,0.0,1.0163636363636364,18.6796,105.68129999999998,0.01,11.04,1,1,63,4,1970-01-21 10:57:01.800000000,1970-01-21 10:57:41.536363636,Đông,,,
Nghệ An,Bắc Trung Bộ,2026-01-04,18.90909090909091,21.963636363636365,16.463636363636365,20.19090909090909,23.40909090909091,17.10909090909091,1.2636363636363637,1.2636363636363637,0.0,6.0,87.81818181818181,11.254545454545454,23.136363636363637,9.271818181818183,1019.2090909090912,82.81818181818181,16.745454545454546,0.0,1.708181818181818,18.6796,105.68129999999998,6.544545454545454,11.044545454545457,1,1,51,3,1970-01-21 10:58:28.221818181,1970-01-21 10:59:07.980000000,Đông,,,
Nghệ An,Bắc Trung Bộ,2026-01-05,19.527272727272727,22.8,17.490909090909092,20.318181818181817,23.627272727272725,17.827272727272728,4.6000000000000005,4.6000000000000005,0.0,15.909090909090908,88.36363636363636,21.2,38.481818181818184,11.164545454545454,1019.8727272727272,88.0,17.436363636363637,0.0,2.111818181818182,18.6796,105.68129999999998,7.6863636363636365,11.05,1,2,55,31,1970-01-21 10:59:54.627272727,1970-01-21 11:00:34.407272727,Đông,,,
Nghệ An,Bắc Trung Bộ,2026-01-06,16.554545454545455,18.436363636363637,14.8,14.88181818181818,17.363636363636363,12.636363636363637,12.509090909090908,12.509090909090908,0.0,15.545454545454543,82.9090909090909,26.518181818181816,48.86363636363637,3.763636363636364,1024.009090909091,100.0,13.518181818181818,0.0,1.3045454545454545,18.6796,105.68129999999998,0.01,11.056363636363637,1,2,51,12,1970-01-21 11:01:21.049090909,1970-01-21 11:02:00.856363636,Đông,,,
Nghệ An,Bắc Trung Bộ,2026-01-07,15.436363636363636,18.19090909090909,12.863636363636363,13.454545454545457,16.19090909090909,10.772727272727272,1.5454545454545454,1.5454545454545454,0.0,4.454545454545454,67.9090909090909,17.7,33.85454545454545,8.403636363636364,1025.7181818181818,69.72727272727273,9.39090909090909,0.0,2.166363636363636,18.6796,105.68129999999998,3.771818181818182,11.062727272727273,1,2,3,317,1970-01-21 11:02:47.460000000,1970-01-21 11:03:27.289090909,Đông,,,
Nghệ An,Bắc Trung Bộ,2026-01-08,15.736363636363636,19.545454545454547,12.536363636363635,14.036363636363635,17.318181818181817,11.036363636363635,0.3909090909090909,0.3909090909090909,0.0,2.090909090909091,67.54545454545455,18.80909090909091,37.7,14.854545454545455,1025.5636363636363,73.36363636363636,9.418181818181818,0.0,2.882727272727273,18.6796,105.68129999999998,9.488181818181818,11.07,1,2,3,346,1970-01-21 11:04:13.876363636,1970-01-21 11:04:53.716363636,Đông,,,
Nghệ An,Bắc Trung Bộ,2026-01-09,15.654545454545454,20.6,11.28181818181818,14.372727272727271,19.854545454545455,9.254545454545454,0.0,0.0,0.0,0.0,69.0,13.263636363636364,27.327272727272728,15.41909090909091,1022.4909090909092,38.36363636363637,9.627272727272729,0.0,2.8718181818181816,18.6796,105.68129999999998,9.96,11.078181818181818,1,2,3,327,1970-01-21 11:05:40.281818181,1970-01-21 11:06:20.170909091,Đông,,,
Nghệ An,Bắc Trung Bộ,2026-01-10,16.472727272727273,21.681818181818183,11.963636363636365,15.863636363636363,21.454545454545453,10.927272727272728,0.0,0.0,0.0,0.0,73.72727272727273,13.21818181818182,26.836363636363636,15.167272727272728,1020.3272727272728,29.0,11.372727272727271,0.0,2.7754545454545454,18.6796,105.68129999999998,10.177272727272728,11.084545454545456,1,2,3,2,1970-01-21 11:07:06.698181818,1970-01-21 11:07:46.603636363,Đông,,,
Nghệ An,Bắc Trung Bộ,2026-01-11,17.263636363636365,21.254545454545458,13.69090909090909,16.990909090909092,20.672727272727272,13.02727272727273,0.6363636363636364,0.6363636363636364,0.0,2.363636363636364,78.72727272727273,15.11818181818182,31.55454545454546,14.73,1022.7090909090908,37.18181818181818,13.272727272727272,0.0,2.6427272727272726,18.6796,105.68129999999998,9.955454545454543,11.090909090909092,1,2,3,1,1970-01-21 11:08:33.109090909,1970-01-21 11:09:13.036363636,Đông,,,
Nghệ An,Bắc Trung Bộ,2026-01-12,17.836363636363636,23.009090909090908,13.681818181818182,18.327272727272728,23.89090909090909,13.518181818181818,0.1,0.1,0.0,0.9090909090909092,81.72727272727273,14.3,28.40909090909091,16.54,1020.0454545454544,53.09090909090909,14.372727272727271,0.0,2.903636363636364,18.6796,105.68129999999998,10.245454545454546,11.1,1,3,3,4,1970-01-21 11:09:59.520000000,1970-01-21 11:10:39.485454545,Đông,,,
Nghệ An,Bắc Trung Bộ,2026-01-13,18.436363636363637,22.263636363636365,15.154545454545454,18.754545454545458,22.1,15.61818181818182,0.0818181818181818,0.0818181818181818,0.0,0.4545454545454545,80.63636363636364,13.61818181818182,28.99090909090909,14.86,1019.2909090909088,19.636363636363637,14.754545454545456,0.0,2.689090909090909,18.6796,105.68129999999998,10.103636363636364,11.11,1,3,2,2,1970-01-21 11:11:25.920000000,1970-01-21 11:12:05.912727272,Đông,,,
Nghệ An,Bắc Trung Bộ,2026-01-14,18.736363636363635,24.23636363636364,13.990909090909092,19.972727272727273,25.954545454545453,14.481818181818182,0.0,0.0,0.0,0.0,84.63636363636364,14.663636363636364,30.00909090909091,17.44090909090909,1015.8363636363636,25.0,15.80909090909091,0.0,3.0700000000000003,18.6796,105.68129999999998,10.166363636363636,11.12,1,3,3,78,1970-01-21 11:12:52.336363636,1970-01-21 11:13:32.356363636,Đông,,,
Nghệ An,Bắc Trung Bộ,2026-01-15,20.536363636363635,24.281818181818185,17.836363636363636,22.645454545454545,26.363636363636363,19.87272727272727,0.6363636363636364,0.6363636363636364,0.0,4.090909090909091,87.36363636363636,13.163636363636364,26.281818181818185,12.856363636363636,1015.618181818182,66.63636363636364,18.19090909090909,0.0,2.3763636363636365,18.6796,105.68129999999998,8.522727272727273,11.13,1,3,51,55,1970-01-21 11:14:18.741818181,1970-01-21 11:14:58.805454545,Đông,,,
Nghệ An,Bắc Trung Bộ,2026-01-16,20.90909090909091,25.527272727272727,17.89090909090909,23.07272727272727,27.88181818181818,20.018181818181816,0.009090909090909,0.009090909090909,0.0,0.0909090909090909,86.9090909090909,15.590909090909092,31.454545454545453,15.69909090909091,1012.6909090909091,47.63636363636363,18.418181818181814,0.0,2.8581818181818184,18.6796,105.68129999999998,9.804545454545456,11.14,1,3,3,108,1970-01-21 11:15:45.141818181,1970-01-21 11:16:25.232727272,Đông,,,
Nghệ An,Bắc Trung Bộ,2026-01-17,21.045454545454547,24.70909090909091,18.063636363636363,23.472727272727273,27.545454545454547,20.418181818181814,0.3363636363636363,0.3363636363636363,0.0,2.727272727272727,89.18181818181819,13.29090909090909,25.954545454545453,10.846363636363636,1011.7363636363636,71.9090909090909,19.045454545454547,0.0,2.0654545454545454,18.6796,105.68129999999998,6.53909090909091,11.15,1,3,51,113,1970-01-21 11:17:11.541818181,1970-01-21 11:17:51.676363636,Đông,,,
Nghệ An,Bắc Trung Bộ,2026-01-18,21.57272727272727,25.5,18.481818181818184,23.863636363636363,28.09090909090909,21.21818181818182,0.2818181818181818,0.2818181818181818,0.0,1.9090909090909092,85.72727272727273,16.581818181818182,32.49090909090909,15.51909090909091,1011.3272727272728,57.09090909090909,18.88181818181818,0.0,2.887272727272727,18.6796,105.68129999999998,9.962727272727273,11.16,1,3,51,119,1970-01-21 11:18:37.941818181,1970-01-21 11:19:18.114545454,Đông,,,
Nghệ An,Bắc Trung Bộ,2026-01-19,21.145454545454545,26.1,17.554545454545455,23.227272727272727,28.145454545454548,19.7,0.0454545454545454,0.0454545454545454,0.0,0.4545454545454545,86.0909090909091,18.07272727272727,35.36363636363637,15.274545454545455,1011.9545454545456,44.18181818181818,18.509090909090908,0.0,2.841818181818182,18.6796,105.68129999999998,9.19090909090909,11.17,1,4,3,110,1970-01-21 11:20:04.341818181,1970-01-21 11:20:44.541818181,Đông,,,
Nghệ An,Bắc Trung Bộ,2026-01-20,21.39090909090909,25.981818181818184,18.2,23.545454545454547,28.172727272727272,20.61818181818182,0.4636363636363636,0.4636363636363636,0.0,3.4545454545454546,87.18181818181819,18.9,36.76363636363636,13.533636363636363,1013.9363636363636,44.63636363636363,18.990909090909092,0.0,2.5681818181818183,18.6796,105.68129999999998,8.498181818181818,11.18,1,4,51,121,1970-01-21 11:21:30.741818181,1970-01-21 11:22:10.996363636,Đông,,,
Nghệ An,Bắc Trung Bộ,2026-01-21,20.981818181818184,24.3,18.990909090909092,22.936363636363637,26.272727272727273,21.07272727272727,3.3272727272727276,3.3272727272727276,0.0,11.727272727272728,87.54545454545455,17.28181818181818,34.85454545454546,13.087272727272728,1017.2181818181816,65.81818181818181,18.69090909090909,0.0,2.411818181818182,18.6796,105.68129999999998,9.06,11.19,1,4,53,90,1970-01-21 11:22:57.141818181,1970-01-21 11:23:37.429090909,Đông,,,
Nghệ An,Bắc Trung Bộ,2026-01-22,16.954545454545453,19.42727272727273,14.6,16.327272727272728,21.20909090909091,12.745454545454544,27.10909090909091,27.10909090909091,0.0,18.727272727272727,86.81818181818181,24.11818181818182,44.27272727272727,4.086363636363637,1021.6909090909091,98.45454545454544,14.627272727272729,0.0,1.0572727272727274,18.6796,105.68129999999998,0.0036363636363636,11.2,1,4,63,1,1970-01-21 11:24:23.541818181,1970-01-21 11:25:03.856363636,Đông,,,
Nghệ An,Bắc Trung Bộ,2026-01-23,15.88181818181818,18.727272727272727,13.627272727272729,14.88181818181818,18.79090909090909,11.627272727272729,0.9,0.9,0.0,4.090909090909091,77.27272727272727,15.636363636363637,29.23636363636364,8.159090909090908,1023.3454545454543,99.8181818181818,11.845454545454546,0.0,1.7763636363636364,18.6796,105.68129999999998,1.668181818181818,11.210909090909093,1,4,3,1,1970-01-21 11:25:49.941818181,1970-01-21 11:26:30.305454545,Đông,,,
Nghệ An,Bắc Trung Bộ,2026-01-24,17.3,19.60909090909091,15.636363636363637,17.581818181818182,20.063636363636363,15.572727272727274,6.118181818181818,6.118181818181818,0.0,10.363636363636363,87.0,15.490909090909092,29.127272727272725,6.065454545454545,1021.1,90.0909090909091,15.090909090909092,0.0,1.2445454545454544,18.6796,105.68129999999998,1.3372727272727274,11.222727272727273,1,4,51,331,1970-01-21 11:27:16.325454545,1970-01-21 11:27:56.721818181,Đông,,,
Nghệ An,Bắc Trung Bộ,2026-01-25,19.29090909090909,24.80909090909091,14.8,20.490909090909092,26.463636363636365,15.645454545454545,0.0,0.0,0.0,0.0,86.27272727272727,18.181818181818183,36.36363636363637,16.344545454545454,1017.1545454545457,40.27272727272727,16.727272727272727,0.0,2.9145454545454546,18.6796,105.68129999999998,9.018181818181818,11.236363636363636,1,4,3,123,1970-01-21 11:28:42.714545454,1970-01-21 11:29:23.176363636,Đông,,,
Nghệ An,Bắc Trung Bộ,2026-01-26,19.918181818181814,24.0,16.745454545454546,21.92727272727273,26.254545454545458,18.57272727272727,0.5909090909090909,0.5909090909090909,0.0,3.727272727272727,89.0,13.663636363636364,27.6,14.327272727272726,1018.4909090909092,52.0,17.918181818181818,0.0,2.57,18.6796,105.68129999999998,8.741818181818182,11.248181818181818,1,5,51,51,1970-01-21 11:30:09.109090909,1970-01-21 11:30:49.598181818,Đông,,,
Nghệ An,Bắc Trung Bộ,2026-01-27,20.236363636363635,23.481818181818184,17.90909090909091,22.154545454545456,24.91818181818182,20.1,1.0272727272727271,1.0272727272727271,0.0,6.0,88.45454545454545,15.47272727272727,31.118181818181817,14.336363636363636,1019.3909090909092,57.54545454545455,18.12727272727273,0.0,2.550909090909091,18.6796,105.68129999999998,9.52909090909091,11.26,1,5,51,42,1970-01-21 11:31:35.498181818,1970-01-21 11:32:16.036363636,Đông,,,
Nghệ An,Bắc Trung Bộ,2026-01-28,19.745454545454542,22.663636363636364,17.463636363636365,21.2,23.818181818181817,18.972727272727273,2.127272727272727,2.127272727272727,0.0,10.181818181818182,87.45454545454545,13.88181818181818,29.94545454545454,13.841818181818182,1019.581818181818,68.27272727272727,17.472727272727273,0.0,2.4481818181818182,18.6796,105.68129999999998,8.92090909090909,11.272727272727272,1,5,53,28,1970-01-21 11:33:01.881818181,1970-01-21 11:33:42.469090909,Đông,,,
Nghệ An,Bắc Trung Bộ,2026-01-29,20.454545454545453,24.92727272727273,17.09090909090909,22.09090909090909,26.9,18.945454545454545,0.0363636363636363,0.0363636363636363,0.0,0.3636363636363636,86.63636363636364,19.07272727272727,36.809090909090905,16.44363636363636,1016.8636363636364,53.09090909090909,17.954545454545453,0.0,2.991818181818182,18.6796,105.68129999999998,9.587272727272726,11.288181818181815,1,5,3,123,1970-01-21 11:34:28.276363636,1970-01-21 11:35:08.901818181,Đông,,,
Nghệ An,Bắc Trung Bộ,2026-01-30,20.80909090909091,25.772727272727273,17.28181818181818,22.945454545454545,28.38181818181818,19.227272727272727,0.0,0.0,0.0,0.0,88.0,16.218181818181815,32.372727272727275,16.045454545454547,1017.0454545454544,52.72727272727273,18.554545454545455,0.0,2.916363636363636,18.6796,105.68129999999998,9.247272727272728,11.3,1,5,3,85,1970-01-21 11:35:54.654545454,1970-01-21 11:36:35.350909091,Đông,,,
Nghệ An,Bắc Trung Bộ,2026-01-31,20.354545454545455,23.20909090909091,18.40909090909091,22.12727272727273,24.818181818181817,20.027272727272727,2.5181818181818185,2.5181818181818185,0.0,8.181818181818182,89.0,20.009090909090908,38.97272727272727,13.148181818181818,1019.8636363636364,68.54545454545455,18.38181818181818,0.0,2.330909090909091,18.6796,105.68129999999998,8.932727272727272,11.312727272727273,1,5,51,42,1970-01-21 11:37:21.049090909,1970-01-21 11:38:01.767272727,Đông,,,
Nghệ An,Bắc Trung Bộ,2026-02-01,19.354545454545455,21.463636363636365,17.763636363636365,20.045454545454547,21.481818181818184,18.681818181818183,2.8272727272727276,2.8272727272727276,0.0,9.727272727272728,86.36363636363636,20.745454545454542,40.40909090909091,11.41090909090909,1021.3,78.36363636363636,16.963636363636365,0.0,2.037272727272727,18.6796,105.68129999999998,6.778181818181818,11.328181818181818,2,5,53,20,1970-01-21 11:38:47.421818181,1970-01-21 11:39:28.216363636,Đông,,,
Nghệ An,Bắc Trung Bộ,2026-02-02,18.92727272727273,20.29090909090909,17.88181818181818,19.07272727272727,20.10909090909091,18.045454545454547,5.290909090909091,5.290909090909091,0.0,15.272727272727272,87.18181818181819,22.09090909090909,41.945454545454545,6.338181818181818,1022.518181818182,90.36363636363636,16.69090909090909,0.0,1.410909090909091,18.6796,105.68129999999998,1.5854545454545452,11.342727272727272,2,6,53,21,1970-01-21 11:40:13.810909091,1970-01-21 11:40:54.638181818,Đông,,,
Nghệ An,Bắc Trung Bộ,2026-02-03,18.57272727272727,20.709090909090907,16.30909090909091,18.945454545454545,20.945454545454545,16.163636363636364,0.1727272727272727,0.1727272727272727,0.0,1.5454545454545454,81.0909090909091,14.490909090909092,29.0,8.021818181818182,1022.5,85.36363636363636,15.145454545454545,0.0,1.7481818181818185,18.6796,105.68129999999998,1.8,11.358181818181816,2,6,51,3,1970-01-21 11:41:40.189090909,1970-01-21 11:42:21.076363636,Đông,,,
Nghệ An,Bắc Trung Bộ,2026-02-04,20.027272727272727,24.718181818181815,16.345454545454547,21.663636363636364,26.436363636363637,17.69090909090909,0.0,0.0,0.0,0.0,86.0,17.39090909090909,34.45454545454545,17.005454545454544,1017.7545454545452,50.90909090909091,17.400000000000002,0.0,3.0136363636363637,18.6796,105.68129999999998,10.64,11.371818181818185,2,6,3,117,1970-01-21 11:43:06.572727272,1970-01-21 11:43:47.509090909,Đông,,,
Nghệ An,Bắc Trung Bộ,2026-02-05,21.481818181818184,26.127272727272725,18.454545454545453,24.045454545454547,30.063636363636363,20.727272727272727,0.0,0.0,0.0,0.0,88.9090909090909,16.818181818181817,33.43636363636364,16.86,1014.3545454545456,46.72727272727273,19.454545454545453,0.0,3.039090909090909,18.6796,105.68129999999998,8.831818181818182,11.386363636363637,2,6,3,104,1970-01-21 11:44:32.956363636,1970-01-21 11:45:13.936363636,Đông,,,
Nghệ An,Bắc Trung Bộ,2026-02-06,22.081818181818186,25.745454545454542,19.88181818181818,25.018181818181816,28.754545454545458,22.963636363636365,0.1181818181818181,0.1181818181818181,0.0,1.0909090909090908,89.9090909090909,15.8,31.518181818181816,14.494545454545454,1013.4454545454544,71.36363636363636,20.19090909090909,0.0,2.6763636363636363,18.6796,105.68129999999998,8.15090909090909,11.4,2,6,51,56,1970-01-21 11:45:59.329090909,1970-01-21 11:46:40.374545454,Đông,,,
Nghệ An,Bắc Trung Bộ,2026-02-07,22.536363636363635,25.245454545454542,20.845454545454547,24.954545454545453,27.545454545454547,23.58181818181818,0.9,0.9,0.0,5.818181818181818,87.9090909090909,15.236363636363636,30.318181818181817,14.658181818181818,1015.3818181818184,65.63636363636364,20.236363636363635,0.0,2.75,18.6796,105.68129999999998,9.976363636363637,11.416363636363636,2,6,51,101,1970-01-21 11:47:25.701818181,1970-01-21 11:48:06.796363636,Đông,,,
Nghệ An,Bắc Trung Bộ,2026-02-08,19.854545454545455,23.536363636363635,15.6,20.33636363636364,24.89090909090909,14.227272727272728,29.23636363636364,29.23636363636364,0.0,23.0,90.8181818181818,29.92727272727273,53.39090909090908,8.82909090909091,1019.2090909090908,92.72727272727272,18.263636363636365,0.0,1.6636363636363638,18.6796,105.68129999999998,5.293636363636363,11.43,2,6,63,42,1970-01-21 11:48:52.074545454,1970-01-21 11:49:33.234545454,Đông,,,
Nghệ An,Bắc Trung Bộ,2026-02-09,16.927272727272726,20.054545454545455,14.609090909090908,16.400000000000002,20.318181818181817,13.02727272727273,3.8818181818181823,3.8818181818181823,0.0,5.363636363636363,81.63636363636364,19.11818181818182,34.300000000000004,9.068181818181818,1019.8454545454543,88.54545454545455,13.654545454545454,0.0,1.8327272727272728,18.6796,105.68129999999998,2.541818181818182,11.446363636363635,2,7,51,324,1970-01-21 11:50:18.452727272,1970-01-21 11:50:59.656363636,Đông,,,
Nghệ An,Bắc Trung Bộ,2026-02-10,19.154545454545453,22.92727272727273,16.345454545454547,20.509090909090908,24.527272727272727,17.263636363636365,0.0363636363636363,0.0363636363636363,0.0,0.3636363636363636,85.81818181818181,12.854545454545455,26.218181818181815,10.975454545454546,1017.8727272727272,88.9090909090909,16.663636363636364,0.0,2.0527272727272727,18.6796,105.68129999999998,5.399090909090909,11.461818181818185,2,7,3,10,1970-01-21 11:51:44.836363636,1970-01-21 11:52:26.094545454,Đông,,,
Nghệ An,Bắc Trung Bộ,2026-02-11,21.10909090909091,23.7,18.963636363636365,23.472727272727273,25.8,21.527272727272727,1.1636363636363638,1.1636363636363638,0.0,6.2727272727272725,90.0909090909091,14.2,27.954545454545453,12.303636363636365,1019.1545454545457,80.0909090909091,19.30909090909091,0.0,2.2409090909090907,18.6796,105.68129999999998,8.145454545454545,11.476363636363637,2,7,51,54,1970-01-21 11:53:11.209090909,1970-01-21 11:53:52.516363636,Đông,,,
Nghệ An,Bắc Trung Bộ,2026-02-12,21.772727272727273,24.49090909090909,19.654545454545453,24.2,26.42727272727273,22.518181818181816,0.6454545454545454,0.6454545454545454,0.0,4.636363636363637,88.27272727272727,15.11818181818182,30.172727272727272,13.565454545454545,1016.9727272727272,70.0909090909091,19.59090909090909,0.0,2.5263636363636364,18.6796,105.68129999999998,9.085454545454546,11.491818181818182,2,7,51,104,1970-01-21 11:54:37.576363636,1970-01-21 11:55:18.949090909,Đông,,,
Nghệ An,Bắc Trung Bộ,2026-02-13,21.836363636363636,24.936363636363637,19.254545454545458,23.954545454545453,27.154545454545453,21.645454545454545,0.5363636363636364,0.5363636363636364,0.0,3.727272727272727,86.36363636363636,17.936363636363637,33.97272727272727,13.72909090909091,1015.1545454545457,55.90909090909091,19.345454545454547,0.0,2.636363636363636,18.6796,105.68129999999998,8.705454545454545,11.506363636363636,2,7,51,118,1970-01-21 11:56:03.949090909,1970-01-21 11:56:45.376363636,Đông,,,
Nghệ An,Bắc Trung Bộ,2026-02-14,21.7,25.7,18.945454545454545,24.063636363636363,28.045454545454547,21.554545454545455,0.1727272727272727,0.1727272727272727,0.0,1.6363636363636365,86.63636363636364,17.363636363636363,33.627272727272725,15.772727272727272,1014.8727272727272,47.09090909090909,19.19090909090909,0.0,2.9654545454545453,18.6796,105.68129999999998,9.864545454545455,11.524545454545454,2,7,51,110,1970-01-21 11:57:30.316363636,1970-01-21 11:58:11.787272727,Đông,,,
Nghệ An,Bắc Trung Bộ,2026-02-15,21.790909090909093,26.063636363636363,18.89090909090909,24.181818181818183,29.027272727272727,21.527272727272727,0.0,0.0,0.0,0.0,85.81818181818181,18.418181818181814,36.17272727272727,18.48272727272727,1013.8636363636364,33.45454545454545,19.172727272727272,0.0,3.3736363636363635,18.6796,105.68129999999998,10.56909090909091,11.538181818181815,2,7,3,129,1970-01-21 11:58:56.689090909,1970-01-21 11:59:38.230909091,Đông,,,
Nghệ An,Bắc Trung Bộ,2026-02-16,21.9,25.936363636363637,18.71818181818182,24.672727272727272,28.6,21.40909090909091,0.1,0.1,0.0,1.0,88.0909090909091,15.4,30.70909090909091,15.097272727272726,1013.7636363636364,55.36363636363637,19.663636363636364,0.0,2.840909090909091,18.6796,105.68129999999998,9.921818181818182,11.554545454545456,2,8,51,76,1970-01-21 12:00:23.056363636,1970-01-21 12:01:04.647272727,Đông,,,
Nghệ An,Bắc Trung Bộ,2026-02-17,22.663636363636364,25.69090909090909,20.972727272727273,25.336363636363636,28.00909090909091,23.69090909090909,4.545454545454546,4.545454545454546,0.0,13.363636363636363,91.1818181818182,20.29090909090909,39.56363636363636,14.021818181818183,1015.7818181818184,77.18181818181819,21.054545454545455,0.0,2.4990909090909095,18.6796,105.68129999999998,8.803636363636365,11.571818181818182,2,8,61,56,1970-01-21 12:01:49.423636363,1970-01-21 12:02:31.080000000,Đông,,,
Nghệ An,Bắc Trung Bộ,2026-02-18,20.881818181818183,22.245454545454542,19.90909090909091,22.418181818181814,24.354545454545452,20.80909090909091,17.29090909090909,17.29090909090909,0.0,22.818181818181817,94.72727272727272,22.88181818181818,41.2,4.998181818181818,1018.6272727272728,98.27272727272728,19.972727272727273,0.0,1.0036363636363637,18.6796,105.68129999999998,0.6609090909090909,11.586363636363636,2,8,63,42,1970-01-21 12:03:15.796363636,1970-01-21 12:03:57.501818181,Đông,,,
Nghệ An,Bắc Trung Bộ,2026-02-19,20.345454545454547,21.936363636363637,19.0,21.672727272727272,23.481818181818184,19.59090909090909,10.990909090909092,10.990909090909092,0.0,21.818181818181817,92.54545454545456,19.21818181818182,35.63636363636363,5.547272727272727,1020.1636363636364,95.63636363636364,19.07272727272727,0.0,1.180909090909091,18.6796,105.68129999999998,0.9027272727272728,11.604545454545454,2,8,61,2,1970-01-21 12:04:42.152727272,1970-01-21 12:05:23.929090909,Đông,,,
Nghệ An,Bắc Trung Bộ,2026-02-20,20.59090909090909,22.42727272727273,19.345454545454547,22.027272727272727,23.772727272727273,20.418181818181814,3.8,3.8,0.0,12.0,88.0,17.79090909090909,32.06363636363636,9.07090909090909,1019.081818181818,85.0,18.445454545454545,0.0,1.7763636363636364,18.6796,105.68129999999998,4.169090909090909,11.623636363636365,2,8,53,44,1970-01-21 12:06:08.509090909,1970-01-21 12:06:50.350909091,Đông,,,
Nghệ An,Bắc Trung Bộ,2026-02-21,21.57272727272727,26.345454545454547,17.963636363636365,24.10909090909091,30.2,20.054545454545455,0.0,0.0,0.0,0.0,87.45454545454545,16.88181818181818,33.22727272727273,18.394545454545455,1010.5636363636364,41.36363636363637,19.254545454545458,0.0,3.3463636363636367,18.6796,105.68129999999998,9.97,11.636363636363637,2,8,3,113,1970-01-21 12:07:34.876363636,1970-01-21 12:08:16.767272727,Đông,,,
Nghệ An,Bắc Trung Bộ,2026-02-22,22.545454545454547,26.55454545454546,19.818181818181817,25.92727272727273,30.636363636363637,22.963636363636365,0.4454545454545455,0.4454545454545455,0.0,2.0,91.8181818181818,14.509090909090908,28.963636363636365,12.340000000000002,1008.9,85.9090909090909,21.036363636363635,0.0,2.352727272727273,18.6796,105.68129999999998,5.746363636363636,11.656363636363636,2,8,51,25,1970-01-21 12:09:01.232727272,1970-01-21 12:09:43.200000000,Đông,,,
Nghệ An,Bắc Trung Bộ,2026-02-23,23.60909090909091,26.30909090909091,21.745454545454542,26.545454545454547,29.481818181818184,24.836363636363636,0.3636363636363636,0.3636363636363636,0.0,2.8181818181818183,87.81818181818181,16.88181818181818,33.45454545454545,13.11909090909091,1009.9545454545456,70.0909090909091,21.37272727272727,0.0,2.5427272727272725,18.6796,105.68129999999998,7.8981818181818175,11.673636363636364,2,9,51,116,1970-01-21 12:10:27.589090909,1970-01-21 12:11:09.616363636,Đông,,,
Nghệ An,Bắc Trung Bộ,2026-02-24,23.372727272727275,26.08181818181818,21.827272727272728,26.89090909090909,29.963636363636365,25.481818181818184,0.8818181818181817,0.8818181818181817,0.0,5.818181818181818,90.54545454545456,14.954545454545457,29.58181818181818,10.033636363636363,1011.2363636363636,79.45454545454545,21.700000000000003,0.0,1.950909090909091,18.6796,105.68129999999998,4.441818181818181,11.688181818181818,2,9,51,116,1970-01-21 12:11:53.956363636,1970-01-21 12:12:36.027272727,Đông,,,
Nghệ An,Bắc Trung Bộ,2026-02-25,22.727272727272727,25.154545454545453,21.327272727272728,25.91818181818182,28.036363636363635,24.636363636363637,2.5636363636363635,2.5636363636363635,0.0,7.181818181818182,89.72727272727273,13.245454545454544,27.327272727272728,11.06,1012.2636363636364,68.72727272727273,20.90909090909091,0.0,2.111818181818182,18.6796,105.68129999999998,5.886363636363637,11.706363636363635,2,9,53,100,1970-01-21 12:13:20.312727272,1970-01-21 12:14:02.465454545,Đông,,,
Nghệ An,Bắc Trung Bộ,2026-02-26,22.8,25.681818181818183,20.69090909090909,26.00909090909091,28.872727272727275,24.10909090909091,0.3909090909090909,0.3909090909090909,0.0,1.9090909090909092,88.0909090909091,13.536363636363635,27.69090909090909,13.181818181818182,1009.918181818182,66.9090909090909,20.60909090909091,0.0,2.541818181818182,18.6796,105.68129999999998,8.434545454545455,11.724545454545456,2,9,3,97,1970-01-21 12:14:46.669090909,1970-01-21 12:15:28.887272727,Đông,,,
Nghệ An,Bắc Trung Bộ,2026-02-27,23.9,27.90909090909091,21.454545454545453,28.09090909090909,32.47272727272727,25.227272727272727,0.3,0.3,0.0,1.818181818181818,90.9090909090909,14.145454545454545,27.69090909090909,13.238181818181818,1007.0727272727272,56.18181818181818,22.2,0.0,2.5863636363636364,18.6796,105.68129999999998,7.467272727272728,11.741818181818182,2,9,51,124,1970-01-21 12:16:13.036363636,1970-01-21 12:16:55.298181818,Đông,,,
Nghệ An,Bắc Trung Bộ,2026-02-28,25.045454545454547,29.38181818181818,22.181818181818183,29.436363636363637,34.46363636363637,26.245454545454542,1.2909090909090908,1.2909090909090908,0.0,3.8181818181818183,88.54545454545455,16.55454545454546,30.936363636363637,17.503636363636364,1005.5727272727272,42.63636363636363,22.8,0.0,3.503636363636363,18.6796,105.68129999999998,9.978181818181818,11.758181818181818,2,9,51,135,1970-01-21 12:17:39.392727272,1970-01-21 12:18:21.730909091,Đông,,,
Nghệ An,Bắc Trung Bộ,2026-03-01,25.981818181818184,30.154545454545453,22.89090909090909,30.681818181818183,35.72727272727273,27.218181818181815,0.1090909090909091,0.1090909090909091,0.0,0.9090909090909092,85.81818181818181,16.181818181818183,30.327272727272728,18.802727272727275,1005.4636363636364,59.81818181818182,23.245454545454542,0.0,3.819090909090909,18.6796,105.68129999999998,10.998181818181818,11.776363636363635,3,9,51,111,1970-01-21 12:19:05.749090909,1970-01-21 12:19:48.147272727,Xuân,,,
Nghệ An,Bắc Trung Bộ,2026-03-02,26.672727272727272,31.92727272727273,22.79090909090909,31.61818181818182,37.75454545454546,27.163636363636364,0.2909090909090909,0.2909090909090909,0.0,1.0,84.0,13.536363636363635,25.57272727272727,18.727272727272727,1006.7272727272727,32.72727272727273,23.354545454545452,0.0,3.926363636363636,18.6796,105.68129999999998,11.096363636363636,11.79181818181818,3,10,3,111,1970-01-21 12:20:32.116363636,1970-01-21 12:21:14.563636363,Xuân,,,
Nghệ An,Bắc Trung Bộ,2026-03-03,23.11818181818182,25.94545454545454,21.29090909090909,25.89090909090909,30.645454545454548,22.990909090909092,6.863636363636363,6.863636363636363,0.0,12.727272727272728,91.1818181818182,25.954545454545453,50.0,7.835454545454545,1011.1,83.36363636363636,21.545454545454547,0.0,1.6390909090909092,18.6796,105.68129999999998,2.152727272727273,11.81,3,10,55,32,1970-01-21 12:21:58.472727272,1970-01-21 12:22:40.985454545,Xuân,,,
Nghệ An,Bắc Trung Bộ,2026-03-04,20.07272727272727,21.227272727272727,19.2,20.70909090909091,22.854545454545455,19.490909090909092,8.018181818181818,8.018181818181818,0.0,14.181818181818182,84.63636363636364,21.863636363636363,37.945454545454545,5.874545454545455,1015.918181818182,98.27272727272728,17.354545454545455,0.0,1.497272727272727,18.6796,105.68129999999998,0.0063636363636363,11.826363636363636,3,10,61,18,1970-01-21 12:23:24.829090909,1970-01-21 12:24:07.407272727,Xuân,,,
Nghệ An,Bắc Trung Bộ,2026-03-05,20.463636363636365,21.981818181818184,19.12727272727273,21.954545454545453,23.527272727272727,20.327272727272728,2.3272727272727276,2.3272727272727276,0.0,10.727272727272728,84.72727272727273,12.963636363636365,25.163636363636364,6.840909090909091,1015.2636363636364,99.45454545454544,17.763636363636365,0.0,1.530909090909091,18.6796,105.68129999999998,0.5872727272727273,11.843636363636364,3,10,53,352,1970-01-21 12:24:51.185454545,1970-01-21 12:25:33.818181818,Xuân,,,
Nghệ An,Bắc Trung Bộ,2026-03-06,20.90909090909091,23.045454545454547,19.69090909090909,22.71818181818182,25.05454545454546,21.227272727272727,7.927272727272728,7.927272727272728,0.0,15.909090909090908,89.63636363636364,16.645454545454545,31.58181818181818,7.1872727272727275,1016.4454545454544,88.63636363636364,19.081818181818186,0.0,1.4945454545454546,18.6796,105.68129999999998,2.149090909090909,11.859999999999998,3,10,53,20,1970-01-21 12:26:17.541818181,1970-01-21 12:27:00.245454545,Xuân,,,
Nghệ An,Bắc Trung Bộ,2026-03-07,22.472727272727273,24.7,20.654545454545453,24.781818181818185,26.754545454545458,23.11818181818182,2.7636363636363637,2.7636363636363637,0.0,11.909090909090908,85.9090909090909,15.52727272727273,30.57272727272727,12.958181818181815,1016.4454545454544,82.81818181818181,19.89090909090909,0.0,2.580909090909091,18.6796,105.68129999999998,6.865454545454545,11.88,3,10,53,70,1970-01-21 12:27:43.892727272,1970-01-21 12:28:26.667272727,Xuân,,,
Nghệ An,Bắc Trung Bộ,2026-03-08,22.88181818181818,26.49090909090909,20.12727272727273,25.036363636363635,28.818181818181817,22.754545454545458,0.2909090909090909,0.2909090909090909,0.0,2.1818181818181817,82.81818181818181,19.3,36.29090909090909,18.82,1016.3090909090909,19.363636363636363,19.59090909090909,0.0,3.68,18.6796,105.68129999999998,10.827272727272726,11.896363636363638,3,10,51,111,1970-01-21 12:29:10.249090909,1970-01-21 12:29:53.067272727,Xuân,,,
Nghệ An,Bắc Trung Bộ,2026-03-09,22.081818181818186,25.045454545454547,19.37272727272727,23.845454545454547,27.41818181818182,18.7,5.218181818181818,5.218181818181818,0.0,16.181818181818183,87.54545454545455,27.163636363636364,47.99090909090909,15.211818181818185,1018.8363636363636,67.36363636363636,19.863636363636363,0.0,2.92,18.6796,105.68129999999998,9.017272727272728,11.913636363636364,3,11,53,37,1970-01-21 12:30:36.600000000,1970-01-21 12:31:19.494545454,Xuân,,,
Nghệ An,Bắc Trung Bộ,2026-03-10,18.80909090909091,20.418181818181814,16.854545454545455,18.236363636363635,20.354545454545455,16.0,3.2363636363636363,3.2363636363636363,0.0,7.454545454545454,76.54545454545455,22.745454545454542,40.60909090909091,7.691818181818181,1022.1363636363636,92.8181818181818,14.463636363636365,0.0,2.0527272727272727,18.6796,105.68129999999998,0.7418181818181818,11.93,3,11,51,6,1970-01-21 12:32:02.956363636,1970-01-21 12:32:45.905454545,Xuân,,,
Nghệ An,Bắc Trung Bộ,2026-03-11,19.78181818181818,22.227272727272727,17.21818181818182,20.472727272727273,23.063636363636363,17.39090909090909,0.3818181818181818,0.3818181818181818,0.0,3.090909090909091,79.54545454545455,14.627272727272729,28.91818181818182,10.680909090909092,1018.4909090909092,91.27272727272728,16.09090909090909,0.0,2.2636363636363637,18.6796,105.68129999999998,3.5009090909090905,11.95,3,11,51,0,1970-01-21 12:33:29.307272727,1970-01-21 12:34:12.327272727,Xuân,,,
Nghệ An,Bắc Trung Bộ,2026-03-12,20.88181818181818,22.681818181818183,19.681818181818183,21.61818181818182,22.89090909090909,20.509090909090908,0.7545454545454546,0.7545454545454546,0.0,3.727272727272727,78.27272727272727,18.481818181818184,35.627272727272725,9.986363636363636,1017.8727272727272,85.72727272727273,16.88181818181818,0.0,2.338181818181818,18.6796,105.68129999999998,3.877272727272727,11.97,3,11,3,36,1970-01-21 12:34:55.652727272,1970-01-21 12:35:38.732727272,Xuân,,,
Nghệ An,Bắc Trung Bộ,2026-03-13,20.6,23.163636363636364,18.9,21.363636363636363,23.454545454545453,19.79090909090909,0.8818181818181817,0.8818181818181817,0.0,4.545454545454546,79.18181818181819,17.61818181818182,34.836363636363636,11.71,1018.9090909090908,77.81818181818181,16.78181818181818,0.0,2.4618181818181815,18.6796,105.68129999999998,5.566363636363636,11.986363636363636,3,11,51,2,1970-01-21 12:36:22.009090909,1970-01-21 12:37:05.160000000,Xuân,,,
Nghệ An,Bắc Trung Bộ,2026-03-14,21.009090909090908,23.70909090909091,19.163636363636364,22.954545454545453,26.29090909090909,20.509090909090908,3.4909090909090907,3.4909090909090907,0.0,8.454545454545455,86.36363636363636,14.4,27.972727272727273,11.69090909090909,1019.1,84.0909090909091,18.581818181818186,0.0,2.2972727272727274,18.6796,105.68129999999998,5.857272727272728,12.0,3,11,53,29,1970-01-21 12:37:48.360000000,1970-01-21 12:38:31.570909091,Xuân,,,
Nghệ An,Bắc Trung Bộ,2026-03-15,21.60909090909091,24.26363636363636,19.4,23.57272727272727,25.8,21.6,3.1636363636363636,3.1636363636363636,0.0,11.727272727272728,86.0,18.736363636363635,37.154545454545456,15.32909090909091,1018.4090909090908,57.09090909090909,19.054545454545455,0.0,2.8536363636363635,18.6796,105.68129999999998,9.738181818181818,12.02,3,11,53,104,1970-01-21 12:39:14.705454545,1970-01-21 12:39:57.987272727,Xuân,,,
Nghệ An,Bắc Trung Bộ,2026-03-16,22.045454545454547,25.60909090909091,18.79090909090909,23.954545454545453,27.827272727272728,21.063636363636363,0.6181818181818182,0.6181818181818182,0.0,3.727272727272727,82.27272727272727,17.78181818181818,34.163636363636364,17.37727272727273,1015.5909090909092,27.363636363636363,18.754545454545458,0.0,3.4272727272727277,18.6796,105.68129999999998,10.786363636363635,12.04,3,12,51,117,1970-01-21 12:40:41.067272727,1970-01-21 12:41:24.392727272,Xuân,,,
Nghệ An,Bắc Trung Bộ,2026-03-17,22.518181818181816,26.23636363636364,18.863636363636363,24.61818181818182,28.563636363636363,21.345454545454547,0.2636363636363636,0.2636363636363636,0.0,2.0,82.81818181818181,18.827272727272728,35.86363636363637,16.758181818181818,1013.5090909090908,24.818181818181817,19.28181818181818,0.0,3.358181818181818,18.6796,105.68129999999998,11.18,12.06,3,12,51,111,1970-01-21 12:42:07.407272727,1970-01-21 12:42:50.820000000,Xuân,,,
Nghệ An,Bắc Trung Bộ,2026-03-18,23.009090909090908,27.30909090909091,19.154545454545453,26.027272727272727,31.045454545454547,21.87272727272727,0.0,0.0,0.0,0.0,86.0909090909091,18.036363636363635,35.64545454545455,18.336363636363636,1013.2272727272727,29.90909090909091,20.445454545454545,0.0,3.4845454545454544,18.6796,105.68129999999998,11.17090909090909,12.074545454545454,3,12,3,119,1970-01-21 12:43:33.758181818,1970-01-21 12:44:17.225454545,Xuân,,,
Nghệ An,Bắc Trung Bộ,2026-03-19,23.8,27.745454545454542,21.23636363636364,27.07272727272727,31.936363636363637,24.61818181818182,0.0909090909090909,0.0909090909090909,0.0,0.8181818181818182,86.81818181818181,18.863636363636363,36.35454545454545,17.06,1012.0272727272728,40.54545454545455,21.345454545454547,0.0,3.303636363636364,18.6796,105.68129999999998,10.254545454545454,12.090000000000002,3,12,3,126,1970-01-21 12:45:00.109090909,1970-01-21 12:45:43.647272727,Xuân,,,
Nghệ An,Bắc Trung Bộ,2026-03-20,23.9,28.3,20.854545454545455,27.76363636363636,33.345454545454544,24.318181818181817,0.209090909090909,0.209090909090909,0.0,0.4545454545454545,89.0909090909091,16.38181818181818,33.14545454545455,17.753636363636364,1011.6545454545457,36.18181818181818,21.863636363636363,0.0,3.3763636363636365,18.6796,105.68129999999998,10.283636363636363,12.109999999999998,3,12,3,70,1970-01-21 12:46:26.465454545,1970-01-21 12:47:10.052727272,Xuân,,,
Nghệ An,Bắc Trung Bộ,2026-03-21,24.063636363636363,26.636363636363637,22.272727272727273,27.272727272727273,29.80909090909091,25.963636363636365,1.8272727272727272,1.8272727272727272,0.0,6.545454545454546,88.81818181818181,19.336363636363636,37.64545454545454,13.91909090909091,1013.4636363636364,62.27272727272727,22.027272727272727,0.0,2.7018181818181817,18.6796,105.68129999999998,8.610909090909091,12.13,3,12,51,103,1970-01-21 12:47:52.810909091,1970-01-21 12:48:36.469090909,Xuân,,,
Nghệ An,Bắc Trung Bộ,2026-03-22,24.3,27.19090909090909,22.145454545454545,27.545454545454547,30.55454545454546,25.872727272727275,0.5181818181818182,0.5181818181818182,0.0,3.4545454545454546,87.27272727272727,19.045454545454547,36.91818181818182,15.748181818181818,1012.4909090909092,51.72727272727273,21.918181818181814,0.0,3.1036363636363635,18.6796,105.68129999999998,9.463636363636365,12.15,3,12,51,120,1970-01-21 12:49:19.167272727,1970-01-21 12:50:02.885454545,Xuân,,,
Nghệ An,Bắc Trung Bộ,2026-03-23,24.5,28.327272727272728,22.38181818181818,28.11818181818182,32.59090909090909,25.954545454545453,0.0727272727272727,0.0727272727272727,0.0,0.4545454545454545,87.27272727272727,17.7,35.42727272727273,16.365454545454543,1011.2818181818184,48.45454545454545,22.154545454545453,0.0,3.22,18.6796,105.68129999999998,10.18909090909091,12.159999999999998,3,13,3,123,1970-01-21 12:50:45.512727272,1970-01-21 12:51:29.307272727,Xuân,,,
Nghệ An,Bắc Trung Bộ,2026-03-24,24.872727272727275,28.44545454545454,22.445454545454545,29.00909090909091,33.32727272727273,26.57272727272727,0.3090909090909091,0.3090909090909091,0.0,1.7272727272727273,88.18181818181819,15.61818181818182,31.518181818181816,15.97909090909091,1010.0272727272728,62.45454545454545,22.7,0.0,3.12909090909091,18.6796,105.68129999999998,10.132727272727273,12.18,3,13,3,107,1970-01-21 12:52:11.863636363,1970-01-21 12:52:55.712727272,Xuân,,,
Nghệ An,Bắc Trung Bộ,2026-03-25,24.91818181818182,27.90909090909091,22.827272727272728,28.70909090909091,32.0,26.745454545454542,0.1272727272727272,0.1272727272727272,0.0,1.0909090909090908,87.54545454545455,18.09090909090909,35.09090909090909,15.282727272727271,1010.7818181818184,51.90909090909091,22.636363636363637,0.0,3.027272727272727,18.6796,105.68129999999998,9.65,12.2,3,13,3,96,1970-01-21 12:53:38.220000000,1970-01-21 12:54:22.129090909,Xuân,,,
Nghệ An,Bắc Trung Bộ,2026-03-26,25.40909090909091,29.518181818181816,23.063636363636363,29.963636363636365,35.627272727272725,27.354545454545452,0.1727272727272727,0.1727272727272727,0.0,0.6363636363636364,88.81818181818181,17.88181818181818,34.82727272727273,18.000909090909094,1009.1545454545457,40.36363636363637,23.30909090909091,0.0,3.5209090909090905,18.6796,105.68129999999998,9.955454545454543,12.21818181818182,3,13,3,124,1970-01-21 12:55:04.565454545,1970-01-21 12:55:48.545454545,Xuân,,,
Nghệ An,Bắc Trung Bộ,2026-03-27,25.536363636363635,29.836363636363636,23.12727272727273,30.70909090909091,36.70909090909091,27.91818181818182,0.0181818181818181,0.0181818181818181,0.0,0.1818181818181818,91.0,16.527272727272727,33.31818181818182,18.13818181818182,1007.681818181818,42.63636363636363,23.854545454545452,0.0,3.521818181818182,18.6796,105.68129999999998,8.813636363636364,12.231818181818182,3,13,3,36,1970-01-21 12:56:30.927272727,1970-01-21 12:57:14.961818181,Xuân,,,
Nghệ An,Bắc Trung Bộ,2026-03-28,25.70909090909091,29.563636363636363,23.481818181818184,30.681818181818183,35.945454545454545,28.10909090909091,0.009090909090909,0.009090909090909,0.0,0.0909090909090909,89.36363636363636,15.045454545454543,30.436363636363637,17.518181818181816,1007.9545454545456,47.18181818181818,23.745454545454542,0.0,3.4490909090909088,18.6796,105.68129999999998,9.437272727272727,12.25,3,13,3,37,1970-01-21 12:57:57.267272727,1970-01-21 12:58:41.372727272,Xuân,,,
Nghệ An,Bắc Trung Bộ,2026-03-29,26.227272727272727,30.727272727272727,23.545454545454547,31.58181818181818,37.41818181818182,28.545454545454547,0.0909090909090909,0.0909090909090909,0.0,0.2727272727272727,90.0,16.70909090909091,34.59090909090909,17.921818181818182,1007.518181818182,42.18181818181818,24.327272727272728,0.0,3.5872727272727274,18.6796,105.68129999999998,8.954545454545455,12.27,3,13,3,74,1970-01-21 12:59:23.612727272,1970-01-21 13:00:07.789090909,Xuân,,,
Nghệ An,Bắc Trung Bộ,2026-03-30,27.7,33.554545454545455,23.29090909090909,32.56363636363636,39.66363636363637,27.663636363636364,0.009090909090909,0.009090909090909,0.0,0.0909090909090909,80.18181818181819,17.11818181818182,29.90909090909091,20.996363636363636,1006.4909090909092,26.363636363636363,23.42727272727273,0.0,4.67,18.6796,105.68129999999998,11.368181818181816,12.288181818181815,3,14,3,86,1970-01-21 13:00:49.963636363,1970-01-21 13:01:34.200000000,Xuân,,,
Nghệ An,Bắc Trung Bộ,2026-03-31,29.40909090909091,36.21818181818182,23.727272727272727,33.154545454545456,40.11818181818182,27.42727272727273,0.0,0.0,0.0,0.0,65.0,17.072727272727274,32.809090909090905,22.150909090909092,1006.1636363636364,43.18181818181818,21.39090909090909,0.0,5.617272727272727,18.6796,105.68129999999998,11.802727272727276,12.303636363636365,3,14,3,184,1970-01-21 13:02:16.320000000,1970-01-21 13:03:00.616363636,Xuân,,,
Nghệ An,Bắc Trung Bộ,2026-04-01,25.07272727272727,26.681818181818183,24.10909090909091,28.41818181818182,30.854545454545452,26.854545454545452,0.890909090909091,0.890909090909091,0.0,4.818181818181818,84.36363636363636,22.11818181818182,43.16363636363637,8.574545454545454,1010.5363636363636,89.72727272727273,22.2,0.0,2.0872727272727274,18.6796,105.68129999999998,0.85,12.32181818181818,4,14,51,44,1970-01-21 13:03:42.670909091,1970-01-21 13:04:27.027272727,Xuân,,,
Nghệ An,Bắc Trung Bộ,2026-04-02,25.94545454545454,29.8,23.718181818181815,30.69090909090909,35.845454545454544,27.981818181818184,0.2909090909090909,0.2909090909090909,0.0,2.090909090909091,87.63636363636364,19.327272727272728,37.07272727272727,19.075454545454548,1009.3363636363636,59.45454545454545,23.60909090909091,0.0,3.7181818181818183,18.6796,105.68129999999998,10.107272727272727,12.340000000000002,4,14,3,98,1970-01-21 13:05:09.021818181,1970-01-21 13:05:53.438181818,Xuân,,,
Nghệ An,Bắc Trung Bộ,2026-04-03,29.036363636363635,35.845454545454544,23.681818181818183,33.75454545454546,41.07272727272727,28.836363636363636,0.0,0.0,0.0,0.0,74.36363636363636,18.663636363636364,35.763636363636365,21.62181818181818,1005.1363636363636,36.27272727272727,23.163636363636364,0.0,5.393636363636364,18.6796,105.68129999999998,10.315454545454545,12.358181818181816,4,14,3,204,1970-01-21 13:06:35.367272727,1970-01-21 13:07:19.849090909,Xuân,,,
Nghệ An,Bắc Trung Bộ,2026-04-04,26.89090909090909,29.60909090909091,24.2,31.57272727272727,35.07272727272727,28.663636363636364,0.2545454545454546,0.2545454545454546,0.0,0.6363636363636364,82.36363636363636,20.11818181818182,40.50909090909091,19.785454545454545,1004.9090909090908,61.18181818181818,23.50909090909091,0.0,3.927272727272728,18.6796,105.68129999999998,11.863636363636363,12.375454545454543,4,14,3,46,1970-01-21 13:08:01.707272727,1970-01-21 13:08:46.270909091,Xuân,,,
Nghệ An,Bắc Trung Bộ,2026-04-05,28.781818181818185,34.57272727272727,24.181818181818183,34.800000000000004,42.58181818181818,29.818181818181817,0.0,0.0,0.0,0.0,80.18181818181819,12.163636363636364,22.61818181818182,21.208181818181817,1003.4454545454544,46.81818181818182,24.518181818181816,0.0,4.794545454545455,18.6796,105.68129999999998,10.38818181818182,12.393636363636364,4,14,3,123,1970-01-21 13:09:28.069090909,1970-01-21 13:10:12.681818181,Xuân,,,
Nghệ An,Bắc Trung Bộ,2026-04-06,30.58181818181818,37.11818181818182,25.07272727272727,34.95454545454545,42.0,29.39090909090909,0.0,0.0,0.0,0.0,64.27272727272727,16.427272727272726,30.636363636363637,22.68,1003.7727272727273,2.1818181818181817,22.418181818181814,0.0,5.782727272727272,18.6796,105.68129999999998,12.0,12.409999999999998,4,15,0,220,1970-01-21 13:10:54.420000000,1970-01-21 13:11:39.092727272,Xuân,,,
Nghệ An,Bắc Trung Bộ,2026-04-07,30.636363636363637,37.39090909090909,24.727272727272727,34.75454545454546,41.77272727272727,28.6,0.0,0.0,0.0,0.0,61.81818181818182,16.099999999999998,29.536363636363635,22.85272727272727,1004.3909090909092,13.818181818181818,21.772727272727273,0.0,5.878181818181818,18.6796,105.68129999999998,12.0,12.42818181818182,4,15,3,219,1970-01-21 13:12:20.770909091,1970-01-21 13:13:05.509090909,Xuân,,,
Nghệ An,Bắc Trung Bộ,2026-04-08,29.92727272727273,36.53636363636364,24.245454545454542,34.02727272727273,42.690909090909095,27.70909090909091,0.0,0.0,0.0,0.0,63.81818181818182,16.827272727272728,29.545454545454547,22.255454545454544,1005.3090909090909,11.727272727272728,21.79090909090909,0.0,5.581818181818182,18.6796,105.68129999999998,12.0,12.445454545454544,4,15,1,187,1970-01-21 13:13:47.127272727,1970-01-21 13:14:31.925454545,Xuân,,,
Nghệ An,Bắc Trung Bộ,2026-04-09,29.9,36.86363636363637,24.345454545454547,34.02727272727273,42.16363636363637,28.44545454545454,0.0,0.0,0.0,0.0,65.9090909090909,18.472727272727273,32.9,22.975454545454543,1005.7818181818184,23.181818181818183,22.0,0.0,5.742727272727273,18.6796,105.68129999999998,12.0,12.463636363636368,4,15,3,141,1970-01-21 13:15:13.467272727,1970-01-21 13:15:58.336363636,Xuân,,,
Nghệ An,Bắc Trung Bộ,2026-04-10,30.49090909090909,37.07272727272727,24.90909090909091,33.76363636363636,40.75454545454546,27.872727272727275,0.0,0.0,0.0,0.0,58.09090909090909,16.599999999999998,31.227272727272727,23.61,1005.2727272727273,0.0,20.654545454545453,0.0,6.297272727272727,18.6796,105.68129999999998,12.0,12.478181818181817,4,15,0,214,1970-01-21 13:16:39.829090909,1970-01-21 13:17:24.752727272,Xuân,,,
Nghệ An,Bắc Trung Bộ,2026-04-11,31.39090909090909,37.518181818181816,26.218181818181815,33.75454545454546,39.78181818181818,28.60909090909091,0.0,0.0,0.0,0.0,51.63636363636363,21.263636363636365,38.72727272727273,23.864545454545453,1003.8818181818184,0.0,19.563636363636363,0.0,6.989090909090908,18.6796,105.68129999999998,12.0,12.495454545454544,4,15,0,209,1970-01-21 13:18:06.185454545,1970-01-21 13:18:51.169090909,Xuân,,,
Nghệ An,Bắc Trung Bộ,2026-04-12,30.036363636363635,36.736363636363635,24.545454545454547,33.54545454545455,41.3,27.163636363636364,0.0,0.0,0.0,0.0,60.54545454545455,16.845454545454547,30.563636363636363,23.84363636363636,1003.2818181818184,0.2727272727272727,21.07272727272727,0.0,6.111818181818182,18.6796,105.68129999999998,12.0,12.513636363636364,4,15,0,146,1970-01-21 13:19:32.536363636,1970-01-21 13:20:17.585454545,Xuân,,,
Nghệ An,Bắc Trung Bộ,2026-04-13,29.50909090909091,35.38181818181818,24.6,34.23636363636364,42.08181818181818,28.254545454545458,0.0,0.0,0.0,0.0,69.0909090909091,15.97272727272727,27.963636363636365,22.707272727272727,1005.1454545454544,3.4545454545454546,22.972727272727273,0.0,5.373636363636364,18.6796,105.68129999999998,12.0,12.52818181818182,4,16,1,119,1970-01-21 13:20:58.887272727,1970-01-21 13:21:43.996363636,Xuân,,,
Nghệ An,Bắc Trung Bộ,2026-04-14,28.9,35.1,23.818181818181817,34.1,42.13636363636363,28.29090909090909,0.0,0.0,0.0,0.0,76.72727272727273,18.2,32.54545454545455,22.722727272727273,1005.6545454545457,4.818181818181818,24.07272727272727,0.0,5.137272727272727,18.6796,105.68129999999998,12.0,12.545454545454543,4,16,1,111,1970-01-21 13:22:25.254545454,1970-01-21 13:23:10.412727272,Xuân,,,
Nghệ An,Bắc Trung Bộ,2026-04-15,28.527272727272727,34.59090909090909,24.1,33.95454545454545,41.88181818181818,28.936363636363637,0.0272727272727272,0.0272727272727272,0.0,0.1818181818181818,81.0909090909091,19.790909090909093,34.85454545454545,22.277272727272727,1004.7272727272727,10.0,24.672727272727272,0.0,4.9372727272727275,18.6796,105.68129999999998,11.908181818181818,12.563636363636364,4,16,1,113,1970-01-21 13:23:51.610909091,1970-01-21 13:24:36.829090909,Xuân,,,
Nghệ An,Bắc Trung Bộ,2026-04-16,28.027272727272727,33.25454545454546,24.254545454545458,33.68181818181818,40.83636363636363,29.07272727272727,0.0,0.0,0.0,0.0,83.72727272727273,20.89090909090909,37.07272727272727,22.75636363636363,1005.6545454545457,15.454545454545457,24.79090909090909,0.0,4.867272727272727,18.6796,105.68129999999998,11.83090909090909,12.58,4,16,3,117,1970-01-21 13:25:17.961818181,1970-01-21 13:26:03.256363636,Xuân,,,
Nghệ An,Bắc Trung Bộ,2026-04-17,26.836363636363636,31.26363636363636,24.563636363636363,32.71818181818182,38.80909090909091,29.745454545454542,2.2181818181818183,2.2181818181818183,0.0,3.4545454545454546,90.8181818181818,20.39090909090909,40.42727272727273,17.69181818181818,1008.2454545454548,60.81818181818182,25.163636363636364,0.0,3.566363636363637,18.6796,105.68129999999998,7.21090909090909,12.595454545454546,4,16,51,21,1970-01-21 13:26:44.307272727,1970-01-21 13:27:29.661818181,Xuân,,,
Nghệ An,Bắc Trung Bộ,2026-04-18,26.045454545454547,28.754545454545458,23.963636363636365,30.754545454545458,33.71818181818182,28.42727272727273,9.736363636363636,9.736363636363636,0.0,13.090909090909092,88.63636363636364,17.981818181818184,35.018181818181816,15.11909090909091,1010.2818181818184,75.72727272727273,23.94545454545454,0.0,3.083636363636364,18.6796,105.68129999999998,7.554545454545454,12.613636363636363,4,16,63,119,1970-01-21 13:28:10.674545454,1970-01-21 13:28:56.072727272,Xuân,,,
Nghệ An,Bắc Trung Bộ,2026-04-19,26.05454545454546,29.372727272727275,24.336363636363636,30.536363636363635,34.06363636363636,28.61818181818182,3.7181818181818183,3.7181818181818183,0.0,6.0,87.0,18.736363636363635,37.67272727272727,16.775454545454547,1009.581818181818,58.36363636363637,23.58181818181818,0.0,3.429090909090909,18.6796,105.68129999999998,8.454545454545455,12.63,4,16,51,121,1970-01-21 13:29:37.030909091,1970-01-21 13:30:22.489090909,Xuân,,,
Nghệ An,Bắc Trung Bộ,2026-04-20,26.26363636363636,29.672727272727272,23.227272727272727,31.08181818181818,35.872727272727275,27.745454545454542,0.1181818181818181,0.1181818181818181,0.0,0.6363636363636364,86.45454545454545,17.663636363636364,31.836363636363636,18.781818181818185,1008.0909090909092,42.18181818181818,23.7,0.0,3.856363636363637,18.6796,105.68129999999998,9.684545454545455,12.645454545454545,4,17,3,130,1970-01-21 13:31:03.387272727,1970-01-21 13:31:48.916363636,Xuân,,,
Nghệ An,Bắc Trung Bộ,2026-04-21,27.845454545454547,32.190909090909095,24.3,33.36363636363637,39.16363636363637,29.527272727272727,0.0,0.0,0.0,0.0,84.0,18.28181818181818,32.9,22.69181818181818,1006.0,48.54545454545455,24.654545454545453,0.0,4.8136363636363635,18.6796,105.68129999999998,11.702727272727271,12.663636363636364,4,17,3,137,1970-01-21 13:32:29.743636363,1970-01-21 13:33:15.332727272,Xuân,,,
Nghệ An,Bắc Trung Bộ,2026-04-22,29.1,34.46363636363637,24.545454545454547,34.85454545454545,41.40909090909091,29.55454545454546,0.009090909090909,0.009090909090909,0.0,0.0909090909090909,79.45454545454545,14.727272727272728,27.645454545454548,23.17909090909091,1004.4363636363636,42.63636363636363,24.727272727272727,0.0,5.1481818181818175,18.6796,105.68129999999998,12.0,12.67818181818182,4,17,3,109,1970-01-21 13:33:56.110909091,1970-01-21 13:34:41.749090909,Xuân,,,
Nghệ An,Bắc Trung Bộ,2026-04-23,26.845454545454547,32.03636363636363,24.963636363636365,32.00909090909091,38.88181818181818,29.0,11.154545454545454,11.154545454545454,0.0,11.0,87.81818181818181,26.663636363636364,57.7,14.325454545454544,1006.181818181818,71.0909090909091,24.6,0.0,2.939090909090909,18.6796,105.68129999999998,6.738181818181818,12.693636363636363,4,17,63,36,1970-01-21 13:35:22.461818181,1970-01-21 13:36:08.160000000,Xuân,,,
Nghệ An,Bắc Trung Bộ,2026-04-24,24.76363636363636,25.88181818181818,24.19090909090909,29.063636363636363,30.90909090909091,27.91818181818182,22.6,22.6,0.0,20.363636363636363,92.0,14.063636363636364,26.045454545454547,6.23,1010.6909090909091,99.54545454545456,23.345454545454547,0.0,1.44,18.6796,105.68129999999998,0.0645454545454545,12.711818181818185,4,17,63,12,1970-01-21 13:36:48.818181818,1970-01-21 13:37:34.581818181,Xuân,,,
Nghệ An,Bắc Trung Bộ,2026-04-25,25.26363636363636,27.49090909090909,23.672727272727272,29.254545454545458,31.827272727272728,27.70909090909091,3.4454545454545453,3.4454545454545453,0.0,11.545454545454543,84.9090909090909,14.663636363636362,30.0,17.462727272727275,1013.5727272727272,87.36363636363636,22.445454545454545,0.0,3.5063636363636363,18.6796,105.68129999999998,8.638181818181819,12.725454545454546,4,17,53,49,1970-01-21 13:38:15.190909091,1970-01-21 13:39:00.998181818,Xuân,,,
Nghệ An,Bắc Trung Bộ,2026-04-26,25.70909090909091,29.2,22.681818181818183,30.23636363636364,34.14545454545455,27.463636363636365,0.5181818181818182,0.5181818181818182,0.0,2.272727272727273,84.36363636363636,13.363636363636363,28.345454545454547,20.42909090909091,1011.3909090909092,78.27272727272727,22.681818181818183,0.0,4.133636363636364,18.6796,105.68129999999998,11.239090909090908,12.741818181818182,4,17,51,122,1970-01-21 13:39:41.541818181,1970-01-21 13:40:27.409090909,Xuân,,,
Nghệ An,Bắc Trung Bộ,2026-04-27,26.73636363636364,30.58181818181818,24.045454545454547,31.89090909090909,37.4,28.863636363636363,0.4454545454545455,0.4454545454545455,0.0,0.8181818181818182,85.63636363636364,13.70909090909091,28.19090909090909,20.716363636363635,1008.0909090909092,51.27272727272727,23.963636363636365,0.0,4.225454545454546,18.6796,105.68129999999998,11.086363636363636,12.758181818181818,4,18,3,133,1970-01-21 13:41:07.909090909,1970-01-21 13:41:53.836363636,Xuân,,,
Nghệ An,Bắc Trung Bộ,2026-04-28,27.58181818181818,32.18181818181818,24.11818181818182,33.43636363636364,39.75454545454546,29.50909090909091,0.1272727272727273,0.1272727272727273,0.0,0.5454545454545454,84.54545454545455,12.318181818181818,26.99090909090909,21.59181818181818,1006.6272727272728,56.54545454545455,24.472727272727273,0.0,4.478181818181818,18.6796,105.68129999999998,11.265454545454546,12.773636363636363,4,18,3,118,1970-01-21 13:42:34.276363636,1970-01-21 13:43:20.252727272,Xuân,,,
Nghệ An,Bắc Trung Bộ,2026-04-29,26.3,28.09090909090909,24.59090909090909,29.018181818181816,31.727272727272727,27.018181818181816,0.1909090909090909,0.1909090909090909,0.0,0.6363636363636364,75.9090909090909,24.6,47.17272727272727,15.216363636363637,1010.6727272727272,83.18181818181819,21.545454545454547,0.0,3.637272727272727,18.6796,105.68129999999998,6.7,12.788181818181815,4,18,3,8,1970-01-21 13:44:00.627272727,1970-01-21 13:44:46.669090909,Xuân,,,
Nghệ An,Bắc Trung Bộ,2026-04-30,24.23636363636364,26.07272727272727,22.61818181818182,26.79090909090909,28.245454545454542,25.481818181818184,2.7818181818181817,2.7818181818181817,0.0,7.272727272727272,77.72727272727273,15.954545454545457,32.13636363636363,10.38818181818182,1014.8272727272728,72.0909090909091,20.036363636363635,0.0,2.5327272727272727,18.6796,105.68129999999998,3.60909090909091,12.803636363636365,4,18,53,17,1970-01-21 13:45:27.010909091,1970-01-21 13:46:13.096363636,Xuân,,,
Nghệ An,Bắc Trung Bộ,2026-05-01,24.527272727272727,27.981818181818184,21.054545454545455,27.79090909090909,32.336363636363636,24.26363636363636,0.0,0.0,0.0,0.0,77.45454545454545,14.136363636363637,27.972727272727273,22.562727272727273,1012.018181818182,75.0909090909091,20.11818181818182,0.0,4.559090909090909,18.6796,105.68129999999998,12.0,12.818181818181818,5,18,3,120,1970-01-21 13:46:53.361818181,1970-01-21 13:47:39.512727272,Xuân,,,
Nghệ An,Bắc Trung Bộ,2026-05-02,26.61818181818182,30.70909090909091,22.318181818181817,31.663636363636364,37.1,26.11818181818182,0.3545454545454545,0.3545454545454545,0.0,1.0,84.36363636363636,13.254545454545456,27.436363636363637,19.700000000000003,1008.6363636363636,93.0909090909091,23.672727272727272,0.0,4.096363636363637,18.6796,105.68129999999998,9.543636363636365,12.831818181818182,5,18,3,115,1970-01-21 13:48:19.734545454,1970-01-21 13:49:05.929090909,Xuân,,,
Nghệ An,Bắc Trung Bộ,2026-05-03,27.07272727272727,31.781818181818185,24.10909090909091,33.02727272727273,40.0,28.827272727272728,20.472727272727273,20.472727272727273,0.0,9.090909090909092,88.54545454545455,16.236363636363635,33.76363636363636,20.425454545454546,1009.0090909090908,58.0,24.9,0.0,4.198181818181818,18.6796,105.68129999999998,10.42,12.847272727272726,5,18,63,18,1970-01-21 13:49:46.096363636,1970-01-21 13:50:32.350909091,Xuân,,,
Nghệ An,Bắc Trung Bộ,2026-05-04,23.88181818181818,25.454545454545453,22.527272727272727,26.5,28.845454545454547,24.49090909090909,29.018181818181816,29.018181818181816,0.0,11.363636363636363,84.72727272727273,19.700000000000003,34.89090909090909,9.24909090909091,1014.3545454545456,98.63636363636364,21.018181818181816,0.0,2.139090909090909,18.6796,105.68129999999998,1.4772727272727273,12.86181818181818,5,19,65,357,1970-01-21 13:51:12.469090909,1970-01-21 13:51:58.772727272,Xuân,,,
Nghệ An,Bắc Trung Bộ,2026-05-05,25.372727272727275,28.20909090909091,22.69090909090909,28.863636363636363,32.25454545454546,25.8,0.0727272727272727,0.0727272727272727,0.0,0.6363636363636364,79.36363636363636,13.836363636363636,27.19090909090909,18.137272727272727,1012.118181818182,64.27272727272727,21.436363636363637,0.0,3.789090909090909,18.6796,105.68129999999998,10.043636363636365,12.877272727272729,5,19,3,38,1970-01-21 13:52:38.836363636,1970-01-21 13:53:25.189090909,Xuân,,,
Nghệ An,Bắc Trung Bộ,2026-05-06,26.645454545454548,30.345454545454547,22.9,31.563636363636363,36.90909090909091,27.227272727272727,0.0363636363636363,0.0363636363636363,0.0,0.1818181818181818,84.72727272727273,17.89090909090909,35.018181818181816,23.575454545454544,1008.7636363636364,20.363636363636363,23.70909090909091,0.0,4.708181818181818,18.6796,105.68129999999998,12.0,12.890000000000002,5,19,3,129,1970-01-21 13:54:05.209090909,1970-01-21 13:54:51.616363636,Xuân,,,
Nghệ An,Bắc Trung Bộ,2026-05-07,27.69090909090909,31.327272727272728,24.845454545454547,33.71818181818182,39.27272727272727,30.063636363636363,6.027272727272727,6.027272727272727,0.0,2.8181818181818183,87.18181818181819,17.30909090909091,33.51818181818182,21.433636363636364,1008.2272727272727,65.0,25.23636363636364,0.0,4.338181818181818,18.6796,105.68129999999998,10.261818181818182,12.901818181818184,5,19,3,16,1970-01-21 13:55:31.576363636,1970-01-21 13:56:18.032727272,Xuân,,,
Nghệ An,Bắc Trung Bộ,2026-05-08,26.036363636363635,28.354545454545452,24.55454545454546,31.027272727272727,34.07272727272727,29.00909090909091,10.50909090909091,10.50909090909091,0.0,17.181818181818183,89.63636363636364,14.78181818181818,29.845454545454547,13.233636363636364,1011.5454545454544,92.45454545454544,24.145454545454548,0.0,2.7163636363636363,18.6796,105.68129999999998,6.005454545454546,12.917272727272728,5,19,61,26,1970-01-21 13:56:57.954545454,1970-01-21 13:57:44.449090909,Xuân,,,
Nghệ An,Bắc Trung Bộ,2026-05-09,25.772727272727273,28.20909090909091,24.127272727272725,30.23636363636364,32.89090909090909,28.70909090909091,11.572727272727272,11.572727272727272,0.0,20.09090909090909,87.9090909090909,17.88181818181818,35.73636363636364,15.88,1013.0909090909092,87.63636363636364,23.50909090909091,0.0,3.2063636363636365,18.6796,105.68129999999998,8.586363636363636,12.93,5,19,63,44,1970-01-21 13:58:24.316363636,1970-01-21 13:59:10.881818181,Xuân,,,
Nghệ An,Bắc Trung Bộ,2026-05-10,26.036363636363635,28.372727272727275,24.00909090909091,30.40909090909091,33.11818181818182,28.73636363636364,4.236363636363636,4.236363636363636,0.0,16.363636363636363,84.9090909090909,16.972727272727273,33.92727272727273,17.505454545454544,1012.8727272727272,82.72727272727273,23.227272727272727,0.0,3.6,18.6796,105.68129999999998,9.294545454545457,12.94181818181818,5,19,53,54,1970-01-21 13:59:50.705454545,1970-01-21 14:00:37.298181818,Xuân,,,
Nghệ An,Bắc Trung Bộ,2026-05-11,26.9,29.727272727272727,24.30909090909091,32.20909090909091,35.75454545454546,29.80909090909091,1.1636363636363638,1.1636363636363638,0.0,7.363636363636363,85.0,14.863636363636363,30.08181818181818,22.26181818181818,1011.3545454545456,67.63636363636364,24.0,0.0,4.475454545454546,18.6796,105.68129999999998,11.825454545454546,12.957272727272729,5,20,51,101,1970-01-21 14:01:17.067272727,1970-01-21 14:02:03.714545454,Xuân,,,
Nghệ An,Bắc Trung Bộ,2026-05-12,27.818181818181817,31.49090909090909,24.954545454545453,33.64545454545455,38.17272727272727,30.872727272727275,0.6545454545454545,0.6545454545454545,0.0,2.1818181818181817,85.72727272727273,16.37272727272727,33.46363636363637,21.791818181818183,1007.9454545454544,84.45454545454545,25.09090909090909,0.0,4.419090909090909,18.6796,105.68129999999998,11.895454545454545,12.97,5,20,51,129,1970-01-21 14:02:43.456363636,1970-01-21 14:03:30.141818181,Xuân,,,
Nghệ An,Bắc Trung Bộ,2026-05-13,28.863636363636363,32.85454545454545,25.663636363636364,35.70909090909091,41.20909090909091,31.73636363636364,1.3636363636363635,1.3636363636363635,0.0,2.8181818181818183,85.0909090909091,11.1,26.045454545454547,21.663636363636364,1004.6272727272728,62.18181818181818,25.954545454545453,0.0,4.608181818181818,18.6796,105.68129999999998,10.55090909090909,12.981818181818182,5,20,51,124,1970-01-21 14:04:09.823636363,1970-01-21 14:04:56.569090909,Xuân,,,
Nghệ An,Bắc Trung Bộ,2026-05-14,30.545454545454547,33.96363636363637,27.5,36.127272727272725,40.154545454545456,32.72727272727273,0.4818181818181818,0.4818181818181818,0.0,1.3636363636363635,71.81818181818181,13.30909090909091,26.70909090909091,19.257272727272724,1003.1727272727272,86.36363636363636,24.654545454545453,0.0,4.8590909090909085,18.6796,105.68129999999998,9.43090909090909,12.997272727272728,5,20,51,164,1970-01-21 14:05:36.196363636,1970-01-21 14:06:22.985454545,Xuân,,,
Nghệ An,Bắc Trung Bộ,2026-05-15,30.91818181818182,34.70909090909091,27.8,36.81818181818182,42.33636363636363,32.60909090909091,1.736363636363636,1.736363636363636,0.0,4.545454545454546,71.81818181818181,14.6,28.73636363636364,21.884545454545453,1003.0272727272728,81.45454545454545,25.027272727272727,0.0,5.338181818181818,18.6796,105.68129999999998,10.16,13.009999999999998,5,20,51,105,1970-01-21 14:07:02.585454545,1970-01-21 14:07:49.401818181,Xuân,,,
Nghệ An,Bắc Trung Bộ,2026-05-16,29.936363636363637,35.154545454545456,26.663636363636364,36.06363636363636,42.14545454545455,31.92727272727273,7.054545454545454,7.054545454545454,0.0,8.363636363636363,79.0909090909091,16.345454545454547,31.0,22.757272727272724,1003.4545454545456,86.0909090909091,25.536363636363635,0.0,5.251818181818181,18.6796,105.68129999999998,11.402727272727274,13.02,5,20,63,224,1970-01-21 14:08:28.952727272,1970-01-21 14:09:15.829090909,Xuân,,,
Nghệ An,Bắc Trung Bộ,2026-05-17,29.181818181818183,32.59090909090909,26.92727272727273,36.28181818181818,40.47272727272727,33.0,8.41818181818182,8.41818181818182,0.0,9.636363636363637,84.81818181818181,11.654545454545454,24.772727272727273,20.251818181818184,1004.3,95.63636363636364,26.19090909090909,0.0,4.346363636363637,18.6796,105.68129999999998,10.043636363636365,13.03181818181818,5,20,63,118,1970-01-21 14:09:55.336363636,1970-01-21 14:10:42.261818181,Xuân,,,
Nghệ An,Bắc Trung Bộ,2026-05-18,28.972727272727273,32.199999999999996,26.681818181818183,35.872727272727275,40.10909090909091,33.154545454545456,4.627272727272727,4.627272727272727,0.0,6.181818181818182,85.45454545454545,12.972727272727274,24.61818181818182,19.88,1004.381818181818,93.36363636363636,26.163636363636364,0.0,4.290909090909091,18.6796,105.68129999999998,10.654545454545454,13.043636363636365,5,21,63,113,1970-01-21 14:11:21.725454545,1970-01-21 14:12:08.678181818,Xuân,,,
Nghệ An,Bắc Trung Bộ,2026-05-19,28.963636363636365,32.41818181818182,26.8,35.68181818181818,40.07272727272727,32.81818181818182,5.127272727272727,5.127272727272727,0.0,6.181818181818182,84.81818181818181,14.7,27.363636363636363,19.264545454545456,1003.7090909090908,98.1818181818182,26.036363636363635,0.0,4.162727272727273,18.6796,105.68129999999998,9.404545454545454,13.055454545454548,5,21,61,117,1970-01-21 14:12:48.092727272,1970-01-21 14:13:35.100000000,Xuân,,,
Nghệ An,Bắc Trung Bộ,2026-05-20,28.08181818181818,31.07272727272727,26.20909090909091,35.0,39.08181818181818,32.690909090909095,12.081818181818182,12.081818181818182,0.0,18.454545454545453,89.0909090909091,9.963636363636365,23.672727272727272,15.275454545454544,1003.8363636363636,96.0,26.05454545454546,0.0,3.253636363636363,18.6796,105.68129999999998,6.619999999999999,13.067272727272728,5,21,61,25,1970-01-21 14:14:14.476363636,1970-01-21 14:15:01.521818181,Xuân,,,
Nghệ An,Bắc Trung Bộ,2026-05-21,29.036363636363635,32.13636363636363,26.654545454545453,35.73636363636364,39.49090909090909,33.02727272727273,7.827272727272727,7.827272727272727,0.0,10.818181818181818,85.0909090909091,12.654545454545454,30.772727272727273,16.490909090909092,1005.7272727272727,98.0909090909091,26.163636363636364,0.0,3.6990909090909088,18.6796,105.68129999999998,7.638181818181818,13.07909090909091,5,21,61,117,1970-01-21 14:15:40.876363636,1970-01-21 14:16:27.949090909,Xuân,,,
Nghệ An,Bắc Trung Bộ,2026-05-22,30.26363636363636,33.872727272727275,27.036363636363635,36.61818181818182,41.46363636363637,33.190909090909095,0.3454545454545454,0.3454545454545454,0.0,1.6363636363636365,76.27272727272727,12.272727272727272,28.42727272727273,22.15818181818182,1006.7909090909092,97.45454545454544,25.41818181818182,0.0,5.112727272727273,18.6796,105.68129999999998,11.610909090909091,13.089090909090908,5,21,51,136,1970-01-21 14:17:07.254545454,1970-01-21 14:17:54.360000000,Xuân,,,
Nghệ An,Bắc Trung Bộ,2026-05-23,31.172727272727272,34.663636363636364,28.281818181818185,36.78181818181818,41.86363636363637,32.945454545454545,0.0636363636363636,0.0636363636363636,0.0,0.5454545454545454,69.81818181818181,14.645454545454545,27.61818181818182,23.55090909090909,1006.4454545454544,64.18181818181819,24.76363636363636,0.0,5.7681818181818185,18.6796,105.68129999999998,11.804545454545456,13.09909090909091,5,21,3,76,1970-01-21 14:18:33.632727272,1970-01-21 14:19:20.781818181,Xuân,,,
Nghệ An,Bắc Trung Bộ,2026-05-24,32.04545454545455,36.63636363636363,28.127272727272725,37.67272727272727,42.70909090909091,33.93636363636364,0.0181818181818181,0.0181818181818181,0.0,0.1818181818181818,66.54545454545455,16.354545454545455,31.745454545454542,25.14636363636364,1006.1727272727272,66.0909090909091,24.58181818181818,0.0,6.345454545454545,18.6796,105.68129999999998,12.034545454545452,13.109090909090908,5,21,3,231,1970-01-21 14:20:00.016363636,1970-01-21 14:20:47.214545454,Xuân,,,
Nghệ An,Bắc Trung Bộ,2026-05-25,32.53636363636364,37.04545454545455,28.245454545454542,37.690909090909095,42.90909090909091,33.68181818181818,0.009090909090909,0.009090909090909,0.0,0.0909090909090909,63.18181818181818,17.863636363636363,35.02727272727273,25.44727272727273,1004.8909090909092,47.81818181818182,24.20909090909091,0.0,6.724545454545455,18.6796,105.68129999999998,12.0,13.117272727272727,5,22,3,197,1970-01-21 14:21:26.416363636,1970-01-21 14:22:13.636363636,Xuân,,,
Nghệ An,Bắc Trung Bộ,2026-05-26,33.06363636363636,37.481818181818184,29.454545454545453,38.18181818181818,43.4,34.43636363636364,0.0727272727272727,0.0727272727272727,0.0,0.5454545454545454,61.27272727272727,17.581818181818182,34.47272727272727,25.832727272727276,1003.6636363636364,3.272727272727273,24.181818181818183,0.0,6.985454545454545,18.6796,105.68129999999998,12.176363636363636,13.125454545454543,5,22,1,119,1970-01-21 14:22:52.816363636,1970-01-21 14:23:40.058181818,Xuân,,,
Nghệ An,Bắc Trung Bộ,2026-05-27,32.52727272727273,36.93636363636364,29.272727272727273,38.46363636363637,43.76363636363636,34.154545454545456,0.2727272727272727,0.2727272727272727,0.0,1.3636363636363635,65.81818181818181,14.88181818181818,29.518181818181816,25.546363636363637,1004.881818181818,17.363636363636363,24.92727272727273,0.0,6.341818181818183,18.6796,105.68129999999998,12.176363636363636,13.135454545454548,5,22,51,202,1970-01-21 14:24:19.200000000,1970-01-21 14:25:06.480000000,Xuân,,,
Nghệ An,Bắc Trung Bộ,2026-05-28,31.718181818181822,35.92727272727273,27.972727272727273,38.28181818181818,43.418181818181814,34.20909090909091,0.1363636363636363,0.1363636363636363,0.0,0.8181818181818182,71.63636363636364,15.981818181818182,32.17272727272727,25.314545454545453,1006.8545454545456,32.0,25.69090909090909,0.0,5.837272727272727,18.6796,105.68129999999998,12.076363636363636,13.143636363636364,5,22,51,102,1970-01-21 14:25:45.589090909,1970-01-21 14:26:32.901818181,Xuân,,,
Nghệ An,Bắc Trung Bộ,2026-05-29,29.6,33.75454545454546,25.73636363636364,36.554545454545455,41.97272727272727,31.063636363636363,7.1,7.1,0.0,12.181818181818182,83.72727272727273,14.427272727272726,30.336363636363636,22.25090909090909,1008.4545454545456,66.54545454545455,26.39090909090909,0.0,4.808181818181819,18.6796,105.68129999999998,10.998181818181818,13.151818181818184,5,22,63,98,1970-01-21 14:27:11.978181818,1970-01-21 14:27:59.329090909,Xuân,,,
Nghệ An,Bắc Trung Bộ,2026-05-30,28.354545454545452,31.8,25.49090909090909,34.17272727272727,37.809090909090905,30.981818181818184,4.781818181818182,4.781818181818182,0.0,10.545454545454543,84.0909090909091,14.754545454545456,31.61818181818182,21.126363636363635,1009.6454545454544,75.27272727272727,25.245454545454542,0.0,4.412727272727273,18.6796,105.68129999999998,11.351818181818182,13.159999999999998,5,22,61,0,1970-01-21 14:28:38.367272727,1970-01-21 14:29:25.756363636,Xuân,,,
Nghệ An,Bắc Trung Bộ,2026-05-31,29.127272727272725,32.50909090909091,25.845454545454547,35.154545454545456,39.45454545454545,31.94545454545454,1.9181818181818184,1.9181818181818184,0.0,8.636363636363637,79.27272727272727,13.936363636363636,29.2,24.741818181818186,1008.8545454545456,22.181818181818183,24.972727272727273,0.0,5.352727272727273,18.6796,105.68129999999998,12.022727272727272,13.16909090909091,5,22,53,93,1970-01-21 14:30:04.761818181,1970-01-21 14:30:52.178181818,Xuân,,,
Nghệ An,Bắc Trung Bộ,2026-06-01,30.42727272727273,34.85454545454545,26.527272727272727,36.481818181818184,42.24545454545454,32.57272727272727,0.0727272727272727,0.0727272727272727,0.0,0.5454545454545454,74.27272727272727,15.981818181818182,31.672727272727272,25.823636363636364,1007.4090909090908,18.0,25.045454545454547,0.0,5.895454545454545,18.6796,105.68129999999998,12.175454545454546,13.175454545454546,6,23,2,125,1970-01-21 14:31:31.156363636,1970-01-21 14:32:18.600000000,Hè,,,
Nghệ An,Bắc Trung Bộ,2026-06-02,30.745454545454542,34.76363636363636,27.036363636363635,37.32727272727273,42.60909090909091,33.60909090909091,0.2181818181818181,0.2181818181818181,0.0,1.6363636363636365,76.72727272727273,16.954545454545453,34.199999999999996,25.59909090909091,1005.2636363636364,11.545454545454543,25.94545454545454,0.0,5.752727272727273,18.6796,105.68129999999998,12.194545454545455,13.181818181818182,6,23,51,123,1970-01-21 14:32:57.556363636,1970-01-21 14:33:45.021818181,Hè,,,
Nghệ An,Bắc Trung Bộ,2026-06-03,31.73636363636364,36.3,27.936363636363637,38.00909090909091,43.309090909090905,34.03636363636363,0.5272727272727272,0.5272727272727272,0.0,1.6363636363636365,71.54545454545455,16.472727272727273,31.936363636363637,25.569999999999997,1002.8,5.090909090909091,25.57272727272727,0.0,6.044545454545454,18.6796,105.68129999999998,12.166363636363638,13.19,6,23,51,124,1970-01-21 14:34:23.956363636,1970-01-21 14:35:11.443636363,Hè,,,
Nghệ An,Bắc Trung Bộ,2026-06-04,32.13636363636363,36.91818181818182,27.69090909090909,37.78181818181818,43.50909090909091,33.06363636363636,1.5,1.5,0.0,4.0,66.72727272727273,16.063636363636363,31.57272727272727,26.00636363636363,1002.1181818181816,29.09090909090909,24.60909090909091,0.0,6.434545454545455,18.6796,105.68129999999998,12.240909090909092,13.197272727272724,6,23,51,135,1970-01-21 14:35:50.356363636,1970-01-21 14:36:37.860000000,Hè,,,
Nghệ An,Bắc Trung Bộ,2026-06-05,31.245454545454542,34.81818181818182,27.563636363636363,36.18181818181818,40.872727272727275,31.954545454545453,2.5545454545454547,2.5545454545454547,0.0,5.2727272727272725,66.27272727272727,16.581818181818182,33.04545454545455,22.240909090909092,1003.6454545454544,63.0,24.045454545454547,0.0,5.653636363636363,18.6796,105.68129999999998,12.17090909090909,13.20181818181818,6,23,53,142,1970-01-21 14:37:16.756363636,1970-01-21 14:38:04.281818181,Hè,,,
Nghệ An,Bắc Trung Bộ,2026-06-06,30.545454545454547,34.28181818181818,26.672727272727272,35.89090909090909,39.81818181818182,32.08181818181818,1.481818181818182,1.481818181818182,0.0,4.090909090909091,72.0,14.990909090909092,33.6,20.91272727272727,1004.4,85.9090909090909,24.536363636363635,0.0,5.13909090909091,18.6796,105.68129999999998,10.995454545454546,13.20909090909091,6,23,53,226,1970-01-21 14:38:43.156363636,1970-01-21 14:39:30.714545454,Hè,,,
Nghệ An,Bắc Trung Bộ,2026-06-07,32.02727272727273,35.518181818181816,28.73636363636364,36.21818181818182,39.18181818181818,33.845454545454544,0.4454545454545455,0.4454545454545455,0.0,2.363636363636364,62.90909090909091,21.28181818181818,40.809090909090905,19.386363636363637,1003.4272727272728,96.54545454545456,23.69090909090909,0.0,5.767272727272727,18.6796,105.68129999999998,10.964545454545457,13.213636363636365,6,23,51,227,1970-01-21 14:40:09.556363636,1970-01-21 14:40:57.120000000,Hè,,,
Nghệ An,Bắc Trung Bộ,2026-06-08,32.49090909090909,36.61818181818182,28.418181818181814,36.07272727272727,40.41818181818182,33.02727272727273,1.3636363636363635,1.3636363636363635,0.0,2.636363636363636,59.18181818181818,23.61818181818182,45.92727272727273,22.343636363636364,1001.8818181818184,93.9090909090909,23.12727272727273,0.0,6.802727272727273,18.6796,105.68129999999998,11.933636363636364,13.22,6,24,3,243,1970-01-21 14:41:35.956363636,1970-01-21 14:42:23.541818181,Hè,,,
Nghệ An,Bắc Trung Bộ,2026-06-09,27.6,29.663636363636364,25.545454545454547,31.49090909090909,34.23636363636364,29.218181818181815,8.727272727272727,8.727272727272727,0.0,10.272727272727272,78.0,18.954545454545453,38.127272727272725,14.652727272727274,1006.1272727272728,98.0909090909091,23.254545454545458,0.0,3.549090909090909,18.6796,105.68129999999998,5.321818181818181,13.223636363636365,6,24,63,356,1970-01-21 14:43:02.356363636,1970-01-21 14:43:49.974545454,Hè,,,
Nghệ An,Bắc Trung Bộ,2026-06-10,26.972727272727273,29.76363636363636,24.536363636363635,31.181818181818183,33.81818181818182,28.39090909090909,14.19090909090909,14.19090909090909,0.0,12.545454545454543,80.63636363636364,14.636363636363637,29.818181818181817,11.845454545454546,1009.2272727272727,99.36363636363636,23.227272727272727,0.0,2.9154545454545455,18.6796,105.68129999999998,3.827272727272728,13.22909090909091,6,24,63,3,1970-01-21 14:44:28.756363636,1970-01-21 14:45:16.380000000,Hè,,,
Nghệ An,Bắc Trung Bộ,2026-06-11,27.30909090909091,30.845454545454547,24.7,32.845454545454544,36.518181818181816,30.3,17.436363636363637,17.436363636363637,0.0,12.363636363636363,85.27272727272727,13.581818181818182,26.90909090909091,15.486363636363636,1010.9454545454544,91.0909090909091,24.436363636363637,0.0,3.3927272727272726,18.6796,105.68129999999998,7.55,13.231818181818182,6,24,63,90,1970-01-21 14:45:55.156363636,1970-01-21 14:46:42.801818181,Hè,,,
Nghệ An,Bắc Trung Bộ,2026-06-12,29.19090909090909,33.24545454545454,25.90909090909091,35.50909090909091,40.45454545454545,32.054545454545455,1.6727272727272726,1.6727272727272726,0.0,4.363636363636363,80.54545454545455,13.954545454545457,30.754545454545458,22.186363636363637,1010.581818181818,87.36363636363636,25.29090909090909,0.0,4.839090909090909,18.6796,105.68129999999998,10.96,13.237272727272728,6,24,51,110,1970-01-21 14:47:21.567272727,1970-01-21 14:48:09.223636363,Hè,,,
Nghệ An,Bắc Trung Bộ,2026-06-13,31.44545454545454,35.163636363636364,28.345454545454547,36.18181818181818,40.66363636363637,33.345454545454544,0.109090909090909,0.109090909090909,0.0,0.5454545454545454,65.0909090909091,16.236363636363635,33.6,22.665454545454544,1006.9727272727272,91.36363636363636,23.7,0.0,6.020909090909091,18.6796,105.68129999999998,11.266363636363636,13.239090909090908,6,24,3,216,1970-01-21 14:48:47.978181818,1970-01-21 14:49:35.640000000,Hè,,,
Nghệ An,Bắc Trung Bộ,2026-06-14,32.25454545454546,36.31818181818182,28.727272727272727,36.763636363636365,41.75454545454546,32.81818181818182,0.0181818181818181,0.0181818181818181,0.0,0.1818181818181818,61.18181818181818,18.745454545454542,36.309090909090905,24.84363636363636,1004.1545454545457,84.0909090909091,23.5,0.0,6.7681818181818185,18.6796,105.68129999999998,11.990909090909092,13.241818181818182,6,24,3,228,1970-01-21 14:50:14.389090909,1970-01-21 14:51:02.056363636,Hè,,,
Nghệ An,Bắc Trung Bộ,2026-06-15,32.52727272727273,36.16363636363637,29.045454545454547,36.35454545454546,40.02727272727273,32.47272727272727,0.2454545454545454,0.2454545454545454,0.0,0.4545454545454545,58.81818181818182,19.018181818181816,36.845454545454544,19.842727272727274,1004.0727272727272,97.27272727272728,23.154545454545453,0.0,6.1863636363636365,18.6796,105.68129999999998,10.89,13.243636363636364,6,25,3,197,1970-01-21 14:51:40.800000000,1970-01-21 14:52:28.467272727,Hè,,,
Nghệ An,Bắc Trung Bộ,2026-06-16,32.35454545454545,36.127272727272725,29.518181818181816,36.68181818181818,40.92727272727273,33.43636363636364,0.6363636363636364,0.6363636363636364,0.0,2.090909090909091,59.72727272727273,17.163636363636364,34.63636363636363,19.549090909090907,1005.4,98.36363636363636,23.20909090909091,0.0,5.710909090909091,18.6796,105.68129999999998,10.035454545454543,13.247272727272728,6,25,51,228,1970-01-21 14:53:07.210909091,1970-01-21 14:53:54.894545454,Hè,,,
Nghệ An,Bắc Trung Bộ,2026-06-17,30.99090909090909,34.445454545454545,27.354545454545452,35.25454545454546,38.73636363636364,31.536363636363635,1.1454545454545455,1.1454545454545455,0.0,2.909090909090909,65.63636363636364,16.763636363636365,32.28181818181818,12.02909090909091,1005.5,93.1818181818182,23.50909090909091,0.0,3.996363636363637,18.6796,105.68129999999998,4.893636363636364,13.247272727272728,6,25,3,146,1970-01-21 14:54:33.616363636,1970-01-21 14:55:21.300000000,Hè,,,
Nghệ An,Bắc Trung Bộ,2026-06-18,32.663636363636364,36.445454545454545,29.454545454545453,36.32727272727273,41.41818181818182,32.89090909090909,0.4818181818181818,0.4818181818181818,0.0,1.7272727272727273,56.36363636363637,18.21818181818182,37.309090909090905,21.50636363636363,1004.8545454545456,98.0,22.61818181818182,0.0,6.526363636363637,18.6796,105.68129999999998,11.185454545454546,13.25,6,25,51,177,1970-01-21 14:56:00.016363636,1970-01-21 14:56:47.721818181,Hè,,,
Nghệ An,Bắc Trung Bộ,2026-06-19,32.28181818181818,35.58181818181818,29.23636363636364,35.89090909090909,39.127272727272725,33.06363636363636,0.0272727272727272,0.0272727272727272,0.0,0.1818181818181818,57.0,15.736363636363636,30.563636363636363,15.207272727272729,1004.818181818182,99.1818181818182,22.39090909090909,0.0,5.052727272727273,18.6796,105.68129999999998,6.982727272727273,13.25,6,25,3,224,1970-01-21 14:57:26.427272727,1970-01-21 14:58:14.138181818,Hè,,,
Nghệ An,Bắc Trung Bộ,2026-06-20,32.87272727272727,37.3,28.772727272727273,36.96363636363637,42.54545454545455,32.47272727272727,0.3909090909090909,0.3909090909090909,0.0,2.8181818181818183,56.63636363636363,16.88181818181818,34.82727272727272,23.955454545454543,1005.6909090909091,77.0909090909091,22.59090909090909,0.0,6.7281818181818185,18.6796,105.68129999999998,11.804545454545456,13.251818181818182,6,25,51,129,1970-01-21 14:58:52.854545454,1970-01-21 14:59:40.554545454,Hè,,,
Nghệ An,Bắc Trung Bộ,2026-06-21,33.02727272727273,37.518181818181816,28.836363636363636,37.43636363636364,42.70909090909091,33.76363636363636,0.5,0.5,0.0,2.0,57.18181818181818,16.87272727272727,33.92727272727273,24.994545454545456,1006.3909090909092,82.27272727272727,22.9,0.0,6.766363636363636,18.6796,105.68129999999998,12.16909090909091,13.251818181818182,6,25,51,121,1970-01-21 15:00:19.270909091,1970-01-21 15:01:06.960000000,Hè,,,
Nghệ An,Bắc Trung Bộ,2026-06-22,33.199999999999996,37.59090909090909,29.73636363636364,36.89090909090909,42.23636363636364,33.945454545454545,0.2818181818181818,0.2818181818181818,0.0,1.818181818181818,54.45454545454545,19.754545454545458,38.872727272727275,22.92,1004.7454545454548,76.45454545454545,22.4,0.0,6.91090909090909,18.6796,105.68129999999998,11.53,13.251818181818182,6,26,51,228,1970-01-21 15:01:45.676363636,1970-01-21 15:02:33.381818181,Hè,,,
Nghệ An,Bắc Trung Bộ,2026-06-23,33.481818181818184,38.2,29.19090909090909,36.154545454545456,41.809090909090905,32.22727272727273,0.2181818181818181,0.2181818181818181,0.0,1.181818181818182,51.0,23.027272727272727,44.61818181818182,24.329090909090908,1002.0363636363636,39.81818181818182,21.490909090909092,0.0,7.988181818181818,18.6796,105.68129999999998,12.182727272727272,13.25,6,26,3,232,1970-01-21 15:03:12.087272727,1970-01-21 15:03:59.787272727,Hè,,,
Nghệ An,Bắc Trung Bộ,2026-06-24,34.18181818181818,39.018181818181816,29.99090909090909,37.13636363636363,42.71818181818182,33.07272727272727,0.981818181818182,0.981818181818182,0.0,3.272727272727273,49.27272727272727,21.836363636363636,43.25454545454546,24.383636363636366,1001.8272727272728,21.545454545454547,21.645454545454545,0.0,7.871818181818182,18.6796,105.68129999999998,12.46818181818182,13.25,6,26,51,219,1970-01-21 15:04:38.514545454,1970-01-21 15:05:26.209090909,Hè,,,
Nghệ An,Bắc Trung Bộ,2026-06-25,35.04545454545455,39.52727272727273,31.1,38.40909090909091,44.00909090909091,34.26363636363636,1.0,1.0,0.0,3.5454545454545454,47.09090909090909,19.554545454545455,39.97272727272727,25.395454545454548,1002.1363636363636,76.18181818181819,21.654545454545453,0.0,7.966363636363636,18.6796,105.68129999999998,12.254545454545456,13.247272727272728,6,26,51,184,1970-01-21 15:06:04.930909091,1970-01-21 15:06:52.620000000,Hè,,,
Nghệ An,Bắc Trung Bộ,2026-06-26,32.49090909090909,38.14545454545455,28.972727272727273,37.445454545454545,42.86363636363637,33.199999999999996,4.0181818181818185,4.0181818181818185,0.0,5.7272727272727275,62.36363636363637,19.0,39.08181818181818,22.45,1003.881818181818,98.72727272727272,23.781818181818185,0.0,6.0672727272727265,18.6796,105.68129999999998,10.533636363636363,13.247272727272728,6,26,61,31,1970-01-21 15:07:31.336363636,1970-01-21 15:08:19.020000000,Hè,,,
Nghệ An,Bắc Trung Bộ,2026-06-27,31.59090909090909,36.45454545454545,28.954545454545453,38.20909090909091,43.09090909090909,35.91818181818182,2.4181818181818184,2.4181818181818184,0.0,5.181818181818182,73.0,14.29090909090909,33.58181818181818,22.513636363636365,1003.9727272727272,94.9090909090909,25.79090909090909,0.0,5.215454545454545,18.6796,105.68129999999998,11.665454545454544,13.245454545454544,6,26,53,86,1970-01-21 15:08:57.747272727,1970-01-21 15:09:45.436363636,Hè,,,
Nghệ An,Bắc Trung Bộ,2026-06-28,31.845454545454547,36.22727272727273,28.363636363636363,37.9,42.24545454545454,34.04545454545455,1.0545454545454545,1.0545454545454545,0.0,4.545454545454546,70.27272727272727,14.28181818181818,31.845454545454547,21.700909090909093,1003.1454545454544,95.8181818181818,25.281818181818185,0.0,5.26,18.6796,105.68129999999998,11.47181818181818,13.241818181818182,6,26,51,159,1970-01-21 15:10:24.174545454,1970-01-21 15:11:11.841818181,Hè,,,
Nghệ An,Bắc Trung Bộ,2026-06-29,31.681818181818183,36.09090909090909,28.94545454545454,37.08181818181818,42.018181818181816,34.06363636363636,1.3636363636363635,1.3636363636363635,0.0,3.909090909090909,67.9090909090909,17.645454545454545,34.9,21.71909090909091,1002.8727272727272,96.9090909090909,24.654545454545453,0.0,5.566363636363636,18.6796,105.68129999999998,10.999090909090908,13.240000000000002,6,27,51,153,1970-01-21 15:11:50.596363636,1970-01-21 15:12:38.247272727,Hè,,,
Nghệ An,Bắc Trung Bộ,2026-06-30,31.19090909090909,34.99090909090909,28.818181818181817,36.6,41.14545454545455,33.38181818181818,3.5727272727272723,3.5727272727272723,0.0,5.909090909090909,68.9090909090909,15.245454545454544,32.73636363636364,20.518181818181816,1003.6909090909091,94.8181818181818,24.55454545454546,0.0,5.117272727272727,18.6796,105.68129999999998,10.883636363636365,13.237272727272728,6,27,61,116,1970-01-21 15:13:16.996363636,1970-01-21 15:14:04.658181818,Hè,,,
Nghệ An,Bắc Trung Bộ,2026-07-01,29.70909090909091,33.90909090909091,27.227272727272727,36.07272727272727,40.5,33.04545454545455,11.409090909090908,11.409090909090908,0.0,10.454545454545457,79.54545454545455,14.563636363636364,34.018181818181816,20.528181818181817,1004.5545454545456,94.54545454545456,25.57272727272727,0.0,4.491818181818181,18.6796,105.68129999999998,11.23,13.231818181818182,7,27,63,28,1970-01-21 15:14:43.423636363,1970-01-21 15:15:31.063636363,Hè,,,
Nghệ An,Bắc Trung Bộ,2026-07-02,28.563636363636363,31.80909090909091,25.60909090909091,34.63636363636363,38.58181818181818,31.38181818181818,19.37272727272727,19.37272727272727,0.0,17.90909090909091,83.36363636363636,13.28181818181818,29.727272727272727,20.848181818181818,1005.981818181818,98.45454545454544,25.281818181818185,0.0,4.397272727272727,18.6796,105.68129999999998,10.952727272727271,13.23,7,27,63,48,1970-01-21 15:16:09.840000000,1970-01-21 15:16:57.469090909,Hè,,,
Nghệ An,Bắc Trung Bộ,2026-07-03,26.972727272727273,29.527272727272727,25.627272727272725,32.68181818181818,35.77272727272727,30.454545454545453,37.33636363636363,37.33636363636363,0.0,21.0,92.45454545454544,16.345454545454547,33.93636363636364,13.389090909090909,1004.9727272727272,97.9090909090909,25.6,0.0,2.678181818181818,18.6796,105.68129999999998,5.531818181818182,13.225454545454546,7,27,63,318,1970-01-21 15:17:36.256363636,1970-01-21 15:18:23.869090909,Hè,,,
Nghệ An,Bắc Trung Bộ,2026-07-04,27.672727272727272,30.663636363636364,25.745454545454542,33.50909090909091,36.47272727272727,30.418181818181814,22.481818181818184,22.481818181818184,0.0,17.818181818181817,87.9090909090909,15.454545454545457,29.1,8.378181818181817,1002.5,100.0,25.4,0.0,2.098181818181818,18.6796,105.68129999999998,0.2781818181818182,13.22,7,27,63,194,1970-01-21 15:19:02.667272727,1970-01-21 15:19:50.274545454,Hè,,,
Nghệ An,Bắc Trung Bộ,2026-07-05,29.627272727272725,32.54545454545455,26.936363636363637,33.663636363636364,36.554545454545455,31.05454545454546,0.7818181818181817,0.7818181818181817,0.0,2.5454545454545454,71.45454545454545,19.7,37.627272727272725,14.094545454545454,1003.1181818181816,100.0,23.727272727272727,0.0,4.305454545454546,18.6796,105.68129999999998,3.9618181818181815,13.217272727272729,7,27,51,90,1970-01-21 15:20:29.100000000,1970-01-21 15:21:16.674545454,Hè,,,
Nghệ An,Bắc Trung Bộ,2026-07-06,28.463636363636365,31.136363636363637,26.0,32.92727272727273,36.3,30.08181818181818,11.009090909090908,11.009090909090908,0.0,8.909090909090908,77.54545454545455,18.6,37.29090909090909,12.525454545454544,1003.2545454545452,92.36363636363636,24.027272727272727,0.0,3.408181818181818,18.6796,105.68129999999998,5.555454545454546,13.21,7,28,63,158,1970-01-21 15:21:55.516363636,1970-01-21 15:22:43.074545454,Hè,,,
Nghệ An,Bắc Trung Bộ,2026-07-07,29.60909090909091,34.10909090909091,25.645454545454548,34.79090909090909,40.59090909090909,30.11818181818182,6.618181818181818,6.618181818181818,0.0,11.818181818181818,76.45454545454545,18.618181818181817,37.11818181818182,22.744545454545456,1002.0363636363636,66.0909090909091,24.781818181818185,0.0,5.405454545454545,18.6796,105.68129999999998,12.136363636363637,13.205454545454543,7,28,61,214,1970-01-21 15:23:21.927272727,1970-01-21 15:24:09.474545454,Hè,,,
Nghệ An,Bắc Trung Bộ,2026-07-08,30.8,34.663636363636364,27.863636363636363,35.845454545454544,40.872727272727275,32.20909090909091,2.309090909090909,2.309090909090909,0.0,5.7272727272727275,69.81818181818181,17.099999999999998,35.40909090909091,24.26,1002.1090909090908,70.63636363636364,24.40909090909091,0.0,6.093636363636364,18.6796,105.68129999999998,11.78,13.19909090909091,7,28,53,184,1970-01-21 15:24:48.360000000,1970-01-21 15:25:35.874545454,Hè,,,
Nghệ An,Bắc Trung Bộ,2026-07-09,29.79090909090909,33.28181818181818,25.88181818181818,34.08181818181818,38.92727272727273,30.045454545454547,4.590909090909091,4.590909090909091,0.0,8.272727272727273,70.63636363636364,18.10909090909091,34.89090909090909,21.674545454545452,1002.3727272727272,74.0,23.60909090909091,0.0,5.529090909090909,18.6796,105.68129999999998,10.963636363636365,13.19181818181818,7,28,61,217,1970-01-21 15:26:14.776363636,1970-01-21 15:27:02.269090909,Hè,,,
Nghệ An,Bắc Trung Bộ,2026-07-10,29.9,33.99090909090909,26.318181818181817,34.67272727272728,39.872727272727275,30.172727272727272,4.245454545454546,4.245454545454546,0.0,5.090909090909091,72.0,17.645454545454545,35.599999999999994,22.85181818181818,1001.2727272727273,87.54545454545455,24.063636363636363,0.0,5.670909090909091,18.6796,105.68129999999998,11.425454545454546,13.185454545454546,7,28,53,193,1970-01-21 15:27:41.192727272,1970-01-21 15:28:28.669090909,Hè,,,
Nghệ An,Bắc Trung Bộ,2026-07-11,30.145454545454548,33.92727272727273,27.9,34.699999999999996,39.41818181818182,31.536363636363635,2.5818181818181816,2.5818181818181816,0.0,3.5454545454545454,69.0,15.845454545454546,32.73636363636364,21.10181818181818,999.3363636363636,83.45454545454545,23.636363636363637,0.0,5.391818181818182,18.6796,105.68129999999998,11.213636363636365,13.17909090909091,7,28,63,236,1970-01-21 15:29:07.625454545,1970-01-21 15:29:55.063636363,Hè,,,
Nghệ An,Bắc Trung Bộ,2026-07-12,28.681818181818183,31.563636363636363,26.745454545454542,34.89090909090909,38.42727272727273,31.6,7.3,7.3,0.0,13.181818181818182,82.63636363636364,11.79090909090909,24.863636363636363,19.605454545454545,999.7181818181816,76.54545454545455,25.29090909090909,0.0,4.2290909090909095,18.6796,105.68129999999998,11.21818181818182,13.17,7,28,63,259,1970-01-21 15:30:34.036363636,1970-01-21 15:31:21.458181818,Hè,,,
Nghệ An,Bắc Trung Bộ,2026-07-13,28.44545454545454,31.972727272727273,25.436363636363637,35.199999999999996,39.79090909090909,31.018181818181816,17.745454545454546,17.745454545454546,0.0,13.454545454545457,86.18181818181819,10.163636363636364,24.772727272727273,21.46090909090909,1001.7909090909092,82.27272727272727,25.76363636363636,0.0,4.432727272727273,18.6796,105.68129999999998,11.502727272727272,13.161818181818182,7,29,63,273,1970-01-21 15:32:00.463636363,1970-01-21 15:32:47.841818181,Hè,,,
Nghệ An,Bắc Trung Bộ,2026-07-14,29.7,33.68181818181818,26.90909090909091,36.00909090909091,39.72727272727273,32.6,2.0545454545454547,2.0545454545454547,0.0,5.909090909090909,80.18181818181819,16.563636363636363,34.46363636363637,20.986363636363635,1002.3090909090909,84.0,25.70909090909091,0.0,4.695454545454545,18.6796,105.68129999999998,11.046363636363637,13.155454545454546,7,29,51,210,1970-01-21 15:33:26.896363636,1970-01-21 15:34:14.241818181,Hè,,,
Nghệ An,Bắc Trung Bộ,2026-07-15,29.854545454545452,33.61818181818182,26.727272727272727,34.518181818181816,38.36363636363637,30.89090909090909,5.845454545454545,5.845454545454545,0.0,6.2727272727272725,74.18181818181819,17.62727272727273,34.85454545454545,13.52818181818182,1003.2090909090908,97.45454545454544,24.545454545454547,0.0,3.930909090909091,18.6796,105.68129999999998,6.625454545454545,13.147272727272728,7,29,63,170,1970-01-21 15:34:53.296363636,1970-01-21 15:35:40.636363636,Hè,,,
Nghệ An,Bắc Trung Bộ,2026-07-16,30.08181818181818,34.68181818181818,25.745454545454542,34.481818181818184,40.42727272727273,29.718181818181815,10.209090909090907,10.209090909090907,0.0,7.181818181818182,71.81818181818181,20.61818181818182,39.57272727272727,19.44181818181818,1003.581818181818,89.54545454545455,24.1,0.0,5.3,18.6796,105.68129999999998,9.486363636363636,13.139090909090909,7,29,63,204,1970-01-21 15:36:19.729090909,1970-01-21 15:37:07.020000000,Hè,,,
Nghệ An,Bắc Trung Bộ,2026-07-17,30.972727272727273,34.32727272727273,28.718181818181815,34.554545454545455,38.7,32.07272727272727,0.0181818181818181,0.0181818181818181,0.0,0.0909090909090909,63.09090909090909,21.290909090909093,39.97272727272727,21.00636363636363,1003.0727272727272,86.45454545454545,23.036363636363635,0.0,6.080909090909091,18.6796,105.68129999999998,10.054545454545456,13.13,7,29,3,222,1970-01-21 15:37:46.156363636,1970-01-21 15:38:33.414545454,Hè,,,
Nghệ An,Bắc Trung Bộ,2026-07-18,31.363636363636363,35.163636363636364,27.745454545454542,34.900000000000006,39.56363636363636,31.172727272727272,0.1363636363636363,0.1363636363636363,0.0,0.6363636363636364,60.36363636363637,19.645454545454545,38.75454545454546,25.298181818181817,1002.6090909090908,54.18181818181818,22.59090909090909,0.0,6.973636363636363,18.6796,105.68129999999998,12.163636363636364,13.12,7,29,3,213,1970-01-21 15:39:12.561818181,1970-01-21 15:39:59.803636363,Hè,,,
Nghệ An,Bắc Trung Bộ,2026-07-19,31.663636363636364,35.6,28.227272727272727,35.0,39.8,31.481818181818184,0.3727272727272728,0.3727272727272728,0.0,1.181818181818182,57.45454545454545,19.60909090909091,40.2,24.312727272727273,1003.2818181818184,94.36363636363636,21.972727272727273,0.0,6.914545454545455,18.6796,105.68129999999998,11.674545454545454,13.109999999999998,7,29,51,239,1970-01-21 15:40:38.994545454,1970-01-21 15:41:26.181818181,Hè,,,
Nghệ An,Bắc Trung Bộ,2026-07-20,31.49090909090909,35.5,28.845454545454547,35.0,39.97272727272727,32.154545454545456,0.7454545454545454,0.7454545454545454,0.0,2.272727272727273,58.45454545454545,18.827272727272728,37.8,22.655454545454543,1003.981818181818,97.72727272727272,22.2,0.0,6.49909090909091,18.6796,105.68129999999998,10.874545454545457,13.1,7,30,53,240,1970-01-21 15:42:05.416363636,1970-01-21 15:42:52.581818181,Hè,,,
