province,region,date,temperature_2m_mean,temperature_2m_max,temperature_2m_min,apparent_temperature_mean,apparent_temperature_max,apparent_temperature_min,precipitation_sum,rain_sum,showers_sum,precipitation_hours,relative_humidity_2m_mean,wind_speed_10m_max,wind_gusts_10m_max,shortwave_radiation_sum,pressure_msl_mean,cloud_cover_mean,dew_point_2m_mean,snowfall_sum,et0_fao_evapotranspiration,latitude,longitude,sunshine_hours,daylight_hours,month,week,weather_code,wind_direction_10m_dominant,sunrise,sunset,season,uv_index_max,uv_index_clear_sky_max,precipitation_probability_max
Ninh Bình,Đồng bằng sông Hồng,2025-07-21,27.119999999999997,28.4,26.080000000000002,32.1,34.5,28.26,58.14,58.14,0.0,22.0,91.0,29.28,55.14,3.09,993.86,100.0,25.56,0.0,1.078,20.4191,106.0219,0.0,13.190000000000001,7,30,65,255,1970-01-21 06:57:55.572,1970-01-21 06:58:43.056,Hè,,,
Ninh Bình,Đồng bằng sông Hồng,2025-07-22,26.98,30.359999999999996,25.520000000000003,29.419999999999998,33.98,26.1,65.53999999999999,65.53999999999999,0.0,21.8,87.0,41.8,76.24,12.174000000000001,988.5799999999999,100.0,24.580000000000002,0.0,3.008,20.4191,106.0219,5.5120000000000005,13.180000000000001,7,30,65,10,1970-01-21 06:59:21.996,1970-01-21 07:00:09.432,Hè,,,
Ninh Bình,Đồng bằng sông Hồng,2025-07-23,27.839999999999996,30.98,25.3,33.54,37.82,30.060000000000002,11.66,11.66,0.0,13.2,85.2,15.280000000000001,31.1,19.03,997.5200000000001,99.6,25.080000000000002,0.0,3.976,20.4191,106.0219,10.302,13.168000000000001,7,30,63,117,1970-01-21 07:00:48.420,1970-01-21 07:01:35.820,Hè,,,
Ninh Bình,Đồng bằng sông Hồng,2025-07-24,27.04,29.5,25.060000000000002,33.2,36.64,29.82,21.259999999999998,21.259999999999998,0.0,15.0,91.2,12.459999999999999,23.9,11.32,1000.8399999999999,99.8,25.46,0.0,2.3899999999999997,20.4191,106.0219,3.16,13.152000000000001,7,30,63,31,1970-01-21 07:02:14.832,1970-01-21 07:03:02.196,Hè,,,
Ninh Bình,Đồng bằng sông Hồng,2025-07-25,27.339999999999996,29.98,25.3,33.94,37.980000000000004,30.96,13.459999999999999,13.459999999999999,0.0,16.4,91.4,9.0,24.14,13.969999999999999,1001.4200000000001,100.0,25.74,0.0,2.904,20.4191,106.0219,5.566000000000001,13.14,7,30,63,320,1970-01-21 07:03:41.280,1970-01-21 07:04:28.572,Hè,,,
Ninh Bình,Đồng bằng sông Hồng,2025-07-26,27.72,31.839999999999996,25.48,34.6,40.62,31.52,21.4,21.4,0.0,14.0,89.2,10.78,28.6,19.674,1001.1600000000001,79.4,25.68,0.0,4.0840000000000005,20.4191,106.0219,9.414,13.13,7,30,65,244,1970-01-21 07:05:07.692,1970-01-21 07:05:54.960,Hè,,,
Ninh Bình,Đồng bằng sông Hồng,2025-07-27,27.839999999999996,32.18,25.419999999999998,34.239999999999995,40.1,31.660000000000004,6.0200000000000005,6.0200000000000005,0.0,4.8,88.2,14.040000000000001,29.52,20.125999999999998,1000.5799999999999,86.6,25.56,0.0,4.1339999999999995,20.4191,106.0219,11.114,13.12,7,30,63,167,1970-01-21 07:06:34.104,1970-01-21 07:07:21.324,Hè,,,
Ninh Bình,Đồng bằng sông Hồng,2025-07-28,28.839999999999996,33.56,24.96,35.76,41.8,31.0,0.26,0.26,0.0,1.6,84.2,11.24,22.7,24.345999999999997,999.0600000000001,52.2,25.7,0.0,5.178,20.4191,106.0219,12.024,13.101999999999999,7,31,51,175,1970-01-21 07:08:00.540,1970-01-21 07:08:47.712,Hè,,,
Ninh Bình,Đồng bằng sông Hồng,2025-07-29,30.72,35.42,26.18,37.82,44.339999999999996,32.720000000000006,0.04,0.04,0.0,0.2,78.0,12.0,21.380000000000003,23.997999999999998,997.26,80.6,26.139999999999997,0.0,5.470000000000001,20.4191,106.0219,11.236,13.09,7,31,3,184,1970-01-21 07:09:26.952,1970-01-21 07:10:14.088,Hè,,,
Ninh Bình,Đồng bằng sông Hồng,2025-07-30,31.5,36.18,27.26,38.739999999999995,45.18,33.52,0.3,0.3,0.0,0.8,76.2,12.459999999999999,24.5,23.926,996.9,99.2,26.639999999999997,0.0,5.544,20.4191,106.0219,11.274,13.080000000000002,7,31,51,226,1970-01-21 07:10:53.376,1970-01-21 07:11:40.452,Hè,,,
Ninh Bình,Đồng bằng sông Hồng,2025-07-31,30.22,34.32,28.1,37.26,42.92,34.0,12.84,12.84,0.0,7.8,81.2,11.459999999999999,26.560000000000002,18.796,997.4399999999999,100.0,26.419999999999998,0.0,4.296,20.4191,106.0219,8.181999999999999,13.059999999999999,7,31,63,215,1970-01-21 07:12:19.800,1970-01-21 07:13:06.840,Hè,,,
Ninh Bình,Đồng bằng sông Hồng,2025-08-01,28.139999999999997,31.9,25.919999999999998,34.839999999999996,39.96,31.579999999999995,14.180000000000001,14.180000000000001,0.0,11.8,88.2,12.3,30.9,17.262,998.8,93.6,25.939999999999998,0.0,3.596,20.4191,106.0219,9.303999999999998,13.05,8,31,63,249,1970-01-21 07:13:46.212,1970-01-21 07:14:33.192,Hè,,,
Ninh Bình,Đồng bằng sông Hồng,2025-08-02,29.439999999999998,34.18,25.9,36.94,43.739999999999995,32.38,4.4399999999999995,4.4399999999999995,0.0,4.0,85.8,11.24,26.5,23.19,1000.4200000000001,84.0,26.619999999999997,0.0,4.994,20.4191,106.0219,11.942,13.038,8,31,63,193,1970-01-21 07:15:12.648,1970-01-21 07:15:59.580,Hè,,,
Ninh Bình,Đồng bằng sông Hồng,2025-08-03,31.54,36.08,27.76,37.68,43.14,33.56,0.06,0.06,0.0,0.4,73.6,15.7,32.7,24.116,999.8799999999999,86.8,26.0,0.0,5.958,20.4191,106.0219,12.016,13.02,8,31,3,210,1970-01-21 07:16:39.060,1970-01-21 07:17:25.932,Hè,,,
Ninh Bình,Đồng bằng sông Hồng,2025-08-04,32.08,36.44,28.4,37.64,43.6,32.56,0.5199999999999999,0.5199999999999999,0.0,0.6,67.8,14.86,29.0,24.052,999.64,98.4,25.240000000000002,0.0,6.244,20.4191,106.0219,11.652,13.01,8,32,3,206,1970-01-21 07:18:05.472,1970-01-21 07:18:52.320,Hè,,,
Ninh Bình,Đồng bằng sông Hồng,2025-08-05,30.939999999999998,35.0,27.919999999999998,37.12,41.54,33.17999999999999,1.0,1.0,0.0,2.8,74.0,12.0,26.5,17.422,1001.0799999999999,100.0,25.619999999999997,0.0,4.3420000000000005,20.4191,106.0219,7.51,12.99,8,32,51,223,1970-01-21 07:19:31.920,1970-01-21 07:20:18.672,Hè,,,
Ninh Bình,Đồng bằng sông Hồng,2025-08-06,29.22,32.62,26.78,36.04,39.44,33.22,4.9,4.9,0.0,6.6,85.4,11.82,24.419999999999998,13.886000000000001,1002.86,100.0,26.339999999999996,0.0,3.2,20.4191,106.0219,4.098000000000001,12.98,8,32,53,150,1970-01-21 07:20:58.332,1970-01-21 07:21:45.036,Hè,,,
Ninh Bình,Đồng bằng sông Hồng,2025-08-07,29.48,32.519999999999996,27.060000000000002,35.28,38.44,32.120000000000005,0.14,0.14,0.0,1.0,80.6,12.98,23.74,14.394,1005.3,96.0,25.639999999999997,0.0,3.566,20.4191,106.0219,4.604,12.959999999999999,8,32,51,175,1970-01-21 07:22:24.732,1970-01-21 07:23:11.400,Hè,,,
Ninh Bình,Đồng bằng sông Hồng,2025-08-08,30.6,35.08,26.880000000000003,36.92,42.519999999999996,33.4,0.34,0.34,0.0,1.0,78.4,15.36,28.8,24.34,1005.8,43.2,26.139999999999997,0.0,5.644,20.4191,106.0219,12.0,12.940000000000001,8,32,3,178,1970-01-21 07:23:51.180,1970-01-21 07:24:37.752,Hè,,,
Ninh Bình,Đồng bằng sông Hồng,2025-08-09,31.160000000000004,35.82,27.4,37.56,42.9,33.54,0.1,0.1,0.0,0.4,76.2,13.580000000000002,25.36,24.363999999999997,1004.64,66.4,26.060000000000002,0.0,5.726000000000001,20.4191,106.0219,12.0,12.930000000000001,8,32,3,179,1970-01-21 07:25:17.592,1970-01-21 07:26:04.140,Hè,,,
Ninh Bình,Đồng bằng sông Hồng,2025-08-10,30.78,34.3,28.26,37.84,42.92,35.239999999999995,1.1,1.1,0.0,3.4,80.4,13.440000000000001,26.339999999999996,22.458,1004.0600000000001,81.0,26.9,0.0,5.104,20.4191,106.0219,12.0,12.91,8,32,51,148,1970-01-21 07:26:43.992,1970-01-21 07:27:30.492,Hè,,,
Ninh Bình,Đồng bằng sông Hồng,2025-08-11,29.939999999999998,33.56,26.28,36.72,41.56,33.08,2.12,2.12,0.0,4.8,82.2,15.1,28.880000000000003,23.768,1004.1,87.2,26.46,0.0,5.208,20.4191,106.0219,12.0,12.9,8,33,53,141,1970-01-21 07:28:10.440,1970-01-21 07:28:56.844,Hè,,,
Ninh Bình,Đồng bằng sông Hồng,2025-08-12,29.360000000000003,32.92,25.72,35.94,40.62,31.560000000000002,2.7600000000000002,2.7600000000000002,0.0,8.8,83.2,14.12,29.380000000000003,23.096,1004.8799999999999,89.4,26.1,0.0,4.934,20.4191,106.0219,12.0,12.88,8,33,51,159,1970-01-21 07:29:36.840,1970-01-21 07:30:23.220,Hè,,,
Ninh Bình,Đồng bằng sông Hồng,2025-08-13,28.560000000000002,32.64,25.080000000000002,35.42,41.160000000000004,30.52,4.859999999999999,4.859999999999999,0.0,6.4,85.2,9.86,21.880000000000003,20.216,1005.9200000000001,94.4,25.639999999999997,0.0,4.282,20.4191,106.0219,10.976,12.862,8,33,63,163,1970-01-21 07:31:03.252,1970-01-21 07:31:49.572,Hè,,,
Ninh Bình,Đồng bằng sông Hồng,2025-08-14,29.32,33.279999999999994,26.380000000000003,36.260000000000005,41.78,32.78,1.52,1.52,0.0,5.2,83.4,10.620000000000001,23.4,21.072,1003.96,95.2,26.1,0.0,4.556,20.4191,106.0219,10.416,12.85,8,33,51,185,1970-01-21 07:32:29.700,1970-01-21 07:33:15.936,Hè,,,
Ninh Bình,Đồng bằng sông Hồng,2025-08-15,26.660000000000004,29.02,24.66,32.279999999999994,35.1,30.139999999999997,9.440000000000001,9.440000000000001,0.0,11.0,90.0,13.719999999999999,26.839999999999996,10.443999999999999,1004.5799999999999,98.0,24.84,0.0,2.198,20.4191,106.0219,2.592,12.830000000000002,8,33,61,73,1970-01-21 07:33:56.100,1970-01-21 07:34:42.300,Hè,,,
Ninh Bình,Đồng bằng sông Hồng,2025-08-16,25.6,29.18,23.64,30.8,36.04,28.2,19.74,19.74,0.0,22.4,91.0,12.4,24.7,12.352,1007.24,97.6,24.02,0.0,2.554,20.4191,106.0219,4.1579999999999995,12.812000000000001,8,33,63,18,1970-01-21 07:35:22.512,1970-01-21 07:36:08.652,Hè,,,
Ninh Bình,Đồng bằng sông Hồng,2025-08-17,26.060000000000002,29.28,24.22,30.9,34.9,27.74,24.06,24.06,0.0,17.4,90.6,17.02,36.36,9.588,1007.3799999999999,100.0,24.4,0.0,2.074,20.4191,106.0219,0.738,12.8,8,33,65,3,1970-01-21 07:36:48.948,1970-01-21 07:37:35.004,Hè,,,
Ninh Bình,Đồng bằng sông Hồng,2025-08-18,25.880000000000003,28.96,24.02,30.32,33.0,27.28,16.1,16.1,0.0,13.8,90.6,19.54,37.739999999999995,7.686,1005.6600000000001,100.0,24.18,0.0,1.752,20.4191,106.0219,1.556,12.78,8,34,61,330,1970-01-21 07:38:15.360,1970-01-21 07:39:01.380,Hè,,,
Ninh Bình,Đồng bằng sông Hồng,2025-08-19,26.26,28.439999999999998,24.32,31.4,33.760000000000005,28.9,19.9,19.9,0.0,15.6,91.4,13.36,25.36,8.53,1005.9,100.0,24.740000000000002,0.0,1.8519999999999999,20.4191,106.0219,0.73,12.762,8,34,63,203,1970-01-21 07:39:41.772,1970-01-21 07:40:27.720,Hè,,,
Ninh Bình,Đồng bằng sông Hồng,2025-08-20,28.880000000000003,32.040000000000006,26.339999999999996,34.58,37.68,32.28,0.18000000000000002,0.18000000000000002,0.0,1.4,84.2,18.14,34.7,19.332,1006.32,100.0,25.839999999999996,0.0,4.2299999999999995,20.4191,106.0219,9.602,12.748000000000001,8,34,51,170,1970-01-21 07:41:08.184,1970-01-21 07:41:54.072,Hè,,,
Ninh Bình,Đồng bằng sông Hồng,2025-08-21,28.360000000000003,30.660000000000004,26.419999999999998,34.019999999999996,36.160000000000004,31.68,7.140000000000001,7.140000000000001,0.0,8.0,87.8,17.82,34.14,12.315999999999999,1007.82,99.8,26.080000000000002,0.0,2.7560000000000002,20.4191,106.0219,1.9579999999999997,12.73,8,34,63,168,1970-01-21 07:42:34.620,1970-01-21 07:43:20.424,Hè,,,
Ninh Bình,Đồng bằng sông Hồng,2025-08-22,28.6,31.28,26.7,33.779999999999994,36.56,32.0,1.12,1.12,0.0,3.6,82.4,16.56,33.04,17.816,1007.68,98.8,25.259999999999998,0.0,3.9879999999999995,20.4191,106.0219,9.818000000000001,12.71,8,34,51,162,1970-01-21 07:44:01.020,1970-01-21 07:44:46.800,Hè,,,
Ninh Bình,Đồng bằng sông Hồng,2025-08-23,27.619999999999997,30.68,25.2,33.739999999999995,38.480000000000004,30.439999999999998,10.08,10.08,0.0,11.4,86.0,12.780000000000001,28.439999999999998,19.407999999999998,1007.64,80.6,25.0,0.0,3.966,20.4191,106.0219,11.018,12.691999999999998,8,34,63,149,1970-01-21 07:45:27.432,1970-01-21 07:46:13.140,Hè,,,
Ninh Bình,Đồng bằng sông Hồng,2025-08-24,26.8,30.98,24.979999999999997,32.1,36.94,29.28,17.32,17.32,0.0,7.6,89.6,16.0,33.86,14.362,1006.4,80.2,24.880000000000003,0.0,2.952,20.4191,106.0219,6.012,12.678,8,34,65,341,1970-01-21 07:46:53.868,1970-01-21 07:47:39.480,Hè,,,
Ninh Bình,Đồng bằng sông Hồng,2025-08-25,24.9,25.939999999999998,23.82,26.74,28.639999999999997,25.240000000000002,75.64000000000001,75.64000000000001,0.0,21.8,92.2,34.3,64.94,2.8560000000000003,1003.32,100.0,23.56,0.0,1.0539999999999998,20.4191,106.0219,0.0,12.658,8,35,63,16,1970-01-21 07:48:20.280,1970-01-21 07:49:05.832,Hè,,,
Ninh Bình,Đồng bằng sông Hồng,2025-08-26,25.36,27.3,23.96,29.26,31.8,27.160000000000004,66.72,66.72,0.0,23.2,93.6,23.419999999999998,48.239999999999995,5.99,1006.1600000000001,100.0,24.240000000000002,0.0,1.372,20.4191,106.0219,0.32799999999999996,12.638000000000002,8,35,63,91,1970-01-21 07:49:46.680,1970-01-21 07:50:32.172,Hè,,,
Ninh Bình,Đồng bằng sông Hồng,2025-08-27,25.380000000000003,27.98,23.32,30.6,33.459999999999994,27.68,23.240000000000002,23.240000000000002,0.0,17.2,92.4,9.76,23.240000000000002,9.18,1007.74,98.8,24.0,0.0,1.934,20.4191,106.0219,0.394,12.62,8,35,63,16,1970-01-21 07:51:13.092,1970-01-21 07:51:58.548,Hè,,,
Ninh Bình,Đồng bằng sông Hồng,2025-08-28,26.04,29.439999999999998,23.4,31.880000000000003,35.980000000000004,28.419999999999998,16.139999999999997,16.139999999999997,0.0,11.8,90.8,9.8,23.1,14.622,1007.4200000000001,70.0,24.380000000000003,0.0,2.958,20.4191,106.0219,7.956,12.602,8,35,65,66,1970-01-21 07:52:39.528,1970-01-21 07:53:24.900,Hè,,,
Ninh Bình,Đồng bằng sông Hồng,2025-08-29,26.380000000000003,30.22,24.18,31.380000000000003,35.78,29.080000000000002,19.240000000000002,19.240000000000002,0.0,14.6,89.2,15.7,32.62,17.018,1008.0,88.0,24.36,0.0,3.396,20.4191,106.0219,9.056000000000001,12.581999999999999,8,35,65,6,1970-01-21 07:54:05.940,1970-01-21 07:54:51.240,Hè,,,
Ninh Bình,Đồng bằng sông Hồng,2025-08-30,25.939999999999998,29.48,24.34,29.68,33.12,27.46,52.3,52.3,0.0,20.6,91.0,26.160000000000004,57.67999999999999,11.572,1006.96,99.8,24.34,0.0,2.374,20.4191,106.0219,5.116,12.568000000000001,8,35,65,6,1970-01-21 07:55:32.340,1970-01-21 07:56:17.580,Hè,,,
Ninh Bình,Đồng bằng sông Hồng,2025-08-31,25.880000000000003,29.080000000000002,24.1,31.2,35.4,28.419999999999998,17.259999999999998,17.259999999999998,0.0,17.6,92.0,13.24,29.939999999999998,13.562000000000001,1007.8,100.0,24.5,0.0,2.674,20.4191,106.0219,4.104,12.548,8,35,63,11,1970-01-21 07:56:58.752,1970-01-21 07:57:43.920,Hè,,,
Ninh Bình,Đồng bằng sông Hồng,2025-09-01,26.139999999999997,29.380000000000003,23.82,31.619999999999997,35.36,28.54,15.5,15.5,0.0,17.8,90.8,11.6,24.060000000000002,12.49,1006.9799999999999,94.4,24.44,0.0,2.584,20.4191,106.0219,4.404,12.528,9,36,63,24,1970-01-21 07:58:25.188,1970-01-21 07:59:10.272,Thu,,,
Ninh Bình,Đồng bằng sông Hồng,2025-09-02,27.119999999999997,30.52,24.259999999999998,33.36,38.660000000000004,29.6,4.76,4.76,0.0,7.8,88.6,11.5,24.86,19.05,1006.76,72.0,25.04,0.0,3.854,20.4191,106.0219,11.008,12.51,9,36,63,108,1970-01-21 07:59:51.600,1970-01-21 08:00:36.612,Thu,,,
Ninh Bình,Đồng bằng sông Hồng,2025-09-03,28.119999999999997,31.68,25.060000000000002,34.22,39.38,30.9,0.68,0.68,0.0,5.6,85.0,13.2,25.82,22.346,1006.9799999999999,32.8,25.2,0.0,4.65,20.4191,106.0219,12.0,12.492,9,36,51,156,1970-01-21 08:01:18.000,1970-01-21 08:02:02.988,Thu,,,
Ninh Bình,Đồng bằng sông Hồng,2025-09-04,28.52,32.42,24.96,34.4,39.260000000000005,30.9,0.45999999999999996,0.45999999999999996,0.0,3.6,82.4,11.36,22.98,22.402,1006.6200000000001,19.8,25.0,0.0,4.818,20.4191,106.0219,12.0,12.472,9,36,51,172,1970-01-21 08:02:44.412,1970-01-21 08:03:29.340,Thu,,,
Ninh Bình,Đồng bằng sông Hồng,2025-09-05,28.96,32.739999999999995,25.36,35.22,40.760000000000005,31.48,0.33999999999999997,0.33999999999999997,0.0,2.8,81.8,11.28,21.3,23.032,1006.82,47.6,25.3,0.0,4.984,20.4191,106.0219,12.0,12.452,9,36,51,156,1970-01-21 08:04:10.848,1970-01-21 08:04:55.680,Thu,,,
Ninh Bình,Đồng bằng sông Hồng,2025-09-06,28.660000000000004,32.62,25.880000000000003,35.44,41.0,32.02,0.9199999999999999,0.9199999999999999,0.0,5.6,84.0,11.879999999999999,27.360000000000003,21.07,1007.4399999999999,61.2,25.56,0.0,4.448,20.4191,106.0219,11.904,12.437999999999999,9,36,51,95,1970-01-21 08:05:37.260,1970-01-21 08:06:22.020,Thu,,,
Ninh Bình,Đồng bằng sông Hồng,2025-09-07,29.119999999999997,32.92,25.38,35.4,40.04,31.78,0.02,0.02,0.0,0.2,77.8,8.059999999999999,14.5,23.302,1005.86,51.0,24.44,0.0,4.994,20.4191,106.0219,11.948,12.418000000000001,9,36,3,112,1970-01-21 08:07:03.660,1970-01-21 08:07:48.360,Thu,,,
Ninh Bình,Đồng bằng sông Hồng,2025-09-08,29.74,34.2,25.46,35.760000000000005,41.480000000000004,30.8,0.0,0.0,0.0,0.0,76.2,12.459999999999999,22.119999999999997,22.602,1004.72,92.6,24.779999999999998,0.0,5.096,20.4191,106.0219,11.724,12.4,9,37,3,180,1970-01-21 08:08:30.060,1970-01-21 08:09:14.700,Thu,,,
Ninh Bình,Đồng bằng sông Hồng,2025-09-09,28.52,31.76,25.9,35.22,39.28,32.36,5.04,5.04,0.0,7.0,86.6,9.66,20.080000000000002,12.682,1005.9399999999999,99.2,26.0,0.0,2.836,20.4191,106.0219,3.78,12.38,9,37,63,180,1970-01-21 08:09:56.484,1970-01-21 08:10:41.040,Thu,,,
Ninh Bình,Đồng bằng sông Hồng,2025-09-10,28.339999999999996,31.660000000000004,25.5,34.42,37.42,31.839999999999996,1.5399999999999998,1.5399999999999998,0.0,4.4,85.0,11.379999999999999,23.18,16.396,1007.3799999999999,98.6,25.32,0.0,3.618,20.4191,106.0219,9.645999999999999,12.36,9,37,51,166,1970-01-21 08:11:22.920,1970-01-21 08:12:07.380,Thu,,,
Ninh Bình,Đồng bằng sông Hồng,2025-09-11,27.52,30.98,24.52,33.36,37.64,29.939999999999998,23.3,23.3,0.0,19.0,88.4,12.76,27.660000000000004,15.724,1008.36,99.4,25.4,0.0,3.2920000000000003,20.4191,106.0219,8.431999999999999,12.34,9,37,63,156,1970-01-21 08:12:49.320,1970-01-21 08:13:33.732,Thu,,,
Ninh Bình,Đồng bằng sông Hồng,2025-09-12,27.28,30.96,24.740000000000002,33.339999999999996,37.739999999999995,30.380000000000003,12.32,12.32,0.0,11.4,89.2,15.12,30.560000000000002,17.374000000000002,1009.4,84.8,25.28,0.0,3.524,20.4191,106.0219,10.222,12.32,9,37,63,159,1970-01-21 08:14:15.720,1970-01-21 08:15:00.072,Thu,,,
Ninh Bình,Đồng bằng sông Hồng,2025-09-13,28.1,31.68,24.919999999999998,34.12,39.1,30.72,0.33999999999999997,0.33999999999999997,0.0,2.4,84.0,12.14,24.84,21.589999999999996,1009.86,66.4,24.979999999999997,0.0,4.49,20.4191,106.0219,11.952,12.3,9,37,51,138,1970-01-21 08:15:42.132,1970-01-21 08:16:26.436,Thu,,,
Ninh Bình,Đồng bằng sông Hồng,2025-09-14,27.5,30.32,24.86,33.44,37.22,30.04,7.0200000000000005,7.0200000000000005,0.0,8.8,85.4,9.7,23.96,18.052,1009.9,83.4,24.8,0.0,3.7060000000000004,20.4191,106.0219,10.946000000000002,12.282,9,37,63,130,1970-01-21 08:17:08.556,1970-01-21 08:17:52.776,Thu,,,
Ninh Bình,Đồng bằng sông Hồng,2025-09-15,26.68,29.860000000000003,24.2,32.38,36.72,29.439999999999998,16.9,16.9,0.0,11.4,88.4,11.86,28.6,15.032,1010.4200000000001,88.0,24.580000000000002,0.0,3.028,20.4191,106.0219,7.9799999999999995,12.262,9,38,63,127,1970-01-21 08:18:34.980,1970-01-21 08:19:19.128,Thu,,,
Ninh Bình,Đồng bằng sông Hồng,2025-09-16,27.439999999999998,31.080000000000002,24.48,33.339999999999996,38.519999999999996,30.060000000000002,2.2800000000000002,2.2800000000000002,0.0,7.2,83.8,9.3,18.3,20.378,1010.1600000000001,74.0,24.259999999999998,0.0,4.247999999999999,20.4191,106.0219,11.434000000000001,12.242,9,38,53,123,1970-01-21 08:20:01.380,1970-01-21 08:20:45.468,Thu,,,
Ninh Bình,Đồng bằng sông Hồng,2025-09-17,26.439999999999998,29.48,24.54,32.019999999999996,35.3,29.439999999999998,16.4,16.4,0.0,12.8,89.4,13.780000000000001,30.080000000000002,12.876,1008.8799999999999,79.8,24.48,0.0,2.604,20.4191,106.0219,5.36,12.228,9,38,65,20,1970-01-21 08:21:27.780,1970-01-21 08:22:11.820,Thu,,,
Ninh Bình,Đồng bằng sông Hồng,2025-09-18,26.04,29.0,23.619999999999997,31.419999999999998,34.7,27.939999999999998,21.18,21.18,0.0,18.4,91.2,11.860000000000001,28.0,11.866,1008.7,100.0,24.44,0.0,2.402,20.4191,106.0219,4.970000000000001,12.208000000000002,9,38,63,6,1970-01-21 08:22:54.192,1970-01-21 08:23:38.160,Thu,,,
Ninh Bình,Đồng bằng sông Hồng,2025-09-19,27.0,30.6,24.0,32.9,37.220000000000006,28.919999999999998,7.82,7.82,0.0,12.4,88.6,10.8,24.619999999999997,17.286,1008.4399999999999,78.2,24.8,0.0,3.5479999999999996,20.4191,106.0219,10.514,12.19,9,38,63,52,1970-01-21 08:24:20.628,1970-01-21 08:25:04.500,Thu,,,
Ninh Bình,Đồng bằng sông Hồng,2025-09-20,28.68,33.04,24.54,34.78,40.519999999999996,30.18,0.02,0.02,0.0,0.2,79.8,11.14,19.74,21.73,1006.6600000000001,47.6,24.560000000000002,0.0,4.732,20.4191,106.0219,11.732,12.17,9,38,3,182,1970-01-21 08:25:47.040,1970-01-21 08:26:30.840,Thu,,,
Ninh Bình,Đồng bằng sông Hồng,2025-09-21,28.48,32.739999999999995,25.6,34.78,39.62,31.560000000000002,4.9,4.9,0.0,5.8,83.4,11.76,25.639999999999997,20.076,1005.9200000000001,64.6,25.2,0.0,4.254,20.4191,106.0219,11.16,12.15,9,38,63,119,1970-01-21 08:27:13.440,1970-01-21 08:27:57.180,Thu,,,
Ninh Bình,Đồng bằng sông Hồng,2025-09-22,26.76,29.7,24.48,32.28,35.78,29.46,9.98,9.98,0.0,14.0,87.4,10.940000000000001,23.6,13.52,1007.3799999999999,79.6,24.48,0.0,2.802,20.4191,106.0219,6.984,12.13,9,39,63,51,1970-01-21 08:28:39.840,1970-01-21 08:29:23.520,Thu,,,
Ninh Bình,Đồng bằng sông Hồng,2025-09-23,27.72,31.76,24.259999999999998,33.019999999999996,37.72,28.4,0.74,0.74,0.0,1.8,82.4,13.0,26.419999999999998,20.880000000000003,1005.4200000000001,44.2,24.24,0.0,4.362,20.4191,106.0219,11.354,12.11,9,39,53,331,1970-01-21 08:30:06.276,1970-01-21 08:30:49.860,Thu,,,
Ninh Bình,Đồng bằng sông Hồng,2025-09-24,28.82,32.68,25.080000000000002,32.22,35.5,28.32,0.24,0.24,0.0,1.6,71.4,24.94,47.660000000000004,21.192,1002.4399999999999,80.2,22.8,0.0,5.242,20.4191,106.0219,11.4,12.09,9,39,51,337,1970-01-21 08:31:32.700,1970-01-21 08:32:16.200,Thu,,,
Ninh Bình,Đồng bằng sông Hồng,2025-09-25,26.6,28.28,24.86,29.7,30.860000000000003,28.52,4.24,4.24,0.0,6.2,77.2,21.6,40.019999999999996,9.386,1002.9799999999999,97.0,22.18,0.0,2.626,20.4191,106.0219,4.029999999999999,12.07,9,39,53,344,1970-01-21 08:32:59.100,1970-01-21 08:33:42.540,Thu,,,
Ninh Bình,Đồng bằng sông Hồng,2025-09-26,25.72,29.7,23.96,30.22,34.739999999999995,27.72,18.48,18.48,0.0,11.4,88.4,15.219999999999999,30.32,12.7,1009.76,99.2,23.56,0.0,2.6260000000000003,20.4191,106.0219,5.446,12.05,9,39,63,3,1970-01-21 08:34:25.500,1970-01-21 08:35:08.904,Thu,,,
Ninh Bình,Đồng bằng sông Hồng,2025-09-27,26.339999999999996,30.419999999999998,23.54,31.339999999999996,37.1,27.48,36.879999999999995,36.879999999999995,0.0,18.4,89.2,14.459999999999999,34.620000000000005,14.718,1011.5600000000001,99.0,24.32,0.0,3.0380000000000003,20.4191,106.0219,7.454000000000001,12.03,9,39,65,14,1970-01-21 08:35:51.936,1970-01-21 08:36:35.256,Thu,,,
Ninh Bình,Đồng bằng sông Hồng,2025-09-28,25.46,28.880000000000003,23.9,28.54,33.06,25.54,48.64,48.64,0.0,19.6,90.4,27.22,54.52,10.038,1007.7,92.8,23.759999999999998,0.0,2.148,20.4191,106.0219,4.659999999999999,12.01,9,39,65,4,1970-01-21 08:37:18.360,1970-01-21 08:38:01.608,Thu,,,
Ninh Bình,Đồng bằng sông Hồng,2025-09-29,25.119999999999997,26.22,23.619999999999997,27.22,29.8,24.86,99.5,99.5,0.0,24.0,93.4,37.7,71.78,2.05,1004.96,100.0,24.0,0.0,0.8539999999999999,20.4191,106.0219,0.0,11.992,9,40,65,92,1970-01-21 08:38:44.760,1970-01-21 08:39:27.960,Thu,,,
Ninh Bình,Đồng bằng sông Hồng,2025-09-30,25.48,27.9,23.84,30.26,32.92,28.060000000000002,50.82000000000001,50.82000000000001,0.0,22.8,93.8,18.119999999999997,37.160000000000004,6.236,1009.96,100.0,24.36,0.0,1.372,20.4191,106.0219,0.0,11.978,9,40,65,161,1970-01-21 08:40:11.160,1970-01-21 08:40:54.300,Thu,,,
Ninh Bình,Đồng bằng sông Hồng,2025-10-01,26.5,29.380000000000003,23.96,32.160000000000004,35.239999999999995,28.939999999999998,3.9200000000000004,3.9200000000000004,0.0,11.6,89.2,12.1,28.8,14.51,1011.4200000000001,98.2,24.52,0.0,2.944,20.4191,106.0219,7.478,11.958000000000002,10,40,53,159,1970-01-21 08:41:37.596,1970-01-21 08:42:20.640,Thu,,,
Ninh Bình,Đồng bằng sông Hồng,2025-10-02,27.4,31.380000000000003,24.1,32.7,37.4,29.48,0.68,0.68,0.0,5.0,82.4,10.620000000000001,21.82,19.552,1011.46,52.0,23.919999999999998,0.0,4.15,20.4191,106.0219,11.116,11.937999999999999,10,40,51,157,1970-01-21 08:43:04.020,1970-01-21 08:43:46.980,Thu,,,
Ninh Bình,Đồng bằng sông Hồng,2025-10-03,27.339999999999996,32.06,23.54,32.64,38.0,28.560000000000002,0.0,0.0,0.0,0.0,82.0,12.86,25.419999999999998,21.076,1011.1,6.2,23.7,0.0,4.468,20.4191,106.0219,11.14,11.918000000000001,10,40,1,153,1970-01-21 08:44:30.420,1970-01-21 08:45:13.320,Thu,,,
Ninh Bình,Đồng bằng sông Hồng,2025-10-04,27.68,31.339999999999996,24.82,33.86,38.64,30.639999999999997,2.2800000000000002,2.2800000000000002,0.0,6.0,85.4,8.76,22.16,18.964,1010.5799999999999,39.0,24.84,0.0,3.9200000000000004,20.4191,106.0219,11.092,11.9,10,40,61,87,1970-01-21 08:45:56.820,1970-01-21 08:46:39.660,Thu,,,
Ninh Bình,Đồng bằng sông Hồng,2025-10-05,28.24,32.54,24.82,34.12,39.12,30.24,2.06,2.06,0.0,2.0,85.0,14.34,30.24,17.992,1006.46,95.4,25.339999999999996,0.0,3.914,20.4191,106.0219,9.362,11.88,10,40,53,310,1970-01-21 08:47:23.256,1970-01-21 08:48:06.000,Thu,,,
Ninh Bình,Đồng bằng sông Hồng,2025-10-06,25.54,27.639999999999997,23.98,30.54,33.42,28.1,49.4,49.4,0.0,21.4,92.6,16.580000000000002,36.36,4.684,1005.22,100.0,24.240000000000002,0.0,1.106,20.4191,106.0219,0.0,11.86,10,41,65,197,1970-01-21 08:48:49.680,1970-01-21 08:49:32.352,Thu,,,
Ninh Bình,Đồng bằng sông Hồng,2025-10-07,25.259999999999998,27.28,23.54,30.28,32.2,28.32,76.32000000000001,76.32000000000001,0.0,23.4,94.0,16.4,32.480000000000004,5.002,1011.26,99.8,24.220000000000002,0.0,1.16,20.4191,106.0219,0.016,11.84,10,41,65,163,1970-01-21 08:50:16.080,1970-01-21 08:50:58.692,Thu,,,
Ninh Bình,Đồng bằng sông Hồng,2025-10-08,25.96,29.0,23.36,31.1,34.3,27.880000000000003,2.18,2.18,0.0,8.6,87.2,9.440000000000001,22.619999999999997,11.952,1012.8399999999999,72.4,23.580000000000002,0.0,2.496,20.4191,106.0219,4.732,11.82,10,41,51,15,1970-01-21 08:51:42.492,1970-01-21 08:52:25.068,Thu,,,
Ninh Bình,Đồng bằng sông Hồng,2025-10-09,26.52,30.48,23.4,31.96,36.6,28.139999999999997,1.3,1.3,0.0,5.6,86.2,8.78,20.74,17.932,1012.14,40.8,23.84,0.0,3.696,20.4191,106.0219,9.879999999999999,11.802000000000001,10,41,51,26,1970-01-21 08:53:08.940,1970-01-21 08:53:51.420,Thu,,,
Ninh Bình,Đồng bằng sông Hồng,2025-10-10,27.139999999999997,30.98,23.76,32.52,36.88,28.860000000000003,0.6,0.6,0.0,3.0,83.4,9.32,20.6,19.107999999999997,1011.4399999999999,23.8,23.880000000000003,0.0,3.992,20.4191,106.0219,10.914,11.782,10,41,51,46,1970-01-21 08:54:35.340,1970-01-21 08:55:17.760,Thu,,,
Ninh Bình,Đồng bằng sông Hồng,2025-10-11,26.339999999999996,29.8,24.080000000000002,31.919999999999998,35.459999999999994,29.1,8.1,8.1,0.0,11.0,88.2,9.02,23.419999999999998,13.602,1010.8399999999999,82.6,24.119999999999997,0.0,2.784,20.4191,106.0219,7.438,11.762,10,41,63,25,1970-01-21 08:56:01.740,1970-01-21 08:56:44.100,Thu,,,
Ninh Bình,Đồng bằng sông Hồng,2025-10-12,27.18,30.72,24.18,33.0,37.160000000000004,29.619999999999997,0.5599999999999999,0.5599999999999999,0.0,2.4,85.6,8.540000000000001,21.46,17.407999999999998,1010.22,45.6,24.419999999999998,0.0,3.6079999999999997,20.4191,106.0219,10.581999999999999,11.748000000000001,10,41,51,66,1970-01-21 08:57:28.188,1970-01-21 08:58:10.452,Thu,,,
Ninh Bình,Đồng bằng sông Hồng,2025-10-13,26.060000000000002,29.02,24.44,31.52,34.44,29.72,14.74,14.74,0.0,12.8,90.6,13.6,27.74,10.453999999999999,1010.8399999999999,94.2,24.36,0.0,2.148,20.4191,106.0219,5.272,11.728,10,42,63,39,1970-01-21 08:58:54.600,1970-01-21 08:59:36.804,Thu,,,
Ninh Bình,Đồng bằng sông Hồng,2025-10-14,25.18,28.360000000000003,23.54,30.159999999999997,33.34,27.839999999999996,48.78,48.78,0.0,22.2,92.2,13.180000000000001,28.639999999999997,8.376000000000001,1011.1600000000001,99.8,23.740000000000002,0.0,1.7719999999999998,20.4191,106.0219,1.934,11.708000000000002,10,42,65,10,1970-01-21 09:00:21.000,1970-01-21 09:01:03.180,Thu,,,
Ninh Bình,Đồng bằng sông Hồng,2025-10-15,25.52,28.6,23.5,30.7,33.62,28.26,10.440000000000001,10.440000000000001,0.0,12.6,90.0,12.540000000000001,28.060000000000002,10.74,1011.9799999999999,95.8,23.7,0.0,2.216,20.4191,106.0219,5.38,11.687999999999999,10,42,63,87,1970-01-21 09:01:47.448,1970-01-21 09:02:29.520,Thu,,,
Ninh Bình,Đồng bằng sông Hồng,2025-10-16,26.2,30.48,22.96,31.04,36.64,27.080000000000002,8.6,8.6,0.0,9.8,86.0,12.459999999999999,29.22,16.314,1013.36,61.8,23.5,0.0,3.38,20.4191,106.0219,9.8,11.672,10,42,63,7,1970-01-21 09:03:13.860,1970-01-21 09:03:55.860,Thu,,,
Ninh Bình,Đồng bằng sông Hồng,2025-10-17,27.0,30.9,24.04,31.8,35.86,28.560000000000002,1.3,1.3,0.0,7.0,82.4,11.120000000000001,25.98,17.19,1013.54,34.6,23.520000000000003,0.0,3.646,20.4191,106.0219,10.328,11.652000000000001,10,42,51,30,1970-01-21 09:04:40.272,1970-01-21 09:05:22.212,Thu,,,
Ninh Bình,Đồng bằng sông Hồng,2025-10-18,27.060000000000002,30.74,24.14,31.919999999999998,35.58,28.6,1.7,1.7,0.0,3.6,81.6,11.26,27.439999999999998,16.36,1012.76,19.4,23.48,0.0,3.5020000000000002,20.4191,106.0219,10.464,11.632000000000001,10,42,51,24,1970-01-21 09:06:06.708,1970-01-21 09:06:48.600,Thu,,,
Ninh Bình,Đồng bằng sông Hồng,2025-10-19,26.2,30.18,23.32,30.880000000000003,35.440000000000005,27.04,7.92,7.92,0.0,7.8,85.6,15.080000000000002,30.679999999999996,16.172,1012.4399999999999,39.6,23.54,0.0,3.286,20.4191,106.0219,10.454,11.617999999999999,10,42,63,6,1970-01-21 09:07:33.120,1970-01-21 09:08:14.940,Thu,,,
Ninh Bình,Đồng bằng sông Hồng,2025-10-20,25.939999999999998,29.580000000000002,23.240000000000002,28.060000000000002,32.14,24.46,1.54,1.54,0.0,2.0,73.0,19.22,36.92,19.125999999999998,1013.22,15.2,20.44,0.0,4.554,20.4191,106.0219,10.974,11.597999999999999,10,43,51,5,1970-01-21 09:08:59.532,1970-01-21 09:09:41.292,Thu,,,
Ninh Bình,Đồng bằng sông Hồng,2025-10-21,24.279999999999998,26.919999999999998,21.5,23.9,27.060000000000002,20.36,0.0,0.0,0.0,0.0,60.6,23.46,44.0,18.131999999999998,1015.46,33.6,16.14,0.0,5.046,20.4191,106.0219,10.814,11.58,10,43,3,7,1970-01-21 09:10:25.980,1970-01-21 09:11:07.644,Thu,,,
Ninh Bình,Đồng bằng sông Hồng,2025-10-22,22.16,23.94,20.32,20.32,22.240000000000002,17.839999999999996,0.18,0.18,0.0,1.0,57.0,25.14,47.38,14.058000000000002,1017.4399999999999,100.0,13.24,0.0,4.548,20.4191,106.0219,7.6659999999999995,11.56,10,43,51,6,1970-01-21 09:11:52.380,1970-01-21 09:12:34.020,Thu,,,
Ninh Bình,Đồng bằng sông Hồng,2025-10-23,19.56,21.2,18.22,17.82,19.5,16.5,1.5,1.5,0.0,5.2,67.6,23.06,43.54,5.678,1019.0600000000001,99.8,13.3,0.0,2.6559999999999997,20.4191,106.0219,0.0,11.541999999999998,10,43,51,358,1970-01-21 09:13:18.816,1970-01-21 09:14:00.360,Thu,,,
Ninh Bình,Đồng bằng sông Hồng,2025-10-24,19.94,21.919999999999998,17.98,19.740000000000002,21.580000000000002,17.3,1.02,1.02,0.0,3.0,76.4,17.44,33.339999999999996,7.090000000000001,1018.68,97.6,15.62,0.0,2.1,20.4191,106.0219,0.8200000000000001,11.522,10,43,53,340,1970-01-21 09:14:45.240,1970-01-21 09:15:26.712,Thu,,,
Ninh Bình,Đồng bằng sông Hồng,2025-10-25,22.3,25.839999999999996,20.14,22.96,26.7,20.28,0.0,0.0,0.0,0.0,71.6,14.9,29.380000000000003,12.22,1016.8399999999999,71.2,16.82,0.0,3.0300000000000002,20.4191,106.0219,6.282,11.508,10,43,3,344,1970-01-21 09:16:11.652,1970-01-21 09:16:53.100,Thu,,,
Ninh Bình,Đồng bằng sông Hồng,2025-10-26,23.74,27.02,20.84,25.14,28.839999999999996,21.72,0.0,0.0,0.0,0.0,71.4,14.959999999999999,29.880000000000003,13.193999999999999,1016.5,74.2,18.119999999999997,0.0,3.182,20.4191,106.0219,8.918,11.49,10,43,3,359,1970-01-21 09:17:38.100,1970-01-21 09:18:19.440,Thu,,,
Ninh Bình,Đồng bằng sông Hồng,2025-10-27,23.46,26.580000000000002,21.46,24.3,27.7,21.259999999999998,0.0,0.0,0.0,0.0,67.8,16.6,31.339999999999996,9.848,1016.9799999999999,90.8,17.080000000000002,0.0,2.8600000000000003,20.4191,106.0219,4.064,11.47,10,44,3,356,1970-01-21 09:19:04.512,1970-01-21 09:19:45.804,Thu,,,
Ninh Bình,Đồng bằng sông Hồng,2025-10-28,23.759999999999998,26.360000000000003,21.72,25.2,27.2,22.64,0.27999999999999997,0.27999999999999997,0.0,1.2,69.6,15.98,31.18,10.8,1016.76,98.2,17.66,0.0,2.7720000000000002,20.4191,106.0219,3.5740000000000003,11.452,10,44,51,6,1970-01-21 09:20:30.960,1970-01-21 09:21:12.180,Thu,,,
Ninh Bình,Đồng bằng sông Hồng,2025-10-29,23.8,27.119999999999997,20.419999999999998,25.660000000000004,29.0,21.6,0.0,0.0,0.0,0.0,70.8,11.92,25.639999999999997,13.425999999999998,1015.6200000000001,92.4,18.0,0.0,2.99,20.4191,106.0219,8.022,11.437999999999999,10,44,3,0,1970-01-21 09:21:57.360,1970-01-21 09:22:38.532,Thu,,,
Ninh Bình,Đồng bằng sông Hồng,2025-10-30,23.759999999999998,25.28,22.259999999999998,26.46,27.78,24.32,10.040000000000001,10.040000000000001,0.0,14.4,84.8,16.06,30.54,5.465999999999999,1015.3399999999999,100.0,21.0,0.0,1.47,20.4191,106.0219,0.038,11.42,10,44,53,357,1970-01-21 09:23:23.784,1970-01-21 09:24:04.920,Thu,,,
Ninh Bình,Đồng bằng sông Hồng,2025-10-31,23.160000000000004,24.52,22.16,25.7,26.98,24.28,7.040000000000001,7.040000000000001,0.0,14.2,88.0,16.419999999999998,30.1,5.252,1016.0799999999999,100.0,21.02,0.0,1.3199999999999998,20.4191,106.0219,0.022,11.4,10,44,63,14,1970-01-21 09:24:50.220,1970-01-21 09:25:31.260,Thu,,,
Ninh Bình,Đồng bằng sông Hồng,2025-11-01,21.28,22.66,20.28,22.46,24.8,20.759999999999998,4.4399999999999995,4.4399999999999995,0.0,12.0,86.6,18.880000000000003,34.78,4.928,1017.0200000000001,100.0,18.880000000000003,0.0,1.3039999999999998,20.4191,106.0219,0.664,11.388000000000002,11,44,53,1,1970-01-21 09:26:16.644,1970-01-21 09:26:57.636,Thu,,,
Ninh Bình,Đồng bằng sông Hồng,2025-11-02,20.740000000000002,21.84,19.44,21.0,22.06,19.8,1.1400000000000001,1.1400000000000001,0.0,3.4,80.6,18.2,34.760000000000005,5.404,1017.4799999999999,100.0,17.22,0.0,1.734,20.4191,106.0219,0.18,11.37,11,44,51,351,1970-01-21 09:27:43.080,1970-01-21 09:28:24.000,Thu,,,
Ninh Bình,Đồng bằng sông Hồng,2025-11-03,19.4,20.48,17.84,18.84,20.2,17.240000000000002,5.4799999999999995,5.4799999999999995,0.0,13.4,81.8,20.919999999999998,38.239999999999995,4.41,1017.5600000000001,100.0,16.14,0.0,1.5699999999999998,20.4191,106.0219,0.0,11.35,11,45,53,349,1970-01-21 09:29:09.492,1970-01-21 09:29:50.376,Thu,,,
Ninh Bình,Đồng bằng sông Hồng,2025-11-04,18.48,19.619999999999997,17.32,18.32,21.0,16.22,8.22,8.22,0.0,17.4,86.4,21.419999999999998,37.54,3.5780000000000003,1017.1200000000001,100.0,16.16,0.0,1.044,20.4191,106.0219,0.0,11.34,11,45,61,348,1970-01-21 09:30:35.940,1970-01-21 09:31:16.752,Thu,,,
Ninh Bình,Đồng bằng sông Hồng,2025-11-05,20.5,22.64,18.4,21.84,24.0,19.1,2.2800000000000002,2.2800000000000002,0.0,4.0,82.4,12.66,25.28,7.246,1014.4,100.0,17.32,0.0,1.6019999999999999,20.4191,106.0219,0.534,11.32,11,45,51,1,1970-01-21 09:32:02.352,1970-01-21 09:32:43.140,Thu,,,
Ninh Bình,Đồng bằng sông Hồng,2025-11-06,22.080000000000002,24.98,20.160000000000004,24.880000000000003,27.76,22.759999999999998,0.12,0.12,0.0,1.0,85.8,9.040000000000001,19.22,6.196,1012.72,79.0,19.48,0.0,1.392,20.4191,106.0219,0.774,11.302000000000001,11,45,3,3,1970-01-21 09:33:28.800,1970-01-21 09:34:09.492,Thu,,,
Ninh Bình,Đồng bằng sông Hồng,2025-11-07,23.02,24.94,20.759999999999998,25.860000000000003,28.139999999999997,23.22,12.76,12.76,0.0,16.2,91.6,17.560000000000002,33.22,4.648,1011.4,100.0,21.520000000000003,0.0,1.098,20.4191,106.0219,0.0,11.29,11,45,63,1,1970-01-21 09:34:55.224,1970-01-21 09:35:35.880,Thu,,,
Ninh Bình,Đồng bằng sông Hồng,2025-11-08,25.080000000000002,28.639999999999997,22.759999999999998,29.4,32.56,26.360000000000003,14.16,14.16,0.0,17.6,91.0,17.2,35.86,10.488,1012.5200000000001,70.6,23.46,0.0,2.18,20.4191,106.0219,6.273999999999999,11.27,11,45,63,97,1970-01-21 09:36:21.660,1970-01-21 09:37:02.232,Thu,,,
Ninh Bình,Đồng bằng sông Hồng,2025-11-09,24.82,27.96,22.9,29.72,32.8,27.439999999999998,37.58,37.58,0.0,17.6,92.0,12.080000000000002,25.2,9.251999999999999,1012.1600000000001,77.2,23.419999999999998,0.0,1.884,20.4191,106.0219,5.214,11.26,11,45,65,68,1970-01-21 09:37:48.096,1970-01-21 09:38:28.620,Thu,,,
Ninh Bình,Đồng bằng sông Hồng,2025-11-10,24.919999999999998,27.96,23.02,28.660000000000004,31.78,26.6,0.8,0.8,0.0,4.4,83.8,11.459999999999999,24.04,9.898,1010.9,85.4,21.84,0.0,2.25,20.4191,106.0219,4.922,11.24,11,46,3,80,1970-01-21 09:39:14.532,1970-01-21 09:39:55.020,Thu,,,
Ninh Bình,Đồng bằng sông Hồng,2025-11-11,22.98,24.080000000000002,22.16,25.22,27.439999999999998,23.82,0.14,0.14,0.0,1.4,79.0,12.540000000000001,25.28,5.542,1012.0600000000001,99.6,19.02,0.0,1.55,20.4191,106.0219,0.26,11.23,11,46,51,2,1970-01-21 09:40:40.980,1970-01-21 09:41:21.372,Thu,,,
Ninh Bình,Đồng bằng sông Hồng,2025-11-12,22.1,24.72,20.3,22.54,24.82,20.3,0.08,0.08,0.0,0.6,68.2,16.119999999999997,31.32,9.72,1015.22,87.4,15.819999999999999,0.0,2.652,20.4191,106.0219,5.6,11.21,11,46,51,352,1970-01-21 09:42:07.392,1970-01-21 09:42:47.760,Thu,,,
Ninh Bình,Đồng bằng sông Hồng,2025-11-13,22.06,25.82,19.259999999999998,22.44,25.919999999999998,20.080000000000002,0.0,0.0,0.0,0.0,64.6,16.560000000000002,33.36,15.9,1017.76,41.4,14.819999999999999,0.0,3.5780000000000003,20.4191,106.0219,8.696,11.2,11,46,3,0,1970-01-21 09:43:33.840,1970-01-21 09:44:14.160,Thu,,,
Ninh Bình,Đồng bằng sông Hồng,2025-11-14,20.84,26.04,16.619999999999997,21.52,26.18,17.58,0.0,0.0,0.0,0.0,69.6,12.24,26.419999999999998,18.042,1017.78,4.8,14.5,0.0,3.556,20.4191,106.0219,10.858,11.18,11,46,1,357,1970-01-21 09:45:00.252,1970-01-21 09:45:40.512,Thu,,,
Ninh Bình,Đồng bằng sông Hồng,2025-11-15,21.32,27.04,16.3,22.46,27.919999999999998,16.880000000000003,0.0,0.0,0.0,0.0,74.2,13.66,28.939999999999998,17.008000000000003,1019.18,15.2,16.18,0.0,3.4,20.4191,106.0219,10.847999999999999,11.17,11,46,3,1,1970-01-21 09:46:26.700,1970-01-21 09:47:06.912,Thu,,,
Ninh Bình,Đồng bằng sông Hồng,2025-11-16,22.619999999999997,25.54,20.360000000000003,24.080000000000002,26.74,21.84,0.48,0.48,0.0,2.8,76.4,15.060000000000002,28.96,6.779999999999999,1019.6,88.2,18.160000000000004,0.0,1.9280000000000002,20.4191,106.0219,2.432,11.158,11,46,51,334,1970-01-21 09:47:53.136,1970-01-21 09:48:33.300,Thu,,,
Ninh Bình,Đồng bằng sông Hồng,2025-11-17,22.78,25.74,21.1,25.22,27.9,23.18,3.78,3.78,0.0,9.0,84.8,12.78,27.360000000000003,6.4239999999999995,1019.46,91.2,20.04,0.0,1.554,20.4191,106.0219,2.218,11.14,11,47,53,13,1970-01-21 09:49:19.572,1970-01-21 09:49:59.688,Thu,,,
Ninh Bình,Đồng bằng sông Hồng,2025-11-18,18.84,21.98,13.440000000000001,18.740000000000002,24.4,10.5,10.6,10.6,0.0,20.2,88.6,24.880000000000003,44.38,3.068,1023.1,100.0,16.9,0.0,1.032,20.4191,106.0219,0.0,11.13,11,47,61,9,1970-01-21 09:50:46.020,1970-01-21 09:51:26.064,Thu,,,
Ninh Bình,Đồng bằng sông Hồng,2025-11-19,14.319999999999999,16.8,11.98,11.3,13.76,8.58,4.26,4.26,0.0,8.4,72.2,24.94,46.94,9.614,1027.1200000000001,89.0,9.120000000000001,0.0,2.268,20.4191,106.0219,4.061999999999999,11.117999999999999,11,47,53,1,1970-01-21 09:52:12.432,1970-01-21 09:52:52.452,Thu,,,
Ninh Bình,Đồng bằng sông Hồng,2025-11-20,17.22,21.3,13.459999999999999,15.38,19.06,11.28,0.0,0.0,0.0,0.0,60.4,17.619999999999997,34.94,17.136,1024.6799999999998,29.2,9.18,0.0,3.55,20.4191,106.0219,10.692,11.1,11,47,3,0,1970-01-21 09:53:38.880,1970-01-21 09:54:18.852,Thu,,,
Ninh Bình,Đồng bằng sông Hồng,2025-11-21,18.56,23.34,14.719999999999999,16.880000000000003,21.82,12.64,0.0,0.0,0.0,0.0,57.6,19.3,37.6,17.25,1023.78,10.0,9.72,0.0,3.8600000000000003,20.4191,106.0219,10.7,11.09,11,47,2,1,1970-01-21 09:55:05.316,1970-01-21 09:55:45.252,Thu,,,
Ninh Bình,Đồng bằng sông Hồng,2025-11-22,19.22,23.9,14.319999999999999,18.44,22.72,13.34,0.0,0.0,0.0,0.0,60.0,11.3,25.1,16.016,1021.22,33.4,10.8,0.0,3.2920000000000003,20.4191,106.0219,10.576,11.08,11,47,3,11,1970-01-21 09:56:31.752,1970-01-21 09:57:11.640,Thu,,,
Ninh Bình,Đồng bằng sông Hồng,2025-11-23,20.080000000000002,25.2,15.86,20.44,25.74,15.62,0.0,0.0,0.0,0.0,67.2,11.14,24.78,17.078,1019.5200000000001,8.0,13.48,0.0,3.316,20.4191,106.0219,10.534,11.07,11,47,0,6,1970-01-21 09:57:58.200,1970-01-21 09:58:38.040,Thu,,,
Ninh Bình,Đồng bằng sông Hồng,2025-11-24,20.18,25.68,15.919999999999998,19.94,25.0,16.02,0.0,0.0,0.0,0.0,68.6,17.380000000000003,34.18,17.009999999999998,1019.82,9.0,13.76,0.0,3.682,20.4191,106.0219,10.202,11.058,11,48,1,355,1970-01-21 09:59:24.612,1970-01-21 10:00:04.440,Thu,,,
Ninh Bình,Đồng bằng sông Hồng,2025-11-25,19.54,24.0,15.959999999999999,17.919999999999998,22.259999999999998,14.459999999999999,0.0,0.0,0.0,0.0,57.8,22.9,43.42,17.238,1020.9399999999999,35.6,10.68,0.0,4.088,20.4191,106.0219,10.578,11.041999999999998,11,48,3,355,1970-01-21 10:00:51.072,1970-01-21 10:01:30.828,Thu,,,
Ninh Bình,Đồng bằng sông Hồng,2025-11-26,17.6,23.5,13.2,16.619999999999997,22.8,11.98,0.0,0.0,0.0,0.0,65.4,12.919999999999998,27.060000000000002,17.412,1020.28,35.2,10.559999999999999,0.0,3.3519999999999994,20.4191,106.0219,10.66,11.032,11,48,3,354,1970-01-21 10:02:17.508,1970-01-21 10:02:57.228,Thu,,,
Ninh Bình,Đồng bằng sông Hồng,2025-11-27,18.02,23.740000000000002,14.3,15.5,20.48,11.84,0.0,0.0,0.0,0.0,54.0,26.96,50.62,17.688,1023.0799999999999,57.0,8.0,0.0,4.262,20.4191,106.0219,10.664,11.022,11,48,3,2,1970-01-21 10:03:43.932,1970-01-21 10:04:23.628,Thu,,,
Ninh Bình,Đồng bằng sông Hồng,2025-11-28,17.419999999999998,23.76,12.940000000000001,15.780000000000001,21.880000000000003,10.5,0.0,0.0,0.0,0.0,57.4,16.78,33.92,17.806,1018.9399999999999,57.8,8.379999999999999,0.0,3.6719999999999997,20.4191,106.0219,10.478,11.012,11,48,3,339,1970-01-21 10:05:10.380,1970-01-21 10:05:50.040,Thu,,,
Ninh Bình,Đồng bằng sông Hồng,2025-11-29,17.3,23.86,11.28,17.02,24.1,10.32,0.0,0.0,0.0,0.0,67.6,8.28,18.64,17.428,1015.6600000000001,10.0,10.74,0.0,3.116,20.4191,106.0219,10.574,11.001999999999999,11,48,3,7,1970-01-21 10:06:36.816,1970-01-21 10:07:16.440,Thu,,,
Ninh Bình,Đồng bằng sông Hồng,2025-11-30,20.14,25.660000000000004,15.86,21.36,27.080000000000002,16.119999999999997,0.0,0.0,0.0,0.0,75.0,9.32,19.2,15.613999999999999,1013.9,38.6,15.319999999999999,0.0,2.9,20.4191,106.0219,10.052,10.992,11,48,3,22,1970-01-21 10:08:03.252,1970-01-21 10:08:42.840,Thu,,,
Ninh Bình,Đồng bằng sông Hồng,2025-12-01,21.06,24.919999999999998,18.28,22.96,27.339999999999996,20.44,0.48,0.48,0.0,3.0,85.8,14.419999999999998,29.96,9.958,1014.32,67.8,18.4,0.0,1.9780000000000002,20.4191,106.0219,5.1160000000000005,10.988,12,49,51,4,1970-01-21 10:09:29.700,1970-01-21 10:10:09.252,Đông,,,
Ninh Bình,Đồng bằng sông Hồng,2025-12-02,22.68,27.52,18.94,25.860000000000003,30.28,21.380000000000003,0.22000000000000003,0.22000000000000003,0.0,1.8,85.4,11.5,20.02,11.472,1013.5,66.2,19.82,0.0,2.306,20.4191,106.0219,7.595999999999999,10.978,12,49,51,110,1970-01-21 10:10:56.136,1970-01-21 10:11:35.652,Đông,,,
Ninh Bình,Đồng bằng sông Hồng,2025-12-03,21.419999999999998,23.919999999999998,19.7,23.32,25.880000000000003,20.18,4.4399999999999995,4.4399999999999995,0.0,11.6,85.4,16.28,30.68,6.39,1018.4799999999999,96.6,18.72,0.0,1.5459999999999998,20.4191,106.0219,2.054,10.97,12,49,61,4,1970-01-21 10:12:22.572,1970-01-21 10:13:02.052,Đông,,,
Ninh Bình,Đồng bằng sông Hồng,2025-12-04,20.72,24.54,17.7,21.46,25.54,18.18,0.0,0.0,0.0,0.0,72.4,12.1,23.240000000000002,11.066,1019.46,69.2,15.419999999999998,0.0,2.418,20.4191,106.0219,6.314,10.96,12,49,3,32,1970-01-21 10:13:49.020,1970-01-21 10:14:28.464,Đông,,,
Ninh Bình,Đồng bằng sông Hồng,2025-12-05,20.32,21.880000000000003,18.34,21.28,22.86,19.5,0.8400000000000001,0.8400000000000001,0.0,3.6,79.4,13.2,25.96,3.88,1020.5600000000001,95.6,16.619999999999997,0.0,1.228,20.4191,106.0219,0.046,10.952,12,49,51,4,1970-01-21 10:15:15.444,1970-01-21 10:15:54.888,Đông,,,
Ninh Bình,Đồng bằng sông Hồng,2025-12-06,20.28,24.119999999999997,17.78,21.3,25.14,18.58,0.0,0.0,0.0,0.0,76.8,11.42,21.24,11.166,1019.02,63.4,15.86,0.0,2.3259999999999996,20.4191,106.0219,6.252,10.948,12,49,3,59,1970-01-21 10:16:41.892,1970-01-21 10:17:21.300,Đông,,,
Ninh Bình,Đồng bằng sông Hồng,2025-12-07,20.72,25.08,17.56,22.82,26.8,19.5,0.62,0.62,0.0,4.4,86.8,12.46,24.76,10.58,1018.5,51.4,18.24,0.0,2.116,20.4191,106.0219,6.9,10.94,12,49,51,58,1970-01-21 10:18:08.340,1970-01-21 10:18:47.712,Đông,,,
Ninh Bình,Đồng bằng sông Hồng,2025-12-08,20.92,25.18,18.18,22.04,25.78,19.22,0.1399999999999999,0.1399999999999999,0.0,0.8,77.8,13.9,28.02,13.808000000000002,1020.02,43.0,16.5,0.0,2.736,20.4191,106.0219,10.01,10.932,12,50,3,6,1970-01-21 10:19:34.752,1970-01-21 10:20:14.112,Đông,,,
Ninh Bình,Đồng bằng sông Hồng,2025-12-09,20.119999999999997,25.58,15.68,21.1,25.880000000000003,16.52,0.18,0.18,0.0,1.0,77.4,12.42,23.48,13.082,1018.88,44.4,15.56,0.0,2.662,20.4191,106.0219,9.872,10.928,12,50,51,52,1970-01-21 10:21:01.212,1970-01-21 10:21:40.536,Đông,,,
Ninh Bình,Đồng bằng sông Hồng,2025-12-10,20.78,26.08,15.94,22.42,27.339999999999996,17.38,0.0,0.0,0.0,0.0,80.2,12.4,23.2,13.446000000000002,1017.8,50.6,16.84,0.0,2.68,20.4191,106.0219,9.214,10.922,12,50,3,64,1970-01-21 10:22:27.636,1970-01-21 10:23:06.960,Đông,,,
Ninh Bình,Đồng bằng sông Hồng,2025-12-11,21.16,22.8,19.880000000000003,23.06,23.82,22.24,0.3,0.3,0.0,2.0,81.4,11.88,24.2,4.748,1017.78,98.0,17.759999999999998,0.0,1.234,20.4191,106.0219,0.662,10.918,12,50,51,1,1970-01-21 10:23:54.072,1970-01-21 10:24:33.372,Đông,,,
Ninh Bình,Đồng bằng sông Hồng,2025-12-12,22.08,25.08,19.86,24.74,27.8,22.380000000000003,0.4,0.4,0.0,2.2,82.4,9.82,17.28,7.75,1015.54,79.4,18.880000000000003,0.0,1.652,20.4191,106.0219,2.278,10.912,12,50,51,108,1970-01-21 10:25:20.520,1970-01-21 10:25:59.784,Đông,,,
Ninh Bình,Đồng bằng sông Hồng,2025-12-13,20.46,22.82,16.34,22.139999999999997,26.44,15.12,24.28,24.28,0.0,19.8,92.2,25.14,46.239999999999995,4.1579999999999995,1018.38,98.0,19.119999999999997,0.0,0.996,20.4191,106.0219,0.508,10.908,12,50,63,1,1970-01-21 10:26:46.932,1970-01-21 10:27:26.220,Đông,,,
Ninh Bình,Đồng bằng sông Hồng,2025-12-14,16.78,19.14,14.74,15.64,18.24,13.919999999999998,3.06,3.06,0.0,6.2,68.4,15.28,28.880000000000003,6.99,1022.38,73.4,10.64,0.0,1.874,20.4191,106.0219,3.51,10.902,12,50,53,19,1970-01-21 10:28:13.380,1970-01-21 10:28:52.632,Đông,,,
Ninh Bình,Đồng bằng sông Hồng,2025-12-15,18.24,21.64,14.98,18.28,21.98,14.64,0.0,0.0,0.0,0.0,72.2,9.76,20.22,9.352,1019.56,63.6,12.98,0.0,1.974,20.4191,106.0219,4.446,10.902,12,51,3,43,1970-01-21 10:29:39.792,1970-01-21 10:30:19.044,Đông,,,
Ninh Bình,Đồng bằng sông Hồng,2025-12-16,19.66,22.66,16.28,21.02,24.04,17.419999999999998,0.0,0.0,0.0,0.0,82.0,9.26,20.02,8.102,1018.22,87.2,16.380000000000003,0.0,1.672,20.4191,106.0219,3.01,10.9,12,51,3,2,1970-01-21 10:31:06.252,1970-01-21 10:31:45.480,Đông,,,
Ninh Bình,Đồng bằng sông Hồng,2025-12-17,20.2,23.860000000000003,18.380000000000003,21.66,25.34,19.56,5.4799999999999995,5.4799999999999995,0.0,12.4,86.6,14.7,28.82,8.925999999999998,1020.22,83.2,17.8,0.0,1.766,20.4191,106.0219,5.742,10.898,12,51,61,4,1970-01-21 10:32:32.664,1970-01-21 10:33:11.892,Đông,,,
Ninh Bình,Đồng bằng sông Hồng,2025-12-18,20.26,25.28,16.98,21.26,26.58,17.7,0.0,0.0,0.0,0.0,78.0,11.74,24.34,15.218,1018.76,18.4,15.88,0.0,2.92,20.4191,106.0219,10.0,10.898,12,51,3,14,1970-01-21 10:33:59.112,1970-01-21 10:34:38.328,Đông,,,
Ninh Bình,Đồng bằng sông Hồng,2025-12-19,19.98,26.18,14.94,21.68,27.52,16.28,0.0,0.0,0.0,0.0,84.4,14.56,26.639999999999997,14.94,1014.92,25.6,16.84,0.0,2.838,20.4191,106.0219,9.6,10.892,12,51,3,113,1970-01-21 10:35:25.536,1970-01-21 10:36:04.752,Đông,,,
Ninh Bình,Đồng bằng sông Hồng,2025-12-20,21.52,25.4,19.02,24.06,27.839999999999996,21.72,0.9,0.9,0.0,6.6,86.4,10.08,21.1,11.446000000000002,1015.5,58.4,18.92,0.0,2.248,20.4191,106.0219,7.674,10.892,12,51,51,78,1970-01-21 10:36:51.972,1970-01-21 10:37:31.188,Đông,,,
Ninh Bình,Đồng bằng sông Hồng,2025-12-21,21.26,25.68,18.28,23.2,27.48,19.82,0.8400000000000001,0.8400000000000001,0.0,4.2,84.2,15.56,30.660000000000004,12.188,1017.52,45.6,18.22,0.0,2.342,20.4191,106.0219,9.084,10.892,12,51,51,1,1970-01-21 10:38:18.408,1970-01-21 10:38:57.612,Đông,,,
Ninh Bình,Đồng bằng sông Hồng,2025-12-22,21.56,25.48,18.44,23.54,27.08,20.4,1.22,1.22,0.0,7.6,84.4,14.44,29.8,12.14,1015.5,38.2,18.619999999999997,0.0,2.416,20.4191,106.0219,9.954,10.892,12,52,51,99,1970-01-21 10:39:44.832,1970-01-21 10:40:24.048,Đông,,,
Ninh Bình,Đồng bằng sông Hồng,2025-12-23,22.26,26.08,19.9,24.56,27.839999999999996,22.32,0.92,0.92,0.0,6.4,86.2,16.44,32.92,11.096,1014.1,51.6,19.66,0.0,2.2960000000000003,20.4191,106.0219,8.764,10.892,12,52,51,140,1970-01-21 10:41:11.268,1970-01-21 10:41:50.472,Đông,,,
Ninh Bình,Đồng bằng sông Hồng,2025-12-24,22.68,26.98,19.76,25.34,29.32,22.54,1.3,1.3,0.0,7.2,86.0,14.580000000000002,28.22,13.21,1013.22,58.2,19.96,0.0,2.67,20.4191,106.0219,9.366,10.892,12,52,51,113,1970-01-21 10:42:37.692,1970-01-21 10:43:16.920,Đông,,,
Ninh Bình,Đồng bằng sông Hồng,2025-12-25,17.72,20.56,15.22,15.7,22.06,12.16,5.86,5.86,0.0,9.6,67.4,23.76,43.72,6.7,1019.84,96.8,11.16,0.0,2.334,20.4191,106.0219,3.3239999999999994,10.898,12,52,63,7,1970-01-21 10:44:04.116,1970-01-21 10:44:43.332,Đông,,,
Ninh Bình,Đồng bằng sông Hồng,2025-12-26,16.6,20.36,13.76,14.78,19.42,11.66,0.0,0.0,0.0,0.0,54.2,13.74,26.26,16.34,1020.66,26.8,7.06,0.0,3.372,20.4191,106.0219,10.0,10.898,12,52,3,46,1970-01-21 10:45:30.552,1970-01-21 10:46:09.780,Đông,,,
Ninh Bình,Đồng bằng sông Hồng,2025-12-27,16.22,20.54,12.68,15.3,19.5,11.48,0.0,0.0,0.0,0.0,68.4,11.82,26.28,13.542000000000002,1019.78,34.6,10.0,0.0,2.478,20.4191,106.0219,9.492,10.9,12,52,3,2,1970-01-21 10:46:56.964,1970-01-21 10:47:36.204,Đông,,,
Ninh Bình,Đồng bằng sông Hồng,2025-12-28,17.5,21.44,13.36,17.42,21.619999999999997,12.88,0.0,0.0,0.0,0.0,71.0,8.459999999999999,18.42,9.036,1018.72,71.8,12.0,0.0,1.864,20.4191,106.0219,3.846,10.902,12,52,3,8,1970-01-21 10:48:23.400,1970-01-21 10:49:02.652,Đông,,,
Ninh Bình,Đồng bằng sông Hồng,2025-12-29,19.4,23.619999999999997,15.02,20.16,24.22,15.9,0.06,0.06,0.0,0.6,77.8,12.4,24.54,9.508,1015.7,62.8,15.18,0.0,2.06,20.4191,106.0219,5.992,10.908,12,1,3,113,1970-01-21 10:49:49.812,1970-01-21 10:50:29.088,Đông,,,
Ninh Bình,Đồng bằng sông Hồng,2025-12-30,20.7,24.54,18.04,21.880000000000003,24.92,19.68,0.58,0.58,0.0,4.2,79.4,13.46,26.52,10.72,1014.64,70.4,16.8,0.0,2.314,20.4191,106.0219,8.562000000000001,10.91,12,1,51,128,1970-01-21 10:51:16.248,1970-01-21 10:51:55.512,Đông,,,
Ninh Bình,Đồng bằng sông Hồng,2025-12-31,20.78,24.92,17.66,22.28,25.58,19.46,0.78,0.78,0.0,5.2,84.8,15.96,30.8,11.236,1011.88,80.8,17.939999999999998,0.0,2.318,20.4191,106.0219,9.55,10.912,12,1,51,158,1970-01-21 10:52:42.672,1970-01-21 10:53:21.960,Đông,,,
Ninh Bình,Đồng bằng sông Hồng,2026-01-01,20.7,24.72,18.72,22.28,26.4,18.880000000000003,5.619999999999999,5.619999999999999,0.0,14.0,85.6,14.84,29.52,9.086,1015.42,84.6,18.06,0.0,1.88,20.4191,106.0219,7.0200000000000005,10.918,1,1,61,90,1970-01-21 10:54:09.072,1970-01-21 10:54:48.372,Đông,,,
Ninh Bình,Đồng bằng sông Hồng,2026-01-02,17.34,18.880000000000003,15.16,16.3,18.64,13.86,0.42,0.42,0.0,3.0,74.6,17.119999999999997,32.7,3.88,1021.76,98.4,12.72,0.0,1.526,20.4191,106.0219,0.0,10.922,1,1,51,4,1970-01-21 10:55:35.508,1970-01-21 10:56:14.832,Đông,,,
Ninh Bình,Đồng bằng sông Hồng,2026-01-03,16.84,19.56,14.26,15.84,18.619999999999997,12.58,0.0,0.0,0.0,0.0,71.2,13.3,26.0,7.76,1022.26,89.0,11.52,0.0,1.946,20.4191,106.0219,3.71,10.928,1,1,3,58,1970-01-21 10:57:01.920,1970-01-21 10:57:41.256,Đông,,,
Ninh Bình,Đồng bằng sông Hồng,2026-01-04,18.14,22.380000000000003,15.3,18.96,23.78,15.38,0.9,0.9,0.0,4.6,83.4,10.36,20.2,8.258,1019.66,90.8,15.14,0.0,1.632,20.4191,106.0219,4.706,10.932,1,1,51,16,1970-01-21 10:58:28.332,1970-01-21 10:59:07.692,Đông,,,
Ninh Bình,Đồng bằng sông Hồng,2026-01-05,17.32,20.04,14.26,16.86,19.64,12.62,1.1,1.1,0.0,4.8,80.0,16.7,32.019999999999996,5.67,1021.32,89.4,13.7,0.0,1.5619999999999998,20.4191,106.0219,0.858,10.94,1,2,51,17,1970-01-21 10:59:54.732,1970-01-21 11:00:34.140,Đông,,,
Ninh Bình,Đồng bằng sông Hồng,2026-01-06,14.22,15.54,11.96,11.56,12.919999999999998,10.28,0.16,0.16,0.0,1.2,66.8,19.56,37.08,5.944,1025.8,81.0,8.02,0.0,1.954,20.4191,106.0219,1.6759999999999995,10.948,1,2,3,357,1970-01-21 11:01:21.168,1970-01-21 11:02:00.564,Đông,,,
Ninh Bình,Đồng bằng sông Hồng,2026-01-07,14.4,19.64,10.3,12.6,17.96,8.620000000000001,0.0,0.0,0.0,0.0,64.6,15.2,31.48,16.736,1026.14,10.2,7.1,0.0,2.956,20.4191,106.0219,10.016,10.952,1,2,0,8,1970-01-21 11:02:47.580,1970-01-21 11:03:27.012,Đông,,,
Ninh Bình,Đồng bằng sông Hồng,2026-01-08,14.5,20.42,9.66,12.8,18.52,7.92,0.0,0.0,0.0,0.0,62.8,13.3,28.8,17.208,1025.98,19.2,6.58,0.0,3.0119999999999996,20.4191,106.0219,10.038,10.96,1,2,3,5,1970-01-21 11:04:13.992,1970-01-21 11:04:53.460,Đông,,,
Ninh Bình,Đồng bằng sông Hồng,2026-01-09,15.1,21.56,9.28,13.94,20.44,7.94,0.0,0.0,0.0,0.0,65.0,9.86,20.66,17.208000000000002,1022.72,56.4,7.720000000000001,0.0,3.008,20.4191,106.0219,10.064,10.97,1,2,3,54,1970-01-21 11:05:40.392,1970-01-21 11:06:19.872,Đông,,,
Ninh Bình,Đồng bằng sông Hồng,2026-01-10,15.78,22.76,9.92,15.4,22.08,9.3,0.0,0.0,0.0,0.0,74.8,10.24,22.82,16.586000000000002,1020.64,20.2,10.56,0.0,2.932,20.4191,106.0219,9.648,10.98,1,2,3,82,1970-01-21 11:07:06.792,1970-01-21 11:07:46.332,Đông,,,
Ninh Bình,Đồng bằng sông Hồng,2026-01-11,16.54,23.2,11.88,15.78,22.74,11.26,0.0,0.0,0.0,0.0,70.8,13.1,27.639999999999997,17.036,1022.96,26.6,10.3,0.0,3.138,20.4191,106.0219,10.064,10.988,1,2,3,20,1970-01-21 11:08:33.216,1970-01-21 11:09:12.780,Đông,,,
Ninh Bình,Đồng bằng sông Hồng,2026-01-12,17.36,23.54,11.8,17.52,23.64,11.68,0.0,0.0,0.0,0.0,76.4,13.34,24.92,12.754,1020.32,44.4,12.66,0.0,2.5,20.4191,106.0219,9.084,10.998,1,3,3,109,1970-01-21 11:09:59.628,1970-01-21 11:10:39.204,Đông,,,
Ninh Bình,Đồng bằng sông Hồng,2026-01-13,18.2,24.6,13.919999999999998,18.26,24.6,13.66,0.0,0.0,0.0,0.0,75.2,13.96,26.8,16.580000000000002,1019.24,6.0,13.1,0.0,3.06,20.4191,106.0219,10.1,11.008,1,3,2,7,1970-01-21 11:11:26.040,1970-01-21 11:12:05.652,Đông,,,
Ninh Bình,Đồng bằng sông Hồng,2026-01-14,18.92,25.18,13.84,19.56,25.24,14.52,0.02,0.02,0.0,0.2,80.0,15.98,30.160000000000004,13.32,1015.98,30.4,14.86,0.0,2.732,20.4191,106.0219,8.937999999999999,11.018,1,3,3,124,1970-01-21 11:12:52.440,1970-01-21 11:13:32.100,Đông,,,
Ninh Bình,Đồng bằng sông Hồng,2026-01-15,19.2,22.74,16.119999999999997,20.86,24.44,17.56,0.86,0.86,0.0,4.6,87.6,9.4,20.02,6.7620000000000005,1015.98,62.0,16.98,0.0,1.424,20.4191,106.0219,2.3579999999999997,11.028,1,3,51,98,1970-01-21 11:14:18.840,1970-01-21 11:14:58.524,Đông,,,
Ninh Bình,Đồng bằng sông Hồng,2026-01-16,20.96,26.08,17.080000000000002,22.46,26.54,18.92,0.36,0.36,0.0,2.8,84.2,15.86,32.06,11.052,1012.68,60.8,17.82,0.0,2.43,20.4191,106.0219,6.903999999999999,11.04,1,3,51,160,1970-01-21 11:15:45.240,1970-01-21 11:16:24.972,Đông,,,
Ninh Bình,Đồng bằng sông Hồng,2026-01-17,20.5,24.0,18.119999999999997,22.68,26.139999999999997,20.380000000000003,2.3600000000000003,2.3600000000000003,0.0,7.8,89.2,13.68,25.54,7.182,1012.1,80.4,18.56,0.0,1.514,20.4191,106.0219,3.532,11.05,1,3,55,105,1970-01-21 11:17:11.640,1970-01-21 11:17:51.420,Đông,,,
Ninh Bình,Đồng bằng sông Hồng,2026-01-18,21.34,25.94,18.58,23.28,27.76,20.86,1.3,1.3,0.0,8.2,85.6,15.94,31.04,12.85,1011.44,64.0,18.58,0.0,2.572,20.4191,106.0219,8.85,11.06,1,3,51,126,1970-01-21 11:18:38.040,1970-01-21 11:19:17.844,Đông,,,
Ninh Bình,Đồng bằng sông Hồng,2026-01-19,21.22,26.119999999999997,17.56,22.7,26.24,19.5,0.38,0.38,0.0,3.4,84.4,18.22,35.660000000000004,11.796,1012.04,61.8,18.14,0.0,2.572,20.4191,106.0219,7.9,11.07,1,4,51,148,1970-01-21 11:20:04.440,1970-01-21 11:20:44.292,Đông,,,
Ninh Bình,Đồng bằng sông Hồng,2026-01-20,21.44,25.28,18.92,23.44,26.48,21.32,2.18,2.18,0.0,11.0,87.6,17.84,34.86,11.58,1014.36,60.0,19.12,0.0,2.3240000000000003,20.4191,106.0219,8.222,11.08,1,4,53,147,1970-01-21 11:21:30.840,1970-01-21 11:22:10.740,Đông,,,
Ninh Bình,Đồng bằng sông Hồng,2026-01-21,18.06,20.54,14.8,17.9,22.02,13.28,5.04,5.04,0.0,13.2,83.4,21.64,40.9,5.268,1018.78,91.2,15.14,0.0,1.412,20.4191,106.0219,1.374,11.092,1,4,53,65,1970-01-21 11:22:57.240,1970-01-21 11:23:37.164,Đông,,,
Ninh Bình,Đồng bằng sông Hồng,2026-01-22,12.14,14.36,10.96,9.56,12.62,8.120000000000001,1.14,1.14,0.0,5.4,75.8,17.919999999999998,34.760000000000005,4.942,1023.9,100.0,7.9,0.0,1.34,20.4191,106.0219,0.172,11.11,1,4,51,356,1970-01-21 11:24:23.640,1970-01-21 11:25:03.612,Đông,,,
Ninh Bình,Đồng bằng sông Hồng,2026-01-23,13.52,17.96,10.04,12.0,17.6,7.44,0.2,0.2,0.0,2.0,73.0,12.919999999999998,23.92,10.87,1024.14,96.8,8.66,0.0,2.028,20.4191,106.0219,4.3740000000000006,11.12,1,4,51,7,1970-01-21 11:25:50.016,1970-01-21 11:26:30.060,Đông,,,
Ninh Bình,Đồng bằng sông Hồng,2026-01-24,14.96,17.740000000000002,12.64,14.26,17.8,11.14,0.08,0.08,0.0,0.8,78.8,10.86,20.46,7.38,1021.88,96.0,11.26,0.0,1.482,20.4191,106.0219,1.108,11.13,1,4,3,1,1970-01-21 11:27:16.392,1970-01-21 11:27:56.472,Đông,,,
Ninh Bình,Đồng bằng sông Hồng,2026-01-25,18.18,23.64,13.84,18.94,23.32,14.56,0.18,0.18,0.0,1.8,84.0,17.740000000000002,34.64,10.624,1017.42,61.6,15.24,0.0,2.1399999999999997,20.4191,106.0219,6.214,11.148,1,4,51,153,1970-01-21 11:28:42.792,1970-01-21 11:29:22.920,Đông,,,
Ninh Bình,Đồng bằng sông Hồng,2026-01-26,19.44,23.4,16.32,21.3,25.44,18.16,2.82,2.82,0.0,11.4,88.8,12.0,24.139999999999997,9.742,1019.0,67.4,17.4,0.0,1.89,20.4191,106.0219,6.104,11.16,1,5,53,99,1970-01-21 11:30:09.192,1970-01-21 11:30:49.356,Đông,,,
Ninh Bình,Đồng bằng sông Hồng,2026-01-27,19.84,24.42,16.240000000000002,21.14,25.4,17.419999999999998,0.12,0.12,0.0,1.2,82.2,12.34,23.4,11.418,1019.76,67.6,16.380000000000003,0.0,2.352,20.4191,106.0219,6.851999999999999,11.17,1,5,51,88,1970-01-21 11:31:35.580,1970-01-21 11:32:15.792,Đông,,,
Ninh Bình,Đồng bằng sông Hồng,2026-01-28,18.74,24.44,14.76,19.34,25.16,15.66,0.0,0.0,0.0,0.0,80.0,14.419999999999998,28.22,15.75,1019.72,22.4,14.74,0.0,3.064,20.4191,106.0219,9.88,11.19,1,5,3,87,1970-01-21 11:33:01.956,1970-01-21 11:33:42.240,Đông,,,
Ninh Bình,Đồng bằng sông Hồng,2026-01-29,20.02,25.08,15.5,20.94,24.78,16.48,0.1399999999999999,0.1399999999999999,0.0,1.4,85.2,18.98,36.94,11.056,1016.8,63.6,17.1,0.0,2.378,20.4191,106.0219,7.132,11.2,1,5,51,168,1970-01-21 11:34:28.332,1970-01-21 11:35:08.664,Đông,,,
Ninh Bình,Đồng bằng sông Hồng,2026-01-30,21.3,25.660000000000004,18.04,22.880000000000003,26.58,19.98,0.86,0.86,0.0,5.8,84.4,17.5,35.3,14.652,1017.22,49.8,18.32,0.0,2.928,20.4191,106.0219,9.306,11.22,1,5,51,151,1970-01-21 11:35:54.732,1970-01-21 11:36:35.112,Đông,,,
Ninh Bình,Đồng bằng sông Hồng,2026-01-31,19.96,22.860000000000003,17.5,21.14,23.24,18.4,0.8400000000000001,0.8400000000000001,0.0,3.2,83.4,15.9,32.06,8.602,1020.42,86.2,16.84,0.0,1.832,20.4191,106.0219,3.2,11.23,1,5,53,46,1970-01-21 11:37:21.120,1970-01-21 11:38:01.560,Đông,,,
Ninh Bình,Đồng bằng sông Hồng,2026-02-01,18.46,21.88,15.3,18.380000000000003,21.74,15.64,0.06,0.06,0.0,0.6,73.4,11.32,23.46,9.464,1022.04,70.6,13.44,0.0,2.124,20.4191,106.0219,4.726,11.25,2,5,3,63,1970-01-21 11:38:47.472,1970-01-21 11:39:27.972,Đông,,,
Ninh Bình,Đồng bằng sông Hồng,2026-02-02,17.2,20.74,14.04,16.619999999999997,19.98,13.46,0.3,0.3,0.0,2.4,73.2,13.1,25.7,8.424000000000001,1023.8,65.4,12.22,0.0,1.9579999999999995,20.4191,106.0219,4.05,11.26,2,6,51,16,1970-01-21 11:40:13.872,1970-01-21 11:40:54.420,Đông,,,
Ninh Bình,Đồng bằng sông Hồng,2026-02-03,17.119999999999997,21.84,12.52,17.04,22.26,12.14,0.0,0.0,0.0,0.0,76.2,10.0,20.24,11.82,1022.76,66.4,12.54,0.0,2.316,20.4191,106.0219,5.276,11.28,2,6,3,52,1970-01-21 11:41:40.260,1970-01-21 11:42:20.844,Đông,,,
Ninh Bình,Đồng bằng sông Hồng,2026-02-04,18.839999999999996,24.24,14.66,19.68,24.4,15.46,0.2799999999999999,0.2799999999999999,0.0,2.0,84.4,15.2,28.160000000000004,10.458,1017.8,54.2,15.84,0.0,2.2039999999999997,20.4191,106.0219,5.764,11.298,2,6,51,154,1970-01-21 11:43:06.612,1970-01-21 11:43:47.292,Đông,,,
Ninh Bình,Đồng bằng sông Hồng,2026-02-05,21.18,26.06,17.419999999999998,22.98,27.139999999999997,19.18,0.4800000000000001,0.4800000000000001,0.0,3.4,86.4,17.02,31.98,10.394,1014.48,69.2,18.56,0.0,2.2380000000000004,20.4191,106.0219,5.720000000000001,11.31,2,6,51,164,1970-01-21 11:44:33.000,1970-01-21 11:45:13.740,Đông,,,
Ninh Bình,Đồng bằng sông Hồng,2026-02-06,22.18,25.42,20.36,24.76,27.78,23.04,1.1800000000000002,1.1800000000000002,0.0,7.2,88.4,15.46,29.660000000000004,8.386,1013.74,86.0,20.04,0.0,1.82,20.4191,106.0219,3.1239999999999997,11.33,2,6,51,150,1970-01-21 11:45:59.376,1970-01-21 11:46:40.152,Đông,,,
Ninh Bình,Đồng bằng sông Hồng,2026-02-07,21.84,26.08,19.38,23.7,26.639999999999997,21.32,1.0799999999999998,1.0799999999999998,0.0,5.8,85.2,17.0,33.339999999999996,10.618,1015.84,70.0,19.0,0.0,2.3200000000000003,20.4191,106.0219,5.954,11.342,2,6,51,126,1970-01-21 11:47:25.752,1970-01-21 11:48:06.600,Đông,,,
Ninh Bình,Đồng bằng sông Hồng,2026-02-08,16.240000000000002,20.24,12.44,15.16,21.84,10.46,12.66,12.66,0.0,17.2,85.8,23.3,43.42,3.146,1021.58,100.0,13.88,0.0,1.028,20.4191,106.0219,0.0,11.36,2,6,63,9,1970-01-21 11:48:52.140,1970-01-21 11:49:33.012,Đông,,,
Ninh Bình,Đồng bằng sông Hồng,2026-02-09,13.82,16.3,12.16,12.78,16.0,10.34,1.06,1.06,0.0,5.2,84.6,15.1,27.94,5.4399999999999995,1020.72,92.0,11.22,0.0,1.0719999999999998,20.4191,106.0219,1.0539999999999998,11.38,2,7,51,352,1970-01-21 11:50:18.492,1970-01-21 11:50:59.460,Đông,,,
Ninh Bình,Đồng bằng sông Hồng,2026-02-10,18.28,23.380000000000003,14.580000000000002,19.0,24.4,14.56,0.0,0.0,0.0,0.0,80.2,10.76,22.84,9.844,1018.2,81.0,14.66,0.0,2.0119999999999996,20.4191,106.0219,2.956,11.392,2,7,3,2,1970-01-21 11:51:44.880,1970-01-21 11:52:25.872,Đông,,,
Ninh Bình,Đồng bằng sông Hồng,2026-02-11,19.32,21.32,17.44,21.04,22.6,19.18,2.28,2.28,0.0,6.8,89.2,10.9,22.74,5.048,1019.76,91.6,17.44,0.0,1.152,20.4191,106.0219,0.0,11.41,2,7,51,13,1970-01-21 11:53:11.232,1970-01-21 11:53:52.320,Đông,,,
Ninh Bình,Đồng bằng sông Hồng,2026-02-12,19.96,23.84,17.32,21.56,24.8,19.18,0.74,0.74,0.0,5.0,87.6,14.6,29.54,7.619999999999999,1017.4,83.6,17.740000000000002,0.0,1.666,20.4191,106.0219,2.736,11.43,2,7,51,109,1970-01-21 11:54:37.620,1970-01-21 11:55:18.732,Đông,,,
Ninh Bình,Đồng bằng sông Hồng,2026-02-13,22.02,25.8,18.94,23.7,26.82,21.2,0.3,0.3,0.0,3.0,84.6,16.259999999999998,31.9,11.144,1015.28,70.0,18.98,0.0,2.502,20.4191,106.0219,6.3839999999999995,11.448,2,7,51,148,1970-01-21 11:56:03.972,1970-01-21 11:56:45.180,Đông,,,
Ninh Bình,Đồng bằng sông Hồng,2026-02-14,22.04,26.56,19.26,23.98,27.68,21.78,0.24,0.24,0.0,2.0,84.4,16.18,31.04,12.746,1014.96,53.2,18.86,0.0,2.782,20.4191,106.0219,7.351999999999999,11.462,2,7,51,145,1970-01-21 11:57:30.360,1970-01-21 11:58:11.592,Đông,,,
Ninh Bình,Đồng bằng sông Hồng,2026-02-15,22.5,27.139999999999997,19.68,24.3,28.82,22.02,0.1,0.1,0.0,1.0,82.8,19.52,37.08,17.04,1013.9,58.2,19.02,0.0,3.486,20.4191,106.0219,9.882,11.48,2,7,3,171,1970-01-21 11:58:56.700,1970-01-21 11:59:38.040,Đông,,,
Ninh Bình,Đồng bằng sông Hồng,2026-02-16,22.6,27.8,19.42,24.86,29.6,22.14,0.12,0.12,0.0,1.2,82.6,15.82,29.96,15.978,1013.94,56.6,19.020000000000003,0.0,3.344,20.4191,106.0219,9.156,11.5,2,8,51,157,1970-01-21 12:00:23.064,1970-01-21 12:01:04.452,Đông,,,
Ninh Bình,Đồng bằng sông Hồng,2026-02-17,22.28,25.74,19.64,23.92,26.52,21.24,0.6199999999999999,0.6199999999999999,0.0,4.2,80.8,18.24,36.66,12.44,1016.58,66.2,18.68,0.0,2.6740000000000004,20.4191,106.0219,7.578,11.518,2,8,51,82,1970-01-21 12:01:49.440,1970-01-21 12:02:30.900,Đông,,,
Ninh Bình,Đồng bằng sông Hồng,2026-02-18,19.66,21.94,18.06,20.22,22.2,18.6,1.94,1.94,0.0,6.2,80.0,15.82,31.02,5.394,1020.12,99.2,16.04,0.0,1.522,20.4191,106.0219,0.208,11.532,2,8,51,44,1970-01-21 12:03:15.792,1970-01-21 12:03:57.312,Đông,,,
Ninh Bình,Đồng bằng sông Hồng,2026-02-19,19.8,22.26,17.78,20.94,23.72,18.72,0.98,0.98,0.0,6.0,81.2,11.88,24.1,5.276,1021.22,99.4,16.4,0.0,1.332,20.4191,106.0219,0.26,11.552,2,8,51,22,1970-01-21 12:04:42.180,1970-01-21 12:05:23.760,Đông,,,
Ninh Bình,Đồng bằng sông Hồng,2026-02-20,20.1,24.619999999999997,16.740000000000002,21.06,26.160000000000004,17.32,0.3,0.3,0.0,1.6,78.8,14.76,27.5,14.044,1019.32,52.6,16.06,0.0,2.808,20.4191,106.0219,7.306,11.572,2,8,3,83,1970-01-21 12:06:08.520,1970-01-21 12:06:50.172,Đông,,,
Ninh Bình,Đồng bằng sông Hồng,2026-02-21,21.34,26.5,17.82,22.58,27.7,19.1,0.04,0.04,0.0,0.4,84.0,19.4,37.44,13.736,1010.48,61.8,18.3,0.0,2.868,20.4191,106.0219,8.176,11.59,2,8,3,172,1970-01-21 12:07:34.872,1970-01-21 12:08:16.620,Đông,,,
Ninh Bình,Đồng bằng sông Hồng,2026-02-22,21.94,24.22,19.94,24.28,26.52,22.139999999999997,1.34,1.34,0.0,8.0,89.8,15.72,30.18,4.026,1009.6,98.2,20.18,0.0,1.106,20.4191,106.0219,0.0,11.608,2,8,51,125,1970-01-21 12:09:01.248,1970-01-21 12:09:43.020,Đông,,,
Ninh Bình,Đồng bằng sông Hồng,2026-02-23,23.48,26.68,21.26,25.660000000000004,27.880000000000003,23.42,0.52,0.52,0.0,4.4,83.8,18.86,36.22,9.258,1010.16,95.6,20.5,0.0,2.224,20.4191,106.0219,3.268,11.628,2,9,51,158,1970-01-21 12:10:27.600,1970-01-21 12:11:09.468,Đông,,,
Ninh Bình,Đồng bằng sông Hồng,2026-02-24,23.28,25.58,21.46,26.119999999999997,28.08,24.82,0.4599999999999999,0.4599999999999999,0.0,4.0,87.6,14.18,26.78,5.176,1011.5,90.2,21.0,0.0,1.402,20.4191,106.0219,0.08,11.648,2,9,51,148,1970-01-21 12:11:53.940,1970-01-21 12:12:35.880,Đông,,,
Ninh Bình,Đồng bằng sông Hồng,2026-02-25,22.880000000000003,26.24,20.44,25.619999999999997,28.360000000000003,23.54,1.5,1.5,0.0,7.4,86.6,14.18,28.96,10.324,1012.3,70.2,20.32,0.0,2.236,20.4191,106.0219,5.256,11.668,2,9,51,142,1970-01-21 12:13:20.304,1970-01-21 12:14:02.292,Đông,,,
Ninh Bình,Đồng bằng sông Hồng,2026-02-26,21.839999999999996,24.36,20.06,24.520000000000003,26.78,22.839999999999996,1.44,1.44,0.0,5.6,89.8,11.68,22.4,5.846,1009.88,81.8,20.02,0.0,1.3219999999999998,20.4191,106.0219,1.4780000000000002,11.682,2,9,51,151,1970-01-21 12:14:46.680,1970-01-21 12:15:28.740,Đông,,,
Ninh Bình,Đồng bằng sông Hồng,2026-02-27,23.82,27.7,20.619999999999997,26.619999999999997,30.44,22.8,0.36,0.36,0.0,2.2,85.6,16.860000000000003,33.1,13.326,1007.02,72.6,21.14,0.0,2.8,20.4191,106.0219,8.712,11.702,2,9,51,168,1970-01-21 12:16:13.020,1970-01-21 12:16:55.140,Đông,,,
Ninh Bình,Đồng bằng sông Hồng,2026-02-28,24.9,28.82,22.66,28.160000000000004,31.44,26.32,0.74,0.74,0.0,3.4,88.0,20.86,40.739999999999995,13.836000000000002,1005.5,66.6,22.58,0.0,2.904,20.4191,106.0219,7.94,11.722,2,9,51,165,1970-01-21 12:17:39.372,1970-01-21 12:18:21.588,Đông,,,
Ninh Bình,Đồng bằng sông Hồng,2026-03-01,25.72,31.08,22.2,29.660000000000004,36.66,25.78,0.38,0.38,0.0,0.4,85.0,17.3,33.4,17.863999999999997,1005.3,43.0,22.78,0.0,3.766,20.4191,106.0219,10.636,11.742,3,9,3,161,1970-01-21 12:19:05.736,1970-01-21 12:19:48.000,Xuân,,,
Ninh Bình,Đồng bằng sông Hồng,2026-03-02,25.880000000000003,31.380000000000003,22.24,30.56,36.96,26.56,0.72,0.72,0.0,2.6,87.2,15.3,29.6,15.49,1007.06,39.2,23.339999999999996,0.0,3.28,20.4191,106.0219,8.52,11.76,3,10,51,134,1970-01-21 12:20:32.100,1970-01-21 12:21:14.412,Xuân,,,
Ninh Bình,Đồng bằng sông Hồng,2026-03-03,22.3,24.68,19.76,23.58,28.56,20.06,18.68,18.68,0.0,7.6,80.0,20.5,37.8,10.442,1012.46,97.2,18.52,0.0,2.45,20.4191,106.0219,4.048,11.78,3,10,63,30,1970-01-21 12:21:58.440,1970-01-21 12:22:40.860,Xuân,,,
Ninh Bình,Đồng bằng sông Hồng,2026-03-04,19.06,22.119999999999997,16.72,19.020000000000003,22.76,16.160000000000004,7.12,7.12,0.0,5.0,74.2,15.7,30.24,12.372,1016.46,67.6,14.14,0.0,2.6399999999999997,20.4191,106.0219,6.95,11.798,3,10,51,16,1970-01-21 12:23:24.780,1970-01-21 12:24:07.260,Xuân,,,
Ninh Bình,Đồng bằng sông Hồng,2026-03-05,19.72,22.7,16.240000000000002,21.3,24.16,17.380000000000003,0.3,0.3,0.0,1.8,83.2,10.02,22.76,8.522,1015.68,76.2,16.660000000000004,0.0,1.736,20.4191,106.0219,3.1799999999999997,11.818,3,10,51,29,1970-01-21 12:24:51.156,1970-01-21 12:25:33.696,Xuân,,,
Ninh Bình,Đồng bằng sông Hồng,2026-03-06,21.18,24.479999999999997,18.8,22.78,25.880000000000003,20.72,0.42,0.42,0.0,3.6,81.0,12.16,23.4,9.864,1016.74,83.8,17.64,0.0,2.182,20.4191,106.0219,3.494,11.838,3,10,51,53,1970-01-21 12:26:17.520,1970-01-21 12:27:00.120,Xuân,,,
Ninh Bình,Đồng bằng sông Hồng,2026-03-07,21.44,25.5,18.52,22.94,26.660000000000004,20.74,0.1399999999999999,0.1399999999999999,0.0,1.4,80.6,15.9,31.96,13.132,1016.94,57.2,17.7,0.0,2.85,20.4191,106.0219,7.047999999999999,11.858,3,10,51,97,1970-01-21 12:27:43.860,1970-01-21 12:28:26.520,Xuân,,,
Ninh Bình,Đồng bằng sông Hồng,2026-03-08,22.3,25.660000000000004,19.9,24.119999999999997,26.880000000000003,21.96,1.36,1.36,0.0,7.4,83.8,15.56,30.74,11.026,1016.76,76.0,19.24,0.0,2.434,20.4191,106.0219,6.56,11.878,3,10,51,108,1970-01-21 12:29:10.200,1970-01-21 12:29:52.956,Xuân,,,
Ninh Bình,Đồng bằng sông Hồng,2026-03-09,20.58,24.619999999999997,17.8,21.32,26.0,15.9,4.66,4.66,0.0,9.2,83.6,24.08,43.42,8.24,1020.34,88.8,17.6,0.0,2.044,20.4191,106.0219,3.0620000000000003,11.892,3,11,61,31,1970-01-21 12:30:36.540,1970-01-21 12:31:19.380,Xuân,,,
Ninh Bình,Đồng bằng sông Hồng,2026-03-10,18.54,22.06,16.02,17.52,22.04,14.28,0.6799999999999999,0.6799999999999999,0.0,3.4,66.2,18.42,33.480000000000004,16.618000000000002,1022.56,51.4,11.94,0.0,3.614,20.4191,106.0219,9.282,11.912,3,11,51,13,1970-01-21 12:32:02.892,1970-01-21 12:32:45.780,Xuân,,,
Ninh Bình,Đồng bằng sông Hồng,2026-03-11,18.64,21.86,15.52,19.66,23.14,16.16,0.16,0.16,0.0,1.6,80.8,8.86,19.58,9.656,1018.88,66.8,15.14,0.0,1.9579999999999995,20.4191,106.0219,2.084,11.932,3,11,51,19,1970-01-21 12:33:29.256,1970-01-21 12:34:12.216,Xuân,,,
Ninh Bình,Đồng bằng sông Hồng,2026-03-12,19.94,23.82,16.98,20.82,24.1,18.24,0.02,0.02,0.0,0.2,76.6,13.22,28.44,12.152,1018.4,70.0,15.38,0.0,2.594,20.4191,106.0219,5.848000000000001,11.952,3,11,3,58,1970-01-21 12:34:55.620,1970-01-21 12:35:38.640,Xuân,,,
Ninh Bình,Đồng bằng sông Hồng,2026-03-13,20.36,24.66,16.8,20.84,24.72,17.919999999999998,0.0,0.0,0.0,0.0,73.4,17.96,34.839999999999996,15.654,1019.6,66.4,15.16,0.0,3.3560000000000003,20.4191,106.0219,8.053999999999998,11.97,3,11,3,58,1970-01-21 12:36:21.960,1970-01-21 12:37:05.040,Xuân,,,
Ninh Bình,Đồng bằng sông Hồng,2026-03-14,20.94,23.8,19.119999999999997,21.9,23.54,20.72,0.6799999999999999,0.6799999999999999,0.0,3.8,78.4,17.98,34.5,9.744,1019.78,85.6,16.9,0.0,2.31,20.4191,106.0219,4.0840000000000005,11.99,3,11,51,88,1970-01-21 12:37:48.300,1970-01-21 12:38:31.464,Xuân,,,
Ninh Bình,Đồng bằng sông Hồng,2026-03-15,21.28,24.54,18.4,23.380000000000003,26.619999999999997,20.380000000000003,1.38,1.38,0.0,8.4,84.6,13.78,28.52,13.026,1018.68,58.6,18.44,0.0,2.566,20.4191,106.0219,8.726,12.01,3,11,51,83,1970-01-21 12:39:14.640,1970-01-21 12:39:57.900,Xuân,,,
Ninh Bình,Đồng bằng sông Hồng,2026-03-16,21.86,25.36,18.7,23.44,25.98,20.94,1.12,1.12,0.0,5.6,83.0,18.34,36.3,15.214,1015.64,30.0,18.64,0.0,3.126,20.4191,106.0219,10.358,12.03,3,12,51,154,1970-01-21 12:40:40.980,1970-01-21 12:41:24.300,Xuân,,,
Ninh Bình,Đồng bằng sông Hồng,2026-03-17,22.64,26.3,19.619999999999997,24.119999999999997,27.04,21.78,0.3,0.3,0.0,2.4,82.2,21.4,40.52,13.732,1013.48,33.6,19.28,0.0,3.012,20.4191,106.0219,9.616,12.05,3,12,51,166,1970-01-21 12:42:07.320,1970-01-21 12:42:50.712,Xuân,,,
Ninh Bình,Đồng bằng sông Hồng,2026-03-18,23.119999999999997,26.54,19.7,25.54,28.360000000000003,22.44,0.36,0.36,0.0,3.6,85.4,18.08,34.2,11.792,1013.4,48.6,20.380000000000003,0.0,2.596,20.4191,106.0219,5.796,12.07,3,12,51,164,1970-01-21 12:43:33.672,1970-01-21 12:44:17.160,Xuân,,,
Ninh Bình,Đồng bằng sông Hồng,2026-03-19,23.68,27.839999999999996,21.119999999999997,26.08,29.9,24.3,0.26,0.26,0.0,2.6,85.4,20.380000000000003,38.38,15.48,1012.04,42.2,20.86,0.0,3.256,20.4191,106.0219,9.682,12.09,3,12,51,157,1970-01-21 12:45:00.036,1970-01-21 12:45:43.560,Xuân,,,
Ninh Bình,Đồng bằng sông Hồng,2026-03-20,24.0,27.0,21.82,26.58,29.06,24.32,0.8800000000000001,0.8800000000000001,0.0,6.6,86.4,18.880000000000003,36.66,9.774,1012.12,83.2,21.48,0.0,2.304,20.4191,106.0219,2.4579999999999997,12.11,3,12,51,146,1970-01-21 12:46:26.388,1970-01-21 12:47:09.960,Xuân,,,
Ninh Bình,Đồng bằng sông Hồng,2026-03-21,23.66,26.18,21.46,26.160000000000004,27.619999999999997,25.04,1.36,1.36,0.0,7.2,85.8,19.1,36.92,9.446000000000002,1013.92,87.0,21.06,0.0,2.228,20.4191,106.0219,3.286,12.13,3,12,51,129,1970-01-21 12:47:52.740,1970-01-21 12:48:36.408,Xuân,,,
Ninh Bình,Đồng bằng sông Hồng,2026-03-22,24.2,27.94,21.46,26.82,29.68,25.0,1.44,1.44,0.0,3.6,84.4,19.56,38.14,14.406,1012.82,69.0,21.160000000000004,0.0,3.186,20.4191,106.0219,7.762,12.15,3,12,51,153,1970-01-21 12:49:19.080,1970-01-21 12:50:02.820,Xuân,,,
Ninh Bình,Đồng bằng sông Hồng,2026-03-23,24.4,27.18,22.3,27.02,29.22,25.42,0.32,0.32,0.0,2.8,85.4,20.48,38.58,11.698,1011.54,71.0,21.64,0.0,2.67,20.4191,106.0219,4.574,12.17,3,13,51,157,1970-01-21 12:50:45.420,1970-01-21 12:51:29.220,Xuân,,,
Ninh Bình,Đồng bằng sông Hồng,2026-03-24,24.98,28.380000000000003,22.64,28.119999999999997,31.139999999999997,26.22,0.12,0.12,0.0,1.2,85.0,18.119999999999997,35.06,12.826,1010.34,75.4,22.08,0.0,2.914,20.4191,106.0219,6.7299999999999995,12.19,3,13,51,151,1970-01-21 12:52:11.760,1970-01-21 12:52:55.644,Xuân,,,
Ninh Bình,Đồng bằng sông Hồng,2026-03-25,25.2,28.56,22.98,28.139999999999997,30.92,26.7,0.08,0.08,0.0,0.8,82.8,18.58,36.86,16.238,1010.94,65.6,21.84,0.0,3.562,20.4191,106.0219,8.98,12.21,3,13,51,148,1970-01-21 12:53:38.100,1970-01-21 12:54:22.080,Xuân,,,
Ninh Bình,Đồng bằng sông Hồng,2026-03-26,25.46,28.94,23.08,28.92,32.38,26.880000000000003,0.18,0.18,0.0,1.4,85.4,17.04,33.1,13.934,1009.28,70.6,22.7,0.0,3.066,20.4191,106.0219,9.018,12.23,3,13,3,163,1970-01-21 12:55:04.452,1970-01-21 12:55:48.480,Xuân,,,
Ninh Bình,Đồng bằng sông Hồng,2026-03-27,25.46,28.48,23.26,29.22,32.260000000000005,27.3,0.54,0.54,0.0,5.0,86.8,17.02,32.760000000000005,9.818,1008.32,81.2,22.98,0.0,2.336,20.4191,106.0219,1.77,12.25,3,13,51,146,1970-01-21 12:56:30.816,1970-01-21 12:57:14.880,Xuân,,,
Ninh Bình,Đồng bằng sông Hồng,2026-03-28,25.74,28.68,23.0,29.639999999999997,32.32,27.56,0.58,0.58,0.0,5.4,85.8,15.46,30.119999999999997,11.504,1008.42,87.6,23.06,0.0,2.668,20.4191,106.0219,3.978,12.268,3,13,51,141,1970-01-21 12:57:57.168,1970-01-21 12:58:41.328,Xuân,,,
Ninh Bình,Đồng bằng sông Hồng,2026-03-29,26.0,29.380000000000003,24.28,30.119999999999997,33.0,28.42,8.040000000000001,8.040000000000001,0.0,5.6,87.4,18.479999999999997,38.32,13.038,1007.72,68.6,23.64,0.0,2.842,20.4191,106.0219,7.202,12.288,3,13,63,152,1970-01-21 12:59:23.520,1970-01-21 13:00:07.740,Xuân,,,
Ninh Bình,Đồng bằng sông Hồng,2026-03-30,27.339999999999996,31.78,24.1,31.5,37.260000000000005,28.1,0.02,0.02,0.0,0.2,82.0,19.58,35.28,18.22,1006.04,40.4,23.74,0.0,4.21,20.4191,106.0219,9.212,12.308000000000002,3,14,3,170,1970-01-21 13:00:49.860,1970-01-21 13:01:34.140,Xuân,,,
Ninh Bình,Đồng bằng sông Hồng,2026-03-31,28.9,35.82,24.14,32.7,39.96,26.9,0.26,0.26,0.0,0.8,72.6,22.6,44.08,20.634,1005.6,12.2,22.98,0.0,5.258,20.4191,106.0219,11.776,12.328,3,14,51,163,1970-01-21 13:02:16.200,1970-01-21 13:03:00.564,Xuân,,,
Ninh Bình,Đồng bằng sông Hồng,2026-04-01,24.6,27.339999999999996,21.9,27.360000000000003,30.26,24.96,0.8,0.8,0.0,1.4,78.2,17.26,34.839999999999996,12.23,1011.12,54.0,20.42,0.0,2.9219999999999997,20.4191,106.0219,6.112,12.342,4,14,51,80,1970-01-21 13:03:42.540,1970-01-21 13:04:27.000,Xuân,,,
Ninh Bình,Đồng bằng sông Hồng,2026-04-02,25.36,29.78,21.74,29.0,33.08,25.36,0.12,0.12,0.0,1.2,84.4,19.26,36.779999999999994,13.895999999999995,1009.38,67.2,22.42,0.0,3.1399999999999997,20.4191,106.0219,7.0680000000000005,12.361999999999998,4,14,51,159,1970-01-21 13:05:08.880,1970-01-21 13:05:53.400,Xuân,,,
Ninh Bình,Đồng bằng sông Hồng,2026-04-03,27.56,33.12,23.96,32.5,40.760000000000005,27.74,0.0,0.0,0.0,0.0,83.2,16.839999999999996,31.74,19.208,1004.76,29.0,24.26,0.0,4.29,20.4191,106.0219,9.742,12.382,4,14,3,151,1970-01-21 13:06:35.232,1970-01-21 13:07:19.800,Xuân,,,
Ninh Bình,Đồng bằng sông Hồng,2026-04-04,25.860000000000003,29.24,23.42,29.72,33.6,27.08,0.2599999999999999,0.2599999999999999,0.0,2.0,83.0,17.0,31.119999999999997,11.638,1005.26,54.0,22.64,0.0,2.736,20.4191,106.0219,4.926,12.402,4,14,51,82,1970-01-21 13:08:01.572,1970-01-21 13:08:46.248,Xuân,,,
Ninh Bình,Đồng bằng sông Hồng,2026-04-05,27.28,32.339999999999996,22.98,31.839999999999996,38.6,27.02,0.02,0.02,0.0,0.2,81.8,18.54,32.4,18.741999999999997,1002.92,54.6,23.7,0.0,4.338,20.4191,106.0219,8.714,12.422,4,14,3,164,1970-01-21 13:09:27.936,1970-01-21 13:10:12.660,Xuân,,,
Ninh Bình,Đồng bằng sông Hồng,2026-04-06,30.96,37.0,25.5,34.92,42.239999999999995,28.9,0.0,0.0,0.0,0.0,64.6,18.84,33.42,21.151999999999997,1002.28,27.0,23.1,0.0,6.1259999999999994,20.4191,106.0219,11.992,12.441999999999998,4,15,3,185,1970-01-21 13:10:54.300,1970-01-21 13:11:39.060,Xuân,,,
Ninh Bình,Đồng bằng sông Hồng,2026-04-07,31.340000000000003,37.82,26.68,35.480000000000004,43.32,29.380000000000003,0.02,0.02,0.0,0.2,62.0,18.96,33.2,21.02,1003.28,21.4,22.84,0.0,5.932,20.4191,106.0219,11.862,12.46,4,15,3,201,1970-01-21 13:12:20.640,1970-01-21 13:13:05.472,Xuân,,,
Ninh Bình,Đồng bằng sông Hồng,2026-04-08,29.26,34.7,25.76,33.82,41.38,29.639999999999997,0.0,0.0,0.0,0.0,73.6,19.660000000000004,33.96,20.816,1004.72,20.2,23.84,0.0,5.19,20.4191,106.0219,11.624,12.48,4,15,2,163,1970-01-21 13:13:46.980,1970-01-21 13:14:31.920,Xuân,,,
Ninh Bình,Đồng bằng sông Hồng,2026-04-09,28.7,33.32000000000001,25.380000000000003,33.78,41.16,29.26,0.0,0.0,0.0,0.0,79.8,20.24,35.56,21.363999999999997,1005.42,4.2,24.78,0.0,4.938000000000001,20.4191,106.0219,11.96,12.498,4,15,1,149,1970-01-21 13:15:13.320,1970-01-21 13:15:58.320,Xuân,,,
Ninh Bình,Đồng bằng sông Hồng,2026-04-10,29.660000000000004,35.42,24.92,33.9,42.14,28.880000000000003,0.0,0.0,0.0,0.0,71.8,20.380000000000003,35.2,22.222,1004.14,3.0,23.58,0.0,5.768,20.4191,106.0219,12.0,12.518,4,15,0,168,1970-01-21 13:16:39.672,1970-01-21 13:17:24.732,Xuân,,,
Ninh Bình,Đồng bằng sông Hồng,2026-04-11,30.02,36.54,24.34,32.94,41.58,27.44,0.0,0.0,0.0,0.0,60.0,20.06,35.94,22.266,1002.34,3.2,20.82,0.0,6.418000000000001,20.4191,106.0219,11.952,12.538,4,15,0,178,1970-01-21 13:18:06.012,1970-01-21 13:18:51.168,Xuân,,,
Ninh Bình,Đồng bằng sông Hồng,2026-04-12,29.860000000000003,36.72,25.08,33.480000000000004,42.58,26.98,0.0,0.0,0.0,0.0,64.2,18.08,31.6,22.22,1002.14,2.0,22.04,0.0,6.014,20.4191,106.0219,12.0,12.552,4,15,0,165,1970-01-21 13:19:32.400,1970-01-21 13:20:17.580,Xuân,,,
Ninh Bình,Đồng bằng sông Hồng,2026-04-13,28.880000000000003,33.78,24.94,34.160000000000004,40.92,29.660000000000004,0.0,0.0,0.0,0.0,79.0,17.14,32.42,21.994,1004.84,1.8,24.72,0.0,5.042,20.4191,106.0219,12.0,12.572,4,16,0,158,1970-01-21 13:20:58.740,1970-01-21 13:21:43.992,Xuân,,,
Ninh Bình,Đồng bằng sông Hồng,2026-04-14,28.58,33.019999999999996,25.44,34.42,41.14,30.48,0.0,0.0,0.0,0.0,83.4,15.68,28.5,21.866,1005.68,4.6,25.380000000000003,0.0,4.786,20.4191,106.0219,11.984,12.592,4,16,0,144,1970-01-21 13:22:25.080,1970-01-21 13:23:10.416,Xuân,,,
Ninh Bình,Đồng bằng sông Hồng,2026-04-15,28.22,32.5,25.3,33.92,39.92,30.6,0.0,0.0,0.0,0.0,85.8,16.6,31.58,20.128,1005.16,15.2,25.48,0.0,4.308,20.4191,106.0219,11.75,12.61,4,16,1,141,1970-01-21 13:23:51.432,1970-01-21 13:24:36.840,Xuân,,,
Ninh Bình,Đồng bằng sông Hồng,2026-04-16,27.98,32.339999999999996,24.96,33.6,39.36,30.52,0.1399999999999999,0.1399999999999999,0.0,1.4,85.2,17.34,32.54,18.752,1006.4,32.0,25.119999999999997,0.0,4.082,20.4191,106.0219,11.522,12.628,4,16,51,139,1970-01-21 13:25:17.784,1970-01-21 13:26:03.240,Xuân,,,
Ninh Bình,Đồng bằng sông Hồng,2026-04-17,26.1,27.9,24.64,30.860000000000003,32.96,27.94,53.34,53.34,0.0,12.8,91.6,18.26,36.16,8.562000000000001,1009.12,87.0,24.56,0.0,1.874,20.4191,106.0219,2.686,12.648,4,16,65,126,1970-01-21 13:26:44.160,1970-01-21 13:27:29.664,Xuân,,,
Ninh Bình,Đồng bằng sông Hồng,2026-04-18,25.639999999999997,28.360000000000003,23.5,29.98,33.22,27.72,9.16,9.16,0.0,14.4,86.4,14.919999999999998,29.44,14.264,1010.76,80.0,23.14,0.0,2.982,20.4191,106.0219,7.843999999999999,12.662,4,16,63,117,1970-01-21 13:28:10.500,1970-01-21 13:28:56.100,Xuân,,,
Ninh Bình,Đồng bằng sông Hồng,2026-04-19,25.9,29.2,23.96,29.639999999999997,32.9,28.06,1.08,1.08,0.0,6.2,83.2,17.7,35.14,15.078,1009.64,75.6,22.72,0.0,3.274,20.4191,106.0219,7.892,12.682,4,16,51,158,1970-01-21 13:29:36.852,1970-01-21 13:30:22.500,Xuân,,,
Ninh Bình,Đồng bằng sông Hồng,2026-04-20,26.0,28.7,23.58,29.74,32.08,27.360000000000003,0.3199999999999999,0.3199999999999999,0.0,2.6,85.4,18.6,35.94,10.8,1008.02,65.8,23.26,0.0,2.5420000000000003,20.4191,106.0219,4.484,12.7,4,17,51,165,1970-01-21 13:31:03.192,1970-01-21 13:31:48.912,Xuân,,,
Ninh Bình,Đồng bằng sông Hồng,2026-04-21,27.42,31.1,24.96,31.52,35.92,29.2,0.08,0.08,0.0,0.8,83.4,20.880000000000003,41.2,18.66,1005.8,42.4,24.26,0.0,4.086,20.4191,106.0219,10.962,12.72,4,17,51,166,1970-01-21 13:32:29.580,1970-01-21 13:33:15.360,Xuân,,,
Ninh Bình,Đồng bằng sông Hồng,2026-04-22,28.56,33.28,25.2,33.96,40.56,29.46,0.0,0.0,0.0,0.0,82.4,17.22,33.06,22.196,1004.08,11.8,25.14,0.0,4.886,20.4191,106.0219,12.0,12.738,4,17,1,158,1970-01-21 13:33:55.920,1970-01-21 13:34:41.760,Xuân,,,
Ninh Bình,Đồng bằng sông Hồng,2026-04-23,24.84,26.76,22.56,28.56,31.9,24.0,28.52,28.52,0.0,7.4,87.0,22.68,40.82,8.772,1007.48,94.8,22.46,0.0,1.928,20.4191,106.0219,1.64,12.758,4,17,65,22,1970-01-21 13:35:22.272,1970-01-21 13:36:08.184,Xuân,,,
Ninh Bình,Đồng bằng sông Hồng,2026-04-24,24.22,26.839999999999996,22.619999999999997,27.8,30.4,25.860000000000003,3.78,3.78,0.0,8.8,85.2,12.32,25.119999999999997,10.36,1011.36,86.0,21.46,0.0,2.276,20.4191,106.0219,2.15,12.772,4,17,53,60,1970-01-21 13:36:48.612,1970-01-21 13:37:34.620,Xuân,,,
Ninh Bình,Đồng bằng sông Hồng,2026-04-25,25.04,28.9,22.32,28.68,33.18,26.139999999999997,0.08,0.08,0.0,0.6,80.4,12.919999999999998,25.860000000000003,20.404000000000003,1013.7,43.4,21.2,0.0,4.154,20.4191,106.0219,11.708,12.79,4,17,3,76,1970-01-21 13:38:15.000,1970-01-21 13:39:01.020,Xuân,,,
Ninh Bình,Đồng bằng sông Hồng,2026-04-26,25.26,28.860000000000003,22.26,29.32,33.019999999999996,26.56,1.22,1.22,0.0,3.8,84.0,12.04,26.360000000000003,17.808,1011.34,78.4,22.14,0.0,3.706,20.4191,106.0219,8.824000000000002,12.81,4,17,53,133,1970-01-21 13:39:41.340,1970-01-21 13:40:27.444,Xuân,,,
Ninh Bình,Đồng bằng sông Hồng,2026-04-27,26.28,30.04,23.4,30.42,34.28,27.68,1.08,1.08,0.0,5.8,85.0,19.56,37.5,19.912,1008.0,49.0,23.4,0.0,4.07,20.4191,106.0219,11.028,12.822,4,18,51,171,1970-01-21 13:41:07.692,1970-01-21 13:41:53.880,Xuân,,,
Ninh Bình,Đồng bằng sông Hồng,2026-04-28,27.3,31.8,24.32,32.22,38.22,29.139999999999997,0.18,0.18,0.0,0.6,84.8,16.54,32.019999999999996,19.818,1006.18,62.6,24.380000000000003,0.0,4.24,20.4191,106.0219,9.744,12.84,4,18,3,170,1970-01-21 13:42:34.080,1970-01-21 13:43:20.292,Xuân,,,
Ninh Bình,Đồng bằng sông Hồng,2026-04-29,24.880000000000003,27.22,22.52,26.52,31.360000000000003,23.34,0.42,0.42,0.0,1.2,73.6,25.6,47.9,16.304000000000002,1011.36,84.8,19.64,0.0,3.838,20.4191,106.0219,8.286,12.86,4,18,51,8,1970-01-21 13:44:00.420,1970-01-21 13:44:46.716,Xuân,,,
Ninh Bình,Đồng bằng sông Hồng,2026-04-30,23.48,26.9,20.46,25.24,30.3,21.34,0.0,0.0,0.0,0.0,68.0,12.66,24.76,22.544,1015.1,28.2,17.080000000000002,0.0,4.656000000000001,20.4191,106.0219,11.868,12.878,4,18,3,16,1970-01-21 13:45:26.772,1970-01-21 13:46:13.140,Xuân,,,
Ninh Bình,Đồng bằng sông Hồng,2026-05-01,24.32,28.24,20.68,26.98,30.92,23.66,0.0,0.0,0.0,0.0,76.8,15.580000000000002,29.360000000000003,19.456,1011.9,59.2,19.82,0.0,4.086,20.4191,106.0219,10.114,12.89,5,18,3,131,1970-01-21 13:46:53.160,1970-01-21 13:47:39.552,Xuân,,,
Ninh Bình,Đồng bằng sông Hồng,2026-05-02,26.52,30.58,23.02,30.839999999999996,35.38,26.7,4.0,4.0,0.0,4.4,84.6,20.54,39.54,17.424,1008.64,81.8,23.619999999999997,0.0,3.67,20.4191,106.0219,8.9,12.91,5,18,53,169,1970-01-21 13:48:19.512,1970-01-21 13:49:06.000,Xuân,,,
Ninh Bình,Đồng bằng sông Hồng,2026-05-03,25.6,29.119999999999997,22.9,30.44,34.7,25.98,22.16,22.16,0.0,13.0,90.8,16.619999999999997,35.339999999999996,13.37,1009.88,68.8,23.96,0.0,2.68,20.4191,106.0219,6.478,12.919999999999998,5,18,63,8,1970-01-21 13:49:45.900,1970-01-21 13:50:32.400,Xuân,,,
Ninh Bình,Đồng bằng sông Hồng,2026-05-04,22.479999999999997,25.34,20.08,24.22,27.9,20.56,12.98,12.98,0.0,12.0,81.4,18.36,34.06,12.802,1014.94,71.8,19.06,0.0,2.71,20.4191,106.0219,4.997999999999999,12.94,5,19,63,0,1970-01-21 13:51:12.252,1970-01-21 13:51:58.812,Xuân,,,
Ninh Bình,Đồng bằng sông Hồng,2026-05-05,24.8,28.56,20.86,28.3,32.56,24.14,0.0,0.0,0.0,0.0,80.2,14.66,27.58,16.908,1012.0,39.2,20.96,0.0,3.582,20.4191,106.0219,9.764,12.951999999999998,5,19,3,153,1970-01-21 13:52:38.604,1970-01-21 13:53:25.260,Xuân,,,
Ninh Bình,Đồng bằng sông Hồng,2026-05-06,26.5,30.1,23.28,30.48,34.44,27.42,0.3,0.3,0.0,2.6,83.2,18.52,36.019999999999996,19.598000000000003,1008.64,42.8,23.28,0.0,4.140000000000001,20.4191,106.0219,11.742,12.970000000000002,5,19,51,162,1970-01-21 13:54:04.980,1970-01-21 13:54:51.672,Xuân,,,
Ninh Bình,Đồng bằng sông Hồng,2026-05-07,26.98,29.96,25.02,32.3,35.62,30.139999999999997,5.9799999999999995,5.9799999999999995,0.0,11.2,88.4,16.9,33.4,17.284,1008.84,61.2,24.839999999999996,0.0,3.496,20.4191,106.0219,9.478,12.99,5,19,51,151,1970-01-21 13:55:31.344,1970-01-21 13:56:18.096,Xuân,,,
Ninh Bình,Đồng bằng sông Hồng,2026-05-08,25.48,28.74,23.9,30.54,34.519999999999996,28.24,17.28,17.28,0.0,18.8,91.6,11.96,24.84,13.47,1012.1,85.8,23.98,0.0,2.7060000000000004,20.4191,106.0219,6.034000000000001,13.0,5,19,63,6,1970-01-21 13:56:57.720,1970-01-21 13:57:44.520,Xuân,,,
Ninh Bình,Đồng bằng sông Hồng,2026-05-09,25.28,27.74,23.54,29.42,32.12,27.48,3.96,3.96,0.0,11.6,85.2,12.86,27.42,15.18,1013.68,93.6,22.5,0.0,3.09,20.4191,106.0219,7.831999999999999,13.02,5,19,53,2,1970-01-21 13:58:24.084,1970-01-21 13:59:10.932,Xuân,,,
Ninh Bình,Đồng bằng sông Hồng,2026-05-10,25.44,28.46,23.26,29.44,33.480000000000004,26.44,0.38,0.38,0.0,2.4,81.2,9.9,20.880000000000003,15.712,1013.28,88.4,21.880000000000003,0.0,3.3280000000000003,20.4191,106.0219,6.686,13.029999999999998,5,19,51,6,1970-01-21 13:59:50.460,1970-01-21 14:00:37.380,Xuân,,,
Ninh Bình,Đồng bằng sông Hồng,2026-05-11,26.46,30.360000000000003,23.08,31.22,35.44,27.660000000000004,0.64,0.64,0.0,4.4,83.0,13.22,26.0,20.218,1011.38,64.8,23.18,0.0,4.196,20.4191,106.0219,11.632,13.048000000000002,5,20,51,121,1970-01-21 14:01:16.824,1970-01-21 14:02:03.792,Xuân,,,
Ninh Bình,Đồng bằng sông Hồng,2026-05-12,27.4,31.18,24.4,32.52,36.84,29.52,2.6599999999999997,2.6599999999999997,0.0,6.8,85.6,16.28,33.260000000000005,20.722,1007.74,80.8,24.68,0.0,4.279999999999999,20.4191,106.0219,10.276,13.06,5,20,51,174,1970-01-21 14:02:43.212,1970-01-21 14:03:30.216,Xuân,,,
Ninh Bình,Đồng bằng sông Hồng,2026-05-13,28.52,31.92,26.06,34.339999999999996,39.48,31.44,3.4,3.4,0.0,7.6,86.2,15.460000000000004,31.48,20.526,1004.0,50.0,25.92,0.0,4.337999999999999,20.4191,106.0219,10.236,13.07,5,20,53,181,1970-01-21 14:04:09.576,1970-01-21 14:04:56.640,Xuân,,,
Ninh Bình,Đồng bằng sông Hồng,2026-05-14,30.52,35.12,26.619999999999997,36.12,41.54,32.42,0.06,0.06,0.0,0.6,75.0,15.2,27.44,22.408,1001.9,63.6,25.22,0.0,5.446,20.4191,106.0219,11.534,13.09,5,20,51,185,1970-01-21 14:05:35.952,1970-01-21 14:06:23.052,Xuân,,,
Ninh Bình,Đồng bằng sông Hồng,2026-05-15,30.619999999999997,34.78,27.0,36.86,42.760000000000005,32.06,0.62,0.62,0.0,2.2,74.2,13.74,24.84,22.39,1002.12,67.4,25.32,0.0,5.248,20.4191,106.0219,11.238,13.1,5,20,51,174,1970-01-21 14:07:02.340,1970-01-21 14:07:49.500,Xuân,,,
Ninh Bình,Đồng bằng sông Hồng,2026-05-16,29.02,34.32,25.76,35.38,41.38,31.1,23.4,23.4,0.0,13.4,84.8,16.04,32.62,16.644,1003.2,96.2,25.98,0.0,3.642,20.4191,106.0219,6.720000000000001,13.112,5,20,63,132,1970-01-21 14:08:28.692,1970-01-21 14:09:15.912,Xuân,,,
Ninh Bình,Đồng bằng sông Hồng,2026-05-17,27.3,29.26,25.6,33.660000000000004,36.06,31.22,23.4,23.4,0.0,20.8,92.2,11.8,24.9,12.8,1004.58,99.2,25.92,0.0,2.596,20.4191,106.0219,3.038,13.13,5,20,63,126,1970-01-21 14:09:55.092,1970-01-21 14:10:42.348,Xuân,,,
Ninh Bình,Đồng bằng sông Hồng,2026-05-18,27.58,30.360000000000003,25.18,33.9,37.4,30.46,11.76,11.76,0.0,17.8,91.2,12.56,28.28,16.014,1004.46,98.4,25.96,0.0,3.252,20.4191,106.0219,6.772,13.14,5,21,61,142,1970-01-21 14:11:21.468,1970-01-21 14:12:08.772,Xuân,,,
Ninh Bình,Đồng bằng sông Hồng,2026-05-19,27.68,31.02,24.98,33.7,37.779999999999994,30.380000000000003,17.6,17.6,0.0,18.0,91.2,15.98,32.839999999999996,15.498,1003.74,99.0,26.1,0.0,3.144,20.4191,106.0219,6.108,13.15,5,21,63,156,1970-01-21 14:12:47.832,1970-01-21 14:13:35.184,Xuân,,,
Ninh Bình,Đồng bằng sông Hồng,2026-05-20,27.7,30.18,25.619999999999997,33.519999999999996,36.42,30.98,27.72,27.72,0.0,17.8,89.2,14.8,32.879999999999995,14.654,1003.64,96.0,25.72,0.0,3.076,20.4191,106.0219,6.0920000000000005,13.168,5,21,63,165,1970-01-21 14:14:14.232,1970-01-21 14:15:01.620,Xuân,,,
Ninh Bình,Đồng bằng sông Hồng,2026-05-21,27.660000000000004,29.82,25.92,33.94,36.739999999999995,30.72,21.24,21.24,0.0,18.0,92.8,16.68,37.14,8.879999999999999,1005.76,98.8,26.4,0.0,1.916,20.4191,106.0219,1.7240000000000002,13.178,5,21,63,149,1970-01-21 14:15:40.608,1970-01-21 14:16:28.032,Xuân,,,
Ninh Bình,Đồng bằng sông Hồng,2026-05-22,29.74,32.660000000000004,27.5,35.36,38.6,33.0,1.56,1.56,0.0,4.8,82.0,18.86,35.64,18.944,1006.02,95.8,26.22,0.0,4.448,20.4191,106.0219,10.292,13.19,5,21,51,175,1970-01-21 14:17:06.972,1970-01-21 14:17:54.480,Xuân,,,
Ninh Bình,Đồng bằng sông Hồng,2026-05-23,31.18,34.92,27.98,36.2,42.0,31.78,0.02,0.02,0.0,0.2,70.8,19.02,34.160000000000004,23.456,1004.98,89.4,25.16,0.0,6.106,20.4191,106.0219,11.854,13.2,5,21,3,188,1970-01-21 14:18:33.372,1970-01-21 14:19:20.892,Xuân,,,
Ninh Bình,Đồng bằng sông Hồng,2026-05-24,31.76,35.760000000000005,28.360000000000003,36.86,42.44,31.94,0.04,0.04,0.0,0.2,68.8,18.16,33.739999999999995,24.958,1004.72,76.6,25.18,0.0,6.562,20.4191,106.0219,11.952,13.21,5,21,3,191,1970-01-21 14:19:59.760,1970-01-21 14:20:47.304,Xuân,,,
Ninh Bình,Đồng bằng sông Hồng,2026-05-25,32.18,36.34,28.660000000000004,37.239999999999995,43.08,32.18,0.0,0.0,0.0,0.0,66.2,18.1,31.46,25.68,1003.3,49.0,24.92,0.0,6.886,20.4191,106.0219,12.016,13.220000000000002,5,22,3,185,1970-01-21 14:21:26.148,1970-01-21 14:22:13.740,Xuân,,,
Ninh Bình,Đồng bằng sông Hồng,2026-05-26,32.5,36.82,28.48,37.92,43.44,32.980000000000004,0.06,0.06,0.0,0.6,65.8,16.619999999999997,30.18,25.876,1002.22,2.0,25.04,0.0,6.798,20.4191,106.0219,12.264,13.23,5,22,0,194,1970-01-21 14:22:52.524,1970-01-21 14:23:40.152,Xuân,,,
Ninh Bình,Đồng bằng sông Hồng,2026-05-27,32.22,37.0,28.6,38.2,44.760000000000005,33.4,0.24,0.24,0.0,1.0,68.6,17.2,30.6,25.651999999999997,1004.1,25.0,25.44,0.0,6.476000000000001,20.4191,106.0219,12.278,13.24,5,22,3,168,1970-01-21 14:24:18.912,1970-01-21 14:25:06.600,Xuân,,,
Ninh Bình,Đồng bằng sông Hồng,2026-05-28,30.839999999999996,35.36,27.74,38.46,44.62,34.82,1.62,1.62,0.0,2.6,81.6,13.3,26.360000000000003,24.564,1006.86,16.2,27.1,0.0,5.436,20.4191,106.0219,12.178,13.25,5,22,51,147,1970-01-21 14:25:45.312,1970-01-21 14:26:33.012,Xuân,,,
Ninh Bình,Đồng bằng sông Hồng,2026-05-29,28.619999999999997,30.839999999999996,26.8,35.980000000000004,38.36,33.260000000000005,7.74,7.74,0.0,9.8,88.2,9.86,26.160000000000004,18.812,1008.82,66.0,26.42,0.0,3.828,20.4191,106.0219,10.494,13.26,5,22,63,89,1970-01-21 14:27:11.712,1970-01-21 14:27:59.436,Xuân,,,
Ninh Bình,Đồng bằng sông Hồng,2026-05-30,28.04,32.339999999999996,24.26,34.0,39.36,28.48,5.18,5.18,0.0,11.0,85.2,13.4,28.6,20.3,1009.88,78.6,25.2,0.0,4.258,20.4191,106.0219,9.3,13.27,5,22,55,4,1970-01-21 14:28:38.100,1970-01-21 14:29:25.872,Xuân,,,
Ninh Bình,Đồng bằng sông Hồng,2026-05-31,28.639999999999997,32.739999999999995,25.0,34.86,40.5,30.5,0.98,0.98,0.0,5.8,81.6,13.32,25.92,23.986,1008.74,21.2,25.02,0.0,5.178,20.4191,106.0219,12.11,13.278,5,22,51,106,1970-01-21 14:30:04.500,1970-01-21 14:30:52.272,Xuân,,,
Ninh Bình,Đồng bằng sông Hồng,2026-06-01,30.04,33.8,26.18,36.0,41.12,31.94,0.2799999999999999,0.2799999999999999,0.0,2.6,77.6,13.919999999999998,28.54,25.3,1007.3,18.0,25.44,0.0,5.715999999999999,20.4191,106.0219,12.324000000000002,13.288,6,23,51,166,1970-01-21 14:31:30.888,1970-01-21 14:32:18.720,Hè,,,
Ninh Bình,Đồng bằng sông Hồng,2026-06-02,30.380000000000003,33.839999999999996,27.46,36.58,41.28,33.86,0.52,0.52,0.0,3.0,78.8,16.1,31.82,23.634,1005.18,25.6,26.160000000000004,0.0,5.378,20.4191,106.0219,12.264,13.291999999999998,6,23,51,162,1970-01-21 14:32:57.288,1970-01-21 14:33:45.132,Hè,,,
Ninh Bình,Đồng bằng sông Hồng,2026-06-03,30.639999999999997,35.08,27.92,37.28,42.88,34.519999999999996,3.16,3.16,0.0,4.6,80.0,15.5,30.619999999999997,22.880000000000003,1002.52,21.8,26.52,0.0,5.220000000000001,20.4191,106.0219,12.036,13.302,6,23,63,160,1970-01-21 14:34:23.676,1970-01-21 14:35:11.568,Hè,,,
Ninh Bình,Đồng bằng sông Hồng,2026-06-04,30.28,36.04,27.32,37.96,45.1,34.2,7.62,7.62,0.0,4.0,83.2,9.7,23.98,24.086,1001.9,46.6,26.78,0.0,5.298,20.4191,106.0219,11.008,13.31,6,23,63,204,1970-01-21 14:35:50.064,1970-01-21 14:36:37.992,Hè,,,
Ninh Bình,Đồng bằng sông Hồng,2026-06-05,28.580000000000002,32.620000000000005,24.380000000000003,34.5,39.760000000000005,28.78,0.5599999999999999,0.5599999999999999,0.0,3.2,82.4,11.3,22.880000000000003,19.64,1003.74,67.2,25.060000000000002,0.0,4.2299999999999995,20.4191,106.0219,10.228,13.318000000000001,6,23,51,345,1970-01-21 14:37:16.464,1970-01-21 14:38:04.392,Hè,,,
Ninh Bình,Đồng bằng sông Hồng,2026-06-06,31.04,35.08,27.7,36.96,42.3,33.02,1.1800000000000002,1.1800000000000002,0.0,5.4,74.4,16.44,30.82,20.714,1003.0799999999999,89.6,25.639999999999997,0.0,5.236,20.4191,106.0219,10.92,13.322,6,23,51,172,1970-01-21 14:38:42.864,1970-01-21 14:39:30.840,Hè,,,
Ninh Bình,Đồng bằng sông Hồng,2026-06-07,32.5,36.44,28.98,37.06,42.339999999999996,33.019999999999996,0.13999999999999999,0.13999999999999999,0.0,1.2,62.8,17.54,34.64,22.580000000000002,1001.64,92.8,24.22,0.0,6.552,20.4191,106.0219,11.45,13.328,6,23,3,188,1970-01-21 14:40:09.264,1970-01-21 14:40:57.252,Hè,,,
Ninh Bình,Đồng bằng sông Hồng,2026-06-08,31.060000000000002,36.9,25.52,35.58,42.58,29.8,29.02,29.02,0.0,8.2,68.2,21.82,45.58,23.256,1001.1600000000001,92.6,24.14,0.0,6.172,20.4191,106.0219,11.388,13.331999999999999,6,24,65,268,1970-01-21 14:41:35.664,1970-01-21 14:42:23.664,Hè,,,
Ninh Bình,Đồng bằng sông Hồng,2026-06-09,25.44,28.22,23.48,28.68,31.0,26.24,36.480000000000004,36.480000000000004,0.0,14.8,81.6,17.119999999999997,31.76,13.352,1006.4399999999999,91.6,21.94,0.0,3.028,20.4191,106.0219,5.572,13.34,6,24,65,336,1970-01-21 14:43:02.064,1970-01-21 14:43:50.100,Hè,,,
Ninh Bình,Đồng bằng sông Hồng,2026-06-10,27.26,30.52,24.419999999999998,31.080000000000002,34.94,27.439999999999998,0.04,0.04,0.0,0.2,72.6,11.78,24.9,17.716,1009.18,97.6,21.72,0.0,4.034000000000001,20.4191,106.0219,7.803999999999999,13.341999999999999,6,24,3,356,1970-01-21 14:44:28.476,1970-01-21 14:45:16.512,Hè,,,
Ninh Bình,Đồng bằng sông Hồng,2026-06-11,27.339999999999996,30.28,24.94,32.58,36.14,29.98,1.4,1.4,0.0,7.2,79.8,9.24,21.38,15.341999999999999,1011.14,81.6,23.4,0.0,3.348,20.4191,106.0219,7.958,13.347999999999999,6,24,51,123,1970-01-21 14:45:54.876,1970-01-21 14:46:42.924,Hè,,,
Ninh Bình,Đồng bằng sông Hồng,2026-06-12,28.5,32.22,25.060000000000002,34.480000000000004,39.86,30.9,1.2399999999999998,1.2399999999999998,0.0,8.2,83.0,12.559999999999999,27.160000000000004,20.862000000000002,1010.3799999999999,80.2,25.18,0.0,4.506,20.4191,106.0219,10.868,13.351999999999999,6,24,51,176,1970-01-21 14:47:21.288,1970-01-21 14:48:09.360,Hè,,,
Ninh Bình,Đồng bằng sông Hồng,2026-06-13,30.74,34.42,27.339999999999996,36.8,40.760000000000005,33.9,0.2,0.2,0.0,0.8,76.6,13.719999999999999,28.8,20.419999999999998,1005.96,96.6,25.82,0.0,4.965999999999999,20.4191,106.0219,11.196000000000002,13.357999999999999,6,24,3,190,1970-01-21 14:48:47.688,1970-01-21 14:49:35.772,Hè,,,
Ninh Bình,Đồng bằng sông Hồng,2026-06-14,31.82,35.62,28.119999999999997,37.02,41.18,32.54,0.12,0.12,0.0,0.6,67.0,16.02,28.82,21.184,1002.9,98.0,24.72,0.0,5.64,20.4191,106.0219,9.565999999999999,13.357999999999999,6,24,3,194,1970-01-21 14:50:14.100,1970-01-21 14:51:02.172,Hè,,,
Ninh Bình,Đồng bằng sông Hồng,2026-06-15,31.6,35.64,29.139999999999997,37.3,41.660000000000004,33.56,2.18,2.18,0.0,3.0,69.2,14.14,26.8,14.092000000000002,1003.14,99.8,25.04,0.0,3.9539999999999997,20.4191,106.0219,3.7920000000000003,13.362,6,25,61,177,1970-01-21 14:51:40.512,1970-01-21 14:52:28.608,Hè,,,
Ninh Bình,Đồng bằng sông Hồng,2026-06-16,29.639999999999997,32.519999999999996,27.080000000000002,36.239999999999995,38.480000000000004,32.82,5.640000000000001,5.640000000000001,0.0,11.4,83.4,11.82,29.160000000000004,13.080000000000002,1005.0600000000001,97.8,26.32,0.0,3.096,20.4191,106.0219,5.4399999999999995,13.362,6,25,61,110,1970-01-21 14:53:06.912,1970-01-21 14:53:55.032,Hè,,,
Ninh Bình,Đồng bằng sông Hồng,2026-06-17,30.22,34.44,26.5,36.540000000000006,40.78,32.12,13.74,13.74,0.0,13.4,80.4,15.26,30.82,17.186,1004.4799999999999,97.6,26.119999999999997,0.0,4.144,20.4191,106.0219,5.128,13.368,6,25,63,183,1970-01-21 14:54:33.312,1970-01-21 14:55:21.432,Hè,,,
Ninh Bình,Đồng bằng sông Hồng,2026-06-18,30.639999999999997,34.68,27.860000000000003,36.46,40.6,33.160000000000004,0.74,0.74,0.0,2.4,76.2,14.6,27.860000000000003,15.522,1003.5799999999999,98.6,25.74,0.0,4.048,20.4191,106.0219,6.94,13.368,6,25,51,181,1970-01-21 14:55:59.724,1970-01-21 14:56:47.844,Hè,,,
Ninh Bình,Đồng bằng sông Hồng,2026-06-19,31.18,34.12,28.419999999999998,35.96,39.12,32.94,0.42000000000000004,0.42000000000000004,0.0,1.4,69.2,15.86,28.74,13.522,1003.5200000000001,98.0,24.72,0.0,4.246,20.4191,106.0219,3.8880000000000003,13.368,6,25,3,177,1970-01-21 14:57:26.148,1970-01-21 14:58:14.268,Hè,,,
Ninh Bình,Đồng bằng sông Hồng,2026-06-20,31.26,36.2,27.080000000000002,36.480000000000004,41.82,31.939999999999998,0.82,0.82,0.0,2.6,70.8,16.9,30.74,19.136000000000003,1004.68,97.0,25.02,0.0,5.178,20.4191,106.0219,9.342,13.368,6,25,51,185,1970-01-21 14:58:52.560,1970-01-21 14:59:40.692,Hè,,,
Ninh Bình,Đồng bằng sông Hồng,2026-06-21,31.360000000000003,35.720000000000006,28.22,37.32000000000001,42.019999999999996,33.62,0.26,0.26,0.0,1.0,72.8,14.580000000000002,28.439999999999998,22.492,1005.74,92.6,25.52,0.0,5.537999999999999,20.4191,106.0219,11.873999999999999,13.368,6,25,51,176,1970-01-21 15:00:18.972,1970-01-21 15:01:07.092,Hè,,,
Ninh Bình,Đồng bằng sông Hồng,2026-06-22,30.9,34.22,27.72,36.42,38.980000000000004,33.6,0.0,0.0,0.0,0.0,73.4,14.719999999999999,28.32,16.474,1003.7,85.0,25.28,0.0,4.452,20.4191,106.0219,7.4959999999999996,13.368,6,26,3,201,1970-01-21 15:01:45.372,1970-01-21 15:02:33.504,Hè,,,
Ninh Bình,Đồng bằng sông Hồng,2026-06-23,32.02,36.519999999999996,28.46,36.8,42.4,32.660000000000004,0.08,0.08,0.0,0.8,63.8,17.4,33.839999999999996,24.564,1000.4200000000001,62.0,24.04,0.0,6.502,20.4191,106.0219,12.129999999999999,13.368,6,26,51,205,1970-01-21 15:03:11.796,1970-01-21 15:03:59.928,Hè,,,
Ninh Bình,Đồng bằng sông Hồng,2026-06-24,32.980000000000004,37.22,29.2,37.980000000000004,43.959999999999994,33.04,0.1,0.1,0.0,0.6,60.4,14.64,29.639999999999997,24.764,1000.26,48.0,24.119999999999997,0.0,6.648000000000001,20.4191,106.0219,12.604000000000001,13.368,6,26,3,212,1970-01-21 15:04:38.220,1970-01-21 15:05:26.340,Hè,,,
Ninh Bình,Đồng bằng sông Hồng,2026-06-25,33.36,37.8,29.880000000000003,38.88,44.12,34.3,0.31999999999999995,0.31999999999999995,0.0,1.4,61.6,14.440000000000001,27.580000000000002,22.09,1001.1600000000001,95.2,24.64,0.0,5.986,20.4191,106.0219,11.218,13.368,6,26,51,220,1970-01-21 15:06:04.632,1970-01-21 15:06:52.752,Hè,,,
Ninh Bình,Đồng bằng sông Hồng,2026-06-26,30.22,33.44,27.9,36.62,40.42,33.86,0.38,0.38,0.0,1.6,78.6,16.04,32.339999999999996,20.714,1003.72,96.6,25.96,0.0,4.648000000000001,20.4191,106.0219,8.488,13.362,6,26,51,5,1970-01-21 15:07:31.032,1970-01-21 15:08:19.152,Hè,,,
Ninh Bình,Đồng bằng sông Hồng,2026-06-27,29.619999999999997,33.04,26.119999999999997,36.46,40.660000000000004,31.579999999999995,8.5,8.5,0.0,12.4,81.0,10.86,24.56,19.458,1004.18,93.4,25.96,0.0,4.218,20.4191,106.0219,11.144,13.362,6,26,61,17,1970-01-21 15:08:57.468,1970-01-21 15:09:45.552,Hè,,,
Ninh Bình,Đồng bằng sông Hồng,2026-06-28,28.76,33.46,25.48,36.04,41.980000000000004,31.140000000000004,22.16,22.16,0.0,16.8,87.8,11.24,27.439999999999998,19.254,1003.4200000000001,98.0,26.4,0.0,4.054,20.4191,106.0219,10.27,13.36,6,26,63,166,1970-01-21 15:10:23.892,1970-01-21 15:11:11.964,Hè,,,
Ninh Bình,Đồng bằng sông Hồng,2026-06-29,28.360000000000003,31.2,25.939999999999998,35.3,39.04,32.0,21.16,21.16,0.0,18.0,88.6,11.64,25.939999999999998,15.0,1003.14,99.2,26.24,0.0,3.194,20.4191,106.0219,4.75,13.357999999999999,6,27,65,125,1970-01-21 15:11:50.292,1970-01-21 15:12:38.376,Hè,,,
Ninh Bình,Đồng bằng sông Hồng,2026-06-30,27.919999999999998,32.64,25.32,34.64,41.04,31.04,21.2,21.2,0.0,16.8,89.2,11.459999999999999,27.72,15.989999999999998,1004.22,96.0,25.880000000000003,0.0,3.404,20.4191,106.0219,5.332,13.351999999999999,6,27,63,99,1970-01-21 15:13:16.704,1970-01-21 15:14:04.788,Hè,,,
Ninh Bình,Đồng bằng sông Hồng,2026-07-01,27.639999999999997,31.68,25.14,33.839999999999996,39.18,30.419999999999998,15.12,15.12,0.0,17.8,88.4,13.64,27.580000000000002,16.94,1005.24,97.0,25.46,0.0,3.54,20.4191,106.0219,7.824,13.35,7,27,63,79,1970-01-21 15:14:43.140,1970-01-21 15:15:31.188,Hè,,,
Ninh Bình,Đồng bằng sông Hồng,2026-07-02,28.02,31.26,25.4,34.56,38.28,31.439999999999998,8.36,8.36,0.0,15.4,87.6,10.4,25.919999999999998,17.23,1006.4,90.4,25.68,0.0,3.5520000000000005,20.4191,106.0219,8.458,13.347999999999999,7,27,61,3,1970-01-21 15:16:09.552,1970-01-21 15:16:57.600,Hè,,,
Ninh Bình,Đồng bằng sông Hồng,2026-07-03,27.6,30.560000000000002,25.1,33.36,36.14,30.18,21.02,21.02,0.0,19.2,89.0,18.18,35.720000000000006,16.118000000000002,1004.8799999999999,88.4,25.580000000000002,0.0,3.2299999999999995,20.4191,106.0219,8.786,13.34,7,27,63,5,1970-01-21 15:17:35.952,1970-01-21 15:18:24.000,Hè,,,
Ninh Bình,Đồng bằng sông Hồng,2026-07-04,27.880000000000003,31.46,25.919999999999998,32.44,35.7,29.919999999999998,14.14,14.14,0.0,10.4,86.2,24.8,46.1,15.626,1001.0600000000001,98.8,25.22,0.0,3.478,20.4191,106.0219,6.546000000000001,13.338,7,27,63,301,1970-01-21 15:19:02.388,1970-01-21 15:19:50.400,Hè,,,
Ninh Bình,Đồng bằng sông Hồng,2026-07-05,28.880000000000003,32.42,26.04,34.96,39.160000000000004,31.52,17.240000000000002,17.240000000000002,0.0,15.4,84.8,16.32,32.32,13.8,1001.4399999999999,99.8,25.98,0.0,3.3299999999999996,20.4191,106.0219,4.322,13.330000000000002,7,27,63,192,1970-01-21 15:20:28.812,1970-01-21 15:21:16.800,Hè,,,
Ninh Bình,Đồng bằng sông Hồng,2026-07-06,28.660000000000004,32.62,25.98,33.32,37.660000000000004,29.919999999999998,12.620000000000001,12.620000000000001,0.0,12.0,81.0,18.98,37.660000000000004,13.828,1001.4,90.4,24.94,0.0,3.5519999999999996,20.4191,106.0219,6.776000000000001,13.322,7,28,63,195,1970-01-21 15:21:55.212,1970-01-21 15:22:43.200,Hè,,,
Ninh Bình,Đồng bằng sông Hồng,2026-07-07,29.54,33.7,26.1,35.86,42.12,30.080000000000002,5.220000000000001,5.220000000000001,0.0,9.0,81.0,16.919999999999998,33.6,23.098,1000.9399999999999,83.4,25.74,0.0,5.0600000000000005,20.4191,106.0219,11.934000000000001,13.318000000000001,7,28,63,197,1970-01-21 15:23:21.648,1970-01-21 15:24:09.600,Hè,,,
Ninh Bình,Đồng bằng sông Hồng,2026-07-08,28.439999999999998,31.639999999999997,26.3,35.92,41.14,32.3,11.42,11.42,0.0,12.4,90.0,9.18,24.28,17.846,1001.72,92.0,26.639999999999997,0.0,3.692,20.4191,106.0219,7.824,13.309999999999999,7,28,63,59,1970-01-21 15:24:48.072,1970-01-21 15:25:36.000,Hè,,,
Ninh Bình,Đồng bằng sông Hồng,2026-07-09,27.96,30.860000000000003,26.32,34.92,37.86,32.519999999999996,18.68,18.68,0.0,17.4,90.6,10.8,29.139999999999997,14.392000000000001,1001.8399999999999,96.6,26.26,0.0,2.998,20.4191,106.0219,5.246,13.302000000000001,7,28,63,184,1970-01-21 15:26:14.484,1970-01-21 15:27:02.388,Hè,,,
Ninh Bình,Đồng bằng sông Hồng,2026-07-10,28.22,32.260000000000005,25.72,35.160000000000004,40.96,31.4,13.719999999999999,13.719999999999999,0.0,13.4,87.6,10.68,26.860000000000003,21.178,1000.76,83.0,25.839999999999996,0.0,4.406000000000001,20.4191,106.0219,10.058,13.298000000000002,7,28,61,192,1970-01-21 15:27:40.920,1970-01-21 15:28:28.788,Hè,,,
Ninh Bình,Đồng bằng sông Hồng,2026-07-11,28.580000000000002,32.18,26.6,35.760000000000005,41.0,33.32,5.38,5.38,0.0,12.2,87.6,8.12,22.240000000000002,20.866,998.8,72.0,26.22,0.0,4.318,20.4191,106.0219,11.440000000000001,13.290000000000001,7,28,61,186,1970-01-21 15:29:07.332,1970-01-21 15:29:55.176,Hè,,,
Ninh Bình,Đồng bằng sông Hồng,2026-07-12,28.68,32.54,26.580000000000002,35.980000000000004,41.480000000000004,33.38,10.36,10.36,0.0,11.6,88.4,11.36,27.52,22.631999999999998,999.3399999999999,70.6,26.439999999999998,0.0,4.662,20.4191,106.0219,11.379999999999999,13.279999999999998,7,28,63,335,1970-01-21 15:30:33.768,1970-01-21 15:31:21.564,Hè,,,
Ninh Bình,Đồng bằng sông Hồng,2026-07-13,28.72,32.6,26.24,35.94,41.760000000000005,32.78,9.680000000000001,9.680000000000001,0.0,10.4,86.8,9.559999999999999,23.1,22.784,1001.5799999999999,51.4,26.2,0.0,4.756,20.4191,106.0219,11.748000000000001,13.272,7,29,63,119,1970-01-21 15:32:00.192,1970-01-21 15:32:47.952,Hè,,,
Ninh Bình,Đồng bằng sông Hồng,2026-07-14,29.6,33.94,26.8,36.62,41.62,33.879999999999995,2.0,2.0,0.0,5.8,82.4,14.52,31.18,22.272,1001.76,91.4,26.02,0.0,4.814,20.4191,106.0219,11.398,13.262,7,29,51,158,1970-01-21 15:33:26.592,1970-01-21 15:34:14.352,Hè,,,
Ninh Bình,Đồng bằng sông Hồng,2026-07-15,30.82,34.18,27.68,37.32,41.18,33.08,0.36,0.36,0.0,1.2,78.4,17.04,33.980000000000004,17.726,1001.74,95.4,26.4,0.0,4.3260000000000005,20.4191,106.0219,8.324000000000002,13.252,7,29,3,196,1970-01-21 15:34:53.040,1970-01-21 15:35:40.752,Hè,,,
Ninh Bình,Đồng bằng sông Hồng,2026-07-16,29.74,33.019999999999996,26.18,35.18,38.56,30.5,9.0,9.0,0.0,10.0,79.2,19.02,37.6,14.844,1001.96,96.6,25.54,0.0,3.72,20.4191,106.0219,7.456,13.242,7,29,63,205,1970-01-21 15:36:19.452,1970-01-21 15:37:07.140,Hè,,,
Ninh Bình,Đồng bằng sông Hồng,2026-07-17,30.619999999999997,34.1,27.639999999999997,35.88,40.1,31.26,1.16,1.16,0.0,4.2,72.4,15.74,34.12,19.240000000000002,1001.36,88.8,24.94,0.0,4.933999999999999,20.4191,106.0219,10.172,13.232,7,29,53,198,1970-01-21 15:37:45.876,1970-01-21 15:38:33.528,Hè,,,
Ninh Bình,Đồng bằng sông Hồng,2026-07-18,30.76,34.760000000000005,27.419999999999998,36.06,40.96,31.5,0.78,0.78,0.0,3.6,70.2,13.84,28.080000000000002,23.938,1001.2,73.0,24.44,0.0,5.811999999999999,20.4191,106.0219,11.502,13.222,7,29,51,213,1970-01-21 15:39:12.312,1970-01-21 15:39:59.892,Hè,,,
Ninh Bình,Đồng bằng sông Hồng,2026-07-19,29.98,33.2,27.419999999999998,35.64,38.86,32.82,0.9,0.9,0.0,3.4,74.4,11.58,24.759999999999998,18.442,1002.5799999999999,99.2,24.720000000000002,0.0,4.392,20.4191,106.0219,8.806000000000001,13.212,7,29,51,260,1970-01-21 15:40:38.712,1970-01-21 15:41:26.292,Hè,,,
Ninh Bình,Đồng bằng sông Hồng,2026-07-20,29.080000000000002,31.6,26.74,35.260000000000005,37.760000000000005,32.8,4.9,4.9,0.0,9.2,81.4,10.18,23.16,16.740000000000002,1003.4200000000001,98.0,25.419999999999998,0.0,3.7359999999999998,20.4191,106.0219,7.970000000000001,13.201999999999998,7,30,63,233,1970-01-21 15:42:05.148,1970-01-21 15:42:52.680,Hè,,,
