province,region,date,temperature_2m_mean,temperature_2m_max,temperature_2m_min,apparent_temperature_mean,apparent_temperature_max,apparent_temperature_min,precipitation_sum,rain_sum,showers_sum,precipitation_hours,relative_humidity_2m_mean,wind_speed_10m_max,wind_gusts_10m_max,shortwave_radiation_sum,pressure_msl_mean,cloud_cover_mean,dew_point_2m_mean,snowfall_sum,et0_fao_evapotranspiration,latitude,longitude,sunshine_hours,daylight_hours,month,week,weather_code,wind_direction_10m_dominant,sunrise,sunset,season,uv_index_max,uv_index_clear_sky_max,precipitation_probability_max
Phú Thọ,Trung du miền núi Bắc Bộ,2025-07-21,28.4,32.72,26.48,34.38,38.760000000000005,30.9,27.24,27.24,0.0,11.8,87.4,17.0,33.760000000000005,8.344,994.32,100.0,25.98,0.0,2.114,21.1958,105.37010000000001,1.684,13.232,7,30,63,261,1970-01-21 06:57:55.632,1970-01-21 06:58:43.284,Hè,,,
Phú Thọ,Trung du miền núi Bắc Bộ,2025-07-22,26.76,29.160000000000004,25.32,30.639999999999997,34.36,28.18,52.08,52.08,0.0,21.6,89.2,28.560000000000002,59.46,9.501999999999999,992.4200000000001,100.0,24.84,0.0,2.258,21.1958,105.37010000000001,3.4560000000000004,13.220000000000002,7,30,65,7,1970-01-21 06:59:22.080,1970-01-21 07:00:09.672,Hè,,,
Phú Thọ,Trung du miền núi Bắc Bộ,2025-07-23,27.160000000000004,30.48,24.84,32.62,36.78,29.3,16.98,16.98,0.0,18.2,87.2,15.059999999999999,29.6,17.198,997.96,99.2,24.7,0.0,3.614,21.1958,105.37010000000001,8.558,13.209999999999999,7,30,63,52,1970-01-21 07:00:48.492,1970-01-21 07:01:36.060,Hè,,,
Phú Thọ,Trung du miền núi Bắc Bộ,2025-07-24,26.82,30.48,24.419999999999998,33.12,37.38,29.7,24.16,24.16,0.0,19.8,91.4,11.940000000000001,26.419999999999998,14.5,1001.26,100.0,25.240000000000002,0.0,3.004,21.1958,105.37010000000001,5.8759999999999994,13.2,7,30,65,21,1970-01-21 07:02:14.916,1970-01-21 07:03:02.424,Hè,,,
Phú Thọ,Trung du miền núi Bắc Bộ,2025-07-25,27.360000000000003,30.32,24.74,34.08,38.36,30.26,20.06,20.06,0.0,18.8,91.0,7.68,20.080000000000002,15.392000000000001,1001.4799999999999,99.8,25.68,0.0,3.222,21.1958,105.37010000000001,6.882000000000001,13.187999999999999,7,30,63,63,1970-01-21 07:03:41.352,1970-01-21 07:04:28.812,Hè,,,
Phú Thọ,Trung du miền núi Bắc Bộ,2025-07-26,28.26,32.7,25.46,35.08,40.760000000000005,31.660000000000004,15.16,15.16,0.0,16.2,86.4,9.58,26.2,21.144,1001.14,87.4,25.580000000000002,0.0,4.4719999999999995,21.1958,105.37010000000001,9.872,13.169999999999998,7,30,63,72,1970-01-21 07:05:07.752,1970-01-21 07:05:55.200,Hè,,,
Phú Thọ,Trung du miền núi Bắc Bộ,2025-07-27,28.76,32.78,25.48,35.38,40.980000000000004,31.6,1.34,1.34,0.0,5.6,83.4,10.440000000000001,22.46,22.59,1000.5799999999999,76.0,25.46,0.0,4.836,21.1958,105.37010000000001,11.834,13.16,7,30,51,79,1970-01-21 07:06:34.200,1970-01-21 07:07:21.552,Hè,,,
Phú Thọ,Trung du miền núi Bắc Bộ,2025-07-28,29.860000000000003,34.58,25.339999999999996,36.72,42.839999999999996,31.4,0.0,0.0,0.0,0.0,78.2,8.620000000000001,17.78,24.862000000000002,998.86,31.4,25.34,0.0,5.4399999999999995,21.1958,105.37010000000001,12.108,13.148000000000001,7,31,3,97,1970-01-21 07:08:00.612,1970-01-21 07:08:47.940,Hè,,,
Phú Thọ,Trung du miền núi Bắc Bộ,2025-07-29,31.2,36.12,26.52,38.4,44.62,33.3,0.02,0.02,0.0,0.2,76.0,9.24,18.28,25.118000000000002,997.0,66.0,26.1,0.0,5.702,21.1958,105.37010000000001,12.1,13.13,7,31,3,104,1970-01-21 07:09:27.036,1970-01-21 07:10:14.304,Hè,,,
Phú Thọ,Trung du miền núi Bắc Bộ,2025-07-30,31.72,36.56,27.52,39.3,45.08,34.480000000000004,0.45999999999999996,0.45999999999999996,0.0,0.2,76.0,8.9,18.98,24.228,996.82,97.4,26.68,0.0,5.502,21.1958,105.37010000000001,11.815999999999999,13.12,7,31,3,122,1970-01-21 07:10:53.460,1970-01-21 07:11:40.680,Hè,,,
Phú Thọ,Trung du miền núi Bắc Bộ,2025-07-31,30.32,34.78,27.78,37.44,43.14,33.519999999999996,5.9,5.9,0.0,5.0,79.8,12.08,27.0,21.302,997.24,97.4,26.26,0.0,4.752,21.1958,105.37010000000001,9.902000000000001,13.1,7,31,63,143,1970-01-21 07:12:19.872,1970-01-21 07:13:07.044,Hè,,,
Phú Thọ,Trung du miền núi Bắc Bộ,2025-08-01,28.9,33.18,26.32,35.6,41.5,32.46,7.859999999999999,7.859999999999999,0.0,10.2,84.6,12.58,27.3,21.146,998.7,88.4,25.880000000000003,0.0,4.526,21.1958,105.37010000000001,9.794,13.09,8,31,61,10,1970-01-21 07:13:46.320,1970-01-21 07:14:33.420,Hè,,,
Phú Thọ,Trung du miền núi Bắc Bộ,2025-08-02,29.98,34.92,24.94,36.92,43.86,30.060000000000002,1.3599999999999999,1.3599999999999999,0.0,2.6,80.8,13.84,29.880000000000003,23.874000000000002,1000.22,74.4,26.02,0.0,5.3420000000000005,21.1958,105.37010000000001,12.028,13.069999999999999,8,31,51,107,1970-01-21 07:15:12.732,1970-01-21 07:15:59.784,Hè,,,
Phú Thọ,Trung du miền núi Bắc Bộ,2025-08-03,31.839999999999996,36.86,27.24,38.4,43.72,34.260000000000005,0.0,0.0,0.0,0.0,72.2,13.9,29.080000000000002,24.714,999.32,77.8,25.78,0.0,6.018,21.1958,105.37010000000001,12.081999999999999,13.059999999999999,8,31,3,172,1970-01-21 07:16:39.144,1970-01-21 07:17:26.160,Hè,,,
Phú Thọ,Trung du miền núi Bắc Bộ,2025-08-04,32.480000000000004,37.04,28.9,38.56,44.22,33.6,0.02,0.02,0.0,0.2,67.0,15.080000000000002,29.6,23.974,999.0799999999999,99.6,25.32,0.0,6.096,21.1958,105.37010000000001,11.597999999999999,13.040000000000001,8,32,3,248,1970-01-21 07:18:05.580,1970-01-21 07:18:52.512,Hè,,,
Phú Thọ,Trung du miền núi Bắc Bộ,2025-08-05,29.98,34.64,27.419999999999998,37.3,41.54,34.44,3.9,3.9,0.0,5.6,83.6,11.8,25.919999999999998,13.462,1001.1,100.0,26.72,0.0,3.1079999999999997,21.1958,105.37010000000001,4.368,13.029999999999998,8,32,51,44,1970-01-21 07:19:31.992,1970-01-21 07:20:18.900,Hè,,,
Phú Thọ,Trung du miền núi Bắc Bộ,2025-08-06,28.2,31.18,26.560000000000002,34.78,37.32,32.54,15.059999999999999,15.059999999999999,0.0,13.2,90.0,14.3,31.619999999999997,11.094,1002.72,99.8,26.3,0.0,2.4859999999999998,21.1958,105.37010000000001,3.064,13.01,8,32,65,94,1970-01-21 07:20:58.416,1970-01-21 07:21:45.252,Hè,,,
Phú Thọ,Trung du miền núi Bắc Bộ,2025-08-07,28.3,31.0,26.22,34.980000000000004,37.260000000000005,32.72,4.3,4.3,0.0,7.4,88.8,9.64,19.5,9.278,1005.14,98.0,26.2,0.0,2.1399999999999997,21.1958,105.37010000000001,1.09,13.0,8,32,61,107,1970-01-21 07:22:24.840,1970-01-21 07:23:11.616,Hè,,,
Phú Thọ,Trung du miền núi Bắc Bộ,2025-08-08,30.360000000000003,35.72,25.9,36.739999999999995,42.059999999999995,32.260000000000005,0.72,0.72,0.0,2.4,77.4,13.940000000000001,28.02,23.346,1005.24,51.8,25.48,0.0,5.436,21.1958,105.37010000000001,11.809999999999999,12.98,8,32,51,129,1970-01-21 07:23:51.252,1970-01-21 07:24:37.980,Hè,,,
Phú Thọ,Trung du miền núi Bắc Bộ,2025-08-09,31.02,36.260000000000005,26.32,37.46,43.86,32.739999999999995,0.1,0.1,0.0,0.8,73.4,12.0,24.259999999999998,24.384,1004.0,66.6,25.3,0.0,5.688000000000001,21.1958,105.37010000000001,12.0,12.959999999999999,8,32,51,119,1970-01-21 07:25:17.688,1970-01-21 07:26:04.332,Hè,,,
Phú Thọ,Trung du miền núi Bắc Bộ,2025-08-10,30.24,33.96,27.2,37.3,42.0,33.82,11.64,11.64,0.0,9.0,81.8,12.959999999999999,26.360000000000003,21.824,1003.9200000000001,93.0,26.660000000000004,0.0,4.904,21.1958,105.37010000000001,12.0,12.95,8,32,61,121,1970-01-21 07:26:44.100,1970-01-21 07:27:30.720,Hè,,,
Phú Thọ,Trung du miền núi Bắc Bộ,2025-08-11,29.560000000000002,34.04,25.56,36.42,42.519999999999996,31.74,7.12,7.12,0.0,7.0,82.4,12.08,26.22,21.61,1004.0600000000001,93.8,26.060000000000002,0.0,4.806,21.1958,105.37010000000001,11.748000000000001,12.930000000000001,8,33,63,98,1970-01-21 07:28:10.512,1970-01-21 07:28:57.072,Hè,,,
Phú Thọ,Trung du miền núi Bắc Bộ,2025-08-12,29.28,33.5,26.0,36.12,41.64,31.619999999999997,4.14,4.14,0.0,6.8,84.0,12.120000000000001,25.839999999999996,20.19,1004.8,95.4,26.139999999999997,0.0,4.356,21.1958,105.37010000000001,11.068000000000001,12.91,8,33,61,121,1970-01-21 07:29:36.960,1970-01-21 07:30:23.412,Hè,,,
Phú Thọ,Trung du miền núi Bắc Bộ,2025-08-13,28.68,33.0,25.04,35.56,41.56,29.660000000000004,4.6,4.6,0.0,7.0,85.2,12.74,25.839999999999996,20.259999999999998,1006.0,97.6,25.78,0.0,4.3100000000000005,21.1958,105.37010000000001,9.706,12.898000000000001,8,33,61,141,1970-01-21 07:31:03.360,1970-01-21 07:31:49.800,Hè,,,
Phú Thọ,Trung du miền núi Bắc Bộ,2025-08-14,29.380000000000003,32.54,26.439999999999998,36.519999999999996,40.06,33.06,5.3,5.3,0.0,7.6,84.4,9.120000000000001,19.5,18.182,1004.0,96.8,26.32,0.0,3.9219999999999997,21.1958,105.37010000000001,11.49,12.88,8,33,53,4,1970-01-21 07:32:29.772,1970-01-21 07:33:16.140,Hè,,,
Phú Thọ,Trung du miền núi Bắc Bộ,2025-08-15,26.360000000000003,29.5,24.68,31.919999999999998,36.22,29.439999999999998,12.44,12.44,0.0,20.6,90.0,14.0,31.68,10.97,1004.8399999999999,99.0,24.5,0.0,2.326,21.1958,105.37010000000001,3.3979999999999997,12.86,8,33,63,10,1970-01-21 07:33:56.220,1970-01-21 07:34:42.492,Hè,,,
Phú Thọ,Trung du miền núi Bắc Bộ,2025-08-16,25.5,29.839999999999996,23.46,30.96,36.44,28.080000000000002,16.8,16.8,0.0,17.2,91.2,9.459999999999999,23.82,13.401999999999997,1007.76,96.0,23.880000000000003,0.0,2.744,21.1958,105.37010000000001,5.444000000000001,12.841999999999999,8,33,61,12,1970-01-21 07:35:22.620,1970-01-21 07:36:08.880,Hè,,,
Phú Thọ,Trung du miền núi Bắc Bộ,2025-08-17,26.48,31.78,23.98,31.619999999999997,37.64,28.46,11.739999999999998,11.739999999999998,0.0,9.2,87.4,13.719999999999999,32.760000000000005,17.618000000000002,1008.1200000000001,98.8,23.98,0.0,3.7159999999999997,21.1958,105.37010000000001,7.212000000000001,12.828,8,33,63,307,1970-01-21 07:36:49.032,1970-01-21 07:37:35.220,Hè,,,
Phú Thọ,Trung du miền núi Bắc Bộ,2025-08-18,26.6,31.939999999999998,23.68,31.72,37.1,27.68,25.119999999999997,25.119999999999997,0.0,10.0,87.2,17.02,36.36,16.68,1006.32,99.4,24.02,0.0,3.554,21.1958,105.37010000000001,7.198,12.809999999999999,8,34,65,316,1970-01-21 07:38:15.480,1970-01-21 07:39:01.572,Hè,,,
Phú Thọ,Trung du miền núi Bắc Bộ,2025-08-19,26.419999999999998,28.5,24.68,32.3,34.56,29.839999999999996,13.66,13.66,0.0,17.2,92.6,10.9,21.66,6.4959999999999996,1005.64,100.0,25.060000000000002,0.0,1.508,21.1958,105.37010000000001,0.012,12.79,8,34,61,107,1970-01-21 07:39:41.880,1970-01-21 07:40:27.912,Hè,,,
Phú Thọ,Trung du miền núi Bắc Bộ,2025-08-20,28.360000000000003,32.760000000000005,25.22,34.58,39.92,31.18,4.92,4.92,0.0,6.2,86.2,13.780000000000001,30.660000000000004,18.094,1005.82,98.4,25.660000000000004,0.0,3.95,21.1958,105.37010000000001,8.594,12.772,8,34,53,100,1970-01-21 07:41:08.292,1970-01-21 07:41:54.288,Hè,,,
Phú Thọ,Trung du miền núi Bắc Bộ,2025-08-21,27.360000000000003,30.619999999999997,25.18,33.12,36.660000000000004,30.160000000000004,6.4799999999999995,6.4799999999999995,0.0,7.4,89.8,16.16,32.980000000000004,10.166,1007.3,99.6,25.5,0.0,2.282,21.1958,105.37010000000001,1.7920000000000003,12.751999999999999,8,34,63,121,1970-01-21 07:42:34.716,1970-01-21 07:43:20.640,Hè,,,
Phú Thọ,Trung du miền núi Bắc Bộ,2025-08-22,27.660000000000004,30.839999999999996,25.860000000000003,33.4,36.760000000000005,31.32,5.86,5.86,0.0,5.8,87.8,13.0,29.160000000000004,12.072,1007.3,100.0,25.380000000000003,0.0,2.664,21.1958,105.37010000000001,3.56,12.738,8,34,63,124,1970-01-21 07:44:01.140,1970-01-21 07:44:46.980,Hè,,,
Phú Thọ,Trung du miền núi Bắc Bộ,2025-08-23,27.380000000000003,30.080000000000002,24.82,33.3,36.36,30.580000000000002,7.76,7.76,0.0,7.2,86.6,12.020000000000001,30.580000000000002,16.932,1007.74,95.0,24.84,0.0,3.432,21.1958,105.37010000000001,9.838,12.718,8,34,63,123,1970-01-21 07:45:27.540,1970-01-21 07:46:13.332,Hè,,,
Phú Thọ,Trung du miền núi Bắc Bộ,2025-08-24,27.360000000000003,32.5,24.580000000000002,33.14,39.5,29.439999999999998,8.540000000000001,8.540000000000001,0.0,9.0,86.6,14.0,32.46,19.5,1007.0799999999999,63.2,24.78,0.0,4.061999999999999,21.1958,105.37010000000001,8.790000000000001,12.7,8,34,63,317,1970-01-21 07:46:53.952,1970-01-21 07:47:39.672,Hè,,,
Phú Thọ,Trung du miền núi Bắc Bộ,2025-08-25,24.94,26.6,23.66,29.0,31.02,26.560000000000002,42.68,42.68,0.0,20.2,93.0,19.7,42.4,5.523999999999999,1005.82,99.8,23.72,0.0,1.266,21.1958,105.37010000000001,0.732,12.68,8,35,65,20,1970-01-21 07:48:20.400,1970-01-21 07:49:06.024,Hè,,,
Phú Thọ,Trung du miền núi Bắc Bộ,2025-08-26,24.34,25.9,23.44,28.360000000000003,30.419999999999998,26.619999999999997,73.8,73.8,0.0,24.0,96.0,20.94,43.14,4.236,1007.0200000000001,100.0,23.66,0.0,0.95,21.1958,105.37010000000001,0.0,12.662,8,35,65,46,1970-01-21 07:49:46.800,1970-01-21 07:50:32.400,Hè,,,
Phú Thọ,Trung du miền núi Bắc Bộ,2025-08-27,24.94,28.060000000000002,23.22,30.46,34.120000000000005,28.02,26.660000000000004,26.660000000000004,0.0,18.2,93.6,6.16,17.580000000000002,9.274,1008.0600000000001,97.8,23.8,0.0,1.906,21.1958,105.37010000000001,3.846,12.642,8,35,63,16,1970-01-21 07:51:13.212,1970-01-21 07:51:58.740,Hè,,,
Phú Thọ,Trung du miền núi Bắc Bộ,2025-08-28,26.5,30.28,23.36,32.36,37.06,28.54,5.18,5.18,0.0,9.4,88.0,9.26,22.46,18.554,1007.54,59.6,24.2,0.0,3.786,21.1958,105.37010000000001,11.092,12.622,8,35,61,52,1970-01-21 07:52:39.648,1970-01-21 07:53:25.080,Hè,,,
Phú Thọ,Trung du miền núi Bắc Bộ,2025-08-29,26.78,31.7,23.880000000000003,32.260000000000005,38.239999999999995,28.4,9.2,9.2,0.0,12.4,87.0,12.16,31.02,20.11,1008.6600000000001,73.0,24.2,0.0,4.122,21.1958,105.37010000000001,9.873999999999999,12.602,8,35,63,8,1970-01-21 07:54:06.060,1970-01-21 07:54:51.420,Hè,,,
Phú Thọ,Trung du miền núi Bắc Bộ,2025-08-30,26.2,30.380000000000003,24.22,31.080000000000002,35.38,28.2,30.439999999999998,30.439999999999998,0.0,17.6,89.2,17.96,43.06,13.181999999999999,1008.24,94.8,24.22,0.0,2.7939999999999996,21.1958,105.37010000000001,5.436,12.581999999999999,8,35,65,315,1970-01-21 07:55:32.460,1970-01-21 07:56:17.760,Hè,,,
Phú Thọ,Trung du miền núi Bắc Bộ,2025-08-31,25.419999999999998,29.78,23.6,30.98,36.46,27.98,34.6,34.6,0.0,18.6,93.2,12.620000000000001,26.860000000000003,12.452,1008.3799999999999,97.4,24.2,0.0,2.538,21.1958,105.37010000000001,4.118,12.568000000000001,8,35,65,310,1970-01-21 07:56:58.872,1970-01-21 07:57:44.112,Hè,,,
Phú Thọ,Trung du miền núi Bắc Bộ,2025-09-01,26.96,30.860000000000003,23.759999999999998,32.8,37.36,28.76,5.62,5.62,0.0,10.8,87.2,9.84,21.94,18.294,1007.0200000000001,82.8,24.48,0.0,3.812,21.1958,105.37010000000001,10.644,12.548,9,36,61,92,1970-01-21 07:58:25.308,1970-01-21 07:59:10.452,Thu,,,
Phú Thọ,Trung du miền núi Bắc Bộ,2025-09-02,27.919999999999998,31.96,24.36,34.019999999999996,38.980000000000004,30.0,0.9199999999999999,0.9199999999999999,0.0,4.2,84.4,12.76,25.639999999999997,21.598,1006.5799999999999,73.2,24.78,0.0,4.587999999999999,21.1958,105.37010000000001,11.895999999999999,12.528,9,36,51,119,1970-01-21 07:59:51.720,1970-01-21 08:00:36.816,Thu,,,
Phú Thọ,Trung du miền núi Bắc Bộ,2025-09-03,28.8,33.12,25.18,34.92,40.04,31.18,0.22000000000000003,0.22000000000000003,0.0,2.0,81.4,12.120000000000001,24.06,22.509999999999998,1006.68,38.8,25.02,0.0,4.93,21.1958,105.37010000000001,11.8,12.508,9,36,51,103,1970-01-21 08:01:18.120,1970-01-21 08:02:03.168,Thu,,,
Phú Thọ,Trung du miền núi Bắc Bộ,2025-09-04,29.1,33.760000000000005,24.74,34.9,40.17999999999999,30.28,0.0,0.0,0.0,0.0,78.2,11.36,22.46,23.357999999999997,1006.1600000000001,11.4,24.64,0.0,5.206,21.1958,105.37010000000001,12.0,12.488,9,36,3,92,1970-01-21 08:02:44.532,1970-01-21 08:03:29.520,Thu,,,
Phú Thọ,Trung du miền núi Bắc Bộ,2025-09-05,29.46,33.86,24.96,35.32000000000001,40.64,30.360000000000003,0.0,0.0,0.0,0.0,77.4,11.42,21.259999999999998,23.424,1006.4,53.2,24.78,0.0,5.274,21.1958,105.37010000000001,12.0,12.47,9,36,3,90,1970-01-21 08:04:10.980,1970-01-21 08:04:55.860,Thu,,,
Phú Thọ,Trung du miền núi Bắc Bộ,2025-09-06,29.22,33.019999999999996,25.74,35.68,40.739999999999995,31.82,0.7,0.7,0.0,3.8,80.6,10.040000000000001,20.94,20.607999999999997,1007.4,85.0,25.32,0.0,4.502000000000001,21.1958,105.37010000000001,11.604000000000001,12.45,9,36,51,110,1970-01-21 08:05:37.380,1970-01-21 08:06:22.200,Thu,,,
Phú Thọ,Trung du miền núi Bắc Bộ,2025-09-07,29.32,32.92,25.619999999999997,35.82,40.92,31.1,1.6,1.6,0.0,3.0,78.6,9.0,19.52,21.986,1005.9799999999999,61.0,24.94,0.0,4.720000000000001,21.1958,105.37010000000001,11.540000000000001,12.43,9,36,3,25,1970-01-21 08:07:03.780,1970-01-21 08:07:48.540,Thu,,,
Phú Thọ,Trung du miền núi Bắc Bộ,2025-09-08,30.28,34.38,25.9,36.519999999999996,42.14,31.8,0.18,0.18,0.0,1.4,73.6,12.78,24.839999999999996,22.226,1004.5,71.0,24.82,0.0,5.064,21.1958,105.37010000000001,11.904,12.41,9,37,51,129,1970-01-21 08:08:30.204,1970-01-21 08:09:14.880,Thu,,,
Phú Thọ,Trung du miền núi Bắc Bộ,2025-09-09,28.3,30.78,26.4,34.339999999999996,37.4,32.06,1.26,1.26,0.0,5.4,83.8,11.040000000000001,22.1,9.251999999999999,1005.96,97.8,25.26,0.0,2.244,21.1958,105.37010000000001,0.916,12.39,9,37,51,88,1970-01-21 08:09:56.640,1970-01-21 08:10:41.220,Thu,,,
Phú Thọ,Trung du miền núi Bắc Bộ,2025-09-10,27.68,31.68,25.4,33.96,38.52,31.5,6.4799999999999995,6.4799999999999995,0.0,7.2,87.2,9.440000000000001,22.380000000000003,15.12,1007.4,99.2,25.22,0.0,3.2299999999999995,21.1958,105.37010000000001,7.298,12.37,9,37,63,40,1970-01-21 08:11:23.040,1970-01-21 08:12:07.560,Thu,,,
Phú Thọ,Trung du miền núi Bắc Bộ,2025-09-11,27.1,30.919999999999998,24.94,32.96,38.08,30.139999999999997,13.48,13.48,0.0,13.2,90.0,12.48,26.860000000000003,12.559999999999999,1008.18,97.8,25.259999999999998,0.0,2.698,21.1958,105.37010000000001,5.462000000000001,12.35,9,37,63,54,1970-01-21 08:12:49.440,1970-01-21 08:13:33.900,Thu,,,
Phú Thọ,Trung du miền núi Bắc Bộ,2025-09-12,27.22,32.08,24.7,32.94,39.2,29.919999999999998,8.98,8.98,0.0,12.4,88.8,13.6,29.18,17.740000000000002,1009.0799999999999,89.6,25.080000000000002,0.0,3.688,21.1958,105.37010000000001,8.962,12.33,9,37,63,128,1970-01-21 08:14:15.852,1970-01-21 08:15:00.240,Thu,,,
Phú Thọ,Trung du miền núi Bắc Bộ,2025-09-13,28.18,32.54,24.759999999999998,34.120000000000005,39.0,30.339999999999996,1.08,1.08,0.0,6.6,83.8,11.379999999999999,26.22,19.881999999999998,1009.72,94.0,24.94,0.0,4.279999999999999,21.1958,105.37010000000001,11.2,12.31,9,37,51,95,1970-01-21 08:15:42.300,1970-01-21 08:16:26.580,Thu,,,
Phú Thọ,Trung du miền núi Bắc Bộ,2025-09-14,28.360000000000003,32.7,24.82,34.260000000000005,39.26,30.6,0.48,0.48,0.0,2.2,81.0,11.16,23.54,19.997999999999998,1009.76,89.2,24.54,0.0,4.362,21.1958,105.37010000000001,11.145999999999999,12.29,9,37,51,94,1970-01-21 08:17:08.700,1970-01-21 08:17:52.932,Thu,,,
Phú Thọ,Trung du miền núi Bắc Bộ,2025-09-15,27.48,31.139999999999997,24.9,32.94,36.62,29.860000000000003,3.78,3.78,0.0,9.4,84.4,12.42,27.360000000000003,14.776,1010.18,93.6,24.52,0.0,3.194,21.1958,105.37010000000001,7.758,12.27,9,38,61,86,1970-01-21 08:18:35.100,1970-01-21 08:19:19.272,Thu,,,
Phú Thọ,Trung du miền núi Bắc Bộ,2025-09-16,27.639999999999997,31.919999999999998,23.9,33.480000000000004,39.3,28.660000000000004,6.92,6.92,0.0,9.6,82.8,9.66,20.46,20.546,1010.1600000000001,64.4,24.22,0.0,4.372,21.1958,105.37010000000001,11.016,12.25,9,38,63,100,1970-01-21 08:20:01.512,1970-01-21 08:20:45.612,Thu,,,
Phú Thọ,Trung du miền núi Bắc Bộ,2025-09-17,27.28,31.74,24.6,33.0,38.44,29.580000000000002,6.26,6.26,0.0,9.4,84.4,14.74,29.78,18.238,1009.0,67.4,24.259999999999998,0.0,3.846,21.1958,105.37010000000001,9.812000000000001,12.23,9,38,63,52,1970-01-21 08:21:27.948,1970-01-21 08:22:11.964,Thu,,,
Phú Thọ,Trung du miền núi Bắc Bộ,2025-09-18,26.8,30.72,23.6,32.28,36.92,28.32,15.7,15.7,0.0,13.6,86.0,10.440000000000001,24.919999999999998,17.776,1009.0799999999999,96.8,24.080000000000002,0.0,3.7020000000000004,21.1958,105.37010000000001,10.288,12.21,9,38,61,23,1970-01-21 08:22:54.360,1970-01-21 08:23:38.304,Thu,,,
Phú Thọ,Trung du miền núi Bắc Bộ,2025-09-19,27.880000000000003,32.0,24.0,33.660000000000004,38.82,28.660000000000004,6.26,6.26,0.0,5.6,81.8,10.66,23.9,20.466,1008.5,62.4,24.2,0.0,4.382,21.1958,105.37010000000001,11.02,12.19,9,38,63,115,1970-01-21 08:24:20.760,1970-01-21 08:25:04.656,Thu,,,
Phú Thọ,Trung du miền núi Bắc Bộ,2025-09-20,29.360000000000003,33.86,24.78,35.120000000000005,39.94,30.419999999999998,0.06000000000000001,0.06000000000000001,0.0,0.6,74.8,9.36,19.02,21.538,1006.5200000000001,35.6,24.04,0.0,4.846,21.1958,105.37010000000001,11.888,12.17,9,38,3,119,1970-01-21 08:25:47.172,1970-01-21 08:26:30.996,Thu,,,
Phú Thọ,Trung du miền núi Bắc Bộ,2025-09-21,28.68,33.72,26.02,34.660000000000004,40.36,31.5,7.359999999999999,7.359999999999999,0.0,8.2,81.4,12.98,27.939999999999998,18.4,1005.9,69.0,25.04,0.0,4.052,21.1958,105.37010000000001,10.437999999999999,12.15,9,38,63,89,1970-01-21 08:27:13.608,1970-01-21 08:27:57.348,Thu,,,
Phú Thọ,Trung du miền núi Bắc Bộ,2025-09-22,26.28,29.580000000000002,24.240000000000002,31.82,35.839999999999996,29.080000000000002,26.919999999999998,26.919999999999998,0.0,21.0,90.0,10.42,21.7,11.437999999999999,1007.6200000000001,91.2,24.4,0.0,2.412,21.1958,105.37010000000001,4.992,12.13,9,39,63,74,1970-01-21 08:28:40.020,1970-01-21 08:29:23.688,Thu,,,
Phú Thọ,Trung du miền núi Bắc Bộ,2025-09-23,27.380000000000003,31.660000000000004,24.06,32.8,37.519999999999996,28.96,2.2800000000000002,2.2800000000000002,0.0,8.4,83.8,11.540000000000001,23.46,18.988,1005.96,53.0,24.14,0.0,4.012,21.1958,105.37010000000001,10.693999999999999,12.11,9,39,53,316,1970-01-21 08:30:06.420,1970-01-21 08:30:50.040,Thu,,,
Phú Thọ,Trung du miền núi Bắc Bộ,2025-09-24,28.639999999999997,33.28,24.2,32.58,36.78,28.0,0.62,0.62,0.0,3.2,73.0,20.080000000000002,41.32,20.644,1003.26,78.4,22.84,0.0,4.922,21.1958,105.37010000000001,11.518,12.09,9,39,51,315,1970-01-21 08:31:32.844,1970-01-21 08:32:16.380,Thu,,,
Phú Thọ,Trung du miền núi Bắc Bộ,2025-09-25,26.419999999999998,27.9,24.78,30.4,31.839999999999996,28.8,10.22,10.22,0.0,10.4,80.2,14.6,29.72,7.1,1003.5600000000001,99.2,22.66,0.0,1.964,21.1958,105.37010000000001,0.45999999999999996,12.07,9,39,63,307,1970-01-21 08:32:59.268,1970-01-21 08:33:42.720,Thu,,,
Phú Thọ,Trung du miền núi Bắc Bộ,2025-09-26,25.240000000000002,28.96,23.66,30.080000000000002,33.46,28.02,11.84,11.84,0.0,12.0,89.4,9.9,24.759999999999998,9.266,1010.46,99.4,23.240000000000002,0.0,2.012,21.1958,105.37010000000001,2.492,12.05,9,39,63,335,1970-01-21 08:34:25.680,1970-01-21 08:35:09.060,Thu,,,
Phú Thọ,Trung du miền núi Bắc Bộ,2025-09-27,26.24,30.76,23.380000000000003,31.52,36.86,27.580000000000002,26.18,26.18,0.0,15.0,89.2,12.8,34.56,16.041999999999998,1012.4200000000001,98.0,24.18,0.0,3.2960000000000003,21.1958,105.37010000000001,8.764,12.03,9,39,65,303,1970-01-21 08:35:52.080,1970-01-21 08:36:35.400,Thu,,,
Phú Thọ,Trung du miền núi Bắc Bộ,2025-09-28,25.860000000000003,30.060000000000002,23.62,30.24,35.2,26.98,36.42,36.42,0.0,17.4,89.2,16.740000000000002,40.04,12.466,1009.32,81.2,23.84,0.0,2.628,21.1958,105.37010000000001,6.424000000000001,12.01,9,39,65,324,1970-01-21 08:37:18.504,1970-01-21 08:38:01.740,Thu,,,
Phú Thọ,Trung du miền núi Bắc Bộ,2025-09-29,24.18,25.06,23.419999999999998,26.880000000000003,29.0,24.9,92.64,92.64,0.0,24.0,95.6,33.32,67.46000000000001,2.2039999999999997,1006.0600000000001,100.0,23.4,0.0,0.6599999999999999,21.1958,105.37010000000001,0.0,11.99,9,40,65,75,1970-01-21 08:38:44.940,1970-01-21 08:39:28.080,Thu,,,
Phú Thọ,Trung du miền núi Bắc Bộ,2025-09-30,25.0,27.74,23.3,29.6,32.78,27.24,31.839999999999996,31.839999999999996,0.0,22.2,94.4,15.34,36.339999999999996,8.156,1009.8,99.6,24.0,0.0,1.6740000000000002,21.1958,105.37010000000001,0.616,11.97,9,40,63,72,1970-01-21 08:40:11.340,1970-01-21 08:40:54.420,Thu,,,
Phú Thọ,Trung du miền núi Bắc Bộ,2025-10-01,25.5,28.28,23.34,30.860000000000003,34.14,27.74,8.08,8.08,0.0,13.0,93.4,10.66,25.619999999999997,8.604000000000001,1011.4399999999999,100.0,24.32,0.0,1.7719999999999998,21.1958,105.37010000000001,1.734,11.95,10,40,63,71,1970-01-21 08:41:37.740,1970-01-21 08:42:20.760,Thu,,,
Phú Thọ,Trung du miền núi Bắc Bộ,2025-10-02,27.74,31.9,24.4,33.2,37.839999999999996,29.839999999999996,0.22000000000000003,0.22000000000000003,0.0,2.2,82.8,11.059999999999999,24.18,18.644,1011.1200000000001,80.2,24.34,0.0,4.0280000000000005,21.1958,105.37010000000001,10.352,11.93,10,40,51,125,1970-01-21 08:43:04.176,1970-01-21 08:43:47.100,Thu,,,
Phú Thọ,Trung du miền núi Bắc Bộ,2025-10-03,28.02,32.14,24.580000000000002,33.04,37.92,29.52,0.22000000000000003,0.22000000000000003,0.0,1.6,80.0,13.319999999999999,27.7,19.312,1010.6600000000001,16.4,24.080000000000002,0.0,4.314,21.1958,105.37010000000001,11.026,11.91,10,40,2,119,1970-01-21 08:44:30.600,1970-01-21 08:45:13.452,Thu,,,
Phú Thọ,Trung du miền núi Bắc Bộ,2025-10-04,27.98,32.12,24.68,33.72,38.260000000000005,30.139999999999997,0.24,0.24,0.0,2.0,82.8,9.68,21.080000000000002,19.608,1010.4799999999999,30.4,24.54,0.0,4.196,21.1958,105.37010000000001,11.014,11.89,10,40,51,91,1970-01-21 08:45:57.000,1970-01-21 08:46:39.792,Thu,,,
Phú Thọ,Trung du miền núi Bắc Bộ,2025-10-05,28.18,31.98,24.619999999999997,34.480000000000004,38.94,30.360000000000003,0.8400000000000001,0.8400000000000001,0.0,3.2,85.8,10.78,23.76,16.816,1006.9,92.4,25.46,0.0,3.604,21.1958,105.37010000000001,9.47,11.87,10,40,51,283,1970-01-21 08:47:23.412,1970-01-21 08:48:06.156,Thu,,,
Phú Thọ,Trung du miền núi Bắc Bộ,2025-10-06,25.660000000000004,28.02,23.72,30.439999999999998,34.18,27.580000000000002,25.82,25.82,0.0,18.4,91.8,18.32,38.86,3.91,1004.82,100.0,24.14,0.0,1.0699999999999998,21.1958,105.37010000000001,0.064,11.85,10,41,63,208,1970-01-21 08:48:49.860,1970-01-21 08:49:32.508,Thu,,,
Phú Thọ,Trung du miền núi Bắc Bộ,2025-10-07,23.919999999999998,25.34,22.939999999999998,28.32,29.839999999999996,26.9,65.12,65.12,0.0,23.6,96.6,15.3,32.480000000000004,4.09,1011.3399999999999,100.0,23.32,0.0,0.884,21.1958,105.37010000000001,0.0,11.83,10,41,63,119,1970-01-21 08:50:16.260,1970-01-21 08:50:58.860,Thu,,,
Phú Thọ,Trung du miền núi Bắc Bộ,2025-10-08,25.96,29.68,22.86,31.28,35.42,27.360000000000003,12.52,12.52,0.0,12.0,87.2,6.4799999999999995,18.72,14.712,1013.1600000000001,63.0,23.5,0.0,3.0100000000000002,21.1958,105.37010000000001,7.938,11.81,10,41,63,28,1970-01-21 08:51:42.672,1970-01-21 08:52:25.200,Thu,,,
Phú Thọ,Trung du miền núi Bắc Bộ,2025-10-09,26.82,31.160000000000004,23.04,32.08,36.980000000000004,28.02,0.24,0.24,0.0,1.6,82.4,8.28,16.759999999999998,18.919999999999998,1012.28,24.8,23.240000000000002,0.0,3.9840000000000004,21.1958,105.37010000000001,10.764,11.79,10,41,51,120,1970-01-21 08:53:09.108,1970-01-21 08:53:51.540,Thu,,,
Phú Thọ,Trung du miền núi Bắc Bộ,2025-10-10,27.1,31.3,23.72,32.5,37.0,28.96,0.13999999999999999,0.13999999999999999,0.0,1.4,81.2,6.7,15.26,19.008,1011.5,26.4,23.32,0.0,3.972,21.1958,105.37010000000001,10.466,11.77,10,41,51,104,1970-01-21 08:54:35.520,1970-01-21 08:55:17.880,Thu,,,
Phú Thọ,Trung du miền núi Bắc Bộ,2025-10-11,26.2,30.060000000000002,23.68,31.660000000000004,36.0,28.1,4.0600000000000005,4.0600000000000005,0.0,7.6,88.4,9.62,21.1,13.330000000000002,1010.9799999999999,71.4,24.020000000000003,0.0,2.734,21.1958,105.37010000000001,6.603999999999999,11.75,10,41,53,112,1970-01-21 08:56:01.932,1970-01-21 08:56:44.220,Thu,,,
Phú Thọ,Trung du miền núi Bắc Bộ,2025-10-12,27.619999999999997,31.639999999999997,24.06,33.22,37.56,29.619999999999997,0.38,0.38,0.0,2.2,81.6,9.02,18.36,18.598,1010.1600000000001,30.4,23.880000000000003,0.0,3.982,21.1958,105.37010000000001,10.09,11.73,10,41,51,116,1970-01-21 08:57:28.368,1970-01-21 08:58:10.572,Thu,,,
Phú Thọ,Trung du miền núi Bắc Bộ,2025-10-13,26.580000000000002,29.939999999999998,24.419999999999998,32.18,36.239999999999995,29.639999999999997,8.36,8.36,0.0,13.0,88.2,11.1,25.119999999999997,14.407999999999998,1011.0,71.8,24.380000000000003,0.0,2.974,21.1958,105.37010000000001,9.026,11.712,10,42,63,58,1970-01-21 08:58:54.780,1970-01-21 08:59:36.948,Thu,,,
Phú Thọ,Trung du miền núi Bắc Bộ,2025-10-14,24.9,27.24,23.619999999999997,30.160000000000004,32.64,28.360000000000003,27.380000000000003,27.380000000000003,0.0,21.6,93.2,10.24,22.04,6.638,1011.6,98.4,23.66,0.0,1.4120000000000001,21.1958,105.37010000000001,1.768,11.691999999999998,10,42,63,64,1970-01-21 09:00:21.192,1970-01-21 09:01:03.300,Thu,,,
Phú Thọ,Trung du miền núi Bắc Bộ,2025-10-15,25.22,28.76,23.419999999999998,30.380000000000003,33.7,28.18,11.040000000000001,11.040000000000001,0.0,13.2,91.0,10.059999999999999,26.28,10.504,1012.2,92.4,23.56,0.0,2.174,21.1958,105.37010000000001,4.628,11.672,10,42,63,115,1970-01-21 09:01:47.640,1970-01-21 09:02:29.640,Thu,,,
Phú Thọ,Trung du miền núi Bắc Bộ,2025-10-16,25.6,29.639999999999997,23.080000000000002,30.9,35.480000000000004,27.32,4.74,4.74,0.0,11.6,88.8,11.360000000000001,27.580000000000002,13.638,1013.78,75.0,23.520000000000003,0.0,2.786,21.1958,105.37010000000001,7.426,11.652000000000001,10,42,61,88,1970-01-21 09:03:14.040,1970-01-21 09:03:55.992,Thu,,,
Phú Thọ,Trung du miền núi Bắc Bộ,2025-10-17,26.639999999999997,30.8,23.0,31.660000000000004,36.08,27.439999999999998,0.4,0.4,0.0,3.0,82.4,7.859999999999999,16.619999999999997,17.630000000000003,1013.8799999999999,17.2,23.080000000000002,0.0,3.652,21.1958,105.37010000000001,10.808,11.632000000000001,10,42,51,232,1970-01-21 09:04:40.452,1970-01-21 09:05:22.332,Thu,,,
Phú Thọ,Trung du miền núi Bắc Bộ,2025-10-18,27.1,30.919999999999998,23.42,32.32,35.96,28.3,0.54,0.54,0.0,3.4,80.2,7.3,19.28,17.75,1013.0799999999999,13.0,23.1,0.0,3.7079999999999997,21.1958,105.37010000000001,10.576,11.611999999999998,10,42,51,62,1970-01-21 09:06:06.900,1970-01-21 09:06:48.720,Thu,,,
Phú Thọ,Trung du miền núi Bắc Bộ,2025-10-19,25.919999999999998,30.360000000000003,22.919999999999998,30.72,35.42,26.6,14.1,14.1,0.0,11.4,85.6,12.74,27.139999999999997,15.514000000000001,1013.18,43.8,23.18,0.0,3.186,21.1958,105.37010000000001,10.112,11.597999999999999,10,42,63,345,1970-01-21 09:07:33.300,1970-01-21 09:08:15.060,Thu,,,
Phú Thọ,Trung du miền núi Bắc Bộ,2025-10-20,25.639999999999997,29.54,22.52,29.24,32.839999999999996,26.1,0.8,0.8,0.0,4.2,78.2,12.8,26.7,17.672,1014.1,25.0,21.22,0.0,3.7880000000000003,21.1958,105.37010000000001,10.512,11.578,10,43,51,15,1970-01-21 09:08:59.748,1970-01-21 09:09:41.400,Thu,,,
Phú Thọ,Trung du miền núi Bắc Bộ,2025-10-21,24.7,28.139999999999997,21.580000000000002,26.3,29.419999999999998,23.5,0.04,0.04,0.0,0.4,66.0,18.72,38.160000000000004,17.490000000000002,1016.22,35.4,17.619999999999997,0.0,4.1259999999999994,21.1958,105.37010000000001,10.681999999999999,11.558000000000002,10,43,3,10,1970-01-21 09:10:26.160,1970-01-21 09:11:07.752,Thu,,,
Phú Thọ,Trung du miền núi Bắc Bộ,2025-10-22,23.44,26.26,20.839999999999996,24.22,26.74,21.68,0.0,0.0,0.0,0.0,62.0,16.44,33.760000000000005,16.308,1018.0200000000001,92.8,15.52,0.0,3.8559999999999994,21.1958,105.37010000000001,9.8,11.538,10,43,3,12,1970-01-21 09:11:52.572,1970-01-21 09:12:34.140,Thu,,,
Phú Thọ,Trung du miền núi Bắc Bộ,2025-10-23,20.98,22.32,19.96,21.56,23.22,20.02,0.38,0.38,0.0,2.2,67.0,10.74,21.740000000000002,5.758000000000001,1019.8,99.8,14.52,0.0,1.778,21.1958,105.37010000000001,0.256,11.52,10,43,51,36,1970-01-21 09:13:19.020,1970-01-21 09:14:00.480,Thu,,,
Phú Thọ,Trung du miền núi Bắc Bộ,2025-10-24,20.56,22.32,19.419999999999998,22.64,23.8,21.259999999999998,2.3600000000000003,2.3600000000000003,0.0,9.2,84.4,7.7,16.7,5.684,1019.36,98.8,17.68,0.0,1.294,21.1958,105.37010000000001,0.044,11.5,10,43,53,285,1970-01-21 09:14:45.432,1970-01-21 09:15:26.832,Thu,,,
Phú Thọ,Trung du miền núi Bắc Bộ,2025-10-25,22.080000000000002,25.02,19.6,24.68,27.2,22.259999999999998,0.0,0.0,0.0,0.0,81.8,6.56,15.280000000000001,9.440000000000001,1017.46,83.4,18.56,0.0,1.936,21.1958,105.37010000000001,4.32,11.48,10,43,3,266,1970-01-21 09:16:11.880,1970-01-21 09:16:53.208,Thu,,,
Phú Thọ,Trung du miền núi Bắc Bộ,2025-10-26,23.779999999999998,27.380000000000003,21.2,26.76,30.380000000000003,24.26,0.0,0.0,0.0,0.0,76.0,6.720000000000001,15.419999999999998,12.974,1017.0200000000001,67.8,19.080000000000002,0.0,2.6740000000000004,21.1958,105.37010000000001,6.56,11.462,10,43,3,8,1970-01-21 09:17:38.280,1970-01-21 09:18:19.560,Thu,,,
Phú Thọ,Trung du miền núi Bắc Bộ,2025-10-27,23.44,27.360000000000003,20.54,25.919999999999998,29.52,23.16,0.02,0.02,0.0,0.2,74.2,8.120000000000001,19.080000000000002,12.751999999999999,1017.4799999999999,57.2,18.339999999999996,0.0,2.712,21.1958,105.37010000000001,6.996,11.441999999999998,10,44,3,22,1970-01-21 09:19:04.728,1970-01-21 09:19:45.912,Thu,,,
Phú Thọ,Trung du miền núi Bắc Bộ,2025-10-28,24.3,27.560000000000002,21.96,26.5,29.24,24.48,0.0,0.0,0.0,0.0,69.0,9.059999999999999,19.880000000000003,14.66,1017.1600000000001,95.6,17.94,0.0,3.2039999999999997,21.1958,105.37010000000001,8.308,11.428,10,44,3,41,1970-01-21 09:20:31.140,1970-01-21 09:21:12.288,Thu,,,
Phú Thọ,Trung du miền núi Bắc Bộ,2025-10-29,24.0,27.28,20.46,26.619999999999997,30.080000000000002,22.580000000000002,0.0,0.0,0.0,0.0,71.0,7.68,18.16,15.64,1015.9399999999999,85.2,18.22,0.0,3.146,21.1958,105.37010000000001,9.68,11.41,10,44,3,47,1970-01-21 09:21:57.564,1970-01-21 09:22:38.640,Thu,,,
Phú Thọ,Trung du miền núi Bắc Bộ,2025-10-30,24.22,26.5,22.439999999999998,27.919999999999998,30.32,25.919999999999998,0.8400000000000001,0.8400000000000001,0.0,3.4,82.8,8.74,17.939999999999998,6.046,1015.96,100.0,21.06,0.0,1.448,21.1958,105.37010000000001,0.276,11.39,10,44,51,22,1970-01-21 09:23:24.000,1970-01-21 09:24:04.992,Thu,,,
Phú Thọ,Trung du miền núi Bắc Bộ,2025-10-31,23.639999999999997,24.9,22.6,27.76,28.939999999999998,26.52,7.92,7.92,0.0,14.8,88.8,7.88,15.98,4.526,1016.72,100.0,21.619999999999997,0.0,1.074,21.1958,105.37010000000001,0.0,11.37,10,44,61,37,1970-01-21 09:24:50.424,1970-01-21 09:25:31.380,Thu,,,
Phú Thọ,Trung du miền núi Bắc Bộ,2025-11-01,21.740000000000002,23.02,20.94,24.6,26.580000000000002,23.1,5.1,5.1,0.0,14.0,86.8,8.959999999999999,17.919999999999998,4.264,1017.8,100.0,19.4,0.0,1.0619999999999998,21.1958,105.37010000000001,0.0,11.358,11,44,53,37,1970-01-21 09:26:16.860,1970-01-21 09:26:57.732,Thu,,,
Phú Thọ,Trung du miền núi Bắc Bộ,2025-11-02,20.82,21.78,19.9,22.98,24.86,21.82,2.08,2.08,0.0,10.8,84.8,9.8,19.0,4.2299999999999995,1018.4200000000001,100.0,18.119999999999997,0.0,1.0959999999999999,21.1958,105.37010000000001,0.04,11.34,11,44,51,20,1970-01-21 09:27:43.284,1970-01-21 09:28:24.120,Thu,,,
Phú Thọ,Trung du miền núi Bắc Bộ,2025-11-03,19.98,20.9,19.26,21.2,22.5,19.96,1.14,1.14,0.0,7.6,79.6,11.459999999999999,22.82,3.782,1018.6600000000001,100.0,16.339999999999996,0.0,1.1720000000000002,21.1958,105.37010000000001,0.04,11.32,11,45,51,3,1970-01-21 09:29:09.720,1970-01-21 09:29:50.472,Thu,,,
Phú Thọ,Trung du miền núi Bắc Bộ,2025-11-04,20.02,21.78,18.72,21.46,23.06,19.86,0.38,0.38,0.0,2.6,81.2,10.28,21.68,5.44,1017.8399999999999,99.4,16.6,0.0,1.3559999999999999,21.1958,105.37010000000001,0.44000000000000006,11.302000000000001,11,45,51,326,1970-01-21 09:30:36.144,1970-01-21 09:31:16.860,Thu,,,
Phú Thọ,Trung du miền núi Bắc Bộ,2025-11-05,21.14,23.740000000000002,19.4,23.44,25.82,21.4,0.04,0.04,0.0,0.4,81.2,6.739999999999999,13.34,7.266,1014.5200000000001,80.8,17.66,0.0,1.508,21.1958,105.37010000000001,1.176,11.29,11,45,3,49,1970-01-21 09:32:02.580,1970-01-21 09:32:43.212,Thu,,,
Phú Thọ,Trung du miền núi Bắc Bộ,2025-11-06,22.0,25.4,18.8,24.880000000000003,27.8,21.380000000000003,0.02,0.02,0.0,0.2,85.0,10.98,23.259999999999998,11.09,1012.8799999999999,47.8,19.259999999999998,0.0,2.214,21.1958,105.37010000000001,6.174,11.27,11,45,3,116,1970-01-21 09:33:29.016,1970-01-21 09:34:09.600,Thu,,,
Phú Thọ,Trung du miền núi Bắc Bộ,2025-11-07,22.86,25.54,19.94,26.5,29.24,23.14,4.26,4.26,0.0,9.6,91.0,11.48,22.96,5.544,1012.2,99.8,21.240000000000002,0.0,1.264,21.1958,105.37010000000001,0.144,11.251999999999999,11,45,61,309,1970-01-21 09:34:55.452,1970-01-21 09:35:35.952,Thu,,,
Phú Thọ,Trung du miền núi Bắc Bộ,2025-11-08,24.380000000000003,27.419999999999998,22.54,29.080000000000002,32.0,26.839999999999996,15.080000000000002,15.080000000000002,0.0,22.0,92.8,12.28,30.0,8.282,1012.96,83.6,23.080000000000002,0.0,1.6759999999999997,21.1958,105.37010000000001,4.414,11.24,11,45,63,82,1970-01-21 09:36:21.900,1970-01-21 09:37:02.340,Thu,,,
Phú Thọ,Trung du miền núi Bắc Bộ,2025-11-09,24.46,27.639999999999997,22.619999999999997,29.28,32.68,27.1,11.2,11.2,0.0,19.2,93.0,10.84,23.4,9.584,1012.4,79.6,23.22,0.0,1.89,21.1958,105.37010000000001,5.932,11.22,11,45,63,77,1970-01-21 09:37:48.312,1970-01-21 09:38:28.716,Thu,,,
Phú Thọ,Trung du miền núi Bắc Bộ,2025-11-10,24.46,27.2,22.619999999999997,27.939999999999998,30.24,25.4,2.42,2.42,0.0,10.4,84.6,13.580000000000002,27.76,10.008,1011.04,88.6,21.56,0.0,2.246,21.1958,105.37010000000001,4.772,11.21,11,46,53,73,1970-01-21 09:39:14.760,1970-01-21 09:39:55.092,Thu,,,
Phú Thọ,Trung du miền núi Bắc Bộ,2025-11-11,22.54,23.98,21.419999999999998,25.4,27.1,23.939999999999998,1.1800000000000002,1.1800000000000002,0.0,5.8,82.8,8.5,17.56,5.292,1012.46,99.8,19.36,0.0,1.282,21.1958,105.37010000000001,0.172,11.19,11,46,51,54,1970-01-21 09:40:41.172,1970-01-21 09:41:21.480,Thu,,,
Phú Thọ,Trung du miền núi Bắc Bộ,2025-11-12,22.119999999999997,24.919999999999998,20.32,24.04,26.580000000000002,21.46,0.5,0.5,0.0,3.2,74.6,10.0,19.82,9.012,1015.6600000000001,80.0,17.259999999999998,0.0,2.038,21.1958,105.37010000000001,4.766,11.178,11,46,51,33,1970-01-21 09:42:07.620,1970-01-21 09:42:47.844,Thu,,,
Phú Thọ,Trung du miền núi Bắc Bộ,2025-11-13,22.52,26.619999999999997,19.6,24.419999999999998,28.0,21.48,0.02,0.02,0.0,0.2,70.6,7.76,18.5,16.362000000000002,1017.9799999999999,37.4,16.54,0.0,3.2560000000000002,21.1958,105.37010000000001,9.594,11.16,11,46,3,54,1970-01-21 09:43:34.056,1970-01-21 09:44:14.232,Thu,,,
Phú Thọ,Trung du miền núi Bắc Bộ,2025-11-14,21.119999999999997,25.8,17.44,22.4,26.78,18.36,0.0,0.0,0.0,0.0,70.0,7.6,18.2,17.538,1018.0,4.8,14.940000000000001,0.0,3.2939999999999996,21.1958,105.37010000000001,10.574000000000002,11.142,11,46,1,13,1970-01-21 09:45:00.492,1970-01-21 09:45:40.620,Thu,,,
Phú Thọ,Trung du miền núi Bắc Bộ,2025-11-15,20.86,26.26,16.2,22.419999999999998,27.880000000000003,17.04,0.0,0.0,0.0,0.0,74.8,8.080000000000002,19.86,17.31,1019.64,2.8,15.919999999999998,0.0,3.226,21.1958,105.37010000000001,10.698,11.13,11,46,0,11,1970-01-21 09:46:26.940,1970-01-21 09:47:06.996,Thu,,,
Phú Thọ,Trung du miền núi Bắc Bộ,2025-11-16,21.86,25.28,18.5,23.96,27.4,20.119999999999997,0.0,0.0,0.0,0.0,78.6,9.379999999999999,18.64,7.606,1020.22,68.0,17.9,0.0,1.688,21.1958,105.37010000000001,3.5060000000000002,11.117999999999999,11,46,3,301,1970-01-21 09:47:53.352,1970-01-21 09:48:33.372,Thu,,,
Phú Thọ,Trung du miền núi Bắc Bộ,2025-11-17,22.4,25.44,20.080000000000002,25.46,27.98,22.52,1.9,1.9,0.0,8.2,85.8,8.8,18.880000000000003,7.286,1020.0200000000001,81.8,19.759999999999998,0.0,1.576,21.1958,105.37010000000001,3.028,11.1,11,47,51,314,1970-01-21 09:49:19.800,1970-01-21 09:49:59.772,Thu,,,
Phú Thọ,Trung du miền núi Bắc Bộ,2025-11-18,18.56,21.5,14.74,20.0,25.08,13.940000000000001,22.1,22.1,0.0,23.8,92.2,17.759999999999998,32.760000000000005,2.038,1024.2,100.0,17.259999999999998,0.0,0.622,21.1958,105.37010000000001,0.0,11.09,11,47,61,39,1970-01-21 09:50:46.236,1970-01-21 09:51:26.160,Thu,,,
Phú Thọ,Trung du miền núi Bắc Bộ,2025-11-19,15.319999999999999,17.48,13.4,14.680000000000001,17.04,12.42,1.7600000000000002,1.7600000000000002,0.0,8.0,77.0,13.319999999999999,26.619999999999997,8.506,1027.92,83.4,11.2,0.0,1.6420000000000001,21.1958,105.37010000000001,2.77,11.072,11,47,51,0,1970-01-21 09:52:12.672,1970-01-21 09:52:52.536,Thu,,,
Phú Thọ,Trung du miền núi Bắc Bộ,2025-11-20,16.759999999999998,21.54,12.66,16.580000000000002,20.36,12.74,0.0,0.0,0.0,0.0,74.6,11.66,25.119999999999997,16.130000000000003,1025.28,14.4,11.72,0.0,2.838,21.1958,105.37010000000001,10.24,11.06,11,47,3,329,1970-01-21 09:53:39.120,1970-01-21 09:54:18.924,Thu,,,
Phú Thọ,Trung du miền núi Bắc Bộ,2025-11-21,18.16,23.240000000000002,13.74,18.2,22.619999999999997,13.780000000000001,0.0,0.0,0.0,0.0,70.4,10.52,24.1,16.728,1024.3,6.2,12.14,0.0,3.05,21.1958,105.37010000000001,10.398,11.05,11,47,0,334,1970-01-21 09:55:05.544,1970-01-21 09:55:45.312,Thu,,,
Phú Thọ,Trung du miền núi Bắc Bộ,2025-11-22,18.66,23.5,14.040000000000001,19.0,23.66,14.180000000000001,0.0,0.0,0.0,0.0,67.4,6.5,17.279999999999998,16.862000000000002,1021.5200000000001,14.6,12.040000000000001,0.0,2.982,21.1958,105.37010000000001,10.432,11.038,11,47,3,31,1970-01-21 09:56:31.992,1970-01-21 09:57:11.712,Thu,,,
Phú Thọ,Trung du miền núi Bắc Bộ,2025-11-23,19.619999999999997,24.380000000000003,16.24,20.46,25.5,16.740000000000002,0.0,0.0,0.0,0.0,70.4,7.519999999999999,19.3,16.342000000000002,1019.8799999999999,26.0,13.76,0.0,2.936,21.1958,105.37010000000001,9.812000000000001,11.022,11,47,3,289,1970-01-21 09:57:58.428,1970-01-21 09:58:38.112,Thu,,,
Phú Thọ,Trung du miền núi Bắc Bộ,2025-11-24,19.6,25.36,14.780000000000001,20.48,25.939999999999998,15.4,0.0,0.0,0.0,0.0,74.4,10.040000000000001,22.46,16.631999999999998,1020.4799999999999,2.4,14.52,0.0,3.102,21.1958,105.37010000000001,10.309999999999999,11.01,11,48,0,4,1970-01-21 09:59:24.852,1970-01-21 10:00:04.512,Thu,,,
Phú Thọ,Trung du miền núi Bắc Bộ,2025-11-25,19.080000000000002,23.5,15.459999999999999,18.52,22.419999999999998,14.9,0.0,0.0,0.0,0.0,62.4,15.38,31.439999999999998,16.796,1021.78,21.2,11.14,0.0,3.4,21.1958,105.37010000000001,10.272,11.0,11,48,3,337,1970-01-21 10:00:51.300,1970-01-21 10:01:30.900,Thu,,,
Phú Thọ,Trung du miền núi Bắc Bộ,2025-11-26,17.36,22.96,12.719999999999999,17.4,22.84,12.620000000000001,0.0,0.0,0.0,0.0,70.8,7.859999999999999,18.64,16.816,1020.76,28.0,11.559999999999999,0.0,2.918,21.1958,105.37010000000001,10.368,10.99,11,48,3,292,1970-01-21 10:02:17.736,1970-01-21 10:02:57.300,Thu,,,
Phú Thọ,Trung du miền núi Bắc Bộ,2025-11-27,17.759999999999998,23.82,13.12,16.9,22.119999999999997,12.540000000000001,0.0,0.0,0.0,0.0,65.0,17.740000000000002,36.3,17.062,1023.9599999999998,36.4,10.36,0.0,3.344,21.1958,105.37010000000001,10.344,10.98,11,48,3,6,1970-01-21 10:03:44.172,1970-01-21 10:04:23.700,Thu,,,
Phú Thọ,Trung du miền núi Bắc Bộ,2025-11-28,16.78,23.44,11.72,16.02,22.5,10.58,0.0,0.0,0.0,0.0,64.6,10.42,23.48,17.158,1019.32,50.6,9.52,0.0,3.072,21.1958,105.37010000000001,10.367999999999999,10.97,11,48,3,304,1970-01-21 10:05:10.620,1970-01-21 10:05:50.112,Thu,,,
Phú Thọ,Trung du miền núi Bắc Bộ,2025-11-29,16.080000000000002,22.76,10.559999999999999,15.819999999999999,22.96,9.84,0.0,0.0,0.0,0.0,71.4,7.06,15.26,17.086,1015.8,1.2,10.459999999999999,0.0,2.91,21.1958,105.37010000000001,10.344,10.96,11,48,1,117,1970-01-21 10:06:37.056,1970-01-21 10:07:16.512,Thu,,,
Phú Thọ,Trung du miền núi Bắc Bộ,2025-11-30,17.2,23.060000000000002,11.879999999999999,17.78,24.259999999999998,11.459999999999999,0.0,0.0,0.0,0.0,79.0,7.359999999999999,17.5,16.538,1014.24,2.2,13.24,0.0,2.8,21.1958,105.37010000000001,10.214,10.95,11,48,0,39,1970-01-21 10:08:03.492,1970-01-21 10:08:42.912,Thu,,,
Phú Thọ,Trung du miền núi Bắc Bộ,2025-12-01,19.22,24.06,15.8,20.54,26.1,16.6,0.9199999999999999,0.9199999999999999,0.0,2.8,83.2,10.02,19.66,9.256,1014.5799999999999,56.4,16.119999999999997,0.0,1.8259999999999998,21.1958,105.37010000000001,5.3100000000000005,10.94,12,49,51,248,1970-01-21 10:09:29.940,1970-01-21 10:10:09.312,Đông,,,
Phú Thọ,Trung du miền núi Bắc Bộ,2025-12-02,21.34,25.68,17.98,23.84,28.160000000000004,19.64,0.3,0.3,0.0,2.2,84.4,9.0,17.72,12.382,1013.6600000000001,53.4,18.380000000000003,0.0,2.3280000000000003,21.1958,105.37010000000001,9.081999999999999,10.93,12,49,51,23,1970-01-21 10:10:56.376,1970-01-21 10:11:35.712,Đông,,,
Phú Thọ,Trung du miền núi Bắc Bộ,2025-12-03,20.7,23.660000000000004,18.96,22.62,25.48,20.119999999999997,4.279999999999999,4.279999999999999,0.0,11.6,83.8,11.32,27.080000000000002,7.798,1019.04,79.4,17.64,0.0,1.704,21.1958,105.37010000000001,5.242,10.92,12,49,55,24,1970-01-21 10:12:22.812,1970-01-21 10:13:02.124,Đông,,,
Phú Thọ,Trung du miền núi Bắc Bộ,2025-12-04,20.22,23.46,18.6,21.080000000000002,24.34,18.86,0.0,0.0,0.0,0.0,72.8,9.16,19.08,9.475999999999999,1019.64,75.4,15.040000000000001,0.0,2.064,21.1958,105.37010000000001,5.564,10.912,12,49,3,80,1970-01-21 10:13:49.260,1970-01-21 10:14:28.536,Đông,,,
Phú Thọ,Trung du miền núi Bắc Bộ,2025-12-05,19.36,20.36,18.6,21.02,22.0,20.1,1.22,1.22,0.0,6.2,83.8,7.38,14.319999999999999,3.3840000000000003,1021.1,99.6,16.48,0.0,0.8859999999999999,21.1958,105.37010000000001,0.0,10.902000000000001,12,49,51,56,1970-01-21 10:15:15.684,1970-01-21 10:15:54.960,Đông,,,
Phú Thọ,Trung du miền núi Bắc Bộ,2025-12-06,20.02,23.18,17.52,21.22,23.98,18.76,0.42,0.42,0.0,3.0,78.8,11.6,22.380000000000003,9.584,1018.9,82.6,16.1,0.0,2.03,21.1958,105.3701,4.401999999999999,10.898,12,49,51,113,1970-01-21 10:16:42.132,1970-01-21 10:17:21.372,Đông,,,
Phú Thọ,Trung du miền núi Bắc Bộ,2025-12-07,20.52,24.44,18.22,22.76,27.119999999999997,19.84,1.06,1.06,0.0,6.0,86.4,8.26,19.08,9.456,1018.68,68.6,18.08,0.0,1.836,21.1958,105.3701,6.526000000000001,10.89,12,49,51,98,1970-01-21 10:18:08.580,1970-01-21 10:18:47.772,Đông,,,
Phú Thọ,Trung du miền núi Bắc Bộ,2025-12-08,20.22,24.04,16.9,21.98,25.4,18.46,3.66,3.66,0.0,7.8,82.2,8.1,20.24,12.33,1020.52,53.4,16.740000000000002,0.0,2.3259999999999996,21.1958,105.3701,8.728,10.882,12,50,53,35,1970-01-21 10:19:35.004,1970-01-21 10:20:14.184,Đông,,,
Phú Thọ,Trung du miền núi Bắc Bộ,2025-12-09,19.54,24.18,15.3,20.84,25.22,16.5,0.2,0.2,0.0,1.8,80.2,10.26,19.58,12.906,1018.98,30.8,15.78,0.0,2.448,21.1958,105.3701,9.876,10.878,12,50,51,129,1970-01-21 10:21:01.452,1970-01-21 10:21:40.608,Đông,,,
Phú Thọ,Trung du miền núi Bắc Bộ,2025-12-10,20.0,25.22,15.56,21.619999999999997,26.74,16.8,0.0,0.0,0.0,0.0,80.0,8.36,16.919999999999998,14.74,1017.88,23.2,16.080000000000002,0.0,2.726,21.1958,105.3701,9.982,10.872,12,50,3,100,1970-01-21 10:22:27.888,1970-01-21 10:23:07.032,Đông,,,
Phú Thọ,Trung du miền núi Bắc Bộ,2025-12-11,19.880000000000003,22.58,17.14,21.82,24.4,18.880000000000003,0.0,0.0,0.0,0.0,83.2,6.959999999999999,16.68,6.24,1018.12,78.2,16.9,0.0,1.274,21.1958,105.3701,0.8460000000000001,10.868,12,50,3,304,1970-01-21 10:23:54.312,1970-01-21 10:24:33.432,Đông,,,
Phú Thọ,Trung du miền núi Bắc Bộ,2025-12-12,20.42,23.1,17.96,23.119999999999997,25.76,20.1,10.84,10.84,0.0,10.2,89.2,7.279999999999999,20.96,8.669999999999998,1015.54,76.2,18.5,0.0,1.618,21.1958,105.3701,6.008,10.862,12,50,63,107,1970-01-21 10:25:20.760,1970-01-21 10:25:59.856,Đông,,,
Phú Thọ,Trung du miền núi Bắc Bộ,2025-12-13,20.64,23.2,18.380000000000003,22.48,24.979999999999997,18.54,5.84,5.84,0.0,11.6,87.8,17.9,34.480000000000004,5.128,1019.08,95.0,18.42,0.0,1.3,21.1958,105.3701,1.36,10.858,12,50,63,3,1970-01-21 10:26:47.172,1970-01-21 10:27:26.280,Đông,,,
Phú Thọ,Trung du miền núi Bắc Bộ,2025-12-14,18.16,20.96,15.82,17.9,20.58,15.38,0.0,0.0,0.0,0.0,66.8,9.96,19.8,11.032,1022.34,58.8,11.68,0.0,2.286,21.1958,105.3701,8.238,10.852,12,50,3,56,1970-01-21 10:28:13.632,1970-01-21 10:28:52.692,Đông,,,
Phú Thọ,Trung du miền núi Bắc Bộ,2025-12-15,17.68,22.66,13.7,17.84,22.76,13.72,0.0,0.0,0.0,0.0,74.6,10.02,19.5,14.063999999999998,1019.4,14.0,12.82,0.0,2.5759999999999996,21.1958,105.3701,9.956,10.852,12,51,3,61,1970-01-21 10:29:40.044,1970-01-21 10:30:19.116,Đông,,,
Phú Thọ,Trung du miền núi Bắc Bộ,2025-12-16,18.34,21.24,15.66,19.84,22.8,16.16,0.0,0.0,0.0,0.0,84.2,7.220000000000001,14.639999999999995,6.15,1018.62,90.0,15.580000000000002,0.0,1.212,21.1958,105.3701,1.076,10.848,12,51,3,45,1970-01-21 10:31:06.492,1970-01-21 10:31:45.552,Đông,,,
Phú Thọ,Trung du miền núi Bắc Bộ,2025-12-17,19.76,23.2,17.6,21.54,25.14,19.16,1.94,1.94,0.0,9.8,85.2,9.02,17.8,9.198,1020.7,69.6,17.1,0.0,1.7560000000000002,21.1958,105.3701,6.709999999999999,10.848,12,51,51,3,1970-01-21 10:32:32.916,1970-01-21 10:33:11.952,Đông,,,
Phú Thọ,Trung du miền núi Bắc Bộ,2025-12-18,19.92,24.08,16.78,21.44,25.56,18.34,0.02,0.02,0.0,0.2,81.0,8.52,17.14,13.688,1018.96,35.8,16.240000000000002,0.0,2.554,21.1958,105.3701,9.564,10.842,12,51,3,97,1970-01-21 10:33:59.352,1970-01-21 10:34:38.400,Đông,,,
Phú Thọ,Trung du miền núi Bắc Bộ,2025-12-19,19.52,24.619999999999997,14.94,20.86,26.02,16.06,0.0,0.0,0.0,0.0,81.6,10.88,22.84,14.762,1014.74,10.0,16.02,0.0,2.7,21.1958,105.3701,10.0,10.842,12,51,3,40,1970-01-21 10:35:25.788,1970-01-21 10:36:04.812,Đông,,,
Phú Thọ,Trung du miền núi Bắc Bộ,2025-12-20,20.42,24.6,17.86,22.4,26.58,19.36,0.7,0.7,0.0,4.0,84.6,9.16,18.56,11.086,1015.62,55.6,17.52,0.0,2.0759999999999996,21.1958,105.3701,7.526000000000001,10.842,12,51,51,123,1970-01-21 10:36:52.212,1970-01-21 10:37:31.248,Đông,,,
Phú Thọ,Trung du miền núi Bắc Bộ,2025-12-21,20.479999999999997,24.6,17.880000000000003,22.619999999999997,26.8,19.58,4.24,4.24,0.0,10.0,85.8,10.32,22.98,11.888,1018.02,46.8,17.78,0.0,2.178,21.1958,105.3701,8.482000000000001,10.842,12,51,61,305,1970-01-21 10:38:18.648,1970-01-21 10:38:57.672,Đông,,,
Phú Thọ,Trung du miền núi Bắc Bộ,2025-12-22,21.08,26.160000000000004,17.66,22.52,26.68,19.44,0.86,0.86,0.0,5.6,82.8,15.74,30.4,12.382,1015.12,33.8,17.759999999999998,0.0,2.5740000000000003,21.1958,105.3701,9.21,10.842,12,52,51,129,1970-01-21 10:39:45.072,1970-01-21 10:40:24.120,Đông,,,
Phú Thọ,Trung du miền núi Bắc Bộ,2025-12-23,22.3,27.02,19.44,24.44,28.880000000000003,21.36,0.38,0.38,0.0,3.2,84.4,13.48,27.139999999999997,11.324000000000002,1013.42,53.0,19.28,0.0,2.4,21.1958,105.3701,8.017999999999999,10.842,12,52,51,121,1970-01-21 10:41:11.520,1970-01-21 10:41:50.532,Đông,,,
Phú Thọ,Trung du miền núi Bắc Bộ,2025-12-24,22.48,27.380000000000003,19.02,24.6,29.380000000000003,19.68,2.6599999999999997,2.6599999999999997,0.0,8.4,83.8,18.32,33.42,12.386,1012.96,74.4,19.380000000000003,0.0,2.616,21.1958,105.3701,8.681999999999999,10.842,12,52,53,80,1970-01-21 10:42:37.932,1970-01-21 10:43:16.980,Đông,,,
Phú Thọ,Trung du miền núi Bắc Bộ,2025-12-25,17.76,19.96,15.62,17.18,20.06,14.32,6.0200000000000005,6.0200000000000005,0.0,9.2,71.0,17.619999999999997,34.28,5.772,1020.58,95.0,11.98,0.0,1.718,21.1958,105.3701,1.718,10.848,12,52,53,5,1970-01-21 10:44:04.368,1970-01-21 10:44:43.392,Đông,,,
Phú Thọ,Trung du miền núi Bắc Bộ,2025-12-26,16.32,19.54,13.54,14.7,18.2,11.76,0.0,0.0,0.0,0.0,54.6,11.24,23.42,15.712,1020.7,26.4,6.840000000000001,0.0,3.032,21.1958,105.3701,10.0,10.848,12,52,3,130,1970-01-21 10:45:30.792,1970-01-21 10:46:09.852,Đông,,,
Phú Thọ,Trung du miền núi Bắc Bộ,2025-12-27,16.02,19.44,13.22,15.44,18.880000000000003,12.16,0.08,0.08,0.0,0.6,67.8,7.519999999999999,18.84,11.876,1020.1,65.2,9.82,0.0,2.13,21.1958,105.3701,8.206,10.85,12,52,3,70,1970-01-21 10:46:57.216,1970-01-21 10:47:36.276,Đông,,,
Phú Thọ,Trung du miền núi Bắc Bộ,2025-12-28,17.240000000000002,20.78,13.88,17.52,20.98,14.080000000000002,0.0,0.0,0.0,0.0,72.4,5.76,13.54,9.448,1018.84,74.6,11.98,0.0,1.764,21.1958,105.3701,4.582,10.852,12,52,3,108,1970-01-21 10:48:23.652,1970-01-21 10:49:02.712,Đông,,,
Phú Thọ,Trung du miền núi Bắc Bộ,2025-12-29,19.24,22.82,15.48,19.98,23.58,15.88,0.2,0.2,0.0,1.8,76.2,11.28,22.54,9.544,1015.6,85.0,14.78,0.0,1.956,21.1958,105.3701,6.444,10.858,12,1,51,122,1970-01-21 10:49:50.052,1970-01-21 10:50:29.148,Đông,,,
Phú Thọ,Trung du miền núi Bắc Bộ,2025-12-30,20.2,24.3,17.94,21.32,24.94,19.44,1.16,1.16,0.0,5.2,81.4,12.72,25.26,8.24,1014.34,84.6,16.7,0.0,1.886,21.1958,105.3701,5.422,10.86,12,1,51,61,1970-01-21 10:51:16.500,1970-01-21 10:51:55.572,Đông,,,
Phú Thọ,Trung du miền núi Bắc Bộ,2025-12-31,20.84,25.96,17.2,21.96,26.619999999999997,18.64,0.2,0.2,0.0,1.6,81.4,16.02,30.24,11.1,1011.3,72.8,17.2,0.0,2.436,21.1958,105.3701,8.138,10.862,12,1,51,88,1970-01-21 10:52:42.912,1970-01-21 10:53:22.020,Đông,,,
Phú Thọ,Trung du miền núi Bắc Bộ,2026-01-01,19.94,23.18,17.240000000000002,21.08,24.68,16.82,5.4799999999999995,5.4799999999999995,0.0,13.2,86.4,16.6,31.54,8.604000000000001,1015.58,88.4,17.48,0.0,1.794,21.1958,105.3701,5.788,10.868,1,1,55,67,1970-01-21 10:54:09.312,1970-01-21 10:54:48.444,Đông,,,
Phú Thọ,Trung du miền núi Bắc Bộ,2026-01-02,16.14,17.28,14.74,15.580000000000002,17.66,13.580000000000002,1.9,1.9,0.0,6.4,76.6,11.48,24.76,3.665999999999999,1022.4,100.0,11.88,0.0,1.156,21.1958,105.3701,0.0,10.872,1,1,53,51,1970-01-21 10:55:35.748,1970-01-21 10:56:14.892,Đông,,,
Phú Thọ,Trung du miền núi Bắc Bộ,2026-01-03,15.82,18.22,13.86,15.0,17.1,12.919999999999998,0.1,0.1,0.0,0.8,71.6,10.5,23.24,6.628,1022.56,99.0,10.58,0.0,1.574,21.1958,105.3701,1.068,10.88,1,1,3,126,1970-01-21 10:57:02.172,1970-01-21 10:57:41.328,Đông,,,
Phú Thọ,Trung du miền núi Bắc Bộ,2026-01-04,17.56,21.06,15.18,18.119999999999997,21.74,15.4,0.5399999999999999,0.5399999999999999,0.0,2.4,81.2,9.78,19.6,6.981999999999999,1019.92,94.8,14.14,0.0,1.422,21.1958,105.3701,2.774,10.882,1,1,3,23,1970-01-21 10:58:28.572,1970-01-21 10:59:07.752,Đông,,,
Phú Thọ,Trung du miền núi Bắc Bộ,2026-01-05,16.1,17.6,14.38,16.0,18.9,13.62,3.3,3.3,0.0,10.4,83.0,13.68,26.78,3.618,1021.94,100.0,13.1,0.0,0.986,21.1958,105.3701,0.072,10.89,1,2,51,54,1970-01-21 10:59:54.984,1970-01-21 11:00:34.200,Đông,,,
Phú Thọ,Trung du miền núi Bắc Bộ,2026-01-06,13.9,14.94,11.26,13.04,14.1,10.56,1.14,1.14,0.0,8.4,75.2,10.26,21.54,3.788,1026.52,90.2,9.5,0.0,1.012,21.1958,105.3701,0.0,10.898,1,2,51,15,1970-01-21 11:01:21.408,1970-01-21 11:02:00.636,Đông,,,
Phú Thọ,Trung du miền núi Bắc Bộ,2026-01-07,13.94,19.06,8.959999999999999,13.080000000000002,17.880000000000003,8.0,0.0,0.0,0.0,0.0,72.8,8.26,21.1,15.624,1026.48,23.6,8.4,0.0,2.532,21.1958,105.3701,9.912,10.908,1,2,3,7,1970-01-21 11:02:47.820,1970-01-21 11:03:27.072,Đông,,,
Phú Thọ,Trung du miền núi Bắc Bộ,2026-01-08,14.34,19.96,9.52,13.48,18.8,8.48,0.0,0.0,0.0,0.0,69.2,7.52,19.02,15.976,1026.26,25.0,8.16,0.0,2.6399999999999997,21.1958,105.3701,9.94,10.912,1,2,3,26,1970-01-21 11:04:14.232,1970-01-21 11:04:53.520,Đông,,,
Phú Thọ,Trung du miền núi Bắc Bộ,2026-01-09,14.78,20.82,9.54,13.98,19.94,8.74,0.0,0.0,0.0,0.0,69.4,8.9,18.56,16.428,1022.72,68.6,8.64,0.0,2.8080000000000003,21.1958,105.3701,10.052,10.922,1,2,3,109,1970-01-21 11:05:40.632,1970-01-21 11:06:19.956,Đông,,,
Phú Thọ,Trung du miền núi Bắc Bộ,2026-01-10,15.38,21.54,10.16,14.72,20.54,9.46,0.0,0.0,0.0,0.0,72.4,9.84,22.98,15.568,1020.76,32.8,9.919999999999998,0.0,2.71,21.1958,105.3701,9.98,10.93,1,2,3,53,1970-01-21 11:07:07.032,1970-01-21 11:07:46.392,Đông,,,
Phú Thọ,Trung du miền núi Bắc Bộ,2026-01-11,16.759999999999998,22.42,12.14,16.240000000000002,21.9,11.84,0.0,0.0,0.0,0.0,66.6,10.6,20.82,16.524,1023.0,31.6,9.82,0.0,3.002,21.1958,105.3701,10.088,10.94,1,2,3,113,1970-01-21 11:08:33.456,1970-01-21 11:09:12.840,Đông,,,
Phú Thọ,Trung du miền núi Bắc Bộ,2026-01-12,16.32,22.44,11.5,16.2,22.28,10.94,0.02,0.02,0.0,0.2,76.6,9.96,20.8,12.674,1020.46,33.6,11.86,0.0,2.302,21.1958,105.3701,8.99,10.95,1,3,3,100,1970-01-21 11:09:59.868,1970-01-21 11:10:39.288,Đông,,,
Phú Thọ,Trung du miền núi Bắc Bộ,2026-01-13,17.78,23.8,12.46,17.98,24.52,12.32,0.0,0.0,0.0,0.0,73.2,9.14,19.08,16.018,1019.26,4.6,12.48,0.0,2.8899999999999997,21.1958,105.3701,10.122,10.96,1,3,0,251,1970-01-21 11:11:26.280,1970-01-21 11:12:05.712,Đông,,,
Phú Thọ,Trung du miền núi Bắc Bộ,2026-01-14,18.54,25.14,13.26,19.06,25.68,13.32,0.0,0.0,0.0,0.0,77.4,11.66,24.28,13.796,1015.78,34.4,14.06,0.0,2.638,21.1958,105.3701,9.248,10.97,1,3,3,115,1970-01-21 11:12:52.680,1970-01-21 11:13:32.172,Đông,,,
Phú Thọ,Trung du miền núi Bắc Bộ,2026-01-15,19.4,22.78,16.96,20.8,23.880000000000003,18.22,1.06,1.06,0.0,3.6,83.4,9.26,18.94,7.159999999999999,1015.94,89.8,16.380000000000003,0.0,1.562,21.1958,105.3701,2.244,10.98,1,3,51,3,1970-01-21 11:14:19.080,1970-01-21 11:14:58.608,Đông,,,
Phú Thọ,Trung du miền núi Bắc Bộ,2026-01-16,21.0,26.08,17.5,22.66,27.619999999999997,19.22,0.24,0.24,0.0,1.8,81.6,13.3,27.06,10.51,1012.2,63.6,17.46,0.0,2.222,21.1958,105.3701,6.159999999999999,10.99,1,3,51,16,1970-01-21 11:15:45.480,1970-01-21 11:16:25.032,Đông,,,
Phú Thọ,Trung du miền núi Bắc Bộ,2026-01-17,20.94,25.24,18.48,22.9,27.08,20.28,1.2,1.2,0.0,5.6,85.8,13.16,24.98,10.368,1011.9,68.4,18.26,0.0,2.098,21.1958,105.3701,6.232,11.002,1,3,51,65,1970-01-21 11:17:11.880,1970-01-21 11:17:51.492,Đông,,,
Phú Thọ,Trung du miền núi Bắc Bộ,2026-01-18,21.3,26.5,18.04,22.96,27.860000000000003,19.880000000000003,1.34,1.34,0.0,5.8,82.6,15.34,30.52,11.298,1011.02,66.6,17.96,0.0,2.388,21.1958,105.3701,6.39,11.018,1,3,51,77,1970-01-21 11:18:38.280,1970-01-21 11:19:17.940,Đông,,,
Phú Thọ,Trung du miền núi Bắc Bộ,2026-01-19,21.72,26.8,18.48,23.0,27.08,20.28,0.26,0.26,0.0,2.6,79.8,15.34,30.0,9.944,1011.34,59.8,17.72,0.0,2.378,21.1958,105.3701,5.896,11.03,1,4,51,102,1970-01-21 11:20:04.680,1970-01-21 11:20:44.364,Đông,,,
Phú Thọ,Trung du miền núi Bắc Bộ,2026-01-20,22.0,27.04,18.68,23.48,27.8,20.56,0.5599999999999999,0.5599999999999999,0.0,3.8,80.8,17.66,33.46,12.168,1013.78,58.2,18.22,0.0,2.702,21.1958,105.3701,8.040000000000001,11.04,1,4,51,120,1970-01-21 11:21:31.080,1970-01-21 11:22:10.812,Đông,,,
Phú Thọ,Trung du miền núi Bắc Bộ,2026-01-21,16.919999999999998,20.18,13.64,16.32,21.96,12.26,3.18,3.18,0.0,7.4,78.0,18.78,36.22,4.502,1019.12,94.4,12.94,0.0,1.362,21.1958,105.3701,0.054,11.05,1,4,61,60,1970-01-21 11:22:57.468,1970-01-21 11:23:37.260,Đông,,,
Phú Thọ,Trung du miền núi Bắc Bộ,2026-01-22,12.080000000000002,13.48,10.78,10.44,12.14,8.86,3.12,3.12,0.0,11.0,77.0,11.08,22.82,3.628,1024.5,100.0,8.06,0.0,0.958,21.1958,105.3701,0.022,11.062,1,4,51,55,1970-01-21 11:24:23.856,1970-01-21 11:25:03.672,Đông,,,
Phú Thọ,Trung du miền núi Bắc Bộ,2026-01-23,12.96,16.56,10.6,11.54,15.46,8.98,0.12,0.12,0.0,1.0,68.0,11.2,22.020000000000003,8.23,1024.48,96.0,7.159999999999999,0.0,1.604,21.1958,105.3701,2.196,11.08,1,4,3,62,1970-01-21 11:25:50.232,1970-01-21 11:26:30.132,Đông,,,
Phú Thọ,Trung du miền núi Bắc Bộ,2026-01-24,13.7,16.160000000000004,12.02,13.18,15.48,11.28,0.14,0.14,0.0,1.4,78.8,9.02,19.3,5.46,1022.2,98.6,10.04,0.0,1.084,21.1958,105.3701,0.0679999999999999,11.09,1,4,51,43,1970-01-21 11:27:16.632,1970-01-21 11:27:56.580,Đông,,,
Phú Thọ,Trung du miền núi Bắc Bộ,2026-01-25,16.46,21.54,13.46,17.04,22.48,13.34,0.0,0.0,0.0,0.0,82.8,9.86,22.76,8.642,1017.58,82.0,13.4,0.0,1.606,21.1958,105.3701,3.2239999999999993,11.108,1,4,3,7,1970-01-21 11:28:43.032,1970-01-21 11:29:22.992,Đông,,,
Phú Thọ,Trung du miền núi Bắc Bộ,2026-01-26,18.619999999999997,22.44,16.080000000000002,19.96,24.04,16.919999999999998,0.3,0.3,0.0,1.6,84.2,7.859999999999999,17.34,8.178,1019.22,77.4,15.78,0.0,1.6,21.1958,105.3701,4.15,11.12,1,5,51,25,1970-01-21 11:30:09.420,1970-01-21 11:30:49.440,Đông,,,
Phú Thọ,Trung du miền núi Bắc Bộ,2026-01-27,19.72,24.24,16.72,20.96,24.9,18.16,0.5,0.5,0.0,3.0,82.4,10.96,23.4,9.974,1019.6,72.4,16.4,0.0,2.0740000000000003,21.1958,105.3701,5.982,11.132,1,5,51,77,1970-01-21 11:31:35.796,1970-01-21 11:32:15.888,Đông,,,
Phú Thọ,Trung du miền núi Bắc Bộ,2026-01-28,19.56,24.72,15.54,19.7,24.2,15.88,0.0,0.0,0.0,0.0,75.2,16.76,31.179999999999996,13.284,1019.28,41.8,14.66,0.0,2.886,21.1958,105.3701,9.39,11.15,1,5,3,131,1970-01-21 11:33:02.172,1970-01-21 11:33:42.312,Đông,,,
Phú Thọ,Trung du miền núi Bắc Bộ,2026-01-29,19.72,25.9,15.34,20.28,26.06,15.7,0.2,0.2,0.0,2.0,80.4,17.14,33.279999999999994,11.744,1016.12,62.6,15.82,0.0,2.5759999999999996,21.1958,105.3701,6.803999999999999,11.162,1,5,3,124,1970-01-21 11:34:28.572,1970-01-21 11:35:08.760,Đông,,,
Phú Thọ,Trung du miền núi Bắc Bộ,2026-01-30,20.96,26.22,17.28,22.68,27.360000000000003,18.9,0.26,0.26,0.0,2.2,82.8,12.86,25.7,9.96,1016.88,68.0,17.66,0.0,2.174,21.1958,105.3701,6.184,11.18,1,5,51,130,1970-01-21 11:35:54.960,1970-01-21 11:36:35.196,Đông,,,
Phú Thọ,Trung du miền núi Bắc Bộ,2026-01-31,18.96,20.14,17.259999999999998,19.72,21.68,17.78,0.78,0.78,0.0,3.0,80.8,17.0,33.839999999999996,4.99,1020.72,83.2,15.32,0.0,1.33,21.1958,105.3701,0.186,11.2,1,5,51,60,1970-01-21 11:37:21.324,1970-01-21 11:38:01.632,Đông,,,
Phú Thọ,Trung du miền núi Bắc Bộ,2026-02-01,17.96,20.8,16.02,17.56,20.7,15.38,0.04,0.04,0.0,0.4,67.2,10.66,20.44,7.276000000000001,1022.2,86.0,11.68,0.0,1.856,21.1958,105.3701,2.504,11.21,2,5,3,67,1970-01-21 11:38:47.712,1970-01-21 11:39:28.080,Đông,,,
Phú Thọ,Trung du miền núi Bắc Bộ,2026-02-02,16.12,17.9,13.52,15.88,17.8,13.78,0.8800000000000001,0.8800000000000001,0.0,4.8,76.0,10.7,20.380000000000003,4.786,1024.3200000000002,75.4,11.7,0.0,1.226,21.1958,105.3701,0.4679999999999999,11.23,2,6,51,50,1970-01-21 11:40:14.100,1970-01-21 11:40:54.492,Đông,,,
Phú Thọ,Trung du miền núi Bắc Bộ,2026-02-03,16.52,21.34,12.26,16.580000000000002,20.8,12.4,0.0,0.0,0.0,0.0,78.0,8.72,19.58,9.46,1022.78,61.2,12.28,0.0,1.908,21.1958,105.3701,3.556,11.242,2,6,3,125,1970-01-21 11:41:40.452,1970-01-21 11:42:20.940,Đông,,,
Phú Thọ,Trung du miền núi Bắc Bộ,2026-02-04,18.28,23.92,13.6,19.0,24.54,14.22,0.12,0.12,0.0,1.2,81.0,10.3,21.24,11.526,1017.52,43.6,14.64,0.0,2.21,21.1958,105.3701,6.587999999999999,11.26,2,6,3,119,1970-01-21 11:43:06.840,1970-01-21 11:43:47.400,Đông,,,
Phú Thọ,Trung du miền núi Bắc Bộ,2026-02-05,20.1,24.86,16.84,21.84,26.42,18.02,0.08,0.08,0.0,0.8,83.2,11.1,22.16,10.756,1014.34,65.0,16.96,0.0,2.102,21.1958,105.3701,5.473999999999999,11.28,2,6,51,84,1970-01-21 11:44:33.216,1970-01-21 11:45:13.812,Đông,,,
Phú Thọ,Trung du miền núi Bắc Bộ,2026-02-06,22.26,26.82,19.18,24.54,29.22,21.08,0.4599999999999999,0.4599999999999999,0.0,3.0,82.4,12.36,24.28,10.956,1013.52,75.8,18.880000000000003,0.0,2.332,21.1958,105.3701,6.096,11.298,2,6,51,1,1970-01-21 11:45:59.592,1970-01-21 11:46:40.260,Đông,,,
Phú Thọ,Trung du miền núi Bắc Bộ,2026-02-07,22.56,26.58,19.94,24.22,27.58,21.48,1.7400000000000002,1.7400000000000002,0.0,8.2,81.4,17.18,35.14,11.944,1015.38,77.4,18.9,0.0,2.772,21.1958,105.3701,7.556,11.31,2,6,53,104,1970-01-21 11:47:25.980,1970-01-21 11:48:06.672,Đông,,,
Phú Thọ,Trung du miền núi Bắc Bộ,2026-02-08,16.0,19.96,12.98,16.080000000000002,21.78,12.34,17.3,17.3,0.0,22.8,90.2,16.78,32.12,2.698,1022.4,100.0,14.38,0.0,0.702,21.1958,105.3701,0.0,11.33,2,6,61,54,1970-01-21 11:48:52.332,1970-01-21 11:49:33.120,Đông,,,
Phú Thọ,Trung du miền núi Bắc Bộ,2026-02-09,14.12,17.72,12.2,13.9,17.119999999999997,12.02,3.56,3.56,0.0,10.8,86.0,10.04,20.380000000000003,7.422,1020.94,82.2,11.7,0.0,1.356,21.1958,105.3701,2.696,11.35,2,7,61,76,1970-01-21 11:50:18.720,1970-01-21 11:50:59.556,Đông,,,
Phú Thọ,Trung du miền núi Bắc Bộ,2026-02-10,17.04,22.1,12.16,17.72,23.0,12.28,0.0,0.0,0.0,0.0,81.4,8.76,20.28,10.158,1018.48,88.2,13.7,0.0,1.924,21.1958,105.3701,4.806,11.361999999999998,2,7,3,17,1970-01-21 11:51:45.072,1970-01-21 11:52:25.992,Đông,,,
Phú Thọ,Trung du miền núi Bắc Bộ,2026-02-11,18.64,20.84,17.48,19.74,21.4,18.54,1.5,1.5,0.0,7.0,83.4,10.54,22.68,5.706,1020.0,100.0,15.74,0.0,1.32,21.1958,105.3701,0.122,11.38,2,7,51,58,1970-01-21 11:53:11.460,1970-01-21 11:53:52.440,Đông,,,
Phú Thọ,Trung du miền núi Bắc Bộ,2026-02-12,19.44,23.119999999999997,17.0,20.86,24.72,18.08,0.9,0.9,0.0,5.2,84.6,10.52,20.66,5.45,1017.28,96.2,16.72,0.0,1.276,21.1958,105.3701,0.304,11.4,2,7,51,121,1970-01-21 11:54:37.812,1970-01-21 11:55:18.852,Đông,,,
Phú Thọ,Trung du miền núi Bắc Bộ,2026-02-13,21.46,25.4,18.8,23.42,27.3,20.619999999999997,0.6,0.6,0.0,4.4,85.0,13.16,25.06,8.184000000000001,1014.78,78.2,18.66,0.0,1.9,21.1958,105.3701,2.3739999999999997,11.42,2,7,51,18,1970-01-21 11:56:04.200,1970-01-21 11:56:45.300,Đông,,,
Phú Thọ,Trung du miền núi Bắc Bộ,2026-02-14,22.36,26.76,19.3,24.16,28.42,21.08,0.06,0.06,0.0,0.6,80.8,14.32,26.56,10.01,1014.34,61.0,18.56,0.0,2.38,21.1958,105.3701,5.112,11.438,2,7,51,103,1970-01-21 11:57:30.540,1970-01-21 11:58:11.712,Đông,,,
Phú Thọ,Trung du miền núi Bắc Bộ,2026-02-15,22.76,28.68,19.16,24.64,30.619999999999997,20.96,0.18,0.18,0.0,1.6,79.4,15.7,29.94,12.952000000000002,1013.1,48.4,18.64,0.0,2.944,21.1958,105.3701,6.904000000000001,11.452,2,7,51,71,1970-01-21 11:58:56.904,1970-01-21 11:59:38.160,Đông,,,
Phú Thọ,Trung du miền núi Bắc Bộ,2026-02-16,22.7,27.52,19.54,24.98,29.6,21.56,0.2799999999999999,0.2799999999999999,0.0,2.0,79.8,11.9,22.82,11.418,1013.56,66.0,18.66,0.0,2.52,21.1958,105.3701,6.816000000000001,11.472,2,8,51,4,1970-01-21 12:00:23.280,1970-01-21 12:01:04.572,Đông,,,
Phú Thọ,Trung du miền núi Bắc Bộ,2026-02-17,22.66,26.0,20.06,24.4,27.24,21.14,1.52,1.52,0.0,6.6,79.4,16.1,33.760000000000005,13.228,1016.44,75.8,18.64,0.0,2.9539999999999997,21.1958,105.3701,8.006,11.492,2,8,53,84,1970-01-21 12:01:49.632,1970-01-21 12:02:31.020,Đông,,,
Phú Thọ,Trung du miền núi Bắc Bộ,2026-02-18,18.860000000000003,20.8,17.259999999999998,19.74,22.06,17.94,1.12,1.12,0.0,6.8,80.6,11.8,22.979999999999997,4.258,1020.4,100.0,15.4,0.0,1.214,21.1958,105.3701,0.0,11.51,2,8,51,70,1970-01-21 12:03:16.008,1970-01-21 12:03:57.432,Đông,,,
Phú Thọ,Trung du miền núi Bắc Bộ,2026-02-19,19.18,21.380000000000003,17.419999999999998,20.64,22.72,18.84,0.54,0.54,0.0,4.0,81.8,7.56,17.04,5.258,1021.68,100.0,15.88,0.0,1.242,21.1958,105.3701,0.002,11.53,2,8,51,46,1970-01-21 12:04:42.360,1970-01-21 12:05:23.880,Đông,,,
Phú Thọ,Trung du miền núi Bắc Bộ,2026-02-20,20.18,24.5,16.880000000000003,21.380000000000003,25.7,17.919999999999998,0.66,0.66,0.0,4.0,77.2,11.54,21.96,12.598,1019.16,68.8,15.8,0.0,2.592,21.1958,105.3701,7.1579999999999995,11.55,2,8,51,72,1970-01-21 12:06:08.712,1970-01-21 12:06:50.280,Đông,,,
Phú Thọ,Trung du miền núi Bắc Bộ,2026-02-21,20.880000000000003,26.68,16.84,22.619999999999997,28.92,18.26,0.0,0.0,0.0,0.0,83.0,16.34,31.3,13.544,1009.88,46.2,17.64,0.0,2.744,21.1958,105.3701,7.366,11.568,2,8,3,116,1970-01-21 12:07:35.064,1970-01-21 12:08:16.728,Đông,,,
Phú Thọ,Trung du miền núi Bắc Bộ,2026-02-22,22.139999999999997,24.8,19.520000000000003,24.660000000000004,27.58,21.48,1.34,1.34,0.0,8.4,88.4,16.02,29.659999999999997,5.72,1009.34,96.8,20.06,0.0,1.418,21.1958,105.3701,1.0219999999999998,11.588,2,8,51,123,1970-01-21 12:09:01.440,1970-01-21 12:09:43.140,Đông,,,
Phú Thọ,Trung du miền núi Bắc Bộ,2026-02-23,23.56,26.92,21.18,26.02,29.42,23.5,2.98,2.98,0.0,6.6,83.8,16.419999999999998,32.839999999999996,9.522,1009.44,89.8,20.52,0.0,2.286,21.1958,105.3701,4.942,11.608,2,9,51,125,1970-01-21 12:10:27.780,1970-01-21 12:11:09.576,Đông,,,
Phú Thọ,Trung du miền núi Bắc Bộ,2026-02-24,23.0,24.96,21.6,26.26,28.26,24.82,0.08,0.08,0.0,0.8,88.0,11.36,22.46,3.92,1011.12,93.6,20.880000000000003,0.0,1.08,21.1958,105.3701,0.0,11.628,2,9,51,117,1970-01-21 12:11:54.132,1970-01-21 12:12:36.000,Đông,,,
Phú Thọ,Trung du miền núi Bắc Bộ,2026-02-25,23.02,26.32,21.04,26.22,29.139999999999997,23.96,12.72,12.72,0.0,10.8,88.8,11.6,22.6,8.680000000000001,1011.82,76.4,20.94,0.0,1.838,21.1958,105.3701,3.81,11.648,2,9,63,100,1970-01-21 12:13:20.508,1970-01-21 12:14:02.412,Đông,,,
Phú Thọ,Trung du miền núi Bắc Bộ,2026-02-26,22.3,25.98,20.6,25.1,27.839999999999996,23.119999999999997,5.1,5.1,0.0,6.8,89.0,12.82,24.46,6.843999999999999,1009.24,78.0,20.24,0.0,1.546,21.1958,105.3701,3.664,11.668,2,9,53,118,1970-01-21 12:14:46.860,1970-01-21 12:15:28.860,Đông,,,
Phú Thọ,Trung du miền núi Bắc Bộ,2026-02-27,23.48,28.5,19.14,26.360000000000003,31.360000000000003,21.94,0.1399999999999999,0.1399999999999999,0.0,1.0,82.6,15.46,29.8,14.98,1006.52,44.8,20.1,0.0,3.2039999999999997,21.1958,105.3701,9.534,11.688,2,9,51,115,1970-01-21 12:16:13.200,1970-01-21 12:16:55.272,Đông,,,
Phú Thọ,Trung du miền núi Bắc Bộ,2026-02-28,25.28,30.360000000000003,21.76,28.82,34.4,25.04,1.0,1.0,0.0,4.6,83.6,17.66,36.7,14.644,1004.68,59.0,22.0,0.0,3.264,21.1958,105.3701,8.57,11.708000000000002,2,9,51,110,1970-01-21 12:17:39.552,1970-01-21 12:18:21.720,Đông,,,
Phú Thọ,Trung du miền núi Bắc Bộ,2026-03-01,25.9,30.82,22.36,29.82,34.44,26.26,0.58,0.58,0.0,1.4,82.2,17.5,33.760000000000005,15.266,1004.74,69.4,22.380000000000003,0.0,3.432,21.1958,105.3701,8.426,11.728,3,9,3,117,1970-01-21 12:19:05.928,1970-01-21 12:19:48.120,Xuân,,,
Phú Thọ,Trung du miền núi Bắc Bộ,2026-03-02,26.44,30.9,23.48,30.74,35.260000000000005,26.9,0.3399999999999999,0.3399999999999999,0.0,2.6,82.0,16.6,31.7,14.868,1006.88,62.4,22.84,0.0,3.3920000000000003,21.1958,105.3701,8.226,11.748,3,10,51,80,1970-01-21 12:20:32.280,1970-01-21 12:21:14.556,Xuân,,,
Phú Thọ,Trung du miền núi Bắc Bộ,2026-03-03,22.32,24.74,20.36,23.74,27.28,20.76,8.08,8.08,0.0,8.0,75.2,15.580000000000002,31.6,8.040000000000001,1012.98,98.2,17.46,0.0,2.2299999999999995,21.1958,105.3701,1.8560000000000003,11.768,3,10,63,60,1970-01-21 12:21:58.620,1970-01-21 12:22:40.980,Xuân,,,
Phú Thọ,Trung du miền núi Bắc Bộ,2026-03-04,20.3,23.44,17.68,20.66,24.16,17.86,0.5,0.5,0.0,2.0,67.2,10.9,21.619999999999997,12.928,1016.34,60.0,13.82,0.0,2.924,21.1958,105.3701,7.342,11.788,3,10,51,80,1970-01-21 12:23:24.960,1970-01-21 12:24:07.392,Xuân,,,
Phú Thọ,Trung du miền núi Bắc Bộ,2026-03-05,19.72,22.66,16.02,20.86,23.6,17.18,0.2,0.2,0.0,1.8,78.4,10.22,22.04,9.454,1015.82,68.2,15.72,0.0,2.0,21.1958,105.3701,3.218,11.808000000000002,3,10,51,101,1970-01-21 12:24:51.312,1970-01-21 12:25:33.840,Xuân,,,
Phú Thọ,Trung du miền núi Bắc Bộ,2026-03-06,21.42,25.06,19.2,23.22,26.4,21.06,1.02,1.02,0.0,7.4,78.6,11.48,21.46,10.908,1016.72,74.2,17.32,0.0,2.456,21.1958,105.3701,3.952,11.828,3,10,51,117,1970-01-21 12:26:17.688,1970-01-21 12:27:00.240,Xuân,,,
Phú Thọ,Trung du miền núi Bắc Bộ,2026-03-07,21.619999999999997,25.0,18.9,22.64,25.119999999999997,20.8,0.06,0.06,0.0,0.6,78.2,18.380000000000003,36.44,10.434,1016.58,73.4,17.46,0.0,2.602,21.1958,105.3701,4.442,11.848,3,10,3,117,1970-01-21 12:27:44.040,1970-01-21 12:28:26.676,Xuân,,,
Phú Thọ,Trung du miền núi Bắc Bộ,2026-03-08,21.74,25.54,19.2,23.36,26.68,20.880000000000003,2.36,2.36,0.0,7.6,83.4,16.84,32.62,6.888,1016.48,92.0,18.68,0.0,1.85,21.1958,105.3701,1.018,11.868,3,10,51,102,1970-01-21 12:29:10.380,1970-01-21 12:29:53.100,Xuân,,,
Phú Thọ,Trung du miền núi Bắc Bộ,2026-03-09,20.08,22.86,17.98,21.36,24.48,18.32,7.1,7.1,0.0,12.4,85.4,18.08,37.66,4.574,1021.0,99.2,17.46,0.0,1.246,21.1958,105.3701,0.38,11.888000000000002,3,11,63,48,1970-01-21 12:30:36.720,1970-01-21 12:31:19.500,Xuân,,,
Phú Thọ,Trung du miền núi Bắc Bộ,2026-03-10,19.44,23.94,16.419999999999998,19.3,24.46,16.04,0.04,0.04,0.0,0.4,63.0,12.2,24.48,17.426,1022.58,58.2,11.92,0.0,3.586,21.1958,105.3701,10.238,11.908,3,11,3,51,1970-01-21 12:32:03.060,1970-01-21 12:32:45.936,Xuân,,,
Phú Thọ,Trung du miền núi Bắc Bộ,2026-03-11,18.56,21.72,14.96,19.26,22.34,15.56,0.16,0.16,0.0,1.4,77.6,9.04,19.64,10.104,1018.96,66.4,14.38,0.0,2.0620000000000003,21.1958,105.3701,3.272,11.928,3,11,51,120,1970-01-21 12:33:29.400,1970-01-21 12:34:12.360,Xuân,,,
Phú Thọ,Trung du miền núi Bắc Bộ,2026-03-12,20.32,23.6,17.580000000000002,21.68,24.46,18.66,0.08,0.08,0.0,0.8,75.8,10.16,20.82,10.9,1018.44,83.0,15.64,0.0,2.272,21.1958,105.3701,4.316000000000001,11.95,3,11,51,89,1970-01-21 12:34:55.752,1970-01-21 12:35:38.760,Xuân,,,
Phú Thọ,Trung du miền núi Bắc Bộ,2026-03-13,20.84,25.1,17.740000000000002,21.28,25.68,18.66,0.04,0.04,0.0,0.4,67.0,14.02,29.660000000000004,15.194,1019.68,64.4,14.06,0.0,3.436,21.1958,105.3701,7.174000000000001,11.97,3,11,3,128,1970-01-21 12:36:22.116,1970-01-21 12:37:05.208,Xuân,,,
Phú Thọ,Trung du miền núi Bắc Bộ,2026-03-14,20.44,23.54,18.14,21.44,23.72,19.48,0.68,0.68,0.0,4.8,77.8,16.259999999999998,32.4,8.696,1019.82,78.8,16.32,0.0,2.088,21.1958,105.3701,2.428,11.99,3,11,51,129,1970-01-21 12:37:48.468,1970-01-21 12:38:31.620,Xuân,,,
Phú Thọ,Trung du miền núi Bắc Bộ,2026-03-15,21.42,25.56,17.8,23.0,26.660000000000004,19.44,0.52,0.52,0.0,3.8,80.8,15.72,30.68,13.342000000000002,1018.52,75.4,17.7,0.0,2.818,21.1958,105.3701,8.91,12.01,3,11,51,127,1970-01-21 12:39:14.820,1970-01-21 12:39:58.020,Xuân,,,
Phú Thọ,Trung du miền núi Bắc Bộ,2026-03-16,22.7,27.74,18.7,23.82,28.0,20.6,0.02,0.02,0.0,0.2,77.2,18.6,35.260000000000005,14.194,1014.7,47.8,18.0,0.0,3.434,21.1958,105.3701,9.112,12.03,3,12,3,125,1970-01-21 12:40:41.160,1970-01-21 12:41:24.468,Xuân,,,
Phú Thọ,Trung du miền núi Bắc Bộ,2026-03-17,23.52,29.48,18.98,24.880000000000003,30.860000000000003,20.7,0.0,0.0,0.0,0.0,76.0,20.139999999999997,38.44,15.768,1012.34,26.6,18.619999999999997,0.0,3.774,21.1958,105.3701,10.442,12.05,3,12,3,142,1970-01-21 12:42:07.500,1970-01-21 12:42:50.880,Xuân,,,
Phú Thọ,Trung du miền núi Bắc Bộ,2026-03-18,23.6,28.48,19.52,26.3,31.04,22.2,0.2599999999999999,0.2599999999999999,0.0,2.6,81.8,15.16,30.24,12.074000000000002,1012.7,47.4,20.14,0.0,2.762,21.1958,105.3701,6.866,12.07,3,12,51,120,1970-01-21 12:43:33.840,1970-01-21 12:44:17.280,Xuân,,,
Phú Thọ,Trung du miền núi Bắc Bộ,2026-03-19,24.9,30.619999999999997,21.34,27.360000000000003,32.72,24.119999999999997,0.3,0.3,0.0,2.0,79.8,20.92,39.8,14.62,1010.9,41.6,20.76,0.0,3.62,21.1958,105.3701,8.41,12.09,3,12,51,121,1970-01-21 12:45:00.180,1970-01-21 12:45:43.716,Xuân,,,
Phú Thọ,Trung du miền núi Bắc Bộ,2026-03-20,24.46,28.5,21.28,27.2,30.94,24.04,0.3,0.3,0.0,2.4,82.8,17.1,33.46,10.456,1011.36,75.4,21.16,0.0,2.602,21.1958,105.3701,4.0520000000000005,12.11,3,12,51,106,1970-01-21 12:46:26.520,1970-01-21 12:47:10.140,Xuân,,,
Phú Thọ,Trung du miền núi Bắc Bộ,2026-03-21,24.04,26.44,22.22,26.44,28.78,24.78,3.1799999999999997,3.1799999999999997,0.0,10.4,83.8,19.1,37.38,8.142,1013.28,97.0,21.08,0.0,2.148,21.1958,105.3701,1.884,12.13,3,12,53,99,1970-01-21 12:47:52.860,1970-01-21 12:48:36.540,Xuân,,,
Phú Thọ,Trung du miền núi Bắc Bộ,2026-03-22,24.72,29.880000000000003,21.82,27.28,32.3,24.86,2.9799999999999995,2.9799999999999995,0.0,3.4,81.4,18.34,36.14,11.42,1011.96,73.6,21.02,0.0,2.938,21.1958,105.3701,6.314,12.15,3,12,51,123,1970-01-21 12:49:19.224,1970-01-21 12:50:02.976,Xuân,,,
Phú Thọ,Trung du miền núi Bắc Bộ,2026-03-23,25.380000000000003,30.619999999999997,21.84,28.139999999999997,33.5,24.68,0.42,0.42,0.0,3.2,80.8,19.82,37.32,13.716,1010.52,69.8,21.48,0.0,3.3840000000000003,21.1958,105.3701,7.5,12.17,3,13,51,108,1970-01-21 12:50:45.576,1970-01-21 12:51:29.400,Xuân,,,
Phú Thọ,Trung du miền núi Bắc Bộ,2026-03-24,26.1,31.04,23.1,29.2,33.9,26.6,0.16,0.16,0.0,1.4,79.0,16.48,32.04,13.858,1009.54,65.8,21.9,0.0,3.468,21.1958,105.3701,7.796000000000001,12.19,3,13,51,104,1970-01-21 12:52:11.928,1970-01-21 12:52:55.800,Xuân,,,
Phú Thọ,Trung du miền núi Bắc Bộ,2026-03-25,25.94,29.2,23.66,28.76,31.360000000000003,26.8,0.4,0.4,0.0,2.8,79.4,18.86,37.14,10.79,1010.02,69.2,21.9,0.0,2.936,21.1958,105.3701,4.9,12.21,3,13,51,122,1970-01-21 12:53:38.280,1970-01-21 12:54:22.236,Xuân,,,
Phú Thọ,Trung du miền núi Bắc Bộ,2026-03-26,26.660000000000004,31.880000000000003,23.119999999999997,30.58,35.32,26.639999999999997,0.24,0.24,0.0,2.0,79.6,16.98,31.82,14.53,1008.44,51.8,22.54,0.0,3.4880000000000004,21.1958,105.3701,8.398,12.23,3,13,51,75,1970-01-21 12:55:04.620,1970-01-21 12:55:48.660,Xuân,,,
Phú Thọ,Trung du miền núi Bắc Bộ,2026-03-27,26.46,31.02,23.44,30.28,34.3,27.08,0.52,0.52,0.0,4.2,80.8,16.46,32.739999999999995,12.902,1007.66,69.8,22.72,0.0,3.1700000000000004,21.1958,105.3701,6.34,12.25,3,13,51,100,1970-01-21 12:56:30.960,1970-01-21 12:57:15.060,Xuân,,,
Phú Thọ,Trung du miền núi Bắc Bộ,2026-03-28,26.72,30.98,24.42,30.48,34.56,28.48,0.2799999999999999,0.2799999999999999,0.0,2.6,80.6,16.1,30.880000000000003,11.712,1007.84,73.4,22.92,0.0,2.998,21.1958,105.3701,5.66,12.272,3,13,51,116,1970-01-21 12:57:57.300,1970-01-21 12:58:41.472,Xuân,,,
Phú Thọ,Trung du miền núi Bắc Bộ,2026-03-29,27.46,33.06,24.2,30.839999999999996,35.58,27.44,1.36,1.36,0.0,3.0,76.6,21.119999999999997,40.46,16.082,1006.48,51.0,22.52,0.0,4.037999999999999,21.1958,105.3701,8.756,12.291999999999998,3,13,53,121,1970-01-21 12:59:23.640,1970-01-21 13:00:07.920,Xuân,,,
Phú Thọ,Trung du miền núi Bắc Bộ,2026-03-30,27.54,34.8,22.18,31.380000000000003,38.28,25.94,0.02,0.02,0.0,0.2,74.4,16.240000000000002,34.260000000000005,18.166,1005.3,29.0,21.84,0.0,4.396,21.1958,105.3701,9.606,12.312,3,14,3,112,1970-01-21 13:00:49.980,1970-01-21 13:01:34.320,Xuân,,,
Phú Thọ,Trung du miền núi Bắc Bộ,2026-03-31,28.860000000000003,36.6,23.58,33.2,41.0,26.58,3.06,3.06,0.0,1.4,72.8,23.32,52.120000000000005,18.8,1005.42,23.0,22.52,0.0,4.68,21.1958,105.3701,10.7,12.332,3,14,63,77,1970-01-21 13:02:16.320,1970-01-21 13:03:00.732,Xuân,,,
Phú Thọ,Trung du miền núi Bắc Bộ,2026-04-01,25.1,28.160000000000004,22.880000000000003,27.54,30.139999999999997,25.16,5.26,5.26,0.0,4.6,73.6,16.380000000000003,33.54,12.208,1011.04,75.6,19.7,0.0,3.214,21.1958,105.3701,4.836,12.352,4,14,51,101,1970-01-21 13:03:42.672,1970-01-21 13:04:27.168,Xuân,,,
Phú Thọ,Trung du miền núi Bắc Bộ,2026-04-02,25.8,31.48,21.94,28.880000000000003,34.260000000000005,24.880000000000003,0.1399999999999999,0.1399999999999999,0.0,1.2,77.6,18.98,37.28,15.296,1008.72,47.6,21.34,0.0,3.697999999999999,21.1958,105.3701,8.08,12.378,4,14,3,5,1970-01-21 13:05:09.012,1970-01-21 13:05:53.580,Xuân,,,
Phú Thọ,Trung du miền núi Bắc Bộ,2026-04-03,27.92,33.1,23.98,33.14,38.64,28.1,0.06,0.06,0.0,0.6,80.4,14.38,28.44,17.872,1004.5,43.6,24.0,0.0,4.090000000000001,21.1958,105.3701,9.238,12.398,4,14,3,108,1970-01-21 13:06:35.376,1970-01-21 13:07:19.980,Xuân,,,
Phú Thọ,Trung du miền núi Bắc Bộ,2026-04-04,27.02,31.78,24.3,30.9,35.239999999999995,27.4,1.5,1.5,0.0,4.6,76.4,15.64,30.160000000000004,13.22,1005.16,58.6,22.2,0.0,3.3600000000000003,21.1958,105.3701,6.426,12.418,4,14,51,48,1970-01-21 13:08:01.728,1970-01-21 13:08:46.416,Xuân,,,
Phú Thọ,Trung du miền núi Bắc Bộ,2026-04-05,27.839999999999996,33.760000000000005,23.32,32.32000000000001,38.12,27.339999999999996,0.06,0.06,0.0,0.6,77.8,16.619999999999997,32.62,17.954,1002.2,59.6,23.24,0.0,4.306,21.1958,105.3701,8.994,12.438,4,14,3,48,1970-01-21 13:09:28.080,1970-01-21 13:10:12.840,Xuân,,,
Phú Thọ,Trung du miền núi Bắc Bộ,2026-04-06,30.2,38.58,24.34,35.7,44.36,29.52,0.0,0.0,0.0,0.0,73.2,14.74,28.160000000000004,19.414,1001.76,36.4,23.78,0.0,4.868,21.1958,105.3701,10.076,12.458000000000002,4,15,3,97,1970-01-21 13:10:54.420,1970-01-21 13:11:39.240,Xuân,,,
Phú Thọ,Trung du miền núi Bắc Bộ,2026-04-07,30.639999999999997,38.04,24.94,35.44,43.46,29.360000000000003,0.0,0.0,0.0,0.0,67.4,17.259999999999998,32.32,19.788,1002.72,18.6,23.16,0.0,5.1,21.1958,105.3701,11.544,12.478,4,15,2,112,1970-01-21 13:12:20.760,1970-01-21 13:13:05.652,Xuân,,,
Phú Thọ,Trung du miền núi Bắc Bộ,2026-04-08,30.56,37.3,25.4,35.38,42.24,30.74,0.0,0.0,0.0,0.0,69.2,17.74,32.9,19.586,1004.0,15.0,23.52,0.0,5.072,21.1958,105.3701,11.574,12.498,4,15,1,117,1970-01-21 13:13:47.100,1970-01-21 13:14:32.100,Xuân,,,
Phú Thọ,Trung du miền núi Bắc Bộ,2026-04-09,29.44,35.82,24.66,34.9,41.3,29.98,0.02,0.02,0.0,0.2,75.8,14.44,28.58,19.41,1004.98,14.0,24.139999999999997,0.0,4.58,21.1958,105.3701,11.16,12.518,4,15,2,12,1970-01-21 13:15:13.440,1970-01-21 13:15:58.500,Xuân,,,
Phú Thọ,Trung du miền núi Bắc Bộ,2026-04-10,30.26,37.66,24.78,35.82,42.760000000000005,30.26,0.0,0.0,0.0,0.0,73.2,15.2,28.96,20.376,1003.7,11.6,24.02,0.0,4.901999999999999,21.1958,105.3701,11.292,12.532,4,15,3,105,1970-01-21 13:16:39.792,1970-01-21 13:17:24.912,Xuân,,,
Phú Thọ,Trung du miền núi Bắc Bộ,2026-04-11,30.2,37.86,24.26,35.339999999999996,42.02,29.08,0.0,0.0,0.0,0.0,69.6,12.3,26.339999999999996,19.773999999999997,1002.06,10.6,23.0,0.0,4.779999999999999,21.1958,105.3701,11.736,12.552,4,15,2,71,1970-01-21 13:18:06.144,1970-01-21 13:18:51.360,Xuân,,,
Phú Thọ,Trung du miền núi Bắc Bộ,2026-04-12,30.08,37.6,24.1,34.44,41.98,28.360000000000003,0.0,0.0,0.0,0.0,66.6,15.96,30.04,21.434,1001.76,1.8,22.119999999999997,0.0,5.364,21.1958,105.3701,11.894,12.572,4,15,0,246,1970-01-21 13:19:32.520,1970-01-21 13:20:17.760,Xuân,,,
Phú Thọ,Trung du miền núi Bắc Bộ,2026-04-13,28.96,35.480000000000004,23.56,34.46,41.56,28.18,0.0,0.0,0.0,0.0,77.8,16.32,30.879999999999995,20.532,1004.48,12.4,24.34,0.0,4.85,21.1958,105.3701,11.34,12.592,4,16,3,94,1970-01-21 13:20:58.860,1970-01-21 13:21:44.172,Xuân,,,
Phú Thọ,Trung du miền núi Bắc Bộ,2026-04-14,29.119999999999997,33.980000000000004,25.24,35.2,40.52,31.18,0.04,0.04,0.0,0.4,82.8,16.880000000000003,32.7,18.42,1005.3,29.0,25.660000000000004,0.0,4.298,21.1958,105.3701,9.836,12.611999999999998,4,16,3,74,1970-01-21 13:22:25.200,1970-01-21 13:23:10.620,Xuân,,,
Phú Thọ,Trung du miền núi Bắc Bộ,2026-04-15,29.2,33.96,26.360000000000003,34.86,39.92,31.68,0.2,0.2,0.0,2.0,81.8,18.68,36.8,16.744,1004.62,47.4,25.46,0.0,4.0920000000000005,21.1958,105.3701,8.842,12.632,4,16,51,95,1970-01-21 13:23:51.552,1970-01-21 13:24:37.020,Xuân,,,
Phú Thọ,Trung du miền núi Bắc Bộ,2026-04-16,28.98,32.7,26.3,34.56,39.0,31.52,0.48,0.48,0.0,3.0,81.4,15.64,29.160000000000004,16.913999999999998,1005.96,46.2,25.24,0.0,4.008,21.1958,105.3701,9.562,12.65,4,16,51,88,1970-01-21 13:25:17.892,1970-01-21 13:26:03.432,Xuân,,,
Phú Thọ,Trung du miền núi Bắc Bộ,2026-04-17,26.0,28.32,23.66,30.58,33.480000000000004,26.6,23.94,23.94,0.0,12.4,88.4,18.06,36.86,9.982,1009.22,80.8,23.76,0.0,2.226,21.1958,105.3701,3.81,12.67,4,16,63,54,1970-01-21 13:26:44.268,1970-01-21 13:27:29.880,Xuân,,,
Phú Thọ,Trung du miền núi Bắc Bộ,2026-04-18,24.96,28.7,22.04,29.04,32.86,25.7,4.08,4.08,0.0,12.0,86.4,14.14,28.880000000000003,11.46,1010.78,87.0,22.380000000000003,0.0,2.552,21.1958,105.3701,5.482,12.688,4,16,61,120,1970-01-21 13:28:10.620,1970-01-21 13:28:56.280,Xuân,,,
Phú Thọ,Trung du miền núi Bắc Bộ,2026-04-19,25.94,29.58,23.88,29.72,33.26,27.68,0.9,0.9,0.0,3.6,83.6,15.52,29.880000000000003,11.492,1008.98,74.2,22.82,0.0,2.74,21.1958,105.3701,5.396,12.708000000000002,4,16,51,107,1970-01-21 13:29:36.960,1970-01-21 13:30:22.692,Xuân,,,
Phú Thọ,Trung du miền núi Bắc Bộ,2026-04-20,26.24,30.04,23.26,30.08,34.42,27.04,0.1399999999999999,0.1399999999999999,0.0,1.2,82.4,17.1,32.6,12.948,1007.16,64.0,22.880000000000003,0.0,3.066,21.1958,105.3701,6.648000000000001,12.728,4,17,3,112,1970-01-21 13:31:03.312,1970-01-21 13:31:49.140,Xuân,,,
Phú Thọ,Trung du miền núi Bắc Bộ,2026-04-21,28.2,34.06,24.22,32.8,38.98,28.82,0.12,0.12,0.0,1.2,79.6,19.98,39.96,19.08,1004.66,34.8,23.98,0.0,4.51,21.1958,105.3701,10.906,12.742,4,17,51,102,1970-01-21 13:32:29.664,1970-01-21 13:33:15.540,Xuân,,,
Phú Thọ,Trung du miền núi Bắc Bộ,2026-04-22,28.839999999999996,33.56,24.74,34.739999999999995,40.36,29.7,0.12,0.12,0.0,0.2,82.6,19.34,34.980000000000004,20.014,1003.74,34.4,25.36,0.0,4.55,21.1958,105.3701,10.45,12.762,4,17,3,69,1970-01-21 13:33:56.040,1970-01-21 13:34:41.964,Xuân,,,
Phú Thọ,Trung du miền núi Bắc Bộ,2026-04-23,25.08,27.96,23.119999999999997,28.52,31.02,25.74,24.46,24.46,0.0,9.8,80.4,19.72,44.48,15.052,1007.86,83.4,21.26,0.0,3.236,21.1958,105.3701,7.538000000000001,12.78,4,17,65,68,1970-01-21 13:35:22.380,1970-01-21 13:36:08.400,Xuân,,,
Phú Thọ,Trung du miền núi Bắc Bộ,2026-04-24,24.58,27.76,22.339999999999996,28.04,30.56,25.72,5.5200000000000005,5.5200000000000005,0.0,5.4,80.0,10.2,21.6,10.332,1011.56,91.4,20.72,0.0,2.398,21.1958,105.3701,1.804,12.8,4,17,51,88,1970-01-21 13:36:48.732,1970-01-21 13:37:34.812,Xuân,,,
Phú Thọ,Trung du miền núi Bắc Bộ,2026-04-25,25.82,29.339999999999996,22.7,29.44,32.739999999999995,26.72,0.5399999999999999,0.5399999999999999,0.0,3.2,76.0,11.58,24.2,18.874,1013.46,50.4,21.04,0.0,4.0920000000000005,21.1958,105.3701,10.666,12.82,4,17,51,125,1970-01-21 13:38:15.084,1970-01-21 13:39:01.236,Xuân,,,
Phú Thọ,Trung du miền núi Bắc Bộ,2026-04-26,25.52,29.660000000000004,22.64,29.119999999999997,33.0,26.72,0.4,0.4,0.0,1.8,80.8,13.82,27.5,15.080000000000002,1010.92,88.2,21.74,0.0,3.4,21.1958,105.3701,5.848000000000001,12.838,4,17,51,118,1970-01-21 13:39:41.460,1970-01-21 13:40:27.660,Xuân,,,
Phú Thọ,Trung du miền núi Bắc Bộ,2026-04-27,26.7,31.56,22.84,30.82,36.620000000000005,26.9,0.1,0.1,0.0,0.8,79.6,15.34,29.6,19.828,1007.16,50.2,22.54,0.0,4.41,21.1958,105.3701,11.068,12.852,4,18,51,106,1970-01-21 13:41:07.800,1970-01-21 13:41:54.072,Xuân,,,
Phú Thọ,Trung du miền núi Bắc Bộ,2026-04-28,27.2,32.68,22.96,31.959999999999997,38.38,27.139999999999997,0.2,0.2,0.0,0.4,80.6,12.88,29.2,19.95,1005.54,54.2,23.24,0.0,4.43,21.1958,105.3701,10.354,12.87,4,18,3,121,1970-01-21 13:42:34.152,1970-01-21 13:43:20.520,Xuân,,,
Phú Thọ,Trung du miền núi Bắc Bộ,2026-04-29,24.94,28.04,21.68,27.06,30.24,22.58,9.62,9.62,0.0,6.0,71.0,19.160000000000004,38.58,16.954,1012.12,87.8,18.88,0.0,3.884,21.1958,105.3701,7.203999999999999,12.89,4,18,63,0,1970-01-21 13:44:00.540,1970-01-21 13:44:46.920,Xuân,,,
Phú Thọ,Trung du miền núi Bắc Bộ,2026-04-30,23.880000000000003,27.1,21.14,25.1,29.8,21.74,0.0,0.0,0.0,0.0,61.4,12.26,24.82,20.622,1015.08,48.6,15.919999999999998,0.0,4.588,21.1958,105.3701,10.756,12.91,4,18,3,95,1970-01-21 13:45:26.880,1970-01-21 13:46:13.344,Xuân,,,
Phú Thọ,Trung du miền núi Bắc Bộ,2026-05-01,24.44,28.880000000000003,20.5,26.56,30.56,22.880000000000003,0.02,0.02,0.0,0.2,75.0,16.7,31.7,15.124,1011.3,67.0,19.48,0.0,3.61,21.1958,105.3701,7.672,12.922,5,18,3,105,1970-01-21 13:46:53.232,1970-01-21 13:47:39.780,Xuân,,,
Phú Thọ,Trung du miền núi Bắc Bộ,2026-05-02,25.46,31.660000000000004,21.7,29.82,36.8,24.98,2.24,2.24,0.0,2.2,82.8,18.34,37.940000000000005,19.22,1008.54,89.2,22.08,0.0,4.004,21.1958,105.3701,9.688,12.94,5,18,63,69,1970-01-21 13:48:19.620,1970-01-21 13:49:06.192,Xuân,,,
Phú Thọ,Trung du miền núi Bắc Bộ,2026-05-03,24.82,29.68,22.08,29.2,34.9,24.8,24.04,24.04,0.0,13.8,88.8,15.0,33.18,13.996,1010.42,88.0,22.7,0.0,2.914,21.1958,105.3701,6.12,12.96,5,18,65,5,1970-01-21 13:49:45.972,1970-01-21 13:50:32.616,Xuân,,,
Phú Thọ,Trung du miền núi Bắc Bộ,2026-05-04,23.880000000000003,28.22,20.56,26.1,30.4,22.880000000000003,9.080000000000002,9.080000000000002,0.0,6.2,73.8,12.44,25.860000000000003,17.814,1014.92,58.0,18.58,0.0,3.8,21.1958,105.3701,10.186,12.970000000000002,5,19,63,343,1970-01-21 13:51:12.336,1970-01-21 13:51:59.040,Xuân,,,
Phú Thọ,Trung du miền núi Bắc Bộ,2026-05-05,25.3,29.72,21.16,28.44,33.44,23.98,0.0,0.0,0.0,0.0,75.6,16.2,30.58,21.262,1011.52,14.8,20.380000000000003,0.0,4.614,21.1958,105.3701,11.83,12.99,5,19,3,130,1970-01-21 13:52:38.700,1970-01-21 13:53:25.452,Xuân,,,
Phú Thọ,Trung du miền núi Bắc Bộ,2026-05-06,27.06,32.0,22.84,30.82,36.7,26.42,0.08,0.08,0.0,0.8,77.4,18.86,35.04,19.494,1007.72,29.8,22.58,0.0,4.508,21.1958,105.3701,11.828,13.01,5,19,3,116,1970-01-21 13:54:05.064,1970-01-21 13:54:51.900,Xuân,,,
Phú Thọ,Trung du miền núi Bắc Bộ,2026-05-07,26.82,31.78,24.1,32.2,38.760000000000005,29.0,11.26,11.26,0.0,11.4,86.8,13.82,30.32,16.613999999999997,1008.76,66.8,24.32,0.0,3.518,21.1958,105.3701,7.775999999999999,13.02,5,19,63,25,1970-01-21 13:55:31.440,1970-01-21 13:56:18.312,Xuân,,,
Phú Thọ,Trung du miền núi Bắc Bộ,2026-05-08,25.82,29.32,23.42,30.639999999999997,34.12,27.68,24.660000000000004,24.660000000000004,0.0,14.4,86.2,11.14,24.56,14.586000000000002,1012.38,90.0,23.2,0.0,3.112,21.1958,105.3701,6.672,13.04,5,19,63,26,1970-01-21 13:56:57.792,1970-01-21 13:57:44.760,Xuân,,,
Phú Thọ,Trung du miền núi Bắc Bộ,2026-05-09,24.8,26.5,23.360000000000003,28.76,30.28,26.82,4.82,4.82,0.0,5.8,81.2,9.86,20.16,10.558,1014.18,89.6,21.28,0.0,2.306,21.1958,105.3701,3.5980000000000003,13.05,5,19,61,6,1970-01-21 13:58:24.180,1970-01-21 13:59:11.172,Xuân,,,
Phú Thọ,Trung du miền núi Bắc Bộ,2026-05-10,24.619999999999997,27.54,22.880000000000003,28.619999999999997,30.959999999999997,26.92,1.34,1.34,0.0,3.4,81.6,6.779999999999999,17.04,10.92,1013.66,94.2,21.14,0.0,2.35,21.1958,105.3701,3.3240000000000003,13.07,5,19,53,23,1970-01-21 13:59:50.532,1970-01-21 14:00:37.584,Xuân,,,
Phú Thọ,Trung du miền núi Bắc Bộ,2026-05-11,26.860000000000003,31.459999999999997,23.0,31.4,36.58,27.52,0.18,0.18,0.0,1.6,79.2,11.08,23.84,19.102,1011.14,78.6,22.7,0.0,4.1899999999999995,21.1958,105.3701,10.376,13.082,5,20,51,99,1970-01-21 14:01:16.920,1970-01-21 14:02:04.020,Xuân,,,
Phú Thọ,Trung du miền núi Bắc Bộ,2026-05-12,27.660000000000004,32.2,24.28,32.760000000000005,38.68,29.22,1.84,1.84,0.0,4.2,82.8,13.679999999999998,27.5,16.95,1007.0,88.0,24.28,0.0,3.766,21.1958,105.3701,8.59,13.1,5,20,55,106,1970-01-21 14:02:43.284,1970-01-21 14:03:30.432,Xuân,,,
Phú Thọ,Trung du miền núi Bắc Bộ,2026-05-13,29.119999999999997,34.1,25.18,34.5,39.94,30.58,0.36,0.36,0.0,1.2,78.6,16.04,33.78,20.46,1002.94,37.6,24.619999999999997,0.0,4.6659999999999995,21.1958,105.3701,10.848,13.112,5,20,3,123,1970-01-21 14:04:09.660,1970-01-21 14:04:56.880,Xuân,,,
Phú Thọ,Trung du miền núi Bắc Bộ,2026-05-14,30.04,35.04,25.1,35.7,41.68,31.0,0.0,0.0,0.0,0.0,72.8,13.54,25.56,22.408,1001.32,49.6,24.14,0.0,5.242,21.1958,105.3701,11.006,13.13,5,20,3,116,1970-01-21 14:05:36.036,1970-01-21 14:06:23.292,Xuân,,,
Phú Thọ,Trung du miền núi Bắc Bộ,2026-05-15,30.04,33.96,26.18,36.06,41.04,31.92,0.18,0.18,0.0,1.0,75.0,11.58,23.52,18.974,1001.8,73.2,24.880000000000003,0.0,4.4479999999999995,21.1958,105.3701,9.986,13.14,5,20,51,107,1970-01-21 14:07:02.412,1970-01-21 14:07:49.728,Xuân,,,
Phú Thọ,Trung du miền núi Bắc Bộ,2026-05-16,28.4,33.040000000000006,25.2,34.739999999999995,40.82,30.6,21.52,21.52,0.0,13.0,86.6,15.8,34.72,17.881999999999998,1003.12,94.6,25.76,0.0,3.742,21.1958,105.3701,7.578,13.16,5,20,63,82,1970-01-21 14:08:28.800,1970-01-21 14:09:16.152,Xuân,,,
Phú Thọ,Trung du miền núi Bắc Bộ,2026-05-17,27.160000000000004,30.3,25.02,33.0,37.46,30.58,14.18,14.18,0.0,15.0,90.6,14.8,30.46,14.553999999999998,1004.5,97.6,25.380000000000003,0.0,3.0420000000000003,21.1958,105.3701,5.4239999999999995,13.169999999999998,5,20,63,82,1970-01-21 14:09:55.152,1970-01-21 14:10:42.576,Xuân,,,
Phú Thọ,Trung du miền núi Bắc Bộ,2026-05-18,27.380000000000003,31.860000000000003,25.08,33.339999999999996,39.779999999999994,30.32,5.819999999999999,5.819999999999999,0.0,11.8,89.6,14.88,34.92,18.51,1004.24,91.8,25.42,0.0,3.818,21.1958,105.3701,7.798,13.182,5,21,63,88,1970-01-21 14:11:21.540,1970-01-21 14:12:09.000,Xuân,,,
Phú Thọ,Trung du miền núi Bắc Bộ,2026-05-19,27.5,31.5,25.16,33.64,38.7,30.4,20.619999999999997,20.619999999999997,0.0,20.2,91.2,14.3,30.02,16.246000000000002,1003.3,97.4,25.92,0.0,3.3259999999999996,21.1958,105.3701,5.428,13.198,5,21,61,91,1970-01-21 14:12:47.916,1970-01-21 14:13:35.412,Xuân,,,
Phú Thọ,Trung du miền núi Bắc Bộ,2026-05-20,27.56,31.18,25.24,33.519999999999996,38.14,30.619999999999997,13.02,13.02,0.0,17.0,89.4,12.78,28.0,16.178,1003.18,91.8,25.58,0.0,3.364,21.1958,105.3701,7.556,13.21,5,21,63,125,1970-01-21 14:14:14.292,1970-01-21 14:15:01.860,Xuân,,,
Phú Thọ,Trung du miền núi Bắc Bộ,2026-05-21,27.139999999999997,30.5,25.32,33.36,37.12,30.8,19.42,19.42,0.0,16.6,93.0,12.2,27.1,11.404,1005.5,96.6,25.880000000000003,0.0,2.374,21.1958,105.3701,3.138,13.220000000000002,5,21,63,117,1970-01-21 14:15:40.680,1970-01-21 14:16:28.272,Xuân,,,
Phú Thọ,Trung du miền núi Bắc Bộ,2026-05-22,29.42,33.68,25.82,35.379999999999995,40.239999999999995,31.56,1.7400000000000002,1.7400000000000002,0.0,5.0,81.6,15.54,30.56,20.44,1005.2,79.8,25.78,0.0,4.662000000000001,21.1958,105.3701,11.206,13.232,5,21,53,122,1970-01-21 14:17:07.068,1970-01-21 14:17:54.708,Xuân,,,
Phú Thọ,Trung du miền núi Bắc Bộ,2026-05-23,31.08,36.06,26.96,37.14,42.3,33.08,0.14,0.14,0.0,0.8,73.2,13.98,27.8,22.174,1004.1,86.6,25.34,0.0,5.4159999999999995,21.1958,105.3701,10.79,13.242,5,21,51,197,1970-01-21 14:18:33.432,1970-01-21 14:19:21.132,Xuân,,,
Phú Thọ,Trung du miền núi Bắc Bộ,2026-05-24,32.12,36.92,27.96,37.7,42.26,34.14,0.0,0.0,0.0,0.0,67.2,15.0,30.1,23.208,1003.72,89.6,24.84,0.0,5.9799999999999995,21.1958,105.3701,11.508,13.258,5,21,3,182,1970-01-21 14:19:59.832,1970-01-21 14:20:47.544,Xuân,,,
Phú Thọ,Trung du miền núi Bắc Bộ,2026-05-25,32.760000000000005,37.18,29.04,37.86,42.84,33.260000000000005,0.0,0.0,0.0,0.0,61.8,16.38,31.74,25.372,1002.3,38.8,24.2,0.0,6.752,21.1958,105.3701,12.03,13.268,5,22,3,193,1970-01-21 14:21:26.220,1970-01-21 14:22:13.980,Xuân,,,
Phú Thọ,Trung du miền núi Bắc Bộ,2026-05-26,33.0,37.54,28.9,38.22,43.82,33.06,0.0,0.0,0.0,0.0,60.8,16.619999999999997,31.1,25.934000000000005,1001.38,2.0,24.1,0.0,6.76,21.1958,105.3701,12.182,13.278,5,22,0,183,1970-01-21 14:22:52.608,1970-01-21 14:23:40.392,Xuân,,,
Phú Thọ,Trung du miền núi Bắc Bộ,2026-05-27,32.82,37.3,28.96,39.02,45.220000000000006,34.86,0.62,0.62,0.0,1.2,65.4,15.4,30.04,25.504,1003.4,15.0,25.1,0.0,6.3340000000000005,21.1958,105.3701,12.204,13.29,5,22,3,124,1970-01-21 14:24:18.984,1970-01-21 14:25:06.840,Xuân,,,
Phú Thọ,Trung du miền núi Bắc Bộ,2026-05-28,30.42,35.22,27.02,37.14,43.760000000000005,33.08,4.4799999999999995,4.4799999999999995,0.0,4.6,77.4,11.82,23.46,24.03,1006.78,33.4,25.76,0.0,5.446,21.1958,105.3701,11.452,13.3,5,22,55,41,1970-01-21 14:25:45.372,1970-01-21 14:26:33.252,Xuân,,,
Phú Thọ,Trung du miền núi Bắc Bộ,2026-05-29,28.7,31.76,26.44,35.459999999999994,39.12,32.239999999999995,4.08,4.08,0.0,8.0,84.8,9.22,22.82,19.812,1008.88,58.6,25.76,0.0,4.12,21.1958,105.3701,11.396,13.308000000000002,5,22,61,51,1970-01-21 14:27:11.772,1970-01-21 14:27:59.676,Xuân,,,
Phú Thọ,Trung du miền núi Bắc Bộ,2026-05-30,27.619999999999997,31.0,24.28,33.36,37.94,29.119999999999997,14.14,14.14,0.0,15.4,85.4,11.6,25.4,19.268,1010.48,76.4,24.8,0.0,4.014,21.1958,105.3701,9.542,13.318,5,22,63,328,1970-01-21 14:28:38.172,1970-01-21 14:29:26.112,Xuân,,,
Phú Thọ,Trung du miền núi Bắc Bộ,2026-05-31,29.24,33.36,25.28,35.6,41.12,31.48,0.54,0.54,0.0,3.6,79.6,14.34,27.08,24.854,1008.44,22.8,25.04,0.0,5.529999999999999,21.1958,105.3701,12.028,13.328,5,22,51,122,1970-01-21 14:30:04.560,1970-01-21 14:30:52.524,Xuân,,,
Phú Thọ,Trung du miền núi Bắc Bộ,2026-06-01,30.48,34.28,26.5,37.0,42.84,32.480000000000004,0.68,0.68,0.0,2.6,76.8,13.38,25.619999999999997,24.634,1006.78,8.8,25.76,0.0,5.6259999999999994,21.1958,105.3701,12.188,13.338,6,23,51,125,1970-01-21 14:31:30.960,1970-01-21 14:32:18.960,Hè,,,
Phú Thọ,Trung du miền núi Bắc Bộ,2026-06-02,30.860000000000003,35.04,27.380000000000003,37.260000000000005,42.98,33.5,0.38,0.38,0.0,3.2,76.2,15.919999999999998,30.660000000000004,23.308,1004.52,55.4,25.98,0.0,5.576,21.1958,105.3701,12.116,13.342,6,23,51,123,1970-01-21 14:32:57.348,1970-01-21 14:33:45.372,Hè,,,
Phú Thọ,Trung du miền núi Bắc Bộ,2026-06-03,31.0,35.739999999999995,27.619999999999997,37.42,43.9,33.54,0.94,0.94,0.0,4.6,76.0,17.34,34.04,23.804,1001.9,45.2,26.06,0.0,5.686,21.1958,105.3701,11.98,13.352,6,23,51,100,1970-01-21 14:34:23.748,1970-01-21 14:35:11.808,Hè,,,
Phú Thọ,Trung du miền núi Bắc Bộ,2026-06-04,29.880000000000003,35.28,26.72,37.02,43.4,32.64,6.82,6.82,0.0,6.0,82.6,11.84,26.98,22.08,1001.9,77.0,26.32,0.0,4.890000000000001,21.1958,105.3701,10.616,13.36,6,23,63,32,1970-01-21 14:35:50.136,1970-01-21 14:36:38.232,Hè,,,
Phú Thọ,Trung du miền núi Bắc Bộ,2026-06-05,27.8,31.1,24.8,33.660000000000004,37.1,30.380000000000003,5.76,5.76,0.0,7.8,84.0,10.74,21.880000000000003,13.075999999999999,1003.82,82.2,24.8,0.0,2.928,21.1958,105.37010000000001,5.081999999999999,13.368,6,23,63,18,1970-01-21 14:37:16.536,1970-01-21 14:38:04.644,Hè,,,
Phú Thọ,Trung du miền núi Bắc Bộ,2026-06-06,30.419999999999998,34.72,27.060000000000002,36.980000000000004,42.5,33.519999999999996,1.7399999999999998,1.7399999999999998,0.0,5.6,79.0,17.66,35.4,20.458000000000002,1002.6600000000001,89.6,26.160000000000004,0.0,4.804,21.1958,105.37010000000001,10.436,13.372,6,23,51,106,1970-01-21 14:38:42.924,1970-01-21 14:39:31.080,Hè,,,
Phú Thọ,Trung du miền núi Bắc Bộ,2026-06-07,32.440000000000005,36.839999999999996,28.72,38.56,42.9,34.8,0.26,0.26,0.0,1.8,68.0,13.280000000000001,31.9,23.256,1000.86,81.8,25.28,0.0,5.832,21.1958,105.37010000000001,11.166,13.38,6,23,51,178,1970-01-21 14:40:09.324,1970-01-21 14:40:57.492,Hè,,,
Phú Thọ,Trung du miền núi Bắc Bộ,2026-06-08,30.6,35.96,25.7,35.82,42.32,30.96,23.68,23.68,0.0,9.8,71.4,18.6,40.82,20.9,1001.2,94.0,24.419999999999998,0.0,5.208,21.1958,105.37010000000001,10.346,13.388,6,24,63,263,1970-01-21 14:41:35.724,1970-01-21 14:42:23.916,Hè,,,
Phú Thọ,Trung du miền núi Bắc Bộ,2026-06-09,25.360000000000003,27.24,23.86,29.119999999999997,31.32,27.48,33.96,33.96,0.0,11.4,81.4,14.080000000000002,29.68,14.01,1007.0799999999999,96.4,21.82,0.0,2.996,21.1958,105.37010000000001,4.706,13.39,6,24,65,311,1970-01-21 14:43:02.136,1970-01-21 14:43:50.352,Hè,,,
Phú Thọ,Trung du miền núi Bắc Bộ,2026-06-10,27.04,30.24,23.96,31.060000000000002,34.2,27.619999999999997,0.04,0.04,0.0,0.4,72.0,7.4,17.32,16.886000000000003,1009.4799999999999,99.4,21.32,0.0,3.678,21.1958,105.37010000000001,7.959999999999999,13.398000000000001,6,24,3,252,1970-01-21 14:44:28.536,1970-01-21 14:45:16.752,Hè,,,
Phú Thọ,Trung du miền núi Bắc Bộ,2026-06-11,27.02,29.619999999999997,24.759999999999998,32.12,34.46,29.639999999999997,3.22,3.22,0.0,7.2,80.4,10.9,22.34,15.018,1011.3,91.2,23.259999999999998,0.0,3.25,21.1958,105.37010000000001,7.644,13.4,6,24,53,141,1970-01-21 14:45:54.936,1970-01-21 14:46:43.176,Hè,,,
Phú Thọ,Trung du miền núi Bắc Bộ,2026-06-12,28.139999999999997,32.019999999999996,25.06,34.260000000000005,38.94,31.04,3.4599999999999995,3.4599999999999995,0.0,9.2,84.6,11.66,27.439999999999998,20.613999999999997,1010.0799999999999,89.8,25.12,0.0,4.37,21.1958,105.37010000000001,10.658,13.402000000000001,6,24,55,126,1970-01-21 14:47:21.348,1970-01-21 14:48:09.600,Hè,,,
Phú Thọ,Trung du miền núi Bắc Bộ,2026-06-13,30.339999999999996,35.0,26.72,36.54,41.76,32.78,1.1,1.1,0.0,2.8,77.6,13.5,30.080000000000002,21.08,1005.32,94.0,25.639999999999997,0.0,4.994,21.1958,105.37010000000001,10.443999999999999,13.408000000000001,6,24,51,129,1970-01-21 14:48:47.748,1970-01-21 14:49:36.012,Hè,,,
Phú Thọ,Trung du miền núi Bắc Bộ,2026-06-14,31.74,35.9,28.060000000000002,37.82,41.68,34.06,0.22000000000000003,0.22000000000000003,0.0,0.8,69.4,12.940000000000001,26.939999999999998,21.330000000000002,1002.4200000000001,97.6,25.119999999999997,0.0,5.248,21.1958,105.37010000000001,10.986,13.412,6,24,51,134,1970-01-21 14:50:14.160,1970-01-21 14:51:02.424,Hè,,,
Phú Thọ,Trung du miền núi Bắc Bộ,2026-06-15,30.76,35.2,27.939999999999998,37.58,42.32000000000001,34.14,7.0200000000000005,7.0200000000000005,0.0,7.4,78.4,15.580000000000002,32.54,17.32,1003.1600000000001,99.8,26.28,0.0,4.142,21.1958,105.37010000000001,6.8420000000000005,13.412,6,25,61,9,1970-01-21 14:51:40.572,1970-01-21 14:52:28.860,Hè,,,
Phú Thọ,Trung du miền núi Bắc Bộ,2026-06-16,28.880000000000003,31.54,26.78,35.739999999999995,38.28,33.4,11.440000000000001,11.440000000000001,0.0,17.4,87.4,11.2,28.28,14.930000000000001,1004.9799999999999,97.2,26.52,0.0,3.2439999999999998,21.1958,105.37010000000001,7.694,13.418000000000001,6,25,61,72,1970-01-21 14:53:06.972,1970-01-21 14:53:55.272,Hè,,,
Phú Thọ,Trung du miền núi Bắc Bộ,2026-06-17,29.8,34.88,25.939999999999998,36.36,41.72,31.96,10.180000000000001,10.180000000000001,0.0,9.0,82.4,16.04,31.98,16.782,1004.0200000000001,97.8,26.139999999999997,0.0,4.008,21.1958,105.37010000000001,6.7,13.418000000000001,6,25,61,118,1970-01-21 14:54:33.372,1970-01-21 14:55:21.672,Hè,,,
Phú Thọ,Trung du miền núi Bắc Bộ,2026-06-18,30.32,34.08,27.360000000000003,36.760000000000005,39.92,33.88,0.6399999999999999,0.6399999999999999,0.0,2.4,79.2,13.88,26.48,12.648,1002.9200000000001,98.2,26.02,0.0,3.2600000000000002,21.1958,105.37010000000001,3.3,13.419999999999998,6,25,51,119,1970-01-21 14:55:59.784,1970-01-21 14:56:48.108,Hè,,,
Phú Thọ,Trung du miền núi Bắc Bộ,2026-06-19,30.82,33.96,28.139999999999997,36.9,40.22,33.68,1.46,1.46,0.0,4.0,75.0,13.34,28.46,16.486,1002.7,99.0,25.639999999999997,0.0,4.172,21.1958,105.37010000000001,6.901999999999999,13.422,6,25,51,153,1970-01-21 14:57:26.208,1970-01-21 14:58:14.520,Hè,,,
Phú Thọ,Trung du miền núi Bắc Bộ,2026-06-20,31.360000000000003,35.56,28.02,37.1,41.38,33.4,0.7,0.7,0.0,1.6,70.4,15.1,34.78,19.366,1003.9799999999999,99.0,25.06,0.0,4.954,21.1958,105.37010000000001,9.065999999999999,13.422,6,25,3,138,1970-01-21 14:58:52.620,1970-01-21 14:59:40.932,Hè,,,
Phú Thọ,Trung du miền núi Bắc Bộ,2026-06-21,30.919999999999998,36.0,27.04,36.9,42.44,33.0,0.6599999999999999,0.6599999999999999,0.0,1.6,73.2,13.34,29.3,21.598,1005.26,97.6,25.119999999999997,0.0,5.256,21.1958,105.37010000000001,10.308,13.422,6,25,53,143,1970-01-21 15:00:19.032,1970-01-21 15:01:07.332,Hè,,,
Phú Thọ,Trung du miền núi Bắc Bộ,2026-06-22,30.7,34.58,27.360000000000003,35.839999999999996,39.7,33.2,0.2,0.2,0.0,1.0,71.4,15.059999999999999,30.8,18.422,1002.9200000000001,68.2,24.56,0.0,4.836,21.1958,105.37010000000001,8.978,13.422,6,26,51,157,1970-01-21 15:01:45.432,1970-01-21 15:02:33.756,Hè,,,
Phú Thọ,Trung du miền núi Bắc Bộ,2026-06-23,32.62,37.28,28.5,37.36,42.839999999999996,32.8,0.02,0.02,0.0,0.2,59.6,16.119999999999997,32.6,25.062,999.68,57.4,23.44,0.0,6.604000000000001,21.1958,105.37010000000001,12.379999999999999,13.422,6,26,3,189,1970-01-21 15:03:11.856,1970-01-21 15:04:00.180,Hè,,,
Phú Thọ,Trung du miền núi Bắc Bộ,2026-06-24,33.56,37.92,29.7,38.82000000000001,44.239999999999995,33.78,0.04,0.04,0.0,0.4,57.0,13.419999999999998,27.22,24.634,999.74,70.0,23.68,0.0,6.406000000000001,21.1958,105.37010000000001,12.28,13.419999999999998,6,26,3,148,1970-01-21 15:04:38.280,1970-01-21 15:05:26.592,Hè,,,
Phú Thọ,Trung du miền núi Bắc Bộ,2026-06-25,33.36,37.46,29.82,39.3,43.14,36.22,0.32,0.32,0.0,1.2,62.6,14.38,30.54,20.098,1000.96,98.0,24.78,0.0,5.202,21.1958,105.37010000000001,10.568000000000001,13.418000000000001,6,26,51,95,1970-01-21 15:06:04.692,1970-01-21 15:06:52.992,Hè,,,
Phú Thọ,Trung du miền núi Bắc Bộ,2026-06-26,29.119999999999997,31.22,27.48,35.04,37.1,33.339999999999996,2.7600000000000002,2.7600000000000002,0.0,6.2,79.4,15.86,32.62,12.226,1004.2,92.8,25.16,0.0,2.894,21.1958,105.37010000000001,3.02,13.418000000000001,6,26,55,2,1970-01-21 15:07:31.092,1970-01-21 15:08:19.392,Hè,,,
Phú Thọ,Trung du miền núi Bắc Bộ,2026-06-27,28.96,32.68,25.2,35.28,39.839999999999996,30.339999999999996,16.78,16.78,0.0,16.8,81.8,11.540000000000001,26.419999999999998,19.168,1004.3799999999999,95.6,25.32,0.0,4.1259999999999994,21.1958,105.37010000000001,10.370000000000001,13.412,6,26,63,289,1970-01-21 15:08:57.528,1970-01-21 15:09:45.804,Hè,,,
Phú Thọ,Trung du miền núi Bắc Bộ,2026-06-28,28.32,32.12,25.56,35.260000000000005,40.019999999999996,31.6,28.639999999999997,28.639999999999997,0.0,20.8,88.8,10.26,25.7,18.282,1003.3399999999999,98.6,26.2,0.0,3.874,21.1958,105.37010000000001,8.68,13.412,6,26,63,37,1970-01-21 15:10:23.952,1970-01-21 15:11:12.228,Hè,,,
Phú Thọ,Trung du miền núi Bắc Bộ,2026-06-29,27.560000000000002,30.919999999999998,25.619999999999997,34.08,37.84,31.26,30.560000000000002,30.560000000000002,0.0,22.6,91.4,11.48,24.28,14.002,1003.14,100.0,25.98,0.0,2.946,21.1958,105.37010000000001,3.66,13.408000000000001,6,27,63,118,1970-01-21 15:11:50.352,1970-01-21 15:12:38.628,Hè,,,
Phú Thọ,Trung du miền núi Bắc Bộ,2026-06-30,26.860000000000003,29.96,25.1,33.04,36.44,30.560000000000002,37.78,37.78,0.0,23.6,92.6,10.58,22.619999999999997,11.664,1004.4399999999999,99.4,25.52,0.0,2.434,21.1958,105.37010000000001,2.7920000000000003,13.408000000000001,6,27,63,48,1970-01-21 15:13:16.764,1970-01-21 15:14:05.040,Hè,,,
Phú Thọ,Trung du miền núi Bắc Bộ,2026-07-01,27.139999999999997,30.619999999999997,24.9,33.12,37.08,30.28,17.78,17.78,0.0,22.6,90.6,12.8,26.119999999999997,15.866,1005.4799999999999,99.2,25.34,0.0,3.2920000000000003,21.1958,105.37010000000001,5.99,13.402000000000001,7,27,63,79,1970-01-21 15:14:43.200,1970-01-21 15:15:31.440,Hè,,,
Phú Thọ,Trung du miền núi Bắc Bộ,2026-07-02,27.4,30.839999999999996,24.96,33.92,37.760000000000005,30.6,19.4,19.4,0.0,16.8,89.8,12.0,30.7,17.304,1006.8,89.6,25.52,0.0,3.472,21.1958,105.37010000000001,9.006,13.398000000000001,7,27,63,32,1970-01-21 15:16:09.612,1970-01-21 15:16:57.840,Hè,,,
Phú Thọ,Trung du miền núi Bắc Bộ,2026-07-03,28.6,32.760000000000005,25.8,34.839999999999996,40.4,31.340000000000003,5.2,5.2,0.0,7.6,84.0,13.36,29.18,22.836000000000002,1005.3399999999999,65.6,25.46,0.0,4.772,21.1958,105.37010000000001,12.056000000000001,13.392000000000001,7,27,61,24,1970-01-21 15:17:36.024,1970-01-21 15:18:24.252,Hè,,,
Phú Thọ,Trung du miền núi Bắc Bộ,2026-07-04,28.619999999999997,32.64,25.240000000000002,34.480000000000004,38.14,30.139999999999997,5.8,5.8,0.0,12.2,84.4,18.36,38.72,20.884,1001.78,89.8,25.54,0.0,4.4399999999999995,21.1958,105.37010000000001,9.776,13.388,7,27,61,309,1970-01-21 15:19:02.448,1970-01-21 15:19:50.652,Hè,,,
Phú Thọ,Trung du miền núi Bắc Bộ,2026-07-05,29.46,34.120000000000005,26.18,36.260000000000005,40.7,32.239999999999995,18.5,18.5,0.0,16.4,83.4,12.819999999999999,27.439999999999998,19.872,1000.9799999999999,98.0,26.080000000000002,0.0,4.4399999999999995,21.1958,105.37010000000001,10.226,13.382,7,27,63,129,1970-01-21 15:20:28.872,1970-01-21 15:21:17.052,Hè,,,
Phú Thọ,Trung du miền núi Bắc Bộ,2026-07-06,29.359999999999996,33.32,27.04,35.739999999999995,39.56,32.980000000000004,3.34,3.34,0.0,8.0,83.2,13.66,31.46,17.856,1000.4200000000001,92.2,26.0,0.0,3.95,21.1958,105.37010000000001,9.528,13.372,7,28,61,114,1970-01-21 15:21:55.284,1970-01-21 15:22:43.452,Hè,,,
Phú Thọ,Trung du miền núi Bắc Bộ,2026-07-07,29.4,32.519999999999996,26.119999999999997,36.56,40.3,32.4,4.04,4.04,0.0,11.4,84.8,11.48,24.28,21.192,1000.78,84.4,26.419999999999998,0.0,4.542,21.1958,105.37010000000001,10.99,13.368,7,28,53,59,1970-01-21 15:23:21.720,1970-01-21 15:24:09.840,Hè,,,
Phú Thọ,Trung du miền núi Bắc Bộ,2026-07-08,27.98,31.339999999999996,26.28,35.019999999999996,40.46,32.46,11.379999999999999,11.379999999999999,0.0,16.6,91.0,11.72,26.96,18.488,1001.7,90.6,26.339999999999996,0.0,3.7980000000000005,21.1958,105.37010000000001,9.118,13.362,7,28,63,38,1970-01-21 15:24:48.132,1970-01-21 15:25:36.240,Hè,,,
Phú Thọ,Trung du miền núi Bắc Bộ,2026-07-09,26.619999999999997,28.060000000000002,25.380000000000003,33.08,34.980000000000004,31.380000000000003,34.06,34.06,0.0,19.4,93.2,7.340000000000001,21.54,9.693999999999999,1001.9200000000001,97.2,25.46,0.0,2.016,21.1958,105.37010000000001,1.042,13.351999999999999,7,28,63,94,1970-01-21 15:26:14.556,1970-01-21 15:27:02.640,Hè,,,
Phú Thọ,Trung du miền núi Bắc Bộ,2026-07-10,27.82,30.98,25.44,34.82,39.58,31.48,10.959999999999999,10.959999999999999,0.0,17.2,89.8,8.32,21.96,19.252000000000002,1000.72,82.0,25.919999999999998,0.0,3.9659999999999997,21.1958,105.37010000000001,9.565999999999999,13.347999999999999,7,28,63,79,1970-01-21 15:27:40.992,1970-01-21 15:28:29.028,Hè,,,
Phú Thọ,Trung du miền núi Bắc Bộ,2026-07-11,28.68,31.68,25.880000000000003,35.739999999999995,40.22,32.18,4.68,4.68,0.0,14.6,86.2,8.82,19.7,22.958000000000002,998.82,51.2,25.96,0.0,4.776000000000001,21.1958,105.37010000000001,11.68,13.338,7,28,61,9,1970-01-21 15:29:07.392,1970-01-21 15:29:55.416,Hè,,,
Phú Thọ,Trung du miền núi Bắc Bộ,2026-07-12,28.839999999999996,32.92,25.96,36.3,42.08,31.82,9.02,9.02,0.0,13.2,87.2,11.559999999999999,24.619999999999997,23.042,999.5,68.8,26.360000000000003,0.0,4.828,21.1958,105.37010000000001,10.746,13.330000000000002,7,28,61,65,1970-01-21 15:30:33.828,1970-01-21 15:31:21.804,Hè,,,
Phú Thọ,Trung du miền núi Bắc Bộ,2026-07-13,29.380000000000003,32.68,26.3,36.6,41.14,33.28,2.46,2.46,0.0,9.0,84.6,12.32,24.2,21.68,1001.46,44.4,26.380000000000003,0.0,4.644,21.1958,105.37010000000001,12.25,13.319999999999999,7,29,53,114,1970-01-21 15:32:00.252,1970-01-21 15:32:48.192,Hè,,,
Phú Thọ,Trung du miền núi Bắc Bộ,2026-07-14,30.439999999999998,34.56,26.9,37.64,42.9,33.7,0.4,0.4,0.0,2.8,78.6,11.92,23.56,25.092000000000002,1001.4399999999999,71.6,26.1,0.0,5.566,21.1958,105.37010000000001,12.002,13.309999999999999,7,29,51,117,1970-01-21 15:33:26.676,1970-01-21 15:34:14.592,Hè,,,
Phú Thọ,Trung du miền núi Bắc Bộ,2026-07-15,30.919999999999998,34.559999999999995,27.7,38.12,43.18,34.239999999999995,0.1,0.1,0.0,0.8,79.0,13.180000000000001,27.660000000000004,21.494,1001.32,94.4,26.580000000000002,0.0,4.938000000000001,21.1958,105.37010000000001,10.32,13.3,7,29,51,112,1970-01-21 15:34:53.100,1970-01-21 15:35:40.992,Hè,,,
Phú Thọ,Trung du miền núi Bắc Bộ,2026-07-16,29.68,32.96,26.660000000000004,35.82,38.38,33.2,5.819999999999999,5.819999999999999,0.0,10.0,79.0,13.9,31.96,16.377999999999997,1001.46,93.6,25.5,0.0,3.8339999999999996,21.1958,105.37010000000001,7.4879999999999995,13.290000000000001,7,29,61,222,1970-01-21 15:36:19.512,1970-01-21 15:37:07.380,Hè,,,
Phú Thọ,Trung du miền núi Bắc Bộ,2026-07-17,29.060000000000002,31.580000000000002,26.8,35.1,38.56,32.46,17.1,17.1,0.0,7.2,80.6,11.739999999999998,28.0,13.63,1001.0,92.8,25.259999999999998,0.0,3.096,21.1958,105.37010000000001,6.756,13.279999999999998,7,29,65,176,1970-01-21 15:37:45.960,1970-01-21 15:38:33.768,Hè,,,
Phú Thọ,Trung du miền núi Bắc Bộ,2026-07-18,30.619999999999997,34.44,27.439999999999998,36.92,42.1,32.2,0.5399999999999999,0.5399999999999999,0.0,2.2,71.8,9.16,21.919999999999998,24.0,1000.9,76.8,24.68,0.0,5.354,21.1958,105.37010000000001,11.766,13.27,7,29,51,129,1970-01-21 15:39:12.372,1970-01-21 15:40:00.132,Hè,,,
Phú Thọ,Trung du miền núi Bắc Bộ,2026-07-19,28.119999999999997,30.96,26.04,34.42,37.5,31.880000000000003,7.4,7.4,0.0,12.4,87.2,13.34,29.3,15.169999999999998,1002.9,100.0,25.76,0.0,3.168,21.1958,105.37010000000001,4.676,13.26,7,29,53,14,1970-01-21 15:40:38.796,1970-01-21 15:41:26.532,Hè,,,
Phú Thọ,Trung du miền núi Bắc Bộ,2026-07-20,28.9,32.36,26.32,35.36,38.660000000000004,33.06,1.52,1.52,0.0,6.4,82.6,9.4,20.8,17.612000000000002,1003.18,96.8,25.52,0.0,3.8920000000000003,21.1958,105.37010000000001,7.965999999999999,13.25,7,30,53,204,1970-01-21 15:42:05.220,1970-01-21 15:42:52.920,Hè,,,
