province,region,date,temperature_2m_mean,temperature_2m_max,temperature_2m_min,apparent_temperature_mean,apparent_temperature_max,apparent_temperature_min,precipitation_sum,rain_sum,showers_sum,precipitation_hours,relative_humidity_2m_mean,wind_speed_10m_max,wind_gusts_10m_max,shortwave_radiation_sum,pressure_msl_mean,cloud_cover_mean,dew_point_2m_mean,snowfall_sum,et0_fao_evapotranspiration,latitude,longitude,sunshine_hours,daylight_hours,month,week,weather_code,wind_direction_10m_dominant,sunrise,sunset,season,uv_index_max,uv_index_clear_sky_max,precipitation_probability_max
Quảng Ninh,Trung du miền núi Bắc Bộ,2025-07-21,27.0,27.577777777777776,26.422222222222224,29.84444444444445,31.91111111111111,25.933333333333334,111.30000000000001,111.30000000000001,0.0,23.88888888888889,93.22222222222223,54.166666666666664,97.31111111111112,2.126666666666667,990.5333333333333,100.0,25.766666666666666,0.0,1.1111111111111112,21.0064,107.2925,0.0,13.222222222222221,7,30,65,312,1970-01-21 06:57:55.206666666,1970-01-21 06:58:42.806666666,Hè,,,
Quảng Ninh,Trung du miền núi Bắc Bộ,2025-07-22,27.866666666666667,29.41111111111111,26.4,29.966666666666665,32.71111111111111,26.22222222222222,22.299999999999997,22.299999999999997,0.0,21.22222222222222,85.55555555555556,56.32222222222222,102.12222222222222,15.795555555555556,990.3777777777777,100.0,25.133333333333333,0.0,3.788888888888889,21.0064,107.2925,7.913333333333333,13.211111111111112,7,30,63,80,1970-01-21 06:59:21.626666666,1970-01-21 07:00:09.193333333,Hè,,,
Quảng Ninh,Trung du miền núi Bắc Bộ,2025-07-23,27.466666666666665,30.0,25.188888888888886,32.43333333333333,35.77777777777778,29.366666666666667,16.38888888888889,16.38888888888889,0.0,20.22222222222222,86.55555555555556,21.133333333333336,40.28888888888889,20.887777777777778,999.0222222222224,99.33333333333333,24.96666666666667,0.0,4.247777777777777,21.0064,107.2925,11.284444444444444,13.2,7,30,63,100,1970-01-21 07:00:48.046666666,1970-01-21 07:01:35.573333333,Hè,,,
Quảng Ninh,Trung du miền núi Bắc Bộ,2025-07-24,26.788888888888888,28.599999999999998,24.833333333333332,31.666666666666668,33.62222222222223,28.944444444444443,30.11111111111111,30.11111111111111,0.0,20.333333333333332,90.0,19.08888888888889,37.32222222222222,13.604444444444445,1001.5888888888888,100.0,24.955555555555556,0.0,2.7866666666666666,21.0064,107.2925,3.954444444444445,13.188888888888888,7,30,63,86,1970-01-21 07:02:14.480000000,1970-01-21 07:03:01.953333333,Hè,,,
Quảng Ninh,Trung du miền núi Bắc Bộ,2025-07-25,27.422222222222224,29.599999999999998,25.566666666666666,33.37777777777777,36.077777777777776,30.78888888888889,9.333333333333334,9.333333333333334,0.0,12.444444444444445,88.11111111111111,12.31111111111111,25.955555555555556,15.443333333333335,1001.4000000000001,98.0,25.255555555555556,0.0,3.1888888888888887,21.0064,107.2925,7.234444444444445,13.176666666666668,7,30,63,41,1970-01-21 07:03:40.906666666,1970-01-21 07:04:28.326666666,Hè,,,
Quảng Ninh,Trung du miền núi Bắc Bộ,2025-07-26,28.72222222222222,31.755555555555556,26.08888888888889,35.044444444444444,39.15555555555555,31.78888888888889,1.4333333333333333,1.4333333333333333,0.0,4.111111111111111,83.22222222222223,12.477777777777778,26.211111111111112,24.156666666666666,1001.2111111111111,52.333333333333336,25.444444444444443,0.0,5.047777777777778,21.0064,107.2925,12.022222222222222,13.161111111111111,7,30,51,144,1970-01-21 07:05:07.313333333,1970-01-21 07:05:54.713333333,Hè,,,
Quảng Ninh,Trung du miền núi Bắc Bộ,2025-07-27,28.988888888888887,31.977777777777778,26.166666666666668,35.22222222222222,39.07777777777778,31.966666666666665,0.17777777777777778,0.17777777777777778,0.0,1.5555555555555556,81.33333333333333,12.944444444444445,26.444444444444443,25.88222222222222,1000.7222222222222,17.77777777777778,25.244444444444444,0.0,5.45888888888889,21.0064,107.2925,12.154444444444444,13.15,7,30,51,137,1970-01-21 07:06:33.746666666,1970-01-21 07:07:21.080000000,Hè,,,
Quảng Ninh,Trung du miền núi Bắc Bộ,2025-07-28,29.45555555555556,32.27777777777778,26.577777777777776,35.77777777777778,39.74444444444444,32.47777777777778,0.9555555555555555,0.9555555555555555,0.0,3.6666666666666665,81.11111111111111,12.922222222222222,25.155555555555555,25.366666666666667,999.2222222222222,72.11111111111111,25.688888888888886,0.0,5.405555555555555,21.0064,107.2925,12.086666666666666,13.136666666666667,7,31,51,221,1970-01-21 07:08:00.166666666,1970-01-21 07:08:47.460000000,Hè,,,
Quảng Ninh,Trung du miền núi Bắc Bộ,2025-07-29,30.0,32.94444444444444,27.688888888888886,37.01111111111111,40.8,33.86666666666667,0.9666666666666666,0.9666666666666666,0.0,1.5555555555555556,83.55555555555556,12.7,25.811111111111114,19.528888888888886,997.8000000000001,99.88888888888889,26.799999999999997,0.0,4.2811111111111115,21.0064,107.2925,8.685555555555556,13.121111111111112,7,31,3,189,1970-01-21 07:09:26.593333333,1970-01-21 07:10:13.826666666,Hè,,,
Quảng Ninh,Trung du miền núi Bắc Bộ,2025-07-30,30.477777777777778,33.62222222222223,27.48888888888889,38.099999999999994,42.888888888888886,34.166666666666664,9.533333333333333,9.533333333333333,0.0,3.7777777777777777,84.44444444444444,13.677777777777777,28.644444444444446,21.799999999999997,997.5222222222224,99.22222222222223,27.455555555555556,0.0,4.767777777777777,21.0064,107.2925,11.31111111111111,13.11,7,31,65,106,1970-01-21 07:10:53.013333333,1970-01-21 07:11:40.206666666,Hè,,,
Quảng Ninh,Trung du miền núi Bắc Bộ,2025-07-31,29.511111111111113,31.977777777777778,27.700000000000003,36.8,39.888888888888886,34.34444444444445,5.477777777777778,5.477777777777778,0.0,6.777777777777778,86.22222222222223,12.633333333333333,25.822222222222223,18.965555555555554,997.7777777777778,95.44444444444444,26.88888888888889,0.0,4.061111111111111,21.0064,107.2925,8.59,13.094444444444443,7,31,61,226,1970-01-21 07:12:19.426666666,1970-01-21 07:13:06.580000000,Hè,,,
Quảng Ninh,Trung du miền núi Bắc Bộ,2025-08-01,27.733333333333334,29.91111111111111,26.200000000000003,33.5,35.87777777777778,31.766666666666666,21.355555555555554,21.355555555555554,0.0,16.88888888888889,87.77777777777777,14.91111111111111,28.033333333333335,13.962222222222222,998.6777777777778,95.77777777777777,25.444444444444443,0.0,3.0444444444444443,21.0064,107.2925,5.221111111111111,13.08,8,31,65,284,1970-01-21 07:13:45.860000000,1970-01-21 07:14:32.946666666,Hè,,,
Quảng Ninh,Trung du miền núi Bắc Bộ,2025-08-02,29.644444444444446,32.888888888888886,26.37777777777778,36.28888888888889,40.766666666666666,31.77777777777778,0.2777777777777778,0.2777777777777778,0.0,1.6666666666666667,82.22222222222223,14.922222222222224,29.78888888888889,25.166666666666668,1000.6666666666666,98.0,26.133333333333333,0.0,5.386666666666667,21.0064,107.2925,12.003333333333334,13.064444444444444,8,31,3,224,1970-01-21 07:15:12.286666666,1970-01-21 07:15:59.306666666,Hè,,,
Quảng Ninh,Trung du miền núi Bắc Bộ,2025-08-03,30.855555555555554,33.86666666666667,28.266666666666666,37.7,41.17777777777778,34.766666666666666,2.7222222222222223,2.7222222222222223,0.0,1.5555555555555556,82.0,20.855555555555554,38.63333333333333,23.654444444444444,1000.4000000000001,96.44444444444444,27.288888888888888,0.0,5.25,21.0064,107.2925,11.904444444444444,13.05,8,31,61,206,1970-01-21 07:16:38.693333333,1970-01-21 07:17:25.680000000,Hè,,,
Quảng Ninh,Trung du miền núi Bắc Bộ,2025-08-04,30.944444444444443,34.27777777777778,28.233333333333334,37.077777777777776,41.37777777777778,33.43333333333333,6.888888888888889,6.888888888888889,0.0,3.111111111111111,78.88888888888889,21.788888888888888,40.166666666666664,22.134444444444444,1000.1444444444444,97.44444444444444,26.655555555555555,0.0,5.260000000000001,21.0064,107.2925,10.79888888888889,13.034444444444444,8,32,61,214,1970-01-21 07:18:05.126666666,1970-01-21 07:18:52.040000000,Hè,,,
Quảng Ninh,Trung du miền núi Bắc Bộ,2025-08-05,29.900000000000002,32.2,28.288888888888888,37.211111111111116,39.72222222222222,35.233333333333334,5.244444444444444,5.244444444444444,0.0,4.222222222222222,86.11111111111111,13.288888888888888,27.92222222222222,11.421111111111111,1001.5999999999999,100.0,27.177777777777777,0.0,2.6933333333333334,21.0064,107.2925,1.3566666666666665,13.02,8,32,61,43,1970-01-21 07:19:31.546666666,1970-01-21 07:20:18.420000000,Hè,,,
Quảng Ninh,Trung du miền núi Bắc Bộ,2025-08-06,28.41111111111111,30.311111111111114,26.333333333333332,34.46666666666667,36.666666666666664,31.88888888888889,33.08888888888889,33.08888888888889,0.0,15.11111111111111,88.33333333333333,17.922222222222224,34.43333333333333,9.628888888888888,1003.7777777777778,99.88888888888889,26.200000000000003,0.0,2.3555555555555556,21.0064,107.2925,0.8788888888888889,13.002222222222223,8,32,65,194,1970-01-21 07:20:57.966666666,1970-01-21 07:21:44.773333333,Hè,,,
Quảng Ninh,Trung du miền núi Bắc Bộ,2025-08-07,28.599999999999998,30.855555555555554,26.133333333333333,34.2,36.27777777777778,31.255555555555556,15.0,15.0,0.0,12.11111111111111,87.33333333333333,22.022222222222222,39.32222222222222,10.232222222222223,1006.3444444444444,98.11111111111111,26.233333333333334,0.0,2.6366666666666667,21.0064,107.2925,0.7788888888888889,12.99,8,32,65,188,1970-01-21 07:22:24.393333333,1970-01-21 07:23:11.146666666,Hè,,,
Quảng Ninh,Trung du miền núi Bắc Bộ,2025-08-08,29.766666666666666,31.84444444444444,28.12222222222222,35.833333333333336,38.5,33.888888888888886,2.3222222222222224,2.3222222222222224,0.0,7.555555555555555,84.11111111111111,18.58888888888889,35.955555555555556,22.02111111111111,1006.6555555555556,61.888888888888886,26.733333333333334,0.0,4.763333333333333,21.0064,107.2925,11.772222222222222,12.97,8,32,51,158,1970-01-21 07:23:50.806666666,1970-01-21 07:24:37.506666666,Hè,,,
Quảng Ninh,Trung du miền núi Bắc Bộ,2025-08-09,30.04444444444444,31.866666666666667,28.61111111111111,36.599999999999994,39.099999999999994,34.62222222222223,1.4777777777777779,1.4777777777777779,0.0,7.444444444444445,85.66666666666667,18.133333333333333,34.15555555555555,22.494444444444444,1005.6999999999999,77.11111111111111,27.311111111111114,0.0,4.754444444444444,21.0064,107.2925,12.0,12.954444444444444,8,32,51,144,1970-01-21 07:25:17.233333333,1970-01-21 07:26:03.860000000,Hè,,,
Quảng Ninh,Trung du miền núi Bắc Bộ,2025-08-10,29.622222222222224,31.41111111111111,27.87777777777778,36.27777777777778,39.077777777777776,34.32222222222222,2.6555555555555554,2.6555555555555554,0.0,9.444444444444445,85.88888888888889,17.12222222222222,32.67777777777778,22.344444444444445,1005.3000000000001,88.66666666666667,26.933333333333334,0.0,4.748888888888889,21.0064,107.2925,11.871111111111112,12.94,8,32,51,153,1970-01-21 07:26:43.660000000,1970-01-21 07:27:30.240000000,Hè,,,
Quảng Ninh,Trung du miền núi Bắc Bộ,2025-08-11,29.444444444444443,31.77777777777778,26.9,35.599999999999994,39.34444444444445,32.43333333333333,3.922222222222222,3.922222222222222,0.0,10.777777777777779,82.33333333333333,17.233333333333334,31.488888888888887,22.86111111111111,1005.0666666666667,95.44444444444444,26.066666666666666,0.0,5.017777777777778,21.0064,107.2925,11.983333333333333,12.92,8,33,61,131,1970-01-21 07:28:10.066666666,1970-01-21 07:28:56.586666666,Hè,,,
Quảng Ninh,Trung du miền núi Bắc Bộ,2025-08-12,29.58888888888889,31.666666666666668,27.244444444444444,35.733333333333334,38.56666666666667,32.44444444444444,1.5222222222222221,1.5222222222222221,0.0,6.444444444444445,80.66666666666667,15.61111111111111,30.488888888888887,23.657777777777778,1005.5777777777779,87.33333333333333,25.822222222222223,0.0,5.12,21.0064,107.2925,12.0,12.904444444444444,8,33,51,150,1970-01-21 07:29:36.493333333,1970-01-21 07:30:22.953333333,Hè,,,
Quảng Ninh,Trung du miền núi Bắc Bộ,2025-08-13,29.22222222222222,31.91111111111111,26.266666666666666,35.81111111111111,39.65555555555555,31.666666666666668,4.666666666666667,4.666666666666667,0.0,5.333333333333333,82.0,11.633333333333333,26.311111111111114,22.438888888888886,1006.1999999999999,94.44444444444444,25.766666666666666,0.0,4.803333333333333,21.0064,107.2925,11.071111111111112,12.89,8,33,61,184,1970-01-21 07:31:02.920000000,1970-01-21 07:31:49.320000000,Hè,,,
Quảng Ninh,Trung du miền núi Bắc Bộ,2025-08-14,29.522222222222222,32.32222222222222,27.37777777777778,36.111111111111114,40.22222222222222,32.888888888888886,3.466666666666667,3.466666666666667,0.0,6.222222222222222,81.77777777777777,12.566666666666668,26.58888888888889,20.663333333333334,1004.3333333333334,93.44444444444444,25.977777777777778,0.0,4.537777777777778,21.0064,107.2925,9.91,12.87,8,33,63,42,1970-01-21 07:32:29.326666666,1970-01-21 07:33:15.666666666,Hè,,,
Quảng Ninh,Trung du miền núi Bắc Bộ,2025-08-15,26.433333333333334,28.477777777777778,24.91111111111111,31.28888888888889,33.56666666666667,29.17777777777778,15.166666666666666,15.166666666666666,0.0,20.666666666666668,89.77777777777777,17.933333333333334,33.3,9.649999999999999,1005.4555555555556,97.88888888888889,24.58888888888889,0.0,2.1766666666666667,21.0064,107.2925,1.6211111111111112,12.854444444444445,8,33,63,95,1970-01-21 07:33:55.753333333,1970-01-21 07:34:42.026666666,Hè,,,
Quảng Ninh,Trung du miền núi Bắc Bộ,2025-08-16,26.077777777777776,28.022222222222222,24.211111111111112,30.077777777777776,32.17777777777778,27.644444444444446,25.288888888888888,25.288888888888888,0.0,19.333333333333332,89.22222222222223,21.133333333333333,40.5,11.758888888888889,1007.3666666666666,99.88888888888889,24.11111111111111,0.0,2.517777777777778,21.0064,107.2925,4.045555555555556,12.837777777777777,8,33,63,65,1970-01-21 07:35:22.180000000,1970-01-21 07:36:08.400000000,Hè,,,
Quảng Ninh,Trung du miền núi Bắc Bộ,2025-08-17,27.544444444444444,30.977777777777778,25.155555555555555,31.444444444444443,34.84444444444445,28.37777777777778,10.399999999999999,10.399999999999999,0.0,12.11111111111111,81.66666666666667,26.577777777777776,52.41111111111111,17.481111111111108,1007.0888888888888,100.0,23.96666666666667,0.0,4.0311111111111115,21.0064,107.2925,8.135555555555555,12.82,8,33,61,46,1970-01-21 07:36:48.586666666,1970-01-21 07:37:34.740000000,Hè,,,
Quảng Ninh,Trung du miền núi Bắc Bộ,2025-08-18,26.1,27.655555555555555,24.977777777777778,30.08888888888889,32.611111111111114,28.0,43.955555555555556,43.955555555555556,0.0,18.11111111111111,89.33333333333333,24.022222222222222,40.87777777777777,4.648888888888889,1005.2222222222222,99.88888888888889,24.155555555555555,0.0,1.4322222222222223,21.0064,107.2925,0.33666666666666667,12.802222222222222,8,34,63,23,1970-01-21 07:38:15.006666666,1970-01-21 07:39:01.086666666,Hè,,,
Quảng Ninh,Trung du miền núi Bắc Bộ,2025-08-19,26.58888888888889,28.755555555555556,24.77777777777778,30.72222222222222,33.21111111111111,27.833333333333332,37.08888888888889,37.08888888888889,0.0,16.22222222222222,89.22222222222223,23.87777777777778,43.455555555555556,10.833333333333334,1005.4333333333333,100.0,24.577777777777776,0.0,2.4000000000000004,21.0064,107.2925,2.5844444444444448,12.784444444444443,8,34,63,194,1970-01-21 07:39:41.433333333,1970-01-21 07:40:27.453333333,Hè,,,
Quảng Ninh,Trung du miền núi Bắc Bộ,2025-08-20,28.344444444444445,30.32222222222222,25.655555555555555,33.099999999999994,34.900000000000006,30.577777777777776,13.588888888888889,13.588888888888889,0.0,11.222222222222221,84.55555555555556,22.77777777777778,42.111111111111114,14.935555555555554,1007.4444444444445,99.66666666666667,25.42222222222222,0.0,3.478888888888889,21.0064,107.2925,6.022222222222222,12.767777777777777,8,34,63,175,1970-01-21 07:41:07.846666666,1970-01-21 07:41:53.820000000,Hè,,,
Quảng Ninh,Trung du miền núi Bắc Bộ,2025-08-21,28.688888888888886,30.299999999999997,27.444444444444443,33.5,34.96666666666667,31.82222222222222,3.066666666666667,3.066666666666667,0.0,10.555555555555555,84.66666666666667,22.822222222222223,42.888888888888886,14.738888888888889,1008.6666666666666,99.77777777777777,25.833333333333332,0.0,3.4955555555555557,21.0064,107.2925,5.473333333333333,12.747777777777777,8,34,53,166,1970-01-21 07:42:34.260000000,1970-01-21 07:43:20.160000000,Hè,,,
Quảng Ninh,Trung du miền núi Bắc Bộ,2025-08-22,28.644444444444446,30.21111111111111,27.477777777777778,33.56666666666667,35.666666666666664,32.08888888888889,2.711111111111111,2.711111111111111,0.0,9.11111111111111,82.11111111111111,20.0,36.599999999999994,18.645555555555557,1008.5,97.22222222222223,25.211111111111112,0.0,4.217777777777778,21.0064,107.2925,9.101111111111111,12.73,8,34,51,166,1970-01-21 07:44:00.680000000,1970-01-21 07:44:46.506666666,Hè,,,
Quảng Ninh,Trung du miền núi Bắc Bộ,2025-08-23,28.022222222222222,30.988888888888887,25.077777777777776,34.12222222222223,38.422222222222224,30.577777777777776,5.366666666666666,5.366666666666666,0.0,8.0,83.11111111111111,11.655555555555557,24.144444444444442,23.44222222222222,1008.0555555555555,55.0,24.700000000000003,0.0,4.863333333333333,21.0064,107.2925,11.483333333333333,12.712222222222223,8,34,63,145,1970-01-21 07:45:27.106666666,1970-01-21 07:46:12.846666666,Hè,,,
Quảng Ninh,Trung du miền núi Bắc Bộ,2025-08-24,27.711111111111112,30.900000000000002,25.522222222222222,31.866666666666667,35.78888888888889,27.87777777777778,9.600000000000001,9.600000000000001,0.0,12.11111111111111,83.11111111111111,30.577777777777776,54.922222222222224,18.13222222222222,1006.3333333333334,76.44444444444444,24.455555555555556,0.0,4.022222222222222,21.0064,107.2925,9.071111111111112,12.693333333333333,8,34,61,43,1970-01-21 07:46:53.513333333,1970-01-21 07:47:39.213333333,Hè,,,
Quảng Ninh,Trung du miền núi Bắc Bộ,2025-08-25,25.422222222222224,26.811111111111114,24.288888888888888,26.266666666666666,28.266666666666666,24.655555555555555,75.38888888888889,75.38888888888889,0.0,23.88888888888889,91.88888888888889,45.28888888888889,80.4,4.717777777777778,1004.6555555555556,100.0,24.0,0.0,1.4977777777777779,21.0064,107.2925,0.0,12.674444444444443,8,35,63,59,1970-01-21 07:48:19.926666666,1970-01-21 07:49:05.573333333,Hè,,,
Quảng Ninh,Trung du miền núi Bắc Bộ,2025-08-26,25.88888888888889,26.977777777777778,24.91111111111111,29.22222222222222,30.877777777777776,27.355555555555554,43.800000000000004,43.800000000000004,0.0,21.88888888888889,92.22222222222223,32.25555555555556,59.98888888888889,6.766666666666667,1007.7777777777778,100.0,24.48888888888889,0.0,1.7033333333333334,21.0064,107.2925,0.21777777777777776,12.656666666666666,8,35,63,83,1970-01-21 07:49:46.360000000,1970-01-21 07:50:31.920000000,Hè,,,
Quảng Ninh,Trung du miền núi Bắc Bộ,2025-08-27,26.355555555555554,28.733333333333334,24.444444444444443,31.533333333333335,34.71111111111111,28.22222222222222,10.544444444444444,10.544444444444444,0.0,12.88888888888889,88.66666666666667,16.022222222222222,29.266666666666666,13.237777777777778,1008.0,90.33333333333333,24.299999999999997,0.0,2.7266666666666666,21.0064,107.2925,5.56,12.636666666666667,8,35,63,63,1970-01-21 07:51:12.766666666,1970-01-21 07:51:58.260000000,Hè,,,
Quảng Ninh,Trung du miền núi Bắc Bộ,2025-08-28,27.422222222222224,30.055555555555557,24.72222222222222,32.855555555555554,36.22222222222222,29.744444444444444,1.9555555555555553,1.9555555555555553,0.0,5.444444444444445,82.88888888888889,12.722222222222221,27.11111111111111,23.005555555555556,1007.4888888888888,35.55555555555556,24.08888888888889,0.0,4.637777777777778,21.0064,107.2925,11.875555555555556,12.616666666666667,8,35,51,55,1970-01-21 07:52:39.180000000,1970-01-21 07:53:24.600000000,Hè,,,
Quảng Ninh,Trung du miền núi Bắc Bộ,2025-08-29,26.522222222222222,29.011111111111113,24.72222222222222,30.799999999999997,33.22222222222222,28.466666666666665,13.466666666666667,13.466666666666667,0.0,17.555555555555557,87.55555555555556,24.333333333333332,47.2,13.41,1008.0999999999999,90.44444444444444,24.255555555555556,0.0,2.8433333333333333,21.0064,107.2925,5.66,12.597777777777777,8,35,63,42,1970-01-21 07:54:05.586666666,1970-01-21 07:54:50.946666666,Hè,,,
Quảng Ninh,Trung du miền núi Bắc Bộ,2025-08-30,26.62222222222222,28.644444444444446,25.27777777777778,29.666666666666668,31.76666666666667,27.822222222222223,26.599999999999998,26.599999999999998,0.0,18.666666666666668,88.22222222222223,35.266666666666666,67.47777777777777,13.833333333333334,1007.4000000000001,99.33333333333333,24.477777777777778,0.0,2.8777777777777778,21.0064,107.2925,6.282222222222222,12.58,8,35,63,54,1970-01-21 07:55:32.020000000,1970-01-21 07:56:17.286666666,Hè,,,
Quảng Ninh,Trung du miền núi Bắc Bộ,2025-08-31,27.07777777777778,29.077777777777776,25.200000000000003,31.366666666666667,33.98888888888889,28.855555555555554,8.6,8.6,0.0,13.444444444444445,87.0,20.711111111111112,40.28888888888889,19.326666666666668,1008.0111111111112,97.33333333333333,24.644444444444446,0.0,3.8900000000000006,21.0064,107.2925,10.435555555555556,12.563333333333334,8,35,63,71,1970-01-21 07:56:58.433333333,1970-01-21 07:57:43.653333333,Hè,,,
Quảng Ninh,Trung du miền núi Bắc Bộ,2025-09-01,27.22222222222222,29.866666666666667,24.68888888888889,32.18888888888889,35.78888888888889,29.011111111111113,6.322222222222223,6.322222222222223,0.0,10.333333333333334,85.66666666666667,16.233333333333334,31.62222222222222,20.14111111111111,1007.0999999999999,92.55555555555556,24.522222222222222,0.0,4.098888888888889,21.0064,107.2925,10.303333333333335,12.543333333333333,9,36,63,80,1970-01-21 07:58:24.840000000,1970-01-21 07:59:10.000000000,Thu,,,
Quảng Ninh,Trung du miền núi Bắc Bộ,2025-09-02,27.566666666666666,30.28888888888889,24.866666666666667,33.21111111111111,37.144444444444446,29.84444444444445,6.366666666666666,6.366666666666666,0.0,8.333333333333334,85.33333333333333,13.78888888888889,29.0,21.9,1007.1333333333334,72.55555555555556,24.811111111111114,0.0,4.445555555555555,21.0064,107.2925,11.485555555555557,12.523333333333333,9,36,63,98,1970-01-21 07:59:51.253333333,1970-01-21 08:00:36.360000000,Thu,,,
Quảng Ninh,Trung du miền núi Bắc Bộ,2025-09-03,28.511111111111113,31.22222222222222,26.466666666666665,34.666666666666664,38.15555555555555,32.333333333333336,0.7555555555555556,0.7555555555555556,0.0,5.0,80.88888888888889,12.18888888888889,25.477777777777778,23.182222222222222,1007.3666666666666,37.44444444444444,24.799999999999997,0.0,4.851111111111111,21.0064,107.2925,11.97,12.503333333333334,9,36,51,184,1970-01-21 08:01:17.686666666,1970-01-21 08:02:02.700000000,Thu,,,
Quảng Ninh,Trung du miền núi Bắc Bộ,2025-09-04,28.688888888888886,31.444444444444443,26.477777777777778,35.03333333333333,38.8,32.62222222222223,0.6444444444444444,0.6444444444444444,0.0,4.111111111111111,81.77777777777777,11.18888888888889,23.133333333333333,23.046666666666667,1007.0888888888888,32.22222222222222,25.177777777777777,0.0,4.842222222222222,21.0064,107.2925,11.892222222222223,12.484444444444444,9,36,51,170,1970-01-21 08:02:44.093333333,1970-01-21 08:03:29.040000000,Thu,,,
Quảng Ninh,Trung du miền núi Bắc Bộ,2025-09-05,29.166666666666668,31.644444444444446,26.977777777777778,35.266666666666666,38.77777777777778,33.06666666666667,0.4555555555555555,0.4555555555555555,0.0,3.7777777777777777,79.77777777777777,12.88888888888889,23.51111111111111,23.098888888888887,1007.3222222222222,73.0,25.166666666666668,0.0,5.003333333333334,21.0064,107.2925,11.992222222222223,12.466666666666667,9,36,51,144,1970-01-21 08:04:10.500000000,1970-01-21 08:04:55.380000000,Thu,,,
Quảng Ninh,Trung du miền núi Bắc Bộ,2025-09-06,28.666666666666668,31.288888888888884,25.444444444444443,34.78888888888889,38.63333333333333,30.43333333333333,3.2444444444444445,3.2444444444444445,0.0,6.666666666666667,81.77777777777777,12.366666666666667,25.22222222222222,21.87777777777778,1007.8333333333334,48.0,25.12222222222222,0.0,4.6433333333333335,21.0064,107.2925,11.091111111111111,12.446666666666665,9,36,55,86,1970-01-21 08:05:36.906666666,1970-01-21 08:06:21.720000000,Thu,,,
Quảng Ninh,Trung du miền núi Bắc Bộ,2025-09-07,29.34444444444445,32.766666666666666,26.01111111111111,35.388888888888886,39.48888888888889,31.755555555555556,0.16666666666666666,0.16666666666666666,0.0,1.2222222222222223,76.22222222222223,9.944444444444445,20.799999999999997,23.55777777777778,1005.9666666666667,65.22222222222223,24.422222222222224,0.0,5.065555555555555,21.0064,107.2925,11.516666666666667,12.426666666666668,9,36,3,209,1970-01-21 08:07:03.346666666,1970-01-21 08:07:48.066666666,Thu,,,
Quảng Ninh,Trung du miền núi Bắc Bộ,2025-09-08,29.38888888888889,32.666666666666664,25.922222222222224,35.388888888888886,39.8,30.900000000000002,2.6555555555555554,2.6555555555555554,0.0,3.7777777777777777,79.44444444444444,14.100000000000001,27.08888888888889,20.885555555555555,1005.0,96.66666666666667,25.3,0.0,4.651111111111111,21.0064,107.2925,10.22888888888889,12.408888888888889,9,37,61,227,1970-01-21 08:08:29.753333333,1970-01-21 08:09:14.406666666,Thu,,,
Quảng Ninh,Trung du miền núi Bắc Bộ,2025-09-09,28.644444444444446,30.522222222222222,26.744444444444444,34.28888888888889,36.233333333333334,32.44444444444444,4.5777777777777775,4.5777777777777775,0.0,10.0,85.0,19.633333333333333,34.68888888888889,10.447777777777778,1006.6444444444444,99.77777777777777,25.81111111111111,0.0,2.67,21.0064,107.2925,1.5922222222222222,12.38888888888889,9,37,61,125,1970-01-21 08:09:56.160000000,1970-01-21 08:10:40.753333333,Thu,,,
Quảng Ninh,Trung du miền núi Bắc Bộ,2025-09-10,27.833333333333332,30.45555555555556,25.366666666666667,33.599999999999994,37.099999999999994,30.733333333333334,15.733333333333333,15.733333333333333,0.0,12.555555555555555,86.11111111111111,15.333333333333334,28.444444444444443,16.441111111111113,1008.3000000000001,96.66666666666667,25.200000000000003,0.0,3.58,21.0064,107.2925,7.895555555555556,12.37,9,37,63,115,1970-01-21 08:11:22.566666666,1970-01-21 08:12:07.100000000,Thu,,,
Quảng Ninh,Trung du miền núi Bắc Bộ,2025-09-11,27.62222222222222,29.688888888888886,25.61111111111111,32.97777777777778,36.05555555555556,30.666666666666668,15.322222222222223,15.322222222222223,0.0,13.777777777777779,86.77777777777777,17.1,31.38888888888889,14.891111111111112,1009.2333333333333,96.44444444444444,25.166666666666668,0.0,3.3033333333333332,21.0064,107.2925,8.121111111111112,12.35,9,37,63,157,1970-01-21 08:12:49.000000000,1970-01-21 08:13:33.446666666,Thu,,,
Quảng Ninh,Trung du miền núi Bắc Bộ,2025-09-12,28.044444444444444,30.833333333333332,25.455555555555556,33.400000000000006,36.74444444444444,30.166666666666668,8.277777777777779,8.277777777777779,0.0,9.444444444444445,82.44444444444444,16.433333333333334,32.12222222222223,21.966666666666665,1010.0222222222224,70.11111111111111,24.62222222222222,0.0,4.647777777777778,21.0064,107.2925,11.566666666666666,12.33,9,37,63,133,1970-01-21 08:14:15.413333333,1970-01-21 08:14:59.786666666,Thu,,,
Quảng Ninh,Trung du miền núi Bắc Bộ,2025-09-13,28.355555555555554,30.95555555555556,25.788888888888888,33.7,37.400000000000006,30.811111111111114,0.5888888888888889,0.5888888888888889,0.0,3.888888888888889,79.44444444444444,15.033333333333335,30.244444444444444,22.80111111111111,1010.4000000000001,41.77777777777778,24.322222222222223,0.0,4.886666666666667,21.0064,107.2925,11.842222222222222,12.31,9,37,51,102,1970-01-21 08:15:41.820000000,1970-01-21 08:16:26.140000000,Thu,,,
Quảng Ninh,Trung du miền núi Bắc Bộ,2025-09-14,27.666666666666668,30.133333333333333,25.066666666666666,33.32222222222222,37.18888888888889,30.28888888888889,7.411111111111111,7.411111111111111,0.0,11.11111111111111,84.22222222222223,12.28888888888889,25.555555555555557,19.862222222222222,1010.3000000000001,75.33333333333333,24.711111111111112,0.0,4.15,21.0064,107.2925,10.30111111111111,12.29,9,37,63,117,1970-01-21 08:17:08.226666666,1970-01-21 08:17:52.486666666,Thu,,,
Quảng Ninh,Trung du miền núi Bắc Bộ,2025-09-15,26.41111111111111,28.266666666666666,24.37777777777778,31.599999999999998,33.355555555555554,28.91111111111111,16.711111111111112,16.711111111111112,0.0,12.777777777777779,87.66666666666667,13.511111111111111,28.27777777777778,13.203333333333333,1011.0444444444444,75.55555555555556,24.155555555555555,0.0,2.6944444444444446,21.0064,107.2925,7.045555555555556,12.27,9,38,63,125,1970-01-21 08:18:34.660000000,1970-01-21 08:19:18.833333333,Thu,,,
Quảng Ninh,Trung du miền núi Bắc Bộ,2025-09-16,27.477777777777778,30.54444444444444,24.01111111111111,32.58888888888889,37.24444444444444,28.200000000000003,4.311111111111111,4.311111111111111,0.0,6.333333333333333,82.0,17.255555555555556,31.95555555555556,21.982222222222223,1010.4555555555556,46.77777777777778,23.944444444444443,0.0,4.666666666666667,21.0064,107.2925,11.555555555555555,12.25,9,38,63,86,1970-01-21 08:20:01.073333333,1970-01-21 08:20:45.173333333,Thu,,,
Quảng Ninh,Trung du miền núi Bắc Bộ,2025-09-17,26.61111111111111,28.61111111111111,24.87777777777778,30.93333333333333,32.8111111111111,29.133333333333333,10.100000000000001,10.100000000000001,0.0,11.333333333333334,86.77777777777777,17.133333333333333,33.2,12.58222222222222,1009.1666666666666,93.11111111111111,24.177777777777777,0.0,2.7544444444444443,21.0064,107.2925,5.568888888888889,12.23,9,38,63,66,1970-01-21 08:21:27.480000000,1970-01-21 08:22:11.513333333,Thu,,,
Quảng Ninh,Trung du miền núi Bắc Bộ,2025-09-18,27.288888888888888,30.033333333333335,24.733333333333334,31.799999999999997,35.388888888888886,28.433333333333334,14.155555555555557,14.155555555555557,0.0,13.555555555555555,85.33333333333333,18.522222222222222,35.71111111111111,16.614444444444445,1008.7666666666667,89.88888888888889,24.477777777777778,0.0,3.5900000000000003,21.0064,107.2925,8.517777777777777,12.21,9,38,63,72,1970-01-21 08:22:53.880000000,1970-01-21 08:23:37.853333333,Thu,,,
Quảng Ninh,Trung du miền núi Bắc Bộ,2025-09-19,28.133333333333336,31.133333333333333,25.022222222222222,33.855555555555554,37.98888888888889,29.67777777777778,4.055555555555555,4.055555555555555,0.0,7.111111111111111,81.77777777777777,12.955555555555556,26.977777777777778,21.77777777777778,1008.4888888888888,47.55555555555556,24.58888888888889,0.0,4.567777777777778,21.0064,107.2925,11.555555555555555,12.19,9,38,61,85,1970-01-21 08:24:20.306666666,1970-01-21 08:25:04.193333333,Thu,,,
Quảng Ninh,Trung du miền núi Bắc Bộ,2025-09-20,29.17777777777778,32.37777777777777,26.37777777777778,35.15555555555555,39.400000000000006,31.54444444444444,0.37777777777777777,0.37777777777777777,0.0,2.888888888888889,78.55555555555556,10.444444444444445,21.27777777777778,21.916666666666668,1006.8222222222222,55.77777777777778,24.855555555555554,0.0,4.773333333333333,21.0064,107.2925,11.427777777777777,12.17,9,38,51,230,1970-01-21 08:25:46.733333333,1970-01-21 08:26:30.540000000,Thu,,,
Quảng Ninh,Trung du miền núi Bắc Bộ,2025-09-21,28.08888888888889,30.633333333333333,25.666666666666668,33.24444444444444,36.97777777777778,29.700000000000003,5.888888888888889,5.888888888888889,0.0,10.777777777777779,83.33333333333333,19.755555555555556,35.43333333333333,18.91111111111111,1006.5,79.22222222222223,24.944444444444443,0.0,4.115555555555556,21.0064,107.2925,10.148888888888889,12.15,9,38,63,60,1970-01-21 08:27:13.140000000,1970-01-21 08:27:56.880000000,Thu,,,
Quảng Ninh,Trung du miền núi Bắc Bộ,2025-09-22,26.01111111111111,28.033333333333335,24.27777777777778,30.5,32.75555555555556,28.077777777777776,19.711111111111112,19.711111111111112,0.0,16.22222222222222,88.77777777777777,16.91111111111111,34.27777777777778,8.192222222222222,1007.6777777777778,94.22222222222223,23.966666666666665,0.0,1.97,21.0064,107.2925,1.48,12.13,9,39,63,40,1970-01-21 08:28:39.540000000,1970-01-21 08:29:23.220000000,Thu,,,
Quảng Ninh,Trung du miền núi Bắc Bộ,2025-09-23,27.677777777777777,30.93333333333333,24.91111111111111,33.06666666666667,37.44444444444444,29.022222222222222,0.911111111111111,0.911111111111111,0.0,3.3333333333333335,80.77777777777777,10.966666666666667,21.48888888888889,20.212222222222223,1005.1777777777778,40.55555555555556,23.91111111111111,0.0,4.292222222222223,21.0064,107.2925,11.136666666666665,12.11,9,39,51,298,1970-01-21 08:30:05.960000000,1970-01-21 08:30:49.560000000,Thu,,,
Quảng Ninh,Trung du miền núi Bắc Bộ,2025-09-24,29.11111111111111,32.55555555555556,25.944444444444443,31.511111111111113,35.41111111111111,27.766666666666666,0.16666666666666666,0.16666666666666666,0.0,0.7777777777777778,66.0,26.455555555555556,49.922222222222224,21.107777777777777,1001.3222222222222,94.11111111111111,21.9,0.0,5.931111111111111,21.0064,107.2925,10.956666666666667,12.09,9,39,3,348,1970-01-21 08:31:32.393333333,1970-01-21 08:32:15.900000000,Thu,,,
Quảng Ninh,Trung du miền núi Bắc Bộ,2025-09-25,26.0,28.27777777777778,23.577777777777776,28.755555555555556,31.599999999999998,25.233333333333334,20.666666666666668,20.666666666666668,0.0,14.222222222222221,80.22222222222223,24.144444444444442,44.18888888888889,13.335555555555556,1002.1333333333334,97.55555555555556,22.211111111111112,0.0,3.2922222222222226,21.0064,107.2925,5.516666666666667,12.07,9,39,63,328,1970-01-21 08:32:58.800000000,1970-01-21 08:33:42.240000000,Thu,,,
Quảng Ninh,Trung du miền núi Bắc Bộ,2025-09-26,25.944444444444443,27.266666666666666,25.01111111111111,29.900000000000002,31.58888888888889,28.433333333333334,23.811111111111114,23.811111111111114,0.0,21.22222222222222,91.0,22.266666666666666,41.86666666666667,9.245555555555555,1010.2111111111111,99.88888888888889,24.333333333333332,0.0,1.961111111111111,21.0064,107.2925,1.7922222222222222,12.05,9,39,63,65,1970-01-21 08:34:25.200000000,1970-01-21 08:35:08.580000000,Thu,,,
Quảng Ninh,Trung du miền núi Bắc Bộ,2025-09-27,28.4,31.622222222222224,25.299999999999997,32.31111111111111,35.52222222222222,28.644444444444446,5.311111111111111,5.311111111111111,0.0,5.111111111111111,78.66666666666667,23.58888888888889,47.400000000000006,19.34111111111111,1011.3555555555556,95.22222222222223,24.12222222222222,0.0,4.587777777777777,21.0064,107.2925,10.626666666666667,12.03,9,39,3,54,1970-01-21 08:35:51.626666666,1970-01-21 08:36:34.933333333,Thu,,,
Quảng Ninh,Trung du miền núi Bắc Bộ,2025-09-28,26.299999999999997,29.133333333333333,24.77777777777778,27.88888888888889,31.299999999999997,25.27777777777778,46.94444444444444,46.94444444444444,0.0,20.11111111111111,87.22222222222223,41.51111111111111,73.67777777777778,8.96,1008.188888888889,88.66666666666667,23.933333333333334,0.0,2.37,21.0064,107.2925,3.3177777777777777,12.01,9,39,65,53,1970-01-21 08:37:18.053333333,1970-01-21 08:38:01.273333333,Thu,,,
Quảng Ninh,Trung du miền núi Bắc Bộ,2025-09-29,25.644444444444446,26.333333333333332,24.87777777777778,27.288888888888888,29.744444444444444,25.08888888888889,123.41111111111111,123.41111111111111,0.0,24.0,93.66666666666667,44.611111111111114,77.52222222222223,2.3433333333333333,1007.8444444444444,100.0,24.5,0.0,1.0388888888888888,21.0064,107.2925,0.0,11.99,9,40,65,96,1970-01-21 08:38:44.460000000,1970-01-21 08:39:27.633333333,Thu,,,
Quảng Ninh,Trung du miền núi Bắc Bộ,2025-09-30,26.41111111111111,28.45555555555556,24.788888888888888,31.011111111111113,33.37777777777777,28.444444444444443,36.31111111111111,36.31111111111111,0.0,17.333333333333332,90.33333333333333,21.944444444444443,43.51111111111111,11.024444444444445,1011.1666666666666,100.0,24.644444444444446,0.0,2.3655555555555554,21.0064,107.2925,4.743333333333333,11.97,9,40,65,120,1970-01-21 08:40:10.866666666,1970-01-21 08:40:53.980000000,Thu,,,
Quảng Ninh,Trung du miền núi Bắc Bộ,2025-10-01,26.88888888888889,29.799999999999997,24.022222222222222,32.53333333333333,36.7,28.355555555555554,9.088888888888889,9.088888888888889,0.0,8.222222222222221,86.77777777777777,11.844444444444443,27.188888888888886,19.303333333333335,1011.9111111111112,94.88888888888889,24.433333333333334,0.0,3.9033333333333338,21.0064,107.2925,10.035555555555556,11.95,10,40,63,83,1970-01-21 08:41:37.293333333,1970-01-21 08:42:20.320000000,Thu,,,
Quảng Ninh,Trung du miền núi Bắc Bộ,2025-10-02,27.51111111111111,29.95555555555556,25.700000000000003,32.922222222222224,36.36666666666667,30.900000000000002,1.011111111111111,1.011111111111111,0.0,5.333333333333333,82.11111111111111,11.155555555555557,22.366666666666667,20.00888888888889,1011.9000000000001,45.22222222222222,24.144444444444446,0.0,4.199999999999999,21.0064,107.2925,10.858888888888888,11.93,10,40,51,111,1970-01-21 08:43:03.720000000,1970-01-21 08:43:46.666666666,Thu,,,
Quảng Ninh,Trung du miền núi Bắc Bộ,2025-10-03,27.6,29.866666666666667,25.633333333333333,33.044444444444444,36.08888888888889,30.966666666666665,1.0777777777777777,1.0777777777777777,0.0,6.333333333333333,84.66666666666667,13.522222222222222,26.844444444444445,19.538888888888888,1011.6111111111111,26.555555555555557,24.644444444444446,0.0,4.047777777777778,21.0064,107.2925,10.816666666666666,11.91,10,40,51,104,1970-01-21 08:44:30.120000000,1970-01-21 08:45:13.013333333,Thu,,,
Quảng Ninh,Trung du miền núi Bắc Bộ,2025-10-04,27.422222222222224,30.011111111111113,25.688888888888886,32.97777777777778,36.65555555555555,30.65555555555555,1.1666666666666667,1.1666666666666667,0.0,6.666666666666667,86.22222222222223,12.61111111111111,25.844444444444445,18.273333333333333,1011.0,47.333333333333336,24.822222222222223,0.0,3.7344444444444442,21.0064,107.2925,10.773333333333333,11.89,10,40,51,91,1970-01-21 08:45:56.526666666,1970-01-21 08:46:39.353333333,Thu,,,
Quảng Ninh,Trung du miền núi Bắc Bộ,2025-10-05,28.477777777777778,32.82222222222222,25.333333333333332,32.62222222222223,37.51111111111111,28.755555555555556,4.466666666666667,4.466666666666667,0.0,3.888888888888889,78.11111111111111,26.733333333333334,49.166666666666664,17.822222222222223,1005.4777777777776,96.77777777777777,24.0,0.0,4.466666666666667,21.0064,107.2925,9.694444444444445,11.87,10,40,63,301,1970-01-21 08:47:22.973333333,1970-01-21 08:48:05.700000000,Thu,,,
Quảng Ninh,Trung du miền núi Bắc Bộ,2025-10-06,25.31111111111111,27.22222222222222,24.211111111111112,27.844444444444445,30.522222222222222,25.08888888888889,54.36666666666666,54.36666666666666,0.0,23.77777777777778,91.88888888888889,37.077777777777776,66.16666666666667,4.688888888888889,1004.2111111111111,100.0,23.855555555555554,0.0,1.3966666666666667,21.0064,107.2925,0.09111111111111111,11.85,10,41,63,237,1970-01-21 08:48:49.380000000,1970-01-21 08:49:32.040000000,Thu,,,
Quảng Ninh,Trung du miền núi Bắc Bộ,2025-10-07,26.455555555555556,27.766666666666666,25.077777777777776,30.766666666666666,32.46666666666667,29.08888888888889,24.5,24.5,0.0,14.444444444444445,90.22222222222223,22.01111111111111,39.81111111111111,8.041111111111112,1012.2111111111111,98.0,24.711111111111112,0.0,1.9177777777777776,21.0064,107.2925,0.8322222222222222,11.83,10,41,63,103,1970-01-21 08:50:15.786666666,1970-01-21 08:50:58.380000000,Thu,,,
Quảng Ninh,Trung du miền núi Bắc Bộ,2025-10-08,26.855555555555558,30.311111111111114,24.066666666666666,32.0,36.27777777777778,28.744444444444444,8.822222222222223,8.822222222222223,0.0,7.555555555555555,83.11111111111111,11.244444444444445,24.58888888888889,19.49,1012.9222222222221,48.333333333333336,23.5,0.0,3.9977777777777783,21.0064,107.2925,10.479999999999999,11.811111111111112,10,41,63,53,1970-01-21 08:51:42.213333333,1970-01-21 08:52:24.720000000,Thu,,,
Quảng Ninh,Trung du miền núi Bắc Bộ,2025-10-09,27.255555555555556,30.244444444444444,24.522222222222222,31.93333333333333,35.599999999999994,28.855555555555554,0.25555555555555554,0.25555555555555554,0.0,1.6666666666666667,79.22222222222223,12.322222222222223,25.711111111111112,19.78,1012.3333333333334,11.666666666666666,23.166666666666668,0.0,4.1866666666666665,21.0064,107.2925,10.91777777777778,11.79111111111111,10,41,51,63,1970-01-21 08:53:08.640000000,1970-01-21 08:53:51.066666666,Thu,,,
Quảng Ninh,Trung du miền núi Bắc Bộ,2025-10-10,27.422222222222224,30.133333333333333,24.833333333333332,32.25555555555556,35.75555555555556,29.5,0.5444444444444445,0.5444444444444445,0.0,3.2222222222222223,81.44444444444444,14.466666666666665,27.155555555555555,19.364444444444445,1011.7555555555555,24.444444444444443,23.799999999999997,0.0,4.138888888888889,21.0064,107.2925,10.637777777777778,11.773333333333333,10,41,51,71,1970-01-21 08:54:35.040000000,1970-01-21 08:55:17.440000000,Thu,,,
Quảng Ninh,Trung du miền núi Bắc Bộ,2025-10-11,27.422222222222224,30.21111111111111,25.033333333333335,32.21111111111111,35.13333333333333,29.644444444444446,1.2777777777777777,1.2777777777777777,0.0,5.111111111111111,80.55555555555556,13.822222222222223,27.866666666666667,19.38222222222222,1010.9111111111112,21.77777777777778,23.666666666666668,0.0,4.112222222222222,21.0064,107.2925,10.724444444444444,11.753333333333334,10,41,51,62,1970-01-21 08:56:01.466666666,1970-01-21 08:56:43.786666666,Thu,,,
Quảng Ninh,Trung du miền núi Bắc Bộ,2025-10-12,27.61111111111111,30.166666666666668,24.922222222222224,32.71111111111111,35.98888888888889,29.966666666666665,0.9555555555555555,0.9555555555555555,0.0,4.777777777777778,81.33333333333333,16.155555555555555,28.233333333333334,19.07111111111111,1010.5222222222224,37.0,24.044444444444444,0.0,4.086666666666667,21.0064,107.2925,10.636666666666667,11.733333333333334,10,41,51,69,1970-01-21 08:57:27.900000000,1970-01-21 08:58:10.133333333,Thu,,,
Quảng Ninh,Trung du miền núi Bắc Bộ,2025-10-13,26.38888888888889,27.922222222222224,25.355555555555554,30.700000000000003,32.52222222222222,29.299999999999997,12.555555555555555,12.555555555555555,0.0,13.88888888888889,88.88888888888889,18.933333333333334,34.8,12.017777777777777,1011.2666666666667,94.33333333333333,24.355555555555554,0.0,2.5244444444444443,21.0064,107.2925,6.707777777777777,11.715555555555557,10,42,63,79,1970-01-21 08:58:54.300000000,1970-01-21 08:59:36.480000000,Thu,,,
Quảng Ninh,Trung du miền núi Bắc Bộ,2025-10-14,25.711111111111112,27.555555555555557,24.555555555555557,29.833333333333332,31.72222222222222,28.299999999999997,24.82222222222222,24.82222222222222,0.0,20.666666666666668,90.77777777777777,17.955555555555556,35.111111111111114,9.318888888888889,1011.5777777777779,99.22222222222223,24.044444444444444,0.0,2.0255555555555556,21.0064,107.2925,2.071111111111111,11.695555555555554,10,42,63,90,1970-01-21 09:00:20.733333333,1970-01-21 09:01:02.826666666,Thu,,,
Quảng Ninh,Trung du miền núi Bắc Bộ,2025-10-15,26.244444444444444,28.666666666666668,24.41111111111111,31.06666666666667,33.333333333333336,28.811111111111114,9.133333333333333,9.133333333333333,0.0,11.666666666666666,88.44444444444444,15.188888888888888,29.355555555555554,13.095555555555556,1012.3666666666666,90.88888888888889,24.12222222222222,0.0,2.7,21.0064,107.2925,6.963333333333334,11.676666666666668,10,42,63,52,1970-01-21 09:01:47.160000000,1970-01-21 09:02:29.193333333,Thu,,,
Quảng Ninh,Trung du miền núi Bắc Bộ,2025-10-16,27.033333333333335,29.877777777777776,24.266666666666666,31.266666666666666,34.611111111111114,28.033333333333335,1.077777777777778,1.077777777777778,0.0,4.0,82.88888888888889,17.01111111111111,33.72222222222222,18.691111111111113,1013.5666666666667,49.888888888888886,23.755555555555556,0.0,3.9777777777777774,21.0064,107.2925,10.784444444444444,11.656666666666666,10,42,51,60,1970-01-21 09:03:13.566666666,1970-01-21 09:03:55.546666666,Thu,,,
Quảng Ninh,Trung du miền núi Bắc Bộ,2025-10-17,27.4,29.966666666666665,25.11111111111111,31.355555555555554,34.099999999999994,28.95555555555556,0.3888888888888889,0.3888888888888889,0.0,2.2222222222222223,77.88888888888889,17.01111111111111,33.31111111111111,18.726666666666667,1013.7333333333333,8.222222222222221,23.077777777777776,0.0,4.187777777777778,21.0064,107.2925,10.908888888888889,11.636666666666667,10,42,51,66,1970-01-21 09:04:39.993333333,1970-01-21 09:05:21.893333333,Thu,,,
Quảng Ninh,Trung du miền núi Bắc Bộ,2025-10-18,27.822222222222223,30.28888888888889,25.522222222222226,31.88888888888889,34.47777777777778,29.32222222222222,0.30000000000000004,0.30000000000000004,0.0,2.2222222222222223,75.55555555555556,16.577777777777776,32.71111111111111,18.654444444444444,1012.9222222222221,7.666666666666667,23.01111111111111,0.0,4.232222222222223,21.0064,107.2925,11.0,11.617777777777778,10,42,51,72,1970-01-21 09:06:06.420000000,1970-01-21 09:06:48.240000000,Thu,,,
Quảng Ninh,Trung du miền núi Bắc Bộ,2025-10-19,27.233333333333334,29.84444444444445,24.677777777777777,31.15555555555555,34.17777777777778,28.133333333333333,4.722222222222222,4.722222222222222,0.0,5.333333333333333,79.33333333333333,19.955555555555556,37.72222222222222,16.89777777777778,1012.5,23.444444444444443,23.244444444444444,0.0,3.9033333333333338,21.0064,107.2925,10.773333333333333,11.6,10,42,61,29,1970-01-21 09:07:32.826666666,1970-01-21 09:08:14.600000000,Thu,,,
Quảng Ninh,Trung du miền núi Bắc Bộ,2025-10-20,25.844444444444445,28.944444444444443,23.48888888888889,26.58888888888889,30.43333333333333,23.455555555555556,0.0,0.0,0.0,0.0,66.88888888888889,24.22222222222222,43.77777777777778,19.227777777777778,1013.2777777777778,18.555555555555557,19.166666666666668,0.0,5.086666666666667,21.0064,107.2925,11.0,11.58222222222222,10,43,3,32,1970-01-21 09:08:59.280000000,1970-01-21 09:09:40.966666666,Thu,,,
Quảng Ninh,Trung du miền núi Bắc Bộ,2025-10-21,23.51111111111111,26.066666666666666,21.233333333333334,22.477777777777774,25.944444444444443,19.311111111111114,0.0,0.0,0.0,0.0,62.666666666666664,27.566666666666666,49.71111111111111,18.005555555555556,1015.1555555555556,39.22222222222222,15.866666666666667,0.0,5.036666666666666,21.0064,107.2925,10.338888888888889,11.563333333333334,10,43,3,19,1970-01-21 09:10:25.686666666,1970-01-21 09:11:07.313333333,Thu,,,
Quảng Ninh,Trung du miền núi Bắc Bộ,2025-10-22,20.933333333333334,22.544444444444444,19.166666666666668,18.844444444444445,21.055555555555557,16.166666666666668,0.0,0.0,0.0,0.0,61.44444444444444,27.72222222222222,51.13333333333333,10.637777777777778,1017.0,99.11111111111111,13.222222222222221,0.0,3.815555555555556,21.0064,107.2925,3.8855555555555554,11.543333333333333,10,43,3,17,1970-01-21 09:11:52.113333333,1970-01-21 09:12:33.666666666,Thu,,,
Quảng Ninh,Trung du miền núi Bắc Bộ,2025-10-23,19.533333333333335,21.12222222222222,17.822222222222223,18.055555555555557,20.077777777777776,15.899999999999999,1.6333333333333333,1.6333333333333333,0.0,5.444444444444445,69.22222222222223,23.477777777777778,42.833333333333336,8.094444444444443,1018.5777777777779,97.55555555555556,13.68888888888889,0.0,2.7488888888888887,21.0064,107.2925,0.9755555555555555,11.525555555555554,10,43,51,3,1970-01-21 09:13:18.540000000,1970-01-21 09:14:00.040000000,Thu,,,
Quảng Ninh,Trung du miền núi Bắc Bộ,2025-10-24,21.855555555555554,24.51111111111111,19.566666666666666,21.655555555555555,24.944444444444443,18.444444444444443,0.0,0.0,0.0,0.0,68.55555555555556,20.0,37.111111111111114,13.576666666666666,1017.9333333333333,93.77777777777777,15.744444444444444,0.0,3.5044444444444443,21.0064,107.2925,6.814444444444444,11.505555555555555,10,43,3,4,1970-01-21 09:14:44.960000000,1970-01-21 09:15:26.386666666,Thu,,,
Quảng Ninh,Trung du miền núi Bắc Bộ,2025-10-25,23.333333333333332,26.799999999999997,20.444444444444443,24.1,28.155555555555555,20.566666666666666,0.0,0.0,0.0,0.0,68.33333333333333,17.61111111111111,33.13333333333333,16.86888888888889,1016.5,45.888888888888886,17.055555555555557,0.0,4.024444444444445,21.0064,107.2925,9.658888888888889,11.487777777777778,10,43,3,32,1970-01-21 09:16:11.400000000,1970-01-21 09:16:52.740000000,Thu,,,
Quảng Ninh,Trung du miền núi Bắc Bộ,2025-10-26,24.01111111111111,27.455555555555556,21.6,24.955555555555556,28.877777777777776,22.055555555555557,0.0,0.0,0.0,0.0,69.55555555555556,19.466666666666665,35.400000000000006,16.72,1016.3666666666666,47.0,18.0,0.0,4.071111111111112,21.0064,107.2925,10.60888888888889,11.467777777777778,10,43,3,32,1970-01-21 09:17:37.806666666,1970-01-21 09:18:19.100000000,Thu,,,
Quảng Ninh,Trung du miền núi Bắc Bộ,2025-10-27,23.788888888888888,27.1,21.633333333333333,24.11111111111111,27.855555555555554,20.733333333333334,0.011111111111111112,0.011111111111111112,0.0,0.1111111111111111,66.66666666666667,21.944444444444443,39.644444444444446,12.35888888888889,1016.8444444444444,92.33333333333333,17.133333333333333,0.0,3.6399999999999997,21.0064,107.2925,7.247777777777778,11.45,10,44,3,15,1970-01-21 09:19:04.253333333,1970-01-21 09:19:45.466666666,Thu,,,
Quảng Ninh,Trung du miền núi Bắc Bộ,2025-10-28,23.533333333333335,25.533333333333335,21.766666666666666,23.688888888888886,26.033333333333335,21.555555555555557,0.3333333333333333,0.3333333333333333,0.0,1.2222222222222223,66.22222222222223,20.766666666666666,38.44444444444444,13.477777777777778,1016.8777777777777,97.0,16.72222222222222,0.0,3.8244444444444445,21.0064,107.2925,8.35888888888889,11.432222222222222,10,44,3,43,1970-01-21 09:20:30.666666666,1970-01-21 09:21:11.826666666,Thu,,,
Quảng Ninh,Trung du miền núi Bắc Bộ,2025-10-29,23.955555555555556,26.144444444444446,21.61111111111111,24.833333333333332,27.533333333333335,22.0,0.0,0.0,0.0,0.0,69.66666666666667,17.9,33.233333333333334,10.44888888888889,1015.7888888888889,96.88888888888889,17.98888888888889,0.0,3.1544444444444446,21.0064,107.2925,4.547777777777778,11.415555555555555,10,44,3,48,1970-01-21 09:21:57.093333333,1970-01-21 09:22:38.200000000,Thu,,,
Quảng Ninh,Trung du miền núi Bắc Bộ,2025-10-30,23.9,25.87777777777778,22.355555555555554,25.955555555555556,27.744444444444444,24.01111111111111,18.944444444444443,18.944444444444443,0.0,15.0,86.22222222222223,22.5,42.21111111111111,8.743333333333332,1015.5222222222224,99.77777777777777,21.4,0.0,2.111111111111111,21.0064,107.2925,2.0622222222222226,11.397777777777778,10,44,65,46,1970-01-21 09:23:23.526666666,1970-01-21 09:24:04.553333333,Thu,,,
Quảng Ninh,Trung du miền núi Bắc Bộ,2025-10-31,23.811111111111114,25.9,22.27777777777778,25.98888888888889,28.01111111111111,24.155555555555555,11.955555555555556,11.955555555555556,0.0,9.0,84.22222222222223,18.944444444444443,34.27777777777778,9.598888888888888,1016.1222222222223,94.77777777777777,20.933333333333334,0.0,2.3055555555555554,21.0064,107.2925,4.602222222222222,11.38,10,44,63,45,1970-01-21 09:24:49.953333333,1970-01-21 09:25:30.920000000,Thu,,,
Quảng Ninh,Trung du miền núi Bắc Bộ,2025-11-01,22.633333333333333,24.41111111111111,20.944444444444443,23.422222222222224,25.51111111111111,21.144444444444446,3.2777777777777777,3.2777777777777777,0.0,4.888888888888889,79.77777777777777,22.98888888888889,41.2,8.143333333333333,1016.8888888888889,99.55555555555556,18.855555555555554,0.0,2.3699999999999997,21.0064,107.2925,2.2155555555555555,11.362222222222222,11,44,51,40,1970-01-21 09:26:16.380000000,1970-01-21 09:26:57.286666666,Thu,,,
Quảng Ninh,Trung du miền núi Bắc Bộ,2025-11-02,21.977777777777778,23.48888888888889,20.633333333333333,22.255555555555556,24.055555555555557,20.188888888888886,0.07777777777777778,0.07777777777777778,0.0,0.7777777777777778,76.55555555555556,21.533333333333335,37.67777777777778,6.796666666666667,1017.2666666666667,98.44444444444444,17.666666666666668,0.0,2.2422222222222223,21.0064,107.2925,1.163333333333333,11.345555555555556,11,44,51,8,1970-01-21 09:27:42.813333333,1970-01-21 09:28:23.653333333,Thu,,,
Quảng Ninh,Trung du miền núi Bắc Bộ,2025-11-03,19.866666666666667,21.522222222222222,18.0,19.533333333333335,21.322222222222223,17.87777777777778,11.18888888888889,11.18888888888889,0.0,11.666666666666666,82.44444444444444,22.266666666666666,39.25555555555556,4.047777777777778,1017.2222222222222,100.0,16.700000000000003,0.0,1.5911111111111111,21.0064,107.2925,0.0,11.33,11,45,63,6,1970-01-21 09:29:09.240000000,1970-01-21 09:29:50.026666666,Thu,,,
Quảng Ninh,Trung du miền núi Bắc Bộ,2025-11-04,18.666666666666668,19.822222222222223,17.366666666666667,18.477777777777778,20.12222222222222,16.433333333333334,9.566666666666666,9.566666666666666,0.0,14.88888888888889,85.33333333333333,21.755555555555556,38.03333333333333,4.743333333333333,1016.6666666666666,100.0,16.166666666666668,0.0,1.3355555555555556,21.0064,107.2925,0.11666666666666667,11.31,11,45,63,9,1970-01-21 09:30:35.673333333,1970-01-21 09:31:16.400000000,Thu,,,
Quảng Ninh,Trung du miền núi Bắc Bộ,2025-11-05,20.711111111111112,22.6,18.933333333333334,22.233333333333334,24.822222222222223,19.044444444444444,0.7666666666666667,0.7666666666666667,0.0,5.333333333333333,85.22222222222223,15.455555555555556,27.922222222222224,6.854444444444444,1014.2444444444445,100.0,18.066666666666666,0.0,1.5922222222222222,21.0064,107.2925,0.35444444444444445,11.295555555555556,11,45,51,40,1970-01-21 09:32:02.106666666,1970-01-21 09:32:42.766666666,Thu,,,
Quảng Ninh,Trung du miền núi Bắc Bộ,2025-11-06,22.799999999999997,25.42222222222222,20.77777777777778,25.066666666666666,27.72222222222222,22.977777777777778,0.13333333333333333,0.13333333333333333,0.0,1.2222222222222223,83.33333333333333,17.01111111111111,32.46666666666667,12.777777777777779,1012.8000000000001,47.55555555555556,19.766666666666666,0.0,2.5411111111111113,21.0064,107.2925,8.324444444444445,11.28,11,45,51,41,1970-01-21 09:33:28.540000000,1970-01-21 09:34:09.140000000,Thu,,,
Quảng Ninh,Trung du miền núi Bắc Bộ,2025-11-07,24.366666666666667,26.08888888888889,22.533333333333335,26.4,28.044444444444444,24.61111111111111,4.555555555555555,4.555555555555555,0.0,8.444444444444445,85.0,25.3,46.333333333333336,7.882222222222222,1011.5888888888888,99.66666666666667,21.677777777777777,0.0,2.0644444444444447,21.0064,107.2925,1.7866666666666664,11.26,11,45,61,46,1970-01-21 09:34:54.966666666,1970-01-21 09:35:35.506666666,Thu,,,
Quảng Ninh,Trung du miền núi Bắc Bộ,2025-11-08,25.03333333333333,26.811111111111114,23.833333333333332,28.41111111111111,30.477777777777778,26.522222222222222,4.333333333333333,4.333333333333333,0.0,11.666666666666666,93.22222222222223,23.61111111111111,42.75555555555556,13.42,1013.311111111111,63.0,23.844444444444445,0.0,2.3333333333333335,21.0064,107.2925,8.397777777777778,11.246666666666666,11,45,53,69,1970-01-21 09:36:21.413333333,1970-01-21 09:37:01.893333333,Thu,,,
Quảng Ninh,Trung du miền núi Bắc Bộ,2025-11-09,24.88888888888889,26.92222222222222,23.366666666666667,28.477777777777778,30.91111111111111,26.366666666666667,6.088888888888889,6.088888888888889,0.0,9.88888888888889,90.33333333333333,19.066666666666666,36.0,13.770000000000001,1012.6333333333334,68.55555555555556,23.177777777777777,0.0,2.557777777777778,21.0064,107.2925,8.110000000000001,11.23,11,45,61,55,1970-01-21 09:37:47.833333333,1970-01-21 09:38:28.266666666,Thu,,,
Quảng Ninh,Trung du miền núi Bắc Bộ,2025-11-10,23.844444444444445,26.51111111111111,21.922222222222224,26.12222222222222,29.555555555555557,23.38888888888889,0.022222222222222223,0.022222222222222223,0.0,0.2222222222222222,82.0,17.46666666666667,32.52222222222222,15.177777777777777,1011.311111111111,86.66666666666667,20.51111111111111,0.0,3.128888888888889,21.0064,107.2925,9.481111111111112,11.215555555555556,11,46,3,13,1970-01-21 09:39:14.280000000,1970-01-21 09:39:54.646666666,Thu,,,
Quảng Ninh,Trung du miền núi Bắc Bộ,2025-11-11,22.455555555555556,24.833333333333332,21.11111111111111,23.688888888888886,26.677777777777777,21.566666666666666,0.36666666666666664,0.36666666666666664,0.0,2.111111111111111,75.22222222222223,17.333333333333332,31.400000000000002,8.328888888888889,1012.1444444444444,99.33333333333333,17.788888888888888,0.0,2.2577777777777777,21.0064,107.2925,3.4266666666666667,11.2,11,46,51,34,1970-01-21 09:40:40.700000000,1970-01-21 09:41:21.020000000,Thu,,,
Quảng Ninh,Trung du miền núi Bắc Bộ,2025-11-12,21.733333333333334,24.933333333333334,19.844444444444445,22.299999999999997,26.477777777777778,19.188888888888886,0.0,0.0,0.0,0.0,69.11111111111111,17.922222222222224,33.955555555555556,13.38,1015.0444444444444,61.0,15.700000000000001,0.0,3.0566666666666666,21.0064,107.2925,8.775555555555556,11.185555555555556,11,46,3,13,1970-01-21 09:42:07.146666666,1970-01-21 09:42:47.400000000,Thu,,,
Quảng Ninh,Trung du miền núi Bắc Bộ,2025-11-13,21.38888888888889,24.811111111111114,19.033333333333335,21.88888888888889,26.033333333333335,18.9,0.0,0.0,0.0,0.0,67.11111111111111,15.544444444444444,29.688888888888886,17.95777777777778,1017.688888888889,46.888888888888886,14.722222222222221,0.0,3.6933333333333334,21.0064,107.2925,10.72888888888889,11.17,11,46,3,4,1970-01-21 09:43:33.580000000,1970-01-21 09:44:13.786666666,Thu,,,
Quảng Ninh,Trung du miền núi Bắc Bộ,2025-11-14,21.011111111111113,24.644444444444446,17.855555555555554,21.08888888888889,25.633333333333333,16.844444444444445,0.0,0.0,0.0,0.0,66.88888888888889,15.41111111111111,28.56666666666667,18.008888888888887,1017.8888888888889,34.77777777777778,14.311111111111112,0.0,3.8844444444444446,21.0064,107.2925,10.914444444444445,11.153333333333332,11,46,3,24,1970-01-21 09:45:00.006666666,1970-01-21 09:45:40.166666666,Thu,,,
Quảng Ninh,Trung du miền núi Bắc Bộ,2025-11-15,22.0,25.822222222222223,18.522222222222222,23.155555555555555,27.677777777777777,18.833333333333332,0.0,0.0,0.0,0.0,75.66666666666667,17.22222222222222,32.87777777777777,17.443333333333335,1019.1111111111111,12.222222222222221,17.37777777777778,0.0,3.5244444444444443,21.0064,107.2925,10.914444444444445,11.14,11,46,3,25,1970-01-21 09:46:26.453333333,1970-01-21 09:47:06.553333333,Thu,,,
Quảng Ninh,Trung du miền núi Bắc Bộ,2025-11-16,23.27777777777778,25.855555555555554,21.344444444444445,25.288888888888888,27.677777777777777,22.833333333333332,0.6666666666666666,0.6666666666666666,0.0,2.5555555555555554,77.88888888888889,15.799999999999999,29.82222222222222,10.054444444444444,1019.4333333333333,69.77777777777777,19.155555555555555,0.0,2.351111111111111,21.0064,107.2925,5.727777777777778,11.125555555555556,11,46,51,10,1970-01-21 09:47:52.880000000,1970-01-21 09:48:32.926666666,Thu,,,
Quảng Ninh,Trung du miền núi Bắc Bộ,2025-11-17,23.577777777777776,26.22222222222222,21.344444444444445,26.27777777777778,29.099999999999998,23.544444444444444,0.5777777777777778,0.5777777777777778,0.0,1.4444444444444444,83.11111111111111,16.6,31.58888888888889,13.268888888888888,1019.5444444444444,74.11111111111111,20.466666666666665,0.0,2.692222222222222,21.0064,107.2925,8.100000000000001,11.11,11,47,51,50,1970-01-21 09:49:19.326666666,1970-01-21 09:49:59.326666666,Thu,,,
Quảng Ninh,Trung du miền núi Bắc Bộ,2025-11-18,18.38888888888889,23.166666666666668,13.288888888888888,16.844444444444445,25.177777777777777,10.044444444444444,6.233333333333333,6.233333333333333,0.0,16.22222222222222,83.11111111111111,30.855555555555554,54.58888888888888,3.77,1023.3555555555556,100.0,15.377777777777778,0.0,1.551111111111111,21.0064,107.2925,0.012222222222222223,11.097777777777777,11,47,53,37,1970-01-21 09:50:45.760000000,1970-01-21 09:51:25.706666666,Thu,,,
Quảng Ninh,Trung du miền núi Bắc Bộ,2025-11-19,14.022222222222222,16.455555555555556,11.61111111111111,11.155555555555557,14.0,8.155555555555557,4.433333333333334,4.433333333333334,0.0,10.333333333333334,72.11111111111111,26.055555555555557,47.32222222222222,7.963333333333334,1026.5111111111112,97.0,8.88888888888889,0.0,2.0566666666666666,21.0064,107.2925,2.5633333333333335,11.083333333333334,11,47,53,13,1970-01-21 09:52:12.193333333,1970-01-21 09:52:52.100000000,Thu,,,
Quảng Ninh,Trung du miền núi Bắc Bộ,2025-11-20,17.444444444444443,21.266666666666666,14.322222222222223,15.277777777777779,19.966666666666665,11.466666666666667,0.0,0.0,0.0,0.0,55.888888888888886,17.477777777777778,32.21111111111111,16.963333333333335,1024.4444444444443,34.333333333333336,8.355555555555556,0.0,3.861111111111111,21.0064,107.2925,10.612222222222222,11.07,11,47,3,7,1970-01-21 09:53:38.633333333,1970-01-21 09:54:18.480000000,Thu,,,
Quảng Ninh,Trung du miền núi Bắc Bộ,2025-11-21,18.977777777777778,22.61111111111111,16.644444444444446,17.366666666666667,21.566666666666666,14.655555555555557,0.0,0.0,0.0,0.0,57.0,16.166666666666668,31.27777777777778,15.496666666666666,1023.5,29.555555555555557,10.044444444444444,0.0,3.7011111111111115,21.0064,107.2925,10.612222222222222,11.05888888888889,11,47,3,12,1970-01-21 09:55:05.060000000,1970-01-21 09:55:44.866666666,Thu,,,
Quảng Ninh,Trung du miền núi Bắc Bộ,2025-11-22,19.355555555555554,22.366666666666667,16.433333333333334,18.044444444444444,20.6,15.38888888888889,0.0,0.0,0.0,0.0,60.666666666666664,16.455555555555556,31.744444444444444,12.858888888888888,1021.2444444444445,56.44444444444444,11.2,0.0,3.31,21.0064,107.2925,9.350000000000001,11.047777777777778,11,47,3,51,1970-01-21 09:56:31.506666666,1970-01-21 09:57:11.266666666,Thu,,,
Quảng Ninh,Trung du miền núi Bắc Bộ,2025-11-23,20.077777777777776,23.833333333333332,17.08888888888889,19.855555555555554,24.066666666666666,16.422222222222224,0.0,0.0,0.0,0.0,66.44444444444444,14.677777777777777,28.82222222222222,17.06888888888889,1019.6333333333334,4.444444444444445,13.322222222222223,0.0,3.5366666666666666,21.0064,107.2925,10.729999999999999,11.033333333333333,11,47,0,34,1970-01-21 09:57:57.946666666,1970-01-21 09:58:37.666666666,Thu,,,
Quảng Ninh,Trung du miền núi Bắc Bộ,2025-11-24,20.766666666666666,25.211111111111112,17.266666666666666,20.522222222222222,25.322222222222223,17.27777777777778,0.0,0.0,0.0,0.0,65.33333333333333,16.766666666666666,29.599999999999998,17.065555555555555,1019.6555555555556,10.11111111111111,13.644444444444444,0.0,3.7933333333333334,21.0064,107.2925,10.524444444444445,11.02111111111111,11,48,1,2,1970-01-21 09:59:24.373333333,1970-01-21 10:00:04.066666666,Thu,,,
Quảng Ninh,Trung du miền núi Bắc Bộ,2025-11-25,20.1,23.6,17.044444444444444,18.266666666666666,22.188888888888886,15.177777777777777,0.0,0.0,0.0,0.0,57.111111111111114,23.422222222222224,43.833333333333336,17.38222222222222,1020.6555555555556,24.11111111111111,11.066666666666666,0.0,4.328888888888889,21.0064,107.2925,10.813333333333334,11.01,11,48,3,16,1970-01-21 10:00:50.820000000,1970-01-21 10:01:30.466666666,Thu,,,
Quảng Ninh,Trung du miền núi Bắc Bộ,2025-11-26,18.22222222222222,22.355555555555554,14.58888888888889,16.755555555555556,20.977777777777778,13.066666666666666,0.0,0.0,0.0,0.0,62.0,16.688888888888886,31.966666666666665,17.556666666666665,1020.2222222222222,29.88888888888889,10.4,0.0,3.7733333333333334,21.0064,107.2925,10.767777777777777,11.0,11,48,3,37,1970-01-21 10:02:17.260000000,1970-01-21 10:02:56.860000000,Thu,,,
Quảng Ninh,Trung du miền núi Bắc Bộ,2025-11-27,18.6,23.41111111111111,14.788888888888888,15.833333333333334,20.355555555555554,12.31111111111111,0.0,0.0,0.0,0.0,49.666666666666664,22.37777777777778,43.15555555555555,17.805555555555557,1022.5999999999999,71.66666666666667,7.2666666666666675,0.0,4.562222222222222,21.0064,107.2925,10.793333333333333,10.988888888888889,11,48,3,19,1970-01-21 10:03:43.693333333,1970-01-21 10:04:23.260000000,Thu,,,
Quảng Ninh,Trung du miền núi Bắc Bộ,2025-11-28,18.51111111111111,23.066666666666666,15.066666666666666,16.788888888888888,22.22222222222222,12.333333333333334,0.0,0.0,0.0,0.0,52.333333333333336,15.011111111111111,26.755555555555556,17.79222222222222,1018.5555555555555,60.888888888888886,8.144444444444444,0.0,4.017777777777777,21.0064,107.2925,10.517777777777777,10.97888888888889,11,48,3,38,1970-01-21 10:05:10.133333333,1970-01-21 10:05:49.666666666,Thu,,,
Quảng Ninh,Trung du miền núi Bắc Bộ,2025-11-29,18.144444444444446,22.522222222222222,13.933333333333334,17.288888888888888,22.01111111111111,12.511111111111111,0.0,0.0,0.0,0.0,62.111111111111114,11.933333333333334,23.566666666666666,17.09777777777778,1015.7555555555555,14.222222222222221,10.366666666666667,0.0,3.3455555555555554,21.0064,107.2925,10.658888888888889,10.96888888888889,11,48,3,34,1970-01-21 10:06:36.573333333,1970-01-21 10:07:16.066666666,Thu,,,
Quảng Ninh,Trung du miền núi Bắc Bộ,2025-11-30,20.4,23.188888888888886,17.811111111111114,21.133333333333333,24.688888888888886,17.566666666666666,0.1,0.1,0.0,1.0,74.77777777777777,13.444444444444445,24.455555555555556,11.614444444444445,1014.2111111111111,75.44444444444444,15.677777777777777,0.0,2.3866666666666667,21.0064,107.2925,8.591111111111111,10.958888888888888,11,48,3,50,1970-01-21 10:08:03.013333333,1970-01-21 10:08:42.466666666,Thu,,,
Quảng Ninh,Trung du miền núi Bắc Bộ,2025-12-01,21.177777777777777,24.0,19.355555555555554,23.211111111111112,26.555555555555557,21.133333333333333,0.5888888888888889,0.5888888888888889,0.0,3.2222222222222223,86.44444444444444,14.077777777777778,26.066666666666666,10.806666666666667,1014.3777777777777,56.22222222222222,18.72222222222222,0.0,2.0677777777777777,21.0064,107.2925,6.934444444444445,10.948888888888888,12,49,51,55,1970-01-21 10:09:29.453333333,1970-01-21 10:10:08.866666666,Đông,,,
Quảng Ninh,Trung du miền núi Bắc Bộ,2025-12-02,21.833333333333332,25.12222222222222,19.266666666666666,24.555555555555557,28.11111111111111,21.444444444444443,0.17777777777777778,0.17777777777777778,0.0,1.5555555555555556,89.0,12.033333333333335,25.044444444444444,13.764444444444443,1013.9555555555556,56.666666666666664,19.855555555555554,0.0,2.4755555555555557,21.0064,107.2925,8.634444444444444,10.94111111111111,12,49,51,49,1970-01-21 10:10:55.893333333,1970-01-21 10:11:35.266666666,Đông,,,
Quảng Ninh,Trung du miền núi Bắc Bộ,2025-12-03,20.922222222222224,22.355555555555554,19.044444444444444,21.166666666666668,24.155555555555555,17.88888888888889,0.7888888888888889,0.7888888888888889,0.0,4.444444444444445,80.0,23.077777777777776,43.71111111111111,9.722222222222221,1018.9000000000001,82.44444444444444,17.144444444444442,0.0,2.3111111111111113,21.0064,107.2925,6.185555555555556,10.931111111111111,12,49,51,25,1970-01-21 10:12:22.333333333,1970-01-21 10:13:01.686666666,Đông,,,
Quảng Ninh,Trung du miền núi Bắc Bộ,2025-12-04,20.155555555555555,22.555555555555557,17.98888888888889,19.288888888888888,21.977777777777778,16.433333333333334,0.0,0.0,0.0,0.0,67.77777777777777,20.355555555555554,39.31111111111111,14.634444444444446,1019.7888888888889,47.22222222222222,13.877777777777778,0.0,3.428888888888889,21.0064,107.2925,10.047777777777776,10.923333333333334,12,49,3,48,1970-01-21 10:13:48.773333333,1970-01-21 10:14:28.100000000,Đông,,,
Quảng Ninh,Trung du miền núi Bắc Bộ,2025-12-05,20.522222222222222,22.91111111111111,17.766666666666666,19.955555555555556,22.544444444444444,17.344444444444445,0.12222222222222223,0.12222222222222223,0.0,1.0,74.55555555555556,21.933333333333334,40.0,13.358888888888888,1020.7666666666667,46.0,15.688888888888888,0.0,3.037777777777778,21.0064,107.2925,8.897777777777778,10.915555555555555,12,49,3,49,1970-01-21 10:15:15.213333333,1970-01-21 10:15:54.506666666,Đông,,,
Quảng Ninh,Trung du miền núi Bắc Bộ,2025-12-06,19.200000000000003,22.266666666666666,17.1,19.37777777777778,23.044444444444444,16.58888888888889,0.0,0.0,0.0,0.0,77.11111111111111,17.455555555555556,33.94444444444444,15.454444444444444,1019.3666666666666,27.666666666666668,14.922222222222224,0.0,2.898888888888889,21.0064,107.2925,10.042222222222222,10.908888888888889,12,49,3,53,1970-01-21 10:16:41.653333333,1970-01-21 10:17:20.926666666,Đông,,,
Quảng Ninh,Trung du miền núi Bắc Bộ,2025-12-07,20.433333333333337,22.944444444444443,17.944444444444443,21.5,23.822222222222223,19.044444444444444,0.5666666666666668,0.5666666666666668,0.0,2.7777777777777777,84.77777777777777,19.055555555555557,37.53333333333333,14.072222222222225,1019.0888888888888,38.55555555555556,17.666666666666668,0.0,2.4911111111111115,21.0064,107.2925,9.985555555555557,10.901111111111112,12,49,51,59,1970-01-21 10:18:08.086666666,1970-01-21 10:18:47.326666666,Đông,,,
Quảng Ninh,Trung du miền núi Bắc Bộ,2025-12-08,20.77777777777778,24.27777777777778,18.044444444444444,21.322222222222223,24.544444444444444,18.5,0.0111111111111111,0.0111111111111111,0.0,0.1111111111111111,75.55555555555556,16.288888888888888,33.87777777777777,15.753333333333334,1020.0444444444444,24.22222222222222,16.01111111111111,0.0,3.118888888888889,21.0064,107.2925,10.273333333333332,10.895555555555555,12,50,3,45,1970-01-21 10:19:34.520000000,1970-01-21 10:20:13.746666666,Đông,,,
Quảng Ninh,Trung du miền núi Bắc Bộ,2025-12-09,19.91111111111111,23.58888888888889,16.88888888888889,20.14444444444445,23.733333333333334,17.08888888888889,0.0,0.0,0.0,0.0,75.22222222222223,17.27777777777778,34.166666666666664,15.448888888888888,1019.1444444444444,36.666666666666664,15.077777777777776,0.0,3.032222222222222,21.0064,107.2925,10.207777777777778,10.88888888888889,12,50,3,42,1970-01-21 10:21:00.966666666,1970-01-21 10:21:40.160000000,Đông,,,
Quảng Ninh,Trung du miền núi Bắc Bộ,2025-12-10,20.733333333333334,23.555555555555557,18.14444444444445,21.311111111111114,23.799999999999997,18.58888888888889,0.0,0.0,0.0,0.0,74.66666666666667,15.38888888888889,30.43333333333333,11.402222222222225,1018.1444444444444,69.77777777777777,15.944444444444445,0.0,2.4911111111111115,21.0064,107.2925,8.91,10.883333333333333,12,50,3,57,1970-01-21 10:22:27.400000000,1970-01-21 10:23:06.586666666,Đông,,,
Quảng Ninh,Trung du miền núi Bắc Bộ,2025-12-11,20.688888888888886,22.14444444444445,19.766666666666666,21.98888888888889,23.4,20.755555555555556,2.155555555555555,2.155555555555555,0.0,8.555555555555555,83.11111111111111,13.966666666666669,25.08888888888889,4.168888888888889,1017.8666666666666,99.22222222222224,17.677777777777777,0.0,1.2233333333333334,21.0064,107.2925,0.0988888888888888,10.878888888888888,12,50,51,31,1970-01-21 10:23:53.833333333,1970-01-21 10:24:32.986666666,Đông,,,
Quảng Ninh,Trung du miền núi Bắc Bộ,2025-12-12,21.522222222222226,23.833333333333332,20.0,23.9,26.4,21.72222222222222,0.6333333333333333,0.6333333333333333,0.0,1.5555555555555556,88.33333333333333,12.255555555555556,23.266666666666666,8.526666666666667,1015.9,83.33333333333333,19.444444444444443,0.0,1.6844444444444444,21.0064,107.2925,3.816666666666667,10.875555555555556,12,50,3,71,1970-01-21 10:25:20.273333333,1970-01-21 10:25:59.420000000,Đông,,,
Quảng Ninh,Trung du miền núi Bắc Bộ,2025-12-13,19.744444444444444,22.811111111111114,14.877777777777778,20.455555555555556,25.48888888888889,12.61111111111111,18.433333333333337,18.433333333333337,0.0,18.444444444444443,91.55555555555556,28.58888888888889,51.75555555555556,5.73,1018.9666666666668,97.44444444444444,18.299999999999997,0.0,1.251111111111111,21.0064,107.2925,2.2066666666666666,10.87,12,50,63,46,1970-01-21 10:26:46.700000000,1970-01-21 10:27:25.833333333,Đông,,,
Quảng Ninh,Trung du miền núi Bắc Bộ,2025-12-14,16.655555555555555,19.11111111111111,14.688888888888888,14.1,17.177777777777777,11.7,0.5444444444444445,0.5444444444444445,0.0,2.6666666666666665,65.11111111111111,22.72222222222222,40.0,10.658888888888889,1022.3222222222222,75.44444444444444,9.822222222222225,0.0,2.8866666666666667,21.0064,107.2925,7.317777777777778,10.865555555555554,12,50,51,46,1970-01-21 10:28:13.133333333,1970-01-21 10:28:52.246666666,Đông,,,
Quảng Ninh,Trung du miền núi Bắc Bộ,2025-12-15,17.866666666666667,20.200000000000003,16.244444444444444,16.844444444444445,19.85555555555555,14.266666666666667,0.0,0.0,0.0,0.0,68.55555555555556,15.47777777777778,29.64444444444445,11.253333333333334,1019.9333333333332,66.55555555555556,11.9,0.0,2.572222222222222,21.0064,107.2925,8.247777777777777,10.863333333333332,12,51,3,40,1970-01-21 10:29:39.566666666,1970-01-21 10:30:18.680000000,Đông,,,
Quảng Ninh,Trung du miền núi Bắc Bộ,2025-12-16,19.233333333333334,21.12222222222222,17.299999999999997,19.88888888888889,22.133333333333333,17.211111111111112,0.8333333333333334,0.8333333333333334,0.0,3.2222222222222223,84.0,14.47777777777778,27.833333333333332,7.111111111111111,1018.5888888888888,78.55555555555556,16.444444444444443,0.0,1.512222222222222,21.0064,107.2925,2.3233333333333333,10.86,12,51,51,43,1970-01-21 10:31:06.006666666,1970-01-21 10:31:45.106666666,Đông,,,
Quảng Ninh,Trung du miền núi Bắc Bộ,2025-12-17,20.522222222222226,23.344444444444445,18.244444444444444,21.366666666666667,24.27777777777778,18.577777777777776,1.1,1.1,0.0,6.0,82.33333333333333,17.133333333333333,30.58888888888889,13.03111111111111,1020.2333333333332,52.55555555555556,17.333333333333332,0.0,2.4955555555555557,21.0064,107.2925,9.855555555555556,10.858888888888888,12,51,51,32,1970-01-21 10:32:32.433333333,1970-01-21 10:33:11.520000000,Đông,,,
Quảng Ninh,Trung du miền núi Bắc Bộ,2025-12-18,19.744444444444444,23.166666666666668,16.944444444444443,20.288888888888888,24.155555555555555,17.12222222222222,0.0,0.0,0.0,0.0,77.66666666666667,13.666666666666666,27.08888888888889,15.744444444444444,1018.8333333333334,5.777777777777778,15.5,0.0,2.9355555555555557,21.0064,107.2925,10.117777777777778,10.855555555555554,12,51,0,39,1970-01-21 10:33:58.873333333,1970-01-21 10:34:37.953333333,Đông,,,
Quảng Ninh,Trung du miền núi Bắc Bộ,2025-12-19,19.88888888888889,23.11111111111111,17.244444444444444,21.233333333333334,24.811111111111114,17.655555555555555,0.0666666666666666,0.0666666666666666,0.0,0.6666666666666666,84.33333333333333,11.988888888888887,24.833333333333332,14.09,1015.3666666666666,18.77777777777778,17.066666666666666,0.0,2.4766666666666666,21.0064,107.2925,10.042222222222222,10.855555555555554,12,51,1,56,1970-01-21 10:35:25.300000000,1970-01-21 10:36:04.373333333,Đông,,,
Quảng Ninh,Trung du miền núi Bắc Bộ,2025-12-20,20.61111111111111,22.9,18.822222222222223,22.311111111111114,24.53333333333333,20.711111111111112,0.8999999999999999,0.8999999999999999,0.0,4.0,89.77777777777777,16.066666666666666,31.11111111111111,13.77777777777778,1015.9666666666668,39.666666666666664,18.788888888888888,0.0,2.29,21.0064,107.2925,9.818888888888887,10.855555555555554,12,51,51,50,1970-01-21 10:36:51.733333333,1970-01-21 10:37:30.806666666,Đông,,,
Quảng Ninh,Trung du miền núi Bắc Bộ,2025-12-21,21.455555555555556,24.62222222222222,18.744444444444444,22.87777777777778,26.077777777777776,19.822222222222223,0.1777777777777777,0.1777777777777777,0.0,1.2222222222222223,81.0,15.144444444444446,29.200000000000003,14.75111111111111,1017.5222222222224,13.77777777777778,17.933333333333334,0.0,2.8400000000000003,21.0064,107.2925,10.00111111111111,10.855555555555554,12,51,51,43,1970-01-21 10:38:18.166666666,1970-01-21 10:38:57.226666666,Đông,,,
Quảng Ninh,Trung du miền núi Bắc Bộ,2025-12-22,20.64444444444445,22.577777777777776,19.14444444444445,21.266666666666666,23.311111111111114,18.966666666666665,0.7555555555555555,0.7555555555555555,0.0,3.3333333333333335,84.77777777777777,21.922222222222224,41.2,13.283333333333331,1016.0888888888888,31.77777777777778,17.944444444444443,0.0,2.4455555555555555,21.0064,107.2925,9.913333333333334,10.855555555555554,12,52,51,65,1970-01-21 10:39:44.593333333,1970-01-21 10:40:23.666666666,Đông,,,
Quảng Ninh,Trung du miền núi Bắc Bộ,2025-12-23,21.1,22.87777777777778,19.955555555555556,22.98888888888889,24.744444444444444,21.577777777777776,2.111111111111111,2.111111111111111,0.0,9.555555555555555,91.11111111111111,16.91111111111111,32.388888888888886,10.944444444444445,1014.9,61.44444444444444,19.522222222222226,0.0,1.9088888888888889,21.0064,107.2925,8.27888888888889,10.855555555555554,12,52,53,88,1970-01-21 10:41:11.026666666,1970-01-21 10:41:50.093333333,Đông,,,
Quảng Ninh,Trung du miền núi Bắc Bộ,2025-12-24,21.022222222222226,23.12222222222222,18.41111111111111,22.48888888888889,24.88888888888889,17.922222222222224,0.9222222222222224,0.9222222222222224,0.0,5.333333333333333,90.0,21.311111111111114,37.96666666666667,11.977777777777778,1014.1777777777778,63.44444444444444,19.288888888888888,0.0,2.108888888888889,21.0064,107.2925,8.553333333333335,10.855555555555554,12,52,51,62,1970-01-21 10:42:37.453333333,1970-01-21 10:43:16.533333333,Đông,,,
Quảng Ninh,Trung du miền núi Bắc Bộ,2025-12-25,16.4,18.811111111111114,14.38888888888889,13.733333333333333,17.333333333333332,10.933333333333334,0.3444444444444444,0.3444444444444444,0.0,1.6666666666666667,67.22222222222223,26.38888888888889,49.233333333333334,9.87,1020.0,80.44444444444444,10.133333333333333,0.0,2.6733333333333333,21.0064,107.2925,6.217777777777778,10.857777777777777,12,52,3,8,1970-01-21 10:44:03.886666666,1970-01-21 10:44:42.960000000,Đông,,,
Quảng Ninh,Trung du miền núi Bắc Bộ,2025-12-26,15.355555555555554,17.88888888888889,13.022222222222222,12.466666666666669,15.855555555555554,9.31111111111111,0.0,0.0,0.0,0.0,55.77777777777778,20.444444444444443,37.12222222222223,16.33555555555556,1020.9444444444443,18.0,6.288888888888889,0.0,3.535555555555556,21.0064,107.2925,10.02777777777778,10.858888888888888,12,52,3,50,1970-01-21 10:45:30.313333333,1970-01-21 10:46:09.406666666,Đông,,,
Quảng Ninh,Trung du miền núi Bắc Bộ,2025-12-27,16.211111111111112,19.444444444444443,13.544444444444444,14.61111111111111,18.711111111111112,11.155555555555557,0.0,0.0,0.0,0.0,66.77777777777777,16.644444444444446,31.077777777777776,15.403333333333332,1019.9444444444443,19.666666666666668,9.877777777777778,0.0,3.0266666666666664,21.0064,107.2925,10.02111111111111,10.86,12,52,2,36,1970-01-21 10:46:56.733333333,1970-01-21 10:47:35.840000000,Đông,,,
Quảng Ninh,Trung du miền núi Bắc Bộ,2025-12-28,17.666666666666668,20.64444444444445,14.855555555555554,17.155555555555555,20.766666666666666,13.72222222222222,0.0,0.0,0.0,0.0,71.22222222222223,14.011111111111113,27.044444444444444,13.342222222222222,1018.9111111111112,55.111111111111114,12.211111111111112,0.0,2.658888888888889,21.0064,107.2925,7.54,10.865555555555554,12,52,3,56,1970-01-21 10:48:23.166666666,1970-01-21 10:49:02.266666666,Đông,,,
Quảng Ninh,Trung du miền núi Bắc Bộ,2025-12-29,18.6,21.12222222222222,16.211111111111112,18.966666666666665,21.544444444444444,16.266666666666666,0.0333333333333333,0.0333333333333333,0.0,0.3333333333333333,79.33333333333333,11.666666666666666,24.01111111111111,12.446666666666664,1016.3888888888888,60.44444444444444,14.822222222222225,0.0,2.322222222222222,21.0064,107.2925,7.817777777777778,10.867777777777778,12,1,3,67,1970-01-21 10:49:49.580000000,1970-01-21 10:50:28.706666666,Đông,,,
Quảng Ninh,Trung du miền núi Bắc Bộ,2025-12-30,19.344444444444445,21.822222222222223,17.444444444444443,20.066666666666663,22.35555555555555,18.11111111111111,0.3333333333333333,0.3333333333333333,0.0,2.2222222222222223,83.77777777777777,18.41111111111111,35.28888888888889,12.154444444444444,1015.3,51.44444444444444,16.444444444444443,0.0,2.2055555555555557,21.0064,107.2925,9.092222222222222,10.87,12,1,51,66,1970-01-21 10:51:16.006666666,1970-01-21 10:51:55.133333333,Đông,,,
Quảng Ninh,Trung du miền núi Bắc Bộ,2025-12-31,19.61111111111111,22.288888888888888,17.01111111111111,20.299999999999997,22.544444444444444,18.11111111111111,0.0222222222222222,0.0222222222222222,0.0,0.2222222222222222,83.0,16.966666666666665,34.12222222222223,13.196666666666664,1012.8888888888888,73.22222222222223,16.51111111111111,0.0,2.427777777777778,21.0064,107.2925,8.712222222222222,10.875555555555556,12,1,3,71,1970-01-21 10:52:42.426666666,1970-01-21 10:53:21.580000000,Đông,,,
Quảng Ninh,Trung du miền núi Bắc Bộ,2026-01-01,19.422222222222224,22.12222222222222,16.855555555555554,19.322222222222223,22.711111111111112,14.811111111111112,1.3222222222222222,1.3222222222222222,0.0,5.0,83.33333333333333,24.9,45.62222222222223,12.52,1016.4666666666668,70.77777777777777,16.477777777777778,0.0,2.395555555555555,21.0064,107.2925,9.146666666666668,10.88,1,1,53,60,1970-01-21 10:54:08.840000000,1970-01-21 10:54:48.013333333,Đông,,,
Quảng Ninh,Trung du miền núi Bắc Bộ,2026-01-02,16.455555555555556,18.288888888888888,14.844444444444443,13.833333333333334,15.622222222222222,11.68888888888889,0.4222222222222222,0.4222222222222222,0.0,2.7777777777777777,72.88888888888889,26.022222222222226,47.87777777777777,9.866666666666667,1022.2444444444444,80.33333333333333,11.522222222222222,0.0,2.4944444444444445,21.0064,107.2925,5.065555555555556,10.885555555555555,1,1,51,31,1970-01-21 10:55:35.266666666,1970-01-21 10:56:14.446666666,Đông,,,
Quảng Ninh,Trung du miền núi Bắc Bộ,2026-01-03,15.466666666666663,17.677777777777777,13.81111111111111,13.166666666666666,16.299999999999997,11.022222222222222,0.0,0.0,0.0,0.0,72.22222222222223,23.37777777777778,43.91111111111111,12.074444444444444,1022.9,47.77777777777778,10.38888888888889,0.0,2.536666666666667,21.0064,107.2925,7.9655555555555555,10.89,1,1,3,58,1970-01-21 10:57:01.686666666,1970-01-21 10:57:40.880000000,Đông,,,
Quảng Ninh,Trung du miền núi Bắc Bộ,2026-01-04,17.244444444444444,19.433333333333337,15.488888888888887,16.655555555555555,18.85555555555556,14.355555555555554,1.822222222222222,1.822222222222222,0.0,5.777777777777778,84.44444444444444,19.822222222222223,36.95555555555555,9.34,1020.3777777777776,82.77777777777777,14.544444444444444,0.0,1.751111111111111,21.0064,107.2925,5.257777777777778,10.895555555555555,1,1,51,46,1970-01-21 10:58:28.093333333,1970-01-21 10:59:07.313333333,Đông,,,
Quảng Ninh,Trung du miền núi Bắc Bộ,2026-01-05,16.322222222222223,18.811111111111114,14.122222222222224,14.677777777777775,17.81111111111111,11.655555555555557,0.0,0.0,0.0,0.0,78.0,21.700000000000003,40.644444444444446,10.365555555555556,1021.8333333333334,69.55555555555556,12.355555555555556,0.0,2.1177777777777775,21.0064,107.2925,5.88,10.901111111111112,1,2,3,20,1970-01-21 10:59:54.500000000,1970-01-21 11:00:33.760000000,Đông,,,
Quảng Ninh,Trung du miền núi Bắc Bộ,2026-01-06,14.2,15.344444444444443,13.22222222222222,11.5,12.72222222222222,10.3,0.1555555555555555,0.1555555555555555,0.0,1.1111111111111112,67.22222222222223,21.366666666666667,39.67777777777778,6.0633333333333335,1025.5666666666666,88.22222222222223,8.077777777777778,0.0,1.887777777777778,21.0064,107.2925,0.9322222222222224,10.908888888888889,1,2,3,8,1970-01-21 11:01:20.926666666,1970-01-21 11:02:00.200000000,Đông,,,
Quảng Ninh,Trung du miền núi Bắc Bộ,2026-01-07,14.544444444444444,17.855555555555554,11.588888888888889,11.8,15.577777777777776,8.588888888888889,0.0,0.0,0.0,0.0,58.111111111111114,19.066666666666663,36.87777777777777,16.90222222222222,1026.0888888888887,6.111111111111111,6.044444444444444,0.0,3.43,21.0064,107.2925,10.02,10.91777777777778,1,2,1,12,1970-01-21 11:02:47.333333333,1970-01-21 11:03:26.626666666,Đông,,,
Quảng Ninh,Trung du miền núi Bắc Bộ,2026-01-08,14.7,18.688888888888886,10.833333333333334,12.3,16.58888888888889,8.377777777777778,0.0,0.0,0.0,0.0,58.0,15.688888888888888,31.133333333333333,17.15111111111111,1025.888888888889,23.88888888888889,6.0,0.0,3.351111111111111,21.0064,107.2925,10.035555555555554,10.925555555555556,1,2,3,31,1970-01-21 11:04:13.746666666,1970-01-21 11:04:53.080000000,Đông,,,
Quảng Ninh,Trung du miền núi Bắc Bộ,2026-01-09,14.988888888888887,18.822222222222223,11.933333333333334,13.18888888888889,17.133333333333336,9.644444444444444,0.0,0.0,0.0,0.0,63.44444444444444,13.577777777777778,27.955555555555556,17.234444444444446,1022.9777777777776,60.666666666666664,7.566666666666666,0.0,3.158888888888889,21.0064,107.2925,10.02888888888889,10.933333333333332,1,2,3,76,1970-01-21 11:05:40.153333333,1970-01-21 11:06:19.520000000,Đông,,,
Quảng Ninh,Trung du miền núi Bắc Bộ,2026-01-10,15.38888888888889,19.822222222222223,11.511111111111113,14.377777777777778,19.266666666666666,10.044444444444444,0.0,0.0,0.0,0.0,71.33333333333333,11.61111111111111,25.022222222222226,17.18,1021.0333333333332,16.333333333333332,9.866666666666667,0.0,2.927777777777778,21.0064,107.2925,10.02888888888889,10.94111111111111,1,2,3,74,1970-01-21 11:07:06.560000000,1970-01-21 11:07:45.946666666,Đông,,,
Quảng Ninh,Trung du miền núi Bắc Bộ,2026-01-11,16.177777777777777,20.38888888888889,12.544444444444444,14.644444444444446,18.833333333333332,10.81111111111111,0.0,0.0,0.0,0.0,64.22222222222223,15.91111111111111,32.400000000000006,17.231111111111108,1023.0333333333332,30.333333333333332,8.988888888888889,0.0,3.212222222222222,21.0064,107.2925,10.03,10.95111111111111,1,2,3,40,1970-01-21 11:08:32.973333333,1970-01-21 11:09:12.400000000,Đông,,,
Quảng Ninh,Trung du miền núi Bắc Bộ,2026-01-12,16.77777777777778,20.311111111111114,13.5,16.4,20.177777777777777,12.455555555555556,0.0555555555555555,0.0555555555555555,0.0,0.5555555555555556,75.77777777777777,13.433333333333334,26.811111111111114,12.792222222222222,1020.8555555555556,30.11111111111111,12.355555555555556,0.0,2.3577777777777778,21.0064,107.2925,8.957777777777778,10.961111111111112,1,3,3,43,1970-01-21 11:09:59.380000000,1970-01-21 11:10:38.840000000,Đông,,,
Quảng Ninh,Trung du miền núi Bắc Bộ,2026-01-13,17.044444444444444,21.72222222222222,13.511111111111113,17.11111111111111,22.344444444444445,12.988888888888887,0.0,0.0,0.0,0.0,78.0,13.11111111111111,26.322222222222223,16.842222222222222,1019.311111111111,5.777777777777778,12.9,0.0,2.8744444444444444,21.0064,107.2925,10.013333333333334,10.971111111111112,1,3,0,33,1970-01-21 11:11:25.786666666,1970-01-21 11:12:05.266666666,Đông,,,
Quảng Ninh,Trung du miền núi Bắc Bộ,2026-01-14,17.455555555555556,21.555555555555557,13.533333333333331,17.700000000000003,22.433333333333337,13.088888888888889,0.0,0.0,0.0,0.0,80.22222222222223,13.088888888888889,25.755555555555553,16.9,1016.6666666666666,14.11111111111111,13.72222222222222,0.0,2.8499999999999996,21.0064,107.2925,9.996666666666666,10.981111111111112,1,3,1,47,1970-01-21 11:12:52.193333333,1970-01-21 11:13:31.726666666,Đông,,,
Quảng Ninh,Trung du miền núi Bắc Bộ,2026-01-15,18.77777777777778,21.700000000000003,16.644444444444446,19.933333333333337,23.066666666666663,17.333333333333332,0.3222222222222222,0.3222222222222222,0.0,1.8888888888888888,87.33333333333333,12.122222222222222,24.844444444444445,12.017777777777775,1016.3555555555556,57.666666666666664,16.51111111111111,0.0,2.0855555555555556,21.0064,107.2925,7.626666666666667,10.991111111111111,1,3,51,85,1970-01-21 11:14:18.593333333,1970-01-21 11:14:58.160000000,Đông,,,
Quảng Ninh,Trung du miền núi Bắc Bộ,2026-01-16,19.033333333333335,22.033333333333335,16.61111111111111,20.833333333333332,23.62222222222222,18.14444444444445,0.4333333333333333,0.4333333333333333,0.0,2.0,92.22222222222224,12.144444444444444,25.311111111111114,11.31111111111111,1013.4,62.55555555555556,17.633333333333333,0.0,1.9266666666666667,21.0064,107.2925,6.587777777777777,11.001111111111111,1,3,3,127,1970-01-21 11:15:44.993333333,1970-01-21 11:16:24.593333333,Đông,,,
Quảng Ninh,Trung du miền núi Bắc Bộ,2026-01-17,19.022222222222226,20.77777777777778,17.688888888888886,21.044444444444444,22.933333333333337,19.311111111111114,4.844444444444445,4.844444444444445,0.0,12.22222222222222,95.88888888888889,10.488888888888887,20.444444444444443,7.265555555555555,1012.7777777777778,76.66666666666667,18.35555555555555,0.0,1.2144444444444444,21.0064,107.2925,3.218888888888889,11.013333333333334,1,3,61,57,1970-01-21 11:17:11.393333333,1970-01-21 11:17:51.046666666,Đông,,,
Quảng Ninh,Trung du miền núi Bắc Bộ,2026-01-18,18.98888888888889,22.366666666666667,16.61111111111111,20.433333333333337,24.166666666666668,17.788888888888888,0.0777777777777777,0.0777777777777777,0.0,0.5555555555555556,89.11111111111111,12.866666666666667,27.044444444444444,15.797777777777778,1012.1666666666666,56.0,17.01111111111111,0.0,2.586666666666667,21.0064,107.2925,9.818888888888887,11.02777777777778,1,3,3,48,1970-01-21 11:18:37.793333333,1970-01-21 11:19:17.486666666,Đông,,,
Quảng Ninh,Trung du miền núi Bắc Bộ,2026-01-19,19.433333333333337,22.200000000000003,17.08888888888889,20.944444444444443,23.91111111111111,17.944444444444443,0.5666666666666667,0.5666666666666667,0.0,3.111111111111111,89.33333333333333,13.577777777777778,27.72222222222222,12.944444444444445,1012.9888888888888,55.333333333333336,17.566666666666666,0.0,2.1733333333333333,21.0064,107.2925,8.937777777777777,11.038888888888888,1,4,51,91,1970-01-21 11:20:04.193333333,1970-01-21 11:20:43.920000000,Đông,,,
Quảng Ninh,Trung du miền núi Bắc Bộ,2026-01-20,20.0,22.08888888888889,18.11111111111111,21.066666666666663,23.01111111111111,16.87777777777778,1.8444444444444448,1.8444444444444448,0.0,7.444444444444445,91.0,23.366666666666667,42.12222222222223,12.295555555555556,1015.3666666666666,59.44444444444444,18.444444444444443,0.0,2.02,21.0064,107.2925,9.227777777777778,11.05,1,4,51,109,1970-01-21 11:21:30.593333333,1970-01-21 11:22:10.366666666,Đông,,,
Quảng Ninh,Trung du miền núi Bắc Bộ,2026-01-21,15.866666666666667,17.711111111111112,12.655555555555557,13.055555555555555,15.566666666666666,9.555555555555555,0.0444444444444444,0.0444444444444444,0.0,0.4444444444444444,78.66666666666667,28.966666666666665,53.43333333333333,8.343333333333334,1019.8666666666666,85.33333333333333,12.11111111111111,0.0,2.002222222222222,21.0064,107.2925,2.53,11.061111111111112,1,4,3,48,1970-01-21 11:22:56.986666666,1970-01-21 11:23:36.806666666,Đông,,,
Quảng Ninh,Trung du miền núi Bắc Bộ,2026-01-22,11.944444444444445,13.11111111111111,10.933333333333334,8.822222222222223,10.455555555555556,7.2555555555555555,1.7666666666666666,1.7666666666666666,0.0,6.555555555555555,77.11111111111111,24.788888888888888,44.766666666666666,6.435555555555556,1024.0555555555557,99.33333333333331,8.011111111111111,0.0,1.4522222222222223,21.0064,107.2925,0.7177777777777777,11.073333333333332,1,4,53,10,1970-01-21 11:24:23.380000000,1970-01-21 11:25:03.240000000,Đông,,,
Quảng Ninh,Trung du miền núi Bắc Bộ,2026-01-23,12.822222222222225,15.58888888888889,10.77777777777778,10.766666666666667,14.22222222222222,8.166666666666666,0.0,0.0,0.0,0.0,77.0,16.422222222222224,31.15555555555555,9.934444444444445,1024.4222222222222,85.77777777777777,8.8,0.0,1.8233333333333333,21.0064,107.2925,4.527777777777778,11.088888888888889,1,4,3,50,1970-01-21 11:25:49.760000000,1970-01-21 11:26:29.686666666,Đông,,,
Quảng Ninh,Trung du miền núi Bắc Bộ,2026-01-24,14.52222222222222,16.41111111111111,13.11111111111111,13.3,15.788888888888888,11.077777777777778,0.1111111111111111,0.1111111111111111,0.0,1.1111111111111112,82.0,15.966666666666663,29.233333333333334,7.291111111111111,1022.0111111111112,97.11111111111111,11.466666666666669,0.0,1.4255555555555557,21.0064,107.2925,1.2111111111111112,11.1,1,4,51,67,1970-01-21 11:27:16.153333333,1970-01-21 11:27:56.120000000,Đông,,,
Quảng Ninh,Trung du miền núi Bắc Bộ,2026-01-25,17.355555555555554,19.48888888888889,14.811111111111112,18.211111111111112,21.188888888888886,14.633333333333333,1.9,1.9,0.0,8.666666666666666,92.33333333333331,13.288888888888888,26.08888888888889,6.481111111111111,1018.1,91.11111111111111,16.055555555555557,0.0,1.1566666666666667,21.0064,107.2925,2.138888888888889,11.115555555555554,1,4,51,53,1970-01-21 11:28:42.546666666,1970-01-21 11:29:22.546666666,Đông,,,
Quảng Ninh,Trung du miền núi Bắc Bộ,2026-01-26,18.64444444444445,21.166666666666668,16.944444444444443,19.677777777777777,22.344444444444445,17.677777777777777,0.4777777777777777,0.4777777777777777,0.0,2.3333333333333335,91.77777777777776,15.866666666666667,31.044444444444448,14.018888888888888,1019.6,56.22222222222222,17.22222222222222,0.0,2.203333333333333,21.0064,107.2925,9.343333333333334,11.13,1,5,51,48,1970-01-21 11:30:08.940000000,1970-01-21 11:30:49.006666666,Đông,,,
Quảng Ninh,Trung du miền núi Bắc Bộ,2026-01-27,18.48888888888889,21.822222222222223,16.288888888888888,19.022222222222226,22.91111111111111,16.211111111111112,0.0222222222222222,0.0222222222222222,0.0,0.2222222222222222,84.22222222222223,15.344444444444443,30.11111111111111,17.263333333333335,1020.1777777777778,27.666666666666668,15.6,0.0,2.8833333333333333,21.0064,107.2925,9.844444444444443,11.143333333333334,1,5,3,49,1970-01-21 11:31:35.320000000,1970-01-21 11:32:15.440000000,Đông,,,
Quảng Ninh,Trung du miền núi Bắc Bộ,2026-01-28,17.566666666666666,20.61111111111111,15.033333333333337,17.38888888888889,20.955555555555556,14.444444444444445,0.0,0.0,0.0,0.0,80.55555555555556,17.533333333333335,35.12222222222223,17.94666666666667,1020.1444444444444,7.0,13.988888888888887,0.0,2.981111111111111,21.0064,107.2925,10.204444444444444,11.16,1,5,1,84,1970-01-21 11:33:01.700000000,1970-01-21 11:33:41.866666666,Đông,,,
Quảng Ninh,Trung du miền núi Bắc Bộ,2026-01-29,18.799999999999997,21.466666666666665,16.155555555555555,20.066666666666663,23.055555555555557,16.5,1.5444444444444445,1.5444444444444445,0.0,6.555555555555555,90.44444444444444,14.966666666666663,30.366666666666667,13.573333333333332,1017.5888888888888,47.0,17.188888888888886,0.0,2.211111111111111,21.0064,107.2925,9.064444444444444,11.173333333333334,1,5,51,126,1970-01-21 11:34:28.086666666,1970-01-21 11:35:08.313333333,Đông,,,
Quảng Ninh,Trung du miền núi Bắc Bộ,2026-01-30,19.133333333333333,21.799999999999997,17.255555555555556,20.744444444444444,23.6,18.48888888888889,0.6888888888888889,0.6888888888888889,0.0,3.6666666666666665,93.33333333333331,13.655555555555557,27.4,13.022222222222222,1018.1444444444444,56.888888888888886,17.955555555555556,0.0,2.091111111111111,21.0064,107.2925,8.965555555555556,11.19,1,5,51,66,1970-01-21 11:35:54.473333333,1970-01-21 11:36:34.746666666,Đông,,,
Quảng Ninh,Trung du miền núi Bắc Bộ,2026-01-31,18.22222222222222,21.455555555555556,15.9,17.644444444444446,21.61111111111111,14.11111111111111,0.0,0.0,0.0,0.0,79.77777777777777,21.37777777777778,38.84444444444445,15.841111111111111,1020.922222222222,40.333333333333336,14.455555555555556,0.0,2.913333333333333,21.0064,107.2925,9.9,11.205555555555556,1,5,3,71,1970-01-21 11:37:20.846666666,1970-01-21 11:38:01.186666666,Đông,,,
Quảng Ninh,Trung du miền núi Bắc Bộ,2026-02-01,16.577777777777776,19.311111111111114,14.655555555555557,14.811111111111112,18.055555555555557,12.344444444444443,0.0,0.0,0.0,0.0,73.0,20.34444444444445,37.47777777777778,12.675555555555556,1022.5222222222224,43.888888888888886,11.6,0.0,2.683333333333333,21.0064,107.2925,7.958888888888889,11.22,2,5,3,50,1970-01-21 11:38:47.226666666,1970-01-21 11:39:27.620000000,Đông,,,
Quảng Ninh,Trung du miền núi Bắc Bộ,2026-02-02,16.955555555555556,19.72222222222222,14.933333333333334,15.233333333333333,18.633333333333333,12.966666666666669,0.0,0.0,0.0,0.0,69.77777777777777,19.833333333333332,37.233333333333334,12.632222222222222,1023.8666666666666,49.55555555555556,11.266666666666667,0.0,2.8255555555555554,21.0064,107.2925,6.930000000000001,11.236666666666666,2,6,3,64,1970-01-21 11:40:13.613333333,1970-01-21 11:40:54.053333333,Đông,,,
Quảng Ninh,Trung du miền núi Bắc Bộ,2026-02-03,16.422222222222224,19.755555555555556,13.766666666666667,15.877777777777778,20.0,12.488888888888887,0.0111111111111111,0.0111111111111111,0.0,0.1111111111111111,78.22222222222223,16.522222222222222,32.922222222222224,16.54222222222222,1023.0,43.44444444444444,12.488888888888887,0.0,2.7911111111111113,21.0064,107.2925,9.83,11.25,2,6,3,40,1970-01-21 11:41:39.980000000,1970-01-21 11:42:20.506666666,Đông,,,
Quảng Ninh,Trung du miền núi Bắc Bộ,2026-02-04,17.88888888888889,21.577777777777776,14.633333333333333,18.85555555555555,23.08888888888889,14.91111111111111,0.0222222222222222,0.0222222222222222,0.0,0.2222222222222222,84.33333333333333,10.333333333333334,22.58888888888889,15.645555555555555,1018.3444444444444,31.22222222222222,15.02222222222222,0.0,2.6755555555555555,21.0064,107.2925,9.131111111111112,11.27,2,6,3,95,1970-01-21 11:43:06.366666666,1970-01-21 11:43:46.933333333,Đông,,,
Quảng Ninh,Trung du miền núi Bắc Bộ,2026-02-05,19.48888888888889,21.522222222222226,16.677777777777777,21.4,23.366666666666667,18.022222222222226,1.1777777777777778,1.1777777777777778,0.0,6.333333333333333,94.11111111111111,13.88888888888889,26.844444444444445,9.177777777777775,1015.3,78.22222222222223,18.5,0.0,1.5477777777777777,21.0064,107.2925,3.926666666666667,11.286666666666669,2,6,51,117,1970-01-21 11:44:32.740000000,1970-01-21 11:45:13.366666666,Đông,,,
Quảng Ninh,Trung du miền núi Bắc Bộ,2026-02-06,20.266666666666666,22.53333333333333,18.366666666666667,22.62222222222222,25.14444444444445,20.433333333333337,1.088888888888889,1.088888888888889,0.0,4.666666666666667,94.88888888888889,14.455555555555556,28.11111111111111,8.801111111111112,1014.5333333333332,78.55555555555556,19.37777777777778,0.0,1.5422222222222224,21.0064,107.2925,2.9944444444444445,11.302222222222222,2,6,51,82,1970-01-21 11:45:59.106666666,1970-01-21 11:46:39.800000000,Đông,,,
Quảng Ninh,Trung du miền núi Bắc Bộ,2026-02-07,19.922222222222224,22.744444444444444,18.044444444444444,20.688888888888886,23.844444444444445,17.11111111111111,0.1,0.1,0.0,0.8888888888888888,86.44444444444444,24.633333333333333,43.08888888888889,15.417777777777776,1016.7222222222222,55.0,17.466666666666665,0.0,2.7366666666666664,21.0064,107.2925,8.645555555555555,11.32,2,6,51,57,1970-01-21 11:47:25.493333333,1970-01-21 11:48:06.233333333,Đông,,,
Quảng Ninh,Trung du miền núi Bắc Bộ,2026-02-08,16.055555555555557,18.966666666666665,13.27777777777778,13.122222222222224,17.044444444444444,10.344444444444443,1.4333333333333331,1.4333333333333331,0.0,6.888888888888889,76.77777777777777,31.54444444444444,56.233333333333334,4.489999999999999,1022.0333333333332,98.33333333333331,11.911111111111111,0.0,1.8122222222222224,21.0064,107.2925,0.0333333333333333,11.337777777777776,2,6,51,41,1970-01-21 11:48:51.853333333,1970-01-21 11:49:32.680000000,Đông,,,
Quảng Ninh,Trung du miền núi Bắc Bộ,2026-02-09,15.38888888888889,17.41111111111111,13.566666666666666,13.8,16.833333333333332,10.744444444444444,1.0666666666666669,1.0666666666666669,0.0,4.222222222222222,79.77777777777777,22.72222222222222,41.18888888888889,6.555555555555555,1020.422222222222,99.77777777777776,11.9,0.0,1.6277777777777778,21.0064,107.2925,0.5122222222222222,11.354444444444445,2,7,53,49,1970-01-21 11:50:18.240000000,1970-01-21 11:50:59.100000000,Đông,,,
Quảng Ninh,Trung du miền núi Bắc Bộ,2026-02-10,18.35555555555555,20.533333333333335,16.27777777777778,19.733333333333334,22.788888888888888,16.299999999999997,2.533333333333333,2.533333333333333,0.0,10.333333333333334,92.77777777777776,13.444444444444445,23.555555555555557,6.121111111111111,1018.4111111111112,91.66666666666669,17.144444444444446,0.0,1.1688888888888889,21.0064,107.2925,0.2266666666666666,11.37,2,7,51,47,1970-01-21 11:51:44.593333333,1970-01-21 11:52:25.546666666,Đông,,,
Quảng Ninh,Trung du miền núi Bắc Bộ,2026-02-11,18.533333333333335,20.27777777777778,17.08888888888889,18.655555555555555,20.61111111111111,16.68888888888889,1.0444444444444445,1.0444444444444445,0.0,3.7777777777777777,87.77777777777777,19.299999999999997,34.72222222222222,11.50111111111111,1020.2666666666668,85.0,16.38888888888889,0.0,1.9755555555555555,21.0064,107.2925,6.842222222222222,11.39,2,7,51,57,1970-01-21 11:53:10.980000000,1970-01-21 11:53:51.966666666,Đông,,,
Quảng Ninh,Trung du miền núi Bắc Bộ,2026-02-12,18.677777777777777,20.98888888888889,16.88888888888889,19.366666666666667,21.944444444444443,16.655555555555555,0.1666666666666666,0.1666666666666666,0.0,1.5555555555555556,89.0,16.355555555555554,32.18888888888889,9.85,1018.077777777778,87.77777777777777,16.833333333333332,0.0,1.7444444444444445,21.0064,107.2925,3.578888888888889,11.407777777777778,2,7,51,55,1970-01-21 11:54:37.326666666,1970-01-21 11:55:18.406666666,Đông,,,
Quảng Ninh,Trung du miền núi Bắc Bộ,2026-02-13,19.922222222222224,22.72222222222222,18.200000000000003,21.811111111111114,25.066666666666663,19.822222222222223,1.2888888888888888,1.2888888888888888,0.0,5.333333333333333,92.88888888888889,14.488888888888887,27.711111111111112,12.992222222222225,1016.1444444444444,65.55555555555556,18.633333333333333,0.0,2.2055555555555557,21.0064,107.2925,7.544444444444445,11.425555555555556,2,7,51,85,1970-01-21 11:56:03.720000000,1970-01-21 11:56:44.826666666,Đông,,,
Quảng Ninh,Trung du miền núi Bắc Bộ,2026-02-14,19.9,23.044444444444444,17.644444444444446,22.03333333333333,25.344444444444445,19.333333333333332,0.0444444444444444,0.0444444444444444,0.0,0.4444444444444444,92.77777777777776,13.8,28.188888888888886,14.937777777777775,1015.6555555555556,72.22222222222223,18.555555555555557,0.0,2.521111111111111,21.0064,107.2925,9.038888888888888,11.44222222222222,2,7,3,69,1970-01-21 11:57:30.066666666,1970-01-21 11:58:11.266666666,Đông,,,
Quảng Ninh,Trung du miền núi Bắc Bộ,2026-02-15,20.322222222222223,23.322222222222223,18.533333333333335,22.700000000000003,25.555555555555557,20.88888888888889,0.3111111111111111,0.3111111111111111,0.0,2.6666666666666665,92.0,11.866666666666667,24.555555555555557,13.375555555555556,1014.6111111111112,75.0,18.844444444444445,0.0,2.351111111111111,21.0064,107.2925,7.602222222222222,11.46,2,7,51,87,1970-01-21 11:58:56.433333333,1970-01-21 11:59:37.686666666,Đông,,,
Quảng Ninh,Trung du miền núi Bắc Bộ,2026-02-16,21.066666666666663,24.311111111111114,18.88888888888889,23.51111111111111,27.444444444444443,21.033333333333335,0.1777777777777777,0.1777777777777777,0.0,1.6666666666666667,89.11111111111111,12.58888888888889,25.72222222222222,17.029999999999998,1014.6111111111112,59.666666666666664,19.0,0.0,3.031111111111111,21.0064,107.2925,9.6,11.47777777777778,2,8,51,79,1970-01-21 12:00:22.800000000,1970-01-21 12:01:04.126666666,Đông,,,
Quảng Ninh,Trung du miền núi Bắc Bộ,2026-02-17,20.266666666666666,22.266666666666666,17.922222222222224,19.944444444444443,22.788888888888888,16.766666666666666,0.0666666666666666,0.0666666666666666,0.0,0.6666666666666666,79.55555555555556,23.455555555555556,43.888888888888886,14.67,1017.2888888888888,56.111111111111114,16.48888888888889,0.0,3.0,21.0064,107.2925,8.67,11.497777777777776,2,8,3,53,1970-01-21 12:01:49.160000000,1970-01-21 12:02:30.546666666,Đông,,,
Quảng Ninh,Trung du miền núi Bắc Bộ,2026-02-18,18.6,20.61111111111111,17.1,17.12222222222222,19.455555555555556,15.1,0.6888888888888889,0.6888888888888889,0.0,2.111111111111111,77.0,26.477777777777774,49.0,15.37,1020.5444444444444,77.44444444444444,14.422222222222224,0.0,3.026666666666667,21.0064,107.2925,8.287777777777778,11.516666666666666,2,8,51,70,1970-01-21 12:03:15.540000000,1970-01-21 12:03:56.986666666,Đông,,,
Quảng Ninh,Trung du miền núi Bắc Bộ,2026-02-19,19.4,22.055555555555557,17.5,18.833333333333332,22.58888888888889,16.077777777777776,0.0,0.0,0.0,0.0,76.88888888888889,22.933333333333337,43.58888888888889,17.906666666666666,1021.5222222222224,48.111111111111114,15.177777777777775,0.0,3.388888888888889,21.0064,107.2925,10.043333333333331,11.535555555555554,2,8,3,53,1970-01-21 12:04:41.880000000,1970-01-21 12:05:23.406666666,Đông,,,
Quảng Ninh,Trung du miền núi Bắc Bộ,2026-02-20,18.64444444444445,22.366666666666667,16.211111111111112,19.211111111111112,24.155555555555555,16.144444444444446,0.0,0.0,0.0,0.0,79.77777777777777,17.12222222222222,33.24444444444444,18.775555555555556,1019.4333333333332,15.666666666666666,14.933333333333334,0.0,3.2944444444444443,21.0064,107.2925,10.795555555555556,11.555555555555555,2,8,3,70,1970-01-21 12:06:08.233333333,1970-01-21 12:06:49.846666666,Đông,,,
Quảng Ninh,Trung du miền núi Bắc Bộ,2026-02-21,19.677777777777777,22.655555555555555,16.666666666666668,21.433333333333337,24.077777777777776,17.955555555555556,0.5222222222222223,0.5222222222222223,0.0,3.7777777777777777,89.44444444444444,15.455555555555556,31.200000000000003,13.55,1011.3444444444444,55.55555555555556,17.8,0.0,2.3722222222222222,21.0064,107.2925,8.542222222222222,11.573333333333332,2,8,51,176,1970-01-21 12:07:34.620000000,1970-01-21 12:08:16.260000000,Đông,,,
Quảng Ninh,Trung du miền núi Bắc Bộ,2026-02-22,20.72222222222222,22.266666666666666,19.077777777777776,22.577777777777776,23.92222222222222,20.85555555555555,0.2444444444444444,0.2444444444444444,0.0,2.0,92.0,15.566666666666666,29.72222222222222,7.703333333333333,1010.5333333333332,97.88888888888889,19.333333333333332,0.0,1.4233333333333331,21.0064,107.2925,1.401111111111111,11.593333333333334,2,8,51,61,1970-01-21 12:09:00.960000000,1970-01-21 12:09:42.700000000,Đông,,,
Quảng Ninh,Trung du miền núi Bắc Bộ,2026-02-23,21.07777777777778,22.766666666666666,19.811111111111114,23.799999999999997,25.566666666666663,22.0,2.5666666666666664,2.5666666666666664,0.0,5.555555555555555,93.55555555555556,12.266666666666667,24.955555555555556,8.07,1010.9666666666668,85.66666666666667,19.966666666666665,0.0,1.4633333333333334,21.0064,107.2925,3.1544444444444446,11.613333333333332,2,9,51,86,1970-01-21 12:10:27.306666666,1970-01-21 12:11:09.120000000,Đông,,,
Quảng Ninh,Trung du miền núi Bắc Bộ,2026-02-24,21.41111111111111,23.366666666666667,20.077777777777776,24.422222222222224,26.177777777777777,22.866666666666667,0.2222222222222222,0.2222222222222222,0.0,2.0,93.77777777777776,10.555555555555555,20.244444444444444,7.781111111111112,1012.2777777777778,95.33333333333331,20.311111111111114,0.0,1.49,21.0064,107.2925,1.2133333333333334,11.633333333333333,2,9,51,82,1970-01-21 12:11:53.673333333,1970-01-21 12:12:35.553333333,Đông,,,
Quảng Ninh,Trung du miền núi Bắc Bộ,2026-02-25,21.12222222222222,23.444444444444443,19.72222222222222,24.01111111111111,26.177777777777777,22.533333333333335,0.7111111111111111,0.7111111111111111,0.0,3.5555555555555554,93.66666666666669,11.877777777777778,24.155555555555555,10.796666666666669,1012.9444444444443,89.33333333333333,20.0,0.0,1.9344444444444444,21.0064,107.2925,5.261111111111111,11.653333333333332,2,9,51,60,1970-01-21 12:13:20.040000000,1970-01-21 12:14:01.973333333,Đông,,,
Quảng Ninh,Trung du miền núi Bắc Bộ,2026-02-26,20.711111111111112,22.61111111111111,19.11111111111111,23.744444444444444,25.522222222222226,21.966666666666665,0.7444444444444445,0.7444444444444445,0.0,4.222222222222222,95.22222222222224,9.77777777777778,20.2,6.835555555555555,1010.3333333333334,93.66666666666669,19.844444444444445,0.0,1.3155555555555556,21.0064,107.2925,0.5166666666666667,11.67111111111111,2,9,51,116,1970-01-21 12:14:46.380000000,1970-01-21 12:15:28.386666666,Đông,,,
Quảng Ninh,Trung du miền núi Bắc Bộ,2026-02-27,22.14444444444445,24.27777777777778,20.155555555555555,25.544444444444444,27.288888888888888,23.48888888888889,0.8444444444444446,0.8444444444444446,0.0,5.0,94.33333333333331,13.933333333333334,27.244444444444444,9.93888888888889,1007.9111111111112,89.44444444444444,21.11111111111111,0.0,1.86,21.0064,107.2925,3.6822222222222223,11.69111111111111,2,9,51,129,1970-01-21 12:16:12.726666666,1970-01-21 12:16:54.826666666,Đông,,,
Quảng Ninh,Trung du miền núi Bắc Bộ,2026-02-28,23.07777777777778,25.288888888888888,21.833333333333332,26.244444444444444,28.155555555555555,25.188888888888886,2.1222222222222222,2.1222222222222222,0.0,6.888888888888889,94.66666666666669,20.755555555555556,39.75555555555556,14.436666666666667,1006.6666666666666,72.66666666666667,22.133333333333333,0.0,2.3877777777777776,21.0064,107.2925,8.057777777777778,11.71,2,9,51,132,1970-01-21 12:17:39.093333333,1970-01-21 12:18:21.240000000,Đông,,,
Quảng Ninh,Trung du miền núi Bắc Bộ,2026-03-01,23.244444444444444,25.11111111111111,21.91111111111111,27.12222222222222,28.85555555555555,25.311111111111114,1.1777777777777778,1.1777777777777778,0.0,3.111111111111111,95.22222222222224,14.8,28.6,9.266666666666667,1006.6777777777778,83.11111111111111,22.41111111111111,0.0,1.698888888888889,21.0064,107.2925,3.338888888888889,11.72888888888889,3,9,51,105,1970-01-21 12:19:05.460000000,1970-01-21 12:19:47.680000000,Xuân,,,
Quảng Ninh,Trung du miền núi Bắc Bộ,2026-03-02,23.544444444444444,26.477777777777774,21.6,27.11111111111111,31.06666666666667,21.822222222222223,2.288888888888889,2.288888888888889,0.0,4.777777777777778,93.11111111111111,24.155555555555555,40.75555555555556,13.81111111111111,1008.4333333333332,86.33333333333333,22.333333333333332,0.0,2.5966666666666667,21.0064,107.2925,6.6066666666666665,11.748888888888889,3,10,61,80,1970-01-21 12:20:31.800000000,1970-01-21 12:21:14.100000000,Xuân,,,
Quảng Ninh,Trung du miền núi Bắc Bộ,2026-03-03,20.233333333333334,23.022222222222226,17.577777777777776,19.35555555555555,22.655555555555555,15.5,24.811111111111114,24.811111111111114,0.0,8.555555555555555,78.88888888888889,30.233333333333334,53.91111111111111,14.72888888888889,1012.9666666666668,82.55555555555556,16.311111111111114,0.0,3.126666666666667,21.0064,107.2925,7.9,11.768888888888888,3,10,65,51,1970-01-21 12:21:58.146666666,1970-01-21 12:22:40.506666666,Xuân,,,
Quảng Ninh,Trung du miền núi Bắc Bộ,2026-03-04,18.033333333333335,20.96666666666667,15.466666666666663,17.288888888888888,21.799999999999997,14.288888888888888,3.2111111111111112,3.2111111111111112,0.0,5.666666666666667,78.55555555555556,23.022222222222226,41.666666666666664,16.374444444444446,1016.5111111111112,53.888888888888886,14.18888888888889,0.0,3.0977777777777775,21.0064,107.2925,9.264444444444443,11.788888888888888,3,10,61,53,1970-01-21 12:23:24.506666666,1970-01-21 12:24:06.946666666,Xuân,,,
Quảng Ninh,Trung du miền núi Bắc Bộ,2026-03-05,19.044444444444444,21.91111111111111,16.41111111111111,19.366666666666667,23.27777777777778,15.77777777777778,0.0222222222222222,0.0222222222222222,0.0,0.2222222222222222,80.88888888888889,16.77777777777778,32.077777777777776,17.02111111111111,1016.0444444444444,52.0,15.622222222222222,0.0,3.0444444444444443,21.0064,107.2925,9.127777777777778,11.80888888888889,3,10,3,51,1970-01-21 12:24:50.873333333,1970-01-21 12:25:33.360000000,Xuân,,,
Quảng Ninh,Trung du miền núi Bắc Bộ,2026-03-06,20.711111111111112,23.08888888888889,18.51111111111111,21.344444444444445,24.35555555555555,19.188888888888886,0.0,0.0,0.0,0.0,75.66666666666667,18.9,35.91111111111111,17.796666666666667,1016.922222222222,55.0,16.08888888888889,0.0,3.5133333333333336,21.0064,107.2925,8.96888888888889,11.82888888888889,3,10,3,52,1970-01-21 12:26:17.220000000,1970-01-21 12:26:59.800000000,Xuân,,,
Quảng Ninh,Trung du miền núi Bắc Bộ,2026-03-07,20.799999999999997,23.033333333333335,18.98888888888889,21.455555555555556,23.666666666666668,20.1,0.1555555555555555,0.1555555555555555,0.0,1.3333333333333333,80.33333333333333,20.055555555555557,39.12222222222223,15.673333333333334,1017.6444444444444,55.44444444444444,17.22222222222222,0.0,2.9766666666666666,21.0064,107.2925,8.403333333333332,11.848888888888888,3,10,51,76,1970-01-21 12:27:43.560000000,1970-01-21 12:28:26.213333333,Xuân,,,
Quảng Ninh,Trung du miền núi Bắc Bộ,2026-03-08,21.011111111111113,22.844444444444445,19.966666666666665,21.88888888888889,23.51111111111111,20.58888888888889,0.9222222222222224,0.9222222222222224,0.0,5.111111111111111,86.11111111111111,19.655555555555555,37.599999999999994,11.897777777777778,1017.7666666666668,75.22222222222223,18.555555555555557,0.0,2.283333333333333,21.0064,107.2925,5.562222222222222,11.868888888888888,3,10,51,85,1970-01-21 12:29:09.900000000,1970-01-21 12:29:52.620000000,Xuân,,,
Quảng Ninh,Trung du miền núi Bắc Bộ,2026-03-09,20.01111111111111,23.044444444444444,17.0,19.555555555555557,23.35555555555555,14.566666666666666,0.6111111111111112,0.6111111111111112,0.0,2.4444444444444446,80.44444444444444,26.22222222222222,48.63333333333333,11.33222222222222,1020.8444444444444,91.0,16.433333333333334,0.0,2.56,21.0064,107.2925,4.5,11.89,3,11,51,47,1970-01-21 12:30:36.246666666,1970-01-21 12:31:19.060000000,Xuân,,,
Quảng Ninh,Trung du miền núi Bắc Bộ,2026-03-10,17.711111111111112,20.655555555555555,15.52222222222222,16.466666666666665,20.466666666666665,13.61111111111111,0.4333333333333333,0.4333333333333333,0.0,2.7777777777777777,70.22222222222223,21.544444444444444,41.2,16.546666666666667,1022.6333333333334,70.0,12.144444444444444,0.0,3.385555555555556,21.0064,107.2925,8.80111111111111,11.91,3,11,51,48,1970-01-21 12:32:02.600000000,1970-01-21 12:32:45.480000000,Xuân,,,
Quảng Ninh,Trung du miền núi Bắc Bộ,2026-03-11,18.38888888888889,21.533333333333335,15.588888888888889,18.27777777777778,22.655555555555555,14.833333333333334,0.0,0.0,0.0,0.0,74.11111111111111,17.522222222222222,32.166666666666664,17.987777777777776,1019.1222222222224,36.888888888888886,13.577777777777778,0.0,3.3277777777777775,21.0064,107.2925,10.27111111111111,11.93,3,11,3,54,1970-01-21 12:33:28.966666666,1970-01-21 12:34:11.880000000,Xuân,,,
Quảng Ninh,Trung du miền núi Bắc Bộ,2026-03-12,19.522222222222226,22.46666666666667,17.066666666666666,19.58888888888889,22.433333333333337,17.366666666666667,0.0,0.0,0.0,0.0,73.44444444444444,19.233333333333334,38.644444444444446,18.77777777777778,1018.6111111111112,50.77777777777778,14.4,0.0,3.4877777777777776,21.0064,107.2925,10.365555555555556,11.95,3,11,3,75,1970-01-21 12:34:55.313333333,1970-01-21 12:35:38.320000000,Xuân,,,
Quảng Ninh,Trung du miền núi Bắc Bộ,2026-03-13,19.922222222222224,22.744444444444447,17.266666666666666,19.955555555555556,22.61111111111111,17.5,0.0888888888888888,0.0888888888888888,0.0,0.5555555555555556,75.44444444444444,21.766666666666666,43.22222222222222,19.60111111111111,1019.9777777777776,20.333333333333332,15.266666666666667,0.0,3.624444444444445,21.0064,107.2925,11.23,11.97,3,11,3,58,1970-01-21 12:36:21.660000000,1970-01-21 12:37:04.740000000,Xuân,,,
Quảng Ninh,Trung du miền núi Bắc Bộ,2026-03-14,20.544444444444444,22.38888888888889,18.822222222222223,20.366666666666667,22.455555555555556,18.35555555555555,0.2444444444444444,0.2444444444444444,0.0,1.6666666666666667,76.0,23.211111111111112,43.63333333333333,16.917777777777776,1020.2888888888888,51.77777777777778,16.11111111111111,0.0,3.408888888888889,21.0064,107.2925,10.592222222222222,11.99,3,11,51,98,1970-01-21 12:37:48.000000000,1970-01-21 12:38:31.140000000,Xuân,,,
Quảng Ninh,Trung du miền núi Bắc Bộ,2026-03-15,20.87777777777778,22.744444444444444,19.444444444444443,21.811111111111114,23.555555555555557,20.5,1.3111111111111111,1.3111111111111111,0.0,4.555555555555555,84.88888888888889,18.91111111111111,37.96666666666667,16.18,1019.3555555555556,46.333333333333336,18.133333333333333,0.0,2.895555555555555,21.0064,107.2925,9.457777777777778,12.01,3,11,51,75,1970-01-21 12:39:14.340000000,1970-01-21 12:39:57.580000000,Xuân,,,
Quảng Ninh,Trung du miền núi Bắc Bộ,2026-03-16,20.977777777777774,23.22222222222222,19.433333333333337,22.77777777777778,25.055555555555557,20.966666666666665,1.2222222222222223,1.2222222222222223,0.0,5.555555555555555,87.77777777777777,15.155555555555557,30.41111111111111,17.151111111111113,1016.4,27.333333333333332,18.755555555555556,0.0,2.953333333333333,21.0064,107.2925,10.86,12.03,3,12,51,98,1970-01-21 12:40:40.680000000,1970-01-21 12:41:24.000000000,Xuân,,,
Quảng Ninh,Trung du miền núi Bắc Bộ,2026-03-17,21.455555555555556,24.422222222222224,19.455555555555556,23.544444444444444,26.37777777777778,21.533333333333335,0.4555555555555555,0.4555555555555555,0.0,2.6666666666666665,88.0,15.655555555555557,32.43333333333333,17.405555555555555,1014.4,30.77777777777778,19.233333333333334,0.0,3.121111111111111,21.0064,107.2925,10.631111111111112,12.05,3,12,51,116,1970-01-21 12:42:07.020000000,1970-01-21 12:42:50.400000000,Xuân,,,
Quảng Ninh,Trung du miền núi Bắc Bộ,2026-03-18,21.755555555555556,24.288888888888888,19.666666666666668,24.37777777777778,26.844444444444445,22.155555555555555,0.5555555555555556,0.5555555555555556,0.0,3.0,89.55555555555556,13.844444444444443,28.35555555555555,14.351111111111113,1014.2,55.0,19.87777777777778,0.0,2.6033333333333335,21.0064,107.2925,7.867777777777778,12.07,3,12,51,101,1970-01-21 12:43:33.366666666,1970-01-21 12:44:16.840000000,Xuân,,,
Quảng Ninh,Trung du miền núi Bắc Bộ,2026-03-19,22.01111111111111,24.655555555555555,19.85555555555555,24.822222222222223,27.333333333333332,22.433333333333337,0.4666666666666667,0.4666666666666667,0.0,3.3333333333333335,89.77777777777777,14.044444444444444,29.122222222222224,16.333333333333332,1013.0,48.77777777777778,20.12222222222222,0.0,2.9544444444444444,21.0064,107.2925,9.636666666666668,12.09,3,12,51,110,1970-01-21 12:44:59.713333333,1970-01-21 12:45:43.260000000,Xuân,,,
Quảng Ninh,Trung du miền núi Bắc Bộ,2026-03-20,22.51111111111111,24.64444444444445,20.844444444444445,25.444444444444443,27.299999999999997,24.044444444444444,0.6888888888888889,0.6888888888888889,0.0,5.111111111111111,90.77777777777776,15.355555555555554,30.95555555555556,15.56777777777778,1013.188888888889,58.55555555555556,20.85555555555555,0.0,2.785555555555556,21.0064,107.2925,9.423333333333334,12.11,3,12,51,92,1970-01-21 12:46:26.080000000,1970-01-21 12:47:09.660000000,Xuân,,,
Quảng Ninh,Trung du miền núi Bắc Bộ,2026-03-21,22.255555555555556,24.344444444444445,20.744444444444444,24.155555555555555,26.288888888888888,21.444444444444443,0.0888888888888888,0.0888888888888888,0.0,0.6666666666666666,86.77777777777777,20.688888888888886,39.56666666666667,16.15111111111111,1014.7777777777778,61.55555555555556,19.9,0.0,2.953333333333333,21.0064,107.2925,8.614444444444445,12.13,3,12,3,58,1970-01-21 12:47:52.420000000,1970-01-21 12:48:36.086666666,Xuân,,,
Quảng Ninh,Trung du miền núi Bắc Bộ,2026-03-22,22.566666666666663,25.422222222222224,20.58888888888889,25.62222222222222,28.54444444444444,23.41111111111111,0.4,0.4,0.0,3.0,89.88888888888889,14.233333333333336,29.56666666666667,17.08888888888889,1013.7222222222222,51.44444444444444,20.688888888888886,0.0,3.16,21.0064,107.2925,9.931111111111113,12.15,3,12,51,81,1970-01-21 12:49:18.773333333,1970-01-21 12:50:02.513333333,Xuân,,,
Quảng Ninh,Trung du miền núi Bắc Bộ,2026-03-23,23.044444444444444,25.922222222222224,21.01111111111111,26.14444444444445,28.71111111111111,24.311111111111114,0.3111111111111111,0.3111111111111111,0.0,2.6666666666666665,89.0,17.055555555555557,34.27777777777778,18.232222222222223,1012.4333333333332,54.111111111111114,20.944444444444443,0.0,3.3699999999999997,21.0064,107.2925,9.928888888888888,12.17,3,13,51,142,1970-01-21 12:50:45.120000000,1970-01-21 12:51:28.920000000,Xuân,,,
Quảng Ninh,Trung du miền núi Bắc Bộ,2026-03-24,23.577777777777776,26.62222222222222,21.711111111111112,27.255555555555556,30.488888888888887,25.4,0.2333333333333333,0.2333333333333333,0.0,2.111111111111111,89.77777777777777,13.31111111111111,27.444444444444443,18.18777777777778,1011.188888888889,64.0,21.633333333333333,0.0,3.417777777777778,21.0064,107.2925,10.304444444444444,12.19,3,13,51,93,1970-01-21 12:52:11.460000000,1970-01-21 12:52:55.340000000,Xuân,,,
Quảng Ninh,Trung du miền núi Bắc Bộ,2026-03-25,23.766666666666666,26.766666666666666,21.77777777777778,27.433333333333337,30.833333333333332,25.133333333333336,0.1111111111111111,0.1111111111111111,0.0,1.0,88.66666666666667,13.566666666666666,28.1,19.61888888888889,1011.688888888889,48.111111111111114,21.666666666666668,0.0,3.651111111111111,21.0064,107.2925,10.57888888888889,12.21,3,13,3,92,1970-01-21 12:53:37.800000000,1970-01-21 12:54:21.773333333,Xuân,,,
Quảng Ninh,Trung du miền núi Bắc Bộ,2026-03-26,24.22222222222222,27.022222222222226,22.27777777777778,27.822222222222223,30.466666666666665,26.155555555555555,0.4333333333333333,0.4333333333333333,0.0,3.0,88.11111111111111,16.955555555555556,34.644444444444446,18.975555555555555,1010.1666666666666,53.0,21.98888888888889,0.0,3.588888888888889,21.0064,107.2925,11.073333333333332,12.23,3,13,3,169,1970-01-21 12:55:04.140000000,1970-01-21 12:55:48.180000000,Xuân,,,
Quảng Ninh,Trung du miền núi Bắc Bộ,2026-03-27,24.27777777777778,26.633333333333333,22.544444444444444,28.1,30.84444444444445,26.522222222222226,0.7888888888888889,0.7888888888888889,0.0,6.444444444444445,89.33333333333333,12.8,26.08888888888889,15.124444444444444,1009.3,65.55555555555556,22.288888888888888,0.0,2.9555555555555557,21.0064,107.2925,7.822222222222223,12.25,3,13,51,105,1970-01-21 12:56:30.486666666,1970-01-21 12:57:14.593333333,Xuân,,,
Quảng Ninh,Trung du miền núi Bắc Bộ,2026-03-28,24.466666666666665,27.255555555555556,22.533333333333335,28.477777777777774,31.43333333333333,26.466666666666665,0.5111111111111112,0.5111111111111112,0.0,3.4444444444444446,88.22222222222223,13.822222222222225,28.444444444444443,16.758888888888887,1009.4111111111112,49.888888888888886,22.22222222222222,0.0,3.267777777777778,21.0064,107.2925,9.412222222222224,12.27,3,13,51,83,1970-01-21 12:57:56.833333333,1970-01-21 12:58:41.033333333,Xuân,,,
Quảng Ninh,Trung du miền núi Bắc Bộ,2026-03-29,24.811111111111114,27.344444444444445,23.11111111111111,28.755555555555556,31.27777777777778,27.033333333333335,1.1777777777777778,1.1777777777777778,0.0,2.4444444444444446,87.77777777777777,18.322222222222223,38.03333333333333,16.928888888888892,1008.7222222222222,58.111111111111114,22.566666666666663,0.0,3.286666666666666,21.0064,107.2925,9.727777777777778,12.29,3,13,3,125,1970-01-21 12:59:23.200000000,1970-01-21 13:00:07.440000000,Xuân,,,
Quảng Ninh,Trung du miền núi Bắc Bộ,2026-03-30,25.066666666666663,28.033333333333335,21.711111111111112,28.688888888888886,32.06666666666667,24.022222222222226,10.744444444444444,10.744444444444444,0.0,4.666666666666667,87.22222222222223,22.866666666666667,45.08888888888889,19.694444444444443,1007.3777777777776,39.22222222222222,22.677777777777777,0.0,3.735555555555555,21.0064,107.2925,10.318888888888887,12.31,3,14,63,169,1970-01-21 13:00:49.540000000,1970-01-21 13:01:33.846666666,Xuân,,,
Quảng Ninh,Trung du miền núi Bắc Bộ,2026-03-31,26.27777777777778,29.833333333333332,23.555555555555557,29.522222222222226,34.233333333333334,24.38888888888889,1.9333333333333331,1.9333333333333331,0.0,2.0,80.66666666666667,26.166666666666668,49.32222222222222,21.566666666666663,1007.2666666666668,21.666666666666668,22.5,0.0,4.638888888888889,21.0064,107.2925,11.711111111111112,12.331111111111111,3,14,51,124,1970-01-21 13:02:15.886666666,1970-01-21 13:03:00.280000000,Xuân,,,
Quảng Ninh,Trung du miền núi Bắc Bộ,2026-04-01,23.533333333333335,26.211111111111112,21.333333333333332,24.566666666666663,27.98888888888889,21.244444444444444,0.6444444444444444,0.6444444444444444,0.0,1.4444444444444444,73.88888888888889,24.522222222222226,43.04444444444445,19.475555555555555,1011.5666666666668,38.22222222222222,18.455555555555556,0.0,4.346666666666667,21.0064,107.2925,10.232222222222225,12.351111111111113,4,14,51,59,1970-01-21 13:03:42.233333333,1970-01-21 13:04:26.700000000,Xuân,,,
Quảng Ninh,Trung du miền núi Bắc Bộ,2026-04-02,24.311111111111114,26.833333333333332,22.322222222222223,28.055555555555557,30.41111111111111,25.64444444444445,0.3444444444444444,0.3444444444444444,0.0,3.4444444444444446,88.33333333333333,15.2,30.733333333333334,11.868888888888888,1010.1444444444444,72.88888888888889,22.22222222222222,0.0,2.4555555555555557,21.0064,107.2925,3.7022222222222223,12.373333333333331,4,14,51,147,1970-01-21 13:05:08.573333333,1970-01-21 13:05:53.100000000,Xuân,,,
Quảng Ninh,Trung du miền núi Bắc Bộ,2026-04-03,25.822222222222223,28.88888888888889,23.58888888888889,29.977777777777774,33.333333333333336,27.566666666666663,0.0555555555555555,0.0555555555555555,0.0,0.4444444444444444,85.77777777777777,20.733333333333334,40.91111111111111,20.147777777777776,1006.1555555555556,18.555555555555557,23.177777777777777,0.0,3.94,21.0064,107.2925,11.208888888888888,12.393333333333334,4,14,51,165,1970-01-21 13:06:34.920000000,1970-01-21 13:07:19.520000000,Xuân,,,
Quảng Ninh,Trung du miền núi Bắc Bộ,2026-04-04,24.72222222222222,27.799999999999997,22.811111111111114,27.87777777777778,31.6,24.799999999999997,6.977777777777778,6.977777777777778,0.0,4.444444444444445,83.44444444444444,21.844444444444445,41.41111111111111,18.41,1005.9888888888888,41.333333333333336,21.51111111111111,0.0,3.7000000000000006,21.0064,107.2925,9.016666666666667,12.413333333333334,4,14,65,81,1970-01-21 13:08:01.260000000,1970-01-21 13:08:45.960000000,Xuân,,,
Quảng Ninh,Trung du miền núi Bắc Bộ,2026-04-05,25.22222222222222,28.6,22.688888888888886,29.755555555555556,34.08888888888889,26.522222222222226,0.0222222222222222,0.0222222222222222,0.0,0.2222222222222222,87.88888888888889,13.4,29.333333333333332,20.715555555555554,1004.0,58.22222222222222,22.977777777777774,0.0,3.984444444444444,21.0064,107.2925,11.943333333333332,12.433333333333332,4,14,3,141,1970-01-21 13:09:27.600000000,1970-01-21 13:10:12.360000000,Xuân,,,
Quảng Ninh,Trung du miền núi Bắc Bộ,2026-04-06,27.333333333333332,31.15555555555555,24.266666666666666,31.84444444444445,36.3,28.77777777777778,0.0,0.0,0.0,0.0,81.66666666666667,19.4,38.84444444444445,22.424444444444443,1003.5222222222224,31.333333333333332,23.655555555555555,0.0,4.696666666666667,21.0064,107.2925,11.918888888888889,12.453333333333331,4,15,3,132,1970-01-21 13:10:53.946666666,1970-01-21 13:11:38.766666666,Xuân,,,
Quảng Ninh,Trung du miền núi Bắc Bộ,2026-04-07,27.555555555555557,31.4,24.755555555555556,32.46666666666667,37.86666666666667,29.200000000000003,0.0,0.0,0.0,0.0,80.11111111111111,15.27777777777778,28.522222222222226,22.39,1004.5888888888888,14.555555555555555,23.64444444444445,0.0,4.79111111111111,21.0064,107.2925,12.0,12.473333333333334,4,15,3,96,1970-01-21 13:12:20.286666666,1970-01-21 13:13:05.213333333,Xuân,,,
Quảng Ninh,Trung du miền núi Bắc Bộ,2026-04-08,27.01111111111111,30.15555555555555,24.833333333333332,31.95555555555556,36.355555555555554,29.477777777777774,0.0,0.0,0.0,0.0,83.88888888888889,14.633333333333333,29.533333333333335,22.518888888888892,1006.3888888888888,7.777777777777778,23.87777777777778,0.0,4.613333333333333,21.0064,107.2925,12.0,12.493333333333332,4,15,2,130,1970-01-21 13:13:46.660000000,1970-01-21 13:14:31.620000000,Xuân,,,
Quảng Ninh,Trung du miền núi Bắc Bộ,2026-04-09,26.955555555555556,29.966666666666665,24.91111111111111,31.955555555555552,35.82222222222222,29.488888888888887,0.0,0.0,0.0,0.0,85.11111111111111,17.822222222222223,35.888888888888886,22.593333333333337,1006.688888888889,6.666666666666667,24.12222222222222,0.0,4.536666666666666,21.0064,107.2925,11.973333333333334,12.513333333333334,4,15,1,146,1970-01-21 13:15:13.006666666,1970-01-21 13:15:58.026666666,Xuân,,,
Quảng Ninh,Trung du miền núi Bắc Bộ,2026-04-10,27.200000000000003,30.38888888888889,25.0,32.099999999999994,36.3,29.4,0.0,0.0,0.0,0.0,82.77777777777777,17.255555555555556,35.81111111111111,23.038888888888888,1005.6444444444444,4.111111111111111,23.87777777777778,0.0,4.714444444444444,21.0064,107.2925,11.987777777777778,12.53111111111111,4,15,0,126,1970-01-21 13:16:39.346666666,1970-01-21 13:17:24.453333333,Xuân,,,
Quảng Ninh,Trung du miền núi Bắc Bộ,2026-04-11,27.85555555555555,31.022222222222226,25.433333333333337,31.95555555555556,35.84444444444445,29.477777777777774,0.0,0.0,0.0,0.0,79.33333333333333,23.700000000000003,44.71111111111111,23.11,1003.7333333333332,2.888888888888889,23.811111111111114,0.0,5.043333333333333,21.0064,107.2925,12.0,12.55,4,15,0,154,1970-01-21 13:18:05.693333333,1970-01-21 13:18:50.880000000,Xuân,,,
Quảng Ninh,Trung du miền núi Bắc Bộ,2026-04-12,27.944444444444443,31.133333333333333,25.6,32.455555555555556,36.74444444444444,29.6,0.0,0.0,0.0,0.0,80.11111111111111,21.466666666666665,39.355555555555554,23.242222222222225,1003.5666666666668,1.3333333333333333,24.022222222222226,0.0,5.0,21.0064,107.2925,12.0,12.567777777777778,4,15,0,122,1970-01-21 13:19:32.040000000,1970-01-21 13:20:17.286666666,Xuân,,,
Quảng Ninh,Trung du miền núi Bắc Bộ,2026-04-13,27.522222222222226,30.64444444444445,25.27777777777778,32.94444444444444,37.577777777777776,29.88888888888889,0.0,0.0,0.0,0.0,85.11111111111111,17.566666666666666,33.81111111111111,23.11777777777778,1006.311111111111,3.6666666666666665,24.61111111111111,0.0,4.739999999999999,21.0064,107.2925,11.94,12.586666666666666,4,16,0,162,1970-01-21 13:20:58.386666666,1970-01-21 13:21:43.713333333,Xuân,,,
Quảng Ninh,Trung du miền núi Bắc Bộ,2026-04-14,27.255555555555556,30.04444444444444,25.58888888888889,32.68888888888889,36.63333333333333,30.71111111111111,0.0111111111111111,0.0111111111111111,0.0,0.1111111111111111,87.55555555555556,14.788888888888888,29.73333333333333,22.43111111111111,1007.1666666666666,20.77777777777778,24.88888888888889,0.0,4.462222222222222,21.0064,107.2925,11.6,12.606666666666666,4,16,1,108,1970-01-21 13:22:24.760000000,1970-01-21 13:23:10.140000000,Xuân,,,
Quảng Ninh,Trung du miền núi Bắc Bộ,2026-04-15,27.08888888888889,29.5,25.244444444444444,31.922222222222224,34.58888888888889,30.233333333333334,0.0444444444444444,0.0444444444444444,0.0,0.4444444444444444,86.0,17.966666666666665,37.44444444444444,20.406666666666663,1006.6555555555556,23.666666666666668,24.433333333333337,0.0,4.104444444444444,21.0064,107.2925,11.666666666666666,12.626666666666669,4,16,51,142,1970-01-21 13:23:51.106666666,1970-01-21 13:24:36.546666666,Xuân,,,
Quảng Ninh,Trung du miền núi Bắc Bộ,2026-04-16,26.81111111111111,29.06666666666667,25.188888888888886,31.4,34.03333333333333,29.71111111111111,0.6111111111111112,0.6111111111111112,0.0,3.6666666666666665,85.77777777777777,19.91111111111111,38.36666666666667,18.41111111111111,1007.7333333333332,33.0,24.166666666666668,0.0,3.7477777777777774,21.0064,107.2925,11.327777777777778,12.644444444444446,4,16,51,155,1970-01-21 13:25:17.453333333,1970-01-21 13:26:02.973333333,Xuân,,,
Quảng Ninh,Trung du miền núi Bắc Bộ,2026-04-17,25.833333333333332,28.066666666666663,23.977777777777774,29.65555555555555,32.733333333333334,26.688888888888886,8.31111111111111,8.31111111111111,0.0,6.555555555555555,87.0,22.155555555555555,39.02222222222222,11.744444444444444,1010.0666666666668,62.44444444444444,23.41111111111111,0.0,2.601111111111111,21.0064,107.2925,7.101111111111111,12.664444444444444,4,16,63,73,1970-01-21 13:26:43.800000000,1970-01-21 13:27:29.400000000,Xuân,,,
Quảng Ninh,Trung du miền núi Bắc Bộ,2026-04-18,25.422222222222224,27.455555555555556,23.522222222222226,28.744444444444444,31.266666666666666,26.788888888888888,0.2777777777777778,0.2777777777777778,0.0,1.2222222222222223,80.66666666666667,16.077777777777776,33.388888888888886,18.89444444444445,1011.3,58.333333333333336,21.77777777777778,0.0,3.928888888888889,21.0064,107.2925,10.903333333333332,12.683333333333332,4,16,51,77,1970-01-21 13:28:10.153333333,1970-01-21 13:28:55.806666666,Xuân,,,
Quảng Ninh,Trung du miền núi Bắc Bộ,2026-04-19,25.444444444444443,27.333333333333332,23.844444444444445,29.35555555555555,31.4,27.72222222222222,1.588888888888889,1.588888888888889,0.0,7.333333333333333,83.77777777777777,16.344444444444445,32.55555555555556,14.933333333333334,1010.3222222222222,71.22222222222223,22.444444444444443,0.0,3.1500000000000004,21.0064,107.2925,8.338888888888889,12.702222222222222,4,16,51,182,1970-01-21 13:29:36.520000000,1970-01-21 13:30:22.233333333,Xuân,,,
Quảng Ninh,Trung du miền núi Bắc Bộ,2026-04-20,25.85555555555555,27.51111111111111,24.044444444444444,28.944444444444443,30.477777777777774,27.5,1.2777777777777777,1.2777777777777777,0.0,5.888888888888889,82.55555555555556,22.61111111111111,42.78888888888889,14.123333333333331,1008.922222222222,59.333333333333336,22.577777777777776,0.0,3.2,21.0064,107.2925,6.963333333333334,12.72,4,17,51,180,1970-01-21 13:31:02.866666666,1970-01-21 13:31:48.660000000,Xuân,,,
Quảng Ninh,Trung du miền núi Bắc Bộ,2026-04-21,26.633333333333333,28.799999999999997,25.288888888888888,30.299999999999997,32.75555555555556,28.977777777777774,0.5444444444444444,0.5444444444444444,0.0,2.5555555555555554,84.88888888888889,24.655555555555555,46.95555555555555,20.906666666666663,1007.0111111111112,28.555555555555557,23.788888888888888,0.0,4.142222222222222,21.0064,107.2925,11.57888888888889,12.737777777777778,4,17,51,161,1970-01-21 13:32:29.213333333,1970-01-21 13:33:15.066666666,Xuân,,,
Quảng Ninh,Trung du miền núi Bắc Bộ,2026-04-22,27.288888888888888,29.833333333333332,25.288888888888888,32.03333333333333,35.333333333333336,29.366666666666667,0.9555555555555556,0.9555555555555556,0.0,0.6666666666666666,85.88888888888889,22.61111111111111,43.111111111111114,22.03,1005.6666666666666,21.555555555555557,24.61111111111111,0.0,4.37,21.0064,107.2925,12.0,12.757777777777775,4,17,3,179,1970-01-21 13:33:55.566666666,1970-01-21 13:34:41.493333333,Xuân,,,
Quảng Ninh,Trung du miền núi Bắc Bộ,2026-04-23,23.799999999999997,26.311111111111114,21.27777777777778,26.577777777777776,30.755555555555556,22.62222222222222,32.3,32.3,0.0,13.22222222222222,87.44444444444444,22.977777777777774,42.73333333333333,12.176666666666668,1008.2333333333332,93.22222222222224,21.51111111111111,0.0,2.538888888888889,21.0064,107.2925,4.434444444444445,12.774444444444445,4,17,63,1,1970-01-21 13:35:21.926666666,1970-01-21 13:36:07.920000000,Xuân,,,
Quảng Ninh,Trung du miền núi Bắc Bộ,2026-04-24,24.51111111111111,26.766666666666666,23.1,26.166666666666668,28.755555555555556,24.333333333333332,2.066666666666667,2.066666666666667,0.0,3.888888888888889,75.55555555555556,19.35555555555555,36.5,13.802222222222222,1011.6222222222224,77.11111111111111,19.866666666666667,0.0,3.457777777777778,21.0064,107.2925,5.484444444444445,12.794444444444444,4,17,53,61,1970-01-21 13:36:48.286666666,1970-01-21 13:37:34.326666666,Xuân,,,
Quảng Ninh,Trung du miền núi Bắc Bộ,2026-04-25,24.788888888888888,27.522222222222226,22.64444444444445,27.22222222222222,30.966666666666665,24.51111111111111,0.0888888888888888,0.0888888888888888,0.0,0.3333333333333333,74.88888888888889,17.48888888888889,34.455555555555556,23.637777777777774,1013.9666666666668,22.555555555555557,19.91111111111111,0.0,4.833333333333333,21.0064,107.2925,12.0,12.812222222222225,4,17,3,58,1970-01-21 13:38:14.633333333,1970-01-21 13:39:00.773333333,Xuân,,,
Quảng Ninh,Trung du miền núi Bắc Bộ,2026-04-26,25.01111111111111,27.14444444444445,22.811111111111114,28.466666666666665,31.1,25.966666666666665,1.4444444444444444,1.4444444444444444,0.0,6.888888888888889,80.55555555555556,14.22222222222222,29.466666666666665,18.326666666666668,1011.922222222222,86.88888888888889,21.4,0.0,3.698888888888889,21.0064,107.2925,9.163333333333334,12.83,4,17,51,115,1970-01-21 13:39:40.993333333,1970-01-21 13:40:27.180000000,Xuân,,,
Quảng Ninh,Trung du miền núi Bắc Bộ,2026-04-27,25.422222222222224,28.022222222222226,23.37777777777778,29.15555555555555,31.78888888888889,27.244444444444444,10.233333333333333,10.233333333333333,0.0,17.77777777777778,87.77777777777777,19.58888888888889,40.099999999999994,18.353333333333335,1008.9666666666668,75.0,23.14444444444445,0.0,3.5577777777777775,21.0064,107.2925,10.06,12.847777777777775,4,18,63,156,1970-01-21 13:41:07.366666666,1970-01-21 13:41:53.600000000,Xuân,,,
Quảng Ninh,Trung du miền núi Bắc Bộ,2026-04-28,26.08888888888889,28.45555555555556,24.288888888888888,30.477777777777774,33.15555555555555,28.311111111111114,1.9333333333333336,1.9333333333333336,0.0,7.666666666666667,89.66666666666667,20.91111111111111,40.81111111111111,16.783333333333335,1007.1666666666666,62.111111111111114,24.177777777777777,0.0,3.216666666666667,21.0064,107.2925,9.285555555555554,12.865555555555554,4,18,53,162,1970-01-21 13:42:33.706666666,1970-01-21 13:43:20.040000000,Xuân,,,
Quảng Ninh,Trung du miền núi Bắc Bộ,2026-04-29,24.311111111111114,26.688888888888886,21.933333333333337,25.37777777777778,31.077777777777776,21.944444444444443,19.12222222222222,19.12222222222222,0.0,6.111111111111111,72.44444444444444,26.077777777777776,51.166666666666664,15.016666666666667,1011.6,76.22222222222223,18.811111111111114,0.0,3.85,21.0064,107.2925,7.315555555555556,12.882222222222222,4,18,65,19,1970-01-21 13:44:00.073333333,1970-01-21 13:44:46.446666666,Xuân,,,
Quảng Ninh,Trung du miền núi Bắc Bộ,2026-04-30,22.88888888888889,25.88888888888889,20.433333333333337,23.544444444444444,28.1,19.688888888888886,0.0,0.0,0.0,0.0,65.33333333333333,20.61111111111111,38.02222222222222,24.095555555555553,1015.3,19.333333333333332,15.9,0.0,5.1211111111111105,21.0064,107.2925,11.91,12.9,4,18,3,31,1970-01-21 13:45:26.446666666,1970-01-21 13:46:12.873333333,Xuân,,,
Quảng Ninh,Trung du miền núi Bắc Bộ,2026-05-01,24.255555555555556,26.966666666666665,21.522222222222226,26.4,30.35555555555555,22.9,0.0,0.0,0.0,0.0,72.77777777777777,15.47777777777778,31.0,22.037777777777777,1012.4555555555556,66.22222222222223,18.955555555555556,0.0,4.592222222222222,21.0064,107.2925,11.258888888888889,12.91777777777778,5,18,3,105,1970-01-21 13:46:52.793333333,1970-01-21 13:47:39.300000000,Xuân,,,
Quảng Ninh,Trung du miền núi Bắc Bộ,2026-05-02,25.766666666666666,27.711111111111112,24.1,30.27777777777778,32.87777777777777,27.58888888888889,4.222222222222222,4.222222222222222,0.0,11.666666666666666,90.0,19.755555555555556,39.48888888888889,14.045555555555556,1009.5555555555557,94.66666666666669,23.955555555555556,0.0,2.7377777777777776,21.0064,107.2925,6.142222222222222,12.932222222222222,5,18,55,166,1970-01-21 13:48:19.160000000,1970-01-21 13:49:05.713333333,Xuân,,,
Quảng Ninh,Trung du miền núi Bắc Bộ,2026-05-03,25.48888888888889,28.11111111111111,22.244444444444444,29.82222222222222,33.94444444444444,23.61111111111111,24.6,24.6,0.0,11.555555555555555,88.44444444444444,21.5,37.81111111111111,14.734444444444446,1010.4888888888888,72.44444444444444,23.366666666666667,0.0,3.0611111111111113,21.0064,107.2925,8.600000000000001,12.95,5,18,65,10,1970-01-21 13:49:45.526666666,1970-01-21 13:50:32.153333333,Xuân,,,
Quảng Ninh,Trung du miền núi Bắc Bộ,2026-05-04,23.0,26.266666666666666,20.055555555555557,24.677777777777777,28.58888888888889,21.37777777777778,6.066666666666666,6.066666666666666,0.0,8.555555555555555,79.33333333333333,20.5,36.91111111111111,13.14,1014.7666666666668,82.66666666666667,19.12222222222222,0.0,3.028888888888889,21.0064,107.2925,4.972222222222222,12.964444444444446,5,19,53,27,1970-01-21 13:51:11.893333333,1970-01-21 13:51:58.566666666,Xuân,,,
Quảng Ninh,Trung du miền núi Bắc Bộ,2026-05-05,24.833333333333332,27.955555555555556,22.333333333333332,27.944444444444443,32.7,24.533333333333335,0.0,0.0,0.0,0.0,78.55555555555556,15.511111111111113,31.866666666666667,23.821111111111108,1012.2666666666668,24.77777777777778,20.733333333333334,0.0,4.765555555555555,21.0064,107.2925,12.037777777777778,12.98,5,19,3,92,1970-01-21 13:52:38.266666666,1970-01-21 13:53:24.986666666,Xuân,,,
Quảng Ninh,Trung du miền núi Bắc Bộ,2026-05-06,25.9,27.977777777777774,23.61111111111111,29.88888888888889,32.03333333333333,27.833333333333332,1.0,1.0,0.0,6.777777777777778,84.44444444444444,15.58888888888889,31.766666666666666,19.503333333333337,1009.577777777778,52.333333333333336,23.0,0.0,3.927777777777778,21.0064,107.2925,10.60888888888889,13.0,5,19,51,154,1970-01-21 13:54:04.620000000,1970-01-21 13:54:51.420000000,Xuân,,,
Quảng Ninh,Trung du miền núi Bắc Bộ,2026-05-07,26.477777777777774,28.233333333333334,25.055555555555557,31.5,33.388888888888886,30.04444444444444,3.0444444444444447,3.0444444444444447,0.0,11.444444444444445,88.77777777777777,14.644444444444446,29.67777777777778,19.052222222222223,1009.7,69.33333333333333,24.444444444444443,0.0,3.658888888888889,21.0064,107.2925,11.025555555555556,13.014444444444443,5,19,51,112,1970-01-21 13:55:30.993333333,1970-01-21 13:56:17.833333333,Xuân,,,
Quảng Ninh,Trung du miền núi Bắc Bộ,2026-05-08,25.58888888888889,27.633333333333333,24.133333333333333,30.255555555555556,33.21111111111111,27.41111111111111,7.300000000000001,7.300000000000001,0.0,13.333333333333334,89.44444444444444,18.066666666666663,32.266666666666666,12.168888888888889,1012.3333333333334,90.22222222222224,23.655555555555555,0.0,2.58,21.0064,107.2925,2.716666666666667,13.03,5,19,61,22,1970-01-21 13:56:57.353333333,1970-01-21 13:57:44.273333333,Xuân,,,
Quảng Ninh,Trung du miền núi Bắc Bộ,2026-05-09,25.155555555555555,27.211111111111112,23.677777777777777,27.755555555555556,30.35555555555555,25.58888888888889,0.3333333333333333,0.3333333333333333,0.0,1.7777777777777777,78.77777777777777,18.966666666666665,33.166666666666664,15.118888888888888,1013.8888888888888,67.0,21.14444444444445,0.0,3.5077777777777777,21.0064,107.2925,7.468888888888888,13.044444444444444,5,19,3,19,1970-01-21 13:58:23.733333333,1970-01-21 13:59:10.686666666,Xuân,,,
Quảng Ninh,Trung du miền núi Bắc Bộ,2026-05-10,25.64444444444445,28.255555555555556,23.200000000000003,28.877777777777776,32.43333333333333,25.466666666666665,0.2111111111111111,0.2111111111111111,0.0,0.7777777777777778,77.0,15.8,32.65555555555555,22.37666666666667,1013.3888888888888,62.22222222222222,21.188888888888886,0.0,4.653333333333333,21.0064,107.2925,11.223333333333334,13.06,5,19,3,58,1970-01-21 13:59:50.086666666,1970-01-21 14:00:37.120000000,Xuân,,,
Quảng Ninh,Trung du miền núi Bắc Bộ,2026-05-11,26.133333333333333,28.511111111111113,24.322222222222223,30.67777777777778,33.82222222222222,28.244444444444444,0.7333333333333333,0.7333333333333333,0.0,4.444444444444445,84.88888888888889,13.5,28.45555555555556,22.278888888888886,1011.8555555555556,61.111111111111114,23.299999999999997,0.0,4.326666666666666,21.0064,107.2925,11.921111111111111,13.074444444444444,5,20,51,85,1970-01-21 14:01:16.473333333,1970-01-21 14:02:03.540000000,Xuân,,,
Quảng Ninh,Trung du miền núi Bắc Bộ,2026-05-12,26.98888888888889,29.922222222222224,24.422222222222224,32.24444444444444,35.388888888888886,29.922222222222224,0.3888888888888889,0.3888888888888889,0.0,3.111111111111111,85.88888888888889,15.61111111111111,34.144444444444446,22.677777777777777,1008.2555555555556,82.77777777777777,24.244444444444444,0.0,4.507777777777778,21.0064,107.2925,10.635555555555555,13.09,5,20,51,191,1970-01-21 14:02:42.840000000,1970-01-21 14:03:29.960000000,Xuân,,,
Quảng Ninh,Trung du miền núi Bắc Bộ,2026-05-13,27.711111111111112,29.577777777777776,26.166666666666668,32.62222222222223,34.855555555555554,30.577777777777776,1.9444444444444444,1.9444444444444444,0.0,8.88888888888889,88.44444444444444,21.188888888888886,41.98888888888889,17.56,1004.6333333333334,61.666666666666664,25.544444444444444,0.0,3.5411111111111113,21.0064,107.2925,10.1,13.104444444444445,5,20,51,191,1970-01-21 14:04:09.226666666,1970-01-21 14:04:56.393333333,Xuân,,,
Quảng Ninh,Trung du miền núi Bắc Bộ,2026-05-14,29.333333333333332,32.52222222222222,27.066666666666663,34.611111111111114,38.34444444444445,32.34444444444445,0.0444444444444444,0.0444444444444444,0.0,0.3333333333333333,81.0,19.91111111111111,38.03333333333333,23.313333333333333,1002.5888888888888,47.0,25.522222222222226,0.0,5.134444444444444,21.0064,107.2925,10.542222222222222,13.12,5,20,3,195,1970-01-21 14:05:35.593333333,1970-01-21 14:06:22.813333333,Xuân,,,
Quảng Ninh,Trung du miền núi Bắc Bộ,2026-05-15,29.366666666666667,32.21111111111111,27.166666666666668,35.7,39.74444444444444,32.97777777777778,0.4222222222222223,0.4222222222222223,0.0,2.6666666666666665,82.88888888888889,14.61111111111111,30.799999999999997,23.83111111111111,1003.0222222222224,56.77777777777778,25.98888888888889,0.0,5.073333333333333,21.0064,107.2925,11.84,13.132222222222222,5,20,51,117,1970-01-21 14:07:01.966666666,1970-01-21 14:07:49.246666666,Xuân,,,
Quảng Ninh,Trung du miền núi Bắc Bộ,2026-05-16,27.51111111111111,29.166666666666668,25.822222222222223,32.44444444444444,35.27777777777778,29.444444444444443,10.477777777777778,10.477777777777778,0.0,12.77777777777778,89.44444444444444,26.311111111111114,51.233333333333334,18.87555555555555,1004.6444444444444,96.77777777777776,25.544444444444444,0.0,3.588888888888889,21.0064,107.2925,8.81111111111111,13.148888888888887,5,20,63,99,1970-01-21 14:08:28.340000000,1970-01-21 14:09:15.666666666,Xuân,,,
Quảng Ninh,Trung du miền núi Bắc Bộ,2026-05-17,26.85555555555555,28.755555555555556,25.188888888888886,31.799999999999997,33.84444444444445,30.1,19.11111111111111,19.11111111111111,0.0,22.22222222222222,90.33333333333331,18.044444444444444,34.62222222222223,14.528888888888888,1005.7222222222222,98.33333333333331,25.077777777777776,0.0,2.9188888888888886,21.0064,107.2925,5.302222222222222,13.16,5,20,63,98,1970-01-21 14:09:54.706666666,1970-01-21 14:10:42.093333333,Xuân,,,
Quảng Ninh,Trung du miền núi Bắc Bộ,2026-05-18,26.27777777777778,28.08888888888889,24.522222222222226,31.866666666666667,34.12222222222223,29.266666666666666,29.988888888888887,29.988888888888887,0.0,22.11111111111111,93.44444444444444,15.755555555555556,31.766666666666666,13.673333333333334,1005.688888888889,97.22222222222224,25.1,0.0,2.712222222222222,21.0064,107.2925,4.704444444444444,13.172222222222222,5,21,63,112,1970-01-21 14:11:21.106666666,1970-01-21 14:12:08.526666666,Xuân,,,
Quảng Ninh,Trung du miền núi Bắc Bộ,2026-05-19,26.98888888888889,29.27777777777778,24.844444444444445,32.48888888888889,35.111111111111114,29.61111111111111,35.900000000000006,35.900000000000006,0.0,19.0,92.0,18.4,33.91111111111111,12.595555555555556,1004.9444444444443,95.77777777777776,25.522222222222226,0.0,2.6544444444444446,21.0064,107.2925,3.71,13.186666666666666,5,21,65,161,1970-01-21 14:12:47.480000000,1970-01-21 14:13:34.940000000,Xuân,,,
Quảng Ninh,Trung du miền núi Bắc Bộ,2026-05-20,26.62222222222222,28.11111111111111,25.255555555555556,31.78888888888889,34.044444444444444,29.877777777777776,28.38888888888889,28.38888888888889,0.0,19.444444444444443,92.0,19.466666666666665,36.28888888888889,12.117777777777778,1004.8222222222222,98.55555555555556,25.22222222222222,0.0,2.522222222222222,21.0064,107.2925,3.9622222222222216,13.2,5,21,63,127,1970-01-21 14:14:13.846666666,1970-01-21 14:15:01.373333333,Xuân,,,
Quảng Ninh,Trung du miền núi Bắc Bộ,2026-05-21,26.766666666666666,28.922222222222224,25.31111111111111,32.47777777777778,34.888888888888886,30.366666666666667,79.12222222222222,79.12222222222222,0.0,20.666666666666668,94.11111111111111,19.12222222222222,36.644444444444446,7.864444444444445,1007.0333333333332,98.0,25.755555555555556,0.0,1.7611111111111113,21.0064,107.2925,2.502222222222222,13.211111111111112,5,21,65,114,1970-01-21 14:15:40.246666666,1970-01-21 14:16:27.793333333,Xuân,,,
Quảng Ninh,Trung du miền núi Bắc Bộ,2026-05-22,28.84444444444445,30.522222222222226,27.42222222222222,33.922222222222224,35.733333333333334,32.400000000000006,3.033333333333333,3.033333333333333,0.0,8.222222222222221,86.77777777777777,24.755555555555556,47.400000000000006,19.332222222222224,1007.0333333333332,79.77777777777777,26.38888888888889,0.0,4.018888888888889,21.0064,107.2925,10.705555555555556,13.22222222222222,5,21,3,172,1970-01-21 14:17:06.620000000,1970-01-21 14:17:54.220000000,Xuân,,,
Quảng Ninh,Trung du miền núi Bắc Bộ,2026-05-23,29.988888888888887,32.18888888888889,28.422222222222224,34.68888888888889,37.333333333333336,32.733333333333334,0.8888888888888888,0.8888888888888888,0.0,1.7777777777777777,80.22222222222223,25.922222222222224,48.36666666666667,23.037777777777777,1005.8888888888888,84.22222222222223,26.077777777777776,0.0,5.288888888888889,21.0064,107.2925,11.734444444444444,13.232222222222225,5,21,3,193,1970-01-21 14:18:32.993333333,1970-01-21 14:19:20.646666666,Xuân,,,
Quảng Ninh,Trung du miền núi Bắc Bộ,2026-05-24,30.633333333333333,32.8,29.15555555555555,35.32222222222222,38.55555555555556,33.077777777777776,0.0444444444444444,0.0444444444444444,0.0,0.1111111111111111,78.33333333333333,28.58888888888889,53.05555555555556,25.12777777777778,1005.3777777777776,73.66666666666667,26.344444444444445,0.0,5.905555555555555,21.0064,107.2925,12.081111111111111,13.246666666666666,5,21,3,193,1970-01-21 14:19:59.386666666,1970-01-21 14:20:47.060000000,Xuân,,,
Quảng Ninh,Trung du miền núi Bắc Bộ,2026-05-25,31.14444444444445,33.3,29.67777777777778,35.922222222222224,39.05555555555556,33.62222222222223,0.0,0.0,0.0,0.0,76.77777777777777,28.444444444444443,51.84444444444445,26.18777777777778,1003.8333333333334,23.77777777777778,26.466666666666665,0.0,6.283333333333333,21.0064,107.2925,12.512222222222222,13.256666666666668,5,22,3,196,1970-01-21 14:21:25.780000000,1970-01-21 14:22:13.493333333,Xuân,,,
Quảng Ninh,Trung du miền núi Bắc Bộ,2026-05-26,31.43333333333333,34.077777777777776,29.6,36.888888888888886,40.72222222222222,34.28888888888889,0.0,0.0,0.0,0.0,76.11111111111111,26.244444444444444,46.51111111111111,26.064444444444444,1002.8777777777776,2.111111111111111,26.566666666666663,0.0,6.253333333333334,21.0064,107.2925,12.593333333333334,13.266666666666666,5,22,0,194,1970-01-21 14:22:52.160000000,1970-01-21 14:23:39.920000000,Xuân,,,
Quảng Ninh,Trung du miền núi Bắc Bộ,2026-05-27,30.84444444444445,33.36666666666667,29.033333333333335,37.56666666666667,41.41111111111111,35.15555555555555,0.0,0.0,0.0,0.0,81.55555555555556,21.433333333333337,40.27777777777778,26.24,1005.2,12.666666666666666,27.22222222222222,0.0,5.727777777777778,21.0064,107.2925,12.503333333333334,13.278888888888888,5,22,1,144,1970-01-21 14:24:18.560000000,1970-01-21 14:25:06.346666666,Xuân,,,
Quảng Ninh,Trung du miền núi Bắc Bộ,2026-05-28,29.944444444444443,32.111111111111114,28.27777777777778,36.8,40.03333333333333,34.87777777777778,1.6444444444444446,1.6444444444444446,0.0,5.444444444444445,83.44444444444444,15.011111111111113,31.511111111111113,24.752222222222223,1007.9444444444443,12.77777777777778,26.77777777777778,0.0,5.147777777777778,21.0064,107.2925,12.535555555555556,13.288888888888888,5,22,51,151,1970-01-21 14:25:44.933333333,1970-01-21 14:26:32.773333333,Xuân,,,
Quảng Ninh,Trung du miền núi Bắc Bộ,2026-05-29,29.755555555555556,32.43333333333333,27.700000000000003,36.644444444444446,40.233333333333334,34.37777777777777,1.977777777777778,1.977777777777778,0.0,7.0,81.33333333333333,11.566666666666666,26.122222222222224,23.843333333333337,1009.0888888888888,53.111111111111114,26.066666666666663,0.0,5.057777777777778,21.0064,107.2925,11.346666666666668,13.296666666666669,5,22,51,169,1970-01-21 14:27:11.326666666,1970-01-21 14:27:59.200000000,Xuân,,,
Quảng Ninh,Trung du miền núi Bắc Bộ,2026-05-30,29.27777777777778,32.13333333333333,25.62222222222222,34.98888888888889,38.31111111111111,30.255555555555556,2.3666666666666667,2.3666666666666667,0.0,7.222222222222222,77.77777777777777,13.422222222222224,26.01111111111111,20.056666666666665,1009.8444444444444,78.66666666666667,24.811111111111114,0.0,4.54,21.0064,107.2925,10.091111111111111,13.306666666666668,5,22,61,5,1970-01-21 14:28:37.726666666,1970-01-21 14:29:25.626666666,Xuân,,,
Quảng Ninh,Trung du miền núi Bắc Bộ,2026-05-31,28.944444444444443,31.84444444444445,25.822222222222223,34.888888888888886,39.233333333333334,31.255555555555556,2.2777777777777777,2.2777777777777777,0.0,7.777777777777778,80.0,12.31111111111111,25.155555555555555,24.78,1008.9555555555556,24.444444444444443,24.977777777777774,0.0,5.325555555555556,21.0064,107.2925,12.232222222222225,13.314444444444444,5,22,53,86,1970-01-21 14:30:04.120000000,1970-01-21 14:30:52.040000000,Xuân,,,
Quảng Ninh,Trung du miền núi Bắc Bộ,2026-06-01,29.866666666666667,32.67777777777778,27.333333333333332,35.63333333333333,39.36666666666667,33.266666666666666,0.4444444444444444,0.4444444444444444,0.0,2.4444444444444446,76.44444444444444,14.011111111111113,29.799999999999997,25.836666666666662,1007.9,21.22222222222222,25.066666666666663,0.0,5.716666666666667,21.0064,107.2925,12.436666666666667,13.324444444444444,6,23,51,169,1970-01-21 14:31:30.506666666,1970-01-21 14:32:18.473333333,Hè,,,
Quảng Ninh,Trung du miền núi Bắc Bộ,2026-06-02,29.944444444444443,32.63333333333333,27.6,35.7,39.46666666666667,33.48888888888889,0.0222222222222222,0.0222222222222222,0.0,0.2222222222222222,76.77777777777777,14.9,31.91111111111111,25.81222222222222,1005.9444444444443,20.88888888888889,25.311111111111114,0.0,5.75,21.0064,107.2925,12.387777777777778,13.331111111111111,6,23,3,159,1970-01-21 14:32:56.906666666,1970-01-21 14:33:44.893333333,Hè,,,
Quảng Ninh,Trung du miền núi Bắc Bộ,2026-06-03,29.944444444444443,32.34444444444445,27.755555555555556,35.611111111111114,38.54444444444445,33.544444444444444,1.4555555555555555,1.4555555555555555,0.0,4.555555555555555,78.22222222222223,16.822222222222223,36.27777777777778,23.23,1003.4333333333332,29.555555555555557,25.655555555555555,0.0,5.221111111111111,21.0064,107.2925,12.433333333333334,13.34,6,23,51,185,1970-01-21 14:34:23.300000000,1970-01-21 14:35:11.326666666,Hè,,,
Quảng Ninh,Trung du miền núi Bắc Bộ,2026-06-04,30.333333333333332,32.733333333333334,28.37777777777778,37.355555555555554,40.84444444444445,34.8,2.4000000000000004,2.4000000000000004,0.0,7.777777777777778,82.55555555555556,13.911111111111111,30.133333333333333,22.496666666666663,1002.6111111111112,58.22222222222222,26.955555555555556,0.0,4.903333333333332,21.0064,107.2925,12.242222222222225,13.348888888888888,6,23,51,196,1970-01-21 14:35:49.700000000,1970-01-21 14:36:37.746666666,Hè,,,
Quảng Ninh,Trung du miền núi Bắc Bộ,2026-06-05,29.477777777777778,33.599999999999994,26.044444444444444,35.48888888888889,40.68888888888889,30.95555555555556,2.1222222222222222,2.1222222222222222,0.0,3.111111111111111,79.66666666666667,15.61111111111111,33.0,22.53,1003.8666666666666,84.11111111111111,25.366666666666667,0.0,5.052222222222222,21.0064,107.2925,10.565555555555555,13.354444444444445,6,23,63,168,1970-01-21 14:37:16.100000000,1970-01-21 14:38:04.166666666,Hè,,,
Quảng Ninh,Trung du miền núi Bắc Bộ,2026-06-06,30.244444444444444,32.86666666666667,26.6,35.67777777777778,38.666666666666664,32.233333333333334,5.677777777777778,5.677777777777778,0.0,12.333333333333334,79.44444444444444,23.766666666666666,43.81111111111111,21.704444444444444,1003.9000000000001,89.44444444444444,26.166666666666668,0.0,5.134444444444444,21.0064,107.2925,10.283333333333333,13.36111111111111,6,23,61,203,1970-01-21 14:38:42.500000000,1970-01-21 14:39:30.593333333,Hè,,,
Quảng Ninh,Trung du miền núi Bắc Bộ,2026-06-07,31.04444444444444,32.8,29.077777777777776,35.922222222222224,37.855555555555554,34.099999999999994,2.0666666666666664,2.0666666666666664,0.0,4.222222222222222,77.88888888888889,25.58888888888889,48.233333333333334,17.765555555555558,1002.4222222222221,97.0,26.677777777777777,0.0,4.804444444444445,21.0064,107.2925,9.22,13.368888888888888,6,23,3,197,1970-01-21 14:40:08.900000000,1970-01-21 14:40:57.013333333,Hè,,,
Quảng Ninh,Trung du miền núi Bắc Bộ,2026-06-08,30.21111111111111,34.455555555555556,25.566666666666666,34.24444444444444,39.666666666666664,28.56666666666667,6.066666666666666,6.066666666666666,0.0,6.555555555555555,73.66666666666667,26.522222222222222,49.27777777777778,18.917777777777776,1001.3222222222222,97.44444444444444,24.833333333333332,0.0,5.228888888888889,21.0064,107.2925,7.5822222222222235,13.374444444444444,6,24,63,229,1970-01-21 14:41:35.300000000,1970-01-21 14:42:23.433333333,Hè,,,
Quảng Ninh,Trung du miền núi Bắc Bộ,2026-06-09,26.12222222222222,28.533333333333335,23.744444444444444,29.022222222222222,31.244444444444444,26.11111111111111,3.855555555555556,3.855555555555556,0.0,8.11111111111111,74.0,20.544444444444444,38.266666666666666,13.184444444444445,1005.8666666666666,93.88888888888889,20.91111111111111,0.0,3.3699999999999997,21.0064,107.2925,5.267777777777777,13.38,6,24,61,4,1970-01-21 14:43:01.700000000,1970-01-21 14:43:49.853333333,Hè,,,
Quảng Ninh,Trung du miền núi Bắc Bộ,2026-06-10,27.444444444444443,30.38888888888889,24.62222222222222,31.0,34.900000000000006,27.91111111111111,0.6555555555555556,0.6555555555555556,0.0,1.3333333333333333,69.0,12.4,25.0,20.85,1009.2111111111111,96.77777777777777,21.0,0.0,4.736666666666667,21.0064,107.2925,10.326666666666666,13.384444444444446,6,24,3,17,1970-01-21 14:44:28.100000000,1970-01-21 14:45:16.273333333,Hè,,,
Quảng Ninh,Trung du miền núi Bắc Bộ,2026-06-11,28.41111111111111,31.04444444444444,25.38888888888889,32.71111111111111,36.233333333333334,29.5,0.3777777777777778,0.3777777777777778,0.0,1.0,69.66666666666667,12.577777777777778,25.755555555555553,23.25888888888889,1011.3333333333334,72.11111111111111,22.11111111111111,0.0,5.174444444444444,21.0064,107.2925,12.231111111111112,13.38888888888889,6,24,3,73,1970-01-21 14:45:54.500000000,1970-01-21 14:46:42.693333333,Hè,,,
Quảng Ninh,Trung du miền núi Bắc Bộ,2026-06-12,29.011111111111113,31.32222222222222,26.544444444444444,33.81111111111111,36.87777777777778,31.099999999999998,1.2555555555555555,1.2555555555555555,0.0,5.666666666666667,75.55555555555556,19.555555555555557,37.24444444444444,22.743333333333332,1010.7555555555555,67.44444444444444,24.177777777777777,0.0,5.1288888888888895,21.0064,107.2925,11.85888888888889,13.391111111111112,6,24,51,195,1970-01-21 14:47:20.900000000,1970-01-21 14:48:09.113333333,Hè,,,
Quảng Ninh,Trung du miền núi Bắc Bộ,2026-06-13,29.977777777777778,32.62222222222223,27.033333333333335,35.455555555555556,38.62222222222223,31.744444444444444,4.511111111111111,4.511111111111111,0.0,10.0,81.11111111111111,21.533333333333335,44.766666666666666,20.705555555555556,1006.5666666666667,94.66666666666667,26.244444444444444,0.0,4.803333333333333,21.0064,107.2925,10.348888888888888,13.394444444444446,6,24,51,194,1970-01-21 14:48:47.306666666,1970-01-21 14:49:35.533333333,Hè,,,
Quảng Ninh,Trung du miền núi Bắc Bộ,2026-06-14,30.95555555555556,33.666666666666664,28.688888888888886,36.833333333333336,39.07777777777778,34.34444444444445,2.2555555555555555,2.2555555555555555,0.0,3.3333333333333335,78.66666666666667,20.5,36.75555555555556,16.32,1003.5111111111112,99.55555555555556,26.62222222222222,0.0,4.228888888888889,21.0064,107.2925,6.506666666666667,13.4,6,24,51,203,1970-01-21 14:50:13.720000000,1970-01-21 14:51:01.946666666,Hè,,,
Quảng Ninh,Trung du miền núi Bắc Bộ,2026-06-15,28.922222222222224,30.82222222222222,26.88888888888889,35.58888888888889,37.94444444444444,32.55555555555556,9.52222222222222,9.52222222222222,0.0,11.11111111111111,89.11111111111111,19.38888888888889,35.75555555555556,10.564444444444444,1004.0222222222224,99.77777777777777,26.855555555555554,0.0,2.498888888888889,21.0064,107.2925,1.4333333333333333,13.401111111111112,6,25,63,48,1970-01-21 14:51:40.126666666,1970-01-21 14:52:28.366666666,Hè,,,
Quảng Ninh,Trung du miền núi Bắc Bộ,2026-06-16,27.38888888888889,29.04444444444444,25.444444444444443,33.32222222222222,35.599999999999994,30.15555555555555,34.733333333333334,34.733333333333334,0.0,14.0,90.44444444444444,16.155555555555555,36.34444444444445,8.794444444444444,1005.8444444444444,97.55555555555556,25.644444444444442,0.0,1.9988888888888887,21.0064,107.2925,0.9866666666666668,13.404444444444444,6,25,65,60,1970-01-21 14:53:06.526666666,1970-01-21 14:53:54.786666666,Hè,,,
Quảng Ninh,Trung du miền núi Bắc Bộ,2026-06-17,28.333333333333332,31.32222222222222,25.6,34.87777777777777,38.24444444444444,30.900000000000002,37.31111111111111,37.31111111111111,0.0,16.88888888888889,89.66666666666667,16.977777777777778,32.75555555555556,13.634444444444444,1005.5111111111112,97.44444444444444,26.433333333333334,0.0,2.9844444444444442,21.0064,107.2925,5.437777777777778,13.404444444444444,6,25,65,186,1970-01-21 14:54:32.933333333,1970-01-21 14:55:21.200000000,Hè,,,
Quảng Ninh,Trung du miền núi Bắc Bộ,2026-06-18,29.08888888888889,31.055555555555557,26.799999999999997,35.12222222222223,37.34444444444445,32.233333333333334,18.48888888888889,18.48888888888889,0.0,13.444444444444445,88.77777777777777,22.366666666666667,41.41111111111111,10.784444444444444,1004.6333333333334,98.77777777777777,27.022222222222222,0.0,2.628888888888889,21.0064,107.2925,3.0455555555555556,13.408888888888889,6,25,63,147,1970-01-21 14:55:59.353333333,1970-01-21 14:56:47.613333333,Hè,,,
Quảng Ninh,Trung du miền núi Bắc Bộ,2026-06-19,29.799999999999997,31.06666666666667,28.366666666666667,34.97777777777778,36.24444444444444,33.36666666666667,8.18888888888889,8.18888888888889,0.0,6.666666666666667,84.33333333333333,24.84444444444445,44.766666666666666,9.41,1004.3888888888889,98.66666666666667,26.87777777777778,0.0,2.8377777777777777,21.0064,107.2925,0.5777777777777778,13.41,6,25,61,185,1970-01-21 14:57:25.766666666,1970-01-21 14:58:14.033333333,Hè,,,
Quảng Ninh,Trung du miền núi Bắc Bộ,2026-06-20,29.71111111111111,32.27777777777778,27.200000000000003,35.3,39.166666666666664,31.38888888888889,10.97777777777778,10.97777777777778,0.0,8.88888888888889,84.77777777777777,26.644444444444446,47.233333333333334,17.188888888888886,1005.7444444444445,97.33333333333333,26.766666666666666,0.0,4.088888888888889,21.0064,107.2925,7.955555555555555,13.41,6,25,63,156,1970-01-21 14:58:52.180000000,1970-01-21 14:59:40.453333333,Hè,,,
Quảng Ninh,Trung du miền núi Bắc Bộ,2026-06-21,30.033333333333335,31.93333333333333,28.233333333333334,35.74444444444444,38.27777777777778,32.733333333333334,2.3555555555555556,2.3555555555555556,0.0,8.555555555555555,83.0,23.1,42.766666666666666,21.593333333333334,1006.7222222222222,91.77777777777777,26.77777777777778,0.0,4.817777777777778,21.0064,107.2925,11.513333333333334,13.41,6,25,51,169,1970-01-21 15:00:18.586666666,1970-01-21 15:01:06.860000000,Hè,,,
Quảng Ninh,Trung du miền núi Bắc Bộ,2026-06-22,30.0,31.922222222222224,28.11111111111111,35.72222222222222,37.599999999999994,33.266666666666666,3.0777777777777775,3.0777777777777775,0.0,7.666666666666667,83.88888888888889,22.633333333333333,40.833333333333336,15.967777777777776,1004.2444444444445,79.88888888888889,26.866666666666667,0.0,3.815555555555556,21.0064,107.2925,7.345555555555555,13.41,6,26,51,193,1970-01-21 15:01:45.000000000,1970-01-21 15:02:33.273333333,Hè,,,
Quảng Ninh,Trung du miền núi Bắc Bộ,2026-06-23,31.27777777777778,34.05555555555556,29.533333333333335,37.15555555555555,40.65555555555555,34.51111111111111,0.5444444444444445,0.5444444444444445,0.0,2.6666666666666665,76.77777777777777,20.8,38.15555555555555,23.146666666666665,1000.8888888888889,59.333333333333336,26.577777777777776,0.0,5.533333333333333,21.0064,107.2925,12.181111111111111,13.41,6,26,51,198,1970-01-21 15:03:11.420000000,1970-01-21 15:03:59.686666666,Hè,,,
Quảng Ninh,Trung du miền núi Bắc Bộ,2026-06-24,31.855555555555554,34.84444444444445,29.444444444444443,38.44444444444444,42.388888888888886,35.5,0.2222222222222222,0.2222222222222222,0.0,1.7777777777777777,74.77777777777777,17.133333333333333,33.888888888888886,25.612222222222222,1000.688888888889,58.666666666666664,26.655555555555555,0.0,5.937777777777778,21.0064,107.2925,12.758888888888889,13.408888888888889,6,26,51,210,1970-01-21 15:04:37.833333333,1970-01-21 15:05:26.100000000,Hè,,,
Quảng Ninh,Trung du miền núi Bắc Bộ,2026-06-25,30.799999999999997,34.455555555555556,27.844444444444445,38.22222222222222,43.08888888888889,34.36666666666667,5.566666666666666,5.566666666666666,0.0,6.0,83.55555555555556,17.0,33.0,20.47,1001.9777777777776,96.88888888888889,27.455555555555556,0.0,4.625555555555555,21.0064,107.2925,8.237777777777778,13.404444444444444,6,26,53,55,1970-01-21 15:06:04.246666666,1970-01-21 15:06:52.513333333,Hè,,,
Quảng Ninh,Trung du miền núi Bắc Bộ,2026-06-26,28.877777777777776,31.43333333333333,27.08888888888889,34.82222222222222,38.27777777777778,32.67777777777778,1.7222222222222223,1.7222222222222223,0.0,3.888888888888889,83.88888888888889,16.87777777777778,31.41111111111111,15.030000000000001,1004.1666666666666,97.77777777777777,25.788888888888888,0.0,3.3755555555555556,21.0064,107.2925,4.760000000000001,13.404444444444444,6,26,51,19,1970-01-21 15:07:30.660000000,1970-01-21 15:08:18.913333333,Hè,,,
Quảng Ninh,Trung du miền núi Bắc Bộ,2026-06-27,28.833333333333332,31.95555555555556,26.655555555555555,35.388888888888886,39.099999999999994,32.577777777777776,6.666666666666667,6.666666666666667,0.0,10.333333333333334,83.11111111111111,10.722222222222221,26.477777777777778,19.475555555555555,1004.5222222222224,93.11111111111111,25.57777777777778,0.0,4.136666666666667,21.0064,107.2925,8.954444444444444,13.401111111111112,6,26,61,190,1970-01-21 15:08:57.080000000,1970-01-21 15:09:45.326666666,Hè,,,
Quảng Ninh,Trung du miền núi Bắc Bộ,2026-06-28,29.033333333333335,31.5,26.22222222222222,35.71111111111111,39.12222222222223,31.84444444444445,6.333333333333333,6.333333333333333,0.0,13.444444444444445,84.22222222222223,11.555555555555555,25.200000000000003,21.304444444444446,1003.8222222222222,96.0,26.01111111111111,0.0,4.567777777777778,21.0064,107.2925,10.895555555555555,13.4,6,26,61,178,1970-01-21 15:10:23.500000000,1970-01-21 15:11:11.733333333,Hè,,,
Quảng Ninh,Trung du miền núi Bắc Bộ,2026-06-29,28.311111111111114,30.355555555555554,26.0,34.355555555555554,37.03333333333333,31.133333333333333,13.966666666666667,13.966666666666667,0.0,19.666666666666668,86.66666666666667,14.811111111111112,29.06666666666667,13.37,1003.9000000000001,98.55555555555556,25.833333333333332,0.0,3.0633333333333335,21.0064,107.2925,4.705555555555556,13.394444444444446,6,27,63,105,1970-01-21 15:11:49.906666666,1970-01-21 15:12:38.146666666,Hè,,,
Quảng Ninh,Trung du miền núi Bắc Bộ,2026-06-30,27.233333333333334,29.28888888888889,25.544444444444444,32.888888888888886,35.25555555555556,30.61111111111111,39.46666666666667,39.46666666666667,0.0,22.88888888888889,90.88888888888889,15.600000000000001,32.766666666666666,13.854444444444445,1005.4111111111112,98.88888888888889,25.533333333333335,0.0,2.92,21.0064,107.2925,5.6688888888888895,13.394444444444446,6,27,63,125,1970-01-21 15:13:16.340000000,1970-01-21 15:14:04.546666666,Hè,,,
Quảng Ninh,Trung du miền núi Bắc Bộ,2026-07-01,28.133333333333333,30.633333333333333,25.811111111111114,33.63333333333333,36.53333333333333,31.15555555555555,10.399999999999999,10.399999999999999,0.0,17.666666666666668,85.0,15.788888888888888,32.400000000000006,20.416666666666668,1006.0444444444444,95.0,25.255555555555556,0.0,4.322222222222222,21.0064,107.2925,9.947777777777778,13.39,7,27,61,106,1970-01-21 15:14:42.753333333,1970-01-21 15:15:30.953333333,Hè,,,
Quảng Ninh,Trung du miền núi Bắc Bộ,2026-07-02,29.22222222222222,31.966666666666665,26.133333333333333,34.67777777777778,38.266666666666666,31.366666666666667,9.7,9.7,0.0,13.333333333333334,80.0,18.9,36.55555555555556,25.57,1006.6444444444444,53.111111111111114,25.244444444444444,0.0,5.57,21.0064,107.2925,11.826666666666666,13.384444444444446,7,27,63,70,1970-01-21 15:16:09.166666666,1970-01-21 15:16:57.353333333,Hè,,,
Quảng Ninh,Trung du miền núi Bắc Bộ,2026-07-03,28.211111111111112,30.95555555555556,26.333333333333332,31.93333333333333,34.77777777777778,29.855555555555554,21.333333333333332,21.333333333333332,0.0,20.77777777777778,82.77777777777777,28.144444444444446,52.2,20.54222222222222,1004.7333333333333,82.22222222222223,24.9,0.0,4.524444444444445,21.0064,107.2925,11.806666666666665,13.38,7,27,63,57,1970-01-21 15:17:35.580000000,1970-01-21 15:18:23.753333333,Hè,,,
Quảng Ninh,Trung du miền núi Bắc Bộ,2026-07-04,27.233333333333334,29.38888888888889,25.955555555555556,29.922222222222224,32.24444444444444,27.5,28.511111111111113,28.511111111111113,0.0,18.333333333333332,87.22222222222223,38.52222222222222,68.55555555555556,10.96,998.3222222222222,99.11111111111111,24.866666666666667,0.0,2.801111111111111,21.0064,107.2925,2.368888888888889,13.374444444444444,7,27,63,346,1970-01-21 15:19:02.006666666,1970-01-21 15:19:50.153333333,Hè,,,
Quảng Ninh,Trung du miền núi Bắc Bộ,2026-07-05,27.1,28.599999999999998,25.88888888888889,30.922222222222224,33.900000000000006,27.12222222222222,50.86666666666667,50.86666666666667,0.0,23.22222222222222,93.0,41.47777777777778,71.28888888888889,4.867777777777778,1000.7555555555555,99.33333333333333,25.833333333333332,0.0,1.482222222222222,21.0064,107.2925,0.17333333333333334,13.37,7,27,63,238,1970-01-21 15:20:28.426666666,1970-01-21 15:21:16.553333333,Hè,,,
Quảng Ninh,Trung du miền núi Bắc Bộ,2026-07-06,28.366666666666667,30.144444444444446,26.244444444444447,32.355555555555554,33.78888888888889,30.72222222222222,12.633333333333333,12.633333333333333,0.0,18.333333333333332,85.11111111111111,28.700000000000003,52.922222222222224,13.44888888888889,1002.0888888888888,95.33333333333333,25.51111111111111,0.0,3.391111111111111,21.0064,107.2925,6.1066666666666665,13.362222222222222,7,28,63,206,1970-01-21 15:21:54.853333333,1970-01-21 15:22:42.953333333,Hè,,,
Quảng Ninh,Trung du miền núi Bắc Bộ,2026-07-07,27.38888888888889,30.244444444444444,25.1,33.36666666666667,37.144444444444446,30.144444444444446,30.366666666666667,30.366666666666667,0.0,20.0,89.77777777777777,16.98888888888889,31.122222222222224,19.27,1002.0333333333333,94.66666666666667,25.51111111111111,0.0,3.8866666666666663,21.0064,107.2925,9.795555555555556,13.356666666666666,7,28,63,96,1970-01-21 15:23:21.273333333,1970-01-21 15:24:09.353333333,Hè,,,
Quảng Ninh,Trung du miền núi Bắc Bộ,2026-07-08,27.51111111111111,30.377777777777776,25.233333333333334,33.47777777777778,37.62222222222223,30.11111111111111,3.4555555555555557,3.4555555555555557,0.0,8.88888888888889,87.88888888888889,14.799999999999999,29.32222222222222,21.73777777777778,1002.311111111111,89.0,25.255555555555556,0.0,4.29,21.0064,107.2925,11.084444444444443,13.35,7,28,53,90,1970-01-21 15:24:47.686666666,1970-01-21 15:25:35.753333333,Hè,,,
Quảng Ninh,Trung du miền núi Bắc Bộ,2026-07-09,27.644444444444442,29.244444444444444,25.755555555555556,33.74444444444444,35.53333333333333,31.200000000000003,13.677777777777779,13.677777777777779,0.0,18.444444444444443,89.33333333333333,13.433333333333334,27.822222222222223,13.952222222222222,1002.4888888888888,92.0,25.644444444444446,0.0,2.9533333333333336,21.0064,107.2925,4.486666666666666,13.341111111111111,7,28,63,106,1970-01-21 15:26:14.120000000,1970-01-21 15:27:02.146666666,Hè,,,
Quảng Ninh,Trung du miền núi Bắc Bộ,2026-07-10,28.055555555555557,30.755555555555556,25.37777777777778,33.93333333333333,37.56666666666667,30.366666666666667,11.88888888888889,11.88888888888889,0.0,15.88888888888889,84.88888888888889,14.922222222222224,28.366666666666667,19.875555555555554,1001.3222222222222,89.0,25.155555555555555,0.0,4.216666666666667,21.0064,107.2925,11.21,13.334444444444445,7,28,63,126,1970-01-21 15:27:40.546666666,1970-01-21 15:28:28.546666666,Hè,,,
Quảng Ninh,Trung du miền núi Bắc Bộ,2026-07-11,28.84444444444445,31.45555555555556,26.61111111111111,35.28888888888889,39.01111111111111,32.48888888888889,2.2666666666666666,2.2666666666666666,0.0,8.222222222222221,82.11111111111111,9.633333333333333,22.37777777777778,23.605555555555554,999.2222222222222,39.888888888888886,25.366666666666667,0.0,4.915555555555556,21.0064,107.2925,12.222222222222221,13.326666666666666,7,28,51,124,1970-01-21 15:29:06.953333333,1970-01-21 15:29:54.933333333,Hè,,,
Quảng Ninh,Trung du miền núi Bắc Bộ,2026-07-12,29.766666666666666,32.75555555555556,27.344444444444445,36.27777777777778,40.266666666666666,33.37777777777777,1.4,1.4,0.0,6.444444444444445,78.66666666666667,12.600000000000001,26.08888888888889,25.36111111111111,999.6222222222223,61.44444444444444,25.48888888888889,0.0,5.506666666666667,21.0064,107.2925,12.367777777777778,13.318888888888889,7,28,51,115,1970-01-21 15:30:33.386666666,1970-01-21 15:31:21.326666666,Hè,,,
Quảng Ninh,Trung du miền núi Bắc Bộ,2026-07-13,29.966666666666665,32.6,27.577777777777776,36.32222222222222,40.32222222222222,33.666666666666664,0.5,0.5,0.0,2.5555555555555554,77.0,13.2,26.72222222222222,25.678888888888892,1001.7111111111111,50.22222222222222,25.37777777777778,0.0,5.582222222222223,21.0064,107.2925,12.502222222222223,13.30888888888889,7,29,51,135,1970-01-21 15:31:59.806666666,1970-01-21 15:32:47.720000000,Hè,,,
Quảng Ninh,Trung du miền núi Bắc Bộ,2026-07-14,29.422222222222224,32.17777777777778,27.066666666666666,36.01111111111111,39.8,33.68888888888889,1.7999999999999998,1.7999999999999998,0.0,6.333333333333333,81.22222222222223,12.911111111111111,26.4,22.663333333333334,1002.1777777777778,93.77777777777777,25.799999999999997,0.0,4.878888888888889,21.0064,107.2925,11.002222222222223,13.3,7,29,53,181,1970-01-21 15:33:26.240000000,1970-01-21 15:34:14.113333333,Hè,,,
Quảng Ninh,Trung du miền núi Bắc Bộ,2026-07-15,29.400000000000002,31.988888888888887,27.155555555555555,35.766666666666666,38.98888888888889,32.68888888888889,5.455555555555556,5.455555555555556,0.0,12.777777777777779,84.22222222222223,15.200000000000001,30.477777777777778,16.34,1002.5999999999999,94.22222222222223,26.344444444444445,0.0,3.718888888888889,21.0064,107.2925,6.8133333333333335,13.291111111111112,7,29,61,199,1970-01-21 15:34:52.660000000,1970-01-21 15:35:40.506666666,Hè,,,
Quảng Ninh,Trung du miền núi Bắc Bộ,2026-07-16,29.366666666666667,32.55555555555556,25.98888888888889,35.02222222222222,38.47777777777778,30.93333333333333,9.266666666666667,9.266666666666667,0.0,15.777777777777779,84.22222222222223,21.72222222222222,40.577777777777776,18.826666666666668,1002.3222222222222,84.88888888888889,26.3,0.0,4.291111111111111,21.0064,107.2925,10.45,13.28111111111111,7,29,61,183,1970-01-21 15:36:19.073333333,1970-01-21 15:37:06.893333333,Hè,,,
Quảng Ninh,Trung du miền núi Bắc Bộ,2026-07-17,29.400000000000002,31.633333333333333,27.433333333333334,35.111111111111114,37.611111111111114,32.37777777777777,14.0,14.0,0.0,11.666666666666666,84.88888888888889,22.744444444444444,43.31111111111111,16.677777777777777,1001.9111111111112,90.55555555555556,26.51111111111111,0.0,3.8777777777777778,21.0064,107.2925,7.707777777777778,13.27111111111111,7,29,63,208,1970-01-21 15:37:45.506666666,1970-01-21 15:38:33.280000000,Hè,,,
Quảng Ninh,Trung du miền núi Bắc Bộ,2026-07-18,30.32222222222222,32.8,28.288888888888888,35.56666666666667,38.111111111111114,33.52222222222222,2.3,2.3,0.0,8.666666666666666,77.55555555555556,21.866666666666667,41.044444444444444,23.933333333333334,1001.7444444444445,77.66666666666667,25.788888888888888,0.0,5.553333333333334,21.0064,107.2925,11.994444444444445,13.261111111111111,7,29,51,198,1970-01-21 15:39:11.926666666,1970-01-21 15:39:59.660000000,Hè,,,
Quảng Ninh,Trung du miền núi Bắc Bộ,2026-07-19,29.555555555555557,32.36666666666667,27.37777777777778,35.48888888888889,38.34444444444445,33.333333333333336,6.922222222222222,6.922222222222222,0.0,10.444444444444445,81.66666666666667,18.555555555555557,34.52222222222222,17.63111111111111,1002.5888888888888,99.44444444444444,25.866666666666667,0.0,4.220000000000001,21.0064,107.2925,7.4688888888888885,13.25,7,29,53,237,1970-01-21 15:40:38.360000000,1970-01-21 15:41:26.046666666,Hè,,,
Quảng Ninh,Trung du miền núi Bắc Bộ,2026-07-20,28.61111111111111,31.08888888888889,27.022222222222222,34.62222222222223,36.922222222222224,32.733333333333334,3.7222222222222223,3.7222222222222223,0.0,10.666666666666666,84.88888888888889,13.311111111111112,28.966666666666665,16.0,1003.4888888888888,98.88888888888889,25.733333333333334,0.0,3.566666666666667,21.0064,107.2925,6.326666666666666,13.238888888888889,7,30,55,239,1970-01-21 15:42:04.780000000,1970-01-21 15:42:52.433333333,Hè,,,
