province,region,date,temperature_2m_mean,temperature_2m_max,temperature_2m_min,apparent_temperature_mean,apparent_temperature_max,apparent_temperature_min,precipitation_sum,rain_sum,showers_sum,precipitation_hours,relative_humidity_2m_mean,wind_speed_10m_max,wind_gusts_10m_max,shortwave_radiation_sum,pressure_msl_mean,cloud_cover_mean,dew_point_2m_mean,snowfall_sum,et0_fao_evapotranspiration,latitude,longitude,sunshine_hours,daylight_hours,month,week,weather_code,wind_direction_10m_dominant,sunrise,sunset,season,uv_index_max,uv_index_clear_sky_max,precipitation_probability_max
Quảng Trị,Bắc Trung Bộ,2025-07-21,27.12222222222222,28.522222222222222,25.788888888888888,28.755555555555556,31.82222222222222,26.077777777777776,5.344444444444444,5.344444444444444,0.0,17.444444444444443,76.44444444444444,33.94444444444444,67.83333333333333,6.220000000000001,997.0999999999999,100.0,22.544444444444444,0.0,3.0411111111111113,17.1046,106.8916,0.0,13.0,7,30,53,244,1970-01-21 06:57:55.706666666,1970-01-21 06:58:42.500000000,Hè,,,
Quảng Trị,Bắc Trung Bộ,2025-07-22,27.255555555555556,28.688888888888886,26.066666666666666,27.933333333333334,30.5,24.72222222222222,5.055555555555555,5.055555555555555,0.0,15.555555555555555,72.77777777777777,43.03333333333333,86.0,9.122222222222222,995.7888888888889,100.0,21.866666666666667,0.0,3.994444444444445,17.1046,106.8916,1.98,12.99,7,30,53,222,1970-01-21 06:59:22.133333333,1970-01-21 07:00:08.893333333,Hè,,,
Quảng Trị,Bắc Trung Bộ,2025-07-23,27.922222222222224,30.533333333333335,26.066666666666666,30.833333333333332,33.666666666666664,27.677777777777777,4.0,4.0,0.0,11.777777777777779,74.11111111111111,25.91111111111111,56.599999999999994,13.96888888888889,999.9555555555556,99.88888888888889,22.744444444444444,0.0,4.051111111111111,17.1046,106.8916,6.407777777777778,12.98,7,30,61,210,1970-01-21 07:00:48.546666666,1970-01-21 07:01:35.286666666,Hè,,,
Quảng Trị,Bắc Trung Bộ,2025-07-24,27.555555555555557,30.666666666666668,24.822222222222223,30.72222222222222,33.24444444444444,27.544444444444444,3.411111111111111,3.411111111111111,0.0,7.555555555555555,76.88888888888889,23.299999999999997,50.666666666666664,13.466666666666667,1002.0333333333333,100.0,22.933333333333334,0.0,3.7022222222222223,17.1046,106.8916,5.837777777777777,12.97,7,30,61,238,1970-01-21 07:02:14.966666666,1970-01-21 07:03:01.666666666,Hè,,,
Quảng Trị,Bắc Trung Bộ,2025-07-25,27.11111111111111,31.866666666666667,23.666666666666668,30.72222222222222,35.077777777777776,26.633333333333333,26.444444444444443,26.444444444444443,0.0,11.222222222222221,79.33333333333333,21.333333333333332,48.166666666666664,17.538888888888888,1002.7444444444445,99.88888888888889,22.91111111111111,0.0,4.204444444444444,17.1046,106.8916,7.881111111111112,12.96,7,30,63,248,1970-01-21 07:03:41.393333333,1970-01-21 07:04:28.040000000,Hè,,,
Quảng Trị,Bắc Trung Bộ,2025-07-26,27.27777777777778,30.255555555555556,24.844444444444445,30.43333333333333,33.78888888888889,27.4,2.011111111111111,2.011111111111111,0.0,4.888888888888889,78.33333333333333,22.844444444444445,50.78888888888889,18.154444444444444,1002.5111111111112,93.88888888888889,23.055555555555557,0.0,4.3533333333333335,17.1046,106.8916,9.77888888888889,12.95,7,30,53,247,1970-01-21 07:05:07.806666666,1970-01-21 07:05:54.426666666,Hè,,,
Quảng Trị,Bắc Trung Bộ,2025-07-27,26.844444444444445,29.622222222222224,25.022222222222222,30.022222222222222,33.3,27.066666666666666,8.18888888888889,8.18888888888889,0.0,9.222222222222221,80.33333333333333,22.677777777777777,46.46666666666667,13.724444444444444,1002.0555555555555,97.0,23.066666666666666,0.0,3.4611111111111112,17.1046,106.8916,7.736666666666666,12.94,7,30,63,237,1970-01-21 07:06:34.220000000,1970-01-21 07:07:20.813333333,Hè,,,
Quảng Trị,Bắc Trung Bộ,2025-07-28,27.12222222222222,31.67777777777778,24.444444444444443,31.077777777777776,35.43333333333333,28.022222222222222,18.633333333333333,18.633333333333333,0.0,13.444444444444445,82.11111111111111,21.566666666666666,46.87777777777777,16.194444444444443,1001.2222222222222,96.88888888888889,23.6,0.0,3.7622222222222224,17.1046,106.8916,7.876666666666667,12.93,7,31,63,197,1970-01-21 07:08:00.653333333,1970-01-21 07:08:47.180000000,Hè,,,
Quảng Trị,Bắc Trung Bộ,2025-07-29,28.444444444444443,32.05555555555556,25.577777777777776,31.78888888888889,36.577777777777776,27.833333333333332,2.4222222222222225,2.4222222222222225,0.0,10.0,76.55555555555556,26.788888888888888,56.077777777777776,17.325555555555557,1000.2111111111111,95.44444444444444,23.766666666666666,0.0,4.594444444444445,17.1046,106.8916,8.617777777777778,12.918888888888889,7,31,53,240,1970-01-21 07:09:27.053333333,1970-01-21 07:10:13.566666666,Hè,,,
Quảng Trị,Bắc Trung Bộ,2025-07-30,28.666666666666668,31.06666666666667,27.366666666666667,30.966666666666665,33.333333333333336,29.233333333333334,0.43333333333333335,0.43333333333333335,0.0,3.5555555555555554,72.88888888888889,33.233333333333334,69.27777777777777,18.525555555555556,1000.311111111111,95.44444444444444,23.233333333333334,0.0,5.122222222222223,17.1046,106.8916,9.07888888888889,12.908888888888889,7,31,3,225,1970-01-21 07:10:53.480000000,1970-01-21 07:11:39.946666666,Hè,,,
Quảng Trị,Bắc Trung Bộ,2025-07-31,29.400000000000002,32.77777777777778,27.366666666666667,32.05555555555556,36.144444444444446,28.577777777777776,0.3555555555555555,0.3555555555555555,0.0,3.0,70.66666666666667,30.522222222222222,63.43333333333333,22.15222222222222,1000.4333333333333,95.88888888888889,23.41111111111111,0.0,5.996666666666666,17.1046,106.8916,10.804444444444444,12.895555555555555,7,31,3,225,1970-01-21 07:12:19.900000000,1970-01-21 07:13:06.313333333,Hè,,,
Quảng Trị,Bắc Trung Bộ,2025-08-01,30.06666666666667,33.15555555555555,27.688888888888886,33.12222222222223,37.02222222222222,29.144444444444446,0.18888888888888888,0.18888888888888888,0.0,1.7777777777777777,67.66666666666667,30.599999999999998,62.62222222222223,20.726666666666667,1000.7333333333333,97.22222222222223,23.333333333333332,0.0,5.88,17.1046,106.8916,11.46888888888889,12.883333333333333,8,31,3,238,1970-01-21 07:13:46.313333333,1970-01-21 07:14:32.700000000,Hè,,,
Quảng Trị,Bắc Trung Bộ,2025-08-02,30.133333333333333,33.84444444444445,27.633333333333333,33.81111111111111,38.14444444444444,30.78888888888889,0.2222222222222222,0.2222222222222222,0.0,1.7777777777777777,67.22222222222223,22.533333333333335,50.077777777777776,22.786666666666665,1002.9444444444445,86.11111111111111,23.22222222222222,0.0,6.023333333333333,17.1046,106.8916,11.484444444444444,12.87,8,31,51,211,1970-01-21 07:15:12.726666666,1970-01-21 07:15:59.060000000,Hè,,,
Quảng Trị,Bắc Trung Bộ,2025-08-03,30.41111111111111,33.86666666666667,27.755555555555556,33.46666666666667,37.077777777777776,30.58888888888889,0.16666666666666666,0.16666666666666666,0.0,1.3333333333333333,66.22222222222223,29.533333333333335,61.666666666666664,23.715555555555554,1003.6555555555556,94.22222222222223,23.255555555555556,0.0,6.5311111111111115,17.1046,106.8916,11.80888888888889,12.86,8,31,3,239,1970-01-21 07:16:39.146666666,1970-01-21 07:17:25.446666666,Hè,,,
Quảng Trị,Bắc Trung Bộ,2025-08-04,30.944444444444443,34.68888888888889,28.12222222222222,33.46666666666667,38.62222222222223,29.34444444444445,0.0,0.0,0.0,0.0,61.55555555555556,29.71111111111111,60.58888888888888,25.468888888888888,1003.4777777777776,96.11111111111111,22.555555555555557,0.0,7.371111111111111,17.1046,106.8916,12.0,12.848888888888888,8,32,3,219,1970-01-21 07:18:05.566666666,1970-01-21 07:18:51.813333333,Hè,,,
Quảng Trị,Bắc Trung Bộ,2025-08-05,30.944444444444443,35.02222222222222,27.644444444444442,34.15555555555555,38.58888888888889,30.244444444444444,0.0,0.0,0.0,0.0,63.22222222222222,26.433333333333334,54.87777777777777,24.985555555555557,1003.9666666666667,95.44444444444444,22.88888888888889,0.0,6.93,17.1046,106.8916,12.0,12.834444444444445,8,32,3,208,1970-01-21 07:19:31.973333333,1970-01-21 07:20:18.186666666,Hè,,,
Quảng Trị,Bắc Trung Bộ,2025-08-06,30.11111111111111,34.32222222222222,26.6,34.233333333333334,38.455555555555556,30.77777777777778,0.022222222222222223,0.022222222222222223,0.0,0.2222222222222222,67.44444444444444,18.98888888888889,43.67777777777778,22.33555555555556,1005.4777777777776,100.0,23.133333333333333,0.0,5.775555555555555,17.1046,106.8916,10.171111111111111,12.823333333333332,8,32,3,208,1970-01-21 07:20:58.393333333,1970-01-21 07:21:44.553333333,Hè,,,
Quảng Trị,Bắc Trung Bộ,2025-08-07,29.555555555555557,35.22222222222222,25.322222222222223,34.47777777777778,40.644444444444446,29.866666666666667,0.5333333333333333,0.5333333333333333,0.0,2.5555555555555554,72.88888888888889,16.455555555555556,37.0,23.85,1007.4111111111112,96.88888888888889,23.644444444444446,0.0,5.66,17.1046,106.8916,11.074444444444445,12.81,8,32,51,157,1970-01-21 07:22:24.806666666,1970-01-21 07:23:10.926666666,Hè,,,
Quảng Trị,Bắc Trung Bộ,2025-08-08,29.477777777777778,35.56666666666667,24.88888888888889,34.455555555555556,41.388888888888886,29.644444444444446,0.2888888888888889,0.2888888888888889,0.0,1.3333333333333333,72.77777777777777,14.0,33.08888888888889,24.842222222222222,1007.9666666666667,25.555555555555557,23.522222222222222,0.0,5.768888888888889,17.1046,106.8916,12.0,12.79888888888889,8,32,51,175,1970-01-21 07:23:51.233333333,1970-01-21 07:24:37.293333333,Hè,,,
Quảng Trị,Bắc Trung Bộ,2025-08-09,29.95555555555556,35.77777777777778,26.266666666666666,34.400000000000006,40.98888888888889,30.366666666666667,0.7555555555555556,0.7555555555555556,0.0,1.6666666666666667,69.11111111111111,17.77777777777778,39.84444444444445,22.036666666666665,1006.8666666666666,78.0,23.244444444444444,0.0,5.524444444444445,17.1046,106.8916,10.94111111111111,12.783333333333333,8,32,51,199,1970-01-21 07:25:17.633333333,1970-01-21 07:26:03.666666666,Hè,,,
Quảng Trị,Bắc Trung Bộ,2025-08-10,29.833333333333332,35.28888888888889,26.366666666666667,34.2,41.166666666666664,29.5,2.522222222222222,2.522222222222222,0.0,4.222222222222222,68.44444444444444,18.033333333333335,38.24444444444444,24.293333333333337,1005.5999999999999,47.22222222222222,23.033333333333335,0.0,5.9511111111111115,17.1046,106.8916,12.0,12.77,8,32,61,197,1970-01-21 07:26:44.053333333,1970-01-21 07:27:30.033333333,Hè,,,
Quảng Trị,Bắc Trung Bộ,2025-08-11,28.88888888888889,34.71111111111111,25.455555555555556,33.95555555555555,41.077777777777776,29.855555555555554,2.888888888888889,2.888888888888889,0.0,4.666666666666667,74.77777777777777,13.022222222222222,32.544444444444444,23.79222222222222,1005.2333333333333,47.888888888888886,23.51111111111111,0.0,5.375555555555556,17.1046,106.8916,12.0,12.758888888888889,8,33,53,157,1970-01-21 07:28:10.473333333,1970-01-21 07:28:56.400000000,Hè,,,
Quảng Trị,Bắc Trung Bộ,2025-08-12,29.22222222222222,34.333333333333336,24.866666666666667,34.44444444444444,40.644444444444446,29.88888888888889,1.6444444444444446,1.6444444444444446,0.0,3.888888888888889,74.44444444444444,14.533333333333335,33.599999999999994,24.396666666666665,1005.6111111111111,54.55555555555556,23.733333333333334,0.0,5.5744444444444445,17.1046,106.8916,12.0,12.744444444444445,8,33,51,138,1970-01-21 07:29:36.893333333,1970-01-21 07:30:22.760000000,Hè,,,
Quảng Trị,Bắc Trung Bộ,2025-08-13,29.41111111111111,35.733333333333334,25.288888888888888,34.044444444444444,41.31111111111111,29.144444444444446,7.322222222222223,7.322222222222223,0.0,5.888888888888889,71.55555555555556,16.38888888888889,33.56666666666667,22.98888888888889,1006.4666666666667,84.33333333333333,23.1,0.0,5.454444444444444,17.1046,106.8916,11.677777777777777,12.73,8,33,61,192,1970-01-21 07:31:03.293333333,1970-01-21 07:31:49.140000000,Hè,,,
Quảng Trị,Bắc Trung Bộ,2025-08-14,28.82222222222222,34.833333333333336,24.788888888888888,33.15555555555555,40.36666666666667,28.522222222222222,7.144444444444444,7.144444444444444,0.0,4.555555555555555,72.77777777777777,18.61111111111111,40.55555555555556,23.55333333333333,1005.0111111111112,88.77777777777777,22.933333333333334,0.0,5.5311111111111115,17.1046,106.8916,12.0,12.716666666666667,8,33,63,211,1970-01-21 07:32:29.713333333,1970-01-21 07:33:15.493333333,Hè,,,
Quảng Trị,Bắc Trung Bộ,2025-08-15,27.62222222222222,33.34444444444445,24.433333333333334,32.400000000000006,38.86666666666667,28.944444444444443,3.288888888888889,3.288888888888889,0.0,4.333333333333333,79.55555555555556,15.311111111111112,35.233333333333334,18.623333333333335,1004.5111111111112,99.33333333333333,23.333333333333332,0.0,4.207777777777777,17.1046,106.8916,9.2,12.704444444444444,8,33,63,194,1970-01-21 07:33:56.126666666,1970-01-21 07:34:41.853333333,Hè,,,
Quảng Trị,Bắc Trung Bộ,2025-08-16,26.288888888888888,30.022222222222222,24.022222222222222,31.422222222222224,36.03333333333333,28.67777777777778,12.0,12.0,0.0,14.88888888888889,86.44444444444444,13.677777777777777,32.12222222222223,19.517777777777777,1005.7888888888889,98.44444444444444,23.733333333333334,0.0,3.9566666666666666,17.1046,106.8916,10.516666666666667,12.688888888888888,8,33,63,0,1970-01-21 07:35:22.540000000,1970-01-21 07:36:08.226666666,Hè,,,
Quảng Trị,Bắc Trung Bộ,2025-08-17,24.644444444444446,25.955555555555556,23.544444444444444,29.15555555555555,30.966666666666665,27.533333333333335,23.844444444444445,23.844444444444445,0.0,19.88888888888889,94.55555555555556,14.344444444444443,29.011111111111113,4.676666666666667,1005.811111111111,100.0,23.688888888888886,0.0,1.0666666666666667,17.1046,106.8916,0.0,12.676666666666668,8,33,63,281,1970-01-21 07:36:48.953333333,1970-01-21 07:37:34.580000000,Hè,,,
Quảng Trị,Bắc Trung Bộ,2025-08-18,26.211111111111112,29.477777777777778,23.966666666666665,30.188888888888886,33.53333333333333,27.433333333333334,1.4444444444444444,1.4444444444444444,0.0,7.444444444444445,82.22222222222223,15.200000000000001,34.36666666666667,13.05777777777778,1006.5111111111112,100.0,22.72222222222222,0.0,3.0144444444444445,17.1046,106.8916,2.71,12.662222222222223,8,34,51,269,1970-01-21 07:38:15.360000000,1970-01-21 07:39:00.960000000,Hè,,,
Quảng Trị,Bắc Trung Bộ,2025-08-19,28.144444444444446,33.333333333333336,24.11111111111111,32.388888888888886,37.98888888888889,27.88888888888889,0.5666666666666667,0.5666666666666667,0.0,2.5555555555555554,75.44444444444444,16.255555555555556,36.55555555555556,22.91,1007.5111111111112,97.33333333333333,23.022222222222222,0.0,5.267777777777777,17.1046,106.8916,11.83,12.646666666666668,8,34,51,183,1970-01-21 07:39:41.773333333,1970-01-21 07:40:27.313333333,Hè,,,
Quảng Trị,Bắc Trung Bộ,2025-08-20,28.344444444444445,33.644444444444446,23.61111111111111,33.333333333333336,39.58888888888889,28.11111111111111,0.8555555555555556,0.8555555555555556,0.0,4.666666666666667,76.11111111111111,13.755555555555555,29.32222222222222,23.72888888888889,1008.0555555555555,97.22222222222223,23.299999999999997,0.0,5.276666666666667,17.1046,106.8916,12.0,12.634444444444446,8,34,51,132,1970-01-21 07:41:08.193333333,1970-01-21 07:41:53.673333333,Hè,,,
Quảng Trị,Bắc Trung Bộ,2025-08-21,28.67777777777778,33.55555555555556,24.4,33.855555555555554,40.3,29.41111111111111,0.7777777777777778,0.7777777777777778,0.0,1.4444444444444444,75.55555555555556,14.955555555555556,31.244444444444444,24.157777777777778,1008.6111111111111,96.44444444444444,23.62222222222222,0.0,5.438888888888889,17.1046,106.8916,12.0,12.618888888888888,8,34,3,126,1970-01-21 07:42:34.600000000,1970-01-21 07:43:20.040000000,Hè,,,
Quảng Trị,Bắc Trung Bộ,2025-08-22,27.422222222222224,32.25555555555556,24.455555555555556,32.63333333333333,39.3,28.71111111111111,7.088888888888889,7.088888888888889,0.0,8.444444444444445,80.33333333333333,12.600000000000001,29.755555555555556,22.221111111111114,1008.4111111111112,87.0,23.51111111111111,0.0,4.713333333333334,17.1046,106.8916,11.721111111111112,12.604444444444445,8,34,63,139,1970-01-21 07:44:01.013333333,1970-01-21 07:44:46.393333333,Hè,,,
Quảng Trị,Bắc Trung Bộ,2025-08-23,27.133333333333333,31.733333333333334,24.177777777777777,32.71111111111111,38.888888888888886,28.82222222222222,7.888888888888889,7.888888888888889,0.0,11.11111111111111,83.44444444444444,10.81111111111111,27.07777777777778,21.985555555555557,1007.5444444444444,85.22222222222223,23.88888888888889,0.0,4.546666666666667,17.1046,106.8916,11.945555555555556,12.591111111111111,8,34,63,238,1970-01-21 07:45:27.413333333,1970-01-21 07:46:12.733333333,Hè,,,
Quảng Trị,Bắc Trung Bộ,2025-08-24,25.12222222222222,28.577777777777776,23.466666666666665,28.833333333333332,33.388888888888886,25.844444444444445,17.62222222222222,17.62222222222222,0.0,14.222222222222221,90.44444444444444,22.41111111111111,45.93333333333333,10.338888888888889,1004.6666666666666,100.0,23.4,0.0,2.211111111111111,17.1046,106.8916,3.236666666666667,12.574444444444445,8,34,63,273,1970-01-21 07:46:53.826666666,1970-01-21 07:47:39.093333333,Hè,,,
Quảng Trị,Bắc Trung Bộ,2025-08-25,24.233333333333334,25.855555555555554,23.11111111111111,26.366666666666667,28.766666666666666,24.200000000000003,61.111111111111114,61.111111111111114,0.0,22.444444444444443,91.77777777777777,33.611111111111114,68.24444444444445,3.324444444444444,999.8888888888889,100.0,22.811111111111114,0.0,1.1177777777777778,17.1046,106.8916,0.0,12.561111111111112,8,35,65,206,1970-01-21 07:48:20.233333333,1970-01-21 07:49:05.460000000,Hè,,,
Quảng Trị,Bắc Trung Bộ,2025-08-26,26.72222222222222,31.77777777777778,23.766666666666666,31.422222222222224,37.233333333333334,27.72222222222222,8.066666666666668,8.066666666666668,0.0,8.88888888888889,82.77777777777777,13.600000000000001,33.52222222222222,17.724444444444444,1005.9555555555556,100.0,23.299999999999997,0.0,3.8833333333333337,17.1046,106.8916,7.706666666666667,12.544444444444444,8,35,63,145,1970-01-21 07:49:46.653333333,1970-01-21 07:50:31.813333333,Hè,,,
Quảng Trị,Bắc Trung Bộ,2025-08-27,25.98888888888889,29.56666666666667,23.755555555555556,31.166666666666668,34.900000000000006,28.37777777777778,15.811111111111112,15.811111111111112,0.0,16.666666666666668,88.33333333333333,10.711111111111112,24.044444444444444,10.962222222222222,1007.7333333333333,100.0,23.744444444444444,0.0,2.4177777777777774,17.1046,106.8916,1.9677777777777778,12.53111111111111,8,35,63,160,1970-01-21 07:51:13.060000000,1970-01-21 07:51:58.173333333,Hè,,,
Quảng Trị,Bắc Trung Bộ,2025-08-28,26.200000000000003,30.122222222222224,23.744444444444444,31.54444444444444,37.02222222222222,28.366666666666664,6.044444444444444,6.044444444444444,0.0,10.11111111111111,87.22222222222223,10.68888888888889,26.922222222222224,20.063333333333333,1006.9222222222221,89.0,23.77777777777778,0.0,4.069999999999999,17.1046,106.8916,11.01,12.514444444444443,8,35,63,240,1970-01-21 07:52:39.466666666,1970-01-21 07:53:24.513333333,Hè,,,
Quảng Trị,Bắc Trung Bộ,2025-08-29,25.200000000000003,28.61111111111111,23.311111111111114,29.166666666666668,32.333333333333336,26.91111111111111,18.311111111111114,18.311111111111114,0.0,16.11111111111111,89.77777777777777,19.322222222222223,41.48888888888889,13.564444444444444,1006.5,99.55555555555556,23.333333333333332,0.0,2.7544444444444443,17.1046,106.8916,5.2444444444444445,12.498888888888889,8,35,63,327,1970-01-21 07:54:05.873333333,1970-01-21 07:54:50.880000000,Hè,,,
Quảng Trị,Bắc Trung Bộ,2025-08-30,25.033333333333335,27.9,23.200000000000003,29.077777777777776,31.866666666666667,26.12222222222222,52.65555555555555,52.65555555555555,0.0,16.333333333333332,91.0,20.12222222222222,41.15555555555555,8.605555555555556,1003.3555555555556,100.0,23.38888888888889,0.0,1.8755555555555554,17.1046,106.8916,2.761111111111111,12.484444444444444,8,35,65,248,1970-01-21 07:55:32.286666666,1970-01-21 07:56:17.233333333,Hè,,,
Quảng Trị,Bắc Trung Bộ,2025-08-31,25.633333333333333,29.43333333333333,22.92222222222222,30.93333333333333,35.72222222222222,27.244444444444444,9.911111111111111,9.911111111111111,0.0,16.11111111111111,89.11111111111111,12.933333333333332,28.833333333333332,18.426666666666666,1006.6555555555556,93.77777777777777,23.566666666666666,0.0,3.6866666666666665,17.1046,106.8916,8.757777777777777,12.46888888888889,8,35,63,94,1970-01-21 07:56:58.693333333,1970-01-21 07:57:43.580000000,Hè,,,
Quảng Trị,Bắc Trung Bộ,2025-09-01,25.533333333333335,28.700000000000003,23.533333333333335,30.811111111111114,33.955555555555556,28.477777777777778,13.600000000000001,13.600000000000001,0.0,18.333333333333332,91.0,11.8,27.38888888888889,15.89777777777778,1006.6222222222223,91.11111111111111,23.866666666666667,0.0,3.137777777777778,17.1046,106.8916,9.417777777777777,12.454444444444444,9,36,63,7,1970-01-21 07:58:25.106666666,1970-01-21 07:59:09.933333333,Thu,,,
Quảng Trị,Bắc Trung Bộ,2025-09-02,26.022222222222222,29.422222222222224,23.62222222222222,31.444444444444443,35.36666666666667,28.522222222222222,8.011111111111111,8.011111111111111,0.0,10.0,89.11111111111111,11.933333333333334,27.53333333333333,19.076666666666668,1007.0222222222224,90.88888888888889,24.0,0.0,3.802222222222222,17.1046,106.8916,10.46888888888889,12.438888888888888,9,36,63,19,1970-01-21 07:59:51.520000000,1970-01-21 08:00:36.300000000,Thu,,,
Quảng Trị,Bắc Trung Bộ,2025-09-03,26.87777777777778,30.34444444444445,23.61111111111111,32.388888888888886,36.955555555555556,28.444444444444443,1.5555555555555558,1.5555555555555558,0.0,6.888888888888889,85.66666666666667,13.922222222222222,32.27777777777778,22.60111111111111,1007.2111111111111,48.333333333333336,24.12222222222222,0.0,4.546666666666667,17.1046,106.8916,11.916666666666666,12.424444444444443,9,36,51,73,1970-01-21 08:01:17.920000000,1970-01-21 08:02:02.646666666,Thu,,,
Quảng Trị,Bắc Trung Bộ,2025-09-04,27.211111111111112,30.944444444444443,24.11111111111111,32.93333333333333,37.82222222222222,29.54444444444444,1.0888888888888888,1.0888888888888888,0.0,4.888888888888889,84.44444444444444,11.877777777777778,28.71111111111111,23.03222222222222,1007.1666666666666,46.55555555555556,24.188888888888886,0.0,4.695555555555555,17.1046,106.8916,11.954444444444444,12.408888888888889,9,36,51,62,1970-01-21 08:02:44.333333333,1970-01-21 08:03:28.993333333,Thu,,,
Quảng Trị,Bắc Trung Bộ,2025-09-05,27.355555555555554,31.78888888888889,24.066666666666666,33.27777777777778,38.94444444444444,29.41111111111111,2.011111111111111,2.011111111111111,0.0,3.3333333333333335,83.88888888888889,10.433333333333334,26.466666666666665,22.275555555555556,1007.2222222222222,70.22222222222223,24.211111111111112,0.0,4.593333333333334,17.1046,106.8916,11.064444444444444,12.393333333333334,9,36,53,77,1970-01-21 08:04:10.740000000,1970-01-21 08:04:55.353333333,Thu,,,
Quảng Trị,Bắc Trung Bộ,2025-09-06,27.444444444444443,31.133333333333333,24.799999999999997,33.43333333333333,38.02222222222222,30.522222222222222,2.0777777777777775,2.0777777777777775,0.0,8.222222222222221,84.88888888888889,11.277777777777779,28.299999999999997,20.395555555555557,1007.5222222222224,98.44444444444444,24.5,0.0,4.176666666666667,17.1046,106.8916,10.893333333333334,12.37888888888889,9,36,53,68,1970-01-21 08:05:37.146666666,1970-01-21 08:06:21.706666666,Thu,,,
Quảng Trị,Bắc Trung Bộ,2025-09-07,27.077777777777776,31.91111111111111,24.188888888888886,33.06666666666667,39.62222222222223,29.511111111111113,6.422222222222222,6.422222222222222,0.0,6.888888888888889,85.88888888888889,10.488888888888889,27.255555555555556,20.70888888888889,1006.5,95.22222222222223,24.311111111111114,0.0,4.260000000000001,17.1046,106.8916,10.763333333333334,12.362222222222222,9,36,63,184,1970-01-21 08:07:03.553333333,1970-01-21 08:07:48.060000000,Thu,,,
Quảng Trị,Bắc Trung Bộ,2025-09-08,28.41111111111111,33.05555555555556,24.755555555555556,32.72222222222222,38.111111111111114,28.5,0.19999999999999998,0.19999999999999998,0.0,1.1111111111111112,74.55555555555556,17.977777777777778,38.71111111111111,22.89333333333333,1006.3666666666666,98.22222222222223,23.1,0.0,5.261111111111111,17.1046,106.8916,11.313333333333333,12.346666666666668,9,37,51,235,1970-01-21 08:08:29.960000000,1970-01-21 08:09:14.413333333,Thu,,,
Quảng Trị,Bắc Trung Bộ,2025-09-09,28.511111111111113,32.766666666666666,25.522222222222222,32.47777777777778,37.13333333333333,29.166666666666668,0.16666666666666666,0.16666666666666666,0.0,0.6666666666666666,71.88888888888889,17.688888888888886,41.21111111111111,20.793333333333333,1008.0222222222224,97.55555555555556,22.700000000000003,0.0,4.989999999999999,17.1046,106.8916,11.436666666666666,12.33,9,37,3,204,1970-01-21 08:09:56.380000000,1970-01-21 08:10:40.753333333,Thu,,,
Quảng Trị,Bắc Trung Bộ,2025-09-10,28.45555555555556,33.766666666666666,25.11111111111111,32.900000000000006,38.63333333333333,29.45555555555556,0.6111111111111112,0.6111111111111112,0.0,2.4444444444444446,74.22222222222223,15.722222222222221,33.8,20.531111111111112,1009.0222222222224,99.88888888888889,23.055555555555557,0.0,4.8533333333333335,17.1046,106.8916,10.175555555555555,12.316666666666668,9,37,51,159,1970-01-21 08:11:22.780000000,1970-01-21 08:12:07.113333333,Thu,,,
Quảng Trị,Bắc Trung Bộ,2025-09-11,27.977777777777778,32.87777777777777,23.788888888888888,33.34444444444445,39.37777777777778,28.37777777777778,3.2777777777777777,3.2777777777777777,0.0,3.0,79.11111111111111,11.911111111111111,28.522222222222222,22.98888888888889,1009.0888888888888,58.22222222222222,23.72222222222222,0.0,4.946666666666666,17.1046,106.8916,11.907777777777778,12.3,9,37,53,125,1970-01-21 08:12:49.186666666,1970-01-21 08:13:33.460000000,Thu,,,
Quảng Trị,Bắc Trung Bộ,2025-09-12,27.688888888888886,31.855555555555554,24.033333333333335,32.65555555555555,37.75555555555556,29.011111111111113,0.21111111111111114,0.21111111111111114,0.0,0.7777777777777778,78.77777777777777,16.48888888888889,36.044444444444444,24.06,1009.5444444444444,32.22222222222222,23.38888888888889,0.0,5.138888888888889,17.1046,106.8916,11.895555555555555,12.283333333333333,9,37,3,121,1970-01-21 08:14:15.586666666,1970-01-21 08:14:59.820000000,Thu,,,
Quảng Trị,Bắc Trung Bộ,2025-09-13,27.233333333333334,31.04444444444444,23.544444444444444,32.24444444444444,36.955555555555556,28.233333333333334,1.5555555555555556,1.5555555555555556,0.0,4.888888888888889,79.66666666666667,12.955555555555556,30.522222222222222,22.365555555555556,1010.0777777777779,55.44444444444444,23.211111111111112,0.0,4.699999999999999,17.1046,106.8916,11.786666666666667,12.27,9,37,51,98,1970-01-21 08:15:42.000000000,1970-01-21 08:16:26.166666666,Thu,,,
Quảng Trị,Bắc Trung Bộ,2025-09-14,26.38888888888889,30.633333333333333,23.833333333333332,31.95555555555556,37.08888888888889,28.54444444444444,13.28888888888889,13.28888888888889,0.0,13.777777777777779,87.0,10.288888888888888,25.322222222222223,17.473333333333333,1010.4888888888888,100.0,23.944444444444443,0.0,3.6211111111111105,17.1046,106.8916,8.935555555555556,12.25,9,37,63,92,1970-01-21 08:17:08.406666666,1970-01-21 08:17:52.506666666,Thu,,,
Quảng Trị,Bắc Trung Bộ,2025-09-15,26.055555555555557,30.366666666666667,23.333333333333332,31.644444444444446,37.21111111111111,28.22222222222222,11.633333333333333,11.633333333333333,0.0,8.222222222222221,88.0,9.622222222222222,24.92222222222222,15.845555555555556,1010.4888888888888,96.55555555555556,23.788888888888888,0.0,3.2444444444444445,17.1046,106.8916,6.724444444444444,12.236666666666666,9,38,65,120,1970-01-21 08:18:34.806666666,1970-01-21 08:19:18.853333333,Thu,,,
Quảng Trị,Bắc Trung Bộ,2025-09-16,26.799999999999997,30.91111111111111,23.77777777777778,32.08888888888889,36.8,28.37777777777778,5.277777777777778,5.277777777777778,0.0,9.444444444444445,83.66666666666667,13.333333333333334,30.65555555555555,22.598888888888887,1009.8555555555556,44.77777777777778,23.566666666666666,0.0,4.623333333333333,17.1046,106.8916,11.772222222222222,12.22,9,38,61,3,1970-01-21 08:20:01.213333333,1970-01-21 08:20:45.213333333,Thu,,,
Quảng Trị,Bắc Trung Bộ,2025-09-17,25.62222222222222,28.511111111111113,23.6,30.61111111111111,33.51111111111111,28.42222222222222,8.033333333333333,8.033333333333333,0.0,15.0,88.88888888888889,12.433333333333334,29.06666666666667,14.685555555555558,1008.4777777777776,91.0,23.533333333333335,0.0,2.957777777777778,17.1046,106.8916,7.4255555555555555,12.202222222222222,9,38,63,2,1970-01-21 08:21:27.620000000,1970-01-21 08:22:11.560000000,Thu,,,
Quảng Trị,Bắc Trung Bộ,2025-09-18,25.266666666666666,27.58888888888889,23.533333333333335,30.43333333333333,32.422222222222224,28.38888888888889,14.61111111111111,14.61111111111111,0.0,22.88888888888889,92.0,12.233333333333333,28.144444444444442,11.921111111111111,1007.8444444444444,94.55555555555556,23.77777777777778,0.0,2.4022222222222225,17.1046,106.8916,4.567777777777778,12.19,9,38,61,34,1970-01-21 08:22:54.040000000,1970-01-21 08:23:37.906666666,Thu,,,
Quảng Trị,Bắc Trung Bộ,2025-09-19,25.522222222222226,28.58888888888889,23.466666666666665,31.099999999999998,34.56666666666667,28.255555555555556,13.466666666666667,13.466666666666667,0.0,14.666666666666666,92.11111111111111,8.133333333333333,21.844444444444445,15.09222222222222,1008.3222222222222,96.11111111111111,24.08888888888889,0.0,3.0,17.1046,106.8916,6.885555555555555,12.17,9,38,63,5,1970-01-21 08:24:20.440000000,1970-01-21 08:25:04.266666666,Thu,,,
Quảng Trị,Bắc Trung Bộ,2025-09-20,26.41111111111111,30.45555555555556,23.200000000000003,32.05555555555556,36.82222222222222,27.755555555555556,8.2,8.2,0.0,6.888888888888889,88.11111111111111,9.633333333333333,24.98888888888889,16.475555555555555,1007.4777777777779,94.11111111111111,24.177777777777777,0.0,3.34,17.1046,106.8916,10.362222222222222,12.16,9,38,63,240,1970-01-21 08:25:46.846666666,1970-01-21 08:26:30.606666666,Thu,,,
Quảng Trị,Bắc Trung Bộ,2025-09-21,26.91111111111111,32.733333333333334,23.87777777777778,32.24444444444444,39.733333333333334,28.555555555555557,9.177777777777777,9.177777777777777,0.0,5.0,84.88888888888889,14.233333333333333,34.166666666666664,20.16444444444444,1006.3333333333334,98.22222222222223,23.922222222222224,0.0,4.217777777777778,17.1046,106.8916,10.77111111111111,12.14,9,38,63,202,1970-01-21 08:27:13.246666666,1970-01-21 08:27:56.953333333,Thu,,,
Quảng Trị,Bắc Trung Bộ,2025-09-22,26.5,31.488888888888887,23.166666666666668,31.944444444444443,38.422222222222224,27.455555555555556,6.988888888888889,6.988888888888889,0.0,10.222222222222221,86.66666666666667,11.31111111111111,26.955555555555556,19.65888888888889,1006.8333333333334,89.77777777777777,23.866666666666667,0.0,4.029999999999999,17.1046,106.8916,11.022222222222222,12.12,9,39,63,235,1970-01-21 08:28:39.666666666,1970-01-21 08:29:23.313333333,Thu,,,
Quảng Trị,Bắc Trung Bộ,2025-09-23,26.233333333333334,30.622222222222224,23.677777777777777,31.488888888888887,36.599999999999994,28.344444444444445,7.966666666666667,7.966666666666667,0.0,12.0,88.22222222222223,12.911111111111111,31.72222222222222,17.725555555555555,1005.6444444444444,91.0,23.977777777777778,0.0,3.565555555555556,17.1046,106.8916,9.961111111111112,12.11,9,39,61,303,1970-01-21 08:30:06.066666666,1970-01-21 08:30:49.660000000,Thu,,,
Quảng Trị,Bắc Trung Bộ,2025-09-24,26.51111111111111,30.555555555555557,23.666666666666668,30.77777777777778,35.06666666666667,26.799999999999997,7.944444444444445,7.944444444444445,0.0,10.0,84.11111111111111,16.91111111111111,36.355555555555554,16.308888888888887,1003.1888888888888,100.0,23.444444444444443,0.0,3.5466666666666664,17.1046,106.8916,8.653333333333332,12.09,9,39,63,233,1970-01-21 08:31:32.473333333,1970-01-21 08:32:16.006666666,Thu,,,
Quảng Trị,Bắc Trung Bộ,2025-09-25,26.98888888888889,33.266666666666666,24.333333333333332,31.255555555555556,38.74444444444444,27.0,9.744444444444445,9.744444444444445,0.0,6.333333333333333,81.33333333333333,18.244444444444444,36.72222222222222,20.135555555555555,1003.7666666666667,98.66666666666667,23.200000000000003,0.0,4.478888888888889,17.1046,106.8916,9.86111111111111,12.08,9,39,63,231,1970-01-21 08:32:58.880000000,1970-01-21 08:33:42.366666666,Thu,,,
Quảng Trị,Bắc Trung Bộ,2025-09-26,25.12222222222222,27.966666666666665,23.444444444444443,30.144444444444446,33.21111111111111,28.233333333333334,24.822222222222223,24.822222222222223,0.0,23.333333333333332,92.44444444444444,11.5,27.644444444444446,11.841111111111111,1008.7888888888889,100.0,23.72222222222222,0.0,2.3899999999999997,17.1046,106.8916,4.536666666666666,12.06,9,39,63,71,1970-01-21 08:34:25.300000000,1970-01-21 08:35:08.713333333,Thu,,,
Quảng Trị,Bắc Trung Bộ,2025-09-27,24.533333333333335,27.166666666666668,23.044444444444444,28.877777777777776,31.78888888888889,26.6,58.14444444444444,58.14444444444444,0.0,23.88888888888889,94.55555555555556,18.544444444444444,38.2,8.223333333333334,1009.1333333333334,100.0,23.6,0.0,1.6877777777777778,17.1046,106.8916,1.9988888888888887,12.05,9,39,65,2,1970-01-21 08:35:51.706666666,1970-01-21 08:36:35.066666666,Thu,,,
Quảng Trị,Bắc Trung Bộ,2025-09-28,24.4,25.455555555555556,23.144444444444446,26.311111111111114,28.555555555555557,23.366666666666667,123.3111111111111,123.3111111111111,0.0,23.88888888888889,94.66666666666667,42.34444444444445,86.72222222222223,3.258888888888889,999.1111111111111,100.0,23.433333333333334,0.0,0.9777777777777779,17.1046,106.8916,0.0022222222222222222,12.03,9,39,65,292,1970-01-21 08:37:18.106666666,1970-01-21 08:38:01.420000000,Thu,,,
Quảng Trị,Bắc Trung Bộ,2025-09-29,24.933333333333334,27.644444444444446,23.299999999999997,29.122222222222224,32.77777777777778,25.22222222222222,19.455555555555556,19.455555555555556,0.0,19.22222222222222,93.44444444444444,25.744444444444444,63.14444444444444,5.152222222222223,1004.3222222222222,100.0,23.755555555555556,0.0,1.23,17.1046,106.8916,0.6311111111111111,12.011111111111111,9,40,63,147,1970-01-21 08:38:44.526666666,1970-01-21 08:39:27.766666666,Thu,,,
Quảng Trị,Bắc Trung Bộ,2025-09-30,26.08888888888889,31.32222222222222,23.077777777777776,31.599999999999998,37.78888888888889,27.833333333333332,11.288888888888888,11.288888888888888,0.0,6.333333333333333,88.22222222222223,11.31111111111111,27.677777777777777,18.137777777777778,1009.7888888888889,97.33333333333333,23.77777777777778,0.0,3.688888888888889,17.1046,106.8916,10.22,12.0,9,40,63,151,1970-01-21 08:40:10.926666666,1970-01-21 08:40:54.126666666,Thu,,,
Quảng Trị,Bắc Trung Bộ,2025-10-01,26.522222222222222,31.08888888888889,22.366666666666667,31.577777777777776,37.266666666666666,26.72222222222222,1.2222222222222223,1.2222222222222223,0.0,5.333333333333333,84.33333333333333,12.755555555555555,28.966666666666665,21.665555555555557,1011.0333333333333,93.77777777777777,23.4,0.0,4.472222222222222,17.1046,106.8916,11.176666666666668,11.98,10,40,53,109,1970-01-21 08:41:37.333333333,1970-01-21 08:42:20.466666666,Thu,,,
Quảng Trị,Bắc Trung Bộ,2025-10-02,26.700000000000003,30.56666666666667,23.455555555555556,31.56666666666667,36.27777777777778,28.5,0.37777777777777777,0.37777777777777777,0.0,2.7777777777777777,80.66666666666667,12.422222222222222,28.766666666666666,22.018888888888892,1011.6222222222223,25.11111111111111,22.9,0.0,4.552222222222222,17.1046,106.8916,11.306666666666665,11.967777777777778,10,40,51,69,1970-01-21 08:43:03.740000000,1970-01-21 08:43:46.820000000,Thu,,,
Quảng Trị,Bắc Trung Bộ,2025-10-03,27.0,30.27777777777778,23.977777777777778,31.88888888888889,35.78888888888889,28.84444444444445,0.5111111111111112,0.5111111111111112,0.0,3.2222222222222223,80.66666666666667,12.31111111111111,30.17777777777778,21.70777777777778,1011.311111111111,38.666666666666664,23.211111111111112,0.0,4.445555555555555,17.1046,106.8916,11.211111111111112,11.95,10,40,51,98,1970-01-21 08:44:30.153333333,1970-01-21 08:45:13.180000000,Thu,,,
Quảng Trị,Bắc Trung Bộ,2025-10-04,26.677777777777777,31.033333333333335,24.01111111111111,32.333333333333336,37.96666666666667,29.055555555555557,2.0,2.0,0.0,3.2222222222222223,85.0,10.7,28.366666666666667,19.973333333333333,1010.8666666666666,70.88888888888889,23.788888888888888,0.0,4.026666666666667,17.1046,106.8916,10.864444444444445,11.933333333333332,10,40,53,115,1970-01-21 08:45:56.566666666,1970-01-21 08:46:39.526666666,Thu,,,
Quảng Trị,Bắc Trung Bộ,2025-10-05,27.88888888888889,32.84444444444445,23.688888888888886,30.866666666666667,36.27777777777778,27.533333333333335,0.0,0.0,0.0,0.0,73.33333333333333,23.22222222222222,48.43333333333333,16.656666666666666,1007.7222222222222,95.77777777777777,22.38888888888889,0.0,4.6,17.1046,106.8916,7.319999999999999,11.92,10,40,3,240,1970-01-21 08:47:22.980000000,1970-01-21 08:48:05.886666666,Thu,,,
Quảng Trị,Bắc Trung Bộ,2025-10-06,28.155555555555555,31.444444444444443,25.033333333333335,31.133333333333333,35.3,28.022222222222222,0.0,0.0,0.0,0.0,71.55555555555556,26.022222222222222,53.388888888888886,12.881111111111112,1007.5111111111112,100.0,22.355555555555554,0.0,3.933333333333333,17.1046,106.8916,4.814444444444444,11.901111111111112,10,41,3,187,1970-01-21 08:48:49.386666666,1970-01-21 08:49:32.226666666,Thu,,,
Quảng Trị,Bắc Trung Bộ,2025-10-07,27.177777777777777,31.577777777777776,23.766666666666666,32.08888888888889,37.577777777777776,28.322222222222223,1.7555555555555555,1.7555555555555555,0.0,5.777777777777778,79.88888888888889,11.077777777777778,23.61111111111111,20.197777777777777,1011.1111111111111,90.11111111111111,23.155555555555555,0.0,4.300000000000001,17.1046,106.8916,11.045555555555556,11.886666666666667,10,41,53,123,1970-01-21 08:50:15.793333333,1970-01-21 08:50:58.586666666,Thu,,,
Quảng Trị,Bắc Trung Bộ,2025-10-08,26.455555555555556,29.755555555555556,24.077777777777776,30.95555555555556,34.766666666666666,28.477777777777778,2.677777777777778,2.677777777777778,0.0,9.777777777777779,81.88888888888889,15.066666666666666,33.81111111111111,20.14,1012.0666666666667,44.666666666666664,22.955555555555556,0.0,4.138888888888889,17.1046,106.8916,10.515555555555556,11.87,10,41,53,82,1970-01-21 08:51:42.206666666,1970-01-21 08:52:24.940000000,Thu,,,
Quảng Trị,Bắc Trung Bộ,2025-10-09,25.11111111111111,28.666666666666668,23.344444444444445,29.922222222222224,34.62222222222223,27.577777777777776,13.488888888888889,13.488888888888889,0.0,15.444444444444445,88.77777777777777,14.211111111111112,33.733333333333334,16.62,1011.9111111111112,74.44444444444444,23.0,0.0,3.198888888888889,17.1046,106.8916,10.093333333333334,11.855555555555554,10,41,63,92,1970-01-21 08:53:08.613333333,1970-01-21 08:53:51.293333333,Thu,,,
Quảng Trị,Bắc Trung Bộ,2025-10-10,25.1,28.22222222222222,23.244444444444444,29.811111111111114,33.15555555555555,27.566666666666666,9.266666666666667,9.266666666666667,0.0,20.666666666666668,89.44444444444444,12.722222222222221,31.833333333333332,15.695555555555554,1011.2777777777778,90.22222222222223,23.1,0.0,3.108888888888889,17.1046,106.8916,9.303333333333335,11.84,10,41,63,42,1970-01-21 08:54:35.040000000,1970-01-21 08:55:17.646666666,Thu,,,
Quảng Trị,Bắc Trung Bộ,2025-10-11,24.833333333333332,27.733333333333334,23.12222222222222,29.799999999999997,32.51111111111111,27.799999999999997,10.222222222222221,10.222222222222221,0.0,18.88888888888889,92.22222222222223,10.988888888888889,25.72222222222222,12.107777777777777,1010.4888888888888,95.33333333333333,23.38888888888889,0.0,2.408888888888889,17.1046,106.8916,5.858888888888888,11.823333333333332,10,41,63,9,1970-01-21 08:56:01.446666666,1970-01-21 08:56:44.013333333,Thu,,,
Quảng Trị,Bắc Trung Bộ,2025-10-12,24.844444444444445,27.177777777777777,23.700000000000003,29.977777777777778,32.08888888888889,28.477777777777778,6.800000000000001,6.800000000000001,0.0,19.22222222222222,93.0,9.933333333333334,24.633333333333333,9.85888888888889,1010.4222222222221,98.44444444444444,23.6,0.0,1.9833333333333334,17.1046,106.8916,3.508888888888889,11.80777777777778,10,41,53,2,1970-01-21 08:57:27.853333333,1970-01-21 08:58:10.366666666,Thu,,,
Quảng Trị,Bắc Trung Bộ,2025-10-13,24.91111111111111,27.955555555555556,23.455555555555556,30.22222222222222,33.34444444444445,28.433333333333334,18.288888888888888,18.288888888888888,0.0,15.555555555555555,93.11111111111111,10.066666666666666,26.233333333333334,13.151111111111112,1010.4222222222221,98.77777777777777,23.655555555555555,0.0,2.55,17.1046,106.8916,7.527777777777778,11.793333333333333,10,42,63,52,1970-01-21 08:58:54.273333333,1970-01-21 08:59:36.726666666,Thu,,,
Quảng Trị,Bắc Trung Bộ,2025-10-14,25.288888888888888,29.15555555555555,23.266666666666666,30.400000000000002,34.8,28.033333333333335,9.633333333333333,9.633333333333333,0.0,10.88888888888889,90.55555555555556,11.155555555555557,28.133333333333333,15.09222222222222,1010.4777777777776,99.33333333333333,23.48888888888889,0.0,3.0188888888888887,17.1046,106.8916,8.182222222222222,11.777777777777779,10,42,63,2,1970-01-21 09:00:20.680000000,1970-01-21 09:01:03.080000000,Thu,,,
Quảng Trị,Bắc Trung Bộ,2025-10-15,25.577777777777776,29.033333333333335,23.211111111111112,30.522222222222222,33.888888888888886,28.244444444444444,11.633333333333333,11.633333333333333,0.0,13.88888888888889,89.22222222222223,14.58888888888889,34.81111111111111,16.12,1010.9888888888888,90.22222222222223,23.577777777777776,0.0,3.17,17.1046,106.8916,10.273333333333333,11.763333333333334,10,42,63,96,1970-01-21 09:01:47.100000000,1970-01-21 09:02:29.446666666,Thu,,,
Quảng Trị,Bắc Trung Bộ,2025-10-16,24.855555555555554,27.322222222222223,23.266666666666666,29.166666666666668,31.166666666666668,27.666666666666668,13.855555555555556,13.855555555555556,0.0,21.88888888888889,91.11111111111111,16.72222222222222,37.71111111111111,12.783333333333333,1012.2777777777778,93.66666666666667,23.233333333333334,0.0,2.503333333333333,17.1046,106.8916,6.123333333333333,11.746666666666666,10,42,63,79,1970-01-21 09:03:13.513333333,1970-01-21 09:03:55.806666666,Thu,,,
Quảng Trị,Bắc Trung Bộ,2025-10-17,24.833333333333332,27.299999999999997,23.544444444444444,29.32222222222222,31.72222222222222,27.58888888888889,12.255555555555555,12.255555555555555,0.0,23.22222222222222,92.22222222222223,14.766666666666667,35.47777777777778,11.75,1012.5333333333333,96.55555555555556,23.433333333333334,0.0,2.3,17.1046,106.8916,5.427777777777778,11.733333333333334,10,42,61,52,1970-01-21 09:04:39.933333333,1970-01-21 09:05:22.166666666,Thu,,,
Quảng Trị,Bắc Trung Bộ,2025-10-18,24.6,27.41111111111111,22.733333333333334,28.855555555555554,31.766666666666666,26.633333333333333,12.622222222222222,12.622222222222222,0.0,18.555555555555557,90.22222222222223,13.3,30.799999999999997,13.745555555555557,1011.9333333333333,89.55555555555556,22.788888888888888,0.0,2.7155555555555555,17.1046,106.8916,7.453333333333333,11.716666666666667,10,42,63,42,1970-01-21 09:06:06.346666666,1970-01-21 09:06:48.526666666,Thu,,,
Quảng Trị,Bắc Trung Bộ,2025-10-19,25.37777777777778,29.200000000000003,22.188888888888886,29.488888888888887,33.17777777777778,25.933333333333334,13.8,13.8,0.0,19.333333333333332,85.55555555555556,17.944444444444443,38.888888888888886,19.085555555555555,1010.9333333333333,79.33333333333333,22.6,0.0,3.8588888888888886,17.1046,106.8916,10.246666666666666,11.703333333333333,10,42,63,59,1970-01-21 09:07:32.760000000,1970-01-21 09:08:14.886666666,Thu,,,
Quảng Trị,Bắc Trung Bộ,2025-10-20,25.311111111111114,28.522222222222222,22.766666666666666,28.56666666666667,31.82222222222222,26.255555555555556,10.355555555555556,10.355555555555556,0.0,19.666666666666668,86.44444444444444,24.322222222222223,49.43333333333333,17.353333333333335,1010.6777777777778,66.11111111111111,22.744444444444444,0.0,3.624444444444445,17.1046,106.8916,10.314444444444444,11.686666666666666,10,43,61,1,1970-01-21 09:08:59.173333333,1970-01-21 09:09:41.253333333,Thu,,,
Quảng Trị,Bắc Trung Bộ,2025-10-21,24.62222222222222,26.977777777777778,22.88888888888889,25.744444444444444,28.0,24.0,13.899999999999999,13.899999999999999,0.0,21.666666666666668,84.11111111111111,30.366666666666667,63.32222222222222,14.76,1011.8666666666666,91.0,21.58888888888889,0.0,3.458888888888889,17.1046,106.8916,8.726666666666667,11.673333333333334,10,43,61,4,1970-01-21 09:10:25.593333333,1970-01-21 09:11:07.613333333,Thu,,,
Quảng Trị,Bắc Trung Bộ,2025-10-22,22.633333333333333,23.855555555555554,21.4,23.077777777777776,24.9,21.433333333333334,30.055555555555557,30.055555555555557,0.0,23.444444444444443,90.0,31.95555555555556,63.87777777777777,5.026666666666667,1012.8444444444444,100.0,20.811111111111114,0.0,1.6033333333333333,17.1046,106.8916,0.3288888888888889,11.656666666666666,10,43,61,360,1970-01-21 09:11:52.020000000,1970-01-21 09:12:33.973333333,Thu,,,
Quảng Trị,Bắc Trung Bộ,2025-10-23,22.1,23.455555555555556,20.155555555555555,23.044444444444444,24.6,20.944444444444443,79.25555555555555,79.25555555555555,0.0,23.88888888888889,93.22222222222223,30.15555555555555,56.58888888888889,3.7411111111111115,1013.8222222222222,100.0,20.88888888888889,0.0,1.1211111111111112,17.1046,106.8916,0.007777777777777778,11.643333333333334,10,43,65,7,1970-01-21 09:13:18.433333333,1970-01-21 09:14:00.340000000,Thu,,,
Quảng Trị,Bắc Trung Bộ,2025-10-24,21.37777777777778,22.822222222222223,19.844444444444445,23.133333333333333,25.0,20.788888888888888,46.51111111111111,46.51111111111111,0.0,23.0,93.77777777777777,20.077777777777776,39.15555555555555,4.427777777777778,1014.9777777777776,99.77777777777777,20.266666666666666,0.0,1.0855555555555556,17.1046,106.8916,0.16777777777777778,11.626666666666667,10,43,63,17,1970-01-21 09:14:44.853333333,1970-01-21 09:15:26.700000000,Thu,,,
Quảng Trị,Bắc Trung Bộ,2025-10-25,22.299999999999997,24.48888888888889,20.333333333333332,24.077777777777776,26.711111111111112,21.755555555555553,13.433333333333334,13.433333333333334,0.0,21.22222222222222,90.44444444444444,22.788888888888888,43.5,6.435555555555556,1014.2222222222222,100.0,20.544444444444444,0.0,1.6244444444444446,17.1046,106.8916,0.8211111111111111,11.613333333333333,10,43,61,5,1970-01-21 09:16:11.280000000,1970-01-21 09:16:53.073333333,Thu,,,
Quảng Trị,Bắc Trung Bộ,2025-10-26,23.433333333333334,25.066666666666666,22.566666666666666,25.144444444444446,26.655555555555555,24.077777777777776,36.43333333333333,36.43333333333333,0.0,23.444444444444443,90.77777777777777,26.177777777777777,53.233333333333334,4.864444444444445,1013.4777777777776,100.0,21.733333333333334,0.0,1.501111111111111,17.1046,106.8916,0.47777777777777775,11.596666666666668,10,43,63,5,1970-01-21 09:17:37.693333333,1970-01-21 09:18:19.433333333,Thu,,,
Quảng Trị,Bắc Trung Bộ,2025-10-27,23.144444444444446,23.844444444444445,22.466666666666665,24.72222222222222,25.655555555555555,23.666666666666668,65.94444444444444,65.94444444444444,0.0,24.0,94.44444444444444,28.27777777777778,54.15555555555555,3.2788888888888885,1013.5777777777779,100.0,22.200000000000003,0.0,0.9455555555555555,17.1046,106.8916,0.043333333333333335,11.583333333333334,10,44,63,18,1970-01-21 09:19:04.100000000,1970-01-21 09:19:45.800000000,Thu,,,
Quảng Trị,Bắc Trung Bộ,2025-10-28,23.288888888888888,24.133333333333333,22.566666666666666,24.811111111111114,25.533333333333335,24.0,50.77777777777778,50.77777777777778,0.0,23.88888888888889,93.11111111111111,28.944444444444443,56.71111111111111,4.507777777777778,1013.3888888888889,99.88888888888889,22.066666666666666,0.0,1.231111111111111,17.1046,106.8916,0.2011111111111111,11.567777777777778,10,44,63,19,1970-01-21 09:20:30.533333333,1970-01-21 09:21:12.173333333,Thu,,,
Quảng Trị,Bắc Trung Bộ,2025-10-29,23.688888888888886,24.955555555555556,22.9,25.977777777777778,27.033333333333335,25.1,63.81111111111112,63.81111111111112,0.0,24.0,93.88888888888889,26.644444444444446,54.766666666666666,4.417777777777777,1012.2555555555555,99.66666666666667,22.633333333333333,0.0,1.1266666666666667,17.1046,106.8916,0.38,11.553333333333335,10,44,63,36,1970-01-21 09:21:56.953333333,1970-01-21 09:22:38.540000000,Thu,,,
Quảng Trị,Bắc Trung Bộ,2025-10-30,24.08888888888889,25.577777777777776,23.288888888888888,28.0,29.444444444444443,26.58888888888889,44.94444444444444,44.94444444444444,0.0,24.0,95.77777777777777,18.166666666666668,38.577777777777776,6.061111111111111,1012.3444444444444,100.0,23.355555555555554,0.0,1.232222222222222,17.1046,106.8916,0.40444444444444444,11.541111111111112,10,44,63,54,1970-01-21 09:23:23.373333333,1970-01-21 09:24:04.913333333,Thu,,,
Quảng Trị,Bắc Trung Bộ,2025-10-31,24.4,26.944444444444443,23.3,28.71111111111111,31.200000000000003,27.155555555555555,17.477777777777778,17.477777777777778,0.0,23.22222222222222,93.88888888888889,15.077777777777776,34.355555555555554,9.856666666666667,1013.6222222222223,99.22222222222223,23.311111111111114,0.0,1.9200000000000002,17.1046,106.8916,4.010000000000001,11.525555555555554,10,44,63,64,1970-01-21 09:24:49.800000000,1970-01-21 09:25:31.286666666,Thu,,,
Quảng Trị,Bắc Trung Bộ,2025-11-01,24.133333333333333,26.9,22.91111111111111,28.044444444444444,30.299999999999997,26.644444444444446,25.355555555555558,25.355555555555558,0.0,23.333333333333332,92.44444444444444,16.433333333333334,37.72222222222222,12.403333333333332,1014.4444444444445,94.77777777777777,22.733333333333334,0.0,2.3577777777777778,17.1046,106.8916,6.656666666666667,11.513333333333334,11,44,63,90,1970-01-21 09:26:16.213333333,1970-01-21 09:26:57.653333333,Thu,,,
Quảng Trị,Bắc Trung Bộ,2025-11-02,23.58888888888889,25.044444444444444,22.58888888888889,27.233333333333334,28.755555555555556,25.91111111111111,43.53333333333333,43.53333333333333,0.0,23.444444444444443,95.11111111111111,18.62222222222222,38.52222222222222,6.173333333333334,1013.5444444444444,99.66666666666667,22.72222222222222,0.0,1.2366666666666666,17.1046,106.8916,1.348888888888889,11.5,11,44,63,29,1970-01-21 09:27:42.633333333,1970-01-21 09:28:24.040000000,Thu,,,
Quảng Trị,Bắc Trung Bộ,2025-11-03,22.98888888888889,23.700000000000003,21.133333333333333,25.144444444444446,27.444444444444443,21.922222222222224,106.6,106.6,0.0,24.0,95.88888888888889,31.56666666666667,61.63333333333334,2.2211111111111115,1011.9222222222221,100.0,22.288888888888888,0.0,0.6388888888888888,17.1046,106.8916,0.0,11.485555555555557,11,45,65,9,1970-01-21 09:29:09.066666666,1970-01-21 09:29:50.413333333,Thu,,,
Quảng Trị,Bắc Trung Bộ,2025-11-04,21.200000000000003,23.211111111111112,19.53333333333333,20.655555555555555,23.155555555555555,18.87777777777778,12.022222222222222,12.022222222222222,0.0,13.777777777777779,84.77777777777777,32.46666666666667,65.07777777777778,8.77111111111111,1013.3000000000001,100.0,18.466666666666665,0.0,2.2088888888888887,17.1046,106.8916,1.9833333333333334,11.471111111111112,11,45,63,317,1970-01-21 09:30:35.480000000,1970-01-21 09:31:16.793333333,Thu,,,
Quảng Trị,Bắc Trung Bộ,2025-11-05,21.477777777777778,23.311111111111114,19.933333333333334,22.866666666666667,25.822222222222223,20.288888888888888,31.466666666666665,31.466666666666665,0.0,20.555555555555557,91.22222222222223,23.144444444444446,44.98888888888889,6.124444444444444,1012.0666666666667,99.11111111111111,19.955555555555556,0.0,1.35,17.1046,106.8916,0.8044444444444445,11.46,11,45,63,316,1970-01-21 09:32:01.920000000,1970-01-21 09:32:43.166666666,Thu,,,
Quảng Trị,Bắc Trung Bộ,2025-11-06,23.322222222222223,26.544444444444444,21.1,25.344444444444445,27.955555555555556,23.288888888888888,24.311111111111114,24.311111111111114,0.0,19.444444444444443,89.66666666666667,29.077777777777776,55.63333333333333,12.89111111111111,1010.1555555555556,99.66666666666667,21.37777777777778,0.0,2.6366666666666667,17.1046,106.8916,6.348888888888889,11.446666666666665,11,45,63,3,1970-01-21 09:33:28.333333333,1970-01-21 09:34:09.540000000,Thu,,,
Quảng Trị,Bắc Trung Bộ,2025-11-07,24.766666666666666,27.477777777777778,22.91111111111111,27.922222222222224,31.22222222222222,24.42222222222222,36.733333333333334,36.733333333333334,0.0,19.11111111111111,92.33333333333333,29.78888888888889,61.08888888888888,9.875555555555556,1006.9333333333333,92.0,23.41111111111111,0.0,2.033333333333333,17.1046,106.8916,5.524444444444445,11.433333333333332,11,45,63,53,1970-01-21 09:34:54.773333333,1970-01-21 09:35:35.933333333,Thu,,,
Quảng Trị,Bắc Trung Bộ,2025-11-08,25.555555555555557,30.11111111111111,22.0,30.45555555555556,35.52222222222222,26.211111111111112,1.1444444444444446,1.1444444444444446,0.0,6.333333333333333,87.88888888888889,13.255555555555555,29.988888888888887,18.68111111111111,1011.0999999999999,54.77777777777778,23.144444444444446,0.0,3.731111111111111,17.1046,106.8916,11.0,11.42111111111111,11,45,51,88,1970-01-21 09:36:21.193333333,1970-01-21 09:37:02.306666666,Thu,,,
Quảng Trị,Bắc Trung Bộ,2025-11-09,25.655555555555555,28.5,23.655555555555555,30.61111111111111,33.22222222222222,28.866666666666667,2.788888888888889,2.788888888888889,0.0,11.222222222222221,89.44444444444444,13.955555555555556,32.166666666666664,15.41,1011.3444444444444,68.66666666666667,23.711111111111112,0.0,3.0188888888888887,17.1046,106.8916,10.292222222222222,11.407777777777778,11,45,53,63,1970-01-21 09:37:47.620000000,1970-01-21 09:38:28.686666666,Thu,,,
Quảng Trị,Bắc Trung Bộ,2025-11-10,25.155555555555555,28.333333333333332,22.833333333333332,30.144444444444446,33.233333333333334,27.811111111111114,1.5777777777777777,1.5777777777777777,0.0,8.333333333333334,89.44444444444444,11.211111111111112,25.666666666666668,15.827777777777776,1010.1555555555556,88.44444444444444,23.166666666666668,0.0,3.138888888888889,17.1046,106.8916,9.605555555555556,11.396666666666668,11,46,51,6,1970-01-21 09:39:14.053333333,1970-01-21 09:39:55.073333333,Thu,,,
Quảng Trị,Bắc Trung Bộ,2025-11-11,24.866666666666667,27.822222222222223,23.12222222222222,29.099999999999998,32.144444444444446,26.98888888888889,3.3666666666666667,3.3666666666666667,0.0,12.444444444444445,88.55555555555556,14.711111111111112,31.366666666666667,12.850000000000001,1010.8000000000001,98.0,22.755555555555553,0.0,2.6755555555555555,17.1046,106.8916,7.29,11.381111111111112,11,46,53,1,1970-01-21 09:40:40.473333333,1970-01-21 09:41:21.460000000,Thu,,,
Quảng Trị,Bắc Trung Bộ,2025-11-12,23.91111111111111,25.766666666666666,22.333333333333332,26.033333333333335,27.477777777777778,24.355555555555554,2.466666666666667,2.466666666666667,0.0,5.888888888888889,80.33333333333333,17.0,36.24444444444444,8.335555555555555,1013.8777777777777,86.44444444444444,20.155555555555555,0.0,2.3244444444444445,17.1046,106.8916,2.963333333333333,11.37,11,46,51,6,1970-01-21 09:42:06.906666666,1970-01-21 09:42:47.840000000,Thu,,,
Quảng Trị,Bắc Trung Bộ,2025-11-13,22.98888888888889,25.666666666666668,20.755555555555553,23.733333333333334,25.788888888888888,21.211111111111112,0.8222222222222223,0.8222222222222223,0.0,3.7777777777777777,73.33333333333333,20.844444444444445,44.51111111111111,12.51,1016.6777777777778,53.77777777777778,17.77777777777778,0.0,3.24,17.1046,106.8916,7.617777777777778,11.36,11,46,3,8,1970-01-21 09:43:33.333333333,1970-01-21 09:44:14.226666666,Thu,,,
Quảng Trị,Bắc Trung Bộ,2025-11-14,23.01111111111111,26.0,20.58888888888889,22.98888888888889,25.41111111111111,20.72222222222222,0.6222222222222222,0.6222222222222222,0.0,3.4444444444444446,67.33333333333333,21.5,45.233333333333334,16.287777777777777,1016.311111111111,45.666666666666664,16.366666666666667,0.0,4.181111111111111,17.1046,106.8916,10.992222222222223,11.346666666666668,11,46,51,13,1970-01-21 09:44:59.766666666,1970-01-21 09:45:40.613333333,Thu,,,
Quảng Trị,Bắc Trung Bộ,2025-11-15,22.355555555555554,24.4,20.522222222222222,23.833333333333332,25.5,22.200000000000003,18.51111111111111,18.51111111111111,0.0,22.22222222222222,87.11111111111111,22.144444444444446,45.166666666666664,5.993333333333333,1016.5666666666667,98.66666666666667,19.966666666666665,0.0,1.7755555555555556,17.1046,106.8916,0.9255555555555556,11.336666666666666,11,46,63,1,1970-01-21 09:46:26.200000000,1970-01-21 09:47:07.013333333,Thu,,,
Quảng Trị,Bắc Trung Bộ,2025-11-16,23.133333333333333,24.522222222222222,22.244444444444447,25.700000000000003,27.62222222222222,24.08888888888889,53.07777777777778,53.07777777777778,0.0,24.0,95.0,23.755555555555556,49.01111111111111,4.83,1016.1777777777778,99.44444444444444,22.233333333333334,0.0,1.0633333333333335,17.1046,106.8916,0.7688888888888888,11.321111111111112,11,46,63,38,1970-01-21 09:47:52.626666666,1970-01-21 09:48:33.400000000,Thu,,,
Quảng Trị,Bắc Trung Bộ,2025-11-17,23.211111111111112,24.044444444444444,22.522222222222226,26.188888888888886,27.299999999999997,25.244444444444444,59.42222222222222,59.42222222222222,0.0,23.555555555555557,94.88888888888889,19.466666666666665,38.888888888888886,3.192222222222222,1016.5777777777779,100.0,22.299999999999997,0.0,0.8155555555555556,17.1046,106.8916,0.0,11.311111111111112,11,47,63,58,1970-01-21 09:49:19.060000000,1970-01-21 09:49:59.780000000,Thu,,,
Quảng Trị,Bắc Trung Bộ,2025-11-18,23.422222222222224,25.833333333333332,21.1,24.433333333333334,26.666666666666668,20.38888888888889,10.1,10.1,0.0,15.333333333333334,81.77777777777777,31.799999999999997,59.84444444444445,7.665555555555555,1017.8666666666666,99.33333333333333,19.844444444444445,0.0,2.4344444444444444,17.1046,106.8916,2.698888888888889,11.301111111111112,11,47,61,45,1970-01-21 09:50:45.493333333,1970-01-21 09:51:26.180000000,Thu,,,
Quảng Trị,Bắc Trung Bộ,2025-11-19,19.655555555555555,21.266666666666666,18.466666666666665,17.87777777777778,20.144444444444446,16.577777777777776,13.844444444444443,13.844444444444443,0.0,20.666666666666668,84.77777777777777,33.01111111111111,64.27777777777777,4.341111111111111,1021.2666666666667,100.0,16.88888888888889,0.0,1.8377777777777777,17.1046,106.8916,0.3277777777777778,11.29,11,47,61,14,1970-01-21 09:52:11.926666666,1970-01-21 09:52:52.566666666,Thu,,,
Quảng Trị,Bắc Trung Bộ,2025-11-20,19.27777777777778,20.72222222222222,17.433333333333334,17.755555555555556,18.922222222222224,16.188888888888886,5.111111111111111,5.111111111111111,0.0,13.333333333333334,77.88888888888889,25.922222222222224,52.266666666666666,4.617777777777778,1021.2111111111111,100.0,15.055555555555555,0.0,2.2511111111111113,17.1046,106.8916,0.0,11.28,11,47,55,0,1970-01-21 09:53:38.353333333,1970-01-21 09:54:18.966666666,Thu,,,
Quảng Trị,Bắc Trung Bộ,2025-11-21,21.266666666666666,22.62222222222222,19.955555555555556,19.422222222222224,20.72222222222222,18.01111111111111,0.07777777777777778,0.07777777777777778,0.0,0.6666666666666666,63.666666666666664,27.944444444444443,57.28888888888889,7.232222222222223,1020.9111111111112,99.22222222222223,13.988888888888889,0.0,3.4566666666666666,17.1046,106.8916,0.4766666666666667,11.27,11,47,3,6,1970-01-21 09:55:04.793333333,1970-01-21 09:55:45.353333333,Thu,,,
Quảng Trị,Bắc Trung Bộ,2025-11-22,21.466666666666665,23.01111111111111,20.211111111111112,21.188888888888886,22.566666666666666,19.755555555555556,1.1888888888888889,1.1888888888888889,0.0,5.888888888888889,72.11111111111111,21.1,43.27777777777778,5.861111111111111,1018.9222222222221,99.11111111111111,16.044444444444444,0.0,2.4588888888888887,17.1046,106.8916,0.1811111111111111,11.26,11,47,51,1,1970-01-21 09:56:31.213333333,1970-01-21 09:57:11.753333333,Thu,,,
Quảng Trị,Bắc Trung Bộ,2025-11-23,21.266666666666666,22.944444444444443,19.677777777777777,21.966666666666665,23.166666666666668,20.188888888888886,4.7555555555555555,4.7555555555555555,0.0,13.333333333333334,84.22222222222223,23.477777777777778,46.43333333333333,5.727777777777778,1017.4444444444445,98.44444444444444,18.4,0.0,1.6844444444444444,17.1046,106.8916,1.0555555555555556,11.25,11,47,53,329,1970-01-21 09:57:57.653333333,1970-01-21 09:58:38.153333333,Thu,,,
Quảng Trị,Bắc Trung Bộ,2025-11-24,21.244444444444444,22.733333333333334,19.755555555555556,21.822222222222223,23.12222222222222,20.422222222222224,9.944444444444445,9.944444444444445,0.0,18.0,86.66666666666667,23.344444444444445,46.03333333333333,4.453333333333333,1017.3666666666666,99.88888888888889,18.788888888888888,0.0,1.5277777777777777,17.1046,106.8916,0.061111111111111116,11.241111111111111,11,48,61,342,1970-01-21 09:59:24.080000000,1970-01-21 10:00:04.553333333,Thu,,,
Quảng Trị,Bắc Trung Bộ,2025-11-25,21.51111111111111,23.299999999999997,20.166666666666668,20.677777777777777,21.822222222222223,19.88888888888889,3.7333333333333334,3.7333333333333334,0.0,12.555555555555555,74.88888888888889,29.43333333333333,59.21111111111111,7.503333333333334,1018.0888888888888,90.55555555555556,16.633333333333333,0.0,2.8133333333333335,17.1046,106.8916,1.8133333333333335,11.232222222222223,11,48,51,7,1970-01-21 10:00:50.526666666,1970-01-21 10:01:30.953333333,Thu,,,
Quảng Trị,Bắc Trung Bộ,2025-11-26,20.811111111111114,22.066666666666666,19.455555555555556,20.355555555555554,21.655555555555555,19.144444444444446,4.611111111111111,4.611111111111111,0.0,9.0,74.77777777777777,20.477777777777778,40.44444444444444,5.510000000000001,1017.6444444444444,96.66666666666667,15.844444444444443,0.0,2.3866666666666667,17.1046,106.8916,0.12666666666666668,11.224444444444446,11,48,61,4,1970-01-21 10:02:16.946666666,1970-01-21 10:02:57.353333333,Thu,,,
Quảng Trị,Bắc Trung Bộ,2025-11-27,20.91111111111111,22.5,19.744444444444444,17.766666666666666,19.11111111111111,16.766666666666666,0.18888888888888888,0.18888888888888888,0.0,1.3333333333333333,58.22222222222222,35.37777777777777,73.0888888888889,13.784444444444444,1019.5555555555555,99.44444444444444,12.211111111111112,0.0,4.754444444444444,17.1046,106.8916,9.823333333333332,11.216666666666667,11,48,3,8,1970-01-21 10:03:43.386666666,1970-01-21 10:04:23.766666666,Thu,,,
Quảng Trị,Bắc Trung Bộ,2025-11-28,20.566666666666666,23.27777777777778,18.48888888888889,18.58888888888889,21.255555555555556,16.72222222222222,0.0,0.0,0.0,0.0,58.333333333333336,25.88888888888889,53.44444444444444,16.765555555555554,1016.9111111111112,51.333333333333336,11.933333333333334,0.0,4.48,17.1046,106.8916,10.82888888888889,11.208888888888888,11,48,3,9,1970-01-21 10:05:09.826666666,1970-01-21 10:05:50.173333333,Thu,,,
Quảng Trị,Bắc Trung Bộ,2025-11-29,20.422222222222224,23.433333333333334,17.933333333333334,20.244444444444444,23.12222222222222,17.12222222222222,0.0,0.0,0.0,0.0,68.44444444444444,17.633333333333333,38.522222222222226,12.674444444444443,1014.7555555555555,84.44444444444444,14.333333333333334,0.0,3.0155555555555558,17.1046,106.8916,6.695555555555555,11.2,11,48,3,7,1970-01-21 10:06:36.253333333,1970-01-21 10:07:16.580000000,Thu,,,
Quảng Trị,Bắc Trung Bộ,2025-11-30,21.788888888888888,24.61111111111111,19.255555555555556,23.322222222222223,26.27777777777778,19.91111111111111,0.0,0.0,0.0,0.0,77.22222222222223,12.866666666666667,29.188888888888886,12.546666666666667,1013.2444444444445,81.55555555555556,17.522222222222222,0.0,2.5933333333333333,17.1046,106.8916,8.465555555555556,11.19111111111111,11,48,3,326,1970-01-21 10:08:02.700000000,1970-01-21 10:08:42.986666666,Thu,,,
Quảng Trị,Bắc Trung Bộ,2025-12-01,22.466666666666665,24.477777777777778,21.311111111111114,24.822222222222223,26.233333333333334,23.72222222222222,1.8333333333333333,1.8333333333333333,0.0,7.555555555555555,87.44444444444444,18.188888888888886,36.96666666666667,7.622222222222222,1013.3222222222222,93.55555555555556,20.211111111111112,0.0,1.6477777777777778,17.1046,106.8916,2.673333333333334,11.184444444444445,12,49,51,326,1970-01-21 10:09:29.126666666,1970-01-21 10:10:09.400000000,Đông,,,
Quảng Trị,Bắc Trung Bộ,2025-12-02,23.288888888888888,26.22222222222222,21.477777777777778,26.58888888888889,29.43333333333333,24.766666666666666,1.2222222222222223,1.2222222222222223,0.0,8.777777777777779,87.88888888888889,12.877777777777778,29.122222222222224,13.525555555555556,1013.1666666666666,73.22222222222223,21.11111111111111,0.0,2.5744444444444445,17.1046,106.8916,9.47111111111111,11.178888888888888,12,49,51,352,1970-01-21 10:10:55.566666666,1970-01-21 10:11:35.813333333,Đông,,,
Quảng Trị,Bắc Trung Bộ,2025-12-03,22.51111111111111,24.566666666666666,21.355555555555554,24.433333333333334,25.855555555555554,22.955555555555556,9.2,9.2,0.0,18.22222222222222,90.66666666666667,22.700000000000003,46.2,8.273333333333333,1016.0999999999999,87.44444444444444,20.866666666666667,0.0,1.7633333333333332,17.1046,106.8916,3.643333333333333,11.17,12,49,63,10,1970-01-21 10:12:22.013333333,1970-01-21 10:13:02.213333333,Đông,,,
Quảng Trị,Bắc Trung Bộ,2025-12-04,21.9,22.922222222222224,21.077777777777776,24.41111111111111,25.677777777777777,22.87777777777778,30.355555555555554,30.355555555555554,0.0,23.77777777777778,95.77777777777777,18.62222222222222,37.2,4.1033333333333335,1017.1777777777778,99.55555555555556,21.144444444444446,0.0,0.8577777777777778,17.1046,106.8916,0.33222222222222225,11.164444444444445,12,49,63,20,1970-01-21 10:13:48.433333333,1970-01-21 10:14:28.633333333,Đông,,,
Quảng Trị,Bắc Trung Bộ,2025-12-05,22.144444444444446,24.033333333333335,21.022222222222222,24.644444444444446,26.255555555555556,23.38888888888889,14.022222222222222,14.022222222222222,0.0,22.333333333333332,91.44444444444444,17.522222222222222,39.24444444444444,9.484444444444444,1018.1666666666666,89.55555555555556,20.633333333333333,0.0,1.7966666666666664,17.1046,106.8916,5.394444444444444,11.158888888888889,12,49,61,76,1970-01-21 10:15:14.880000000,1970-01-21 10:15:55.046666666,Đông,,,
Quảng Trị,Bắc Trung Bộ,2025-12-06,21.37777777777778,23.133333333333333,19.58888888888889,23.366666666666667,24.799999999999997,21.833333333333332,9.2,9.2,0.0,16.666666666666668,89.0,16.62222222222222,35.44444444444444,7.963333333333334,1017.7333333333332,78.77777777777777,19.4,0.0,1.661111111111111,17.1046,106.8916,3.387777777777778,11.151111111111112,12,49,61,92,1970-01-21 10:16:41.313333333,1970-01-21 10:17:21.466666666,Đông,,,
Quảng Trị,Bắc Trung Bộ,2025-12-07,21.08888888888889,24.466666666666665,17.9,22.733333333333334,25.62222222222222,19.766666666666666,1.9444444444444444,1.9444444444444444,0.0,7.333333333333333,83.55555555555556,18.01111111111111,39.2,15.156666666666666,1017.4,62.22222222222222,18.033333333333335,0.0,2.832222222222222,17.1046,106.8916,9.862222222222222,11.146666666666668,12,49,53,85,1970-01-21 10:18:07.746666666,1970-01-21 10:18:47.873333333,Đông,,,
Quảng Trị,Bắc Trung Bộ,2025-12-08,21.244444444444444,24.333333333333332,18.933333333333337,22.48888888888889,24.91111111111111,20.444444444444443,2.0555555555555554,2.0555555555555554,0.0,8.777777777777779,80.22222222222223,19.799999999999997,41.67777777777778,12.65,1017.9777777777776,65.77777777777777,17.41111111111111,0.0,2.7088888888888887,17.1046,106.8916,9.157777777777778,11.141111111111112,12,50,53,34,1970-01-21 10:19:34.186666666,1970-01-21 10:20:14.293333333,Đông,,,
Quảng Trị,Bắc Trung Bộ,2025-12-09,20.655555555555555,23.466666666666665,18.477777777777774,22.433333333333337,24.48888888888889,19.88888888888889,3.122222222222222,3.122222222222222,0.0,13.22222222222222,86.55555555555556,15.844444444444443,34.44444444444444,10.123333333333331,1017.4888888888888,97.88888888888889,18.166666666666668,0.0,2.0233333333333334,17.1046,106.8916,5.667777777777777,11.136666666666668,12,50,51,56,1970-01-21 10:21:00.613333333,1970-01-21 10:21:40.706666666,Đông,,,
Quảng Trị,Bắc Trung Bộ,2025-12-10,21.188888888888886,23.11111111111111,19.35555555555555,22.566666666666663,23.966666666666665,20.866666666666667,2.2444444444444445,2.2444444444444445,0.0,12.555555555555555,87.55555555555556,21.944444444444443,43.32222222222222,5.443333333333333,1016.4555555555556,100.0,18.977777777777774,0.0,1.46,17.1046,106.8916,0.0788888888888888,11.131111111111112,12,50,51,339,1970-01-21 10:22:27.053333333,1970-01-21 10:23:07.133333333,Đông,,,
Quảng Trị,Bắc Trung Bộ,2025-12-11,22.200000000000003,24.422222222222224,21.0,24.9,27.133333333333333,23.233333333333334,23.91111111111111,23.91111111111111,0.0,23.666666666666668,94.33333333333331,15.944444444444445,35.31111111111111,7.196666666666666,1015.811111111111,94.0,21.166666666666668,0.0,1.3855555555555557,17.1046,106.8916,3.271111111111111,11.128888888888888,12,50,63,14,1970-01-21 10:23:53.480000000,1970-01-21 10:24:33.546666666,Đông,,,
Quảng Trị,Bắc Trung Bộ,2025-12-12,22.744444444444444,25.0,21.35555555555555,25.711111111111112,27.8,24.288888888888888,8.133333333333333,8.133333333333333,0.0,19.666666666666668,91.33333333333331,14.3,31.733333333333334,10.427777777777775,1014.922222222222,75.22222222222223,21.188888888888886,0.0,1.9766666666666663,17.1046,106.8916,6.692222222222222,11.124444444444444,12,50,55,57,1970-01-21 10:25:19.926666666,1970-01-21 10:25:59.966666666,Đông,,,
Quảng Trị,Bắc Trung Bộ,2025-12-13,23.08888888888889,26.0,21.1,25.344444444444445,27.566666666666663,23.14444444444445,5.555555555555555,5.555555555555555,0.0,14.88888888888889,86.77777777777777,20.22222222222222,40.599999999999994,14.78,1015.9111111111112,55.55555555555556,20.61111111111111,0.0,2.8533333333333335,17.1046,106.8916,10.13888888888889,11.121111111111112,12,50,53,84,1970-01-21 10:26:46.346666666,1970-01-21 10:27:26.393333333,Đông,,,
Quảng Trị,Bắc Trung Bộ,2025-12-14,20.200000000000003,21.799999999999997,18.688888888888886,20.977777777777774,23.666666666666668,18.844444444444445,30.166666666666668,30.166666666666668,0.0,24.0,94.44444444444444,25.61111111111111,49.27777777777778,3.88,1018.5111111111112,99.88888888888889,19.27777777777778,0.0,0.86,17.1046,106.8916,0.0322222222222222,11.12,12,50,63,14,1970-01-21 10:28:12.786666666,1970-01-21 10:28:52.813333333,Đông,,,
Quảng Trị,Bắc Trung Bộ,2025-12-15,19.177777777777777,21.08888888888889,17.51111111111111,20.0,21.755555555555553,17.577777777777776,10.344444444444443,10.344444444444443,0.0,18.444444444444443,91.44444444444444,19.666666666666668,39.922222222222224,5.072222222222222,1018.0666666666668,99.77777777777776,17.700000000000003,0.0,1.141111111111111,17.1046,106.8916,0.3155555555555556,11.116666666666667,12,51,53,335,1970-01-21 10:29:39.213333333,1970-01-21 10:30:19.226666666,Đông,,,
Quảng Trị,Bắc Trung Bộ,2025-12-16,20.655555555555555,22.64444444444445,18.933333333333337,23.066666666666663,24.922222222222224,20.811111111111114,9.68888888888889,9.68888888888889,0.0,19.555555555555557,93.0,12.922222222222222,28.288888888888888,6.777777777777778,1016.7222222222222,93.33333333333331,19.41111111111111,0.0,1.3077777777777777,17.1046,106.8916,2.6333333333333333,11.112222222222222,12,51,61,12,1970-01-21 10:31:05.646666666,1970-01-21 10:31:45.653333333,Đông,,,
Quảng Trị,Bắc Trung Bộ,2025-12-17,21.1,22.344444444444445,20.27777777777778,23.577777777777776,24.822222222222223,22.522222222222226,21.01111111111111,21.01111111111111,0.0,23.444444444444443,95.0,14.633333333333333,31.311111111111114,4.315555555555556,1017.7333333333332,99.66666666666669,20.188888888888886,0.0,0.9011111111111112,17.1046,106.8916,0.1244444444444444,11.11111111111111,12,51,61,61,1970-01-21 10:32:32.086666666,1970-01-21 10:33:12.080000000,Đông,,,
Quảng Trị,Bắc Trung Bộ,2025-12-18,21.533333333333335,24.799999999999997,19.64444444444445,23.522222222222226,26.0,21.933333333333337,4.2444444444444445,4.2444444444444445,0.0,11.666666666666666,85.55555555555556,15.72222222222222,35.355555555555554,14.495555555555557,1017.2444444444444,54.0,18.844444444444445,0.0,2.716666666666667,17.1046,106.8916,9.61111111111111,11.11111111111111,12,51,55,359,1970-01-21 10:33:58.506666666,1970-01-21 10:34:38.513333333,Đông,,,
Quảng Trị,Bắc Trung Bộ,2025-12-19,20.922222222222224,23.85555555555555,18.51111111111111,22.766666666666666,25.299999999999997,20.72222222222222,1.1333333333333333,1.1333333333333333,0.0,6.777777777777778,85.77777777777777,13.011111111111113,29.6,12.262222222222222,1014.6222222222224,58.22222222222222,18.322222222222223,0.0,2.318888888888889,17.1046,106.8916,7.633333333333334,11.11,12,51,51,352,1970-01-21 10:35:24.946666666,1970-01-21 10:36:04.940000000,Đông,,,
Quảng Trị,Bắc Trung Bộ,2025-12-20,21.38888888888889,24.08888888888889,18.4,23.688888888888886,26.466666666666665,20.444444444444443,4.188888888888888,4.188888888888888,0.0,12.88888888888889,88.22222222222223,13.766666666666667,30.84444444444445,10.988888888888887,1014.4444444444443,78.0,19.288888888888888,0.0,2.08,17.1046,106.8916,7.6,11.11,12,51,53,351,1970-01-21 10:36:51.373333333,1970-01-21 10:37:31.373333333,Đông,,,
Quảng Trị,Bắc Trung Bộ,2025-12-21,21.666666666666668,24.077777777777776,20.244444444444444,23.844444444444445,25.64444444444445,22.37777777777778,8.011111111111111,8.011111111111111,0.0,20.0,91.77777777777776,18.211111111111112,40.75555555555556,10.417777777777776,1015.6444444444444,80.88888888888889,20.177777777777777,0.0,1.9022222222222225,17.1046,106.8916,7.1899999999999995,11.11,12,51,53,350,1970-01-21 10:38:17.813333333,1970-01-21 10:38:57.800000000,Đông,,,
Quảng Trị,Bắc Trung Bộ,2025-12-22,21.799999999999997,23.966666666666665,20.4,24.27777777777778,26.0,22.9,7.455555555555555,7.455555555555555,0.0,20.22222222222222,91.33333333333331,17.522222222222222,37.833333333333336,10.386666666666668,1014.922222222222,70.22222222222223,20.27777777777778,0.0,1.903333333333333,17.1046,106.8916,6.79111111111111,11.11,12,52,61,82,1970-01-21 10:39:44.233333333,1970-01-21 10:40:24.233333333,Đông,,,
Quảng Trị,Bắc Trung Bộ,2025-12-23,22.555555555555557,25.744444444444444,20.477777777777774,24.922222222222224,27.466666666666665,23.244444444444444,2.2222222222222223,2.2222222222222223,0.0,11.555555555555555,86.77777777777777,18.633333333333333,39.78888888888889,15.324444444444444,1013.6222222222224,38.22222222222222,20.11111111111111,0.0,2.8466666666666667,17.1046,106.8916,9.96888888888889,11.11,12,52,51,110,1970-01-21 10:41:10.673333333,1970-01-21 10:41:50.660000000,Đông,,,
Quảng Trị,Bắc Trung Bộ,2025-12-24,22.633333333333333,26.14444444444445,20.211111111111112,25.555555555555557,28.433333333333337,23.155555555555555,2.0555555555555554,2.0555555555555554,0.0,12.22222222222222,87.55555555555556,13.955555555555556,31.91111111111111,15.493333333333332,1012.8666666666666,57.333333333333336,20.311111111111114,0.0,2.8877777777777776,17.1046,106.8916,9.745555555555557,11.11,12,52,51,96,1970-01-21 10:42:37.093333333,1970-01-21 10:43:17.093333333,Đông,,,
Quảng Trị,Bắc Trung Bộ,2025-12-25,20.922222222222224,23.288888888888888,18.822222222222223,22.133333333333333,25.51111111111111,18.0,13.622222222222224,13.622222222222224,0.0,20.0,90.66666666666669,25.822222222222223,52.077777777777776,8.827777777777778,1016.0888888888888,93.11111111111111,19.266666666666666,0.0,1.818888888888889,17.1046,106.8916,4.661111111111111,11.11111111111111,12,52,53,10,1970-01-21 10:44:03.533333333,1970-01-21 10:44:43.526666666,Đông,,,
Quảng Trị,Bắc Trung Bộ,2025-12-26,19.033333333333335,20.2,17.955555555555556,18.455555555555556,19.955555555555556,17.01111111111111,2.988888888888889,2.988888888888889,0.0,10.88888888888889,79.11111111111111,22.6,44.63333333333333,6.417777777777777,1018.5888888888888,99.44444444444444,15.11111111111111,0.0,1.9099999999999997,17.1046,106.8916,0.7211111111111111,11.11111111111111,12,52,51,8,1970-01-21 10:45:29.953333333,1970-01-21 10:46:09.953333333,Đông,,,
Quảng Trị,Bắc Trung Bộ,2025-12-27,19.066666666666663,20.9,17.366666666666667,19.6,21.022222222222226,17.711111111111112,5.5888888888888895,5.5888888888888895,0.0,15.11111111111111,84.44444444444444,19.266666666666666,39.12222222222223,6.4366666666666665,1017.9666666666668,98.77777777777776,16.344444444444445,0.0,1.52,17.1046,106.8916,0.6855555555555556,11.114444444444445,12,52,51,6,1970-01-21 10:46:56.386666666,1970-01-21 10:47:36.386666666,Đông,,,
Quảng Trị,Bắc Trung Bộ,2025-12-28,19.688888888888886,22.066666666666663,18.14444444444445,21.422222222222224,23.333333333333332,19.733333333333334,5.377777777777777,5.377777777777777,0.0,17.0,90.88888888888889,14.322222222222225,31.555555555555557,10.38888888888889,1017.4555555555556,86.33333333333333,18.077777777777776,0.0,1.8511111111111112,17.1046,106.8916,6.204444444444444,11.116666666666667,12,52,53,1,1970-01-21 10:48:22.806666666,1970-01-21 10:49:02.820000000,Đông,,,
Quảng Trị,Bắc Trung Bộ,2025-12-29,20.566666666666663,23.38888888888889,18.61111111111111,22.655555555555555,24.81111111111111,21.1,3.1222222222222222,3.1222222222222222,0.0,15.22222222222222,88.44444444444444,12.555555555555555,29.011111111111113,12.751111111111111,1015.3444444444444,71.33333333333333,18.466666666666665,0.0,2.332222222222222,17.1046,106.8916,8.576666666666666,11.12,12,1,53,48,1970-01-21 10:49:49.226666666,1970-01-21 10:50:29.266666666,Đông,,,
Quảng Trị,Bắc Trung Bộ,2025-12-30,21.01111111111111,24.61111111111111,18.833333333333332,23.0,25.62222222222222,21.233333333333334,2.933333333333333,2.933333333333333,0.0,12.77777777777778,86.33333333333333,15.02222222222222,33.48888888888889,14.05111111111111,1014.0222222222224,53.77777777777778,18.433333333333337,0.0,2.606666666666667,17.1046,106.8916,9.44888888888889,11.121111111111112,12,1,53,82,1970-01-21 10:51:15.660000000,1970-01-21 10:51:55.693333333,Đông,,,
Quảng Trị,Bắc Trung Bộ,2025-12-31,21.044444444444444,25.577777777777776,17.200000000000003,22.555555555555557,26.711111111111112,19.066666666666663,0.0111111111111111,0.0111111111111111,0.0,0.1111111111111111,80.88888888888889,14.766666666666667,32.52222222222222,16.013333333333335,1012.077777777778,53.44444444444444,17.333333333333332,0.0,3.151111111111111,17.1046,106.8916,9.934444444444445,11.126666666666669,12,1,3,133,1970-01-21 10:52:42.073333333,1970-01-21 10:53:22.133333333,Đông,,,
Quảng Trị,Bắc Trung Bộ,2026-01-01,20.688888888888886,25.200000000000003,16.27777777777778,22.01111111111111,25.866666666666667,17.88888888888889,0.0444444444444444,0.0444444444444444,0.0,0.3333333333333333,79.66666666666667,15.144444444444446,33.78888888888889,16.45888888888889,1014.6333333333334,32.111111111111114,16.666666666666668,0.0,3.1644444444444444,17.1046,106.8916,10.115555555555554,11.13,1,1,3,80,1970-01-21 10:54:08.500000000,1970-01-21 10:54:48.560000000,Đông,,,
Quảng Trị,Bắc Trung Bộ,2026-01-02,20.22222222222222,23.055555555555557,18.066666666666663,20.85555555555555,22.733333333333334,19.288888888888888,7.7666666666666675,7.7666666666666675,0.0,17.88888888888889,84.66666666666667,22.11111111111111,47.94444444444444,13.011111111111113,1018.4,62.333333333333336,17.37777777777778,0.0,2.5344444444444445,17.1046,106.8916,9.342222222222222,11.132222222222222,1,1,61,91,1970-01-21 10:55:34.920000000,1970-01-21 10:56:14.993333333,Đông,,,
Quảng Trị,Bắc Trung Bộ,2026-01-03,19.566666666666663,22.155555555555555,17.677777777777777,20.27777777777778,22.044444444444444,18.833333333333332,8.655555555555555,8.655555555555555,0.0,20.333333333333332,84.66666666666667,18.866666666666667,40.15555555555555,12.53,1019.688888888889,64.55555555555556,16.744444444444444,0.0,2.393333333333333,17.1046,106.8916,8.934444444444445,11.13888888888889,1,1,61,85,1970-01-21 10:57:01.333333333,1970-01-21 10:57:41.426666666,Đông,,,
Quảng Trị,Bắc Trung Bộ,2026-01-04,20.22222222222222,23.700000000000003,17.055555555555557,21.044444444444444,23.72222222222222,17.966666666666665,1.9111111111111112,1.9111111111111112,0.0,8.777777777777779,81.33333333333333,16.133333333333333,35.599999999999994,13.46,1018.4555555555556,62.0,16.62222222222222,0.0,2.732222222222222,17.1046,106.8916,8.997777777777777,11.141111111111112,1,1,51,89,1970-01-21 10:58:27.746666666,1970-01-21 10:59:07.860000000,Đông,,,
Quảng Trị,Bắc Trung Bộ,2026-01-05,20.788888888888888,23.944444444444443,18.933333333333337,22.033333333333335,24.133333333333333,20.87777777777778,4.688888888888889,4.688888888888889,0.0,14.11111111111111,82.77777777777777,18.5,40.31111111111111,13.642222222222223,1018.9111111111112,74.11111111111111,17.566666666666666,0.0,2.6333333333333333,17.1046,106.8916,9.34,11.148888888888887,1,2,53,76,1970-01-21 10:59:54.173333333,1970-01-21 11:00:34.300000000,Đông,,,
Quảng Trị,Bắc Trung Bộ,2026-01-06,18.48888888888889,19.933333333333337,16.933333333333334,18.85555555555555,21.233333333333334,15.766666666666667,16.477777777777778,16.477777777777778,0.0,22.444444444444443,91.66666666666669,24.08888888888889,45.72222222222222,6.333333333333333,1021.422222222222,90.77777777777776,17.066666666666666,0.0,1.2166666666666666,17.1046,106.8916,1.3644444444444446,11.152222222222225,1,2,61,32,1970-01-21 11:01:20.586666666,1970-01-21 11:02:00.733333333,Đông,,,
Quảng Trị,Bắc Trung Bộ,2026-01-07,16.711111111111112,18.211111111111112,14.866666666666667,15.544444444444444,16.733333333333334,13.544444444444444,10.333333333333334,10.333333333333334,0.0,19.666666666666668,85.77777777777777,22.266666666666666,44.144444444444446,5.678888888888888,1023.4555555555556,100.0,14.211111111111112,0.0,1.4333333333333331,17.1046,106.8916,0.1366666666666666,11.16,1,2,61,6,1970-01-21 11:02:46.993333333,1970-01-21 11:03:27.173333333,Đông,,,
Quảng Trị,Bắc Trung Bộ,2026-01-08,17.77777777777778,19.88888888888889,16.033333333333335,15.88888888888889,17.466666666666665,14.433333333333334,3.388888888888889,3.388888888888889,0.0,10.11111111111111,71.55555555555556,24.466666666666665,50.15555555555555,11.18888888888889,1023.422222222222,82.33333333333333,12.3,0.0,2.8455555555555554,17.1046,106.8916,7.1499999999999995,11.164444444444444,1,2,53,16,1970-01-21 11:04:13.413333333,1970-01-21 11:04:53.606666666,Đông,,,
Quảng Trị,Bắc Trung Bộ,2026-01-09,17.955555555555556,20.788888888888888,15.511111111111113,16.9,18.88888888888889,14.5,0.2555555555555555,0.2555555555555555,0.0,2.3333333333333335,68.44444444444444,17.01111111111111,37.28888888888889,11.947777777777778,1021.2333333333332,67.77777777777777,11.744444444444444,0.0,2.7622222222222224,17.1046,106.8916,7.977777777777778,11.17111111111111,1,2,51,23,1970-01-21 11:05:39.833333333,1970-01-21 11:06:20.040000000,Đông,,,
Quảng Trị,Bắc Trung Bộ,2026-01-10,18.38888888888889,21.544444444444444,15.311111111111112,18.311111111111114,20.41111111111111,15.72222222222222,0.0666666666666666,0.0666666666666666,0.0,0.5555555555555556,70.77777777777777,11.7,27.466666666666665,11.905555555555557,1019.4333333333332,67.44444444444444,12.666666666666666,0.0,2.445555555555556,17.1046,106.8916,8.107777777777777,11.18,1,2,3,62,1970-01-21 11:07:06.246666666,1970-01-21 11:07:46.493333333,Đông,,,
Quảng Trị,Bắc Trung Bộ,2026-01-11,18.87777777777778,22.0,15.866666666666667,18.35555555555555,21.044444444444444,15.91111111111111,1.2111111111111112,1.2111111111111112,0.0,3.2222222222222223,69.22222222222223,18.922222222222224,39.32222222222222,12.601111111111113,1021.4444444444443,56.22222222222222,12.81111111111111,0.0,2.8233333333333333,17.1046,106.8916,8.334444444444445,11.186666666666666,1,2,3,24,1970-01-21 11:08:32.646666666,1970-01-21 11:09:12.920000000,Đông,,,
Quảng Trị,Bắc Trung Bộ,2026-01-12,18.155555555555555,22.58888888888889,13.944444444444445,18.9,23.14444444444445,14.266666666666667,0.1555555555555555,0.1555555555555555,0.0,1.3333333333333333,81.77777777777777,12.466666666666669,29.233333333333334,15.44111111111111,1019.6444444444444,42.666666666666664,14.733333333333333,0.0,2.72,17.1046,106.8916,9.966666666666669,11.19222222222222,1,3,3,17,1970-01-21 11:09:59.053333333,1970-01-21 11:10:39.353333333,Đông,,,
Quảng Trị,Bắc Trung Bộ,2026-01-13,18.98888888888889,22.9,16.044444444444444,19.755555555555556,22.711111111111112,17.266666666666666,1.5444444444444445,1.5444444444444445,0.0,7.444444444444445,80.22222222222223,15.4,34.47777777777778,15.54888888888889,1018.688888888889,46.0,15.233333333333333,0.0,2.86,17.1046,106.8916,9.864444444444445,11.2,1,3,51,11,1970-01-21 11:11:25.466666666,1970-01-21 11:12:05.800000000,Đông,,,
Quảng Trị,Bắc Trung Bộ,2026-01-14,19.51111111111111,24.055555555555557,15.488888888888887,20.9,24.977777777777774,16.677777777777777,0.0888888888888888,0.0888888888888888,0.0,0.8888888888888888,84.33333333333333,14.344444444444443,32.077777777777776,15.003333333333334,1015.8333333333334,51.0,16.577777777777776,0.0,2.7444444444444445,17.1046,106.8916,9.872222222222222,11.21,1,3,3,105,1970-01-21 11:12:51.880000000,1970-01-21 11:13:32.233333333,Đông,,,
Quảng Trị,Bắc Trung Bộ,2026-01-15,20.677777777777777,24.711111111111112,18.08888888888889,22.577777777777776,26.200000000000003,20.166666666666668,0.5888888888888889,0.5888888888888889,0.0,4.777777777777778,85.0,13.366666666666667,30.522222222222226,15.094444444444443,1015.4666666666668,53.55555555555556,17.87777777777778,0.0,2.787777777777778,17.1046,106.8916,9.47888888888889,11.22,1,3,51,86,1970-01-21 11:14:18.293333333,1970-01-21 11:14:58.673333333,Đông,,,
Quảng Trị,Bắc Trung Bộ,2026-01-16,21.22222222222222,26.08888888888889,18.200000000000003,23.322222222222223,28.799999999999997,20.266666666666666,0.0555555555555555,0.0555555555555555,0.0,0.3333333333333333,83.11111111111111,15.11111111111111,33.599999999999994,18.52111111111111,1013.0,30.11111111111111,18.033333333333335,0.0,3.385555555555555,17.1046,106.8916,10.366666666666667,11.22888888888889,1,3,3,117,1970-01-21 11:15:44.693333333,1970-01-21 11:16:25.106666666,Đông,,,
Quảng Trị,Bắc Trung Bộ,2026-01-17,20.833333333333332,24.733333333333334,17.666666666666668,22.955555555555556,26.933333333333337,19.688888888888886,0.4777777777777777,0.4777777777777777,0.0,3.111111111111111,87.33333333333333,13.5,30.677777777777777,14.337777777777776,1011.7222222222222,56.55555555555556,18.477777777777774,0.0,2.6377777777777776,17.1046,106.8916,9.937777777777775,11.236666666666666,1,3,51,94,1970-01-21 11:17:11.106666666,1970-01-21 11:17:51.546666666,Đông,,,
Quảng Trị,Bắc Trung Bộ,2026-01-18,20.711111111111112,24.688888888888886,17.166666666666668,22.72222222222222,26.37777777777778,19.077777777777776,0.5,0.5,0.0,3.2222222222222223,85.44444444444444,13.22222222222222,30.56666666666667,15.732222222222225,1011.6111111111112,56.0,17.966666666666665,0.0,2.885555555555555,17.1046,106.8916,10.047777777777776,11.244444444444444,1,3,51,99,1970-01-21 11:18:37.506666666,1970-01-21 11:19:17.993333333,Đông,,,
Quảng Trị,Bắc Trung Bộ,2026-01-19,20.977777777777774,25.96666666666667,16.933333333333334,22.966666666666665,28.255555555555556,18.555555555555557,0.0,0.0,0.0,0.0,84.55555555555556,15.188888888888888,34.12222222222223,19.121111111111112,1012.1555555555556,21.555555555555557,18.022222222222226,0.0,3.463333333333334,17.1046,106.8916,10.564444444444444,11.254444444444443,1,4,3,126,1970-01-21 11:20:03.906666666,1970-01-21 11:20:44.420000000,Đông,,,
Quảng Trị,Bắc Trung Bộ,2026-01-20,21.655555555555555,25.733333333333334,18.933333333333337,23.62222222222222,27.344444444444445,21.422222222222224,0.0333333333333333,0.0333333333333333,0.0,0.3333333333333333,83.77777777777777,17.333333333333332,38.166666666666664,17.99111111111111,1014.0555555555557,36.111111111111114,18.555555555555557,0.0,3.3499999999999996,17.1046,106.8916,10.334444444444443,11.262222222222222,1,4,3,123,1970-01-21 11:21:30.306666666,1970-01-21 11:22:10.853333333,Đông,,,
Quảng Trị,Bắc Trung Bộ,2026-01-21,21.177777777777777,24.655555555555555,18.48888888888889,22.133333333333333,24.577777777777776,20.133333333333333,0.3555555555555555,0.3555555555555555,0.0,2.4444444444444446,80.66666666666667,21.566666666666663,46.0,17.155555555555555,1016.8333333333334,27.666666666666668,17.455555555555556,0.0,3.348888888888889,17.1046,106.8916,10.30888888888889,11.27222222222222,1,4,51,100,1970-01-21 11:22:56.706666666,1970-01-21 11:23:37.286666666,Đông,,,
Quảng Trị,Bắc Trung Bộ,2026-01-22,19.422222222222224,22.366666666666667,17.299999999999997,20.444444444444443,22.666666666666668,17.61111111111111,6.01111111111111,6.01111111111111,0.0,17.11111111111111,87.44444444444444,17.799999999999997,39.04444444444445,9.704444444444444,1019.7777777777778,75.44444444444444,17.188888888888886,0.0,1.8944444444444448,17.1046,106.8916,5.63,11.282222222222222,1,4,53,78,1970-01-21 11:24:23.106666666,1970-01-21 11:25:03.713333333,Đông,,,
Quảng Trị,Bắc Trung Bộ,2026-01-23,17.633333333333333,19.08888888888889,16.38888888888889,18.077777777777776,19.444444444444443,16.51111111111111,11.9,11.9,0.0,16.88888888888889,90.44444444444444,17.255555555555556,35.46666666666667,6.105555555555556,1021.4666666666668,97.55555555555556,16.01111111111111,0.0,1.2000000000000002,17.1046,106.8916,0.91,11.294444444444444,1,4,61,354,1970-01-21 11:25:49.500000000,1970-01-21 11:26:30.160000000,Đông,,,
Quảng Trị,Bắc Trung Bộ,2026-01-24,18.688888888888886,21.744444444444444,16.822222222222223,20.11111111111111,22.64444444444445,18.12222222222222,4.022222222222222,4.022222222222222,0.0,15.555555555555555,88.44444444444444,12.377777777777778,29.311111111111114,11.662222222222224,1020.2111111111112,69.66666666666667,16.677777777777777,0.0,2.032222222222222,17.1046,106.8916,6.602222222222222,11.306666666666668,1,4,53,75,1970-01-21 11:27:15.893333333,1970-01-21 11:27:56.586666666,Đông,,,
Quảng Trị,Bắc Trung Bộ,2026-01-25,19.744444444444444,24.688888888888886,15.711111111111112,21.244444444444444,26.1,17.133333333333333,0.0222222222222222,0.0222222222222222,0.0,0.2222222222222222,84.66666666666667,16.48888888888889,36.46666666666667,19.336666666666662,1017.3777777777776,42.111111111111114,16.755555555555556,0.0,3.4544444444444444,17.1046,106.8916,10.48,11.316666666666668,1,4,3,121,1970-01-21 11:28:42.293333333,1970-01-21 11:29:23.033333333,Đông,,,
Quảng Trị,Bắc Trung Bộ,2026-01-26,20.177777777777777,24.755555555555556,16.044444444444444,21.700000000000003,25.933333333333337,17.355555555555554,0.5666666666666668,0.5666666666666668,0.0,2.2222222222222223,83.44444444444444,16.11111111111111,35.766666666666666,17.422222222222224,1018.1555555555556,27.77777777777778,17.022222222222222,0.0,3.1844444444444444,17.1046,106.8916,10.584444444444443,11.326666666666666,1,5,51,102,1970-01-21 11:30:08.680000000,1970-01-21 11:30:49.460000000,Đông,,,
Quảng Trị,Bắc Trung Bộ,2026-01-27,19.944444444444443,23.633333333333333,17.37777777777778,22.155555555555555,25.655555555555555,19.444444444444443,3.2666666666666666,3.2666666666666666,0.0,14.666666666666666,89.66666666666667,12.488888888888887,30.38888888888889,14.71888888888889,1019.0111111111112,62.111111111111114,18.044444444444444,0.0,2.594444444444445,17.1046,106.8916,8.71111111111111,11.34,1,5,53,5,1970-01-21 11:31:35.066666666,1970-01-21 11:32:15.893333333,Đông,,,
Quảng Trị,Bắc Trung Bộ,2026-01-28,19.844444444444445,22.98888888888889,17.62222222222222,21.799999999999997,24.822222222222223,19.566666666666663,3.0999999999999996,3.0999999999999996,0.0,15.666666666666666,89.0,13.344444444444443,31.14444444444445,14.157777777777778,1018.8222222222222,69.66666666666667,17.9,0.0,2.471111111111111,17.1046,106.8916,9.596666666666668,11.35,1,5,51,59,1970-01-21 11:33:01.453333333,1970-01-21 11:33:42.320000000,Đông,,,
Quảng Trị,Bắc Trung Bộ,2026-01-29,20.766666666666666,24.655555555555555,17.922222222222224,22.322222222222223,25.466666666666665,19.933333333333337,0.7222222222222222,0.7222222222222222,0.0,5.333333333333333,84.55555555555556,17.955555555555556,38.75555555555556,16.66888888888889,1017.1555555555556,44.0,17.866666666666667,0.0,3.09,17.1046,106.8916,10.495555555555557,11.36111111111111,1,5,51,109,1970-01-21 11:34:27.853333333,1970-01-21 11:35:08.753333333,Đông,,,
Quảng Trị,Bắc Trung Bộ,2026-01-30,20.533333333333335,25.85555555555555,16.044444444444444,22.566666666666663,28.72222222222222,17.477777777777774,0.0,0.0,0.0,0.0,85.33333333333333,13.877777777777778,31.43333333333333,19.461111111111112,1017.2,34.44444444444444,17.700000000000003,0.0,3.5255555555555556,17.1046,106.8916,10.585555555555556,11.376666666666669,1,5,3,129,1970-01-21 11:35:54.240000000,1970-01-21 11:36:35.180000000,Đông,,,
Quảng Trị,Bắc Trung Bộ,2026-01-31,20.822222222222223,24.333333333333332,18.12222222222222,22.766666666666666,26.1,20.055555555555557,1.5,1.5,0.0,8.88888888888889,85.88888888888889,15.52222222222222,34.87777777777777,17.08555555555556,1019.1111111111112,74.0,18.166666666666668,0.0,3.0966666666666667,17.1046,106.8916,9.908888888888889,11.386666666666668,1,5,51,12,1970-01-21 11:37:20.633333333,1970-01-21 11:38:01.613333333,Đông,,,
Quảng Trị,Bắc Trung Bộ,2026-02-01,19.944444444444443,22.422222222222224,18.266666666666666,21.566666666666663,23.933333333333337,20.01111111111111,5.933333333333334,5.933333333333334,0.0,18.22222222222222,89.0,13.711111111111112,30.84444444444444,13.033333333333331,1020.1222222222224,72.0,17.977777777777778,0.0,2.2988888888888885,17.1046,106.8916,8.149999999999999,11.4,2,5,53,29,1970-01-21 11:38:47.006666666,1970-01-21 11:39:28.046666666,Đông,,,
Quảng Trị,Bắc Trung Bộ,2026-02-02,19.733333333333334,21.522222222222226,18.455555555555556,21.22222222222222,23.11111111111111,20.033333333333335,9.933333333333334,9.933333333333334,0.0,20.88888888888889,90.44444444444444,15.355555555555554,32.98888888888889,8.428888888888888,1021.0,97.44444444444444,18.066666666666663,0.0,1.6211111111111112,17.1046,106.8916,3.3577777777777778,11.411111111111111,2,6,61,47,1970-01-21 11:40:13.393333333,1970-01-21 11:40:54.473333333,Đông,,,
Quảng Trị,Bắc Trung Bộ,2026-02-03,19.61111111111111,21.566666666666663,18.38888888888889,21.044444444444444,22.51111111111111,19.799999999999997,10.77777777777778,10.77777777777778,0.0,20.333333333333332,89.66666666666667,14.644444444444446,32.233333333333334,10.686666666666667,1021.2444444444444,93.66666666666669,17.77777777777778,0.0,1.92,17.1046,106.8916,5.422222222222222,11.426666666666668,2,6,61,35,1970-01-21 11:41:39.780000000,1970-01-21 11:42:20.906666666,Đông,,,
Quảng Trị,Bắc Trung Bộ,2026-02-04,20.700000000000003,24.5,17.644444444444446,22.61111111111111,25.944444444444443,19.711111111111112,0.8333333333333334,0.8333333333333334,0.0,6.222222222222222,86.77777777777777,14.9,32.166666666666664,14.541111111111112,1017.8444444444444,76.66666666666667,18.22222222222222,0.0,2.703333333333333,17.1046,106.8916,9.834444444444443,11.44,2,6,51,81,1970-01-21 11:43:06.160000000,1970-01-21 11:43:47.333333333,Đông,,,
Quảng Trị,Bắc Trung Bộ,2026-02-05,22.055555555555557,26.666666666666668,19.177777777777777,24.788888888888888,30.444444444444443,21.922222222222224,0.0111111111111111,0.0111111111111111,0.0,0.1111111111111111,87.0,17.9,38.27777777777778,19.137777777777774,1014.7555555555556,42.55555555555556,19.61111111111111,0.0,3.4988888888888887,17.1046,106.8916,10.46888888888889,11.45111111111111,2,6,3,92,1970-01-21 11:44:32.533333333,1970-01-21 11:45:13.766666666,Đông,,,
Quảng Trị,Bắc Trung Bộ,2026-02-06,22.0,26.700000000000003,18.61111111111111,24.933333333333337,30.93333333333333,21.177777777777777,0.0444444444444444,0.0444444444444444,0.0,0.4444444444444444,88.11111111111111,14.58888888888889,32.63333333333333,17.871111111111112,1013.4333333333332,60.888888888888886,19.766666666666666,0.0,3.2777777777777777,17.1046,106.8916,9.547777777777778,11.465555555555556,2,6,3,65,1970-01-21 11:45:58.926666666,1970-01-21 11:46:40.193333333,Đông,,,
Quảng Trị,Bắc Trung Bộ,2026-02-07,22.4,25.61111111111111,20.61111111111111,24.788888888888888,27.788888888888888,23.11111111111111,1.1888888888888889,1.1888888888888889,0.0,8.666666666666666,86.66666666666667,16.1,36.077777777777776,17.20777777777778,1015.2888888888888,66.55555555555556,19.833333333333332,0.0,3.187777777777778,17.1046,106.8916,10.325555555555557,11.48,2,6,51,91,1970-01-21 11:47:25.300000000,1970-01-21 11:48:06.626666666,Đông,,,
Quảng Trị,Bắc Trung Bộ,2026-02-08,21.455555555555556,23.9,19.72222222222222,22.01111111111111,24.177777777777777,20.3,5.411111111111111,5.411111111111111,0.0,15.0,84.22222222222223,25.155555555555555,52.32222222222222,15.226666666666668,1018.0,92.22222222222224,18.522222222222226,0.0,2.9544444444444444,17.1046,106.8916,9.88,11.493333333333332,2,6,51,103,1970-01-21 11:48:51.673333333,1970-01-21 11:49:33.053333333,Đông,,,
Quảng Trị,Bắc Trung Bộ,2026-02-09,19.58888888888889,21.58888888888889,18.200000000000003,20.444444444444443,22.344444444444445,18.711111111111112,9.144444444444444,9.144444444444444,0.0,19.666666666666668,88.88888888888889,19.211111111111112,39.74444444444444,11.005555555555556,1018.2111111111112,95.55555555555556,17.666666666666668,0.0,2.0166666666666666,17.1046,106.8916,5.212222222222222,11.505555555555556,2,7,61,19,1970-01-21 11:50:18.060000000,1970-01-21 11:50:59.480000000,Đông,,,
Quảng Trị,Bắc Trung Bộ,2026-02-10,21.033333333333335,24.466666666666665,18.5,22.6,25.766666666666666,20.155555555555555,1.7666666666666666,1.7666666666666666,0.0,10.77777777777778,83.88888888888889,16.466666666666665,36.266666666666666,16.237777777777776,1017.3222222222222,86.11111111111111,18.066666666666663,0.0,3.0288888888888885,17.1046,106.8916,10.571111111111112,11.52111111111111,2,7,51,66,1970-01-21 11:51:44.433333333,1970-01-21 11:52:25.913333333,Đông,,,
Quảng Trị,Bắc Trung Bộ,2026-02-11,21.61111111111111,24.744444444444447,19.311111111111114,23.48888888888889,26.266666666666666,21.37777777777778,1.4,1.4,0.0,8.222222222222221,84.22222222222223,15.255555555555556,34.15555555555555,16.177777777777777,1018.7,73.77777777777777,18.677777777777777,0.0,3.051111111111111,17.1046,106.8916,10.153333333333332,11.533333333333331,2,7,51,76,1970-01-21 11:53:10.813333333,1970-01-21 11:53:52.333333333,Đông,,,
Quảng Trị,Bắc Trung Bộ,2026-02-12,21.755555555555556,25.055555555555557,19.688888888888886,23.700000000000003,26.733333333333334,22.01111111111111,1.188888888888889,1.188888888888889,0.0,7.0,85.0,16.233333333333334,36.12222222222223,17.00888888888889,1016.9111111111112,58.666666666666664,18.944444444444443,0.0,3.1622222222222223,17.1046,106.8916,10.225555555555555,11.547777777777778,2,7,51,95,1970-01-21 11:54:37.200000000,1970-01-21 11:55:18.760000000,Đông,,,
Quảng Trị,Bắc Trung Bộ,2026-02-13,21.88888888888889,25.48888888888889,19.133333333333333,23.700000000000003,27.322222222222223,21.22222222222222,0.1666666666666666,0.1666666666666666,0.0,1.6666666666666667,82.33333333333333,17.055555555555557,37.922222222222224,19.543333333333337,1015.2222222222222,54.666666666666664,18.51111111111111,0.0,3.6566666666666663,17.1046,106.8916,10.827777777777778,11.563333333333334,2,7,51,71,1970-01-21 11:56:03.553333333,1970-01-21 11:56:45.180000000,Đông,,,
Quảng Trị,Bắc Trung Bộ,2026-02-14,21.788888888888888,25.77777777777778,18.822222222222223,23.87777777777778,27.555555555555557,21.233333333333334,0.4444444444444444,0.4444444444444444,0.0,2.6666666666666665,84.0,16.87777777777778,37.72222222222222,18.86333333333333,1014.8444444444444,52.22222222222222,18.766666666666666,0.0,3.497777777777778,17.1046,106.8916,10.795555555555556,11.575555555555557,2,7,51,105,1970-01-21 11:57:29.940000000,1970-01-21 11:58:11.613333333,Đông,,,
Quảng Trị,Bắc Trung Bộ,2026-02-15,22.077777777777776,26.044444444444444,19.466666666666665,24.4,28.5,22.22222222222222,0.0333333333333333,0.0333333333333333,0.0,0.3333333333333333,84.0,16.966666666666665,37.766666666666666,19.62666666666667,1013.9111111111112,39.333333333333336,18.98888888888889,0.0,3.648888888888889,17.1046,106.8916,10.423333333333334,11.591111111111111,2,7,3,66,1970-01-21 11:58:56.300000000,1970-01-21 11:59:38.033333333,Đông,,,
Quảng Trị,Bắc Trung Bộ,2026-02-16,22.61111111111111,25.677777777777777,20.055555555555557,25.43333333333333,27.88888888888889,23.01111111111111,1.7111111111111112,1.7111111111111112,0.0,10.11111111111111,87.66666666666667,14.844444444444443,33.02222222222222,13.717777777777776,1013.4333333333332,83.77777777777777,20.322222222222223,0.0,2.641111111111111,17.1046,106.8916,8.371111111111112,11.605555555555554,2,8,51,83,1970-01-21 12:00:22.680000000,1970-01-21 12:01:04.453333333,Đông,,,
Quảng Trị,Bắc Trung Bộ,2026-02-17,22.9,25.5,21.366666666666667,25.566666666666663,28.077777777777776,24.077777777777776,6.522222222222222,6.522222222222222,0.0,19.666666666666668,91.22222222222224,19.299999999999997,41.266666666666666,17.506666666666668,1015.0888888888888,65.22222222222223,21.27777777777778,0.0,3.01,17.1046,106.8916,10.205555555555556,11.621111111111112,2,8,53,69,1970-01-21 12:01:49.033333333,1970-01-21 12:02:30.880000000,Đông,,,
Quảng Trị,Bắc Trung Bộ,2026-02-18,22.288888888888888,24.72222222222222,20.85555555555555,23.955555555555556,25.822222222222223,22.544444444444444,7.211111111111112,7.211111111111112,0.0,19.11111111111111,88.55555555555556,22.744444444444444,47.75555555555556,13.91777777777778,1017.5222222222224,67.33333333333333,20.200000000000003,0.0,2.608888888888889,17.1046,106.8916,7.905555555555556,11.635555555555555,2,8,51,94,1970-01-21 12:03:15.420000000,1970-01-21 12:03:57.293333333,Đông,,,
Quảng Trị,Bắc Trung Bộ,2026-02-19,22.177777777777777,24.788888888888888,20.72222222222222,23.64444444444445,25.977777777777774,22.266666666666666,4.711111111111111,4.711111111111111,0.0,15.555555555555555,84.66666666666667,20.85555555555555,44.41111111111111,17.373333333333335,1019.0111111111112,44.333333333333336,19.366666666666667,0.0,3.2333333333333334,17.1046,106.8916,10.475555555555555,11.648888888888887,2,8,51,88,1970-01-21 12:04:41.773333333,1970-01-21 12:05:23.713333333,Đông,,,
Quảng Trị,Bắc Trung Bộ,2026-02-20,21.38888888888889,23.544444444444444,20.033333333333335,23.299999999999997,25.044444444444444,22.01111111111111,5.533333333333333,5.533333333333333,0.0,16.22222222222222,87.55555555555556,15.52222222222222,34.68888888888889,14.173333333333334,1018.3555555555556,62.666666666666664,19.166666666666668,0.0,2.5777777777777775,17.1046,106.8916,9.656666666666666,11.665555555555557,2,8,53,67,1970-01-21 12:06:08.153333333,1970-01-21 12:06:50.140000000,Đông,,,
Quảng Trị,Bắc Trung Bộ,2026-02-21,22.155555555555555,26.666666666666668,18.444444444444443,24.744444444444444,30.14444444444445,20.88888888888889,0.0222222222222222,0.0222222222222222,0.0,0.2222222222222222,84.55555555555556,16.61111111111111,35.36666666666667,21.384444444444444,1011.1555555555556,15.444444444444445,19.188888888888886,0.0,3.947777777777778,17.1046,106.8916,11.098888888888888,11.683333333333332,2,8,1,125,1970-01-21 12:07:34.513333333,1970-01-21 12:08:16.560000000,Đông,,,
Quảng Trị,Bắc Trung Bộ,2026-02-22,23.0,27.977777777777774,18.733333333333334,26.08888888888889,32.01111111111111,21.200000000000003,0.0777777777777777,0.0777777777777777,0.0,0.3333333333333333,86.0,15.7,35.24444444444444,18.98,1008.8888888888888,46.111111111111114,20.333333333333332,0.0,3.614444444444445,17.1046,106.8916,11.037777777777778,11.696666666666664,2,8,3,55,1970-01-21 12:09:00.873333333,1970-01-21 12:09:42.973333333,Đông,,,
Quảng Trị,Bắc Trung Bộ,2026-02-23,24.0,28.255555555555556,21.755555555555556,27.12222222222222,32.08888888888889,25.033333333333335,0.2666666666666666,0.2666666666666666,0.0,1.7777777777777777,84.77777777777777,15.811111111111112,34.46666666666667,17.691111111111113,1009.9444444444443,57.55555555555556,21.12222222222222,0.0,3.5011111111111113,17.1046,106.8916,10.09,11.713333333333331,2,9,3,47,1970-01-21 12:10:27.240000000,1970-01-21 12:11:09.400000000,Đông,,,
Quảng Trị,Bắc Trung Bộ,2026-02-24,23.633333333333333,27.72222222222222,21.544444444444444,27.066666666666663,31.555555555555557,24.811111111111114,0.3777777777777777,0.3777777777777777,0.0,1.5555555555555556,86.77777777777777,14.72222222222222,33.01111111111111,14.064444444444444,1011.2444444444444,63.44444444444444,21.200000000000003,0.0,2.7777777777777777,17.1046,106.8916,7.25,11.726666666666668,2,9,3,52,1970-01-21 12:11:53.593333333,1970-01-21 12:12:35.820000000,Đông,,,
Quảng Trị,Bắc Trung Bộ,2026-02-25,23.01111111111111,26.555555555555557,21.08888888888889,25.966666666666665,29.82222222222222,24.177777777777777,0.6444444444444444,0.6444444444444444,0.0,4.111111111111111,84.77777777777777,14.644444444444446,33.77777777777778,17.60222222222222,1012.3333333333334,68.44444444444444,20.133333333333333,0.0,3.3655555555555554,17.1046,106.8916,9.652222222222225,11.743333333333332,2,9,51,74,1970-01-21 12:13:19.966666666,1970-01-21 12:14:02.233333333,Đông,,,
Quảng Trị,Bắc Trung Bộ,2026-02-26,23.533333333333335,26.61111111111111,21.422222222222224,26.799999999999997,29.85555555555555,24.422222222222224,0.9888888888888888,0.9888888888888888,0.0,6.111111111111111,85.88888888888889,13.366666666666667,30.64444444444445,13.82,1009.9888888888888,75.44444444444444,20.933333333333337,0.0,2.768888888888889,17.1046,106.8916,7.496666666666666,11.757777777777775,2,9,51,88,1970-01-21 12:14:46.333333333,1970-01-21 12:15:28.660000000,Đông,,,
Quảng Trị,Bắc Trung Bộ,2026-02-27,23.788888888888888,26.466666666666665,21.700000000000003,28.233333333333334,31.166666666666668,25.577777777777776,1.5111111111111113,1.5111111111111113,0.0,3.4444444444444446,92.44444444444444,11.2,22.333333333333332,7.819999999999999,1007.7,68.55555555555556,22.433333333333337,0.0,1.6,17.1046,106.8916,3.764444444444445,11.773333333333332,2,9,53,136,1970-01-21 12:16:12.693333333,1970-01-21 12:16:55.073333333,Đông,,,
Quảng Trị,Bắc Trung Bộ,2026-02-28,24.98888888888889,30.56666666666667,20.788888888888888,29.022222222222226,35.82222222222222,24.41111111111111,0.5888888888888889,0.5888888888888889,0.0,2.888888888888889,83.33333333333333,12.644444444444446,29.233333333333334,19.784444444444446,1006.7777777777778,27.0,21.633333333333333,0.0,4.036666666666666,17.1046,106.8916,10.85888888888889,11.79,2,9,51,119,1970-01-21 12:17:39.060000000,1970-01-21 12:18:21.486666666,Đông,,,
Quảng Trị,Bắc Trung Bộ,2026-03-01,26.14444444444445,32.15555555555555,21.633333333333333,30.633333333333333,37.54444444444445,25.46666666666667,0.7777777777777778,0.7777777777777778,0.0,2.111111111111111,82.33333333333333,13.866666666666667,32.65555555555555,19.54,1006.6333333333334,46.333333333333336,22.522222222222226,0.0,4.101111111111111,17.1046,106.8916,11.446666666666664,11.805555555555555,3,9,51,121,1970-01-21 12:19:05.413333333,1970-01-21 12:19:47.920000000,Xuân,,,
Quảng Trị,Bắc Trung Bộ,2026-03-02,27.288888888888888,33.55555555555556,22.666666666666668,31.9,39.45555555555555,26.677777777777777,0.6444444444444444,0.6444444444444444,0.0,1.2222222222222223,79.66666666666667,15.311111111111112,31.555555555555557,20.29888888888889,1007.7666666666668,35.888888888888886,22.944444444444443,0.0,4.495555555555556,17.1046,106.8916,11.515555555555556,11.82,3,10,51,133,1970-01-21 12:20:31.773333333,1970-01-21 12:21:14.326666666,Xuân,,,
Quảng Trị,Bắc Trung Bộ,2026-03-03,25.211111111111112,31.377777777777776,22.066666666666663,29.6,37.86666666666667,25.166666666666668,12.833333333333334,12.833333333333334,0.0,9.88888888888889,87.55555555555556,16.955555555555556,36.37777777777777,17.218888888888888,1009.8666666666666,63.888888888888886,22.788888888888888,0.0,3.448888888888889,17.1046,106.8916,9.632222222222222,11.836666666666666,3,10,65,4,1970-01-21 12:21:58.140000000,1970-01-21 12:22:40.746666666,Xuân,,,
Quảng Trị,Bắc Trung Bộ,2026-03-04,21.744444444444444,22.733333333333334,20.733333333333334,23.055555555555557,25.51111111111111,21.53333333333333,6.822222222222222,6.822222222222222,0.0,16.77777777777778,90.33333333333331,23.033333333333335,45.34444444444445,6.817777777777778,1014.0,99.66666666666669,20.055555555555557,0.0,1.5155555555555555,17.1046,106.8916,0.2555555555555555,11.851111111111113,3,10,53,349,1970-01-21 12:23:24.493333333,1970-01-21 12:24:07.153333333,Xuân,,,
Quảng Trị,Bắc Trung Bộ,2026-03-05,20.91111111111111,22.322222222222223,20.08888888888889,22.933333333333337,24.155555555555555,22.0,7.866666666666666,7.866666666666666,0.0,19.444444444444443,92.22222222222224,16.22222222222222,32.28888888888889,5.577777777777778,1014.1555555555556,99.88888888888889,19.566666666666663,0.0,1.1966666666666663,17.1046,106.8916,0.0055555555555555,11.867777777777777,3,10,53,341,1970-01-21 12:24:50.853333333,1970-01-21 12:25:33.580000000,Xuân,,,
Quảng Trị,Bắc Trung Bộ,2026-03-06,21.266666666666666,22.966666666666665,19.61111111111111,23.633333333333333,25.266666666666666,21.466666666666665,27.433333333333337,27.433333333333337,0.0,20.77777777777778,91.88888888888889,16.266666666666666,33.611111111111114,7.793333333333333,1015.2111111111112,85.77777777777777,19.811111111111114,0.0,1.5666666666666669,17.1046,106.8916,1.346666666666667,11.883333333333333,3,10,63,13,1970-01-21 12:26:17.220000000,1970-01-21 12:26:59.986666666,Xuân,,,
Quảng Trị,Bắc Trung Bộ,2026-03-07,22.444444444444443,25.311111111111114,20.333333333333332,24.288888888888888,26.98888888888889,22.833333333333332,3.6222222222222222,3.6222222222222222,0.0,13.555555555555555,83.33333333333333,21.14444444444445,44.24444444444444,18.517777777777777,1016.0555555555557,43.888888888888886,19.344444444444445,0.0,3.4711111111111115,17.1046,106.8916,11.116666666666667,11.9,3,10,53,100,1970-01-21 12:27:43.566666666,1970-01-21 12:28:26.406666666,Xuân,,,
Quảng Trị,Bắc Trung Bộ,2026-03-08,22.544444444444444,25.98888888888889,20.322222222222223,24.288888888888888,27.62222222222222,21.98888888888889,2.3333333333333335,2.3333333333333335,0.0,12.22222222222222,82.33333333333333,18.833333333333332,40.233333333333334,18.88222222222222,1016.188888888889,44.888888888888886,19.211111111111112,0.0,3.65,17.1046,106.8916,11.405555555555557,11.915555555555557,3,10,51,101,1970-01-21 12:29:09.920000000,1970-01-21 12:29:52.820000000,Xuân,,,
Quảng Trị,Bắc Trung Bộ,2026-03-09,22.266666666666666,24.844444444444445,20.5,24.066666666666663,26.87777777777778,21.72222222222222,10.5,10.5,0.0,20.77777777777778,88.55555555555556,21.57777777777778,44.06666666666667,16.197777777777777,1017.9111111111112,63.22222222222222,20.12222222222222,0.0,2.966666666666667,17.1046,106.8916,8.984444444444444,11.93,3,11,61,64,1970-01-21 12:30:36.280000000,1970-01-21 12:31:19.240000000,Xuân,,,
Quảng Trị,Bắc Trung Bộ,2026-03-10,19.91111111111111,20.866666666666667,18.91111111111111,20.666666666666668,22.1,19.6,37.12222222222223,37.12222222222223,0.0,23.22222222222222,94.22222222222224,24.700000000000003,47.47777777777778,4.69,1019.8222222222222,99.22222222222224,18.922222222222224,0.0,0.9644444444444444,17.1046,106.8916,0.0,11.95,3,11,63,7,1970-01-21 12:32:02.640000000,1970-01-21 12:32:45.646666666,Xuân,,,
Quảng Trị,Bắc Trung Bộ,2026-03-11,20.2,22.022222222222226,18.522222222222226,21.744444444444444,23.299999999999997,19.88888888888889,6.355555555555556,6.355555555555556,0.0,17.77777777777778,89.33333333333333,15.266666666666667,32.13333333333333,9.455555555555556,1017.5222222222224,98.22222222222224,18.27777777777778,0.0,1.848888888888889,17.1046,106.8916,2.4444444444444446,11.963333333333331,3,11,53,13,1970-01-21 12:33:28.986666666,1970-01-21 12:34:12.066666666,Xuân,,,
Quảng Trị,Bắc Trung Bộ,2026-03-12,20.12222222222222,21.055555555555557,19.577777777777776,21.966666666666665,22.933333333333337,20.98888888888889,24.622222222222224,24.622222222222224,0.0,23.666666666666668,94.33333333333331,16.855555555555554,33.47777777777778,5.278888888888889,1016.8,98.77777777777776,19.166666666666668,0.0,1.0244444444444445,17.1046,106.8916,0.0188888888888888,11.98,3,11,63,17,1970-01-21 12:34:55.340000000,1970-01-21 12:35:38.466666666,Xuân,,,
Quảng Trị,Bắc Trung Bộ,2026-03-13,20.08888888888889,21.522222222222226,18.966666666666665,21.733333333333334,23.044444444444444,20.311111111111114,22.055555555555557,22.055555555555557,0.0,23.0,91.33333333333331,15.8,33.12222222222223,6.913333333333333,1017.8333333333334,96.33333333333331,18.58888888888889,0.0,1.4066666666666667,17.1046,106.8916,0.8088888888888888,12.0,3,11,63,28,1970-01-21 12:36:21.700000000,1970-01-21 12:37:04.880000000,Xuân,,,
Quảng Trị,Bắc Trung Bộ,2026-03-14,21.0,23.733333333333334,19.41111111111111,21.944444444444443,23.62222222222222,20.366666666666667,17.922222222222224,17.922222222222224,0.0,15.0,85.55555555555556,22.066666666666663,46.23333333333333,11.055555555555555,1018.6,68.44444444444444,18.35555555555555,0.0,2.304444444444444,17.1046,106.8916,5.528888888888889,12.01,3,11,63,89,1970-01-21 12:37:48.060000000,1970-01-21 12:38:31.300000000,Xuân,,,
Quảng Trị,Bắc Trung Bộ,2026-03-15,22.08888888888889,25.31111111111111,19.688888888888886,23.155555555555555,26.477777777777774,21.1,1.1,1.1,0.0,5.555555555555555,77.33333333333333,19.422222222222224,41.28888888888889,19.37555555555555,1018.0333333333332,30.11111111111111,17.755555555555556,0.0,3.901111111111111,17.1046,106.8916,11.233333333333333,12.03,3,11,51,97,1970-01-21 12:39:14.406666666,1970-01-21 12:39:57.706666666,Xuân,,,
Quảng Trị,Bắc Trung Bộ,2026-03-16,22.066666666666663,25.566666666666663,19.08888888888889,23.444444444444443,27.03333333333333,20.62222222222222,0.4333333333333333,0.4333333333333333,0.0,3.5555555555555554,78.22222222222223,17.477777777777778,37.81111111111111,18.433333333333337,1015.6333333333334,33.22222222222222,17.9,0.0,3.685555555555556,17.1046,106.8916,11.36,12.046666666666669,3,12,51,106,1970-01-21 12:40:40.760000000,1970-01-21 12:41:24.126666666,Xuân,,,
Quảng Trị,Bắc Trung Bộ,2026-03-17,22.744444444444444,26.98888888888889,19.844444444444445,24.9,29.22222222222222,22.27777777777778,0.1333333333333333,0.1333333333333333,0.0,1.2222222222222223,80.33333333333333,16.211111111111112,36.12222222222223,20.992222222222225,1013.8444444444444,23.22222222222222,18.88888888888889,0.0,4.098888888888889,17.1046,106.8916,11.581111111111111,12.06,3,12,51,81,1970-01-21 12:42:07.113333333,1970-01-21 12:42:50.526666666,Xuân,,,
Quảng Trị,Bắc Trung Bộ,2026-03-18,22.944444444444443,27.288888888888888,19.477777777777774,25.966666666666665,31.188888888888886,22.322222222222223,0.0444444444444444,0.0444444444444444,0.0,0.2222222222222222,85.11111111111111,14.711111111111112,33.644444444444446,21.353333333333335,1013.4555555555556,24.666666666666668,20.066666666666663,0.0,4.050000000000001,17.1046,106.8916,11.353333333333332,12.08,3,12,3,64,1970-01-21 12:43:33.466666666,1970-01-21 12:44:16.940000000,Xuân,,,
Quảng Trị,Bắc Trung Bộ,2026-03-19,23.188888888888886,27.37777777777778,20.12222222222222,26.38888888888889,31.71111111111111,23.422222222222224,0.0,0.0,0.0,0.0,85.0,15.066666666666666,33.400000000000006,20.64333333333333,1012.6777777777778,40.44444444444444,20.333333333333332,0.0,3.973333333333333,17.1046,106.8916,11.104444444444445,12.09,3,12,3,37,1970-01-21 12:44:59.826666666,1970-01-21 12:45:43.360000000,Xuân,,,
Quảng Trị,Bắc Trung Bộ,2026-03-20,23.544444444444444,28.533333333333335,19.566666666666663,27.14444444444445,33.666666666666664,22.51111111111111,0.7555555555555555,0.7555555555555555,0.0,0.7777777777777778,85.55555555555556,15.11111111111111,33.68888888888889,20.89444444444445,1011.9333333333332,44.55555555555556,20.822222222222223,0.0,4.037777777777778,17.1046,106.8916,11.536666666666669,12.11,3,12,3,74,1970-01-21 12:46:26.166666666,1970-01-21 12:47:09.766666666,Xuân,,,
Quảng Trị,Bắc Trung Bộ,2026-03-21,23.6,27.366666666666667,20.688888888888886,26.977777777777774,30.666666666666668,24.299999999999997,0.6666666666666666,0.6666666666666666,0.0,3.888888888888889,87.33333333333333,17.644444444444446,38.599999999999994,18.523333333333333,1013.5333333333332,55.22222222222222,21.200000000000003,0.0,3.556666666666666,17.1046,106.8916,9.975555555555555,12.13,3,12,51,37,1970-01-21 12:47:52.526666666,1970-01-21 12:48:36.186666666,Xuân,,,
Quảng Trị,Bắc Trung Bộ,2026-03-22,24.233333333333334,28.022222222222226,21.944444444444443,27.6,31.522222222222226,25.522222222222226,0.3333333333333333,0.3333333333333333,0.0,3.0,85.33333333333333,17.711111111111112,38.599999999999994,18.776666666666667,1012.6777777777778,49.111111111111114,21.41111111111111,0.0,3.71,17.1046,106.8916,10.418888888888889,12.14,3,12,51,40,1970-01-21 12:49:18.880000000,1970-01-21 12:50:02.586666666,Xuân,,,
Quảng Trị,Bắc Trung Bộ,2026-03-23,24.255555555555556,28.4,21.711111111111112,27.966666666666665,33.22222222222222,25.27777777777778,0.2111111111111111,0.2111111111111111,0.0,0.4444444444444444,84.77777777777777,14.988888888888887,33.47777777777778,20.626666666666665,1011.7222222222222,32.22222222222222,21.38888888888889,0.0,4.054444444444445,17.1046,106.8916,11.171111111111111,12.16,3,13,3,40,1970-01-21 12:50:45.246666666,1970-01-21 12:51:29.000000000,Xuân,,,
Quảng Trị,Bắc Trung Bộ,2026-03-24,24.244444444444444,28.466666666666665,21.5,28.288888888888888,33.87777777777777,25.2,0.0888888888888888,0.0888888888888888,0.0,0.3333333333333333,86.22222222222223,14.355555555555554,32.74444444444444,21.26,1010.3444444444444,30.0,21.677777777777777,0.0,4.1,17.1046,106.8916,11.584444444444443,12.17,3,13,3,32,1970-01-21 12:52:11.586666666,1970-01-21 12:52:55.420000000,Xuân,,,
Quảng Trị,Bắc Trung Bộ,2026-03-25,24.077777777777776,28.200000000000003,21.12222222222222,27.744444444444444,32.36666666666667,24.700000000000003,0.1555555555555555,0.1555555555555555,0.0,1.4444444444444444,85.55555555555556,15.177777777777775,34.56666666666667,18.87,1011.1555555555556,49.333333333333336,21.322222222222223,0.0,3.711111111111111,17.1046,106.8916,10.286666666666669,12.19,3,13,3,29,1970-01-21 12:53:37.940000000,1970-01-21 12:54:21.826666666,Xuân,,,
Quảng Trị,Bắc Trung Bộ,2026-03-26,24.64444444444445,29.04444444444444,21.366666666666667,28.966666666666665,35.01111111111111,25.14444444444445,0.1,0.1,0.0,0.3333333333333333,86.88888888888889,13.455555555555556,30.755555555555556,21.700000000000003,1009.922222222222,32.666666666666664,22.177777777777777,0.0,4.212222222222222,17.1046,106.8916,11.22,12.20888888888889,3,13,3,109,1970-01-21 12:55:04.300000000,1970-01-21 12:55:48.246666666,Xuân,,,
Quảng Trị,Bắc Trung Bộ,2026-03-27,26.01111111111111,31.27777777777778,22.566666666666663,30.977777777777774,37.73333333333333,27.01111111111111,0.1222222222222222,0.1222222222222222,0.0,0.4444444444444444,84.77777777777777,13.77777777777778,31.27777777777778,22.20777777777778,1008.1333333333334,21.77777777777778,23.0,0.0,4.481111111111111,17.1046,106.8916,11.684444444444445,12.22,3,13,3,86,1970-01-21 12:56:30.646666666,1970-01-21 12:57:14.646666666,Xuân,,,
Quảng Trị,Bắc Trung Bộ,2026-03-28,26.0,30.833333333333332,22.733333333333334,31.011111111111113,38.06666666666667,27.177777777777777,0.0444444444444444,0.0444444444444444,0.0,0.1111111111111111,84.88888888888889,13.18888888888889,30.08888888888889,21.96777777777778,1008.2333333333332,20.666666666666668,23.08888888888889,0.0,4.4255555555555555,17.1046,106.8916,11.547777777777778,12.24,3,13,3,59,1970-01-21 12:57:57.006666666,1970-01-21 12:58:41.053333333,Xuân,,,
Quảng Trị,Bắc Trung Bộ,2026-03-29,26.5,32.077777777777776,22.88888888888889,31.266666666666666,38.666666666666664,27.27777777777778,0.0555555555555555,0.0555555555555555,0.0,0.2222222222222222,83.0,15.055555555555555,32.888888888888886,21.533333333333335,1008.3222222222222,32.0,22.977777777777774,0.0,4.52,17.1046,106.8916,11.041111111111112,12.253333333333334,3,13,3,110,1970-01-21 12:59:23.353333333,1970-01-21 13:00:07.473333333,Xuân,,,
Quảng Trị,Bắc Trung Bộ,2026-03-30,27.122222222222224,33.97777777777778,21.711111111111112,31.055555555555557,39.21111111111111,25.27777777777778,0.0,0.0,0.0,0.0,76.11111111111111,17.188888888888886,35.599999999999994,23.932222222222222,1007.9333333333332,19.555555555555557,21.744444444444444,0.0,5.286666666666666,17.1046,106.8916,11.967777777777778,12.27,3,14,2,133,1970-01-21 13:00:49.720000000,1970-01-21 13:01:33.880000000,Xuân,,,
Quảng Trị,Bắc Trung Bộ,2026-03-31,28.5,35.91111111111111,22.700000000000003,31.744444444444444,39.98888888888889,25.255555555555556,0.0,0.0,0.0,0.0,65.55555555555556,18.022222222222226,38.41111111111111,22.98888888888889,1007.8,36.333333333333336,20.688888888888886,0.0,5.682222222222222,17.1046,106.8916,12.0,12.286666666666669,3,14,3,133,1970-01-21 13:02:16.060000000,1970-01-21 13:03:00.300000000,Xuân,,,
Quảng Trị,Bắc Trung Bộ,2026-04-01,25.844444444444445,30.333333333333332,22.64444444444445,29.91111111111111,34.74444444444444,25.711111111111112,0.7555555555555555,0.7555555555555555,0.0,3.3333333333333335,82.44444444444444,20.655555555555555,43.21111111111111,19.46444444444445,1009.8777777777776,62.77777777777778,22.522222222222226,0.0,3.943333333333334,17.1046,106.8916,10.884444444444444,12.302222222222222,4,14,51,347,1970-01-21 13:03:42.413333333,1970-01-21 13:04:26.706666666,Xuân,,,
Quảng Trị,Bắc Trung Bộ,2026-04-02,26.344444444444445,30.95555555555556,23.255555555555556,31.5,37.41111111111111,28.533333333333335,0.1,0.1,0.0,0.5555555555555556,85.77777777777777,13.833333333333334,30.67777777777778,22.10555555555555,1010.0,41.666666666666664,23.533333333333335,0.0,4.481111111111111,17.1046,106.8916,11.402222222222225,12.32,4,14,3,85,1970-01-21 13:05:08.766666666,1970-01-21 13:05:53.113333333,Xuân,,,
Quảng Trị,Bắc Trung Bộ,2026-04-03,28.11111111111111,34.44444444444444,22.98888888888889,32.511111111111106,40.15555555555556,27.211111111111112,0.0555555555555555,0.0555555555555555,0.0,0.5555555555555556,74.22222222222223,15.677777777777775,34.52222222222222,23.01888888888889,1006.8222222222222,32.666666666666664,22.38888888888889,0.0,5.335555555555555,17.1046,106.8916,11.96888888888889,12.334444444444443,4,14,3,130,1970-01-21 13:06:35.113333333,1970-01-21 13:07:19.520000000,Xuân,,,
Quảng Trị,Bắc Trung Bộ,2026-04-04,29.22222222222222,36.08888888888889,24.866666666666667,33.0,39.96666666666667,28.9,0.0999999999999999,0.0999999999999999,0.0,0.5555555555555556,68.77777777777777,23.98888888888889,50.08888888888889,22.653333333333332,1005.1777777777778,28.333333333333332,22.27777777777778,0.0,5.796666666666667,17.1046,106.8916,12.0,12.35,4,14,3,198,1970-01-21 13:08:01.480000000,1970-01-21 13:08:45.933333333,Xuân,,,
Quảng Trị,Bắc Trung Bộ,2026-04-05,29.533333333333335,36.86666666666667,23.577777777777776,33.36666666666667,40.3,27.255555555555556,0.0,0.0,0.0,0.0,67.0,18.033333333333335,38.099999999999994,23.352222222222224,1004.8222222222222,23.666666666666668,21.833333333333332,0.0,5.972222222222222,17.1046,106.8916,12.0,12.366666666666667,4,14,3,167,1970-01-21 13:09:27.826666666,1970-01-21 13:10:12.346666666,Xuân,,,
Quảng Trị,Bắc Trung Bộ,2026-04-06,30.366666666666667,37.53333333333333,24.733333333333334,33.12222222222223,40.22222222222222,27.788888888888888,0.0,0.0,0.0,0.0,57.888888888888886,22.022222222222226,46.12222222222223,24.290000000000003,1005.3888888888888,2.0,20.322222222222223,0.0,6.7444444444444445,17.1046,106.8916,12.0,12.382222222222223,4,15,0,187,1970-01-21 13:10:54.180000000,1970-01-21 13:11:38.760000000,Xuân,,,
Quảng Trị,Bắc Trung Bộ,2026-04-07,30.82222222222222,37.644444444444446,24.811111111111114,32.97777777777778,39.86666666666667,27.455555555555556,0.0,0.0,0.0,0.0,53.666666666666664,25.311111111111114,52.766666666666666,24.32,1006.0333333333332,3.4444444444444446,19.6,0.0,7.137777777777777,17.1046,106.8916,12.0,12.398888888888887,4,15,1,197,1970-01-21 13:12:20.533333333,1970-01-21 13:13:05.166666666,Xuân,,,
Quảng Trị,Bắc Trung Bộ,2026-04-08,30.011111111111113,37.12222222222223,24.966666666666665,33.099999999999994,40.97777777777778,27.12222222222222,0.0,0.0,0.0,0.0,59.333333333333336,17.433333333333334,35.86666666666667,23.297777777777775,1007.1111111111112,14.22222222222222,20.444444444444443,0.0,6.111111111111111,17.1046,106.8916,12.0,12.414444444444444,4,15,2,125,1970-01-21 13:13:46.893333333,1970-01-21 13:14:31.573333333,Xuân,,,
Quảng Trị,Bắc Trung Bộ,2026-04-09,29.555555555555557,37.733333333333334,23.87777777777778,33.27777777777778,41.31111111111111,27.577777777777776,0.0,0.0,0.0,0.0,65.77777777777777,18.244444444444444,38.36666666666667,23.74888888888889,1007.5222222222224,15.666666666666666,21.41111111111111,0.0,5.945555555555555,17.1046,106.8916,12.0,12.43,4,15,3,127,1970-01-21 13:15:13.246666666,1970-01-21 13:15:57.993333333,Xuân,,,
Quảng Trị,Bắc Trung Bộ,2026-04-10,30.299999999999997,37.599999999999994,24.133333333333333,33.22222222222222,40.22222222222222,27.022222222222226,0.0,0.0,0.0,0.0,59.0,20.666666666666668,43.72222222222222,24.11111111111111,1007.1333333333334,2.888888888888889,20.633333333333333,0.0,6.6433333333333335,17.1046,106.8916,12.0,12.444444444444445,4,15,0,182,1970-01-21 13:16:39.600000000,1970-01-21 13:17:24.400000000,Xuân,,,
Quảng Trị,Bắc Trung Bộ,2026-04-11,30.633333333333333,37.54444444444445,24.344444444444445,33.06666666666667,39.77777777777778,26.744444444444444,0.0,0.0,0.0,0.0,55.666666666666664,19.72222222222222,41.666666666666664,23.674444444444443,1005.8333333333334,3.3333333333333335,19.933333333333337,0.0,6.91,17.1046,106.8916,12.0,12.46,4,15,1,187,1970-01-21 13:18:05.953333333,1970-01-21 13:18:50.820000000,Xuân,,,
Quảng Trị,Bắc Trung Bộ,2026-04-12,30.32222222222222,38.04444444444445,24.322222222222223,33.31111111111111,40.833333333333336,26.955555555555556,0.0,0.0,0.0,0.0,58.55555555555556,17.711111111111112,36.58888888888889,24.673333333333332,1005.1222222222224,1.6666666666666667,20.35555555555555,0.0,6.595555555555555,17.1046,106.8916,12.0,12.476666666666668,4,15,0,158,1970-01-21 13:19:32.320000000,1970-01-21 13:20:17.233333333,Xuân,,,
Quảng Trị,Bắc Trung Bộ,2026-04-13,30.022222222222226,38.3,24.299999999999997,33.388888888888886,41.888888888888886,26.977777777777774,0.0,0.0,0.0,0.0,61.55555555555556,18.755555555555556,38.855555555555554,24.061111111111114,1006.7222222222222,7.111111111111111,20.944444444444443,0.0,6.2555555555555555,17.1046,106.8916,12.0,12.492222222222225,4,16,1,143,1970-01-21 13:20:58.673333333,1970-01-21 13:21:43.633333333,Xuân,,,
Quảng Trị,Bắc Trung Bộ,2026-04-14,29.577777777777776,36.65555555555555,24.64444444444445,33.8,41.51111111111111,28.177777777777777,0.0,0.0,0.0,0.0,68.33333333333333,19.577777777777776,39.97777777777778,23.70777777777778,1006.9666666666668,6.444444444444445,22.37777777777778,0.0,5.682222222222222,17.1046,106.8916,12.0,12.506666666666668,4,16,1,140,1970-01-21 13:22:25.033333333,1970-01-21 13:23:10.053333333,Xuân,,,
Quảng Trị,Bắc Trung Bộ,2026-04-15,28.64444444444445,34.71111111111111,23.87777777777778,33.0,40.08888888888889,27.755555555555556,0.0,0.0,0.0,0.0,72.11111111111111,18.0,38.0,23.236666666666665,1006.0555555555557,8.88888888888889,22.577777777777776,0.0,5.334444444444444,17.1046,106.8916,12.0,12.52222222222222,4,16,1,110,1970-01-21 13:23:51.400000000,1970-01-21 13:24:36.480000000,Xuân,,,
Quảng Trị,Bắc Trung Bộ,2026-04-16,28.444444444444443,34.58888888888889,23.955555555555556,32.98888888888889,40.388888888888886,28.188888888888886,0.2555555555555555,0.2555555555555555,0.0,0.6666666666666666,75.11111111111111,18.5,40.577777777777776,22.676666666666662,1006.9888888888888,9.77777777777778,23.133333333333333,0.0,5.1755555555555555,17.1046,106.8916,12.0,12.536666666666669,4,16,1,107,1970-01-21 13:25:17.753333333,1970-01-21 13:26:02.880000000,Xuân,,,
Quảng Trị,Bắc Trung Bộ,2026-04-17,28.077777777777776,34.011111111111106,24.788888888888888,32.922222222222224,40.04444444444445,29.577777777777776,0.3333333333333333,0.3333333333333333,0.0,1.0,78.0,17.977777777777778,38.91111111111111,21.926666666666662,1008.4555555555556,32.333333333333336,23.533333333333335,0.0,4.81,17.1046,106.8916,12.0,12.553333333333336,4,16,3,114,1970-01-21 13:26:44.106666666,1970-01-21 13:27:29.293333333,Xuân,,,
Quảng Trị,Bắc Trung Bộ,2026-04-18,26.48888888888889,29.85555555555555,24.422222222222224,30.988888888888887,34.94444444444444,28.95555555555556,1.1222222222222222,1.1222222222222222,0.0,4.555555555555555,83.0,14.711111111111112,34.21111111111111,19.897777777777776,1010.1222222222224,62.888888888888886,23.22222222222222,0.0,4.1433333333333335,17.1046,106.8916,10.822222222222225,12.566666666666668,4,16,51,29,1970-01-21 13:28:10.473333333,1970-01-21 13:28:55.706666666,Xuân,,,
Quảng Trị,Bắc Trung Bộ,2026-04-19,26.033333333333335,30.08888888888889,23.77777777777778,30.54444444444444,35.32222222222222,28.54444444444444,1.1222222222222222,1.1222222222222222,0.0,2.7777777777777777,84.11111111111111,13.88888888888889,32.82222222222222,19.047777777777775,1009.9777777777776,80.33333333333333,22.977777777777774,0.0,3.973333333333333,17.1046,106.8916,8.738888888888889,12.583333333333334,4,16,51,95,1970-01-21 13:29:36.833333333,1970-01-21 13:30:22.113333333,Xuân,,,
Quảng Trị,Bắc Trung Bộ,2026-04-20,26.455555555555556,31.166666666666668,22.966666666666665,31.41111111111111,37.888888888888886,27.833333333333332,1.7999999999999998,1.7999999999999998,0.0,2.2222222222222223,83.44444444444444,12.411111111111111,30.58888888888889,21.685555555555556,1009.0222222222224,50.77777777777778,23.200000000000003,0.0,4.54,17.1046,106.8916,11.952222222222222,12.596666666666668,4,17,3,122,1970-01-21 13:31:03.186666666,1970-01-21 13:31:48.540000000,Xuân,,,
Quảng Trị,Bắc Trung Bộ,2026-04-21,27.333333333333332,32.65555555555555,23.35555555555555,32.08888888888889,38.97777777777778,27.844444444444445,1.4,1.4,0.0,1.8888888888888888,79.11111111111111,14.988888888888887,32.388888888888886,22.572222222222223,1007.4888888888888,45.0,23.077777777777776,0.0,4.914444444444445,17.1046,106.8916,12.0,12.612222222222222,4,17,3,118,1970-01-21 13:32:29.553333333,1970-01-21 13:33:14.953333333,Xuân,,,
Quảng Trị,Bắc Trung Bộ,2026-04-22,28.555555555555557,34.71111111111111,23.744444444444444,33.37777777777777,40.67777777777778,28.322222222222223,0.2222222222222222,0.2222222222222222,0.0,0.7777777777777778,75.77777777777777,16.533333333333335,35.75555555555556,23.227777777777774,1006.0888888888888,41.0,23.311111111111114,0.0,5.381111111111111,17.1046,106.8916,11.998888888888889,12.626666666666669,4,17,3,130,1970-01-21 13:33:55.913333333,1970-01-21 13:34:41.353333333,Xuân,,,
Quảng Trị,Bắc Trung Bộ,2026-04-23,28.166666666666668,35.21111111111111,24.48888888888889,33.422222222222224,41.233333333333334,29.244444444444444,3.388888888888889,3.388888888888889,0.0,3.888888888888889,79.33333333333333,15.11111111111111,35.888888888888886,22.305555555555557,1006.3,67.44444444444444,23.711111111111112,0.0,4.96,17.1046,106.8916,11.31111111111111,12.642222222222223,4,17,51,30,1970-01-21 13:35:22.273333333,1970-01-21 13:36:07.773333333,Xuân,,,
Quảng Trị,Bắc Trung Bộ,2026-04-24,24.85555555555555,27.255555555555556,23.655555555555555,29.77777777777778,32.74444444444444,27.9,9.77777777777778,9.77777777777778,0.0,14.11111111111111,93.0,11.666666666666666,25.6,8.655555555555557,1010.422222222222,100.0,23.62222222222222,0.0,1.7633333333333334,17.1046,106.8916,1.3866666666666667,12.656666666666666,4,17,61,348,1970-01-21 13:36:48.640000000,1970-01-21 13:37:34.200000000,Xuân,,,
Quảng Trị,Bắc Trung Bộ,2026-04-25,24.922222222222224,27.577777777777776,23.166666666666668,29.233333333333334,31.633333333333333,27.955555555555556,2.677777777777778,2.677777777777778,0.0,10.444444444444445,87.33333333333333,15.08888888888889,33.08888888888889,17.936666666666667,1013.2111111111112,82.77777777777777,22.555555555555557,0.0,3.4877777777777776,17.1046,106.8916,10.276666666666666,12.668888888888889,4,17,51,2,1970-01-21 13:38:14.993333333,1970-01-21 13:39:00.613333333,Xuân,,,
Quảng Trị,Bắc Trung Bộ,2026-04-26,25.255555555555556,28.877777777777776,22.61111111111111,29.977777777777774,34.21111111111111,27.444444444444443,2.211111111111111,2.211111111111111,0.0,8.88888888888889,87.22222222222223,12.077777777777778,29.799999999999997,20.682222222222222,1011.6666666666666,85.77777777777777,22.822222222222223,0.0,4.023333333333333,17.1046,106.8916,11.23,12.684444444444445,4,17,51,94,1970-01-21 13:39:41.360000000,1970-01-21 13:40:27.013333333,Xuân,,,
Quảng Trị,Bắc Trung Bộ,2026-04-27,26.711111111111112,31.477777777777774,23.266666666666666,31.811111111111114,37.833333333333336,28.022222222222226,1.2777777777777777,1.2777777777777777,0.0,3.6666666666666665,83.44444444444444,13.0,31.799999999999997,22.700000000000003,1008.811111111111,80.11111111111111,23.433333333333337,0.0,4.722222222222222,17.1046,106.8916,12.0,12.698888888888888,4,18,53,117,1970-01-21 13:41:07.726666666,1970-01-21 13:41:53.433333333,Xuân,,,
Quảng Trị,Bắc Trung Bộ,2026-04-28,27.577777777777776,32.922222222222224,23.966666666666665,32.12222222222223,37.36666666666667,28.688888888888886,0.2888888888888888,0.2888888888888888,0.0,1.4444444444444444,78.22222222222223,16.811111111111114,38.922222222222224,19.883333333333333,1007.7,72.33333333333333,23.022222222222226,0.0,4.5055555555555555,17.1046,106.8916,9.8,12.712222222222223,4,18,51,162,1970-01-21 13:42:34.093333333,1970-01-21 13:43:19.860000000,Xuân,,,
Quảng Trị,Bắc Trung Bộ,2026-04-29,26.08888888888889,31.866666666666667,23.744444444444444,30.200000000000003,38.36666666666667,27.444444444444443,13.122222222222222,13.122222222222222,0.0,10.0,83.33333333333333,20.655555555555555,51.08888888888889,18.781111111111112,1010.3666666666666,74.88888888888889,22.88888888888889,0.0,3.9166666666666665,17.1046,106.8916,9.444444444444445,12.726666666666668,4,18,65,283,1970-01-21 13:44:00.460000000,1970-01-21 13:44:46.273333333,Xuân,,,
Quảng Trị,Bắc Trung Bộ,2026-04-30,24.633333333333333,27.044444444444444,22.922222222222224,27.11111111111111,29.666666666666668,25.544444444444444,1.411111111111111,1.411111111111111,0.0,4.666666666666667,78.55555555555556,16.87777777777778,35.67777777777778,17.28,1014.3333333333334,80.55555555555556,20.455555555555556,0.0,3.776666666666667,17.1046,106.8916,8.605555555555556,12.738888888888887,4,18,3,6,1970-01-21 13:45:26.820000000,1970-01-21 13:46:12.686666666,Xuân,,,
Quảng Trị,Bắc Trung Bộ,2026-05-01,24.655555555555555,28.299999999999997,21.6,28.266666666666666,32.46666666666667,25.022222222222226,0.0,0.0,0.0,0.0,80.44444444444444,13.522222222222222,31.27777777777778,20.07,1012.3,83.66666666666667,20.933333333333337,0.0,3.9922222222222223,17.1046,106.8916,11.106666666666666,12.753333333333334,5,18,3,84,1970-01-21 13:46:53.200000000,1970-01-21 13:47:39.113333333,Xuân,,,
Quảng Trị,Bắc Trung Bộ,2026-05-02,26.666666666666668,30.877777777777776,22.41111111111111,31.833333333333332,37.52222222222222,26.87777777777778,1.6777777777777778,1.6777777777777778,0.0,2.3333333333333335,83.33333333333333,10.533333333333331,28.044444444444444,20.34111111111111,1009.5222222222224,94.22222222222224,23.422222222222224,0.0,4.236666666666666,17.1046,106.8916,10.886666666666668,12.766666666666666,5,18,51,126,1970-01-21 13:48:19.560000000,1970-01-21 13:49:05.526666666,Xuân,,,
Quảng Trị,Bắc Trung Bộ,2026-05-03,27.811111111111114,32.7,24.166666666666668,33.63333333333333,39.8,29.1,4.333333333333333,4.333333333333333,0.0,4.0,82.11111111111111,9.72222222222222,26.077777777777776,21.596666666666668,1009.2222222222222,71.11111111111111,24.233333333333334,0.0,4.544444444444444,17.1046,106.8916,11.598888888888888,12.78,5,18,63,115,1970-01-21 13:49:45.940000000,1970-01-21 13:50:31.933333333,Xuân,,,
Quảng Trị,Bắc Trung Bộ,2026-05-04,25.0,27.544444444444444,23.655555555555555,29.45555555555556,32.044444444444444,27.866666666666667,8.966666666666667,8.966666666666667,0.0,18.11111111111111,91.22222222222224,16.033333333333335,35.644444444444446,13.848888888888888,1013.1222222222224,89.0,23.4,0.0,2.7066666666666666,17.1046,106.8916,6.457777777777778,12.793333333333331,5,19,63,4,1970-01-21 13:51:12.300000000,1970-01-21 13:51:58.353333333,Xuân,,,
Quảng Trị,Bắc Trung Bộ,2026-05-05,24.966666666666665,27.333333333333332,23.41111111111111,29.200000000000003,31.377777777777776,27.922222222222224,4.966666666666666,4.966666666666666,0.0,15.666666666666666,88.0,14.755555555555556,32.355555555555554,16.26,1012.188888888889,83.33333333333333,22.744444444444444,0.0,3.1766666666666667,17.1046,106.8916,8.432222222222222,12.806666666666668,5,19,53,10,1970-01-21 13:52:38.680000000,1970-01-21 13:53:24.780000000,Xuân,,,
Quảng Trị,Bắc Trung Bộ,2026-05-06,26.14444444444445,30.522222222222226,22.244444444444444,30.944444444444443,36.855555555555554,26.62222222222222,1.8555555555555552,1.8555555555555552,0.0,1.7777777777777777,84.22222222222223,14.11111111111111,33.27777777777778,22.441111111111113,1009.6666666666666,41.44444444444444,23.1,0.0,4.577777777777778,17.1046,106.8916,11.49222222222222,12.818888888888887,5,19,3,132,1970-01-21 13:54:05.046666666,1970-01-21 13:54:51.193333333,Xuân,,,
Quảng Trị,Bắc Trung Bộ,2026-05-07,27.322222222222223,31.45555555555556,23.933333333333337,32.666666666666664,38.388888888888886,29.11111111111111,1.9222222222222225,1.9222222222222225,0.0,2.3333333333333335,83.11111111111111,13.8,31.833333333333332,22.91111111111111,1008.688888888889,42.333333333333336,24.033333333333335,0.0,4.778888888888889,17.1046,106.8916,12.024444444444445,12.83,5,19,3,84,1970-01-21 13:55:31.426666666,1970-01-21 13:56:17.613333333,Xuân,,,
Quảng Trị,Bắc Trung Bộ,2026-05-08,26.811111111111114,30.233333333333334,24.5,31.61111111111111,35.78888888888889,29.200000000000003,2.466666666666667,2.466666666666667,0.0,6.555555555555555,83.11111111111111,16.022222222222222,34.32222222222222,23.145555555555557,1011.0444444444444,91.88888888888889,23.544444444444444,0.0,4.75,17.1046,106.8916,10.842222222222222,12.843333333333334,5,19,53,31,1970-01-21 13:56:57.800000000,1970-01-21 13:57:44.040000000,Xuân,,,
Quảng Trị,Bắc Trung Bộ,2026-05-09,26.1,29.14444444444445,23.633333333333333,31.1,34.65555555555555,28.622222222222224,3.7222222222222223,3.7222222222222223,0.0,14.666666666666666,87.22222222222223,14.311111111111112,33.044444444444444,22.185555555555556,1012.3222222222222,59.0,23.655555555555555,0.0,4.318888888888889,17.1046,106.8916,11.761111111111113,12.858888888888888,5,19,53,22,1970-01-21 13:58:24.173333333,1970-01-21 13:59:10.453333333,Xuân,,,
Quảng Trị,Bắc Trung Bộ,2026-05-10,26.22222222222222,29.08888888888889,24.14444444444445,30.977777777777774,34.44444444444444,29.033333333333335,3.033333333333333,3.033333333333333,0.0,14.88888888888889,85.55555555555556,14.72222222222222,33.56666666666667,22.66111111111111,1012.2777777777778,67.77777777777777,23.48888888888889,0.0,4.441111111111111,17.1046,106.8916,11.881111111111112,12.868888888888888,5,19,51,53,1970-01-21 13:59:50.546666666,1970-01-21 14:00:36.866666666,Xuân,,,
Quảng Trị,Bắc Trung Bộ,2026-05-11,26.733333333333334,30.533333333333335,24.077777777777776,31.9,36.3,29.43333333333333,1.488888888888889,1.488888888888889,0.0,9.11111111111111,84.44444444444444,14.511111111111113,33.355555555555554,23.99,1011.4111111111112,66.88888888888889,23.688888888888886,0.0,4.823333333333333,17.1046,106.8916,11.707777777777778,12.88,5,20,51,57,1970-01-21 14:01:16.913333333,1970-01-21 14:02:03.293333333,Xuân,,,
Quảng Trị,Bắc Trung Bộ,2026-05-12,27.700000000000003,31.72222222222222,24.744444444444444,33.388888888888886,38.422222222222224,30.17777777777778,0.4666666666666667,0.4666666666666667,0.0,2.111111111111111,83.11111111111111,13.355555555555554,30.56666666666667,24.672222222222224,1008.3555555555556,68.0,24.333333333333332,0.0,5.091111111111111,17.1046,106.8916,11.822222222222225,12.89,5,20,51,106,1970-01-21 14:02:43.300000000,1970-01-21 14:03:29.713333333,Xuân,,,
Quảng Trị,Bắc Trung Bộ,2026-05-13,29.17777777777778,34.63333333333333,25.033333333333335,34.733333333333334,40.577777777777776,30.200000000000003,1.488888888888889,1.488888888888889,0.0,5.444444444444445,77.44444444444444,15.02222222222222,31.64444444444445,23.12777777777778,1005.7888888888888,61.44444444444444,24.299999999999997,0.0,5.224444444444444,17.1046,106.8916,11.838888888888889,12.903333333333332,5,20,51,143,1970-01-21 14:04:09.680000000,1970-01-21 14:04:56.126666666,Xuân,,,
Quảng Trị,Bắc Trung Bộ,2026-05-14,29.622222222222224,34.18888888888889,25.922222222222224,34.34444444444445,38.74444444444444,30.488888888888887,1.4444444444444444,1.4444444444444444,0.0,4.888888888888889,72.11111111111111,16.98888888888889,39.93333333333333,20.87444444444445,1004.8555555555556,88.88888888888889,23.77777777777778,0.0,5.1,17.1046,106.8916,11.738888888888887,12.915555555555557,5,20,53,209,1970-01-21 14:05:36.053333333,1970-01-21 14:06:22.553333333,Xuân,,,
Quảng Trị,Bắc Trung Bộ,2026-05-15,30.08888888888889,34.58888888888889,26.533333333333335,34.666666666666664,39.58888888888889,30.56666666666667,1.511111111111111,1.511111111111111,0.0,3.0,70.55555555555556,18.41111111111111,41.2,22.27111111111111,1004.6444444444444,87.55555555555556,23.788888888888888,0.0,5.61,17.1046,106.8916,10.516666666666667,12.928888888888888,5,20,51,212,1970-01-21 14:07:02.440000000,1970-01-21 14:07:48.973333333,Xuân,,,
Quảng Trị,Bắc Trung Bộ,2026-05-16,29.84444444444445,35.67777777777778,26.677777777777777,34.37777777777777,41.21111111111111,30.85555555555555,1.0777777777777775,1.0777777777777775,0.0,3.4444444444444446,70.66666666666667,17.144444444444446,36.388888888888886,19.59222222222222,1004.8222222222222,97.55555555555556,23.555555555555557,0.0,5.0488888888888885,17.1046,106.8916,9.366666666666667,12.938888888888888,5,20,53,175,1970-01-21 14:08:28.820000000,1970-01-21 14:09:15.393333333,Xuân,,,
Quảng Trị,Bắc Trung Bộ,2026-05-17,28.61111111111111,33.87777777777778,26.077777777777776,34.266666666666666,40.077777777777776,31.56666666666667,6.155555555555555,6.155555555555555,0.0,7.666666666666667,80.22222222222223,14.944444444444445,35.68888888888889,21.534444444444446,1005.3333333333334,94.22222222222224,24.566666666666663,0.0,4.703333333333333,17.1046,106.8916,10.251111111111111,12.948888888888888,5,20,61,183,1970-01-21 14:09:55.193333333,1970-01-21 14:10:41.813333333,Xuân,,,
Quảng Trị,Bắc Trung Bộ,2026-05-18,27.9,32.67777777777778,25.5,33.955555555555556,39.45555555555555,31.166666666666668,13.77777777777778,13.77777777777778,0.0,8.222222222222221,85.44444444444444,12.366666666666667,30.255555555555556,19.186666666666667,1005.4444444444443,88.55555555555556,25.077777777777776,0.0,4.007777777777778,17.1046,106.8916,9.913333333333334,12.96,5,21,63,136,1970-01-21 14:11:21.593333333,1970-01-21 14:12:08.233333333,Xuân,,,
Quảng Trị,Bắc Trung Bộ,2026-05-19,27.955555555555556,34.144444444444446,25.033333333333335,33.98888888888889,41.2,30.522222222222226,6.166666666666667,6.166666666666667,0.0,4.555555555555555,84.66666666666667,13.977777777777778,33.67777777777778,18.86,1004.811111111111,90.88888888888889,24.844444444444445,0.0,4.026666666666667,17.1046,106.8916,8.52111111111111,12.97,5,21,63,144,1970-01-21 14:12:47.966666666,1970-01-21 14:13:34.653333333,Xuân,,,
Quảng Trị,Bắc Trung Bộ,2026-05-20,28.044444444444444,33.044444444444444,25.755555555555556,34.233333333333334,39.36666666666667,31.58888888888889,6.066666666666666,6.066666666666666,0.0,10.77777777777778,85.88888888888889,13.088888888888889,33.8,17.65,1004.7888888888888,84.44444444444444,25.22222222222222,0.0,3.811111111111111,17.1046,106.8916,8.277777777777779,12.98,5,21,63,155,1970-01-21 14:14:14.353333333,1970-01-21 14:15:01.080000000,Xuân,,,
Quảng Trị,Bắc Trung Bộ,2026-05-21,28.688888888888886,33.78888888888889,25.77777777777778,34.98888888888889,40.62222222222223,31.9,6.688888888888888,6.688888888888888,0.0,8.11111111111111,83.0,12.244444444444444,34.144444444444446,21.177777777777777,1007.1555555555556,93.44444444444444,25.299999999999997,0.0,4.613333333333333,17.1046,106.8916,11.66,12.99,5,21,63,172,1970-01-21 14:15:40.733333333,1970-01-21 14:16:27.493333333,Xuân,,,
Quảng Trị,Bắc Trung Bộ,2026-05-22,29.755555555555556,34.91111111111111,25.48888888888889,34.855555555555554,40.52222222222222,30.244444444444444,0.7222222222222222,0.7222222222222222,0.0,3.2222222222222223,72.77777777777777,15.08888888888889,35.67777777777778,24.326666666666668,1008.5333333333332,88.88888888888889,23.91111111111111,0.0,5.734444444444445,17.1046,106.8916,11.96,13.0,5,21,51,201,1970-01-21 14:17:07.133333333,1970-01-21 14:17:53.920000000,Xuân,,,
Quảng Trị,Bắc Trung Bộ,2026-05-23,30.65555555555555,36.08888888888889,26.066666666666663,35.51111111111111,41.22222222222222,31.077777777777776,0.2777777777777778,0.2777777777777778,0.0,1.7777777777777777,68.55555555555556,16.955555555555556,39.78888888888889,25.549999999999997,1008.2444444444444,60.77777777777778,23.711111111111112,0.0,6.274444444444445,17.1046,106.8916,12.133333333333333,13.007777777777775,5,21,51,172,1970-01-21 14:18:33.506666666,1970-01-21 14:19:20.346666666,Xuân,,,
Quảng Trị,Bắc Trung Bộ,2026-05-24,31.511111111111113,36.98888888888889,26.533333333333335,35.71111111111111,41.43333333333333,31.033333333333335,0.0,0.0,0.0,0.0,62.888888888888886,18.655555555555555,43.05555555555556,25.702222222222225,1008.0555555555557,61.666666666666664,22.955555555555556,0.0,6.801111111111111,17.1046,106.8916,12.164444444444444,13.017777777777775,5,21,3,194,1970-01-21 14:19:59.900000000,1970-01-21 14:20:46.753333333,Xuân,,,
Quảng Trị,Bắc Trung Bộ,2026-05-25,31.877777777777776,37.22222222222222,27.055555555555557,35.988888888888894,41.577777777777776,31.45555555555556,0.0777777777777777,0.0777777777777777,0.0,0.7777777777777778,61.22222222222222,19.255555555555556,44.72222222222222,26.13222222222222,1006.7888888888888,24.11111111111111,22.933333333333337,0.0,7.055555555555555,17.1046,106.8916,12.307777777777778,13.025555555555554,5,22,51,219,1970-01-21 14:21:26.293333333,1970-01-21 14:22:13.186666666,Xuân,,,
Quảng Trị,Bắc Trung Bộ,2026-05-26,32.111111111111114,37.422222222222224,27.788888888888888,35.52222222222222,41.82222222222222,30.299999999999997,0.2222222222222222,0.2222222222222222,0.0,1.5555555555555556,57.44444444444444,21.922222222222224,48.72222222222222,25.85666666666667,1005.6555555555556,8.333333333333334,22.200000000000003,0.0,7.326666666666666,17.1046,106.8916,12.354444444444445,13.03111111111111,5,22,51,209,1970-01-21 14:22:52.680000000,1970-01-21 14:23:39.606666666,Xuân,,,
Quảng Trị,Bắc Trung Bộ,2026-05-27,31.84444444444445,37.53333333333333,27.977777777777774,36.28888888888889,42.56666666666667,31.71111111111111,1.2888888888888888,1.2888888888888888,0.0,4.333333333333333,62.111111111111114,17.477777777777778,40.111111111111114,25.43111111111111,1006.5,17.11111111111111,23.166666666666668,0.0,6.706666666666667,17.1046,106.8916,12.297777777777778,13.04,5,22,51,174,1970-01-21 14:24:19.073333333,1970-01-21 14:25:06.020000000,Xuân,,,
Quảng Trị,Bắc Trung Bộ,2026-05-28,30.877777777777776,36.17777777777778,26.922222222222224,36.68888888888889,42.95555555555555,32.58888888888889,2.3777777777777778,2.3777777777777778,0.0,5.0,70.88888888888889,14.52222222222222,35.422222222222224,24.16,1007.8666666666666,42.0,24.477777777777774,0.0,5.61,17.1046,106.8916,12.314444444444444,13.05,5,22,53,128,1970-01-21 14:25:45.473333333,1970-01-21 14:26:32.453333333,Xuân,,,
Quảng Trị,Bắc Trung Bộ,2026-05-29,29.833333333333332,34.733333333333334,25.133333333333333,35.611111111111114,41.333333333333336,29.41111111111111,2.533333333333333,2.533333333333333,0.0,4.666666666666667,75.33333333333333,14.822222222222225,36.87777777777777,24.246666666666663,1008.6222222222224,52.333333333333336,24.666666666666668,0.0,5.44,17.1046,106.8916,12.093333333333334,13.05777777777778,5,22,53,60,1970-01-21 14:27:11.873333333,1970-01-21 14:27:58.866666666,Xuân,,,
Quảng Trị,Bắc Trung Bộ,2026-05-30,29.011111111111113,32.55555555555556,25.933333333333337,34.400000000000006,38.077777777777776,31.700000000000003,1.4333333333333331,1.4333333333333331,0.0,3.5555555555555554,75.88888888888889,15.244444444444444,36.52222222222222,24.87444444444445,1009.3777777777776,27.666666666666668,24.044444444444444,0.0,5.444444444444445,17.1046,106.8916,12.257777777777775,13.065555555555555,5,22,51,47,1970-01-21 14:28:38.260000000,1970-01-21 14:29:25.286666666,Xuân,,,
Quảng Trị,Bắc Trung Bộ,2026-05-31,28.58888888888889,32.48888888888889,24.62222222222222,33.888888888888886,38.077777777777776,29.88888888888889,1.411111111111111,1.411111111111111,0.0,4.333333333333333,75.66666666666667,14.122222222222224,33.51111111111111,24.973333333333333,1009.1111111111112,22.0,23.544444444444444,0.0,5.348888888888889,17.1046,106.8916,12.336666666666666,13.071111111111112,5,22,53,56,1970-01-21 14:30:04.653333333,1970-01-21 14:30:51.713333333,Xuân,,,
Quảng Trị,Bắc Trung Bộ,2026-06-01,29.299999999999997,34.955555555555556,24.433333333333337,34.41111111111111,41.37777777777777,29.622222222222224,1.1888888888888889,1.1888888888888889,0.0,4.222222222222222,73.44444444444444,16.311111111111114,35.87777777777777,25.443333333333335,1008.2333333333332,65.88888888888889,23.6,0.0,5.773333333333333,17.1046,106.8916,12.29,13.07888888888889,6,23,53,89,1970-01-21 14:31:31.046666666,1970-01-21 14:32:18.133333333,Hè,,,
Quảng Trị,Bắc Trung Bộ,2026-06-02,29.733333333333334,34.833333333333336,25.4,35.21111111111111,41.18888888888889,30.755555555555556,0.9666666666666666,0.9666666666666666,0.0,3.6666666666666665,73.55555555555556,14.555555555555555,32.77777777777778,24.88111111111111,1006.1444444444444,71.66666666666667,24.066666666666663,0.0,5.655555555555555,17.1046,106.8916,12.315555555555555,13.085555555555556,6,23,51,92,1970-01-21 14:32:57.446666666,1970-01-21 14:33:44.553333333,Hè,,,
Quảng Trị,Bắc Trung Bộ,2026-06-03,30.67777777777778,36.3,26.61111111111111,35.84444444444445,41.422222222222224,31.733333333333334,0.8333333333333334,0.8333333333333334,0.0,2.111111111111111,69.66666666666667,17.522222222222222,39.73333333333333,25.603333333333335,1004.077777777778,18.22222222222222,23.944444444444443,0.0,6.152222222222222,17.1046,106.8916,12.292222222222222,13.09,6,23,51,140,1970-01-21 14:34:23.846666666,1970-01-21 14:35:10.980000000,Hè,,,
Quảng Trị,Bắc Trung Bộ,2026-06-04,30.866666666666667,36.96666666666667,26.200000000000003,35.044444444444444,41.37777777777777,30.033333333333335,3.2,3.2,0.0,5.0,65.0,21.655555555555555,46.0,25.904444444444444,1003.7555555555556,46.333333333333336,22.85555555555556,0.0,6.648888888888889,17.1046,106.8916,12.412222222222224,13.098888888888888,6,23,53,214,1970-01-21 14:35:50.246666666,1970-01-21 14:36:37.393333333,Hè,,,
Quảng Trị,Bắc Trung Bộ,2026-06-05,30.799999999999997,35.87777777777777,27.211111111111112,34.48888888888889,38.97777777777778,31.055555555555557,2.8333333333333335,2.8333333333333335,0.0,7.777777777777778,63.0,18.91111111111111,44.27777777777778,22.81888888888889,1005.0666666666667,79.44444444444444,22.48888888888889,0.0,6.245555555555556,17.1046,106.8916,12.04888888888889,13.103333333333332,6,23,51,224,1970-01-21 14:37:16.646666666,1970-01-21 14:38:03.820000000,Hè,,,
Quảng Trị,Bắc Trung Bộ,2026-06-06,30.61111111111111,34.422222222222224,26.788888888888888,34.455555555555556,37.58888888888889,31.488888888888887,0.5555555555555556,0.5555555555555556,0.0,1.8888888888888888,65.33333333333333,20.466666666666665,44.98888888888889,18.69222222222222,1006.1222222222223,85.55555555555556,23.0,0.0,5.413333333333333,17.1046,106.8916,10.136666666666667,13.108888888888888,6,23,51,210,1970-01-21 14:38:43.046666666,1970-01-21 14:39:30.240000000,Hè,,,
Quảng Trị,Bắc Trung Bộ,2026-06-07,31.04444444444444,34.51111111111111,27.98888888888889,33.599999999999994,37.166666666666664,30.577777777777776,0.8777777777777778,0.8777777777777778,0.0,3.111111111111111,61.77777777777778,25.044444444444444,53.28888888888889,17.932222222222222,1005.6555555555556,96.55555555555556,22.58888888888889,0.0,6.228888888888889,17.1046,106.8916,9.422222222222222,13.113333333333333,6,23,51,222,1970-01-21 14:40:09.446666666,1970-01-21 14:40:56.653333333,Hè,,,
Quảng Trị,Bắc Trung Bộ,2026-06-08,31.11111111111111,34.84444444444445,28.233333333333334,33.63333333333333,36.577777777777776,30.45555555555556,0.4666666666666667,0.4666666666666667,0.0,3.888888888888889,60.888888888888886,25.27777777777778,54.666666666666664,17.072222222222223,1004.1666666666666,97.11111111111111,22.37777777777778,0.0,6.002222222222223,17.1046,106.8916,9.303333333333335,13.118888888888888,6,24,51,230,1970-01-21 14:41:35.846666666,1970-01-21 14:42:23.080000000,Hè,,,
Quảng Trị,Bắc Trung Bộ,2026-06-09,28.177777777777777,31.466666666666665,25.91111111111111,32.855555555555554,35.888888888888886,29.966666666666665,4.788888888888889,4.788888888888889,0.0,10.88888888888889,80.33333333333333,19.41111111111111,47.31111111111111,13.31111111111111,1005.8333333333334,98.66666666666667,24.288888888888888,0.0,3.3633333333333333,17.1046,106.8916,3.81,13.121111111111112,6,24,53,228,1970-01-21 14:43:02.253333333,1970-01-21 14:43:49.500000000,Hè,,,
Quảng Trị,Bắc Trung Bộ,2026-06-10,26.555555555555557,31.511111111111113,24.177777777777777,32.21111111111111,37.17777777777778,28.644444444444446,13.033333333333333,13.033333333333333,0.0,16.22222222222222,89.33333333333333,12.988888888888889,36.03333333333333,15.619999999999997,1009.2555555555555,95.0,24.48888888888889,0.0,3.2488888888888887,17.1046,106.8916,6.588888888888889,13.127777777777778,6,24,63,331,1970-01-21 14:44:28.666666666,1970-01-21 14:45:15.913333333,Hè,,,
Quảng Trị,Bắc Trung Bộ,2026-06-11,27.577777777777776,31.91111111111111,24.744444444444444,32.44444444444444,36.25555555555556,30.22222222222222,3.1333333333333333,3.1333333333333333,0.0,5.666666666666667,79.44444444444444,11.722222222222221,25.91111111111111,16.40777777777778,1011.5888888888888,91.11111111111111,23.299999999999997,0.0,3.7655555555555558,17.1046,106.8916,7.736666666666666,13.13,6,24,53,151,1970-01-21 14:45:55.073333333,1970-01-21 14:46:42.326666666,Hè,,,
Quảng Trị,Bắc Trung Bộ,2026-06-12,28.866666666666667,33.733333333333334,24.700000000000003,33.82222222222222,39.544444444444444,29.366666666666667,1.5777777777777777,1.5777777777777777,0.0,3.4444444444444446,73.55555555555556,12.655555555555557,33.43333333333333,22.124444444444446,1011.7333333333333,71.88888888888889,23.322222222222223,0.0,4.971111111111111,17.1046,106.8916,12.067777777777778,13.133333333333333,6,24,51,138,1970-01-21 14:47:21.473333333,1970-01-21 14:48:08.753333333,Hè,,,
Quảng Trị,Bắc Trung Bộ,2026-06-13,30.54444444444444,36.2,26.01111111111111,34.544444444444444,40.211111111111116,30.766666666666666,0.17777777777777778,0.17777777777777778,0.0,1.3333333333333333,65.0,17.555555555555557,40.888888888888886,25.16,1008.688888888889,72.0,22.6,0.0,6.4911111111111115,17.1046,106.8916,12.234444444444444,13.135555555555555,6,24,51,210,1970-01-21 14:48:47.873333333,1970-01-21 14:49:35.166666666,Hè,,,
Quảng Trị,Bắc Trung Bộ,2026-06-14,31.04444444444444,35.46666666666667,26.91111111111111,34.98888888888889,40.17777777777778,31.200000000000003,0.13333333333333333,0.13333333333333333,0.0,0.6666666666666666,63.44444444444444,20.733333333333334,48.03333333333333,23.686666666666667,1005.9888888888888,86.55555555555556,22.966666666666665,0.0,6.333333333333333,17.1046,106.8916,12.04,13.13888888888889,6,24,51,203,1970-01-21 14:50:14.280000000,1970-01-21 14:51:01.573333333,Hè,,,
Quảng Trị,Bắc Trung Bộ,2026-06-15,31.400000000000002,35.74444444444444,27.61111111111111,34.82222222222222,39.94444444444444,30.122222222222224,0.2,0.2,0.0,1.2222222222222223,60.55555555555556,22.51111111111111,51.41111111111111,23.923333333333332,1005.7777777777778,90.77777777777777,22.544444444444444,0.0,6.69,17.1046,106.8916,11.80111111111111,13.14,6,25,51,219,1970-01-21 14:51:40.693333333,1970-01-21 14:52:28.006666666,Hè,,,
Quảng Trị,Bắc Trung Bộ,2026-06-16,30.877777777777776,36.266666666666666,27.666666666666668,34.3,40.5,30.799999999999997,1.5222222222222221,1.5222222222222221,0.0,2.7777777777777777,61.77777777777778,23.711111111111112,51.044444444444444,22.637777777777778,1006.8888888888889,93.44444444444444,22.433333333333334,0.0,6.357777777777778,17.1046,106.8916,11.632222222222222,13.143333333333334,6,25,53,211,1970-01-21 14:53:07.100000000,1970-01-21 14:53:54.420000000,Hè,,,
Quảng Trị,Bắc Trung Bộ,2026-06-17,30.833333333333332,35.72222222222222,27.322222222222223,34.388888888888886,39.91111111111111,30.122222222222224,1.1,1.1,0.0,3.111111111111111,62.888888888888886,20.044444444444444,48.46666666666667,22.709999999999997,1007.4111111111112,89.55555555555556,22.6,0.0,6.267777777777777,17.1046,106.8916,11.995555555555557,13.143333333333334,6,25,53,212,1970-01-21 14:54:33.506666666,1970-01-21 14:55:20.826666666,Hè,,,
Quảng Trị,Bắc Trung Bộ,2026-06-18,31.133333333333333,36.144444444444446,28.233333333333334,34.44444444444444,39.71111111111111,31.366666666666667,1.1777777777777778,1.1777777777777778,0.0,5.222222222222222,60.888888888888886,20.48888888888889,46.922222222222224,22.494444444444444,1007.0777777777779,95.88888888888889,22.37777777777778,0.0,6.467777777777778,17.1046,106.8916,11.934444444444445,13.145555555555555,6,25,51,216,1970-01-21 14:55:59.933333333,1970-01-21 14:56:47.240000000,Hè,,,
Quảng Trị,Bắc Trung Bộ,2026-06-19,31.06666666666667,35.81111111111111,27.477777777777778,34.53333333333333,39.44444444444444,30.93333333333333,0.7,0.7,0.0,2.111111111111111,61.55555555555556,19.266666666666666,43.37777777777777,22.862222222222222,1007.0555555555555,93.22222222222223,22.433333333333334,0.0,6.403333333333332,17.1046,106.8916,12.042222222222223,13.147777777777778,6,25,51,215,1970-01-21 14:57:26.333333333,1970-01-21 14:58:13.666666666,Hè,,,
Quảng Trị,Bắc Trung Bộ,2026-06-20,31.45555555555556,37.21111111111111,27.366666666666667,34.86666666666667,40.72222222222222,30.577777777777776,0.5,0.5,0.0,1.6666666666666667,59.888888888888886,19.700000000000003,43.75555555555556,23.84111111111111,1007.688888888889,80.66666666666667,22.11111111111111,0.0,6.737777777777778,17.1046,106.8916,11.542222222222222,13.147777777777778,6,25,3,208,1970-01-21 14:58:52.753333333,1970-01-21 14:59:40.080000000,Hè,,,
Quảng Trị,Bắc Trung Bộ,2026-06-21,31.599999999999998,37.48888888888889,26.799999999999997,35.766666666666666,41.03333333333333,31.377777777777776,0.21111111111111114,0.21111111111111114,0.0,1.2222222222222223,61.666666666666664,17.8,41.077777777777776,25.508888888888887,1008.0333333333333,94.88888888888889,22.555555555555557,0.0,6.703333333333333,17.1046,106.8916,12.008888888888889,13.148888888888889,6,25,3,223,1970-01-21 15:00:19.160000000,1970-01-21 15:01:06.486666666,Hè,,,
Quảng Trị,Bắc Trung Bộ,2026-06-22,32.077777777777776,37.75555555555556,27.422222222222224,35.71111111111111,42.044444444444444,30.95555555555556,0.8777777777777778,0.8777777777777778,0.0,3.111111111111111,56.888888888888886,18.12222222222222,42.0,25.986666666666665,1006.4222222222221,54.888888888888886,21.9,0.0,7.127777777777778,17.1046,106.8916,12.112222222222222,13.147777777777778,6,26,51,233,1970-01-21 15:01:45.573333333,1970-01-21 15:02:32.900000000,Hè,,,
Quảng Trị,Bắc Trung Bộ,2026-06-23,32.51111111111111,37.75555555555556,27.88888888888889,35.05555555555556,39.77777777777778,31.733333333333334,0.23333333333333334,0.23333333333333334,0.0,0.7777777777777778,52.77777777777778,26.366666666666667,59.48888888888889,26.224444444444444,1003.8222222222222,21.77777777777778,21.1,0.0,7.9255555555555555,17.1046,106.8916,12.396666666666667,13.147777777777778,6,26,2,231,1970-01-21 15:03:11.993333333,1970-01-21 15:03:59.320000000,Hè,,,
Quảng Trị,Bắc Trung Bộ,2026-06-24,32.96666666666667,38.25555555555556,28.900000000000002,35.599999999999994,41.34444444444445,32.077777777777776,0.911111111111111,0.911111111111111,0.0,2.2222222222222223,50.888888888888886,26.033333333333335,56.2,25.577777777777776,1003.4000000000001,36.666666666666664,21.077777777777776,0.0,7.814444444444444,17.1046,106.8916,12.396666666666667,13.145555555555555,6,26,53,219,1970-01-21 15:04:38.400000000,1970-01-21 15:05:25.733333333,Hè,,,
Quảng Trị,Bắc Trung Bộ,2026-06-25,33.355555555555554,38.400000000000006,29.93333333333333,35.94444444444444,41.43333333333333,31.88888888888889,1.4333333333333333,1.4333333333333333,0.0,3.6666666666666665,50.44444444444444,25.055555555555557,54.44444444444444,24.322222222222223,1003.7444444444445,83.11111111111111,21.333333333333332,0.0,7.825555555555557,17.1046,106.8916,12.166666666666666,13.143333333333334,6,26,53,226,1970-01-21 15:06:04.820000000,1970-01-21 15:06:52.146666666,Hè,,,
Quảng Trị,Bắc Trung Bộ,2026-06-26,31.88888888888889,37.91111111111111,27.788888888888888,34.922222222222224,41.333333333333336,29.733333333333334,2.3333333333333335,2.3333333333333335,0.0,4.333333333333333,58.55555555555556,26.533333333333335,56.24444444444444,25.015555555555554,1004.7444444444445,88.88888888888889,22.244444444444444,0.0,7.454444444444444,17.1046,106.8916,12.088888888888889,13.143333333333334,6,26,61,237,1970-01-21 15:07:31.233333333,1970-01-21 15:08:18.546666666,Hè,,,
Quảng Trị,Bắc Trung Bộ,2026-06-27,31.333333333333332,37.3,27.0,35.24444444444444,41.02222222222222,31.400000000000002,2.0555555555555554,2.0555555555555554,0.0,4.444444444444445,61.333333333333336,20.77777777777778,46.52222222222222,23.906666666666666,1004.811111111111,94.0,22.444444444444443,0.0,6.397777777777778,17.1046,106.8916,12.075555555555557,13.14,6,26,53,222,1970-01-21 15:08:57.653333333,1970-01-21 15:09:44.953333333,Hè,,,
Quảng Trị,Bắc Trung Bộ,2026-06-28,31.188888888888886,35.86666666666667,27.555555555555557,35.32222222222222,40.32222222222222,31.422222222222224,2.2333333333333334,2.2333333333333334,0.0,5.444444444444445,63.44444444444444,19.055555555555557,43.611111111111114,24.333333333333332,1004.4444444444445,90.11111111111111,23.055555555555557,0.0,6.385555555555555,17.1046,106.8916,11.899999999999999,13.13888888888889,6,26,51,200,1970-01-21 15:10:24.073333333,1970-01-21 15:11:11.366666666,Hè,,,
Quảng Trị,Bắc Trung Bộ,2026-06-29,29.977777777777778,36.31111111111111,27.244444444444444,34.82222222222222,41.43333333333333,30.966666666666665,5.4,5.4,0.0,6.0,71.77777777777777,18.1,41.644444444444446,22.822222222222223,1004.4666666666667,92.11111111111111,23.9,0.0,5.58,17.1046,106.8916,11.881111111111112,13.137777777777778,6,27,63,184,1970-01-21 15:11:50.486666666,1970-01-21 15:12:37.773333333,Hè,,,
Quảng Trị,Bắc Trung Bộ,2026-06-30,29.644444444444446,35.144444444444446,25.866666666666667,34.31111111111111,40.577777777777776,29.58888888888889,3.3444444444444446,3.3444444444444446,0.0,7.0,71.88888888888889,17.466666666666665,37.98888888888889,21.056666666666665,1005.0555555555555,97.44444444444444,23.6,0.0,5.108888888888889,17.1046,106.8916,11.522222222222222,13.133333333333333,6,27,53,180,1970-01-21 15:13:16.913333333,1970-01-21 15:14:04.186666666,Hè,,,
Quảng Trị,Bắc Trung Bộ,2026-07-01,28.78888888888889,35.422222222222224,26.255555555555556,34.08888888888889,41.02222222222222,30.688888888888886,13.755555555555555,13.755555555555555,0.0,7.555555555555555,78.11111111111111,15.544444444444444,38.74444444444444,21.36888888888889,1005.3777777777777,73.33333333333333,24.144444444444446,0.0,4.77,17.1046,106.8916,11.874444444444444,13.13,7,27,63,161,1970-01-21 15:14:43.313333333,1970-01-21 15:15:30.593333333,Hè,,,
Quảng Trị,Bắc Trung Bộ,2026-07-02,28.688888888888886,33.32222222222222,25.58888888888889,34.333333333333336,39.41111111111111,30.766666666666666,6.066666666666666,6.066666666666666,0.0,9.666666666666666,78.88888888888889,12.377777777777776,31.45555555555556,21.263333333333335,1005.7333333333333,89.22222222222223,24.322222222222223,0.0,4.685555555555556,17.1046,106.8916,10.871111111111112,13.128888888888888,7,27,61,251,1970-01-21 15:16:09.733333333,1970-01-21 15:16:56.993333333,Hè,,,
Quảng Trị,Bắc Trung Bộ,2026-07-03,26.255555555555556,30.188888888888886,24.4,31.488888888888887,35.05555555555556,28.444444444444443,41.63333333333333,41.63333333333333,0.0,21.666666666666668,92.66666666666667,17.444444444444443,38.8,12.098888888888888,1004.7111111111111,100.0,24.88888888888889,0.0,2.428888888888889,17.1046,106.8916,3.8400000000000003,13.123333333333333,7,27,63,236,1970-01-21 15:17:36.146666666,1970-01-21 15:18:23.400000000,Hè,,,
Quảng Trị,Bắc Trung Bộ,2026-07-04,25.799999999999997,27.799999999999997,24.555555555555557,29.833333333333332,32.144444444444446,27.688888888888886,32.46666666666667,32.46666666666667,0.0,17.666666666666668,89.33333333333333,20.51111111111111,42.51111111111111,4.814444444444444,1004.3333333333334,100.0,23.833333333333332,0.0,1.4377777777777778,17.1046,106.8916,0.003333333333333333,13.12,7,27,63,160,1970-01-21 15:19:02.573333333,1970-01-21 15:19:49.800000000,Hè,,,
Quảng Trị,Bắc Trung Bộ,2026-07-05,27.41111111111111,29.733333333333334,25.744444444444444,30.233333333333334,32.87777777777778,28.255555555555556,0.8,0.8,0.0,4.333333333333333,75.77777777777777,24.333333333333332,50.31111111111111,10.546666666666667,1005.688888888889,100.0,22.700000000000003,0.0,3.347777777777778,17.1046,106.8916,0.7777777777777778,13.115555555555554,7,27,51,236,1970-01-21 15:20:28.986666666,1970-01-21 15:21:16.206666666,Hè,,,
Quảng Trị,Bắc Trung Bộ,2026-07-06,25.688888888888886,27.977777777777778,23.977777777777778,29.355555555555554,32.599999999999994,26.755555555555556,22.211111111111112,22.211111111111112,0.0,20.0,88.88888888888889,21.61111111111111,44.87777777777778,8.38,1006.0555555555555,99.77777777777777,23.666666666666668,0.0,2.01,17.1046,106.8916,0.7066666666666667,13.11,7,28,63,201,1970-01-21 15:21:55.406666666,1970-01-21 15:22:42.606666666,Hè,,,
Quảng Trị,Bắc Trung Bộ,2026-07-07,25.022222222222222,27.188888888888886,23.522222222222222,27.522222222222222,29.599999999999998,25.666666666666668,41.81111111111111,41.81111111111111,0.0,16.333333333333332,87.0,27.655555555555555,56.2,6.300000000000001,1004.7888888888889,96.88888888888889,22.577777777777776,0.0,1.9333333333333331,17.1046,106.8916,0.3788888888888889,13.105555555555554,7,28,63,195,1970-01-21 15:23:21.833333333,1970-01-21 15:24:09.006666666,Hè,,,
Quảng Trị,Bắc Trung Bộ,2026-07-08,27.922222222222224,32.12222222222223,24.48888888888889,30.799999999999997,35.63333333333333,26.51111111111111,12.077777777777778,12.077777777777778,0.0,11.222222222222221,74.88888888888889,27.955555555555556,57.84444444444445,22.283333333333335,1004.0777777777779,62.55555555555556,22.855555555555554,0.0,5.401111111111111,17.1046,106.8916,10.886666666666667,13.1,7,28,63,219,1970-01-21 15:24:48.240000000,1970-01-21 15:25:35.406666666,Hè,,,
Quảng Trị,Bắc Trung Bộ,2026-07-09,27.344444444444445,30.133333333333333,25.033333333333335,30.15555555555555,33.099999999999994,27.566666666666666,3.3,3.3,0.0,8.444444444444445,75.88888888888889,25.644444444444446,53.599999999999994,17.962222222222223,1004.2444444444445,80.44444444444444,22.633333333333333,0.0,4.392222222222222,17.1046,106.8916,10.168888888888889,13.093333333333334,7,28,53,211,1970-01-21 15:26:14.666666666,1970-01-21 15:27:01.806666666,Hè,,,
Quảng Trị,Bắc Trung Bộ,2026-07-10,27.311111111111114,31.366666666666667,24.62222222222222,30.65555555555555,34.400000000000006,28.466666666666665,13.033333333333333,13.033333333333333,0.0,16.88888888888889,80.22222222222223,24.933333333333334,53.8,18.423333333333332,1003.2666666666667,81.66666666666667,23.41111111111111,0.0,4.260000000000001,17.1046,106.8916,9.658888888888889,13.087777777777777,7,28,63,210,1970-01-21 15:27:41.093333333,1970-01-21 15:28:28.206666666,Hè,,,
Quảng Trị,Bắc Trung Bộ,2026-07-11,28.055555555555557,30.988888888888887,26.288888888888888,30.41111111111111,33.8,27.62222222222222,0.6888888888888889,0.6888888888888889,0.0,3.2222222222222223,71.66666666666667,28.233333333333334,58.63333333333334,20.927777777777777,1000.8000000000001,76.22222222222223,22.355555555555554,0.0,5.3966666666666665,17.1046,106.8916,11.517777777777777,13.08,7,28,51,223,1970-01-21 15:29:07.500000000,1970-01-21 15:29:54.600000000,Hè,,,
Quảng Trị,Bắc Trung Bộ,2026-07-12,26.5,28.12222222222222,25.288888888888888,30.32222222222222,32.611111111111114,28.133333333333333,23.711111111111112,23.711111111111112,0.0,12.333333333333334,84.77777777777777,20.633333333333333,42.08888888888889,9.92,1000.9000000000001,85.55555555555556,23.644444444444446,0.0,2.411111111111111,17.1046,106.8916,4.421111111111111,13.073333333333332,7,28,63,237,1970-01-21 15:30:33.926666666,1970-01-21 15:31:20.993333333,Hè,,,
Quảng Trị,Bắc Trung Bộ,2026-07-13,27.955555555555556,32.71111111111111,24.5,32.37777777777777,37.44444444444444,28.922222222222224,24.37777777777778,24.37777777777778,0.0,10.88888888888889,79.11111111111111,20.077777777777776,43.888888888888886,20.963333333333335,1002.4666666666667,83.22222222222223,23.711111111111112,0.0,4.765555555555555,17.1046,106.8916,10.506666666666668,13.067777777777778,7,29,65,236,1970-01-21 15:32:00.353333333,1970-01-21 15:32:47.393333333,Hè,,,
Quảng Trị,Bắc Trung Bộ,2026-07-14,28.211111111111112,31.666666666666668,26.200000000000003,31.77777777777778,35.5,29.08888888888889,1.6666666666666667,1.6666666666666667,0.0,5.0,74.66666666666667,21.255555555555556,47.01111111111111,18.53,1003.8777777777777,95.33333333333333,23.177777777777777,0.0,4.611111111111111,17.1046,106.8916,9.706666666666667,13.06,7,29,51,228,1970-01-21 15:33:26.766666666,1970-01-21 15:34:13.786666666,Hè,,,
Quảng Trị,Bắc Trung Bộ,2026-07-15,28.444444444444443,31.41111111111111,26.455555555555556,31.599999999999998,35.15555555555555,28.599999999999998,0.5333333333333333,0.5333333333333333,0.0,3.0,73.33333333333333,23.51111111111111,49.91111111111111,16.204444444444444,1005.2444444444445,97.33333333333333,23.12222222222222,0.0,4.467777777777778,17.1046,106.8916,8.005555555555555,13.051111111111112,7,29,51,203,1970-01-21 15:34:53.186666666,1970-01-21 15:35:40.173333333,Hè,,,
Quảng Trị,Bắc Trung Bộ,2026-07-16,28.633333333333333,31.555555555555557,26.322222222222223,31.82222222222222,35.18888888888889,28.95555555555556,1.8444444444444446,1.8444444444444446,0.0,4.111111111111111,72.22222222222223,24.38888888888889,52.63333333333333,16.92,1005.8000000000001,95.55555555555556,23.044444444444444,0.0,4.62,17.1046,106.8916,7.346666666666668,13.045555555555556,7,29,51,225,1970-01-21 15:36:19.613333333,1970-01-21 15:37:06.560000000,Hè,,,
Quảng Trị,Bắc Trung Bộ,2026-07-17,29.011111111111113,32.611111111111114,26.58888888888889,32.144444444444446,36.24444444444444,28.766666666666666,0.08888888888888889,0.08888888888888889,0.0,0.8888888888888888,69.33333333333333,24.4,52.111111111111114,22.067777777777778,1005.3444444444444,91.88888888888889,22.688888888888886,0.0,5.694444444444445,17.1046,106.8916,11.426666666666668,13.037777777777778,7,29,3,209,1970-01-21 15:37:46.026666666,1970-01-21 15:38:32.953333333,Hè,,,
Quảng Trị,Bắc Trung Bộ,2026-07-18,29.65555555555555,33.62222222222223,26.566666666666666,33.077777777777776,37.41111111111111,29.700000000000003,0.1111111111111111,0.1111111111111111,0.0,1.0,67.44444444444444,22.744444444444444,50.23333333333333,24.18777777777778,1004.6777777777778,64.88888888888889,22.72222222222222,0.0,6.164444444444444,17.1046,106.8916,11.801111111111112,13.03,7,29,3,226,1970-01-21 15:39:12.446666666,1970-01-21 15:39:59.346666666,Hè,,,
Quảng Trị,Bắc Trung Bộ,2026-07-19,29.877777777777776,34.06666666666667,26.58888888888889,33.36666666666667,37.55555555555556,30.400000000000002,0.022222222222222223,0.022222222222222223,0.0,0.2222222222222222,64.88888888888889,21.4,48.44444444444444,25.991111111111113,1005.2111111111111,76.22222222222223,22.266666666666666,0.0,6.56,17.1046,106.8916,12.075555555555557,13.02,7,29,3,215,1970-01-21 15:40:38.873333333,1970-01-21 15:41:25.746666666,Hè,,,
Quảng Trị,Bắc Trung Bộ,2026-07-20,29.755555555555556,33.87777777777777,26.633333333333333,32.98888888888889,36.922222222222224,29.977777777777778,0.0,0.0,0.0,0.0,63.666666666666664,22.58888888888889,47.833333333333336,24.252222222222223,1005.6111111111111,95.77777777777777,21.833333333333332,0.0,6.272222222222222,17.1046,106.8916,11.885555555555555,13.01,7,30,3,222,1970-01-21 15:42:05.286666666,1970-01-21 15:42:52.133333333,Hè,,,
