province,region,date,temperature_2m_mean,temperature_2m_max,temperature_2m_min,apparent_temperature_mean,apparent_temperature_max,apparent_temperature_min,precipitation_sum,rain_sum,showers_sum,precipitation_hours,relative_humidity_2m_mean,wind_speed_10m_max,wind_gusts_10m_max,shortwave_radiation_sum,pressure_msl_mean,cloud_cover_mean,dew_point_2m_mean,snowfall_sum,et0_fao_evapotranspiration,latitude,longitude,sunshine_hours,daylight_hours,month,week,weather_code,wind_direction_10m_dominant,sunrise,sunset,season,uv_index_max,uv_index_clear_sky_max,precipitation_probability_max
Quảng Ngãi,Duyên hải Nam Trung Bộ,2025-07-21,24.46,27.360000000000003,22.66,25.880000000000003,29.419999999999998,23.32,7.12,7.12,0.0,12.0,79.2,26.619999999999997,72.8,18.03,1001.4799999999999,100.0,20.22,0.0,3.724,14.7379,108.40180000000001,7.944,12.874,7,30,3,225,1970-01-21 06:57:55.572,1970-01-21 06:58:41.892,Hè,,,
Quảng Ngãi,Duyên hải Nam Trung Bộ,2025-07-22,23.82,25.76,22.64,25.44,28.04,23.32,12.2,12.2,0.0,15.4,83.6,24.4,68.26,9.778,1001.8399999999999,100.0,20.54,0.0,2.132,14.7379,108.40180000000001,1.952,12.863999999999999,7,30,51,148,1970-01-21 06:59:21.972,1970-01-21 07:00:08.292,Hè,,,
Quảng Ngãi,Duyên hải Nam Trung Bộ,2025-07-23,24.32,27.779999999999994,22.380000000000003,27.3,31.5,24.380000000000003,9.540000000000001,9.540000000000001,0.0,12.6,84.0,16.880000000000003,51.92,17.696,1004.1200000000001,100.0,21.06,0.0,3.558,14.7379,108.40180000000001,8.902000000000001,12.857999999999999,7,30,51,221,1970-01-21 07:00:48.408,1970-01-21 07:01:34.692,Hè,,,
Quảng Ngãi,Duyên hải Nam Trung Bộ,2025-07-24,23.74,27.2,21.86,26.619999999999997,29.880000000000003,24.18,9.84,9.84,0.0,12.4,85.6,15.040000000000001,45.0,12.466,1005.5,100.0,20.96,0.0,2.5420000000000003,14.7379,108.40180000000001,3.112,12.85,7,30,53,260,1970-01-21 07:02:14.832,1970-01-21 07:03:01.080,Hè,,,
Quảng Ngãi,Duyên hải Nam Trung Bộ,2025-07-25,23.6,27.26,21.18,26.28,29.660000000000004,23.64,4.0200000000000005,4.0200000000000005,0.0,8.2,84.4,15.039999999999997,43.0,13.797999999999998,1005.64,99.4,20.46,0.0,2.7939999999999996,14.7379,108.40180000000001,4.938,12.84,7,30,53,262,1970-01-21 07:03:41.232,1970-01-21 07:04:27.468,Hè,,,
Quảng Ngãi,Duyên hải Nam Trung Bộ,2025-07-26,23.2,26.419999999999998,21.52,26.419999999999998,29.580000000000002,23.919999999999998,11.26,11.26,0.0,12.8,90.4,16.7,48.38,11.626000000000001,1005.8799999999999,93.6,21.380000000000003,0.0,2.21,14.7379,108.40180000000001,4.6240000000000006,12.830000000000002,7,30,65,2,1970-01-21 07:05:07.656,1970-01-21 07:05:53.832,Hè,,,
Quảng Ngãi,Duyên hải Nam Trung Bộ,2025-07-27,23.54,26.0,21.86,26.419999999999998,29.2,24.580000000000002,7.459999999999999,7.459999999999999,0.0,14.4,87.4,15.84,44.8,12.242,1005.6,99.8,21.08,0.0,2.522,14.7379,108.40180000000001,4.384,12.819999999999999,7,30,51,214,1970-01-21 07:06:34.068,1970-01-21 07:07:20.220,Hè,,,
Quảng Ngãi,Duyên hải Nam Trung Bộ,2025-07-28,24.080000000000002,27.419999999999998,22.2,26.52,29.880000000000003,24.32,5.380000000000001,5.380000000000001,0.0,10.0,83.2,19.68,52.120000000000005,13.846,1004.8399999999999,99.0,20.759999999999998,0.0,2.782,14.7379,108.40180000000001,5.928,12.814000000000002,7,31,3,193,1970-01-21 07:08:00.492,1970-01-21 07:08:46.620,Hè,,,
Quảng Ngãi,Duyên hải Nam Trung Bộ,2025-07-29,24.82,28.2,22.56,27.5,30.98,24.880000000000003,13.0,13.0,0.0,11.6,82.8,19.66,54.74000000000001,15.888,1004.3799999999999,97.8,21.28,0.0,3.2920000000000003,14.7379,108.40180000000001,6.9959999999999996,12.803999999999998,7,31,51,225,1970-01-21 07:09:26.892,1970-01-21 07:10:12.972,Hè,,,
Quảng Ngãi,Duyên hải Nam Trung Bộ,2025-07-30,24.24,27.04,22.48,26.639999999999997,29.380000000000003,24.18,12.52,12.52,0.0,15.4,84.8,25.1,66.53999999999999,15.059999999999999,1004.9,99.8,21.240000000000002,0.0,3.11,14.7379,108.40180000000001,6.26,12.794,7,31,55,256,1970-01-21 07:10:53.316,1970-01-21 07:11:39.372,Hè,,,
Quảng Ngãi,Duyên hải Nam Trung Bộ,2025-07-31,24.86,28.26,22.759999999999998,27.4,31.080000000000002,24.3,5.08,5.08,0.0,10.2,81.8,21.04,55.42,13.384,1005.1,98.4,21.240000000000002,0.0,2.79,14.7379,108.40180000000001,5.516,12.784,7,31,51,198,1970-01-21 07:12:19.728,1970-01-21 07:13:05.760,Hè,,,
Quảng Ngãi,Duyên hải Nam Trung Bộ,2025-08-01,25.52,30.24,22.66,28.419999999999998,33.76,25.16,2.06,2.06,0.0,6.4,79.8,17.02,47.46,18.04,1005.3399999999999,96.2,21.32,0.0,3.814,14.7379,108.40180000000001,9.51,12.774,8,31,3,242,1970-01-21 07:13:46.140,1970-01-21 07:14:32.112,Hè,,,
Quảng Ngãi,Duyên hải Nam Trung Bộ,2025-08-02,25.860000000000003,30.619999999999997,22.36,29.04,34.2,25.22,1.3199999999999998,1.3199999999999998,0.0,5.8,78.2,17.580000000000002,46.12,24.107999999999997,1007.2,85.4,21.22,0.0,4.978,14.7379,108.40180000000001,11.558,12.764,8,31,3,235,1970-01-21 07:15:12.552,1970-01-21 07:15:58.500,Hè,,,
Quảng Ngãi,Duyên hải Nam Trung Bộ,2025-08-03,25.860000000000003,30.560000000000002,22.580000000000002,29.0,34.32,25.3,1.3,1.3,0.0,5.8,78.0,16.580000000000002,45.78,22.224,1008.5,100.0,21.2,0.0,4.622,14.7379,108.40180000000001,10.564,12.754,8,31,3,243,1970-01-21 07:16:38.952,1970-01-21 07:17:24.888,Hè,,,
Quảng Ngãi,Duyên hải Nam Trung Bộ,2025-08-04,26.54,31.7,22.839999999999996,29.639999999999997,35.839999999999996,25.54,0.5800000000000001,0.5800000000000001,0.0,3.6,74.0,16.080000000000002,43.92,23.924,1008.32,100.0,20.9,0.0,5.184,14.7379,108.40180000000001,11.61,12.74,8,32,51,238,1970-01-21 07:18:05.388,1970-01-21 07:18:51.252,Hè,,,
Quảng Ngãi,Duyên hải Nam Trung Bộ,2025-08-05,26.619999999999997,32.04,22.8,29.880000000000003,35.980000000000004,25.54,0.28,0.28,0.0,2.0,73.4,14.1,39.32,24.982,1008.32,99.6,20.740000000000002,0.0,5.351999999999999,14.7379,108.40180000000001,12.022,12.73,8,32,51,230,1970-01-21 07:19:31.800,1970-01-21 07:20:17.640,Hè,,,
Quảng Ngãi,Duyên hải Nam Trung Bộ,2025-08-06,25.939999999999998,31.5,21.96,29.419999999999998,35.96,24.78,0.6599999999999999,0.6599999999999999,0.0,5.6,75.8,12.559999999999999,34.78,23.278,1009.0799999999999,99.8,20.68,0.0,4.848000000000001,14.7379,108.40180000000001,11.756,12.72,8,32,51,227,1970-01-21 07:20:58.212,1970-01-21 07:21:43.992,Hè,,,
Quảng Ngãi,Duyên hải Nam Trung Bộ,2025-08-07,24.9,31.7,21.28,28.78,36.519999999999996,24.48,5.32,5.32,0.0,5.0,80.8,12.639999999999999,33.78,22.778,1010.7,77.8,20.8,0.0,4.651999999999999,14.7379,108.40180000000001,11.514,12.71,8,32,63,194,1970-01-21 07:22:24.612,1970-01-21 07:23:10.380,Hè,,,
Quảng Ngãi,Duyên hải Nam Trung Bộ,2025-08-08,24.32,30.560000000000002,20.22,28.160000000000004,35.64,23.04,3.7,3.7,0.0,4.6,80.8,8.1,25.5,23.212,1011.3,77.8,20.36,0.0,4.7,14.7379,108.40180000000001,11.83,12.7,8,32,51,220,1970-01-21 07:23:51.036,1970-01-21 07:24:36.732,Hè,,,
Quảng Ngãi,Duyên hải Nam Trung Bộ,2025-08-09,23.8,29.160000000000004,20.98,27.860000000000003,34.68,24.02,6.9,6.9,0.0,6.2,86.2,10.12,28.939999999999998,18.996000000000002,1010.64,86.2,21.1,0.0,3.774,14.7379,108.40180000000001,10.452,12.69,8,32,63,223,1970-01-21 07:25:17.448,1970-01-21 07:26:03.120,Hè,,,
Quảng Ngãi,Duyên hải Nam Trung Bộ,2025-08-10,24.14,30.02,21.080000000000002,28.1,35.32,23.96,8.84,8.84,0.0,8.4,84.0,10.08,31.080000000000002,21.1,1009.1600000000001,87.4,20.9,0.0,4.242,14.7379,108.40180000000001,11.214,12.68,8,32,63,225,1970-01-21 07:26:43.860,1970-01-21 07:27:29.472,Hè,,,
Quảng Ngãi,Duyên hải Nam Trung Bộ,2025-08-11,24.18,30.080000000000002,20.660000000000004,28.439999999999998,35.62,23.740000000000002,3.3200000000000003,3.3200000000000003,0.0,7.2,85.8,9.82,28.160000000000004,23.336000000000002,1008.1200000000001,70.8,21.28,0.0,4.604,14.7379,108.40180000000001,11.542,12.666,8,33,51,226,1970-01-21 07:28:10.272,1970-01-21 07:28:55.860,Hè,,,
Quảng Ngãi,Duyên hải Nam Trung Bộ,2025-08-12,24.139999999999997,29.68,20.66,28.5,35.339999999999996,23.84,4.0600000000000005,4.0600000000000005,0.0,7.4,86.2,10.1,28.580000000000002,22.169999999999998,1008.6,71.8,21.46,0.0,4.378,14.7379,108.40180000000001,11.642,12.654,8,33,63,229,1970-01-21 07:29:36.672,1970-01-21 07:30:22.212,Hè,,,
Quảng Ngãi,Duyên hải Nam Trung Bộ,2025-08-13,23.6,29.52,20.52,27.76,35.0,23.6,6.74,6.74,0.0,5.6,87.4,9.940000000000001,28.860000000000003,20.606,1009.5600000000001,88.4,21.119999999999997,0.0,4.084,14.7379,108.40180000000001,10.358,12.64,8,33,63,231,1970-01-21 07:31:03.072,1970-01-21 07:31:48.600,Hè,,,
Quảng Ngãi,Duyên hải Nam Trung Bộ,2025-08-14,23.46,29.660000000000004,19.7,27.5,34.86,22.32,6.44,6.44,0.0,5.0,87.0,9.22,27.52,21.732,1008.2,99.8,20.9,0.0,4.274,14.7379,108.40180000000001,11.190000000000001,12.63,8,33,63,219,1970-01-21 07:32:29.496,1970-01-21 07:33:14.952,Hè,,,
Quảng Ngãi,Duyên hải Nam Trung Bộ,2025-08-15,23.240000000000002,29.04,19.4,27.080000000000002,34.06,22.3,5.0200000000000005,5.0200000000000005,0.0,6.0,85.8,9.8,28.080000000000002,21.544,1007.04,100.0,20.4,0.0,4.246,14.7379,108.40180000000001,11.632,12.62,8,33,55,6,1970-01-21 07:33:55.920,1970-01-21 07:34:41.340,Hè,,,
Quảng Ngãi,Duyên hải Nam Trung Bộ,2025-08-16,22.8,28.52,19.64,26.82,33.56,22.8,11.76,11.76,0.0,11.0,88.2,8.9,27.919999999999998,19.024,1006.9799999999999,98.4,20.52,0.0,3.778,14.7379,108.40180000000001,8.192,12.61,8,33,63,40,1970-01-21 07:35:22.320,1970-01-21 07:36:07.692,Hè,,,
Quảng Ngãi,Duyên hải Nam Trung Bộ,2025-08-17,22.52,27.0,20.880000000000003,26.26,31.72,24.259999999999998,16.34,16.34,0.0,19.4,92.8,11.959999999999999,32.239999999999995,15.448000000000002,1007.4,100.0,21.16,0.0,2.9259999999999997,14.7379,108.40180000000001,5.016,12.594,8,33,61,116,1970-01-21 07:36:48.732,1970-01-21 07:37:34.080,Hè,,,
Quảng Ngãi,Duyên hải Nam Trung Bộ,2025-08-18,23.0,27.419999999999998,21.0,26.619999999999997,31.72,23.68,9.059999999999999,9.059999999999999,0.0,11.8,91.2,13.5,39.4,16.394,1009.24,99.6,21.36,0.0,3.12,14.7379,108.40180000000001,7.936,12.584,8,34,63,14,1970-01-21 07:38:15.132,1970-01-21 07:39:00.432,Hè,,,
Quảng Ngãi,Duyên hải Nam Trung Bộ,2025-08-19,23.9,28.860000000000003,20.919999999999998,27.78,34.260000000000005,23.6,1.3800000000000001,1.3800000000000001,0.0,7.6,85.2,11.88,32.839999999999996,21.747999999999998,1010.8399999999999,67.4,21.080000000000002,0.0,4.202,14.7379,108.40180000000001,11.576,12.57,8,34,51,195,1970-01-21 07:39:41.532,1970-01-21 07:40:26.820,Hè,,,
Quảng Ngãi,Duyên hải Nam Trung Bộ,2025-08-20,24.080000000000002,29.939999999999998,20.080000000000002,28.2,35.56,23.04,3.9199999999999995,3.9199999999999995,0.0,5.8,83.8,9.22,25.419999999999998,23.418,1011.1,99.8,20.84,0.0,4.728,14.7379,108.40180000000001,11.756,12.56,8,34,63,160,1970-01-21 07:41:07.956,1970-01-21 07:41:53.160,Hè,,,
Quảng Ngãi,Duyên hải Nam Trung Bộ,2025-08-21,22.839999999999996,28.02,19.02,26.2,31.98,21.240000000000002,4.86,4.86,0.0,5.2,85.4,10.440000000000001,32.760000000000005,20.43,1011.9399999999999,96.0,20.02,0.0,3.976,14.7379,108.40180000000001,11.436,12.548,8,34,63,86,1970-01-21 07:42:34.356,1970-01-21 07:43:19.512,Hè,,,
Quảng Ngãi,Duyên hải Nam Trung Bộ,2025-08-22,23.259999999999998,28.48,19.82,27.04,33.46,22.619999999999997,3.28,3.28,0.0,8.6,85.4,10.040000000000001,27.080000000000002,21.71,1010.78,89.4,20.419999999999998,0.0,4.264,14.7379,108.40180000000001,11.364,12.533999999999999,8,34,53,95,1970-01-21 07:44:00.780,1970-01-21 07:44:45.900,Hè,,,
Quảng Ngãi,Duyên hải Nam Trung Bộ,2025-08-23,23.080000000000002,27.919999999999998,20.759999999999998,26.9,33.18,23.52,10.98,10.98,0.0,12.6,89.0,11.18,31.119999999999997,18.310000000000002,1009.74,94.8,21.04,0.0,3.54,14.7379,108.40180000000001,8.018,12.52,8,34,65,204,1970-01-21 07:45:27.180,1970-01-21 07:46:12.240,Hè,,,
Quảng Ngãi,Duyên hải Nam Trung Bộ,2025-08-24,23.06,26.18,20.8,26.3,29.119999999999997,23.34,2.7800000000000002,2.7800000000000002,0.0,10.0,89.2,12.419999999999998,36.44,10.212,1006.04,100.0,21.0,0.0,2.106,14.7379,108.40180000000001,0.132,12.51,8,34,51,216,1970-01-21 07:46:53.580,1970-01-21 07:47:38.592,Hè,,,
Quảng Ngãi,Duyên hải Nam Trung Bộ,2025-08-25,23.4,27.139999999999997,21.5,25.98,29.82,23.36,6.5,6.5,0.0,12.0,85.4,18.5,50.6,13.562000000000001,1005.5799999999999,100.0,20.54,0.0,2.7,14.7379,108.40180000000001,5.928,12.498000000000001,8,35,61,192,1970-01-21 07:48:19.980,1970-01-21 07:49:04.980,Hè,,,
Quảng Ngãi,Duyên hải Nam Trung Bộ,2025-08-26,23.919999999999998,28.660000000000004,21.14,27.28,32.9,24.220000000000002,10.0,10.0,0.0,12.4,84.8,14.24,40.82,19.026,1008.9399999999999,99.2,20.880000000000003,0.0,3.722,14.7379,108.40180000000001,9.95,12.482000000000001,8,35,63,5,1970-01-21 07:49:46.392,1970-01-21 07:50:31.320,Hè,,,
Quảng Ngãi,Duyên hải Nam Trung Bộ,2025-08-27,22.6,27.46,20.86,26.46,32.54,24.119999999999997,22.419999999999998,22.419999999999998,0.0,17.2,92.6,11.1,32.04,16.39,1010.1,98.8,21.22,0.0,3.1100000000000003,14.7379,108.40180000000001,5.5760000000000005,12.47,8,35,63,224,1970-01-21 07:51:12.792,1970-01-21 07:51:57.672,Hè,,,
Quảng Ngãi,Duyên hải Nam Trung Bộ,2025-08-28,22.839999999999996,27.82,20.259999999999998,26.78,32.660000000000004,23.4,19.560000000000002,19.560000000000002,0.0,14.8,89.4,8.580000000000002,26.639999999999997,20.196,1008.72,89.0,20.740000000000002,0.0,3.9520000000000004,14.7379,108.40180000000001,8.797999999999998,12.458000000000002,8,35,63,264,1970-01-21 07:52:39.192,1970-01-21 07:53:24.060,Hè,,,
Quảng Ngãi,Duyên hải Nam Trung Bộ,2025-08-29,22.72,26.580000000000002,19.32,26.22,29.919999999999998,21.9,2.7,2.7,0.0,8.0,88.0,9.32,24.619999999999997,13.862,1007.36,99.8,20.5,0.0,2.798,14.7379,108.40180000000001,4.128,12.443999999999999,8,35,55,238,1970-01-21 07:54:05.592,1970-01-21 07:54:50.400,Hè,,,
Quảng Ngãi,Duyên hải Nam Trung Bộ,2025-08-30,23.44,28.1,20.86,27.2,32.68,23.5,6.380000000000001,6.380000000000001,0.0,10.8,88.2,11.440000000000001,33.7,18.214,1006.24,98.0,21.16,0.0,3.572,14.7379,108.40180000000001,8.953999999999999,12.431999999999999,8,35,51,13,1970-01-21 07:55:32.016,1970-01-21 07:56:16.752,Hè,,,
Quảng Ngãi,Duyên hải Nam Trung Bộ,2025-08-31,23.52,28.46,20.04,27.72,33.54,23.1,4.380000000000001,4.380000000000001,0.0,9.2,86.4,7.06,23.18,20.042,1008.0799999999999,82.0,20.880000000000003,0.0,3.9539999999999997,14.7379,108.40180000000001,10.374,12.418000000000001,8,35,61,77,1970-01-21 07:56:58.416,1970-01-21 07:57:43.140,Hè,,,
Quảng Ngãi,Duyên hải Nam Trung Bộ,2025-09-01,23.060000000000002,27.839999999999996,21.22,27.639999999999997,33.44,25.279999999999998,25.0,25.0,0.0,16.0,92.4,8.3,24.9,17.592000000000002,1007.9799999999999,92.8,21.68,0.0,3.434,14.7379,108.40180000000001,7.994,12.404,9,36,65,19,1970-01-21 07:58:24.840,1970-01-21 07:59:09.480,Thu,,,
Quảng Ngãi,Duyên hải Nam Trung Bộ,2025-09-02,22.82,27.98,20.7,27.22,34.04,24.32,16.78,16.78,0.0,10.2,92.4,8.22,25.28,18.041999999999998,1008.8399999999999,95.0,21.419999999999998,0.0,3.4879999999999995,14.7379,108.40180000000001,7.925999999999999,12.392,9,36,65,102,1970-01-21 07:59:51.240,1970-01-21 08:00:35.820,Thu,,,
Quảng Ngãi,Duyên hải Nam Trung Bộ,2025-09-03,23.22,28.6,20.419999999999998,27.619999999999997,34.38,23.86,5.34,5.34,0.0,8.2,90.6,10.84,31.3,21.240000000000002,1009.22,74.8,21.44,0.0,4.066,14.7379,108.40180000000001,10.974,12.378,9,36,61,31,1970-01-21 08:01:17.640,1970-01-21 08:02:02.220,Thu,,,
Quảng Ngãi,Duyên hải Nam Trung Bộ,2025-09-04,23.22,28.939999999999998,20.0,27.68,35.120000000000005,23.46,12.280000000000001,12.280000000000001,0.0,9.8,90.4,7.380000000000001,24.54,20.708,1009.26,88.2,21.34,0.0,4.066,14.7379,108.40180000000001,9.884,12.367999999999999,9,36,61,53,1970-01-21 08:02:44.040,1970-01-21 08:03:28.560,Thu,,,
Quảng Ngãi,Duyên hải Nam Trung Bộ,2025-09-05,23.02,27.98,20.28,27.560000000000002,33.739999999999995,23.880000000000003,14.1,14.1,0.0,13.2,92.4,6.720000000000001,23.479999999999997,17.151999999999997,1009.4399999999999,98.2,21.64,0.0,3.342,14.7379,108.40180000000001,7.5680000000000005,12.352,9,36,63,141,1970-01-21 08:04:10.440,1970-01-21 08:04:54.900,Thu,,,
Quảng Ngãi,Duyên hải Nam Trung Bộ,2025-09-06,22.9,27.639999999999997,20.979999999999997,27.24,32.56,24.78,15.059999999999999,15.059999999999999,0.0,14.8,93.2,8.74,25.34,14.026,1009.6,100.0,21.66,0.0,2.734,14.7379,108.40180000000001,5.8,12.34,9,36,65,99,1970-01-21 08:05:36.840,1970-01-21 08:06:21.264,Thu,,,
Quảng Ngãi,Duyên hải Nam Trung Bộ,2025-09-07,22.66,27.1,20.660000000000004,26.660000000000004,32.06,24.02,14.74,14.74,0.0,15.2,92.8,10.16,28.660000000000004,15.26,1009.0600000000001,99.8,21.34,0.0,2.944,14.7379,108.40180000000001,6.798,12.328,9,36,63,208,1970-01-21 08:07:03.240,1970-01-21 08:07:47.640,Thu,,,
Quảng Ngãi,Duyên hải Nam Trung Bộ,2025-09-08,23.2,26.78,21.259999999999998,26.8,31.160000000000004,24.3,3.06,3.06,0.0,10.6,89.2,12.319999999999999,35.44,14.722,1009.78,98.8,21.240000000000002,0.0,2.79,14.7379,108.40180000000001,7.723999999999999,12.312000000000001,9,37,51,38,1970-01-21 08:08:29.640,1970-01-21 08:09:13.980,Thu,,,
Quảng Ngãi,Duyên hải Nam Trung Bộ,2025-09-09,23.240000000000002,27.139999999999997,21.16,26.96,30.54,24.22,6.659999999999999,6.659999999999999,0.0,9.4,89.8,10.940000000000001,29.439999999999998,13.086000000000002,1011.46,97.6,21.380000000000003,0.0,2.59,14.7379,108.40180000000001,3.7079999999999997,12.3,9,37,61,225,1970-01-21 08:09:56.052,1970-01-21 08:10:40.320,Thu,,,
Quảng Ngãi,Duyên hải Nam Trung Bộ,2025-09-10,23.1,28.7,20.259999999999998,27.160000000000004,34.0,23.26,5.859999999999999,5.859999999999999,0.0,6.4,88.4,8.780000000000001,24.94,19.714,1012.14,97.4,20.94,0.0,3.876,14.7379,108.40180000000001,9.809999999999999,12.288,9,37,61,229,1970-01-21 08:11:22.452,1970-01-21 08:12:06.684,Thu,,,
Quảng Ngãi,Duyên hải Nam Trung Bộ,2025-09-11,23.04,28.919999999999998,19.419999999999998,27.2,34.9,22.380000000000003,4.32,4.32,0.0,6.2,88.0,9.76,29.0,22.334,1011.82,68.8,20.74,0.0,4.3420000000000005,14.7379,108.40180000000001,11.298,12.272,9,37,53,36,1970-01-21 08:12:48.852,1970-01-21 08:13:33.060,Thu,,,
Quảng Ngãi,Duyên hải Nam Trung Bộ,2025-09-12,22.56,27.639999999999997,18.66,26.22,32.04,21.18,3.56,3.56,0.0,8.0,87.4,9.940000000000001,29.82,22.381999999999998,1011.9200000000001,66.8,20.16,0.0,4.248,14.7379,108.40180000000001,11.474,12.26,9,37,61,31,1970-01-21 08:14:15.252,1970-01-21 08:14:59.400,Thu,,,
Quảng Ngãi,Duyên hải Nam Trung Bộ,2025-09-13,22.46,27.9,19.32,26.48,33.519999999999996,22.18,9.88,9.88,0.0,7.8,90.6,7.18,24.06,17.244,1012.22,98.6,20.759999999999998,0.0,3.3200000000000003,14.7379,108.40180000000001,6.720000000000001,12.244,9,37,65,69,1970-01-21 08:15:41.652,1970-01-21 08:16:25.740,Thu,,,
Quảng Ngãi,Duyên hải Nam Trung Bộ,2025-09-14,23.04,28.360000000000003,19.8,27.22,33.44,22.96,6.220000000000001,6.220000000000001,0.0,7.8,88.8,5.86,20.02,18.718,1012.5799999999999,100.0,20.84,0.0,3.694,14.7379,108.40180000000001,8.818000000000001,12.23,9,37,63,45,1970-01-21 08:17:08.052,1970-01-21 08:17:52.092,Thu,,,
Quảng Ngãi,Duyên hải Nam Trung Bộ,2025-09-15,22.68,28.060000000000002,20.279999999999998,26.96,34.08,23.759999999999998,14.2,14.2,0.0,9.0,91.6,8.86,26.560000000000002,19.82,1012.5,80.0,21.080000000000002,0.0,3.8299999999999996,14.7379,108.40180000000001,9.654,12.22,9,38,63,40,1970-01-21 08:18:34.488,1970-01-21 08:19:18.480,Thu,,,
Quảng Ngãi,Duyên hải Nam Trung Bộ,2025-09-16,22.619999999999997,28.32,18.839999999999996,26.360000000000003,32.839999999999996,21.619999999999997,5.0200000000000005,5.0200000000000005,0.0,7.8,88.0,11.3,32.18,20.242,1011.28,98.8,20.28,0.0,3.9259999999999997,14.7379,108.40180000000001,10.0,12.202,9,38,53,10,1970-01-21 08:20:00.888,1970-01-21 08:20:44.820,Thu,,,
Quảng Ngãi,Duyên hải Nam Trung Bộ,2025-09-17,21.919999999999998,25.34,20.46,25.860000000000003,29.560000000000002,24.04,15.539999999999997,15.539999999999997,0.0,18.8,94.4,8.68,26.060000000000002,12.762,1009.82,99.2,20.919999999999998,0.0,2.444,14.7379,108.40180000000001,4.956,12.19,9,38,63,19,1970-01-21 08:21:27.300,1970-01-21 08:22:11.160,Thu,,,
Quảng Ngãi,Duyên hải Nam Trung Bộ,2025-09-18,22.380000000000003,26.119999999999997,20.080000000000002,26.3,30.540000000000003,23.580000000000002,11.8,11.8,0.0,16.6,92.2,8.6,25.34,15.563999999999998,1009.0200000000001,99.4,20.94,0.0,3.0060000000000002,14.7379,108.40180000000001,7.223999999999999,12.18,9,38,63,42,1970-01-21 08:22:53.700,1970-01-21 08:23:37.500,Thu,,,
Quảng Ngãi,Duyên hải Nam Trung Bộ,2025-09-19,22.68,26.360000000000003,20.419999999999998,26.82,31.6,23.7,18.12,18.12,0.0,13.8,93.4,9.440000000000001,28.139999999999997,16.622,1010.1,93.6,21.46,0.0,3.134,14.7379,108.40180000000001,8.790000000000001,12.16,9,38,65,249,1970-01-21 08:24:20.100,1970-01-21 08:25:03.864,Thu,,,
Quảng Ngãi,Duyên hải Nam Trung Bộ,2025-09-20,23.080000000000002,26.939999999999998,20.64,27.24,32.160000000000004,23.8,11.56,11.56,0.0,10.0,91.2,9.52,28.3,18.748,1009.9200000000001,71.2,21.5,0.0,3.53,14.7379,108.40180000000001,10.026,12.15,9,38,55,219,1970-01-21 08:25:46.500,1970-01-21 08:26:30.240,Thu,,,
Quảng Ngãi,Duyên hải Nam Trung Bộ,2025-09-21,22.9,27.360000000000003,20.240000000000002,27.060000000000002,32.56,23.44,12.46,12.46,0.0,9.4,92.6,9.26,25.939999999999998,15.986,1009.0799999999999,99.2,21.52,0.0,3.058,14.7379,108.40180000000001,7.876,12.14,9,38,63,211,1970-01-21 08:27:12.900,1970-01-21 08:27:56.580,Thu,,,
Quảng Ngãi,Duyên hải Nam Trung Bộ,2025-09-22,22.48,26.76,19.82,26.5,31.76,22.86,12.459999999999999,12.459999999999999,0.0,12.8,92.2,7.720000000000001,26.580000000000002,16.034,1008.8799999999999,98.2,21.02,0.0,3.092,14.7379,108.40180000000001,7.862,12.12,9,39,63,258,1970-01-21 08:28:39.300,1970-01-21 08:29:22.920,Thu,,,
Quảng Ngãi,Duyên hải Nam Trung Bộ,2025-09-23,22.259999999999998,25.54,19.72,26.02,29.96,22.580000000000002,8.12,8.12,0.0,12.2,94.2,10.139999999999999,28.6,12.228,1007.4399999999999,99.8,21.259999999999998,0.0,2.304,14.7379,108.40180000000001,4.218,12.11,9,39,53,257,1970-01-21 08:30:05.700,1970-01-21 08:30:49.284,Thu,,,
Quảng Ngãi,Duyên hải Nam Trung Bộ,2025-09-24,23.2,26.52,21.06,26.5,29.839999999999996,23.580000000000002,10.14,10.14,0.0,10.4,89.6,14.719999999999999,43.22,16.03,1005.18,99.6,21.3,0.0,2.9579999999999997,14.7379,108.40180000000001,8.382,12.097999999999999,9,39,53,249,1970-01-21 08:31:32.100,1970-01-21 08:32:15.660,Thu,,,
Quảng Ngãi,Duyên hải Nam Trung Bộ,2025-09-25,23.0,25.68,21.22,26.82,29.640000000000004,24.66,7.640000000000001,7.640000000000001,0.0,14.6,92.0,10.72,31.24,11.552,1006.82,100.0,21.52,0.0,2.212,14.7379,108.40180000000001,3.84,12.08,9,39,61,254,1970-01-21 08:32:58.500,1970-01-21 08:33:42.000,Thu,,,
Quảng Ngãi,Duyên hải Nam Trung Bộ,2025-09-26,22.54,25.939999999999998,20.68,26.76,31.32,24.34,16.580000000000002,16.580000000000002,0.0,15.8,94.0,8.42,24.18,14.834,1010.14,100.0,21.44,0.0,2.882,14.7379,108.40180000000001,6.454000000000001,12.07,9,39,63,6,1970-01-21 08:34:24.900,1970-01-21 08:35:08.340,Thu,,,
Quảng Ngãi,Duyên hải Nam Trung Bộ,2025-09-27,21.86,24.419999999999998,20.44,25.68,28.880000000000003,23.82,23.080000000000002,23.080000000000002,0.0,22.8,97.0,10.6,32.82,8.952,1008.68,100.0,21.36,0.0,1.704,14.7379,108.40180000000001,0.628,12.052000000000001,9,39,63,328,1970-01-21 08:35:51.300,1970-01-21 08:36:34.728,Thu,,,
Quảng Ngãi,Duyên hải Nam Trung Bộ,2025-09-28,21.68,23.3,20.46,24.2,26.360000000000003,22.46,26.32,26.32,0.0,17.8,95.0,17.98,51.56,3.564,1003.1600000000001,100.0,20.82,0.0,0.788,14.7379,108.40180000000001,0.014000000000000002,12.04,9,39,63,186,1970-01-21 08:37:17.700,1970-01-21 08:38:01.080,Thu,,,
Quảng Ngãi,Duyên hải Nam Trung Bộ,2025-09-29,23.54,27.560000000000002,21.36,26.360000000000003,30.880000000000003,23.580000000000002,4.7,4.7,0.0,9.2,85.2,16.66,48.6,15.088,1008.9399999999999,99.4,20.7,0.0,3.05,14.7379,108.40180000000001,7.052000000000001,12.03,9,40,51,148,1970-01-21 08:38:44.124,1970-01-21 08:39:27.420,Thu,,,
Quảng Ngãi,Duyên hải Nam Trung Bộ,2025-09-30,22.919999999999998,27.880000000000003,20.22,26.639999999999997,32.72,23.14,2.58,2.58,0.0,5.8,87.8,9.7,28.360000000000003,17.964,1012.5,93.6,20.66,0.0,3.4560000000000004,14.7379,108.40180000000001,10.2,12.012,9,40,61,79,1970-01-21 08:40:10.524,1970-01-21 08:40:53.772,Thu,,,
Quảng Ngãi,Duyên hải Nam Trung Bộ,2025-10-01,22.7,28.580000000000002,18.46,26.24,33.44,21.080000000000002,1.3199999999999998,1.3199999999999998,0.0,4.8,85.4,8.66,25.919999999999998,23.194,1012.9799999999999,61.2,19.66,0.0,4.54,14.7379,108.40180000000001,11.154,12.0,10,40,51,36,1970-01-21 08:41:36.948,1970-01-21 08:42:20.148,Thu,,,
Quảng Ngãi,Duyên hải Nam Trung Bộ,2025-10-02,22.7,28.7,18.1,25.96,33.14,20.380000000000003,0.9199999999999999,0.9199999999999999,0.0,3.8,82.2,8.8,24.32,23.282,1013.28,43.2,19.020000000000003,0.0,4.578,14.7379,108.40180000000001,11.081999999999999,11.988,10,40,51,38,1970-01-21 08:43:03.360,1970-01-21 08:43:46.500,Thu,,,
Quảng Ngãi,Duyên hải Nam Trung Bộ,2025-10-03,22.86,27.839999999999996,18.34,26.54,32.14,20.72,6.42,6.42,0.0,10.2,85.0,7.4,22.1,21.04,1013.14,77.2,19.880000000000003,0.0,4.104,14.7379,108.40180000000001,10.73,11.97,10,40,61,46,1970-01-21 08:44:29.760,1970-01-21 08:45:12.840,Thu,,,
Quảng Ngãi,Duyên hải Nam Trung Bộ,2025-10-04,22.419999999999998,27.6,20.02,26.28,32.7,23.02,15.98,15.98,0.0,12.6,91.0,9.28,27.580000000000002,18.942,1013.1600000000001,99.6,20.7,0.0,3.5980000000000003,14.7379,108.40180000000001,10.05,11.96,10,40,63,168,1970-01-21 08:45:56.160,1970-01-21 08:46:39.192,Thu,,,
Quảng Ngãi,Duyên hải Nam Trung Bộ,2025-10-05,22.880000000000003,27.1,19.84,25.619999999999997,30.160000000000004,22.04,1.08,1.08,0.0,3.8,86.4,14.74,41.839999999999996,15.756,1011.24,99.6,20.240000000000002,0.0,3.114,14.7379,108.40180000000001,7.914,11.946,10,40,51,256,1970-01-21 08:47:22.560,1970-01-21 08:48:05.580,Thu,,,
Quảng Ngãi,Duyên hải Nam Trung Bộ,2025-10-06,23.18,27.78,19.78,26.32,31.360000000000003,22.14,3.12,3.12,0.0,6.6,85.8,13.24,38.019999999999996,17.473999999999997,1011.7,99.6,20.36,0.0,3.4219999999999997,14.7379,108.40180000000001,9.672,11.93,10,41,53,250,1970-01-21 08:48:48.960,1970-01-21 08:49:31.920,Thu,,,
Quảng Ngãi,Duyên hải Nam Trung Bộ,2025-10-07,22.98,28.080000000000002,19.36,26.74,32.82,22.220000000000002,2.94,2.94,0.0,7.6,85.0,8.8,28.52,21.588,1013.4,78.2,20.06,0.0,4.228,14.7379,108.40180000000001,11.044,11.918000000000001,10,41,53,8,1970-01-21 08:50:15.360,1970-01-21 08:50:58.260,Thu,,,
Quảng Ngãi,Duyên hải Nam Trung Bộ,2025-10-08,22.32,26.939999999999998,19.64,25.46,31.0,22.02,1.8199999999999998,1.8199999999999998,0.0,8.2,87.4,12.7,35.22,20.072,1013.3,92.2,19.94,0.0,3.7619999999999996,14.7379,108.40180000000001,10.102,11.902000000000001,10,41,51,17,1970-01-21 08:51:41.760,1970-01-21 08:52:24.624,Thu,,,
Quảng Ngãi,Duyên hải Nam Trung Bộ,2025-10-09,21.5,24.740000000000002,19.5,24.6,28.22,22.1,13.780000000000001,13.780000000000001,0.0,13.6,92.2,10.66,31.76,13.803999999999998,1012.8,89.6,20.1,0.0,2.506,14.7379,108.40180000000001,7.267999999999999,11.89,10,41,63,350,1970-01-21 08:53:08.172,1970-01-21 08:53:51.000,Thu,,,
Quảng Ngãi,Duyên hải Nam Trung Bộ,2025-10-10,21.919999999999998,26.46,19.880000000000003,25.44,30.080000000000002,23.06,9.0,9.0,0.0,13.4,92.4,11.18,33.839999999999996,15.213999999999999,1012.14,83.6,20.5,0.0,2.852,14.7379,108.40180000000001,8.597999999999999,11.878,10,41,53,43,1970-01-21 08:54:34.584,1970-01-21 08:55:17.340,Thu,,,
Quảng Ngãi,Duyên hải Nam Trung Bộ,2025-10-11,22.34,27.26,18.98,25.860000000000003,31.02,21.64,3.3200000000000003,3.3200000000000003,0.0,9.6,89.8,10.1,29.1,17.572,1011.4799999999999,87.2,20.44,0.0,3.342,14.7379,108.40180000000001,10.236,11.861999999999998,10,41,53,10,1970-01-21 08:56:01.020,1970-01-21 08:56:43.692,Thu,,,
Quảng Ngãi,Duyên hải Nam Trung Bộ,2025-10-12,22.44,27.560000000000002,19.119999999999997,26.28,32.6,21.94,3.7,3.7,0.0,9.4,90.0,10.620000000000001,30.080000000000002,19.044,1011.5200000000001,99.4,20.56,0.0,3.618,14.7379,108.40180000000001,10.408,11.852,10,41,53,58,1970-01-21 08:57:27.420,1970-01-21 08:58:10.080,Thu,,,
Quảng Ngãi,Duyên hải Nam Trung Bộ,2025-10-13,22.2,26.32,19.919999999999998,26.28,31.24,23.4,6.88,6.88,0.0,12.4,93.6,8.14,26.22,14.906,1011.9200000000001,96.0,21.04,0.0,2.8240000000000003,14.7379,108.40180000000001,7.7,11.838,10,42,63,35,1970-01-21 08:58:53.820,1970-01-21 08:59:36.432,Thu,,,
Quảng Ngãi,Duyên hải Nam Trung Bộ,2025-10-14,22.479999999999997,27.860000000000003,19.8,26.380000000000003,32.88,22.880000000000003,8.42,8.42,0.0,7.2,90.8,9.82,29.96,17.604000000000003,1012.24,83.6,20.78,0.0,3.3840000000000003,14.7379,108.40180000000001,9.9,11.826,10,42,63,70,1970-01-21 09:00:20.220,1970-01-21 09:01:02.796,Thu,,,
Quảng Ngãi,Duyên hải Nam Trung Bộ,2025-10-15,22.16,26.619999999999997,18.72,25.36,30.619999999999997,21.240000000000002,3.44,3.44,0.0,10.4,89.8,12.580000000000002,36.5,19.778,1012.32,61.6,20.259999999999998,0.0,3.6439999999999997,14.7379,108.40180000000001,11.001999999999999,11.812000000000001,10,42,51,18,1970-01-21 09:01:46.632,1970-01-21 09:02:29.160,Thu,,,
Quảng Ngãi,Duyên hải Nam Trung Bộ,2025-10-16,21.9,24.82,20.5,25.06,28.240000000000002,23.380000000000003,4.0200000000000005,4.0200000000000005,0.0,13.4,93.2,13.7,40.239999999999995,14.022,1012.82,99.6,20.7,0.0,2.524,14.7379,108.40180000000001,6.925999999999999,11.798,10,42,55,1,1970-01-21 09:03:13.044,1970-01-21 09:03:55.512,Thu,,,
Quảng Ngãi,Duyên hải Nam Trung Bộ,2025-10-17,22.14,25.76,20.520000000000003,25.46,29.76,23.52,7.9,7.9,0.0,18.8,92.6,12.52,35.7,16.334,1013.0,97.8,20.78,0.0,2.9699999999999998,14.7379,108.40180000000001,8.012,11.785999999999998,10,42,51,8,1970-01-21 09:04:39.480,1970-01-21 09:05:21.900,Thu,,,
Quảng Ngãi,Duyên hải Nam Trung Bộ,2025-10-18,21.96,25.660000000000004,20.0,25.18,29.860000000000003,22.880000000000003,5.64,5.64,0.0,9.0,91.2,11.42,33.78,15.648,1012.24,90.2,20.4,0.0,2.87,14.7379,108.40180000000001,8.488,11.772,10,42,53,42,1970-01-21 09:06:05.880,1970-01-21 09:06:48.252,Thu,,,
Quảng Ngãi,Duyên hải Nam Trung Bộ,2025-10-19,21.139999999999997,24.119999999999997,19.72,23.6,26.02,22.0,35.519999999999996,35.519999999999996,0.0,20.0,94.4,16.66,49.480000000000004,10.4,1011.2,97.4,20.16,0.0,1.8679999999999999,14.7379,108.40180000000001,3.7600000000000002,11.76,10,42,63,36,1970-01-21 09:07:32.280,1970-01-21 09:08:14.640,Thu,,,
Quảng Ngãi,Duyên hải Nam Trung Bộ,2025-10-20,21.18,22.7,20.32,23.84,25.74,22.560000000000002,13.440000000000001,13.440000000000001,0.0,19.8,96.2,15.040000000000001,45.779999999999994,7.656000000000001,1010.4799999999999,99.2,20.54,0.0,1.3519999999999999,14.7379,108.40180000000001,1.068,11.748000000000001,10,43,61,28,1970-01-21 09:08:58.692,1970-01-21 09:09:40.980,Thu,,,
Quảng Ngãi,Duyên hải Nam Trung Bộ,2025-10-21,22.4,25.76,20.34,24.64,27.360000000000003,22.64,1.92,1.92,0.0,11.4,87.0,20.08,52.56,15.844,1010.5600000000001,93.6,20.06,0.0,3.0140000000000002,14.7379,108.40180000000001,9.482,11.732000000000001,10,43,51,1,1970-01-21 09:10:25.104,1970-01-21 09:11:07.356,Thu,,,
Quảng Ngãi,Duyên hải Nam Trung Bộ,2025-10-22,21.86,26.68,19.060000000000002,23.8,28.26,21.44,0.6799999999999999,0.6799999999999999,0.0,3.4,83.6,21.52,55.86,16.942,1011.26,99.8,18.7,0.0,3.3240000000000003,14.7379,108.40180000000001,9.35,11.72,10,43,51,1,1970-01-21 09:11:51.540,1970-01-21 09:12:33.720,Thu,,,
Quảng Ngãi,Duyên hải Nam Trung Bộ,2025-10-23,21.82,26.72,17.66,24.64,29.619999999999997,19.54,3.5400000000000005,3.5400000000000005,0.0,6.8,86.4,12.68,34.0,17.426,1012.4,98.6,19.259999999999998,0.0,3.346,14.7379,108.40180000000001,10.116,11.71,10,43,51,20,1970-01-21 09:13:17.940,1970-01-21 09:14:00.072,Thu,,,
Quảng Ngãi,Duyên hải Nam Trung Bộ,2025-10-24,20.759999999999998,22.240000000000002,20.0,23.4,25.0,22.44,17.7,17.7,0.0,21.4,97.2,14.86,43.480000000000004,6.95,1013.72,99.6,20.3,0.0,1.236,14.7379,108.40180000000001,0.46799999999999997,11.696,10,43,63,41,1970-01-21 09:14:44.340,1970-01-21 09:15:26.460,Thu,,,
Quảng Ngãi,Duyên hải Nam Trung Bộ,2025-10-25,20.28,21.240000000000002,19.72,22.439999999999998,23.48,21.380000000000003,25.82,25.82,0.0,24.0,98.0,16.860000000000003,45.839999999999996,4.2780000000000005,1013.18,100.0,19.9,0.0,0.792,14.7379,108.40180000000001,0.096,11.681999999999999,10,43,63,33,1970-01-21 09:16:10.752,1970-01-21 09:16:52.812,Thu,,,
Quảng Ngãi,Duyên hải Nam Trung Bộ,2025-10-26,21.06,22.7,19.94,24.18,26.119999999999997,22.44,30.560000000000002,30.560000000000002,0.0,23.8,97.6,11.06,34.14,7.340000000000001,1012.46,100.0,20.64,0.0,1.326,14.7379,108.40180000000001,1.1179999999999999,11.67,10,43,63,6,1970-01-21 09:17:37.200,1970-01-21 09:18:19.200,Thu,,,
Quảng Ngãi,Duyên hải Nam Trung Bộ,2025-10-27,21.1,22.6,20.36,24.4,26.32,23.2,47.540000000000006,47.540000000000006,0.0,24.0,98.4,12.66,37.720000000000006,5.108,1012.3,100.0,20.839999999999996,0.0,0.976,14.7379,108.40180000000001,0.034,11.66,10,44,63,51,1970-01-21 09:19:03.600,1970-01-21 09:19:45.552,Thu,,,
Quảng Ngãi,Duyên hải Nam Trung Bộ,2025-10-28,20.919999999999998,22.06,20.2,23.9,25.56,22.54,42.16,42.16,0.0,23.8,98.4,13.62,39.68,3.8839999999999995,1012.18,100.0,20.7,0.0,0.768,14.7379,108.40180000000001,0.0,11.646,10,44,63,9,1970-01-21 09:20:30.012,1970-01-21 09:21:11.940,Thu,,,
Quảng Ngãi,Duyên hải Nam Trung Bộ,2025-10-29,21.22,22.4,20.46,24.54,25.939999999999998,22.94,84.16,84.16,0.0,23.4,99.0,12.940000000000001,40.96,4.208,1011.26,100.0,21.02,0.0,0.828,14.7379,108.40180000000001,0.384,11.63,10,44,65,7,1970-01-21 09:21:56.460,1970-01-21 09:22:38.316,Thu,,,
Quảng Ngãi,Duyên hải Nam Trung Bộ,2025-10-30,22.22,24.96,20.880000000000003,26.1,29.22,24.259999999999998,11.42,11.42,0.0,19.0,96.0,9.7,31.02,11.496,1012.9399999999999,99.8,21.5,0.0,2.134,14.7379,108.40180000000001,4.57,11.62,10,44,61,17,1970-01-21 09:23:22.860,1970-01-21 09:24:04.692,Thu,,,
Quảng Ngãi,Duyên hải Nam Trung Bộ,2025-10-31,22.02,25.34,20.619999999999997,25.939999999999998,29.24,24.32,9.379999999999999,9.379999999999999,0.0,12.4,95.8,8.58,29.24,11.991999999999999,1014.76,99.0,21.240000000000002,0.0,2.216,14.7379,108.40180000000001,5.712000000000001,11.61,10,44,63,3,1970-01-21 09:24:49.272,1970-01-21 09:25:31.080,Thu,,,
Quảng Ngãi,Duyên hải Nam Trung Bộ,2025-11-01,20.82,21.619999999999997,20.02,23.94,24.98,22.86,26.360000000000003,26.360000000000003,0.0,20.6,97.8,11.4,32.839999999999996,5.436,1014.9,100.0,20.46,0.0,1.012,14.7379,108.40180000000001,0.13599999999999998,11.6,11,44,63,42,1970-01-21 09:26:15.672,1970-01-21 09:26:57.432,Thu,,,
Quảng Ngãi,Duyên hải Nam Trung Bộ,2025-11-02,20.78,21.7,20.119999999999997,24.119999999999997,25.06,23.080000000000002,66.3,66.3,0.0,23.2,98.6,12.02,36.279999999999994,3.006,1012.96,100.0,20.54,0.0,0.64,14.7379,108.40180000000001,0.0,11.586,11,44,65,33,1970-01-21 09:27:42.120,1970-01-21 09:28:23.820,Thu,,,
Quảng Ngãi,Duyên hải Nam Trung Bộ,2025-11-03,21.98,25.4,20.22,25.880000000000003,29.54,23.64,9.56,9.56,0.0,16.8,94.0,6.82,20.94,11.681999999999999,1011.9399999999999,97.8,20.94,0.0,2.268,14.7379,108.40180000000001,4.106,11.574000000000002,11,45,61,36,1970-01-21 09:29:08.532,1970-01-21 09:29:50.208,Thu,,,
Quảng Ngãi,Duyên hải Nam Trung Bộ,2025-11-04,21.9,25.6,20.14,25.34,29.5,23.259999999999998,6.3,6.3,0.0,10.0,92.6,10.580000000000002,30.3,15.951999999999998,1012.5799999999999,94.2,20.580000000000002,0.0,2.91,14.7379,108.40180000000001,9.628,11.56,11,45,61,23,1970-01-21 09:30:34.944,1970-01-21 09:31:16.572,Thu,,,
Quảng Ngãi,Duyên hải Nam Trung Bộ,2025-11-05,21.44,24.9,20.0,24.4,27.46,22.78,5.18,5.18,0.0,14.0,93.4,12.66,37.4,10.926,1011.4799999999999,95.4,20.3,0.0,2.008,14.7379,108.40180000000001,5.814,11.55,11,45,61,4,1970-01-21 09:32:01.380,1970-01-21 09:32:42.960,Thu,,,
Quảng Ngãi,Duyên hải Nam Trung Bộ,2025-11-06,20.32,21.04,19.64,21.4,23.0,19.48,86.82,86.82,0.0,23.0,97.6,31.660000000000004,94.34,3.8019999999999996,1006.26,100.0,19.880000000000003,0.0,0.716,14.7379,108.40180000000001,0.0,11.54,11,45,65,1,1970-01-21 09:33:27.792,1970-01-21 09:34:09.348,Thu,,,
Quảng Ngãi,Duyên hải Nam Trung Bộ,2025-11-07,22.44,27.46,19.580000000000002,24.639999999999997,28.939999999999998,20.46,6.959999999999999,6.959999999999999,0.0,9.4,84.8,25.9,86.9,17.262,1007.9399999999999,77.8,19.380000000000003,0.0,3.386,14.7379,108.40180000000001,9.602,11.53,11,45,61,145,1970-01-21 09:34:54.240,1970-01-21 09:35:35.712,Thu,,,
Quảng Ngãi,Duyên hải Nam Trung Bộ,2025-11-08,22.759999999999998,27.6,18.2,26.04,31.660000000000004,20.52,0.8400000000000001,0.8400000000000001,0.0,5.4,84.8,10.4,30.46,19.145999999999997,1012.9200000000001,63.6,19.84,0.0,3.7079999999999997,14.7379,108.40180000000001,11.0,11.52,11,45,51,27,1970-01-21 09:36:20.640,1970-01-21 09:37:02.112,Thu,,,
Quảng Ngãi,Duyên hải Nam Trung Bộ,2025-11-09,22.48,26.22,19.46,26.0,29.9,22.34,2.1,2.1,0.0,7.4,89.6,11.08,31.839999999999996,16.732,1012.6200000000001,88.4,20.6,0.0,3.1079999999999997,14.7379,108.40180000000001,10.802,11.51,11,45,53,0,1970-01-21 09:37:47.052,1970-01-21 09:38:28.500,Thu,,,
Quảng Ngãi,Duyên hải Nam Trung Bộ,2025-11-10,22.619999999999997,26.8,19.060000000000002,25.9,29.880000000000003,21.56,0.52,0.52,0.0,4.4,86.6,10.24,29.6,16.572,1011.3,95.4,20.12,0.0,3.178,14.7379,108.40180000000001,10.45,11.5,11,46,51,19,1970-01-21 09:39:13.500,1970-01-21 09:39:54.888,Thu,,,
Quảng Ngãi,Duyên hải Nam Trung Bộ,2025-11-11,22.94,27.22,19.259999999999998,26.660000000000004,31.139999999999997,22.259999999999998,0.8,0.8,0.0,5.8,86.4,7.040000000000001,22.6,17.082,1011.64,100.0,20.32,0.0,3.3659999999999997,14.7379,108.40180000000001,10.203999999999999,11.488,11,46,51,18,1970-01-21 09:40:39.912,1970-01-21 09:41:21.276,Thu,,,
Quảng Ngãi,Duyên hải Nam Trung Bộ,2025-11-12,22.18,25.939999999999998,19.9,25.28,29.48,22.759999999999998,2.8,2.8,0.0,12.0,88.8,11.940000000000001,34.28,16.598000000000003,1013.72,87.8,20.119999999999997,0.0,3.116,14.7379,108.40180000000001,10.132,11.476,11,46,51,2,1970-01-21 09:42:06.360,1970-01-21 09:42:47.652,Thu,,,
Quảng Ngãi,Duyên hải Nam Trung Bộ,2025-11-13,20.56,24.48,17.240000000000002,22.3,25.919999999999998,18.419999999999998,0.9400000000000001,0.9400000000000001,0.0,6.0,86.2,15.719999999999999,42.120000000000005,16.872,1015.9399999999999,54.2,18.0,0.0,3.0740000000000003,14.7379,108.40180000000001,10.482,11.466,11,46,51,24,1970-01-21 09:43:32.772,1970-01-21 09:44:14.052,Thu,,,
Quảng Ngãi,Duyên hải Nam Trung Bộ,2025-11-14,18.6,22.68,14.74,18.919999999999998,22.7,14.679999999999998,0.26,0.26,0.0,1.8,80.8,19.6,51.839999999999996,19.009999999999998,1015.8,53.6,15.020000000000001,0.0,3.312,14.7379,108.40180000000001,10.97,11.456,11,46,3,23,1970-01-21 09:44:59.220,1970-01-21 09:45:40.452,Thu,,,
Quảng Ngãi,Duyên hải Nam Trung Bộ,2025-11-15,20.22,23.28,17.48,21.259999999999998,24.0,18.28,1.24,1.24,0.0,5.8,84.6,19.240000000000002,50.06,15.776,1015.86,83.2,17.4,0.0,2.804,14.7379,108.40180000000001,10.2,11.446,11,46,51,3,1970-01-21 09:46:25.632,1970-01-21 09:47:06.840,Thu,,,
Quảng Ngãi,Duyên hải Nam Trung Bộ,2025-11-16,20.240000000000002,21.259999999999998,19.2,22.919999999999998,24.36,21.22,42.160000000000004,42.160000000000004,0.0,20.2,98.0,12.319999999999999,39.58,3.226,1015.72,99.6,19.880000000000003,0.0,0.662,14.7379,108.40180000000001,0.0,11.436,11,46,63,28,1970-01-21 09:47:52.068,1970-01-21 09:48:33.228,Thu,,,
Quảng Ngãi,Duyên hải Nam Trung Bộ,2025-11-17,20.78,22.6,19.74,23.54,26.119999999999997,21.84,32.8,32.8,0.0,23.8,98.2,13.98,41.9,8.776,1016.3,100.0,20.48,0.0,1.49,14.7379,108.40180000000001,2.35,11.425999999999998,11,47,61,31,1970-01-21 09:49:18.480,1970-01-21 09:49:59.616,Thu,,,
Quảng Ngãi,Duyên hải Nam Trung Bộ,2025-11-18,19.619999999999997,20.48,18.84,21.04,22.52,19.68,50.760000000000005,50.760000000000005,0.0,24.0,98.4,21.06,57.120000000000005,4.029999999999999,1016.4,100.0,19.4,0.0,0.692,14.7379,108.40180000000001,0.0,11.416,11,47,63,16,1970-01-21 09:50:44.904,1970-01-21 09:51:26.016,Thu,,,
Quảng Ngãi,Duyên hải Nam Trung Bộ,2025-11-19,17.78,19.52,15.88,18.0,21.22,15.040000000000001,101.03999999999999,101.03999999999999,0.0,23.4,97.8,22.76,65.44,3.7920000000000003,1017.6600000000001,100.0,17.46,0.0,0.646,14.7379,108.40180000000001,0.036,11.41,11,47,65,5,1970-01-21 09:52:11.340,1970-01-21 09:52:52.416,Thu,,,
Quảng Ngãi,Duyên hải Nam Trung Bộ,2025-11-20,16.68,18.259999999999998,15.52,16.32,17.96,14.739999999999998,10.42,10.42,0.0,21.6,94.8,20.2,53.64,5.448,1018.5200000000001,100.0,15.819999999999999,0.0,0.916,14.7379,108.40180000000001,0.068,11.4,11,47,51,6,1970-01-21 09:53:37.764,1970-01-21 09:54:18.792,Thu,,,
Quảng Ngãi,Duyên hải Nam Trung Bộ,2025-11-21,17.1,18.6,16.14,16.82,18.04,15.719999999999999,3.8600000000000003,3.8600000000000003,0.0,10.6,90.2,20.28,54.339999999999996,6.7379999999999995,1018.74,100.0,15.459999999999999,0.0,1.1700000000000002,14.7379,108.40180000000001,0.594,11.39,11,47,51,32,1970-01-21 09:55:04.200,1970-01-21 09:55:45.192,Thu,,,
Quảng Ngãi,Duyên hải Nam Trung Bộ,2025-11-22,17.86,19.32,16.52,18.32,19.84,16.46,8.42,8.42,0.0,19.0,93.0,17.18,49.1,4.952,1017.46,100.0,16.66,0.0,0.938,14.7379,108.40180000000001,0.026000000000000002,11.38,11,47,61,35,1970-01-21 09:56:30.612,1970-01-21 09:57:11.592,Thu,,,
Quảng Ngãi,Duyên hải Nam Trung Bộ,2025-11-23,19.2,21.18,17.9,20.7,22.759999999999998,18.94,15.62,15.62,0.0,24.0,96.4,15.9,44.92,7.672,1016.04,99.6,18.619999999999997,0.0,1.302,14.7379,108.40180000000001,2.214,11.376000000000001,11,47,61,9,1970-01-21 09:57:57.060,1970-01-21 09:58:37.992,Thu,,,
Quảng Ngãi,Duyên hải Nam Trung Bộ,2025-11-24,19.639999999999997,22.1,18.4,21.06,23.880000000000003,19.46,13.720000000000002,13.720000000000002,0.0,24.0,96.6,19.14,50.98,9.76,1015.9799999999999,96.0,19.04,0.0,1.574,14.7379,108.40180000000001,4.064,11.366,11,48,61,41,1970-01-21 09:59:23.484,1970-01-21 10:00:04.416,Thu,,,
Quảng Ngãi,Duyên hải Nam Trung Bộ,2025-11-25,18.14,19.9,16.86,18.4,20.22,17.080000000000002,6.659999999999999,6.659999999999999,0.0,22.0,94.4,21.919999999999998,58.17999999999999,9.629999999999999,1016.5,100.0,17.119999999999997,0.0,1.506,14.7379,108.40180000000001,4.0920000000000005,11.358,11,48,53,13,1970-01-21 10:00:49.920,1970-01-21 10:01:30.816,Thu,,,
Quảng Ngãi,Duyên hải Nam Trung Bộ,2025-11-26,17.380000000000003,21.02,15.319999999999999,17.2,20.160000000000004,15.12,1.7600000000000002,1.7600000000000002,0.0,5.2,88.4,20.3,52.120000000000005,12.203999999999999,1016.36,93.4,15.319999999999999,0.0,2.086,14.7379,108.40180000000001,7.101999999999999,11.35,11,48,3,2,1970-01-21 10:02:16.368,1970-01-21 10:02:57.216,Thu,,,
Quảng Ngãi,Duyên hải Nam Trung Bộ,2025-11-27,16.740000000000002,20.020000000000003,14.280000000000001,15.059999999999999,18.0,12.040000000000001,0.54,0.54,0.0,3.6,79.2,27.96,72.36,14.858,1016.5799999999999,100.0,12.9,0.0,2.6740000000000004,14.7379,108.40180000000001,6.948,11.346,11,48,51,21,1970-01-21 10:03:42.792,1970-01-21 10:04:23.628,Thu,,,
Quảng Ngãi,Duyên hải Nam Trung Bộ,2025-11-28,16.1,19.240000000000002,13.940000000000001,14.760000000000002,17.84,11.719999999999999,2.2,2.2,0.0,4.0,75.6,20.52,54.160000000000004,10.878,1015.1200000000001,96.0,11.58,0.0,2.288,14.7379,108.40180000000001,6.346,11.336,11,48,51,27,1970-01-21 10:05:09.228,1970-01-21 10:05:50.028,Thu,,,
Quảng Ngãi,Duyên hải Nam Trung Bộ,2025-11-29,19.2,23.16,15.4,19.98,23.94,15.2,0.76,0.76,0.0,1.8,84.0,16.74,42.62,11.296000000000001,1013.32,97.2,16.34,0.0,2.1559999999999997,14.7379,108.40180000000001,5.29,11.33,11,48,51,22,1970-01-21 10:06:35.652,1970-01-21 10:07:16.452,Thu,,,
Quảng Ngãi,Duyên hải Nam Trung Bộ,2025-11-30,20.759999999999998,23.4,18.84,23.32,25.8,20.68,2.52,2.52,0.0,7.6,90.4,11.68,30.660000000000004,8.2,1012.82,97.0,19.06,0.0,1.6300000000000001,14.7379,108.40180000000001,3.478,11.326,11,48,51,3,1970-01-21 10:08:02.100,1970-01-21 10:08:42.852,Thu,,,
Quảng Ngãi,Duyên hải Nam Trung Bộ,2025-12-01,21.580000000000002,25.119999999999997,19.34,24.240000000000002,27.619999999999997,21.82,2.46,2.46,0.0,9.6,90.0,14.4,38.239999999999995,15.146,1013.18,79.4,19.78,0.0,2.752,14.7379,108.40180000000001,8.658,11.315999999999999,12,49,51,13,1970-01-21 10:09:28.512,1970-01-21 10:10:09.252,Đông,,,
Quảng Ngãi,Duyên hải Nam Trung Bộ,2025-12-02,21.54,25.98,17.580000000000002,24.04,28.360000000000003,19.34,0.7,0.7,0.0,3.0,87.0,12.22,33.12,15.792000000000002,1013.32,67.0,19.06,0.0,3.004,14.7379,108.40180000000001,10.834,11.31,12,49,51,13,1970-01-21 10:10:54.960,1970-01-21 10:11:35.676,Đông,,,
Quảng Ngãi,Duyên hải Nam Trung Bộ,2025-12-03,20.380000000000003,21.82,19.4,23.1,24.36,21.78,27.059999999999995,27.059999999999995,0.0,21.2,96.4,12.84,38.08,6.002000000000001,1015.2,99.6,19.82,0.0,1.094,14.7379,108.40180000000001,1.19,11.306000000000001,12,49,63,2,1970-01-21 10:12:21.384,1970-01-21 10:13:02.088,Đông,,,
Quảng Ngãi,Duyên hải Nam Trung Bộ,2025-12-04,20.259999999999998,21.979999999999997,19.18,22.6,24.52,21.14,32.14,32.14,0.0,24.0,97.6,14.0,40.040000000000006,9.958,1016.6200000000001,96.8,19.880000000000003,0.0,1.6440000000000001,14.7379,108.40180000000001,5.266,11.298,12,49,63,31,1970-01-21 10:13:47.832,1970-01-21 10:14:28.512,Đông,,,
Quảng Ngãi,Duyên hải Nam Trung Bộ,2025-12-05,19.32,22.14,17.64,20.639999999999997,23.28,18.82,7.44,7.44,0.0,19.6,92.6,16.54,44.78,14.702000000000002,1018.4399999999999,75.8,17.98,0.0,2.364,14.7379,108.40180000000001,8.768,11.296000000000001,12,49,51,16,1970-01-21 10:15:14.268,1970-01-21 10:15:54.912,Đông,,,
Quảng Ngãi,Duyên hải Nam Trung Bộ,2025-12-06,18.339999999999996,21.2,15.9,19.16,21.74,16.72,4.4799999999999995,4.4799999999999995,0.0,13.6,90.8,18.02,46.56,13.594,1018.0,79.0,16.740000000000002,0.0,2.238,14.7379,108.4018,8.558,11.288,12,49,51,18,1970-01-21 10:16:40.692,1970-01-21 10:17:21.336,Đông,,,
Quảng Ngãi,Duyên hải Nam Trung Bộ,2025-12-07,17.52,21.44,15.06,17.580000000000002,20.96,15.06,1.24,1.24,0.0,5.8,85.4,18.619999999999997,48.6,14.724,1017.68,65.0,14.88,0.0,2.506,14.7379,108.4018,10.648,11.286,12,49,51,9,1970-01-21 10:18:07.140,1970-01-21 10:18:47.748,Đông,,,
Quảng Ngãi,Duyên hải Nam Trung Bộ,2025-12-08,17.06,19.74,14.82,17.240000000000002,19.96,14.6,6.5200000000000005,6.5200000000000005,0.0,15.6,92.8,18.3,48.48,6.694,1017.42,97.6,15.84,0.0,1.17,14.7379,108.4018,1.468,11.28,12,50,61,37,1970-01-21 10:19:33.552,1970-01-21 10:20:14.172,Đông,,,
Quảng Ngãi,Duyên hải Nam Trung Bộ,2025-12-09,17.68,20.2,15.44,18.08,20.24,15.52,1.88,1.88,0.0,9.6,91.0,16.240000000000002,42.12,9.224,1017.06,100.0,16.1,0.0,1.574,14.7379,108.4018,4.622,11.276,12,50,53,2,1970-01-21 10:21:00.000,1970-01-21 10:21:40.596,Đông,,,
Quảng Ngãi,Duyên hải Nam Trung Bộ,2025-12-10,18.98,20.82,17.419999999999998,20.74,23.02,18.36,11.62,11.62,0.0,23.0,95.6,13.18,36.66,6.268000000000001,1015.7,99.8,18.26,0.0,1.11,14.7379,108.4018,1.4620000000000002,11.272,12,50,51,4,1970-01-21 10:22:26.412,1970-01-21 10:23:07.008,Đông,,,
Quảng Ngãi,Duyên hải Nam Trung Bộ,2025-12-11,20.2,23.619999999999997,18.4,22.46,25.96,20.360000000000003,6.44,6.44,0.0,19.8,93.8,13.12,36.36,11.606,1015.9,90.2,19.1,0.0,2.018,14.7379,108.4018,6.928,11.268,12,50,51,17,1970-01-21 10:23:52.872,1970-01-21 10:24:33.432,Đông,,,
Quảng Ngãi,Duyên hải Nam Trung Bộ,2025-12-12,20.44,24.22,17.94,22.56,26.380000000000003,19.78,4.220000000000001,4.220000000000001,0.0,14.0,89.6,11.68,30.54,14.576,1015.76,84.0,18.54,0.0,2.632,14.7379,108.4018,8.815999999999999,11.266,12,50,51,37,1970-01-21 10:25:19.296,1970-01-21 10:25:59.856,Đông,,,
Quảng Ngãi,Duyên hải Nam Trung Bộ,2025-12-13,19.68,23.2,17.240000000000002,21.22,24.94,18.58,4.4799999999999995,4.4799999999999995,0.0,12.8,91.0,14.94,39.66,13.75,1016.48,93.8,18.08,0.0,2.398,14.7379,108.4018,9.022,11.262,12,50,51,10,1970-01-21 10:26:45.732,1970-01-21 10:27:26.268,Đông,,,
Quảng Ngãi,Duyên hải Nam Trung Bộ,2025-12-14,18.660000000000004,20.04,17.52,19.72,21.16,18.28,13.919999999999998,13.919999999999998,0.0,23.8,97.2,18.2,48.68000000000001,7.342,1017.4,99.0,18.16,0.0,1.152,14.7379,108.4018,2.492,11.262,12,50,61,7,1970-01-21 10:28:12.168,1970-01-21 10:28:52.692,Đông,,,
Quảng Ngãi,Duyên hải Nam Trung Bộ,2025-12-15,18.96,22.06,17.44,20.24,23.08,18.36,5.46,5.46,0.0,17.8,93.2,15.7,41.260000000000005,12.706,1017.32,95.2,17.759999999999998,0.0,2.1100000000000003,14.7379,108.4018,8.124,11.258,12,51,51,42,1970-01-21 10:29:38.592,1970-01-21 10:30:19.116,Đông,,,
Quảng Ngãi,Duyên hải Nam Trung Bộ,2025-12-16,19.48,22.880000000000003,17.94,21.2,24.3,19.56,3.979999999999999,3.979999999999999,0.0,13.2,92.4,14.039999999999996,36.1,11.456,1016.64,91.6,18.119999999999997,0.0,2.014,14.7379,108.4018,6.959999999999999,11.256,12,51,51,7,1970-01-21 10:31:05.028,1970-01-21 10:31:45.552,Đông,,,
Quảng Ngãi,Duyên hải Nam Trung Bộ,2025-12-17,19.04,21.619999999999997,17.06,20.5,23.54,17.619999999999997,22.98,22.98,0.0,14.0,94.8,16.32,46.64,8.67,1017.26,96.6,18.16,0.0,1.48,14.7379,108.4018,3.682,11.256,12,51,65,40,1970-01-21 10:32:31.452,1970-01-21 10:33:11.976,Đông,,,
Quảng Ngãi,Duyên hải Nam Trung Bộ,2025-12-18,18.92,22.66,15.64,19.619999999999997,22.96,15.8,0.94,0.94,0.0,6.6,87.4,17.02,45.16,15.48,1016.68,78.6,16.619999999999997,0.0,2.652,14.7379,108.4018,10.73,11.256,12,51,51,2,1970-01-21 10:33:57.888,1970-01-21 10:34:38.412,Đông,,,
Quảng Ngãi,Duyên hải Nam Trung Bộ,2025-12-19,19.6,22.360000000000003,17.78,21.16,23.66,19.119999999999997,0.58,0.58,0.0,3.2,90.2,14.5,37.3,10.602,1014.62,98.0,17.84,0.0,1.922,14.7379,108.4018,5.212,11.252,12,51,51,0,1970-01-21 10:35:24.312,1970-01-21 10:36:04.812,Đông,,,
Quảng Ngãi,Duyên hải Nam Trung Bộ,2025-12-20,20.119999999999997,23.76,18.14,22.08,25.860000000000003,20.14,4.5600000000000005,4.5600000000000005,0.0,10.2,90.0,13.02,35.78,14.352,1014.1,97.8,18.32,0.0,2.5420000000000003,14.7379,108.4018,8.516,11.252,12,51,51,32,1970-01-21 10:36:50.760,1970-01-21 10:37:31.260,Đông,,,
Quảng Ngãi,Duyên hải Nam Trung Bộ,2025-12-21,19.72,21.74,18.639999999999997,21.58,24.1,20.06,25.32,25.32,0.0,23.8,97.4,16.16,46.64,9.492,1014.68,99.2,19.28,0.0,1.53,14.7379,108.4018,4.9799999999999995,11.252,12,51,63,18,1970-01-21 10:38:17.172,1970-01-21 10:38:57.672,Đông,,,
Quảng Ngãi,Duyên hải Nam Trung Bộ,2025-12-22,19.24,21.84,17.880000000000003,20.880000000000003,23.46,19.2,11.12,11.12,0.0,19.2,95.0,15.9,44.3,12.748,1015.06,93.8,18.380000000000003,0.0,2.028,14.7379,108.4018,7.01,11.252,12,52,51,9,1970-01-21 10:39:43.620,1970-01-21 10:40:24.120,Đông,,,
Quảng Ngãi,Duyên hải Nam Trung Bộ,2025-12-23,19.42,22.880000000000003,17.0,21.08,24.32,18.42,2.3,2.3,0.0,6.8,90.0,12.9,34.92,14.708000000000002,1014.56,88.8,17.580000000000002,0.0,2.56,14.7379,108.4018,9.868,11.252,12,52,51,47,1970-01-21 10:41:10.032,1970-01-21 10:41:50.532,Đông,,,
Quảng Ngãi,Duyên hải Nam Trung Bộ,2025-12-24,20.1,24.06,16.619999999999997,22.06,25.880000000000003,17.84,0.26,0.26,0.0,2.0,87.8,11.28,31.24,14.336000000000002,1013.54,91.4,17.860000000000003,0.0,2.596,14.7379,108.4018,9.888,11.256,12,52,3,14,1970-01-21 10:42:36.480,1970-01-21 10:43:16.992,Đông,,,
Quảng Ngãi,Duyên hải Nam Trung Bộ,2025-12-25,19.18,20.54,17.66,20.92,22.380000000000003,18.46,10.46,10.46,0.0,16.2,95.4,14.66,39.459999999999994,7.314,1015.3,100.0,18.42,0.0,1.242,14.7379,108.4018,3.184,11.256,12,52,51,6,1970-01-21 10:44:02.892,1970-01-21 10:44:43.416,Đông,,,
Quảng Ngãi,Duyên hải Nam Trung Bộ,2025-12-26,17.46,18.880000000000003,16.360000000000003,18.0,19.26,17.2,7.859999999999999,7.859999999999999,0.0,14.2,93.6,15.88,41.54,6.859999999999999,1017.22,99.6,16.34,0.0,1.17,14.7379,108.4018,1.314,11.256,12,52,51,9,1970-01-21 10:45:29.328,1970-01-21 10:46:09.852,Đông,,,
Quảng Ngãi,Duyên hải Nam Trung Bộ,2025-12-27,17.86,21.26,16.1,18.8,21.74,16.880000000000003,2.74,2.74,0.0,9.0,90.6,15.580000000000002,40.32,13.126,1017.38,95.2,16.16,0.0,2.198,14.7379,108.4018,8.084,11.256,12,52,53,41,1970-01-21 10:46:55.752,1970-01-21 10:47:36.276,Đông,,,
Quảng Ngãi,Duyên hải Nam Trung Bộ,2025-12-28,18.380000000000003,21.82,16.2,19.58,22.44,17.64,1.82,1.82,0.0,8.2,89.4,13.62,37.02,14.556,1017.3,84.6,16.4,0.0,2.49,14.7379,108.4018,9.42,11.258,12,52,51,43,1970-01-21 10:48:22.188,1970-01-21 10:49:02.712,Đông,,,
Quảng Ngãi,Duyên hải Nam Trung Bộ,2025-12-29,18.18,22.3,14.919999999999998,19.520000000000003,23.34,16.04,2.74,2.74,0.0,10.2,88.4,10.58,29.04,14.218,1015.98,75.4,16.04,0.0,2.524,14.7379,108.4018,8.91,11.262,12,1,53,20,1970-01-21 10:49:48.612,1970-01-21 10:50:29.148,Đông,,,
Quảng Ngãi,Duyên hải Nam Trung Bộ,2025-12-30,18.119999999999997,21.28,16.32,19.380000000000003,21.7,17.7,1.58,1.58,0.0,9.6,88.2,11.44,30.880000000000003,12.754,1014.9,96.4,16.02,0.0,2.224,14.7379,108.4018,7.464,11.266,12,1,51,26,1970-01-21 10:51:15.012,1970-01-21 10:51:55.572,Đông,,,
Quảng Ngãi,Duyên hải Nam Trung Bộ,2025-12-31,18.4,22.46,15.9,19.619999999999997,23.48,17.22,0.3399999999999999,0.3399999999999999,0.0,2.0,84.6,9.34,25.76,15.078,1013.34,91.0,15.54,0.0,2.68,14.7379,108.4018,9.754,11.266,12,1,51,20,1970-01-21 10:52:41.460,1970-01-21 10:53:22.008,Đông,,,
Quảng Ngãi,Duyên hải Nam Trung Bộ,2026-01-01,17.78,21.52,14.88,18.36,21.78,15.06,0.38,0.38,0.0,2.2,83.6,13.18,35.8,16.15,1015.24,66.0,14.74,0.0,2.75,14.7379,108.4018,10.472,11.268,1,1,51,35,1970-01-21 10:54:07.872,1970-01-21 10:54:48.432,Đông,,,
Quảng Ngãi,Duyên hải Nam Trung Bộ,2026-01-02,16.2,18.6,14.26,16.380000000000003,18.8,14.06,6.26,6.26,0.0,15.2,92.6,17.98,49.68,8.798,1018.5,85.0,14.94,0.0,1.35,14.7379,108.4018,3.646,11.272,1,1,51,0,1970-01-21 10:55:34.284,1970-01-21 10:56:14.892,Đông,,,
Quảng Ngãi,Duyên hải Nam Trung Bộ,2026-01-03,16.119999999999997,18.74,14.080000000000002,16.04,18.36,13.919999999999998,5.48,5.48,0.0,18.4,91.8,18.5,47.94,14.028,1019.34,86.4,14.7,0.0,2.082,14.7379,108.4018,9.03,11.276,1,1,51,17,1970-01-21 10:57:00.720,1970-01-21 10:57:41.304,Đông,,,
Quảng Ngãi,Duyên hải Nam Trung Bộ,2026-01-04,16.919999999999998,20.82,13.62,17.419999999999998,21.36,13.419999999999998,1.42,1.42,0.0,8.0,90.0,14.080000000000002,36.120000000000005,12.764,1018.66,91.6,15.12,0.0,2.146,14.7379,108.4018,8.940000000000001,11.282,1,1,51,0,1970-01-21 10:58:27.132,1970-01-21 10:59:07.752,Đông,,,
Quảng Ngãi,Duyên hải Nam Trung Bộ,2026-01-05,17.28,19.880000000000003,15.22,18.119999999999997,20.6,15.7,5.0200000000000005,5.0200000000000005,0.0,11.0,92.8,14.24,37.08,10.856,1019.02,90.8,16.06,0.0,1.7740000000000002,14.7379,108.4018,6.093999999999999,11.286,1,2,3,6,1970-01-21 10:59:53.532,1970-01-21 11:00:34.176,Đông,,,
Quảng Ngãi,Duyên hải Nam Trung Bộ,2026-01-06,16.34,19.54,14.62,16.259999999999998,18.86,14.56,5.4799999999999995,5.4799999999999995,0.0,14.4,91.0,18.7,49.9,13.186000000000002,1020.56,89.8,14.74,0.0,2.064,14.7379,108.4018,7.409999999999999,11.29,1,2,51,6,1970-01-21 11:01:19.980,1970-01-21 11:02:00.612,Đông,,,
Quảng Ngãi,Duyên hải Nam Trung Bộ,2026-01-07,15.18,17.28,13.919999999999998,14.82,16.7,13.48,5.12,5.12,0.0,15.6,93.4,17.1,44.36,8.828,1021.7,98.8,14.02,0.0,1.36,14.7379,108.4018,2.812,11.296,1,2,51,1,1970-01-21 11:02:46.392,1970-01-21 11:03:27.048,Đông,,,
Quảng Ngãi,Duyên hải Nam Trung Bộ,2026-01-08,14.34,16.86,12.16,13.28,15.26,11.0,5.66,5.66,0.0,12.8,90.4,19.48,49.48,12.094,1021.88,86.8,12.68,0.0,1.766,14.7379,108.4018,7.803999999999999,11.3,1,2,51,0,1970-01-21 11:04:12.792,1970-01-21 11:04:53.472,Đông,,,
Quảng Ngãi,Duyên hải Nam Trung Bộ,2026-01-09,13.78,17.14,11.06,12.5,15.88,9.56,0.4599999999999999,0.4599999999999999,0.0,2.6,83.2,16.48,42.54,11.634,1020.68,77.2,10.84,0.0,1.886,14.7379,108.4018,7.054,11.306,1,2,51,32,1970-01-21 11:05:39.228,1970-01-21 11:06:19.932,Đông,,,
Quảng Ngãi,Duyên hải Nam Trung Bộ,2026-01-10,14.56,18.66,10.68,13.84,18.08,9.42,0.24,0.24,0.0,2.0,81.8,11.98,32.54,15.162,1019.32,76.8,11.22,0.0,2.48,14.7379,108.4018,8.914,11.312,1,2,3,32,1970-01-21 11:07:05.640,1970-01-21 11:07:46.356,Đông,,,
Quảng Ngãi,Duyên hải Nam Trung Bộ,2026-01-11,14.96,19.0,11.48,14.24,17.88,10.3,0.48,0.48,0.0,3.4,83.6,16.080000000000002,42.059999999999995,14.34,1021.22,66.2,11.98,0.0,2.35,14.7379,108.4018,8.122,11.318,1,2,51,3,1970-01-21 11:08:32.052,1970-01-21 11:09:12.792,Đông,,,
Quảng Ngãi,Duyên hải Nam Trung Bộ,2026-01-12,15.76,21.7,10.78,15.8,22.84,9.82,0.0,0.0,0.0,0.0,83.4,10.36,26.58,14.907999999999998,1019.62,86.0,12.7,0.0,2.6079999999999997,14.7379,108.4018,8.57,11.326,1,3,3,0,1970-01-21 11:09:58.452,1970-01-21 11:10:39.228,Đông,,,
Quảng Ngãi,Duyên hải Nam Trung Bộ,2026-01-13,16.9,21.92,13.74,17.16,22.7,13.580000000000002,0.02,0.02,0.0,0.2,81.6,12.66,33.0,19.139999999999997,1018.76,76.0,13.34,0.0,3.2619999999999996,14.7379,108.4018,10.492,11.33,1,3,3,3,1970-01-21 11:11:24.852,1970-01-21 11:12:05.652,Đông,,,
Quảng Ngãi,Duyên hải Nam Trung Bộ,2026-01-14,17.919999999999998,23.08,14.32,19.160000000000004,24.84,14.96,0.2799999999999999,0.2799999999999999,0.0,2.0,84.8,8.12,23.6,14.95,1016.54,78.6,15.04,0.0,2.698,14.7379,108.4018,7.856,11.338,1,3,51,12,1970-01-21 11:12:51.288,1970-01-21 11:13:32.100,Đông,,,
Quảng Ngãi,Duyên hải Nam Trung Bộ,2026-01-15,18.82,23.64,16.18,20.26,25.380000000000003,17.54,0.44,0.44,0.0,4.0,85.4,10.58,29.24,16.024,1016.08,76.4,16.1,0.0,2.8899999999999997,14.7379,108.4018,8.836,11.346,1,3,51,16,1970-01-21 11:14:17.700,1970-01-21 11:14:58.536,Đông,,,
Quảng Ngãi,Duyên hải Nam Trung Bộ,2026-01-16,18.92,24.9,13.2,20.54,27.6,13.580000000000002,0.08,0.08,0.0,0.6,82.8,7.48,22.84,20.018,1014.16,62.4,15.48,0.0,3.622,14.7379,108.4018,10.83,11.352,1,3,3,23,1970-01-21 11:15:44.100,1970-01-21 11:16:24.972,Đông,,,
Quảng Ngãi,Duyên hải Nam Trung Bộ,2026-01-17,19.380000000000003,24.42,14.919999999999998,21.119999999999997,26.639999999999997,15.94,0.36,0.36,0.0,3.0,85.6,11.22,31.4,18.134,1012.6,82.6,16.619999999999997,0.0,3.3019999999999996,14.7379,108.4018,10.366,11.36,1,3,51,26,1970-01-21 11:17:10.500,1970-01-21 11:17:51.396,Đông,,,
Quảng Ngãi,Duyên hải Nam Trung Bộ,2026-01-18,19.0,23.9,15.419999999999998,20.46,25.82,16.3,0.54,0.54,0.0,3.2,83.8,11.2,30.660000000000004,18.896,1012.32,64.4,15.82,0.0,3.3920000000000003,14.7379,108.4018,10.834,11.37,1,3,51,10,1970-01-21 11:18:36.912,1970-01-21 11:19:17.832,Đông,,,
Quảng Ngãi,Duyên hải Nam Trung Bộ,2026-01-19,18.639999999999997,23.7,14.48,19.84,25.380000000000003,14.94,0.02,0.02,0.0,0.2,81.2,9.72,28.1,21.272,1013.56,75.2,14.78,0.0,3.772,14.7379,108.4018,11.178,11.376,1,4,3,9,1970-01-21 11:20:03.312,1970-01-21 11:20:44.268,Đông,,,
Quảng Ngãi,Duyên hải Nam Trung Bộ,2026-01-20,17.5,22.72,13.1,18.14,23.54,13.16,0.2799999999999999,0.2799999999999999,0.0,1.8,83.6,13.38,37.5,18.82,1015.34,43.2,14.320000000000002,0.0,3.258,14.7379,108.4018,10.834,11.386,1,4,51,15,1970-01-21 11:21:29.712,1970-01-21 11:22:10.692,Đông,,,
Quảng Ngãi,Duyên hải Nam Trung Bộ,2026-01-21,16.68,21.22,13.2,16.9,21.119999999999997,13.12,1.46,1.46,0.0,7.2,86.8,15.52,42.56,16.596,1017.68,64.8,14.26,0.0,2.752,14.7379,108.4018,10.506,11.392,1,4,51,10,1970-01-21 11:22:56.112,1970-01-21 11:23:37.140,Đông,,,
Quảng Ngãi,Duyên hải Nam Trung Bộ,2026-01-22,16.4,19.380000000000003,14.0,16.880000000000003,19.66,14.32,6.14,6.14,0.0,14.0,93.0,14.539999999999996,41.54,11.512,1019.62,85.6,15.14,0.0,1.828,14.7379,108.4018,7.093999999999999,11.4,1,4,61,39,1970-01-21 11:24:22.512,1970-01-21 11:25:03.552,Đông,,,
Quảng Ngãi,Duyên hải Nam Trung Bộ,2026-01-23,16.3,18.98,14.8,16.84,19.66,14.86,6.36,6.36,0.0,19.4,93.8,14.12,38.8,11.036,1020.84,93.6,15.3,0.0,1.7259999999999998,14.7379,108.4018,5.358,11.41,1,4,51,13,1970-01-21 11:25:48.912,1970-01-21 11:26:30.000,Đông,,,
Quảng Ngãi,Duyên hải Nam Trung Bộ,2026-01-24,16.68,20.02,14.34,17.259999999999998,20.64,14.78,3.64,3.64,0.0,12.8,89.6,11.76,32.56,13.324000000000002,1020.38,84.6,14.76,0.0,2.232,14.7379,108.4018,7.918000000000001,11.42,1,4,51,17,1970-01-21 11:27:15.312,1970-01-21 11:27:56.412,Đông,,,
Quảng Ngãi,Duyên hải Nam Trung Bộ,2026-01-25,16.78,23.06,10.62,17.4,24.44,10.02,0.1,0.1,0.0,1.0,82.0,9.56,27.42,21.362,1018.48,76.6,13.12,0.0,3.7,14.7379,108.4018,11.054,11.43,1,4,3,16,1970-01-21 11:28:41.712,1970-01-21 11:29:22.860,Đông,,,
Quảng Ngãi,Duyên hải Nam Trung Bộ,2026-01-26,17.16,21.58,13.06,17.94,22.14,13.26,0.82,0.82,0.0,4.0,86.4,10.76,30.160000000000004,15.578,1018.9,67.6,14.62,0.0,2.698,14.7379,108.4018,9.82,11.44,1,5,51,1,1970-01-21 11:30:08.112,1970-01-21 11:30:49.272,Đông,,,
Quảng Ngãi,Duyên hải Nam Trung Bộ,2026-01-27,16.72,20.86,12.82,17.3,21.26,12.58,0.86,0.86,0.0,3.8,88.4,11.8,31.9,12.722,1019.38,72.6,14.66,0.0,2.2,14.7379,108.4018,7.13,11.45,1,5,51,34,1970-01-21 11:31:34.500,1970-01-21 11:32:15.720,Đông,,,
Quảng Ngãi,Duyên hải Nam Trung Bộ,2026-01-28,17.3,21.54,14.04,17.86,21.9,14.28,1.54,1.54,0.0,9.0,87.4,14.82,39.94,15.138,1019.06,82.2,15.06,0.0,2.582,14.7379,108.4018,9.284,11.46,1,5,51,15,1970-01-21 11:33:00.900,1970-01-21 11:33:42.132,Đông,,,
Quảng Ngãi,Duyên hải Nam Trung Bộ,2026-01-29,17.96,22.72,14.28,19.1,24.02,14.96,0.3,0.3,0.0,2.4,84.4,9.2,26.4,17.418,1018.36,78.2,14.94,0.0,3.102,14.7379,108.4018,10.332,11.47,1,5,51,43,1970-01-21 11:34:27.300,1970-01-21 11:35:08.580,Đông,,,
Quảng Ngãi,Duyên hải Nam Trung Bộ,2026-01-30,18.6,24.36,13.82,19.94,26.160000000000004,14.48,0.02,0.02,0.0,0.2,83.4,10.84,29.46,18.482,1018.26,76.0,15.4,0.0,3.378,14.7379,108.4018,10.208000000000002,11.48,1,5,3,16,1970-01-21 11:35:53.688,1970-01-21 11:36:34.992,Đông,,,
Quảng Ngãi,Duyên hải Nam Trung Bộ,2026-01-31,18.4,22.64,15.46,19.3,23.08,16.2,1.08,1.08,0.0,5.6,84.2,13.7,37.72,16.562,1019.12,89.4,15.46,0.0,2.936,14.7379,108.4018,9.726,11.49,1,5,3,17,1970-01-21 11:37:20.052,1970-01-21 11:38:01.440,Đông,,,
Quảng Ngãi,Duyên hải Nam Trung Bộ,2026-02-01,17.5,22.02,14.22,18.06,22.42,14.44,2.5,2.5,0.0,8.6,87.6,15.38,40.96,15.968,1019.8,82.8,15.22,0.0,2.734,14.7379,108.4018,9.952,11.5,2,5,51,4,1970-01-21 11:38:46.452,1970-01-21 11:39:27.852,Đông,,,
Quảng Ngãi,Duyên hải Nam Trung Bộ,2026-02-02,17.1,19.619999999999997,15.22,17.84,20.64,15.52,11.1,11.1,0.0,21.0,95.2,14.580000000000002,41.48,9.708,1020.36,97.6,16.32,0.0,1.536,14.7379,108.4018,3.5119999999999996,11.51,2,6,61,13,1970-01-21 11:40:12.840,1970-01-21 11:40:54.288,Đông,,,
Quảng Ngãi,Duyên hải Nam Trung Bộ,2026-02-03,17.22,19.58,16.1,17.88,19.94,16.68,5.66,5.66,0.0,16.0,93.4,15.86,40.62,9.908,1020.84,99.0,16.119999999999997,0.0,1.61,14.7379,108.4018,3.776,11.52,2,6,51,15,1970-01-21 11:41:39.240,1970-01-21 11:42:20.712,Đông,,,
Quảng Ngãi,Duyên hải Nam Trung Bộ,2026-02-04,18.22,23.16,14.66,19.4,24.58,15.24,0.18,0.18,0.0,1.6,86.2,10.26,27.78,16.607999999999997,1018.8,88.2,15.580000000000002,0.0,2.964,14.7379,108.4018,9.59,11.534,2,6,3,44,1970-01-21 11:43:05.640,1970-01-21 11:43:47.148,Đông,,,
Quảng Ngãi,Duyên hải Nam Trung Bộ,2026-02-05,19.9,25.880000000000003,15.06,22.06,28.8,16.04,0.0,0.0,0.0,0.0,84.6,8.459999999999999,25.5,18.826,1016.3,89.8,16.919999999999998,0.0,3.53,14.7379,108.4018,10.664,11.548,2,6,3,33,1970-01-21 11:44:31.992,1970-01-21 11:45:13.572,Đông,,,
Quảng Ngãi,Duyên hải Nam Trung Bộ,2026-02-06,21.14,27.18,17.06,23.76,30.74,18.9,0.26,0.26,0.0,0.8,83.8,9.739999999999998,27.78,20.326,1014.76,57.6,17.98,0.0,3.866,14.7379,108.4018,11.014,11.56,2,6,3,23,1970-01-21 11:45:58.380,1970-01-21 11:46:39.996,Đông,,,
Quảng Ngãi,Duyên hải Nam Trung Bộ,2026-02-07,20.119999999999997,24.24,17.66,22.04,26.4,19.04,1.0,1.0,0.0,6.6,86.4,12.02,32.019999999999996,15.563999999999998,1016.12,96.6,17.580000000000002,0.0,2.932,14.7379,108.4018,8.378,11.57,2,6,51,22,1970-01-21 11:47:24.780,1970-01-21 11:48:06.420,Đông,,,
Quảng Ngãi,Duyên hải Nam Trung Bộ,2026-02-08,17.72,20.44,15.82,18.26,20.979999999999997,16.380000000000003,5.98,5.98,0.0,16.8,90.6,18.02,50.26,15.906,1018.64,86.4,16.119999999999997,0.0,2.4579999999999997,14.7379,108.4018,10.158,11.58,2,6,51,16,1970-01-21 11:48:51.132,1970-01-21 11:49:32.832,Đông,,,
Quảng Ngãi,Duyên hải Nam Trung Bộ,2026-02-09,17.8,21.119999999999997,15.88,18.6,22.06,16.46,4.74,4.74,0.0,15.0,91.0,15.56,41.2,15.580000000000002,1018.28,94.6,16.2,0.0,2.56,14.7379,108.4018,8.106,11.59,2,7,51,21,1970-01-21 11:50:17.532,1970-01-21 11:50:59.268,Đông,,,
Quảng Ngãi,Duyên hải Nam Trung Bộ,2026-02-10,18.32,22.96,14.48,19.58,24.619999999999997,15.14,0.62,0.62,0.0,4.6,85.8,10.88,29.68,18.03,1018.2,88.8,15.66,0.0,3.162,14.7379,108.4018,10.034,11.6,2,7,51,15,1970-01-21 11:51:43.920,1970-01-21 11:52:25.692,Đông,,,
Quảng Ngãi,Duyên hải Nam Trung Bộ,2026-02-11,18.9,23.0,15.14,20.48,25.22,16.02,1.34,1.34,0.0,6.4,88.6,10.84,29.32,15.298000000000002,1019.32,88.0,16.78,0.0,2.724,14.7379,108.4018,8.36,11.616,2,7,3,10,1970-01-21 11:53:10.320,1970-01-21 11:53:52.092,Đông,,,
Quảng Ngãi,Duyên hải Nam Trung Bộ,2026-02-12,19.18,23.639999999999997,16.02,20.52,25.44,17.02,0.3399999999999999,0.3399999999999999,0.0,2.8,84.2,12.18,33.9,19.901999999999997,1017.82,66.0,16.16,0.0,3.524,14.7379,108.4018,11.256,11.63,2,7,3,10,1970-01-21 11:54:36.672,1970-01-21 11:55:18.540,Đông,,,
Quảng Ngãi,Duyên hải Nam Trung Bộ,2026-02-13,18.880000000000003,24.42,14.6,19.94,26.46,14.86,0.0,0.0,0.0,0.0,78.8,11.38,31.520000000000003,22.5,1016.28,86.6,14.64,0.0,4.086,14.7379,108.4018,11.272,11.64,2,7,3,11,1970-01-21 11:56:03.060,1970-01-21 11:56:44.952,Đông,,,
Quảng Ngãi,Duyên hải Nam Trung Bộ,2026-02-14,18.74,24.16,14.14,19.44,25.660000000000004,13.96,0.02,0.02,0.0,0.2,76.6,12.6,35.72,21.064,1015.8,74.2,14.220000000000002,0.0,3.82,14.7379,108.4018,11.2,11.65,2,7,3,17,1970-01-21 11:57:29.412,1970-01-21 11:58:11.376,Đông,,,
Quảng Ngãi,Duyên hải Nam Trung Bộ,2026-02-15,19.72,25.44,14.62,21.08,28.3,14.1,0.02,0.02,0.0,0.2,77.0,10.1,29.0,19.928,1014.94,57.0,15.32,0.0,3.758,14.7379,108.4018,11.414,11.666,2,7,3,52,1970-01-21 11:58:55.800,1970-01-21 11:59:37.800,Đông,,,
Quảng Ngãi,Duyên hải Nam Trung Bộ,2026-02-16,20.68,25.94,15.76,22.76,28.24,16.86,0.12,0.12,0.0,1.0,83.8,10.98,30.619999999999997,19.738,1014.46,58.0,17.52,0.0,3.694,14.7379,108.4018,11.22,11.678,2,8,3,55,1970-01-21 12:00:22.200,1970-01-21 12:01:04.212,Đông,,,
Quảng Ngãi,Duyên hải Nam Trung Bộ,2026-02-17,20.28,24.5,17.66,22.2,26.5,19.36,2.74,2.74,0.0,11.4,88.4,13.920000000000002,37.64,16.972,1015.88,91.6,18.1,0.0,3.098,14.7379,108.4018,9.844,11.69,2,8,53,22,1970-01-21 12:01:48.540,1970-01-21 12:02:30.624,Đông,,,
Quảng Ngãi,Duyên hải Nam Trung Bộ,2026-02-18,19.5,22.44,17.68,21.119999999999997,24.02,19.1,7.8,7.8,0.0,17.6,92.2,15.38,41.48,14.946000000000002,1017.86,91.0,18.119999999999997,0.0,2.516,14.7379,108.4018,8.081999999999999,11.702,2,8,61,22,1970-01-21 12:03:14.940,1970-01-21 12:03:57.060,Đông,,,
Quảng Ngãi,Duyên hải Nam Trung Bộ,2026-02-19,18.92,22.42,17.04,20.1,23.74,18.18,4.9399999999999995,4.9399999999999995,0.0,14.8,90.6,16.84,43.78,17.368000000000002,1019.38,81.6,17.14,0.0,2.93,14.7379,108.4018,9.326,11.716,2,8,51,13,1970-01-21 12:04:41.280,1970-01-21 12:05:23.460,Đông,,,
Quảng Ngãi,Duyên hải Nam Trung Bộ,2026-02-20,18.86,22.7,16.82,19.96,23.6,18.04,3.1,3.1,0.0,12.0,88.0,14.34,38.18,16.59,1018.88,86.6,16.64,0.0,2.91,14.7379,108.4018,9.432,11.73,2,8,53,45,1970-01-21 12:06:07.680,1970-01-21 12:06:49.872,Đông,,,
Quảng Ngãi,Duyên hải Nam Trung Bộ,2026-02-21,19.6,26.76,13.04,21.48,30.24,13.34,0.0,0.0,0.0,0.0,81.2,9.12,24.84,23.622,1012.96,50.0,15.72,0.0,4.424,14.7379,108.4018,11.622,11.742,2,8,3,34,1970-01-21 12:07:34.020,1970-01-21 12:08:16.308,Đông,,,
Quảng Ngãi,Duyên hải Nam Trung Bộ,2026-02-22,21.4,28.48,16.419999999999998,23.880000000000003,32.14,17.8,0.16,0.16,0.0,1.2,80.6,11.84,34.06,22.734,1010.94,43.0,17.4,0.0,4.414,14.7379,108.4018,11.406,11.756,2,8,51,33,1970-01-21 12:09:00.420,1970-01-21 12:09:42.720,Đông,,,
Quảng Ngãi,Duyên hải Nam Trung Bộ,2026-02-23,21.78,27.839999999999996,18.34,24.34,31.22,20.8,0.54,0.54,0.0,3.4,80.8,9.64,27.8,22.978,1011.82,44.6,17.759999999999998,0.0,4.468,14.7379,108.4018,10.886,11.768,2,9,51,58,1970-01-21 12:10:26.760,1970-01-21 12:11:09.132,Đông,,,
Quảng Ngãi,Duyên hải Nam Trung Bộ,2026-02-24,21.28,27.660000000000004,16.16,23.7,31.06,17.46,0.1,0.1,0.0,1.0,80.6,10.28,29.96,23.184,1012.52,55.8,17.240000000000002,0.0,4.465999999999999,14.7379,108.4018,11.186,11.782,2,9,3,36,1970-01-21 12:11:53.160,1970-01-21 12:12:35.532,Đông,,,
Quảng Ngãi,Duyên hải Nam Trung Bộ,2026-02-25,21.42,27.52,16.64,23.76,30.54,18.36,0.02,0.02,0.0,0.2,79.4,10.2,29.02,23.948,1013.26,83.4,16.9,0.0,4.618,14.7379,108.4018,11.498,11.796,2,9,3,48,1970-01-21 12:13:19.500,1970-01-21 12:14:01.980,Đông,,,
Quảng Ngãi,Duyên hải Nam Trung Bộ,2026-02-26,22.0,27.380000000000003,18.54,25.06,31.22,21.18,2.74,2.74,0.0,6.4,85.8,9.26,27.96,17.322,1011.5,77.2,19.26,0.0,3.41,14.7379,108.4018,9.61,11.808000000000002,2,9,51,73,1970-01-21 12:14:45.852,1970-01-21 12:15:28.380,Đông,,,
Quảng Ngãi,Duyên hải Nam Trung Bộ,2026-02-27,20.74,23.46,19.5,24.3,27.42,22.66,22.68,22.68,0.0,14.8,96.4,5.98,20.08,8.462,1010.34,98.0,20.08,0.0,1.65,14.7379,108.4018,3.228,11.822,2,9,63,61,1970-01-21 12:16:12.240,1970-01-21 12:16:54.780,Đông,,,
Quảng Ngãi,Duyên hải Nam Trung Bộ,2026-02-28,22.0,28.48,18.32,25.58,33.36,20.66,4.8,4.8,0.0,5.2,88.8,7.74,24.76,19.65,1009.56,69.2,19.8,0.0,3.774,14.7379,108.4018,10.46,11.836,2,9,63,184,1970-01-21 12:17:38.592,1970-01-21 12:18:21.192,Đông,,,
Quảng Ngãi,Duyên hải Nam Trung Bộ,2026-03-01,22.44,29.22,18.44,26.18,34.46,20.78,7.98,7.98,0.0,6.0,88.2,7.74,24.84,19.48,1009.9,55.2,20.119999999999997,0.0,3.802000000000001,14.7379,108.4018,11.046,11.848,3,9,65,216,1970-01-21 12:19:04.980,1970-01-21 12:19:47.628,Xuân,,,
Quảng Ngãi,Duyên hải Nam Trung Bộ,2026-03-02,22.84,29.44,18.9,26.639999999999997,34.68,21.42,8.22,8.22,0.0,4.4,86.6,8.68,26.06,19.094,1011.18,46.4,20.26,0.0,3.74,14.7379,108.4018,11.562,11.861999999999998,3,10,61,212,1970-01-21 12:20:31.320,1970-01-21 12:21:14.040,Xuân,,,
Quảng Ngãi,Duyên hải Nam Trung Bộ,2026-03-03,22.44,29.360000000000003,18.64,26.26,34.86,21.12,8.14,8.14,0.0,5.2,87.8,7.32,26.48,19.278,1011.88,40.8,20.16,0.0,3.718,14.7379,108.4018,11.574,11.876,3,10,63,246,1970-01-21 12:21:57.708,1970-01-21 12:22:40.440,Xuân,,,
Quảng Ngãi,Duyên hải Nam Trung Bộ,2026-03-04,21.16,25.34,18.84,24.3,29.1,21.380000000000003,6.459999999999999,6.459999999999999,0.0,11.6,90.6,7.959999999999999,25.18,16.282,1013.64,73.0,19.5,0.0,2.984,14.7379,108.4018,9.706,11.888000000000002,3,10,53,6,1970-01-21 12:23:24.060,1970-01-21 12:24:06.852,Xuân,,,
Quảng Ngãi,Duyên hải Nam Trung Bộ,2026-03-05,20.14,23.4,18.42,22.5,25.72,20.56,2.34,2.34,0.0,9.8,91.0,10.12,27.56,11.572,1014.2,89.4,18.58,0.0,2.1879999999999997,14.7379,108.4018,5.032,11.902,3,10,51,1,1970-01-21 12:24:50.412,1970-01-21 12:25:33.252,Xuân,,,
Quảng Ngãi,Duyên hải Nam Trung Bộ,2026-03-06,19.3,21.46,17.98,21.2,23.84,19.78,20.08,20.08,0.0,17.0,94.2,12.46,36.36,14.008,1015.52,94.2,18.32,0.0,2.3600000000000003,14.7379,108.4018,7.1240000000000006,11.916,3,10,51,11,1970-01-21 12:26:16.800,1970-01-21 12:26:59.700,Xuân,,,
Quảng Ngãi,Duyên hải Nam Trung Bộ,2026-03-07,19.26,23.14,17.0,20.54,24.18,18.28,2.6,2.6,0.0,8.8,86.8,16.06,43.34,19.32,1016.82,69.0,16.759999999999998,0.0,3.37,14.7379,108.4018,9.488,11.93,3,10,53,44,1970-01-21 12:27:43.140,1970-01-21 12:28:26.100,Xuân,,,
Quảng Ngãi,Duyên hải Nam Trung Bộ,2026-03-08,19.28,23.66,15.86,20.46,25.2,16.54,1.72,1.72,0.0,7.2,85.8,15.7,41.760000000000005,19.104,1016.76,72.2,16.64,0.0,3.4,14.7379,108.4018,10.698,11.941999999999998,3,10,3,4,1970-01-21 12:29:09.504,1970-01-21 12:29:52.500,Xuân,,,
Quảng Ngãi,Duyên hải Nam Trung Bộ,2026-03-09,19.380000000000003,21.619999999999997,17.880000000000003,20.92,23.1,19.4,11.84,11.84,0.0,21.6,94.8,16.9,46.88,12.79,1017.48,93.6,18.44,0.0,2.07,14.7379,108.4018,5.6579999999999995,11.958000000000002,3,11,63,9,1970-01-21 12:30:35.880,1970-01-21 12:31:18.900,Xuân,,,
Quảng Ngãi,Duyên hải Nam Trung Bộ,2026-03-10,18.68,20.880000000000003,17.36,19.8,22.56,18.4,18.16,18.16,0.0,23.8,95.4,17.380000000000003,47.3,14.163999999999998,1018.54,93.2,17.96,0.0,2.16,14.7379,108.4018,5.544,11.97,3,11,63,16,1970-01-21 12:32:02.220,1970-01-21 12:32:45.312,Xuân,,,
Quảng Ngãi,Duyên hải Nam Trung Bộ,2026-03-11,18.54,21.84,16.380000000000003,19.8,23.56,17.259999999999998,5.14,5.14,0.0,15.6,90.8,15.080000000000002,38.96,16.582,1017.34,84.8,16.94,0.0,2.81,14.7379,108.4018,9.874,11.982,3,11,51,45,1970-01-21 12:33:28.584,1970-01-21 12:34:11.712,Xuân,,,
Quảng Ngãi,Duyên hải Nam Trung Bộ,2026-03-12,18.32,21.42,16.56,19.68,23.2,17.86,9.16,9.16,0.0,17.6,93.0,13.6,38.3,14.532,1016.56,94.4,17.1,0.0,2.416,14.7379,108.4018,6.878,12.0,3,11,51,22,1970-01-21 12:34:54.960,1970-01-21 12:35:38.148,Xuân,,,
Quảng Ngãi,Duyên hải Nam Trung Bộ,2026-03-13,18.24,21.74,16.46,19.08,22.8,17.0,8.64,8.64,0.0,19.8,91.2,17.619999999999997,47.46,15.032,1017.36,94.8,16.64,0.0,2.496,14.7379,108.4018,7.025999999999999,12.01,3,11,51,20,1970-01-21 12:36:21.300,1970-01-21 12:37:04.560,Xuân,,,
Quảng Ngãi,Duyên hải Nam Trung Bộ,2026-03-14,18.16,21.16,16.54,18.94,21.46,17.3,15.68,15.68,0.0,17.8,91.0,17.880000000000003,45.72,14.212,1018.56,81.4,16.6,0.0,2.318,14.7379,108.4018,7.454000000000001,12.028,3,11,61,23,1970-01-21 12:37:47.640,1970-01-21 12:38:30.960,Xuân,,,
Quảng Ngãi,Duyên hải Nam Trung Bộ,2026-03-15,18.08,21.66,15.22,19.02,22.44,15.8,2.82,2.82,0.0,10.6,89.0,13.38,35.14,14.174,1018.7,80.0,16.119999999999997,0.0,2.472,14.7379,108.4018,7.56,12.04,3,11,53,1,1970-01-21 12:39:14.040,1970-01-21 12:39:57.360,Xuân,,,
Quảng Ngãi,Duyên hải Nam Trung Bộ,2026-03-16,18.84,22.82,16.2,20.2,24.42,17.3,1.5799999999999998,1.5799999999999998,0.0,8.0,87.2,11.4,31.9,17.554000000000002,1016.64,85.2,16.48,0.0,3.134,14.7379,108.4018,9.216,12.05,3,12,51,6,1970-01-21 12:40:40.380,1970-01-21 12:41:23.760,Xuân,,,
Quảng Ngãi,Duyên hải Nam Trung Bộ,2026-03-17,19.98,25.34,16.380000000000003,21.9,27.98,17.84,0.12,0.12,0.0,1.0,82.4,8.879999999999999,24.98,20.522,1015.24,59.4,16.56,0.0,3.851999999999999,14.7379,108.4018,10.644,12.07,3,12,51,22,1970-01-21 12:42:06.720,1970-01-21 12:42:50.160,Xuân,,,
Quảng Ngãi,Duyên hải Nam Trung Bộ,2026-03-18,20.619999999999997,27.04,15.72,22.96,30.78,16.939999999999998,0.06,0.06,0.0,0.4,82.6,11.0,31.52,24.836,1014.98,43.4,17.16,0.0,4.6899999999999995,14.7379,108.4018,11.89,12.08,3,12,3,43,1970-01-21 12:43:33.084,1970-01-21 12:44:16.572,Xuân,,,
Quảng Ngãi,Duyên hải Nam Trung Bộ,2026-03-19,21.1,27.22,16.72,23.5,31.119999999999997,18.04,0.32,0.32,0.0,1.6,80.6,11.72,33.42,24.502,1014.26,51.4,17.14,0.0,4.664,14.7379,108.4018,11.696000000000002,12.1,3,12,51,40,1970-01-21 12:44:59.460,1970-01-21 12:45:42.984,Xuân,,,
Quảng Ngãi,Duyên hải Nam Trung Bộ,2026-03-20,21.160000000000004,27.360000000000003,15.920000000000002,23.82,31.24,17.6,0.5,0.5,0.0,2.2,82.8,9.56,27.94,23.872,1014.02,41.2,17.7,0.0,4.601999999999999,14.7379,108.4018,11.696000000000002,12.11,3,12,3,29,1970-01-21 12:46:25.800,1970-01-21 12:47:09.420,Xuân,,,
Quảng Ngãi,Duyên hải Nam Trung Bộ,2026-03-21,21.04,26.74,15.86,23.4,30.139999999999997,17.22,0.06,0.06,0.0,0.4,81.0,10.68,30.839999999999996,25.072,1015.12,39.6,17.16,0.0,4.766,14.7379,108.4018,11.898,12.12,3,12,3,60,1970-01-21 12:47:52.152,1970-01-21 12:48:35.820,Xuân,,,
Quảng Ngãi,Duyên hải Nam Trung Bộ,2026-03-22,21.28,27.32,16.36,23.619999999999997,30.78,17.44,0.04,0.04,0.0,0.4,79.2,10.62,29.8,25.524,1014.42,42.4,16.939999999999998,0.0,4.886,14.7379,108.4018,11.9,12.14,3,12,3,61,1970-01-21 12:49:18.540,1970-01-21 12:50:02.220,Xuân,,,
Quảng Ngãi,Duyên hải Nam Trung Bộ,2026-03-23,21.66,28.32,16.240000000000002,24.02,31.839999999999996,17.4,0.1399999999999999,0.1399999999999999,0.0,1.2,77.2,10.32,28.5,25.994,1013.68,33.2,16.66,0.0,5.0520000000000005,14.7379,108.4018,11.7,12.15,3,13,3,53,1970-01-21 12:50:44.880,1970-01-21 12:51:28.620,Xuân,,,
Quảng Ngãi,Duyên hải Nam Trung Bộ,2026-03-24,21.58,28.660000000000004,15.16,23.66,31.96,15.6,0.0,0.0,0.0,0.0,73.8,9.56,27.640000000000004,26.474,1012.3,20.8,15.8,0.0,5.1899999999999995,14.7379,108.4018,11.904,12.162,3,13,3,36,1970-01-21 12:52:11.220,1970-01-21 12:52:55.020,Xuân,,,
Quảng Ngãi,Duyên hải Nam Trung Bộ,2026-03-25,21.72,28.6,14.920000000000002,23.86,32.24,15.14,0.0,0.0,0.0,0.0,73.0,9.92,29.24,26.456,1012.74,23.8,15.9,0.0,5.204000000000001,14.7379,108.4018,11.906,12.18,3,13,3,44,1970-01-21 12:53:37.608,1970-01-21 12:54:21.420,Xuân,,,
Quảng Ngãi,Duyên hải Nam Trung Bộ,2026-03-26,22.84,30.7,16.06,25.2,33.78,16.64,0.06,0.06,0.0,0.6,71.2,9.8,27.72,26.714,1012.02,25.8,16.16,0.0,5.412,14.7379,108.4018,11.908,12.19,3,13,3,38,1970-01-21 12:55:03.960,1970-01-21 12:55:47.832,Xuân,,,
Quảng Ngãi,Duyên hải Nam Trung Bộ,2026-03-27,23.34,31.58,16.54,25.380000000000003,34.46,17.44,0.0,0.0,0.0,0.0,66.0,9.54,27.72,26.877999999999997,1010.92,10.4,15.4,0.0,5.529999999999999,14.7379,108.4018,11.91,12.208000000000002,3,13,0,48,1970-01-21 12:56:30.300,1970-01-21 12:57:14.244,Xuân,,,
Quảng Ngãi,Duyên hải Nam Trung Bộ,2026-03-28,23.1,31.56,16.0,24.78,33.839999999999996,15.86,0.0,0.0,0.0,0.0,64.6,10.42,29.3,27.214,1010.78,1.6,14.52,0.0,5.65,14.7379,108.4018,11.91,12.22,3,13,0,25,1970-01-21 12:57:56.652,1970-01-21 12:58:40.680,Xuân,,,
Quảng Ngãi,Duyên hải Nam Trung Bộ,2026-03-29,23.119999999999997,31.8,15.26,24.76,34.46,14.580000000000002,0.0,0.0,0.0,0.0,64.2,12.1,31.82,26.916000000000004,1010.84,12.4,14.66,0.0,5.6579999999999995,14.7379,108.4018,11.914,12.232,3,13,3,50,1970-01-21 12:59:23.040,1970-01-21 13:00:07.080,Xuân,,,
Quảng Ngãi,Duyên hải Nam Trung Bộ,2026-03-30,23.9,32.459999999999994,17.14,26.06,35.08,18.1,0.0,0.0,0.0,0.0,67.4,11.26,32.04,25.79,1011.34,12.4,16.28,0.0,5.49,14.7379,108.4018,11.916,12.248,3,14,3,63,1970-01-21 13:00:49.380,1970-01-21 13:01:33.480,Xuân,,,
Quảng Ngãi,Duyên hải Nam Trung Bộ,2026-03-31,24.56,32.3,18.04,26.42,35.2,18.46,0.0,0.0,0.0,0.0,62.6,9.7,27.5,24.741999999999997,1011.42,64.4,16.080000000000002,0.0,5.286,14.7379,108.4018,11.918,12.26,3,14,3,192,1970-01-21 13:02:15.732,1970-01-21 13:02:59.880,Xuân,,,
Quảng Ngãi,Duyên hải Nam Trung Bộ,2026-04-01,24.7,32.0,19.119999999999997,26.82,34.76,19.6,0.0,0.0,0.0,0.0,64.6,11.2,31.76,25.096,1011.74,13.4,16.68,0.0,5.442,14.7379,108.4018,11.918,12.274,4,14,2,14,1970-01-21 13:03:42.108,1970-01-21 13:04:26.280,Xuân,,,
Quảng Ngãi,Duyên hải Nam Trung Bộ,2026-04-02,23.7,30.78,17.46,25.94,33.7,18.78,0.02,0.02,0.0,0.2,69.2,10.86,30.96,25.992,1012.78,23.4,16.82,0.0,5.444,14.7379,108.4018,11.92,12.29,4,14,3,94,1970-01-21 13:05:08.460,1970-01-21 13:05:52.680,Xuân,,,
Quảng Ngãi,Duyên hải Nam Trung Bộ,2026-04-03,24.36,31.72,17.84,26.46,35.46,18.7,0.02,0.02,0.0,0.2,64.2,10.1,29.5,25.894,1010.38,4.4,16.46,0.0,5.470000000000001,14.7379,108.4018,11.92,12.302,4,14,0,73,1970-01-21 13:06:34.800,1970-01-21 13:07:19.080,Xuân,,,
Quảng Ngãi,Duyên hải Nam Trung Bộ,2026-04-04,25.52,32.839999999999996,20.0,27.46,35.92,21.24,0.04,0.04,0.0,0.4,63.0,11.92,33.48,25.286,1008.68,30.4,16.919999999999998,0.0,5.524,14.7379,108.4018,11.925999999999998,12.318,4,14,3,215,1970-01-21 13:08:01.152,1970-01-21 13:08:45.492,Xuân,,,
Quảng Ngãi,Duyên hải Nam Trung Bộ,2026-04-05,25.839999999999996,33.14,19.74,27.940000000000005,36.019999999999996,20.74,0.1,0.1,0.0,0.8,61.4,12.08,32.239999999999995,25.074,1008.42,20.8,17.119999999999997,0.0,5.614,14.7379,108.4018,11.925999999999998,12.33,4,14,3,200,1970-01-21 13:09:27.540,1970-01-21 13:10:11.904,Xuân,,,
Quảng Ngãi,Duyên hải Nam Trung Bộ,2026-04-06,26.22,33.44,20.66,28.3,36.6,21.72,0.02,0.02,0.0,0.2,60.6,12.46,33.839999999999996,25.446,1009.4,5.6,17.16,0.0,5.76,14.7379,108.4018,11.928,12.342,4,15,1,199,1970-01-21 13:10:53.880,1970-01-21 13:11:38.340,Xuân,,,
Quảng Ngãi,Duyên hải Nam Trung Bộ,2026-04-07,26.4,34.239999999999995,20.6,28.5,37.16,21.94,0.02,0.02,0.0,0.2,61.4,15.02,39.9,25.428,1010.16,13.2,17.32,0.0,5.702,14.7379,108.4018,11.93,12.358,4,15,2,222,1970-01-21 13:12:20.232,1970-01-21 13:13:04.740,Xuân,,,
Quảng Ngãi,Duyên hải Nam Trung Bộ,2026-04-08,26.339999999999996,34.46,19.9,28.360000000000003,36.82,20.98,0.0,0.0,0.0,0.0,59.0,10.94,29.94,25.607999999999997,1010.76,23.2,16.42,0.0,5.718,14.7379,108.4018,11.93,12.372,4,15,3,10,1970-01-21 13:13:46.608,1970-01-21 13:14:31.140,Xuân,,,
Quảng Ngãi,Duyên hải Nam Trung Bộ,2026-04-09,26.02,34.260000000000005,19.34,28.339999999999996,37.3,19.48,0.1399999999999999,0.1399999999999999,0.0,0.4,60.2,11.56,32.32,25.524,1011.3,13.4,16.82,0.0,5.656000000000001,14.7379,108.4018,11.894,12.382,4,15,2,62,1970-01-21 13:15:12.960,1970-01-21 13:15:57.540,Xuân,,,
Quảng Ngãi,Duyên hải Nam Trung Bộ,2026-04-10,26.72,33.68,20.4,29.26,37.04,21.74,0.06,0.06,0.0,0.6,61.2,11.28,32.120000000000005,24.832,1011.14,24.0,17.78,0.0,5.49,14.7379,108.4018,11.936,12.398,4,15,3,80,1970-01-21 13:16:39.312,1970-01-21 13:17:23.940,Xuân,,,
Quảng Ngãi,Duyên hải Nam Trung Bộ,2026-04-11,26.54,33.62,20.64,29.0,37.36,21.74,0.16,0.16,0.0,1.4,61.4,12.4,33.260000000000005,25.036,1009.96,11.8,17.8,0.0,5.55,14.7379,108.4018,11.938,12.412,4,15,51,11,1970-01-21 13:18:05.688,1970-01-21 13:18:50.340,Xuân,,,
Quảng Ngãi,Duyên hải Nam Trung Bộ,2026-04-12,26.360000000000003,33.14,20.74,29.1,36.84,22.36,0.04,0.04,0.0,0.4,65.4,12.64,33.5,24.728,1009.32,9.0,18.46,0.0,5.46,14.7379,108.4018,11.954,12.422,4,15,51,253,1970-01-21 13:19:32.040,1970-01-21 13:20:16.752,Xuân,,,
Quảng Ngãi,Duyên hải Nam Trung Bộ,2026-04-13,26.28,33.4,20.86,29.46,37.1,22.86,0.12,0.12,0.0,0.6,67.8,11.46,31.48,24.558,1010.7,12.0,18.98,0.0,5.346,14.7379,108.4018,11.954,12.438,4,16,1,47,1970-01-21 13:20:58.392,1970-01-21 13:21:43.164,Xuân,,,
Quảng Ngãi,Duyên hải Nam Trung Bộ,2026-04-14,26.26,33.08,21.2,29.56,36.58,23.72,0.18,0.18,0.0,1.0,68.8,9.6,28.0,24.316,1010.82,13.4,19.22,0.0,5.308,14.7379,108.4018,11.954,12.45,4,16,1,36,1970-01-21 13:22:24.780,1970-01-21 13:23:09.600,Xuân,,,
Quảng Ngãi,Duyên hải Nam Trung Bộ,2026-04-15,25.119999999999997,32.06,20.54,29.059999999999995,37.16,23.24,5.76,5.76,0.0,2.8,78.4,9.98,29.22,21.078,1009.98,43.4,20.68,0.0,4.404,14.7379,108.4018,11.188,12.462,4,16,61,28,1970-01-21 13:23:51.120,1970-01-21 13:24:36.000,Xuân,,,
Quảng Ngãi,Duyên hải Nam Trung Bộ,2026-04-16,24.84,31.42,20.42,28.52,36.8,23.24,2.78,2.78,0.0,3.0,77.6,9.0,28.46,22.184,1010.54,58.4,20.18,0.0,4.586,14.7379,108.4018,11.95,12.478,4,16,53,3,1970-01-21 13:25:17.472,1970-01-21 13:26:02.400,Xuân,,,
Quảng Ngãi,Duyên hải Nam Trung Bộ,2026-04-17,24.32,31.52,19.3,27.9,35.68,21.8,2.58,2.58,0.0,3.8,77.6,9.78,30.74,23.918,1011.36,43.6,19.639999999999997,0.0,4.944,14.7379,108.4018,11.803999999999998,12.49,4,16,51,14,1970-01-21 13:26:43.860,1970-01-21 13:27:28.800,Xuân,,,
Quảng Ngãi,Duyên hải Nam Trung Bộ,2026-04-18,24.04,30.28,20.54,27.68,34.739999999999995,23.92,1.08,1.08,0.0,5.0,80.6,11.84,33.7,22.772,1011.94,69.0,20.04,0.0,4.678,14.7379,108.4018,11.34,12.502,4,16,51,38,1970-01-21 13:28:10.212,1970-01-21 13:28:55.212,Xuân,,,
Quảng Ngãi,Duyên hải Nam Trung Bộ,2026-04-19,23.9,29.880000000000003,19.42,27.139999999999997,33.82,22.24,0.5,0.5,0.0,3.2,76.6,9.06,27.5,24.298,1011.7,57.6,18.92,0.0,4.982,14.7379,108.4018,11.684,12.514,4,16,51,60,1970-01-21 13:29:36.576,1970-01-21 13:30:21.612,Xuân,,,
Quảng Ngãi,Duyên hải Nam Trung Bộ,2026-04-20,23.72,30.32,19.54,26.94,34.660000000000004,22.2,3.6,3.6,0.0,2.2,78.2,8.2,25.639999999999997,21.926,1011.68,58.0,19.06,0.0,4.484,14.7379,108.4018,10.778,12.528,4,17,3,31,1970-01-21 13:31:02.940,1970-01-21 13:31:48.060,Xuân,,,
Quảng Ngãi,Duyên hải Nam Trung Bộ,2026-04-21,23.68,30.139999999999997,18.24,26.74,34.660000000000004,20.22,3.3600000000000003,3.3600000000000003,0.0,2.6,75.6,8.620000000000001,26.119999999999997,23.888,1010.6,28.0,18.5,0.0,4.912000000000001,14.7379,108.4018,11.99,12.54,4,17,2,36,1970-01-21 13:32:29.292,1970-01-21 13:33:14.460,Xuân,,,
Quảng Ngãi,Duyên hải Nam Trung Bộ,2026-04-22,24.52,31.119999999999997,18.880000000000003,27.7,35.22,20.82,0.2599999999999999,0.2599999999999999,0.0,1.8,74.6,11.36,30.32,24.232,1009.66,22.4,19.0,0.0,5.0200000000000005,14.7379,108.4018,12.068,12.552,4,17,51,56,1970-01-21 13:33:55.680,1970-01-21 13:34:40.860,Xuân,,,
Quảng Ngãi,Duyên hải Nam Trung Bộ,2026-04-23,25.3,32.519999999999996,19.94,28.82,37.0,22.3,0.76,0.76,0.0,3.0,74.2,10.88,30.18,23.901999999999997,1009.1,65.4,19.660000000000004,0.0,5.05,14.7379,108.4018,11.974,12.564,4,17,51,117,1970-01-21 13:35:22.032,1970-01-21 13:36:07.260,Xuân,,,
Quảng Ngãi,Duyên hải Nam Trung Bộ,2026-04-24,23.94,30.660000000000004,21.04,27.940000000000005,36.48,24.4,8.8,8.8,0.0,9.2,83.6,10.76,35.5,20.282,1011.6,93.4,20.68,0.0,4.118,14.7379,108.4018,9.138,12.58,4,17,61,16,1970-01-21 13:36:48.408,1970-01-21 13:37:33.672,Xuân,,,
Quảng Ngãi,Duyên hải Nam Trung Bộ,2026-04-25,22.72,26.860000000000003,20.58,26.360000000000003,31.0,24.04,4.659999999999999,4.659999999999999,0.0,13.2,89.4,9.78,29.02,17.606,1014.26,92.2,20.74,0.0,3.412,14.7379,108.4018,7.812,12.59,4,17,53,24,1970-01-21 13:38:14.772,1970-01-21 13:39:00.096,Xuân,,,
Quảng Ngãi,Duyên hải Nam Trung Bộ,2026-04-26,23.08,28.2,20.08,26.58,32.519999999999996,23.3,1.72,1.72,0.0,4.8,83.6,8.36,24.34,19.592,1013.38,91.6,19.84,0.0,3.936,14.7379,108.4018,10.24,12.6,4,17,51,55,1970-01-21 13:39:41.136,1970-01-21 13:40:26.520,Xuân,,,
Quảng Ngãi,Duyên hải Nam Trung Bộ,2026-04-27,23.56,28.5,20.0,27.3,32.72,23.1,3.2,3.2,0.0,4.0,83.4,7.3,25.5,18.928,1011.68,97.8,20.26,0.0,3.798000000000001,14.7379,108.4018,9.292,12.614,4,18,53,121,1970-01-21 13:41:07.512,1970-01-21 13:41:52.920,Xuân,,,
Quảng Ngãi,Duyên hải Nam Trung Bộ,2026-04-28,23.24,29.06,20.52,27.32,33.94,23.64,3.54,3.54,0.0,4.0,87.8,9.76,29.04,17.206,1011.22,86.6,20.92,0.0,3.3920000000000003,14.7379,108.4018,6.973999999999999,12.63,4,18,63,183,1970-01-21 13:42:33.876,1970-01-21 13:43:19.320,Xuân,,,
Quảng Ngãi,Duyên hải Nam Trung Bộ,2026-04-29,23.98,30.82,20.14,27.26,35.36,22.54,1.86,1.86,0.0,3.2,79.2,10.28,28.639999999999997,21.113999999999997,1012.1,80.0,19.68,0.0,4.378,14.7379,108.4018,11.632,12.64,4,18,51,1,1970-01-21 13:44:00.252,1970-01-21 13:44:45.732,Xuân,,,
Quảng Ngãi,Duyên hải Nam Trung Bộ,2026-04-30,23.380000000000003,27.98,20.48,26.32,31.48,23.4,1.9,1.9,0.0,5.8,81.8,13.18,35.2,21.886000000000003,1014.4,83.4,19.76,0.0,4.332,14.7379,108.4018,10.892,12.65,4,18,53,7,1970-01-21 13:45:26.616,1970-01-21 13:46:12.168,Xuân,,,
Quảng Ngãi,Duyên hải Nam Trung Bộ,2026-05-01,23.119999999999997,27.56,19.96,26.56,32.08,22.9,1.24,1.24,0.0,5.4,85.2,9.76,27.619999999999997,18.436,1013.9,94.4,20.26,0.0,3.694,14.7379,108.4018,9.292,12.66,5,18,51,54,1970-01-21 13:46:52.992,1970-01-21 13:47:38.580,Xuân,,,
Quảng Ngãi,Duyên hải Nam Trung Bộ,2026-05-02,24.160000000000004,30.46,18.9,27.92,35.6,21.54,0.32,0.32,0.0,2.2,80.6,8.440000000000001,24.92,24.294,1012.2,78.8,20.06,0.0,4.968,14.7379,108.4018,12.088,12.672,5,18,51,59,1970-01-21 13:48:19.368,1970-01-21 13:49:04.980,Xuân,,,
Quảng Ngãi,Duyên hải Nam Trung Bộ,2026-05-03,24.96,31.0,19.66,28.839999999999996,35.72,22.64,0.58,0.58,0.0,2.4,76.8,7.56,22.6,24.55,1011.66,83.4,20.0,0.0,5.093999999999999,14.7379,108.4018,12.048,12.682,5,18,3,45,1970-01-21 13:49:45.732,1970-01-21 13:50:31.392,Xuân,,,
Quảng Ngãi,Duyên hải Nam Trung Bộ,2026-05-04,24.06,28.06,21.22,27.660000000000004,31.2,24.619999999999997,2.22,2.22,0.0,11.2,83.4,11.24,31.96,19.544,1013.96,98.8,20.74,0.0,3.994,14.7379,108.4018,9.984,12.696,5,19,53,44,1970-01-21 13:51:12.120,1970-01-21 13:51:57.792,Xuân,,,
Quảng Ngãi,Duyên hải Nam Trung Bộ,2026-05-05,23.24,28.0,20.119999999999997,26.619999999999997,31.880000000000003,23.24,3.44,3.44,0.0,8.8,84.4,11.64,32.96,21.588,1013.28,86.8,20.16,0.0,4.25,14.7379,108.4018,10.898,12.71,5,19,61,25,1970-01-21 13:52:38.472,1970-01-21 13:53:24.240,Xuân,,,
Quảng Ngãi,Duyên hải Nam Trung Bộ,2026-05-06,23.74,29.76,18.94,27.52,34.8,21.66,2.86,2.86,0.0,4.0,82.4,8.52,25.5,23.024,1011.96,60.8,20.08,0.0,4.672,14.7379,108.4018,10.426,12.72,5,19,53,69,1970-01-21 13:54:04.860,1970-01-21 13:54:50.640,Xuân,,,
Quảng Ngãi,Duyên hải Nam Trung Bộ,2026-05-07,24.6,30.5,20.06,28.340000000000003,35.06,23.26,0.12,0.12,0.0,0.6,79.0,10.4,29.880000000000003,25.672000000000004,1011.28,54.6,20.18,0.0,5.294,14.7379,108.4018,11.816,12.73,5,19,3,59,1970-01-21 13:55:31.236,1970-01-21 13:56:17.052,Xuân,,,
Quảng Ngãi,Duyên hải Nam Trung Bộ,2026-05-08,24.16,29.6,19.42,27.3,33.5,22.1,0.06,0.06,0.0,0.6,77.6,12.98,35.58,25.594,1012.58,67.2,19.380000000000003,0.0,5.246,14.7379,108.4018,12.186,12.74,5,19,3,55,1970-01-21 13:56:57.612,1970-01-21 13:57:43.476,Xuân,,,
Quảng Ngãi,Duyên hải Nam Trung Bộ,2026-05-09,22.880000000000003,28.22000000000001,18.06,25.82,31.94,19.86,4.0600000000000005,4.0600000000000005,0.0,6.2,83.2,12.4,36.14,21.33,1013.64,73.8,19.62,0.0,4.168,14.7379,108.4018,11.902,12.75,5,19,55,13,1970-01-21 13:58:24.000,1970-01-21 13:59:09.900,Xuân,,,
Quảng Ngãi,Duyên hải Nam Trung Bộ,2026-05-10,23.72,28.58,20.2,26.92,32.12,23.26,1.94,1.94,0.0,8.4,82.8,14.16,38.17999999999999,22.44,1013.38,71.8,20.26,0.0,4.526,14.7379,108.4018,11.742,12.76,5,19,51,55,1970-01-21 13:59:50.376,1970-01-21 14:00:36.300,Xuân,,,
Quảng Ngãi,Duyên hải Nam Trung Bộ,2026-05-11,24.42,30.02,19.9,27.94,34.06,23.0,0.14,0.14,0.0,1.4,78.8,11.36,31.4,25.518,1012.96,72.4,19.94,0.0,5.204,14.7379,108.4018,12.278,12.77,5,20,51,55,1970-01-21 14:01:16.752,1970-01-21 14:02:02.712,Xuân,,,
Quảng Ngãi,Duyên hải Nam Trung Bộ,2026-05-12,24.9,31.3,18.9,28.68,36.1,21.26,0.4800000000000001,0.4800000000000001,0.0,2.4,77.0,8.879999999999999,24.119999999999997,26.138,1010.58,78.6,19.880000000000003,0.0,5.41,14.7379,108.4018,12.344,12.78,5,20,51,72,1970-01-21 14:02:43.140,1970-01-21 14:03:29.160,Xuân,,,
Quảng Ngãi,Duyên hải Nam Trung Bộ,2026-05-13,25.4,30.8,21.54,30.119999999999997,36.6,25.34,2.1,2.1,0.0,6.0,82.8,8.8,26.880000000000003,23.554,1008.96,91.0,21.86,0.0,4.828,14.7379,108.4018,11.454,12.79,5,20,51,78,1970-01-21 14:04:09.516,1970-01-21 14:04:55.560,Xuân,,,
Quảng Ngãi,Duyên hải Nam Trung Bộ,2026-05-14,25.36,31.48,21.96,29.74,37.02,25.26,2.98,2.98,0.0,8.8,83.2,13.2,36.14,22.704,1008.44,93.2,21.96,0.0,4.628,14.7379,108.4018,10.6,12.8,5,20,53,234,1970-01-21 14:05:35.892,1970-01-21 14:06:21.972,Xuân,,,
Quảng Ngãi,Duyên hải Nam Trung Bộ,2026-05-15,24.78,31.26,21.82,29.3,37.18,25.2,4.48,4.48,0.0,5.8,86.6,11.88,33.78,20.234,1008.34,90.0,22.16,0.0,4.058,14.7379,108.4018,8.984,12.81,5,20,55,229,1970-01-21 14:07:02.280,1970-01-21 14:07:48.384,Xuân,,,
Quảng Ngãi,Duyên hải Nam Trung Bộ,2026-05-16,24.18,28.22,21.82,28.48,32.62,25.32,3.92,3.92,0.0,8.4,88.6,9.32,25.76,8.838,1008.68,100.0,22.04,0.0,1.938,14.7379,108.4018,1.684,12.82,5,20,61,200,1970-01-21 14:08:28.656,1970-01-21 14:09:14.820,Xuân,,,
Quảng Ngãi,Duyên hải Nam Trung Bộ,2026-05-17,23.68,28.28,20.98,28.24,33.38,24.22,13.580000000000002,13.580000000000002,0.0,12.4,92.2,10.02,29.02,16.256,1008.8,99.0,22.16,0.0,3.186,14.7379,108.4018,7.694,12.830000000000002,5,20,63,197,1970-01-21 14:09:55.032,1970-01-21 14:10:41.232,Xuân,,,
Quảng Ngãi,Duyên hải Nam Trung Bộ,2026-05-18,24.26,29.76,21.76,28.82,34.980000000000004,25.56,11.28,11.28,0.0,15.2,88.6,11.12,30.380000000000003,19.854,1008.58,99.2,21.98,0.0,3.97,14.7379,108.4018,8.156,12.84,5,21,63,219,1970-01-21 14:11:21.432,1970-01-21 14:12:07.632,Xuân,,,
Quảng Ngãi,Duyên hải Nam Trung Bộ,2026-05-19,23.86,27.98,21.64,28.2,32.62,25.34,17.44,17.44,0.0,16.8,91.2,10.42,30.82,15.2,1008.34,91.8,22.16,0.0,3.024,14.7379,108.4018,6.7780000000000005,12.848,5,21,63,177,1970-01-21 14:12:47.820,1970-01-21 14:13:34.080,Xuân,,,
Quảng Ngãi,Duyên hải Nam Trung Bộ,2026-05-20,25.44,29.860000000000003,22.2,29.3,33.62,25.92,1.72,1.72,0.0,8.0,81.6,13.5,39.66,20.996,1007.92,96.0,21.66,0.0,4.314,14.7379,108.4018,11.092,12.854,5,21,51,186,1970-01-21 14:14:14.208,1970-01-21 14:15:00.480,Xuân,,,
Quảng Ngãi,Duyên hải Nam Trung Bộ,2026-05-21,25.76,31.77999999999999,21.86,29.78,36.14,25.48,3.56,3.56,0.0,7.8,80.0,12.8,36.7,24.064,1010.26,93.4,21.44,0.0,5.0280000000000005,14.7379,108.4018,11.846,12.864,5,21,61,183,1970-01-21 14:15:40.596,1970-01-21 14:16:26.892,Xuân,,,
Quảng Ngãi,Duyên hải Nam Trung Bộ,2026-05-22,25.22,31.119999999999997,21.26,29.56,36.92,24.58,1.78,1.78,0.0,5.0,82.4,10.5,29.82,23.548,1011.94,96.4,21.56,0.0,4.788,14.7379,108.4018,11.984,12.872,5,21,53,164,1970-01-21 14:17:06.972,1970-01-21 14:17:53.328,Xuân,,,
Quảng Ngãi,Duyên hải Nam Trung Bộ,2026-05-23,25.119999999999997,30.8,21.7,29.44,37.04,24.72,2.52,2.52,0.0,7.4,83.8,12.5,33.68,22.822,1012.18,87.0,21.84,0.0,4.552,14.7379,108.4018,12.174,12.88,5,21,53,214,1970-01-21 14:18:33.372,1970-01-21 14:19:19.740,Xuân,,,
Quảng Ngãi,Duyên hải Nam Trung Bộ,2026-05-24,26.04,32.519999999999996,21.68,30.380000000000003,38.42,24.98,2.7,2.7,0.0,7.2,79.4,10.84,30.3,25.262,1012.04,55.4,21.64,0.0,5.26,14.7379,108.4018,12.5,12.888,5,21,53,224,1970-01-21 14:19:59.772,1970-01-21 14:20:46.152,Xuân,,,
Quảng Ngãi,Duyên hải Nam Trung Bộ,2026-05-25,25.82,32.260000000000005,21.82,30.24,37.82,25.26,1.92,1.92,0.0,6.6,80.6,11.46,32.12,24.396,1010.98,28.8,21.74,0.0,4.9719999999999995,14.7379,108.4018,12.634,12.894,5,22,53,226,1970-01-21 14:21:26.160,1970-01-21 14:22:12.588,Xuân,,,
Quảng Ngãi,Duyên hải Nam Trung Bộ,2026-05-26,26.139999999999997,32.739999999999995,21.98,29.96,37.32000000000001,25.04,1.9,1.9,0.0,4.0,76.2,13.12,37.08,24.35,1009.96,38.0,20.92,0.0,5.136,14.7379,108.4018,12.11,12.902,5,22,53,215,1970-01-21 14:22:52.548,1970-01-21 14:23:39.000,Xuân,,,
Quảng Ngãi,Duyên hải Nam Trung Bộ,2026-05-27,26.1,32.9,21.58,30.160000000000004,37.54,24.46,2.8600000000000003,2.8600000000000003,0.0,5.2,76.0,10.28,28.72,24.778,1010.22,28.4,20.82,0.0,5.236,14.7379,108.4018,12.566,12.91,5,22,61,198,1970-01-21 14:24:18.948,1970-01-21 14:25:05.412,Xuân,,,
Quảng Ngãi,Duyên hải Nam Trung Bộ,2026-05-28,25.56,31.82,21.16,29.72,37.22,24.380000000000003,3.16,3.16,0.0,7.4,78.0,7.859999999999999,23.66,23.884,1011.1,46.8,20.82,0.0,4.994,14.7379,108.4018,12.425999999999998,12.913999999999998,5,22,53,7,1970-01-21 14:25:45.336,1970-01-21 14:26:31.848,Xuân,,,
Quảng Ngãi,Duyên hải Nam Trung Bộ,2026-05-29,25.58,32.06,20.9,29.559999999999995,36.16,24.48,0.2,0.2,0.0,1.2,75.8,11.98,33.1,25.877999999999997,1011.14,68.8,20.08,0.0,5.418,14.7379,108.4018,12.49,12.924,5,22,3,57,1970-01-21 14:27:11.736,1970-01-21 14:27:58.260,Xuân,,,
Quảng Ngãi,Duyên hải Nam Trung Bộ,2026-05-30,24.22,29.8,21.1,28.18,33.86,24.94,3.4200000000000004,3.4200000000000004,0.0,6.8,82.8,10.76,31.78,19.492,1011.42,90.4,20.7,0.0,4.004,14.7379,108.4018,9.132,12.93,5,22,55,51,1970-01-21 14:28:38.136,1970-01-21 14:29:24.672,Xuân,,,
Quảng Ngãi,Duyên hải Nam Trung Bộ,2026-05-31,23.74,28.56,20.96,27.880000000000003,33.6,24.82,3.4200000000000004,3.4200000000000004,0.0,7.6,86.4,10.44,30.96,19.568,1011.38,84.8,21.16,0.0,3.834000000000001,14.7379,108.4018,9.694,12.934,5,22,53,44,1970-01-21 14:30:04.536,1970-01-21 14:30:51.108,Xuân,,,
Quảng Ngãi,Duyên hải Nam Trung Bộ,2026-06-01,25.06,31.339999999999996,20.16,28.660000000000004,35.14,23.44,0.1,0.1,0.0,0.6,75.8,11.48,32.82,26.74,1010.78,79.4,19.68,0.0,5.54,14.7379,108.4018,12.49,12.941999999999998,6,23,3,45,1970-01-21 14:31:30.912,1970-01-21 14:32:17.520,Hè,,,
Quảng Ngãi,Duyên hải Nam Trung Bộ,2026-06-02,25.52,31.9,20.66,29.06,35.5,23.82,0.56,0.56,0.0,1.6,73.6,11.58,32.04,25.676,1009.06,83.4,19.56,0.0,5.428,14.7379,108.4018,12.088,12.948,6,23,3,4,1970-01-21 14:32:57.312,1970-01-21 14:33:43.932,Hè,,,
Quảng Ngãi,Duyên hải Nam Trung Bộ,2026-06-03,25.339999999999996,30.92,21.68,29.06,35.5,24.78,2.34,2.34,0.0,9.2,78.8,10.64,31.32,21.52,1007.64,76.8,20.880000000000003,0.0,4.43,14.7379,108.4018,11.21,12.951999999999998,6,23,53,252,1970-01-21 14:34:23.712,1970-01-21 14:35:10.356,Hè,,,
Quảng Ngãi,Duyên hải Nam Trung Bộ,2026-06-04,25.74,31.839999999999996,22.46,29.18,36.38,25.48,3.38,3.38,0.0,10.6,77.6,13.96,38.239999999999995,23.363999999999997,1007.56,73.2,20.880000000000003,0.0,4.836,14.7379,108.4018,11.758,12.958000000000002,6,23,53,232,1970-01-21 14:35:50.136,1970-01-21 14:36:36.780,Hè,,,
Quảng Ngãi,Duyên hải Nam Trung Bộ,2026-06-05,25.080000000000002,29.419999999999998,22.66,28.240000000000002,32.480000000000004,25.8,3.9,3.9,0.0,9.8,81.4,14.6,41.9,13.966,1009.0600000000001,91.4,21.3,0.0,2.976,14.7379,108.40180000000001,7.1659999999999995,12.962,6,23,51,233,1970-01-21 14:37:16.536,1970-01-21 14:38:03.192,Hè,,,
Quảng Ngãi,Duyên hải Nam Trung Bộ,2026-06-06,25.860000000000003,30.160000000000004,23.48,28.580000000000002,32.8,25.98,3.08,3.08,0.0,9.2,76.6,16.02,45.56,14.712,1010.0799999999999,93.0,20.9,0.0,3.4,14.7379,108.40180000000001,6.604000000000001,12.968,6,23,3,213,1970-01-21 14:38:42.936,1970-01-21 14:39:29.604,Hè,,,
Quảng Ngãi,Duyên hải Nam Trung Bộ,2026-06-07,26.839999999999996,31.6,23.740000000000002,29.78,35.0,26.78,2.38,2.38,0.0,8.4,73.8,17.119999999999997,47.54,22.242,1009.8399999999999,95.2,21.18,0.0,4.906000000000001,14.7379,108.40180000000001,11.16,12.972,6,23,53,224,1970-01-21 14:40:09.336,1970-01-21 14:40:56.040,Hè,,,
Quảng Ngãi,Duyên hải Nam Trung Bộ,2026-06-08,26.22,30.560000000000002,23.2,28.580000000000002,32.739999999999995,25.52,1.1,1.1,0.0,5.8,73.4,20.16,54.379999999999995,18.016,1008.4,96.2,20.4,0.0,4.206,14.7379,108.40180000000001,8.968,12.974,6,24,3,221,1970-01-21 14:41:35.736,1970-01-21 14:42:22.452,Hè,,,
Quảng Ngãi,Duyên hải Nam Trung Bộ,2026-06-09,26.2,30.04,24.04,29.060000000000002,33.019999999999996,26.28,1.2600000000000002,1.2600000000000002,0.0,7.0,75.0,16.119999999999997,44.7,14.564000000000002,1008.78,99.2,20.8,0.0,3.3560000000000003,14.7379,108.40180000000001,6.496,12.978,6,24,3,218,1970-01-21 14:43:02.148,1970-01-21 14:43:48.852,Hè,,,
Quảng Ngãi,Duyên hải Nam Trung Bộ,2026-06-10,24.419999999999998,28.22,22.380000000000003,28.360000000000003,31.72,25.979999999999997,6.02,6.02,0.0,5.4,84.6,10.940000000000001,32.12,12.492,1011.4799999999999,98.8,21.46,0.0,2.57,14.7379,108.40180000000001,4.436,12.982,6,24,63,51,1970-01-21 14:44:28.548,1970-01-21 14:45:15.288,Hè,,,
Quảng Ngãi,Duyên hải Nam Trung Bộ,2026-06-11,24.56,29.360000000000003,21.78,28.72,33.82,25.639999999999997,2.2399999999999998,2.2399999999999998,0.0,4.8,84.4,9.42,30.68,18.288,1014.14,87.2,21.4,0.0,3.714,14.7379,108.40180000000001,9.822,12.984,6,24,61,84,1970-01-21 14:45:54.960,1970-01-21 14:46:41.712,Hè,,,
Quảng Ngãi,Duyên hải Nam Trung Bộ,2026-06-12,24.48,30.120000000000005,21.080000000000002,28.76,35.32,24.380000000000003,6.28,6.28,0.0,6.2,84.8,8.78,27.5,20.712,1014.86,70.4,21.44,0.0,4.15,14.7379,108.40180000000001,11.402000000000001,12.988,6,24,63,150,1970-01-21 14:47:21.372,1970-01-21 14:48:08.112,Hè,,,
Quảng Ngãi,Duyên hải Nam Trung Bộ,2026-06-13,25.06,32.3,21.0,29.28,37.12,24.2,3.5799999999999996,3.5799999999999996,0.0,6.4,82.0,11.34,32.7,23.066,1012.46,64.2,21.32,0.0,4.6659999999999995,14.7379,108.40180000000001,11.93,12.992,6,24,61,209,1970-01-21 14:48:47.772,1970-01-21 14:49:34.524,Hè,,,
Quảng Ngãi,Duyên hải Nam Trung Bộ,2026-06-14,25.619999999999997,32.28,21.119999999999997,29.279999999999994,36.88,23.82,3.3600000000000003,3.3600000000000003,0.0,5.0,78.2,11.540000000000001,34.12,24.274,1010.04,78.4,20.9,0.0,4.964,14.7379,108.40180000000001,12.443999999999999,12.994,6,24,61,224,1970-01-21 14:50:14.172,1970-01-21 14:51:00.960,Hè,,,
Quảng Ngãi,Duyên hải Nam Trung Bộ,2026-06-15,25.639999999999997,31.74,22.04,29.240000000000002,36.22,25.1,3.6399999999999997,3.6399999999999997,0.0,8.4,79.4,13.16,36.3,23.106,1010.0,90.6,21.18,0.0,4.752000000000001,14.7379,108.40180000000001,11.792,12.994,6,25,55,233,1970-01-21 14:51:40.572,1970-01-21 14:52:27.372,Hè,,,
Quảng Ngãi,Duyên hải Nam Trung Bộ,2026-06-16,25.96,32.78,21.82,29.6,37.18,24.56,2.04,2.04,0.0,4.8,76.2,11.92,34.06,23.544,1010.74,93.2,20.72,0.0,4.928,14.7379,108.40180000000001,12.028,12.994,6,25,61,228,1970-01-21 14:53:06.996,1970-01-21 14:53:53.772,Hè,,,
Quảng Ngãi,Duyên hải Nam Trung Bộ,2026-06-17,25.76,32.68,21.68,29.48,37.480000000000004,24.24,2.66,2.66,0.0,5.4,76.8,12.84,35.44,23.228,1011.26,88.2,20.7,0.0,4.846,14.7379,108.40180000000001,11.41,12.998,6,25,55,226,1970-01-21 14:54:33.408,1970-01-21 14:55:20.208,Hè,,,
Quảng Ngãi,Duyên hải Nam Trung Bộ,2026-06-18,25.839999999999996,31.98,21.8,29.359999999999996,36.519999999999996,24.54,2.5,2.5,0.0,5.6,75.6,10.639999999999999,33.019999999999996,22.796,1011.0200000000001,91.6,20.44,0.0,4.74,14.7379,108.40180000000001,11.714,12.998,6,25,53,251,1970-01-21 14:55:59.832,1970-01-21 14:56:46.620,Hè,,,
Quảng Ngãi,Duyên hải Nam Trung Bộ,2026-06-19,26.18,32.260000000000005,21.880000000000003,29.919999999999998,36.9,24.72,1.48,1.48,0.0,5.2,75.2,10.760000000000002,31.1,23.406,1010.64,72.0,20.860000000000003,0.0,4.878,14.7379,108.40180000000001,12.09,13.0,6,25,53,226,1970-01-21 14:57:26.232,1970-01-21 14:58:13.032,Hè,,,
Quảng Ngãi,Duyên hải Nam Trung Bộ,2026-06-20,26.32,32.92,21.520000000000003,29.98,37.72,24.18,1.16,1.16,0.0,3.2,72.6,11.32,32.56,25.796,1011.22,24.0,20.339999999999996,0.0,5.442,14.7379,108.40180000000001,12.53,13.0,6,25,53,70,1970-01-21 14:58:52.632,1970-01-21 14:59:39.432,Hè,,,
Quảng Ngãi,Duyên hải Nam Trung Bộ,2026-06-21,26.26,32.7,21.9,30.22,37.38,25.0,2.1,2.1,0.0,6.0,75.0,11.74,32.260000000000005,24.753999999999998,1011.54,76.6,20.82,0.0,5.132,14.7379,108.40180000000001,12.53,13.0,6,25,61,28,1970-01-21 15:00:19.056,1970-01-21 15:01:05.868,Hè,,,
Quảng Ngãi,Duyên hải Nam Trung Bộ,2026-06-22,26.32,32.7,21.919999999999998,30.28,37.44,24.98,1.4,1.4,0.0,5.6,75.2,11.680000000000001,31.96,25.098,1010.1,31.2,20.96,0.0,5.268,14.7379,108.40180000000001,12.192,13.0,6,26,51,124,1970-01-21 15:01:45.468,1970-01-21 15:02:32.280,Hè,,,
Quảng Ngãi,Duyên hải Nam Trung Bộ,2026-06-23,26.5,32.660000000000004,22.0,30.080000000000002,36.660000000000004,25.339999999999996,1.72,1.72,0.0,6.6,75.2,13.8,42.28,25.651999999999997,1007.96,49.6,20.98,0.0,5.354,14.7379,108.40180000000001,12.364,13.0,6,26,53,236,1970-01-21 15:03:11.892,1970-01-21 15:03:58.692,Hè,,,
Quảng Ngãi,Duyên hải Nam Trung Bộ,2026-06-24,26.96,33.12,22.78,30.439999999999998,37.86,25.7,1.6800000000000002,1.6800000000000002,0.0,5.6,71.4,11.72,34.56,25.558,1007.72,62.6,20.6,0.0,5.45,14.7379,108.40180000000001,11.984,12.998,6,26,53,232,1970-01-21 15:04:38.292,1970-01-21 15:05:25.092,Hè,,,
Quảng Ngãi,Duyên hải Nam Trung Bộ,2026-06-25,27.04,32.839999999999996,22.82,30.160000000000004,36.66,25.5,1.7400000000000002,1.7400000000000002,0.0,5.8,70.4,13.819999999999999,39.739999999999995,24.247999999999998,1007.9799999999999,68.4,20.44,0.0,5.248,14.7379,108.40180000000001,12.516,12.998,6,26,53,239,1970-01-21 15:06:04.716,1970-01-21 15:06:51.492,Hè,,,
Quảng Ngãi,Duyên hải Nam Trung Bộ,2026-06-26,26.160000000000004,32.4,22.740000000000002,29.439999999999998,36.36,25.44,5.44,5.44,0.0,6.8,75.0,15.38,42.12,23.154,1008.8,70.2,20.7,0.0,4.904,14.7379,108.40180000000001,11.716,12.994,6,26,53,259,1970-01-21 15:07:31.128,1970-01-21 15:08:17.928,Hè,,,
Quảng Ngãi,Duyên hải Nam Trung Bộ,2026-06-27,25.78,31.78,22.18,29.52,36.08,25.02,4.1,4.1,0.0,7.4,77.6,12.819999999999999,35.94,23.498,1008.64,83.0,21.02,0.0,4.85,14.7379,108.40180000000001,11.586,12.994,6,26,61,232,1970-01-21 15:08:57.552,1970-01-21 15:09:44.340,Hè,,,
Quảng Ngãi,Duyên hải Nam Trung Bộ,2026-06-28,24.94,30.860000000000003,21.86,29.060000000000002,35.06,24.84,13.0,13.0,0.0,12.6,84.4,10.8,35.08,20.732,1008.36,91.0,21.72,0.0,4.12,14.7379,108.40180000000001,11.482,12.994,6,26,63,228,1970-01-21 15:10:23.952,1970-01-21 15:11:10.740,Hè,,,
Quảng Ngãi,Duyên hải Nam Trung Bộ,2026-06-29,24.28,28.54,21.740000000000002,28.639999999999997,33.519999999999996,24.919999999999998,11.82,11.82,0.0,10.2,89.4,10.6,34.4,18.568,1008.2,83.2,22.22,0.0,3.5519999999999996,14.7379,108.40180000000001,11.212,12.992,6,27,63,222,1970-01-21 15:11:50.376,1970-01-21 15:12:37.152,Hè,,,
Quảng Ngãi,Duyên hải Nam Trung Bộ,2026-06-30,25.16,30.52,21.6,29.4,35.339999999999996,25.119999999999997,2.68,2.68,0.0,10.2,83.4,11.919999999999998,34.56,23.066000000000003,1008.4,87.6,21.660000000000004,0.0,4.636,14.7379,108.40180000000001,11.65,12.988,6,27,53,1,1970-01-21 15:13:16.788,1970-01-21 15:14:03.552,Hè,,,
Quảng Ngãi,Duyên hải Nam Trung Bộ,2026-07-01,24.16,28.939999999999998,21.759999999999998,28.660000000000004,33.88,25.04,15.419999999999998,15.419999999999998,0.0,10.8,88.4,9.24,29.380000000000003,19.654000000000003,1008.2,81.0,21.88,0.0,3.8760000000000003,14.7379,108.40180000000001,10.16,12.984,7,27,63,230,1970-01-21 15:14:43.212,1970-01-21 15:15:29.952,Hè,,,
Quảng Ngãi,Duyên hải Nam Trung Bộ,2026-07-02,23.9,28.1,21.6,28.26,33.22,25.32,8.1,8.1,0.0,13.4,89.8,9.540000000000001,28.860000000000003,18.118000000000002,1007.86,96.0,21.96,0.0,3.522,14.7379,108.40180000000001,9.08,12.984,7,27,63,219,1970-01-21 15:16:09.612,1970-01-21 15:16:56.352,Hè,,,
Quảng Ngãi,Duyên hải Nam Trung Bộ,2026-07-03,23.46,25.36,22.0,26.7,28.619999999999997,25.1,6.2,6.2,0.0,13.0,89.6,14.38,40.739999999999995,8.645999999999999,1007.24,100.0,21.46,0.0,1.81,14.7379,108.40180000000001,0.272,12.982,7,27,51,66,1970-01-21 15:17:36.036,1970-01-21 15:18:22.752,Hè,,,
Quảng Ngãi,Duyên hải Nam Trung Bộ,2026-07-04,23.080000000000002,24.66,21.72,25.82,27.74,24.32,16.479999999999997,16.479999999999997,0.0,17.6,88.2,14.540000000000001,48.36,6.82,1008.74,100.0,20.880000000000003,0.0,1.498,14.7379,108.40180000000001,0.154,12.974,7,27,63,71,1970-01-21 15:19:02.460,1970-01-21 15:19:49.152,Hè,,,
Quảng Ngãi,Duyên hải Nam Trung Bộ,2026-07-05,23.3,25.36,22.04,26.160000000000004,28.419999999999998,24.44,5.4,5.4,0.0,12.6,86.6,14.219999999999999,44.5,10.114,1010.26,100.0,20.759999999999998,0.0,2.064,14.7379,108.40180000000001,3.5300000000000002,12.972,7,27,53,116,1970-01-21 15:20:28.872,1970-01-21 15:21:15.564,Hè,,,
Quảng Ngãi,Duyên hải Nam Trung Bộ,2026-07-06,23.880000000000003,27.839999999999996,21.6,27.080000000000002,31.22,24.54,6.220000000000001,6.220000000000001,0.0,13.4,85.0,13.559999999999999,38.8,14.172,1010.32,99.8,20.98,0.0,2.9059999999999997,14.7379,108.40180000000001,5.064,12.968,7,28,61,221,1970-01-21 15:21:55.296,1970-01-21 15:22:41.976,Hè,,,
Quảng Ngãi,Duyên hải Nam Trung Bộ,2026-07-07,22.02,23.2,21.14,25.160000000000004,27.040000000000003,23.8,14.1,14.1,0.0,21.8,95.6,13.540000000000001,44.36,7.196000000000001,1009.54,99.2,21.240000000000002,0.0,1.42,14.7379,108.40180000000001,0.544,12.964000000000002,7,28,61,109,1970-01-21 15:23:21.708,1970-01-21 15:24:08.388,Hè,,,
Quảng Ngãi,Duyên hải Nam Trung Bộ,2026-07-08,23.54,27.419999999999998,21.080000000000002,26.380000000000003,30.72,23.22,4.8,4.8,0.0,10.8,84.8,15.0,42.92,16.186,1008.54,85.0,20.54,0.0,3.162,14.7379,108.40180000000001,7.986,12.958000000000002,7,28,55,213,1970-01-21 15:24:48.132,1970-01-21 15:25:34.788,Hè,,,
Quảng Ngãi,Duyên hải Nam Trung Bộ,2026-07-09,23.6,26.580000000000002,21.72,26.46,29.46,24.18,5.9,5.9,0.0,11.0,86.2,15.38,47.36,13.87,1008.18,95.4,20.880000000000003,0.0,2.716,14.7379,108.40180000000001,7.164,12.953999999999999,7,28,3,257,1970-01-21 15:26:14.532,1970-01-21 15:27:01.188,Hè,,,
Quảng Ngãi,Duyên hải Nam Trung Bộ,2026-07-10,23.880000000000003,26.580000000000002,21.96,26.580000000000002,28.880000000000003,24.419999999999998,5.76,5.76,0.0,14.8,84.8,15.84,44.72,11.672,1007.1200000000001,96.0,20.96,0.0,2.3760000000000003,14.7379,108.40180000000001,4.71,12.947999999999999,7,28,53,82,1970-01-21 15:27:40.968,1970-01-21 15:28:27.588,Hè,,,
Quảng Ngãi,Duyên hải Nam Trung Bộ,2026-07-11,24.1,27.919999999999998,22.04,26.5,30.68,24.080000000000002,6.6,6.6,0.0,12.4,83.0,18.02,51.56,14.61,1004.54,92.2,20.619999999999997,0.0,2.972,14.7379,108.40180000000001,7.63,12.943999999999999,7,28,55,257,1970-01-21 15:29:07.392,1970-01-21 15:29:53.988,Hè,,,
Quảng Ngãi,Duyên hải Nam Trung Bộ,2026-07-12,23.84,25.860000000000003,22.2,26.5,29.119999999999997,24.04,8.24,8.24,0.0,13.8,85.2,17.36,51.4,9.884,1004.4399999999999,98.0,20.9,0.0,2.0140000000000002,14.7379,108.40180000000001,3.568,12.937999999999999,7,28,55,124,1970-01-21 15:30:33.792,1970-01-21 15:31:20.388,Hè,,,
Quảng Ngãi,Duyên hải Nam Trung Bộ,2026-07-13,24.54,28.140000000000004,22.34,27.04,31.24,24.22,4.56,4.56,0.0,10.8,81.2,19.32,53.0,17.468,1005.96,96.2,20.6,0.0,3.564,14.7379,108.40180000000001,9.416,12.931999999999999,7,29,51,66,1970-01-21 15:32:00.216,1970-01-21 15:32:46.764,Hè,,,
Quảng Ngãi,Duyên hải Nam Trung Bộ,2026-07-14,24.32,27.839999999999996,21.98,27.1,30.159999999999997,24.68,17.080000000000002,17.080000000000002,0.0,15.6,83.4,16.259999999999998,48.96,13.459999999999999,1007.78,98.4,20.919999999999998,0.0,2.7920000000000003,14.7379,108.40180000000001,5.832,12.924000000000001,7,29,63,85,1970-01-21 15:33:26.652,1970-01-21 15:34:13.152,Hè,,,
Quảng Ngãi,Duyên hải Nam Trung Bộ,2026-07-15,24.4,28.32,22.0,27.2,30.759999999999998,24.7,6.2,6.2,0.0,11.6,83.2,16.44,47.160000000000004,12.876,1009.5799999999999,98.4,20.98,0.0,2.782,14.7379,108.40180000000001,4.720000000000001,12.918000000000001,7,29,61,87,1970-01-21 15:34:53.052,1970-01-21 15:35:39.552,Hè,,,
Quảng Ngãi,Duyên hải Nam Trung Bộ,2026-07-16,24.64,28.26,22.419999999999998,27.32,30.98,24.96,4.64,4.64,0.0,11.4,80.2,15.780000000000001,45.78,14.618,1010.28,95.2,20.5,0.0,3.232,14.7379,108.40180000000001,5.986,12.912,7,29,55,222,1970-01-21 15:36:19.476,1970-01-21 15:37:05.952,Hè,,,
Quảng Ngãi,Duyên hải Nam Trung Bộ,2026-07-17,25.380000000000003,30.4,22.6,28.04,33.4,25.16,1.9,1.9,0.0,7.8,75.6,16.04,47.58,21.272,1009.5799999999999,76.6,20.16,0.0,4.454,14.7379,108.40180000000001,10.896,12.904,7,29,51,248,1970-01-21 15:37:45.900,1970-01-21 15:38:32.352,Hè,,,
Quảng Ngãi,Duyên hải Nam Trung Bộ,2026-07-18,25.56,30.560000000000002,22.080000000000002,28.159999999999997,34.160000000000004,24.28,1.1,1.1,0.0,6.4,74.0,16.14,45.64,23.706,1008.86,63.8,19.9,0.0,4.97,14.7379,108.40180000000001,11.604,12.898000000000001,7,29,51,240,1970-01-21 15:39:12.312,1970-01-21 15:39:58.752,Hè,,,
Quảng Ngãi,Duyên hải Nam Trung Bộ,2026-07-19,25.52,30.78,21.6,28.18,34.78,23.96,1.6199999999999999,1.6199999999999999,0.0,6.4,73.6,15.26,42.260000000000005,24.912,1009.22,64.2,19.720000000000002,0.0,5.246,14.7379,108.40180000000001,11.638,12.89,7,29,3,239,1970-01-21 15:40:38.724,1970-01-21 15:41:25.140,Hè,,,
Quảng Ngãi,Duyên hải Nam Trung Bộ,2026-07-20,25.76,31.360000000000003,21.78,28.32,34.480000000000004,24.080000000000002,1.1800000000000002,1.1800000000000002,0.0,5.6,71.4,14.8,42.7,26.389999999999997,1009.4200000000001,56.0,19.34,0.0,5.504,14.7379,108.40180000000001,11.742,12.884,7,30,51,256,1970-01-21 15:42:05.148,1970-01-21 15:42:51.540,Hè,,,
