province,region,date,temperature_2m_mean,temperature_2m_max,temperature_2m_min,apparent_temperature_mean,apparent_temperature_max,apparent_temperature_min,precipitation_sum,rain_sum,showers_sum,precipitation_hours,relative_humidity_2m_mean,wind_speed_10m_max,wind_gusts_10m_max,shortwave_radiation_sum,pressure_msl_mean,cloud_cover_mean,dew_point_2m_mean,snowfall_sum,et0_fao_evapotranspiration,latitude,longitude,sunshine_hours,daylight_hours,month,week,weather_code,wind_direction_10m_dominant,sunrise,sunset,season,uv_index_max,uv_index_clear_sky_max,precipitation_probability_max
Sơn La,Trung du miền núi Bắc Bộ,2025-07-21,24.954545454545453,27.627272727272725,22.89090909090909,30.2,33.23636363636364,27.236363636363638,53.03636363636363,53.03636363636363,0.0,23.09090909090909,93.54545454545455,10.627272727272727,31.781818181818185,12.680909090909092,999.2636363636364,100.0,23.79090909090909,0.0,2.5281818181818183,21.3256,103.9188,4.514545454545455,13.241818181818182,7,30,65,253,1970-01-21 06:57:55.985454545,1970-01-21 06:58:43.663636363,Hè,,,
Sơn La,Trung du miền núi Bắc Bộ,2025-07-22,25.0,28.036363636363635,23.027272727272727,29.87272727272727,33.481818181818184,27.336363636363636,46.64545454545455,46.64545454545455,0.0,23.454545454545453,93.81818181818181,15.236363636363636,39.99090909090909,12.99909090909091,995.4181818181819,100.0,23.845454545454547,0.0,2.59,21.3256,103.9188,4.906363636363636,13.23,7,30,63,316,1970-01-21 06:59:22.401818181,1970-01-21 07:00:10.030909091,Hè,,,
Sơn La,Trung du miền núi Bắc Bộ,2025-07-23,24.681818181818183,28.572727272727274,22.272727272727273,29.072727272727274,33.81818181818182,26.218181818181815,10.58181818181818,10.58181818181818,0.0,16.09090909090909,89.54545454545455,15.118181818181819,39.336363636363636,18.276363636363637,998.5454545454545,99.9090909090909,22.727272727272727,0.0,3.5872727272727274,21.3256,103.9188,7.990909090909091,13.22,7,30,63,106,1970-01-21 07:00:48.834545454,1970-01-21 07:01:36.420000000,Hè,,,
Sơn La,Trung du miền núi Bắc Bộ,2025-07-24,24.70909090909091,28.336363636363636,22.727272727272727,29.854545454545452,34.21818181818182,27.536363636363635,22.7,22.7,0.0,15.090909090909092,90.63636363636364,7.427272727272728,22.045454545454547,15.67909090909091,1002.8909090909091,99.45454545454545,22.981818181818184,0.0,3.1818181818181817,21.3256,103.9188,6.502727272727273,13.206363636363637,7,30,63,8,1970-01-21 07:02:15.250909091,1970-01-21 07:03:02.803636363,Hè,,,
Sơn La,Trung du miền núi Bắc Bộ,2025-07-25,24.072727272727274,26.763636363636362,22.38181818181818,29.09090909090909,31.91818181818182,26.927272727272726,24.1,24.1,0.0,20.545454545454547,93.0909090909091,7.618181818181818,26.745454545454546,10.924545454545454,1004.0181818181819,100.0,22.863636363636363,0.0,2.213636363636364,21.3256,103.9188,3.239090909090909,13.193636363636363,7,30,63,32,1970-01-21 07:03:41.683636363,1970-01-21 07:04:29.170909091,Hè,,,
Sơn La,Trung du miền núi Bắc Bộ,2025-07-26,23.718181818181815,27.08181818181818,21.727272727272727,28.5,32.36363636363637,25.89090909090909,33.39090909090909,33.39090909090909,0.0,19.727272727272727,93.18181818181819,7.554545454545454,24.345454545454547,12.590909090909092,1004.0727272727272,100.0,22.5,0.0,2.5272727272727273,21.3256,103.9188,3.049090909090909,13.18,7,30,63,55,1970-01-21 07:05:08.100000000,1970-01-21 07:05:55.554545454,Hè,,,
Sơn La,Trung du miền núi Bắc Bộ,2025-07-27,24.645454545454548,28.69090909090909,21.972727272727273,29.70909090909091,34.74545454545454,26.372727272727275,3.8818181818181823,3.8818181818181823,0.0,10.727272727272727,89.45454545454545,8.345454545454546,25.91818181818182,19.073636363636364,1003.0363636363636,97.81818181818181,22.645454545454545,0.0,3.8245454545454547,21.3256,103.9188,8.627272727272727,13.17,7,30,51,162,1970-01-21 07:06:34.521818181,1970-01-21 07:07:21.921818181,Hè,,,
Sơn La,Trung du miền núi Bắc Bộ,2025-07-28,25.954545454545453,30.518181818181816,22.263636363636365,31.19090909090909,37.20909090909091,26.5,1.3545454545454545,1.3545454545454545,0.0,4.7272727272727275,82.81818181818181,6.818181818181818,21.327272727272728,24.096363636363638,1001.6636363636363,53.0,22.599999999999998,0.0,4.893636363636364,21.3256,103.9188,12.074545454545454,13.153636363636364,7,31,51,6,1970-01-21 07:08:00.954545454,1970-01-21 07:08:48.300000000,Hè,,,
Sơn La,Trung du miền núi Bắc Bộ,2025-07-29,26.836363636363636,31.1,22.79090909090909,32.06363636363636,37.82727272727273,26.79090909090909,2.209090909090909,2.209090909090909,0.0,4.545454545454546,81.0909090909091,8.69090909090909,24.181818181818183,23.213636363636365,1000.7545454545453,52.81818181818182,23.145454545454545,0.0,4.764545454545455,21.3256,103.9188,12.42909090909091,13.140000000000002,7,31,51,293,1970-01-21 07:09:27.370909091,1970-01-21 07:10:14.683636363,Hè,,,
Sơn La,Trung du miền núi Bắc Bộ,2025-07-30,26.527272727272727,30.19090909090909,23.09090909090909,31.8,36.4,27.527272727272727,8.618181818181817,8.618181818181817,0.0,8.727272727272727,84.81818181818181,10.927272727272728,30.981818181818184,21.347272727272728,1001.3636363636364,96.54545454545455,23.645454545454548,0.0,4.350909090909091,21.3256,103.9188,11.627272727272727,13.126363636363637,7,31,61,300,1970-01-21 07:10:53.798181818,1970-01-21 07:11:41.045454545,Hè,,,
Sơn La,Trung du miền núi Bắc Bộ,2025-07-31,24.55454545454546,27.40909090909091,22.70909090909091,29.454545454545453,32.61818181818182,27.05454545454546,24.00909090909091,24.00909090909091,0.0,20.454545454545453,92.36363636363636,9.554545454545455,31.872727272727275,14.326363636363636,1001.9909090909091,99.0909090909091,23.19090909090909,0.0,2.8227272727272728,21.3256,103.9188,6.09,13.109999999999998,7,31,63,9,1970-01-21 07:12:20.220000000,1970-01-21 07:13:07.423636363,Hè,,,
Sơn La,Trung du miền núi Bắc Bộ,2025-08-01,24.436363636363637,28.263636363636362,22.418181818181818,29.363636363636363,33.68181818181818,26.754545454545454,33.345454545454544,33.345454545454544,0.0,16.363636363636363,91.27272727272727,7.281818181818181,23.99090909090909,12.51909090909091,1001.9545454545455,90.0,22.836363636363636,0.0,2.5563636363636366,21.3256,103.9188,5.493636363636363,13.098181818181816,8,31,63,71,1970-01-21 07:13:46.630909091,1970-01-21 07:14:33.785454545,Hè,,,
Sơn La,Trung du miền núi Bắc Bộ,2025-08-02,25.636363636363637,30.05454545454546,21.400000000000002,30.463636363636365,36.03636363636363,24.845454545454547,7.0181818181818185,7.0181818181818185,0.0,10.727272727272727,85.27272727272727,10.381818181818183,29.654545454545453,21.88909090909091,1003.8818181818183,79.36363636363636,22.79090909090909,0.0,4.407272727272727,21.3256,103.9188,12.105454545454545,13.08,8,31,63,330,1970-01-21 07:15:13.069090909,1970-01-21 07:16:00.163636363,Hè,,,
Sơn La,Trung du miền núi Bắc Bộ,2025-08-03,26.063636363636363,30.036363636363635,23.018181818181816,30.854545454545452,35.73636363636364,27.38181818181818,7.854545454545454,7.854545454545454,0.0,11.181818181818182,84.18181818181819,13.427272727272726,37.6,21.69363636363636,1004.5,78.9090909090909,23.045454545454547,0.0,4.370909090909091,21.3256,103.9188,11.354545454545454,13.068181818181818,8,31,53,6,1970-01-21 07:16:39.485454545,1970-01-21 07:17:26.525454545,Hè,,,
Sơn La,Trung du miền núi Bắc Bộ,2025-08-04,25.872727272727275,29.8,22.918181818181818,30.781818181818178,35.61818181818182,27.372727272727275,9.627272727272727,9.627272727272727,0.0,15.636363636363637,85.54545454545455,13.663636363636364,37.14545454545455,21.54090909090909,1004.4272727272728,99.63636363636364,23.136363636363637,0.0,4.318181818181818,21.3256,103.9188,10.537272727272727,13.05,8,32,63,9,1970-01-21 07:18:05.907272727,1970-01-21 07:18:52.881818181,Hè,,,
Sơn La,Trung du miền núi Bắc Bộ,2025-08-05,25.436363636363637,28.154545454545453,23.154545454545453,30.44545454545454,33.445454545454545,27.6,15.97272727272727,15.97272727272727,0.0,13.636363636363637,87.18181818181819,8.445454545454545,25.91818181818182,14.076363636363636,1005.0181818181819,100.0,23.027272727272727,0.0,2.9072727272727272,21.3256,103.9188,5.999090909090909,13.031818181818181,8,32,61,2,1970-01-21 07:19:32.334545454,1970-01-21 07:20:19.254545454,Hè,,,
Sơn La,Trung du miền núi Bắc Bộ,2025-08-06,23.718181818181815,26.681818181818183,22.400000000000002,28.563636363636363,31.781818181818185,26.818181818181817,28.490909090909096,28.490909090909096,0.0,23.272727272727273,93.81818181818181,6.7727272727272725,24.372727272727275,9.393636363636363,1006.0545454545455,100.0,22.60909090909091,0.0,1.9654545454545456,21.3256,103.9188,1.3627272727272728,13.018181818181818,8,32,63,58,1970-01-21 07:20:58.750909091,1970-01-21 07:21:45.610909091,Hè,,,
Sơn La,Trung du miền núi Bắc Bộ,2025-08-07,24.254545454545454,27.39090909090909,22.3,28.818181818181817,32.36363636363637,26.61818181818182,5.327272727272727,5.327272727272727,0.0,14.272727272727273,88.45454545454545,6.663636363636363,23.6,12.986363636363636,1008.2272727272727,93.0,22.09090909090909,0.0,2.6763636363636363,21.3256,103.9188,5.090909090909091,13.001818181818182,8,32,55,15,1970-01-21 07:22:25.178181818,1970-01-21 07:23:11.989090909,Hè,,,
Sơn La,Trung du miền núi Bắc Bộ,2025-08-08,25.154545454545453,29.545454545454547,21.21818181818182,29.736363636363638,35.27272727272727,24.58181818181818,6.427272727272728,6.427272727272728,0.0,10.0,84.0909090909091,9.581818181818182,30.39090909090909,21.544545454545457,1009.1636363636363,74.45454545454545,22.072727272727274,0.0,4.3145454545454545,21.3256,103.9188,11.621818181818183,12.988181818181818,8,32,63,8,1970-01-21 07:23:51.600000000,1970-01-21 07:24:38.345454545,Hè,,,
Sơn La,Trung du miền núi Bắc Bộ,2025-08-09,26.036363636363635,30.38181818181818,22.336363636363636,30.80909090909091,36.372727272727275,26.08181818181818,1.7181818181818185,1.7181818181818185,0.0,7.909090909090909,80.72727272727273,10.018181818181818,29.190909090909088,23.916363636363634,1007.6909090909091,68.45454545454545,22.28181818181818,0.0,4.841818181818182,21.3256,103.9188,12.167272727272728,12.97,8,32,51,11,1970-01-21 07:25:18.010909091,1970-01-21 07:26:04.701818181,Hè,,,
Sơn La,Trung du miền núi Bắc Bộ,2025-08-10,26.072727272727274,30.263636363636362,22.30909090909091,31.30909090909091,36.699999999999996,26.38181818181818,6.6,6.6,0.0,7.7272727272727275,84.36363636363636,7.6,22.618181818181817,22.285454545454545,1006.6363636363636,95.27272727272727,23.009090909090908,0.0,4.529090909090909,21.3256,103.9188,11.947272727272729,12.951818181818181,8,32,63,0,1970-01-21 07:26:44.449090909,1970-01-21 07:27:31.069090909,Hè,,,
Sơn La,Trung du miền núi Bắc Bộ,2025-08-11,26.145454545454548,29.8,22.745454545454546,31.50909090909091,36.6,27.39090909090909,6.0181818181818185,6.0181818181818185,0.0,7.454545454545454,84.0,7.572727272727272,22.254545454545454,22.12909090909091,1006.1090909090909,98.27272727272727,23.09090909090909,0.0,4.491818181818182,21.3256,103.9188,11.60909090909091,12.936363636363636,8,33,63,58,1970-01-21 07:28:10.860000000,1970-01-21 07:28:57.430909091,Hè,,,
Sơn La,Trung du miền núi Bắc Bộ,2025-08-12,25.645454545454548,30.30909090909091,21.881818181818183,30.845454545454547,37.06363636363636,26.05454545454546,4.8999999999999995,4.8999999999999995,0.0,8.818181818181818,84.9090909090909,8.227272727272727,23.7,22.006363636363634,1007.0363636363636,94.81818181818181,22.745454545454546,0.0,4.48,21.3256,103.9188,11.56,12.918181818181818,8,33,55,11,1970-01-21 07:29:37.281818181,1970-01-21 07:30:23.787272727,Hè,,,
Sơn La,Trung du miền núi Bắc Bộ,2025-08-13,25.027272727272727,28.481818181818184,21.88181818181818,30.08181818181818,34.39090909090909,26.127272727272725,8.318181818181818,8.318181818181818,0.0,8.818181818181818,87.81818181818181,6.9818181818181815,22.89090909090909,18.465454545454545,1008.5727272727272,100.0,22.79090909090909,0.0,3.6954545454545453,21.3256,103.9188,10.366363636363637,12.901818181818184,8,33,63,271,1970-01-21 07:31:03.709090909,1970-01-21 07:31:50.149090909,Hè,,,
Sơn La,Trung du miền núi Bắc Bộ,2025-08-14,25.454545454545453,28.79090909090909,22.2,30.49090909090909,35.11818181818182,26.072727272727274,5.445454545454545,5.445454545454545,0.0,6.909090909090909,85.27272727272727,7.718181818181819,22.60909090909091,19.720000000000002,1006.6818181818181,95.72727272727273,22.727272727272727,0.0,3.9354545454545455,21.3256,103.9188,11.539090909090909,12.883636363636363,8,33,63,260,1970-01-21 07:32:30.120000000,1970-01-21 07:33:16.505454545,Hè,,,
Sơn La,Trung du miền núi Bắc Bộ,2025-08-15,23.4,24.854545454545452,21.80909090909091,28.018181818181816,29.90909090909091,25.70909090909091,14.47272727272727,14.47272727272727,0.0,15.454545454545455,93.81818181818181,8.454545454545455,22.59090909090909,8.595454545454546,1006.1909090909091,97.81818181818181,22.318181818181817,0.0,1.7090909090909092,21.3256,103.9188,2.3790909090909094,12.868181818181817,8,33,63,56,1970-01-21 07:33:56.547272727,1970-01-21 07:34:42.861818181,Hè,,,
Sơn La,Trung du miền núi Bắc Bộ,2025-08-16,23.545454545454547,26.245454545454546,21.59090909090909,27.44545454545454,30.41818181818182,25.263636363636362,6.790909090909091,6.790909090909091,0.0,9.090909090909092,89.63636363636364,10.827272727272726,30.181818181818183,14.903636363636364,1008.5,87.72727272727273,21.69090909090909,0.0,2.8554545454545455,21.3256,103.9188,8.417272727272728,12.85,8,33,61,108,1970-01-21 07:35:22.969090909,1970-01-21 07:36:09.229090909,Hè,,,
Sơn La,Trung du miền núi Bắc Bộ,2025-08-17,23.927272727272726,27.7,20.463636363636365,27.91818181818182,32.78181818181818,23.80909090909091,2.7363636363636363,2.7363636363636363,0.0,6.545454545454546,84.36363636363636,9.045454545454545,27.3,19.67,1009.8818181818183,82.18181818181819,21.009090909090908,0.0,3.811818181818182,21.3256,103.9188,11.793636363636363,12.831818181818182,8,33,51,14,1970-01-21 07:36:49.380000000,1970-01-21 07:37:35.574545454,Hè,,,
Sơn La,Trung du miền núi Bắc Bộ,2025-08-18,24.99090909090909,29.5,21.236363636363635,29.44545454545454,35.4,24.563636363636363,1.7454545454545454,1.7454545454545454,0.0,4.454545454545454,80.45454545454545,7.209090909090909,22.054545454545455,22.653636363636362,1008.3363636363637,98.72727272727273,21.245454545454546,0.0,4.5609090909090915,21.3256,103.9188,10.844545454545454,12.813636363636364,8,34,51,8,1970-01-21 07:38:15.801818181,1970-01-21 07:39:01.930909091,Hè,,,
Sơn La,Trung du miền núi Bắc Bộ,2025-08-19,24.572727272727274,27.772727272727273,21.70909090909091,29.145454545454548,32.800000000000004,25.50909090909091,8.799999999999999,8.799999999999999,0.0,8.818181818181818,86.54545454545455,8.19090909090909,24.218181818181815,15.434545454545455,1007.7363636363636,95.36363636363636,22.10909090909091,0.0,3.105454545454545,21.3256,103.9188,8.064545454545454,12.796363636363635,8,34,63,106,1970-01-21 07:39:42.229090909,1970-01-21 07:40:28.281818181,Hè,,,
Sơn La,Trung du miền núi Bắc Bộ,2025-08-20,24.7,28.636363636363637,21.927272727272726,29.354545454545452,33.71818181818182,25.654545454545453,8.9,8.9,0.0,11.090909090909092,86.9090909090909,8.5,27.08181818181818,17.542727272727273,1008.5727272727272,95.54545454545455,22.245454545454546,0.0,3.5572727272727276,21.3256,103.9188,8.522727272727273,12.77818181818182,8,34,63,286,1970-01-21 07:41:08.640000000,1970-01-21 07:41:54.643636363,Hè,,,
Sơn La,Trung du miền núi Bắc Bộ,2025-08-21,24.454545454545453,28.518181818181816,21.572727272727274,28.972727272727273,33.699999999999996,25.345454545454547,11.4,11.4,0.0,11.727272727272727,87.18181818181819,8.272727272727273,25.40909090909091,14.474545454545455,1009.8,100.0,22.018181818181816,0.0,2.9909090909090907,21.3256,103.9188,5.259090909090909,12.758181818181818,8,34,63,47,1970-01-21 07:42:35.056363636,1970-01-21 07:43:20.989090909,Hè,,,
Sơn La,Trung du miền núi Bắc Bộ,2025-08-22,24.127272727272725,28.11818181818182,21.69090909090909,28.69090909090909,33.53636363636363,25.472727272727273,8.045454545454545,8.045454545454545,0.0,10.181818181818182,87.72727272727273,7.372727272727272,21.71818181818182,14.952727272727271,1009.4,100.0,21.863636363636363,0.0,3.0472727272727274,21.3256,103.9188,5.02,12.741818181818182,8,34,63,14,1970-01-21 07:44:01.472727272,1970-01-21 07:44:47.345454545,Hè,,,
Sơn La,Trung du miền núi Bắc Bộ,2025-08-23,23.927272727272726,27.936363636363637,21.245454545454546,28.472727272727273,33.51818181818182,25.236363636363638,12.4,12.4,0.0,13.818181818181818,89.0,8.418181818181818,23.94545454545454,16.597272727272728,1009.4818181818181,96.54545454545455,21.936363636363637,0.0,3.3018181818181818,21.3256,103.9188,7.787272727272727,12.723636363636365,8,34,63,17,1970-01-21 07:45:27.894545454,1970-01-21 07:46:13.690909091,Hè,,,
Sơn La,Trung du miền núi Bắc Bộ,2025-08-24,25.0,29.827272727272728,21.19090909090909,29.41818181818182,35.59090909090909,24.781818181818185,3.2636363636363637,3.2636363636363637,0.0,6.545454545454546,81.63636363636364,10.4,27.60909090909091,23.981818181818184,1008.8272727272728,73.72727272727273,21.40909090909091,0.0,4.833636363636364,21.3256,103.9188,11.93,12.703636363636365,8,34,51,68,1970-01-21 07:46:54.310909091,1970-01-21 07:47:40.036363636,Hè,,,
Sơn La,Trung du miền núi Bắc Bộ,2025-08-25,23.772727272727273,27.954545454545453,21.354545454545455,27.863636363636363,32.400000000000006,25.00909090909091,7.472727272727273,7.472727272727273,0.0,16.545454545454547,87.63636363636364,11.60909090909091,34.336363636363636,17.69909090909091,1006.9909090909091,88.0,21.427272727272726,0.0,3.4963636363636366,21.3256,103.9188,8.515454545454546,12.683636363636362,8,35,61,21,1970-01-21 07:48:20.727272727,1970-01-21 07:49:06.387272727,Hè,,,
Sơn La,Trung du miền núi Bắc Bộ,2025-08-26,21.763636363636365,22.836363636363636,20.745454545454546,25.218181818181815,26.872727272727275,23.59090909090909,64.01818181818182,64.01818181818182,0.0,20.0,96.27272727272727,13.4,38.627272727272725,3.9527272727272726,1006.6,100.0,21.181818181818183,0.0,0.8409090909090909,21.3256,103.9188,0.0,12.666363636363638,8,35,65,253,1970-01-21 07:49:47.149090909,1970-01-21 07:50:32.738181818,Hè,,,
Sơn La,Trung du miền núi Bắc Bộ,2025-08-27,23.2,26.336363636363636,20.80909090909091,27.072727272727274,30.454545454545453,24.41818181818182,2.2818181818181817,2.2818181818181817,0.0,8.909090909090908,90.63636363636364,10.827272727272728,30.1,14.42090909090909,1008.7818181818183,96.9090909090909,21.527272727272727,0.0,2.787272727272727,21.3256,103.9188,5.820909090909091,12.646363636363638,8,35,51,112,1970-01-21 07:51:13.565454545,1970-01-21 07:51:59.089090909,Hè,,,
Sơn La,Trung du miền núi Bắc Bộ,2025-08-28,23.672727272727272,27.20909090909091,20.61818181818182,27.763636363636362,31.927272727272726,24.163636363636364,6.363636363636363,6.363636363636363,0.0,9.818181818181818,86.9090909090909,9.045454545454545,24.91818181818182,18.680909090909093,1009.0181818181819,71.18181818181819,21.29090909090909,0.0,3.6118181818181814,21.3256,103.9188,11.233636363636364,12.626363636363637,8,35,63,92,1970-01-21 07:52:39.981818181,1970-01-21 07:53:25.429090909,Hè,,,
Sơn La,Trung du miền núi Bắc Bộ,2025-08-29,24.49090909090909,28.627272727272725,20.945454545454545,28.727272727272727,34.14545454545455,24.363636363636363,1.4272727272727272,1.4272727272727272,0.0,5.7272727272727275,82.54545454545455,9.0,24.0,22.84,1010.1090909090909,43.36363636363637,21.19090909090909,0.0,4.524545454545454,21.3256,103.9188,12.0,12.606363636363636,8,35,51,56,1970-01-21 07:54:06.392727272,1970-01-21 07:54:51.780000000,Hè,,,
Sơn La,Trung du miền núi Bắc Bộ,2025-08-30,24.345454545454547,28.88181818181818,20.954545454545453,28.463636363636365,33.91818181818182,24.654545454545453,3.6909090909090905,3.6909090909090905,0.0,9.727272727272727,85.0909090909091,11.318181818181818,34.13636363636363,19.163636363636364,1009.5181818181819,89.0909090909091,21.48181818181818,0.0,3.877272727272727,21.3256,103.9188,10.073636363636364,12.586363636363636,8,35,51,79,1970-01-21 07:55:32.814545454,1970-01-21 07:56:18.130909091,Hè,,,
Sơn La,Trung du miền núi Bắc Bộ,2025-08-31,24.05454545454546,27.327272727272728,21.09090909090909,27.972727272727273,32.0,24.745454545454546,6.872727272727272,6.872727272727272,0.0,9.545454545454545,87.63636363636364,13.227272727272727,36.99090909090909,19.421818181818182,1008.9636363636364,92.45454545454545,21.818181818181817,0.0,3.6845454545454546,21.3256,103.9188,11.568181818181818,12.568181818181818,8,35,53,82,1970-01-21 07:56:59.225454545,1970-01-21 07:57:44.470909091,Hè,,,
Sơn La,Trung du miền núi Bắc Bộ,2025-09-01,24.636363636363637,28.754545454545454,21.12727272727273,28.927272727272726,34.03636363636363,24.854545454545452,2.581818181818182,2.581818181818182,0.0,6.909090909090909,84.0909090909091,10.663636363636364,27.363636363636363,22.10363636363636,1008.3,60.09090909090909,21.599999999999998,0.0,4.364545454545454,21.3256,103.9188,11.912727272727272,12.548181818181819,9,36,51,105,1970-01-21 07:58:25.647272727,1970-01-21 07:59:10.816363636,Thu,,,
Sơn La,Trung du miền núi Bắc Bộ,2025-09-02,25.545454545454547,29.954545454545453,21.936363636363637,30.20909090909091,35.67272727272727,25.94545454545454,1.9545454545454546,1.9545454545454546,0.0,7.0,81.36363636363636,8.081818181818182,21.70909090909091,22.44818181818182,1008.0272727272727,80.72727272727273,21.945454545454545,0.0,4.576363636363637,21.3256,103.9188,11.673636363636364,12.53,9,36,51,104,1970-01-21 07:59:52.058181818,1970-01-21 08:00:37.167272727,Thu,,,
Sơn La,Trung du miền núi Bắc Bộ,2025-09-03,26.072727272727274,30.09090909090909,22.38181818181818,31.045454545454547,36.42727272727273,26.427272727272726,1.2272727272727273,1.2272727272727273,0.0,4.909090909090909,80.81818181818181,6.445454545454546,19.572727272727274,21.586363636363636,1008.3636363636364,53.45454545454545,22.38181818181818,0.0,4.417272727272728,21.3256,103.9188,12.0,12.511818181818182,9,36,51,153,1970-01-21 08:01:18.474545454,1970-01-21 08:02:03.512727272,Thu,,,
Sơn La,Trung du miền núi Bắc Bộ,2025-09-04,26.163636363636364,30.29090909090909,22.354545454545455,31.318181818181817,37.0,26.563636363636363,2.0545454545454547,2.0545454545454547,0.0,5.2727272727272725,81.9090909090909,6.954545454545454,21.663636363636364,21.048181818181817,1008.0090909090909,33.72727272727273,22.681818181818183,0.0,4.304545454545455,21.3256,103.9188,11.913636363636364,12.491818181818182,9,36,51,84,1970-01-21 08:02:44.890909091,1970-01-21 08:03:29.863636363,Thu,,,
Sơn La,Trung du miền núi Bắc Bộ,2025-09-05,26.454545454545453,30.59090909090909,22.463636363636365,31.427272727272726,37.21818181818182,26.08181818181818,2.5,2.5,0.0,5.2727272727272725,79.18181818181819,8.163636363636364,23.59090909090909,21.95,1008.2545454545453,53.81818181818182,22.400000000000002,0.0,4.52,21.3256,103.9188,11.94909090909091,12.47181818181818,9,36,51,150,1970-01-21 08:04:11.307272727,1970-01-21 08:04:56.209090909,Thu,,,
Sơn La,Trung du miền núi Bắc Bộ,2025-09-06,25.60909090909091,29.336363636363636,22.09090909090909,30.527272727272727,35.25454545454546,26.372727272727275,3.5818181818181816,3.5818181818181816,0.0,5.2727272727272725,83.54545454545455,8.6,23.736363636363635,20.633636363636363,1009.4,91.0,22.454545454545453,0.0,4.181818181818182,21.3256,103.9188,11.88,12.451818181818181,9,36,63,81,1970-01-21 08:05:37.723636363,1970-01-21 08:06:22.549090909,Thu,,,
Sơn La,Trung du miền núi Bắc Bộ,2025-09-07,25.545454545454547,29.2,21.963636363636365,30.19090909090909,35.10909090909091,25.981818181818184,2.5818181818181816,2.5818181818181816,0.0,5.0,81.0,9.1,26.172727272727272,20.80909090909091,1008.0909090909091,60.81818181818182,21.927272727272726,0.0,4.163636363636363,21.3256,103.9188,12.0,12.433636363636362,9,36,51,60,1970-01-21 08:07:04.140000000,1970-01-21 08:07:48.894545454,Thu,,,
Sơn La,Trung du miền núi Bắc Bộ,2025-09-08,26.545454545454547,30.727272727272727,22.39090909090909,31.181818181818183,36.4,26.08181818181818,0.8181818181818182,0.8181818181818182,0.0,3.4545454545454546,75.36363636363636,6.918181818181818,19.79090909090909,22.741818181818182,1006.9545454545455,65.0,21.599999999999998,0.0,4.679090909090909,21.3256,103.9188,12.0,12.413636363636364,9,37,51,188,1970-01-21 08:08:30.561818181,1970-01-21 08:09:15.245454545,Thu,,,
Sơn La,Trung du miền núi Bắc Bộ,2025-09-09,24.9,27.89090909090909,22.063636363636363,29.427272727272726,33.25454545454546,25.79090909090909,4.163636363636363,4.163636363636363,0.0,10.272727272727273,85.81818181818181,8.709090909090909,23.772727272727273,11.448181818181817,1008.5454545454545,96.45454545454545,22.254545454545454,0.0,2.409090909090909,21.3256,103.9188,2.9400000000000004,12.393636363636364,9,37,53,257,1970-01-21 08:09:56.967272727,1970-01-21 08:10:41.585454545,Thu,,,
Sơn La,Trung du miền núi Bắc Bộ,2025-09-10,24.454545454545453,28.08181818181818,21.79090909090909,29.09090909090909,33.199999999999996,25.90909090909091,13.163636363636364,13.163636363636364,0.0,10.636363636363637,87.9090909090909,7.145454545454545,22.70909090909091,15.304545454545455,1009.5545454545455,99.72727272727273,22.19090909090909,0.0,3.089090909090909,21.3256,103.9188,7.192727272727273,12.371818181818183,9,37,63,10,1970-01-21 08:11:23.383636363,1970-01-21 08:12:07.930909091,Thu,,,
Sơn La,Trung du miền núi Bắc Bộ,2025-09-11,24.372727272727275,28.072727272727274,21.599999999999998,28.963636363636365,33.11818181818182,25.681818181818183,8.045454545454545,8.045454545454545,0.0,13.545454545454545,87.81818181818181,6.572727272727272,21.0,14.831818181818182,1010.1090909090909,98.9090909090909,22.145454545454545,0.0,3.001818181818182,21.3256,103.9188,6.512727272727273,12.351818181818182,9,37,61,280,1970-01-21 08:12:49.800000000,1970-01-21 08:13:34.270909091,Thu,,,
Sơn La,Trung du miền núi Bắc Bộ,2025-09-12,24.363636363636363,27.954545454545453,21.727272727272727,28.981818181818184,33.36363636363637,25.80909090909091,10.600000000000001,10.600000000000001,0.0,13.909090909090908,88.0909090909091,7.3090909090909095,21.981818181818184,15.010909090909092,1010.9454545454545,99.0,22.154545454545453,0.0,3.047272727272727,21.3256,103.9188,7.671818181818182,12.331818181818182,9,37,63,3,1970-01-21 08:14:16.221818181,1970-01-21 08:15:00.610909091,Thu,,,
Sơn La,Trung du miền núi Bắc Bộ,2025-09-13,24.172727272727272,28.227272727272727,21.418181818181818,28.90909090909091,34.08181818181818,25.427272727272726,14.572727272727274,14.572727272727274,0.0,11.909090909090908,89.0,7.154545454545455,21.900000000000002,17.103636363636365,1011.7909090909092,95.18181818181819,22.09090909090909,0.0,3.3954545454545455,21.3256,103.9188,9.81909090909091,12.31,9,37,63,46,1970-01-21 08:15:42.627272727,1970-01-21 08:16:26.956363636,Thu,,,
Sơn La,Trung du miền núi Bắc Bộ,2025-09-14,24.372727272727275,28.018181818181816,21.463636363636365,29.009090909090904,33.300000000000004,25.481818181818184,4.472727272727273,4.472727272727273,0.0,7.454545454545454,87.0909090909091,7.754545454545454,23.436363636363637,18.10909090909091,1011.7909090909092,78.27272727272727,21.954545454545453,0.0,3.5818181818181816,21.3256,103.9188,11.041818181818183,12.29,9,37,55,70,1970-01-21 08:17:09.043636363,1970-01-21 08:17:53.296363636,Thu,,,
Sơn La,Trung du miền núi Bắc Bộ,2025-09-15,24.2,28.736363636363638,20.80909090909091,28.58181818181818,34.41818181818182,24.39090909090909,9.445454545454545,9.445454545454545,0.0,8.181818181818182,86.54545454545455,9.10909090909091,24.027272727272727,19.029090909090908,1011.8545454545455,90.0909090909091,21.69090909090909,0.0,3.8,21.3256,103.9188,11.703636363636365,12.27,9,38,63,210,1970-01-21 08:18:35.460000000,1970-01-21 08:19:19.636363636,Thu,,,
Sơn La,Trung du miền núi Bắc Bộ,2025-09-16,24.60909090909091,28.454545454545453,21.20909090909091,28.972727272727273,34.154545454545456,24.818181818181817,2.2818181818181817,2.2818181818181817,0.0,5.909090909090909,83.36363636363636,6.645454545454545,19.563636363636363,19.026363636363637,1011.6272727272727,74.9090909090909,21.445454545454545,0.0,3.810909090909091,21.3256,103.9188,11.55181818181818,12.25,9,38,61,24,1970-01-21 08:20:01.876363636,1970-01-21 08:20:45.976363636,Thu,,,
Sơn La,Trung du miền núi Bắc Bộ,2025-09-17,24.91818181818182,29.263636363636362,21.472727272727273,29.163636363636364,34.99090909090909,24.94545454545454,1.3181818181818181,1.3181818181818181,0.0,3.6363636363636362,80.63636363636364,9.527272727272727,25.018181818181816,21.10909090909091,1010.1818181818181,41.18181818181818,21.21818181818182,0.0,4.28090909090909,21.3256,103.9188,11.97181818181818,12.23,9,38,51,102,1970-01-21 08:21:28.287272727,1970-01-21 08:22:12.316363636,Thu,,,
Sơn La,Trung du miền núi Bắc Bộ,2025-09-18,24.472727272727273,28.263636363636362,21.063636363636363,28.472727272727273,32.90909090909091,24.718181818181815,5.3,5.3,0.0,7.363636363636363,83.36363636363636,10.536363636363637,28.145454545454548,19.532727272727275,1010.1909090909091,69.72727272727273,21.318181818181817,0.0,3.8963636363636365,21.3256,103.9188,11.81,12.21,9,38,53,76,1970-01-21 08:22:54.698181818,1970-01-21 08:23:38.661818181,Thu,,,
Sơn La,Trung du miền núi Bắc Bộ,2025-09-19,25.318181818181817,29.481818181818184,21.5,29.3,33.99090909090909,25.027272727272727,0.7909090909090909,0.7909090909090909,0.0,5.090909090909091,78.72727272727273,10.30909090909091,26.545454545454547,21.046363636363637,1009.8818181818183,64.18181818181819,21.12727272727273,0.0,4.332727272727272,21.3256,103.9188,11.976363636363637,12.19,9,38,51,102,1970-01-21 08:24:21.120000000,1970-01-21 08:25:05.001818181,Thu,,,
Sơn La,Trung du miền núi Bắc Bộ,2025-09-20,25.954545454545453,30.61818181818182,21.581818181818182,30.19090909090909,35.4,25.336363636363636,2.6636363636363636,2.6636363636363636,0.0,4.545454545454546,76.54545454545455,8.563636363636364,22.318181818181817,22.042727272727273,1008.4363636363636,37.27272727272727,21.20909090909091,0.0,4.547272727272728,21.3256,103.9188,11.984545454545456,12.17,9,38,3,141,1970-01-21 08:25:47.536363636,1970-01-21 08:26:31.341818181,Thu,,,
Sơn La,Trung du miền núi Bắc Bộ,2025-09-21,25.39090909090909,29.663636363636364,22.436363636363637,30.072727272727274,35.28181818181818,26.39090909090909,6.590909090909091,6.590909090909091,0.0,6.818181818181818,82.9090909090909,8.6,22.836363636363636,17.98090909090909,1007.8818181818181,69.45454545454545,22.154545454545453,0.0,3.6754545454545453,21.3256,103.9188,10.886363636363637,12.15,9,38,63,80,1970-01-21 08:27:13.947272727,1970-01-21 08:27:57.687272727,Thu,,,
Sơn La,Trung du miền núi Bắc Bộ,2025-09-22,23.854545454545452,27.127272727272725,21.71818181818182,28.50909090909091,32.345454545454544,25.936363636363637,12.545454545454545,12.545454545454545,0.0,15.636363636363637,91.63636363636364,8.527272727272727,22.472727272727273,12.488181818181818,1008.9181818181819,93.0909090909091,22.37272727272727,0.0,2.4945454545454546,21.3256,103.9188,5.4363636363636365,12.13,9,39,63,146,1970-01-21 08:28:40.363636363,1970-01-21 08:29:24.027272727,Thu,,,
Sơn La,Trung du miền núi Bắc Bộ,2025-09-23,24.254545454545454,27.88181818181818,21.28181818181818,28.781818181818185,33.25454545454546,25.281818181818185,10.827272727272728,10.827272727272728,0.0,12.727272727272727,87.9090909090909,7.081818181818182,20.12727272727273,16.507272727272724,1007.7272727272727,76.0909090909091,22.0,0.0,3.2736363636363635,21.3256,103.9188,10.788181818181819,12.109999999999998,9,39,63,2,1970-01-21 08:30:06.780000000,1970-01-21 08:30:50.367272727,Thu,,,
Sơn La,Trung du miền núi Bắc Bộ,2025-09-24,25.10909090909091,29.29090909090909,21.436363636363637,29.254545454545454,33.76363636363636,25.436363636363637,4.0636363636363635,4.0636363636363635,0.0,7.7272727272727275,79.45454545454545,8.227272727272727,23.827272727272728,21.14,1005.7181818181817,66.0,20.990909090909092,0.0,4.24,21.3256,103.9188,10.923636363636364,12.090000000000002,9,39,51,10,1970-01-21 08:31:33.196363636,1970-01-21 08:32:16.712727272,Thu,,,
Sơn La,Trung du miền núi Bắc Bộ,2025-09-25,24.736363636363638,29.454545454545453,21.672727272727272,28.072727272727274,32.39090909090909,24.89090909090909,3.536363636363636,3.536363636363636,0.0,4.181818181818182,77.36363636363636,13.545454545454545,34.190909090909095,15.719090909090909,1005.2090909090908,93.54545454545455,20.245454545454546,0.0,3.341818181818182,21.3256,103.9188,9.426363636363636,12.07,9,39,51,4,1970-01-21 08:32:59.607272727,1970-01-21 08:33:43.063636363,Thu,,,
Sơn La,Trung du miền núi Bắc Bộ,2025-09-26,23.663636363636364,27.354545454545452,21.181818181818183,27.045454545454547,30.61818181818182,24.718181818181815,1.1090909090909091,1.1090909090909091,0.0,5.636363636363637,84.0909090909091,12.827272727272726,32.699999999999996,17.363636363636363,1011.0363636363636,88.0,20.69090909090909,0.0,3.4236363636363634,21.3256,103.9188,10.164545454545454,12.05,9,39,51,67,1970-01-21 08:34:26.023636363,1970-01-21 08:35:09.403636363,Thu,,,
Sơn La,Trung du miền núi Bắc Bộ,2025-09-27,23.472727272727273,27.11818181818182,20.80909090909091,27.20909090909091,31.154545454545453,24.263636363636362,8.736363636363636,8.736363636363636,0.0,11.727272727272727,88.45454545454545,14.218181818181819,39.21818181818182,16.16272727272727,1013.6909090909091,96.63636363636364,21.37272727272727,0.0,3.110909090909091,21.3256,103.9188,9.990909090909092,12.03,9,39,63,95,1970-01-21 08:35:52.440000000,1970-01-21 08:36:35.749090909,Thu,,,
Sơn La,Trung du miền núi Bắc Bộ,2025-09-28,23.90909090909091,28.681818181818183,20.563636363636363,27.80909090909091,33.59090909090909,23.781818181818185,4.309090909090909,4.309090909090909,0.0,11.0,84.18181818181819,10.527272727272727,31.718181818181815,19.757272727272724,1010.5272727272727,66.0,20.972727272727273,0.0,3.8881818181818177,21.3256,103.9188,10.892727272727273,12.009999999999998,9,39,51,73,1970-01-21 08:37:18.861818181,1970-01-21 08:38:02.100000000,Thu,,,
Sơn La,Trung du miền núi Bắc Bộ,2025-09-29,21.62727272727273,22.654545454545453,20.599999999999998,24.79090909090909,26.5,23.12727272727273,73.57272727272726,73.57272727272726,0.0,22.272727272727273,96.0,16.581818181818182,53.945454545454545,3.3463636363636367,1005.5090909090909,99.18181818181819,20.89090909090909,0.0,0.7427272727272727,21.3256,103.9188,0.02909090909090909,11.990000000000002,9,40,65,20,1970-01-21 08:38:45.272727272,1970-01-21 08:39:28.440000000,Thu,,,
Sơn La,Trung du miền núi Bắc Bộ,2025-09-30,22.736363636363635,25.163636363636364,21.481818181818184,26.563636363636363,29.627272727272725,24.654545454545453,25.818181818181817,25.818181818181817,0.0,20.90909090909091,94.18181818181819,10.672727272727274,31.318181818181817,6.821818181818182,1009.9818181818181,99.0,21.727272727272727,0.0,1.3845454545454545,21.3256,103.9188,2.2436363636363637,11.97,9,40,63,104,1970-01-21 08:40:11.694545454,1970-01-21 08:40:54.780000000,Thu,,,
Sơn La,Trung du miền núi Bắc Bộ,2025-10-01,23.327272727272728,27.163636363636364,21.018181818181816,27.663636363636364,31.854545454545452,24.718181818181815,7.545454545454546,7.545454545454546,0.0,9.0,90.72727272727273,8.518181818181818,25.55454545454546,13.642727272727273,1012.8,99.81818181818181,21.654545454545453,0.0,2.674545454545455,21.3256,103.9188,7.243636363636363,11.95,10,40,63,153,1970-01-21 08:41:38.110909091,1970-01-21 08:42:21.120000000,Thu,,,
Sơn La,Trung du miền núi Bắc Bộ,2025-10-02,24.327272727272728,28.154545454545453,21.21818181818182,28.872727272727275,33.92727272727273,25.0,2.5818181818181816,2.5818181818181816,0.0,6.7272727272727275,86.63636363636364,6.1,21.200000000000003,17.49,1013.0363636363636,72.54545454545455,21.8,0.0,3.4672727272727273,21.3256,103.9188,11.120000000000001,11.93,10,40,51,9,1970-01-21 08:43:04.527272727,1970-01-21 08:43:47.465454545,Thu,,,
Sơn La,Trung du miền núi Bắc Bộ,2025-10-03,25.072727272727274,29.927272727272726,21.454545454545453,29.818181818181817,35.91818181818182,25.436363636363637,2.272727272727273,2.272727272727273,0.0,7.181818181818182,84.81818181818181,8.536363636363635,21.681818181818183,19.265454545454546,1012.1909090909091,44.90909090909091,22.10909090909091,0.0,3.9299999999999997,21.3256,103.9188,11.15090909090909,11.909999999999998,10,40,51,92,1970-01-21 08:44:30.943636363,1970-01-21 08:45:13.810909091,Thu,,,
Sơn La,Trung du miền núi Bắc Bộ,2025-10-04,24.636363636363637,28.527272727272727,21.527272727272727,29.254545454545454,33.79090909090909,25.654545454545453,4.5181818181818185,4.5181818181818185,0.0,8.454545454545455,86.0909090909091,7.672727272727273,23.018181818181816,17.151818181818182,1012.3272727272728,52.18181818181818,22.0,0.0,3.408181818181818,21.3256,103.9188,10.766363636363637,11.890000000000002,10,40,61,79,1970-01-21 08:45:57.360000000,1970-01-21 08:46:40.161818181,Thu,,,
Sơn La,Trung du miền núi Bắc Bộ,2025-10-05,25.08181818181818,29.627272727272725,20.954545454545453,29.627272727272725,34.43636363636364,24.518181818181816,2.118181818181818,2.118181818181818,0.0,4.818181818181818,83.45454545454545,9.299999999999999,27.036363636363635,18.918181818181818,1009.7272727272727,91.27272727272727,21.900000000000002,0.0,3.803636363636364,21.3256,103.9188,10.636363636363637,11.868181818181817,10,40,55,332,1970-01-21 08:47:23.776363636,1970-01-21 08:48:06.501818181,Thu,,,
Sơn La,Trung du miền núi Bắc Bộ,2025-10-06,23.236363636363635,26.654545454545453,21.09090909090909,27.5,30.91818181818182,24.6,38.07272727272727,38.07272727272727,0.0,18.454545454545453,92.45454545454545,9.054545454545455,25.236363636363638,9.228181818181817,1007.9545454545455,97.81818181818181,21.88181818181818,0.0,1.87,21.3256,103.9188,3.044545454545455,11.848181818181816,10,41,65,122,1970-01-21 08:48:50.192727272,1970-01-21 08:49:32.847272727,Thu,,,
Sơn La,Trung du miền núi Bắc Bộ,2025-10-07,22.136363636363637,25.254545454545454,20.59090909090909,25.954545454545453,29.38181818181818,23.818181818181817,29.327272727272728,29.327272727272728,0.0,17.0,93.81818181818181,8.69090909090909,24.936363636363637,7.140909090909091,1012.1818181818181,99.72727272727273,21.036363636363635,0.0,1.4672727272727273,21.3256,103.9188,1.5909090909090908,11.826363636363636,10,41,63,151,1970-01-21 08:50:16.614545454,1970-01-21 08:50:59.187272727,Thu,,,
Sơn La,Trung du miền núi Bắc Bộ,2025-10-08,23.518181818181816,27.354545454545452,20.681818181818183,27.345454545454547,31.70909090909091,23.981818181818184,2.0,2.0,0.0,4.818181818181818,87.18181818181819,8.872727272727273,25.136363636363637,17.015454545454546,1014.1545454545455,71.81818181818181,21.11818181818182,0.0,3.299090909090909,21.3256,103.9188,10.44090909090909,11.806363636363637,10,41,51,105,1970-01-21 08:51:43.030909091,1970-01-21 08:52:25.532727272,Thu,,,
Sơn La,Trung du miền núi Bắc Bộ,2025-10-09,23.91818181818182,28.39090909090909,20.236363636363635,27.263636363636362,32.43636363636364,23.38181818181818,0.018181818181818184,0.018181818181818184,0.0,0.18181818181818182,78.9090909090909,9.572727272727272,24.41818181818182,20.98,1013.6636363636363,14.909090909090908,19.736363636363635,0.0,4.180000000000001,21.3256,103.9188,11.497272727272728,11.786363636363633,10,41,2,116,1970-01-21 08:53:09.447272727,1970-01-21 08:53:51.878181818,Thu,,,
Sơn La,Trung du miền núi Bắc Bộ,2025-10-10,23.763636363636362,28.55454545454546,19.572727272727274,27.1,32.836363636363636,22.38181818181818,0.18181818181818182,0.18181818181818182,0.0,1.3636363636363635,78.54545454545455,7.509090909090909,20.7,20.817272727272726,1013.0,19.818181818181817,19.536363636363635,0.0,4.108181818181818,21.3256,103.9188,11.455454545454545,11.766363636363637,10,41,3,141,1970-01-21 08:54:35.869090909,1970-01-21 08:55:18.234545454,Thu,,,
Sơn La,Trung du miền núi Bắc Bộ,2025-10-11,23.718181818181815,28.745454545454546,19.172727272727272,27.218181818181815,33.24545454545454,21.845454545454547,0.2,0.2,0.0,1.1818181818181819,80.0909090909091,9.163636363636364,23.363636363636363,20.791818181818183,1012.2181818181817,33.36363636363637,19.836363636363636,0.0,4.121818181818181,21.3256,103.9188,11.19,11.746363636363638,10,41,3,115,1970-01-21 08:56:02.290909091,1970-01-21 08:56:44.580000000,Thu,,,
Sơn La,Trung du miền núi Bắc Bộ,2025-10-12,24.2,28.645454545454548,20.327272727272728,28.30909090909091,33.91818181818182,23.672727272727272,1.190909090909091,1.190909090909091,0.0,4.363636363636363,83.45454545454545,6.8090909090909095,20.236363636363635,18.016363636363636,1011.7909090909092,44.18181818181818,21.027272727272727,0.0,3.5863636363636364,21.3256,103.9188,10.942727272727273,11.726363636363637,10,41,51,101,1970-01-21 08:57:28.707272727,1970-01-21 08:58:10.925454545,Thu,,,
Sơn La,Trung du miền núi Bắc Bộ,2025-10-13,24.39090909090909,28.663636363636364,21.145454545454545,28.327272727272728,33.82727272727273,24.59090909090909,1.1818181818181819,1.1818181818181819,0.0,3.3636363636363638,82.36363636363636,10.618181818181817,26.645454545454548,18.512727272727272,1012.0545454545455,34.63636363636363,21.045454545454547,0.0,3.6981818181818182,21.3256,103.9188,11.114545454545455,11.70818181818182,10,42,51,112,1970-01-21 08:58:55.129090909,1970-01-21 08:59:37.281818181,Thu,,,
Sơn La,Trung du miền núi Bắc Bộ,2025-10-14,23.354545454545452,26.88181818181818,21.072727272727274,27.20909090909091,31.427272727272726,24.59090909090909,6.427272727272728,6.427272727272728,0.0,7.7272727272727275,88.18181818181819,9.754545454545454,27.263636363636362,14.885454545454547,1012.4,94.63636363636364,21.21818181818182,0.0,2.8718181818181816,21.3256,103.9188,9.131818181818183,11.688181818181818,10,42,63,106,1970-01-21 09:00:21.550909091,1970-01-21 09:01:03.627272727,Thu,,,
Sơn La,Trung du miền núi Bắc Bộ,2025-10-15,23.345454545454547,27.08181818181818,20.818181818181817,27.027272727272727,30.91818181818182,24.263636363636362,6.845454545454545,6.845454545454545,0.0,8.090909090909092,87.9090909090909,10.818181818181818,29.181818181818183,15.715454545454547,1012.7727272727273,90.81818181818181,21.09090909090909,0.0,3.0263636363636364,21.3256,103.9188,9.695454545454545,11.668181818181818,10,42,61,99,1970-01-21 09:01:47.978181818,1970-01-21 09:02:29.989090909,Thu,,,
Sơn La,Trung du miền núi Bắc Bộ,2025-10-16,23.681818181818183,27.427272727272726,21.145454545454545,27.136363636363637,31.645454545454548,24.50909090909091,2.209090909090909,2.209090909090909,0.0,5.818181818181818,84.36363636363636,12.890909090909092,34.763636363636365,17.644545454545455,1014.5636363636364,76.45454545454545,20.754545454545454,0.0,3.4236363636363634,21.3256,103.9188,10.63,11.648181818181818,10,42,51,105,1970-01-21 09:03:14.400000000,1970-01-21 09:03:56.334545454,Thu,,,
Sơn La,Trung du miền núi Bắc Bộ,2025-10-17,23.6,28.09090909090909,19.8,26.672727272727272,31.345454545454547,22.70909090909091,0.14545454545454548,0.14545454545454548,0.0,1.2727272727272727,79.63636363636364,10.636363636363637,27.20909090909091,19.33818181818182,1015.2272727272727,27.0,19.61818181818182,0.0,3.8318181818181816,21.3256,103.9188,10.983636363636364,11.631818181818183,10,42,3,110,1970-01-21 09:04:40.816363636,1970-01-21 09:05:22.690909091,Thu,,,
Sơn La,Trung du miền núi Bắc Bộ,2025-10-18,23.5,28.172727272727272,19.336363636363636,26.472727272727273,31.79090909090909,21.88181818181818,0.06363636363636363,0.06363636363636363,0.0,0.6363636363636364,78.18181818181819,10.781818181818181,28.154545454545453,19.42909090909091,1014.5363636363636,10.636363636363637,19.3,0.0,3.8545454545454545,21.3256,103.9188,11.066363636363636,11.611818181818181,10,42,51,105,1970-01-21 09:06:07.249090909,1970-01-21 09:06:49.047272727,Thu,,,
Sơn La,Trung du miền núi Bắc Bộ,2025-10-19,23.236363636363635,27.236363636363638,19.62727272727273,26.318181818181817,31.018181818181816,22.136363636363637,0.7818181818181817,0.7818181818181817,0.0,3.909090909090909,80.81818181818181,11.127272727272727,28.672727272727272,18.87909090909091,1014.1454545454545,28.818181818181817,19.59090909090909,0.0,3.6754545454545453,21.3256,103.9188,11.004545454545454,11.593636363636364,10,42,51,100,1970-01-21 09:07:33.670909091,1970-01-21 09:08:15.392727272,Thu,,,
Sơn La,Trung du miền núi Bắc Bộ,2025-10-20,22.636363636363637,26.39090909090909,19.78181818181818,25.354545454545452,29.29090909090909,22.536363636363635,1.309090909090909,1.309090909090909,0.0,5.2727272727272725,83.0,12.136363636363637,31.345454545454547,17.990909090909092,1014.6636363636363,27.363636363636363,19.400000000000002,0.0,3.460909090909091,21.3256,103.9188,10.424545454545454,11.573636363636364,10,43,51,84,1970-01-21 09:09:00.098181818,1970-01-21 09:09:41.754545454,Thu,,,
Sơn La,Trung du miền núi Bắc Bộ,2025-10-21,21.681818181818183,25.972727272727273,18.518181818181816,23.21818181818182,27.8,20.054545454545455,0.15454545454545454,0.15454545454545454,0.0,1.0,76.0,13.509090909090908,33.581818181818186,17.170909090909092,1016.3818181818183,43.54545454545455,17.081818181818182,0.0,3.4318181818181817,21.3256,103.9188,10.760909090909092,11.553636363636365,10,43,3,98,1970-01-21 09:10:26.520000000,1970-01-21 09:11:08.105454545,Thu,,,
Sơn La,Trung du miền núi Bắc Bộ,2025-10-22,20.445454545454545,24.818181818181817,17.10909090909091,21.39090909090909,25.745454545454546,17.927272727272726,0.009090909090909092,0.009090909090909092,0.0,0.09090909090909091,72.81818181818181,12.445454545454545,31.19090909090909,17.026363636363637,1017.6818181818181,49.72727272727273,15.163636363636364,0.0,3.297272727272727,21.3256,103.9188,10.824545454545456,11.533636363636363,10,43,3,215,1970-01-21 09:11:52.936363636,1970-01-21 09:12:34.467272727,Thu,,,
Sơn La,Trung du miền núi Bắc Bộ,2025-10-23,19.3,23.0,16.854545454545455,19.89090909090909,23.872727272727275,17.481818181818184,0.1272727272727273,0.1272727272727273,0.0,0.2727272727272727,75.18181818181819,12.372727272727273,30.9,13.976363636363637,1018.8181818181819,76.27272727272727,14.70909090909091,0.0,2.727272727272727,21.3256,103.9188,8.825454545454546,11.516363636363636,10,43,3,108,1970-01-21 09:13:19.369090909,1970-01-21 09:14:00.829090909,Thu,,,
Sơn La,Trung du miền núi Bắc Bộ,2025-10-24,18.38181818181818,21.136363636363637,16.572727272727274,19.09090909090909,21.827272727272728,17.490909090909092,0.8727272727272727,0.8727272727272727,0.0,4.818181818181818,82.72727272727273,12.363636363636363,31.09090909090909,9.42818181818182,1019.0363636363636,93.72727272727273,15.30909090909091,0.0,1.8327272727272728,21.3256,103.9188,3.9227272727272724,11.496363636363638,10,43,51,70,1970-01-21 09:14:45.790909091,1970-01-21 09:15:27.180000000,Thu,,,
Sơn La,Trung du miền núi Bắc Bộ,2025-10-25,19.072727272727274,22.863636363636363,15.681818181818182,20.136363636363637,23.627272727272725,16.745454545454546,0.05454545454545454,0.05454545454545454,0.0,0.45454545454545453,82.54545454545455,12.218181818181819,30.663636363636364,13.748181818181818,1017.7909090909092,50.18181818181818,15.845454545454546,0.0,2.5436363636363635,21.3256,103.9188,9.493636363636364,11.476363636363637,10,43,3,117,1970-01-21 09:16:12.229090909,1970-01-21 09:16:53.536363636,Thu,,,
Sơn La,Trung du miền núi Bắc Bộ,2025-10-26,20.036363636363635,23.96363636363636,16.80909090909091,21.336363636363636,25.245454545454546,18.28181818181818,0.10909090909090909,0.10909090909090909,0.0,0.9090909090909091,79.9090909090909,12.454545454545455,30.672727272727272,14.992727272727274,1017.7727272727273,39.72727272727273,16.318181818181817,0.0,2.851818181818182,21.3256,103.9188,9.993636363636362,11.458181818181819,10,43,3,111,1970-01-21 09:17:38.650909091,1970-01-21 09:18:19.892727272,Thu,,,
Sơn La,Trung du miền núi Bắc Bộ,2025-10-27,20.10909090909091,24.454545454545453,16.563636363636366,21.38181818181818,25.89090909090909,17.754545454545454,0.03636363636363636,0.03636363636363636,0.0,0.36363636363636365,78.18181818181819,12.136363636363637,29.854545454545452,16.03909090909091,1018.0,29.0,16.045454545454547,0.0,3.027272727272727,21.3256,103.9188,10.513636363636364,11.44,10,44,3,96,1970-01-21 09:19:05.078181818,1970-01-21 09:19:46.260000000,Thu,,,
Sơn La,Trung du miền núi Bắc Bộ,2025-10-28,20.536363636363635,24.69090909090909,17.318181818181817,21.745454545454546,26.154545454545453,18.581818181818182,0.018181818181818184,0.018181818181818184,0.0,0.18181818181818182,75.72727272727273,12.118181818181819,29.672727272727272,16.31,1017.7363636363636,78.72727272727273,15.936363636363636,0.0,3.1536363636363633,21.3256,103.9188,10.497272727272728,11.421818181818182,10,44,3,113,1970-01-21 09:20:31.505454545,1970-01-21 09:21:12.616363636,Thu,,,
Sơn La,Trung du miền núi Bắc Bộ,2025-10-29,20.563636363636363,24.88181818181818,16.654545454545453,22.10909090909091,26.6,17.71818181818182,0.0,0.0,0.0,0.0,77.27272727272727,10.481818181818182,26.99090909090909,15.934545454545455,1016.5090909090909,79.54545454545455,16.263636363636365,0.0,3.047272727272727,21.3256,103.9188,10.311818181818182,11.403636363636364,10,44,3,92,1970-01-21 09:21:57.932727272,1970-01-21 09:22:38.989090909,Thu,,,
Sơn La,Trung du miền núi Bắc Bộ,2025-10-30,21.581818181818182,26.11818181818182,17.636363636363637,23.827272727272728,28.927272727272726,19.327272727272728,0.1,0.1,0.0,1.0,81.9090909090909,11.390909090909092,27.58181818181818,14.47090909090909,1016.3727272727273,85.45454545454545,18.245454545454546,0.0,2.819090909090909,21.3256,103.9188,9.794545454545455,11.386363636363637,10,44,3,137,1970-01-21 09:23:24.365454545,1970-01-21 09:24:05.345454545,Thu,,,
Sơn La,Trung du miền núi Bắc Bộ,2025-10-31,22.018181818181816,26.136363636363637,19.39090909090909,24.463636363636365,29.145454545454548,21.90909090909091,0.4454545454545454,0.4454545454545454,0.0,2.727272727272727,84.72727272727273,13.80909090909091,33.481818181818184,14.135454545454547,1016.7272727272727,67.9090909090909,19.181818181818183,0.0,2.7936363636363635,21.3256,103.9188,8.134545454545455,11.368181818181817,10,44,51,97,1970-01-21 09:24:50.787272727,1970-01-21 09:25:31.707272727,Thu,,,
Sơn La,Trung du miền núi Bắc Bộ,2025-11-01,20.12727272727273,23.045454545454547,18.39090909090909,21.736363636363635,24.236363636363638,19.29090909090909,7.145454545454545,7.145454545454545,0.0,9.363636363636363,86.18181818181819,13.509090909090908,33.054545454545455,9.954545454545455,1017.2545454545453,99.0,17.654545454545453,0.0,1.9518181818181817,21.3256,103.9188,5.298181818181818,11.35,11,44,63,99,1970-01-21 09:26:17.225454545,1970-01-21 09:26:58.080000000,Thu,,,
Sơn La,Trung du miền núi Bắc Bộ,2025-11-02,19.227272727272727,21.972727272727273,17.61818181818182,20.072727272727274,22.70909090909091,17.78181818181818,0.02727272727272728,0.02727272727272728,0.0,0.18181818181818182,83.45454545454545,14.1,34.336363636363636,10.04,1017.5454545454545,98.54545454545455,16.28181818181818,0.0,1.9699999999999998,21.3256,103.9188,5.132727272727273,11.331818181818182,11,44,3,108,1970-01-21 09:27:43.647272727,1970-01-21 09:28:24.447272727,Thu,,,
Sơn La,Trung du miền núi Bắc Bộ,2025-11-03,18.09090909090909,21.554545454545455,15.927272727272726,18.236363636363635,21.30909090909091,16.254545454545454,0.0,0.0,0.0,0.0,79.27272727272727,15.718181818181819,38.345454545454544,11.631818181818183,1017.7545454545453,96.0,14.363636363636363,0.0,2.209090909090909,21.3256,103.9188,6.890909090909091,11.316363636363636,11,45,3,112,1970-01-21 09:29:10.085454545,1970-01-21 09:29:50.820000000,Thu,,,
Sơn La,Trung du miền núi Bắc Bộ,2025-11-04,17.8,21.036363636363635,15.681818181818182,18.490909090909092,21.69090909090909,16.11818181818182,0.22727272727272727,0.22727272727272727,0.0,1.4545454545454546,82.72727272727273,11.263636363636364,29.154545454545453,9.402727272727272,1017.5545454545455,86.72727272727273,14.79090909090909,0.0,1.778181818181818,21.3256,103.9188,4.996363636363636,11.298181818181819,11,45,3,71,1970-01-21 09:30:36.512727272,1970-01-21 09:31:17.187272727,Thu,,,
Sơn La,Trung du miền núi Bắc Bộ,2025-11-05,19.509090909090908,23.272727272727273,16.599999999999998,21.009090909090908,24.9,17.518181818181816,0.07272727272727274,0.07272727272727274,0.0,0.5454545454545454,81.81818181818181,8.545454545454545,22.445454545454545,12.505454545454546,1014.5545454545455,69.0909090909091,16.19090909090909,0.0,2.360909090909091,21.3256,103.9188,7.95,11.281818181818181,11,45,3,80,1970-01-21 09:32:02.945454545,1970-01-21 09:32:43.560000000,Thu,,,
Sơn La,Trung du miền núi Bắc Bộ,2025-11-06,21.154545454545453,25.827272727272728,17.21818181818182,23.58181818181818,28.736363636363638,19.027272727272727,0.11818181818181818,0.11818181818181818,0.0,0.8181818181818182,83.27272727272727,8.136363636363637,20.90909090909091,15.286363636363637,1012.9363636363636,44.45454545454545,18.018181818181816,0.0,2.8936363636363636,21.3256,103.9188,10.434545454545455,11.266363636363636,11,45,3,133,1970-01-21 09:33:29.383636363,1970-01-21 09:34:09.927272727,Thu,,,
Sơn La,Trung du miền núi Bắc Bộ,2025-11-07,21.5,25.727272727272727,18.30909090909091,24.2,28.681818181818183,20.7,0.45454545454545453,0.45454545454545453,0.0,2.090909090909091,87.18181818181819,10.181818181818182,26.58181818181818,12.622727272727273,1012.7909090909092,90.9090909090909,19.136363636363637,0.0,2.44,21.3256,103.9188,7.717272727272728,11.248181818181818,11,45,51,50,1970-01-21 09:34:55.810909091,1970-01-21 09:35:36.300000000,Thu,,,
Sơn La,Trung du miền núi Bắc Bộ,2025-11-08,22.6,26.163636363636364,20.154545454545453,25.79090909090909,29.245454545454546,23.2,2.727272727272727,2.727272727272727,0.0,8.545454545454545,88.72727272727273,13.918181818181818,38.654545454545456,12.718181818181819,1013.2727272727273,78.72727272727273,20.536363636363635,0.0,2.442727272727273,21.3256,103.9188,8.025454545454545,11.231818181818182,11,45,51,90,1970-01-21 09:36:22.249090909,1970-01-21 09:37:02.683636363,Thu,,,
Sơn La,Trung du miền núi Bắc Bộ,2025-11-09,23.10909090909091,27.163636363636364,20.272727272727273,26.6,30.6,23.29090909090909,2.8363636363636364,2.8363636363636364,0.0,6.363636363636363,87.36363636363636,9.554545454545455,26.136363636363637,12.718181818181819,1012.9181818181819,69.9090909090909,20.78181818181818,0.0,2.502727272727273,21.3256,103.9188,9.02909090909091,11.218181818181819,11,45,53,110,1970-01-21 09:37:48.670909091,1970-01-21 09:38:29.050909091,Thu,,,
Sơn La,Trung du miền núi Bắc Bộ,2025-11-10,22.954545454545453,26.863636363636363,20.481818181818184,26.818181818181817,31.254545454545454,23.845454545454547,3.836363636363636,3.836363636363636,0.0,9.090909090909092,88.63636363636364,6.827272727272727,21.900000000000002,13.549090909090909,1011.5636363636364,56.18181818181818,20.88181818181818,0.0,2.63,21.3256,103.9188,9.257272727272728,11.200000000000001,11,46,53,34,1970-01-21 09:39:15.114545454,1970-01-21 09:39:55.434545454,Thu,,,
Sơn La,Trung du miền núi Bắc Bộ,2025-11-11,21.836363636363636,25.272727272727273,19.79090909090909,24.94545454545454,28.481818181818184,22.036363636363635,4.463636363636364,4.463636363636364,0.0,13.454545454545455,91.0909090909091,10.60909090909091,26.672727272727272,10.761818181818182,1011.9545454545455,86.54545454545455,20.20909090909091,0.0,2.0690909090909093,21.3256,103.9188,7.1890909090909085,11.181818181818182,11,46,53,122,1970-01-21 09:40:41.541818181,1970-01-21 09:41:21.807272727,Thu,,,
Sơn La,Trung du miền núi Bắc Bộ,2025-11-12,19.854545454545455,22.272727272727273,18.0,21.5,23.354545454545452,19.58181818181818,1.3545454545454545,1.3545454545454545,0.0,6.636363636363637,86.9090909090909,11.354545454545455,27.481818181818184,7.106363636363636,1015.4,78.27272727272727,17.554545454545455,0.0,1.4718181818181817,21.3256,103.9188,2.8463636363636367,11.17,11,46,51,99,1970-01-21 09:42:07.985454545,1970-01-21 09:42:48.185454545,Thu,,,
Sơn La,Trung du miền núi Bắc Bộ,2025-11-13,19.87272727272727,23.6,17.227272727272727,20.745454545454546,24.20909090909091,18.254545454545454,0.0,0.0,0.0,0.0,76.81818181818181,13.909090909090908,34.07272727272727,14.242727272727274,1018.1181818181817,48.54545454545455,15.481818181818182,0.0,2.7327272727272724,21.3256,103.9188,9.715454545454547,11.151818181818182,11,46,3,109,1970-01-21 09:43:34.423636363,1970-01-21 09:44:14.569090909,Thu,,,
Sơn La,Trung du miền núi Bắc Bộ,2025-11-14,18.945454545454545,23.454545454545453,15.736363636363636,19.44545454545454,24.027272727272727,16.163636363636364,0.0,0.0,0.0,0.0,73.27272727272727,11.663636363636364,29.427272727272726,16.216363636363635,1018.1454545454545,15.545454545454545,13.836363636363636,0.0,2.9990909090909095,21.3256,103.9188,10.52818181818182,11.138181818181819,11,46,1,98,1970-01-21 09:45:00.850909091,1970-01-21 09:45:40.947272727,Thu,,,
Sơn La,Trung du miền núi Bắc Bộ,2025-11-15,18.445454545454545,23.563636363636363,14.581818181818182,18.763636363636365,24.69090909090909,14.345454545454546,0.0,0.0,0.0,0.0,70.36363636363636,9.827272727272726,26.018181818181816,18.492727272727276,1020.0090909090909,2.6363636363636362,12.745454545454544,0.0,3.3545454545454545,21.3256,103.9188,10.634545454545453,11.121818181818183,11,46,0,77,1970-01-21 09:46:27.294545454,1970-01-21 09:47:07.330909091,Thu,,,
Sơn La,Trung du miền núi Bắc Bộ,2025-11-16,18.472727272727273,23.154545454545453,14.118181818181819,19.19090909090909,23.863636363636363,14.118181818181819,0.0,0.0,0.0,0.0,75.0,10.209090909090909,26.636363636363637,15.37,1021.2545454545453,17.545454545454547,13.818181818181818,0.0,2.7854545454545456,21.3256,103.9188,10.200909090909091,11.11,11,46,2,96,1970-01-21 09:47:53.727272727,1970-01-21 09:48:33.720000000,Thu,,,
Sơn La,Trung du miền núi Bắc Bộ,2025-11-17,19.663636363636364,24.00909090909091,17.272727272727273,21.16363636363636,25.363636363636363,18.536363636363635,6.454545454545454,6.454545454545454,0.0,7.2727272727272725,82.63636363636364,12.454545454545455,30.372727272727275,12.61909090909091,1020.6727272727272,73.36363636363636,16.463636363636365,0.0,2.4263636363636363,21.3256,103.9188,6.831818181818182,11.091818181818182,11,47,61,80,1970-01-21 09:49:20.165454545,1970-01-21 09:50:00.109090909,Thu,,,
Sơn La,Trung du miền núi Bắc Bộ,2025-11-18,16.954545454545453,18.90909090909091,13.29090909090909,18.009090909090908,20.79090909090909,12.909090909090908,22.61818181818182,22.61818181818182,0.0,23.454545454545453,95.9090909090909,12.7,32.14545454545455,2.7072727272727275,1022.4272727272728,100.0,16.29090909090909,0.0,0.5818181818181819,21.3256,103.9188,0.002727272727272727,11.08,11,47,61,149,1970-01-21 09:50:46.609090909,1970-01-21 09:51:26.487272727,Thu,,,
Sơn La,Trung du miền núi Bắc Bộ,2025-11-19,12.681818181818182,14.97272727272727,10.963636363636363,11.563636363636364,13.845454545454546,9.636363636363637,1.7454545454545454,1.7454545454545454,0.0,7.545454545454546,83.9090909090909,11.172727272727274,27.981818181818184,6.685454545454546,1026.081818181818,82.18181818181819,9.918181818181818,0.0,1.2281818181818183,21.3256,103.9188,2.2154545454545453,11.066363636363636,11,47,51,114,1970-01-21 09:52:13.030909091,1970-01-21 09:52:52.870909091,Thu,,,
Sơn La,Trung du miền núi Bắc Bộ,2025-11-20,13.572727272727274,17.87272727272727,10.154545454545454,12.609090909090908,16.69090909090909,9.118181818181817,0.0,0.0,0.0,0.0,77.63636363636364,11.654545454545454,30.027272727272727,14.753636363636362,1024.8090909090909,31.181818181818183,9.536363636363637,0.0,2.361818181818182,21.3256,103.9188,10.168181818181818,11.051818181818183,11,47,3,66,1970-01-21 09:53:39.480000000,1970-01-21 09:54:19.265454545,Thu,,,
Sơn La,Trung du miền núi Bắc Bộ,2025-11-21,15.19090909090909,20.463636363636365,11.181818181818182,14.509090909090908,19.818181818181817,10.481818181818182,0.0,0.0,0.0,0.0,72.0,11.70909090909091,29.772727272727273,17.01909090909091,1024.0,8.272727272727273,9.918181818181818,0.0,2.87,21.3256,103.9188,10.370909090909091,11.04,11,47,1,61,1970-01-21 09:55:05.923636363,1970-01-21 09:55:45.660000000,Thu,,,
Sơn La,Trung du miền núi Bắc Bộ,2025-11-22,15.618181818181817,21.009090909090908,11.4,15.081818181818182,21.11818181818182,10.436363636363636,0.0,0.0,0.0,0.0,69.45454545454545,8.80909090909091,24.1,18.076363636363638,1021.4818181818181,1.0,9.809090909090909,0.0,3.0736363636363637,21.3256,103.9188,10.457272727272727,11.03,11,47,0,77,1970-01-21 09:56:32.345454545,1970-01-21 09:57:12.054545454,Thu,,,
Sơn La,Trung du miền núi Bắc Bộ,2025-11-23,16.30909090909091,22.11818181818182,11.545454545454545,16.3,22.918181818181818,10.799999999999999,0.0,0.0,0.0,0.0,72.0909090909091,6.963636363636363,19.054545454545455,17.970000000000002,1020.1636363636363,0.8181818181818182,11.054545454545455,0.0,3.055454545454545,21.3256,103.9188,10.437272727272727,11.016363636363636,11,47,0,67,1970-01-21 09:57:58.794545454,1970-01-21 09:58:38.449090909,Thu,,,
Sơn La,Trung du miền núi Bắc Bộ,2025-11-24,16.681818181818183,22.063636363636363,12.345454545454546,16.7,22.454545454545453,11.97272727272727,0.0,0.0,0.0,0.0,74.9090909090909,11.218181818181819,28.336363636363636,17.336363636363636,1020.7363636363636,7.090909090909091,11.945454545454545,0.0,3.005454545454546,21.3256,103.9188,10.382727272727273,11.003636363636362,11,48,1,59,1970-01-21 09:59:25.221818181,1970-01-21 10:00:04.843636363,Thu,,,
Sơn La,Trung du miền núi Bắc Bộ,2025-11-25,16.027272727272727,21.027272727272727,12.454545454545455,15.136363636363637,20.136363636363637,11.027272727272727,0.0,0.0,0.0,0.0,64.54545454545455,11.163636363636364,29.127272727272725,17.529090909090908,1021.4909090909091,23.454545454545453,8.799999999999999,0.0,3.0954545454545452,21.3256,103.9188,10.30090909090909,10.99,11,48,3,67,1970-01-21 10:00:51.665454545,1970-01-21 10:01:31.243636363,Thu,,,
Sơn La,Trung du miền núi Bắc Bộ,2025-11-26,14.545454545454545,20.30909090909091,9.872727272727273,13.536363636363637,20.181818181818183,8.19090909090909,0.0,0.0,0.0,0.0,64.27272727272727,7.790909090909091,21.163636363636364,18.098181818181818,1020.7181818181817,20.818181818181817,7.645454545454545,0.0,3.01,21.3256,103.9188,10.409090909090908,10.98,11,48,3,52,1970-01-21 10:02:18.109090909,1970-01-21 10:02:57.643636363,Thu,,,
Sơn La,Trung du miền núi Bắc Bộ,2025-11-27,14.718181818181819,21.045454545454547,10.363636363636363,13.336363636363636,19.972727272727273,9.072727272727272,0.0,0.0,0.0,0.0,60.09090909090909,11.472727272727273,29.88181818181818,18.095454545454547,1023.6454545454545,39.81818181818182,6.5,0.0,3.1436363636363636,21.3256,103.9188,10.32090909090909,10.97,11,48,3,37,1970-01-21 10:03:44.530909091,1970-01-21 10:04:24.043636363,Thu,,,
Sơn La,Trung du miền núi Bắc Bộ,2025-11-28,13.663636363636364,19.936363636363634,8.745454545454546,12.372727272727273,19.20909090909091,6.990909090909091,0.0,0.0,0.0,0.0,59.36363636363637,6.3,19.5,18.30545454545455,1019.9909090909091,19.727272727272727,5.4818181818181815,0.0,2.9490909090909088,21.3256,103.9188,10.366363636363637,10.96,11,48,3,33,1970-01-21 10:05:10.980000000,1970-01-21 10:05:50.443636363,Thu,,,
Sơn La,Trung du miền núi Bắc Bộ,2025-11-29,14.563636363636363,21.19090909090909,9.045454545454545,13.6,20.981818181818184,7.4818181818181815,0.0,0.0,0.0,0.0,60.72727272727273,5.3999999999999995,17.745454545454546,18.319090909090907,1016.1090909090909,0.9090909090909091,6.736363636363635,0.0,2.994545454545454,21.3256,103.9188,10.374545454545455,10.950000000000001,11,48,0,3,1970-01-21 10:06:37.429090909,1970-01-21 10:07:16.843636363,Thu,,,
Sơn La,Trung du miền núi Bắc Bộ,2025-11-30,15.9,22.61818181818182,10.69090909090909,15.281818181818181,22.509090909090908,9.30909090909091,0.0,0.0,0.0,0.0,63.27272727272727,7.581818181818182,21.37272727272727,18.001818181818184,1014.8272727272728,0.0,8.563636363636364,0.0,3.0772727272727276,21.3256,103.9188,10.312727272727273,10.94,11,48,0,320,1970-01-21 10:08:03.850909091,1970-01-21 10:08:43.249090909,Thu,,,
Sơn La,Trung du miền núi Bắc Bộ,2025-12-01,16.62727272727273,22.945454545454545,11.618181818181817,16.654545454545453,24.045454545454547,10.754545454545454,0.0,0.0,0.0,0.0,69.63636363636364,6.0636363636363635,17.945454545454545,17.297272727272727,1015.1363636363636,10.545454545454545,10.754545454545454,0.0,2.943636363636364,21.3256,103.9188,10.22181818181818,10.93,12,49,2,47,1970-01-21 10:09:30.300000000,1970-01-21 10:10:09.654545454,Đông,,,
Sơn La,Trung du miền núi Bắc Bộ,2025-12-02,17.927272727272726,24.281818181818185,12.745454545454544,18.354545454545455,25.4,12.47272727272727,0.0,0.0,0.0,0.0,70.0909090909091,7.363636363636363,19.636363636363637,17.253636363636364,1014.3272727272728,2.8181818181818183,12.081818181818182,0.0,3.0518181818181818,21.3256,103.9188,10.146363636363636,10.92,12,49,0,22,1970-01-21 10:10:56.749090909,1970-01-21 10:11:36.054545454,Đông,,,
Sơn La,Trung du miền núi Bắc Bộ,2025-12-03,18.054545454545455,23.281818181818185,14.509090909090908,18.818181818181817,24.00909090909091,14.645454545454545,0.07272727272727272,0.07272727272727272,0.0,0.5454545454545454,83.0,13.272727272727273,32.699999999999996,13.867272727272727,1018.7727272727273,32.81818181818182,14.936363636363637,0.0,2.498181818181818,21.3256,103.9188,9.67909090909091,10.911818181818182,12,49,3,88,1970-01-21 10:12:23.170909091,1970-01-21 10:13:02.465454545,Đông,,,
Sơn La,Trung du miền núi Bắc Bộ,2025-12-04,17.836363636363636,22.78181818181818,14.645454545454545,18.69090909090909,23.672727272727272,15.154545454545456,0.10909090909090909,0.10909090909090909,0.0,1.0909090909090908,82.27272727272727,8.818181818181818,22.672727272727272,12.13090909090909,1019.3090909090909,47.63636363636363,14.554545454545455,0.0,2.1972727272727273,21.3256,103.9188,9.236363636363636,10.903636363636364,12,49,51,14,1970-01-21 10:13:49.620000000,1970-01-21 10:14:28.865454545,Đông,,,
Sơn La,Trung du miền núi Bắc Bộ,2025-12-05,17.527272727272727,21.936363636363634,14.536363636363637,18.345454545454547,22.927272727272726,15.136363636363637,0.3090909090909091,0.3090909090909091,0.0,2.4545454545454546,85.63636363636364,9.4,23.0,9.58,1020.4,56.90909090909091,14.927272727272726,0.0,1.7972727272727271,21.3256,103.9188,6.573636363636364,10.896363636363636,12,49,51,97,1970-01-21 10:15:16.069090909,1970-01-21 10:15:55.276363636,Đông,,,
Sơn La,Trung du miền núi Bắc Bộ,2025-12-06,18.154545454545453,22.40909090909091,15.38181818181818,19.336363636363636,23.89090909090909,16.28181818181818,0.7090909090909091,0.7090909090909091,0.0,3.1818181818181817,84.45454545454545,7.645454545454545,19.745454545454542,10.043636363636365,1018.5090909090908,59.27272727272727,15.327272727272726,0.0,1.8672727272727272,21.3256,103.9188,7.254545454545454,10.88818181818182,12,49,3,59,1970-01-21 10:16:42.490909091,1970-01-21 10:17:21.703636363,Đông,,,
Sơn La,Trung du miền núi Bắc Bộ,2025-12-07,18.07272727272727,22.59090909090909,15.327272727272726,19.154545454545453,23.8,15.918181818181818,0.4454545454545455,0.4454545454545455,0.0,2.1818181818181817,85.72727272727273,11.445454545454544,27.94545454545454,11.039090909090907,1018.4909090909092,55.54545454545455,15.47272727272727,0.0,2.0463636363636364,21.3256,103.9188,7.168181818181818,10.88,12,49,51,146,1970-01-21 10:18:08.940000000,1970-01-21 10:18:48.114545454,Đông,,,
Sơn La,Trung du miền núi Bắc Bộ,2025-12-08,17.045454545454547,21.063636363636363,14.2,17.545454545454547,21.045454545454547,14.70909090909091,0.6090909090909091,0.6090909090909091,0.0,3.363636363636364,83.63636363636364,12.090909090909092,29.90909090909091,10.605454545454544,1020.5636363636364,56.18181818181818,14.1,0.0,1.9345454545454543,21.3256,103.9188,7.427272727272728,10.873636363636365,12,50,51,113,1970-01-21 10:19:35.383636363,1970-01-21 10:20:14.525454545,Đông,,,
Sơn La,Trung du miền núi Bắc Bộ,2025-12-09,16.5,21.263636363636365,12.581818181818182,16.545454545454547,20.9,12.70909090909091,0.1363636363636363,0.1363636363636363,0.0,1.0,76.72727272727273,9.19090909090909,24.60909090909091,14.136363636363637,1019.5363636363636,35.09090909090909,12.018181818181818,0.0,2.4481818181818182,21.3256,103.9188,9.885454545454545,10.868181818181816,12,50,3,156,1970-01-21 10:21:01.805454545,1970-01-21 10:21:40.930909091,Đông,,,
Sơn La,Trung du miền núi Bắc Bộ,2025-12-10,16.599999999999998,21.990909090909092,12.245454545454544,16.763636363636365,22.527272727272727,12.21818181818182,0.0,0.0,0.0,0.0,73.45454545454545,7.572727272727274,20.772727272727273,16.22909090909091,1018.6545454545457,10.0,11.518181818181818,0.0,2.772727272727273,21.3256,103.9188,10.02818181818182,10.86181818181818,12,50,2,56,1970-01-21 10:22:28.254545454,1970-01-21 10:23:07.363636363,Đông,,,
Sơn La,Trung du miền núi Bắc Bộ,2025-12-11,16.363636363636363,19.645454545454545,13.072727272727274,17.263636363636365,20.654545454545453,13.090909090909092,0.9727272727272728,0.9727272727272728,0.0,4.363636363636363,85.9090909090909,5.836363636363637,17.272727272727273,6.166363636363636,1018.7181818181816,68.81818181818181,13.88181818181818,0.0,1.1527272727272726,21.3256,103.9188,2.2436363636363637,10.858181818181816,12,50,51,144,1970-01-21 10:23:54.681818181,1970-01-21 10:24:33.774545454,Đông,,,
Sơn La,Trung du miền núi Bắc Bộ,2025-12-12,17.28181818181818,19.854545454545455,15.736363636363636,19.045454545454547,21.57272727272727,17.163636363636364,3.436363636363636,3.436363636363636,0.0,9.090909090909092,93.0909090909091,5.445454545454545,16.927272727272726,6.260909090909092,1016.8363636363636,73.18181818181819,16.099999999999998,0.0,1.1372727272727272,21.3256,103.9188,2.899090909090909,10.851818181818182,12,50,61,325,1970-01-21 10:25:21.120000000,1970-01-21 10:26:00.185454545,Đông,,,
Sơn La,Trung du miền núi Bắc Bộ,2025-12-13,18.3,22.863636363636363,15.054545454545456,19.37272727272727,24.181818181818183,15.327272727272726,0.790909090909091,0.790909090909091,0.0,3.363636363636364,84.9090909090909,12.990909090909092,31.745454545454542,11.958181818181815,1018.8727272727272,64.81818181818181,15.572727272727274,0.0,2.2381818181818183,21.3256,103.9188,8.57909090909091,10.85,12,50,51,70,1970-01-21 10:26:47.552727272,1970-01-21 10:27:26.607272727,Đông,,,
Sơn La,Trung du miền núi Bắc Bộ,2025-12-14,16.345454545454547,20.054545454545455,13.354545454545455,15.754545454545456,19.327272727272728,12.80909090909091,0.0181818181818181,0.0181818181818181,0.0,0.1818181818181818,75.0,12.21818181818182,30.318181818181817,12.692727272727272,1021.181818181818,39.18181818181818,11.681818181818182,0.0,2.3663636363636367,21.3256,103.9188,9.16909090909091,10.846363636363636,12,50,3,114,1970-01-21 10:28:13.985454545,1970-01-21 10:28:53.034545454,Đông,,,
Sơn La,Trung du miền núi Bắc Bộ,2025-12-15,16.018181818181816,21.61818181818182,11.527272727272727,16.3,21.827272727272728,11.363636363636363,0.0,0.0,0.0,0.0,80.18181818181819,7.754545454545454,21.07272727272727,13.903636363636364,1018.9,25.454545454545453,12.30909090909091,0.0,2.387272727272727,21.3256,103.9188,9.72181818181818,10.841818181818182,12,51,3,62,1970-01-21 10:29:40.429090909,1970-01-21 10:30:19.445454545,Đông,,,
Sơn La,Trung du miền núi Bắc Bộ,2025-12-16,16.481818181818184,21.563636363636363,12.763636363636364,16.981818181818184,22.554545454545455,12.918181818181818,0.0454545454545454,0.0454545454545454,0.0,0.4545454545454545,83.63636363636364,8.763636363636364,21.845454545454547,12.878181818181815,1017.8636363636364,38.45454545454545,13.47272727272727,0.0,2.227272727272727,21.3256,103.9188,9.397272727272728,10.84,12,51,3,71,1970-01-21 10:31:06.845454545,1970-01-21 10:31:45.883636363,Đông,,,
Sơn La,Trung du miền núi Bắc Bộ,2025-12-17,17.063636363636363,21.563636363636363,14.02727272727273,17.472727272727273,21.845454545454547,14.427272727272726,0.6090909090909091,0.6090909090909091,0.0,3.909090909090909,83.45454545454545,11.154545454545454,27.636363636363637,13.177272727272726,1020.4454545454544,47.90909090909091,14.018181818181818,0.0,2.3345454545454545,21.3256,103.9188,9.313636363636364,10.838181818181818,12,51,51,102,1970-01-21 10:32:33.294545454,1970-01-21 10:33:12.300000000,Đông,,,
Sơn La,Trung du miền núi Bắc Bộ,2025-12-18,16.918181818181818,21.5,13.845454545454546,17.645454545454545,22.30909090909091,14.163636363636364,1.2454545454545456,1.2454545454545456,0.0,4.636363636363637,83.63636363636364,8.854545454545455,24.318181818181817,13.42818181818182,1019.2818181818184,37.72727272727273,13.9,0.0,2.3136363636363635,21.3256,103.9188,9.597272727272726,10.836363636363636,12,51,51,116,1970-01-21 10:33:59.710909091,1970-01-21 10:34:38.716363636,Đông,,,
Sơn La,Trung du miền núi Bắc Bộ,2025-12-19,17.154545454545453,22.236363636363635,13.409090909090908,17.900000000000002,22.59090909090909,14.0,0.0636363636363636,0.0636363636363636,0.0,0.5454545454545454,81.54545454545455,8.290909090909091,24.036363636363635,13.952727272727271,1015.6272727272728,34.0,13.71818181818182,0.0,2.429090909090909,21.3256,103.9188,9.547272727272729,10.831818181818182,12,51,3,6,1970-01-21 10:35:26.154545454,1970-01-21 10:36:05.154545454,Đông,,,
Sơn La,Trung du miền núi Bắc Bộ,2025-12-20,17.60909090909091,23.10909090909091,13.436363636363636,18.354545454545455,24.1,13.918181818181818,0.0363636363636363,0.0363636363636363,0.0,0.3636363636363636,79.0,7.472727272727273,20.28181818181818,14.48,1015.7,24.727272727272727,13.554545454545456,0.0,2.5645454545454545,21.3256,103.9188,9.969090909090909,10.831818181818182,12,51,3,61,1970-01-21 10:36:52.576363636,1970-01-21 10:37:31.570909091,Đông,,,
Sơn La,Trung du miền núi Bắc Bộ,2025-12-21,17.227272727272727,22.254545454545458,13.636363636363637,18.054545454545455,22.936363636363637,14.254545454545456,0.4454545454545454,0.4454545454545454,0.0,2.909090909090909,83.0909090909091,7.745454545454546,21.172727272727272,12.493636363636364,1018.5363636363636,42.63636363636363,14.11818181818182,0.0,2.2227272727272727,21.3256,103.9188,8.445454545454545,10.831818181818182,12,51,51,30,1970-01-21 10:38:19.020000000,1970-01-21 10:38:58.014545454,Đông,,,
Sơn La,Trung du miền núi Bắc Bộ,2025-12-22,17.763636363636365,22.745454545454542,14.29090909090909,18.654545454545453,23.654545454545453,14.936363636363636,0.6454545454545454,0.6454545454545454,0.0,2.363636363636364,81.0909090909091,8.090909090909092,21.154545454545453,12.109090909090908,1016.0272727272728,34.45454545454545,14.19090909090909,0.0,2.192727272727273,21.3256,103.9188,8.53,10.831818181818182,12,52,51,18,1970-01-21 10:39:45.447272727,1970-01-21 10:40:24.430909091,Đông,,,
Sơn La,Trung du miền núi Bắc Bộ,2025-12-23,18.681818181818183,23.818181818181817,15.081818181818182,19.87272727272727,25.127272727272725,15.918181818181818,1.0272727272727271,1.0272727272727271,0.0,4.363636363636363,79.45454545454545,7.518181818181819,20.345454545454547,13.498181818181818,1014.1909090909091,32.27272727272727,14.78181818181818,0.0,2.439090909090909,21.3256,103.9188,9.657272727272728,10.831818181818182,12,52,51,45,1970-01-21 10:41:11.880000000,1970-01-21 10:41:50.874545454,Đông,,,
Sơn La,Trung du miền núi Bắc Bộ,2025-12-24,19.027272727272727,24.2,15.109090909090908,20.4,25.672727272727272,16.09090909090909,0.6090909090909091,0.6090909090909091,0.0,3.8181818181818183,80.36363636363636,7.818181818181818,21.172727272727272,12.941818181818183,1013.6,60.54545454545455,15.327272727272726,0.0,2.38,21.3256,103.9188,9.0,10.833636363636364,12,52,51,54,1970-01-21 10:42:38.301818181,1970-01-21 10:43:17.307272727,Đông,,,
Sơn La,Trung du miền núi Bắc Bộ,2025-12-25,15.736363636363636,18.463636363636365,12.227272727272728,14.945454545454544,18.318181818181817,10.563636363636364,0.5454545454545454,0.5454545454545454,0.0,2.5454545454545454,77.18181818181819,14.763636363636364,35.90909090909091,8.484545454545454,1018.5909090909092,58.81818181818182,11.509090909090908,0.0,1.7518181818181815,21.3256,103.9188,6.335454545454545,10.838181818181818,12,52,51,111,1970-01-21 10:44:04.740000000,1970-01-21 10:44:43.745454545,Đông,,,
Sơn La,Trung du miền núi Bắc Bộ,2025-12-26,14.681818181818182,19.20909090909091,11.372727272727271,13.5,18.38181818181818,10.018181818181818,0.009090909090909,0.009090909090909,0.0,0.0909090909090909,71.0909090909091,11.60909090909091,29.363636363636363,14.27,1019.0909090909092,45.09090909090909,9.245454545454546,0.0,2.4909090909090907,21.3256,103.9188,9.825454545454546,10.838181818181818,12,52,3,144,1970-01-21 10:45:31.150909091,1970-01-21 10:46:10.183636363,Đông,,,
Sơn La,Trung du miền núi Bắc Bộ,2025-12-27,14.409090909090908,18.5,11.78181818181818,13.52727272727273,17.772727272727273,10.754545454545454,0.3,0.3,0.0,1.3636363636363635,77.0,10.654545454545454,25.963636363636365,10.583636363636364,1018.6,74.54545454545455,10.28181818181818,0.0,1.9263636363636365,21.3256,103.9188,7.823636363636364,10.84,12,52,3,78,1970-01-21 10:46:57.594545454,1970-01-21 10:47:36.605454545,Đông,,,
Sơn La,Trung du miền núi Bắc Bộ,2025-12-28,14.945454545454544,19.663636363636364,11.545454545454543,14.836363636363636,20.036363636363635,11.063636363636364,0.0545454545454545,0.0545454545454545,0.0,0.3636363636363636,82.63636363636364,7.745454545454546,20.754545454545458,9.852727272727272,1018.1636363636364,60.09090909090909,11.836363636363636,0.0,1.74,21.3256,103.9188,6.579090909090909,10.841818181818182,12,52,3,69,1970-01-21 10:48:24.005454545,1970-01-21 10:49:03.054545454,Đông,,,
Sơn La,Trung du miền núi Bắc Bộ,2025-12-29,16.354545454545455,22.545454545454547,11.672727272727274,16.636363636363637,22.645454545454545,11.545454545454543,0.0272727272727272,0.0272727272727272,0.0,0.1818181818181818,81.0909090909091,10.018181818181818,26.57272727272727,13.319090909090908,1015.2909090909092,38.45454545454545,12.727272727272728,0.0,2.350909090909091,21.3256,103.9188,9.40090909090909,10.848181818181818,12,1,3,30,1970-01-21 10:49:50.438181818,1970-01-21 10:50:29.470909091,Đông,,,
Sơn La,Trung du miền núi Bắc Bộ,2025-12-30,16.90909090909091,21.981818181818184,13.236363636363636,17.418181818181818,22.445454545454545,13.254545454545456,0.1272727272727272,0.1272727272727272,0.0,1.2727272727272727,80.54545454545455,8.472727272727273,21.463636363636365,11.062727272727273,1014.4090909090908,60.18181818181818,13.345454545454546,0.0,2.014545454545454,21.3256,103.9188,7.938181818181818,10.85,12,1,3,98,1970-01-21 10:51:16.860000000,1970-01-21 10:51:55.914545454,Đông,,,
Sơn La,Trung du miền núi Bắc Bộ,2025-12-31,17.754545454545454,23.654545454545453,13.054545454545456,18.363636363636363,24.19090909090909,13.336363636363636,0.1454545454545454,0.1454545454545454,0.0,0.7272727272727273,76.0909090909091,8.563636363636364,25.636363636363637,15.432727272727272,1011.7,29.727272727272727,13.154545454545454,0.0,2.750909090909091,21.3256,103.9188,10.141818181818184,10.851818181818182,12,1,3,5,1970-01-21 10:52:43.265454545,1970-01-21 10:53:22.347272727,Đông,,,
Sơn La,Trung du miền núi Bắc Bộ,2026-01-01,17.663636363636364,23.263636363636365,13.590909090909092,18.272727272727273,24.09090909090909,13.772727272727272,0.890909090909091,0.890909090909091,0.0,3.272727272727273,79.9090909090909,9.854545454545455,25.518181818181816,13.41909090909091,1014.8636363636364,44.72727272727273,13.845454545454546,0.0,2.4309090909090907,21.3256,103.9188,9.05,10.86,1,1,51,76,1970-01-21 10:54:09.703636363,1970-01-21 10:54:48.785454545,Đông,,,
Sơn La,Trung du miền núi Bắc Bộ,2026-01-02,16.027272727272727,19.163636363636364,13.445454545454544,15.445454545454544,18.2,12.590909090909092,0.2727272727272727,0.2727272727272727,0.0,2.272727272727273,82.18181818181819,15.127272727272729,36.88181818181818,11.511818181818182,1019.9272727272728,63.81818181818182,12.80909090909091,0.0,2.098181818181818,21.3256,103.9188,8.149090909090908,10.86181818181818,1,1,51,101,1970-01-21 10:55:36.114545454,1970-01-21 10:56:15.229090909,Đông,,,
Sơn La,Trung du miền núi Bắc Bộ,2026-01-03,15.0,18.61818181818182,12.80909090909091,14.254545454545456,18.054545454545455,11.936363636363636,0.0818181818181818,0.0818181818181818,0.0,0.6363636363636364,80.72727272727273,11.772727272727272,28.40909090909091,7.270909090909091,1020.4909090909092,81.27272727272727,11.545454545454543,0.0,1.492727272727273,21.3256,103.9188,3.4536363636363636,10.87,1,1,3,139,1970-01-21 10:57:02.525454545,1970-01-21 10:57:41.650909091,Đông,,,
Sơn La,Trung du miền núi Bắc Bộ,2026-01-04,16.027272727272727,20.21818181818182,13.090909090909092,15.981818181818182,20.5,12.454545454545457,0.2272727272727272,0.2272727272727272,0.0,1.7272727272727273,80.0909090909091,9.69090909090909,24.76363636363636,10.325454545454546,1019.0363636363636,84.45454545454545,12.354545454545455,0.0,1.8827272727272728,21.3256,103.9188,7.826363636363637,10.876363636363635,1,1,51,98,1970-01-21 10:58:28.930909091,1970-01-21 10:59:08.094545454,Đông,,,
Sơn La,Trung du miền núi Bắc Bộ,2026-01-05,15.963636363636365,20.918181818181814,13.081818181818182,15.863636363636363,20.763636363636365,12.172727272727274,1.3818181818181818,1.3818181818181818,0.0,6.818181818181818,84.27272727272727,13.909090909090908,33.345454545454544,11.275454545454544,1019.9272727272728,71.63636363636364,13.11818181818182,0.0,2.049090909090909,21.3256,103.9188,7.746363636363636,10.881818181818184,1,2,51,130,1970-01-21 10:59:55.363636363,1970-01-21 11:00:34.532727272,Đông,,,
Sơn La,Trung du miền núi Bắc Bộ,2026-01-06,12.581818181818182,14.6,9.672727272727274,10.754545454545454,12.890909090909092,7.809090909090909,0.1181818181818181,0.1181818181818181,0.0,0.8181818181818182,77.9090909090909,15.081818181818182,36.46363636363637,5.789090909090909,1024.1818181818182,84.0,8.718181818181819,0.0,1.3,21.3256,103.9188,1.3490909090909091,10.89,1,2,3,108,1970-01-21 11:01:21.774545454,1970-01-21 11:02:00.965454545,Đông,,,
Sơn La,Trung du miền núi Bắc Bộ,2026-01-07,11.836363636363636,16.836363636363636,7.590909090909091,9.954545454545457,14.681818181818182,5.854545454545455,0.0,0.0,0.0,0.0,72.0,13.627272727272729,34.92727272727273,14.811818181818182,1025.4454545454546,33.0,6.581818181818182,0.0,2.4045454545454543,21.3256,103.9188,10.013636363636364,10.898181818181818,1,2,3,118,1970-01-21 11:02:48.180000000,1970-01-21 11:03:27.414545454,Đông,,,
Sơn La,Trung du miền núi Bắc Bộ,2026-01-08,12.136363636363637,17.900000000000002,7.909090909090909,10.2,15.672727272727274,5.990909090909091,0.0,0.0,0.0,0.0,66.72727272727273,13.1,33.981818181818184,16.374545454545455,1025.409090909091,27.09090909090909,5.8,0.0,2.6836363636363636,21.3256,103.9188,10.318181818181818,10.906363636363636,1,2,3,115,1970-01-21 11:04:14.585454545,1970-01-21 11:04:53.852727272,Đông,,,
Sơn La,Trung du miền núi Bắc Bộ,2026-01-09,12.818181818181818,19.181818181818183,7.490909090909091,11.436363636363636,18.28181818181818,5.872727272727272,0.0,0.0,0.0,0.0,65.72727272727273,7.845454545454545,22.081818181818186,17.573636363636364,1022.0909090909092,60.90909090909091,6.209090909090909,0.0,2.830909090909091,21.3256,103.9188,10.420909090909092,10.911818181818182,1,2,3,94,1970-01-21 11:05:40.996363636,1970-01-21 11:06:20.285454545,Đông,,,
Sơn La,Trung du miền núi Bắc Bộ,2026-01-10,14.172727272727274,20.863636363636363,8.718181818181819,13.236363636363636,20.836363636363636,7.427272727272728,0.0,0.0,0.0,0.0,69.72727272727273,9.754545454545454,25.49090909090909,17.225454545454543,1019.6636363636364,36.27272727272727,8.4,0.0,2.910909090909091,21.3256,103.9188,10.407272727272728,10.921818181818182,1,2,3,119,1970-01-21 11:07:07.418181818,1970-01-21 11:07:46.734545454,Đông,,,
Sơn La,Trung du miền núi Bắc Bộ,2026-01-11,14.409090909090908,19.89090909090909,9.963636363636365,13.045454545454543,18.045454545454547,8.745454545454546,0.0,0.0,0.0,0.0,67.45454545454545,13.19090909090909,32.89090909090909,15.037272727272727,1022.5909090909092,37.54545454545455,8.036363636363637,0.0,2.648181818181818,21.3256,103.9188,10.307272727272728,10.93,1,2,3,92,1970-01-21 11:08:33.829090909,1970-01-21 11:09:13.183636363,Đông,,,
Sơn La,Trung du miền núi Bắc Bộ,2026-01-12,15.372727272727271,22.263636363636365,10.018181818181818,14.8,22.4,9.045454545454543,0.0,0.0,0.0,0.0,69.45454545454545,9.536363636363635,24.136363636363637,17.175454545454546,1019.7,28.09090909090909,9.445454545454544,0.0,2.9681818181818183,21.3256,103.9188,10.394545454545456,10.94,1,3,3,54,1970-01-21 11:10:00.234545454,1970-01-21 11:10:39.610909091,Đông,,,
Sơn La,Trung du miền núi Bắc Bộ,2026-01-13,15.590909090909092,21.918181818181814,10.272727272727272,15.336363636363636,21.79090909090909,9.727272727272728,0.0,0.0,0.0,0.0,73.9090909090909,9.263636363636364,24.963636363636365,16.84,1019.2454545454548,16.363636363636363,10.481818181818182,0.0,2.851818181818182,21.3256,103.9188,10.58,10.95,1,3,2,132,1970-01-21 11:11:26.634545454,1970-01-21 11:12:06.060000000,Đông,,,
Sơn La,Trung du miền núi Bắc Bộ,2026-01-14,17.163636363636364,23.463636363636365,11.818181818181818,17.29090909090909,23.727272727272727,11.372727272727271,0.0727272727272727,0.0727272727272727,0.0,0.4545454545454545,71.9090909090909,9.236363636363636,23.863636363636363,15.21818181818182,1015.3545454545456,18.818181818181817,11.754545454545456,0.0,2.764545454545454,21.3256,103.9188,10.381818181818184,10.96,1,3,51,24,1970-01-21 11:12:53.040000000,1970-01-21 11:13:32.503636363,Đông,,,
Sơn La,Trung du miền núi Bắc Bộ,2026-01-15,17.5,22.336363636363636,14.1,18.227272727272727,23.436363636363637,14.490909090909092,0.7000000000000001,0.7000000000000001,0.0,4.7272727272727275,82.81818181818181,9.427272727272728,24.59090909090909,11.085454545454546,1015.4636363636364,46.09090909090909,14.336363636363636,0.0,2.0336363636363637,21.3256,103.9188,7.997272727272727,10.971818181818184,1,3,51,94,1970-01-21 11:14:19.440000000,1970-01-21 11:14:58.930909091,Đông,,,
Sơn La,Trung du miền núi Bắc Bộ,2026-01-16,17.936363636363637,23.60909090909091,13.445454545454544,18.845454545454547,24.23636363636364,14.0,0.8727272727272727,0.8727272727272727,0.0,4.636363636363637,81.0,10.409090909090908,29.154545454545453,14.624545454545457,1013.0454545454544,33.81818181818182,14.30909090909091,0.0,2.6672727272727275,21.3256,103.9188,10.159090909090908,10.983636363636364,1,3,51,6,1970-01-21 11:15:45.840000000,1970-01-21 11:16:25.385454545,Đông,,,
Sơn La,Trung du miền núi Bắc Bộ,2026-01-17,18.5,24.272727272727273,14.227272727272728,19.20909090909091,25.0,14.97272727272727,0.5181818181818182,0.5181818181818182,0.0,2.363636363636364,74.27272727272727,7.590909090909091,21.272727272727273,16.745454545454546,1012.1181818181816,18.181818181818183,13.318181818181818,0.0,3.040909090909091,21.3256,103.9188,10.676363636363636,10.996363636363638,1,3,51,1,1970-01-21 11:17:12.240000000,1970-01-21 11:17:51.829090909,Đông,,,
Sơn La,Trung du miền núi Bắc Bộ,2026-01-18,18.554545454545455,24.9,13.427272727272726,18.936363636363637,25.018181818181816,13.78181818181818,0.0,0.0,0.0,0.0,70.0909090909091,10.127272727272729,27.318181818181817,16.817272727272726,1011.7090909090908,18.90909090909091,12.47272727272727,0.0,3.105454545454545,21.3256,103.9188,10.286363636363635,11.01,1,3,3,5,1970-01-21 11:18:38.640000000,1970-01-21 11:19:18.261818181,Đông,,,
Sơn La,Trung du miền núi Bắc Bộ,2026-01-19,19.272727272727273,25.481818181818184,13.80909090909091,19.527272727272727,26.23636363636364,13.7,0.0,0.0,0.0,0.0,63.18181818181818,8.563636363636364,22.754545454545458,18.07272727272727,1011.6,1.2727272727272727,11.78181818181818,0.0,3.35,21.3256,103.9188,10.69818181818182,11.02,1,4,0,13,1970-01-21 11:20:05.040000000,1970-01-21 11:20:44.705454545,Đông,,,
Sơn La,Trung du miền núi Bắc Bộ,2026-01-20,19.42727272727273,25.527272727272727,13.863636363636363,19.863636363636363,26.61818181818182,13.9,0.0,0.0,0.0,0.0,66.27272727272727,8.981818181818182,22.545454545454547,17.312727272727273,1013.4454545454544,7.0,12.636363636363637,0.0,3.2390909090909092,21.3256,103.9188,10.709090909090907,11.03,1,4,1,62,1970-01-21 11:21:31.434545454,1970-01-21 11:22:11.149090909,Đông,,,
Sơn La,Trung du miền núi Bắc Bộ,2026-01-21,18.28181818181818,23.827272727272728,14.363636363636363,18.62727272727273,24.50909090909091,14.28181818181818,0.6,0.6,0.0,3.1818181818181817,79.72727272727273,14.081818181818182,33.38181818181818,14.354545454545455,1016.6636363636364,45.81818181818182,14.4,0.0,2.739090909090909,21.3256,103.9188,9.48,11.043636363636365,1,4,51,129,1970-01-21 11:22:57.834545454,1970-01-21 11:23:37.581818181,Đông,,,
Sơn La,Trung du miền núi Bắc Bộ,2026-01-22,14.627272727272729,17.363636363636363,11.863636363636363,13.554545454545456,16.045454545454547,10.4,0.1272727272727272,0.1272727272727272,0.0,0.8181818181818182,80.9090909090909,13.52727272727273,33.08181818181818,8.635454545454545,1020.6,80.0,11.245454545454546,0.0,1.660909090909091,21.3256,103.9188,4.609090909090909,11.05818181818182,1,4,3,129,1970-01-21 11:24:24.223636363,1970-01-21 11:25:04.025454545,Đông,,,
Sơn La,Trung du miền núi Bắc Bộ,2026-01-23,13.154545454545454,17.981818181818184,10.945454545454544,12.29090909090909,17.818181818181817,9.409090909090908,0.6000000000000001,0.6000000000000001,0.0,3.0,82.63636363636364,10.236363636363636,25.136363636363637,7.554545454545454,1022.0727272727272,71.0,10.19090909090909,0.0,1.3845454545454543,21.3256,103.9188,4.237272727272727,11.07,1,4,51,65,1970-01-21 11:25:50.618181818,1970-01-21 11:26:30.469090909,Đông,,,
Sơn La,Trung du miền núi Bắc Bộ,2026-01-24,13.88181818181818,18.972727272727273,10.954545454545457,13.409090909090908,19.11818181818182,10.036363636363635,0.1727272727272727,0.1727272727272727,0.0,1.3636363636363635,84.63636363636364,9.681818181818182,23.5,7.841818181818181,1020.2818181818184,69.0,11.19090909090909,0.0,1.4463636363636363,21.3256,103.9188,3.85909090909091,11.083636363636364,1,4,51,148,1970-01-21 11:27:16.990909091,1970-01-21 11:27:56.896363636,Đông,,,
Sơn La,Trung du miền núi Bắc Bộ,2026-01-25,16.272727272727273,23.245454545454542,11.4,16.445454545454545,23.44545454545454,11.209090909090907,0.0363636363636363,0.0363636363636363,0.0,0.3636363636363636,78.72727272727273,9.409090909090908,25.954545454545453,15.663636363636364,1016.7,32.63636363636363,12.163636363636364,0.0,2.76,21.3256,103.9188,10.474545454545456,11.1,1,4,3,2,1970-01-21 11:28:43.385454545,1970-01-21 11:29:23.340000000,Đông,,,
Sơn La,Trung du miền núi Bắc Bộ,2026-01-26,16.818181818181817,22.8,12.4,16.972727272727273,23.054545454545455,12.354545454545455,0.0636363636363636,0.0636363636363636,0.0,0.5454545454545454,79.9090909090909,9.681818181818182,25.30909090909091,13.988181818181818,1018.518181818182,38.45454545454545,12.97272727272727,0.0,2.5263636363636364,21.3256,103.9188,9.387272727272729,11.11181818181818,1,5,3,140,1970-01-21 11:30:09.780000000,1970-01-21 11:30:49.789090909,Đông,,,
Sơn La,Trung du miền núi Bắc Bộ,2026-01-27,17.763636363636365,23.436363636363637,13.8,18.37272727272727,24.363636363636363,14.127272727272729,0.0454545454545454,0.0454545454545454,0.0,0.3636363636363636,79.0909090909091,8.836363636363636,23.3,14.373636363636365,1019.2363636363636,45.18181818181818,13.681818181818182,0.0,2.652727272727273,21.3256,103.9188,9.149090909090908,11.128181818181815,1,5,3,125,1970-01-21 11:31:36.169090909,1970-01-21 11:32:16.210909091,Đông,,,
Sơn La,Trung du miền núi Bắc Bộ,2026-01-28,17.88181818181818,23.318181818181817,13.981818181818182,18.354545454545455,23.55454545454546,14.409090909090908,0.1909090909090909,0.1909090909090909,0.0,1.7272727272727273,76.45454545454545,9.1,24.036363636363635,13.855454545454544,1018.7909090909092,49.81818181818182,13.272727272727272,0.0,2.5663636363636364,21.3256,103.9188,9.924545454545454,11.141818181818184,1,5,51,17,1970-01-21 11:33:02.536363636,1970-01-21 11:33:42.660000000,Đông,,,
Sơn La,Trung du miền núi Bắc Bộ,2026-01-29,18.454545454545453,25.127272727272725,12.727272727272728,18.772727272727273,25.245454545454542,12.818181818181818,0.0,0.0,0.0,0.0,70.72727272727273,10.481818181818182,27.41818181818182,16.67,1015.8090909090909,20.272727272727273,12.490909090909092,0.0,3.1481818181818184,21.3256,103.9188,10.797272727272729,11.158181818181818,1,5,3,229,1970-01-21 11:34:28.925454545,1970-01-21 11:35:09.098181818,Đông,,,
Sơn La,Trung du miền núi Bắc Bộ,2026-01-30,19.19090909090909,25.545454545454547,13.8,19.636363636363637,26.58181818181818,13.845454545454546,0.009090909090909,0.009090909090909,0.0,0.0909090909090909,67.9090909090909,8.981818181818182,23.672727272727272,17.21818181818182,1016.5636363636364,62.0,12.672727272727274,0.0,3.2627272727272727,21.3256,103.9188,10.818181818181818,11.171818181818182,1,5,3,52,1970-01-21 11:35:55.314545454,1970-01-21 11:36:35.530909091,Đông,,,
Sơn La,Trung du miền núi Bắc Bộ,2026-01-31,18.2,23.90909090909091,14.9,18.69090909090909,24.536363636363635,15.3,0.5,0.5,0.0,2.727272727272727,81.27272727272727,15.127272727272729,36.31818181818182,13.57181818181818,1019.3909090909092,49.90909090909091,14.627272727272729,0.0,2.613636363636364,21.3256,103.9188,8.986363636363636,11.19,1,5,51,128,1970-01-21 11:37:21.692727272,1970-01-21 11:38:01.974545454,Đông,,,
Sơn La,Trung du miền núi Bắc Bộ,2026-02-01,17.11818181818182,21.118181818181817,14.072727272727274,17.136363636363637,21.063636363636363,14.19090909090909,0.109090909090909,0.109090909090909,0.0,1.0909090909090908,81.36363636363636,11.60909090909091,28.60909090909091,9.375454545454543,1020.5909090909092,67.36363636363636,13.663636363636364,0.0,1.9018181818181816,21.3256,103.9188,5.331818181818182,11.20818181818182,2,5,3,109,1970-01-21 11:38:48.070909091,1970-01-21 11:39:28.407272727,Đông,,,
Sơn La,Trung du miền núi Bắc Bộ,2026-02-02,15.627272727272729,18.981818181818184,12.336363636363636,15.018181818181818,17.654545454545456,11.990909090909092,0.1181818181818181,0.1181818181818181,0.0,1.0909090909090908,81.45454545454545,14.436363636363636,35.154545454545456,9.492727272727272,1022.418181818182,65.27272727272727,12.272727272727272,0.0,1.8672727272727272,21.3256,103.9188,5.393636363636364,11.221818181818184,2,6,3,107,1970-01-21 11:40:14.449090909,1970-01-21 11:40:54.845454545,Đông,,,
Sơn La,Trung du miền núi Bắc Bộ,2026-02-03,15.827272727272726,21.59090909090909,11.327272727272726,15.745454545454544,21.972727272727273,10.936363636363636,0.009090909090909,0.009090909090909,0.0,0.0909090909090909,79.45454545454545,8.290909090909091,21.945454545454545,12.565454545454545,1021.7727272727273,48.45454545454545,11.945454545454544,0.0,2.2845454545454547,21.3256,103.9188,8.687272727272727,11.238181818181818,2,6,3,84,1970-01-21 11:41:40.821818181,1970-01-21 11:42:21.289090909,Đông,,,
Sơn La,Trung du miền núi Bắc Bộ,2026-02-04,18.3,25.636363636363637,12.245454545454544,18.818181818181817,25.99090909090909,12.336363636363636,0.009090909090909,0.009090909090909,0.0,0.0909090909090909,73.9090909090909,10.745454545454546,28.281818181818185,17.02,1017.0363636363636,16.636363636363637,13.1,0.0,3.1981818181818182,21.3256,103.9188,10.871818181818185,11.256363636363636,2,6,3,5,1970-01-21 11:43:07.205454545,1970-01-21 11:43:47.716363636,Đông,,,
Sơn La,Trung du miền núi Bắc Bộ,2026-02-05,20.40909090909091,27.245454545454542,14.454545454545457,21.09090909090909,27.863636363636363,14.936363636363636,0.0,0.0,0.0,0.0,66.63636363636364,11.78181818181818,30.954545454545453,18.83090909090909,1014.0909090909092,29.90909090909091,13.481818181818182,0.0,3.715454545454546,21.3256,103.9188,10.881818181818184,11.271818181818182,2,6,3,5,1970-01-21 11:44:33.583636363,1970-01-21 11:45:14.160000000,Đông,,,
Sơn La,Trung du miền núi Bắc Bộ,2026-02-06,21.018181818181816,27.61818181818182,15.645454545454545,21.645454545454545,28.42727272727273,16.154545454545453,0.0,0.0,0.0,0.0,63.27272727272727,11.072727272727272,28.57272727272727,19.30909090909091,1013.2727272727273,1.4545454545454546,13.245454545454544,0.0,3.8181818181818183,21.3256,103.9188,10.891818181818184,11.29,2,6,0,5,1970-01-21 11:45:59.950909091,1970-01-21 11:46:40.587272727,Đông,,,
Sơn La,Trung du miền núi Bắc Bộ,2026-02-07,20.472727272727273,26.0,16.545454545454547,21.954545454545453,27.845454545454547,17.554545454545455,0.6909090909090909,0.6909090909090909,0.0,4.363636363636363,78.27272727272727,9.645454545454545,25.73636363636364,15.244545454545454,1014.8909090909092,43.27272727272727,16.136363636363637,0.0,2.9818181818181815,21.3256,103.9188,9.83,11.30818181818182,2,6,51,126,1970-01-21 11:47:26.329090909,1970-01-21 11:48:07.030909091,Đông,,,
Sơn La,Trung du miền núi Bắc Bộ,2026-02-08,16.863636363636363,20.054545454545455,12.836363636363636,16.327272727272728,20.345454545454547,11.227272727272728,1.6909090909090911,1.6909090909090911,0.0,6.454545454545454,81.18181818181819,18.672727272727272,45.39090909090909,11.498181818181818,1019.4454545454544,76.18181818181819,13.409090909090908,0.0,2.1754545454545453,21.3256,103.9188,8.248181818181818,11.323636363636364,2,6,51,141,1970-01-21 11:48:52.690909091,1970-01-21 11:49:33.469090909,Đông,,,
Sơn La,Trung du miền núi Bắc Bộ,2026-02-09,14.654545454545454,19.354545454545455,11.963636363636365,14.28181818181818,19.581818181818186,10.945454545454544,2.709090909090909,2.709090909090909,0.0,5.7272727272727275,83.27272727272727,11.627272727272729,29.472727272727273,7.953636363636363,1019.2090909090908,78.72727272727273,11.69090909090909,0.0,1.499090909090909,21.3256,103.9188,2.9345454545454546,11.341818181818182,2,7,53,113,1970-01-21 11:50:19.069090909,1970-01-21 11:50:59.890909091,Đông,,,
Sơn La,Trung du miền núi Bắc Bộ,2026-02-10,17.59090909090909,24.281818181818185,12.345454545454546,18.30909090909091,25.327272727272728,12.445454545454544,0.0727272727272727,0.0727272727272727,0.0,0.5454545454545454,80.0909090909091,9.10909090909091,24.745454545454542,16.07181818181818,1017.1545454545457,46.90909090909091,13.745454545454544,0.0,2.944545454545455,21.3256,103.9188,10.42909090909091,11.358181818181816,2,7,3,32,1970-01-21 11:51:45.430909091,1970-01-21 11:52:26.329090909,Đông,,,
Sơn La,Trung du miền núi Bắc Bộ,2026-02-11,18.054545454545455,23.136363636363637,14.29090909090909,18.736363636363635,24.027272727272727,14.78181818181818,0.2363636363636363,0.2363636363636363,0.0,2.0,83.36363636363636,11.290909090909093,28.10909090909091,10.67909090909091,1018.8636363636364,52.45454545454545,14.918181818181818,0.0,2.100909090909091,21.3256,103.9188,6.63909090909091,11.376363636363635,2,7,51,104,1970-01-21 11:53:11.809090909,1970-01-21 11:53:52.761818181,Đông,,,
Sơn La,Trung du miền núi Bắc Bộ,2026-02-12,19.227272727272727,24.44545454545454,15.954545454545457,20.78181818181818,26.272727272727273,17.009090909090908,2.8363636363636364,2.8363636363636364,0.0,7.727272727272728,84.72727272727273,8.19090909090909,25.09090909090909,12.062727272727273,1016.4363636363636,64.9090909090909,16.38181818181818,0.0,2.300909090909091,21.3256,103.9188,7.365454545454545,11.393636363636364,2,7,53,51,1970-01-21 11:54:38.170909091,1970-01-21 11:55:19.200000000,Đông,,,
Sơn La,Trung du miền núi Bắc Bộ,2026-02-13,20.145454545454545,25.645454545454548,16.345454545454547,21.854545454545455,27.7,17.754545454545454,0.5636363636363636,0.5636363636363636,0.0,3.272727272727273,81.45454545454545,7.972727272727273,24.44545454545454,14.252727272727272,1014.5545454545456,47.36363636363637,16.518181818181816,0.0,2.7572727272727273,21.3256,103.9188,8.715454545454547,11.413636363636364,2,7,51,82,1970-01-21 11:56:04.549090909,1970-01-21 11:56:45.627272727,Đông,,,
Sơn La,Trung du miền núi Bắc Bộ,2026-02-14,20.963636363636365,26.61818181818182,16.936363636363637,22.509090909090908,28.41818181818182,18.418181818181814,0.3,0.3,0.0,2.0,76.27272727272727,9.136363636363637,23.07272727272727,15.93909090909091,1014.1181818181816,36.36363636363637,16.163636363636364,0.0,3.1545454545454548,21.3256,103.9188,9.986363636363636,11.431818181818182,2,7,51,95,1970-01-21 11:57:30.910909091,1970-01-21 11:58:12.060000000,Đông,,,
Sơn La,Trung du miền núi Bắc Bộ,2026-02-15,21.80909090909091,28.145454545454548,16.927272727272726,23.454545454545453,29.836363636363636,18.472727272727273,0.1363636363636363,0.1363636363636363,0.0,0.9090909090909092,73.0909090909091,10.527272727272727,25.7,17.55181818181818,1013.0090909090908,41.54545454545455,16.172727272727272,0.0,3.5399999999999996,21.3256,103.9188,10.607272727272727,11.448181818181816,2,7,51,48,1970-01-21 11:58:57.267272727,1970-01-21 11:59:38.487272727,Đông,,,
Sơn La,Trung du miền núi Bắc Bộ,2026-02-16,22.1,28.89090909090909,16.818181818181817,23.58181818181818,30.772727272727273,18.136363636363637,0.0454545454545454,0.0454545454545454,0.0,0.3636363636363636,70.18181818181819,10.963636363636365,26.045454545454547,18.69,1013.0909090909092,45.27272727272727,15.672727272727274,0.0,3.840909090909091,21.3256,103.9188,10.714545454545457,11.46818181818182,2,8,3,70,1970-01-21 12:00:23.629090909,1970-01-21 12:01:04.920000000,Đông,,,
Sơn La,Trung du miền núi Bắc Bộ,2026-02-17,21.09090909090909,26.69090909090909,16.936363636363637,22.227272727272727,27.4,18.4,0.2454545454545454,0.2454545454545454,0.0,0.8181818181818182,76.9090909090909,14.3,35.53636363636363,17.287272727272725,1015.518181818182,38.90909090909091,16.363636363636363,0.0,3.563636363636364,21.3256,103.9188,10.770909090909091,11.486363636363636,2,8,3,130,1970-01-21 12:01:49.990909091,1970-01-21 12:02:31.347272727,Đông,,,
Sơn La,Trung du miền núi Bắc Bộ,2026-02-18,19.990909090909092,24.845454545454547,16.509090909090908,20.663636363636364,25.127272727272725,17.036363636363635,0.2909090909090909,0.2909090909090909,0.0,2.1818181818181817,78.81818181818181,15.336363636363636,37.23636363636364,15.260909090909092,1018.4272727272728,43.81818181818182,15.890909090909092,0.0,3.110909090909091,21.3256,103.9188,10.144545454545456,11.506363636363636,2,8,51,115,1970-01-21 12:03:16.358181818,1970-01-21 12:03:57.780000000,Đông,,,
Sơn La,Trung du miền núi Bắc Bộ,2026-02-19,19.0,23.7,16.20909090909091,19.454545454545453,23.79090909090909,16.772727272727273,0.1454545454545454,0.1454545454545454,0.0,1.181818181818182,79.0909090909091,12.954545454545457,31.29090909090909,11.98090909090909,1020.1636363636364,64.63636363636364,15.0,0.0,2.523636363636364,21.3256,103.9188,7.859090909090909,11.526363636363635,2,8,3,120,1970-01-21 12:04:42.709090909,1970-01-21 12:05:24.207272727,Đông,,,
Sơn La,Trung du miền núi Bắc Bộ,2026-02-20,18.88181818181818,23.236363636363635,16.11818181818182,19.78181818181818,24.3,16.62727272727273,0.3545454545454545,0.3545454545454545,0.0,2.636363636363636,79.0909090909091,9.818181818181818,25.07272727272727,9.608181818181816,1018.7545454545452,67.0,14.918181818181818,0.0,2.0118181818181817,21.3256,103.9188,5.042727272727273,11.546363636363637,2,8,51,94,1970-01-21 12:06:09.070909091,1970-01-21 12:06:50.634545454,Đông,,,
Sơn La,Trung du miền núi Bắc Bộ,2026-02-21,21.354545454545455,28.07272727272727,15.52727272727273,22.509090909090908,29.136363636363637,16.527272727272727,0.0545454545454545,0.0545454545454545,0.0,0.5454545454545454,70.72727272727273,12.854545454545455,35.49090909090909,17.849999999999998,1010.481818181818,12.636363636363637,15.263636363636364,0.0,3.6981818181818182,21.3256,103.9188,10.933636363636364,11.563636363636364,2,8,1,265,1970-01-21 12:07:35.427272727,1970-01-21 12:08:17.061818181,Đông,,,
Sơn La,Trung du miền núi Bắc Bộ,2026-02-22,22.6,29.045454545454547,18.063636363636363,23.94545454545454,30.60909090909091,19.19090909090909,1.2272727272727273,1.2272727272727273,0.0,1.5454545454545454,66.27272727272727,13.8,35.40909090909091,17.001818181818184,1008.6909090909091,37.63636363636363,15.581818181818182,0.0,3.63,21.3256,103.9188,10.234545454545454,11.583636363636364,2,8,3,75,1970-01-21 12:09:01.789090909,1970-01-21 12:09:43.494545454,Đông,,,
Sơn La,Trung du miền núi Bắc Bộ,2026-02-23,20.763636363636365,25.07272727272727,17.827272727272728,23.081818181818186,27.4,19.481818181818184,7.918181818181818,7.918181818181818,0.0,10.181818181818182,84.36363636363636,8.427272727272726,26.481818181818184,11.460909090909093,1010.4,72.72727272727273,17.79090909090909,0.0,2.2936363636363635,21.3256,103.9188,5.879090909090909,11.603636363636364,2,9,53,36,1970-01-21 12:10:28.150909091,1970-01-21 12:11:09.921818181,Đông,,,
Sơn La,Trung du miền núi Bắc Bộ,2026-02-24,22.11818181818182,26.836363636363636,18.42727272727273,24.463636363636365,29.672727272727272,20.30909090909091,0.1727272727272727,0.1727272727272727,0.0,1.2727272727272727,76.18181818181819,7.118181818181818,20.12727272727273,12.35,1011.4636363636364,79.0,17.400000000000002,0.0,2.6145454545454547,21.3256,103.9188,5.71909090909091,11.623636363636365,2,9,51,59,1970-01-21 12:11:54.496363636,1970-01-21 12:12:36.349090909,Đông,,,
Sơn La,Trung du miền núi Bắc Bộ,2026-02-25,20.90909090909091,24.127272727272725,18.654545454545453,22.79090909090909,25.127272727272725,20.7,1.5090909090909093,1.5090909090909093,0.0,6.2727272727272725,77.18181818181819,7.281818181818181,20.618181818181817,10.041818181818185,1013.1363636363636,83.27272727272727,16.5,0.0,2.075454545454545,21.3256,103.9188,4.897272727272727,11.643636363636364,2,9,51,292,1970-01-21 12:13:20.858181818,1970-01-21 12:14:02.770909091,Đông,,,
Sơn La,Trung du miền núi Bắc Bộ,2026-02-26,19.454545454545453,23.645454545454548,16.990909090909092,20.945454545454545,24.672727272727272,18.60909090909091,8.681818181818182,8.681818181818182,0.0,8.909090909090908,80.45454545454545,8.272727272727273,22.481818181818184,10.353636363636364,1010.9272727272728,72.18181818181819,15.745454545454544,0.0,2.061818181818182,21.3256,103.9188,5.886363636363637,11.663636363636364,2,9,63,282,1970-01-21 12:14:47.209090909,1970-01-21 12:15:29.192727272,Đông,,,
Sơn La,Trung du miền núi Bắc Bộ,2026-02-27,21.20909090909091,26.518181818181816,16.363636363636363,22.581818181818186,28.2,17.363636363636363,0.509090909090909,0.509090909090909,0.0,2.1818181818181817,70.45454545454545,9.336363636363636,29.38181818181818,17.759999999999998,1007.8272727272728,17.454545454545453,15.3,0.0,3.5381818181818185,21.3256,103.9188,10.997272727272728,11.683636363636362,2,9,51,1,1970-01-21 12:16:13.570909091,1970-01-21 12:16:55.625454545,Đông,,,
Sơn La,Trung du miền núi Bắc Bộ,2026-02-28,22.036363636363635,27.272727272727273,17.61818181818182,23.60909090909091,28.9,18.954545454545453,1.4181818181818182,1.4181818181818182,0.0,5.0,70.54545454545455,11.345454545454546,31.518181818181816,16.815454545454546,1006.3909090909092,29.09090909090909,16.11818181818182,0.0,3.4672727272727273,21.3256,103.9188,10.53,11.703636363636363,2,9,51,12,1970-01-21 12:17:39.916363636,1970-01-21 12:18:22.047272727,Đông,,,
Sơn La,Trung du miền núi Bắc Bộ,2026-03-01,23.545454545454547,29.49090909090909,18.2,24.754545454545458,30.281818181818185,19.663636363636364,0.0636363636363636,0.0636363636363636,0.0,0.5454545454545454,63.09090909090909,14.2,34.154545454545456,18.347272727272728,1006.5363636363636,29.727272727272727,15.509090909090908,0.0,4.1045454545454545,21.3256,103.9188,11.002727272727272,11.723636363636365,3,9,2,20,1970-01-21 12:19:06.267272727,1970-01-21 12:19:48.474545454,Xuân,,,
Sơn La,Trung du miền núi Bắc Bộ,2026-03-02,23.79090909090909,30.05454545454546,18.28181818181818,24.354545454545452,30.55454545454546,18.872727272727275,0.009090909090909,0.009090909090909,0.0,0.0909090909090909,53.54545454545455,11.945454545454544,30.154545454545453,18.51,1008.3,16.545454545454547,13.254545454545456,0.0,4.166363636363636,21.3256,103.9188,11.005454545454546,11.743636363636364,3,10,3,12,1970-01-21 12:20:32.629090909,1970-01-21 12:21:14.901818181,Xuân,,,
Sơn La,Trung du miền núi Bắc Bộ,2026-03-03,21.8,27.281818181818185,17.87272727272727,22.318181818181817,28.281818181818185,17.936363636363637,0.3818181818181818,0.3818181818181818,0.0,1.4545454545454546,64.45454545454545,16.081818181818182,38.5,18.66,1011.5090909090908,22.363636363636363,14.29090909090909,0.0,3.9209090909090913,21.3256,103.9188,10.991818181818182,11.763636363636364,3,10,51,128,1970-01-21 12:21:58.974545454,1970-01-21 12:22:41.318181818,Xuân,,,
Sơn La,Trung du miền núi Bắc Bộ,2026-03-04,19.38181818181818,24.272727272727273,16.172727272727272,19.509090909090908,24.518181818181816,16.42727272727273,0.0,0.0,0.0,0.0,72.9090909090909,13.736363636363636,33.0,16.081818181818182,1015.0272727272728,37.63636363636363,14.063636363636364,0.0,3.3181818181818183,21.3256,103.9188,10.573636363636364,11.783636363636363,3,10,3,112,1970-01-21 12:23:25.330909091,1970-01-21 12:24:07.745454545,Xuân,,,
Sơn La,Trung du miền núi Bắc Bộ,2026-03-05,18.845454545454547,25.218181818181815,13.909090909090908,19.054545454545455,25.836363636363636,14.181818181818182,0.0,0.0,0.0,0.0,73.72727272727273,14.11818181818182,34.49090909090909,17.64909090909091,1014.518181818182,48.90909090909091,13.681818181818182,0.0,3.58,21.3256,103.9188,9.6,11.803636363636365,3,10,3,101,1970-01-21 12:24:51.681818181,1970-01-21 12:25:34.167272727,Xuân,,,
Sơn La,Trung du miền núi Bắc Bộ,2026-03-06,19.481818181818184,24.218181818181815,16.145454545454545,20.036363636363635,24.80909090909091,16.62727272727273,0.1272727272727272,0.1272727272727272,0.0,1.0,75.72727272727273,12.47272727272727,30.79090909090909,12.140909090909092,1016.1727272727272,59.18181818181818,14.745454545454544,0.0,2.588181818181818,21.3256,103.9188,7.491818181818181,11.823636363636364,3,10,3,116,1970-01-21 12:26:18.027272727,1970-01-21 12:27:00.594545454,Xuân,,,
Sơn La,Trung du miền núi Bắc Bộ,2026-03-07,19.9,24.863636363636363,15.736363636363636,20.92727272727273,25.936363636363637,16.636363636363637,0.1272727272727272,0.1272727272727272,0.0,1.0909090909090908,78.63636363636364,11.054545454545456,26.39090909090909,10.858181818181816,1015.8727272727272,58.81818181818182,15.772727272727272,0.0,2.3936363636363636,21.3256,103.9188,5.946363636363636,11.843636363636364,3,10,51,99,1970-01-21 12:27:44.383636363,1970-01-21 12:28:27.021818181,Xuân,,,
Sơn La,Trung du miền núi Bắc Bộ,2026-03-08,20.736363636363635,25.536363636363635,17.554545454545455,22.418181818181814,27.372727272727275,19.227272727272727,5.963636363636363,5.963636363636363,0.0,9.727272727272728,81.81818181818181,10.663636363636364,28.1,12.04,1015.8636363636364,65.63636363636364,17.181818181818183,0.0,2.501818181818182,21.3256,103.9188,7.665454545454546,11.863636363636363,3,10,63,104,1970-01-21 12:29:10.729090909,1970-01-21 12:29:53.432727272,Xuân,,,
Sơn La,Trung du miền núi Bắc Bộ,2026-03-09,19.57272727272727,24.645454545454548,14.981818181818182,20.454545454545453,25.61818181818182,14.227272727272728,4.945454545454545,4.945454545454545,0.0,9.545454545454543,80.45454545454545,16.854545454545455,40.81818181818182,12.954545454545457,1019.5090909090908,65.63636363636364,15.918181818181818,0.0,2.7027272727272726,21.3256,103.9188,8.239090909090908,11.883636363636365,3,11,63,103,1970-01-21 12:30:37.080000000,1970-01-21 12:31:19.860000000,Xuân,,,
Sơn La,Trung du miền núi Bắc Bộ,2026-03-10,17.490909090909092,22.700000000000003,13.390909090909092,17.10909090909091,22.70909090909091,12.736363636363636,0.2454545454545454,0.2454545454545454,0.0,1.3636363636363635,68.27272727272727,11.127272727272729,29.35454545454546,15.67909090909091,1021.5272727272728,48.72727272727273,11.318181818181818,0.0,3.0645454545454545,21.3256,103.9188,8.32,11.903636363636364,3,11,51,115,1970-01-21 12:32:03.425454545,1970-01-21 12:32:46.281818181,Xuân,,,
Sơn La,Trung du miền núi Bắc Bộ,2026-03-11,17.918181818181818,23.9,12.88181818181818,17.936363636363637,24.69090909090909,12.818181818181818,0.0,0.0,0.0,0.0,72.72727272727273,12.69090909090909,30.88181818181818,16.402727272727272,1017.6090909090908,74.9090909090909,12.61818181818182,0.0,3.2409090909090907,21.3256,103.9188,9.734545454545454,11.926363636363636,3,11,3,92,1970-01-21 12:33:29.776363636,1970-01-21 12:34:12.698181818,Xuân,,,
Sơn La,Trung du miền núi Bắc Bộ,2026-03-12,18.009090909090908,21.763636363636365,15.5,17.818181818181817,21.009090909090908,15.563636363636364,2.536363636363636,2.536363636363636,0.0,4.0,76.27272727272727,15.354545454545455,36.945454545454545,11.82090909090909,1018.0,85.0909090909091,13.490909090909092,0.0,2.5263636363636364,21.3256,103.9188,5.789090909090909,11.946363636363635,3,11,51,112,1970-01-21 12:34:56.116363636,1970-01-21 12:35:39.120000000,Xuân,,,
Sơn La,Trung du miền núi Bắc Bộ,2026-03-13,17.972727272727273,22.063636363636363,14.79090909090909,17.172727272727272,20.363636363636363,14.572727272727274,0.009090909090909,0.009090909090909,0.0,0.0909090909090909,67.18181818181819,16.036363636363635,39.72727272727273,13.569090909090908,1019.181818181818,46.81818181818182,11.381818181818184,0.0,3.0,21.3256,103.9188,7.594545454545455,11.97,3,11,3,130,1970-01-21 12:36:22.467272727,1970-01-21 12:37:05.541818181,Xuân,,,
Sơn La,Trung du miền núi Bắc Bộ,2026-03-14,18.254545454545458,23.59090909090909,13.490909090909092,18.10909090909091,23.254545454545458,13.363636363636363,0.0,0.0,0.0,0.0,71.63636363636364,11.60909090909091,28.44545454545454,14.421818181818184,1019.1727272727272,44.54545454545455,12.672727272727274,0.0,3.0045454545454544,21.3256,103.9188,9.120909090909093,11.990000000000002,3,11,3,130,1970-01-21 12:37:48.807272727,1970-01-21 12:38:31.963636363,Xuân,,,
Sơn La,Trung du miền núi Bắc Bộ,2026-03-15,19.272727272727273,23.836363636363636,16.0,20.354545454545455,25.036363636363635,16.918181818181818,0.4181818181818181,0.4181818181818181,0.0,2.363636363636364,79.0909090909091,8.527272727272727,23.0,12.02,1018.4363636363636,77.9090909090909,15.272727272727272,0.0,2.463636363636364,21.3256,103.9188,6.09909090909091,12.009999999999998,3,11,51,138,1970-01-21 12:39:15.152727272,1970-01-21 12:39:58.380000000,Xuân,,,
Sơn La,Trung du miền núi Bắc Bộ,2026-03-16,19.845454545454547,24.50909090909091,16.29090909090909,21.38181818181818,26.08181818181818,17.62727272727273,0.8818181818181817,0.8818181818181817,0.0,4.0,79.0909090909091,7.227272727272728,23.545454545454547,12.54818181818182,1015.2636363636364,52.18181818181818,15.79090909090909,0.0,2.522727272727273,21.3256,103.9188,7.369999999999999,12.03,3,12,51,15,1970-01-21 12:40:41.503636363,1970-01-21 12:41:24.807272727,Xuân,,,
Sơn La,Trung du miền núi Bắc Bộ,2026-03-17,20.827272727272728,26.663636363636364,16.454545454545453,22.736363636363635,28.91818181818182,17.836363636363636,2.9,2.9,0.0,6.363636363636363,78.45454545454545,9.563636363636364,31.563636363636363,15.904545454545454,1013.2,31.727272727272727,16.60909090909091,0.0,3.1727272727272724,21.3256,103.9188,10.47,12.05,3,12,61,350,1970-01-21 12:42:07.843636363,1970-01-21 12:42:51.223636363,Xuân,,,
Sơn La,Trung du miền núi Bắc Bộ,2026-03-18,21.327272727272728,27.318181818181817,16.79090909090909,23.40909090909091,30.354545454545452,18.490909090909092,1.2999999999999998,1.2999999999999998,0.0,1.5454545454545454,77.81818181818181,9.081818181818182,25.781818181818178,17.28818181818182,1013.5090909090908,29.0,16.89090909090909,0.0,3.4818181818181815,21.3256,103.9188,10.823636363636364,12.07,3,12,3,19,1970-01-21 12:43:34.194545454,1970-01-21 12:44:17.640000000,Xuân,,,
Sơn La,Trung du miền núi Bắc Bộ,2026-03-19,22.645454545454545,29.29090909090909,17.490909090909092,24.20909090909091,30.963636363636365,19.081818181818186,0.009090909090909,0.009090909090909,0.0,0.0909090909090909,67.27272727272727,9.654545454545454,28.363636363636363,18.03,1011.7727272727273,13.181818181818182,15.536363636363635,0.0,3.838181818181818,21.3256,103.9188,10.804545454545456,12.090000000000002,3,12,1,246,1970-01-21 12:45:00.540000000,1970-01-21 12:45:44.061818181,Xuân,,,
Sơn La,Trung du miền núi Bắc Bộ,2026-03-20,23.40909090909091,29.23636363636364,18.327272727272728,25.018181818181816,31.718181818181815,19.60909090909091,0.0818181818181818,0.0818181818181818,0.0,0.4545454545454545,64.54545454545455,9.181818181818182,25.845454545454547,18.015454545454546,1011.3272727272728,23.90909090909091,16.0,0.0,3.893636363636363,21.3256,103.9188,10.804545454545456,12.109999999999998,3,12,3,92,1970-01-21 12:46:26.880000000,1970-01-21 12:47:10.483636363,Xuân,,,
Sơn La,Trung du miền núi Bắc Bộ,2026-03-21,22.581818181818186,28.636363636363637,18.945454545454545,24.972727272727273,31.627272727272725,21.063636363636363,6.4363636363636365,6.4363636363636365,0.0,4.2727272727272725,79.27272727272727,11.927272727272726,32.1,15.299090909090909,1013.1,42.36363636363637,18.490909090909092,0.0,3.232727272727273,21.3256,103.9188,8.744545454545454,12.13,3,12,63,143,1970-01-21 12:47:53.230909091,1970-01-21 12:48:36.900000000,Xuân,,,
Sơn La,Trung du miền núi Bắc Bộ,2026-03-22,22.472727272727273,27.94545454545454,19.263636363636365,25.172727272727272,30.57272727272727,21.827272727272728,1.3,1.3,0.0,4.454545454545454,81.45454545454545,9.9,29.6,14.833636363636366,1012.3454545454543,43.0,18.79090909090909,0.0,3.110909090909091,21.3256,103.9188,8.566363636363636,12.15,3,12,51,45,1970-01-21 12:49:19.576363636,1970-01-21 12:50:03.321818181,Xuân,,,
Sơn La,Trung du miền núi Bắc Bộ,2026-03-23,22.845454545454547,28.5,18.472727272727273,25.0,30.545454545454547,20.56363636363637,0.8,0.8,0.0,2.909090909090909,73.72727272727273,10.227272727272728,30.11818181818182,17.32181818181818,1011.3454545454543,22.727272727272727,17.418181818181818,0.0,3.6281818181818184,21.3256,103.9188,10.422727272727274,12.17,3,13,51,13,1970-01-21 12:50:45.921818181,1970-01-21 12:51:29.743636363,Xuân,,,
Sơn La,Trung du miền núi Bắc Bộ,2026-03-24,24.036363636363635,30.40909090909091,18.763636363636365,26.036363636363635,32.29090909090909,20.736363636363635,0.1272727272727272,0.1272727272727272,0.0,0.7272727272727273,68.0909090909091,11.054545454545456,26.90909090909091,18.38909090909091,1009.8636363636364,16.181818181818183,17.045454545454547,0.0,4.008181818181819,21.3256,103.9188,10.992727272727272,12.19,3,13,1,61,1970-01-21 12:52:12.267272727,1970-01-21 12:52:56.160000000,Xuân,,,
Sơn La,Trung du miền núi Bắc Bộ,2026-03-25,24.481818181818184,30.718181818181815,19.6,26.845454545454547,33.43636363636364,22.1,0.2090909090909091,0.2090909090909091,0.0,0.9090909090909092,70.9090909090909,11.772727272727272,32.10909090909091,17.87272727272727,1010.1545454545457,21.272727272727273,18.172727272727272,0.0,4.008181818181818,21.3256,103.9188,10.36,12.21,3,13,51,98,1970-01-21 12:53:38.607272727,1970-01-21 12:54:22.581818181,Xuân,,,
Sơn La,Trung du miền núi Bắc Bộ,2026-03-26,25.036363636363635,32.07272727272727,19.327272727272728,26.7,32.90909090909091,21.481818181818184,0.0363636363636363,0.0363636363636363,0.0,0.2727272727272727,61.72727272727273,12.263636363636364,30.336363636363636,19.436363636363637,1009.1454545454544,9.0,16.172727272727272,0.0,4.474545454545455,21.3256,103.9188,11.32090909090909,12.231818181818182,3,13,0,240,1970-01-21 12:55:04.952727272,1970-01-21 12:55:48.998181818,Xuân,,,
Sơn La,Trung du miền núi Bắc Bộ,2026-03-27,25.454545454545453,32.300000000000004,19.490909090909092,26.163636363636364,33.1,19.836363636363636,0.0,0.0,0.0,0.0,49.45454545454545,12.581818181818182,30.172727272727272,20.001818181818184,1008.1181818181816,3.5454545454545454,13.518181818181818,0.0,4.669090909090909,21.3256,103.9188,11.496363636363638,12.253636363636362,3,13,0,19,1970-01-21 12:56:31.303636363,1970-01-21 12:57:15.420000000,Xuân,,,
Sơn La,Trung du miền núi Bắc Bộ,2026-03-28,25.727272727272727,33.154545454545456,19.972727272727273,27.10909090909091,34.11818181818182,21.2,0.0,0.0,0.0,0.0,56.81818181818182,12.78181818181818,32.11818181818182,19.509090909090908,1007.8909090909092,6.545454545454546,15.545454545454543,0.0,4.565454545454545,21.3256,103.9188,11.432727272727274,12.273636363636363,3,13,1,97,1970-01-21 12:57:57.654545454,1970-01-21 12:58:41.836363636,Xuân,,,
Sơn La,Trung du miền núi Bắc Bộ,2026-03-29,24.754545454545458,31.08181818181818,19.954545454545453,26.172727272727272,32.345454545454544,22.009090909090908,0.5,0.5,0.0,1.3636363636363635,63.54545454545455,17.745454545454546,46.554545454545455,18.406363636363636,1007.9272727272728,19.0,16.37272727272727,0.0,4.412727272727273,21.3256,103.9188,11.342727272727272,12.296363636363637,3,13,51,237,1970-01-21 12:59:24.000000000,1970-01-21 13:00:08.252727272,Xuân,,,
Sơn La,Trung du miền núi Bắc Bộ,2026-03-30,24.818181818181817,31.23636363636364,18.9,26.018181818181816,31.727272727272727,20.172727272727272,0.3727272727272727,0.3727272727272727,0.0,1.0,59.54545454545455,15.763636363636364,39.0,19.48,1007.7090909090908,9.545454545454543,15.627272727272729,0.0,4.608181818181818,21.3256,103.9188,11.505454545454546,12.316363636363638,3,14,1,39,1970-01-21 13:00:50.340000000,1970-01-21 13:01:34.674545454,Xuân,,,
Sơn La,Trung du miền núi Bắc Bộ,2026-03-31,26.481818181818184,32.47272727272727,21.1,27.527272727272727,32.945454545454545,22.263636363636365,0.009090909090909,0.009090909090909,0.0,0.0909090909090909,51.72727272727273,16.318181818181817,40.77272727272727,19.288181818181815,1007.7090909090908,12.272727272727272,15.127272727272729,0.0,4.7709090909090905,21.3256,103.9188,11.195454545454544,12.336363636363636,3,14,1,38,1970-01-21 13:02:16.685454545,1970-01-21 13:03:01.096363636,Xuân,,,
Sơn La,Trung du miền núi Bắc Bộ,2026-04-01,24.754545454545458,29.99090909090909,20.78181818181818,26.73636363636364,32.82727272727273,22.536363636363635,0.4090909090909091,0.4090909090909091,0.0,1.9090909090909092,67.9090909090909,13.945454545454544,34.67272727272727,17.51,1010.1636363636364,27.272727272727273,18.027272727272727,0.0,4.03,21.3256,103.9188,10.223636363636365,12.356363636363636,4,14,51,112,1970-01-21 13:03:43.025454545,1970-01-21 13:04:27.507272727,Xuân,,,
Sơn La,Trung du miền núi Bắc Bộ,2026-04-02,25.05454545454546,31.3,19.854545454545455,27.527272727272727,33.88181818181818,22.61818181818182,0.7818181818181817,0.7818181818181817,0.0,1.7272727272727273,69.0,13.663636363636364,35.82727272727273,17.97,1009.4363636363636,28.181818181818183,18.236363636363635,0.0,4.086363636363637,21.3256,103.9188,10.906363636363636,12.378181818181815,4,14,51,19,1970-01-21 13:05:09.376363636,1970-01-21 13:05:53.929090909,Xuân,,,
Sơn La,Trung du miền núi Bắc Bộ,2026-04-03,26.845454545454547,33.10909090909091,21.263636363636365,28.2,34.29090909090909,23.045454545454547,0.0,0.0,0.0,0.0,52.45454545454545,15.063636363636364,37.14545454545455,20.124545454545455,1006.3545454545456,6.545454545454546,15.627272727272729,0.0,4.9390909090909085,21.3256,103.9188,11.652727272727274,12.398181818181818,4,14,1,6,1970-01-21 13:06:35.721818181,1970-01-21 13:07:20.350909091,Xuân,,,
Sơn La,Trung du miền núi Bắc Bộ,2026-04-04,26.163636363636364,32.13636363636363,21.054545454545455,27.59090909090909,33.654545454545456,21.754545454545458,0.2454545454545454,0.2454545454545454,0.0,0.4545454545454545,55.63636363636363,14.063636363636364,35.72727272727273,19.293636363636363,1005.2090909090908,27.636363636363637,16.154545454545453,0.0,4.673636363636363,21.3256,103.9188,11.63818181818182,12.418181818181818,4,14,3,99,1970-01-21 13:08:02.061818181,1970-01-21 13:08:46.767272727,Xuân,,,
Sơn La,Trung du miền núi Bắc Bộ,2026-04-05,27.00909090909091,33.89090909090909,20.918181818181814,28.545454545454547,34.64545454545455,22.981818181818184,0.009090909090909,0.009090909090909,0.0,0.0909090909090909,56.54545454545455,16.78181818181818,42.42727272727273,20.01090909090909,1003.918181818182,72.63636363636364,16.754545454545454,0.0,5.12,21.3256,103.9188,11.431818181818182,12.438181818181818,4,14,3,46,1970-01-21 13:09:28.407272727,1970-01-21 13:10:13.189090909,Xuân,,,
Sơn La,Trung du miền núi Bắc Bộ,2026-04-06,27.99090909090909,34.32727272727273,22.018181818181816,29.59090909090909,35.6,23.836363636363636,0.009090909090909,0.009090909090909,0.0,0.0909090909090909,53.27272727272727,18.054545454545455,44.16363636363637,19.753636363636364,1005.0636363636364,31.727272727272727,16.945454545454545,0.0,5.1881818181818184,21.3256,103.9188,11.72,12.45818181818182,4,15,3,37,1970-01-21 13:10:54.752727272,1970-01-21 13:11:39.605454545,Xuân,,,
Sơn La,Trung du miền núi Bắc Bộ,2026-04-07,27.90909090909091,33.93636363636364,22.836363636363636,30.154545454545453,36.190909090909095,24.61818181818182,0.1363636363636363,0.1363636363636363,0.0,0.5454545454545454,57.36363636363637,13.390909090909092,35.50909090909091,19.701818181818183,1006.3545454545456,19.272727272727273,18.172727272727272,0.0,4.987272727272727,21.3256,103.9188,11.617272727272727,12.478181818181817,4,15,3,47,1970-01-21 13:12:21.098181818,1970-01-21 13:13:06.021818181,Xuân,,,
Sơn La,Trung du miền núi Bắc Bộ,2026-04-08,27.318181818181817,33.018181818181816,22.42727272727273,29.85454545454546,35.29090909090909,25.036363636363635,0.2818181818181818,0.2818181818181818,0.0,0.3636363636363636,59.63636363636363,11.172727272727272,33.14545454545455,19.406363636363636,1007.4636363636364,12.454545454545457,18.227272727272727,0.0,4.588181818181818,21.3256,103.9188,11.165454545454546,12.498181818181818,4,15,1,47,1970-01-21 13:13:47.454545454,1970-01-21 13:14:32.443636363,Xuân,,,
Sơn La,Trung du miền núi Bắc Bộ,2026-04-09,26.654545454545453,31.58181818181818,21.518181818181816,28.59090909090909,33.054545454545455,23.836363636363636,0.2,0.2,0.0,1.6363636363636365,58.18181818181818,13.909090909090908,37.690909090909095,19.16090909090909,1008.1454545454544,11.090909090909092,17.37272727272727,0.0,4.590909090909091,21.3256,103.9188,11.61,12.518181818181818,4,15,51,20,1970-01-21 13:15:13.794545454,1970-01-21 13:15:58.865454545,Xuân,,,
Sơn La,Trung du miền núi Bắc Bộ,2026-04-10,27.327272727272728,33.127272727272725,21.79090909090909,28.527272727272727,33.74545454545455,23.44545454545454,0.0818181818181818,0.0818181818181818,0.0,0.5454545454545454,51.63636363636363,18.11818181818182,44.91818181818182,19.597272727272728,1007.0727272727272,9.0,15.954545454545457,0.0,5.056363636363636,21.3256,103.9188,11.666363636363638,12.536363636363632,4,15,1,270,1970-01-21 13:16:40.145454545,1970-01-21 13:17:25.276363636,Xuân,,,
Sơn La,Trung du miền núi Bắc Bộ,2026-04-11,27.363636363636363,33.46363636363637,22.318181818181817,28.3,33.18181818181818,24.07272727272727,0.0454545454545454,0.0454545454545454,0.0,0.2727272727272727,50.54545454545455,19.945454545454545,49.64545454545455,19.542727272727273,1005.4454545454544,15.727272727272728,15.554545454545456,0.0,5.2318181818181815,21.3256,103.9188,11.43090909090909,12.556363636363637,4,15,1,272,1970-01-21 13:18:06.496363636,1970-01-21 13:18:51.703636363,Xuân,,,
Sơn La,Trung du miền núi Bắc Bộ,2026-04-12,27.172727272727272,33.300000000000004,22.081818181818186,27.627272727272725,33.32727272727273,23.16363636363636,0.0,0.0,0.0,0.0,45.18181818181818,13.52727272727273,34.26363636363636,22.172727272727272,1005.2545454545452,3.090909090909091,13.327272727272726,0.0,5.521818181818182,21.3256,103.9188,11.82,12.576363636363636,4,15,1,15,1970-01-21 13:19:32.847272727,1970-01-21 13:20:18.125454545,Xuân,,,
Sơn La,Trung du miền núi Bắc Bộ,2026-04-13,27.38181818181818,34.43636363636364,20.79090909090909,28.181818181818183,35.43636363636364,20.88181818181818,0.0,0.0,0.0,0.0,45.18181818181818,12.754545454545456,31.454545454545453,21.708181818181817,1006.9272727272728,0.8181818181818182,13.872727272727271,0.0,5.316363636363636,21.3256,103.9188,11.893636363636364,12.596363636363636,4,16,0,13,1970-01-21 13:20:59.192727272,1970-01-21 13:21:44.536363636,Xuân,,,
Sơn La,Trung du miền núi Bắc Bộ,2026-04-14,27.772727272727273,34.27272727272727,21.78181818181818,29.245454545454542,35.52727272727273,23.081818181818186,0.0181818181818181,0.0181818181818181,0.0,0.1818181818181818,49.90909090909091,11.563636363636364,30.036363636363635,20.25636363636363,1007.1454545454544,5.636363636363637,15.818181818181818,0.0,4.96,21.3256,103.9188,11.810909090909092,12.616363636363635,4,16,1,64,1970-01-21 13:22:25.549090909,1970-01-21 13:23:10.969090909,Xuân,,,
Sơn La,Trung du miền núi Bắc Bộ,2026-04-15,27.99090909090909,33.845454545454544,22.327272727272728,29.454545454545453,35.28181818181818,23.8,0.1727272727272727,0.1727272727272727,0.0,0.9090909090909092,49.18181818181818,12.145454545454545,33.08181818181818,19.30909090909091,1005.8909090909092,9.181818181818182,15.88181818181818,0.0,4.816363636363636,21.3256,103.9188,11.8,12.633636363636365,4,16,51,5,1970-01-21 13:23:51.900000000,1970-01-21 13:24:37.390909091,Xuân,,,
Sơn La,Trung du miền núi Bắc Bộ,2026-04-16,27.70909090909091,33.08181818181818,22.70909090909091,29.181818181818183,34.654545454545456,24.145454545454548,0.0272727272727272,0.0272727272727272,0.0,0.0909090909090909,49.27272727272727,10.28181818181818,26.6,19.86,1007.081818181818,8.363636363636363,15.663636363636364,0.0,4.746363636363636,21.3256,103.9188,11.748181818181818,12.653636363636364,4,16,1,280,1970-01-21 13:25:18.245454545,1970-01-21 13:26:03.796363636,Xuân,,,
Sơn La,Trung du miền núi Bắc Bộ,2026-04-17,25.94545454545454,31.681818181818183,21.945454545454545,28.29090909090909,34.52727272727273,23.854545454545452,2.136363636363636,2.136363636363636,0.0,2.4545454545454546,65.72727272727273,16.12727272727273,38.154545454545456,18.933636363636364,1009.1909090909091,25.09090909090909,18.545454545454547,0.0,4.423636363636363,21.3256,103.9188,10.93,12.673636363636364,4,16,2,135,1970-01-21 13:26:44.601818181,1970-01-21 13:27:30.229090909,Xuân,,,
Sơn La,Trung du miền núi Bắc Bộ,2026-04-18,24.9,30.281818181818185,21.44545454545454,27.854545454545452,33.61818181818182,24.2,0.6454545454545454,0.6454545454545454,0.0,2.727272727272727,75.81818181818181,11.263636363636364,29.818181818181817,17.113636363636363,1010.4545454545456,46.27272727272727,19.954545454545453,0.0,3.805454545454545,21.3256,103.9188,9.88818181818182,12.693636363636363,4,16,51,107,1970-01-21 13:28:10.947272727,1970-01-21 13:28:56.650909091,Xuân,,,
Sơn La,Trung du miền núi Bắc Bộ,2026-04-19,23.727272727272727,28.854545454545452,20.71818181818182,27.045454545454547,32.10909090909091,23.654545454545453,12.11818181818182,12.11818181818182,0.0,10.272727272727272,81.63636363636364,11.518181818181818,29.80909090909091,15.745454545454544,1010.0363636363636,60.45454545454545,20.045454545454547,0.0,3.352727272727273,21.3256,103.9188,8.657272727272728,12.711818181818185,4,16,63,86,1970-01-21 13:29:37.309090909,1970-01-21 13:30:23.067272727,Xuân,,,
Sơn La,Trung du miền núi Bắc Bộ,2026-04-20,23.73636363636364,28.354545454545452,19.3,27.027272727272727,31.845454545454547,22.045454545454547,2.6999999999999997,2.6999999999999997,0.0,6.2727272727272725,80.18181818181819,10.654545454545454,32.72727272727273,15.773636363636363,1008.9,41.36363636363637,19.8,0.0,3.308181818181818,21.3256,103.9188,9.46818181818182,12.731818181818182,4,17,51,15,1970-01-21 13:31:03.660000000,1970-01-21 13:31:49.489090909,Xuân,,,
Sơn La,Trung du miền núi Bắc Bộ,2026-04-21,26.30909090909091,31.92727272727273,21.254545454545458,29.42727272727273,34.61818181818182,24.345454545454547,0.4727272727272727,0.4727272727272727,0.0,2.272727272727273,68.0909090909091,11.872727272727271,33.38181818181818,20.176363636363636,1006.518181818182,15.090909090909092,19.472727272727273,0.0,4.505454545454546,21.3256,103.9188,11.595454545454546,12.748181818181818,4,17,51,55,1970-01-21 13:32:30.010909091,1970-01-21 13:33:15.910909091,Xuân,,,
Sơn La,Trung du miền núi Bắc Bộ,2026-04-22,27.336363636363636,33.13636363636363,22.509090909090908,30.718181818181815,35.972727272727276,25.73636363636364,0.2363636363636363,0.2363636363636363,0.0,1.5454545454545454,66.36363636363636,12.645454545454545,34.88181818181818,20.21909090909091,1005.9909090909092,15.454545454545457,19.954545454545453,0.0,4.661818181818182,21.3256,103.9188,11.86909090909091,12.768181818181818,4,17,51,27,1970-01-21 13:33:56.367272727,1970-01-21 13:34:42.327272727,Xuân,,,
Sơn La,Trung du miền núi Bắc Bộ,2026-04-23,24.463636363636365,29.41818181818182,21.036363636363635,27.518181818181816,33.29090909090909,23.681818181818183,14.38181818181818,14.38181818181818,0.0,6.818181818181818,76.27272727272727,16.536363636363635,41.73636363636364,18.227272727272727,1007.6272727272728,45.81818181818182,19.863636363636363,0.0,3.820909090909091,21.3256,103.9188,9.975454545454546,12.786363636363632,4,17,65,137,1970-01-21 13:35:22.718181818,1970-01-21 13:36:08.749090909,Xuân,,,
Sơn La,Trung du miền núi Bắc Bộ,2026-04-24,22.78181818181818,27.9,18.954545454545453,24.963636363636365,30.363636363636363,21.38181818181818,1.5272727272727271,1.5272727272727271,0.0,3.727272727272727,79.72727272727273,16.636363636363637,39.04545454545455,16.923636363636362,1011.4545454545456,57.0,18.827272727272728,0.0,3.6354545454545457,21.3256,103.9188,10.505454545454546,12.806363636363637,4,17,51,117,1970-01-21 13:36:49.080000000,1970-01-21 13:37:35.170909091,Xuân,,,
Sơn La,Trung du miền núi Bắc Bộ,2026-04-25,23.7,27.854545454545452,20.045454545454547,25.727272727272727,29.80909090909091,22.436363636363637,0.3090909090909091,0.3090909090909091,0.0,1.9090909090909092,73.54545454545455,13.263636363636364,32.21818181818182,17.957272727272727,1013.8363636363636,59.45454545454545,18.42727272727273,0.0,3.933636363636364,21.3256,103.9188,10.789090909090907,12.823636363636364,4,17,3,118,1970-01-21 13:38:15.430909091,1970-01-21 13:39:01.598181818,Xuân,,,
Sơn La,Trung du miền núi Bắc Bộ,2026-04-26,22.763636363636365,26.91818181818182,20.027272727272727,25.89090909090909,30.05454545454546,22.89090909090909,10.39090909090909,10.39090909090909,0.0,11.181818181818182,83.45454545454545,9.972727272727273,26.363636363636363,13.735454545454546,1012.1727272727272,79.0909090909091,19.6,0.0,2.851818181818182,21.3256,103.9188,7.095454545454545,12.841818181818182,4,17,63,164,1970-01-21 13:39:41.787272727,1970-01-21 13:40:28.014545454,Xuân,,,
Sơn La,Trung du miền núi Bắc Bộ,2026-04-27,23.39090909090909,28.327272727272728,19.509090909090908,26.318181818181817,31.49090909090909,22.26363636363636,1.0454545454545454,1.0454545454545454,0.0,2.636363636363636,78.54545454545455,12.581818181818182,37.17272727272727,18.05636363636364,1009.3363636363636,62.36363636363637,19.145454545454545,0.0,3.6990909090909088,21.3256,103.9188,11.144545454545456,12.859999999999998,4,18,51,269,1970-01-21 13:41:08.149090909,1970-01-21 13:41:54.430909091,Xuân,,,
Sơn La,Trung du miền núi Bắc Bộ,2026-04-28,22.954545454545453,28.372727272727275,19.772727272727273,25.94545454545454,31.872727272727275,22.30909090909091,9.990909090909092,9.990909090909092,0.0,6.454545454545454,80.81818181818181,10.954545454545457,34.4,19.930909090909093,1008.8272727272728,60.09090909090909,19.181818181818183,0.0,4.02,21.3256,103.9188,10.502727272727272,12.878181818181815,4,18,63,269,1970-01-21 13:42:34.500000000,1970-01-21 13:43:20.869090909,Xuân,,,
Sơn La,Trung du miền núi Bắc Bộ,2026-04-29,22.172727272727272,25.73636363636364,18.936363636363637,24.018181818181816,28.136363636363637,20.71818181818182,4.781818181818182,4.781818181818182,0.0,5.909090909090909,76.27272727272727,12.327272727272726,30.981818181818184,16.331818181818182,1012.481818181818,72.72727272727273,17.563636363636363,0.0,3.436363636363636,21.3256,103.9188,9.19181818181818,12.896363636363638,4,18,51,93,1970-01-21 13:44:00.861818181,1970-01-21 13:44:47.285454545,Xuân,,,
Sơn La,Trung du miền núi Bắc Bộ,2026-04-30,22.4,27.227272727272727,18.845454545454547,23.55454545454546,28.845454545454547,19.063636363636363,1.009090909090909,1.009090909090909,0.0,1.2727272727272727,68.0,13.02727272727273,31.8,17.664545454545454,1014.7,63.63636363636363,15.954545454545457,0.0,3.8645454545454543,21.3256,103.9188,10.217272727272729,12.911818181818182,4,18,51,138,1970-01-21 13:45:27.229090909,1970-01-21 13:46:13.707272727,Xuân,,,
Sơn La,Trung du miền núi Bắc Bộ,2026-05-01,22.5,27.772727272727273,18.663636363636364,25.26363636363636,31.427272727272733,20.37272727272727,3.790909090909091,3.790909090909091,0.0,6.2727272727272725,80.27272727272727,10.645454545454545,30.6,17.617272727272727,1011.7636363636364,74.63636363636364,18.71818181818182,0.0,3.569090909090909,21.3256,103.9188,9.56090909090909,12.93,5,18,63,52,1970-01-21 13:46:53.580000000,1970-01-21 13:47:40.134545454,Xuân,,,
Sơn La,Trung du miền núi Bắc Bộ,2026-05-02,23.136363636363637,27.80909090909091,19.61818181818182,26.41818181818182,31.10909090909091,22.027272727272727,9.318181818181818,9.318181818181818,0.0,6.909090909090909,83.45454545454545,9.772727272727272,32.56363636363636,15.855454545454544,1010.1181818181816,83.72727272727273,19.9,0.0,3.274545454545455,21.3256,103.9188,8.467272727272727,12.94818181818182,5,18,61,316,1970-01-21 13:48:19.947272727,1970-01-21 13:49:06.550909091,Xuân,,,
Sơn La,Trung du miền núi Bắc Bộ,2026-05-03,22.636363636363637,27.363636363636363,19.80909090909091,25.8,31.136363636363637,22.563636363636363,18.57272727272727,18.57272727272727,0.0,16.181818181818183,84.81818181818181,11.563636363636364,31.863636363636363,16.16,1011.7272727272727,80.0909090909091,19.745454545454542,0.0,3.251818181818182,21.3256,103.9188,8.794545454545455,12.961818181818185,5,18,63,8,1970-01-21 13:49:46.320000000,1970-01-21 13:50:32.989090909,Xuân,,,
Sơn La,Trung du miền núi Bắc Bộ,2026-05-04,21.89090909090909,26.163636363636364,18.136363636363637,23.70909090909091,28.172727272727272,19.527272727272727,8.018181818181818,8.018181818181818,0.0,7.545454545454546,77.63636363636364,11.045454545454543,27.60909090909091,16.75,1014.9363636363636,61.45454545454545,17.445454545454545,0.0,3.459090909090909,21.3256,103.9188,8.19,12.98,5,19,53,91,1970-01-21 13:51:12.670909091,1970-01-21 13:51:59.405454545,Xuân,,,
Sơn La,Trung du miền núi Bắc Bộ,2026-05-05,23.209090909090907,27.88181818181818,19.21818181818182,26.018181818181816,31.363636363636363,21.154545454545453,0.8545454545454546,0.8545454545454546,0.0,2.1818181818181817,76.0909090909091,8.518181818181818,25.663636363636364,18.88181818181818,1012.4454545454544,31.545454545454547,18.563636363636363,0.0,3.8027272727272727,21.3256,103.9188,11.26,12.998181818181818,5,19,51,85,1970-01-21 13:52:39.049090909,1970-01-21 13:53:25.832727272,Xuân,,,
Sơn La,Trung du miền núi Bắc Bộ,2026-05-06,24.854545454545452,29.754545454545458,20.027272727272727,28.454545454545453,33.70909090909091,22.78181818181818,3.472727272727272,3.472727272727272,0.0,7.272727272727272,77.27272727272727,10.163636363636364,30.645454545454548,20.225454545454543,1009.3454545454543,48.45454545454545,20.28181818181818,0.0,4.199090909090909,21.3256,103.9188,11.72909090909091,13.011818181818182,5,19,63,276,1970-01-21 13:54:05.410909091,1970-01-21 13:54:52.254545454,Xuân,,,
Sơn La,Trung du miền núi Bắc Bộ,2026-05-07,25.745454545454542,31.20909090909091,22.254545454545458,29.79090909090909,36.21818181818182,25.681818181818183,11.463636363636365,11.463636363636365,0.0,8.363636363636363,76.45454545454545,12.7,32.5,22.12272727272727,1009.7909090909092,38.63636363636363,20.945454545454545,0.0,4.674545454545455,21.3256,103.9188,11.368181818181816,13.03,5,19,63,191,1970-01-21 13:55:31.783636363,1970-01-21 13:56:18.670909091,Xuân,,,
Sơn La,Trung du miền núi Bắc Bộ,2026-05-08,23.436363636363637,26.4,21.30909090909091,27.218181818181815,29.663636363636364,24.9,6.6,6.6,0.0,11.272727272727272,87.9090909090909,9.572727272727272,25.281818181818185,13.409090909090908,1013.1909090909091,89.72727272727273,21.19090909090909,0.0,2.7345454545454544,21.3256,103.9188,6.116363636363636,13.043636363636365,5,19,63,64,1970-01-21 13:56:58.145454545,1970-01-21 13:57:45.109090909,Xuân,,,
Sơn La,Trung du miền núi Bắc Bộ,2026-05-09,22.69090909090909,25.5,20.818181818181817,25.563636363636363,28.172727272727272,23.2,5.736363636363636,5.736363636363636,0.0,8.454545454545455,85.72727272727273,11.336363636363636,28.92727272727273,12.533636363636363,1014.481818181818,91.1818181818182,20.1,0.0,2.5463636363636364,21.3256,103.9188,6.042727272727273,13.06,5,19,63,101,1970-01-21 13:58:24.518181818,1970-01-21 13:59:11.530909091,Xuân,,,
Sơn La,Trung du miền núi Bắc Bộ,2026-05-10,22.172727272727272,24.663636363636364,20.1,25.05454545454546,27.5,22.763636363636365,3.89090909090909,3.89090909090909,0.0,15.181818181818182,86.27272727272727,9.445454545454544,24.545454545454547,9.906363636363636,1014.3272727272728,98.36363636363636,19.636363636363637,0.0,2.119090909090909,21.3256,103.9188,1.8427272727272728,13.07818181818182,5,19,53,30,1970-01-21 13:59:50.880000000,1970-01-21 14:00:37.963636363,Xuân,,,
Sơn La,Trung du miền núi Bắc Bộ,2026-05-11,24.11818181818182,28.89090909090909,20.545454545454547,27.972727272727273,33.81818181818182,23.89090909090909,5.890909090909091,5.890909090909091,0.0,12.181818181818182,82.0909090909091,7.245454545454546,23.0,19.10818181818182,1012.3818181818184,82.0909090909091,20.60909090909091,0.0,3.87909090909091,21.3256,103.9188,10.659090909090908,13.090000000000002,5,20,55,30,1970-01-21 14:01:17.258181818,1970-01-21 14:02:04.385454545,Xuân,,,
Sơn La,Trung du miền núi Bắc Bộ,2026-05-12,23.981818181818184,27.527272727272727,20.818181818181817,27.772727272727273,31.472727272727273,24.181818181818183,5.009090909090909,5.009090909090909,0.0,10.818181818181818,83.72727272727273,9.745454545454546,32.25454545454546,17.795454545454547,1009.681818181818,84.9090909090909,20.918181818181814,0.0,3.5463636363636364,21.3256,103.9188,9.22,13.108181818181816,5,20,55,30,1970-01-21 14:02:43.625454545,1970-01-21 14:03:30.807272727,Xuân,,,
Sơn La,Trung du miền núi Bắc Bộ,2026-05-13,25.1,29.345454545454547,21.636363636363637,28.718181818181815,33.43636363636364,25.345454545454547,1.3454545454545457,1.3454545454545457,0.0,7.818181818181818,76.36363636363636,11.19090909090909,34.690909090909095,21.274545454545457,1006.4636363636364,43.0,20.39090909090909,0.0,4.419090909090909,21.3256,103.9188,9.61,13.12,5,20,51,42,1970-01-21 14:04:10.003636363,1970-01-21 14:04:57.234545454,Xuân,,,
Sơn La,Trung du miền núi Bắc Bộ,2026-05-14,26.218181818181815,30.872727272727275,21.07272727272727,29.472727272727273,34.699999999999996,24.1,0.3818181818181818,0.3818181818181818,0.0,3.272727272727273,70.0,10.145454545454545,27.1,22.33909090909091,1004.9727272727272,52.54545454545455,19.92727272727273,0.0,4.784545454545455,21.3256,103.9188,11.90181818181818,13.136363636363637,5,20,51,268,1970-01-21 14:05:36.370909091,1970-01-21 14:06:23.650909091,Xuân,,,
Sơn La,Trung du miền núi Bắc Bộ,2026-05-15,26.372727272727275,30.218181818181815,22.918181818181814,30.527272727272727,35.372727272727275,26.527272727272727,3.5727272727272723,3.5727272727272723,0.0,8.454545454545455,75.54545454545455,11.045454545454543,30.92727272727273,20.07090909090909,1005.3090909090909,69.72727272727273,21.554545454545455,0.0,4.2263636363636365,21.3256,103.9188,10.700909090909091,13.15,5,20,61,57,1970-01-21 14:07:02.749090909,1970-01-21 14:07:50.094545454,Xuân,,,
Sơn La,Trung du miền núi Bắc Bộ,2026-05-16,25.90909090909091,30.76363636363636,22.154545454545453,30.754545454545458,36.82727272727273,25.99090909090909,5.372727272727272,5.372727272727272,0.0,11.636363636363637,82.9090909090909,10.172727272727274,29.027272727272727,20.535454545454545,1005.5454545454544,90.27272727272728,22.57272727272727,0.0,4.27,21.3256,103.9188,9.583636363636364,13.163636363636364,5,20,63,64,1970-01-21 14:08:29.110909091,1970-01-21 14:09:16.510909091,Xuân,,,
Sơn La,Trung du miền núi Bắc Bộ,2026-05-17,26.49090909090909,31.318181818181817,22.727272727272727,31.30909090909091,37.07272727272727,27.436363636363637,2.7181818181818183,2.7181818181818183,0.0,9.636363636363637,79.81818181818181,12.363636363636363,33.43636363636364,24.23636363636364,1005.4909090909092,72.54545454545455,22.37272727272727,0.0,5.085454545454545,21.3256,103.9188,11.736363636363636,13.18,5,20,51,82,1970-01-21 14:09:55.500000000,1970-01-21 14:10:42.943636363,Xuân,,,
Sơn La,Trung du miền núi Bắc Bộ,2026-05-18,26.318181818181817,30.73636363636364,22.963636363636365,31.3,36.20909090909091,27.154545454545453,6.863636363636363,6.863636363636363,0.0,13.727272727272728,81.81818181818181,9.063636363636364,25.818181818181817,21.278181818181817,1005.3727272727272,64.0,22.71818181818182,0.0,4.408181818181817,21.3256,103.9188,11.723636363636365,13.19,5,21,61,79,1970-01-21 14:11:21.883636363,1970-01-21 14:12:09.365454545,Xuân,,,
Sơn La,Trung du miền núi Bắc Bộ,2026-05-19,25.918181818181814,30.9,22.227272727272727,30.89090909090909,36.945454545454545,26.41818181818182,10.918181818181818,10.918181818181818,0.0,11.818181818181818,84.0,10.5,27.91818181818182,22.522727272727273,1004.9545454545456,82.81818181818181,22.672727272727272,0.0,4.626363636363636,21.3256,103.9188,11.578181818181818,13.203636363636363,5,21,63,38,1970-01-21 14:12:48.250909091,1970-01-21 14:13:35.792727272,Xuân,,,
Sơn La,Trung du miền núi Bắc Bộ,2026-05-20,25.354545454545452,30.29090909090909,21.8,30.2,36.372727272727275,25.727272727272727,13.236363636363636,13.236363636363636,0.0,16.454545454545453,85.45454545454545,9.272727272727272,25.29090909090909,22.061818181818182,1004.8545454545456,67.63636363636364,22.481818181818184,0.0,4.492727272727273,21.3256,103.9188,11.075454545454546,13.22,5,21,63,63,1970-01-21 14:14:14.634545454,1970-01-21 14:15:02.220000000,Xuân,,,
Sơn La,Trung du miền núi Bắc Bộ,2026-05-21,24.754545454545458,28.136363636363637,22.2,29.73636363636364,33.57272727272727,26.50909090909091,14.081818181818182,14.081818181818182,0.0,14.454545454545457,89.9090909090909,8.727272727272727,24.7,14.891818181818184,1007.3090909090909,86.0909090909091,22.89090909090909,0.0,3.022727272727273,21.3256,103.9188,7.367272727272728,13.23,5,21,63,79,1970-01-21 14:15:41.023636363,1970-01-21 14:16:28.630909091,Xuân,,,
Sơn La,Trung du miền núi Bắc Bộ,2026-05-22,26.29090909090909,30.818181818181817,22.5,31.08181818181818,36.21818181818182,26.92727272727273,4.136363636363637,4.136363636363637,0.0,11.181818181818182,80.45454545454545,8.981818181818182,28.372727272727275,21.394545454545455,1007.9545454545456,58.81818181818182,22.42727272727273,0.0,4.430909090909091,21.3256,103.9188,11.370909090909093,13.240000000000002,5,21,53,31,1970-01-21 14:17:07.390909091,1970-01-21 14:17:55.074545454,Xuân,,,
Sơn La,Trung du miền núi Bắc Bộ,2026-05-23,26.245454545454542,29.845454545454547,22.71818181818182,30.60909090909091,34.95454545454545,26.545454545454547,4.254545454545455,4.254545454545455,0.0,11.909090909090908,79.72727272727273,12.518181818181818,37.11818181818182,20.028181818181817,1008.3363636363636,93.27272727272728,22.254545454545458,0.0,4.171818181818182,21.3256,103.9188,10.508181818181818,13.251818181818182,5,21,53,26,1970-01-21 14:18:33.780000000,1970-01-21 14:19:21.485454545,Xuân,,,
Sơn La,Trung du miền núi Bắc Bộ,2026-05-24,26.518181818181816,31.063636363636363,22.754545454545458,30.936363636363637,36.11818181818182,26.827272727272728,4.845454545454546,4.845454545454546,0.0,12.090909090909092,78.81818181818181,13.30909090909091,40.690909090909095,22.65,1008.3545454545456,89.27272727272727,22.29090909090909,0.0,4.761818181818182,21.3256,103.9188,11.614545454545455,13.263636363636364,5,21,53,47,1970-01-21 14:20:00.174545454,1970-01-21 14:20:47.923636363,Xuân,,,
Sơn La,Trung du miền núi Bắc Bộ,2026-05-25,27.063636363636363,31.38181818181818,23.92727272727273,31.145454545454548,35.25454545454546,28.2,2.209090909090909,2.209090909090909,0.0,9.545454545454543,75.45454545454545,13.9,37.372727272727275,19.522727272727273,1006.918181818182,64.0909090909091,22.081818181818186,0.0,4.338181818181818,21.3256,103.9188,9.693636363636363,13.276363636363635,5,22,51,260,1970-01-21 14:21:26.552727272,1970-01-21 14:22:14.340000000,Xuân,,,
Sơn La,Trung du miền núi Bắc Bộ,2026-05-26,27.89090909090909,32.554545454545455,23.49090909090909,31.9,36.9,27.10909090909091,1.2363636363636366,1.2363636363636366,0.0,6.090909090909091,70.18181818181819,13.581818181818182,35.054545454545455,24.79909090909091,1005.981818181818,17.363636363636363,21.581818181818186,0.0,5.454545454545454,21.3256,103.9188,12.114545454545452,13.286363636363635,5,22,51,16,1970-01-21 14:22:52.930909091,1970-01-21 14:23:40.767272727,Xuân,,,
Sơn La,Trung du miền núi Bắc Bộ,2026-05-27,27.99090909090909,32.76363636363636,23.972727272727273,32.97272727272727,38.627272727272725,28.036363636363635,1.8636363636363635,1.8636363636363635,0.0,7.545454545454546,72.81818181818181,8.463636363636365,24.281818181818185,24.935454545454547,1007.081818181818,19.09090909090909,22.336363636363636,0.0,5.340909090909091,21.3256,103.9188,12.145454545454545,13.29818181818182,5,22,51,3,1970-01-21 14:24:19.325454545,1970-01-21 14:25:07.200000000,Xuân,,,
Sơn La,Trung du miền núi Bắc Bộ,2026-05-28,27.44545454545454,32.28181818181818,23.90909090909091,32.27272727272727,38.08181818181818,28.07272727272727,4.354545454545455,4.354545454545455,0.0,8.090909090909092,74.27272727272727,9.21818181818182,27.845454545454547,24.71090909090909,1009.2636363636364,45.63636363636363,22.09090909090909,0.0,5.254545454545454,21.3256,103.9188,11.489090909090908,13.30818181818182,5,22,61,53,1970-01-21 14:25:45.720000000,1970-01-21 14:26:33.610909091,Xuân,,,
Sơn La,Trung du miền núi Bắc Bộ,2026-05-29,26.08181818181818,30.218181818181815,22.263636363636365,30.91818181818182,35.95454545454545,26.0,10.127272727272729,10.127272727272729,0.0,8.545454545454545,81.63636363636364,9.154545454545454,26.218181818181815,18.60636363636364,1010.7545454545452,91.72727272727272,22.490909090909092,0.0,3.8927272727272726,21.3256,103.9188,8.385454545454545,13.318181818181818,5,22,63,44,1970-01-21 14:27:12.114545454,1970-01-21 14:28:00.054545454,Xuân,,,
Sơn La,Trung du miền núi Bắc Bộ,2026-05-30,24.7,27.20909090909091,22.145454545454545,29.181818181818183,31.70909090909091,26.09090909090909,6.572727272727272,6.572727272727272,0.0,9.727272727272728,86.0,7.527272727272727,21.018181818181816,12.893636363636364,1011.9909090909092,79.45454545454545,22.136363636363637,0.0,2.622727272727273,21.3256,103.9188,4.083636363636364,13.32818181818182,5,22,61,102,1970-01-21 14:28:38.503636363,1970-01-21 14:29:26.465454545,Xuân,,,
Sơn La,Trung du miền núi Bắc Bộ,2026-05-31,26.127272727272725,30.61818181818182,21.990909090909092,30.92727272727273,36.29090909090909,26.09090909090909,2.4181818181818184,2.4181818181818184,0.0,7.363636363636363,79.54545454545455,7.081818181818182,24.30909090909091,24.026363636363637,1010.5272727272728,22.636363636363637,22.018181818181816,0.0,4.921818181818182,21.3256,103.9188,12.146363636363638,13.336363636363636,5,22,51,46,1970-01-21 14:30:04.892727272,1970-01-21 14:30:52.903636363,Xuân,,,
Sơn La,Trung du miền núi Bắc Bộ,2026-06-01,27.681818181818183,32.1,23.818181818181817,32.699999999999996,37.96363636363637,28.0,2.090909090909091,2.090909090909091,0.0,4.636363636363637,74.36363636363636,8.172727272727274,25.845454545454547,24.344545454545457,1008.918181818182,22.727272727272727,22.363636363636363,0.0,5.118181818181818,21.3256,103.9188,12.260909090909092,13.343636363636364,6,23,51,10,1970-01-21 14:31:31.276363636,1970-01-21 14:32:19.320000000,Hè,,,
Sơn La,Trung du miền núi Bắc Bộ,2026-06-02,27.88181818181818,32.72727272727273,23.41818181818182,33.00909090909091,38.7,27.627272727272725,2.9454545454545453,2.9454545454545453,0.0,7.727272727272728,75.0,8.336363636363636,25.845454545454547,25.414545454545458,1006.7545454545452,49.90909090909091,22.663636363636364,0.0,5.387272727272727,21.3256,103.9188,12.18,13.351818181818182,6,23,53,264,1970-01-21 14:32:57.670909091,1970-01-21 14:33:45.747272727,Hè,,,
Sơn La,Trung du miền núi Bắc Bộ,2026-06-03,27.518181818181816,32.054545454545455,23.8,32.76363636363636,37.945454545454545,28.545454545454547,4.836363636363636,4.836363636363636,0.0,9.272727272727272,77.81818181818181,10.690909090909091,33.86363636363637,24.797272727272727,1004.6,67.81818181818181,22.972727272727273,0.0,5.211818181818182,21.3256,103.9188,12.145454545454545,13.359999999999998,6,23,61,52,1970-01-21 14:34:24.070909091,1970-01-21 14:35:12.174545454,Hè,,,
Sơn La,Trung du miền núi Bắc Bộ,2026-06-04,26.527272727272727,29.9,23.88181818181818,31.61818181818182,35.02727272727273,28.518181818181816,5.572727272727273,5.572727272727273,0.0,8.727272727272727,81.45454545454545,10.21818181818182,31.545454545454547,20.885454545454543,1004.8,78.72727272727273,22.936363636363637,0.0,4.266363636363637,21.3256,103.9188,11.607272727272727,13.36818181818182,6,23,61,3,1970-01-21 14:35:50.465454545,1970-01-21 14:36:38.585454545,Hè,,,
Sơn La,Trung du miền núi Bắc Bộ,2026-06-05,24.80909090909091,28.063636363636363,22.418181818181818,29.6,32.82727272727273,26.836363636363636,11.6,11.6,0.0,16.09090909090909,88.0909090909091,7.509090909090909,21.990909090909092,11.987272727272728,1006.2181818181817,84.54545454545455,22.581818181818182,0.0,2.4690909090909092,21.3256,103.9188,4.53090909090909,13.376363636363637,6,23,63,8,1970-01-21 14:37:16.865454545,1970-01-21 14:38:05.023636363,Hè,,,
Sơn La,Trung du miền núi Bắc Bộ,2026-06-06,25.936363636363637,30.536363636363635,22.59090909090909,31.027272727272727,35.836363636363636,26.854545454545452,9.481818181818182,9.481818181818182,0.0,14.363636363636363,85.63636363636364,11.090909090909092,31.354545454545452,20.568181818181817,1006.2,91.72727272727273,23.136363636363637,0.0,4.211818181818182,21.3256,103.9188,10.468181818181817,13.381818181818181,6,23,63,356,1970-01-21 14:38:43.265454545,1970-01-21 14:39:31.440000000,Hè,,,
Sơn La,Trung du miền núi Bắc Bộ,2026-06-07,26.436363636363637,30.681818181818183,23.363636363636363,31.145454545454548,35.5,27.89090909090909,5.127272727272727,5.127272727272727,0.0,13.090909090909092,81.0909090909091,11.263636363636364,33.25454545454546,22.401818181818182,1005.3272727272728,89.9090909090909,22.599999999999998,0.0,4.7,21.3256,103.9188,11.298181818181819,13.388181818181819,6,23,51,32,1970-01-21 14:40:09.665454545,1970-01-21 14:40:57.861818181,Hè,,,
Sơn La,Trung du miền núi Bắc Bộ,2026-06-08,25.827272727272728,30.181818181818183,22.981818181818184,30.50909090909091,35.27272727272727,27.09090909090909,12.109090909090908,12.109090909090908,0.0,15.363636363636363,84.0,12.19090909090909,33.49090909090909,18.944545454545455,1004.6181818181817,98.36363636363636,22.763636363636365,0.0,3.9600000000000004,21.3256,103.9188,8.563636363636364,13.393636363636364,6,24,63,19,1970-01-21 14:41:36.065454545,1970-01-21 14:42:24.294545454,Hè,,,
Sơn La,Trung du miền núi Bắc Bộ,2026-06-09,22.545454545454547,24.763636363636362,20.37272727272727,26.11818181818182,29.027272727272727,22.863636363636363,28.036363636363635,28.036363636363635,0.0,21.90909090909091,92.9090909090909,11.545454545454545,30.30909090909091,13.035454545454543,1007.4454545454545,98.72727272727273,21.327272727272728,0.0,2.4227272727272724,21.3256,103.9188,4.835454545454545,13.4,6,24,63,61,1970-01-21 14:43:02.465454545,1970-01-21 14:43:50.705454545,Hè,,,
Sơn La,Trung du miền núi Bắc Bộ,2026-06-10,23.027272727272727,26.99090909090909,19.83636363636364,25.69090909090909,29.818181818181817,22.38181818181818,4.790909090909091,4.790909090909091,0.0,10.0,82.45454545454545,10.954545454545455,27.427272727272726,15.573636363636364,1010.4363636363636,95.45454545454545,19.70909090909091,0.0,3.23,21.3256,103.9188,6.733636363636364,13.403636363636364,6,24,53,85,1970-01-21 14:44:28.865454545,1970-01-21 14:45:17.127272727,Hè,,,
Sơn La,Trung du miền núi Bắc Bộ,2026-06-11,23.963636363636365,28.272727272727273,21.427272727272726,28.11818181818182,33.46363636363637,25.05454545454546,12.381818181818181,12.381818181818181,0.0,17.90909090909091,87.27272727272727,9.727272727272727,26.236363636363638,19.90909090909091,1012.4454545454545,93.54545454545455,21.536363636363635,0.0,3.936363636363636,21.3256,103.9188,9.125454545454545,13.409999999999998,6,24,61,140,1970-01-21 14:45:55.265454545,1970-01-21 14:46:43.554545454,Hè,,,
Sơn La,Trung du miền núi Bắc Bộ,2026-06-12,24.41818181818182,27.636363636363637,22.3,29.327272727272728,32.800000000000004,26.836363636363636,12.445454545454545,12.445454545454545,0.0,19.0,89.9090909090909,6.590909090909091,25.272727272727273,16.33818181818182,1012.5454545454545,98.81818181818181,22.545454545454547,0.0,3.2845454545454547,21.3256,103.9188,6.949090909090909,13.411818181818182,6,24,63,351,1970-01-21 14:47:21.670909091,1970-01-21 14:48:09.960000000,Hè,,,
Sơn La,Trung du miền núi Bắc Bộ,2026-06-13,25.645454545454548,29.654545454545453,22.736363636363638,30.62727272727273,34.981818181818184,27.145454545454548,5.045454545454546,5.045454545454546,0.0,11.818181818181818,85.45454545454545,11.045454545454545,31.972727272727273,21.105454545454545,1009.2363636363636,95.72727272727273,22.854545454545455,0.0,4.254545454545454,21.3256,103.9188,9.65090909090909,13.418181818181818,6,24,61,298,1970-01-21 14:48:48.070909091,1970-01-21 14:49:36.370909091,Hè,,,
Sơn La,Trung du miền núi Bắc Bộ,2026-06-14,25.94545454545454,29.60909090909091,22.80909090909091,30.954545454545453,35.445454545454545,27.20909090909091,7.363636363636363,7.363636363636363,0.0,12.636363636363637,83.9090909090909,10.236363636363636,31.927272727272726,22.30181818181818,1006.6636363636363,92.0,22.87272727272727,0.0,4.471818181818182,21.3256,103.9188,11.241818181818182,13.42,6,24,63,307,1970-01-21 14:50:14.487272727,1970-01-21 14:51:02.814545454,Hè,,,
Sơn La,Trung du miền núi Bắc Bộ,2026-06-15,25.954545454545453,29.745454545454546,23.018181818181816,30.94545454545454,34.95454545454545,27.4,14.79090909090909,14.79090909090909,0.0,16.181818181818183,85.0,10.790909090909091,31.681818181818183,20.196363636363635,1006.9363636363636,99.36363636363636,23.063636363636363,0.0,4.131818181818182,21.3256,103.9188,8.507272727272728,13.42181818181818,6,25,63,8,1970-01-21 14:51:40.903636363,1970-01-21 14:52:29.220000000,Hè,,,
Sơn La,Trung du miền núi Bắc Bộ,2026-06-16,25.61818181818182,28.318181818181817,23.3,30.718181818181815,33.22727272727273,28.063636363636363,10.209090909090909,10.209090909090909,0.0,19.181818181818183,87.63636363636364,9.981818181818182,30.154545454545453,16.900000000000002,1007.9363636363636,97.0,23.272727272727273,0.0,3.4272727272727277,21.3256,103.9188,7.802727272727273,13.42818181818182,6,25,53,30,1970-01-21 14:53:07.314545454,1970-01-21 14:53:55.625454545,Hè,,,
Sơn La,Trung du miền núi Bắc Bộ,2026-06-17,25.09090909090909,27.70909090909091,22.736363636363635,30.11818181818182,32.699999999999996,27.254545454545454,9.481818181818182,9.481818181818182,0.0,15.636363636363637,89.18181818181819,7.8090909090909095,24.718181818181815,12.377272727272727,1007.8181818181819,98.36363636363636,23.11818181818182,0.0,2.541818181818182,21.3256,103.9188,3.9063636363636363,13.42818181818182,6,25,63,42,1970-01-21 14:54:33.714545454,1970-01-21 14:55:22.047272727,Hè,,,
Sơn La,Trung du miền núi Bắc Bộ,2026-06-18,25.745454545454546,29.063636363636363,23.20909090909091,30.7,33.836363636363636,27.718181818181815,6.490909090909091,6.490909090909091,0.0,16.363636363636363,86.18181818181819,10.854545454545455,32.481818181818184,18.66090909090909,1006.8727272727273,92.18181818181819,23.081818181818182,0.0,3.7954545454545454,21.3256,103.9188,8.96,13.42818181818182,6,25,53,25,1970-01-21 14:56:00.125454545,1970-01-21 14:56:48.474545454,Hè,,,
Sơn La,Trung du miền núi Bắc Bộ,2026-06-19,25.218181818181815,28.545454545454547,22.900000000000002,30.218181818181815,33.59090909090909,27.281818181818185,10.027272727272727,10.027272727272727,0.0,15.545454545454545,88.81818181818181,10.272727272727273,31.827272727272724,16.687272727272727,1007.1090909090909,98.9090909090909,23.11818181818182,0.0,3.3590909090909093,21.3256,103.9188,7.38909090909091,13.43,6,25,63,32,1970-01-21 14:57:26.525454545,1970-01-21 14:58:14.880000000,Hè,,,
Sơn La,Trung du miền núi Bắc Bộ,2026-06-20,25.127272727272725,27.99090909090909,22.918181818181818,30.263636363636362,33.27272727272727,27.49090909090909,15.854545454545455,15.854545454545455,0.0,19.363636363636363,89.72727272727273,8.427272727272728,28.763636363636362,15.281818181818181,1008.0727272727272,98.36363636363636,23.21818181818182,0.0,3.1063636363636364,21.3256,103.9188,6.895454545454545,13.431818181818182,6,25,63,57,1970-01-21 14:58:52.947272727,1970-01-21 14:59:41.290909091,Hè,,,
Sơn La,Trung du miền núi Bắc Bộ,2026-06-21,24.763636363636362,27.818181818181817,22.481818181818184,29.663636363636364,32.800000000000004,26.9,15.154545454545454,15.154545454545454,0.0,17.90909090909091,89.18181818181819,8.254545454545454,28.327272727272728,14.781818181818181,1009.2636363636364,98.18181818181819,22.727272727272727,0.0,2.978181818181818,21.3256,103.9188,6.243636363636364,13.431818181818182,6,25,63,19,1970-01-21 15:00:19.374545454,1970-01-21 15:01:07.718181818,Hè,,,
Sơn La,Trung du miền núi Bắc Bộ,2026-06-22,25.281818181818185,28.89090909090909,22.254545454545454,29.781818181818185,33.7,26.4,8.372727272727273,8.372727272727273,0.0,14.272727272727273,85.18181818181819,11.745454545454544,34.74545454545454,19.168181818181818,1007.4363636363636,77.81818181818181,22.481818181818184,0.0,3.8863636363636362,21.3256,103.9188,10.666363636363636,13.431818181818182,6,26,61,40,1970-01-21 15:01:45.774545454,1970-01-21 15:02:34.134545454,Hè,,,
Sơn La,Trung du miền núi Bắc Bộ,2026-06-23,26.481818181818184,30.454545454545453,23.40909090909091,30.872727272727275,35.345454545454544,27.463636363636365,3.2363636363636363,3.2363636363636363,0.0,10.727272727272727,78.0,13.727272727272727,37.92727272727273,24.310909090909092,1004.6090909090909,67.36363636363636,22.154545454545453,0.0,5.004545454545454,21.3256,103.9188,12.067272727272728,13.431818181818182,6,26,53,7,1970-01-21 15:03:12.185454545,1970-01-21 15:04:00.540000000,Hè,,,
Sơn La,Trung du miền núi Bắc Bộ,2026-06-24,27.327272727272728,31.49090909090909,24.05454545454546,31.99090909090909,36.17272727272727,28.08181818181818,2.0272727272727273,2.0272727272727273,0.0,8.363636363636363,76.54545454545455,12.97272727272727,34.36363636363637,23.604545454545452,1004.4,77.0,22.581818181818182,0.0,4.994545454545454,21.3256,103.9188,11.97181818181818,13.43,6,26,51,15,1970-01-21 15:04:38.601818181,1970-01-21 15:05:26.945454545,Hè,,,
Sơn La,Trung du miền núi Bắc Bộ,2026-06-25,27.345454545454547,31.127272727272725,23.672727272727272,32.345454545454544,36.00909090909091,28.11818181818182,2.709090909090909,2.709090909090909,0.0,7.181818181818182,78.54545454545455,11.381818181818183,30.836363636363636,21.257272727272724,1005.0363636363636,97.63636363636364,23.027272727272727,0.0,4.530909090909091,21.3256,103.9188,10.459090909090909,13.42818181818182,6,26,51,13,1970-01-21 15:06:05.034545454,1970-01-21 15:06:53.350909091,Hè,,,
Sơn La,Trung du miền núi Bắc Bộ,2026-06-26,25.318181818181817,28.0,23.21818181818182,30.245454545454546,32.75454545454546,27.663636363636364,4.945454545454545,4.945454545454545,0.0,10.636363636363637,87.45454545454545,7.990909090909091,24.472727272727273,10.97090909090909,1006.8636363636364,93.18181818181819,22.981818181818184,0.0,2.3436363636363637,21.3256,103.9188,0.6509090909090909,13.42818181818182,6,26,51,347,1970-01-21 15:07:31.440000000,1970-01-21 15:08:19.767272727,Hè,,,
Sơn La,Trung du miền núi Bắc Bộ,2026-06-27,25.463636363636365,28.627272727272725,22.5,30.30909090909091,33.71818181818182,26.854545454545452,11.381818181818183,11.381818181818183,0.0,13.545454545454545,85.0909090909091,9.263636363636364,27.681818181818183,18.78909090909091,1006.6545454545455,95.81818181818181,22.60909090909091,0.0,3.8072727272727276,21.3256,103.9188,9.802727272727273,13.42181818181818,6,26,63,285,1970-01-21 15:08:57.845454545,1970-01-21 15:09:46.194545454,Hè,,,
Sơn La,Trung du miền núi Bắc Bộ,2026-06-28,26.063636363636363,30.145454545454548,22.87272727272727,31.40909090909091,36.11818181818182,27.436363636363637,9.336363636363636,9.336363636363636,0.0,14.363636363636363,85.18181818181819,8.618181818181817,27.781818181818185,21.029090909090908,1005.3363636363637,96.27272727272727,23.236363636363635,0.0,4.302727272727273,21.3256,103.9188,10.414545454545454,13.42181818181818,6,26,61,9,1970-01-21 15:10:24.278181818,1970-01-21 15:11:12.594545454,Hè,,,
Sơn La,Trung du miền núi Bắc Bộ,2026-06-29,25.05454545454546,28.427272727272726,23.254545454545454,30.5,34.57272727272727,27.99090909090909,27.20909090909091,27.20909090909091,0.0,21.545454545454547,91.18181818181819,6.736363636363635,23.081818181818182,15.767272727272728,1005.1636363636363,99.0,23.436363636363637,0.0,3.188181818181818,21.3256,103.9188,5.594545454545455,13.418181818181818,6,27,63,55,1970-01-21 15:11:50.694545454,1970-01-21 15:12:39.000000000,Hè,,,
Sơn La,Trung du miền núi Bắc Bộ,2026-06-30,24.136363636363637,25.745454545454546,22.972727272727273,29.545454545454547,31.572727272727274,27.954545454545453,19.318181818181817,19.318181818181817,0.0,23.181818181818183,95.18181818181819,4.590909090909091,16.009090909090908,10.865454545454547,1006.1363636363636,100.0,23.30909090909091,0.0,2.194545454545455,21.3256,103.9188,1.16,13.413636363636364,6,27,63,21,1970-01-21 15:13:17.105454545,1970-01-21 15:14:05.400000000,Hè,,,
Sơn La,Trung du miền núi Bắc Bộ,2026-07-01,25.063636363636363,28.3,22.836363636363636,30.10909090909091,33.86363636363637,27.436363636363637,14.2,14.2,0.0,20.272727272727273,89.0909090909091,8.554545454545455,24.09090909090909,17.854545454545455,1006.6090909090909,94.81818181818181,23.027272727272727,0.0,3.6045454545454545,21.3256,103.9188,9.796363636363637,13.411818181818182,7,27,61,244,1970-01-21 15:14:43.516363636,1970-01-21 15:15:31.800000000,Hè,,,
Sơn La,Trung du miền núi Bắc Bộ,2026-07-02,25.20909090909091,28.654545454545453,22.672727272727272,30.08181818181818,34.63636363636363,27.1,6.863636363636363,6.863636363636363,0.0,14.818181818181818,88.27272727272727,11.19090909090909,31.681818181818183,21.19818181818182,1007.8454545454545,85.81818181818181,23.036363636363635,0.0,4.113636363636363,21.3256,103.9188,11.483636363636364,13.408181818181818,7,27,63,111,1970-01-21 15:16:09.954545454,1970-01-21 15:16:58.200000000,Hè,,,
Sơn La,Trung du miền núi Bắc Bộ,2026-07-03,26.38181818181818,30.236363636363638,22.8,31.40909090909091,36.64545454545455,27.1,2.390909090909091,2.390909090909091,0.0,7.909090909090909,81.0,9.6,25.481818181818184,25.38,1006.8545454545455,61.72727272727273,22.663636363636364,0.0,5.166363636363636,21.3256,103.9188,12.715454545454547,13.401818181818184,7,27,53,75,1970-01-21 15:17:36.365454545,1970-01-21 15:18:24.605454545,Hè,,,
Sơn La,Trung du miền núi Bắc Bộ,2026-07-04,25.80909090909091,29.872727272727275,23.054545454545455,31.136363636363637,35.75454545454546,27.454545454545453,11.672727272727274,11.672727272727274,0.0,18.454545454545453,86.54545454545455,9.918181818181818,26.254545454545454,22.425454545454546,1004.6545454545455,83.54545454545455,23.254545454545454,0.0,4.457272727272727,21.3256,103.9188,12.248181818181818,13.398181818181818,7,27,61,331,1970-01-21 15:19:02.770909091,1970-01-21 15:19:51.005454545,Hè,,,
Sơn La,Trung du miền núi Bắc Bộ,2026-07-05,24.58181818181818,27.218181818181815,22.836363636363636,29.636363636363637,32.39090909090909,27.227272727272727,25.836363636363636,25.836363636363636,0.0,24.0,92.81818181818181,9.372727272727273,30.88181818181818,14.491818181818182,1005.2545454545453,99.18181818181819,23.3,0.0,2.8436363636363637,21.3256,103.9188,5.535454545454545,13.390000000000002,7,27,63,17,1970-01-21 15:20:29.214545454,1970-01-21 15:21:17.405454545,Hè,,,
Sơn La,Trung du miền núi Bắc Bộ,2026-07-06,24.727272727272727,28.372727272727275,22.563636363636363,29.44545454545455,33.23636363636364,26.763636363636362,24.018181818181816,24.018181818181816,0.0,21.09090909090909,90.54545454545455,10.218181818181819,32.70909090909091,15.870909090909093,1004.5090909090909,89.72727272727273,22.981818181818184,0.0,3.130909090909091,21.3256,103.9188,6.001818181818181,13.381818181818181,7,28,63,22,1970-01-21 15:21:55.625454545,1970-01-21 15:22:43.800000000,Hè,,,
Sơn La,Trung du miền núi Bắc Bộ,2026-07-07,25.372727272727275,29.181818181818183,22.681818181818183,30.44545454545454,35.00909090909091,26.872727272727275,8.963636363636363,8.963636363636363,0.0,15.272727272727273,88.63636363636364,10.372727272727273,31.59090909090909,19.396363636363635,1004.3181818181819,77.36363636363636,23.254545454545454,0.0,3.841818181818182,21.3256,103.9188,10.053636363636365,13.378181818181817,7,28,63,38,1970-01-21 15:23:22.041818181,1970-01-21 15:24:10.200000000,Hè,,,
Sơn La,Trung du miền núi Bắc Bộ,2026-07-08,24.481818181818184,27.318181818181817,22.963636363636365,29.49090909090909,32.39090909090909,27.672727272727272,21.936363636363637,21.936363636363637,0.0,20.90909090909091,91.72727272727273,7.672727272727273,25.263636363636362,12.813636363636363,1004.7,96.9090909090909,22.990909090909092,0.0,2.5672727272727274,21.3256,103.9188,5.71,13.37,7,28,63,2,1970-01-21 15:24:48.474545454,1970-01-21 15:25:36.600000000,Hè,,,
Sơn La,Trung du miền núi Bắc Bộ,2026-07-09,23.90909090909091,26.681818181818183,22.418181818181818,28.94545454545454,32.127272727272725,26.936363636363637,24.363636363636363,24.363636363636363,0.0,22.90909090909091,94.0909090909091,6.4363636363636365,20.645454545454545,12.702727272727271,1004.2181818181817,97.45454545454545,22.854545454545455,0.0,2.541818181818182,21.3256,103.9188,4.175454545454546,13.361818181818181,7,28,63,47,1970-01-21 15:26:14.885454545,1970-01-21 15:27:03.000000000,Hè,,,
Sơn La,Trung du miền núi Bắc Bộ,2026-07-10,24.20909090909091,27.472727272727273,22.2,29.281818181818185,33.11818181818182,26.61818181818182,20.509090909090908,20.509090909090908,0.0,21.636363636363637,93.0,7.845454545454545,26.636363636363637,15.759090909090908,1003.5636363636364,86.9090909090909,22.963636363636365,0.0,3.0936363636363637,21.3256,103.9188,7.473636363636363,13.356363636363636,7,28,63,9,1970-01-21 15:27:41.323636363,1970-01-21 15:28:29.394545454,Hè,,,
Sơn La,Trung du miền núi Bắc Bộ,2026-07-11,24.754545454545454,28.063636363636363,22.42727272727273,30.10909090909091,34.03636363636363,27.072727272727274,27.027272727272727,27.027272727272727,0.0,21.454545454545453,92.0909090909091,8.39090909090909,25.1,18.348181818181818,1001.5545454545455,72.9090909090909,23.327272727272728,0.0,3.6090909090909093,21.3256,103.9188,9.875454545454545,13.348181818181816,7,28,63,52,1970-01-21 15:29:07.740000000,1970-01-21 15:29:55.794545454,Hè,,,
Sơn La,Trung du miền núi Bắc Bộ,2026-07-12,25.345454545454547,29.163636363636364,22.29090909090909,30.90909090909091,36.41818181818182,26.681818181818183,11.572727272727272,11.572727272727272,0.0,17.454545454545453,89.18181818181819,8.027272727272727,23.41818181818182,23.313636363636363,1002.0454545454545,77.0,23.3,0.0,4.636363636363637,21.3256,103.9188,12.147272727272728,13.338181818181818,7,28,61,62,1970-01-21 15:30:34.150909091,1970-01-21 15:31:22.183636363,Hè,,,
Sơn La,Trung du miền núi Bắc Bộ,2026-07-13,26.09090909090909,30.018181818181816,22.536363636363635,31.681818181818183,36.88181818181818,27.036363636363635,4.418181818181818,4.418181818181818,0.0,11.272727272727273,85.63636363636364,8.718181818181819,24.681818181818183,24.469090909090905,1003.6090909090909,58.36363636363637,23.354545454545452,0.0,4.910909090909091,21.3256,103.9188,12.584545454545456,13.33,7,29,53,81,1970-01-21 15:32:00.594545454,1970-01-21 15:32:48.567272727,Hè,,,
Sơn La,Trung du miền núi Bắc Bộ,2026-07-14,26.472727272727273,30.7,22.599999999999998,31.99090909090909,37.09090909090909,26.99090909090909,3.4272727272727277,3.4272727272727277,0.0,8.909090909090908,84.72727272727273,8.818181818181818,24.163636363636364,22.645454545454545,1004.3,84.72727272727273,23.527272727272727,0.0,4.6054545454545455,21.3256,103.9188,12.432727272727272,13.32,7,29,53,9,1970-01-21 15:33:27.005454545,1970-01-21 15:34:14.950909091,Hè,,,
Sơn La,Trung du miền núi Bắc Bộ,2026-07-15,25.781818181818185,29.481818181818184,22.472727272727273,30.845454545454547,35.20909090909091,26.727272727272727,13.8,13.8,0.0,17.272727272727273,86.9090909090909,11.254545454545454,34.10909090909091,21.30818181818182,1005.6454545454545,94.9090909090909,23.263636363636365,0.0,4.254545454545454,21.3256,103.9188,10.18090909090909,13.31,7,29,61,10,1970-01-21 15:34:53.443636363,1970-01-21 15:35:41.345454545,Hè,,,
Sơn La,Trung du miền núi Bắc Bộ,2026-07-16,23.781818181818185,24.88181818181818,22.754545454545454,28.654545454545453,29.954545454545453,27.272727272727273,24.58181818181818,24.58181818181818,0.0,23.272727272727273,95.63636363636364,7.672727272727273,27.11818181818182,7.007272727272727,1005.9909090909091,100.0,23.027272727272727,0.0,1.4263636363636363,21.3256,103.9188,0.005454545454545454,13.3,7,29,61,2,1970-01-21 15:36:19.860000000,1970-01-21 15:37:07.740000000,Hè,,,
Sơn La,Trung du miền núi Bắc Bộ,2026-07-17,23.59090909090909,25.845454545454547,22.327272727272728,28.29090909090909,30.763636363636362,26.718181818181815,30.981818181818184,30.981818181818184,0.0,23.454545454545453,95.18181818181819,8.89090909090909,30.836363636363636,9.875454545454545,1005.4909090909091,95.36363636363636,22.745454545454546,0.0,1.9445454545454546,21.3256,103.9188,3.1263636363636365,13.29,7,29,63,6,1970-01-21 15:37:46.270909091,1970-01-21 15:38:34.134545454,Hè,,,
Sơn La,Trung du miền núi Bắc Bộ,2026-07-18,24.545454545454547,27.654545454545453,22.69090909090909,28.981818181818184,31.863636363636363,27.036363636363635,5.509090909090909,5.509090909090909,0.0,15.818181818181818,87.9090909090909,9.272727272727273,24.836363636363636,14.141818181818183,1005.2545454545453,98.0,22.3,0.0,2.88,21.3256,103.9188,5.69,13.28,7,29,53,52,1970-01-21 15:39:12.714545454,1970-01-21 15:40:00.518181818,Hè,,,
Sơn La,Trung du miền núi Bắc Bộ,2026-07-19,24.39090909090909,26.645454545454548,22.854545454545455,28.972727272727273,31.09090909090909,27.436363636363637,11.372727272727273,11.372727272727273,0.0,19.181818181818183,89.36363636363636,8.454545454545455,24.20909090909091,11.77818181818182,1006.1909090909091,99.81818181818181,22.436363636363637,0.0,2.4318181818181817,21.3256,103.9188,1.160909090909091,13.27,7,29,61,62,1970-01-21 15:40:39.125454545,1970-01-21 15:41:26.890909091,Hè,,,
Sơn La,Trung du miền núi Bắc Bộ,2026-07-20,24.354545454545452,27.29090909090909,22.363636363636363,29.254545454545454,32.22727272727273,26.80909090909091,13.145454545454545,13.145454545454545,0.0,21.636363636363637,91.27272727272727,8.090909090909092,24.60909090909091,16.793636363636367,1006.7727272727273,94.45454545454545,22.772727272727273,0.0,3.3018181818181818,21.3256,103.9188,8.844545454545454,13.259999999999998,7,30,63,50,1970-01-21 15:42:05.558181818,1970-01-21 15:42:53.280000000,Hè,,,
