province,region,date,temperature_2m_mean,temperature_2m_max,temperature_2m_min,apparent_temperature_mean,apparent_temperature_max,apparent_temperature_min,precipitation_sum,rain_sum,showers_sum,precipitation_hours,relative_humidity_2m_mean,wind_speed_10m_max,wind_gusts_10m_max,shortwave_radiation_sum,pressure_msl_mean,cloud_cover_mean,dew_point_2m_mean,snowfall_sum,et0_fao_evapotranspiration,latitude,longitude,sunshine_hours,daylight_hours,month,week,weather_code,wind_direction_10m_dominant,sunrise,sunset,season,uv_index_max,uv_index_clear_sky_max,precipitation_probability_max
Tuyên Quang,Trung du miền núi Bắc Bộ,2025-07-21,28.233333333333334,32.36666666666667,25.98888888888889,34.82222222222222,38.68888888888889,31.755555555555556,8.166666666666666,8.166666666666666,0.0,8.444444444444445,87.33333333333333,8.733333333333333,27.355555555555554,10.928888888888888,995.4333333333333,99.77777777777777,25.733333333333334,0.0,2.4933333333333336,22.3235,105.1009,3.464444444444444,13.3,7,30,63,297,1970-01-21 06:57:55.586666666,1970-01-21 06:58:43.486666666,Hè,,,
Tuyên Quang,Trung du miền núi Bắc Bộ,2025-07-22,27.022222222222222,31.34444444444445,24.88888888888889,32.766666666666666,36.599999999999994,30.099999999999998,24.944444444444443,24.944444444444443,0.0,18.444444444444443,89.55555555555556,14.966666666666665,43.266666666666666,14.166666666666666,994.6999999999999,100.0,25.033333333333335,0.0,3.026666666666667,22.3235,105.1009,5.823333333333333,13.29,7,30,65,3,1970-01-21 06:59:22.013333333,1970-01-21 07:00:09.853333333,Hè,,,
Tuyên Quang,Trung du miền núi Bắc Bộ,2025-07-23,26.255555555555556,30.733333333333334,24.177777777777777,32.32222222222222,37.577777777777776,29.522222222222222,31.88888888888889,31.88888888888889,0.0,14.0,91.88888888888889,9.433333333333334,31.755555555555556,17.47,999.1111111111111,99.44444444444444,24.755555555555553,0.0,3.5011111111111113,22.3235,105.1009,8.988888888888889,13.276666666666666,7,30,65,26,1970-01-21 07:00:48.440000000,1970-01-21 07:01:36.226666666,Hè,,,
Tuyên Quang,Trung du miền núi Bắc Bộ,2025-07-24,25.944444444444443,29.95555555555556,23.933333333333334,31.988888888888887,36.599999999999994,29.466666666666665,30.666666666666668,30.666666666666668,0.0,19.11111111111111,92.55555555555556,8.644444444444444,23.96666666666667,16.325555555555557,1002.1777777777778,99.66666666666667,24.51111111111111,0.0,3.307777777777778,22.3235,105.1009,7.682222222222222,13.26,7,30,65,330,1970-01-21 07:02:14.873333333,1970-01-21 07:03:02.620000000,Hè,,,
Tuyên Quang,Trung du miền núi Bắc Bộ,2025-07-25,26.733333333333334,31.555555555555557,23.711111111111112,32.94444444444444,38.266666666666666,29.099999999999998,7.833333333333333,7.833333333333333,0.0,14.555555555555555,88.88888888888889,7.833333333333333,22.077777777777776,18.42111111111111,1002.2111111111111,95.44444444444444,24.566666666666666,0.0,3.8377777777777777,22.3235,105.1009,9.385555555555555,13.25,7,30,63,72,1970-01-21 07:03:41.286666666,1970-01-21 07:04:28.980000000,Hè,,,
Tuyên Quang,Trung du miền núi Bắc Bộ,2025-07-26,27.166666666666668,32.266666666666666,24.08888888888889,33.544444444444444,39.5,29.555555555555557,13.644444444444444,13.644444444444444,0.0,16.333333333333332,87.55555555555556,8.288888888888888,21.61111111111111,21.049999999999997,1002.0111111111112,95.33333333333333,24.700000000000003,0.0,4.3966666666666665,22.3235,105.1009,10.793333333333333,13.236666666666666,7,30,63,115,1970-01-21 07:05:07.720000000,1970-01-21 07:05:55.366666666,Hè,,,
Tuyên Quang,Trung du miền núi Bắc Bộ,2025-07-27,27.788888888888888,33.15555555555555,23.88888888888889,34.166666666666664,40.55555555555556,29.38888888888889,1.1888888888888889,1.1888888888888889,0.0,4.111111111111111,84.44444444444444,6.699999999999999,20.844444444444445,20.997777777777777,1001.4111111111112,71.44444444444444,24.633333333333333,0.0,4.435555555555556,22.3235,105.1009,10.807777777777778,13.22,7,30,51,24,1970-01-21 07:06:34.140000000,1970-01-21 07:07:21.746666666,Hè,,,
Tuyên Quang,Trung du miền núi Bắc Bộ,2025-07-28,29.599999999999998,34.82222222222222,25.066666666666666,36.044444444444444,42.18888888888889,30.755555555555556,0.1888888888888889,0.1888888888888889,0.0,0.8888888888888888,75.55555555555556,6.377777777777777,19.12222222222222,25.025555555555556,999.4888888888888,25.88888888888889,24.466666666666665,0.0,5.413333333333333,22.3235,105.1009,12.166666666666666,13.21,7,31,3,132,1970-01-21 07:08:00.566666666,1970-01-21 07:08:48.106666666,Hè,,,
Tuyên Quang,Trung du miền núi Bắc Bộ,2025-07-29,30.522222222222222,35.71111111111111,26.066666666666666,37.36666666666667,43.400000000000006,31.977777777777778,0.15555555555555556,0.15555555555555556,0.0,0.5555555555555556,75.0,6.5888888888888895,18.966666666666665,24.543333333333333,997.8000000000001,79.66666666666667,25.200000000000003,0.0,5.405555555555555,22.3235,105.1009,11.915555555555555,13.19222222222222,7,31,3,137,1970-01-21 07:09:26.993333333,1970-01-21 07:10:14.486666666,Hè,,,
Tuyên Quang,Trung du miền núi Bắc Bộ,2025-07-30,30.733333333333334,35.611111111111114,26.977777777777778,38.044444444444444,43.47777777777778,33.56666666666667,2.1444444444444444,2.1444444444444444,0.0,2.7777777777777777,77.44444444444444,6.066666666666666,19.08888888888889,22.484444444444446,997.7222222222222,85.88888888888889,26.022222222222222,0.0,4.97111111111111,22.3235,105.1009,11.18888888888889,13.18,7,31,3,23,1970-01-21 07:10:53.406666666,1970-01-21 07:11:40.846666666,Hè,,,
Tuyên Quang,Trung du miền núi Bắc Bộ,2025-07-31,28.56666666666667,33.52222222222222,25.422222222222224,35.455555555555556,41.333333333333336,31.43333333333333,25.733333333333334,25.733333333333334,0.0,12.666666666666666,85.88888888888889,8.222222222222221,22.0,19.83111111111111,998.2888888888889,98.55555555555556,25.766666666666666,0.0,4.243333333333333,22.3235,105.1009,9.54,13.162222222222223,7,31,63,8,1970-01-21 07:12:19.840000000,1970-01-21 07:13:07.226666666,Hè,,,
Tuyên Quang,Trung du miền núi Bắc Bộ,2025-08-01,27.788888888888888,33.17777777777778,24.355555555555554,34.28888888888889,41.044444444444444,29.855555555555554,11.666666666666666,11.666666666666666,0.0,11.11111111111111,85.55555555555556,9.322222222222221,25.87777777777778,21.63111111111111,999.4333333333333,66.22222222222223,24.9,0.0,4.551111111111111,22.3235,105.1009,11.128888888888888,13.147777777777778,8,31,63,2,1970-01-21 07:13:46.266666666,1970-01-21 07:14:33.586666666,Hè,,,
Tuyên Quang,Trung du miền núi Bắc Bộ,2025-08-02,28.577777777777776,33.888888888888886,23.655555555555555,35.044444444444444,41.355555555555554,28.977777777777778,6.888888888888889,6.888888888888889,0.0,2.7777777777777777,81.88888888888889,9.022222222222222,25.177777777777777,24.91,1001.0555555555555,59.888888888888886,24.833333333333332,0.0,5.341111111111111,22.3235,105.1009,12.136666666666667,13.13,8,31,51,153,1970-01-21 07:15:12.686666666,1970-01-21 07:15:59.960000000,Hè,,,
Tuyên Quang,Trung du miền núi Bắc Bộ,2025-08-03,29.95555555555556,35.24444444444444,25.744444444444444,36.78888888888889,42.53333333333333,32.05555555555556,1.6888888888888889,1.6888888888888889,0.0,3.4444444444444446,79.22222222222223,10.644444444444444,27.58888888888889,24.323333333333334,1000.1222222222223,50.888888888888886,25.633333333333336,0.0,5.405555555555555,22.3235,105.1009,12.091111111111111,13.113333333333333,8,31,51,179,1970-01-21 07:16:39.113333333,1970-01-21 07:17:26.326666666,Hè,,,
Tuyên Quang,Trung du miền núi Bắc Bộ,2025-08-04,30.21111111111111,35.51111111111111,26.422222222222224,37.27777777777778,42.53333333333333,33.06666666666667,7.133333333333334,7.133333333333334,0.0,2.5555555555555554,79.0,9.677777777777777,25.866666666666667,22.565555555555555,999.9888888888888,99.11111111111111,25.755555555555556,0.0,5.058888888888889,22.3235,105.1009,10.047777777777778,13.1,8,32,65,175,1970-01-21 07:18:05.526666666,1970-01-21 07:18:52.686666666,Hè,,,
Tuyên Quang,Trung du miền núi Bắc Bộ,2025-08-05,27.87777777777778,30.5,26.133333333333333,35.3,38.01111111111111,32.67777777777778,15.922222222222224,15.922222222222224,0.0,12.0,92.55555555555556,6.144444444444444,19.38888888888889,11.198888888888888,1002.1999999999999,100.0,26.51111111111111,0.0,2.378888888888889,22.3235,105.1009,3.4877777777777776,13.08,8,32,63,28,1970-01-21 07:19:31.960000000,1970-01-21 07:20:19.060000000,Hè,,,
Tuyên Quang,Trung du miền núi Bắc Bộ,2025-08-06,25.955555555555556,29.32222222222222,23.977777777777774,32.17777777777778,35.833333333333336,29.43333333333333,31.877777777777776,31.877777777777776,0.0,22.11111111111111,94.11111111111111,6.677777777777778,20.933333333333334,12.993333333333332,1003.7333333333333,95.66666666666667,24.91111111111111,0.0,2.6566666666666667,22.3235,105.1009,4.923333333333334,13.063333333333334,8,32,63,186,1970-01-21 07:20:58.386666666,1970-01-21 07:21:45.413333333,Hè,,,
Tuyên Quang,Trung du miền núi Bắc Bộ,2025-08-07,25.922222222222224,28.866666666666667,23.711111111111112,31.77777777777778,34.43333333333333,28.977777777777778,10.233333333333333,10.233333333333333,0.0,14.444444444444445,91.44444444444444,7.7555555555555555,20.62222222222222,10.568888888888889,1006.1666666666666,97.0,24.322222222222223,0.0,2.2633333333333336,22.3235,105.1009,2.44,13.047777777777778,8,32,63,126,1970-01-21 07:22:24.806666666,1970-01-21 07:23:11.773333333,Hè,,,
Tuyên Quang,Trung du miền núi Bắc Bộ,2025-08-08,27.633333333333333,32.32222222222222,23.744444444444444,33.766666666666666,38.55555555555556,28.944444444444443,5.033333333333333,5.033333333333333,0.0,8.777777777777779,85.11111111111111,10.2,29.56666666666667,22.226666666666667,1006.2555555555555,70.77777777777777,24.633333333333333,0.0,4.666666666666667,22.3235,105.1009,11.651111111111112,13.03,8,32,51,187,1970-01-21 07:23:51.226666666,1970-01-21 07:24:38.146666666,Hè,,,
Tuyên Quang,Trung du miền núi Bắc Bộ,2025-08-09,28.644444444444446,33.599999999999994,24.155555555555555,35.044444444444444,40.855555555555554,29.533333333333335,5.066666666666666,5.066666666666666,0.0,4.444444444444445,81.77777777777777,8.711111111111112,23.811111111111114,23.774444444444445,1005.0,80.55555555555556,24.9,0.0,5.1,22.3235,105.1009,11.822222222222221,13.012222222222222,8,32,51,36,1970-01-21 07:25:17.646666666,1970-01-21 07:26:04.493333333,Hè,,,
Tuyên Quang,Trung du miền núi Bắc Bộ,2025-08-10,27.522222222222222,32.77777777777778,23.72222222222222,33.577777777777776,39.98888888888889,28.511111111111113,27.77777777777778,27.77777777777778,0.0,16.88888888888889,86.22222222222223,10.411111111111111,27.433333333333334,22.044444444444444,1005.188888888889,92.77777777777777,24.733333333333334,0.0,4.672222222222222,22.3235,105.1009,10.75,12.996666666666666,8,32,65,9,1970-01-21 07:26:44.080000000,1970-01-21 07:27:30.866666666,Hè,,,
Tuyên Quang,Trung du miền núi Bắc Bộ,2025-08-11,27.577777777777776,32.144444444444446,23.72222222222222,33.63333333333333,39.15555555555555,28.72222222222222,17.355555555555554,17.355555555555554,0.0,9.0,85.22222222222223,9.6,27.266666666666666,20.468888888888888,1005.188888888889,97.88888888888889,24.62222222222222,0.0,4.345555555555555,22.3235,105.1009,11.067777777777778,12.97777777777778,8,33,65,139,1970-01-21 07:28:10.506666666,1970-01-21 07:28:57.226666666,Hè,,,
Tuyên Quang,Trung du miền núi Bắc Bộ,2025-08-12,27.455555555555556,32.077777777777776,23.12222222222222,33.5,39.08888888888889,27.77777777777778,13.200000000000001,13.200000000000001,0.0,13.333333333333334,85.22222222222223,8.38888888888889,24.799999999999997,21.234444444444446,1005.8777777777777,100.0,24.544444444444444,0.0,4.483333333333333,22.3235,105.1009,10.91777777777778,12.96,8,33,63,112,1970-01-21 07:29:36.920000000,1970-01-21 07:30:23.573333333,Hè,,,
Tuyên Quang,Trung du miền núi Bắc Bộ,2025-08-13,27.244444444444444,31.477777777777778,23.066666666666666,33.47777777777778,38.333333333333336,27.766666666666666,10.266666666666667,10.266666666666667,0.0,10.444444444444445,86.77777777777777,8.222222222222221,21.933333333333334,18.724444444444444,1007.0222222222224,97.55555555555556,24.666666666666668,0.0,3.9044444444444446,22.3235,105.1009,10.014444444444443,12.94222222222222,8,33,61,74,1970-01-21 07:31:03.340000000,1970-01-21 07:31:49.933333333,Hè,,,
Tuyên Quang,Trung du miền núi Bắc Bộ,2025-08-14,27.77777777777778,32.68888888888889,24.38888888888889,34.422222222222224,40.7,29.733333333333334,15.58888888888889,15.58888888888889,0.0,9.666666666666666,86.33333333333333,7.588888888888889,20.12222222222222,20.482222222222223,1004.9777777777776,90.0,25.1,0.0,4.288888888888889,22.3235,105.1009,11.314444444444444,12.923333333333334,8,33,63,11,1970-01-21 07:32:29.766666666,1970-01-21 07:33:16.293333333,Hè,,,
Tuyên Quang,Trung du miền núi Bắc Bộ,2025-08-15,24.544444444444444,26.62222222222222,23.41111111111111,30.166666666666668,32.63333333333333,28.433333333333334,34.93333333333333,34.93333333333333,0.0,23.11111111111111,96.22222222222223,6.644444444444444,18.200000000000003,8.518888888888888,1005.9000000000001,99.0,23.91111111111111,0.0,1.7455555555555557,22.3235,105.1009,1.7633333333333334,12.906666666666666,8,33,65,143,1970-01-21 07:33:56.186666666,1970-01-21 07:34:42.646666666,Hè,,,
Tuyên Quang,Trung du miền núi Bắc Bộ,2025-08-16,24.844444444444445,28.733333333333334,22.88888888888889,30.34444444444445,34.7,27.766666666666666,19.788888888888888,19.788888888888888,0.0,16.22222222222222,92.55555555555556,10.088888888888889,27.566666666666666,16.00111111111111,1008.6333333333334,79.55555555555556,23.5,0.0,3.148888888888889,22.3235,105.1009,9.181111111111111,12.887777777777778,8,33,65,22,1970-01-21 07:35:22.606666666,1970-01-21 07:36:08.993333333,Hè,,,
Tuyên Quang,Trung du miền núi Bắc Bộ,2025-08-17,26.577777777777776,31.811111111111114,22.522222222222222,32.05555555555556,38.27777777777778,26.977777777777778,1.3777777777777778,1.3777777777777778,0.0,3.7777777777777777,83.44444444444444,6.366666666666666,21.48888888888889,20.357777777777777,1008.9444444444445,72.22222222222223,23.255555555555556,0.0,4.224444444444445,22.3235,105.1009,10.853333333333333,12.867777777777778,8,33,51,23,1970-01-21 07:36:49.026666666,1970-01-21 07:37:35.353333333,Hè,,,
Tuyên Quang,Trung du miền núi Bắc Bộ,2025-08-18,26.72222222222222,32.97777777777778,23.033333333333335,32.21111111111111,38.93333333333333,27.41111111111111,15.38888888888889,15.38888888888889,0.0,7.0,83.55555555555556,10.911111111111111,30.522222222222222,21.112222222222222,1007.0888888888888,87.0,23.41111111111111,0.0,4.398888888888889,22.3235,105.1009,9.525555555555556,12.852222222222222,8,34,65,11,1970-01-21 07:38:15.453333333,1970-01-21 07:39:01.713333333,Hè,,,
Tuyên Quang,Trung du miền núi Bắc Bộ,2025-08-19,25.01111111111111,27.0,23.544444444444444,30.833333333333332,33.34444444444445,28.666666666666668,8.677777777777777,8.677777777777777,0.0,15.555555555555555,96.0,6.622222222222223,17.566666666666666,7.535555555555555,1006.3555555555556,99.66666666666667,24.288888888888888,0.0,1.5822222222222222,22.3235,105.1009,0.8455555555555555,12.83222222222222,8,34,61,84,1970-01-21 07:39:41.873333333,1970-01-21 07:40:28.066666666,Hè,,,
Tuyên Quang,Trung du miền núi Bắc Bộ,2025-08-20,25.522222222222222,29.733333333333334,23.61111111111111,31.27777777777778,35.91111111111111,28.700000000000003,14.600000000000001,14.600000000000001,0.0,17.444444444444443,93.44444444444444,9.455555555555556,26.244444444444444,12.778888888888888,1007.0,99.55555555555556,24.311111111111114,0.0,2.6133333333333333,22.3235,105.1009,5.221111111111111,12.812222222222223,8,34,63,13,1970-01-21 07:41:08.286666666,1970-01-21 07:41:54.413333333,Hè,,,
Tuyên Quang,Trung du miền núi Bắc Bộ,2025-08-21,24.844444444444445,29.34444444444445,22.711111111111112,30.311111111111114,35.27777777777778,27.200000000000003,31.922222222222224,31.922222222222224,0.0,20.555555555555557,95.0,11.122222222222224,31.966666666666665,11.232222222222223,1008.4111111111112,100.0,23.91111111111111,0.0,2.272222222222222,22.3235,105.1009,2.868888888888889,12.793333333333333,8,34,63,20,1970-01-21 07:42:34.713333333,1970-01-21 07:43:20.753333333,Hè,,,
Tuyên Quang,Trung du miền núi Bắc Bộ,2025-08-22,24.522222222222222,27.577777777777776,22.755555555555556,29.944444444444443,33.58888888888889,27.311111111111114,39.46666666666667,39.46666666666667,0.0,21.666666666666668,96.0,9.133333333333333,25.966666666666665,9.92,1008.5111111111112,100.0,23.811111111111114,0.0,1.9933333333333334,22.3235,105.1009,2.0044444444444443,12.773333333333333,8,34,63,0,1970-01-21 07:44:01.133333333,1970-01-21 07:44:47.113333333,Hè,,,
Tuyên Quang,Trung du miền núi Bắc Bộ,2025-08-23,25.366666666666667,29.266666666666666,22.933333333333334,30.877777777777776,34.766666666666666,27.799999999999997,8.333333333333334,8.333333333333334,0.0,15.0,91.44444444444444,8.266666666666667,27.433333333333334,15.062222222222223,1008.811111111111,91.77777777777777,23.744444444444444,0.0,3.042222222222222,22.3235,105.1009,6.882222222222222,12.753333333333334,8,34,63,191,1970-01-21 07:45:27.546666666,1970-01-21 07:46:13.460000000,Hè,,,
Tuyên Quang,Trung du miền núi Bắc Bộ,2025-08-24,26.633333333333333,32.72222222222222,22.822222222222223,32.53333333333333,39.63333333333333,27.577777777777776,4.300000000000001,4.300000000000001,0.0,4.111111111111111,86.77777777777777,9.166666666666666,27.288888888888888,21.046666666666667,1008.1666666666666,64.55555555555556,23.98888888888889,0.0,4.351111111111111,22.3235,105.1009,11.091111111111111,12.733333333333334,8,34,63,8,1970-01-21 07:46:53.973333333,1970-01-21 07:47:39.813333333,Hè,,,
Tuyên Quang,Trung du miền núi Bắc Bộ,2025-08-25,25.955555555555556,31.299999999999997,22.788888888888888,30.855555555555554,35.611111111111114,27.233333333333334,8.455555555555556,8.455555555555556,0.0,8.666666666666666,86.44444444444444,15.155555555555557,41.15555555555555,19.47,1007.4777777777776,79.55555555555556,23.266666666666666,0.0,4.025555555555556,22.3235,105.1009,10.83,12.713333333333333,8,35,63,41,1970-01-21 07:48:20.386666666,1970-01-21 07:49:06.160000000,Hè,,,
Tuyên Quang,Trung du miền núi Bắc Bộ,2025-08-26,24.0,26.422222222222224,22.62222222222222,29.04444444444444,32.111111111111114,26.58888888888889,33.93333333333333,33.93333333333333,0.0,23.0,96.77777777777777,9.18888888888889,30.833333333333332,7.127777777777778,1008.6333333333334,100.0,23.433333333333334,0.0,1.4566666666666666,22.3235,105.1009,0.5222222222222223,12.693333333333333,8,35,63,13,1970-01-21 07:49:46.806666666,1970-01-21 07:50:32.506666666,Hè,,,
Tuyên Quang,Trung du miền núi Bắc Bộ,2025-08-27,24.233333333333334,27.366666666666667,22.48888888888889,29.622222222222224,32.955555555555556,27.288888888888888,19.744444444444444,19.744444444444444,0.0,19.555555555555557,94.88888888888889,4.944444444444445,17.9,10.35888888888889,1008.9000000000001,88.22222222222223,23.311111111111114,0.0,2.082222222222222,22.3235,105.1009,4.537777777777778,12.673333333333334,8,35,63,15,1970-01-21 07:51:13.226666666,1970-01-21 07:51:58.853333333,Hè,,,
Tuyên Quang,Trung du miền núi Bắc Bộ,2025-08-28,25.555555555555557,30.255555555555556,22.244444444444444,30.977777777777778,36.5,26.744444444444444,7.544444444444445,7.544444444444445,0.0,9.777777777777779,87.55555555555556,9.344444444444443,25.755555555555556,20.024444444444445,1008.3666666666666,50.55555555555556,23.211111111111112,0.0,4.018888888888889,22.3235,105.1009,11.61111111111111,12.653333333333332,8,35,63,37,1970-01-21 07:52:39.640000000,1970-01-21 07:53:25.193333333,Hè,,,
Tuyên Quang,Trung du miền núi Bắc Bộ,2025-08-29,25.855555555555554,31.61111111111111,22.355555555555554,31.311111111111114,37.644444444444446,26.799999999999997,4.577777777777778,4.577777777777778,0.0,8.777777777777779,87.55555555555556,10.433333333333334,29.38888888888889,19.314444444444444,1009.7444444444445,52.22222222222222,23.4,0.0,3.9566666666666666,22.3235,105.1009,11.198888888888888,12.633333333333333,8,35,61,1,1970-01-21 07:54:06.066666666,1970-01-21 07:54:51.533333333,Hè,,,
Tuyên Quang,Trung du miền núi Bắc Bộ,2025-08-30,26.644444444444446,32.53333333333333,23.177777777777777,31.977777777777778,38.099999999999994,27.922222222222224,7.566666666666666,7.566666666666666,0.0,9.444444444444445,85.33333333333333,11.677777777777777,33.766666666666666,19.38222222222222,1009.3666666666666,80.77777777777777,23.6,0.0,4.12,22.3235,105.1009,10.592222222222222,12.613333333333333,8,35,61,7,1970-01-21 07:55:32.473333333,1970-01-21 07:56:17.880000000,Hè,,,
Tuyên Quang,Trung du miền núi Bắc Bộ,2025-08-31,25.366666666666667,29.45555555555556,22.844444444444445,30.95555555555556,35.63333333333333,27.577777777777776,11.244444444444445,11.244444444444445,0.0,14.555555555555555,91.55555555555556,7.7555555555555555,24.344444444444445,16.164444444444445,1009.2222222222222,78.0,23.788888888888888,0.0,3.2444444444444445,22.3235,105.1009,8.918888888888889,12.593333333333334,8,35,63,60,1970-01-21 07:56:58.900000000,1970-01-21 07:57:44.233333333,Hè,,,
Tuyên Quang,Trung du miền núi Bắc Bộ,2025-09-01,26.566666666666666,31.477777777777778,22.811111111111114,32.28888888888889,37.955555555555556,27.688888888888886,2.7444444444444445,2.7444444444444445,0.0,7.888888888888889,85.55555555555556,8.977777777777778,23.08888888888889,21.204444444444444,1007.6222222222223,55.22222222222222,23.700000000000003,0.0,4.39,22.3235,105.1009,11.714444444444446,12.573333333333332,9,36,51,146,1970-01-21 07:58:25.326666666,1970-01-21 07:59:10.573333333,Thu,,,
Tuyên Quang,Trung du miền núi Bắc Bộ,2025-09-02,27.08888888888889,32.0,22.72222222222222,32.544444444444444,37.91111111111111,27.4,10.600000000000001,10.600000000000001,0.0,7.444444444444445,82.22222222222223,8.166666666666666,21.566666666666666,22.602222222222224,1007.4000000000001,63.888888888888886,23.477777777777778,0.0,4.7444444444444445,22.3235,105.1009,11.932222222222222,12.553333333333335,9,36,63,171,1970-01-21 07:59:51.726666666,1970-01-21 08:00:36.920000000,Thu,,,
Tuyên Quang,Trung du miền núi Bắc Bộ,2025-09-03,27.5,31.71111111111111,23.98888888888889,33.47777777777778,38.24444444444444,29.5,1.0666666666666667,1.0666666666666667,0.0,6.777777777777778,83.33333333333333,8.31111111111111,22.644444444444446,21.24,1007.5111111111112,37.55555555555556,24.233333333333334,0.0,4.445555555555555,22.3235,105.1009,11.95111111111111,12.53111111111111,9,36,51,142,1970-01-21 08:01:18.160000000,1970-01-21 08:02:03.266666666,Thu,,,
Tuyên Quang,Trung du miền núi Bắc Bộ,2025-09-04,28.077777777777776,32.111111111111114,24.08888888888889,33.666666666666664,38.0,29.65555555555555,0.26666666666666666,0.26666666666666666,0.0,1.7777777777777777,78.33333333333333,9.399999999999999,24.72222222222222,22.91,1006.9555555555556,25.22222222222222,23.633333333333333,0.0,4.862222222222222,22.3235,105.1009,11.97,12.511111111111111,9,36,3,152,1970-01-21 08:02:44.573333333,1970-01-21 08:03:29.613333333,Thu,,,
Tuyên Quang,Trung du miền núi Bắc Bộ,2025-09-05,28.444444444444443,32.577777777777776,24.166666666666668,34.01111111111111,38.900000000000006,29.466666666666665,0.044444444444444446,0.044444444444444446,0.0,0.2222222222222222,76.33333333333333,8.755555555555556,24.01111111111111,23.184444444444445,1007.2444444444445,70.22222222222223,23.633333333333333,0.0,4.9511111111111115,22.3235,105.1009,12.0,12.49,9,36,3,149,1970-01-21 08:04:10.986666666,1970-01-21 08:04:55.960000000,Thu,,,
Tuyên Quang,Trung du miền núi Bắc Bộ,2025-09-06,27.522222222222222,31.56666666666667,23.866666666666667,33.44444444444444,37.96666666666667,28.84444444444445,3.2555555555555555,3.2555555555555555,0.0,7.888888888888889,83.11111111111111,7.644444444444444,21.299999999999997,19.06888888888889,1008.4888888888888,95.44444444444444,24.211111111111112,0.0,3.9966666666666666,22.3235,105.1009,11.213333333333333,12.47,9,36,61,45,1970-01-21 08:05:37.406666666,1970-01-21 08:06:22.300000000,Thu,,,
Tuyên Quang,Trung du miền núi Bắc Bộ,2025-09-07,27.38888888888889,32.06666666666667,23.433333333333334,33.544444444444444,38.86666666666667,28.533333333333335,7.7666666666666675,7.7666666666666675,0.0,5.666666666666667,84.88888888888889,7.51111111111111,19.566666666666666,21.233333333333334,1007.0777777777779,49.333333333333336,24.355555555555558,0.0,4.422222222222222,22.3235,105.1009,12.0,12.45,9,36,63,15,1970-01-21 08:07:03.826666666,1970-01-21 08:07:48.640000000,Thu,,,
Tuyên Quang,Trung du miền núi Bắc Bộ,2025-09-08,28.88888888888889,33.74444444444444,24.677777777777777,34.94444444444444,40.75555555555556,30.022222222222222,0.044444444444444446,0.044444444444444446,0.0,0.2222222222222222,77.22222222222223,7.211111111111112,19.344444444444445,22.72888888888889,1005.311111111111,67.0,24.133333333333333,0.0,4.906666666666666,22.3235,105.1009,12.0,12.43,9,37,3,160,1970-01-21 08:08:30.246666666,1970-01-21 08:09:14.986666666,Thu,,,
Tuyên Quang,Trung du miền núi Bắc Bộ,2025-09-09,25.98888888888889,29.5,23.711111111111112,31.755555555555556,35.544444444444444,28.511111111111113,14.744444444444444,14.744444444444444,0.0,13.777777777777779,90.55555555555556,9.333333333333334,24.51111111111111,10.515555555555556,1007.1555555555556,99.44444444444444,24.22222222222222,0.0,2.227777777777778,22.3235,105.1009,4.551111111111111,12.408888888888889,9,37,61,17,1970-01-21 08:09:56.646666666,1970-01-21 08:10:41.326666666,Thu,,,
Tuyên Quang,Trung du miền núi Bắc Bộ,2025-09-10,25.844444444444445,29.633333333333333,23.200000000000003,31.65555555555555,35.733333333333334,28.155555555555555,15.688888888888888,15.688888888888888,0.0,15.666666666666666,91.0,6.911111111111111,18.922222222222224,13.178888888888888,1008.3222222222222,100.0,24.188888888888886,0.0,2.738888888888889,22.3235,105.1009,6.391111111111111,12.386666666666667,9,37,63,52,1970-01-21 08:11:23.080000000,1970-01-21 08:12:07.673333333,Thu,,,
Tuyên Quang,Trung du miền núi Bắc Bộ,2025-09-11,25.299999999999997,29.34444444444445,22.98888888888889,30.733333333333334,34.922222222222224,27.688888888888886,44.47777777777778,44.47777777777778,0.0,20.77777777777778,92.33333333333333,8.755555555555555,22.866666666666667,13.372222222222222,1009.1555555555556,97.22222222222223,23.844444444444445,0.0,2.7455555555555557,22.3235,105.1009,7.314444444444444,12.366666666666667,9,37,65,44,1970-01-21 08:12:49.486666666,1970-01-21 08:13:34.013333333,Thu,,,
Tuyên Quang,Trung du miền núi Bắc Bộ,2025-09-12,24.922222222222224,28.366666666666667,23.044444444444444,30.522222222222222,34.27777777777778,28.033333333333335,40.56666666666667,40.56666666666667,0.0,23.555555555555557,95.44444444444444,7.577777777777778,21.822222222222223,11.780000000000001,1010.1333333333334,96.77777777777777,24.066666666666666,0.0,2.3544444444444443,22.3235,105.1009,5.6755555555555555,12.343333333333334,9,37,63,16,1970-01-21 08:14:15.906666666,1970-01-21 08:15:00.353333333,Thu,,,
Tuyên Quang,Trung du miền núi Bắc Bộ,2025-09-13,25.4,29.255555555555556,23.044444444444444,30.88888888888889,34.77777777777778,27.88888888888889,15.52222222222222,15.52222222222222,0.0,15.555555555555555,91.66666666666667,7.966666666666667,25.51111111111111,12.678888888888888,1010.9333333333333,99.33333333333333,23.855555555555554,0.0,2.592222222222222,22.3235,105.1009,6.0088888888888885,12.321111111111112,9,37,63,11,1970-01-21 08:15:42.320000000,1970-01-21 08:16:26.686666666,Thu,,,
Tuyên Quang,Trung du miền núi Bắc Bộ,2025-09-14,26.311111111111114,30.644444444444446,22.433333333333334,31.744444444444444,36.666666666666664,26.9,9.322222222222223,9.322222222222223,0.0,10.555555555555555,85.11111111111111,7.155555555555556,23.38888888888889,19.145555555555557,1010.6777777777778,65.88888888888889,23.366666666666667,0.0,3.9311111111111114,22.3235,105.1009,10.846666666666668,12.3,9,37,63,37,1970-01-21 08:17:08.740000000,1970-01-21 08:17:53.026666666,Thu,,,
Tuyên Quang,Trung du miền núi Bắc Bộ,2025-09-15,25.51111111111111,30.700000000000003,22.477777777777778,30.866666666666667,37.05555555555556,26.788888888888888,16.922222222222224,16.922222222222224,0.0,16.88888888888889,89.44444444444444,9.355555555555556,26.799999999999997,17.823333333333334,1011.1333333333334,90.88888888888889,23.522222222222222,0.0,3.6155555555555554,22.3235,105.1009,9.992222222222223,12.28,9,38,63,45,1970-01-21 08:18:35.160000000,1970-01-21 08:19:19.366666666,Thu,,,
Tuyên Quang,Trung du miền núi Bắc Bộ,2025-09-16,26.044444444444444,30.477777777777778,22.433333333333334,31.311111111111114,36.25555555555556,26.799999999999997,8.755555555555555,8.755555555555555,0.0,10.555555555555555,84.88888888888889,8.088888888888889,21.822222222222223,20.268888888888892,1011.0999999999999,49.22222222222222,23.066666666666666,0.0,4.134444444444444,22.3235,105.1009,11.106666666666667,12.26,9,38,63,19,1970-01-21 08:20:01.566666666,1970-01-21 08:20:45.706666666,Thu,,,
Tuyên Quang,Trung du miền núi Bắc Bộ,2025-09-17,25.633333333333333,30.54444444444444,22.233333333333334,30.88888888888889,36.41111111111111,26.48888888888889,7.122222222222222,7.122222222222222,0.0,11.333333333333334,87.77777777777777,9.466666666666667,24.322222222222223,18.316666666666666,1009.9666666666667,60.888888888888886,23.266666666666666,0.0,3.708888888888889,22.3235,105.1009,11.693333333333333,12.24,9,38,63,25,1970-01-21 08:21:27.986666666,1970-01-21 08:22:12.046666666,Thu,,,
Tuyên Quang,Trung du miền núi Bắc Bộ,2025-09-18,25.955555555555556,30.400000000000002,22.37777777777778,31.43333333333333,36.67777777777778,26.91111111111111,5.088888888888889,5.088888888888889,0.0,11.666666666666666,86.33333333333333,6.666666666666667,19.644444444444446,18.737777777777776,1009.8888888888889,68.88888888888889,23.333333333333332,0.0,3.8244444444444445,22.3235,105.1009,11.19,12.22,9,38,61,15,1970-01-21 08:22:54.406666666,1970-01-21 08:23:38.386666666,Thu,,,
Tuyên Quang,Trung du miền núi Bắc Bộ,2025-09-19,27.033333333333335,31.17777777777778,23.244444444444444,32.53333333333333,37.53333333333333,28.055555555555557,1.0444444444444445,1.0444444444444445,0.0,6.333333333333333,81.55555555555556,6.766666666666667,19.522222222222222,20.582222222222224,1009.3222222222222,50.666666666666664,23.366666666666667,0.0,4.266666666666667,22.3235,105.1009,11.473333333333334,12.196666666666665,9,38,51,55,1970-01-21 08:24:20.826666666,1970-01-21 08:25:04.726666666,Thu,,,
Tuyên Quang,Trung du miền núi Bắc Bộ,2025-09-20,28.144444444444446,32.56666666666667,24.055555555555557,33.58888888888889,38.577777777777776,28.977777777777778,0.7111111111111111,0.7111111111111111,0.0,2.111111111111111,75.55555555555556,6.266666666666667,18.72222222222222,21.456666666666663,1007.3555555555556,39.77777777777778,23.12222222222222,0.0,4.542222222222223,22.3235,105.1009,11.818888888888889,12.17,9,38,3,140,1970-01-21 08:25:47.240000000,1970-01-21 08:26:31.066666666,Thu,,,
Tuyên Quang,Trung du miền núi Bắc Bộ,2025-09-21,26.966666666666665,31.833333333333332,23.91111111111111,32.833333333333336,38.63333333333333,28.95555555555556,9.177777777777777,9.177777777777777,0.0,10.222222222222221,86.22222222222223,8.11111111111111,22.544444444444444,17.735555555555557,1006.9000000000001,82.33333333333333,24.288888888888888,0.0,3.69,22.3235,105.1009,9.931111111111111,12.15,9,38,63,44,1970-01-21 08:27:13.660000000,1970-01-21 08:27:57.406666666,Thu,,,
Tuyên Quang,Trung du miền núi Bắc Bộ,2025-09-22,24.688888888888886,27.944444444444443,23.01111111111111,30.08888888888889,33.41111111111111,27.755555555555556,38.922222222222224,38.922222222222224,0.0,19.444444444444443,94.11111111111111,6.366666666666666,17.233333333333334,9.88,1008.6333333333334,96.33333333333333,23.566666666666666,0.0,2.0255555555555556,22.3235,105.1009,4.076666666666666,12.13,9,39,63,22,1970-01-21 08:28:40.073333333,1970-01-21 08:29:23.746666666,Thu,,,
Tuyên Quang,Trung du miền núi Bắc Bộ,2025-09-23,25.811111111111114,30.06666666666667,22.955555555555556,31.22222222222222,35.577777777777776,27.88888888888889,21.38888888888889,21.38888888888889,0.0,14.0,88.44444444444444,8.922222222222222,22.87777777777778,17.586666666666666,1007.0222222222224,69.55555555555556,23.555555555555557,0.0,3.566666666666667,22.3235,105.1009,10.427777777777777,12.11,9,39,63,12,1970-01-21 08:30:06.486666666,1970-01-21 08:30:50.086666666,Thu,,,
Tuyên Quang,Trung du miền núi Bắc Bộ,2025-09-24,27.37777777777778,33.21111111111111,22.533333333333335,31.622222222222224,36.833333333333336,26.9,0.1111111111111111,0.1111111111111111,0.0,1.1111111111111112,75.0,12.711111111111112,33.92222222222222,20.604444444444443,1004.4333333333333,48.111111111111114,21.87777777777778,0.0,4.581111111111111,22.3235,105.1009,11.654444444444444,12.09,9,39,51,3,1970-01-21 08:31:32.906666666,1970-01-21 08:32:16.433333333,Thu,,,
Tuyên Quang,Trung du miền núi Bắc Bộ,2025-09-25,24.366666666666667,25.91111111111111,22.977777777777778,28.78888888888889,30.95555555555556,26.98888888888889,16.855555555555554,16.855555555555554,0.0,17.22222222222222,88.66666666666667,7.844444444444444,26.95555555555556,5.817777777777778,1004.6333333333334,99.55555555555556,22.255555555555556,0.0,1.3822222222222222,22.3235,105.1009,0.2822222222222222,12.07,9,39,63,4,1970-01-21 08:32:59.326666666,1970-01-21 08:33:42.773333333,Thu,,,
Tuyên Quang,Trung du miền núi Bắc Bộ,2025-09-26,23.91111111111111,27.555555555555557,22.444444444444443,28.866666666666667,32.87777777777777,26.87777777777778,13.666666666666666,13.666666666666666,0.0,15.444444444444445,93.66666666666667,6.633333333333334,22.799999999999997,9.404444444444444,1011.5555555555555,99.55555555555556,22.766666666666666,0.0,1.948888888888889,22.3235,105.1009,2.716666666666667,12.05,9,39,63,9,1970-01-21 08:34:25.746666666,1970-01-21 08:35:09.113333333,Thu,,,
Tuyên Quang,Trung du miền núi Bắc Bộ,2025-09-27,25.633333333333333,30.91111111111111,21.91111111111111,30.966666666666665,36.611111111111114,26.155555555555555,4.844444444444445,4.844444444444445,0.0,7.888888888888889,88.0,7.288888888888888,27.833333333333332,17.86111111111111,1013.5444444444444,81.22222222222223,23.266666666666666,0.0,3.6422222222222222,22.3235,105.1009,11.022222222222222,12.03,9,39,63,6,1970-01-21 08:35:52.160000000,1970-01-21 08:36:35.460000000,Thu,,,
Tuyên Quang,Trung du miền núi Bắc Bộ,2025-09-28,25.666666666666668,31.0,22.91111111111111,30.91111111111111,37.22222222222222,27.333333333333332,10.455555555555556,10.455555555555556,0.0,6.666666666666667,88.77777777777777,10.18888888888889,32.355555555555554,16.41888888888889,1010.8333333333334,60.22222222222222,23.566666666666666,0.0,3.34,22.3235,105.1009,9.738888888888889,12.003333333333334,9,39,63,7,1970-01-21 08:37:18.586666666,1970-01-21 08:38:01.800000000,Thu,,,
Tuyên Quang,Trung du miền núi Bắc Bộ,2025-09-29,23.422222222222224,24.477777777777778,22.444444444444443,27.555555555555557,28.95555555555556,25.98888888888889,52.17777777777778,52.17777777777778,0.0,22.444444444444443,96.11111111111111,16.1,48.599999999999994,3.801111111111111,1008.4666666666667,98.66666666666667,22.755555555555556,0.0,0.8288888888888889,22.3235,105.1009,0.07111111111111111,11.98,9,40,63,27,1970-01-21 08:38:45.000000000,1970-01-21 08:39:28.140000000,Thu,,,
Tuyên Quang,Trung du miền núi Bắc Bộ,2025-09-30,23.266666666666666,25.233333333333334,22.22222222222222,27.96666666666667,30.72222222222222,26.41111111111111,68.16666666666667,68.16666666666667,0.0,24.0,98.33333333333333,10.822222222222223,36.400000000000006,4.082222222222223,1010.9333333333333,100.0,22.955555555555556,0.0,0.88,22.3235,105.1009,0.005555555555555556,11.96,9,40,63,32,1970-01-21 08:40:11.420000000,1970-01-21 08:40:54.486666666,Thu,,,
Tuyên Quang,Trung du miền núi Bắc Bộ,2025-10-01,24.177777777777777,27.344444444444445,22.08888888888889,29.233333333333334,32.25555555555556,26.41111111111111,20.666666666666668,20.666666666666668,0.0,19.11111111111111,93.88888888888889,8.2,27.344444444444445,10.497777777777777,1012.4000000000001,97.55555555555556,23.1,0.0,2.086666666666667,22.3235,105.1009,4.355555555555556,11.94,10,40,63,48,1970-01-21 08:41:37.840000000,1970-01-21 08:42:20.826666666,Thu,,,
Tuyên Quang,Trung du miền núi Bắc Bộ,2025-10-02,25.91111111111111,29.577777777777776,23.166666666666668,31.144444444444446,34.400000000000006,28.133333333333333,3.4111111111111114,3.4111111111111114,0.0,10.444444444444445,87.44444444444444,8.38888888888889,23.87777777777778,15.094444444444443,1011.9666666666667,71.0,23.5,0.0,3.0933333333333333,22.3235,105.1009,9.151111111111112,11.92,10,40,61,157,1970-01-21 08:43:04.253333333,1970-01-21 08:43:47.166666666,Thu,,,
Tuyên Quang,Trung du miền núi Bắc Bộ,2025-10-03,26.644444444444446,30.311111111111114,23.677777777777777,31.577777777777776,34.58888888888889,28.744444444444444,1.4333333333333333,1.4333333333333333,0.0,6.333333333333333,82.44444444444444,9.777777777777779,24.133333333333333,15.497777777777777,1011.4777777777776,60.0,23.244444444444444,0.0,3.292222222222222,22.3235,105.1009,9.573333333333332,11.9,10,40,51,163,1970-01-21 08:44:30.666666666,1970-01-21 08:45:13.506666666,Thu,,,
Tuyên Quang,Trung du miền núi Bắc Bộ,2025-10-04,26.855555555555554,31.0,23.58888888888889,32.05555555555556,36.355555555555554,28.67777777777778,1.5,1.5,0.0,5.666666666666667,81.66666666666667,8.033333333333333,22.333333333333332,18.962222222222223,1011.3333333333334,33.44444444444444,23.155555555555555,0.0,3.9511111111111115,22.3235,105.1009,10.506666666666668,11.876666666666667,10,40,51,135,1970-01-21 08:45:57.100000000,1970-01-21 08:46:39.846666666,Thu,,,
Tuyên Quang,Trung du miền núi Bắc Bộ,2025-10-05,27.233333333333334,32.36666666666667,23.044444444444444,33.077777777777776,38.78888888888889,27.766666666666666,0.7888888888888889,0.7888888888888889,0.0,3.111111111111111,83.55555555555556,6.222222222222222,18.066666666666666,18.938888888888886,1007.9888888888888,66.22222222222223,23.88888888888889,0.0,3.9577777777777783,22.3235,105.1009,10.843333333333334,11.856666666666666,10,40,53,5,1970-01-21 08:47:23.513333333,1970-01-21 08:48:06.186666666,Thu,,,
Tuyên Quang,Trung du miền núi Bắc Bộ,2025-10-06,24.27777777777778,26.72222222222222,22.577777777777776,29.06666666666667,31.866666666666667,26.62222222222222,43.34444444444445,43.34444444444445,0.0,16.666666666666668,93.66666666666667,12.655555555555557,31.82222222222222,2.8633333333333333,1005.2666666666667,97.66666666666667,23.155555555555555,0.0,0.7677777777777778,22.3235,105.1009,0.031111111111111114,11.833333333333334,10,41,63,83,1970-01-21 08:48:49.926666666,1970-01-21 08:49:32.526666666,Thu,,,
Tuyên Quang,Trung du miền núi Bắc Bộ,2025-10-07,22.77777777777778,24.155555555555555,21.866666666666667,27.177777777777777,28.95555555555556,25.700000000000003,55.12222222222223,55.12222222222223,0.0,24.0,98.11111111111111,11.266666666666667,31.91111111111111,2.8677777777777775,1012.0777777777779,100.0,22.48888888888889,0.0,0.6522222222222223,22.3235,105.1009,0.0,11.811111111111112,10,41,63,17,1970-01-21 08:50:16.360000000,1970-01-21 08:50:58.873333333,Thu,,,
Tuyên Quang,Trung du miền núi Bắc Bộ,2025-10-08,24.155555555555555,28.266666666666666,21.533333333333335,28.877777777777776,33.08888888888889,25.61111111111111,21.72222222222222,21.72222222222222,0.0,13.666666666666666,89.77777777777777,5.633333333333334,19.811111111111114,12.995555555555557,1014.1666666666666,61.666666666666664,22.233333333333334,0.0,2.602222222222222,22.3235,105.1009,6.731111111111111,11.79,10,41,63,0,1970-01-21 08:51:42.773333333,1970-01-21 08:52:25.220000000,Thu,,,
Tuyên Quang,Trung du miền núi Bắc Bộ,2025-10-09,25.755555555555556,30.38888888888889,21.799999999999997,30.244444444444444,34.855555555555554,25.799999999999997,0.2222222222222222,0.2222222222222222,0.0,1.8888888888888888,79.77777777777777,7.48888888888889,20.566666666666666,19.33,1013.0222222222224,17.555555555555557,21.688888888888886,0.0,3.968888888888889,22.3235,105.1009,10.775555555555554,11.77,10,41,51,161,1970-01-21 08:53:09.193333333,1970-01-21 08:53:51.566666666,Thu,,,
Tuyên Quang,Trung du miền núi Bắc Bộ,2025-10-10,25.866666666666667,30.21111111111111,22.166666666666668,30.466666666666665,34.900000000000006,26.41111111111111,0.7111111111111111,0.7111111111111111,0.0,5.111111111111111,79.44444444444444,6.9,20.244444444444444,18.926666666666666,1012.2777777777778,12.444444444444445,21.811111111111114,0.0,3.8577777777777778,22.3235,105.1009,11.014444444444443,11.75,10,41,51,137,1970-01-21 08:54:35.620000000,1970-01-21 08:55:17.920000000,Thu,,,
Tuyên Quang,Trung du miền núi Bắc Bộ,2025-10-11,25.544444444444444,29.666666666666668,22.08888888888889,30.299999999999997,34.766666666666666,26.055555555555557,1.3888888888888888,1.3888888888888888,0.0,4.888888888888889,82.88888888888889,8.144444444444444,21.88888888888889,17.417777777777776,1011.4777777777776,39.333333333333336,22.27777777777778,0.0,3.5277777777777777,22.3235,105.1009,10.972222222222221,11.72888888888889,10,41,53,133,1970-01-21 08:56:02.033333333,1970-01-21 08:56:44.260000000,Thu,,,
Tuyên Quang,Trung du miền núi Bắc Bộ,2025-10-12,25.87777777777778,30.077777777777776,22.11111111111111,30.855555555555554,35.05555555555556,26.62222222222222,2.1333333333333333,2.1333333333333333,0.0,5.666666666666667,83.77777777777777,7.222222222222222,20.244444444444444,17.832222222222224,1011.0444444444444,32.55555555555556,22.700000000000003,0.0,3.6344444444444446,22.3235,105.1009,10.8,11.70888888888889,10,41,53,32,1970-01-21 08:57:28.460000000,1970-01-21 08:58:10.606666666,Thu,,,
Tuyên Quang,Trung du miền núi Bắc Bộ,2025-10-13,25.77777777777778,30.06666666666667,22.744444444444444,31.08888888888889,35.47777777777778,27.211111111111112,5.355555555555556,5.355555555555556,0.0,13.444444444444445,87.0,8.144444444444444,23.0,15.741111111111113,1011.811111111111,60.44444444444444,23.311111111111114,0.0,3.2155555555555555,22.3235,105.1009,9.944444444444445,11.686666666666666,10,42,61,97,1970-01-21 08:58:54.886666666,1970-01-21 08:59:36.966666666,Thu,,,
Tuyên Quang,Trung du miền núi Bắc Bộ,2025-10-14,24.233333333333334,27.833333333333332,22.31111111111111,29.43333333333333,33.111111111111114,26.811111111111114,21.633333333333333,21.633333333333333,0.0,20.88888888888889,94.11111111111111,6.844444444444445,23.733333333333334,11.354444444444445,1012.4777777777776,99.0,23.166666666666668,0.0,2.267777777777778,22.3235,105.1009,5.125555555555556,11.666666666666666,10,42,63,3,1970-01-21 09:00:21.300000000,1970-01-21 09:01:03.306666666,Thu,,,
Tuyên Quang,Trung du miền núi Bắc Bộ,2025-10-15,24.066666666666666,27.433333333333334,21.977777777777778,28.95555555555556,32.13333333333333,26.266666666666666,27.033333333333335,27.033333333333335,0.0,21.444444444444443,92.88888888888889,6.466666666666667,21.87777777777778,10.982222222222223,1013.0888888888888,92.33333333333333,22.77777777777778,0.0,2.19,22.3235,105.1009,5.525555555555556,11.646666666666668,10,42,63,11,1970-01-21 09:01:47.733333333,1970-01-21 09:02:29.653333333,Thu,,,
Tuyên Quang,Trung du miền núi Bắc Bộ,2025-10-16,24.233333333333334,28.12222222222222,21.933333333333334,28.88888888888889,32.68888888888889,26.155555555555555,11.81111111111111,11.81111111111111,0.0,15.555555555555555,90.22222222222223,9.5,28.599999999999998,13.265555555555556,1014.8222222222222,75.77777777777777,22.422222222222224,0.0,2.6177777777777775,22.3235,105.1009,8.212222222222222,11.626666666666667,10,42,63,16,1970-01-21 09:03:14.153333333,1970-01-21 09:03:56.013333333,Thu,,,
Tuyên Quang,Trung du miền núi Bắc Bộ,2025-10-17,25.266666666666666,29.700000000000003,21.233333333333334,29.72222222222222,34.32222222222222,25.12222222222222,0.34444444444444444,0.34444444444444444,0.0,2.5555555555555554,82.0,7.111111111111111,20.155555555555555,17.93777777777778,1014.7777777777778,23.22222222222222,21.666666666666668,0.0,3.631111111111111,22.3235,105.1009,10.685555555555556,11.606666666666666,10,42,51,56,1970-01-21 09:04:40.580000000,1970-01-21 09:05:22.360000000,Thu,,,
Tuyên Quang,Trung du miền núi Bắc Bộ,2025-10-18,25.744444444444444,30.077777777777776,21.87777777777778,30.41111111111111,35.0,25.58888888888889,0.7666666666666667,0.7666666666666667,0.0,4.111111111111111,80.22222222222223,5.511111111111111,17.455555555555556,17.58555555555556,1013.9333333333333,26.333333333333332,21.87777777777778,0.0,3.5633333333333335,22.3235,105.1009,10.961111111111112,11.586666666666666,10,42,51,36,1970-01-21 09:06:07.006666666,1970-01-21 09:06:48.713333333,Thu,,,
Tuyên Quang,Trung du miền núi Bắc Bộ,2025-10-19,24.77777777777778,29.32222222222222,21.844444444444445,29.45555555555556,34.63333333333333,25.811111111111114,4.188888888888889,4.188888888888889,0.0,10.666666666666666,87.33333333333333,8.022222222222222,22.866666666666664,15.547777777777778,1014.1555555555556,39.22222222222222,22.344444444444445,0.0,3.1155555555555554,22.3235,105.1009,10.59,11.566666666666668,10,42,53,7,1970-01-21 09:07:33.426666666,1970-01-21 09:08:15.066666666,Thu,,,
Tuyên Quang,Trung du miền núi Bắc Bộ,2025-10-20,24.41111111111111,28.577777777777776,21.444444444444443,28.511111111111113,31.977777777777778,24.799999999999997,2.0555555555555554,2.0555555555555554,0.0,9.444444444444445,84.33333333333333,8.155555555555557,24.311111111111114,16.123333333333335,1014.9333333333333,39.888888888888886,21.266666666666666,0.0,3.238888888888889,22.3235,105.1009,10.473333333333334,11.546666666666667,10,43,51,2,1970-01-21 09:08:59.860000000,1970-01-21 09:09:41.413333333,Thu,,,
Tuyên Quang,Trung du miền núi Bắc Bộ,2025-10-21,23.233333333333334,27.522222222222222,19.677777777777777,24.766666666666666,28.84444444444445,20.666666666666668,0.044444444444444446,0.044444444444444446,0.0,0.4444444444444444,69.77777777777777,14.844444444444443,36.8,17.628888888888888,1017.0777777777779,23.11111111111111,17.01111111111111,0.0,3.8333333333333335,22.3235,105.1009,10.927777777777777,11.526666666666666,10,43,3,59,1970-01-21 09:10:26.280000000,1970-01-21 09:11:07.780000000,Thu,,,
Tuyên Quang,Trung du miền núi Bắc Bộ,2025-10-22,21.966666666666665,26.744444444444444,18.033333333333335,22.533333333333335,27.655555555555555,18.522222222222222,0.0,0.0,0.0,0.0,63.77777777777778,13.211111111111112,32.08888888888889,18.0,1018.5777777777779,42.111111111111114,14.511111111111111,0.0,3.8333333333333335,22.3235,105.1009,10.826666666666666,11.503333333333334,10,43,3,15,1970-01-21 09:11:52.713333333,1970-01-21 09:12:34.120000000,Thu,,,
Tuyên Quang,Trung du miền núi Bắc Bộ,2025-10-23,20.51111111111111,23.366666666666667,17.766666666666666,21.544444444444444,23.98888888888889,18.455555555555556,1.088888888888889,1.088888888888889,0.0,3.111111111111111,72.0,8.711111111111112,23.077777777777776,9.940000000000001,1019.9888888888888,80.33333333333333,15.044444444444444,0.0,2.1422222222222222,22.3235,105.1009,4.573333333333333,11.483333333333334,10,43,51,23,1970-01-21 09:13:19.133333333,1970-01-21 09:14:00.486666666,Thu,,,
Tuyên Quang,Trung du miền núi Bắc Bộ,2025-10-24,19.755555555555556,21.166666666666668,18.744444444444447,22.4,23.41111111111111,21.311111111111114,2.033333333333333,2.033333333333333,0.0,8.333333333333334,90.66666666666667,4.2444444444444445,12.922222222222222,4.693333333333333,1019.7555555555555,99.33333333333333,18.133333333333333,0.0,1.0044444444444443,22.3235,105.1009,0.19666666666666666,11.463333333333333,10,43,51,3,1970-01-21 09:14:45.566666666,1970-01-21 09:15:26.826666666,Thu,,,
Tuyên Quang,Trung du miền núi Bắc Bộ,2025-10-25,21.200000000000003,24.166666666666668,18.9,23.977777777777778,26.211111111111112,21.711111111111112,0.5333333333333333,0.5333333333333333,0.0,3.111111111111111,84.88888888888889,5.044444444444444,15.422222222222224,9.532222222222224,1018.0,86.77777777777777,18.355555555555554,0.0,1.8933333333333333,22.3235,105.1009,3.8333333333333335,11.446666666666665,10,43,51,7,1970-01-21 09:16:11.993333333,1970-01-21 09:16:53.200000000,Thu,,,
Tuyên Quang,Trung du miền núi Bắc Bộ,2025-10-26,22.5,25.977777777777778,20.177777777777777,25.544444444444444,28.433333333333334,23.144444444444446,0.5444444444444445,0.5444444444444445,0.0,2.5555555555555554,82.44444444444444,6.788888888888889,18.677777777777777,12.371111111111112,1017.6666666666666,69.33333333333333,19.133333333333336,0.0,2.4444444444444446,22.3235,105.1009,7.872222222222222,11.426666666666668,10,43,51,13,1970-01-21 09:17:38.420000000,1970-01-21 09:18:19.553333333,Thu,,,
Tuyên Quang,Trung du miền núi Bắc Bộ,2025-10-27,22.08888888888889,26.422222222222224,19.077777777777776,24.677777777777777,28.38888888888889,21.555555555555557,0.5666666666666667,0.5666666666666667,0.0,2.111111111111111,79.44444444444444,6.333333333333333,18.77777777777778,12.452222222222222,1018.0666666666667,58.22222222222222,18.044444444444444,0.0,2.4944444444444445,22.3235,105.1009,6.857777777777778,11.406666666666666,10,44,3,21,1970-01-21 09:19:04.853333333,1970-01-21 09:19:45.906666666,Thu,,,
Tuyên Quang,Trung du miền núi Bắc Bộ,2025-10-28,22.48888888888889,26.533333333333335,19.022222222222222,24.98888888888889,28.666666666666668,21.299999999999997,0.1111111111111111,0.1111111111111111,0.0,1.0,76.77777777777777,6.933333333333334,18.1,14.655555555555557,1017.6222222222223,74.33333333333333,17.922222222222224,0.0,2.87,22.3235,105.1009,10.17,11.386666666666667,10,44,3,46,1970-01-21 09:20:31.280000000,1970-01-21 09:21:12.273333333,Thu,,,
Tuyên Quang,Trung du miền núi Bắc Bộ,2025-10-29,22.355555555555554,26.188888888888886,18.9,24.977777777777778,28.188888888888886,21.4,0.08888888888888889,0.08888888888888889,0.0,0.8888888888888888,78.44444444444444,8.288888888888888,22.066666666666666,14.475555555555555,1016.4222222222221,91.11111111111111,18.200000000000003,0.0,2.804444444444444,22.3235,105.1009,10.174444444444445,11.366666666666667,10,44,3,97,1970-01-21 09:21:57.706666666,1970-01-21 09:22:38.633333333,Thu,,,
Tuyên Quang,Trung du miền núi Bắc Bộ,2025-10-30,23.38888888888889,25.91111111111111,21.255555555555556,26.87777777777778,29.255555555555556,24.22222222222222,0.30000000000000004,0.30000000000000004,0.0,1.5555555555555556,82.11111111111111,5.666666666666667,15.233333333333333,8.602222222222222,1016.5555555555555,98.22222222222223,20.077777777777776,0.0,1.798888888888889,22.3235,105.1009,3.511111111111111,11.347777777777777,10,44,51,55,1970-01-21 09:23:24.140000000,1970-01-21 09:24:04.986666666,Thu,,,
Tuyên Quang,Trung du miền núi Bắc Bộ,2025-10-31,22.87777777777778,24.77777777777778,21.48888888888889,26.933333333333334,28.599999999999998,25.22222222222222,5.199999999999999,5.199999999999999,0.0,9.333333333333334,90.11111111111111,5.9,17.355555555555554,7.271111111111111,1017.2777777777778,92.33333333333333,21.155555555555555,0.0,1.468888888888889,22.3235,105.1009,2.551111111111111,11.33,10,44,53,70,1970-01-21 09:24:50.566666666,1970-01-21 09:25:31.360000000,Thu,,,
Tuyên Quang,Trung du miền núi Bắc Bộ,2025-11-01,20.87777777777778,21.766666666666666,20.1,24.144444444444446,25.62222222222222,22.711111111111112,5.5,5.5,0.0,13.88888888888889,91.77777777777777,5.322222222222222,15.200000000000001,4.644444444444444,1018.3000000000001,100.0,19.477777777777778,0.0,0.9877777777777779,22.3235,105.1009,0.014444444444444446,11.312222222222223,11,44,61,11,1970-01-21 09:26:17.006666666,1970-01-21 09:26:57.726666666,Thu,,,
Tuyên Quang,Trung du miền núi Bắc Bộ,2025-11-02,19.72222222222222,20.755555555555556,18.788888888888888,22.577777777777776,23.977777777777778,21.0,4.055555555555555,4.055555555555555,0.0,15.222222222222221,93.77777777777777,5.088888888888889,13.966666666666667,3.546666666666667,1018.9777777777776,100.0,18.688888888888886,0.0,0.7877777777777778,22.3235,105.1009,0.0,11.292222222222222,11,44,51,19,1970-01-21 09:27:43.433333333,1970-01-21 09:28:24.086666666,Thu,,,
Tuyên Quang,Trung du miền núi Bắc Bộ,2025-11-03,19.1,21.055555555555557,17.922222222222224,20.688888888888886,21.98888888888889,19.38888888888889,0.4222222222222223,0.4222222222222223,0.0,2.111111111111111,83.66666666666667,7.066666666666666,17.633333333333333,4.752222222222222,1019.2222222222222,100.0,16.144444444444446,0.0,1.0966666666666667,22.3235,105.1009,0.0911111111111111,11.276666666666666,11,45,3,3,1970-01-21 09:29:09.873333333,1970-01-21 09:29:50.460000000,Thu,,,
Tuyên Quang,Trung du miền núi Bắc Bộ,2025-11-04,19.211111111111112,22.311111111111114,17.711111111111112,20.799999999999997,23.41111111111111,19.022222222222222,0.08888888888888889,0.08888888888888889,0.0,0.7777777777777778,81.0,5.666666666666667,16.166666666666668,8.059999999999999,1018.1999999999999,72.55555555555556,15.722222222222221,0.0,1.588888888888889,22.3235,105.1009,4.214444444444444,11.257777777777777,11,45,3,49,1970-01-21 09:30:36.293333333,1970-01-21 09:31:16.820000000,Thu,,,
Tuyên Quang,Trung du miền núi Bắc Bộ,2025-11-05,20.066666666666666,22.966666666666665,17.788888888888888,22.27777777777778,24.833333333333332,19.91111111111111,0.0,0.0,0.0,0.0,83.66666666666667,4.777777777777778,13.88888888888889,8.21888888888889,1014.8000000000001,76.88888888888889,17.133333333333333,0.0,1.6155555555555554,22.3235,105.1009,2.7355555555555555,11.24,11,45,3,172,1970-01-21 09:32:02.740000000,1970-01-21 09:32:43.200000000,Thu,,,
Tuyên Quang,Trung du miền núi Bắc Bộ,2025-11-06,21.41111111111111,25.155555555555555,17.88888888888889,24.08888888888889,27.355555555555554,20.155555555555555,0.03333333333333334,0.03333333333333334,0.0,0.3333333333333333,84.0,7.8999999999999995,21.27777777777778,12.243333333333332,1013.2777777777778,54.888888888888886,18.444444444444443,0.0,2.3655555555555554,22.3235,105.1009,8.36,11.222222222222221,11,45,3,143,1970-01-21 09:33:29.166666666,1970-01-21 09:34:09.566666666,Thu,,,
Tuyên Quang,Trung du miền núi Bắc Bộ,2025-11-07,22.944444444444443,27.48888888888889,19.03333333333333,26.644444444444446,31.21111111111111,21.77777777777778,1.7555555555555555,1.7555555555555555,0.0,3.4444444444444446,86.88888888888889,6.6,17.066666666666666,10.703333333333333,1012.9888888888888,94.33333333333333,20.48888888888889,0.0,2.1555555555555554,22.3235,105.1009,6.8533333333333335,11.203333333333333,11,45,53,12,1970-01-21 09:34:55.606666666,1970-01-21 09:35:35.940000000,Thu,,,
Tuyên Quang,Trung du miền núi Bắc Bộ,2025-11-08,23.711111111111112,27.27777777777778,21.98888888888889,28.444444444444443,32.06666666666667,26.08888888888889,15.755555555555556,15.755555555555556,0.0,20.555555555555557,93.77777777777777,8.822222222222221,25.88888888888889,11.123333333333333,1013.9222222222221,89.33333333333333,22.566666666666666,0.0,2.1566666666666667,22.3235,105.1009,7.2266666666666675,11.187777777777777,11,45,63,3,1970-01-21 09:36:22.033333333,1970-01-21 09:37:02.313333333,Thu,,,
Tuyên Quang,Trung du miền núi Bắc Bộ,2025-11-09,23.333333333333332,26.255555555555556,21.533333333333335,28.044444444444444,31.366666666666667,25.688888888888886,24.533333333333335,24.533333333333335,0.0,22.666666666666668,95.0,7.022222222222222,23.477777777777778,10.157777777777778,1013.2666666666667,86.11111111111111,22.466666666666665,0.0,1.9377777777777778,22.3235,105.1009,6.938888888888889,11.17,11,45,65,11,1970-01-21 09:37:48.466666666,1970-01-21 09:38:28.686666666,Thu,,,
Tuyên Quang,Trung du miền núi Bắc Bộ,2025-11-10,22.444444444444443,23.544444444444444,21.333333333333332,26.4,27.62222222222222,24.966666666666665,4.455555555555556,4.455555555555556,0.0,15.11111111111111,93.11111111111111,6.633333333333334,17.522222222222226,4.676666666666667,1011.8666666666666,100.0,21.211111111111112,0.0,1.02,22.3235,105.1009,0.2466666666666667,11.152222222222223,11,46,53,30,1970-01-21 09:39:14.913333333,1970-01-21 09:39:55.060000000,Thu,,,
Tuyên Quang,Trung du miền núi Bắc Bộ,2025-11-11,21.433333333333334,23.244444444444444,20.366666666666667,24.844444444444445,26.200000000000003,23.62222222222222,2.8666666666666667,2.8666666666666667,0.0,12.0,90.77777777777777,5.199999999999999,13.555555555555555,4.977777777777778,1012.9000000000001,99.88888888888889,19.844444444444445,0.0,1.0611111111111111,22.3235,105.1009,0.13555555555555557,11.137777777777778,11,46,53,58,1970-01-21 09:40:41.340000000,1970-01-21 09:41:21.426666666,Thu,,,
Tuyên Quang,Trung du miền núi Bắc Bộ,2025-11-12,20.711111111111112,24.644444444444446,18.677777777777777,23.177777777777777,26.244444444444447,21.055555555555557,2.4444444444444446,2.4444444444444446,0.0,6.111111111111111,85.22222222222223,7.266666666666666,18.22222222222222,8.564444444444444,1016.0444444444444,67.88888888888889,17.88888888888889,0.0,1.6744444444444444,22.3235,105.1009,4.594444444444445,11.12,11,46,51,19,1970-01-21 09:42:07.786666666,1970-01-21 09:42:47.813333333,Thu,,,
Tuyên Quang,Trung du miền núi Bắc Bộ,2025-11-13,21.077777777777776,26.077777777777776,17.655555555555555,22.88888888888889,27.5,19.51111111111111,0.12222222222222223,0.12222222222222223,0.0,0.5555555555555556,75.77777777777777,7.166666666666667,19.87777777777778,14.955555555555556,1018.3666666666666,37.111111111111114,16.22222222222222,0.0,2.854444444444445,22.3235,105.1009,9.206666666666667,11.102222222222222,11,46,3,3,1970-01-21 09:43:34.226666666,1970-01-21 09:44:14.200000000,Thu,,,
Tuyên Quang,Trung du miền núi Bắc Bộ,2025-11-14,20.200000000000003,24.61111111111111,16.87777777777778,21.766666666666666,25.700000000000003,18.37777777777778,0.09999999999999999,0.09999999999999999,0.0,0.7777777777777778,76.11111111111111,5.4,16.033333333333335,13.472222222222221,1018.311111111111,28.88888888888889,15.533333333333335,0.0,2.5144444444444445,22.3235,105.1009,9.433333333333334,11.09,11,46,51,4,1970-01-21 09:45:00.653333333,1970-01-21 09:45:40.566666666,Thu,,,
Tuyên Quang,Trung du miền núi Bắc Bộ,2025-11-15,20.255555555555556,25.822222222222223,15.811111111111112,21.799999999999997,27.266666666666666,16.833333333333332,0.0,0.0,0.0,0.0,75.0,5.955555555555556,17.4,16.374444444444446,1020.1111111111111,8.0,15.299999999999999,0.0,3.0088888888888885,22.3235,105.1009,10.47111111111111,11.07,11,46,1,5,1970-01-21 09:46:27.106666666,1970-01-21 09:47:06.953333333,Thu,,,
Tuyên Quang,Trung du miền núi Bắc Bộ,2025-11-16,21.01111111111111,26.27777777777778,16.11111111111111,22.788888888888888,28.0,17.08888888888889,0.0,0.0,0.0,0.0,75.77777777777777,6.577777777777778,17.51111111111111,13.824444444444445,1020.8444444444444,46.111111111111114,16.244444444444444,0.0,2.6844444444444444,22.3235,105.1009,8.054444444444444,11.05777777777778,11,46,3,3,1970-01-21 09:47:53.526666666,1970-01-21 09:48:33.340000000,Thu,,,
Tuyên Quang,Trung du miền núi Bắc Bộ,2025-11-17,20.98888888888889,23.98888888888889,18.98888888888889,23.58888888888889,26.155555555555555,21.12222222222222,7.444444444444445,7.444444444444445,0.0,9.0,85.33333333333333,6.444444444444445,18.688888888888886,8.133333333333333,1020.8888888888889,81.33333333333333,18.299999999999997,0.0,1.6133333333333333,22.3235,105.1009,4.365555555555556,11.04,11,47,61,4,1970-01-21 09:49:19.966666666,1970-01-21 09:49:59.720000000,Thu,,,
Tuyên Quang,Trung du miền núi Bắc Bộ,2025-11-18,17.555555555555557,20.08888888888889,13.266666666666667,19.044444444444444,23.433333333333334,13.066666666666668,24.811111111111114,24.811111111111114,0.0,23.77777777777778,94.33333333333333,14.366666666666667,35.044444444444444,2.4166666666666665,1024.7222222222222,100.0,16.6,0.0,0.6166666666666667,22.3235,105.1009,0.0,11.027777777777779,11,47,61,14,1970-01-21 09:50:46.413333333,1970-01-21 09:51:26.106666666,Thu,,,
Tuyên Quang,Trung du miền núi Bắc Bộ,2025-11-19,13.955555555555556,16.244444444444444,12.233333333333333,13.711111111111112,15.644444444444446,11.833333333333334,4.566666666666666,4.566666666666666,0.0,10.444444444444445,83.77777777777777,7.722222222222222,21.977777777777778,6.623333333333333,1028.0777777777778,88.88888888888889,11.11111111111111,0.0,1.2244444444444444,22.3235,105.1009,0.6688888888888889,11.01,11,47,53,3,1970-01-21 09:52:12.846666666,1970-01-21 09:52:52.493333333,Thu,,,
Tuyên Quang,Trung du miền núi Bắc Bộ,2025-11-20,15.722222222222221,21.188888888888886,11.455555555555556,15.755555555555556,20.766666666666666,11.377777777777778,0.0,0.0,0.0,0.0,76.88888888888889,7.222222222222222,18.677777777777777,14.526666666666667,1025.5222222222224,31.22222222222222,11.144444444444444,0.0,2.4877777777777776,22.3235,105.1009,9.717777777777778,11.0,11,47,3,4,1970-01-21 09:53:39.286666666,1970-01-21 09:54:18.886666666,Thu,,,
Tuyên Quang,Trung du miền núi Bắc Bộ,2025-11-21,16.922222222222224,22.37777777777778,12.422222222222222,16.733333333333334,21.88888888888889,11.855555555555556,0.0,0.0,0.0,0.0,68.88888888888889,5.966666666666667,18.1,14.933333333333334,1024.6666666666667,20.333333333333332,10.600000000000001,0.0,2.628888888888889,22.3235,105.1009,10.212222222222222,10.986666666666666,11,47,1,12,1970-01-21 09:55:05.733333333,1970-01-21 09:55:45.273333333,Thu,,,
Tuyên Quang,Trung du miền núi Bắc Bộ,2025-11-22,17.366666666666667,22.655555555555555,12.833333333333334,17.4,23.133333333333333,12.411111111111111,0.0,0.0,0.0,0.0,67.66666666666667,5.422222222222222,16.9,16.60666666666667,1021.8444444444444,2.111111111111111,10.899999999999999,0.0,2.876666666666667,22.3235,105.1009,10.335555555555555,10.97,11,47,0,4,1970-01-21 09:56:32.160000000,1970-01-21 09:57:11.660000000,Thu,,,
Tuyên Quang,Trung du miền núi Bắc Bộ,2025-11-23,17.87777777777778,23.711111111111112,13.055555555555555,18.333333333333332,24.666666666666668,12.833333333333334,0.0,0.0,0.0,0.0,71.0,5.588888888888889,15.722222222222221,16.448888888888888,1020.311111111111,8.11111111111111,12.2,0.0,2.873333333333333,22.3235,105.1009,10.268888888888888,10.96,11,47,1,18,1970-01-21 09:57:58.606666666,1970-01-21 09:58:38.053333333,Thu,,,
Tuyên Quang,Trung du miền núi Bắc Bộ,2025-11-24,18.4,24.322222222222223,13.322222222222221,19.01111111111111,25.155555555555555,13.322222222222223,0.0,0.0,0.0,0.0,74.22222222222223,6.855555555555556,19.200000000000003,15.302222222222222,1021.1444444444444,11.222222222222221,13.31111111111111,0.0,2.7755555555555556,22.3235,105.1009,10.248888888888889,10.948888888888888,11,48,3,358,1970-01-21 09:59:25.046666666,1970-01-21 10:00:04.446666666,Thu,,,
Tuyên Quang,Trung du miền núi Bắc Bộ,2025-11-25,17.333333333333332,22.58888888888889,12.955555555555556,16.444444444444443,21.544444444444444,11.677777777777777,0.0,0.0,0.0,0.0,59.77777777777778,9.822222222222223,26.87777777777778,16.764444444444443,1022.3333333333334,7.333333333333333,8.744444444444445,0.0,3.058888888888889,22.3235,105.1009,10.296666666666667,10.933333333333332,11,48,2,6,1970-01-21 10:00:51.473333333,1970-01-21 10:01:30.846666666,Thu,,,
Tuyên Quang,Trung du miền núi Bắc Bộ,2025-11-26,16.188888888888886,22.200000000000003,11.133333333333333,15.922222222222224,22.233333333333334,10.177777777777777,0.0,0.0,0.0,0.0,67.88888888888889,5.444444444444445,15.766666666666667,16.66444444444444,1021.1666666666666,8.666666666666666,9.81111111111111,0.0,2.808888888888889,22.3235,105.1009,10.304444444444444,10.92111111111111,11,48,2,18,1970-01-21 10:02:17.926666666,1970-01-21 10:02:57.246666666,Thu,,,
Tuyên Quang,Trung du miền núi Bắc Bộ,2025-11-27,16.444444444444443,23.177777777777777,11.2,15.333333333333334,21.733333333333334,9.977777777777778,0.0,0.0,0.0,0.0,61.55555555555556,11.833333333333334,30.944444444444443,16.737777777777776,1024.6444444444444,40.22222222222222,8.166666666666666,0.0,3.0944444444444446,22.3235,105.1009,10.291111111111112,10.91,11,48,3,15,1970-01-21 10:03:44.366666666,1970-01-21 10:04:23.640000000,Thu,,,
Tuyên Quang,Trung du miền núi Bắc Bộ,2025-11-28,15.333333333333334,22.62222222222222,9.088888888888889,14.266666666666667,21.866666666666667,7.2333333333333325,0.0,0.0,0.0,0.0,59.22222222222222,6.4111111111111105,16.88888888888889,17.049999999999997,1019.688888888889,11.0,6.777777777777778,0.0,2.864444444444444,22.3235,105.1009,10.315555555555555,10.9,11,48,3,1,1970-01-21 10:05:10.793333333,1970-01-21 10:05:50.040000000,Thu,,,
Tuyên Quang,Trung du miền núi Bắc Bộ,2025-11-29,15.311111111111112,22.044444444444444,9.777777777777779,14.544444444444444,21.666666666666668,8.355555555555556,0.0,0.0,0.0,0.0,63.111111111111114,5.911111111111111,17.311111111111114,16.862222222222222,1015.9444444444445,0.5555555555555556,7.822222222222223,0.0,2.8355555555555556,22.3235,105.1009,10.272222222222222,10.89,11,48,0,137,1970-01-21 10:06:37.246666666,1970-01-21 10:07:16.446666666,Thu,,,
Tuyên Quang,Trung du miền núi Bắc Bộ,2025-11-30,16.11111111111111,22.822222222222223,10.5,16.144444444444446,23.555555555555557,9.533333333333333,0.0,0.0,0.0,0.0,71.55555555555556,5.666666666666667,16.88888888888889,16.444444444444443,1014.5888888888888,1.1111111111111112,10.733333333333333,0.0,2.7844444444444445,22.3235,105.1009,10.194444444444445,10.88,11,48,0,20,1970-01-21 10:08:03.686666666,1970-01-21 10:08:42.846666666,Thu,,,
Tuyên Quang,Trung du miền núi Bắc Bộ,2025-12-01,17.799999999999997,23.744444444444447,13.077777777777778,18.577777777777776,24.799999999999997,12.955555555555556,0.011111111111111112,0.011111111111111112,0.0,0.1111111111111111,77.22222222222223,7.322222222222223,20.799999999999997,15.277777777777779,1015.0222222222224,36.111111111111114,13.488888888888889,0.0,2.6966666666666668,22.3235,105.1009,10.003333333333334,10.87,12,49,3,32,1970-01-21 10:09:30.120000000,1970-01-21 10:10:09.253333333,Đông,,,
Tuyên Quang,Trung du miền núi Bắc Bộ,2025-12-02,19.433333333333334,24.22222222222222,16.700000000000003,21.422222222222224,26.311111111111114,18.1,1.6,1.6,0.0,7.0,85.33333333333333,5.333333333333333,14.633333333333333,10.337777777777777,1014.311111111111,57.888888888888886,16.755555555555556,0.0,1.9244444444444444,22.3235,105.1009,6.8244444444444445,10.86,12,49,51,6,1970-01-21 10:10:56.566666666,1970-01-21 10:11:35.660000000,Đông,,,
Tuyên Quang,Trung du miền núi Bắc Bộ,2025-12-03,18.855555555555554,22.62222222222222,15.955555555555556,20.58888888888889,23.855555555555554,17.244444444444447,1.4555555555555555,1.4555555555555555,0.0,6.222222222222222,87.11111111111111,8.022222222222222,21.833333333333332,7.148888888888889,1019.5333333333333,78.0,16.522222222222222,0.0,1.4177777777777778,22.3235,105.1009,3.776666666666667,10.85,12,49,51,50,1970-01-21 10:12:23.013333333,1970-01-21 10:13:02.066666666,Đông,,,
Tuyên Quang,Trung du miền núi Bắc Bộ,2025-12-04,18.200000000000003,20.322222222222223,16.711111111111112,19.433333333333334,21.177777777777777,17.944444444444443,0.13333333333333333,0.13333333333333333,0.0,0.8888888888888888,83.22222222222223,6.288888888888889,17.155555555555555,6.739999999999999,1020.0666666666667,94.22222222222223,15.155555555555557,0.0,1.3155555555555556,22.3235,105.1009,2.64,10.841111111111111,12,49,3,35,1970-01-21 10:13:49.440000000,1970-01-21 10:14:28.480000000,Đông,,,
Tuyên Quang,Trung du miền núi Bắc Bộ,2025-12-05,17.799999999999997,18.755555555555556,16.966666666666665,19.577777777777776,20.455555555555556,18.533333333333335,2.0777777777777775,2.0777777777777775,0.0,9.222222222222221,91.22222222222223,5.0,13.288888888888888,3.354444444444445,1021.5555555555555,99.88888888888889,16.333333333333332,0.0,0.7322222222222222,22.3235,105.1009,0.0,10.831111111111111,12,49,51,57,1970-01-21 10:15:15.886666666,1970-01-21 10:15:54.886666666,Đông,,,
Tuyên Quang,Trung du miền núi Bắc Bộ,2025-12-06,18.11111111111111,20.344444444444445,16.51111111111111,19.62222222222222,21.155555555555555,18.1,0.3777777777777777,0.3777777777777777,0.0,3.3333333333333335,87.0,7.411111111111111,19.522222222222226,5.591111111111111,1019.2555555555556,96.88888888888889,15.833333333333334,0.0,1.1311111111111112,22.3235,105.1009,1.3944444444444446,10.826666666666666,12,49,51,138,1970-01-21 10:16:42.333333333,1970-01-21 10:17:21.293333333,Đông,,,
Tuyên Quang,Trung du miền núi Bắc Bộ,2025-12-07,19.077777777777776,22.6,17.12222222222222,21.188888888888886,24.822222222222223,18.866666666666667,2.988888888888889,2.988888888888889,0.0,10.333333333333334,88.55555555555556,5.155555555555555,15.766666666666667,8.758888888888889,1019.2,62.888888888888886,17.033333333333335,0.0,1.6133333333333333,22.3235,105.1009,5.633333333333333,10.818888888888887,12,49,51,24,1970-01-21 10:18:08.760000000,1970-01-21 10:18:47.706666666,Đông,,,
Tuyên Quang,Trung du miền núi Bắc Bộ,2025-12-08,18.744444444444444,23.188888888888886,16.144444444444442,20.288888888888888,24.022222222222226,17.48888888888889,2.388888888888889,2.388888888888889,0.0,6.666666666666667,83.33333333333333,6.011111111111111,16.933333333333334,11.285555555555556,1020.9,62.77777777777778,15.577777777777776,0.0,2.0644444444444443,22.3235,105.1009,8.761111111111111,10.81,12,50,53,51,1970-01-21 10:19:35.206666666,1970-01-21 10:20:14.120000000,Đông,,,
Tuyên Quang,Trung du miền núi Bắc Bộ,2025-12-09,17.88888888888889,21.933333333333337,14.322222222222225,18.87777777777778,22.62222222222222,14.988888888888887,0.4888888888888889,0.4888888888888889,0.0,2.6666666666666665,81.44444444444444,8.322222222222223,22.477777777777774,11.341111111111111,1019.4,31.0,14.5,0.0,2.0233333333333334,22.3235,105.1009,9.663333333333334,10.803333333333336,12,50,51,111,1970-01-21 10:21:01.646666666,1970-01-21 10:21:40.540000000,Đông,,,
Tuyên Quang,Trung du miền núi Bắc Bộ,2025-12-10,18.37777777777778,22.799999999999997,14.688888888888888,19.522222222222226,23.37777777777778,15.57777777777778,0.4666666666666667,0.4666666666666667,0.0,3.6666666666666665,80.33333333333333,6.866666666666666,19.833333333333332,12.591111111111111,1018.4444444444443,33.333333333333336,14.688888888888888,0.0,2.2411111111111115,22.3235,105.1009,9.912222222222224,10.79888888888889,12,50,51,32,1970-01-21 10:22:28.066666666,1970-01-21 10:23:06.953333333,Đông,,,
Tuyên Quang,Trung du miền núi Bắc Bộ,2025-12-11,18.077777777777776,21.9,14.52222222222222,19.37777777777778,23.133333333333333,15.122222222222222,0.9444444444444444,0.9444444444444444,0.0,1.6666666666666667,82.88888888888889,5.622222222222223,14.877777777777778,7.416666666666667,1018.5,74.44444444444444,15.0,0.0,1.4366666666666663,22.3235,105.1009,3.2222222222222223,10.791111111111112,12,50,51,2,1970-01-21 10:23:54.526666666,1970-01-21 10:24:33.366666666,Đông,,,
Tuyên Quang,Trung du miền núi Bắc Bộ,2025-12-12,18.366666666666667,21.188888888888886,15.97777777777778,20.27777777777778,22.844444444444445,17.51111111111111,0.7888888888888889,0.7888888888888889,0.0,3.6666666666666665,89.33333333333333,6.9,18.61111111111111,7.9433333333333325,1016.0888888888888,76.88888888888889,16.522222222222222,0.0,1.4311111111111112,22.3235,105.1009,4.108888888888889,10.788888888888888,12,50,51,141,1970-01-21 10:25:20.940000000,1970-01-21 10:25:59.786666666,Đông,,,
Tuyên Quang,Trung du miền núi Bắc Bộ,2025-12-13,19.966666666666665,24.022222222222226,17.255555555555556,21.177777777777777,24.077777777777776,17.688888888888886,1.8333333333333333,1.8333333333333333,0.0,6.444444444444445,80.0,12.844444444444443,33.03333333333333,6.888888888888889,1019.6555555555556,89.55555555555556,15.97777777777778,0.0,1.6755555555555557,22.3235,105.1009,3.7722222222222226,10.78111111111111,12,50,53,12,1970-01-21 10:26:47.386666666,1970-01-21 10:27:26.206666666,Đông,,,
Tuyên Quang,Trung du miền núi Bắc Bộ,2025-12-14,16.977777777777778,21.033333333333335,13.655555555555557,16.966666666666665,20.866666666666667,13.355555555555556,0.0,0.0,0.0,0.0,71.66666666666667,8.18888888888889,20.744444444444444,13.132222222222222,1022.2888888888888,32.111111111111114,11.6,0.0,2.292222222222222,22.3235,105.1009,9.97,10.78,12,50,3,90,1970-01-21 10:28:13.813333333,1970-01-21 10:28:52.620000000,Đông,,,
Tuyên Quang,Trung du miền núi Bắc Bộ,2025-12-15,15.744444444444444,20.477777777777774,11.72222222222222,15.577777777777776,20.37777777777778,11.244444444444444,0.0,0.0,0.0,0.0,73.33333333333333,8.422222222222222,22.700000000000003,15.232222222222225,1019.6444444444444,10.333333333333334,10.755555555555556,0.0,2.5211111111111113,22.3235,105.1009,10.0,10.778888888888888,12,51,3,121,1970-01-21 10:29:40.246666666,1970-01-21 10:30:19.046666666,Đông,,,
Tuyên Quang,Trung du miền núi Bắc Bộ,2025-12-16,17.444444444444443,20.477777777777774,15.077777777777776,18.41111111111111,20.966666666666665,15.7,0.3111111111111111,0.3111111111111111,0.0,2.111111111111111,81.66666666666667,6.333333333333333,17.822222222222223,7.977777777777778,1018.922222222222,87.0,14.166666666666666,0.0,1.4955555555555555,22.3235,105.1009,4.544444444444444,10.77111111111111,12,51,3,19,1970-01-21 10:31:06.686666666,1970-01-21 10:31:45.473333333,Đông,,,
Tuyên Quang,Trung du miền núi Bắc Bộ,2025-12-17,18.422222222222224,22.88888888888889,15.822222222222225,19.944444444444443,24.188888888888886,17.033333333333335,3.1333333333333337,3.1333333333333337,0.0,8.11111111111111,86.0,7.7555555555555555,20.62222222222222,10.851111111111113,1021.2555555555556,75.88888888888889,15.833333333333334,0.0,1.9744444444444444,22.3235,105.1009,8.676666666666668,10.77111111111111,12,51,53,8,1970-01-21 10:32:33.106666666,1970-01-21 10:33:11.893333333,Đông,,,
Tuyên Quang,Trung du miền núi Bắc Bộ,2025-12-18,18.4,22.533333333333335,15.288888888888888,19.77777777777778,23.27777777777778,16.455555555555556,0.5555555555555556,0.5555555555555556,0.0,3.4444444444444446,83.88888888888889,6.933333333333334,20.72222222222222,12.44888888888889,1019.3888888888888,48.77777777777778,15.377777777777778,0.0,2.214444444444444,22.3235,105.1009,8.953333333333333,10.77,12,51,51,104,1970-01-21 10:33:59.560000000,1970-01-21 10:34:38.326666666,Đông,,,
Tuyên Quang,Trung du miền núi Bắc Bộ,2025-12-19,18.62222222222222,22.799999999999997,14.677777777777775,19.91111111111111,23.477777777777774,15.766666666666667,0.0444444444444444,0.0444444444444444,0.0,0.4444444444444444,81.33333333333333,8.277777777777779,21.91111111111111,12.286666666666669,1015.0666666666668,45.888888888888886,15.155555555555557,0.0,2.21,22.3235,105.1009,9.898888888888887,10.768888888888888,12,51,3,178,1970-01-21 10:35:25.980000000,1970-01-21 10:36:04.746666666,Đông,,,
Tuyên Quang,Trung du miền núi Bắc Bộ,2025-12-20,19.11111111111111,23.14444444444445,16.566666666666666,20.966666666666665,24.62222222222222,18.055555555555557,1.2555555555555555,1.2555555555555555,0.0,7.333333333333333,85.22222222222223,5.766666666666667,16.433333333333334,10.128888888888888,1016.1222222222224,53.333333333333336,16.37777777777778,0.0,1.852222222222222,22.3235,105.1009,7.317777777777778,10.768888888888888,12,51,51,45,1970-01-21 10:36:52.426666666,1970-01-21 10:37:31.180000000,Đông,,,
Tuyên Quang,Trung du miền núi Bắc Bộ,2025-12-21,18.811111111111114,22.98888888888889,16.044444444444444,20.61111111111111,24.62222222222222,17.299999999999997,3.0444444444444443,3.0444444444444443,0.0,12.22222222222222,86.77777777777777,6.044444444444445,17.87777777777778,11.263333333333334,1018.6555555555556,53.888888888888886,16.366666666666667,0.0,2.0077777777777777,22.3235,105.1009,8.883333333333333,10.768888888888888,12,51,53,20,1970-01-21 10:38:18.840000000,1970-01-21 10:38:57.606666666,Đông,,,
Tuyên Quang,Trung du miền núi Bắc Bộ,2025-12-22,18.6,22.08888888888889,16.466666666666665,20.5,23.455555555555556,18.244444444444444,4.7444444444444445,4.7444444444444445,0.0,16.555555555555557,91.88888888888889,9.844444444444443,26.31111111111111,7.427777777777777,1015.6,76.55555555555556,17.211111111111112,0.0,1.3577777777777778,22.3235,105.1009,4.952222222222222,10.768888888888888,12,52,53,24,1970-01-21 10:39:45.286666666,1970-01-21 10:40:24.040000000,Đông,,,
Tuyên Quang,Trung du miền núi Bắc Bộ,2025-12-23,19.577777777777776,22.755555555555556,18.055555555555557,22.044444444444444,25.177777777777777,20.066666666666663,10.5,10.5,0.0,17.666666666666668,93.0,8.588888888888889,23.266666666666666,7.529999999999999,1014.1555555555556,80.66666666666667,18.344444444444445,0.0,1.3955555555555557,22.3235,105.1009,5.3133333333333335,10.768888888888888,12,52,61,88,1970-01-21 10:41:11.700000000,1970-01-21 10:41:50.466666666,Đông,,,
Tuyên Quang,Trung du miền núi Bắc Bộ,2025-12-24,19.344444444444445,21.566666666666663,17.48888888888889,21.766666666666666,24.155555555555555,19.0,13.233333333333333,13.233333333333333,0.0,20.0,93.33333333333331,9.366666666666667,22.733333333333334,6.303333333333333,1013.9555555555556,94.88888888888889,18.200000000000003,0.0,1.1966666666666663,22.3235,105.1009,3.4044444444444446,10.768888888888888,12,52,61,33,1970-01-21 10:42:38.146666666,1970-01-21 10:43:16.906666666,Đông,,,
Tuyên Quang,Trung du miền núi Bắc Bộ,2025-12-25,15.9,18.58888888888889,13.6,14.944444444444445,18.555555555555557,12.655555555555557,2.5444444444444447,2.5444444444444447,0.0,4.777777777777778,71.0,13.77777777777778,33.077777777777776,7.695555555555554,1021.0,86.22222222222223,10.333333333333334,0.0,1.7222222222222223,22.3235,105.1009,4.085555555555555,10.77,12,52,51,11,1970-01-21 10:44:04.560000000,1970-01-21 10:44:43.333333333,Đông,,,
Tuyên Quang,Trung du miền núi Bắc Bộ,2025-12-26,15.155555555555557,18.366666666666667,13.177777777777775,14.4,17.288888888888888,12.633333333333333,0.0,0.0,0.0,0.0,67.88888888888889,7.588888888888889,20.133333333333333,12.367777777777778,1020.5222222222224,62.888888888888886,9.044444444444444,0.0,2.1244444444444444,22.3235,105.1009,8.568888888888889,10.77111111111111,12,52,3,138,1970-01-21 10:45:31.000000000,1970-01-21 10:46:09.773333333,Đông,,,
Tuyên Quang,Trung du miền núi Bắc Bộ,2025-12-27,14.533333333333337,17.766666666666666,11.966666666666669,13.866666666666667,16.733333333333334,11.355555555555556,0.0,0.0,0.0,0.0,70.66666666666667,6.5888888888888895,18.533333333333335,10.873333333333331,1020.188888888889,67.55555555555556,9.044444444444444,0.0,1.8266666666666664,22.3235,105.1009,8.624444444444444,10.773333333333332,12,52,3,57,1970-01-21 10:46:57.406666666,1970-01-21 10:47:36.200000000,Đông,,,
Tuyên Quang,Trung du miền núi Bắc Bộ,2025-12-28,15.6,19.466666666666665,12.32222222222222,15.4,18.944444444444443,11.944444444444445,0.0,0.0,0.0,0.0,74.11111111111111,6.2444444444444445,17.244444444444444,9.815555555555555,1019.0222222222224,75.66666666666667,10.833333333333334,0.0,1.78,22.3235,105.1009,6.921111111111111,10.778888888888888,12,52,3,4,1970-01-21 10:48:23.846666666,1970-01-21 10:49:02.633333333,Đông,,,
Tuyên Quang,Trung du miền núi Bắc Bộ,2025-12-29,16.87777777777778,19.85555555555555,14.355555555555554,17.6,20.455555555555556,14.622222222222222,0.1555555555555555,0.1555555555555555,0.0,1.4444444444444444,80.11111111111111,4.722222222222222,14.244444444444444,6.726666666666667,1016.0888888888888,90.33333333333331,13.322222222222225,0.0,1.29,22.3235,105.1009,2.466666666666667,10.78111111111111,12,1,51,49,1970-01-21 10:49:50.266666666,1970-01-21 10:50:29.080000000,Đông,,,
Tuyên Quang,Trung du miền núi Bắc Bộ,2025-12-30,17.155555555555555,19.14444444444445,15.955555555555556,18.833333333333332,20.755555555555556,17.4,4.844444444444445,4.844444444444445,0.0,16.88888888888889,94.0,7.1,18.766666666666666,4.632222222222222,1015.0,96.66666666666669,16.12222222222222,0.0,0.8866666666666667,22.3235,105.1009,1.6377777777777776,10.786666666666669,12,1,53,2,1970-01-21 10:51:16.680000000,1970-01-21 10:51:55.513333333,Đông,,,
Tuyên Quang,Trung du miền núi Bắc Bộ,2025-12-31,18.833333333333332,22.422222222222224,17.044444444444444,20.37777777777778,23.200000000000003,18.633333333333333,5.388888888888889,5.388888888888889,0.0,16.11111111111111,89.44444444444444,10.322222222222225,26.366666666666667,10.132222222222222,1011.7111111111112,78.77777777777777,16.9,0.0,1.82,22.3235,105.1009,7.942222222222223,10.79,12,1,53,125,1970-01-21 10:52:43.113333333,1970-01-21 10:53:21.953333333,Đông,,,
Tuyên Quang,Trung du miền núi Bắc Bộ,2026-01-01,17.955555555555556,21.87777777777778,15.688888888888888,19.244444444444444,22.766666666666666,16.677777777777777,20.033333333333335,20.033333333333335,0.0,15.333333333333334,88.77777777777777,9.133333333333333,24.055555555555557,8.61111111111111,1016.2444444444444,83.66666666666667,15.955555555555556,0.0,1.59,22.3235,105.1009,7.33,10.793333333333331,1,1,65,41,1970-01-21 10:54:09.526666666,1970-01-21 10:54:48.380000000,Đông,,,
Tuyên Quang,Trung du miền núi Bắc Bộ,2026-01-02,14.855555555555554,16.166666666666668,13.155555555555557,15.0,17.255555555555556,12.744444444444444,4.144444444444444,4.144444444444444,0.0,11.333333333333334,86.77777777777777,7.288888888888888,18.066666666666663,3.826666666666666,1022.4333333333332,100.0,12.566666666666666,0.0,0.8255555555555556,22.3235,105.1009,0.0,10.8,1,1,53,40,1970-01-21 10:55:35.940000000,1970-01-21 10:56:14.813333333,Đông,,,
Tuyên Quang,Trung du miền núi Bắc Bộ,2026-01-03,13.366666666666667,14.955555555555556,12.044444444444444,13.044444444444444,14.333333333333334,11.744444444444444,1.2111111111111112,1.2111111111111112,0.0,7.111111111111111,84.55555555555556,6.977777777777778,18.11111111111111,4.12,1022.8444444444444,100.0,10.755555555555556,0.0,0.8500000000000001,22.3235,105.1009,0.0422222222222222,10.806666666666668,1,1,51,96,1970-01-21 10:57:02.353333333,1970-01-21 10:57:41.260000000,Đông,,,
Tuyên Quang,Trung du miền núi Bắc Bộ,2026-01-04,14.811111111111112,17.022222222222222,12.911111111111111,15.4,17.522222222222222,13.2,1.7999999999999998,1.7999999999999998,0.0,11.555555555555555,89.88888888888889,5.211111111111111,14.800000000000002,4.104444444444444,1020.5333333333332,100.0,13.11111111111111,0.0,0.8188888888888889,22.3235,105.1009,0.0055555555555555,10.811111111111112,1,1,51,30,1970-01-21 10:58:28.773333333,1970-01-21 10:59:07.693333333,Đông,,,
Tuyên Quang,Trung du miền núi Bắc Bộ,2026-01-05,14.7,15.7,13.333333333333334,14.922222222222224,16.544444444444444,13.022222222222222,5.711111111111111,5.711111111111111,0.0,12.77777777777778,88.0,8.255555555555555,20.38888888888889,4.13,1022.2111111111112,100.0,12.633333333333333,0.0,0.83,22.3235,105.1009,0.0355555555555555,10.82,1,2,53,31,1970-01-21 10:59:55.186666666,1970-01-21 11:00:34.133333333,Đông,,,
Tuyên Quang,Trung du miền núi Bắc Bộ,2026-01-06,12.433333333333334,13.766666666666667,10.333333333333334,11.866666666666667,13.244444444444444,9.666666666666666,3.311111111111111,3.311111111111111,0.0,10.22222222222222,83.88888888888889,8.411111111111111,21.755555555555556,3.861111111111111,1026.7666666666669,92.55555555555556,9.633333333333333,0.0,0.8133333333333334,22.3235,105.1009,0.0011111111111111,10.82888888888889,1,2,53,9,1970-01-21 11:01:21.586666666,1970-01-21 11:02:00.566666666,Đông,,,
Tuyên Quang,Trung du miền núi Bắc Bộ,2026-01-07,12.988888888888887,17.51111111111111,8.944444444444445,12.18888888888889,16.477777777777778,8.18888888888889,0.0,0.0,0.0,0.0,75.11111111111111,7.0,19.01111111111111,11.99,1026.5444444444445,48.0,8.233333333333333,0.0,1.958888888888889,22.3235,105.1009,8.327777777777778,10.833333333333334,1,2,3,53,1970-01-21 11:02:48.000000000,1970-01-21 11:03:27.013333333,Đông,,,
Tuyên Quang,Trung du miền núi Bắc Bộ,2026-01-08,13.555555555555555,18.61111111111111,9.7,12.7,17.766666666666666,8.855555555555556,0.0,0.0,0.0,0.0,71.66666666666667,6.211111111111111,18.022222222222226,12.344444444444443,1026.2333333333331,42.55555555555556,8.066666666666666,0.0,2.0833333333333335,22.3235,105.1009,7.485555555555556,10.841111111111111,1,2,3,38,1970-01-21 11:04:14.426666666,1970-01-21 11:04:53.453333333,Đông,,,
Tuyên Quang,Trung du miền núi Bắc Bộ,2026-01-09,13.766666666666667,19.266666666666666,9.077777777777778,12.933333333333334,18.211111111111112,8.044444444444444,0.0,0.0,0.0,0.0,71.0,7.077777777777778,20.166666666666668,14.262222222222224,1022.688888888889,43.77777777777778,8.277777777777779,0.0,2.3355555555555556,22.3235,105.1009,10.013333333333334,10.851111111111113,1,2,3,60,1970-01-21 11:05:40.833333333,1970-01-21 11:06:19.900000000,Đông,,,
Tuyên Quang,Trung du miền núi Bắc Bộ,2026-01-10,14.177777777777775,19.733333333333334,9.18888888888889,13.61111111111111,18.866666666666667,8.3,0.0,0.0,0.0,0.0,72.55555555555556,7.177777777777777,20.211111111111112,14.53,1020.9444444444443,45.666666666666664,9.033333333333331,0.0,2.3722222222222222,22.3235,105.1009,10.017777777777775,10.86,1,2,3,141,1970-01-21 11:07:07.246666666,1970-01-21 11:07:46.333333333,Đông,,,
Tuyên Quang,Trung du miền núi Bắc Bộ,2026-01-11,15.58888888888889,21.077777777777776,11.444444444444445,15.044444444444444,20.133333333333336,11.055555555555555,0.0222222222222222,0.0222222222222222,0.0,0.2222222222222222,69.11111111111111,9.7,24.51111111111111,14.322222222222225,1023.0333333333332,34.55555555555556,9.477777777777778,0.0,2.5144444444444445,22.3235,105.1009,10.07888888888889,10.87,1,2,3,101,1970-01-21 11:08:33.646666666,1970-01-21 11:09:12.773333333,Đông,,,
Tuyên Quang,Trung du miền núi Bắc Bộ,2026-01-12,14.9,20.299999999999997,10.244444444444444,14.5,19.844444444444445,9.4,0.0,0.0,0.0,0.0,73.77777777777777,8.366666666666667,21.577777777777776,13.491111111111111,1020.7777777777778,31.666666666666668,9.977777777777778,0.0,2.2733333333333334,22.3235,105.1009,9.70111111111111,10.88,1,3,3,69,1970-01-21 11:10:00.046666666,1970-01-21 11:10:39.226666666,Đông,,,
Tuyên Quang,Trung du miền núi Bắc Bộ,2026-01-13,15.966666666666663,21.977777777777774,10.8,16.133333333333336,21.98888888888889,10.511111111111113,0.0222222222222222,0.0222222222222222,0.0,0.2222222222222222,77.44444444444444,6.488888888888889,17.87777777777778,14.417777777777776,1019.4111111111112,13.0,11.677777777777775,0.0,2.466666666666667,22.3235,105.1009,10.005555555555556,10.89,1,3,1,4,1970-01-21 11:11:26.446666666,1970-01-21 11:12:05.660000000,Đông,,,
Tuyên Quang,Trung du miền núi Bắc Bộ,2026-01-14,16.299999999999997,21.233333333333334,11.533333333333331,16.62222222222222,21.522222222222226,11.411111111111111,0.0,0.0,0.0,0.0,79.44444444444444,8.711111111111112,23.12222222222222,12.233333333333333,1016.188888888889,33.333333333333336,12.511111111111113,0.0,2.1255555555555556,22.3235,105.1009,9.466666666666669,10.901111111111112,1,3,3,47,1970-01-21 11:12:52.846666666,1970-01-21 11:13:32.106666666,Đông,,,
Tuyên Quang,Trung du miền núi Bắc Bộ,2026-01-15,16.788888888888888,18.444444444444443,15.511111111111113,18.299999999999997,19.944444444444443,16.455555555555556,5.2555555555555555,5.2555555555555555,0.0,10.444444444444445,92.11111111111111,4.711111111111111,13.377777777777778,3.73,1016.5111111111112,100.0,15.466666666666663,0.0,0.7744444444444444,22.3235,105.1009,0.0455555555555555,10.913333333333334,1,3,61,7,1970-01-21 11:14:19.246666666,1970-01-21 11:14:58.553333333,Đông,,,
Tuyên Quang,Trung du miền núi Bắc Bộ,2026-01-16,18.211111111111112,21.922222222222224,16.22222222222222,19.966666666666665,23.244444444444444,17.866666666666667,1.7999999999999998,1.7999999999999998,0.0,8.444444444444445,88.88888888888889,6.488888888888889,18.08888888888889,7.385555555555555,1012.8555555555556,82.66666666666667,16.233333333333334,0.0,1.401111111111111,22.3235,105.1009,3.478888888888889,10.926666666666668,1,3,51,7,1970-01-21 11:15:45.646666666,1970-01-21 11:16:24.986666666,Đông,,,
Tuyên Quang,Trung du miền núi Bắc Bộ,2026-01-17,19.211111111111112,23.77777777777778,15.866666666666667,21.166666666666668,25.41111111111111,17.48888888888889,2.988888888888889,2.988888888888889,0.0,8.11111111111111,87.33333333333333,6.266666666666667,17.155555555555555,11.898888888888887,1012.2333333333332,61.666666666666664,16.844444444444445,0.0,2.192222222222222,22.3235,105.1009,7.953333333333333,10.94,1,3,51,59,1970-01-21 11:17:12.046666666,1970-01-21 11:17:51.433333333,Đông,,,
Tuyên Quang,Trung du miền núi Bắc Bộ,2026-01-18,19.533333333333335,23.87777777777778,17.41111111111111,21.299999999999997,24.666666666666668,19.366666666666667,1.8555555555555552,1.8555555555555552,0.0,9.77777777777778,85.88888888888889,8.722222222222221,23.055555555555557,11.392222222222223,1011.3555555555556,67.55555555555556,16.9,0.0,2.118888888888889,22.3235,105.1009,7.381111111111112,10.95,1,3,51,145,1970-01-21 11:18:38.446666666,1970-01-21 11:19:17.873333333,Đông,,,
Tuyên Quang,Trung du miền núi Bắc Bộ,2026-01-19,19.9,23.555555555555557,17.944444444444443,21.58888888888889,24.266666666666666,19.766666666666666,2.0777777777777775,2.0777777777777775,0.0,10.22222222222222,85.66666666666667,10.955555555555556,27.655555555555555,10.104444444444445,1011.7888888888888,75.55555555555556,17.244444444444444,0.0,1.9422222222222223,22.3235,105.1009,7.065555555555556,10.963333333333331,1,4,51,118,1970-01-21 11:20:04.846666666,1970-01-21 11:20:44.320000000,Đông,,,
Tuyên Quang,Trung du miền núi Bắc Bộ,2026-01-20,20.200000000000003,23.966666666666665,17.955555555555556,22.14444444444445,25.211111111111112,19.933333333333337,4.133333333333334,4.133333333333334,0.0,13.444444444444445,87.44444444444444,10.422222222222222,26.35555555555556,11.936666666666667,1014.1666666666666,69.11111111111111,17.855555555555554,0.0,2.2211111111111115,22.3235,105.1009,9.008888888888889,10.976666666666668,1,4,53,129,1970-01-21 11:21:31.246666666,1970-01-21 11:22:10.760000000,Đông,,,
Tuyên Quang,Trung du miền núi Bắc Bộ,2026-01-21,15.355555555555554,18.544444444444444,12.766666666666667,15.677777777777775,20.433333333333337,12.422222222222222,7.477777777777778,7.477777777777778,0.0,20.444444444444443,90.66666666666669,10.8,26.477777777777774,3.187777777777778,1019.2555555555556,99.11111111111111,13.8,0.0,0.7144444444444444,22.3235,105.1009,0.0055555555555555,10.99,1,4,53,55,1970-01-21 11:22:57.646666666,1970-01-21 11:23:37.200000000,Đông,,,
Tuyên Quang,Trung du miền núi Bắc Bộ,2026-01-22,11.81111111111111,13.033333333333331,10.488888888888887,10.9,12.511111111111113,9.255555555555556,2.488888888888889,2.488888888888889,0.0,12.0,84.33333333333333,7.344444444444444,18.333333333333332,3.8788888888888886,1024.288888888889,100.0,9.155555555555557,0.0,0.7822222222222223,22.3235,105.1009,0.0,11.002222222222224,1,4,51,43,1970-01-21 11:24:24.033333333,1970-01-21 11:25:03.640000000,Đông,,,
Tuyên Quang,Trung du miền núi Bắc Bộ,2026-01-23,11.855555555555556,14.944444444444445,9.877777777777778,10.68888888888889,13.588888888888889,8.544444444444444,0.0,0.0,0.0,0.0,75.22222222222223,7.21111111111111,19.255555555555556,8.321111111111112,1024.4666666666667,94.66666666666669,7.544444444444445,0.0,1.4144444444444444,22.3235,105.1009,3.4099999999999997,11.017777777777775,1,4,3,131,1970-01-21 11:25:50.426666666,1970-01-21 11:26:30.080000000,Đông,,,
Tuyên Quang,Trung du miền núi Bắc Bộ,2026-01-24,12.5,14.444444444444445,10.788888888888888,11.922222222222222,13.577777777777778,10.211111111111112,0.0,0.0,0.0,0.0,81.11111111111111,6.555555555555555,17.11111111111111,5.023333333333333,1022.3222222222222,100.0,9.288888888888888,0.0,0.97,22.3235,105.1009,0.0344444444444444,11.03,1,4,3,105,1970-01-21 11:27:16.800000000,1970-01-21 11:27:56.520000000,Đông,,,
Tuyên Quang,Trung du miền núi Bắc Bộ,2026-01-25,14.4,17.477777777777778,11.9,14.655555555555557,17.833333333333332,11.822222222222225,0.1777777777777777,0.1777777777777777,0.0,1.7777777777777777,86.33333333333333,5.5,15.52222222222222,6.226666666666667,1018.1555555555556,99.22222222222224,12.088888888888889,0.0,1.1344444444444446,22.3235,105.1009,0.7766666666666667,11.047777777777778,1,4,3,33,1970-01-21 11:28:43.186666666,1970-01-21 11:29:22.960000000,Đông,,,
Tuyên Quang,Trung du miền núi Bắc Bộ,2026-01-26,16.933333333333334,20.77777777777778,14.666666666666666,18.077777777777776,21.766666666666666,15.4,1.0666666666666669,1.0666666666666669,0.0,6.222222222222222,87.33333333333333,6.2444444444444445,17.444444444444443,7.152222222222223,1019.6333333333334,84.44444444444444,14.677777777777775,0.0,1.348888888888889,22.3235,105.1009,3.074444444444444,11.06,1,5,51,33,1970-01-21 11:30:09.586666666,1970-01-21 11:30:49.400000000,Đông,,,
Tuyên Quang,Trung du miền núi Bắc Bộ,2026-01-27,17.87777777777778,21.522222222222226,16.022222222222222,19.466666666666665,22.666666666666668,17.62222222222222,2.8111111111111113,2.8111111111111113,0.0,12.77777777777778,90.0,6.7555555555555555,19.188888888888886,7.653333333333332,1020.1,84.22222222222223,16.1,0.0,1.413333333333333,22.3235,105.1009,3.967777777777778,11.077777777777778,1,5,51,82,1970-01-21 11:31:35.973333333,1970-01-21 11:32:15.846666666,Đông,,,
Tuyên Quang,Trung du miền núi Bắc Bộ,2026-01-28,18.055555555555557,21.311111111111114,15.833333333333334,19.08888888888889,21.366666666666667,17.188888888888886,0.911111111111111,0.911111111111111,0.0,6.0,84.11111111111111,10.11111111111111,25.844444444444445,6.665555555555556,1019.4777777777776,94.33333333333331,15.122222222222222,0.0,1.4122222222222225,22.3235,105.1009,1.7244444444444444,11.092222222222222,1,5,51,139,1970-01-21 11:33:02.346666666,1970-01-21 11:33:42.280000000,Đông,,,
Tuyên Quang,Trung du miền núi Bắc Bộ,2026-01-29,17.066666666666666,20.177777777777777,14.97777777777778,18.066666666666663,21.299999999999997,15.755555555555556,0.5444444444444445,0.5444444444444445,0.0,4.777777777777778,87.55555555555556,8.266666666666667,21.35555555555555,6.214444444444444,1016.7666666666668,79.66666666666667,14.944444444444445,0.0,1.1966666666666663,22.3235,105.1009,2.2422222222222223,11.11,1,5,51,45,1970-01-21 11:34:28.726666666,1970-01-21 11:35:08.720000000,Đông,,,
Tuyên Quang,Trung du miền núi Bắc Bộ,2026-01-30,19.433333333333337,23.733333333333334,16.944444444444443,21.333333333333332,24.977777777777774,18.711111111111112,1.4333333333333331,1.4333333333333331,0.0,8.222222222222221,85.88888888888889,8.422222222222222,22.177777777777777,10.676666666666668,1017.3444444444444,85.77777777777777,16.811111111111114,0.0,2.0244444444444443,22.3235,105.1009,7.257777777777777,11.127777777777778,1,5,51,134,1970-01-21 11:35:55.113333333,1970-01-21 11:36:35.166666666,Đông,,,
Tuyên Quang,Trung du miền núi Bắc Bộ,2026-01-31,17.211111111111112,18.4,16.0,18.233333333333334,20.566666666666663,16.61111111111111,8.988888888888889,8.988888888888889,0.0,11.666666666666666,86.44444444444444,9.944444444444445,24.288888888888888,4.1755555555555555,1021.2777777777778,98.11111111111111,14.8,0.0,0.92,22.3235,105.1009,0.0,11.142222222222223,1,5,63,33,1970-01-21 11:37:21.486666666,1970-01-21 11:38:01.600000000,Đông,,,
Tuyên Quang,Trung du miền núi Bắc Bộ,2026-02-01,15.97777777777778,17.22222222222222,14.811111111111112,16.344444444444445,17.72222222222222,14.6,0.8,0.8,0.0,5.333333333333333,81.0,6.322222222222222,16.155555555555555,4.51,1022.577777777778,100.0,12.633333333333333,0.0,0.977777777777778,22.3235,105.1009,0.0011111111111111,11.16,2,5,51,39,1970-01-21 11:38:47.866666666,1970-01-21 11:39:28.040000000,Đông,,,
Tuyên Quang,Trung du miền núi Bắc Bộ,2026-02-02,15.066666666666666,16.177777777777777,12.844444444444443,15.377777777777778,16.744444444444444,13.155555555555557,1.1888888888888889,1.1888888888888889,0.0,7.888888888888889,84.11111111111111,5.477777777777778,14.077777777777778,4.051111111111111,1024.5111111111112,92.55555555555556,12.333333333333334,0.0,0.8577777777777778,22.3235,105.1009,0.0388888888888888,11.177777777777775,2,6,51,34,1970-01-21 11:40:14.246666666,1970-01-21 11:40:54.480000000,Đông,,,
Tuyên Quang,Trung du miền núi Bắc Bộ,2026-02-03,15.633333333333333,18.58888888888889,12.8,15.844444444444443,18.022222222222226,13.18888888888889,0.0222222222222222,0.0222222222222222,0.0,0.2222222222222222,81.55555555555556,8.544444444444444,22.08888888888889,7.569999999999999,1022.9444444444443,95.22222222222224,12.333333333333334,0.0,1.48,22.3235,105.1009,1.8777777777777775,11.19222222222222,2,6,3,144,1970-01-21 11:41:40.613333333,1970-01-21 11:42:20.920000000,Đông,,,
Tuyên Quang,Trung du miền núi Bắc Bộ,2026-02-04,16.788888888888888,20.666666666666668,13.655555555555557,17.444444444444443,20.92222222222222,14.244444444444444,0.0999999999999999,0.0999999999999999,0.0,1.0,82.77777777777777,8.477777777777778,22.066666666666663,9.952222222222222,1017.9,79.11111111111111,13.7,0.0,1.8111111111111111,22.3235,105.1009,6.087777777777777,11.212222222222223,2,6,51,86,1970-01-21 11:43:07.000000000,1970-01-21 11:43:47.346666666,Đông,,,
Tuyên Quang,Trung du miền núi Bắc Bộ,2026-02-05,18.266666666666666,23.333333333333332,15.4,19.64444444444444,24.266666666666666,16.48888888888889,0.0666666666666666,0.0666666666666666,0.0,0.6666666666666666,84.66666666666667,8.488888888888889,21.88888888888889,10.812222222222225,1014.7444444444444,70.44444444444444,15.444444444444445,0.0,2.0344444444444445,22.3235,105.1009,6.322222222222222,11.23,2,6,3,38,1970-01-21 11:44:33.366666666,1970-01-21 11:45:13.793333333,Đông,,,
Tuyên Quang,Trung du miền núi Bắc Bộ,2026-02-06,20.233333333333334,25.688888888888886,16.62222222222222,22.188888888888886,27.344444444444445,18.211111111111112,0.5111111111111111,0.5111111111111111,0.0,3.6666666666666665,82.33333333333333,6.533333333333333,18.066666666666663,12.382222222222222,1013.9888888888888,62.55555555555556,16.87777777777778,0.0,2.395555555555555,22.3235,105.1009,8.113333333333333,11.247777777777776,2,6,51,16,1970-01-21 11:45:59.746666666,1970-01-21 11:46:40.233333333,Đông,,,
Tuyên Quang,Trung du miền núi Bắc Bộ,2026-02-07,19.522222222222226,22.88888888888889,17.522222222222222,21.700000000000003,24.58888888888889,19.32222222222222,8.944444444444445,8.944444444444445,0.0,21.22222222222222,91.44444444444444,9.877777777777778,26.9,8.273333333333333,1016.1555555555556,92.44444444444444,18.0,0.0,1.587777777777778,22.3235,105.1009,3.998888888888889,11.266666666666666,2,6,55,9,1970-01-21 11:47:26.106666666,1970-01-21 11:48:06.666666666,Đông,,,
Tuyên Quang,Trung du miền núi Bắc Bộ,2026-02-08,15.488888888888887,18.077777777777776,12.511111111111113,15.955555555555556,20.155555555555555,12.411111111111111,10.22222222222222,10.22222222222222,0.0,20.11111111111111,90.66666666666669,10.266666666666667,25.122222222222224,3.63,1022.5,100.0,13.88888888888889,0.0,0.8177777777777777,22.3235,105.1009,0.0,11.283333333333331,2,6,55,42,1970-01-21 11:48:52.486666666,1970-01-21 11:49:33.100000000,Đông,,,
Tuyên Quang,Trung du miền núi Bắc Bộ,2026-02-09,13.844444444444443,17.255555555555556,11.3,13.555555555555555,16.477777777777778,11.077777777777778,2.4000000000000004,2.4000000000000004,0.0,7.555555555555555,85.44444444444444,8.455555555555556,22.58888888888889,10.242222222222225,1020.811111111111,93.88888888888889,11.27777777777778,0.0,1.731111111111111,22.3235,105.1009,6.082222222222223,11.302222222222222,2,7,53,147,1970-01-21 11:50:18.846666666,1970-01-21 11:50:59.533333333,Đông,,,
Tuyên Quang,Trung du miền núi Bắc Bộ,2026-02-10,16.022222222222222,19.98888888888889,13.066666666666666,16.555555555555557,20.37777777777778,13.255555555555556,0.0333333333333333,0.0333333333333333,0.0,0.3333333333333333,83.66666666666667,7.4,19.811111111111114,8.997777777777777,1018.7444444444444,96.11111111111111,13.122222222222222,0.0,1.6455555555555557,22.3235,105.1009,3.3133333333333335,11.322222222222225,2,7,3,117,1970-01-21 11:51:45.226666666,1970-01-21 11:52:25.980000000,Đông,,,
Tuyên Quang,Trung du miền núi Bắc Bộ,2026-02-11,16.966666666666665,18.799999999999997,15.966666666666663,18.288888888888888,19.85555555555555,17.133333333333333,2.911111111111111,2.911111111111111,0.0,11.22222222222222,90.0,5.6,15.822222222222225,4.427777777777778,1020.3444444444444,100.0,15.233333333333333,0.0,0.9177777777777778,22.3235,105.1009,0.0366666666666666,11.337777777777776,2,7,53,38,1970-01-21 11:53:11.580000000,1970-01-21 11:53:52.413333333,Đông,,,
Tuyên Quang,Trung du miền núi Bắc Bộ,2026-02-12,17.077777777777776,19.266666666666666,15.466666666666663,18.577777777777776,20.48888888888889,16.87777777777778,1.7999999999999998,1.7999999999999998,0.0,13.444444444444445,90.77777777777776,5.922222222222222,15.677777777777775,5.148888888888889,1017.8333333333334,100.0,15.511111111111113,0.0,1.0477777777777777,22.3235,105.1009,0.0277777777777777,11.357777777777777,2,7,51,122,1970-01-21 11:54:37.960000000,1970-01-21 11:55:18.846666666,Đông,,,
Tuyên Quang,Trung du miền núi Bắc Bộ,2026-02-13,19.077777777777776,22.288888888888888,17.0,21.35555555555555,24.077777777777776,18.933333333333337,3.3333333333333335,3.3333333333333335,0.0,15.333333333333334,92.11111111111111,7.888888888888889,20.444444444444443,6.083333333333333,1015.3666666666666,95.22222222222224,17.677777777777777,0.0,1.221111111111111,22.3235,105.1009,1.767777777777778,11.376666666666669,2,7,51,22,1970-01-21 11:56:04.313333333,1970-01-21 11:56:45.280000000,Đông,,,
Tuyên Quang,Trung du miền núi Bắc Bộ,2026-02-14,20.788888888888888,24.211111111111112,18.755555555555553,23.133333333333333,25.833333333333332,21.266666666666666,1.5444444444444445,1.5444444444444445,0.0,8.333333333333334,87.33333333333333,10.17777777777778,25.922222222222224,9.574444444444444,1014.8,89.44444444444444,18.455555555555556,0.0,1.917777777777778,22.3235,105.1009,5.191111111111111,11.396666666666668,2,7,51,118,1970-01-21 11:57:30.680000000,1970-01-21 11:58:11.706666666,Đông,,,
Tuyên Quang,Trung du miền núi Bắc Bộ,2026-02-15,21.133333333333336,24.666666666666668,18.833333333333332,23.533333333333335,26.322222222222223,21.48888888888889,0.7555555555555555,0.7555555555555555,0.0,6.222222222222222,85.66666666666667,10.066666666666666,25.799999999999997,9.546666666666669,1013.6333333333334,83.22222222222223,18.466666666666665,0.0,1.941111111111111,22.3235,105.1009,4.988888888888889,11.416666666666666,2,7,51,101,1970-01-21 11:58:57.046666666,1970-01-21 11:59:38.140000000,Đông,,,
Tuyên Quang,Trung du miền núi Bắc Bộ,2026-02-16,21.477777777777774,26.27777777777778,18.522222222222226,23.922222222222224,28.11111111111111,20.933333333333337,0.2555555555555555,0.2555555555555555,0.0,2.0,83.33333333333333,10.177777777777775,26.155555555555555,12.233333333333333,1013.9777777777776,72.11111111111111,18.311111111111114,0.0,2.4588888888888887,22.3235,105.1009,7.644444444444444,11.436666666666666,2,8,3,105,1970-01-21 12:00:23.400000000,1970-01-21 12:01:04.566666666,Đông,,,
Tuyên Quang,Trung du miền núi Bắc Bộ,2026-02-17,20.955555555555556,24.255555555555556,18.58888888888889,22.944444444444443,25.61111111111111,20.433333333333337,2.0777777777777775,2.0777777777777775,0.0,8.555555555555555,83.44444444444444,10.7,27.811111111111114,10.518888888888888,1016.9111111111112,81.44444444444444,17.799999999999997,0.0,2.163333333333333,22.3235,105.1009,7.138888888888889,11.456666666666669,2,8,51,37,1970-01-21 12:01:49.766666666,1970-01-21 12:02:31.000000000,Đông,,,
Tuyên Quang,Trung du miền núi Bắc Bộ,2026-02-18,17.944444444444443,19.22222222222222,16.299999999999997,19.299999999999997,20.85555555555555,17.688888888888886,2.7222222222222223,2.7222222222222223,0.0,9.666666666666666,86.55555555555556,6.522222222222222,16.533333333333335,3.5266666666666664,1020.5555555555557,100.0,15.6,0.0,0.8488888888888888,22.3235,105.1009,0.0,11.476666666666668,2,8,53,36,1970-01-21 12:03:16.126666666,1970-01-21 12:03:57.426666666,Đông,,,
Tuyên Quang,Trung du miền núi Bắc Bộ,2026-02-19,17.41111111111111,19.6,15.955555555555556,18.755555555555556,20.466666666666665,17.366666666666667,2.3333333333333335,2.3333333333333335,0.0,12.555555555555555,88.88888888888889,6.088888888888889,15.8,4.942222222222223,1022.1444444444444,100.0,15.444444444444445,0.0,1.0599999999999998,22.3235,105.1009,0.1644444444444444,11.496666666666666,2,8,51,23,1970-01-21 12:04:42.473333333,1970-01-21 12:05:23.860000000,Đông,,,
Tuyên Quang,Trung du miền núi Bắc Bộ,2026-02-20,17.922222222222224,21.4,15.8,19.311111111111114,22.11111111111111,17.211111111111112,0.8222222222222222,0.8222222222222222,0.0,6.444444444444445,85.77777777777777,7.144444444444444,19.311111111111114,8.93,1019.577777777778,83.88888888888889,15.333333333333334,0.0,1.7244444444444444,22.3235,105.1009,4.18,11.516666666666666,2,8,51,162,1970-01-21 12:06:08.833333333,1970-01-21 12:06:50.286666666,Đông,,,
Tuyên Quang,Trung du miền núi Bắc Bộ,2026-02-21,19.311111111111114,23.85555555555555,16.91111111111111,20.966666666666665,25.200000000000003,18.35555555555555,0.1777777777777777,0.1777777777777777,0.0,1.6666666666666667,84.66666666666667,9.3,24.666666666666668,10.764444444444443,1010.2888888888888,65.55555555555556,16.53333333333333,0.0,2.054444444444444,22.3235,105.1009,5.5488888888888885,11.536666666666669,2,8,51,133,1970-01-21 12:07:35.200000000,1970-01-21 12:08:16.720000000,Đông,,,
Tuyên Quang,Trung du miền núi Bắc Bộ,2026-02-22,20.788888888888888,24.788888888888888,17.6,23.444444444444443,26.955555555555556,19.38888888888889,4.444444444444445,4.444444444444445,0.0,12.444444444444445,88.66666666666667,9.27777777777778,23.266666666666666,8.100000000000001,1009.8,91.77777777777776,18.72222222222222,0.0,1.6855555555555557,22.3235,105.1009,3.2444444444444445,11.556666666666668,2,8,53,121,1970-01-21 12:09:01.553333333,1970-01-21 12:09:43.146666666,Đông,,,
Tuyên Quang,Trung du miền núi Bắc Bộ,2026-02-23,20.733333333333334,23.666666666666668,18.51111111111111,23.733333333333334,26.211111111111112,20.88888888888889,25.85555555555555,25.85555555555555,0.0,15.0,92.33333333333331,8.711111111111112,25.533333333333335,6.966666666666667,1010.1333333333334,96.22222222222224,19.37777777777778,0.0,1.3955555555555557,22.3235,105.1009,2.228888888888889,11.576666666666666,2,9,63,25,1970-01-21 12:10:27.900000000,1970-01-21 12:11:09.580000000,Đông,,,
Tuyên Quang,Trung du miền núi Bắc Bộ,2026-02-24,21.91111111111111,24.533333333333335,20.333333333333332,25.288888888888888,27.055555555555557,23.799999999999997,2.1222222222222222,2.1222222222222222,0.0,10.333333333333334,91.22222222222224,9.044444444444444,22.933333333333337,6.416666666666667,1011.688888888889,99.44444444444444,20.333333333333332,0.0,1.3844444444444444,22.3235,105.1009,1.3433333333333333,11.598888888888888,2,9,51,161,1970-01-21 12:11:54.253333333,1970-01-21 12:12:36.006666666,Đông,,,
Tuyên Quang,Trung du miền núi Bắc Bộ,2026-02-25,21.5,23.85555555555555,20.166666666666668,24.88888888888889,26.51111111111111,23.08888888888889,5.066666666666666,5.066666666666666,0.0,13.0,92.44444444444444,6.711111111111111,17.811111111111114,6.014444444444445,1012.311111111111,89.33333333333333,20.177777777777777,0.0,1.2066666666666666,22.3235,105.1009,2.638888888888889,11.62111111111111,2,9,61,105,1970-01-21 12:13:20.613333333,1970-01-21 12:14:02.440000000,Đông,,,
Tuyên Quang,Trung du miền núi Bắc Bộ,2026-02-26,20.766666666666666,24.177777777777777,18.85555555555555,23.422222222222224,25.64444444444445,21.22222222222222,3.966666666666667,3.966666666666667,0.0,11.11111111111111,89.22222222222223,10.555555555555555,26.61111111111111,7.805555555555555,1009.6111111111112,71.55555555555556,18.799999999999997,0.0,1.588888888888889,22.3235,105.1009,4.747777777777777,11.641111111111112,2,9,61,144,1970-01-21 12:14:46.966666666,1970-01-21 12:15:28.866666666,Đông,,,
Tuyên Quang,Trung du miền núi Bắc Bộ,2026-02-27,22.211111111111112,27.01111111111111,18.77777777777778,24.88888888888889,29.0,21.244444444444444,1.7666666666666666,1.7666666666666666,0.0,4.666666666666667,82.22222222222223,10.3,28.93333333333333,14.793333333333331,1006.9555555555556,63.77777777777778,18.755555555555556,0.0,2.9855555555555555,22.3235,105.1009,9.805555555555555,11.663333333333334,2,9,53,139,1970-01-21 12:16:13.313333333,1970-01-21 12:16:55.300000000,Đông,,,
Tuyên Quang,Trung du miền núi Bắc Bộ,2026-02-28,22.433333333333337,27.577777777777776,18.811111111111114,25.666666666666668,30.54444444444444,20.966666666666665,5.811111111111111,5.811111111111111,0.0,9.444444444444445,87.44444444444444,9.977777777777778,29.88888888888889,12.665555555555557,1005.5111111111112,66.66666666666667,20.08888888888889,0.0,2.5677777777777777,22.3235,105.1009,8.101111111111111,11.683333333333332,2,9,61,56,1970-01-21 12:17:39.666666666,1970-01-21 12:18:21.726666666,Đông,,,
Tuyên Quang,Trung du miền núi Bắc Bộ,2026-03-01,24.177777777777777,28.67777777777778,21.188888888888886,28.0,31.95555555555556,24.92222222222222,1.9333333333333331,1.9333333333333331,0.0,7.666666666666667,84.44444444444444,9.088888888888889,26.511111111111113,14.275555555555554,1005.5555555555557,55.22222222222222,21.1,0.0,2.9522222222222223,22.3235,105.1009,8.93888888888889,11.703333333333331,3,9,51,7,1970-01-21 12:19:06.020000000,1970-01-21 12:19:48.160000000,Xuân,,,
Tuyên Quang,Trung du miền núi Bắc Bộ,2026-03-02,24.27777777777778,29.700000000000003,20.288888888888888,27.98888888888889,33.5,23.244444444444444,3.577777777777778,3.577777777777778,0.0,7.222222222222222,82.33333333333333,10.144444444444444,27.366666666666667,16.283333333333335,1007.8333333333334,47.333333333333336,20.733333333333334,0.0,3.356666666666667,22.3235,105.1009,10.754444444444443,11.723333333333334,3,10,51,5,1970-01-21 12:20:32.373333333,1970-01-21 12:21:14.586666666,Xuân,,,
Tuyên Quang,Trung du miền núi Bắc Bộ,2026-03-03,21.055555555555557,24.055555555555557,18.58888888888889,23.066666666666663,25.233333333333334,20.155555555555555,4.2555555555555555,4.2555555555555555,0.0,9.88888888888889,81.66666666666667,9.5,25.066666666666663,9.047777777777776,1013.4666666666668,90.44444444444444,17.544444444444444,0.0,1.9933333333333336,22.3235,105.1009,3.52,11.746666666666666,3,10,61,36,1970-01-21 12:21:58.720000000,1970-01-21 12:22:41.006666666,Xuân,,,
Tuyên Quang,Trung du miền núi Bắc Bộ,2026-03-04,19.51111111111111,22.933333333333337,17.0,20.62222222222222,23.677777777777777,17.933333333333334,0.0555555555555555,0.0555555555555555,0.0,0.5555555555555556,76.11111111111111,7.711111111111112,21.044444444444444,12.078888888888889,1016.2666666666668,66.77777777777777,14.9,0.0,2.393333333333333,22.3235,105.1009,7.668888888888889,11.766666666666666,3,10,3,118,1970-01-21 12:23:25.073333333,1970-01-21 12:24:07.426666666,Xuân,,,
Tuyên Quang,Trung du miền núi Bắc Bộ,2026-03-05,18.433333333333337,21.577777777777776,14.666666666666666,19.5,22.4,15.5,0.4111111111111111,0.4111111111111111,0.0,3.0,79.66666666666667,6.633333333333334,18.711111111111112,10.175555555555556,1016.1777777777778,74.44444444444444,14.72222222222222,0.0,1.9622222222222223,22.3235,105.1009,4.794444444444444,11.788888888888888,3,10,51,22,1970-01-21 12:24:51.420000000,1970-01-21 12:25:33.846666666,Xuân,,,
Tuyên Quang,Trung du miền núi Bắc Bộ,2026-03-06,20.266666666666666,24.177777777777777,17.72222222222222,21.811111111111114,24.711111111111112,19.77777777777778,0.3888888888888889,0.3888888888888889,0.0,3.5555555555555554,78.11111111111111,8.31111111111111,21.700000000000003,11.886666666666668,1017.0,82.33333333333333,16.0,0.0,2.45,22.3235,105.1009,6.276666666666667,11.81,3,10,51,142,1970-01-21 12:26:17.766666666,1970-01-21 12:27:00.280000000,Xuân,,,
Tuyên Quang,Trung du miền núi Bắc Bộ,2026-03-07,19.922222222222224,22.01111111111111,18.311111111111114,21.577777777777776,23.200000000000003,20.11111111111111,1.1222222222222222,1.1222222222222222,0.0,7.555555555555555,83.22222222222223,11.0,26.922222222222224,5.312222222222222,1016.9555555555556,98.0,16.91111111111111,0.0,1.3277777777777775,22.3235,105.1009,0.0077777777777777,11.83,3,10,51,160,1970-01-21 12:27:44.120000000,1970-01-21 12:28:26.706666666,Xuân,,,
Tuyên Quang,Trung du miền núi Bắc Bộ,2026-03-08,19.655555555555555,21.37777777777778,18.366666666666667,21.922222222222224,23.466666666666665,20.477777777777774,4.211111111111111,4.211111111111111,0.0,17.77777777777778,90.88888888888889,9.022222222222222,22.58888888888889,4.327777777777778,1017.1555555555556,100.0,18.1,0.0,0.9955555555555556,22.3235,105.1009,0.0,11.85,3,10,53,16,1970-01-21 12:29:10.466666666,1970-01-21 12:29:53.126666666,Xuân,,,
Tuyên Quang,Trung du miền núi Bắc Bộ,2026-03-09,18.566666666666663,20.08888888888889,16.77777777777778,19.62222222222222,22.922222222222224,16.577777777777776,9.133333333333333,9.133333333333333,0.0,13.88888888888889,83.22222222222223,14.566666666666666,36.111111111111114,4.211111111111111,1021.7333333333332,99.0,15.444444444444445,0.0,1.14,22.3235,105.1009,0.1811111111111111,11.87111111111111,3,11,61,12,1970-01-21 12:30:36.806666666,1970-01-21 12:31:19.560000000,Xuân,,,
Tuyên Quang,Trung du miền núi Bắc Bộ,2026-03-10,17.677777777777777,22.266666666666666,13.8,17.822222222222223,22.577777777777776,13.766666666666667,0.0111111111111111,0.0111111111111111,0.0,0.1111111111111111,70.11111111111111,7.844444444444444,21.733333333333334,14.99,1022.5888888888888,39.22222222222222,11.922222222222222,0.0,2.796666666666667,22.3235,105.1009,9.886666666666668,11.893333333333334,3,11,3,44,1970-01-21 12:32:03.160000000,1970-01-21 12:32:45.966666666,Xuân,,,
Tuyên Quang,Trung du miền núi Bắc Bộ,2026-03-11,17.666666666666668,20.966666666666665,14.988888888888887,18.299999999999997,21.48888888888889,15.366666666666667,0.2666666666666666,0.2666666666666666,0.0,2.2222222222222223,76.33333333333333,5.666666666666667,15.844444444444443,9.498888888888889,1019.1666666666666,96.66666666666669,13.288888888888888,0.0,1.86,22.3235,105.1009,2.978888888888889,11.918888888888889,3,11,51,121,1970-01-21 12:33:29.506666666,1970-01-21 12:34:12.400000000,Xuân,,,
Tuyên Quang,Trung du miền núi Bắc Bộ,2026-03-12,19.38888888888889,23.522222222222226,16.266666666666666,20.444444444444443,24.022222222222226,17.37777777777778,0.1111111111111111,0.1111111111111111,0.0,0.7777777777777778,73.88888888888889,7.077777777777778,19.655555555555555,12.422222222222222,1018.6555555555556,77.55555555555556,14.344444444444443,0.0,2.49,22.3235,105.1009,6.935555555555556,11.94,3,11,3,72,1970-01-21 12:34:55.853333333,1970-01-21 12:35:38.826666666,Xuân,,,
Tuyên Quang,Trung du miền núi Bắc Bộ,2026-03-13,18.688888888888886,22.733333333333334,15.677777777777775,19.433333333333337,22.766666666666666,16.51111111111111,0.6777777777777777,0.6777777777777777,0.0,3.3333333333333335,74.88888888888889,7.777777777777778,21.27777777777778,12.56111111111111,1020.0222222222224,57.333333333333336,13.8,0.0,2.4722222222222223,22.3235,105.1009,7.52888888888889,11.96,3,11,51,55,1970-01-21 12:36:22.193333333,1970-01-21 12:37:05.240000000,Xuân,,,
Tuyên Quang,Trung du miền núi Bắc Bộ,2026-03-14,18.48888888888889,21.48888888888889,15.188888888888888,19.51111111111111,22.044444444444444,15.88888888888889,1.2444444444444445,1.2444444444444445,0.0,5.666666666666667,79.66666666666667,9.677777777777775,24.62222222222222,9.217777777777776,1020.1444444444444,74.77777777777777,14.833333333333334,0.0,1.8844444444444448,22.3235,105.1009,3.8466666666666662,11.98,3,11,51,117,1970-01-21 12:37:48.533333333,1970-01-21 12:38:31.666666666,Xuân,,,
Tuyên Quang,Trung du miền núi Bắc Bộ,2026-03-15,19.811111111111114,23.177777777777777,17.77777777777778,21.655555555555555,24.31111111111111,19.766666666666666,1.6111111111111112,1.6111111111111112,0.0,10.666666666666666,84.77777777777777,8.31111111111111,22.966666666666665,9.274444444444445,1018.9444444444443,91.55555555555556,17.055555555555557,0.0,1.9166666666666667,22.3235,105.1009,3.897777777777778,12.0,3,11,51,134,1970-01-21 12:39:14.880000000,1970-01-21 12:39:58.086666666,Xuân,,,
Tuyên Quang,Trung du miền núi Bắc Bộ,2026-03-16,20.733333333333334,24.733333333333334,18.22222222222222,22.522222222222226,25.51111111111111,20.266666666666666,3.688888888888889,3.688888888888889,0.0,12.555555555555555,84.66666666666667,12.9,31.966666666666665,11.991111111111111,1015.1,78.88888888888889,17.766666666666666,0.0,2.427777777777778,22.3235,105.1009,6.375555555555555,12.026666666666666,3,12,53,130,1970-01-21 12:40:41.220000000,1970-01-21 12:41:24.506666666,Xuân,,,
Tuyên Quang,Trung du miền núi Bắc Bộ,2026-03-17,21.38888888888889,25.544444444444444,18.9,23.64444444444445,27.5,21.188888888888886,2.1666666666666665,2.1666666666666665,0.0,11.333333333333334,85.44444444444444,10.911111111111111,27.811111111111114,9.246666666666666,1012.9444444444443,86.66666666666667,18.677777777777777,0.0,1.9788888888888887,22.3235,105.1009,4.145555555555556,12.05,3,12,51,140,1970-01-21 12:42:07.566666666,1970-01-21 12:42:50.933333333,Xuân,,,
Tuyên Quang,Trung du miền núi Bắc Bộ,2026-03-18,22.48888888888889,26.5,20.01111111111111,25.344444444444445,28.533333333333335,22.72222222222222,0.9444444444444444,0.9444444444444444,0.0,7.111111111111111,83.88888888888889,10.966666666666669,27.433333333333337,12.418888888888889,1013.188888888889,81.77777777777777,19.466666666666665,0.0,2.614444444444445,22.3235,105.1009,7.470000000000001,12.07,3,12,51,121,1970-01-21 12:43:33.906666666,1970-01-21 12:44:17.346666666,Xuân,,,
Tuyên Quang,Trung du miền núi Bắc Bộ,2026-03-19,23.27777777777778,27.788888888888888,20.4,26.299999999999997,29.84444444444445,23.844444444444445,3.155555555555555,3.155555555555555,0.0,11.22222222222222,84.77777777777777,13.966666666666669,34.24444444444444,14.06,1011.3666666666666,71.66666666666667,20.288888888888888,0.0,2.953333333333333,22.3235,105.1009,8.853333333333333,12.09,3,12,51,135,1970-01-21 12:45:00.246666666,1970-01-21 12:45:43.773333333,Xuân,,,
Tuyên Quang,Trung du miền núi Bắc Bộ,2026-03-20,23.055555555555557,26.844444444444445,20.733333333333334,26.211111111111112,29.1,23.755555555555556,4.477777777777778,4.477777777777778,0.0,12.555555555555555,85.88888888888889,10.955555555555556,27.466666666666665,10.983333333333333,1011.9888888888888,91.88888888888889,20.37777777777778,0.0,2.3666666666666667,22.3235,105.1009,5.346666666666667,12.11,3,12,53,160,1970-01-21 12:46:26.586666666,1970-01-21 12:47:10.200000000,Xuân,,,
Tuyên Quang,Trung du miền núi Bắc Bộ,2026-03-21,20.755555555555553,22.41111111111111,19.5,23.85555555555555,25.322222222222223,22.333333333333332,25.91111111111111,25.91111111111111,0.0,23.22222222222222,93.66666666666669,8.166666666666666,22.811111111111114,5.510000000000001,1014.3777777777776,99.33333333333331,19.62222222222222,0.0,1.1844444444444444,22.3235,105.1009,0.06,12.13,3,12,65,50,1970-01-21 12:47:52.940000000,1970-01-21 12:48:36.620000000,Xuân,,,
Tuyên Quang,Trung du miền núi Bắc Bộ,2026-03-22,21.98888888888889,26.200000000000003,20.233333333333334,25.455555555555556,29.200000000000003,23.333333333333332,10.122222222222222,10.122222222222222,0.0,19.88888888888889,92.66666666666669,10.422222222222222,28.0,8.854444444444445,1012.6,93.33333333333331,20.61111111111111,0.0,1.82,22.3235,105.1009,3.842222222222222,12.153333333333332,3,12,61,108,1970-01-21 12:49:19.280000000,1970-01-21 12:50:03.046666666,Xuân,,,
Tuyên Quang,Trung du miền núi Bắc Bộ,2026-03-23,22.844444444444445,27.31111111111111,20.366666666666667,26.544444444444444,30.166666666666668,23.5,7.2555555555555555,7.2555555555555555,0.0,16.88888888888889,90.11111111111111,10.477777777777778,26.48888888888889,10.804444444444444,1011.2444444444444,81.44444444444444,20.98888888888889,0.0,2.2288888888888887,22.3235,105.1009,5.544444444444444,12.18,3,13,61,49,1970-01-21 12:50:45.626666666,1970-01-21 12:51:29.460000000,Xuân,,,
Tuyên Quang,Trung du miền núi Bắc Bộ,2026-03-24,23.922222222222224,28.9,21.1,27.833333333333332,32.02222222222222,24.91111111111111,3.3777777777777778,3.3777777777777778,0.0,13.11111111111111,87.0,10.077777777777778,25.96666666666667,13.533333333333331,1010.2555555555556,71.77777777777777,21.38888888888889,0.0,2.8355555555555556,22.3235,105.1009,7.184444444444444,12.2,3,13,53,136,1970-01-21 12:52:11.973333333,1970-01-21 12:52:55.880000000,Xuân,,,
Tuyên Quang,Trung du miền núi Bắc Bộ,2026-03-25,23.822222222222223,26.955555555555556,21.922222222222224,27.61111111111111,29.82222222222222,25.98888888888889,3.933333333333333,3.933333333333333,0.0,13.22222222222222,87.77777777777777,13.22222222222222,31.811111111111114,10.185555555555556,1010.6,90.44444444444444,21.58888888888889,0.0,2.18,22.3235,105.1009,4.876666666666667,12.22,3,13,53,114,1970-01-21 12:53:38.320000000,1970-01-21 12:54:22.306666666,Xuân,,,
Tuyên Quang,Trung du miền núi Bắc Bộ,2026-03-26,25.033333333333335,29.766666666666666,21.98888888888889,28.977777777777774,32.93333333333333,26.14444444444445,0.6777777777777778,0.6777777777777778,0.0,4.777777777777778,82.0,10.144444444444444,26.455555555555556,15.537777777777778,1009.077777777778,61.888888888888886,21.433333333333337,0.0,3.32,22.3235,105.1009,9.65,12.24,3,13,51,136,1970-01-21 12:55:04.666666666,1970-01-21 12:55:48.726666666,Xuân,,,
Tuyên Quang,Trung du miền núi Bắc Bộ,2026-03-27,25.211111111111112,29.633333333333333,22.62222222222222,29.299999999999997,32.833333333333336,26.633333333333333,0.9222222222222224,0.9222222222222224,0.0,6.555555555555555,83.11111111111111,9.911111111111111,25.88888888888889,13.88,1008.2333333333332,66.55555555555556,21.88888888888889,0.0,3.0144444444444445,22.3235,105.1009,7.812222222222222,12.26,3,13,51,134,1970-01-21 12:56:31.006666666,1970-01-21 12:57:15.146666666,Xuân,,,
Tuyên Quang,Trung du miền núi Bắc Bộ,2026-03-28,25.033333333333335,28.633333333333333,22.811111111111114,29.4,32.511111111111106,27.48888888888889,4.611111111111111,4.611111111111111,0.0,13.22222222222222,87.0,10.444444444444445,26.700000000000003,11.698888888888888,1008.4888888888888,82.0,22.544444444444444,0.0,2.531111111111111,22.3235,105.1009,6.156666666666666,12.28111111111111,3,13,53,114,1970-01-21 12:57:57.346666666,1970-01-21 12:58:41.573333333,Xuân,,,
Tuyên Quang,Trung du miền núi Bắc Bộ,2026-03-29,23.866666666666667,28.2,20.08888888888889,27.77777777777778,31.64444444444445,22.655555555555555,22.477777777777774,22.477777777777774,0.0,12.555555555555555,88.44444444444444,11.244444444444444,34.644444444444446,11.70111111111111,1007.422222222222,70.66666666666667,21.62222222222222,0.0,2.453333333333333,22.3235,105.1009,6.38,12.303333333333336,3,13,65,107,1970-01-21 12:59:23.686666666,1970-01-21 13:00:07.986666666,Xuân,,,
Tuyên Quang,Trung du miền núi Bắc Bộ,2026-03-30,24.61111111111111,30.366666666666667,19.433333333333337,28.233333333333334,33.94444444444444,22.12222222222222,0.1111111111111111,0.1111111111111111,0.0,0.7777777777777778,79.88888888888889,10.977777777777778,28.56666666666667,18.294444444444444,1006.1333333333334,41.111111111111114,20.51111111111111,0.0,3.848888888888889,22.3235,105.1009,9.874444444444444,12.326666666666666,3,14,3,110,1970-01-21 13:00:50.040000000,1970-01-21 13:01:34.406666666,Xuân,,,
Tuyên Quang,Trung du miền núi Bắc Bộ,2026-03-31,26.077777777777776,32.63333333333333,21.62222222222222,30.38888888888889,37.333333333333336,25.38888888888889,5.933333333333334,5.933333333333334,0.0,3.7777777777777777,79.11111111111111,10.877777777777778,28.56666666666667,19.014444444444443,1006.7444444444444,30.0,21.666666666666668,0.0,4.126666666666667,22.3235,105.1009,10.903333333333332,12.35,3,14,63,9,1970-01-21 13:02:16.380000000,1970-01-21 13:03:00.833333333,Xuân,,,
Tuyên Quang,Trung du miền núi Bắc Bộ,2026-04-01,23.211111111111112,26.211111111111112,21.177777777777777,25.922222222222224,27.933333333333337,23.85555555555555,4.7444444444444445,4.7444444444444445,0.0,3.0,77.55555555555556,9.822222222222225,25.577777777777776,10.884444444444446,1011.5,84.33333333333333,18.822222222222223,0.0,2.44,22.3235,105.1009,3.4000000000000004,12.37,4,14,63,117,1970-01-21 13:03:42.720000000,1970-01-21 13:04:27.246666666,Xuân,,,
Tuyên Quang,Trung du miền núi Bắc Bộ,2026-04-02,23.4,27.166666666666668,21.155555555555555,26.533333333333335,30.0,24.12222222222222,0.2444444444444444,0.2444444444444444,0.0,2.2222222222222223,81.55555555555556,11.366666666666667,28.64444444444445,11.194444444444445,1009.4333333333332,76.33333333333333,19.944444444444443,0.0,2.4000000000000004,22.3235,105.1009,5.142222222222222,12.39,4,14,51,139,1970-01-21 13:05:09.066666666,1970-01-21 13:05:53.666666666,Xuân,,,
Tuyên Quang,Trung du miền núi Bắc Bộ,2026-04-03,26.51111111111111,32.099999999999994,22.544444444444444,31.15555555555555,37.099999999999994,26.51111111111111,0.2888888888888889,0.2888888888888889,0.0,2.7777777777777777,78.33333333333333,7.288888888888888,20.322222222222223,19.41,1005.2888888888888,43.55555555555556,22.066666666666663,0.0,4.171111111111111,22.3235,105.1009,10.6,12.411111111111111,4,14,51,173,1970-01-21 13:06:35.406666666,1970-01-21 13:07:20.093333333,Xuân,,,
Tuyên Quang,Trung du miền núi Bắc Bộ,2026-04-04,24.522222222222226,29.522222222222226,20.555555555555557,28.077777777777776,32.733333333333334,23.64444444444445,10.266666666666667,10.266666666666667,0.0,6.111111111111111,81.44444444444444,12.955555555555556,31.033333333333335,15.675555555555556,1006.0555555555557,63.55555555555556,20.755555555555556,0.0,3.3455555555555554,22.3235,105.1009,9.707777777777778,12.433333333333332,4,14,63,78,1970-01-21 13:08:01.746666666,1970-01-21 13:08:46.506666666,Xuân,,,
Tuyên Quang,Trung du miền núi Bắc Bộ,2026-04-05,25.5,29.988888888888887,22.544444444444444,29.82222222222222,34.22222222222222,26.58888888888889,0.3333333333333333,0.3333333333333333,0.0,2.888888888888889,82.22222222222223,8.866666666666667,23.64444444444445,14.592222222222224,1003.2,89.55555555555556,22.022222222222226,0.0,3.143333333333333,22.3235,105.1009,7.59,12.456666666666669,4,14,51,99,1970-01-21 13:09:28.086666666,1970-01-21 13:10:12.926666666,Xuân,,,
Tuyên Quang,Trung du miền núi Bắc Bộ,2026-04-06,28.18888888888889,34.8,22.811111111111114,33.84444444444445,40.37777777777777,27.700000000000003,0.0111111111111111,0.0111111111111111,0.0,0.1111111111111111,79.0,10.444444444444445,28.84444444444445,19.16111111111111,1002.688888888889,42.666666666666664,23.766666666666666,0.0,4.312222222222222,22.3235,105.1009,10.428888888888888,12.476666666666668,4,15,3,108,1970-01-21 13:10:54.426666666,1970-01-21 13:11:39.353333333,Xuân,,,
Tuyên Quang,Trung du miền núi Bắc Bộ,2026-04-07,29.27777777777778,35.599999999999994,23.822222222222223,34.666666666666664,41.13333333333333,28.988888888888887,0.0444444444444444,0.0444444444444444,0.0,0.2222222222222222,73.22222222222223,11.011111111111113,28.88888888888889,20.577777777777776,1003.4,17.333333333333332,23.477777777777774,0.0,4.796666666666667,22.3235,105.1009,11.605555555555556,12.496666666666666,4,15,2,183,1970-01-21 13:12:20.773333333,1970-01-21 13:13:05.766666666,Xuân,,,
Tuyên Quang,Trung du miền núi Bắc Bộ,2026-04-08,28.622222222222224,33.94444444444444,24.133333333333333,33.82222222222222,39.18888888888889,28.744444444444444,0.2666666666666666,0.2666666666666666,0.0,0.6666666666666666,74.0,10.988888888888887,30.633333333333333,19.67,1004.7666666666668,13.77777777777778,23.22222222222222,0.0,4.432222222222222,22.3235,105.1009,11.72222222222222,12.518888888888888,4,15,1,141,1970-01-21 13:13:47.126666666,1970-01-21 13:14:32.193333333,Xuân,,,
Tuyên Quang,Trung du miền núi Bắc Bộ,2026-04-09,27.433333333333337,33.144444444444446,22.51111111111111,32.15555555555555,37.8,26.72222222222222,2.8666666666666667,2.8666666666666667,0.0,1.1111111111111112,77.33333333333333,13.711111111111112,38.24444444444444,19.87666666666667,1005.7222222222222,24.444444444444443,22.64444444444445,0.0,4.449999999999999,22.3235,105.1009,11.546666666666669,12.538888888888888,4,15,51,200,1970-01-21 13:15:13.473333333,1970-01-21 13:15:58.613333333,Xuân,,,
Tuyên Quang,Trung du miền núi Bắc Bộ,2026-04-10,28.27777777777778,34.21111111111111,23.788888888888888,33.06666666666667,38.922222222222224,28.91111111111111,0.1111111111111111,0.1111111111111111,0.0,0.4444444444444444,73.33333333333333,12.133333333333333,33.75555555555556,19.39,1004.5333333333332,20.88888888888889,22.5,0.0,4.431111111111111,22.3235,105.1009,10.578888888888889,12.56,4,15,3,152,1970-01-21 13:16:39.820000000,1970-01-21 13:17:25.033333333,Xuân,,,
Tuyên Quang,Trung du miền núi Bắc Bộ,2026-04-11,28.433333333333337,34.18888888888889,23.77777777777778,31.95555555555556,36.91111111111111,27.88888888888889,0.0666666666666666,0.0666666666666666,0.0,0.4444444444444444,63.666666666666664,14.422222222222224,37.833333333333336,19.492222222222225,1002.9111111111112,12.77777777777778,20.288888888888888,0.0,4.666666666666667,22.3235,105.1009,11.575555555555557,12.581111111111111,4,15,1,212,1970-01-21 13:18:06.166666666,1970-01-21 13:18:51.460000000,Xuân,,,
Tuyên Quang,Trung du miền núi Bắc Bộ,2026-04-12,28.56666666666667,34.922222222222224,23.177777777777777,31.511111111111113,36.91111111111111,26.477777777777774,0.0,0.0,0.0,0.0,58.333333333333336,12.255555555555556,31.28888888888889,22.057777777777776,1002.577777777778,4.666666666666667,18.711111111111112,0.0,5.151111111111111,22.3235,105.1009,11.96,12.601111111111113,4,15,1,136,1970-01-21 13:19:32.520000000,1970-01-21 13:20:17.873333333,Xuân,,,
Tuyên Quang,Trung du miền núi Bắc Bộ,2026-04-13,27.766666666666666,34.400000000000006,22.044444444444444,32.03333333333333,38.68888888888889,25.455555555555556,0.0,0.0,0.0,0.0,70.11111111111111,11.27777777777778,28.488888888888887,21.723333333333333,1005.2444444444444,1.1111111111111112,21.299999999999997,0.0,4.855555555555556,22.3235,105.1009,11.936666666666667,12.62111111111111,4,16,0,127,1970-01-21 13:20:58.866666666,1970-01-21 13:21:44.300000000,Xuân,,,
Tuyên Quang,Trung du miền núi Bắc Bộ,2026-04-14,27.98888888888889,33.18888888888889,24.0,33.62222222222223,38.71111111111111,29.27777777777778,0.1222222222222222,0.1222222222222222,0.0,1.2222222222222223,80.55555555555556,9.733333333333333,26.200000000000003,19.08888888888889,1006.0444444444444,36.0,23.944444444444443,0.0,4.232222222222223,22.3235,105.1009,10.541111111111112,12.643333333333334,4,16,51,140,1970-01-21 13:22:25.206666666,1970-01-21 13:23:10.726666666,Xuân,,,
Tuyên Quang,Trung du miền núi Bắc Bộ,2026-04-15,28.133333333333333,32.51111111111111,25.1,33.65555555555555,37.71111111111111,30.64444444444445,0.7222222222222222,0.7222222222222222,0.0,4.777777777777778,81.0,11.822222222222225,32.52222222222222,17.574444444444445,1005.3333333333334,53.22222222222222,24.266666666666666,0.0,3.9622222222222216,22.3235,105.1009,10.365555555555554,12.663333333333334,4,16,51,122,1970-01-21 13:23:51.553333333,1970-01-21 13:24:37.140000000,Xuân,,,
Tuyên Quang,Trung du miền núi Bắc Bộ,2026-04-16,27.533333333333335,32.34444444444445,23.4,32.766666666666666,37.43333333333333,27.977777777777774,6.866666666666666,6.866666666666666,0.0,7.333333333333333,81.0,10.177777777777775,26.91111111111111,17.813333333333333,1006.811111111111,56.0,23.655555555555555,0.0,3.9500000000000006,22.3235,105.1009,10.285555555555554,12.683333333333332,4,16,61,134,1970-01-21 13:25:17.920000000,1970-01-21 13:26:03.573333333,Xuân,,,
Tuyên Quang,Trung du miền núi Bắc Bộ,2026-04-17,24.38888888888889,29.766666666666666,21.466666666666665,28.688888888888886,34.02222222222222,24.433333333333337,48.22222222222222,48.22222222222222,0.0,13.88888888888889,87.55555555555556,13.044444444444444,35.12222222222223,15.29888888888889,1010.1666666666666,72.0,21.955555555555556,0.0,3.1166666666666667,22.3235,105.1009,8.516666666666667,12.703333333333331,4,16,65,6,1970-01-21 13:26:44.260000000,1970-01-21 13:27:29.993333333,Xuân,,,
Tuyên Quang,Trung du miền núi Bắc Bộ,2026-04-18,23.711111111111112,27.333333333333332,20.744444444444444,27.5,30.82222222222222,24.055555555555557,6.422222222222222,6.422222222222222,0.0,11.0,86.77777777777777,8.733333333333333,23.01111111111111,12.508888888888889,1011.5111111111112,90.33333333333331,21.155555555555555,0.0,2.623333333333333,22.3235,105.1009,5.898888888888889,12.723333333333334,4,16,63,113,1970-01-21 13:28:10.613333333,1970-01-21 13:28:56.413333333,Xuân,,,
Tuyên Quang,Trung du miền núi Bắc Bộ,2026-04-19,23.811111111111114,27.85555555555555,21.433333333333337,27.77777777777778,30.799999999999997,25.166666666666668,20.72222222222222,20.72222222222222,0.0,17.444444444444443,89.33333333333333,12.544444444444444,30.35555555555555,11.33,1009.6666666666666,91.55555555555556,21.799999999999997,0.0,2.401111111111111,22.3235,105.1009,5.524444444444445,12.743333333333332,4,16,63,160,1970-01-21 13:29:36.966666666,1970-01-21 13:30:22.840000000,Xuân,,,
Tuyên Quang,Trung du miền núi Bắc Bộ,2026-04-20,25.266666666666666,29.744444444444444,22.444444444444443,29.244444444444444,32.94444444444444,26.666666666666668,1.788888888888889,1.788888888888889,0.0,10.0,82.77777777777777,12.5,32.72222222222222,15.865555555555554,1007.6111111111112,72.66666666666667,21.81111111111111,0.0,3.4522222222222223,22.3235,105.1009,8.88888888888889,12.763333333333334,4,17,51,162,1970-01-21 13:31:03.306666666,1970-01-21 13:31:49.253333333,Xuân,,,
Tuyên Quang,Trung du miền núi Bắc Bộ,2026-04-21,26.211111111111112,31.311111111111103,21.700000000000003,30.688888888888886,35.08888888888889,25.544444444444444,10.022222222222222,10.022222222222222,0.0,11.88888888888889,82.66666666666667,12.68888888888889,33.48888888888889,18.755555555555556,1005.4777777777776,52.0,22.666666666666668,0.0,4.068888888888889,22.3235,105.1009,10.068888888888887,12.783333333333331,4,17,63,126,1970-01-21 13:32:29.666666666,1970-01-21 13:33:15.680000000,Xuân,,,
Tuyên Quang,Trung du miền núi Bắc Bộ,2026-04-22,27.766666666666666,32.833333333333336,23.62222222222222,33.266666666666666,38.22222222222222,28.466666666666665,7.877777777777778,7.877777777777778,0.0,4.222222222222222,80.77777777777777,8.977777777777778,26.433333333333337,18.385555555555555,1004.6,64.66666666666667,23.788888888888888,0.0,4.06,22.3235,105.1009,9.89111111111111,12.802222222222222,4,17,63,193,1970-01-21 13:33:56.020000000,1970-01-21 13:34:42.106666666,Xuân,,,
Tuyên Quang,Trung du miền núi Bắc Bộ,2026-04-23,24.11111111111111,27.51111111111111,21.799999999999997,27.422222222222224,29.866666666666667,25.211111111111112,20.755555555555556,20.755555555555556,0.0,9.22222222222222,80.55555555555556,10.122222222222222,26.88888888888889,13.4,1008.5666666666668,89.11111111111111,20.22222222222222,0.0,2.8744444444444444,22.3235,105.1009,6.260000000000001,12.822222222222225,4,17,65,0,1970-01-21 13:35:22.373333333,1970-01-21 13:36:08.520000000,Xuân,,,
Tuyên Quang,Trung du miền núi Bắc Bộ,2026-04-24,23.91111111111111,26.98888888888889,21.299999999999997,27.08888888888889,29.533333333333335,24.833333333333332,0.2888888888888889,0.2888888888888889,0.0,1.7777777777777777,77.66666666666667,9.322222222222225,24.155555555555555,12.415555555555557,1012.1333333333334,90.33333333333331,19.633333333333333,0.0,2.7366666666666664,22.3235,105.1009,5.052222222222222,12.842222222222222,4,17,51,115,1970-01-21 13:36:48.726666666,1970-01-21 13:37:34.953333333,Xuân,,,
Tuyên Quang,Trung du miền núi Bắc Bộ,2026-04-25,24.62222222222222,28.755555555555556,20.799999999999997,27.72222222222222,30.88888888888889,24.11111111111111,0.1888888888888889,0.1888888888888889,0.0,1.4444444444444444,75.44444444444444,9.88888888888889,25.711111111111112,16.706666666666663,1013.9,55.666666666666664,19.700000000000003,0.0,3.5844444444444443,22.3235,105.1009,9.896666666666668,12.862222222222222,4,17,51,159,1970-01-21 13:38:15.066666666,1970-01-21 13:39:01.373333333,Xuân,,,
Tuyên Quang,Trung du miền núi Bắc Bộ,2026-04-26,23.666666666666668,27.677777777777777,21.58888888888889,27.022222222222226,30.377777777777776,24.85555555555555,0.7888888888888889,0.7888888888888889,0.0,4.0,81.0,10.011111111111113,27.055555555555557,11.565555555555555,1011.6111111111112,98.11111111111111,20.1,0.0,2.462222222222222,22.3235,105.1009,2.3577777777777778,12.88,4,17,51,71,1970-01-21 13:39:41.440000000,1970-01-21 13:40:27.800000000,Xuân,,,
Tuyên Quang,Trung du miền núi Bắc Bộ,2026-04-27,25.12222222222222,29.78888888888889,21.711111111111112,28.944444444444443,33.833333333333336,25.677777777777777,4.022222222222222,4.022222222222222,0.0,10.0,80.55555555555556,9.877777777777778,28.333333333333332,17.836666666666666,1007.7777777777778,69.88888888888889,21.211111111111112,0.0,3.7533333333333334,22.3235,105.1009,10.322222222222225,12.897777777777778,4,18,53,142,1970-01-21 13:41:07.786666666,1970-01-21 13:41:54.226666666,Xuân,,,
Tuyên Quang,Trung du miền núi Bắc Bộ,2026-04-28,25.566666666666663,30.77777777777778,21.85555555555556,29.966666666666665,35.46666666666667,24.77777777777778,27.333333333333332,27.333333333333332,0.0,10.11111111111111,82.66666666666667,14.9,37.0,19.85111111111111,1006.4777777777776,66.88888888888889,22.08888888888889,0.0,4.17,22.3235,105.1009,10.507777777777775,12.91777777777778,4,18,65,79,1970-01-21 13:42:34.146666666,1970-01-21 13:43:20.646666666,Xuân,,,
Tuyên Quang,Trung du miền núi Bắc Bộ,2026-04-29,23.35555555555555,27.87777777777778,20.433333333333337,25.266666666666666,28.966666666666665,22.41111111111111,9.544444444444444,9.544444444444444,0.0,6.111111111111111,70.88888888888889,11.6,32.06666666666667,16.202222222222222,1012.922222222222,85.66666666666667,17.200000000000003,0.0,3.53,22.3235,105.1009,8.234444444444444,12.936666666666666,4,18,63,26,1970-01-21 13:44:00.500000000,1970-01-21 13:44:47.080000000,Xuân,,,
Tuyên Quang,Trung du miền núi Bắc Bộ,2026-04-30,22.91111111111111,27.233333333333334,19.077777777777776,24.4,29.299999999999997,20.188888888888886,0.0,0.0,0.0,0.0,65.0,9.966666666666669,25.166666666666668,20.65111111111111,1015.1666666666666,63.44444444444444,15.7,0.0,4.232222222222222,22.3235,105.1009,11.386666666666668,12.953333333333331,4,18,3,162,1970-01-21 13:45:26.860000000,1970-01-21 13:46:13.493333333,Xuân,,,
Tuyên Quang,Trung du miền núi Bắc Bộ,2026-05-01,22.64444444444445,25.688888888888886,18.955555555555556,25.08888888888889,28.12222222222222,21.211111111111112,0.2222222222222222,0.2222222222222222,0.0,1.8888888888888888,78.44444444444444,10.433333333333334,26.522222222222226,12.518888888888888,1011.9333333333332,83.66666666666667,18.6,0.0,2.6255555555555556,22.3235,105.1009,5.235555555555555,12.97222222222222,5,18,51,122,1970-01-21 13:46:53.226666666,1970-01-21 13:47:39.926666666,Xuân,,,
Tuyên Quang,Trung du miền núi Bắc Bộ,2026-05-02,24.177777777777777,29.11111111111111,20.833333333333332,27.944444444444443,32.41111111111111,24.01111111111111,1.977777777777778,1.977777777777778,0.0,6.333333333333333,82.55555555555556,9.77777777777778,25.688888888888886,13.897777777777778,1009.188888888889,94.44444444444444,20.788888888888888,0.0,2.951111111111111,22.3235,105.1009,5.408888888888889,12.99,5,18,61,147,1970-01-21 13:48:19.586666666,1970-01-21 13:49:06.346666666,Xuân,,,
Tuyên Quang,Trung du miền núi Bắc Bộ,2026-05-03,22.322222222222223,25.033333333333335,19.48888888888889,26.0,29.200000000000003,21.533333333333335,24.0,24.0,0.0,18.0,92.33333333333331,11.422222222222222,29.14444444444445,9.22222222222222,1011.5888888888888,97.0,20.933333333333337,0.0,1.8955555555555552,22.3235,105.1009,2.89,13.007777777777775,5,18,63,13,1970-01-21 13:49:45.946666666,1970-01-21 13:50:32.766666666,Xuân,,,
Tuyên Quang,Trung du miền núi Bắc Bộ,2026-05-04,22.700000000000003,28.622222222222224,18.14444444444444,24.833333333333332,30.85555555555555,20.155555555555555,1.0444444444444445,1.0444444444444445,0.0,2.111111111111111,72.66666666666667,10.211111111111112,26.622222222222224,21.97,1015.3666666666666,39.0,16.966666666666665,0.0,4.364444444444445,22.3235,105.1009,11.705555555555556,13.023333333333332,5,19,51,343,1970-01-21 13:51:12.306666666,1970-01-21 13:51:59.206666666,Xuân,,,
Tuyên Quang,Trung du miền núi Bắc Bộ,2026-05-05,24.311111111111114,28.9,20.466666666666665,27.08888888888889,31.233333333333334,22.966666666666665,0.0,0.0,0.0,0.0,72.55555555555556,10.033333333333331,25.0,19.246666666666663,1011.9,31.444444444444443,18.87777777777778,0.0,3.9966666666666666,22.3235,105.1009,11.797777777777778,13.042222222222222,5,19,3,169,1970-01-21 13:52:38.680000000,1970-01-21 13:53:25.613333333,Xuân,,,
Tuyên Quang,Trung du miền núi Bắc Bộ,2026-05-06,25.35555555555555,29.78888888888889,21.62222222222222,29.166666666666668,33.22222222222222,25.4,0.5888888888888889,0.5888888888888889,0.0,4.555555555555555,80.55555555555556,11.344444444444443,28.255555555555556,14.84,1008.4555555555556,67.33333333333333,21.544444444444444,0.0,3.2377777777777776,22.3235,105.1009,8.101111111111111,13.06,5,19,51,134,1970-01-21 13:54:05.040000000,1970-01-21 13:54:52.053333333,Xuân,,,
Tuyên Quang,Trung du miền núi Bắc Bộ,2026-05-07,26.01111111111111,30.866666666666667,23.4,31.366666666666667,36.333333333333336,28.422222222222224,13.288888888888888,13.288888888888888,0.0,14.666666666666666,87.0,8.377777777777776,23.155555555555555,16.706666666666667,1009.6777777777778,84.33333333333333,23.48888888888889,0.0,3.4955555555555557,22.3235,105.1009,8.850000000000001,13.077777777777778,5,19,63,52,1970-01-21 13:55:31.406666666,1970-01-21 13:56:18.473333333,Xuân,,,
Tuyên Quang,Trung du miền núi Bắc Bộ,2026-05-08,24.788888888888888,28.366666666666667,22.444444444444443,29.633333333333333,32.855555555555554,26.955555555555556,15.533333333333337,15.533333333333337,0.0,17.333333333333332,88.22222222222223,6.1,20.166666666666668,14.714444444444446,1013.2444444444444,95.44444444444444,22.51111111111111,0.0,3.0055555555555555,22.3235,105.1009,6.736666666666667,13.092222222222222,5,19,63,38,1970-01-21 13:56:57.773333333,1970-01-21 13:57:44.913333333,Xuân,,,
Tuyên Quang,Trung du miền núi Bắc Bộ,2026-05-09,23.455555555555556,25.655555555555555,21.766666666666666,27.566666666666663,29.34444444444445,25.711111111111112,5.922222222222222,5.922222222222222,0.0,9.333333333333334,88.0,5.711111111111111,18.044444444444444,9.347777777777775,1014.8888888888888,98.77777777777776,21.233333333333334,0.0,1.987777777777778,22.3235,105.1009,1.7033333333333334,13.11,5,19,61,11,1970-01-21 13:58:24.140000000,1970-01-21 13:59:11.326666666,Xuân,,,
Tuyên Quang,Trung du miền núi Bắc Bộ,2026-05-10,22.922222222222224,25.322222222222223,21.311111111111114,26.9,28.799999999999997,25.14444444444445,2.8555555555555556,2.8555555555555556,0.0,9.88888888888889,88.44444444444444,4.655555555555555,13.666666666666666,8.71888888888889,1014.4333333333332,99.66666666666669,20.844444444444445,0.0,1.8477777777777775,22.3235,105.1009,0.34,13.127777777777778,5,19,53,12,1970-01-21 13:59:50.506666666,1970-01-21 14:00:37.766666666,Xuân,,,
Tuyên Quang,Trung du miền núi Bắc Bộ,2026-05-11,24.822222222222223,28.85555555555555,21.755555555555556,29.1,32.82222222222222,25.91111111111111,1.6111111111111112,1.6111111111111112,0.0,8.444444444444445,83.0,7.7666666666666675,21.64444444444445,13.802222222222222,1011.922222222222,90.88888888888889,21.6,0.0,2.8922222222222222,22.3235,105.1009,6.27,13.14,5,20,51,160,1970-01-21 14:01:16.873333333,1970-01-21 14:02:04.186666666,Xuân,,,
Tuyên Quang,Trung du miền núi Bắc Bộ,2026-05-12,25.344444444444445,29.1,22.27777777777778,30.22222222222222,34.0,26.755555555555556,9.244444444444444,9.244444444444444,0.0,13.444444444444445,87.11111111111111,7.51111111111111,23.811111111111114,14.071111111111112,1007.8,80.88888888888889,22.91111111111111,0.0,2.9266666666666667,22.3235,105.1009,6.371111111111111,13.16,5,20,63,160,1970-01-21 14:02:43.246666666,1970-01-21 14:03:30.606666666,Xuân,,,
Tuyên Quang,Trung du miền núi Bắc Bộ,2026-05-13,26.844444444444445,31.15555555555555,23.688888888888886,32.166666666666664,36.65555555555555,28.91111111111111,4.066666666666666,4.066666666666666,0.0,12.0,83.11111111111111,12.355555555555556,33.0,20.63222222222222,1003.577777777778,46.77777777777778,23.455555555555556,0.0,4.33,22.3235,105.1009,9.115555555555556,13.172222222222222,5,20,53,153,1970-01-21 14:04:09.613333333,1970-01-21 14:04:57.046666666,Xuân,,,
Tuyên Quang,Trung du miền núi Bắc Bộ,2026-05-14,28.6,33.97777777777778,23.61111111111111,34.044444444444444,39.71111111111111,28.922222222222224,0.2,0.2,0.0,1.5555555555555556,75.22222222222223,10.744444444444444,25.933333333333337,24.962222222222223,1002.077777777778,26.444444444444443,23.27777777777778,0.0,5.474444444444444,22.3235,105.1009,11.303333333333336,13.19,5,20,51,201,1970-01-21 14:05:35.993333333,1970-01-21 14:06:23.466666666,Xuân,,,
Tuyên Quang,Trung du miền núi Bắc Bộ,2026-05-15,29.04444444444444,33.63333333333333,24.62222222222222,34.62222222222223,40.388888888888886,29.6,0.3111111111111111,0.3111111111111111,0.0,1.2222222222222223,73.55555555555556,10.211111111111112,27.455555555555556,24.174444444444443,1002.5555555555557,37.111111111111114,23.61111111111111,0.0,5.265555555555555,22.3235,105.1009,12.0,13.203333333333331,5,20,51,135,1970-01-21 14:07:02.360000000,1970-01-21 14:07:49.906666666,Xuân,,,
Tuyên Quang,Trung du miền núi Bắc Bộ,2026-05-16,28.08888888888889,34.166666666666664,23.933333333333337,33.900000000000006,40.833333333333336,29.15555555555555,16.211111111111112,16.211111111111112,0.0,10.666666666666666,80.77777777777777,13.711111111111112,36.266666666666666,22.36111111111111,1003.8,74.11111111111111,24.155555555555555,0.0,4.7588888888888885,22.3235,105.1009,10.977777777777778,13.22,5,20,63,136,1970-01-21 14:08:28.733333333,1970-01-21 14:09:16.320000000,Xuân,,,
Tuyên Quang,Trung du miền núi Bắc Bộ,2026-05-17,26.58888888888889,31.56666666666667,23.544444444444444,32.13333333333333,38.266666666666666,28.633333333333333,17.055555555555557,17.055555555555557,0.0,20.11111111111111,87.33333333333333,14.488888888888887,36.2,20.615555555555556,1005.0666666666668,85.66666666666667,24.044444444444444,0.0,4.32,22.3235,105.1009,9.706666666666669,13.233333333333334,5,20,63,138,1970-01-21 14:09:55.120000000,1970-01-21 14:10:42.753333333,Xuân,,,
Tuyên Quang,Trung du miền núi Bắc Bộ,2026-05-18,26.7,31.444444444444443,23.833333333333332,32.455555555555556,37.78888888888889,29.122222222222224,18.366666666666667,18.366666666666667,0.0,18.333333333333332,88.11111111111111,10.677777777777775,27.344444444444445,18.03222222222222,1004.9111111111112,80.55555555555556,24.333333333333332,0.0,3.808888888888889,22.3235,105.1009,8.651111111111112,13.25,5,21,63,122,1970-01-21 14:11:21.486666666,1970-01-21 14:12:09.173333333,Xuân,,,
Tuyên Quang,Trung du miền núi Bắc Bộ,2026-05-19,26.155555555555555,31.67777777777778,23.766666666666666,32.12222222222223,38.58888888888889,28.988888888888887,22.88888888888889,22.88888888888889,0.0,22.0,91.55555555555556,12.455555555555556,32.2,18.27111111111111,1004.0666666666668,89.66666666666667,24.51111111111111,0.0,3.716666666666667,22.3235,105.1009,7.583333333333333,13.26,5,21,63,83,1970-01-21 14:12:47.866666666,1970-01-21 14:13:35.613333333,Xuân,,,
Tuyên Quang,Trung du miền núi Bắc Bộ,2026-05-20,26.35555555555555,31.488888888888887,23.344444444444445,31.922222222222224,38.12222222222223,28.244444444444444,22.711111111111112,22.711111111111112,0.0,21.77777777777778,87.77777777777777,9.866666666666667,26.544444444444444,20.63222222222222,1004.0444444444444,77.44444444444444,23.922222222222224,0.0,4.272222222222222,22.3235,105.1009,10.127777777777778,13.273333333333332,5,21,63,38,1970-01-21 14:14:14.246666666,1970-01-21 14:15:02.026666666,Xuân,,,
Tuyên Quang,Trung du miền núi Bắc Bộ,2026-05-21,25.333333333333332,29.377777777777776,23.12222222222222,30.866666666666667,34.93333333333333,28.08888888888889,15.855555555555554,15.855555555555554,0.0,21.0,93.0,10.788888888888888,30.0,12.467777777777776,1006.422222222222,95.44444444444444,24.08888888888889,0.0,2.5233333333333334,22.3235,105.1009,4.9255555555555555,13.288888888888888,5,21,63,55,1970-01-21 14:15:40.626666666,1970-01-21 14:16:28.466666666,Xuân,,,
Tuyên Quang,Trung du miền núi Bắc Bộ,2026-05-22,27.444444444444443,31.58888888888889,23.966666666666665,33.400000000000006,38.04444444444445,29.533333333333335,10.122222222222222,10.122222222222222,0.0,17.333333333333332,86.33333333333333,13.677777777777775,34.21111111111111,20.87333333333333,1005.9888888888888,50.77777777777778,24.77777777777778,0.0,4.346666666666667,22.3235,105.1009,10.796666666666669,13.3,5,21,63,135,1970-01-21 14:17:07.006666666,1970-01-21 14:17:54.886666666,Xuân,,,
Tuyên Quang,Trung du miền núi Bắc Bộ,2026-05-23,29.200000000000003,33.27777777777778,25.4,35.166666666666664,39.08888888888889,31.577777777777776,0.4666666666666667,0.4666666666666667,0.0,3.6666666666666665,78.22222222222223,11.944444444444445,32.2,21.194444444444443,1004.7111111111112,83.11111111111111,24.666666666666668,0.0,4.72,22.3235,105.1009,11.803333333333336,13.31,5,21,51,155,1970-01-21 14:18:33.386666666,1970-01-21 14:19:21.306666666,Xuân,,,
Tuyên Quang,Trung du miền núi Bắc Bộ,2026-05-24,30.133333333333333,34.211111111111116,26.666666666666668,35.833333333333336,39.48888888888889,32.67777777777778,0.2222222222222222,0.2222222222222222,0.0,1.7777777777777777,72.88888888888889,13.755555555555556,38.166666666666664,21.732222222222223,1003.9555555555556,84.55555555555556,24.4,0.0,5.044444444444444,22.3235,105.1009,10.851111111111113,13.323333333333332,5,21,51,167,1970-01-21 14:19:59.766666666,1970-01-21 14:20:47.746666666,Xuân,,,
Tuyên Quang,Trung du miền núi Bắc Bộ,2026-05-25,30.444444444444443,34.599999999999994,26.522222222222226,35.62222222222223,39.55555555555556,31.733333333333334,0.0888888888888888,0.0888888888888888,0.0,0.1111111111111111,68.11111111111111,13.444444444444445,33.58888888888889,22.62555555555555,1002.5333333333332,45.44444444444444,23.61111111111111,0.0,5.306666666666667,22.3235,105.1009,11.768888888888888,13.336666666666666,5,22,3,216,1970-01-21 14:21:26.153333333,1970-01-21 14:22:14.160000000,Xuân,,,
Tuyên Quang,Trung du miền núi Bắc Bộ,2026-05-26,31.122222222222224,36.08888888888889,26.58888888888889,36.611111111111114,41.45555555555555,32.03333333333333,0.0,0.0,0.0,0.0,65.66666666666667,11.755555555555556,29.244444444444444,26.188888888888886,1001.922222222222,5.333333333333333,23.566666666666663,0.0,6.08,22.3235,105.1009,12.232222222222225,13.348888888888888,5,22,1,189,1970-01-21 14:22:52.546666666,1970-01-21 14:23:40.593333333,Xuân,,,
Tuyên Quang,Trung du miền núi Bắc Bộ,2026-05-27,30.84444444444445,35.8,26.544444444444444,37.077777777777776,42.58888888888889,32.53333333333333,2.433333333333333,2.433333333333333,0.0,4.0,71.55555555555556,9.88888888888889,26.477777777777774,25.16,1004.3333333333334,14.444444444444445,24.655555555555555,0.0,5.7011111111111115,22.3235,105.1009,12.211111111111112,13.358888888888888,5,22,61,120,1970-01-21 14:24:18.926666666,1970-01-21 14:25:07.006666666,Xuân,,,
Tuyên Quang,Trung du miền núi Bắc Bộ,2026-05-28,29.27777777777778,33.611111111111114,25.5,35.644444444444446,40.855555555555554,31.9,1.1111111111111112,1.1111111111111112,0.0,4.888888888888889,78.22222222222223,7.388888888888889,23.41111111111111,23.436666666666667,1007.7111111111112,34.55555555555556,24.72222222222222,0.0,5.107777777777778,22.3235,105.1009,11.81111111111111,13.37,5,22,51,118,1970-01-21 14:25:45.320000000,1970-01-21 14:26:33.446666666,Xuân,,,
Tuyên Quang,Trung du miền núi Bắc Bộ,2026-05-29,27.14444444444445,31.78888888888889,25.077777777777776,33.611111111111114,38.71111111111111,30.93333333333333,14.333333333333334,14.333333333333334,0.0,11.22222222222222,88.55555555555556,8.577777777777778,28.38888888888889,18.65888888888889,1009.8888888888888,71.0,24.933333333333337,0.0,3.7933333333333334,22.3235,105.1009,10.08888888888889,13.38,5,22,63,10,1970-01-21 14:27:11.706666666,1970-01-21 14:27:59.866666666,Xuân,,,
Tuyên Quang,Trung du miền núi Bắc Bộ,2026-05-30,25.533333333333335,29.08888888888889,22.744444444444444,30.77777777777778,34.34444444444444,27.155555555555555,16.322222222222223,16.322222222222223,0.0,14.666666666666666,88.77777777777777,8.977777777777778,23.255555555555556,12.56,1011.6777777777778,73.66666666666667,23.433333333333337,0.0,2.6077777777777778,22.3235,105.1009,4.044444444444444,13.39,5,22,63,5,1970-01-21 14:28:38.093333333,1970-01-21 14:29:26.293333333,Xuân,,,
Tuyên Quang,Trung du miền núi Bắc Bộ,2026-05-31,28.22222222222222,32.67777777777778,23.64444444444445,33.87777777777777,39.111111111111114,28.78888888888889,0.7666666666666667,0.7666666666666667,0.0,4.666666666666667,77.66666666666667,9.177777777777775,25.6,25.01111111111111,1008.9333333333332,16.444444444444443,23.633333333333333,0.0,5.325555555555556,22.3235,105.1009,12.063333333333333,13.398888888888887,5,22,51,153,1970-01-21 14:30:04.493333333,1970-01-21 14:30:52.726666666,Xuân,,,
Tuyên Quang,Trung du miền núi Bắc Bộ,2026-06-01,29.011111111111113,32.94444444444444,25.166666666666668,35.388888888888886,39.91111111111111,31.32222222222222,2.144444444444444,2.144444444444444,0.0,10.333333333333334,80.0,7.866666666666666,22.933333333333337,22.74111111111111,1007.6666666666666,32.77777777777778,24.966666666666665,0.0,4.867777777777778,22.3235,105.1009,12.018888888888888,13.408888888888889,6,23,51,151,1970-01-21 14:31:30.886666666,1970-01-21 14:32:19.140000000,Hè,,,
Tuyên Quang,Trung du miền núi Bắc Bộ,2026-06-02,28.866666666666667,33.75555555555556,24.62222222222222,35.144444444444446,41.28888888888889,30.200000000000003,10.266666666666667,10.266666666666667,0.0,11.0,81.22222222222223,9.877777777777778,25.477777777777774,24.534444444444446,1005.4555555555556,64.22222222222223,24.91111111111111,0.0,5.352222222222222,22.3235,105.1009,11.715555555555556,13.418888888888889,6,23,63,44,1970-01-21 14:32:57.280000000,1970-01-21 14:33:45.586666666,Hè,,,
Tuyên Quang,Trung du miền núi Bắc Bộ,2026-06-03,28.64444444444445,33.82222222222222,24.666666666666668,35.12222222222223,41.2,30.422222222222224,5.666666666666667,5.666666666666667,0.0,13.666666666666666,83.0,9.833333333333334,26.477777777777774,23.60555555555555,1002.8666666666666,71.55555555555556,25.11111111111111,0.0,5.152222222222222,22.3235,105.1009,10.34,13.423333333333334,6,23,61,133,1970-01-21 14:34:23.673333333,1970-01-21 14:35:12.000000000,Hè,,,
Tuyên Quang,Trung du miền núi Bắc Bộ,2026-06-04,27.922222222222224,32.67777777777778,25.299999999999997,34.96666666666667,40.65555555555555,31.622222222222224,8.911111111111111,8.911111111111111,0.0,13.11111111111111,89.11111111111111,6.977777777777778,21.444444444444443,19.04111111111111,1003.0888888888888,94.66666666666669,25.788888888888888,0.0,4.016666666666667,22.3235,105.1009,8.227777777777778,13.431111111111113,6,23,63,17,1970-01-21 14:35:50.066666666,1970-01-21 14:36:38.433333333,Hè,,,
Tuyên Quang,Trung du miền núi Bắc Bộ,2026-06-05,26.299999999999997,29.84444444444445,23.62222222222222,32.077777777777776,35.58888888888889,28.82222222222222,13.81111111111111,13.81111111111111,0.0,13.0,88.88888888888889,7.2333333333333325,20.322222222222223,13.411111111111111,1004.5222222222224,85.55555555555556,24.155555555555555,0.0,2.8177777777777777,22.3235,105.1009,6.202222222222222,13.44,6,23,63,101,1970-01-21 14:37:16.466666666,1970-01-21 14:38:04.846666666,Hè,,,
Tuyên Quang,Trung du miền núi Bắc Bộ,2026-06-06,28.444444444444443,33.266666666666666,24.211111111111112,34.63333333333333,40.05555555555556,29.88888888888889,9.155555555555557,9.155555555555557,0.0,11.666666666666666,82.22222222222223,11.266666666666667,28.688888888888886,23.21333333333333,1003.5,86.55555555555556,24.755555555555556,0.0,5.018888888888889,22.3235,105.1009,11.264444444444443,13.448888888888888,6,23,63,142,1970-01-21 14:38:42.860000000,1970-01-21 14:39:31.273333333,Hè,,,
Tuyên Quang,Trung du miền núi Bắc Bộ,2026-06-07,29.65555555555555,33.74444444444444,25.677777777777777,36.166666666666664,40.099999999999994,32.111111111111114,1.2333333333333334,1.2333333333333334,0.0,5.777777777777778,78.77777777777777,10.677777777777777,30.522222222222222,23.454444444444444,1001.6111111111111,74.33333333333333,25.22222222222222,0.0,5.157777777777778,22.3235,105.1009,12.084444444444445,13.45111111111111,6,23,51,144,1970-01-21 14:40:09.260000000,1970-01-21 14:40:57.706666666,Hè,,,
Tuyên Quang,Trung du miền núi Bắc Bộ,2026-06-08,28.166666666666668,31.88888888888889,24.91111111111111,34.02222222222222,37.43333333333333,30.333333333333332,8.833333333333334,8.833333333333334,0.0,9.555555555555555,81.66666666666667,10.233333333333334,28.466666666666665,17.022222222222222,1002.1666666666666,98.44444444444444,24.433333333333334,0.0,3.648888888888889,22.3235,105.1009,9.307777777777778,13.46,6,24,63,1,1970-01-21 14:41:35.660000000,1970-01-21 14:42:24.106666666,Hè,,,
Tuyên Quang,Trung du miền núi Bắc Bộ,2026-06-09,23.733333333333334,26.233333333333334,21.766666666666666,27.766666666666666,30.355555555555554,25.72222222222222,16.977777777777778,16.977777777777778,0.0,11.555555555555555,86.11111111111111,7.444444444444445,19.633333333333336,10.524444444444445,1007.7444444444445,96.66666666666667,21.133333333333333,0.0,2.1733333333333333,22.3235,105.1009,3.29,13.46888888888889,6,24,63,5,1970-01-21 14:43:02.060000000,1970-01-21 14:43:50.546666666,Hè,,,
Tuyên Quang,Trung du miền núi Bắc Bộ,2026-06-10,25.977777777777778,29.93333333333333,22.700000000000003,30.122222222222224,33.544444444444444,27.38888888888889,0.34444444444444444,0.34444444444444444,0.0,1.0,76.66666666666667,7.466666666666667,20.788888888888888,18.544444444444444,1010.0,98.55555555555556,21.155555555555555,0.0,3.881111111111111,22.3235,105.1009,9.925555555555555,13.471111111111112,6,24,3,182,1970-01-21 14:44:28.460000000,1970-01-21 14:45:16.966666666,Hè,,,
Tuyên Quang,Trung du miền núi Bắc Bộ,2026-06-11,27.01111111111111,30.577777777777776,23.755555555555556,31.45555555555556,35.18888888888889,28.044444444444444,0.5555555555555556,0.5555555555555556,0.0,2.888888888888889,73.55555555555556,7.577777777777778,20.833333333333332,20.116666666666667,1011.6777777777778,81.77777777777777,21.62222222222222,0.0,4.260000000000001,22.3235,105.1009,10.78,13.47888888888889,6,24,51,132,1970-01-21 14:45:54.866666666,1970-01-21 14:46:43.366666666,Hè,,,
Tuyên Quang,Trung du miền núi Bắc Bộ,2026-06-12,26.966666666666665,30.72222222222222,23.799999999999997,32.28888888888889,36.077777777777776,29.08888888888889,6.811111111111111,6.811111111111111,0.0,14.0,82.44444444444444,9.744444444444445,26.799999999999997,20.556666666666665,1010.7222222222222,96.66666666666667,23.544444444444444,0.0,4.265555555555555,22.3235,105.1009,10.82,13.481111111111112,6,24,61,177,1970-01-21 14:47:21.266666666,1970-01-21 14:48:09.800000000,Hè,,,
Tuyên Quang,Trung du miền núi Bắc Bộ,2026-06-13,28.744444444444444,33.17777777777778,24.977777777777778,34.87777777777777,39.388888888888886,30.93333333333333,2.4222222222222225,2.4222222222222225,0.0,10.333333333333334,80.0,10.68888888888889,31.200000000000003,21.587777777777777,1006.0111111111112,92.66666666666667,24.677777777777777,0.0,4.694444444444445,22.3235,105.1009,9.463333333333333,13.481111111111112,6,24,53,182,1970-01-21 14:48:47.673333333,1970-01-21 14:49:36.226666666,Hè,,,
Tuyên Quang,Trung du miền núi Bắc Bộ,2026-06-14,29.15555555555555,33.422222222222224,25.88888888888889,35.766666666666666,40.53333333333333,31.88888888888889,2.3333333333333335,2.3333333333333335,0.0,6.222222222222222,80.33333333333333,7.355555555555556,24.188888888888886,22.42777777777778,1003.4888888888888,94.22222222222223,25.08888888888889,0.0,4.855555555555556,22.3235,105.1009,10.297777777777778,13.488888888888889,6,24,53,24,1970-01-21 14:50:14.086666666,1970-01-21 14:51:02.626666666,Hè,,,
Tuyên Quang,Trung du miền núi Bắc Bộ,2026-06-15,27.977777777777778,32.94444444444444,25.12222222222222,34.8,39.766666666666666,31.266666666666666,19.1,19.1,0.0,16.555555555555557,88.55555555555556,7.699999999999999,22.48888888888889,16.904444444444444,1004.3777777777777,98.88888888888889,25.666666666666668,0.0,3.6399999999999997,22.3235,105.1009,6.502222222222223,13.491111111111111,6,25,63,25,1970-01-21 14:51:40.493333333,1970-01-21 14:52:29.053333333,Hè,,,
Tuyên Quang,Trung du miền núi Bắc Bộ,2026-06-16,26.311111111111114,29.82222222222222,24.4,32.888888888888886,36.96666666666667,30.122222222222224,29.055555555555557,29.055555555555557,0.0,20.11111111111111,94.66666666666667,7.1,23.644444444444446,13.255555555555555,1006.0111111111112,97.0,25.333333333333332,0.0,2.6866666666666665,22.3235,105.1009,4.698888888888889,13.491111111111111,6,25,63,34,1970-01-21 14:53:06.893333333,1970-01-21 14:53:55.480000000,Hè,,,
Tuyên Quang,Trung du miền núi Bắc Bộ,2026-06-17,27.200000000000003,30.54444444444444,24.677777777777777,33.833333333333336,37.077777777777776,30.65555555555555,17.48888888888889,17.48888888888889,0.0,17.11111111111111,90.77777777777777,7.144444444444444,22.6,13.592222222222222,1005.0666666666667,98.33333333333333,25.477777777777778,0.0,2.87,22.3235,105.1009,4.483333333333333,13.498888888888889,6,25,63,5,1970-01-21 14:54:33.300000000,1970-01-21 14:55:21.886666666,Hè,,,
Tuyên Quang,Trung du miền núi Bắc Bộ,2026-06-18,27.37777777777778,31.34444444444445,23.577777777777776,33.599999999999994,36.833333333333336,28.72222222222222,24.477777777777774,24.477777777777774,0.0,17.0,88.77777777777777,11.11111111111111,28.522222222222222,16.03,1003.9000000000001,98.0,25.188888888888886,0.0,3.447777777777778,22.3235,105.1009,7.056666666666667,13.498888888888889,6,25,65,91,1970-01-21 14:55:59.713333333,1970-01-21 14:56:48.300000000,Hè,,,
Tuyên Quang,Trung du miền núi Bắc Bộ,2026-06-19,27.433333333333334,30.466666666666665,25.433333333333334,34.388888888888886,36.900000000000006,31.65555555555555,10.600000000000001,10.600000000000001,0.0,15.444444444444445,92.33333333333333,8.211111111111112,25.48888888888889,13.027777777777779,1003.7333333333333,100.0,26.0,0.0,2.758888888888889,22.3235,105.1009,3.126666666666667,13.498888888888889,6,25,63,7,1970-01-21 14:57:26.126666666,1970-01-21 14:58:14.726666666,Hè,,,
Tuyên Quang,Trung du miền núi Bắc Bộ,2026-06-20,27.444444444444443,31.577777777777776,24.155555555555555,33.82222222222222,37.48888888888889,29.555555555555557,22.977777777777778,22.977777777777778,0.0,14.666666666666666,88.77777777777777,9.588888888888889,26.566666666666666,13.672222222222222,1005.1333333333334,99.22222222222223,25.255555555555556,0.0,2.9544444444444444,22.3235,105.1009,4.317777777777778,13.498888888888889,6,25,63,24,1970-01-21 14:58:52.546666666,1970-01-21 14:59:41.146666666,Hè,,,
Tuyên Quang,Trung du miền núi Bắc Bộ,2026-06-21,27.977777777777778,31.5,24.6,33.75555555555556,37.233333333333334,30.633333333333333,3.2444444444444445,3.2444444444444445,0.0,10.777777777777779,82.11111111111111,11.011111111111111,30.422222222222224,20.47888888888889,1006.1111111111111,95.33333333333333,24.38888888888889,0.0,4.375555555555556,22.3235,105.1009,11.01,13.498888888888889,6,25,53,158,1970-01-21 15:00:18.953333333,1970-01-21 15:01:07.546666666,Hè,,,
Tuyên Quang,Trung du miền núi Bắc Bộ,2026-06-22,28.988888888888887,33.32222222222222,24.966666666666665,34.78888888888889,39.31111111111111,30.78888888888889,0.7333333333333333,0.7333333333333333,0.0,4.111111111111111,77.88888888888889,12.055555555555555,32.733333333333334,22.713333333333335,1003.3666666666666,73.88888888888889,24.433333333333334,0.0,5.001111111111111,22.3235,105.1009,11.675555555555555,13.498888888888889,6,26,51,185,1970-01-21 15:01:45.366666666,1970-01-21 15:02:33.960000000,Hè,,,
Tuyên Quang,Trung du miền núi Bắc Bộ,2026-06-23,30.022222222222222,34.36666666666667,26.233333333333334,36.422222222222224,40.68888888888889,32.44444444444444,0.39999999999999997,0.39999999999999997,0.0,2.2222222222222223,75.33333333333333,9.444444444444445,28.877777777777776,24.084444444444443,1000.4777777777776,90.55555555555556,24.833333333333332,0.0,5.293333333333333,22.3235,105.1009,11.988888888888889,13.498888888888889,6,26,51,149,1970-01-21 15:03:11.780000000,1970-01-21 15:04:00.373333333,Hè,,,
Tuyên Quang,Trung du miền núi Bắc Bộ,2026-06-24,30.82222222222222,35.211111111111116,27.58888888888889,37.18888888888889,40.81111111111111,33.833333333333336,0.1888888888888889,0.1888888888888889,0.0,1.0,72.44444444444444,7.711111111111112,22.477777777777778,21.483333333333334,1000.6333333333334,94.88888888888889,24.9,0.0,4.885555555555555,22.3235,105.1009,10.72888888888889,13.498888888888889,6,26,3,6,1970-01-21 15:04:38.200000000,1970-01-21 15:05:26.793333333,Hè,,,
Tuyên Quang,Trung du miền núi Bắc Bộ,2026-06-25,29.744444444444444,32.955555555555556,26.4,36.544444444444444,39.144444444444446,32.82222222222222,8.011111111111111,8.011111111111111,0.0,6.777777777777778,80.66666666666667,7.344444444444444,20.666666666666668,14.372222222222222,1002.311111111111,98.88888888888889,25.844444444444445,0.0,3.267777777777778,22.3235,105.1009,2.95,13.498888888888889,6,26,63,39,1970-01-21 15:06:04.613333333,1970-01-21 15:06:53.206666666,Hè,,,
Tuyên Quang,Trung du miền núi Bắc Bộ,2026-06-26,25.91111111111111,27.655555555555555,24.555555555555557,32.2,33.96666666666667,30.333333333333332,45.27777777777778,45.27777777777778,0.0,18.555555555555557,94.77777777777777,6.199999999999999,16.966666666666665,6.308888888888889,1005.4222222222221,97.44444444444444,24.966666666666665,0.0,1.41,22.3235,105.1009,0.9166666666666666,13.491111111111111,6,26,63,323,1970-01-21 15:07:31.026666666,1970-01-21 15:08:19.606666666,Hè,,,
Tuyên Quang,Trung du miền núi Bắc Bộ,2026-06-27,26.91111111111111,30.633333333333333,24.244444444444444,33.22222222222222,37.36666666666667,29.95555555555556,16.88888888888889,16.88888888888889,0.0,16.88888888888889,88.77777777777777,5.555555555555555,18.51111111111111,18.74,1005.3222222222222,96.44444444444444,24.677777777777777,0.0,3.8711111111111114,22.3235,105.1009,9.935555555555556,13.491111111111111,6,26,63,6,1970-01-21 15:08:57.446666666,1970-01-21 15:09:46.006666666,Hè,,,
Tuyên Quang,Trung du miền núi Bắc Bộ,2026-06-28,27.288888888888888,32.47777777777778,24.322222222222223,33.833333333333336,39.81111111111111,30.08888888888889,20.477777777777778,20.477777777777778,0.0,19.88888888888889,88.66666666666667,7.344444444444444,21.755555555555556,21.31,1004.1111111111111,97.33333333333333,25.0,0.0,4.456666666666667,22.3235,105.1009,10.053333333333335,13.488888888888889,6,26,63,91,1970-01-21 15:10:23.866666666,1970-01-21 15:11:12.420000000,Hè,,,
Tuyên Quang,Trung du miền núi Bắc Bộ,2026-06-29,26.422222222222224,30.644444444444446,24.433333333333334,32.53333333333333,37.333333333333336,30.244444444444444,39.577777777777776,39.577777777777776,0.0,22.666666666666668,91.0,6.1,18.633333333333333,14.863333333333335,1003.8888888888889,99.0,24.688888888888886,0.0,3.11,22.3235,105.1009,5.111111111111111,13.488888888888889,6,27,63,146,1970-01-21 15:11:50.273333333,1970-01-21 15:12:38.820000000,Hè,,,
Tuyên Quang,Trung du miền núi Bắc Bộ,2026-06-30,25.188888888888886,26.700000000000003,24.022222222222222,31.22222222222222,33.27777777777778,29.477777777777778,47.2,47.2,0.0,23.333333333333332,97.22222222222223,8.633333333333333,23.844444444444445,6.167777777777777,1005.3666666666666,100.0,24.711111111111112,0.0,1.3022222222222222,22.3235,105.1009,0.05,13.481111111111112,6,27,63,93,1970-01-21 15:13:16.700000000,1970-01-21 15:14:05.233333333,Hè,,,
Tuyên Quang,Trung du miền núi Bắc Bộ,2026-07-01,26.211111111111112,30.133333333333333,23.855555555555554,32.099999999999994,36.355555555555554,29.133333333333333,27.38888888888889,27.38888888888889,0.0,22.666666666666668,90.77777777777777,7.533333333333333,21.37777777777778,15.813333333333333,1006.4777777777776,99.33333333333333,24.433333333333334,0.0,3.2933333333333334,22.3235,105.1009,6.89,13.47888888888889,7,27,63,29,1970-01-21 15:14:43.120000000,1970-01-21 15:15:31.633333333,Hè,,,
Tuyên Quang,Trung du miền núi Bắc Bộ,2026-07-02,26.288888888888888,30.333333333333332,23.4,32.422222222222224,36.67777777777778,28.666666666666668,24.955555555555556,24.955555555555556,0.0,19.22222222222222,90.88888888888889,7.588888888888889,24.922222222222224,18.842222222222222,1007.8666666666666,87.22222222222223,24.566666666666666,0.0,3.782222222222222,22.3235,105.1009,10.715555555555556,13.471111111111112,7,27,63,8,1970-01-21 15:16:09.533333333,1970-01-21 15:16:58.040000000,Hè,,,
Tuyên Quang,Trung du miền núi Bắc Bộ,2026-07-03,28.22222222222222,33.488888888888894,23.655555555555555,34.3,40.2,28.622222222222224,9.666666666666666,9.666666666666666,0.0,15.444444444444445,80.77777777777777,8.577777777777778,23.133333333333333,25.022222222222222,1006.2777777777778,49.111111111111114,24.188888888888886,0.0,5.31,22.3235,105.1009,12.075555555555557,13.46888888888889,7,27,61,86,1970-01-21 15:17:35.953333333,1970-01-21 15:18:24.440000000,Hè,,,
Tuyên Quang,Trung du miền núi Bắc Bộ,2026-07-04,27.77777777777778,33.18888888888889,24.655555555555555,34.32222222222222,39.72222222222222,30.422222222222224,14.18888888888889,14.18888888888889,0.0,15.333333333333334,87.0,8.822222222222223,25.1,21.636666666666667,1003.0666666666667,80.44444444444444,25.11111111111111,0.0,4.54,22.3235,105.1009,10.065555555555555,13.461111111111112,7,27,63,4,1970-01-21 15:19:02.380000000,1970-01-21 15:19:50.846666666,Hè,,,
Tuyên Quang,Trung du miền núi Bắc Bộ,2026-07-05,27.88888888888889,31.67777777777778,25.01111111111111,34.72222222222222,38.955555555555556,31.0,12.566666666666666,12.566666666666666,0.0,18.333333333333332,88.77777777777777,7.7333333333333325,23.444444444444443,19.733333333333334,1001.6222222222223,96.88888888888889,25.655555555555555,0.0,4.136666666666667,22.3235,105.1009,10.603333333333333,13.458888888888888,7,27,63,164,1970-01-21 15:20:28.793333333,1970-01-21 15:21:17.240000000,Hè,,,
Tuyên Quang,Trung du miền núi Bắc Bộ,2026-07-06,27.166666666666668,30.299999999999997,25.166666666666668,33.63333333333333,36.91111111111111,31.5,8.833333333333334,8.833333333333334,0.0,11.333333333333334,90.11111111111111,8.555555555555555,26.566666666666666,17.686666666666667,1001.311111111111,88.88888888888889,25.266666666666666,0.0,3.6355555555555554,22.3235,105.1009,10.276666666666666,13.45,7,28,63,84,1970-01-21 15:21:55.220000000,1970-01-21 15:22:43.633333333,Hè,,,
Tuyên Quang,Trung du miền núi Bắc Bộ,2026-07-07,27.833333333333332,32.0,24.711111111111112,34.599999999999994,39.62222222222223,30.799999999999997,5.855555555555556,5.855555555555556,0.0,13.333333333333334,87.66666666666667,7.7666666666666675,21.344444444444445,21.254444444444445,1001.6555555555556,69.88888888888889,25.4,0.0,4.428888888888888,22.3235,105.1009,11.893333333333334,13.44111111111111,7,28,53,85,1970-01-21 15:23:21.646666666,1970-01-21 15:24:10.033333333,Hè,,,
Tuyên Quang,Trung du miền núi Bắc Bộ,2026-07-08,26.833333333333332,31.055555555555557,24.422222222222224,33.455555555555556,38.46666666666667,30.244444444444444,19.866666666666667,19.866666666666667,0.0,17.555555555555557,90.88888888888889,7.166666666666667,22.27777777777778,18.793333333333333,1002.4777777777776,90.11111111111111,25.133333333333333,0.0,3.8600000000000003,22.3235,105.1009,9.541111111111112,13.436666666666666,7,28,63,72,1970-01-21 15:24:48.060000000,1970-01-21 15:25:36.420000000,Hè,,,
Tuyên Quang,Trung du miền núi Bắc Bộ,2026-07-09,25.12222222222222,27.38888888888889,23.833333333333332,31.166666666666668,33.5,29.333333333333332,29.644444444444446,29.644444444444446,0.0,21.444444444444443,95.88888888888889,5.0,14.922222222222224,8.027777777777779,1002.7555555555555,97.22222222222223,24.422222222222224,0.0,1.6677777777777778,22.3235,105.1009,2.1444444444444444,13.428888888888888,7,28,63,14,1970-01-21 15:26:14.486666666,1970-01-21 15:27:02.820000000,Hè,,,
Tuyên Quang,Trung du miền núi Bắc Bộ,2026-07-10,27.03333333333333,31.21111111111111,24.288888888888888,33.5,38.32222222222222,30.200000000000003,6.622222222222223,6.622222222222223,0.0,19.333333333333332,88.44444444444444,6.744444444444444,19.87777777777778,20.67111111111111,1001.311111111111,73.22222222222223,24.788888888888888,0.0,4.267777777777777,22.3235,105.1009,10.696666666666665,13.42,7,28,53,139,1970-01-21 15:27:40.913333333,1970-01-21 15:28:29.206666666,Hè,,,
Tuyên Quang,Trung du miền núi Bắc Bộ,2026-07-11,27.833333333333332,32.58888888888889,24.444444444444443,34.62222222222223,40.099999999999994,30.34444444444445,7.0,7.0,0.0,17.0,86.77777777777777,7.544444444444445,22.4,22.75,999.5333333333333,51.55555555555556,25.166666666666668,0.0,4.742222222222222,22.3235,105.1009,11.453333333333333,13.41,7,28,55,102,1970-01-21 15:29:07.333333333,1970-01-21 15:29:55.606666666,Hè,,,
Tuyên Quang,Trung du miền núi Bắc Bộ,2026-07-12,28.633333333333333,33.53333333333333,24.466666666666665,35.43333333333333,41.455555555555556,30.15555555555555,3.6555555555555554,3.6555555555555554,0.0,10.11111111111111,83.44444444444444,9.088888888888889,23.200000000000003,24.46777777777778,1000.2333333333333,72.11111111111111,25.211111111111112,0.0,5.197777777777778,22.3235,105.1009,11.91,13.401111111111112,7,28,53,128,1970-01-21 15:30:33.766666666,1970-01-21 15:31:22.006666666,Hè,,,
Tuyên Quang,Trung du miền núi Bắc Bộ,2026-07-13,28.799999999999997,33.75555555555556,24.9,35.63333333333333,41.34444444444445,30.511111111111113,8.955555555555556,8.955555555555556,0.0,9.777777777777779,83.0,8.477777777777778,24.544444444444444,24.45111111111111,1002.1666666666666,50.111111111111114,25.233333333333334,0.0,5.222222222222222,22.3235,105.1009,12.377777777777778,13.391111111111112,7,29,63,115,1970-01-21 15:32:00.186666666,1970-01-21 15:32:48.406666666,Hè,,,
Tuyên Quang,Trung du miền núi Bắc Bộ,2026-07-14,29.17777777777778,34.266666666666666,25.177777777777777,36.03333333333333,41.65555555555555,31.466666666666665,1.7999999999999998,1.7999999999999998,0.0,6.666666666666667,81.77777777777777,8.866666666666667,23.155555555555555,25.136666666666667,1002.2888888888889,77.22222222222223,25.311111111111114,0.0,5.444444444444445,22.3235,105.1009,11.606666666666667,13.381111111111112,7,29,51,182,1970-01-21 15:33:26.606666666,1970-01-21 15:34:14.793333333,Hè,,,
Tuyên Quang,Trung du miền núi Bắc Bộ,2026-07-15,29.08888888888889,33.58888888888889,25.61111111111111,35.94444444444444,41.58888888888889,31.744444444444444,7.966666666666667,7.966666666666667,0.0,9.11111111111111,82.88888888888889,8.966666666666667,25.211111111111112,21.630000000000003,1002.2555555555555,94.44444444444444,25.62222222222222,0.0,4.691111111111111,22.3235,105.1009,10.17,13.371111111111112,7,29,63,134,1970-01-21 15:34:53.033333333,1970-01-21 15:35:41.173333333,Hè,,,
Tuyên Quang,Trung du miền núi Bắc Bộ,2026-07-16,26.733333333333334,30.15555555555555,24.255555555555556,32.855555555555554,36.0,29.833333333333332,32.93333333333333,32.93333333333333,0.0,15.0,90.22222222222223,9.044444444444444,25.87777777777778,12.687777777777777,1002.3888888888889,88.33333333333333,24.866666666666667,0.0,2.69,22.3235,105.1009,5.44,13.36111111111111,7,29,63,153,1970-01-21 15:36:19.460000000,1970-01-21 15:37:07.560000000,Hè,,,
Tuyên Quang,Trung du miền núi Bắc Bộ,2026-07-17,28.255555555555556,31.91111111111111,25.322222222222223,34.78888888888889,38.96666666666667,31.633333333333333,3.533333333333333,3.533333333333333,0.0,10.222222222222221,84.0,9.211111111111112,26.811111111111114,21.592222222222222,1001.5222222222224,63.44444444444444,25.133333333333333,0.0,4.54,22.3235,105.1009,11.08,13.35,7,29,51,177,1970-01-21 15:37:45.886666666,1970-01-21 15:38:33.946666666,Hè,,,
Tuyên Quang,Trung du miền núi Bắc Bộ,2026-07-18,27.822222222222223,32.02222222222222,25.22222222222222,34.67777777777778,39.211111111111116,31.11111111111111,10.8,10.8,0.0,15.333333333333334,88.44444444444444,7.477777777777778,22.477777777777778,20.403333333333332,1002.0333333333333,84.55555555555556,25.58888888888889,0.0,4.221111111111111,22.3235,105.1009,11.028888888888888,13.34,7,29,63,37,1970-01-21 15:39:12.306666666,1970-01-21 15:40:00.346666666,Hè,,,
Tuyên Quang,Trung du miền núi Bắc Bộ,2026-07-19,25.944444444444443,27.41111111111111,24.344444444444445,32.46666666666667,34.27777777777778,30.04444444444444,22.366666666666667,22.366666666666667,0.0,18.555555555555557,96.22222222222223,5.6,19.133333333333333,10.64111111111111,1003.8555555555556,100.0,25.233333333333334,0.0,2.171111111111111,22.3235,105.1009,0.4977777777777778,13.33,7,29,63,92,1970-01-21 15:40:38.740000000,1970-01-21 15:41:26.726666666,Hè,,,
Tuyên Quang,Trung du miền núi Bắc Bộ,2026-07-20,28.12222222222222,32.888888888888886,24.866666666666667,34.52222222222222,39.82222222222222,30.811111111111114,2.2111111111111112,2.2111111111111112,0.0,5.666666666666667,83.22222222222223,7.622222222222222,21.98888888888889,21.73111111111111,1003.6666666666666,93.33333333333333,24.700000000000003,0.0,4.642222222222222,22.3235,105.1009,9.554444444444444,13.318888888888889,7,30,51,129,1970-01-21 15:42:05.160000000,1970-01-21 15:42:53.093333333,Hè,,,
