province,region,date,temperature_2m_mean,temperature_2m_max,temperature_2m_min,apparent_temperature_mean,apparent_temperature_max,apparent_temperature_min,precipitation_sum,rain_sum,showers_sum,precipitation_hours,relative_humidity_2m_mean,wind_speed_10m_max,wind_gusts_10m_max,shortwave_radiation_sum,pressure_msl_mean,cloud_cover_mean,dew_point_2m_mean,snowfall_sum,et0_fao_evapotranspiration,latitude,longitude,sunshine_hours,daylight_hours,month,week,weather_code,wind_direction_10m_dominant,sunrise,sunset,season,uv_index_max,uv_index_clear_sky_max,precipitation_probability_max
Tây Ninh,Đông Nam Bộ,2025-07-21,27.360000000000003,31.119999999999997,24.72,31.080000000000002,35.2,28.439999999999998,5.220000000000001,5.220000000000001,0.0,17.4,83.4,26.28,57.6,16.352,1005.96,100.0,24.22,0.0,3.7640000000000002,11.0154,106.1765,5.744,12.672,7,30,55,238,1970-01-21 06:57:56.460,1970-01-21 06:58:42.072,Hè,,,
Tây Ninh,Đông Nam Bộ,2025-07-22,28.7,32.78,25.119999999999997,32.22,35.6,29.639999999999997,1.1199999999999999,1.1199999999999999,0.0,5.6,75.4,29.18,58.54,21.602,1005.1200000000001,100.0,23.619999999999997,0.0,5.306,11.0154,106.1765,11.572,12.67,7,30,51,237,1970-01-21 06:59:22.872,1970-01-21 07:00:08.472,Hè,,,
Tây Ninh,Đông Nam Bộ,2025-07-23,28.48,32.019999999999996,25.860000000000003,32.96,36.88,30.22,8.879999999999999,8.879999999999999,0.0,7.6,78.2,20.68,48.959999999999994,18.688,1004.9,93.8,24.3,0.0,4.31,11.0154,106.1765,9.398,12.66,7,30,63,234,1970-01-21 07:00:49.272,1970-01-21 07:01:34.872,Hè,,,
Tây Ninh,Đông Nam Bộ,2025-07-24,29.080000000000002,32.68,25.8,33.519999999999996,37.08,30.9,0.12,0.12,0.0,1.0,73.8,17.22,39.52,17.458,1005.9,98.4,23.72,0.0,4.364,11.0154,106.1765,9.712,12.66,7,30,51,249,1970-01-21 07:02:15.708,1970-01-21 07:03:01.260,Hè,,,
Tây Ninh,Đông Nam Bộ,2025-07-25,28.839999999999996,33.38,25.06,33.32,37.4,29.46,5.9399999999999995,5.9399999999999995,0.0,3.6,74.6,20.759999999999998,40.9,22.314,1006.14,93.0,23.6,0.0,5.226,11.0154,106.1765,11.379999999999999,12.65,7,30,63,264,1970-01-21 07:03:42.120,1970-01-21 07:04:27.660,Hè,,,
Tây Ninh,Đông Nam Bộ,2025-07-26,28.74,32.7,25.76,33.38,36.44,31.0,0.54,0.54,0.0,2.2,77.4,20.96,42.78,16.51,1006.72,99.6,24.18,0.0,4.1339999999999995,11.0154,106.1765,6.781999999999999,12.64,7,30,51,250,1970-01-21 07:05:08.520,1970-01-21 07:05:54.048,Hè,,,
Tây Ninh,Đông Nam Bộ,2025-07-27,27.580000000000002,31.419999999999998,25.360000000000003,32.08,35.879999999999995,30.0,9.52,9.52,0.0,9.8,84.0,20.82,45.0,16.288,1007.0200000000001,99.0,24.439999999999998,0.0,3.6379999999999995,11.0154,106.1765,6.7620000000000005,12.64,7,30,63,233,1970-01-21 07:06:34.932,1970-01-21 07:07:20.412,Hè,,,
Tây Ninh,Đông Nam Bộ,2025-07-28,27.119999999999997,29.98,24.78,31.360000000000003,33.96,29.580000000000002,6.1,6.1,0.0,6.6,86.0,23.880000000000003,49.519999999999996,16.035999999999998,1006.6200000000001,91.2,24.5,0.0,3.418,11.0154,106.1765,9.642,12.63,7,31,61,218,1970-01-21 07:08:01.332,1970-01-21 07:08:46.812,Hè,,,
Tây Ninh,Đông Nam Bộ,2025-07-29,28.3,32.06,25.56,32.760000000000005,36.6,30.580000000000002,6.82,6.82,0.0,7.2,81.0,24.4,52.260000000000005,19.802,1006.4200000000001,71.8,24.6,0.0,4.458,11.0154,106.1765,11.698,12.62,7,31,63,225,1970-01-21 07:09:27.756,1970-01-21 07:10:13.200,Hè,,,
Tây Ninh,Đông Nam Bộ,2025-07-30,29.119999999999997,33.12,26.2,33.28,37.46,31.0,0.74,0.74,0.0,3.4,75.6,23.22,45.58,20.832,1007.26,93.0,24.080000000000002,0.0,5.07,11.0154,106.1765,11.128,12.62,7,31,51,234,1970-01-21 07:10:54.180,1970-01-21 07:11:39.600,Hè,,,
Tây Ninh,Đông Nam Bộ,2025-07-31,28.26,32.08,26.24,32.92,37.8,30.439999999999998,8.6,8.6,0.0,8.8,79.8,19.96,44.480000000000004,18.142,1007.36,88.0,24.36,0.0,4.109999999999999,11.0154,106.1765,8.406,12.61,7,31,63,223,1970-01-21 07:12:20.580,1970-01-21 07:13:05.952,Hè,,,
Tây Ninh,Đông Nam Bộ,2025-08-01,28.8,33.08,25.7,33.86,39.2,30.580000000000002,1.8,1.8,0.0,4.6,79.8,17.86,36.08,21.596,1006.5799999999999,90.8,24.839999999999996,0.0,4.8260000000000005,11.0154,106.1765,11.984,12.6,8,31,51,224,1970-01-21 07:13:46.980,1970-01-21 07:14:32.352,Hè,,,
Tây Ninh,Đông Nam Bộ,2025-08-02,28.839999999999996,33.18,25.660000000000004,34.08,39.3,30.98,1.8399999999999999,1.8399999999999999,0.0,5.4,79.4,16.54,33.32,22.330000000000002,1007.68,98.0,24.720000000000002,0.0,4.91,11.0154,106.1765,11.998000000000001,12.59,8,31,53,215,1970-01-21 07:15:13.392,1970-01-21 07:15:58.740,Hè,,,
Tây Ninh,Đông Nam Bộ,2025-08-03,28.560000000000002,33.54,25.5,34.28,40.22,31.139999999999997,2.2,2.2,0.0,3.8,81.8,18.380000000000003,42.06,22.844,1009.1,88.8,24.919999999999998,0.0,4.932,11.0154,106.1765,11.458,12.588,8,31,55,208,1970-01-21 07:16:39.792,1970-01-21 07:17:25.104,Hè,,,
Tây Ninh,Đông Nam Bộ,2025-08-04,28.080000000000002,33.980000000000004,24.619999999999997,34.06,41.6,30.0,3.8200000000000003,3.8200000000000003,0.0,2.8,83.8,17.86,41.04,23.116,1008.8799999999999,76.2,24.82,0.0,4.890000000000001,11.0154,106.1765,11.528,12.58,8,32,63,190,1970-01-21 07:18:06.204,1970-01-21 07:18:51.492,Hè,,,
Tây Ninh,Đông Nam Bộ,2025-08-05,27.939999999999998,33.44,25.18,33.42,39.9,30.0,19.7,19.7,0.0,6.6,84.6,19.02,38.739999999999995,22.038,1008.5600000000001,81.4,24.76,0.0,4.7,11.0154,106.1765,10.414,12.57,8,32,65,192,1970-01-21 07:19:32.628,1970-01-21 07:20:17.880,Hè,,,
Tây Ninh,Đông Nam Bộ,2025-08-06,27.68,33.08,24.439999999999998,32.9,39.78,29.74,5.5600000000000005,5.5600000000000005,0.0,3.0,82.8,16.7,38.88,21.776,1008.5799999999999,99.8,24.22,0.0,4.67,11.0154,106.1765,10.492,12.56,8,32,65,183,1970-01-21 07:20:59.040,1970-01-21 07:21:44.232,Hè,,,
Tây Ninh,Đông Nam Bộ,2025-08-07,28.119999999999997,33.0,24.14,33.64,39.6,29.52,2.04,2.04,0.0,3.6,80.4,12.74,28.639999999999997,23.322,1009.3,79.0,24.14,0.0,4.9879999999999995,11.0154,106.1765,11.602,12.552000000000001,8,32,61,194,1970-01-21 07:22:25.440,1970-01-21 07:23:10.620,Hè,,,
Tây Ninh,Đông Nam Bộ,2025-08-08,28.060000000000002,33.14,24.619999999999997,34.32,40.46,30.4,6.88,6.88,0.0,6.4,82.6,10.64,22.8,22.990000000000002,1009.8,51.2,24.580000000000002,0.0,4.858,11.0154,106.1765,9.953999999999999,12.548,8,32,63,191,1970-01-21 07:23:51.840,1970-01-21 07:24:37.020,Hè,,,
Tây Ninh,Đông Nam Bộ,2025-08-09,27.18,31.52,24.34,32.839999999999996,38.739999999999995,29.080000000000002,19.619999999999997,19.619999999999997,0.0,13.6,85.6,13.38,34.26,17.316,1009.8,98.0,24.46,0.0,3.594,11.0154,106.1765,8.634,12.54,8,32,65,242,1970-01-21 07:25:18.252,1970-01-21 07:26:03.372,Hè,,,
Tây Ninh,Đông Nam Bộ,2025-08-10,26.96,32.660000000000004,23.44,32.519999999999996,39.160000000000004,28.68,8.82,8.82,0.0,8.2,85.2,16.94,36.14,23.278,1008.24,93.6,23.98,0.0,4.806,11.0154,106.1765,11.408,12.53,8,32,63,237,1970-01-21 07:26:44.652,1970-01-21 07:27:29.760,Hè,,,
Tây Ninh,Đông Nam Bộ,2025-08-11,26.76,31.839999999999996,24.52,31.860000000000003,37.94,29.4,18.18,18.18,0.0,12.0,86.6,15.98,37.64,19.766,1007.54,91.6,24.18,0.0,4.044,11.0154,106.1765,10.35,12.52,8,33,65,220,1970-01-21 07:28:11.052,1970-01-21 07:28:56.136,Hè,,,
Tây Ninh,Đông Nam Bộ,2025-08-12,26.82,31.74,24.220000000000002,31.76,37.839999999999996,29.0,10.28,10.28,0.0,14.6,85.4,14.580000000000002,30.04,18.113999999999997,1007.5600000000001,98.6,24.04,0.0,3.848,11.0154,106.1765,8.478,12.51,8,33,63,209,1970-01-21 07:29:37.452,1970-01-21 07:30:22.500,Hè,,,
Tây Ninh,Đông Nam Bộ,2025-08-13,26.76,31.28,24.240000000000002,31.72,36.739999999999995,29.26,8.3,8.3,0.0,9.0,85.6,17.1,34.980000000000004,17.252,1008.4399999999999,99.6,24.04,0.0,3.55,11.0154,106.1765,8.882,12.501999999999999,8,33,63,237,1970-01-21 07:31:03.864,1970-01-21 07:31:48.900,Hè,,,
Tây Ninh,Đông Nam Bộ,2025-08-14,26.5,32.160000000000004,23.94,32.08,38.56,29.32,17.14,17.14,0.0,13.2,88.2,14.180000000000001,31.679999999999996,17.192,1007.4,100.0,24.22,0.0,3.588,11.0154,106.1765,7.2,12.498000000000001,8,33,63,245,1970-01-21 07:32:30.288,1970-01-21 07:33:15.252,Hè,,,
Tây Ninh,Đông Nam Bộ,2025-08-15,25.919999999999998,30.46,23.96,31.32,36.78,28.7,23.5,23.5,0.0,16.2,91.8,15.220000000000002,33.04,13.834,1005.74,100.0,24.419999999999998,0.0,2.7640000000000002,11.0154,106.1765,5.7219999999999995,12.488,8,33,65,210,1970-01-21 07:33:56.700,1970-01-21 07:34:41.640,Hè,,,
Tây Ninh,Đông Nam Bộ,2025-08-16,25.3,29.380000000000003,23.919999999999998,29.939999999999998,33.6,28.28,27.98,27.98,0.0,20.8,92.6,19.339999999999996,37.0,9.794,1006.22,100.0,23.98,0.0,2.018,11.0154,106.1765,2.996,12.478,8,33,63,245,1970-01-21 07:35:23.100,1970-01-21 07:36:07.992,Hè,,,
Tây Ninh,Đông Nam Bộ,2025-08-17,26.119999999999997,30.9,23.84,30.74,35.239999999999995,28.24,6.760000000000001,6.760000000000001,0.0,8.6,87.6,19.32,38.64,14.232,1008.22,99.8,23.740000000000002,0.0,3.0759999999999996,11.0154,106.1765,4.534,12.47,8,33,61,255,1970-01-21 07:36:49.500,1970-01-21 07:37:34.380,Hè,,,
Tây Ninh,Đông Nam Bộ,2025-08-18,27.439999999999998,32.08,23.64,32.1,37.339999999999996,28.18,0.42000000000000004,0.42000000000000004,0.0,1.8,80.0,14.080000000000002,34.32,21.55,1009.5,95.8,23.32,0.0,4.708,11.0154,106.1765,11.092,12.46,8,34,3,241,1970-01-21 07:38:15.900,1970-01-21 07:39:00.732,Hè,,,
Tây Ninh,Đông Nam Bộ,2025-08-19,27.5,31.52,24.419999999999998,32.86,38.64,29.2,6.94,6.94,0.0,6.2,83.0,15.48,36.480000000000004,22.238,1009.9,55.4,24.18,0.0,4.524,11.0154,106.1765,12.0,12.45,8,34,63,227,1970-01-21 07:39:42.300,1970-01-21 07:40:27.120,Hè,,,
Tây Ninh,Đông Nam Bộ,2025-08-20,27.28,32.78,24.36,32.8,40.4,29.160000000000004,11.940000000000001,11.940000000000001,0.0,7.8,83.8,12.16,34.58,20.944,1009.1600000000001,86.6,24.04,0.0,4.436,11.0154,106.1765,9.864,12.441999999999998,8,34,63,184,1970-01-21 07:41:08.700,1970-01-21 07:41:53.472,Hè,,,
Tây Ninh,Đông Nam Bộ,2025-08-21,24.759999999999998,28.580000000000002,22.919999999999998,29.339999999999996,33.2,26.7,37.980000000000004,37.980000000000004,0.0,20.0,93.2,13.719999999999999,29.96,9.65,1010.3399999999999,99.4,23.52,0.0,2.002,11.0154,106.1765,2.336,12.431999999999999,8,34,65,170,1970-01-21 07:42:35.100,1970-01-21 07:43:19.860,Hè,,,
Tây Ninh,Đông Nam Bộ,2025-08-22,26.46,31.619999999999997,22.8,30.96,37.38,26.72,7.919999999999999,7.919999999999999,0.0,10.8,83.6,16.96,35.56,22.606,1009.74,72.2,23.3,0.0,4.6739999999999995,11.0154,106.1765,11.844,12.422,8,34,61,190,1970-01-21 07:44:01.500,1970-01-21 07:44:46.212,Hè,,,
Tây Ninh,Đông Nam Bộ,2025-08-23,26.6,31.48,23.580000000000002,31.580000000000002,37.04,28.580000000000002,19.240000000000002,19.240000000000002,0.0,7.0,85.2,17.4,41.26,18.094,1008.74,78.8,23.78,0.0,3.6719999999999997,11.0154,106.1765,9.084,12.412,8,34,65,225,1970-01-21 07:45:27.900,1970-01-21 07:46:12.600,Hè,,,
Tây Ninh,Đông Nam Bộ,2025-08-24,26.78,31.580000000000002,24.9,31.2,36.36,28.96,19.580000000000002,19.580000000000002,0.0,10.8,83.8,19.32,41.839999999999996,17.248,1007.3799999999999,100.0,23.7,0.0,3.6799999999999997,11.0154,106.1765,6.976000000000001,12.402000000000001,8,34,65,233,1970-01-21 07:46:54.300,1970-01-21 07:47:38.952,Hè,,,
Tây Ninh,Đông Nam Bộ,2025-08-25,26.74,29.52,24.8,30.5,32.62,28.619999999999997,8.0,8.0,0.0,9.6,83.8,24.94,53.06,14.734,1006.8399999999999,99.6,23.72,0.0,3.268,11.0154,106.1765,6.529999999999999,12.398,8,35,63,216,1970-01-21 07:48:20.700,1970-01-21 07:49:05.340,Hè,,,
Tây Ninh,Đông Nam Bộ,2025-08-26,26.939999999999998,30.380000000000003,24.22,31.04,33.32,28.639999999999997,4.08,4.08,0.0,10.6,82.8,20.28,42.4,12.608,1008.8399999999999,99.8,23.66,0.0,3.0060000000000002,11.0154,106.1765,6.552,12.388000000000002,8,35,61,203,1970-01-21 07:49:47.100,1970-01-21 07:50:31.680,Hè,,,
Tây Ninh,Đông Nam Bộ,2025-08-27,26.82,31.52,24.240000000000002,31.860000000000003,36.760000000000005,28.880000000000003,9.42,9.42,0.0,11.4,84.8,14.919999999999998,34.339999999999996,15.857999999999999,1009.24,99.0,23.880000000000003,0.0,3.382,11.0154,106.1765,7.816,12.378,8,35,63,234,1970-01-21 07:51:13.500,1970-01-21 07:51:58.068,Hè,,,
Tây Ninh,Đông Nam Bộ,2025-08-28,26.74,32.4,23.66,31.74,37.44,28.52,26.080000000000002,26.080000000000002,0.0,12.4,85.6,17.44,38.8,21.566,1008.1,84.2,23.84,0.0,4.5280000000000005,11.0154,106.1765,10.106,12.367999999999999,8,35,65,261,1970-01-21 07:52:39.900,1970-01-21 07:53:24.420,Hè,,,
Tây Ninh,Đông Nam Bộ,2025-08-29,26.7,32.22,23.84,31.72,37.5,28.1,34.88,34.88,0.0,21.2,87.6,19.16,39.879999999999995,19.676,1007.64,95.4,24.240000000000002,0.0,4.093999999999999,11.0154,106.1765,8.718,12.358,8,35,63,273,1970-01-21 07:54:06.300,1970-01-21 07:54:50.772,Hè,,,
Tây Ninh,Đông Nam Bộ,2025-08-30,26.9,32.28,24.82,31.8,37.96,29.22,7.280000000000001,7.280000000000001,0.0,14.8,86.8,19.8,41.839999999999996,18.536,1006.8399999999999,100.0,24.34,0.0,3.836,11.0154,106.1765,8.596,12.347999999999999,8,35,61,237,1970-01-21 07:55:32.700,1970-01-21 07:56:17.160,Hè,,,
Tây Ninh,Đông Nam Bộ,2025-08-31,26.919999999999998,32.5,24.4,32.36,39.980000000000004,29.439999999999998,21.34,21.34,0.0,13.4,88.0,17.22,35.339999999999996,18.381999999999998,1006.7,78.0,24.580000000000002,0.0,3.7980000000000005,11.0154,106.1765,8.086,12.338,8,35,65,219,1970-01-21 07:56:59.100,1970-01-21 07:57:43.500,Hè,,,
Tây Ninh,Đông Nam Bộ,2025-09-01,26.78,31.48,24.68,32.160000000000004,37.6,30.060000000000002,17.580000000000002,17.580000000000002,0.0,20.8,88.8,20.1,42.42,17.375999999999998,1006.5600000000001,98.8,24.64,0.0,3.568,11.0154,106.1765,7.7,12.328,9,36,63,241,1970-01-21 07:58:25.500,1970-01-21 07:59:09.888,Thu,,,
Tây Ninh,Đông Nam Bộ,2025-09-02,26.24,31.1,24.619999999999997,31.619999999999997,36.56,29.139999999999997,31.0,31.0,0.0,22.0,91.8,14.559999999999999,33.48,10.808,1007.4799999999999,100.0,24.64,0.0,2.354,11.0154,106.1765,2.458,12.318000000000001,9,36,65,227,1970-01-21 07:59:51.900,1970-01-21 08:00:36.240,Thu,,,
Tây Ninh,Đông Nam Bộ,2025-09-03,26.5,30.660000000000004,24.080000000000002,32.1,36.980000000000004,29.160000000000004,16.740000000000002,16.740000000000002,0.0,18.2,88.6,11.879999999999999,28.880000000000003,17.402,1007.6800000000001,95.4,24.380000000000003,0.0,3.5699999999999994,11.0154,106.1765,9.176,12.308000000000002,9,36,61,278,1970-01-21 08:01:18.300,1970-01-21 08:02:02.592,Thu,,,
Tây Ninh,Đông Nam Bộ,2025-09-04,26.639999999999997,31.6,24.0,32.32,38.540000000000006,29.28,15.98,15.98,0.0,12.4,89.0,11.64,27.660000000000004,17.624000000000002,1007.1800000000001,98.4,24.560000000000002,0.0,3.6159999999999997,11.0154,106.1765,8.492,12.3,9,36,63,209,1970-01-21 08:02:44.700,1970-01-21 08:03:28.980,Thu,,,
Tây Ninh,Đông Nam Bộ,2025-09-05,27.26,32.5,24.52,32.839999999999996,39.5,29.919999999999998,8.1,8.1,0.0,9.2,87.0,18.4,39.239999999999995,18.8,1007.4399999999999,97.8,24.7,0.0,3.906,11.0154,106.1765,9.012,12.29,9,36,63,226,1970-01-21 08:04:11.100,1970-01-21 08:04:55.320,Thu,,,
Tây Ninh,Đông Nam Bộ,2025-09-06,27.02,32.62,24.14,32.8,39.260000000000005,29.48,18.54,18.54,0.0,16.4,87.6,13.34,28.28,17.858,1007.9200000000001,98.2,24.560000000000002,0.0,3.786,11.0154,106.1765,7.2780000000000005,12.28,9,36,63,207,1970-01-21 08:05:37.500,1970-01-21 08:06:21.708,Thu,,,
Tây Ninh,Đông Nam Bộ,2025-09-07,25.8,29.919999999999998,24.259999999999998,31.02,35.46,28.96,31.02,31.02,0.0,21.8,92.8,19.06,37.64,9.67,1008.72,100.0,24.5,0.0,2.006,11.0154,106.1765,2.098,12.27,9,36,63,185,1970-01-21 08:07:03.900,1970-01-21 08:07:48.060,Thu,,,
Tây Ninh,Đông Nam Bộ,2025-09-08,26.1,31.839999999999996,23.880000000000003,31.339999999999996,37.92,28.78,18.4,18.4,0.0,11.2,90.4,17.84,41.12,15.294,1009.4200000000001,96.6,24.26,0.0,3.148,11.0154,106.1765,6.816,12.26,9,37,65,179,1970-01-21 08:08:30.300,1970-01-21 08:09:14.400,Thu,,,
Tây Ninh,Đông Nam Bộ,2025-09-09,26.24,31.54,23.860000000000003,31.54,36.92,29.02,14.3,14.3,0.0,13.2,89.4,15.7,33.339999999999996,14.852,1010.5600000000001,100.0,24.240000000000002,0.0,3.09,11.0154,106.1765,6.976000000000001,12.25,9,37,63,178,1970-01-21 08:09:56.700,1970-01-21 08:10:40.800,Thu,,,
Tây Ninh,Đông Nam Bộ,2025-09-10,26.96,31.839999999999996,23.86,32.839999999999996,38.72,29.160000000000004,8.66,8.66,0.0,9.0,87.2,10.14,23.32,19.696,1010.0799999999999,98.4,24.380000000000003,0.0,4.118,11.0154,106.1765,9.916,12.24,9,37,63,13,1970-01-21 08:11:23.100,1970-01-21 08:12:07.140,Thu,,,
Tây Ninh,Đông Nam Bộ,2025-09-11,26.860000000000003,32.239999999999995,23.98,32.760000000000005,39.8,29.54,18.94,18.94,0.0,14.0,87.6,13.319999999999999,28.2,20.274,1009.3,93.0,24.4,0.0,4.204,11.0154,106.1765,9.474,12.23,9,37,63,58,1970-01-21 08:12:49.488,1970-01-21 08:13:33.480,Thu,,,
Tây Ninh,Đông Nam Bộ,2025-09-12,26.82,32.1,23.46,32.38,40.0,28.580000000000002,4.5600000000000005,4.5600000000000005,0.0,6.8,85.0,16.06,33.839999999999996,21.97,1009.2,82.2,23.86,0.0,4.5600000000000005,11.0154,106.1765,10.324,12.22,9,37,61,107,1970-01-21 08:14:15.864,1970-01-21 08:14:59.880,Thu,,,
Tây Ninh,Đông Nam Bộ,2025-09-13,26.339999999999996,30.919999999999998,23.96,31.880000000000003,36.96,29.2,9.76,9.76,0.0,11.8,88.4,16.04,35.480000000000004,16.131999999999998,1009.7,100.0,24.16,0.0,3.306,11.0154,106.1765,7.42,12.21,9,37,63,130,1970-01-21 08:15:42.252,1970-01-21 08:16:26.220,Thu,,,
Tây Ninh,Đông Nam Bộ,2025-09-14,26.18,30.419999999999998,23.86,31.839999999999996,37.239999999999995,29.3,10.78,10.78,0.0,12.4,89.0,8.76,22.619999999999997,15.288,1010.3199999999999,99.8,24.119999999999997,0.0,3.15,11.0154,106.1765,6.24,12.2,9,37,63,157,1970-01-21 08:17:08.652,1970-01-21 08:17:52.560,Thu,,,
Tây Ninh,Đông Nam Bộ,2025-09-15,26.580000000000002,31.880000000000003,23.32,32.32,38.839999999999996,28.6,16.16,16.16,0.0,6.8,87.2,13.819999999999999,32.18,18.598,1010.28,94.0,24.119999999999997,0.0,3.8259999999999996,11.0154,106.1765,9.388,12.19,9,38,65,144,1970-01-21 08:18:35.040,1970-01-21 08:19:18.960,Thu,,,
Tây Ninh,Đông Nam Bộ,2025-09-16,26.1,30.4,23.740000000000002,31.560000000000002,36.28,28.939999999999998,14.3,14.3,0.0,11.2,90.2,15.059999999999999,31.4,13.096,1009.6,96.2,24.22,0.0,2.688,11.0154,106.1765,5.93,12.18,9,38,63,266,1970-01-21 08:20:01.440,1970-01-21 08:20:45.300,Thu,,,
Tây Ninh,Đông Nam Bộ,2025-09-17,26.76,32.36,23.64,31.96,38.339999999999996,27.72,11.06,11.06,0.0,9.2,85.2,18.580000000000002,41.04,20.003999999999998,1008.1800000000001,93.8,23.86,0.0,4.16,11.0154,106.1765,9.716,12.17,9,38,63,263,1970-01-21 08:21:27.840,1970-01-21 08:22:11.640,Thu,,,
Tây Ninh,Đông Nam Bộ,2025-09-18,26.78,31.939999999999998,24.020000000000003,32.32,38.260000000000005,29.580000000000002,14.919999999999998,14.919999999999998,0.0,12.4,87.2,16.4,34.0,19.982,1007.64,99.2,24.32,0.0,4.106,11.0154,106.1765,9.59,12.16,9,38,65,253,1970-01-21 08:22:54.240,1970-01-21 08:23:38.040,Thu,,,
Tây Ninh,Đông Nam Bộ,2025-09-19,26.96,31.82,24.6,31.5,35.86,29.139999999999997,5.8,5.8,0.0,12.6,84.2,18.0,39.8,16.16,1009.1200000000001,93.6,23.84,0.0,3.5479999999999996,11.0154,106.1765,7.772,12.15,9,38,61,247,1970-01-21 08:24:20.640,1970-01-21 08:25:04.380,Thu,,,
Tây Ninh,Đông Nam Bộ,2025-09-20,27.939999999999998,32.92,24.3,32.86,38.239999999999995,28.98,4.0200000000000005,4.0200000000000005,0.0,4.4,79.2,15.780000000000001,34.279999999999994,21.792,1008.74,78.2,23.68,0.0,4.822,11.0154,106.1765,10.187999999999999,12.14,9,38,61,250,1970-01-21 08:25:47.040,1970-01-21 08:26:30.720,Thu,,,
Tây Ninh,Đông Nam Bộ,2025-09-21,27.139999999999997,31.939999999999998,24.44,32.6,37.22,29.32,16.5,16.5,0.0,13.6,86.0,16.72,37.52,17.858,1008.0600000000001,92.6,24.419999999999998,0.0,3.758,11.0154,106.1765,8.052,12.13,9,38,63,254,1970-01-21 08:27:13.440,1970-01-21 08:27:57.120,Thu,,,
Tây Ninh,Đông Nam Bộ,2025-09-22,25.32,27.360000000000003,23.919999999999998,30.04,32.44,27.619999999999997,15.419999999999998,15.419999999999998,0.0,19.8,92.4,15.34,28.24,5.2780000000000005,1008.7,100.0,24.0,0.0,1.192,11.0154,106.1765,0.13999999999999999,12.12,9,39,61,239,1970-01-21 08:28:39.840,1970-01-21 08:29:23.460,Thu,,,
Tây Ninh,Đông Nam Bộ,2025-09-23,26.160000000000004,30.439999999999998,23.580000000000002,30.76,34.559999999999995,28.02,5.279999999999999,5.279999999999999,0.0,13.2,85.2,15.540000000000001,31.4,10.532,1008.0799999999999,99.2,23.380000000000003,0.0,2.448,11.0154,106.1765,3.246,12.11,9,39,61,248,1970-01-21 08:30:06.240,1970-01-21 08:30:49.812,Thu,,,
Tây Ninh,Đông Nam Bộ,2025-09-24,27.419999999999998,31.939999999999998,24.619999999999997,32.08,37.14,29.639999999999997,2.04,2.04,0.0,6.8,82.6,20.68,42.2,17.622,1006.22,99.8,24.0,0.0,3.9219999999999997,11.0154,106.1765,8.618,12.1,9,39,53,239,1970-01-21 08:31:32.640,1970-01-21 08:32:16.200,Thu,,,
Tây Ninh,Đông Nam Bộ,2025-09-25,27.439999999999998,32.04,25.4,31.839999999999996,36.519999999999996,29.54,13.819999999999999,13.819999999999999,0.0,10.8,82.8,22.259999999999998,45.42,16.942,1006.8199999999999,100.0,24.16,0.0,3.79,11.0154,106.1765,7.895999999999999,12.09,9,39,63,241,1970-01-21 08:32:59.040,1970-01-21 08:33:42.540,Thu,,,
Tây Ninh,Đông Nam Bộ,2025-09-26,26.54,29.839999999999996,24.98,31.22,33.44,29.5,9.26,9.26,0.0,12.4,86.8,17.880000000000003,37.5,10.068000000000001,1008.5799999999999,99.0,24.080000000000002,0.0,2.366,11.0154,106.1765,3.068,12.08,9,39,63,256,1970-01-21 08:34:25.440,1970-01-21 08:35:08.904,Thu,,,
Tây Ninh,Đông Nam Bộ,2025-09-27,25.74,29.7,24.4,31.02,35.160000000000004,28.880000000000003,16.84,16.84,0.0,22.0,92.4,16.080000000000002,35.92,10.36,1008.0,99.8,24.380000000000003,0.0,2.162,11.0154,106.1765,2.3259999999999996,12.07,9,39,61,278,1970-01-21 08:35:51.840,1970-01-21 08:36:35.280,Thu,,,
Tây Ninh,Đông Nam Bộ,2025-09-28,26.32,30.860000000000003,24.119999999999997,30.74,35.62,28.439999999999998,10.780000000000001,10.780000000000001,0.0,12.6,88.0,17.619999999999997,37.16,14.046000000000001,1006.2,100.0,24.080000000000002,0.0,2.994,11.0154,106.1765,5.146,12.06,9,39,63,213,1970-01-21 08:37:18.240,1970-01-21 08:38:01.620,Thu,,,
Tây Ninh,Đông Nam Bộ,2025-09-29,26.1,31.02,24.14,30.18,35.3,27.78,13.580000000000002,13.580000000000002,0.0,12.0,89.2,21.32,42.62,13.953999999999999,1008.3,100.0,24.080000000000002,0.0,2.916,11.0154,106.1765,5.92,12.05,9,40,63,183,1970-01-21 08:38:44.640,1970-01-21 08:39:28.020,Thu,,,
Tây Ninh,Đông Nam Bộ,2025-09-30,26.339999999999996,31.339999999999996,23.66,31.28,35.98,28.3,8.16,8.16,0.0,10.2,87.8,14.38,32.4,16.264000000000003,1010.24,98.8,24.0,0.0,3.3299999999999996,11.0154,106.1765,9.462,12.04,9,40,63,147,1970-01-21 08:40:11.040,1970-01-21 08:40:54.360,Thu,,,
Tây Ninh,Đông Nam Bộ,2025-10-01,26.4,32.480000000000004,23.52,32.14,40.04,28.119999999999997,13.12,13.12,0.0,10.4,87.2,13.52,29.52,21.35,1010.4200000000001,81.8,23.86,0.0,4.392,11.0154,106.1765,10.290000000000001,12.03,10,40,63,96,1970-01-21 08:41:37.440,1970-01-21 08:42:20.700,Thu,,,
Tây Ninh,Đông Nam Bộ,2025-10-02,27.360000000000003,32.04,23.6,33.06,39.2,28.660000000000004,0.6599999999999999,0.6599999999999999,0.0,3.2,82.8,11.180000000000001,21.66,22.454,1010.4,43.2,23.94,0.0,4.7,11.0154,106.1765,11.428,12.02,10,40,51,94,1970-01-21 08:43:03.840,1970-01-21 08:43:47.100,Thu,,,
Tây Ninh,Đông Nam Bộ,2025-10-03,26.4,31.7,23.86,32.06,38.86,28.74,15.4,15.4,0.0,11.8,87.8,13.919999999999998,30.659999999999997,17.996000000000002,1011.04,97.4,24.02,0.0,3.6700000000000004,11.0154,106.1765,8.448,12.01,10,40,65,150,1970-01-21 08:44:30.228,1970-01-21 08:45:13.440,Thu,,,
Tây Ninh,Đông Nam Bộ,2025-10-04,27.4,32.839999999999996,23.919999999999998,32.96,38.6,29.28,5.62,5.62,0.0,4.8,83.4,14.2,34.839999999999996,21.06,1011.28,98.0,23.98,0.0,4.39,11.0154,106.1765,10.988,12.0,10,40,63,158,1970-01-21 08:45:56.628,1970-01-21 08:46:39.792,Thu,,,
Tây Ninh,Đông Nam Bộ,2025-10-05,27.660000000000004,31.7,24.16,32.519999999999996,36.72,28.96,0.1,0.1,0.0,0.4,80.4,14.040000000000001,30.360000000000003,15.744,1011.22,99.2,23.72,0.0,3.588,11.0154,106.1765,7.720000000000001,11.99,10,40,3,197,1970-01-21 08:47:23.028,1970-01-21 08:48:06.180,Thu,,,
Tây Ninh,Đông Nam Bộ,2025-10-06,27.82,32.7,24.46,32.96,37.92,29.8,2.0,2.0,0.0,3.4,81.2,17.380000000000003,37.3,21.901999999999997,1010.78,97.6,23.96,0.0,4.662000000000001,11.0154,106.1765,11.016,11.98,10,41,55,226,1970-01-21 08:48:49.428,1970-01-21 08:49:32.520,Thu,,,
Tây Ninh,Đông Nam Bộ,2025-10-07,27.7,32.9,24.7,33.06,39.5,30.060000000000002,1.5,1.5,0.0,4.6,81.2,13.34,26.360000000000003,21.934,1010.9,78.4,23.9,0.0,4.688000000000001,11.0154,106.1765,10.836,11.97,10,41,55,216,1970-01-21 08:50:15.828,1970-01-21 08:50:58.920,Thu,,,
Tây Ninh,Đông Nam Bộ,2025-10-08,26.580000000000002,31.839999999999996,23.74,32.2,38.839999999999996,28.380000000000003,19.66,19.66,0.0,16.6,87.6,13.940000000000001,28.939999999999998,20.446,1010.24,76.4,24.119999999999997,0.0,4.202,11.0154,106.1765,9.724,11.958000000000002,10,41,65,29,1970-01-21 08:51:42.228,1970-01-21 08:52:25.260,Thu,,,
Tây Ninh,Đông Nam Bộ,2025-10-09,26.28,31.419999999999998,23.54,31.919999999999998,38.72,28.560000000000002,10.78,10.78,0.0,10.6,87.0,10.48,22.52,18.976,1009.5799999999999,92.4,23.759999999999998,0.0,3.9200000000000004,11.0154,106.1765,9.542,11.947999999999999,10,41,63,17,1970-01-21 08:53:08.628,1970-01-21 08:53:51.612,Thu,,,
Tây Ninh,Đông Nam Bộ,2025-10-10,26.639999999999997,30.72,23.66,32.239999999999995,38.4,28.919999999999998,6.4,6.4,0.0,9.2,86.0,10.24,29.160000000000004,18.212,1008.8799999999999,84.0,23.9,0.0,3.7880000000000003,11.0154,106.1765,9.748000000000001,11.937999999999999,10,41,61,101,1970-01-21 08:54:35.040,1970-01-21 08:55:18.000,Thu,,,
Tây Ninh,Đông Nam Bộ,2025-10-11,26.2,30.6,23.740000000000002,31.76,36.92,28.839999999999996,11.98,11.98,0.0,15.8,89.0,11.4,25.7,17.32,1008.8199999999999,97.0,24.04,0.0,3.524,11.0154,106.1765,8.708,11.928,10,41,63,161,1970-01-21 08:56:01.440,1970-01-21 08:56:44.352,Thu,,,
Tây Ninh,Đông Nam Bộ,2025-10-12,26.139999999999997,31.439999999999998,23.96,31.939999999999998,38.68,28.839999999999996,22.28,22.28,0.0,16.0,90.8,12.32,31.24,17.172,1009.04,92.0,24.419999999999998,0.0,3.4520000000000004,11.0154,106.1765,7.975999999999999,11.918000000000001,10,41,63,102,1970-01-21 08:57:27.840,1970-01-21 08:58:10.740,Thu,,,
Tây Ninh,Đông Nam Bộ,2025-10-13,26.160000000000004,30.9,24.04,31.8,38.18,28.939999999999998,14.079999999999998,14.079999999999998,0.0,14.2,90.2,13.080000000000002,30.660000000000004,15.894,1009.18,100.0,24.339999999999996,0.0,3.2359999999999998,11.0154,106.1765,7.406000000000001,11.91,10,42,63,125,1970-01-21 08:58:54.240,1970-01-21 08:59:37.092,Thu,,,
Tây Ninh,Đông Nam Bộ,2025-10-14,26.639999999999997,31.26,24.02,32.12,38.14,28.639999999999997,7.040000000000001,7.040000000000001,0.0,10.6,87.8,12.379999999999999,23.68,16.64,1009.18,94.4,24.2,0.0,3.504,11.0154,106.1765,7.118,11.9,10,42,61,104,1970-01-21 09:00:20.640,1970-01-21 09:01:03.480,Thu,,,
Tây Ninh,Đông Nam Bộ,2025-10-15,27.76,32.86,24.36,33.480000000000004,38.82000000000001,29.98,2.9200000000000004,2.9200000000000004,0.0,4.0,82.8,12.3,25.06,22.256,1007.9799999999999,72.8,24.2,0.0,4.728,11.0154,106.1765,10.61,11.89,10,42,61,70,1970-01-21 09:01:47.040,1970-01-21 09:02:29.832,Thu,,,
Tây Ninh,Đông Nam Bộ,2025-10-16,27.160000000000004,32.86,23.96,32.64,39.32,28.839999999999996,8.379999999999999,8.379999999999999,0.0,4.0,85.6,14.64,33.72,20.538,1007.74,90.8,24.3,0.0,4.25,11.0154,106.1765,9.594,11.88,10,42,63,3,1970-01-21 09:03:13.440,1970-01-21 09:03:56.220,Thu,,,
Tây Ninh,Đông Nam Bộ,2025-10-17,27.660000000000004,32.92,24.46,33.660000000000004,39.5,29.619999999999997,7.720000000000001,7.720000000000001,0.0,11.0,84.4,10.86,26.939999999999998,20.330000000000002,1008.5200000000001,96.4,24.54,0.0,4.314,11.0154,106.1765,10.016,11.872,10,42,63,16,1970-01-21 09:04:39.840,1970-01-21 09:05:22.572,Thu,,,
Tây Ninh,Đông Nam Bộ,2025-10-18,26.6,32.160000000000004,23.84,32.38,39.160000000000004,28.04,12.66,12.66,0.0,12.8,88.2,15.059999999999999,30.74,19.012,1008.24,98.8,24.259999999999998,0.0,3.904,11.0154,106.1765,9.362,11.861999999999998,10,42,63,20,1970-01-21 09:06:06.240,1970-01-21 09:06:48.960,Thu,,,
Tây Ninh,Đông Nam Bộ,2025-10-19,27.76,32.72,23.94,33.519999999999996,39.019999999999996,29.0,0.38,0.38,0.0,2.0,82.6,9.86,23.04,22.462,1006.72,94.4,24.18,0.0,4.71,11.0154,106.1765,10.902000000000001,11.852,10,42,51,345,1970-01-21 09:07:32.652,1970-01-21 09:08:15.312,Thu,,,
Tây Ninh,Đông Nam Bộ,2025-10-20,27.74,32.760000000000005,24.339999999999996,33.14,37.760000000000005,29.3,9.4,9.4,0.0,11.8,84.0,18.02,39.1,21.264000000000003,1006.6600000000001,95.0,24.52,0.0,4.568,11.0154,106.1765,10.992,11.842,10,43,63,350,1970-01-21 09:08:59.052,1970-01-21 09:09:41.700,Thu,,,
Tây Ninh,Đông Nam Bộ,2025-10-21,27.6,32.5,24.380000000000003,33.260000000000005,38.8,29.060000000000002,12.86,12.86,0.0,11.4,86.0,14.36,30.160000000000004,20.706,1007.5,99.8,24.76,0.0,4.34,11.0154,106.1765,10.218,11.831999999999999,10,43,63,343,1970-01-21 09:10:25.452,1970-01-21 09:11:08.052,Thu,,,
Tây Ninh,Đông Nam Bộ,2025-10-22,27.24,31.78,23.82,33.18,38.739999999999995,28.02,10.940000000000001,10.940000000000001,0.0,13.6,86.8,11.379999999999999,24.7,18.55,1007.9799999999999,98.4,24.64,0.0,3.9120000000000004,11.0154,106.1765,9.468,11.822,10,43,63,24,1970-01-21 09:11:51.900,1970-01-21 09:12:34.440,Thu,,,
Tây Ninh,Đông Nam Bộ,2025-10-23,26.46,31.52,23.34,32.14,38.839999999999996,27.54,19.7,19.7,0.0,14.8,88.4,12.8,28.8,18.688,1008.9,99.2,24.240000000000002,0.0,3.842,11.0154,106.1765,8.544,11.812000000000001,10,43,65,2,1970-01-21 09:13:18.300,1970-01-21 09:14:00.804,Thu,,,
Tây Ninh,Đông Nam Bộ,2025-10-24,26.860000000000003,31.839999999999996,24.240000000000002,32.82000000000001,39.28,29.5,16.5,16.5,0.0,12.0,88.2,11.22,27.28,18.948,1008.9399999999999,99.8,24.560000000000002,0.0,3.91,11.0154,106.1765,8.552,11.802000000000001,10,43,63,4,1970-01-21 09:14:44.700,1970-01-21 09:15:27.180,Thu,,,
Tây Ninh,Đông Nam Bộ,2025-10-25,26.02,29.46,23.5,30.919999999999998,33.62,27.639999999999997,8.82,8.82,0.0,11.6,89.0,13.940000000000001,29.82,9.644,1008.8399999999999,100.0,24.0,0.0,2.166,11.0154,106.1765,1.262,11.798,10,43,63,3,1970-01-21 09:16:11.100,1970-01-21 09:16:53.580,Thu,,,
Tây Ninh,Đông Nam Bộ,2025-10-26,26.419999999999998,31.160000000000004,23.72,31.860000000000003,37.1,28.78,8.26,8.26,0.0,9.0,87.2,8.36,19.6,16.18,1009.1800000000001,97.4,23.839999999999996,0.0,3.382,11.0154,106.1765,7.598000000000001,11.788,10,43,63,10,1970-01-21 09:17:37.500,1970-01-21 09:18:19.932,Thu,,,
Tây Ninh,Đông Nam Bộ,2025-10-27,26.1,30.2,23.22,30.839999999999996,36.08,27.839999999999996,12.72,12.72,0.0,16.4,86.6,14.64,29.24,14.986,1009.3399999999999,97.2,23.5,0.0,3.2019999999999995,11.0154,106.1765,7.436,11.778,10,44,63,327,1970-01-21 09:19:03.912,1970-01-21 09:19:46.320,Thu,,,
Tây Ninh,Đông Nam Bộ,2025-10-28,25.619999999999997,29.6,23.96,30.860000000000003,35.12,28.72,24.98,24.98,0.0,21.6,92.2,11.9,23.619999999999997,10.166,1008.5200000000001,100.0,24.16,0.0,2.124,11.0154,106.1765,3.154,11.767999999999999,10,44,65,323,1970-01-21 09:20:30.324,1970-01-21 09:21:12.696,Thu,,,
Tây Ninh,Đông Nam Bộ,2025-10-29,25.9,29.72,23.880000000000003,31.22,34.86,28.72,10.82,10.82,0.0,18.4,90.8,10.9,24.68,12.72,1008.0,100.0,24.22,0.0,2.63,11.0154,106.1765,5.6259999999999994,11.76,10,44,63,4,1970-01-21 09:21:56.760,1970-01-21 09:22:39.072,Thu,,,
Tây Ninh,Đông Nam Bộ,2025-10-30,26.419999999999998,29.6,24.4,31.82,34.260000000000005,29.5,5.36,5.36,0.0,17.0,89.2,12.459999999999999,27.28,10.722,1008.9200000000001,99.6,24.32,0.0,2.334,11.0154,106.1765,3.4120000000000004,11.75,10,44,53,141,1970-01-21 09:23:23.160,1970-01-21 09:24:05.460,Thu,,,
Tây Ninh,Đông Nam Bộ,2025-10-31,26.82,31.54,23.740000000000002,32.04,36.82,28.159999999999997,9.0,9.0,0.0,10.6,86.8,14.919999999999998,33.68,16.044,1011.18,80.2,24.32,0.0,3.342,11.0154,106.1765,10.065999999999999,11.74,10,44,61,140,1970-01-21 09:24:49.560,1970-01-21 09:25:31.848,Thu,,,
Tây Ninh,Đông Nam Bộ,2025-11-01,26.339999999999996,30.28,24.380000000000003,32.160000000000004,36.660000000000004,29.860000000000003,24.3,24.3,0.0,17.6,90.2,9.959999999999999,23.619999999999997,13.430000000000001,1011.3399999999999,94.0,24.52,0.0,2.798,11.0154,106.1765,6.654000000000001,11.73,11,44,63,8,1970-01-21 09:26:15.972,1970-01-21 09:26:58.212,Thu,,,
Tây Ninh,Đông Nam Bộ,2025-11-02,26.639999999999997,31.32,23.68,31.839999999999996,36.42,28.5,3.78,3.78,0.0,10.4,84.6,11.58,25.860000000000003,17.954,1010.4200000000001,98.8,23.56,0.0,3.782,11.0154,106.1765,9.001999999999999,11.722,11,44,55,280,1970-01-21 09:27:42.420,1970-01-21 09:28:24.600,Thu,,,
Tây Ninh,Đông Nam Bộ,2025-11-03,26.04,28.48,24.44,31.660000000000004,34.08,29.939999999999998,12.6,12.6,0.0,12.4,90.8,8.379999999999999,19.28,11.126000000000001,1009.6,96.0,24.34,0.0,2.2700000000000005,11.0154,106.1765,4.7299999999999995,11.718,11,45,63,294,1970-01-21 09:29:08.820,1970-01-21 09:29:51.000,Thu,,,
Tây Ninh,Đông Nam Bộ,2025-11-04,26.619999999999997,30.919999999999998,23.84,32.260000000000005,37.160000000000004,28.839999999999996,13.540000000000001,13.540000000000001,0.0,15.8,88.2,10.4,23.240000000000002,18.07,1009.1800000000001,94.4,24.3,0.0,3.6980000000000004,11.0154,106.1765,9.228,11.71,11,45,63,324,1970-01-21 09:30:35.220,1970-01-21 09:31:17.376,Thu,,,
Tây Ninh,Đông Nam Bộ,2025-11-05,26.22,30.18,23.8,32.0,36.5,29.26,9.72,9.72,0.0,12.4,90.4,11.1,23.92,14.569999999999999,1008.0,99.6,24.4,0.0,2.962,11.0154,106.1765,6.428,11.7,11,45,65,2,1970-01-21 09:32:01.632,1970-01-21 09:32:43.752,Thu,,,
Tây Ninh,Đông Nam Bộ,2025-11-06,26.0,28.919999999999998,23.96,31.139999999999997,33.6,29.0,5.720000000000001,5.720000000000001,0.0,11.0,91.2,13.14,23.259999999999998,8.322,1006.4,100.0,24.36,0.0,1.846,11.0154,106.1765,0.23200000000000004,11.69,11,45,61,276,1970-01-21 09:33:28.080,1970-01-21 09:34:10.152,Thu,,,
Tây Ninh,Đông Nam Bộ,2025-11-07,26.0,31.22,23.68,31.139999999999997,38.6,27.32,24.22,24.22,0.0,15.4,91.0,16.4,29.68,13.248,1007.64,99.8,24.240000000000002,0.0,2.7199999999999998,11.0154,106.1765,6.182,11.68,11,45,63,215,1970-01-21 09:34:54.480,1970-01-21 09:35:36.540,Thu,,,
Tây Ninh,Đông Nam Bộ,2025-11-08,26.7,31.339999999999996,24.080000000000002,32.56,38.739999999999995,29.080000000000002,11.72,11.72,0.0,12.0,88.8,9.52,22.32,17.254,1009.86,88.8,24.52,0.0,3.564,11.0154,106.1765,8.774,11.672,11,45,63,143,1970-01-21 09:36:20.892,1970-01-21 09:37:02.940,Thu,,,
Tây Ninh,Đông Nam Bộ,2025-11-09,26.68,31.72,23.740000000000002,32.68,39.17999999999999,28.860000000000003,11.2,11.2,0.0,9.8,88.2,10.04,23.119999999999997,17.978,1009.4200000000001,92.8,24.419999999999998,0.0,3.72,11.0154,106.1765,9.982,11.67,11,45,63,79,1970-01-21 09:37:47.340,1970-01-21 09:38:29.328,Thu,,,
Tây Ninh,Đông Nam Bộ,2025-11-10,27.02,32.18,23.84,32.68,39.0,29.060000000000002,1.3599999999999999,1.3599999999999999,0.0,6.0,85.0,14.26,28.52,19.139999999999997,1008.7,99.4,23.96,0.0,4.026,11.0154,106.1765,10.724,11.66,11,46,51,171,1970-01-21 09:39:13.740,1970-01-21 09:39:55.692,Thu,,,
Tây Ninh,Đông Nam Bộ,2025-11-11,26.860000000000003,31.22,23.06,32.160000000000004,37.660000000000004,26.96,7.459999999999999,7.459999999999999,0.0,10.6,85.6,12.5,25.119999999999997,16.188,1009.3799999999999,100.0,24.04,0.0,3.41,11.0154,106.1765,8.974,11.65,11,46,63,98,1970-01-21 09:40:40.152,1970-01-21 09:41:22.092,Thu,,,
Tây Ninh,Đông Nam Bộ,2025-11-12,26.119999999999997,31.02,24.119999999999997,31.660000000000004,37.62,29.22,7.9799999999999995,7.9799999999999995,0.0,10.2,90.0,13.719999999999999,28.139999999999997,14.687999999999999,1010.6,99.8,24.259999999999998,0.0,2.968,11.0154,106.1765,7.742,11.64,11,46,63,118,1970-01-21 09:42:06.600,1970-01-21 09:42:48.492,Thu,,,
Tây Ninh,Đông Nam Bộ,2025-11-13,26.560000000000002,31.26,23.12,31.7,37.3,27.76,6.32,6.32,0.0,10.0,86.4,13.88,26.880000000000003,17.830000000000002,1011.4799999999999,93.8,23.86,0.0,3.7299999999999995,11.0154,106.1765,10.622,11.64,11,46,63,5,1970-01-21 09:43:33.000,1970-01-21 09:44:14.892,Thu,,,
Tây Ninh,Đông Nam Bộ,2025-11-14,26.76,31.160000000000004,23.28,30.18,33.72,26.639999999999997,0.36,0.36,0.0,0.4,73.2,17.2,32.760000000000005,21.738,1011.04,82.6,20.84,0.0,4.954,11.0154,106.1765,10.986,11.63,11,46,3,9,1970-01-21 09:44:59.412,1970-01-21 09:45:41.292,Thu,,,
Tây Ninh,Đông Nam Bộ,2025-11-15,25.860000000000003,30.76,21.04,28.439999999999998,34.4,22.28,0.0,0.0,0.0,0.0,68.8,14.560000000000002,30.32,21.618000000000002,1011.0600000000001,41.6,19.48,0.0,4.708,11.0154,106.1765,11.054,11.62,11,46,3,28,1970-01-21 09:46:25.860,1970-01-21 09:47:07.680,Thu,,,
Tây Ninh,Đông Nam Bộ,2025-11-16,25.36,28.919999999999998,23.34,29.3,33.019999999999996,26.02,22.04,22.04,0.0,12.0,84.6,14.16,31.259999999999998,11.58,1011.26,92.0,22.46,0.0,2.598,11.0154,106.1765,5.68,11.61,11,46,63,2,1970-01-21 09:47:52.272,1970-01-21 09:48:34.080,Thu,,,
Tây Ninh,Đông Nam Bộ,2025-11-17,25.74,29.119999999999997,23.48,30.619999999999997,33.339999999999996,28.28,10.319999999999999,10.319999999999999,0.0,13.8,88.8,12.1,30.580000000000002,11.154,1011.28,99.8,23.64,0.0,2.402,11.0154,106.1765,3.732,11.61,11,47,63,40,1970-01-21 09:49:18.696,1970-01-21 09:50:00.480,Thu,,,
Tây Ninh,Đông Nam Bộ,2025-11-18,25.939999999999998,30.54,23.98,31.2,36.739999999999995,28.880000000000003,12.059999999999999,12.059999999999999,0.0,10.6,89.0,12.319999999999999,31.26,14.008000000000001,1010.3399999999999,91.2,23.86,0.0,2.8739999999999997,11.0154,106.1765,8.666,11.6,11,47,63,5,1970-01-21 09:50:45.120,1970-01-21 09:51:26.880,Thu,,,
Tây Ninh,Đông Nam Bộ,2025-11-19,25.74,30.46,23.2,29.74,35.7,26.380000000000003,14.559999999999999,14.559999999999999,0.0,10.6,86.4,19.0,38.28,16.604,1010.8799999999999,95.4,23.080000000000002,0.0,3.496,11.0154,106.1765,8.83,11.59,11,47,63,16,1970-01-21 09:52:11.532,1970-01-21 09:52:53.280,Thu,,,
Tây Ninh,Đông Nam Bộ,2025-11-20,24.880000000000003,28.04,22.5,26.98,30.46,23.119999999999997,2.2800000000000002,2.2800000000000002,0.0,6.4,79.2,19.5,37.160000000000004,11.454,1011.54,98.8,20.919999999999998,0.0,2.972,11.0154,106.1765,5.6,11.59,11,47,53,0,1970-01-21 09:53:37.980,1970-01-21 09:54:19.680,Thu,,,
Tây Ninh,Đông Nam Bộ,2025-11-21,26.26,29.52,23.580000000000002,28.0,32.06,24.7,0.18,0.18,0.0,1.0,69.8,19.58,37.160000000000004,13.356,1011.74,97.0,20.3,0.0,3.9,11.0154,106.1765,7.787999999999999,11.58,11,47,51,7,1970-01-21 09:55:04.392,1970-01-21 09:55:46.080,Thu,,,
Tây Ninh,Đông Nam Bộ,2025-11-22,25.639999999999997,27.660000000000004,23.98,28.3,30.439999999999998,25.660000000000004,1.3800000000000001,1.3800000000000001,0.0,5.6,76.0,16.34,32.18,8.43,1011.22,97.8,21.04,0.0,2.5100000000000002,11.0154,106.1765,2.8560000000000003,11.572,11,47,51,10,1970-01-21 09:56:30.828,1970-01-21 09:57:12.492,Thu,,,
Tây Ninh,Đông Nam Bộ,2025-11-23,26.0,30.9,23.660000000000004,30.339999999999996,36.3,27.2,7.339999999999999,7.339999999999999,0.0,9.2,83.2,13.86,35.36,15.786000000000001,1010.32,89.2,22.74,0.0,3.372,11.0154,106.1765,7.652000000000001,11.57,11,47,61,6,1970-01-21 09:57:57.252,1970-01-21 09:58:38.892,Thu,,,
Tây Ninh,Đông Nam Bộ,2025-11-24,27.2,32.019999999999996,23.580000000000002,31.580000000000002,37.1,27.139999999999997,1.8,1.8,0.0,3.6,79.4,14.02,31.74,20.424,1009.46,77.4,23.060000000000002,0.0,4.428,11.0154,106.1765,11.0,11.56,11,48,53,23,1970-01-21 09:59:23.664,1970-01-21 10:00:05.292,Thu,,,
Tây Ninh,Đông Nam Bộ,2025-11-25,27.060000000000002,31.2,23.66,29.46,34.22,25.22,0.1,0.1,0.0,0.6,69.6,20.2,39.14,20.474,1009.24,63.4,20.72,0.0,5.106,11.0154,106.1765,11.001999999999999,11.56,11,48,3,24,1970-01-21 10:00:50.100,1970-01-21 10:01:31.692,Thu,,,
Tây Ninh,Đông Nam Bộ,2025-11-26,25.98,30.04,22.119999999999997,27.619999999999997,33.5,22.96,0.0,0.0,0.0,0.0,65.2,17.759999999999998,32.04,20.720000000000002,1009.82,85.6,18.86,0.0,5.138,11.0154,106.1765,10.98,11.55,11,48,3,6,1970-01-21 10:02:16.512,1970-01-21 10:02:58.116,Thu,,,
Tây Ninh,Đông Nam Bộ,2025-11-27,25.4,29.439999999999998,21.9,26.18,31.68,21.740000000000002,0.0,0.0,0.0,0.0,63.6,20.46,39.82,20.887999999999998,1010.4399999999999,96.8,17.96,0.0,5.2700000000000005,11.0154,106.1765,10.9,11.55,11,48,3,5,1970-01-21 10:03:42.960,1970-01-21 10:04:24.528,Thu,,,
Tây Ninh,Đông Nam Bộ,2025-11-28,23.880000000000003,27.880000000000003,20.18,24.0,28.660000000000004,18.04,0.0,0.0,0.0,0.0,62.0,19.94,39.260000000000005,19.657999999999998,1010.5,100.0,16.060000000000002,0.0,4.868,11.0154,106.1765,10.346,11.54,11,48,3,345,1970-01-21 10:05:09.372,1970-01-21 10:05:50.940,Thu,,,
Tây Ninh,Đông Nam Bộ,2025-11-29,25.18,30.22,20.580000000000002,27.380000000000003,33.98,21.18,0.0,0.0,0.0,0.0,69.0,12.78,27.8,19.682,1009.9,98.0,18.98,0.0,4.372,11.0154,106.1765,10.902000000000001,11.538,11,48,3,336,1970-01-21 10:06:35.820,1970-01-21 10:07:17.352,Thu,,,
Tây Ninh,Đông Nam Bộ,2025-11-30,26.419999999999998,31.660000000000004,21.54,29.9,36.28,24.54,0.0,0.0,0.0,0.0,71.4,9.84,22.119999999999997,20.546,1010.1,21.2,20.46,0.0,4.354,11.0154,106.1765,11.036,11.53,11,48,3,312,1970-01-21 10:08:02.232,1970-01-21 10:08:43.752,Thu,,,
Tây Ninh,Đông Nam Bộ,2025-12-01,27.22,32.239999999999995,22.3,31.560000000000002,37.459999999999994,26.119999999999997,0.0,0.0,0.0,0.0,73.0,7.9,17.14,19.136000000000003,1010.1,32.6,21.6,0.0,4.0120000000000005,11.0154,106.1765,10.882000000000001,11.53,12,49,3,240,1970-01-21 10:09:28.680,1970-01-21 10:10:10.188,Đông,,,
Tây Ninh,Đông Nam Bộ,2025-12-02,27.4,31.8,24.0,32.480000000000004,37.2,28.919999999999998,1.26,1.26,0.0,4.0,79.4,11.34,23.46,17.136000000000003,1010.3,60.2,23.18,0.0,3.6340000000000003,11.0154,106.1765,10.622,11.52,12,49,51,177,1970-01-21 10:10:55.104,1970-01-21 10:11:36.600,Đông,,,
Tây Ninh,Đông Nam Bộ,2025-12-03,26.22,31.5,23.380000000000003,31.619999999999997,37.54,27.939999999999998,23.56,23.56,0.0,15.6,88.6,11.58,27.660000000000004,15.563999999999998,1011.0200000000001,84.6,24.080000000000002,0.0,3.2060000000000004,11.0154,106.1765,9.328,11.52,12,49,63,42,1970-01-21 10:12:21.552,1970-01-21 10:13:03.012,Đông,,,
Tây Ninh,Đông Nam Bộ,2025-12-04,26.04,29.560000000000002,24.0,30.139999999999997,33.44,27.880000000000003,2.7800000000000002,2.7800000000000002,0.0,10.6,85.6,20.9,41.54,12.086,1011.5,83.6,23.3,0.0,2.622,11.0154,106.1765,5.101999999999999,11.512,12,49,53,79,1970-01-21 10:13:47.976,1970-01-21 10:14:29.412,Đông,,,
Tây Ninh,Đông Nam Bộ,2025-12-05,26.8,31.2,23.0,31.28,36.56,26.76,0.26,0.26,0.0,2.4,78.6,11.0,22.5,20.14,1012.5799999999999,41.8,22.44,0.0,4.248,11.0154,106.1765,10.958,11.51,12,49,51,5,1970-01-21 10:15:14.412,1970-01-21 10:15:55.848,Đông,,,
Tây Ninh,Đông Nam Bộ,2025-12-06,26.139999999999997,30.54,21.619999999999997,28.9,33.92,23.36,0.0,0.0,0.0,0.0,68.8,13.12,27.78,18.64,1012.42,39.4,19.76,0.0,4.174,11.0154,106.1765,10.974,11.508,12,49,3,18,1970-01-21 10:16:40.848,1970-01-21 10:17:22.272,Đông,,,
Tây Ninh,Đông Nam Bộ,2025-12-07,25.74,30.52,21.0,28.06,33.6,22.04,0.0,0.0,0.0,0.0,68.2,15.74,30.08,21.288,1012.2,73.8,19.1,0.0,4.768,11.0154,106.1765,10.944,11.502,12,49,3,19,1970-01-21 10:18:07.272,1970-01-21 10:18:48.672,Đông,,,
Tây Ninh,Đông Nam Bộ,2025-12-08,25.32,29.78,20.84,26.72,32.760000000000005,20.78,0.0,0.0,0.0,0.0,62.4,14.44,28.7,20.468,1012.22,99.0,17.5,0.0,4.866,11.0154,106.1765,10.904,11.5,12,50,3,25,1970-01-21 10:19:33.708,1970-01-21 10:20:15.108,Đông,,,
Tây Ninh,Đông Nam Bộ,2025-12-09,25.94,30.0,21.42,28.04,33.42,22.98,0.0,0.0,0.0,0.0,67.2,14.18,28.160000000000004,19.696,1011.34,94.0,19.18,0.0,4.604,11.0154,106.1765,10.832,11.498,12,50,3,11,1970-01-21 10:21:00.132,1970-01-21 10:21:41.532,Đông,,,
Tây Ninh,Đông Nam Bộ,2025-12-10,25.82,30.4,23.42,28.880000000000003,33.92,24.9,10.3,10.3,0.0,8.4,76.8,16.880000000000003,35.339999999999996,14.686000000000002,1010.82,93.0,21.26,0.0,3.506,11.0154,106.1765,8.524,11.492,12,50,61,12,1970-01-21 10:22:26.580,1970-01-21 10:23:07.932,Đông,,,
Tây Ninh,Đông Nam Bộ,2025-12-11,26.3,31.08,22.58,30.839999999999996,35.78,26.660000000000004,9.8,9.8,0.0,5.6,82.8,12.22,36.36,15.496,1010.68,98.2,22.94,0.0,3.312,11.0154,106.1765,7.862,11.49,12,50,63,32,1970-01-21 10:23:52.992,1970-01-21 10:24:34.368,Đông,,,
Tây Ninh,Đông Nam Bộ,2025-12-12,27.160000000000004,31.92,23.1,31.6,36.36,27.56,0.24,0.24,0.0,1.6,76.6,9.7,20.94,18.556,1010.3,86.8,22.3,0.0,4.004,11.0154,106.1765,10.888,11.49,12,50,51,44,1970-01-21 10:25:19.440,1970-01-21 10:26:00.792,Đông,,,
Tây Ninh,Đông Nam Bộ,2025-12-13,26.94,32.06,23.22,32.06,37.86,27.68,5.8,5.8,0.0,3.4,81.2,15.76,36.14,18.226,1010.1,94.8,23.08,0.0,3.858,11.0154,106.1765,10.224,11.488,12,50,63,1,1970-01-21 10:26:45.852,1970-01-21 10:27:27.192,Đông,,,
Tây Ninh,Đông Nam Bộ,2025-12-14,27.380000000000003,32.08,23.380000000000003,31.08,36.06,25.96,0.2799999999999999,0.2799999999999999,0.0,1.2,72.8,15.179999999999998,32.32,19.24,1010.36,77.0,21.64,0.0,4.492,11.0154,106.1765,10.852,11.488,12,50,51,42,1970-01-21 10:28:12.300,1970-01-21 10:28:53.640,Đông,,,
Tây Ninh,Đông Nam Bộ,2025-12-15,27.22,31.68,23.64,30.32,36.12,25.119999999999997,0.0,0.0,0.0,0.0,66.6,13.68,27.58,19.378,1011.14,95.6,20.28,0.0,4.5,11.0154,106.1765,10.762,11.482,12,51,3,24,1970-01-21 10:29:38.712,1970-01-21 10:30:20.052,Đông,,,
Tây Ninh,Đông Nam Bộ,2025-12-16,26.619999999999997,31.880000000000003,23.26,30.860000000000003,37.14,26.6,0.22,0.22,0.0,1.0,76.2,10.74,22.1,19.136000000000003,1010.98,74.2,21.660000000000004,0.0,4.0840000000000005,11.0154,106.1765,9.738,11.482,12,51,3,27,1970-01-21 10:31:05.160,1970-01-21 10:31:46.488,Đông,,,
Tây Ninh,Đông Nam Bộ,2025-12-17,26.74,31.840000000000003,22.7,31.04,37.16,26.339999999999996,0.96,0.96,0.0,2.0,77.4,12.74,24.76,19.748,1011.1,61.8,22.0,0.0,4.226,11.0154,106.1765,10.894,11.48,12,51,51,38,1970-01-21 10:32:31.572,1970-01-21 10:33:12.912,Đông,,,
Tây Ninh,Đông Nam Bộ,2025-12-18,26.76,30.98,23.02,30.52,35.38,25.880000000000003,0.44,0.44,0.0,1.4,73.8,13.3,28.139999999999997,17.631999999999998,1010.74,90.4,21.26,0.0,3.908,11.0154,106.1765,10.362,11.48,12,51,51,11,1970-01-21 10:33:58.020,1970-01-21 10:34:39.348,Đông,,,
Tây Ninh,Đông Nam Bộ,2025-12-19,27.119999999999997,32.14,22.92,30.72,36.82,24.880000000000003,0.04,0.04,0.0,0.4,69.4,11.9,23.42,20.05,1009.3,87.2,20.72,0.0,4.362,11.0154,106.1765,11.032,11.48,12,51,3,15,1970-01-21 10:35:24.432,1970-01-21 10:36:05.772,Đông,,,
Tây Ninh,Đông Nam Bộ,2025-12-20,27.360000000000003,32.36,22.9,31.06,35.760000000000005,26.6,0.0,0.0,0.0,0.0,71.4,13.1,27.2,20.17,1008.82,93.2,21.24,0.0,4.562,11.0154,106.1765,10.948,11.48,12,51,3,14,1970-01-21 10:36:50.880,1970-01-21 10:37:32.208,Đông,,,
Tây Ninh,Đông Nam Bộ,2025-12-21,27.32,32.44,23.04,31.1,36.84,25.839999999999996,1.7,1.7,0.0,3.6,72.8,14.96,34.36,20.162,1009.3,72.8,21.619999999999997,0.0,4.522,11.0154,106.1765,11.036,11.48,12,51,51,1,1970-01-21 10:38:17.292,1970-01-21 10:38:58.632,Đông,,,
Tây Ninh,Đông Nam Bộ,2025-12-22,27.44,32.38,23.1,31.4,36.260000000000005,27.28,0.06,0.06,0.0,0.6,73.8,12.16,26.08,19.534,1009.1,80.2,21.9,0.0,4.36,11.0154,106.1765,11.092,11.48,12,52,51,8,1970-01-21 10:39:43.740,1970-01-21 10:40:25.068,Đông,,,
Tây Ninh,Đông Nam Bộ,2025-12-23,27.18,31.4,23.66,31.6,36.220000000000006,27.76,0.0,0.0,0.0,0.0,76.4,13.080000000000002,23.4,16.89,1008.98,97.8,22.26,0.0,3.646,11.0154,106.1765,10.194,11.48,12,52,3,34,1970-01-21 10:41:10.152,1970-01-21 10:41:51.492,Đông,,,
Tây Ninh,Đông Nam Bộ,2025-12-24,27.3,32.160000000000004,23.58,31.98,37.3,28.160000000000004,1.2799999999999998,1.2799999999999998,0.0,4.8,78.0,12.06,24.04,17.612000000000002,1008.46,86.8,22.7,0.0,3.86,11.0154,106.1765,10.052,11.48,12,52,51,61,1970-01-21 10:42:36.600,1970-01-21 10:43:17.928,Đông,,,
Tây Ninh,Đông Nam Bộ,2025-12-25,26.360000000000003,30.74,24.08,31.7,35.6,29.46,16.759999999999998,16.759999999999998,0.0,11.4,87.6,12.7,29.94,12.79,1009.4,93.8,23.9,0.0,2.724,11.0154,106.1765,7.209999999999999,11.48,12,52,63,28,1970-01-21 10:44:03.012,1970-01-21 10:44:44.352,Đông,,,
Tây Ninh,Đông Nam Bộ,2025-12-26,26.74,30.96,23.6,30.06,33.7,26.2,0.0,0.0,0.0,0.0,74.6,17.22,33.760000000000005,17.07,1010.4,87.2,21.46,0.0,4.014,11.0154,106.1765,9.986,11.48,12,52,3,22,1970-01-21 10:45:29.460,1970-01-21 10:46:10.788,Đông,,,
Tây Ninh,Đông Nam Bộ,2025-12-27,25.92,30.32,21.84,28.98,34.32,23.66,0.04,0.04,0.0,0.4,71.2,11.88,22.2,19.186,1011.34,86.2,20.08,0.0,4.17,11.0154,106.1765,10.77,11.482,12,52,3,32,1970-01-21 10:46:55.872,1970-01-21 10:47:37.212,Đông,,,
Tây Ninh,Đông Nam Bộ,2025-12-28,26.18,31.119999999999997,22.119999999999997,29.56,34.4,24.94,0.0,0.0,0.0,0.0,73.2,12.12,24.86,20.642000000000003,1011.92,55.6,20.36,0.0,4.392,11.0154,106.1765,11.152,11.482,12,52,3,4,1970-01-21 10:48:22.320,1970-01-21 10:49:03.660,Đông,,,
Tây Ninh,Đông Nam Bộ,2025-12-29,25.92,30.92,22.06,29.52,34.019999999999996,25.9,0.0,0.0,0.0,0.0,74.2,10.78,23.26,20.358,1011.46,64.6,20.380000000000003,0.0,4.276,11.0154,106.1765,10.67,11.488,12,1,3,5,1970-01-21 10:49:48.732,1970-01-21 10:50:30.072,Đông,,,
Tây Ninh,Đông Nam Bộ,2025-12-30,25.16,30.24,20.94,28.52,34.0,24.64,0.0,0.0,0.0,0.0,74.8,10.64,19.02,20.49,1010.66,48.4,19.76,0.0,4.172,11.0154,106.1765,11.3,11.49,12,1,3,39,1970-01-21 10:51:15.168,1970-01-21 10:51:56.520,Đông,,,
Tây Ninh,Đông Nam Bộ,2025-12-31,25.2,30.44,20.54,28.44,34.62,24.08,0.0,0.0,0.0,0.0,74.2,14.7,26.0,19.906,1009.52,53.2,19.76,0.0,4.17,11.0154,106.1765,11.302,11.49,12,1,3,111,1970-01-21 10:52:41.592,1970-01-21 10:53:22.932,Đông,,,
Tây Ninh,Đông Nam Bộ,2026-01-01,25.16,30.5,20.42,28.0,33.46,23.8,0.0,0.0,0.0,0.0,72.8,13.44,24.56,19.066,1010.6,62.8,19.4,0.0,4.109999999999999,11.0154,106.1765,11.308,11.49,1,1,3,110,1970-01-21 10:54:07.992,1970-01-21 10:54:49.380,Đông,,,
Tây Ninh,Đông Nam Bộ,2026-01-02,25.36,30.9,20.74,27.46,33.5,22.4,0.0,0.0,0.0,0.0,66.6,12.82,26.860000000000003,20.94,1012.16,58.4,17.880000000000003,0.0,4.574,11.0154,106.1765,11.104,11.492,1,1,3,37,1970-01-21 10:55:34.440,1970-01-21 10:56:15.792,Đông,,,
Tây Ninh,Đông Nam Bộ,2026-01-03,25.02,30.139999999999997,20.28,26.48,33.1,20.54,0.0,0.0,0.0,0.0,63.0,14.24,29.44,19.11,1013.18,47.2,17.1,0.0,4.448,11.0154,106.1765,10.336,11.5,1,1,3,39,1970-01-21 10:57:00.852,1970-01-21 10:57:42.240,Đông,,,
Tây Ninh,Đông Nam Bộ,2026-01-04,25.2,31.24,19.46,26.96,34.1,19.860000000000003,0.0,0.0,0.0,0.0,61.8,10.4,23.54,20.802,1012.98,83.2,16.880000000000003,0.0,4.523999999999999,11.0154,106.1765,11.222,11.5,1,1,3,2,1970-01-21 10:58:27.264,1970-01-21 10:59:08.664,Đông,,,
Tây Ninh,Đông Nam Bộ,2026-01-05,26.04,30.4,22.02,29.5,33.82000000000001,25.56,0.12,0.12,0.0,1.2,72.6,11.34,21.32,13.73,1012.74,90.6,20.44,0.0,3.144,11.0154,106.1765,7.384,11.502,1,2,51,16,1970-01-21 10:59:53.700,1970-01-21 11:00:35.112,Đông,,,
Tây Ninh,Đông Nam Bộ,2026-01-06,25.24,30.8,22.86,28.98,34.980000000000004,25.02,6.540000000000001,6.540000000000001,0.0,4.2,81.0,13.6,27.28,14.344,1013.28,97.8,21.380000000000003,0.0,3.136,11.0154,106.1765,7.06,11.51,1,2,3,64,1970-01-21 11:01:20.112,1970-01-21 11:02:01.548,Đông,,,
Tây Ninh,Đông Nam Bộ,2026-01-07,25.839999999999996,30.660000000000004,21.7,27.639999999999997,33.4,21.54,0.0,0.0,0.0,0.0,63.4,14.74,27.139999999999997,18.324,1013.92,77.8,17.96,0.0,4.504,11.0154,106.1765,9.558,11.51,1,2,3,17,1970-01-21 11:02:46.524,1970-01-21 11:03:27.972,Đông,,,
Tây Ninh,Đông Nam Bộ,2026-01-08,24.68,30.04,20.2,25.18,31.139999999999997,20.26,0.0,0.0,0.0,0.0,58.0,16.16,34.0,21.056,1015.08,53.4,15.419999999999998,0.0,5.116,11.0154,106.1765,11.378,11.512,1,2,3,28,1970-01-21 11:04:12.960,1970-01-21 11:04:54.408,Đông,,,
Tây Ninh,Đông Nam Bộ,2026-01-09,22.880000000000003,28.94,17.3,23.02,29.68,16.740000000000002,0.0,0.0,0.0,0.0,57.4,15.2,32.04,21.906,1014.9,79.8,13.6,0.0,4.82,11.0154,106.1765,11.114,11.52,1,2,3,19,1970-01-21 11:05:39.372,1970-01-21 11:06:20.832,Đông,,,
Tây Ninh,Đông Nam Bộ,2026-01-10,23.08,28.58,17.78,24.52,31.340000000000003,18.119999999999997,0.0,0.0,0.0,0.0,63.2,9.14,18.42,20.554,1014.34,39.2,15.22,0.0,4.108,11.0154,106.1765,11.372,11.52,1,2,3,28,1970-01-21 11:07:05.772,1970-01-21 11:07:47.280,Đông,,,
Tây Ninh,Đông Nam Bộ,2026-01-11,24.619999999999997,30.119999999999997,18.8,26.3,32.8,19.68,0.0,0.0,0.0,0.0,62.4,9.66,22.46,18.814,1015.12,82.8,16.48,0.0,4.096,11.0154,106.1765,10.668,11.53,1,2,3,11,1970-01-21 11:08:32.208,1970-01-21 11:09:13.692,Đông,,,
Tây Ninh,Đông Nam Bộ,2026-01-12,26.42,30.76,21.8,29.7,34.6,25.46,0.02,0.02,0.0,0.2,69.0,11.64,21.020000000000003,17.144,1014.4,55.0,19.84,0.0,3.704,11.0154,106.1765,10.236,11.53,1,3,3,142,1970-01-21 11:09:58.620,1970-01-21 11:10:40.140,Đông,,,
Tây Ninh,Đông Nam Bộ,2026-01-13,26.119999999999997,31.02,21.96,29.18,33.64,25.6,0.18,0.18,0.0,1.8,72.6,13.68,24.82,16.802,1013.84,46.8,20.16,0.0,3.774,11.0154,106.1765,10.138,11.54,1,3,51,197,1970-01-21 11:11:25.032,1970-01-21 11:12:06.552,Đông,,,
Tây Ninh,Đông Nam Bộ,2026-01-14,25.96,31.04,21.3,29.32,34.92,25.08,0.16,0.16,0.0,1.2,73.6,12.94,22.32,17.936,1012.64,36.6,20.36,0.0,3.874,11.0154,106.1765,10.874,11.54,1,3,51,174,1970-01-21 11:12:51.432,1970-01-21 11:13:33.000,Đông,,,
Tây Ninh,Đông Nam Bộ,2026-01-15,26.4,31.860000000000003,21.66,29.78,35.36,25.54,0.1,0.1,0.0,0.8,73.4,15.919999999999998,29.08,20.022,1011.96,18.2,20.58,0.0,4.382,11.0154,106.1765,11.04,11.55,1,3,2,128,1970-01-21 11:14:17.868,1970-01-21 11:14:59.412,Đông,,,
Tây Ninh,Đông Nam Bộ,2026-01-16,26.22,31.24,21.74,29.72,35.54,25.619999999999997,0.18,0.18,0.0,1.6,73.8,13.0,23.06,18.42,1010.96,73.4,20.6,0.0,3.932,11.0154,106.1765,10.576,11.55,1,3,51,162,1970-01-21 11:15:44.280,1970-01-21 11:16:25.860,Đông,,,
Tây Ninh,Đông Nam Bộ,2026-01-17,26.26,32.06,21.44,29.1,35.18,25.06,0.04,0.04,0.0,0.4,71.0,16.740000000000002,31.1,19.274,1009.42,64.6,19.82,0.0,4.314,11.0154,106.1765,10.828,11.56,1,3,3,126,1970-01-21 11:17:10.680,1970-01-21 11:17:52.272,Đông,,,
Tây Ninh,Đông Nam Bộ,2026-01-18,25.860000000000003,31.0,21.36,29.02,34.9,25.119999999999997,0.3399999999999999,0.3399999999999999,0.0,2.6,73.8,15.580000000000002,28.44,19.532,1008.88,52.8,20.22,0.0,4.2700000000000005,11.0154,106.1765,10.088,11.562,1,3,51,143,1970-01-21 11:18:37.092,1970-01-21 11:19:18.720,Đông,,,
Tây Ninh,Đông Nam Bộ,2026-01-19,25.52,29.98,21.380000000000003,28.8,34.52,25.18,0.2599999999999999,0.2599999999999999,0.0,1.8,75.6,13.080000000000002,23.98,18.942,1010.02,57.8,20.42,0.0,4.024,11.0154,106.1765,11.07,11.57,1,4,51,156,1970-01-21 11:20:03.492,1970-01-21 11:20:45.132,Đông,,,
Tây Ninh,Đông Nam Bộ,2026-01-20,25.76,31.139999999999997,21.08,28.56,34.14,24.68,0.16,0.16,0.0,1.6,71.4,17.82,33.0,19.274,1011.04,61.4,19.56,0.0,4.314,11.0154,106.1765,10.934,11.58,1,4,51,128,1970-01-21 11:21:29.892,1970-01-21 11:22:11.580,Đông,,,
Tây Ninh,Đông Nam Bộ,2026-01-21,26.06,32.18,20.380000000000003,27.880000000000003,32.32,24.02,0.0,0.0,0.0,0.0,64.6,17.259999999999998,32.980000000000004,21.28,1012.2,45.0,17.259999999999998,0.0,5.0600000000000005,11.0154,106.1765,11.228,11.58,1,4,3,49,1970-01-21 11:22:56.304,1970-01-21 11:23:37.992,Đông,,,
Tây Ninh,Đông Nam Bộ,2026-01-22,25.9,31.360000000000003,20.7,27.860000000000003,33.88,21.92,0.0,0.0,0.0,0.0,62.2,11.7,25.0,21.038,1013.48,87.0,17.259999999999998,0.0,4.772,11.0154,106.1765,11.156,11.59,1,4,3,28,1970-01-21 11:24:22.716,1970-01-21 11:25:04.440,Đông,,,
Tây Ninh,Đông Nam Bộ,2026-01-23,26.48,31.9,21.4,28.04,35.06,22.44,0.0,0.0,0.0,0.0,57.4,12.66,24.2,21.074,1014.5,48.8,16.86,0.0,5.056,11.0154,106.1765,11.322,11.6,1,4,3,25,1970-01-21 11:25:49.128,1970-01-21 11:26:30.852,Đông,,,
Tây Ninh,Đông Nam Bộ,2026-01-24,25.839999999999996,31.380000000000003,20.4,27.7,34.46,21.839999999999996,0.0,0.0,0.0,0.0,61.2,13.74,24.14,19.738,1014.62,19.0,17.2,0.0,4.522,11.0154,106.1765,11.326,11.6,1,4,3,50,1970-01-21 11:27:15.540,1970-01-21 11:27:57.300,Đông,,,
Tây Ninh,Đông Nam Bộ,2026-01-25,25.58,31.04,20.34,28.339999999999996,34.339999999999996,24.06,0.08,0.08,0.0,0.6,70.2,12.62,24.04,19.992,1013.94,42.8,18.92,0.0,4.324,11.0154,106.1765,11.294,11.61,1,4,3,50,1970-01-21 11:28:41.940,1970-01-21 11:29:23.712,Đông,,,
Tây Ninh,Đông Nam Bộ,2026-01-26,25.76,31.5,20.66,28.2,34.239999999999995,23.94,0.0,0.0,0.0,0.0,69.0,15.32,29.879999999999995,20.868,1014.02,18.6,18.68,0.0,4.65,11.0154,106.1765,11.288,11.62,1,5,3,101,1970-01-21 11:30:08.340,1970-01-21 11:30:50.148,Đông,,,
Tây Ninh,Đông Nam Bộ,2026-01-27,25.9,31.660000000000004,20.76,28.339999999999996,34.36,23.94,0.0,0.0,0.0,0.0,67.4,16.58,30.6,20.552,1014.5,30.4,18.64,0.0,4.606,11.0154,106.1765,11.244,11.62,1,5,3,63,1970-01-21 11:31:34.740,1970-01-21 11:32:16.560,Đông,,,
Tây Ninh,Đông Nam Bộ,2026-01-28,25.96,31.94,20.5,28.660000000000004,34.42,24.119999999999997,0.02,0.02,0.0,0.2,69.0,16.7,30.2,21.272,1013.88,41.4,18.880000000000003,0.0,4.688,11.0154,106.1765,11.214,11.63,1,5,3,94,1970-01-21 11:33:01.128,1970-01-21 11:33:42.972,Đông,,,
Tây Ninh,Đông Nam Bộ,2026-01-29,26.139999999999997,31.660000000000004,21.0,29.06,34.7,24.7,0.02,0.02,0.0,0.2,69.6,15.34,29.32,19.1,1013.74,67.2,19.44,0.0,4.294,11.0154,106.1765,9.97,11.64,1,5,3,35,1970-01-21 11:34:27.528,1970-01-21 11:35:09.420,Đông,,,
Tây Ninh,Đông Nam Bộ,2026-01-30,26.1,31.619999999999997,21.04,29.1,35.480000000000004,24.26,0.0,0.0,0.0,0.0,69.8,15.74,27.860000000000003,18.138,1014.34,73.6,19.54,0.0,3.988,11.0154,106.1765,10.552,11.648,1,5,3,138,1970-01-21 11:35:53.916,1970-01-21 11:36:35.832,Đông,,,
Tây Ninh,Đông Nam Bộ,2026-01-31,26.5,32.480000000000004,21.46,29.28,35.739999999999995,24.8,0.0,0.0,0.0,0.0,68.8,16.880000000000003,31.96,20.362,1014.2,48.6,19.6,0.0,4.7,11.0154,106.1765,11.1,11.65,1,5,3,111,1970-01-21 11:37:20.292,1970-01-21 11:38:02.268,Đông,,,
Tây Ninh,Đông Nam Bộ,2026-02-01,26.119999999999997,32.4,20.72,27.6,33.1,23.7,0.0,0.0,0.0,0.0,60.8,15.24,31.52,22.884,1014.06,66.6,16.619999999999997,0.0,5.426,11.0154,106.1765,11.358,11.66,2,5,3,45,1970-01-21 11:38:46.692,1970-01-21 11:39:28.680,Đông,,,
Tây Ninh,Đông Nam Bộ,2026-02-02,26.119999999999997,32.78,20.22,27.94,34.36,22.84,0.0,0.0,0.0,0.0,63.8,15.76,31.4,22.228,1014.08,75.4,17.46,0.0,5.3420000000000005,11.0154,106.1765,11.32,11.67,2,6,3,61,1970-01-21 11:40:13.092,1970-01-21 11:40:55.092,Đông,,,
Tây Ninh,Đông Nam Bộ,2026-02-03,27.24,32.12,22.64,30.139999999999997,35.519999999999996,25.8,0.9,0.9,0.0,3.0,64.0,10.98,22.24,18.596,1014.28,74.8,19.42,0.0,4.384,11.0154,106.1765,9.868,11.68,2,6,51,12,1970-01-21 11:41:39.480,1970-01-21 11:42:21.540,Đông,,,
Tây Ninh,Đông Nam Bộ,2026-02-04,27.360000000000003,32.38,23.18,30.360000000000003,37.04,24.94,0.72,0.72,0.0,3.6,64.2,13.66,26.42,20.89,1013.74,51.4,19.6,0.0,4.826,11.0154,106.1765,11.09,11.688,2,6,51,92,1970-01-21 11:43:05.880,1970-01-21 11:43:47.952,Đông,,,
Tây Ninh,Đông Nam Bộ,2026-02-05,27.1,31.48,22.94,31.04,36.04,27.18,0.3,0.3,0.0,2.6,72.8,14.36,25.78,18.796,1013.06,88.2,21.5,0.0,4.116,11.0154,106.1765,11.05,11.691999999999998,2,6,51,153,1970-01-21 11:44:32.280,1970-01-21 11:45:14.352,Đông,,,
Tây Ninh,Đông Nam Bộ,2026-02-06,26.46,30.82,22.84,30.2,35.72,26.94,0.74,0.74,0.0,5.2,76.6,13.3,26.28,18.332,1012.54,81.0,21.78,0.0,4.0600000000000005,11.0154,106.1765,10.868,11.7,2,6,51,160,1970-01-21 11:45:58.680,1970-01-21 11:46:40.800,Đông,,,
Tây Ninh,Đông Nam Bộ,2026-02-07,26.860000000000003,32.040000000000006,23.1,30.24,35.94,26.360000000000003,0.32,0.32,0.0,2.2,73.2,16.8,30.74,19.728,1011.9,62.0,21.16,0.0,4.358,11.0154,106.1765,11.002,11.71,2,6,51,129,1970-01-21 11:47:25.032,1970-01-21 11:48:07.200,Đông,,,
Tây Ninh,Đông Nam Bộ,2026-02-08,26.92,32.4,22.839999999999996,29.76,35.08,26.160000000000004,0.1,0.1,0.0,1.0,68.0,18.2,33.18,21.824,1012.3,38.8,19.74,0.0,5.004,11.0154,106.1765,10.356,11.72,2,6,51,95,1970-01-21 11:48:51.432,1970-01-21 11:49:33.612,Đông,,,
Tây Ninh,Đông Nam Bộ,2026-02-09,26.660000000000004,32.7,21.08,29.0,36.6,21.8,0.0,0.0,0.0,0.0,60.0,11.68,23.18,23.16,1011.6,64.8,17.82,0.0,5.176,11.0154,106.1765,11.532,11.73,2,7,3,30,1970-01-21 11:50:17.820,1970-01-21 11:51:00.060,Đông,,,
Tây Ninh,Đông Nam Bộ,2026-02-10,26.74,32.12,21.14,30.3,37.0,24.26,0.02,0.02,0.0,0.2,70.4,14.3,25.119999999999997,21.148000000000003,1012.2,43.4,20.3,0.0,4.648,11.0154,106.1765,11.452,11.738,2,7,3,156,1970-01-21 11:51:44.220,1970-01-21 11:52:26.460,Đông,,,
Tây Ninh,Đông Nam Bộ,2026-02-11,26.54,30.119999999999997,24.28,30.860000000000003,34.5,28.380000000000003,1.42,1.42,0.0,4.4,79.0,11.2,26.8,13.4,1013.7,89.2,22.42,0.0,3.018,11.0154,106.1765,5.498,11.748,2,7,51,97,1970-01-21 11:53:10.596,1970-01-21 11:53:52.872,Đông,,,
Tây Ninh,Đông Nam Bộ,2026-02-12,27.119999999999997,31.92,23.48,31.96,37.64,28.68,0.4399999999999999,0.4399999999999999,0.0,3.2,79.4,12.24,22.96,19.168,1012.34,94.0,22.78,0.0,4.132,11.0154,106.1765,10.824000000000002,11.752,2,7,51,174,1970-01-21 11:54:36.972,1970-01-21 11:55:19.296,Đông,,,
Tây Ninh,Đông Nam Bộ,2026-02-13,27.7,33.32,23.06,31.839999999999996,38.68,27.54,0.26,0.26,0.0,2.4,72.2,15.96,29.44,20.36,1010.88,94.2,21.72,0.0,4.668,11.0154,106.1765,10.59,11.762,2,7,51,152,1970-01-21 11:56:03.360,1970-01-21 11:56:45.720,Đông,,,
Tây Ninh,Đông Nam Bộ,2026-02-14,27.380000000000003,33.1,23.28,31.8,38.1,27.1,1.7600000000000002,1.7600000000000002,0.0,5.2,73.4,10.88,23.58,19.918,1010.4,91.0,21.880000000000003,0.0,4.32,11.0154,106.1765,11.136,11.772,2,7,51,162,1970-01-21 11:57:29.760,1970-01-21 11:58:12.120,Đông,,,
Tây Ninh,Đông Nam Bộ,2026-02-15,27.98,33.42,23.36,32.22,38.8,27.839999999999996,0.2,0.2,0.0,1.0,72.0,13.44,25.26,21.312,1009.92,56.2,21.96,0.0,4.894,11.0154,106.1765,11.304,11.78,2,7,51,147,1970-01-21 11:58:56.112,1970-01-21 11:59:38.532,Đông,,,
Tây Ninh,Đông Nam Bộ,2026-02-16,28.76,34.4,23.619999999999997,31.72,38.34,26.639999999999997,0.02,0.02,0.0,0.2,60.8,13.12,24.76,21.984,1009.18,67.0,19.880000000000003,0.0,5.456,11.0154,106.1765,11.44,11.79,2,8,3,113,1970-01-21 12:00:22.500,1970-01-21 12:01:04.944,Đông,,,
Tây Ninh,Đông Nam Bộ,2026-02-17,28.619999999999997,34.3,24.020000000000003,31.1,37.3,27.44,0.0,0.0,0.0,0.0,58.4,15.439999999999998,29.96,22.688,1009.72,89.6,19.0,0.0,5.76,11.0154,106.1765,11.572,11.8,2,8,3,102,1970-01-21 12:01:48.900,1970-01-21 12:02:31.380,Đông,,,
Tây Ninh,Đông Nam Bộ,2026-02-18,28.54,34.62,23.619999999999997,31.1,37.38,26.22,0.0,0.0,0.0,0.0,59.8,14.580000000000002,28.94,22.678,1010.98,89.8,19.26,0.0,5.694,11.0154,106.1765,11.608,11.81,2,8,3,93,1970-01-21 12:03:15.252,1970-01-21 12:03:57.780,Đông,,,
Tây Ninh,Đông Nam Bộ,2026-02-19,28.52,33.56,23.8,32.019999999999996,39.14,25.92,0.04,0.04,0.0,0.2,61.8,13.3,24.42,22.806,1012.36,73.8,20.14,0.0,5.264,11.0154,106.1765,11.562,11.818,2,8,3,61,1970-01-21 12:04:41.640,1970-01-21 12:05:24.180,Đông,,,
Tây Ninh,Đông Nam Bộ,2026-02-20,28.160000000000004,33.4,23.78,31.32,38.08,25.68,0.0,0.0,0.0,0.0,61.6,13.36,24.32,22.804,1012.34,45.4,19.68,0.0,5.286,11.0154,106.1765,11.628,11.828,2,8,3,65,1970-01-21 12:06:08.040,1970-01-21 12:06:50.592,Đông,,,
Tây Ninh,Đông Nam Bộ,2026-02-21,27.44,32.82,22.58,31.3,37.88,26.7,0.04,0.04,0.0,0.4,70.6,16.7,29.6,22.388,1009.68,32.8,21.04,0.0,5.006,11.0154,106.1765,11.598,11.838,2,8,3,198,1970-01-21 12:07:34.380,1970-01-21 12:08:16.992,Đông,,,
Tây Ninh,Đông Nam Bộ,2026-02-22,27.3,32.4,22.44,31.1,37.52,26.639999999999997,0.16,0.16,0.0,1.2,71.6,15.54,27.08,22.238,1008.26,47.0,21.18,0.0,4.946,11.0154,106.1765,11.416,11.848,2,8,51,151,1970-01-21 12:09:00.780,1970-01-21 12:09:43.440,Đông,,,
Tây Ninh,Đông Nam Bộ,2026-02-23,27.639999999999997,32.8,23.2,31.0,37.72,27.26,0.04,0.04,0.0,0.4,70.0,15.74,28.72,22.456,1008.72,46.6,21.119999999999997,0.0,5.336,11.0154,106.1765,11.654,11.858,2,9,3,150,1970-01-21 12:10:27.132,1970-01-21 12:11:09.840,Đông,,,
Tây Ninh,Đông Nam Bộ,2026-02-24,27.5,32.62,23.16,30.78,37.44,26.5,0.08,0.08,0.0,0.8,69.2,16.580000000000002,30.82,21.68,1009.34,90.4,20.9,0.0,5.034000000000001,11.0154,106.1765,11.444,11.868,2,9,51,149,1970-01-21 12:11:53.520,1970-01-21 12:12:36.240,Đông,,,
Tây Ninh,Đông Nam Bộ,2026-02-25,27.9,32.94,23.66,31.380000000000003,37.66,27.48,0.0,0.0,0.0,0.0,69.4,16.259999999999998,29.74,21.744,1009.66,83.2,21.18,0.0,5.132,11.0154,106.1765,10.97,11.878,2,9,3,133,1970-01-21 12:13:19.872,1970-01-21 12:14:02.640,Đông,,,
Tây Ninh,Đông Nam Bộ,2026-02-26,25.06,28.0,23.48,29.3,31.9,27.94,22.36,22.36,0.0,15.4,88.8,13.419999999999998,29.679999999999996,8.734,1008.82,99.2,23.0,0.0,1.918,11.0154,106.1765,2.17,11.888000000000002,2,9,63,132,1970-01-21 12:14:46.260,1970-01-21 12:15:29.040,Đông,,,
Tây Ninh,Đông Nam Bộ,2026-02-27,25.4,30.1,23.46,30.32,35.56,28.32,25.839999999999996,25.839999999999996,0.0,18.2,90.0,12.58,29.0,14.7,1007.98,96.6,23.54,0.0,2.95,11.0154,106.1765,7.848000000000001,11.898,2,9,65,117,1970-01-21 12:16:12.636,1970-01-21 12:16:55.452,Đông,,,
Tây Ninh,Đông Nam Bộ,2026-02-28,26.48,31.74,22.82,31.32,38.379999999999995,27.24,1.2,1.2,0.0,2.6,84.0,11.94,26.7,20.32,1007.84,46.8,23.32,0.0,4.262,11.0154,106.1765,11.476,11.908,2,9,51,138,1970-01-21 12:17:39.000,1970-01-21 12:18:21.852,Đông,,,
Tây Ninh,Đông Nam Bộ,2026-03-01,27.619999999999997,32.42,24.380000000000003,32.6,38.82,29.160000000000004,0.2799999999999999,0.2799999999999999,0.0,1.8,80.0,11.6,22.68,21.73,1008.08,44.2,23.42,0.0,4.67,11.0154,106.1765,10.552,11.918,3,9,51,140,1970-01-21 12:19:05.400,1970-01-21 12:19:48.288,Xuân,,,
Tây Ninh,Đông Nam Bộ,2026-03-02,28.3,32.92,24.36,33.14,38.66,29.42,0.2799999999999999,0.2799999999999999,0.0,2.4,77.0,12.52,23.98,22.35,1009.16,35.4,23.42,0.0,4.962,11.0154,106.1765,11.738,11.928,3,10,51,147,1970-01-21 12:20:31.740,1970-01-21 12:21:14.700,Xuân,,,
Tây Ninh,Đông Nam Bộ,2026-03-03,28.48,32.86,24.66,33.760000000000005,39.68,29.68,0.04,0.04,0.0,0.4,77.6,11.58,23.76,22.1,1009.5,38.6,23.76,0.0,4.7700000000000005,11.0154,106.1765,11.684,11.938,3,10,3,151,1970-01-21 12:21:58.140,1970-01-21 12:22:41.100,Xuân,,,
Tây Ninh,Đông Nam Bộ,2026-03-04,28.119999999999997,32.980000000000004,24.6,33.18,39.14,29.42,2.78,2.78,0.0,6.0,78.8,12.34,25.119999999999997,21.746,1009.84,38.2,23.76,0.0,4.776,11.0154,106.1765,11.422,11.948,3,10,55,145,1970-01-21 12:23:24.480,1970-01-21 12:24:07.500,Xuân,,,
Tây Ninh,Đông Nam Bộ,2026-03-05,27.42,33.22,23.58,32.2,38.6,27.92,3.94,3.94,0.0,7.0,78.8,13.02,27.58,22.05,1009.74,28.6,22.86,0.0,4.798,11.0154,106.1765,11.718,11.958000000000002,3,10,55,111,1970-01-21 12:24:50.880,1970-01-21 12:25:33.900,Xuân,,,
Tây Ninh,Đông Nam Bộ,2026-03-06,25.639999999999997,31.18,22.6,30.28,37.16,26.32,8.059999999999999,8.059999999999999,0.0,9.8,85.6,15.36,35.56,19.46,1010.82,51.8,22.8,0.0,3.932,11.0154,106.1765,11.166,11.968,3,10,63,305,1970-01-21 12:26:17.220,1970-01-21 12:27:00.300,Xuân,,,
Tây Ninh,Đông Nam Bộ,2026-03-07,26.160000000000004,31.860000000000003,22.78,31.24,38.18,27.619999999999997,2.7,2.7,0.0,6.6,83.2,11.42,23.619999999999997,21.466,1011.34,50.6,22.68,0.0,4.478,11.0154,106.1765,10.884,11.978,3,10,61,112,1970-01-21 12:27:43.608,1970-01-21 12:28:26.700,Xuân,,,
Tây Ninh,Đông Nam Bộ,2026-03-08,26.82,32.04,22.52,30.76,36.5,26.860000000000003,0.0,0.0,0.0,0.0,73.4,11.48,22.46,24.378,1011.22,15.6,20.96,0.0,5.26,11.0154,106.1765,11.526,11.988,3,10,3,17,1970-01-21 12:29:09.960,1970-01-21 12:29:53.100,Xuân,,,
Tây Ninh,Đông Nam Bộ,2026-03-09,27.1,32.38,22.58,31.46,37.34,27.119999999999997,1.14,1.14,0.0,3.2,75.6,13.78,27.28,23.1,1011.8,24.2,21.8,0.0,5.014,11.0154,106.1765,11.291999999999998,11.998,3,11,51,93,1970-01-21 12:30:36.324,1970-01-21 12:31:19.500,Xuân,,,
Tây Ninh,Đông Nam Bộ,2026-03-10,27.619999999999997,32.82000000000001,23.44,32.0,38.14,28.04,0.42,0.42,0.0,2.0,75.0,13.54,25.619999999999997,23.166,1012.3,21.6,22.16,0.0,5.188000000000001,11.0154,106.1765,11.852,12.008,3,11,51,63,1970-01-21 12:32:02.700,1970-01-21 12:32:45.900,Xuân,,,
Tây Ninh,Đông Nam Bộ,2026-03-11,27.9,33.42,23.119999999999997,30.96,37.18,25.119999999999997,0.1,0.1,0.0,0.8,64.6,16.22,31.6,23.958,1011.38,48.2,19.98,0.0,5.601999999999999,11.0154,106.1765,11.862,12.02,3,11,3,44,1970-01-21 12:33:29.040,1970-01-21 12:34:12.312,Xuân,,,
Tây Ninh,Đông Nam Bộ,2026-03-12,28.06,33.08,24.26,31.380000000000003,36.96,28.02,0.1,0.1,0.0,0.8,65.4,17.48,32.4,23.638,1010.58,32.6,20.36,0.0,5.619999999999999,11.0154,106.1765,11.425999999999998,12.03,3,11,3,109,1970-01-21 12:34:55.440,1970-01-21 12:35:38.712,Xuân,,,
Tây Ninh,Đông Nam Bộ,2026-03-13,26.9,32.14,23.2,30.68,37.22,26.860000000000003,1.7600000000000002,1.7600000000000002,0.0,4.6,70.2,15.22,28.639999999999997,22.386000000000003,1011.32,41.0,20.56,0.0,4.83,11.0154,106.1765,11.444,12.04,3,11,61,148,1970-01-21 12:36:21.780,1970-01-21 12:37:05.112,Xuân,,,
Tây Ninh,Đông Nam Bộ,2026-03-14,27.22,32.14,23.8,31.28,37.06,28.06,0.6799999999999999,0.6799999999999999,0.0,3.4,71.8,10.68,22.619999999999997,20.61,1012.38,50.8,21.16,0.0,4.523999999999999,11.0154,106.1765,10.91,12.05,3,11,51,94,1970-01-21 12:37:48.168,1970-01-21 12:38:31.512,Xuân,,,
Tây Ninh,Đông Nam Bộ,2026-03-15,27.3,32.46,22.74,31.0,37.96,25.839999999999996,0.26,0.26,0.0,1.4,68.8,15.74,31.6,23.414,1012.74,15.6,20.6,0.0,5.196,11.0154,106.1765,11.902,12.06,3,11,51,88,1970-01-21 12:39:14.520,1970-01-21 12:39:57.924,Xuân,,,
Tây Ninh,Đông Nam Bộ,2026-03-16,27.42,32.28,22.86,31.1,37.7,26.96,0.4,0.4,0.0,2.8,69.2,14.86,26.360000000000003,23.016,1011.46,15.2,20.8,0.0,5.14,11.0154,106.1765,11.912,12.07,3,12,51,128,1970-01-21 12:40:40.860,1970-01-21 12:41:24.324,Xuân,,,
Tây Ninh,Đông Nam Bộ,2026-03-17,27.56,32.94,23.18,30.360000000000003,37.14,26.46,0.08,0.08,0.0,0.8,67.0,18.2,33.6,23.418,1011.4,49.2,20.24,0.0,5.546,11.0154,106.1765,11.922,12.08,3,12,3,132,1970-01-21 12:42:07.260,1970-01-21 12:42:50.724,Xuân,,,
Tây Ninh,Đông Nam Bộ,2026-03-18,27.619999999999997,33.06,23.14,30.32,37.78,25.380000000000003,0.0,0.0,0.0,0.0,65.2,18.0,31.96,24.218,1011.82,21.8,19.880000000000003,0.0,5.79,11.0154,106.1765,11.932,12.09,3,12,3,129,1970-01-21 12:43:33.600,1970-01-21 12:44:17.124,Xuân,,,
Tây Ninh,Đông Nam Bộ,2026-03-19,27.619999999999997,32.72,23.0,30.76,37.3,26.32,0.02,0.02,0.0,0.2,67.6,15.98,30.82,23.576,1011.48,24.0,20.56,0.0,5.497999999999999,11.0154,106.1765,11.942,12.1,3,12,3,133,1970-01-21 12:44:59.988,1970-01-21 12:45:43.536,Xuân,,,
Tây Ninh,Đông Nam Bộ,2026-03-20,27.6,32.4,23.24,30.96,37.08,27.18,0.54,0.54,0.0,4.4,69.8,14.38,29.44,23.174,1011.54,38.2,21.139999999999997,0.0,5.442,11.0154,106.1765,11.952,12.11,3,12,51,140,1970-01-21 12:46:26.340,1970-01-21 12:47:09.936,Xuân,,,
Tây Ninh,Đông Nam Bộ,2026-03-21,27.880000000000003,33.279999999999994,23.119999999999997,31.1,36.9,27.58,0.12,0.12,0.0,1.0,69.2,16.64,29.880000000000003,23.074,1011.72,32.6,21.1,0.0,5.57,11.0154,106.1765,11.962,12.12,3,12,51,126,1970-01-21 12:47:52.692,1970-01-21 12:48:36.336,Xuân,,,
Tây Ninh,Đông Nam Bộ,2026-03-22,28.2,34.06,23.74,31.0,37.32,27.2,0.0,0.0,0.0,0.0,66.4,18.8,34.22,23.05,1011.04,21.6,20.56,0.0,5.7780000000000005,11.0154,106.1765,11.932,12.13,3,12,3,131,1970-01-21 12:49:19.080,1970-01-21 12:50:02.748,Xuân,,,
Tây Ninh,Đông Nam Bộ,2026-03-23,28.139999999999997,33.78,23.24,31.119999999999997,38.17999999999999,27.160000000000004,0.0,0.0,0.0,0.0,66.2,18.34,34.339999999999996,24.376,1010.72,25.6,20.380000000000003,0.0,5.902,11.0154,106.1765,11.98,12.14,3,13,3,121,1970-01-21 12:50:45.420,1970-01-21 12:51:29.148,Xuân,,,
Tây Ninh,Đông Nam Bộ,2026-03-24,27.98,33.9,23.06,30.9,37.68,26.54,0.0,0.0,0.0,0.0,67.4,17.62,31.92,24.964,1009.74,7.0,20.52,0.0,6.032,11.0154,106.1765,11.98,12.15,3,13,1,143,1970-01-21 12:52:11.820,1970-01-21 12:52:55.560,Xuân,,,
Tây Ninh,Đông Nam Bộ,2026-03-25,28.139999999999997,34.46,22.66,31.32,38.3,26.76,0.0,0.0,0.0,0.0,68.0,17.259999999999998,31.379999999999995,25.08,1009.86,9.8,20.68,0.0,6.0200000000000005,11.0154,106.1765,11.996,12.16,3,13,1,130,1970-01-21 12:53:38.160,1970-01-21 12:54:21.960,Xuân,,,
Tây Ninh,Đông Nam Bộ,2026-03-26,28.02,33.46,23.58,31.339999999999996,38.04,27.46,0.02,0.02,0.0,0.2,69.0,17.759999999999998,31.96,21.388,1009.84,22.4,21.22,0.0,5.184,11.0154,106.1765,11.724,12.17,3,13,3,120,1970-01-21 12:55:04.524,1970-01-21 12:55:48.360,Xuân,,,
Tây Ninh,Đông Nam Bộ,2026-03-27,27.78,32.94,22.98,30.5,36.220000000000006,26.7,0.0,0.0,0.0,0.0,67.4,15.68,30.04,20.556,1009.64,27.6,20.54,0.0,5.136,11.0154,106.1765,11.624,12.18,3,13,3,139,1970-01-21 12:56:30.900,1970-01-21 12:57:14.760,Xuân,,,
Tây Ninh,Đông Nam Bộ,2026-03-28,27.74,34.56,22.48,30.8,38.760000000000005,26.24,0.0,0.0,0.0,0.0,70.4,20.06,38.32,25.034,1009.02,14.4,21.06,0.0,6.136,11.0154,106.1765,12.0,12.19,3,13,3,134,1970-01-21 12:57:57.240,1970-01-21 12:58:41.160,Xuân,,,
Tây Ninh,Đông Nam Bộ,2026-03-29,28.4,35.12,22.84,31.82,38.84,27.48,0.02,0.02,0.0,0.2,69.8,16.32,31.54,22.642,1009.48,42.4,21.42,0.0,5.742,11.0154,106.1765,11.842,12.2,3,13,3,137,1970-01-21 12:59:23.640,1970-01-21 13:00:07.560,Xuân,,,
Tây Ninh,Đông Nam Bộ,2026-03-30,28.42,33.260000000000005,24.3,32.72,38.58,28.98,0.2799999999999999,0.2799999999999999,0.0,2.8,73.0,15.62,27.22,22.748,1010.22,37.4,22.46,0.0,5.32,11.0154,106.1765,11.48,12.21,3,14,51,144,1970-01-21 13:00:49.980,1970-01-21 13:01:33.960,Xuân,,,
Tây Ninh,Đông Nam Bộ,2026-03-31,28.58,33.9,23.64,32.7,39.38,28.42,0.22,0.22,0.0,1.2,69.4,14.32,25.8,24.194,1010.42,45.2,21.639999999999997,0.0,5.504,11.0154,106.1765,11.856,12.22,3,14,3,139,1970-01-21 13:02:16.332,1970-01-21 13:03:00.360,Xuân,,,
Tây Ninh,Đông Nam Bộ,2026-04-01,28.98,35.2,24.44,32.62,39.52,29.06,0.0,0.0,0.0,0.0,66.6,18.52,32.92,25.362,1010.08,32.4,21.14,0.0,6.11,11.0154,106.1765,11.516,12.23,4,14,3,138,1970-01-21 13:03:42.720,1970-01-21 13:04:26.760,Xuân,,,
Tây Ninh,Đông Nam Bộ,2026-04-02,28.839999999999996,34.62,24.02,32.28,38.58,28.880000000000003,0.0,0.0,0.0,0.0,67.2,19.160000000000004,34.980000000000004,22.878,1010.72,15.6,21.36,0.0,5.7299999999999995,11.0154,106.1765,12.0,12.24,4,14,1,140,1970-01-21 13:05:09.060,1970-01-21 13:05:53.160,Xuân,,,
Tây Ninh,Đông Nam Bộ,2026-04-03,28.619999999999997,34.38,23.42,31.78,38.8,27.1,0.0,0.0,0.0,0.0,64.0,16.360000000000003,30.26,25.386000000000003,1009.96,5.2,20.36,0.0,6.178,11.0154,106.1765,12.0,12.25,4,14,0,144,1970-01-21 13:06:35.448,1970-01-21 13:07:19.560,Xuân,,,
Tây Ninh,Đông Nam Bộ,2026-04-04,28.24,34.32,22.24,32.04,38.88,26.639999999999997,0.0,0.0,0.0,0.0,67.2,12.76,23.9,26.024,1008.66,59.4,20.7,0.0,6.01,11.0154,106.1765,12.0,12.26,4,14,3,174,1970-01-21 13:08:01.800,1970-01-21 13:08:45.960,Xuân,,,
Tây Ninh,Đông Nam Bộ,2026-04-05,29.0,34.94,23.3,32.96,39.78,27.98,0.0,0.0,0.0,0.0,68.8,16.02,28.58,24.256,1008.1,26.0,21.92,0.0,5.9,11.0154,106.1765,12.0,12.272,4,14,3,187,1970-01-21 13:09:28.152,1970-01-21 13:10:12.360,Xuân,,,
Tây Ninh,Đông Nam Bộ,2026-04-06,29.4,35.36,23.8,33.06,40.4,28.42,0.0,0.0,0.0,0.0,66.2,15.580000000000002,28.24,25.066,1009.34,8.6,21.52,0.0,6.2,11.0154,106.1765,12.0,12.282,4,15,2,181,1970-01-21 13:10:54.540,1970-01-21 13:11:38.760,Xuân,,,
Tây Ninh,Đông Nam Bộ,2026-04-07,29.92,35.9,24.26,33.36,39.98,29.139999999999997,0.0,0.0,0.0,0.0,61.2,13.98,25.619999999999997,26.103999999999996,1009.84,30.2,20.5,0.0,6.382,11.0154,106.1765,12.0,12.291999999999998,4,15,3,192,1970-01-21 13:12:20.880,1970-01-21 13:13:05.160,Xuân,,,
Tây Ninh,Đông Nam Bộ,2026-04-08,30.04,35.7,24.76,34.339999999999996,40.86,29.160000000000004,0.08,0.08,0.0,0.2,66.4,16.14,28.6,23.294,1009.8,29.0,22.32,0.0,5.79,11.0154,106.1765,11.6,12.302,4,15,3,164,1970-01-21 13:13:47.268,1970-01-21 13:14:31.560,Xuân,,,
Tây Ninh,Đông Nam Bộ,2026-04-09,29.92,35.18,25.6,33.88,40.56,30.32,0.02,0.02,0.0,0.2,66.4,15.76,28.860000000000003,24.07,1010.6,22.6,22.26,0.0,6.056,11.0154,106.1765,11.872,12.312,4,15,3,152,1970-01-21 13:15:13.620,1970-01-21 13:15:57.960,Xuân,,,
Tây Ninh,Đông Nam Bộ,2026-04-10,29.639999999999997,34.839999999999996,24.339999999999996,33.78,40.36,28.9,0.1399999999999999,0.1399999999999999,0.0,1.2,66.6,13.36,25.26,21.6,1010.72,23.6,22.16,0.0,5.21,11.0154,106.1765,11.668,12.322,4,15,51,159,1970-01-21 13:16:39.972,1970-01-21 13:17:24.360,Xuân,,,
Tây Ninh,Đông Nam Bộ,2026-04-11,30.26,35.760000000000005,24.94,34.1,40.7,29.52,0.08,0.08,0.0,0.6,63.2,14.56,28.02,23.096,1009.5,25.8,21.78,0.0,5.85,11.0154,106.1765,12.0,12.332,4,15,3,176,1970-01-21 13:18:06.360,1970-01-21 13:18:50.760,Xuân,,,
Tây Ninh,Đông Nam Bộ,2026-04-12,30.4,36.06,25.22,34.38,40.5,30.04,0.12,0.12,0.0,0.8,64.2,16.080000000000002,29.44,24.168,1008.46,8.6,22.119999999999997,0.0,6.254,11.0154,106.1765,12.0,12.342,4,15,1,172,1970-01-21 13:19:32.712,1970-01-21 13:20:17.160,Xuân,,,
Tây Ninh,Đông Nam Bộ,2026-04-13,30.18,35.2,25.3,34.260000000000005,40.18,30.3,0.06,0.06,0.0,0.4,65.2,14.44,26.7,23.73,1009.68,9.2,22.24,0.0,5.9719999999999995,11.0154,106.1765,12.0,12.352,4,16,1,171,1970-01-21 13:20:59.100,1970-01-21 13:21:43.560,Xuân,,,
Tây Ninh,Đông Nam Bộ,2026-04-14,29.880000000000003,34.94,25.48,34.44,40.8,30.68,0.5,0.5,0.0,3.2,67.8,14.18,27.660000000000004,21.17,1009.44,19.6,22.880000000000003,0.0,5.304,11.0154,106.1765,11.444,12.361999999999998,4,16,51,152,1970-01-21 13:22:25.452,1970-01-21 13:23:09.960,Xuân,,,
Tây Ninh,Đông Nam Bộ,2026-04-15,29.72,34.86,25.160000000000004,33.62,39.6,30.44,0.44,0.44,0.0,1.6,66.4,13.8,29.58,20.842,1008.58,31.8,22.22,0.0,5.386,11.0154,106.1765,11.402,12.372,4,16,53,161,1970-01-21 13:23:51.840,1970-01-21 13:24:36.360,Xuân,,,
Tây Ninh,Đông Nam Bộ,2026-04-16,30.360000000000003,35.779999999999994,25.119999999999997,34.2,41.54,29.52,0.08,0.08,0.0,0.4,61.6,15.4,28.22,23.156,1008.58,32.4,21.64,0.0,5.912,11.0154,106.1765,11.824,12.38,4,16,3,142,1970-01-21 13:25:18.192,1970-01-21 13:26:02.760,Xuân,,,
Tây Ninh,Đông Nam Bộ,2026-04-17,30.4,35.04,26.1,34.519999999999996,40.88,30.56,0.32,0.32,0.0,2.4,63.6,15.14,27.659999999999997,23.048,1009.12,17.2,22.16,0.0,5.816,11.0154,106.1765,12.0,12.39,4,16,51,159,1970-01-21 13:26:44.580,1970-01-21 13:27:29.160,Xuân,,,
Tây Ninh,Đông Nam Bộ,2026-04-18,30.18,35.220000000000006,25.16,34.08,40.54,30.0,0.02,0.02,0.0,0.2,62.4,16.259999999999998,28.94,23.826,1008.96,30.0,21.6,0.0,5.952,11.0154,106.1765,12.0,12.398,4,16,3,145,1970-01-21 13:28:10.932,1970-01-21 13:28:55.560,Xuân,,,
Tây Ninh,Đông Nam Bộ,2026-04-19,29.7,34.239999999999995,26.2,33.8,39.62,30.48,0.74,0.74,0.0,3.6,66.8,14.419999999999998,27.72,21.736,1009.06,39.0,22.58,0.0,5.536,11.0154,106.1765,11.72,12.408,4,16,51,140,1970-01-21 13:29:37.320,1970-01-21 13:30:21.960,Xuân,,,
Tây Ninh,Đông Nam Bộ,2026-04-20,29.46,33.760000000000005,25.72,32.980000000000004,38.72,29.08,0.4599999999999999,0.4599999999999999,0.0,2.8,62.4,15.98,29.880000000000003,22.654,1009.36,58.4,21.24,0.0,5.720000000000001,11.0154,106.1765,11.7,12.418,4,17,51,136,1970-01-21 13:31:03.672,1970-01-21 13:31:48.372,Xuân,,,
Tây Ninh,Đông Nam Bộ,2026-04-21,28.94,33.519999999999996,24.58,31.7,37.1,28.18,0.2,0.2,0.0,2.0,61.4,15.18,30.119999999999997,21.486,1008.78,43.6,20.339999999999996,0.0,5.7,11.0154,106.1765,11.8,12.428,4,17,51,135,1970-01-21 13:32:30.060,1970-01-21 13:33:14.772,Xuân,,,
Tây Ninh,Đông Nam Bộ,2026-04-22,29.24,34.120000000000005,24.28,32.7,38.82,27.96,0.02,0.02,0.0,0.2,63.6,14.14,27.78,21.956,1008.26,23.6,21.119999999999997,0.0,5.465999999999999,11.0154,106.1765,11.682,12.438,4,17,3,149,1970-01-21 13:33:56.412,1970-01-21 13:34:41.172,Xuân,,,
Tây Ninh,Đông Nam Bộ,2026-04-23,29.22,33.96,24.42,32.839999999999996,38.78,28.94,0.02,0.02,0.0,0.2,66.4,14.96,28.860000000000003,22.034,1007.92,18.4,21.86,0.0,5.578,11.0154,106.1765,11.858,12.448,4,17,3,161,1970-01-21 13:35:22.800,1970-01-21 13:36:07.584,Xuân,,,
Tây Ninh,Đông Nam Bộ,2026-04-24,29.26,35.04,23.92,33.2,40.16,28.74,0.0,0.0,0.0,0.0,65.8,16.2,28.44,25.554,1008.52,79.0,21.5,0.0,6.238,11.0154,106.1765,12.0,12.458000000000002,4,17,3,143,1970-01-21 13:36:49.152,1970-01-21 13:37:34.020,Xuân,,,
Tây Ninh,Đông Nam Bộ,2026-04-25,29.360000000000003,34.92,25.24,33.82,40.260000000000005,29.92,1.88,1.88,0.0,3.4,70.4,13.1,28.58,17.747999999999998,1010.0,75.4,22.98,0.0,4.466,11.0154,106.1765,9.554,12.462,4,17,53,133,1970-01-21 13:38:15.540,1970-01-21 13:39:00.420,Xuân,,,
Tây Ninh,Đông Nam Bộ,2026-04-26,30.06,34.84,26.06,34.22,38.96,31.46,0.22,0.22,0.0,2.0,64.8,12.54,26.0,21.378,1009.64,78.6,22.0,0.0,5.246,11.0154,106.1765,11.13,12.472,4,17,51,105,1970-01-21 13:39:41.892,1970-01-21 13:40:26.820,Xuân,,,
Tây Ninh,Đông Nam Bộ,2026-04-27,30.44,35.779999999999994,25.639999999999997,34.54,40.26,30.440000000000005,0.02,0.02,0.0,0.2,65.2,14.580000000000002,30.46,24.96,1008.62,55.8,22.28,0.0,6.266,11.0154,106.1765,11.946000000000002,12.482,4,18,3,126,1970-01-21 13:41:08.280,1970-01-21 13:41:53.220,Xuân,,,
Tây Ninh,Đông Nam Bộ,2026-04-28,30.5,35.92,26.54,35.339999999999996,41.56,31.18,0.6,0.6,0.0,2.8,68.2,14.8,31.619999999999997,24.146,1008.74,51.8,23.36,0.0,5.814,11.0154,106.1765,12.0,12.49,4,18,51,130,1970-01-21 13:42:34.644,1970-01-21 13:43:19.620,Xuân,,,
Tây Ninh,Đông Nam Bộ,2026-04-29,29.56,35.12,25.839999999999996,35.06,41.52,31.8,0.86,0.86,0.0,3.8,73.4,14.32,28.380000000000003,23.119999999999997,1009.44,63.0,23.72,0.0,5.258,11.0154,106.1765,11.914,12.5,4,18,51,134,1970-01-21 13:44:01.020,1970-01-21 13:44:46.020,Xuân,,,
Tây Ninh,Đông Nam Bộ,2026-04-30,30.58,35.260000000000005,26.02,35.239999999999995,41.28,31.44,0.2,0.2,0.0,1.0,66.2,15.16,27.94,23.752,1009.78,46.8,23.02,0.0,5.944,11.0154,106.1765,12.0,12.51,4,18,51,119,1970-01-21 13:45:27.420,1970-01-21 13:46:12.432,Xuân,,,
Tây Ninh,Đông Nam Bộ,2026-05-01,30.7,36.12,26.8,34.82,40.54,31.54,0.02,0.02,0.0,0.2,63.4,19.74,36.92,22.8,1009.46,87.8,22.3,0.0,5.92,11.0154,106.1765,11.942,12.52,5,18,3,123,1970-01-21 13:46:53.772,1970-01-21 13:47:38.832,Xuân,,,
Tây Ninh,Đông Nam Bộ,2026-05-02,29.58,34.54,26.48,34.779999999999994,40.239999999999995,31.98,3.64,3.64,0.0,4.8,72.8,12.28,28.96,21.42,1009.06,69.4,23.92,0.0,4.970000000000001,11.0154,106.1765,11.784,12.528,5,18,53,131,1970-01-21 13:48:20.160,1970-01-21 13:49:05.244,Xuân,,,
Tây Ninh,Đông Nam Bộ,2026-05-03,29.9,35.1,26.04,35.18,40.16,31.74,2.52,2.52,0.0,5.2,72.8,14.72,31.82,20.752,1008.96,98.6,24.08,0.0,4.912,11.0154,106.1765,10.774,12.532,5,18,51,142,1970-01-21 13:49:46.548,1970-01-21 13:50:31.680,Xuân,,,
Tây Ninh,Đông Nam Bộ,2026-05-04,29.04,34.56,24.96,34.64,40.1,29.96,4.9,4.9,0.0,8.4,77.6,12.52,28.380000000000003,20.46,1010.08,95.8,24.28,0.0,4.706,11.0154,106.1765,10.152,12.54,5,19,53,60,1970-01-21 13:51:12.912,1970-01-21 13:51:58.080,Xuân,,,
Tây Ninh,Đông Nam Bộ,2026-05-05,29.1,34.56,25.880000000000003,34.4,40.36,31.58,9.06,9.06,0.0,8.0,75.0,13.4,32.17999999999999,20.848,1009.3,91.0,23.9,0.0,4.790000000000001,11.0154,106.1765,10.53,12.55,5,19,63,75,1970-01-21 13:52:39.300,1970-01-21 13:53:24.480,Xuân,,,
Tây Ninh,Đông Nam Bộ,2026-05-06,29.24,34.67999999999999,25.9,34.42,40.12,31.3,3.4,3.4,0.0,7.0,75.0,13.28,30.76,20.492,1008.72,95.4,23.96,0.0,4.7780000000000005,11.0154,106.1765,10.236,12.56,5,19,61,87,1970-01-21 13:54:05.688,1970-01-21 13:54:50.892,Xuân,,,
Tây Ninh,Đông Nam Bộ,2026-05-07,30.359999999999996,35.239999999999995,26.06,35.18,40.78,31.44,0.3399999999999999,0.3399999999999999,0.0,2.6,69.0,14.8,31.08,24.369999999999997,1007.9,66.6,23.44,0.0,5.942,11.0154,106.1765,12.0,12.57,5,19,51,130,1970-01-21 13:55:32.052,1970-01-21 13:56:17.292,Xuân,,,
Tây Ninh,Đông Nam Bộ,2026-05-08,30.24,34.760000000000005,25.72,35.06,40.58,31.42,0.92,0.92,0.0,4.8,68.2,14.66,28.0,22.536,1008.58,96.2,23.119999999999997,0.0,5.459999999999999,11.0154,106.1765,11.612,12.578,5,19,51,93,1970-01-21 13:56:58.440,1970-01-21 13:57:43.704,Xuân,,,
Tây Ninh,Đông Nam Bộ,2026-05-09,30.6,35.36,25.92,35.260000000000005,40.8,31.42,0.32,0.32,0.0,1.4,65.6,16.14,28.78,24.07,1008.96,65.6,22.82,0.0,5.888,11.0154,106.1765,12.0,12.58,5,19,3,112,1970-01-21 13:58:24.840,1970-01-21 13:59:10.140,Xuân,,,
Tây Ninh,Đông Nam Bộ,2026-05-10,29.8,36.68,25.78,35.04,42.08,30.82,10.78,10.78,0.0,6.0,73.2,18.32,39.3,21.332,1008.46,77.2,23.94,0.0,5.0600000000000005,11.0154,106.1765,11.482,12.59,5,19,65,111,1970-01-21 13:59:51.192,1970-01-21 14:00:36.540,Xuân,,,
Tây Ninh,Đông Nam Bộ,2026-05-11,30.06,35.82000000000001,24.44,34.6,40.0,29.24,3.3200000000000003,3.3200000000000003,0.0,2.6,71.0,16.84,33.68,24.238,1008.92,74.6,23.52,0.0,6.0840000000000005,11.0154,106.1765,12.0,12.6,5,20,51,104,1970-01-21 14:01:17.592,1970-01-21 14:02:02.952,Xuân,,,
Tây Ninh,Đông Nam Bộ,2026-05-12,30.860000000000003,35.58,27.46,35.18,40.739999999999995,31.76,0.6,0.6,0.0,2.8,65.4,15.32,33.339999999999996,23.972,1007.88,91.2,23.22,0.0,6.16,11.0154,106.1765,12.0,12.61,5,20,51,125,1970-01-21 14:02:43.980,1970-01-21 14:03:29.352,Xuân,,,
Tây Ninh,Đông Nam Bộ,2026-05-13,30.339999999999996,34.660000000000004,26.5,35.86,41.56,32.1,2.08,2.08,0.0,10.8,71.2,12.2,22.1,23.654,1007.18,85.2,24.2,0.0,5.46,11.0154,106.1765,12.0,12.61,5,20,51,163,1970-01-21 14:04:10.380,1970-01-21 14:04:55.776,Xuân,,,
Tây Ninh,Đông Nam Bộ,2026-05-14,30.58,35.739999999999995,26.54,35.839999999999996,41.94,32.1,0.5599999999999999,0.5599999999999999,0.0,4.4,69.8,16.5,32.98,24.613999999999997,1007.0,91.0,23.94,0.0,5.856,11.0154,106.1765,12.0,12.62,5,20,51,202,1970-01-21 14:05:36.744,1970-01-21 14:06:22.200,Xuân,,,
Tây Ninh,Đông Nam Bộ,2026-05-15,30.44,35.04,27.04,36.22,42.12,32.4,3.66,3.66,0.0,8.8,72.4,14.919999999999998,34.480000000000004,23.332,1006.7,86.8,24.66,0.0,5.4399999999999995,11.0154,106.1765,11.81,12.63,5,20,63,203,1970-01-21 14:07:03.132,1970-01-21 14:07:48.600,Xuân,,,
Tây Ninh,Đông Nam Bộ,2026-05-16,29.860000000000003,34.28,26.6,35.88,41.32,31.8,3.3200000000000003,3.3200000000000003,0.0,4.4,76.0,12.9,29.1,18.472,1006.98,94.0,24.9,0.0,4.264,11.0154,106.1765,8.536,12.638,5,20,61,160,1970-01-21 14:08:29.532,1970-01-21 14:09:15.012,Xuân,,,
Tây Ninh,Đông Nam Bộ,2026-05-17,28.5,34.519999999999996,25.4,34.86,42.52,30.68,16.080000000000002,16.080000000000002,0.0,12.6,84.2,17.52,36.58,21.282,1006.9,91.6,25.28,0.0,4.54,11.0154,106.1765,10.17,12.64,5,20,63,112,1970-01-21 14:09:55.920,1970-01-21 14:10:41.412,Xuân,,,
Tây Ninh,Đông Nam Bộ,2026-05-18,28.9,34.64,25.78,34.82,40.84,31.72,8.58,8.58,0.0,8.6,82.2,17.3,35.86,22.162,1006.56,87.2,25.28,0.0,4.91,11.0154,106.1765,10.324,12.65,5,21,63,168,1970-01-21 14:11:22.320,1970-01-21 14:12:07.848,Xuân,,,
Tây Ninh,Đông Nam Bộ,2026-05-19,28.72,32.8,26.46,34.0,37.16,31.94,4.9799999999999995,4.9799999999999995,0.0,9.8,81.6,18.619999999999997,36.739999999999995,18.236,1006.34,97.0,25.04,0.0,4.148000000000001,11.0154,106.1765,9.688,12.658,5,21,61,176,1970-01-21 14:12:48.708,1970-01-21 14:13:34.260,Xuân,,,
Tây Ninh,Đông Nam Bộ,2026-05-20,29.0,33.68,26.32,34.36,39.02,31.72,4.659999999999999,4.659999999999999,0.0,9.2,80.2,16.44,31.9,20.764,1006.46,92.8,24.9,0.0,4.74,11.0154,106.1765,11.03,12.66,5,21,63,170,1970-01-21 14:14:15.072,1970-01-21 14:15:00.672,Xuân,,,
Tây Ninh,Đông Nam Bộ,2026-05-21,27.72,30.8,25.36,33.1,35.44,30.18,27.639999999999997,27.639999999999997,0.0,9.0,85.2,17.76,35.7,14.576,1009.14,85.2,24.8,0.0,3.084,11.0154,106.1765,8.565999999999999,12.67,5,21,65,192,1970-01-21 14:15:41.472,1970-01-21 14:16:27.072,Xuân,,,
Tây Ninh,Đông Nam Bộ,2026-05-22,29.6,34.62,26.06,35.36,41.28,32.12,0.9600000000000002,0.9600000000000002,0.0,4.8,76.8,12.96,26.880000000000003,24.192,1010.18,64.0,24.660000000000004,0.0,5.428,11.0154,106.1765,12.0,12.67,5,21,51,174,1970-01-21 14:17:07.872,1970-01-21 14:17:53.508,Xuân,,,
Tây Ninh,Đông Nam Bộ,2026-05-23,29.7,34.839999999999996,25.94,35.7,41.64,32.04,1.44,1.44,0.0,5.8,76.6,12.12,23.1,24.456,1010.44,60.0,24.76,0.0,5.428,11.0154,106.1765,12.002,12.68,5,21,53,195,1970-01-21 14:18:34.272,1970-01-21 14:19:19.920,Xuân,,,
Tây Ninh,Đông Nam Bộ,2026-05-24,29.76,35.08,26.42,35.739999999999995,41.54,31.98,2.22,2.22,0.0,3.6,76.6,10.92,28.82,21.942,1010.54,84.8,24.76,0.0,4.952,11.0154,106.1765,11.848,12.682,5,21,61,177,1970-01-21 14:20:00.660,1970-01-21 14:20:46.332,Xuân,,,
Tây Ninh,Đông Nam Bộ,2026-05-25,30.0,34.64,26.26,36.019999999999996,41.8,32.4,1.2,1.2,0.0,6.6,76.0,12.32,24.42,23.613999999999997,1009.76,47.4,25.08,0.0,5.384,11.0154,106.1765,12.0,12.69,5,22,51,215,1970-01-21 14:21:27.060,1970-01-21 14:22:12.732,Xuân,,,
Tây Ninh,Đông Nam Bộ,2026-05-26,30.08,34.58,26.860000000000003,35.519999999999996,40.62,32.239999999999995,1.7600000000000002,1.7600000000000002,0.0,4.6,73.6,16.56,30.5,21.436,1008.86,64.4,24.48,0.0,5.037999999999999,11.0154,106.1765,12.0,12.698,5,22,51,255,1970-01-21 14:22:53.460,1970-01-21 14:23:39.168,Xuân,,,
Tây Ninh,Đông Nam Bộ,2026-05-27,29.9,33.339999999999996,26.94,35.58,38.92,33.3,0.54,0.54,0.0,3.2,75.0,13.44,28.880000000000003,19.704,1009.02,92.2,24.74,0.0,4.578,11.0154,106.1765,10.626,12.7,5,22,51,235,1970-01-21 14:24:19.860,1970-01-21 14:25:05.580,Xuân,,,
Tây Ninh,Đông Nam Bộ,2026-05-28,29.880000000000003,33.98,27.08,35.5,40.54,31.839999999999996,0.58,0.58,0.0,1.2,73.8,12.82,23.54,17.259999999999998,1009.1,95.2,24.42,0.0,4.04,11.0154,106.1765,7.609999999999999,12.708000000000002,5,22,3,205,1970-01-21 14:25:46.260,1970-01-21 14:26:31.992,Xuân,,,
Tây Ninh,Đông Nam Bộ,2026-05-29,26.52,28.24,24.94,32.019999999999996,34.06,29.76,12.76,12.76,0.0,10.8,88.8,14.16,29.54,8.058,1009.58,98.6,24.46,0.0,1.778,11.0154,106.1765,0.988,12.71,5,22,63,227,1970-01-21 14:27:12.660,1970-01-21 14:27:58.392,Xuân,,,
Tây Ninh,Đông Nam Bộ,2026-05-30,27.139999999999997,31.119999999999997,24.72,32.120000000000005,35.779999999999994,29.08,7.38,7.38,0.0,5.8,81.4,11.64,25.22,11.444,1009.28,98.2,23.48,0.0,2.7,11.0154,106.1765,3.152,12.718,5,22,63,275,1970-01-21 14:28:39.060,1970-01-21 14:29:24.840,Xuân,,,
Tây Ninh,Đông Nam Bộ,2026-05-31,26.839999999999996,30.04,24.22,31.82,34.519999999999996,29.119999999999997,4.84,4.84,0.0,10.6,84.4,12.28,25.22,11.332,1009.22,98.6,23.84,0.0,2.5759999999999996,11.0154,106.1765,3.508,12.72,5,22,55,304,1970-01-21 14:30:05.460,1970-01-21 14:30:51.252,Xuân,,,
Tây Ninh,Đông Nam Bộ,2026-06-01,27.68,30.82,24.72,32.839999999999996,36.0,29.58,3.12,3.12,0.0,3.2,80.0,9.56,19.16,13.086000000000002,1009.2,96.8,23.68,0.0,2.944,11.0154,106.1765,4.752,12.722,6,23,55,254,1970-01-21 14:31:31.860,1970-01-21 14:32:17.652,Hè,,,
Tây Ninh,Đông Nam Bộ,2026-06-02,27.46,31.8,25.02,33.46,38.94,30.8,7.06,7.06,0.0,15.2,86.4,12.68,27.44,17.104,1008.04,90.2,24.82,0.0,3.636,11.0154,106.1765,7.965999999999999,12.73,6,23,61,236,1970-01-21 14:32:58.260,1970-01-21 14:33:44.088,Hè,,,
Tây Ninh,Đông Nam Bộ,2026-06-03,26.839999999999996,30.160000000000004,24.6,31.8,34.4,29.2,8.120000000000001,8.120000000000001,0.0,17.4,89.2,19.28,37.3,15.306,1007.5,89.2,24.74,0.0,3.164,11.0154,106.1765,9.088,12.73,6,23,61,223,1970-01-21 14:34:24.660,1970-01-21 14:35:10.500,Hè,,,
Tây Ninh,Đông Nam Bộ,2026-06-04,28.119999999999997,31.96,25.2,32.92,37.18,29.9,2.4,2.4,0.0,9.8,82.8,18.6,39.52,17.386000000000003,1007.54,93.2,24.8,0.0,3.964,11.0154,106.1765,9.966,12.738,6,23,53,207,1970-01-21 14:35:51.072,1970-01-21 14:36:36.912,Hè,,,
Tây Ninh,Đông Nam Bộ,2026-06-05,28.839999999999996,33.32000000000001,25.060000000000002,33.519999999999996,38.12,30.1,7.92,7.92,0.0,10.6,78.0,18.82,38.24,21.184,1008.8399999999999,86.4,24.28,0.0,4.938000000000001,11.0154,106.1765,11.282,12.74,6,23,63,214,1970-01-21 14:37:17.472,1970-01-21 14:38:03.312,Hè,,,
Tây Ninh,Đông Nam Bộ,2026-06-06,29.04,33.3,26.439999999999998,34.48,38.24,31.82,3.62,3.62,0.0,9.2,79.8,19.82,40.4,21.818,1010.0200000000001,91.8,25.02,0.0,4.787999999999999,11.0154,106.1765,11.78,12.742,6,23,55,212,1970-01-21 14:38:43.872,1970-01-21 14:39:29.760,Hè,,,
Tây Ninh,Đông Nam Bộ,2026-06-07,29.22,34.32,25.939999999999998,34.56,39.760000000000005,31.060000000000002,2.1,2.1,0.0,4.6,78.2,21.28,43.260000000000005,23.857999999999997,1010.4,96.2,24.64,0.0,5.3759999999999994,11.0154,106.1765,11.459999999999999,12.748000000000001,6,23,61,228,1970-01-21 14:40:10.272,1970-01-21 14:40:56.172,Hè,,,
Tây Ninh,Đông Nam Bộ,2026-06-08,28.7,33.38,26.22,34.379999999999995,38.86,31.54,5.46,5.46,0.0,11.0,83.0,20.259999999999998,40.9,21.494,1009.28,90.2,25.36,0.0,4.609999999999999,11.0154,106.1765,11.45,12.75,6,24,61,233,1970-01-21 14:41:36.672,1970-01-21 14:42:22.572,Hè,,,
Tây Ninh,Đông Nam Bộ,2026-06-09,28.139999999999997,33.28,25.46,33.68,38.78,30.439999999999998,11.98,11.98,0.0,16.4,85.2,16.04,33.32,20.106,1009.1200000000001,96.6,25.28,0.0,4.262,11.0154,106.1765,11.212,12.751999999999999,6,24,63,243,1970-01-21 14:43:03.072,1970-01-21 14:43:48.996,Hè,,,
Tây Ninh,Đông Nam Bộ,2026-06-10,28.060000000000002,31.580000000000002,25.74,33.94,36.980000000000004,31.7,7.58,7.58,0.0,10.0,86.6,17.740000000000002,43.14,17.125999999999998,1010.0600000000001,99.6,25.44,0.0,3.564,11.0154,106.1765,9.02,12.758,6,24,63,218,1970-01-21 14:44:29.484,1970-01-21 14:45:15.420,Hè,,,
Tây Ninh,Đông Nam Bộ,2026-06-11,28.3,34.480000000000004,24.119999999999997,34.38,41.96,28.76,14.819999999999999,14.819999999999999,0.0,11.0,82.8,14.98,33.28,22.128,1012.1200000000001,92.2,24.74,0.0,4.746,11.0154,106.1765,10.608,12.758,6,24,63,151,1970-01-21 14:45:55.908,1970-01-21 14:46:41.832,Hè,,,
Tây Ninh,Đông Nam Bộ,2026-06-12,28.04,32.62,25.18,34.660000000000004,40.6,31.52,5.180000000000001,5.180000000000001,0.0,12.2,86.2,10.379999999999999,20.880000000000003,21.09,1012.96,83.6,25.28,0.0,4.444,11.0154,106.1765,10.112,12.76,6,24,61,17,1970-01-21 14:47:22.308,1970-01-21 14:48:08.232,Hè,,,
Tây Ninh,Đông Nam Bộ,2026-06-13,28.54,33.68,25.419999999999998,34.839999999999996,41.12,30.9,7.340000000000001,7.340000000000001,0.0,11.6,82.8,12.18,25.28,23.94,1011.0799999999999,59.2,24.98,0.0,5.096,11.0154,106.1765,11.646,12.76,6,24,61,266,1970-01-21 14:48:48.720,1970-01-21 14:49:34.656,Hè,,,
Tây Ninh,Đông Nam Bộ,2026-06-14,27.54,32.6,24.94,33.739999999999995,41.14,30.74,6.4,6.4,0.0,9.0,87.0,16.34,35.839999999999996,22.419999999999998,1009.9399999999999,76.4,25.04,0.0,4.51,11.0154,106.1765,11.419999999999998,12.762,6,24,61,194,1970-01-21 14:50:15.132,1970-01-21 14:51:01.080,Hè,,,
Tây Ninh,Đông Nam Bộ,2026-06-15,28.060000000000002,33.1,24.68,33.92,40.160000000000004,30.080000000000002,4.82,4.82,0.0,5.8,82.8,15.560000000000002,30.02,23.862000000000002,1009.86,69.4,24.580000000000002,0.0,5.01,11.0154,106.1765,11.790000000000001,12.762,6,25,63,238,1970-01-21 14:51:41.532,1970-01-21 14:52:27.492,Hè,,,
Tây Ninh,Đông Nam Bộ,2026-06-16,28.839999999999996,33.58,25.26,34.519999999999996,40.239999999999995,30.72,1.6,1.6,0.0,4.0,78.8,13.48,25.919999999999998,22.57,1010.1,68.6,24.5,0.0,5.024,11.0154,106.1765,10.672,12.767999999999999,6,25,51,236,1970-01-21 14:53:07.932,1970-01-21 14:53:53.892,Hè,,,
Tây Ninh,Đông Nam Bộ,2026-06-17,28.54,33.480000000000004,25.7,34.839999999999996,40.42,31.880000000000003,6.5200000000000005,6.5200000000000005,0.0,12.4,82.0,10.78,22.04,22.396,1010.5,77.6,24.96,0.0,4.772,11.0154,106.1765,11.598,12.767999999999999,6,25,55,246,1970-01-21 14:54:34.368,1970-01-21 14:55:20.316,Hè,,,
Tây Ninh,Đông Nam Bộ,2026-06-18,28.26,33.3,24.82,34.12,39.56,30.78,13.919999999999998,13.919999999999998,0.0,8.2,81.4,11.92,24.259999999999998,23.194,1010.3399999999999,95.0,24.419999999999998,0.0,5.01,11.0154,106.1765,12.0,12.767999999999999,6,25,63,203,1970-01-21 14:56:00.780,1970-01-21 14:56:46.740,Hè,,,
Tây Ninh,Đông Nam Bộ,2026-06-19,28.119999999999997,33.56,24.880000000000003,34.06,40.44,30.32,3.0200000000000005,3.0200000000000005,0.0,7.4,82.8,16.72,29.52,21.944,1009.9,91.6,24.5,0.0,4.694,11.0154,106.1765,11.744,12.767999999999999,6,25,61,149,1970-01-21 14:57:27.192,1970-01-21 14:58:13.152,Hè,,,
Tây Ninh,Đông Nam Bộ,2026-06-20,28.24,33.96,25.119999999999997,34.72,41.540000000000006,30.5,5.58,5.58,0.0,8.4,84.8,16.3,39.9,22.16,1010.22,68.2,25.119999999999997,0.0,4.708,11.0154,106.1765,10.644,12.77,6,25,63,167,1970-01-21 14:58:53.592,1970-01-21 14:59:39.552,Hè,,,
Tây Ninh,Đông Nam Bộ,2026-06-21,29.22,33.839999999999996,25.380000000000003,35.32,40.36,31.880000000000003,1.6200000000000003,1.6200000000000003,0.0,7.4,78.6,9.24,20.96,24.412,1010.3,69.8,24.7,0.0,5.314,11.0154,106.1765,12.0,12.77,6,25,51,200,1970-01-21 15:00:19.992,1970-01-21 15:01:05.964,Hè,,,
Tây Ninh,Đông Nam Bộ,2026-06-22,29.72,34.3,25.860000000000003,35.660000000000004,40.38,31.919999999999998,0.32,0.32,0.0,2.8,75.6,10.459999999999999,22.240000000000002,24.326,1008.9,66.4,24.580000000000002,0.0,5.398,11.0154,106.1765,11.864,12.77,6,26,51,268,1970-01-21 15:01:46.428,1970-01-21 15:02:32.400,Hè,,,
Tây Ninh,Đông Nam Bộ,2026-06-23,28.6,32.760000000000005,26.080000000000002,34.519999999999996,38.24,31.32,6.8,6.8,0.0,7.6,82.4,13.48,32.339999999999996,17.276,1008.0,90.6,25.16,0.0,3.7439999999999998,11.0154,106.1765,9.34,12.77,6,26,63,229,1970-01-21 15:03:12.840,1970-01-21 15:03:58.800,Hè,,,
Tây Ninh,Đông Nam Bộ,2026-06-24,29.6,34.9,26.28,35.480000000000004,41.1,32.08,1.08,1.08,0.0,2.4,76.4,16.919999999999998,37.8,24.264,1007.4399999999999,67.8,24.5,0.0,5.396,11.0154,106.1765,12.0,12.767999999999999,6,26,51,248,1970-01-21 15:04:39.252,1970-01-21 15:05:25.212,Hè,,,
Tây Ninh,Đông Nam Bộ,2026-06-25,28.68,33.42,25.880000000000003,33.92,39.660000000000004,31.52,7.8,7.8,0.0,5.4,81.8,21.9,48.38,21.576,1008.36,72.0,25.02,0.0,4.714,11.0154,106.1765,11.558,12.767999999999999,6,26,63,227,1970-01-21 15:06:05.652,1970-01-21 15:06:51.612,Hè,,,
Tây Ninh,Đông Nam Bộ,2026-06-26,28.52,33.2,25.119999999999997,33.86,38.92,30.880000000000003,1.8800000000000001,1.8800000000000001,0.0,7.8,81.8,16.080000000000002,33.14,22.919999999999998,1008.74,45.4,24.76,0.0,5.014,11.0154,106.1765,12.0,12.767999999999999,6,26,51,224,1970-01-21 15:07:32.088,1970-01-21 15:08:18.048,Hè,,,
Tây Ninh,Đông Nam Bộ,2026-06-27,28.78,33.6,25.36,34.3,39.9,31.119999999999997,1.44,1.44,0.0,5.8,80.8,18.62,35.56,22.812,1008.22,72.0,24.82,0.0,5.09,11.0154,106.1765,11.556000000000001,12.762,6,26,51,233,1970-01-21 15:08:58.500,1970-01-21 15:09:44.460,Hè,,,
Tây Ninh,Đông Nam Bộ,2026-06-28,27.28,31.919999999999998,25.660000000000004,33.480000000000004,38.760000000000005,30.860000000000003,19.34,19.34,0.0,11.6,89.8,16.2,37.879999999999995,18.25,1007.86,88.8,25.36,0.0,3.614,11.0154,106.1765,9.42,12.762,6,26,63,203,1970-01-21 15:10:24.912,1970-01-21 15:11:10.860,Hè,,,
Tây Ninh,Đông Nam Bộ,2026-06-29,28.080000000000002,32.96,26.0,33.82000000000001,39.160000000000004,31.28,15.219999999999999,15.219999999999999,0.0,14.8,86.2,17.080000000000002,36.8,19.73,1007.4799999999999,89.6,25.36,0.0,4.134,11.0154,106.1765,10.059999999999999,12.76,6,27,63,234,1970-01-21 15:11:51.312,1970-01-21 15:12:37.272,Hè,,,
Tây Ninh,Đông Nam Bộ,2026-06-30,27.8,32.34,25.34,33.7,38.04,30.74,12.620000000000001,12.620000000000001,0.0,16.4,86.8,16.16,31.82,19.174,1007.8199999999999,99.0,25.2,0.0,4.008,11.0154,106.1765,9.687999999999999,12.76,6,27,63,232,1970-01-21 15:13:17.748,1970-01-21 15:14:03.672,Hè,,,
Tây Ninh,Đông Nam Bộ,2026-07-01,28.660000000000004,32.68,25.78,33.5,38.519999999999996,30.26,4.720000000000001,4.720000000000001,0.0,6.6,79.2,17.419999999999998,40.82,22.474,1007.1,88.6,24.44,0.0,5.068,11.0154,106.1765,11.77,12.76,7,27,63,240,1970-01-21 15:14:44.160,1970-01-21 15:15:30.072,Hè,,,
Tây Ninh,Đông Nam Bộ,2026-07-02,26.98,31.52,24.759999999999998,31.919999999999998,36.78,29.32,16.52,16.52,0.0,19.2,88.6,16.22,37.44,13.288,1007.68,97.6,24.82,0.0,2.888,11.0154,106.1765,5.248,12.758,7,27,63,234,1970-01-21 15:16:10.572,1970-01-21 15:16:56.472,Hè,,,
Tây Ninh,Đông Nam Bộ,2026-07-03,27.0,29.54,25.139999999999997,31.660000000000004,33.7,29.78,2.5599999999999996,2.5599999999999996,0.0,10.0,86.6,17.88,34.92,8.988,1008.8,100.0,24.54,0.0,2.27,11.0154,106.1765,0.4779999999999999,12.751999999999999,7,27,53,220,1970-01-21 15:17:36.972,1970-01-21 15:18:22.884,Hè,,,
Tây Ninh,Đông Nam Bộ,2026-07-04,25.98,28.76,24.740000000000002,30.860000000000003,33.54,29.2,23.8,23.8,0.0,17.0,91.6,17.240000000000002,35.86,10.606,1010.4399999999999,100.0,24.5,0.0,2.1759999999999997,11.0154,106.1765,3.0300000000000002,12.75,7,27,63,216,1970-01-21 15:19:03.408,1970-01-21 15:19:49.308,Hè,,,
Tây Ninh,Đông Nam Bộ,2026-07-05,27.02,30.5,24.5,32.54,35.32,30.2,1.9,1.9,0.0,5.8,87.0,12.8,26.98,16.044,1010.8799999999999,97.0,24.48,0.0,3.378,11.0154,106.1765,8.722,12.75,7,27,53,212,1970-01-21 15:20:29.820,1970-01-21 15:21:15.708,Hè,,,
Tây Ninh,Đông Nam Bộ,2026-07-06,28.1,31.6,25.32,33.32,35.8,31.1,0.2,0.2,0.0,1.8,81.6,14.02,28.72,14.318000000000001,1010.14,98.4,24.4,0.0,3.3600000000000003,11.0154,106.1765,6.586,12.742,7,28,51,222,1970-01-21 15:21:56.232,1970-01-21 15:22:42.120,Hè,,,
Tây Ninh,Đông Nam Bộ,2026-07-07,27.4,30.18,25.839999999999996,33.08,35.28,31.1,6.8,6.8,0.0,11.2,87.0,16.94,34.480000000000004,11.804,1010.3,98.0,24.96,0.0,2.604,11.0154,106.1765,4.184,12.74,7,28,61,231,1970-01-21 15:23:22.632,1970-01-21 15:24:08.520,Hè,,,
Tây Ninh,Đông Nam Bộ,2026-07-08,27.72,32.06,24.46,32.8,38.019999999999996,29.48,8.08,8.08,0.0,8.8,84.0,18.8,47.519999999999996,19.98,1009.5,81.0,24.580000000000002,0.0,4.358,11.0154,106.1765,10.725999999999999,12.74,7,28,63,220,1970-01-21 15:24:49.068,1970-01-21 15:25:34.920,Hè,,,
Tây Ninh,Đông Nam Bộ,2026-07-09,29.2,32.68,26.119999999999997,33.480000000000004,37.220000000000006,30.76,1.1800000000000002,1.1800000000000002,0.0,5.0,74.8,20.6,42.4,22.746000000000002,1008.9200000000001,94.4,24.06,0.0,5.3660000000000005,11.0154,106.1765,11.49,12.732000000000001,7,28,51,242,1970-01-21 15:26:15.480,1970-01-21 15:27:01.320,Hè,,,
Tây Ninh,Đông Nam Bộ,2026-07-10,29.639999999999997,33.58,26.5,33.739999999999995,38.3,30.619999999999997,0.7,0.7,0.0,2.6,72.0,20.18,46.28,23.356,1008.3799999999999,98.0,23.919999999999998,0.0,5.782,11.0154,106.1765,11.565999999999999,12.73,7,28,51,247,1970-01-21 15:27:41.892,1970-01-21 15:28:27.720,Hè,,,
Tây Ninh,Đông Nam Bộ,2026-07-11,29.6,33.239999999999995,26.76,33.239999999999995,37.96,30.660000000000004,0.72,0.72,0.0,3.4,71.2,22.32,49.67999999999999,22.542,1006.46,60.0,23.68,0.0,5.768,11.0154,106.1765,12.0,12.728,7,28,51,246,1970-01-21 15:29:08.292,1970-01-21 15:29:54.120,Hè,,,
Tây Ninh,Đông Nam Bộ,2026-07-12,27.839999999999996,30.6,26.0,31.619999999999997,33.839999999999996,29.660000000000004,4.08,4.08,0.0,12.0,80.8,23.380000000000003,49.239999999999995,12.406,1006.6,89.8,24.18,0.0,3.344,11.0154,106.1765,6.022,12.72,7,28,53,238,1970-01-21 15:30:34.728,1970-01-21 15:31:20.520,Hè,,,
Tây Ninh,Đông Nam Bộ,2026-07-13,27.28,31.2,25.02,31.4,34.46,29.52,3.3200000000000003,3.3200000000000003,0.0,6.4,82.2,23.64,50.7,15.254,1007.8399999999999,96.2,23.8,0.0,3.56,11.0154,106.1765,6.436,12.72,7,29,53,230,1970-01-21 15:32:01.140,1970-01-21 15:32:46.920,Hè,,,
Tây Ninh,Đông Nam Bộ,2026-07-14,27.68,31.8,25.0,32.08,36.64,29.52,3.04,3.04,0.0,8.4,82.0,22.34,46.94,22.282,1009.22,83.0,24.080000000000002,0.0,4.776,11.0154,106.1765,10.386,12.71,7,29,53,237,1970-01-21 15:33:27.552,1970-01-21 15:34:13.320,Hè,,,
Tây Ninh,Đông Nam Bộ,2026-07-15,27.24,31.839999999999996,25.0,32.38,37.6,29.7,14.38,14.38,0.0,12.2,86.2,19.24,40.68,19.644,1011.1,95.8,24.6,0.0,4.016,11.0154,106.1765,10.102,12.71,7,29,63,225,1970-01-21 15:34:53.964,1970-01-21 15:35:39.720,Hè,,,
Tây Ninh,Đông Nam Bộ,2026-07-16,27.380000000000003,32.58,23.9,32.38,38.519999999999996,28.4,6.959999999999999,6.959999999999999,0.0,10.4,82.8,17.52,37.8,21.792,1011.5799999999999,88.0,23.86,0.0,4.6899999999999995,11.0154,106.1765,10.484,12.7,7,29,61,248,1970-01-21 15:36:20.400,1970-01-21 15:37:06.120,Hè,,,
Tây Ninh,Đông Nam Bộ,2026-07-17,28.24,32.74,25.0,33.160000000000004,37.160000000000004,30.580000000000002,2.44,2.44,0.0,10.6,79.2,18.3,35.519999999999996,20.158,1010.3,85.4,23.98,0.0,4.628,11.0154,106.1765,10.112,12.7,7,29,51,246,1970-01-21 15:37:46.800,1970-01-21 15:38:32.520,Hè,,,
Tây Ninh,Đông Nam Bộ,2026-07-18,28.3,32.88,25.74,33.6,37.980000000000004,30.82,2.88,2.88,0.0,8.2,81.0,17.36,36.660000000000004,22.48,1009.4399999999999,68.2,24.48,0.0,4.826,11.0154,106.1765,11.123999999999999,12.69,7,29,53,234,1970-01-21 15:39:13.212,1970-01-21 15:39:58.920,Hè,,,
Tây Ninh,Đông Nam Bộ,2026-07-19,28.919999999999998,32.980000000000004,25.34,33.92,38.86,30.560000000000002,0.5,0.5,0.0,3.8,77.6,13.959999999999999,29.22,24.163999999999998,1009.4,37.8,24.240000000000002,0.0,5.4,11.0154,106.1765,12.0,12.69,7,29,51,236,1970-01-21 15:40:39.612,1970-01-21 15:41:25.308,Hè,,,
Tây Ninh,Đông Nam Bộ,2026-07-20,29.240000000000002,33.72,25.259999999999998,33.78,38.4,30.660000000000004,0.02,0.02,0.0,0.2,72.6,14.180000000000001,29.52,25.964,1009.4399999999999,18.2,23.3,0.0,5.984,11.0154,106.1765,12.0,12.68,7,30,3,236,1970-01-21 15:42:06.048,1970-01-21 15:42:51.708,Hè,,,
