province,region,date,temperature_2m_mean,temperature_2m_max,temperature_2m_min,apparent_temperature_mean,apparent_temperature_max,apparent_temperature_min,precipitation_sum,rain_sum,showers_sum,precipitation_hours,relative_humidity_2m_mean,wind_speed_10m_max,wind_gusts_10m_max,shortwave_radiation_sum,pressure_msl_mean,cloud_cover_mean,dew_point_2m_mean,snowfall_sum,et0_fao_evapotranspiration,latitude,longitude,sunshine_hours,daylight_hours,month,week,weather_code,wind_direction_10m_dominant,sunrise,sunset,season,uv_index_max,uv_index_clear_sky_max,precipitation_probability_max
Vĩnh Long,Đồng bằng sông Cửu Long,2025-07-21,27.439999999999998,31.639999999999997,24.759999999999998,31.439999999999998,35.62,28.619999999999997,3.6,3.6,0.0,10.8,82.6,27.919999999999998,62.8,18.646,1006.4,100.0,24.080000000000002,0.0,4.128,10.1436,106.2249,8.22,12.63,7,30,53,247,1970-01-21 06:57:56.520,1970-01-21 06:58:42.000,Hè,,,
Vĩnh Long,Đồng bằng sông Cửu Long,2025-07-22,28.360000000000003,32.14,25.7,32.3,35.54,30.18,0.52,0.52,0.0,2.6,77.8,26.660000000000004,56.379999999999995,22.734,1005.6,98.8,23.88,0.0,5.16,10.1436,106.2249,11.834,12.622,7,30,51,240,1970-01-21 06:59:22.944,1970-01-21 07:00:08.400,Hè,,,
Vĩnh Long,Đồng bằng sông Cửu Long,2025-07-23,28.52,31.939999999999998,25.68,32.92,36.839999999999996,30.24,0.72,0.72,0.0,2.8,77.6,20.72,49.519999999999996,21.952,1005.1600000000001,92.8,24.119999999999997,0.0,4.914,10.1436,106.2249,11.898,12.62,7,30,51,242,1970-01-21 07:00:49.344,1970-01-21 07:01:34.776,Hè,,,
Vĩnh Long,Đồng bằng sông Cửu Long,2025-07-24,28.5,32.28,25.56,33.12,37.040000000000006,30.619999999999997,0.42000000000000004,0.42000000000000004,0.0,1.6,78.8,20.380000000000003,41.82,21.302,1006.22,95.8,24.22,0.0,4.798,10.1436,106.2249,11.424,12.61,7,30,51,251,1970-01-21 07:02:15.768,1970-01-21 07:03:01.164,Hè,,,
Vĩnh Long,Đồng bằng sông Cửu Long,2025-07-25,28.6,32.06,25.580000000000002,33.120000000000005,37.44,30.02,2.5599999999999996,2.5599999999999996,0.0,3.6,78.4,20.080000000000002,43.839999999999996,23.204,1006.4799999999999,84.4,24.279999999999998,0.0,5.1899999999999995,10.1436,106.2249,12.0,12.61,7,30,51,261,1970-01-21 07:03:42.180,1970-01-21 07:04:27.564,Hè,,,
Vĩnh Long,Đồng bằng sông Cửu Long,2025-07-26,28.560000000000002,31.5,26.48,33.22,36.86,31.02,4.54,4.54,0.0,5.0,79.6,20.580000000000002,47.8,19.092000000000002,1007.1,95.0,24.619999999999997,0.0,4.366,10.1436,106.2249,9.95,12.6,7,30,63,253,1970-01-21 07:05:08.580,1970-01-21 07:05:53.952,Hè,,,
Vĩnh Long,Đồng bằng sông Cửu Long,2025-07-27,26.98,30.22,25.22,31.619999999999997,35.160000000000004,29.880000000000003,10.0,10.0,0.0,9.2,87.0,20.34,46.160000000000004,15.357999999999999,1007.5,99.6,24.6,0.0,3.2,10.1436,106.2249,7.336,12.6,7,30,63,236,1970-01-21 07:06:35.004,1970-01-21 07:07:20.340,Hè,,,
Vĩnh Long,Đồng bằng sông Cửu Long,2025-07-28,26.52,28.619999999999997,24.919999999999998,31.4,34.14,28.919999999999998,7.220000000000001,7.220000000000001,0.0,11.2,90.6,19.24,41.46,12.968,1007.1,92.6,24.8,0.0,2.554,10.1436,106.2249,6.6,12.59,7,31,63,230,1970-01-21 07:08:01.404,1970-01-21 07:08:46.740,Hè,,,
Vĩnh Long,Đồng bằng sông Cửu Long,2025-07-29,28.02,31.3,25.7,32.980000000000004,36.42,30.8,6.540000000000001,6.540000000000001,0.0,9.0,83.8,21.78,48.62,20.442,1006.8,74.2,24.919999999999998,0.0,4.288,10.1436,106.2249,11.772,12.58,7,31,61,227,1970-01-21 07:09:27.804,1970-01-21 07:10:13.104,Hè,,,
Vĩnh Long,Đồng bằng sông Cửu Long,2025-07-30,28.080000000000002,31.32,25.6,32.94,37.660000000000004,30.1,2.68,2.68,0.0,7.2,82.2,19.18,47.14,21.498,1007.8,88.6,24.68,0.0,4.514,10.1436,106.2249,11.928,12.58,7,31,61,243,1970-01-21 07:10:54.228,1970-01-21 07:11:39.504,Hè,,,
Vĩnh Long,Đồng bằng sông Cửu Long,2025-07-31,27.68,30.74,25.72,32.96,37.019999999999996,30.32,7.639999999999999,7.639999999999999,0.0,7.4,85.8,17.9,46.28,20.834,1007.8,84.4,25.060000000000002,0.0,4.162000000000001,10.1436,106.2249,11.74,12.57,7,31,63,229,1970-01-21 07:12:20.640,1970-01-21 07:13:05.880,Hè,,,
Vĩnh Long,Đồng bằng sông Cửu Long,2025-08-01,28.060000000000002,31.580000000000002,25.660000000000004,33.56,38.019999999999996,30.76,3.02,3.02,0.0,6.2,85.6,17.04,40.82,21.445999999999998,1007.04,92.4,25.28,0.0,4.368,10.1436,106.2249,12.0,12.56,8,31,61,227,1970-01-21 07:13:47.040,1970-01-21 07:14:32.280,Hè,,,
Vĩnh Long,Đồng bằng sông Cửu Long,2025-08-02,28.4,32.019999999999996,25.7,34.08,38.44,31.119999999999997,1.02,1.02,0.0,4.2,82.8,15.680000000000001,36.86,22.81,1007.9200000000001,99.6,25.06,0.0,4.752,10.1436,106.2249,12.0,12.56,8,31,53,221,1970-01-21 07:15:13.452,1970-01-21 07:15:58.644,Hè,,,
Vĩnh Long,Đồng bằng sông Cửu Long,2025-08-03,28.02,32.739999999999995,25.72,34.260000000000005,40.18,31.5,4.32,4.32,0.0,4.0,86.2,14.719999999999999,37.160000000000004,22.316,1009.28,81.6,25.4,0.0,4.558,10.1436,106.2249,11.89,12.55,8,31,63,223,1970-01-21 07:16:39.864,1970-01-21 07:17:25.032,Hè,,,
Vĩnh Long,Đồng bằng sông Cửu Long,2025-08-04,27.76,32.78,24.86,34.0,41.1,30.54,12.559999999999999,12.559999999999999,0.0,4.2,87.2,14.62,37.519999999999996,22.27,1009.1800000000001,68.0,25.28,0.0,4.548,10.1436,106.2249,11.108,12.54,8,32,65,220,1970-01-21 07:18:06.264,1970-01-21 07:18:51.420,Hè,,,
Vĩnh Long,Đồng bằng sông Cửu Long,2025-08-05,27.580000000000002,32.62,25.259999999999998,32.94,38.96,30.18,11.22,11.22,0.0,4.2,85.2,14.819999999999999,33.339999999999996,22.494,1008.8399999999999,72.6,24.66,0.0,4.63,10.1436,106.2249,11.722,12.532,8,32,63,215,1970-01-21 07:19:32.664,1970-01-21 07:20:17.784,Hè,,,
Vĩnh Long,Đồng bằng sông Cửu Long,2025-08-06,27.02,32.1,24.64,32.38,38.760000000000005,29.6,7.94,7.94,0.0,3.8,85.4,16.740000000000002,39.82,21.036,1008.9,99.6,24.16,0.0,4.311999999999999,10.1436,106.2249,10.09,12.53,8,32,63,204,1970-01-21 07:20:59.076,1970-01-21 07:21:44.172,Hè,,,
Vĩnh Long,Đồng bằng sông Cửu Long,2025-08-07,27.18,31.919999999999998,24.46,32.96,38.58,29.7,5.4,5.4,0.0,6.0,85.2,13.819999999999999,33.86,22.366,1009.4399999999999,72.4,24.279999999999998,0.0,4.532,10.1436,106.2249,11.908,12.52,8,32,63,212,1970-01-21 07:22:25.500,1970-01-21 07:23:10.560,Hè,,,
Vĩnh Long,Đồng bằng sông Cửu Long,2025-08-08,27.7,32.220000000000006,24.52,33.82,39.339999999999996,30.04,3.16,3.16,0.0,3.8,85.4,13.16,34.68,22.52,1009.9,59.6,24.8,0.0,4.578,10.1436,106.2249,11.379999999999999,12.51,8,32,53,249,1970-01-21 07:23:51.900,1970-01-21 07:24:36.924,Hè,,,
Vĩnh Long,Đồng bằng sông Cửu Long,2025-08-09,26.9,29.7,24.78,32.260000000000005,36.28,29.8,10.040000000000001,10.040000000000001,0.0,7.8,88.0,14.52,32.82000000000001,15.963999999999999,1009.9399999999999,99.8,24.68,0.0,3.184,10.1436,106.2249,7.587999999999999,12.501999999999999,8,32,63,259,1970-01-21 07:25:18.300,1970-01-21 07:26:03.300,Hè,,,
Vĩnh Long,Đồng bằng sông Cửu Long,2025-08-10,26.4,31.82,23.98,31.619999999999997,38.8,28.72,11.72,11.72,0.0,6.8,88.0,16.619999999999997,42.46,21.686,1008.5799999999999,91.8,24.080000000000002,0.0,4.286,10.1436,106.2249,10.672,12.498000000000001,8,32,63,245,1970-01-21 07:26:44.700,1970-01-21 07:27:29.700,Hè,,,
Vĩnh Long,Đồng bằng sông Cửu Long,2025-08-11,26.24,30.3,24.36,30.860000000000003,36.06,28.580000000000002,8.620000000000001,8.620000000000001,0.0,8.8,88.4,18.16,41.839999999999996,19.792,1007.9,94.0,24.1,0.0,3.8,10.1436,106.2249,9.78,12.49,8,33,63,244,1970-01-21 07:28:11.100,1970-01-21 07:28:56.064,Hè,,,
Vĩnh Long,Đồng bằng sông Cửu Long,2025-08-12,26.360000000000003,30.76,24.560000000000002,31.24,36.78,28.8,9.1,9.1,0.0,8.8,88.0,16.560000000000002,38.019999999999996,19.136000000000003,1007.9799999999999,98.2,24.1,0.0,3.758,10.1436,106.2249,9.117999999999999,12.48,8,33,63,239,1970-01-21 07:29:37.500,1970-01-21 07:30:22.440,Hè,,,
Vĩnh Long,Đồng bằng sông Cửu Long,2025-08-13,26.22,29.380000000000003,24.14,30.639999999999997,34.46,27.5,9.02,9.02,0.0,9.2,87.8,19.34,41.980000000000004,17.330000000000002,1008.72,99.4,23.94,0.0,3.368,10.1436,106.2249,9.002,12.472,8,33,63,248,1970-01-21 07:31:03.924,1970-01-21 07:31:48.816,Hè,,,
Vĩnh Long,Đồng bằng sông Cửu Long,2025-08-14,26.48,30.339999999999996,24.82,31.3,35.64,29.72,12.06,12.06,0.0,12.2,88.4,19.46,41.38,17.932,1007.6,100.0,24.32,0.0,3.4899999999999998,10.1436,106.2249,8.774000000000001,12.468,8,33,63,254,1970-01-21 07:32:30.324,1970-01-21 07:33:15.180,Hè,,,
Vĩnh Long,Đồng bằng sông Cửu Long,2025-08-15,25.78,28.360000000000003,24.080000000000002,30.22,33.06,27.82,16.44,16.44,0.0,15.4,91.0,18.22,39.739999999999995,14.225999999999999,1006.0,100.0,24.119999999999997,0.0,2.7359999999999998,10.1436,106.2249,5.798,12.458000000000002,8,33,63,243,1970-01-21 07:33:56.724,1970-01-21 07:34:41.580,Hè,,,
Vĩnh Long,Đồng bằng sông Cửu Long,2025-08-16,24.7,27.54,23.259999999999998,28.560000000000002,31.639999999999997,26.660000000000004,24.56,24.56,0.0,21.8,93.6,20.58,47.38,9.39,1006.72,99.8,23.6,0.0,1.81,10.1436,106.2249,2.6740000000000004,12.45,8,33,63,248,1970-01-21 07:35:23.124,1970-01-21 07:36:07.944,Hè,,,
Vĩnh Long,Đồng bằng sông Cửu Long,2025-08-17,25.56,29.28,24.12,30.0,34.1,28.1,12.22,12.22,0.0,9.8,91.0,21.119999999999997,51.279999999999994,13.45,1008.5799999999999,98.0,24.0,0.0,2.574,10.1436,106.2249,4.444,12.44,8,33,63,252,1970-01-21 07:36:49.524,1970-01-21 07:37:34.320,Hè,,,
Vĩnh Long,Đồng bằng sông Cửu Long,2025-08-18,26.6,31.119999999999997,23.8,31.8,37.44,28.18,3.9200000000000004,3.9200000000000004,0.0,6.0,87.0,16.82,41.56,22.112000000000002,1009.82,90.6,24.119999999999997,0.0,4.3740000000000006,10.1436,106.2249,11.614,12.431999999999999,8,34,53,231,1970-01-21 07:38:15.924,1970-01-21 07:39:00.684,Hè,,,
Vĩnh Long,Đồng bằng sông Cửu Long,2025-08-19,27.24,31.360000000000003,24.34,32.62,37.46,29.060000000000002,4.46,4.46,0.0,5.4,84.4,14.180000000000001,31.26,23.392,1010.0200000000001,40.2,24.240000000000002,0.0,4.714,10.1436,106.2249,12.0,12.422,8,34,53,231,1970-01-21 07:39:42.324,1970-01-21 07:40:27.060,Hè,,,
Vĩnh Long,Đồng bằng sông Cửu Long,2025-08-20,26.98,32.12,24.52,32.78,39.58,29.660000000000004,12.819999999999999,12.819999999999999,0.0,7.8,86.8,11.28,28.080000000000002,22.144,1009.3199999999999,76.6,24.380000000000003,0.0,4.492,10.1436,106.2249,11.49,12.418000000000001,8,34,63,224,1970-01-21 07:41:08.724,1970-01-21 07:41:53.424,Hè,,,
Vĩnh Long,Đồng bằng sông Cửu Long,2025-08-21,24.7,26.7,23.34,29.72,32.06,27.78,32.18,32.18,0.0,21.0,94.8,13.4,28.1,7.298,1010.5,98.4,23.759999999999998,0.0,1.518,10.1436,106.2249,0.73,12.408,8,34,63,180,1970-01-21 07:42:35.124,1970-01-21 07:43:19.800,Hè,,,
Vĩnh Long,Đồng bằng sông Cửu Long,2025-08-22,25.98,30.639999999999997,23.380000000000003,31.160000000000004,37.18,28.080000000000002,8.559999999999999,8.559999999999999,0.0,9.6,88.0,15.580000000000002,38.76,20.886,1010.0200000000001,73.4,23.720000000000002,0.0,4.106,10.1436,106.2249,11.276,12.398,8,34,63,216,1970-01-21 07:44:01.524,1970-01-21 07:44:46.164,Hè,,,
Vĩnh Long,Đồng bằng sông Cửu Long,2025-08-23,26.54,30.22,24.0,31.72,36.62,28.74,9.48,9.48,0.0,9.4,87.2,16.7,43.3,21.012,1009.0,84.4,24.2,0.0,4.0920000000000005,10.1436,106.2249,10.616,12.39,8,34,63,233,1970-01-21 07:45:27.924,1970-01-21 07:46:12.540,Hè,,,
Vĩnh Long,Đồng bằng sông Cửu Long,2025-08-24,26.360000000000003,29.9,24.380000000000003,30.360000000000003,34.96,27.22,11.319999999999999,11.319999999999999,0.0,8.8,86.0,21.1,51.32000000000001,18.314,1007.9200000000001,100.0,23.78,0.0,3.66,10.1436,106.2249,8.496,12.382000000000001,8,34,63,241,1970-01-21 07:46:54.324,1970-01-21 07:47:38.904,Hè,,,
Vĩnh Long,Đồng bằng sông Cửu Long,2025-08-25,25.939999999999998,28.54,24.02,30.24,33.04,27.919999999999998,16.86,16.86,0.0,14.0,89.4,22.3,51.94,15.032,1007.46,100.0,24.04,0.0,2.884,10.1436,106.2249,6.5280000000000005,12.372,8,35,63,222,1970-01-21 07:48:20.724,1970-01-21 07:49:05.280,Hè,,,
Vĩnh Long,Đồng bằng sông Cửu Long,2025-08-26,26.28,28.9,24.34,31.18,34.06,29.0,7.840000000000001,7.840000000000001,0.0,8.8,88.2,15.419999999999998,40.1,11.576,1009.1600000000001,96.2,24.14,0.0,2.4240000000000004,10.1436,106.2249,5.504,12.361999999999998,8,35,63,217,1970-01-21 07:49:47.124,1970-01-21 07:50:31.632,Hè,,,
Vĩnh Long,Đồng bằng sông Cửu Long,2025-08-27,26.68,30.560000000000002,24.54,31.76,36.46,29.3,5.839999999999999,5.839999999999999,0.0,6.0,86.6,14.86,38.08,17.881999999999998,1009.4,98.6,24.18,0.0,3.618,10.1436,106.2249,10.328,12.358,8,35,61,247,1970-01-21 07:51:13.524,1970-01-21 07:51:58.020,Hè,,,
Vĩnh Long,Đồng bằng sông Cửu Long,2025-08-28,26.72,30.560000000000002,24.48,31.360000000000003,36.260000000000005,28.939999999999998,12.02,12.02,0.0,11.4,86.4,20.52,47.379999999999995,19.842,1008.3799999999999,97.2,24.18,0.0,4.002000000000001,10.1436,106.2249,9.388,12.347999999999999,8,35,63,262,1970-01-21 07:52:39.924,1970-01-21 07:53:24.360,Hè,,,
Vĩnh Long,Đồng bằng sông Cửu Long,2025-08-29,26.560000000000002,29.74,24.94,30.82,35.38,28.54,9.34,9.34,0.0,14.2,88.4,19.56,46.14,16.758000000000003,1007.9399999999999,99.8,24.44,0.0,3.3560000000000003,10.1436,106.2249,7.4879999999999995,12.338,8,35,63,256,1970-01-21 07:54:06.324,1970-01-21 07:54:50.736,Hè,,,
Vĩnh Long,Đồng bằng sông Cửu Long,2025-08-30,26.4,29.839999999999996,25.119999999999997,30.7,34.92,28.860000000000003,8.440000000000001,8.440000000000001,0.0,7.6,88.2,18.78,44.379999999999995,17.076,1007.32,99.2,24.240000000000002,0.0,3.354,10.1436,106.2249,8.734,12.328,8,35,63,241,1970-01-21 07:55:32.724,1970-01-21 07:56:17.100,Hè,,,
Vĩnh Long,Đồng bằng sông Cửu Long,2025-08-31,26.6,30.880000000000003,24.66,31.28,38.0,28.8,16.1,16.1,0.0,10.6,88.2,21.16,45.12,19.18,1007.1,81.0,24.44,0.0,3.768,10.1436,106.2249,10.262,12.32,8,35,65,240,1970-01-21 07:56:59.112,1970-01-21 07:57:43.464,Hè,,,
Vĩnh Long,Đồng bằng sông Cửu Long,2025-09-01,26.3,30.22,24.8,31.060000000000002,36.72,29.060000000000002,16.240000000000002,16.240000000000002,0.0,12.0,90.0,17.78,38.5,16.61,1006.9799999999999,99.6,24.479999999999997,0.0,3.2399999999999998,10.1436,106.2249,7.1819999999999995,12.31,9,36,65,245,1970-01-21 07:58:25.512,1970-01-21 07:59:09.840,Thu,,,
Vĩnh Long,Đồng bằng sông Cửu Long,2025-09-02,26.0,28.9,24.48,31.1,34.14,28.96,13.679999999999998,13.679999999999998,0.0,20.4,92.6,15.080000000000002,37.38,10.698,1007.76,99.8,24.619999999999997,0.0,2.196,10.1436,106.2249,2.4299999999999997,12.302000000000001,9,36,63,241,1970-01-21 07:59:51.900,1970-01-21 08:00:36.192,Thu,,,
Vĩnh Long,Đồng bằng sông Cửu Long,2025-09-03,26.339999999999996,29.78,24.7,31.880000000000003,36.7,29.7,24.080000000000002,24.080000000000002,0.0,16.6,91.4,12.76,31.1,16.508000000000003,1007.8199999999999,89.2,24.78,0.0,3.2079999999999997,10.1436,106.2249,9.396,12.291999999999998,9,36,65,263,1970-01-21 08:01:18.300,1970-01-21 08:02:02.580,Thu,,,
Vĩnh Long,Đồng bằng sông Cửu Long,2025-09-04,26.639999999999997,30.7,24.419999999999998,31.9,37.480000000000004,29.139999999999997,8.26,8.26,0.0,8.8,89.2,14.819999999999999,33.839999999999996,19.728,1007.4,97.2,24.64,0.0,3.85,10.1436,106.2249,9.940000000000001,12.282,9,36,61,234,1970-01-21 08:02:44.700,1970-01-21 08:03:28.920,Thu,,,
Vĩnh Long,Đồng bằng sông Cửu Long,2025-09-05,26.880000000000003,31.0,24.64,32.3,38.36,29.3,7.38,7.38,0.0,8.6,89.2,16.06,35.339999999999996,20.096,1007.76,94.0,24.880000000000003,0.0,3.932,10.1436,106.2249,10.648,12.278,9,36,63,237,1970-01-21 08:04:11.100,1970-01-21 08:04:55.296,Thu,,,
Vĩnh Long,Đồng bằng sông Cửu Long,2025-09-06,27.139999999999997,31.060000000000002,24.94,32.480000000000004,37.059999999999995,30.0,4.22,4.22,0.0,6.6,87.6,16.380000000000003,35.72,18.574,1008.1,99.0,24.8,0.0,3.75,10.1436,106.2249,8.048,12.267999999999999,9,36,63,231,1970-01-21 08:05:37.500,1970-01-21 08:06:21.660,Thu,,,
Vĩnh Long,Đồng bằng sông Cửu Long,2025-09-07,25.919999999999998,29.46,24.78,31.060000000000002,35.92,29.7,25.28,25.28,0.0,13.4,92.0,16.84,39.160000000000004,12.402000000000001,1008.9799999999999,100.0,24.48,0.0,2.416,10.1436,106.2249,4.654,12.258,9,36,65,212,1970-01-21 08:07:03.900,1970-01-21 08:07:48.012,Thu,,,
Vĩnh Long,Đồng bằng sông Cửu Long,2025-09-08,25.96,29.68,24.419999999999998,31.419999999999998,35.64,29.46,19.18,19.18,0.0,11.4,92.2,14.34,32.46,13.586000000000002,1009.5600000000001,99.4,24.58,0.0,2.662,10.1436,106.2249,6.15,12.248000000000001,9,37,65,197,1970-01-21 08:08:30.300,1970-01-21 08:09:14.400,Thu,,,
Vĩnh Long,Đồng bằng sông Cửu Long,2025-09-09,26.0,30.18,24.34,31.560000000000002,36.92,29.880000000000003,9.319999999999999,9.319999999999999,0.0,8.8,91.2,15.319999999999999,37.0,15.836000000000002,1010.72,100.0,24.380000000000003,0.0,3.084,10.1436,106.2249,6.08,12.24,9,37,63,200,1970-01-21 08:09:56.700,1970-01-21 08:10:40.740,Thu,,,
Vĩnh Long,Đồng bằng sông Cửu Long,2025-09-10,26.76,31.4,24.240000000000002,33.0,39.06,29.880000000000003,12.040000000000001,12.040000000000001,0.0,11.4,88.2,9.84,23.22,21.426,1010.0799999999999,98.4,24.46,0.0,4.398000000000001,10.1436,106.2249,9.03,12.23,9,37,63,235,1970-01-21 08:11:23.100,1970-01-21 08:12:07.104,Thu,,,
Vĩnh Long,Đồng bằng sông Cửu Long,2025-09-11,26.68,32.06,24.28,32.96,40.6,29.72,12.52,12.52,0.0,12.2,89.2,10.16,27.3,21.188,1009.3,89.2,24.619999999999997,0.0,4.3,10.1436,106.2249,9.73,12.22,9,37,63,18,1970-01-21 08:12:49.488,1970-01-21 08:13:33.480,Thu,,,
Vĩnh Long,Đồng bằng sông Cửu Long,2025-09-12,25.76,30.619999999999997,23.82,31.2,37.760000000000005,28.78,14.3,14.3,0.0,9.0,91.6,15.180000000000001,34.339999999999996,16.428,1009.3799999999999,96.8,24.2,0.0,3.224,10.1436,106.2249,6.779999999999999,12.21,9,37,63,90,1970-01-21 08:14:15.876,1970-01-21 08:14:59.820,Thu,,,
Vĩnh Long,Đồng bằng sông Cửu Long,2025-09-13,25.74,29.119999999999997,24.18,31.160000000000004,34.96,29.139999999999997,19.9,19.9,0.0,15.8,91.8,14.62,33.2,15.378,1009.76,99.6,24.259999999999998,0.0,2.972,10.1436,106.2249,6.494,12.2,9,37,63,112,1970-01-21 08:15:42.264,1970-01-21 08:16:26.196,Thu,,,
Vĩnh Long,Đồng bằng sông Cửu Long,2025-09-14,25.78,29.68,23.72,31.46,36.480000000000004,28.76,13.4,13.4,0.0,11.4,91.6,15.8,35.56,16.072,1010.4200000000001,100.0,24.259999999999998,0.0,3.1740000000000004,10.1436,106.2249,6.6,12.19,9,37,63,225,1970-01-21 08:17:08.664,1970-01-21 08:17:52.560,Thu,,,
Vĩnh Long,Đồng bằng sông Cửu Long,2025-09-15,26.5,31.4,23.9,32.46,39.019999999999996,29.48,11.68,11.68,0.0,6.6,88.8,16.34,37.160000000000004,21.728,1010.36,87.6,24.32,0.0,4.336,10.1436,106.2249,9.687999999999999,12.18,9,38,65,221,1970-01-21 08:18:35.052,1970-01-21 08:19:18.912,Thu,,,
Vĩnh Long,Đồng bằng sông Cửu Long,2025-09-16,26.48,30.339999999999996,24.279999999999998,31.98,35.56,29.639999999999997,11.64,11.64,0.0,11.0,89.0,14.7,39.82,16.137999999999998,1009.6,94.8,24.46,0.0,3.254,10.1436,106.2249,7.824000000000001,12.17,9,38,63,264,1970-01-21 08:20:01.440,1970-01-21 08:20:45.288,Thu,,,
Vĩnh Long,Đồng bằng sông Cửu Long,2025-09-17,26.26,30.9,24.56,31.619999999999997,37.86,29.26,16.02,16.02,0.0,10.0,90.2,16.6,42.92,18.468,1008.4,91.4,24.44,0.0,3.566,10.1436,106.2249,8.553999999999998,12.162,9,38,65,254,1970-01-21 08:21:27.840,1970-01-21 08:22:11.640,Thu,,,
Vĩnh Long,Đồng bằng sông Cửu Long,2025-09-18,26.24,30.360000000000003,24.419999999999998,31.32,37.0,29.24,23.8,23.8,0.0,13.2,90.6,15.38,33.56,18.144,1008.0,96.0,24.46,0.0,3.55,10.1436,106.2249,8.192,12.152000000000001,9,38,65,246,1970-01-21 08:22:54.240,1970-01-21 08:23:37.992,Thu,,,
Vĩnh Long,Đồng bằng sông Cửu Long,2025-09-19,26.72,29.619999999999997,24.8,30.68,33.6,28.78,1.04,1.04,0.0,4.2,83.2,20.16,44.5,17.362000000000002,1009.46,92.2,23.48,0.0,3.6420000000000003,10.1436,106.2249,9.49,12.148,9,38,53,249,1970-01-21 08:24:20.640,1970-01-21 08:25:04.380,Thu,,,
Vĩnh Long,Đồng bằng sông Cửu Long,2025-09-20,27.619999999999997,31.68,24.619999999999997,32.58,36.94,29.52,1.7600000000000002,1.7600000000000002,0.0,3.8,80.8,15.5,37.46,21.892,1009.0,80.2,23.86,0.0,4.632,10.1436,106.2249,11.588,12.14,9,38,61,249,1970-01-21 08:25:47.040,1970-01-21 08:26:30.720,Thu,,,
Vĩnh Long,Đồng bằng sông Cửu Long,2025-09-21,27.3,30.919999999999998,24.759999999999998,32.480000000000004,36.56,29.4,10.459999999999999,10.459999999999999,0.0,8.2,84.4,16.880000000000003,41.04,18.392000000000003,1008.22,91.6,24.360000000000003,0.0,3.79,10.1436,106.2249,8.822,12.13,9,38,63,248,1970-01-21 08:27:13.440,1970-01-21 08:27:57.072,Thu,,,
Vĩnh Long,Đồng bằng sông Cửu Long,2025-09-22,26.1,28.080000000000002,24.52,30.5,33.12,28.3,15.16,15.16,0.0,19.0,87.0,18.56,36.14,9.622,1008.8799999999999,100.0,23.66,0.0,2.186,10.1436,106.2249,0.8280000000000001,12.12,9,39,63,271,1970-01-21 08:28:39.840,1970-01-21 08:29:23.460,Thu,,,
Vĩnh Long,Đồng bằng sông Cửu Long,2025-09-23,26.68,30.360000000000003,24.68,31.060000000000002,35.18,29.26,1.4,1.4,0.0,3.2,83.0,19.04,44.94,11.728,1008.2,96.2,23.46,0.0,2.722,10.1436,106.2249,3.8840000000000003,12.11,9,39,61,268,1970-01-21 08:30:06.240,1970-01-21 08:30:49.800,Thu,,,
Vĩnh Long,Đồng bằng sông Cửu Long,2025-09-24,26.78,29.560000000000002,25.2,31.380000000000003,34.4,29.82,7.720000000000001,7.720000000000001,0.0,9.2,86.0,19.080000000000002,45.38,14.734,1006.7,98.6,24.16,0.0,3.0740000000000003,10.1436,106.2249,8.05,12.1,9,39,63,247,1970-01-21 08:31:32.628,1970-01-21 08:32:16.176,Thu,,,
Vĩnh Long,Đồng bằng sông Cửu Long,2025-09-25,26.880000000000003,29.6,25.04,31.0,33.4,28.419999999999998,9.86,9.86,0.0,8.8,85.2,20.919999999999998,47.6,14.959999999999999,1007.3799999999999,100.0,24.18,0.0,3.182,10.1436,106.2249,7.093999999999999,12.09,9,39,63,246,1970-01-21 08:32:59.016,1970-01-21 08:33:42.540,Thu,,,
Vĩnh Long,Đồng bằng sông Cửu Long,2025-09-26,26.24,29.060000000000002,25.1,30.9,33.54,29.160000000000004,12.28,12.28,0.0,15.0,90.0,20.98,48.36,12.312000000000001,1008.8199999999999,100.0,24.42,0.0,2.512,10.1436,106.2249,4.346,12.08,9,39,63,257,1970-01-21 08:34:25.416,1970-01-21 08:35:08.892,Thu,,,
Vĩnh Long,Đồng bằng sông Cửu Long,2025-09-27,25.74,29.24,24.3,30.6,34.62,28.72,15.86,15.86,0.0,18.2,92.6,15.9,35.92,12.315999999999999,1008.22,99.2,24.38,0.0,2.412,10.1436,106.2249,5.18,12.07,9,39,63,268,1970-01-21 08:35:51.816,1970-01-21 08:36:35.280,Thu,,,
Vĩnh Long,Đồng bằng sông Cửu Long,2025-09-28,25.9,29.939999999999998,24.36,30.4,35.58,28.139999999999997,14.280000000000001,14.280000000000001,0.0,17.2,91.2,19.6,43.56,15.222,1006.86,100.0,24.339999999999996,0.0,2.932,10.1436,106.2249,6.0,12.06,9,39,65,229,1970-01-21 08:37:18.192,1970-01-21 08:38:01.620,Thu,,,
Vĩnh Long,Đồng bằng sông Cửu Long,2025-09-29,25.78,29.139999999999997,24.22,30.24,33.9,28.439999999999998,15.280000000000001,15.280000000000001,0.0,13.8,91.2,20.04,46.3,15.654,1008.72,95.4,24.18,0.0,2.9579999999999997,10.1436,106.2249,7.058,12.05,9,40,63,201,1970-01-21 08:38:44.592,1970-01-21 08:39:27.996,Thu,,,
Vĩnh Long,Đồng bằng sông Cửu Long,2025-09-30,26.18,29.82,23.96,31.68,35.86,28.880000000000003,7.94,7.94,0.0,8.6,90.0,13.8,36.22,16.942,1010.28,98.0,24.3,0.0,3.3200000000000003,10.1436,106.2249,8.104,12.041999999999998,9,40,63,169,1970-01-21 08:40:10.992,1970-01-21 08:40:54.360,Thu,,,
Vĩnh Long,Đồng bằng sông Cửu Long,2025-10-01,26.26,31.28,24.02,32.160000000000004,39.5,28.919999999999998,12.84,12.84,0.0,9.4,89.0,11.7,32.2,21.462,1010.4200000000001,63.2,24.14,0.0,4.287999999999999,10.1436,106.2249,11.001999999999999,12.032,10,40,63,84,1970-01-21 08:41:37.392,1970-01-21 08:42:20.712,Thu,,,
Vĩnh Long,Đồng bằng sông Cửu Long,2025-10-02,27.1,31.419999999999998,23.96,32.94,38.92,29.26,1.2,1.2,0.0,5.0,84.8,9.559999999999999,20.3,22.669999999999998,1010.4,29.0,24.060000000000002,0.0,4.65,10.1436,106.2249,11.458,12.028,10,40,53,73,1970-01-21 08:43:03.780,1970-01-21 08:43:47.100,Thu,,,
Vĩnh Long,Đồng bằng sông Cửu Long,2025-10-03,26.4,30.619999999999997,23.86,32.14,37.6,28.580000000000002,10.360000000000001,10.360000000000001,0.0,8.8,87.8,10.22,25.419999999999998,17.874000000000002,1011.0799999999999,97.0,24.16,0.0,3.5799999999999996,10.1436,106.2249,9.776,12.017999999999999,10,40,61,167,1970-01-21 08:44:30.180,1970-01-21 08:45:13.440,Thu,,,
Vĩnh Long,Đồng bằng sông Cửu Long,2025-10-04,26.919999999999998,30.98,24.580000000000002,32.46,36.839999999999996,29.639999999999997,8.34,8.34,0.0,6.4,85.0,13.02,30.98,21.792,1011.36,89.2,24.02,0.0,4.404,10.1436,106.2249,10.884,12.008,10,40,63,196,1970-01-21 08:45:56.580,1970-01-21 08:46:39.804,Thu,,,
Vĩnh Long,Đồng bằng sông Cửu Long,2025-10-05,27.24,31.339999999999996,24.1,32.4,36.36,29.160000000000004,0.4,0.4,0.0,1.2,83.0,12.88,30.24,16.832,1011.3799999999999,95.2,23.919999999999998,0.0,3.636,10.1436,106.2249,8.928,12.0,10,40,3,218,1970-01-21 08:47:22.980,1970-01-21 08:48:06.180,Thu,,,
Vĩnh Long,Đồng bằng sông Cửu Long,2025-10-06,27.6,32.04,24.3,33.019999999999996,37.339999999999996,29.5,2.62,2.62,0.0,2.8,82.8,15.540000000000001,36.44,22.362000000000002,1010.9799999999999,92.2,24.2,0.0,4.614,10.1436,106.2249,11.286,11.99,10,41,61,237,1970-01-21 08:48:49.380,1970-01-21 08:49:32.532,Thu,,,
Vĩnh Long,Đồng bằng sông Cửu Long,2025-10-07,26.860000000000003,31.380000000000003,24.9,32.160000000000004,38.0,29.72,4.4399999999999995,4.4399999999999995,0.0,5.2,86.8,14.86,36.5,21.168,1011.18,88.8,24.32,0.0,4.168,10.1436,106.2249,10.956,11.98,10,41,63,231,1970-01-21 08:50:15.780,1970-01-21 08:50:58.920,Thu,,,
Vĩnh Long,Đồng bằng sông Cửu Long,2025-10-08,26.439999999999998,31.54,23.68,32.08,38.8,28.3,25.240000000000002,25.240000000000002,0.0,15.2,88.6,11.18,26.3,17.924,1010.3,91.0,24.28,0.0,3.6439999999999997,10.1436,106.2249,7.516,11.97,10,41,65,283,1970-01-21 08:51:42.180,1970-01-21 08:52:25.260,Thu,,,
Vĩnh Long,Đồng bằng sông Cửu Long,2025-10-09,26.339999999999996,31.3,23.36,32.22,39.02,28.139999999999997,10.120000000000001,10.120000000000001,0.0,13.2,88.2,10.440000000000001,24.419999999999998,19.98,1009.5,91.4,24.0,0.0,4.093999999999999,10.1436,106.2249,8.528,11.96,10,41,63,180,1970-01-21 08:53:08.580,1970-01-21 08:53:51.648,Thu,,,
Vĩnh Long,Đồng bằng sông Cửu Long,2025-10-10,26.160000000000004,29.78,24.04,32.1,36.92,29.5,6.58,6.58,0.0,8.6,90.6,9.2,24.919999999999998,17.062,1008.9200000000001,79.0,24.46,0.0,3.386,10.1436,106.2249,9.304,11.952,10,41,63,113,1970-01-21 08:54:34.980,1970-01-21 08:55:18.000,Thu,,,
Vĩnh Long,Đồng bằng sông Cửu Long,2025-10-11,26.3,30.619999999999997,24.119999999999997,32.239999999999995,38.04,29.46,7.859999999999999,7.859999999999999,0.0,12.6,89.2,12.86,29.82,19.04,1008.8199999999999,95.8,24.3,0.0,3.772,10.1436,106.2249,9.464,11.941999999999998,10,41,61,147,1970-01-21 08:56:01.380,1970-01-21 08:56:44.364,Thu,,,
Vĩnh Long,Đồng bằng sông Cửu Long,2025-10-12,26.419999999999998,30.48,24.46,32.519999999999996,37.980000000000004,29.939999999999998,12.58,12.58,0.0,13.0,90.2,14.719999999999999,33.68,17.958000000000002,1009.0200000000001,96.6,24.619999999999997,0.0,3.5759999999999996,10.1436,106.2249,9.244,11.931999999999999,10,41,63,192,1970-01-21 08:57:27.780,1970-01-21 08:58:10.740,Thu,,,
Vĩnh Long,Đồng bằng sông Cửu Long,2025-10-13,26.52,29.8,24.639999999999997,32.58,36.480000000000004,30.419999999999998,5.659999999999999,5.659999999999999,0.0,7.6,90.4,11.22,26.139999999999997,15.37,1009.1,100.0,24.740000000000002,0.0,3.064,10.1436,106.2249,8.452,11.922,10,42,61,132,1970-01-21 08:58:54.180,1970-01-21 08:59:37.104,Thu,,,
Vĩnh Long,Đồng bằng sông Cửu Long,2025-10-14,26.96,31.3,24.3,33.0,38.3,29.5,6.8,6.8,0.0,8.4,88.2,10.959999999999999,25.279999999999998,19.392000000000003,1009.04,94.6,24.7,0.0,3.942,10.1436,106.2249,8.686,11.918000000000001,10,42,63,82,1970-01-21 09:00:20.580,1970-01-21 09:01:03.480,Thu,,,
Vĩnh Long,Đồng bằng sông Cửu Long,2025-10-15,27.46,31.74,24.740000000000002,33.12,38.32,30.1,4.32,4.32,0.0,10.0,85.4,15.74,34.7,21.368000000000002,1007.86,79.2,24.68,0.0,4.366,10.1436,106.2249,10.632000000000001,11.908,10,42,61,74,1970-01-21 09:01:46.980,1970-01-21 09:02:29.844,Thu,,,
Vĩnh Long,Đồng bằng sông Cửu Long,2025-10-16,27.32,31.54,24.52,32.56,37.68,29.8,3.5200000000000005,3.5200000000000005,0.0,6.0,84.8,16.3,39.08,19.742,1007.64,93.6,24.4,0.0,4.172,10.1436,106.2249,9.092,11.898,10,42,61,43,1970-01-21 09:03:13.380,1970-01-21 09:03:56.220,Thu,,,
Vĩnh Long,Đồng bằng sông Cửu Long,2025-10-17,27.580000000000002,31.02,24.68,32.760000000000005,37.5,29.080000000000002,4.82,4.82,0.0,8.8,83.8,15.88,37.86,18.84,1008.4399999999999,98.4,24.5,0.0,3.94,10.1436,106.2249,9.85,11.888000000000002,10,42,63,82,1970-01-21 09:04:39.792,1970-01-21 09:05:22.608,Thu,,,
Vĩnh Long,Đồng bằng sông Cửu Long,2025-10-18,26.22,29.139999999999997,24.04,31.18,34.92,28.32,13.36,13.36,0.0,13.6,88.8,16.04,37.720000000000006,16.990000000000002,1008.3,98.8,24.1,0.0,3.336,10.1436,106.2249,9.48,11.882000000000001,10,42,63,99,1970-01-21 09:06:06.204,1970-01-21 09:06:48.960,Thu,,,
Vĩnh Long,Đồng bằng sông Cửu Long,2025-10-19,27.52,32.160000000000004,24.580000000000002,33.660000000000004,39.68,30.060000000000002,1.86,1.86,0.0,6.2,86.0,9.34,23.68,21.338,1006.6,91.2,24.759999999999998,0.0,4.386,10.1436,106.2249,10.724,11.872,10,42,53,61,1970-01-21 09:07:32.604,1970-01-21 09:08:15.360,Thu,,,
Vĩnh Long,Đồng bằng sông Cửu Long,2025-10-20,27.8,32.86,24.82,33.68,39.54,29.9,6.58,6.58,0.0,8.8,84.4,12.02,25.419999999999998,21.482,1006.5600000000001,97.8,24.66,0.0,4.498,10.1436,106.2249,10.994,11.861999999999998,10,43,61,303,1970-01-21 09:08:59.004,1970-01-21 09:09:41.724,Thu,,,
Vĩnh Long,Đồng bằng sông Cửu Long,2025-10-21,27.2,32.260000000000005,24.119999999999997,32.88,39.04,28.74,8.14,8.14,0.0,12.2,87.0,11.28,28.52,18.922000000000004,1007.54,99.0,24.580000000000002,0.0,3.9240000000000004,10.1436,106.2249,10.246,11.852,10,43,61,325,1970-01-21 09:10:25.428,1970-01-21 09:11:08.100,Thu,,,
Vĩnh Long,Đồng bằng sông Cửu Long,2025-10-22,26.939999999999998,31.2,24.740000000000002,33.32,39.06,30.2,11.6,11.6,0.0,11.2,90.0,10.2,23.919999999999998,18.05,1007.9,98.2,25.04,0.0,3.656,10.1436,106.2249,10.57,11.847999999999999,10,43,63,39,1970-01-21 09:11:51.840,1970-01-21 09:12:34.464,Thu,,,
Vĩnh Long,Đồng bằng sông Cửu Long,2025-10-23,26.919999999999998,30.82,24.0,32.28,37.92,29.1,6.62,6.62,0.0,11.2,86.2,15.2,33.480000000000004,17.832,1008.6800000000001,98.6,24.339999999999996,0.0,3.7640000000000002,10.1436,106.2249,9.26,11.838,10,43,63,69,1970-01-21 09:13:18.240,1970-01-21 09:14:00.840,Thu,,,
Vĩnh Long,Đồng bằng sông Cửu Long,2025-10-24,26.660000000000004,30.74,24.3,32.44,38.72,29.24,16.54,16.54,0.0,14.4,89.6,15.219999999999999,32.980000000000004,16.238,1008.9200000000001,97.8,24.7,0.0,3.2939999999999996,10.1436,106.2249,8.302000000000001,11.828,10,43,63,54,1970-01-21 09:14:44.640,1970-01-21 09:15:27.216,Thu,,,
Vĩnh Long,Đồng bằng sông Cửu Long,2025-10-25,25.939999999999998,29.439999999999998,24.22,31.5,35.4,29.380000000000003,7.06,7.06,0.0,11.0,91.6,10.959999999999999,26.419999999999998,10.872,1008.78,100.0,24.380000000000003,0.0,2.274,10.1436,106.2249,2.184,11.82,10,43,63,316,1970-01-21 09:16:11.040,1970-01-21 09:16:53.604,Thu,,,
Vĩnh Long,Đồng bằng sông Cửu Long,2025-10-26,25.96,29.28,23.44,31.28,35.17999999999999,27.9,9.82,9.82,0.0,14.2,89.0,10.42,21.16,13.856,1009.26,96.8,23.86,0.0,2.8600000000000003,10.1436,106.2249,6.68,11.81,10,43,63,12,1970-01-21 09:17:37.440,1970-01-21 09:18:19.980,Thu,,,
Vĩnh Long,Đồng bằng sông Cửu Long,2025-10-27,26.160000000000004,30.74,23.419999999999998,31.24,36.44,28.28,14.459999999999999,14.459999999999999,0.0,10.8,87.0,11.86,28.060000000000002,15.366,1009.3,94.6,23.64,0.0,3.198,10.1436,106.2249,8.081999999999999,11.802000000000001,10,44,63,323,1970-01-21 09:19:03.864,1970-01-21 09:19:46.344,Thu,,,
Vĩnh Long,Đồng bằng sông Cửu Long,2025-10-28,25.72,28.619999999999997,24.419999999999998,30.98,34.56,29.4,28.939999999999998,28.939999999999998,0.0,18.2,91.2,11.92,28.8,11.106,1008.6600000000001,100.0,24.14,0.0,2.266,10.1436,106.2249,3.8340000000000005,11.791999999999998,10,44,63,276,1970-01-21 09:20:30.264,1970-01-21 09:21:12.720,Thu,,,
Vĩnh Long,Đồng bằng sông Cửu Long,2025-10-29,25.7,29.160000000000004,24.0,31.24,34.959999999999994,28.919999999999998,18.119999999999997,18.119999999999997,0.0,17.4,92.4,9.9,23.46,13.084,1007.78,99.8,24.3,0.0,2.598,10.1436,106.2249,5.306,11.788,10,44,63,39,1970-01-21 09:21:56.700,1970-01-21 09:22:39.120,Thu,,,
Vĩnh Long,Đồng bằng sông Cửu Long,2025-10-30,26.2,29.160000000000004,24.2,31.78,34.260000000000005,29.6,4.54,4.54,0.0,9.8,90.8,12.58,27.639999999999997,11.948,1009.1200000000001,98.6,24.5,0.0,2.4539999999999997,10.1436,106.2249,4.274,11.78,10,44,63,218,1970-01-21 09:23:23.100,1970-01-21 09:24:05.484,Thu,,,
Vĩnh Long,Đồng bằng sông Cửu Long,2025-10-31,26.160000000000004,30.639999999999997,24.1,31.860000000000003,37.2,29.160000000000004,21.34,21.34,0.0,14.0,91.0,13.52,32.82,15.813999999999998,1011.3,77.6,24.48,0.0,3.104,10.1436,106.2249,8.964,11.77,10,44,63,135,1970-01-21 09:24:49.500,1970-01-21 09:25:31.884,Thu,,,
Vĩnh Long,Đồng bằng sông Cửu Long,2025-11-01,26.28,30.8,24.439999999999998,32.54,38.839999999999996,29.860000000000003,17.86,17.86,0.0,13.6,91.4,8.42,22.619999999999997,15.6,1011.22,92.6,24.7,0.0,3.21,10.1436,106.2249,6.436,11.76,11,44,65,19,1970-01-21 09:26:15.924,1970-01-21 09:26:58.260,Thu,,,
Vĩnh Long,Đồng bằng sông Cửu Long,2025-11-02,25.939999999999998,30.32,24.04,31.660000000000004,37.04,29.119999999999997,18.4,18.4,0.0,9.6,91.8,12.780000000000001,28.160000000000004,15.514,1010.5600000000001,96.2,24.4,0.0,3.082,10.1436,106.2249,7.537999999999999,11.751999999999999,11,44,65,274,1970-01-21 09:27:42.324,1970-01-21 09:28:24.660,Thu,,,
Vĩnh Long,Đồng bằng sông Cửu Long,2025-11-03,25.82,28.3,24.76,31.160000000000004,33.46,29.919999999999998,9.78,9.78,0.0,10.4,92.0,10.92,25.0,9.748000000000001,1009.72,96.8,24.380000000000003,0.0,1.952,10.1436,106.2249,4.508,11.748000000000001,11,45,63,267,1970-01-21 09:29:08.760,1970-01-21 09:29:51.024,Thu,,,
Vĩnh Long,Đồng bằng sông Cửu Long,2025-11-04,26.339999999999996,30.839999999999996,24.22,32.16,37.9,29.560000000000002,13.66,13.66,0.0,15.0,89.8,10.52,25.68,17.857999999999997,1009.1800000000001,94.6,24.4,0.0,3.5759999999999996,10.1436,106.2249,9.059999999999999,11.74,11,45,63,299,1970-01-21 09:30:35.160,1970-01-21 09:31:17.424,Thu,,,
Vĩnh Long,Đồng bằng sông Cửu Long,2025-11-05,25.96,29.28,24.3,31.78,35.58,29.32,16.22,16.22,0.0,16.8,91.6,7.62,20.86,13.216,1008.0,100.0,24.46,0.0,2.6879999999999997,10.1436,106.2249,5.546,11.73,11,45,63,4,1970-01-21 09:32:01.572,1970-01-21 09:32:43.800,Thu,,,
Vĩnh Long,Đồng bằng sông Cửu Long,2025-11-06,25.839999999999996,28.339999999999996,24.32,31.080000000000002,33.78,29.360000000000003,2.8,2.8,0.0,9.2,92.0,13.180000000000001,24.4,7.358,1006.4799999999999,100.0,24.4,0.0,1.5959999999999999,10.1436,106.2249,0.026000000000000002,11.722,11,45,51,270,1970-01-21 09:33:27.984,1970-01-21 09:34:10.200,Thu,,,
Vĩnh Long,Đồng bằng sông Cửu Long,2025-11-07,25.96,30.339999999999996,24.32,31.060000000000002,36.42,28.68,10.9,10.9,0.0,15.0,91.2,16.0,33.2,14.856,1007.8799999999999,100.0,24.32,0.0,2.9299999999999997,10.1436,106.2249,7.188,11.718,11,45,63,213,1970-01-21 09:34:54.420,1970-01-21 09:35:36.600,Thu,,,
Vĩnh Long,Đồng bằng sông Cửu Long,2025-11-08,26.580000000000002,31.02,24.16,32.54,37.94,29.660000000000004,5.680000000000001,5.680000000000001,0.0,10.2,89.4,10.379999999999999,24.84,18.594,1009.86,79.0,24.54,0.0,3.7299999999999995,10.1436,106.2249,10.382,11.71,11,45,61,187,1970-01-21 09:36:20.820,1970-01-21 09:37:02.976,Thu,,,
Vĩnh Long,Đồng bằng sông Cửu Long,2025-11-09,26.4,31.54,23.96,32.519999999999996,39.1,29.0,9.76,9.76,0.0,10.4,89.8,10.6,29.3,17.716,1009.4200000000001,92.2,24.44,0.0,3.6060000000000003,10.1436,106.2249,9.48,11.7,11,45,63,113,1970-01-21 09:37:47.244,1970-01-21 09:38:29.364,Thu,,,
Vĩnh Long,Đồng bằng sông Cửu Long,2025-11-10,26.3,31.119999999999997,24.04,32.160000000000004,38.519999999999996,28.72,3.72,3.72,0.0,5.2,89.4,11.3,30.48,18.078,1008.8399999999999,99.8,24.28,0.0,3.632,10.1436,106.2249,9.888,11.691999999999998,11,46,61,165,1970-01-21 09:39:13.668,1970-01-21 09:39:55.764,Thu,,,
Vĩnh Long,Đồng bằng sông Cửu Long,2025-11-11,26.6,31.339999999999996,23.0,32.279999999999994,38.78,27.52,7.06,7.06,0.0,8.2,87.2,10.3,24.5,18.27,1009.36,100.0,24.18,0.0,3.7,10.1436,106.2249,9.940000000000001,11.69,11,46,63,113,1970-01-21 09:40:40.080,1970-01-21 09:41:22.164,Thu,,,
Vĩnh Long,Đồng bằng sông Cửu Long,2025-11-12,26.32,29.660000000000004,24.28,32.02,35.86,29.52,11.34,11.34,0.0,10.8,89.8,12.2,29.02,16.548000000000002,1010.5600000000001,95.4,24.419999999999998,0.0,3.2479999999999998,10.1436,106.2249,10.414,11.68,11,46,63,104,1970-01-21 09:42:06.504,1970-01-21 09:42:48.540,Thu,,,
Vĩnh Long,Đồng bằng sông Cửu Long,2025-11-13,26.46,31.160000000000004,24.06,32.2,37.620000000000005,29.02,8.28,8.28,0.0,9.6,88.4,10.8,27.0,17.82,1011.5,98.2,24.240000000000002,0.0,3.572,10.1436,106.2249,10.693999999999999,11.67,11,46,63,22,1970-01-21 09:43:32.928,1970-01-21 09:44:14.940,Thu,,,
Vĩnh Long,Đồng bằng sông Cửu Long,2025-11-14,26.78,31.46,23.880000000000003,31.419999999999998,35.6,28.5,1.6800000000000002,1.6800000000000002,0.0,4.2,79.6,12.58,26.5,20.894,1010.8,93.0,22.419999999999998,0.0,4.382,10.1436,106.2249,11.0,11.67,11,46,51,11,1970-01-21 09:44:59.340,1970-01-21 09:45:41.340,Thu,,,
Vĩnh Long,Đồng bằng sông Cửu Long,2025-11-15,26.0,30.28,22.36,29.939999999999998,34.54,25.52,0.04,0.04,0.0,0.4,76.6,12.76,27.580000000000002,22.18,1010.9200000000001,57.2,21.240000000000002,0.0,4.492,10.1436,106.2249,11.059999999999999,11.66,11,46,3,64,1970-01-21 09:46:25.764,1970-01-21 09:47:07.740,Thu,,,
Vĩnh Long,Đồng bằng sông Cửu Long,2025-11-16,25.18,28.78,23.66,29.54,33.56,27.0,25.98,25.98,0.0,13.0,88.4,14.62,35.839999999999996,11.568000000000001,1011.0,90.8,23.02,0.0,2.362,10.1436,106.2249,5.364,11.65,11,46,65,16,1970-01-21 09:47:52.200,1970-01-21 09:48:34.140,Thu,,,
Vĩnh Long,Đồng bằng sông Cửu Long,2025-11-17,24.96,27.380000000000003,23.259999999999998,29.22,31.22,27.18,21.6,21.6,0.0,19.6,92.6,18.0,36.64,8.376000000000001,1011.1,100.0,23.6,0.0,1.738,10.1436,106.2249,2.516,11.65,11,47,63,58,1970-01-21 09:49:18.612,1970-01-21 09:50:00.540,Thu,,,
Vĩnh Long,Đồng bằng sông Cửu Long,2025-11-18,25.860000000000003,28.959999999999997,24.32,30.660000000000004,33.82,28.4,17.82,17.82,0.0,17.2,90.0,17.82,45.92,15.530000000000001,1010.2,86.2,24.02,0.0,3.0200000000000005,10.1436,106.2249,10.216,11.64,11,47,63,65,1970-01-21 09:50:45.024,1970-01-21 09:51:26.940,Thu,,,
Vĩnh Long,Đồng bằng sông Cửu Long,2025-11-19,25.240000000000002,29.72,23.32,29.74,34.660000000000004,26.9,21.9,21.9,0.0,15.8,91.0,15.76,39.88,12.056000000000001,1010.64,97.6,23.6,0.0,2.444,10.1436,106.2249,6.26,11.63,11,47,63,21,1970-01-21 09:52:11.460,1970-01-21 09:52:53.340,Thu,,,
Vĩnh Long,Đồng bằng sông Cửu Long,2025-11-20,25.2,28.880000000000003,22.72,29.160000000000004,32.9,25.48,5.84,5.84,0.0,10.0,86.6,14.2,34.2,12.046,1011.1200000000001,99.6,22.7,0.0,2.534,10.1436,106.2249,6.508,11.63,11,47,63,8,1970-01-21 09:53:37.884,1970-01-21 09:54:19.740,Thu,,,
Vĩnh Long,Đồng bằng sông Cửu Long,2025-11-21,25.8,28.72,23.46,29.339999999999996,32.72,25.939999999999998,3.4799999999999995,3.4799999999999995,0.0,6.0,80.6,19.919999999999998,41.04,15.27,1011.4,98.8,22.080000000000002,0.0,3.322,10.1436,106.2249,9.102,11.62,11,47,51,18,1970-01-21 09:55:04.320,1970-01-21 09:55:46.140,Thu,,,
Vĩnh Long,Đồng bằng sông Cửu Long,2025-11-22,24.98,27.839999999999996,23.34,28.96,31.82,26.439999999999998,3.2,3.2,0.0,9.8,86.2,11.4,31.76,8.526,1011.0,100.0,22.44,0.0,1.956,10.1436,106.2249,1.92,11.62,11,47,53,1,1970-01-21 09:56:30.732,1970-01-21 09:57:12.552,Thu,,,
Vĩnh Long,Đồng bằng sông Cửu Long,2025-11-23,26.060000000000002,29.52,23.78,30.419999999999998,33.78,28.28,8.24,8.24,0.0,16.8,87.0,21.880000000000003,49.980000000000004,16.352,1010.0200000000001,88.8,23.619999999999997,0.0,3.332,10.1436,106.2249,9.298,11.61,11,47,61,60,1970-01-21 09:57:57.144,1970-01-21 09:58:38.964,Thu,,,
Vĩnh Long,Đồng bằng sông Cửu Long,2025-11-24,26.639999999999997,31.0,23.8,31.68,35.739999999999995,28.52,5.36,5.36,0.0,5.8,85.6,15.34,37.3,20.57,1009.4399999999999,76.0,23.740000000000002,0.0,4.198,10.1436,106.2249,11.012,11.61,11,48,61,48,1970-01-21 09:59:23.580,1970-01-21 10:00:05.364,Thu,,,
Vĩnh Long,Đồng bằng sông Cửu Long,2025-11-25,26.360000000000003,30.98,23.759999999999998,31.28,36.64,27.76,1.02,1.02,0.0,3.4,84.4,11.059999999999999,27.660000000000004,19.884,1008.9799999999999,84.2,23.3,0.0,4.056,10.1436,106.2249,11.0,11.6,11,48,51,13,1970-01-21 10:00:50.004,1970-01-21 10:01:31.764,Thu,,,
Vĩnh Long,Đồng bằng sông Cửu Long,2025-11-26,26.0,30.18,22.240000000000002,29.28,35.0,24.34,0.06000000000000001,0.06000000000000001,0.0,0.4,73.0,12.64,23.419999999999998,19.401999999999997,1009.4200000000001,94.0,20.64,0.0,4.24,10.1436,106.2249,10.92,11.6,11,48,3,337,1970-01-21 10:02:16.440,1970-01-21 10:02:58.188,Thu,,,
Vĩnh Long,Đồng bằng sông Cửu Long,2025-11-27,25.880000000000003,30.139999999999997,22.46,28.04,34.5,23.619999999999997,0.0,0.0,0.0,0.0,68.4,16.9,32.18,20.018,1009.8799999999999,87.4,19.56,0.0,4.766,10.1436,106.2249,10.870000000000001,11.59,11,48,3,4,1970-01-21 10:03:42.864,1970-01-21 10:04:24.600,Thu,,,
Vĩnh Long,Đồng bằng sông Cửu Long,2025-11-28,24.22,28.119999999999997,20.96,25.5,30.48,20.7,0.0,0.0,0.0,0.0,67.0,17.0,35.78,20.728,1010.0799999999999,99.2,17.64,0.0,4.632,10.1436,106.2249,10.408,11.59,11,48,3,343,1970-01-21 10:05:09.300,1970-01-21 10:05:51.000,Thu,,,
Vĩnh Long,Đồng bằng sông Cửu Long,2025-11-29,24.82,29.639999999999997,20.98,27.5,33.88,22.12,0.0,0.0,0.0,0.0,72.8,10.86,23.98,17.302,1009.8799999999999,96.8,19.52,0.0,3.7439999999999998,10.1436,106.2249,10.190000000000001,11.58,11,48,3,312,1970-01-21 10:06:35.724,1970-01-21 10:07:17.424,Thu,,,
Vĩnh Long,Đồng bằng sông Cửu Long,2025-11-30,26.2,30.98,22.54,30.339999999999996,36.08,25.639999999999997,0.0,0.0,0.0,0.0,76.6,9.34,21.52,20.753999999999998,1010.14,40.0,21.52,0.0,4.244,10.1436,106.2249,11.076,11.58,11,48,3,281,1970-01-21 10:08:02.160,1970-01-21 10:08:43.824,Thu,,,
Vĩnh Long,Đồng bằng sông Cửu Long,2025-12-01,26.7,31.439999999999998,22.64,31.580000000000002,37.38,26.839999999999996,0.22000000000000003,0.22000000000000003,0.0,1.0,79.8,8.36,16.22,19.436,1010.24,29.8,22.639999999999997,0.0,3.998,10.1436,106.2249,11.01,11.57,12,49,3,241,1970-01-21 10:09:28.584,1970-01-21 10:10:10.248,Đông,,,
Vĩnh Long,Đồng bằng sông Cửu Long,2025-12-02,26.48,31.380000000000003,23.68,32.08,38.3,28.160000000000004,5.0200000000000005,5.0200000000000005,0.0,6.2,86.4,10.66,25.5,17.644,1010.4399999999999,57.0,23.880000000000003,0.0,3.596,10.1436,106.2249,10.544,11.57,12,49,63,231,1970-01-21 10:10:55.020,1970-01-21 10:11:36.660,Đông,,,
Vĩnh Long,Đồng bằng sông Cửu Long,2025-12-03,25.7,30.060000000000002,23.64,31.419999999999998,37.08,28.380000000000003,13.959999999999999,13.959999999999999,0.0,13.8,91.6,8.58,23.32,15.588,1011.04,72.8,24.14,0.0,3.108,10.1436,106.2249,9.722,11.568000000000001,12,49,61,14,1970-01-21 10:12:21.444,1970-01-21 10:13:03.084,Đông,,,
Vĩnh Long,Đồng bằng sông Cửu Long,2025-12-04,26.060000000000002,28.919999999999998,23.759999999999998,30.26,32.96,28.4,3.16,3.16,0.0,9.0,87.0,19.64,44.42,16.682,1011.4200000000001,60.0,23.580000000000002,0.0,3.304,10.1436,106.2249,10.496,11.56,12,49,55,93,1970-01-21 10:13:47.880,1970-01-21 10:14:29.496,Đông,,,
Vĩnh Long,Đồng bằng sông Cửu Long,2025-12-05,26.48,30.28,23.1,30.839999999999996,35.36,27.360000000000003,2.46,2.46,0.0,3.8,81.4,13.580000000000002,29.82,20.426,1012.5799999999999,41.2,22.78,0.0,4.182,10.1436,106.2249,11.028,11.56,12,49,53,81,1970-01-21 10:15:14.304,1970-01-21 10:15:55.920,Đông,,,
Vĩnh Long,Đồng bằng sông Cửu Long,2025-12-06,26.119999999999997,29.94,23.08,30.639999999999997,34.480000000000004,27.52,0.32,0.32,0.0,2.6,82.2,11.22,25.22,18.894,1012.32,50.6,22.6,0.0,3.78,10.1436,106.2249,11.016,11.552,12,49,51,56,1970-01-21 10:16:40.740,1970-01-21 10:17:22.344,Đông,,,
Vĩnh Long,Đồng bằng sông Cửu Long,2025-12-07,26.06,30.0,23.14,30.32,34.7,27.4,0.28,0.28,0.0,1.6,79.8,10.42,22.94,19.478,1012.0,82.6,22.08,0.0,3.934,10.1436,106.2249,10.98,11.55,12,49,51,60,1970-01-21 10:18:07.164,1970-01-21 10:18:48.744,Đông,,,
Vĩnh Long,Đồng bằng sông Cửu Long,2025-12-08,24.880000000000003,29.4,20.92,28.28,33.5,22.72,0.44,0.44,0.0,1.0,75.8,10.54,22.58,20.828,1012.04,97.0,20.02,0.0,4.154,10.1436,106.2249,10.912,11.55,12,50,51,10,1970-01-21 10:19:33.600,1970-01-21 10:20:15.180,Đông,,,
Vĩnh Long,Đồng bằng sông Cửu Long,2025-12-09,25.3,28.68,22.119999999999997,29.339999999999996,33.64,25.26,0.38,0.38,0.0,3.0,79.4,9.72,21.04,18.104,1011.2,98.4,21.36,0.0,3.622,10.1436,106.2249,10.362,11.548,12,50,51,298,1970-01-21 10:21:00.024,1970-01-21 10:21:41.604,Đông,,,
Vĩnh Long,Đồng bằng sông Cửu Long,2025-12-10,25.46,29.5,23.119999999999997,28.96,32.62,25.839999999999996,9.56,9.56,0.0,9.6,81.4,16.78,34.86,14.19,1010.54,95.2,21.86,0.0,3.07,10.1436,106.2249,8.862,11.541999999999998,12,50,63,19,1970-01-21 10:22:26.460,1970-01-21 10:23:08.016,Đông,,,
Vĩnh Long,Đồng bằng sông Cửu Long,2025-12-11,25.52,28.339999999999996,22.92,29.139999999999997,31.44,27.1,10.26,10.26,0.0,12.8,86.0,24.08,50.68,12.75,1010.76,99.4,22.84,0.0,2.844,10.1436,106.2249,5.868,11.54,12,50,63,78,1970-01-21 10:23:52.884,1970-01-21 10:24:34.440,Đông,,,
Vĩnh Long,Đồng bằng sông Cửu Long,2025-12-12,26.9,30.26,24.82,30.5,34.18,28.160000000000004,0.0,0.0,0.0,0.0,78.2,16.6,33.62,19.732,1010.3,92.2,22.64,0.0,4.311999999999999,10.1436,106.2249,10.91,11.54,12,50,3,84,1970-01-21 10:25:19.320,1970-01-21 10:26:00.864,Đông,,,
Vĩnh Long,Đồng bằng sông Cửu Long,2025-12-13,26.48,30.74,23.24,31.24,36.260000000000005,27.08,10.26,10.26,0.0,5.8,83.8,15.2,36.3,19.892000000000003,1010.1,95.2,23.32,0.0,4.058,10.1436,106.2249,10.994,11.538,12,50,63,79,1970-01-21 10:26:45.744,1970-01-21 10:27:27.288,Đông,,,
Vĩnh Long,Đồng bằng sông Cửu Long,2025-12-14,26.42,30.119999999999997,23.34,31.22,35.9,27.9,0.74,0.74,0.0,3.0,83.2,12.84,29.22,19.248,1010.3,85.2,23.14,0.0,3.968,10.1436,106.2249,10.342,11.538,12,50,51,47,1970-01-21 10:28:12.180,1970-01-21 10:28:53.712,Đông,,,
Vĩnh Long,Đồng bằng sông Cửu Long,2025-12-15,26.52,30.4,23.58,30.76,35.339999999999996,26.660000000000004,0.04,0.04,0.0,0.4,78.4,10.86,22.2,19.544,1011.1,85.8,22.32,0.0,4.052,10.1436,106.2249,10.226,11.532,12,51,3,74,1970-01-21 10:29:38.604,1970-01-21 10:30:20.124,Đông,,,
Vĩnh Long,Đồng bằng sông Cửu Long,2025-12-16,26.360000000000003,30.56,23.76,30.880000000000003,35.64,27.92,0.02,0.02,0.0,0.2,82.4,12.64,28.44,20.438,1010.9,67.4,22.880000000000003,0.0,4.146,10.1436,106.2249,10.746,11.532,12,51,3,81,1970-01-21 10:31:05.052,1970-01-21 10:31:46.560,Đông,,,
Vĩnh Long,Đồng bằng sông Cửu Long,2025-12-17,26.42,30.339999999999996,23.48,31.5,36.88,28.5,0.94,0.94,0.0,2.6,85.6,13.56,28.660000000000004,18.47,1011.02,71.8,23.64,0.0,3.784,10.1436,106.2249,10.46,11.53,12,51,51,72,1970-01-21 10:32:31.464,1970-01-21 10:33:12.984,Đông,,,
Vĩnh Long,Đồng bằng sông Cửu Long,2025-12-18,26.18,29.52,23.46,31.0,35.32,28.160000000000004,0.4599999999999999,0.4599999999999999,0.0,3.4,83.6,12.52,28.0,16.322,1010.68,87.2,22.98,0.0,3.31,10.1436,106.2249,10.2,11.53,12,51,51,35,1970-01-21 10:33:57.912,1970-01-21 10:34:39.420,Đông,,,
Vĩnh Long,Đồng bằng sông Cửu Long,2025-12-19,26.32,30.44,23.06,31.28,36.54,26.56,0.22,0.22,0.0,1.6,82.6,9.16,19.8,19.58,1009.3,86.4,22.86,0.0,3.976,10.1436,106.2249,10.95,11.53,12,51,51,42,1970-01-21 10:35:24.336,1970-01-21 10:36:05.844,Đông,,,
Vĩnh Long,Đồng bằng sông Cửu Long,2025-12-20,26.18,30.44,23.36,31.6,36.86,28.5,0.7,0.7,0.0,3.6,87.0,11.28,24.42,18.4,1008.82,94.4,23.64,0.0,3.702,10.1436,106.2249,10.71,11.53,12,51,51,43,1970-01-21 10:36:50.772,1970-01-21 10:37:32.280,Đông,,,
Vĩnh Long,Đồng bằng sông Cửu Long,2025-12-21,26.360000000000003,30.96,23.04,31.74,37.6,27.860000000000003,0.62,0.62,0.0,2.0,85.6,8.5,18.94,19.204,1009.26,80.2,23.5,0.0,3.882,10.1436,106.2249,10.81,11.53,12,51,51,256,1970-01-21 10:38:17.208,1970-01-21 10:38:58.704,Đông,,,
Vĩnh Long,Đồng bằng sông Cửu Long,2025-12-22,26.24,30.7,23.1,31.22,36.64,27.5,2.72,2.72,0.0,7.4,84.8,9.5,20.74,19.264,1009.22,92.4,23.24,0.0,3.9,10.1436,106.2249,10.925999999999998,11.53,12,52,53,302,1970-01-21 10:39:43.632,1970-01-21 10:40:25.140,Đông,,,
Vĩnh Long,Đồng bằng sông Cửu Long,2025-12-23,25.8,30.02,23.54,31.360000000000003,37.08,28.5,4.459999999999999,4.459999999999999,0.0,5.2,89.4,9.96,26.56,15.904,1009.02,92.2,23.880000000000003,0.0,3.184,10.1436,106.2249,8.176,11.53,12,52,63,252,1970-01-21 10:41:10.068,1970-01-21 10:41:51.564,Đông,,,
Vĩnh Long,Đồng bằng sông Cửu Long,2025-12-24,26.160000000000004,29.94,23.58,31.92,36.92,28.68,10.1,10.1,0.0,7.2,89.0,8.5,25.22,15.376,1008.52,83.6,24.1,0.0,3.114,10.1436,106.2249,9.156,11.53,12,52,63,22,1970-01-21 10:42:36.492,1970-01-21 10:43:18.000,Đông,,,
Vĩnh Long,Đồng bằng sông Cửu Long,2025-12-25,26.08,29.24,24.34,31.339999999999996,35.2,29.54,17.919999999999998,17.919999999999998,0.0,9.2,90.0,15.34,33.339999999999996,13.976,1009.26,90.4,24.22,0.0,2.798,10.1436,106.2249,8.672,11.53,12,52,65,41,1970-01-21 10:44:02.928,1970-01-21 10:44:44.424,Đông,,,
Vĩnh Long,Đồng bằng sông Cửu Long,2025-12-26,26.1,30.26,23.92,31.2,36.3,28.7,7.8199999999999985,7.8199999999999985,0.0,5.6,86.8,11.5,27.380000000000003,17.808,1010.3,94.4,23.6,0.0,3.56,10.1436,106.2249,9.926,11.53,12,52,63,39,1970-01-21 10:45:29.352,1970-01-21 10:46:10.872,Đông,,,
Vĩnh Long,Đồng bằng sông Cửu Long,2025-12-27,25.58,29.08,23.2,30.1,34.8,27.4,5.74,5.74,0.0,7.2,84.8,10.14,23.76,15.972,1011.34,95.4,22.7,0.0,3.2340000000000004,10.1436,106.2249,8.644,11.532,12,52,51,70,1970-01-21 10:46:55.776,1970-01-21 10:47:37.284,Đông,,,
Vĩnh Long,Đồng bằng sông Cửu Long,2025-12-28,25.9,30.24,22.96,30.339999999999996,35.64,27.160000000000004,1.02,1.02,0.0,2.0,82.4,11.68,24.28,19.008000000000003,1011.9,61.6,22.5,0.0,3.83,10.1436,106.2249,11.206,11.532,12,52,51,81,1970-01-21 10:48:22.212,1970-01-21 10:49:03.732,Đông,,,
Vĩnh Long,Đồng bằng sông Cửu Long,2025-12-29,25.92,30.0,23.1,30.2,34.68,27.18,0.22,0.22,0.0,1.8,81.6,12.22,23.34,19.828,1011.42,93.0,22.22,0.0,4.022,10.1436,106.2249,10.642,11.538,12,1,51,70,1970-01-21 10:49:48.624,1970-01-21 10:50:30.168,Đông,,,
Vĩnh Long,Đồng bằng sông Cửu Long,2025-12-30,25.36,29.22,22.5,28.96,33.54,25.839999999999996,0.04,0.04,0.0,0.4,78.8,11.0,24.0,19.45,1010.7,64.2,21.14,0.0,3.926,10.1436,106.2249,11.046,11.54,12,1,3,97,1970-01-21 10:51:15.060,1970-01-21 10:51:56.592,Đông,,,
Vĩnh Long,Đồng bằng sông Cửu Long,2025-12-31,25.16,29.28,21.94,28.6,33.82,25.02,0.0,0.0,0.0,0.0,76.8,13.36,25.26,19.478,1009.6,61.2,20.56,0.0,3.984,10.1436,106.2249,11.348,11.54,12,1,3,92,1970-01-21 10:52:41.484,1970-01-21 10:53:23.028,Đông,,,
Vĩnh Long,Đồng bằng sông Cửu Long,2026-01-01,25.1,29.06,21.84,28.5,33.239999999999995,24.92,0.1,0.1,0.0,1.0,78.0,11.98,22.96,18.49,1010.66,63.8,20.78,0.0,3.774,10.1436,106.2249,11.192,11.54,1,1,3,99,1970-01-21 10:54:07.908,1970-01-21 10:54:49.464,Đông,,,
Vĩnh Long,Đồng bằng sông Cửu Long,2026-01-02,24.94,29.2,21.619999999999997,28.339999999999996,34.08,25.02,0.06,0.06,0.0,0.4,79.0,12.36,26.0,20.282,1012.18,61.6,20.72,0.0,4.098000000000001,10.1436,106.2249,11.22,11.541999999999998,1,1,3,81,1970-01-21 10:55:34.332,1970-01-21 10:56:15.888,Đông,,,
Vĩnh Long,Đồng bằng sông Cửu Long,2026-01-03,24.2,28.380000000000003,21.1,27.2,32.9,22.92,0.0,0.0,0.0,0.0,76.2,10.98,23.06,19.498,1013.22,61.0,19.46,0.0,3.898000000000001,10.1436,106.2249,9.96,11.548,1,1,3,66,1970-01-21 10:57:00.744,1970-01-21 10:57:42.324,Đông,,,
Vĩnh Long,Đồng bằng sông Cửu Long,2026-01-04,24.619999999999997,29.52,20.76,27.9,33.8,23.08,0.0,0.0,0.0,0.0,77.4,10.44,22.02,20.706,1012.92,96.4,20.06,0.0,4.068,10.1436,106.2249,11.15,11.55,1,1,3,1,1970-01-21 10:58:27.180,1970-01-21 10:59:08.748,Đông,,,
Vĩnh Long,Đồng bằng sông Cửu Long,2026-01-05,25.16,28.6,22.74,29.7,33.2,26.74,3.979999999999999,3.979999999999999,0.0,2.0,84.6,8.86,19.380000000000003,12.047999999999998,1012.8,98.2,22.26,0.0,2.51,10.1436,106.2249,5.545999999999999,11.55,1,2,51,50,1970-01-21 10:59:53.592,1970-01-21 11:00:35.184,Đông,,,
Vĩnh Long,Đồng bằng sông Cửu Long,2026-01-06,25.2,28.860000000000003,23.3,29.660000000000004,34.28,27.76,6.38,6.38,0.0,10.6,85.8,12.62,29.0,14.05,1013.26,99.6,22.52,0.0,2.854,10.1436,106.2249,8.162,11.558,1,2,53,101,1970-01-21 11:01:20.004,1970-01-21 11:02:01.620,Đông,,,
Vĩnh Long,Đồng bằng sông Cửu Long,2026-01-07,24.92,28.32,22.54,28.32,32.5,24.860000000000003,0.4,0.4,0.0,3.0,79.6,13.64,25.2,14.546,1013.9,89.8,20.96,0.0,3.116,10.1436,106.2249,8.136,11.56,1,2,51,67,1970-01-21 11:02:46.440,1970-01-21 11:03:28.044,Đông,,,
Vĩnh Long,Đồng bằng sông Cửu Long,2026-01-08,24.26,28.08,21.8,26.839999999999996,31.54,23.76,0.04,0.04,0.0,0.4,75.2,12.74,26.7,16.802,1014.94,83.0,19.36,0.0,3.536,10.1436,106.2249,9.116,11.56,1,2,3,33,1970-01-21 11:04:12.852,1970-01-21 11:04:54.480,Đông,,,
Vĩnh Long,Đồng bằng sông Cửu Long,2026-01-09,22.639999999999997,26.8,18.84,24.56,30.18,18.42,0.02,0.02,0.0,0.2,72.2,11.84,25.76,22.136000000000003,1014.8,68.6,17.080000000000002,0.0,4.244,10.1436,106.2249,11.216,11.568,1,2,3,19,1970-01-21 11:05:39.264,1970-01-21 11:06:20.904,Đông,,,
Vĩnh Long,Đồng bằng sông Cửu Long,2026-01-10,23.1,27.54,19.06,25.82,31.22,21.360000000000003,0.0,0.0,0.0,0.0,77.0,8.9,18.0,18.336,1014.28,50.0,18.52,0.0,3.5439999999999996,10.1436,106.2249,10.512,11.57,1,2,3,193,1970-01-21 11:07:05.700,1970-01-21 11:07:47.340,Đông,,,
Vĩnh Long,Đồng bằng sông Cửu Long,2026-01-11,23.92,28.46,19.68,26.96,32.32,22.08,0.0,0.0,0.0,0.0,77.2,9.02,18.74,17.924,1015.14,78.4,19.28,0.0,3.572,10.1436,106.2249,10.628,11.572,1,2,3,271,1970-01-21 11:08:32.100,1970-01-21 11:09:13.764,Đông,,,
Vĩnh Long,Đồng bằng sông Cửu Long,2026-01-12,25.14,28.82,22.16,29.1,33.260000000000005,25.76,1.02,1.02,0.0,4.4,80.2,10.44,19.22,17.503999999999998,1014.64,69.6,21.24,0.0,3.5119999999999996,10.1436,106.2249,10.766,11.58,1,3,51,103,1970-01-21 11:09:58.524,1970-01-21 11:10:40.200,Đông,,,
Vĩnh Long,Đồng bằng sông Cửu Long,2026-01-13,24.74,27.6,22.28,28.68,32.2,25.96,0.86,0.86,0.0,4.4,83.4,10.86,20.94,15.668,1014.12,60.2,21.68,0.0,3.1060000000000003,10.1436,106.2249,10.57,11.58,1,3,51,110,1970-01-21 11:11:24.924,1970-01-21 11:12:06.624,Đông,,,
Vĩnh Long,Đồng bằng sông Cửu Long,2026-01-14,25.0,28.7,22.04,28.58,33.36,25.58,0.6,0.6,0.0,4.8,80.6,11.4,24.34,18.05,1012.88,46.0,21.22,0.0,3.642,10.1436,106.2249,10.954,11.59,1,3,51,112,1970-01-21 11:12:51.360,1970-01-21 11:13:33.060,Đông,,,
Vĩnh Long,Đồng bằng sông Cửu Long,2026-01-15,25.54,29.96,22.119999999999997,29.339999999999996,34.660000000000004,25.72,0.38,0.38,0.0,3.6,80.2,14.32,29.1,19.65,1012.18,35.4,21.58,0.0,4.012,10.1436,106.2249,11.332,11.59,1,3,51,99,1970-01-21 11:14:17.760,1970-01-21 11:14:59.484,Đông,,,
Vĩnh Long,Đồng bằng sông Cửu Long,2026-01-16,25.1,29.0,21.98,28.72,33.8,25.639999999999997,0.52,0.52,0.0,3.8,81.0,11.58,24.26,19.2,1011.18,62.0,21.34,0.0,3.896,10.1436,106.2249,11.222,11.6,1,3,51,114,1970-01-21 11:15:44.184,1970-01-21 11:16:25.932,Đông,,,
Vĩnh Long,Đồng bằng sông Cửu Long,2026-01-17,25.119999999999997,29.660000000000004,21.7,28.6,34.0,25.4,0.1,0.1,0.0,0.8,80.2,13.6,25.78,19.828,1009.68,69.8,21.1,0.0,4.068,10.1436,106.2249,11.058,11.6,1,3,3,107,1970-01-21 11:17:10.584,1970-01-21 11:17:52.356,Đông,,,
Vĩnh Long,Đồng bằng sông Cửu Long,2026-01-18,24.7,28.639999999999997,21.46,28.18,32.88,25.3,0.86,0.86,0.0,5.6,81.0,12.42,23.98,19.683999999999997,1009.14,69.4,20.94,0.0,3.978,10.1436,106.2249,11.192,11.61,1,3,51,119,1970-01-21 11:18:36.996,1970-01-21 11:19:18.780,Đông,,,
Vĩnh Long,Đồng bằng sông Cửu Long,2026-01-19,24.8,28.06,21.98,28.08,32.08,25.42,0.4599999999999999,0.4599999999999999,0.0,4.0,80.6,13.38,29.1,18.896,1010.26,68.6,21.04,0.0,3.778,10.1436,106.2249,11.122,11.61,1,4,51,118,1970-01-21 11:20:03.420,1970-01-21 11:20:45.204,Đông,,,
Vĩnh Long,Đồng bằng sông Cửu Long,2026-01-20,24.58,28.44,21.64,27.68,32.739999999999995,24.7,1.0,1.0,0.0,5.2,79.2,12.98,26.5,18.322,1011.3,84.4,20.54,0.0,3.802,10.1436,106.2249,10.566,11.62,1,4,51,122,1970-01-21 11:21:29.820,1970-01-21 11:22:11.640,Đông,,,
Vĩnh Long,Đồng bằng sông Cửu Long,2026-01-21,24.98,30.0,21.42,27.54,32.56,24.46,0.1,0.1,0.0,0.8,73.8,14.74,30.18,20.866,1012.38,57.2,19.56,0.0,4.482,10.1436,106.2249,11.28,11.62,1,4,3,92,1970-01-21 11:22:56.220,1970-01-21 11:23:38.064,Đông,,,
Vĩnh Long,Đồng bằng sông Cửu Long,2026-01-22,24.82,29.360000000000003,21.08,28.139999999999997,33.32,24.360000000000003,0.4,0.4,0.0,2.6,78.0,11.08,24.98,19.868,1013.48,95.6,20.32,0.0,4.004,10.1436,106.2249,11.214,11.63,1,4,51,56,1970-01-21 11:24:22.620,1970-01-21 11:25:04.500,Đông,,,
Vĩnh Long,Đồng bằng sông Cửu Long,2026-01-23,25.2,30.3,21.2,28.660000000000004,34.42,24.44,0.12,0.12,0.0,1.2,76.8,12.8,25.619999999999997,21.03,1014.52,59.0,20.380000000000003,0.0,4.308,10.1436,106.2249,11.324000000000002,11.64,1,4,51,68,1970-01-21 11:25:49.032,1970-01-21 11:26:30.924,Đông,,,
Vĩnh Long,Đồng bằng sông Cửu Long,2026-01-24,24.98,28.82,21.64,28.160000000000004,33.12,24.9,0.3199999999999999,0.3199999999999999,0.0,2.8,77.2,13.6,24.92,19.788,1014.82,33.0,20.46,0.0,4.054,10.1436,106.2249,11.388,11.64,1,4,51,81,1970-01-21 11:27:15.444,1970-01-21 11:27:57.360,Đông,,,
Vĩnh Long,Đồng bằng sông Cửu Long,2026-01-25,24.76,28.54,21.7,27.5,32.64,24.22,0.38,0.38,0.0,2.6,76.6,13.28,25.56,19.18,1014.12,67.4,20.08,0.0,3.998,10.1436,106.2249,11.406,11.65,1,4,51,88,1970-01-21 11:28:41.844,1970-01-21 11:29:23.772,Đông,,,
Vĩnh Long,Đồng bằng sông Cửu Long,2026-01-26,24.96,29.48,22.0,27.54,33.0,24.72,0.08,0.08,0.0,0.8,76.6,14.98,30.82,20.288,1014.26,12.8,20.28,0.0,4.298,10.1436,106.2249,11.44,11.658,1,5,51,97,1970-01-21 11:30:08.244,1970-01-21 11:30:50.196,Đông,,,
Vĩnh Long,Đồng bằng sông Cửu Long,2026-01-27,25.2,29.839999999999996,21.94,27.659999999999997,33.480000000000004,24.06,0.0,0.0,0.0,0.0,73.4,15.080000000000002,29.380000000000003,20.042,1014.74,42.6,19.82,0.0,4.38,10.1436,106.2249,11.364,11.66,1,5,3,102,1970-01-21 11:31:34.644,1970-01-21 11:32:16.620,Đông,,,
Vĩnh Long,Đồng bằng sông Cửu Long,2026-01-28,25.1,29.119999999999997,21.8,28.04,32.68,25.119999999999997,0.48,0.48,0.0,3.6,77.6,14.7,28.94,18.756,1014.1,38.8,20.64,0.0,4.008,10.1436,106.2249,11.234,11.67,1,5,51,96,1970-01-21 11:33:01.044,1970-01-21 11:33:43.044,Đông,,,
Vĩnh Long,Đồng bằng sông Cửu Long,2026-01-29,25.2,29.72,21.44,28.04,33.760000000000005,24.6,0.08,0.08,0.0,0.8,75.8,13.919999999999998,26.78,18.862,1013.96,68.2,20.32,0.0,4.0840000000000005,10.1436,106.2249,11.238,11.678,1,5,3,94,1970-01-21 11:34:27.444,1970-01-21 11:35:09.480,Đông,,,
Vĩnh Long,Đồng bằng sông Cửu Long,2026-01-30,25.46,30.02,22.44,28.4,34.38,25.06,0.0,0.0,0.0,0.0,77.0,14.4,29.879999999999995,20.188,1014.6,83.0,20.82,0.0,4.304,10.1436,106.2249,10.922,11.68,1,5,3,114,1970-01-21 11:35:53.844,1970-01-21 11:36:35.892,Đông,,,
Vĩnh Long,Đồng bằng sông Cửu Long,2026-01-31,25.58,30.04,22.84,28.139999999999997,33.94,25.0,0.12,0.12,0.0,0.8,74.4,14.919999999999998,30.8,20.974,1014.46,53.4,20.339999999999996,0.0,4.618,10.1436,106.2249,11.058,11.69,1,5,3,109,1970-01-21 11:37:20.220,1970-01-21 11:38:02.304,Đông,,,
Vĩnh Long,Đồng bằng sông Cửu Long,2026-02-01,25.26,30.24,21.880000000000003,27.860000000000003,33.78,24.76,0.02,0.02,0.0,0.2,73.4,15.02,27.92,22.654000000000003,1014.22,80.2,19.66,0.0,4.858,10.1436,106.2249,11.428,11.7,2,5,3,80,1970-01-21 11:38:46.620,1970-01-21 11:39:28.740,Đông,,,
Vĩnh Long,Đồng bằng sông Cửu Long,2026-02-02,25.360000000000003,30.46,21.4,28.02,34.6,24.32,0.0,0.0,0.0,0.0,73.8,15.419999999999998,30.160000000000004,22.326,1014.22,64.0,19.84,0.0,4.808,10.1436,106.2249,11.5,11.702,2,6,3,83,1970-01-21 11:40:13.020,1970-01-21 11:40:55.164,Đông,,,
Vĩnh Long,Đồng bằng sông Cửu Long,2026-02-03,26.04,30.160000000000004,23.66,29.360000000000003,34.0,26.7,0.62,0.62,0.0,4.2,75.4,15.64,35.339999999999996,19.312,1014.36,65.4,21.16,0.0,4.26,10.1436,106.2249,8.978,11.71,2,6,51,76,1970-01-21 11:41:39.420,1970-01-21 11:42:21.564,Đông,,,
Vĩnh Long,Đồng bằng sông Cửu Long,2026-02-04,26.0,30.160000000000004,22.7,29.639999999999997,35.14,26.76,0.4599999999999999,0.4599999999999999,0.0,3.8,76.2,14.9,29.46,20.5,1014.0,60.8,21.26,0.0,4.46,10.1436,106.2249,11.3,11.72,2,6,51,100,1970-01-21 11:43:05.820,1970-01-21 11:43:48.000,Đông,,,
Vĩnh Long,Đồng bằng sông Cửu Long,2026-02-05,25.82,30.1,23.36,29.6,35.559999999999995,26.46,2.98,2.98,0.0,5.8,80.8,13.86,28.860000000000003,17.878,1013.36,87.0,22.06,0.0,3.798,10.1436,106.2249,9.564,11.73,2,6,61,100,1970-01-21 11:44:32.196,1970-01-21 11:45:14.424,Đông,,,
Vĩnh Long,Đồng bằng sông Cửu Long,2026-02-06,25.34,29.160000000000004,22.78,29.22,34.239999999999995,27.04,1.08,1.08,0.0,3.4,82.2,12.9,28.58,17.896,1012.86,91.6,21.96,0.0,3.642,10.1436,106.2249,10.746,11.732,2,6,51,138,1970-01-21 11:45:58.584,1970-01-21 11:46:40.824,Đông,,,
Vĩnh Long,Đồng bằng sông Cửu Long,2026-02-07,25.76,30.48,22.72,29.380000000000003,34.339999999999996,26.26,0.2799999999999999,0.2799999999999999,0.0,2.4,80.6,13.9,27.72,19.762,1012.18,63.2,21.76,0.0,4.188,10.1436,106.2249,11.08,11.74,2,6,51,111,1970-01-21 11:47:24.984,1970-01-21 11:48:07.260,Đông,,,
Vĩnh Long,Đồng bằng sông Cửu Long,2026-02-08,25.72,29.48,23.26,28.7,34.06,26.0,0.62,0.62,0.0,4.0,75.8,16.04,32.7,20.344,1012.56,33.0,20.9,0.0,4.438000000000001,10.1436,106.2249,10.916,11.75,2,6,51,106,1970-01-21 11:48:51.360,1970-01-21 11:49:33.660,Đông,,,
Vĩnh Long,Đồng bằng sông Cửu Long,2026-02-09,25.880000000000003,30.94,21.56,29.639999999999997,36.019999999999996,24.92,0.0,0.0,0.0,0.0,74.8,12.16,24.22,23.39,1011.74,62.8,20.619999999999997,0.0,4.792,10.1436,106.2249,11.596,11.76,2,7,3,70,1970-01-21 11:50:17.760,1970-01-21 11:51:00.084,Đông,,,
Vĩnh Long,Đồng bằng sông Cửu Long,2026-02-10,26.28,30.74,22.3,30.46,36.32,26.56,0.02,0.02,0.0,0.2,77.4,14.52,27.360000000000003,20.158,1012.34,32.6,21.7,0.0,4.279999999999999,10.1436,106.2249,11.498,11.768,2,7,3,93,1970-01-21 11:51:44.160,1970-01-21 11:52:26.520,Đông,,,
Vĩnh Long,Đồng bằng sông Cửu Long,2026-02-11,25.98,30.42,23.2,29.6,35.04,26.119999999999997,6.5200000000000005,6.5200000000000005,0.0,8.4,81.8,19.04,40.18,18.344,1013.78,81.6,22.5,0.0,3.914,10.1436,106.2249,10.024,11.772,2,7,63,80,1970-01-21 11:53:10.524,1970-01-21 11:53:52.920,Đông,,,
Vĩnh Long,Đồng bằng sông Cửu Long,2026-02-12,26.52,30.48,23.380000000000003,30.2,35.22,27.139999999999997,0.9,0.9,0.0,4.6,77.4,15.02,31.119999999999997,20.658,1012.56,81.4,22.06,0.0,4.484,10.1436,106.2249,11.29,11.782,2,7,53,98,1970-01-21 11:54:36.924,1970-01-21 11:55:19.320,Đông,,,
Vĩnh Long,Đồng bằng sông Cửu Long,2026-02-13,26.52,31.6,23.18,29.98,36.3,26.360000000000003,3.4799999999999995,3.4799999999999995,0.0,3.0,75.6,16.48,32.1,21.54,1011.16,87.2,21.56,0.0,4.83,10.1436,106.2249,9.74,11.79,2,7,51,96,1970-01-21 11:56:03.300,1970-01-21 11:56:45.744,Đông,,,
Vĩnh Long,Đồng bằng sông Cửu Long,2026-02-14,26.7,31.22,23.46,30.06,35.480000000000004,27.06,0.16,0.16,0.0,1.2,72.6,14.96,33.14,20.95,1010.58,98.2,21.08,0.0,4.6659999999999995,10.1436,106.2249,10.714,11.8,2,7,51,93,1970-01-21 11:57:29.700,1970-01-21 11:58:12.156,Đông,,,
Vĩnh Long,Đồng bằng sông Cửu Long,2026-02-15,27.08,31.860000000000003,23.44,30.48,36.96,27.360000000000003,0.06,0.06,0.0,0.4,74.0,16.9,33.7,21.594,1010.1,72.2,21.72,0.0,5.032,10.1436,106.2249,11.464,11.808000000000002,2,7,3,87,1970-01-21 11:58:56.064,1970-01-21 11:59:38.580,Đông,,,
Vĩnh Long,Đồng bằng sông Cửu Long,2026-02-16,27.54,31.78,24.7,29.7,34.660000000000004,26.54,0.1,0.1,0.0,0.4,67.4,20.66,43.12,22.976,1009.5,70.4,20.7,0.0,5.804,10.1436,106.2249,11.182,11.818,2,8,3,86,1970-01-21 12:00:22.440,1970-01-21 12:01:04.980,Đông,,,
Vĩnh Long,Đồng bằng sông Cửu Long,2026-02-17,27.4,31.42,24.98,28.860000000000003,33.239999999999995,26.619999999999997,0.0,0.0,0.0,0.0,65.2,23.52,48.58,23.452,1010.04,97.0,20.0,0.0,6.136,10.1436,106.2249,11.578,11.822,2,8,3,91,1970-01-21 12:01:48.840,1970-01-21 12:02:31.392,Đông,,,
Vĩnh Long,Đồng bằng sông Cửu Long,2026-02-18,27.44,32.160000000000004,23.8,29.28,34.92,25.92,0.0,0.0,0.0,0.0,66.0,22.22,45.14,23.668,1011.18,89.4,20.24,0.0,6.0840000000000005,10.1436,106.2249,11.672,11.832,2,8,3,83,1970-01-21 12:03:15.204,1970-01-21 12:03:57.804,Đông,,,
Vĩnh Long,Đồng bằng sông Cửu Long,2026-02-19,27.32,31.54,23.94,29.98,35.38,26.82,0.0,0.0,0.0,0.0,68.0,18.72,37.0,23.562,1012.56,81.2,20.6,0.0,5.6339999999999995,10.1436,106.2249,11.666,11.842,2,8,3,82,1970-01-21 12:04:41.580,1970-01-21 12:05:24.204,Đông,,,
Vĩnh Long,Đồng bằng sông Cửu Long,2026-02-20,27.160000000000004,32.06,23.6,30.46,37.08,26.82,0.02,0.02,0.0,0.2,70.2,15.9,30.74,23.01,1012.56,44.0,20.92,0.0,5.288,10.1436,106.2249,11.582,11.852,2,8,3,84,1970-01-21 12:06:07.980,1970-01-21 12:06:50.640,Đông,,,
Vĩnh Long,Đồng bằng sông Cửu Long,2026-02-21,26.76,31.76,23.16,30.46,37.38,26.72,0.4599999999999999,0.4599999999999999,0.0,4.0,73.8,14.76,28.58,22.268,1009.94,48.2,21.32,0.0,4.9159999999999995,10.1436,106.2249,11.712,11.858,2,8,51,97,1970-01-21 12:07:34.344,1970-01-21 12:08:17.040,Đông,,,
Vĩnh Long,Đồng bằng sông Cửu Long,2026-02-22,26.42,30.58,22.96,30.619999999999997,35.94,27.44,0.76,0.76,0.0,4.4,79.2,11.96,24.5,21.518,1008.58,45.4,22.24,0.0,4.54,10.1436,106.2249,11.674,11.868,2,8,51,105,1970-01-21 12:09:00.720,1970-01-21 12:09:43.440,Đông,,,
Vĩnh Long,Đồng bằng sông Cửu Long,2026-02-23,26.68,31.02,23.64,30.26,35.339999999999996,27.8,0.0,0.0,0.0,0.0,76.0,13.64,31.02,23.162,1009.08,58.8,21.62,0.0,5.0760000000000005,10.1436,106.2249,11.634,11.878,2,9,3,106,1970-01-21 12:10:27.084,1970-01-21 12:11:09.840,Đông,,,
Vĩnh Long,Đồng bằng sông Cửu Long,2026-02-24,26.619999999999997,30.76,23.46,30.139999999999997,34.980000000000004,27.58,0.02,0.02,0.0,0.2,76.8,15.779999999999998,33.5,21.474,1009.68,95.4,21.82,0.0,4.7,10.1436,106.2249,11.468,11.888000000000002,2,9,3,109,1970-01-21 12:11:53.460,1970-01-21 12:12:36.264,Đông,,,
Vĩnh Long,Đồng bằng sông Cửu Long,2026-02-25,26.56,30.82,23.6,30.2,34.9,27.98,0.0,0.0,0.0,0.0,77.8,13.94,31.24,17.252000000000002,1009.96,95.6,22.119999999999997,0.0,3.95,10.1436,106.2249,8.418,11.898,2,9,3,104,1970-01-21 12:13:19.860,1970-01-21 12:14:02.664,Đông,,,
Vĩnh Long,Đồng bằng sông Cửu Long,2026-02-26,24.619999999999997,26.380000000000003,23.8,29.0,30.339999999999996,28.139999999999997,20.880000000000003,20.880000000000003,0.0,20.0,92.0,16.06,35.86,8.28,1008.9,100.0,23.24,0.0,1.654,10.1436,106.2249,2.106,11.902,2,9,63,85,1970-01-21 12:14:46.212,1970-01-21 12:15:29.064,Đông,,,
Vĩnh Long,Đồng bằng sông Cửu Long,2026-02-27,24.82,28.44,23.48,29.660000000000004,33.86,28.02,27.42,27.42,0.0,19.0,92.4,11.56,28.160000000000004,13.122,1007.88,82.4,23.46,0.0,2.536,10.1436,106.2249,7.034000000000001,11.912,2,9,65,84,1970-01-21 12:16:12.600,1970-01-21 12:16:55.488,Đông,,,
Vĩnh Long,Đồng bằng sông Cửu Long,2026-02-28,26.04,30.360000000000003,22.8,30.98,36.92,27.339999999999996,1.4,1.4,0.0,6.2,86.6,10.46,23.48,18.824,1007.92,27.2,23.46,0.0,3.81,10.1436,106.2249,11.14,11.922,2,9,53,108,1970-01-21 12:17:38.964,1970-01-21 12:18:21.900,Đông,,,
Vĩnh Long,Đồng bằng sông Cửu Long,2026-03-01,26.860000000000003,31.2,23.86,32.260000000000005,38.08,29.04,0.96,0.96,0.0,3.4,84.0,10.18,23.26,21.839999999999996,1008.24,32.2,23.72,0.0,4.506,10.1436,106.2249,11.472,11.932,3,9,51,124,1970-01-21 12:19:05.340,1970-01-21 12:19:48.300,Xuân,,,
Vĩnh Long,Đồng bằng sông Cửu Long,2026-03-02,27.44,31.619999999999997,23.94,32.67999999999999,37.92,29.360000000000003,0.42,0.42,0.0,3.0,82.0,11.0,22.84,22.158,1009.36,35.2,23.82,0.0,4.704000000000001,10.1436,106.2249,11.79,11.94,3,10,51,127,1970-01-21 12:20:31.704,1970-01-21 12:21:14.700,Xuân,,,
Vĩnh Long,Đồng bằng sông Cửu Long,2026-03-03,27.74,32.160000000000004,24.26,33.239999999999995,38.739999999999995,29.54,0.14,0.14,0.0,1.4,81.0,12.12,23.76,22.972,1009.72,48.6,23.78,0.0,4.846,10.1436,106.2249,11.744,11.95,3,10,51,137,1970-01-21 12:21:58.080,1970-01-21 12:22:41.100,Xuân,,,
Vĩnh Long,Đồng bằng sông Cửu Long,2026-03-04,27.26,31.6,24.44,32.38,37.86,29.48,0.58,0.58,0.0,3.4,81.8,12.56,26.139999999999997,22.672,1010.0,28.4,23.64,0.0,4.782,10.1436,106.2249,11.752,11.96,3,10,51,138,1970-01-21 12:23:24.456,1970-01-21 12:24:07.500,Xuân,,,
Vĩnh Long,Đồng bằng sông Cửu Long,2026-03-05,27.08,31.02,23.9,31.44,35.6,29.22,0.1399999999999999,0.1399999999999999,0.0,1.4,80.2,16.98,36.42,22.838,1009.82,31.6,23.0,0.0,4.884,10.1436,106.2249,11.776,11.97,3,10,51,103,1970-01-21 12:24:50.820,1970-01-21 12:25:33.900,Xuân,,,
Vĩnh Long,Đồng bằng sông Cửu Long,2026-03-06,26.1,31.0,22.64,31.0,37.44,26.839999999999996,5.840000000000001,5.840000000000001,0.0,10.2,83.6,10.9,29.9,21.162,1010.7,43.8,22.86,0.0,4.324,10.1436,106.2249,11.646,11.978,3,10,63,18,1970-01-21 12:26:17.196,1970-01-21 12:27:00.300,Xuân,,,
Vĩnh Long,Đồng bằng sông Cửu Long,2026-03-07,26.28,30.78,23.119999999999997,30.74,35.6,28.119999999999997,1.34,1.34,0.0,5.2,81.6,13.98,31.880000000000003,22.119999999999997,1011.4,55.6,22.6,0.0,4.64,10.1436,106.2249,11.4,11.988,3,10,51,77,1970-01-21 12:27:43.560,1970-01-21 12:28:26.700,Xuân,,,
Vĩnh Long,Đồng bằng sông Cửu Long,2026-03-08,26.52,30.7,23.5,30.48,36.120000000000005,27.360000000000003,0.92,0.92,0.0,4.0,77.4,11.7,24.64,22.508,1011.34,22.2,21.98,0.0,4.76,10.1436,106.2249,11.84,11.998,3,10,51,91,1970-01-21 12:29:09.936,1970-01-21 12:29:53.112,Xuân,,,
Vĩnh Long,Đồng bằng sông Cửu Long,2026-03-09,26.76,30.8,23.9,31.48,36.720000000000006,28.54,1.02,1.02,0.0,5.2,82.0,13.419999999999998,28.660000000000004,22.130000000000003,1011.88,30.2,23.2,0.0,4.636,10.1436,106.2249,11.73,12.008,3,11,51,90,1970-01-21 12:30:36.300,1970-01-21 12:31:19.512,Xuân,,,
Vĩnh Long,Đồng bằng sông Cửu Long,2026-03-10,26.98,31.619999999999997,23.84,31.48,38.260000000000005,28.28,1.8,1.8,0.0,3.4,80.0,16.26,33.760000000000005,22.144,1012.4,38.2,23.04,0.0,4.779999999999999,10.1436,106.2249,11.8,12.012,3,11,61,79,1970-01-21 12:32:02.664,1970-01-21 12:32:45.912,Xuân,,,
Vĩnh Long,Đồng bằng sông Cửu Long,2026-03-11,26.98,31.380000000000003,23.94,31.4,37.46,27.7,0.6,0.6,0.0,3.0,77.0,14.84,30.54,22.856,1011.62,64.4,22.34,0.0,4.942,10.1436,106.2249,11.868,12.022,3,11,51,78,1970-01-21 12:33:29.040,1970-01-21 12:34:12.312,Xuân,,,
Vĩnh Long,Đồng bằng sông Cửu Long,2026-03-12,26.96,30.7,24.72,29.6,34.36,26.8,0.4,0.4,0.0,3.4,71.0,19.56,39.260000000000005,23.292,1010.94,22.6,21.08,0.0,5.458,10.1436,106.2249,11.736,12.032,3,11,51,92,1970-01-21 12:34:55.392,1970-01-21 12:35:38.712,Xuân,,,
Vĩnh Long,Đồng bằng sông Cửu Long,2026-03-13,26.9,30.42,24.48,29.04,33.42,26.24,0.28,0.28,0.0,2.0,68.6,21.28,43.42,23.734,1011.4,18.6,20.380000000000003,0.0,5.682,10.1436,106.2249,11.888,12.04,3,11,51,88,1970-01-21 12:36:21.780,1970-01-21 12:37:05.112,Xuân,,,
Vĩnh Long,Đồng bằng sông Cửu Long,2026-03-14,26.880000000000003,30.74,24.48,30.139999999999997,34.6,28.0,0.42,0.42,0.0,2.8,74.2,17.580000000000002,35.260000000000005,20.99,1012.44,42.6,21.64,0.0,4.8340000000000005,10.1436,106.2249,10.098,12.05,3,11,51,84,1970-01-21 12:37:48.120,1970-01-21 12:38:31.512,Xuân,,,
Vĩnh Long,Đồng bằng sông Cửu Long,2026-03-15,26.68,30.9,23.4,30.380000000000003,35.839999999999996,27.22,1.28,1.28,0.0,7.0,76.4,18.06,34.64,23.124,1012.94,20.4,21.88,0.0,5.132,10.1436,106.2249,11.868,12.06,3,11,51,83,1970-01-21 12:39:14.508,1970-01-21 12:39:57.912,Xuân,,,
Vĩnh Long,Đồng bằng sông Cửu Long,2026-03-16,26.860000000000003,30.54,24.36,29.0,33.339999999999996,26.28,0.12,0.12,0.0,1.2,70.4,21.18,44.58,24.28,1011.76,9.2,20.76,0.0,5.758,10.1436,106.2249,11.916,12.07,3,12,1,100,1970-01-21 12:40:40.860,1970-01-21 12:41:24.312,Xuân,,,
Vĩnh Long,Đồng bằng sông Cửu Long,2026-03-17,26.58,30.44,24.04,29.2,33.88,26.660000000000004,0.1599999999999999,0.1599999999999999,0.0,1.2,73.6,19.76,41.760000000000005,24.142000000000003,1011.88,55.8,21.2,0.0,5.404,10.1436,106.2249,11.924,12.08,3,12,51,101,1970-01-21 12:42:07.236,1970-01-21 12:42:50.712,Xuân,,,
Vĩnh Long,Đồng bằng sông Cửu Long,2026-03-18,26.660000000000004,30.619999999999997,23.94,29.68,34.8,26.58,0.24,0.24,0.0,2.2,73.8,16.82,35.06,23.67,1012.18,31.0,21.28,0.0,5.276,10.1436,106.2249,11.934,12.09,3,12,51,108,1970-01-21 12:43:33.600,1970-01-21 12:44:17.112,Xuân,,,
Vĩnh Long,Đồng bằng sông Cửu Long,2026-03-19,26.56,30.94,23.38,29.92,35.1,27.139999999999997,0.0,0.0,0.0,0.0,74.8,16.68,35.96,23.664,1011.82,17.0,21.4,0.0,5.168,10.1436,106.2249,11.944,12.1,3,12,2,110,1970-01-21 12:44:59.952,1970-01-21 12:45:43.512,Xuân,,,
Vĩnh Long,Đồng bằng sông Cửu Long,2026-03-20,26.5,30.72,23.14,30.339999999999996,35.26,27.5,0.5,0.5,0.0,4.4,77.8,14.14,31.119999999999997,23.236,1011.8,55.2,21.98,0.0,4.96,10.1436,106.2249,11.954,12.11,3,12,51,114,1970-01-21 12:46:26.340,1970-01-21 12:47:09.912,Xuân,,,
Vĩnh Long,Đồng bằng sông Cửu Long,2026-03-21,26.72,31.1,23.28,30.42,35.379999999999995,27.54,0.06,0.06,0.0,0.6,76.6,15.72,34.64,24.298,1011.98,33.6,21.9,0.0,5.252000000000001,10.1436,106.2249,11.964,12.12,3,12,51,101,1970-01-21 12:47:52.680,1970-01-21 12:48:36.312,Xuân,,,
Vĩnh Long,Đồng bằng sông Cửu Long,2026-03-22,27.04,31.0,24.48,30.24,34.7,28.04,0.0,0.0,0.0,0.0,74.8,18.18,39.38,24.606,1011.46,15.6,21.84,0.0,5.434,10.1436,106.2249,11.972,12.13,3,12,1,104,1970-01-21 12:49:19.068,1970-01-21 12:50:02.712,Xuân,,,
Vĩnh Long,Đồng bằng sông Cửu Long,2026-03-23,27.0,31.32,23.9,30.619999999999997,35.78,27.96,0.18,0.18,0.0,1.8,76.0,15.84,35.36,24.088,1011.02,24.0,22.06,0.0,5.26,10.1436,106.2249,11.98,12.14,3,13,51,109,1970-01-21 12:50:45.420,1970-01-21 12:51:29.112,Xuân,,,
Vĩnh Long,Đồng bằng sông Cửu Long,2026-03-24,26.96,31.46,23.6,30.56,36.2,27.24,0.0,0.0,0.0,0.0,74.6,14.44,31.48,25.132,1010.04,16.0,21.7,0.0,5.484,10.1436,106.2249,11.99,12.15,3,13,2,110,1970-01-21 12:52:11.796,1970-01-21 12:52:55.512,Xuân,,,
Vĩnh Long,Đồng bằng sông Cửu Long,2026-03-25,26.94,31.9,22.92,30.52,36.06,27.119999999999997,0.0,0.0,0.0,0.0,74.6,14.72,32.019999999999996,25.910000000000004,1010.12,31.0,21.42,0.0,5.688,10.1436,106.2249,11.998,12.16,3,13,3,110,1970-01-21 12:53:38.160,1970-01-21 12:54:21.912,Xuân,,,
Vĩnh Long,Đồng bằng sông Cửu Long,2026-03-26,27.139999999999997,32.02,23.8,30.58,35.9,27.860000000000003,0.02,0.02,0.0,0.2,73.8,14.2,30.74,24.81,1010.1,17.6,21.5,0.0,5.537999999999999,10.1436,106.2249,12.0,12.168,3,13,2,104,1970-01-21 12:55:04.512,1970-01-21 12:55:48.312,Xuân,,,
Vĩnh Long,Đồng bằng sông Cửu Long,2026-03-27,26.839999999999996,31.8,23.06,30.28,36.06,27.1,0.0,0.0,0.0,0.0,73.2,12.96,28.58,24.532,1009.9,14.2,21.14,0.0,5.448,10.1436,106.2249,12.0,12.172,3,13,1,119,1970-01-21 12:56:30.900,1970-01-21 12:57:14.712,Xuân,,,
Vĩnh Long,Đồng bằng sông Cửu Long,2026-03-28,26.74,31.660000000000004,23.119999999999997,30.4,36.3,27.24,0.0,0.0,0.0,0.0,75.6,16.14,34.4,24.808,1009.3,37.0,21.68,0.0,5.43,10.1436,106.2249,12.0,12.182,3,13,3,114,1970-01-21 12:57:57.240,1970-01-21 12:58:41.112,Xuân,,,
Vĩnh Long,Đồng bằng sông Cửu Long,2026-03-29,27.54,32.86,23.2,31.880000000000003,37.96,28.1,0.0,0.0,0.0,0.0,77.0,15.72,34.26,25.456,1009.6,38.0,22.64,0.0,5.64,10.1436,106.2249,12.0,12.191999999999998,3,13,3,117,1970-01-21 12:59:23.628,1970-01-21 13:00:07.500,Xuân,,,
Vĩnh Long,Đồng bằng sông Cửu Long,2026-03-30,27.68,32.04,24.380000000000003,32.42,37.92,29.48,0.62,0.62,0.0,3.6,78.0,11.92,25.0,23.132,1010.38,25.6,23.04,0.0,5.09,10.1436,106.2249,11.918,12.202,3,14,51,115,1970-01-21 13:00:49.980,1970-01-21 13:01:33.900,Xuân,,,
Vĩnh Long,Đồng bằng sông Cửu Long,2026-03-31,27.82,32.86,23.8,32.6,39.6,28.6,0.06,0.06,0.0,0.6,75.8,13.2,26.2,24.7,1010.62,38.4,22.6,0.0,5.364,10.1436,106.2249,12.0,12.21,3,14,3,115,1970-01-21 13:02:16.344,1970-01-21 13:03:00.300,Xuân,,,
Vĩnh Long,Đồng bằng sông Cửu Long,2026-04-01,27.380000000000003,32.5,23.86,31.9,38.26,28.880000000000003,0.0,0.0,0.0,0.0,77.0,13.419999999999998,27.139999999999997,25.46,1010.48,21.4,22.48,0.0,5.561999999999999,10.1436,106.2249,11.826,12.22,4,14,3,116,1970-01-21 13:03:42.720,1970-01-21 13:04:26.700,Xuân,,,
Vĩnh Long,Đồng bằng sông Cửu Long,2026-04-02,27.6,32.36,23.8,31.52,36.96,28.5,0.0,0.0,0.0,0.0,74.0,14.36,32.7,24.848,1011.08,14.4,22.04,0.0,5.558,10.1436,106.2249,12.0,12.23,4,14,2,110,1970-01-21 13:05:09.072,1970-01-21 13:05:53.100,Xuân,,,
Vĩnh Long,Đồng bằng sông Cửu Long,2026-04-03,27.52,32.1,23.9,31.24,37.0,27.96,0.0,0.0,0.0,0.0,71.2,13.62,28.58,25.112,1010.28,43.8,21.36,0.0,5.638,10.1436,106.2249,11.932,12.24,4,14,3,123,1970-01-21 13:06:35.460,1970-01-21 13:07:19.500,Xuân,,,
Vĩnh Long,Đồng bằng sông Cửu Long,2026-04-04,27.28,32.92,21.92,31.9,37.98,26.639999999999997,0.0,0.0,0.0,0.0,76.2,12.36,24.84,24.072,1008.8,85.0,22.2,0.0,5.266,10.1436,106.2249,12.0,12.25,4,14,3,176,1970-01-21 13:08:01.800,1970-01-21 13:08:45.900,Xuân,,,
Vĩnh Long,Đồng bằng sông Cửu Long,2026-04-05,28.139999999999997,33.58,23.54,32.92,39.48,28.619999999999997,0.06,0.06,0.0,0.6,75.8,12.919999999999998,25.3,23.286,1008.36,19.4,22.98,0.0,5.25,10.1436,106.2249,12.0,12.26,4,14,2,170,1970-01-21 13:09:28.164,1970-01-21 13:10:12.300,Xuân,,,
Vĩnh Long,Đồng bằng sông Cửu Long,2026-04-06,28.58,34.08,23.98,33.2,40.04,28.92,0.0,0.0,0.0,0.0,73.6,14.1,26.94,25.380000000000003,1009.6,7.6,22.84,0.0,5.788,10.1436,106.2249,12.0,12.27,4,15,1,170,1970-01-21 13:10:54.540,1970-01-21 13:11:38.700,Xuân,,,
Vĩnh Long,Đồng bằng sông Cửu Long,2026-04-07,28.76,34.08,24.58,33.46,39.34,29.78,0.0,0.0,0.0,0.0,72.2,12.72,23.24,26.378000000000004,1010.16,50.8,22.44,0.0,5.808,10.1436,106.2249,12.0,12.278,4,15,3,203,1970-01-21 13:12:20.904,1970-01-21 13:13:05.100,Xuân,,,
Vĩnh Long,Đồng bằng sông Cửu Long,2026-04-08,29.02,34.22,24.76,34.3,40.28,30.56,0.04,0.04,0.0,0.4,75.8,14.18,28.360000000000003,23.678,1010.14,32.0,23.76,0.0,5.366,10.1436,106.2249,12.0,12.288,4,15,3,183,1970-01-21 13:13:47.280,1970-01-21 13:14:31.500,Xuân,,,
Vĩnh Long,Đồng bằng sông Cửu Long,2026-04-09,28.56,33.260000000000005,24.64,33.160000000000004,39.17999999999999,29.860000000000003,0.0,0.0,0.0,0.0,74.0,12.78,27.02,25.318,1010.94,9.6,22.96,0.0,5.746,10.1436,106.2249,12.0,12.298,4,15,1,148,1970-01-21 13:15:13.632,1970-01-21 13:15:57.900,Xuân,,,
Vĩnh Long,Đồng bằng sông Cửu Long,2026-04-10,28.56,33.94,23.98,33.42,40.559999999999995,28.9,0.04,0.04,0.0,0.4,73.4,13.46,26.860000000000003,23.42,1011.02,24.6,22.86,0.0,5.284000000000001,10.1436,106.2249,12.0,12.308000000000002,4,15,3,150,1970-01-21 13:16:40.020,1970-01-21 13:17:24.300,Xuân,,,
Vĩnh Long,Đồng bằng sông Cửu Long,2026-04-11,28.9,34.019999999999996,24.6,33.68,39.92,29.76,0.2799999999999999,0.2799999999999999,0.0,2.0,72.4,13.26,25.48,24.198,1009.88,18.8,22.9,0.0,5.5200000000000005,10.1436,106.2249,12.0,12.312,4,15,51,197,1970-01-21 13:18:06.360,1970-01-21 13:18:50.700,Xuân,,,
Vĩnh Long,Đồng bằng sông Cửu Long,2026-04-12,28.68,33.72,24.58,33.56,39.68,30.02,0.3,0.3,0.0,1.8,75.2,13.460000000000004,28.72,23.628,1008.94,10.6,23.46,0.0,5.396,10.1436,106.2249,12.0,12.322,4,15,51,174,1970-01-21 13:19:32.760,1970-01-21 13:20:17.100,Xuân,,,
Vĩnh Long,Đồng bằng sông Cửu Long,2026-04-13,28.92,33.72,24.880000000000003,33.660000000000004,39.06,30.1,0.4,0.4,0.0,2.6,72.6,11.8,24.28,23.33,1009.94,17.0,23.08,0.0,5.338,10.1436,106.2249,12.0,12.332,4,16,51,169,1970-01-21 13:20:59.100,1970-01-21 13:21:43.500,Xuân,,,
Vĩnh Long,Đồng bằng sông Cửu Long,2026-04-14,28.9,33.36,24.92,34.18,39.84,30.660000000000004,0.3,0.3,0.0,3.0,74.8,11.72,23.26,23.604,1009.66,15.4,23.5,0.0,5.306,10.1436,106.2249,12.0,12.342,4,16,51,150,1970-01-21 13:22:25.500,1970-01-21 13:23:09.900,Xuân,,,
Vĩnh Long,Đồng bằng sông Cửu Long,2026-04-15,28.68,33.2,24.74,33.18,38.52,29.98,0.02,0.02,0.0,0.2,71.8,12.04,26.619999999999997,21.474,1008.82,44.2,22.619999999999997,0.0,5.037999999999999,10.1436,106.2249,11.918,12.35,4,16,3,153,1970-01-21 13:23:51.840,1970-01-21 13:24:36.300,Xuân,,,
Vĩnh Long,Đồng bằng sông Cửu Long,2026-04-16,28.98,34.4,24.520000000000003,33.18,39.5,29.360000000000003,0.0,0.0,0.0,0.0,69.2,15.14,31.96,23.366,1008.82,27.0,22.24,0.0,5.574,10.1436,106.2249,12.0,12.358,4,16,3,132,1970-01-21 13:25:18.240,1970-01-21 13:26:02.700,Xuân,,,
Vĩnh Long,Đồng bằng sông Cửu Long,2026-04-17,29.139999999999997,34.660000000000004,25.18,33.4,40.1,29.96,0.0,0.0,0.0,0.0,68.0,15.0,32.68,24.384,1009.24,15.0,22.06,0.0,5.76,10.1436,106.2249,12.0,12.368,4,16,3,139,1970-01-21 13:26:44.580,1970-01-21 13:27:29.100,Xuân,,,
Vĩnh Long,Đồng bằng sông Cửu Long,2026-04-18,28.8,33.720000000000006,24.24,32.94,38.760000000000005,29.26,0.04,0.04,0.0,0.4,69.6,14.12,28.72,23.486,1009.18,35.2,22.04,0.0,5.556,10.1436,106.2249,12.0,12.378,4,16,3,119,1970-01-21 13:28:10.980,1970-01-21 13:28:55.512,Xuân,,,
Vĩnh Long,Đồng bằng sông Cửu Long,2026-04-19,28.74,32.54,25.46,33.06,37.8,30.2,0.86,0.86,0.0,6.2,72.0,14.78,31.839999999999996,22.996,1009.2,39.8,22.94,0.0,5.362,10.1436,106.2249,11.904,12.388000000000002,4,16,51,117,1970-01-21 13:29:37.320,1970-01-21 13:30:21.924,Xuân,,,
Vĩnh Long,Đồng bằng sông Cửu Long,2026-04-20,28.44,32.6,25.32,31.94,36.82,28.339999999999996,0.44,0.44,0.0,2.2,66.8,14.68,33.38,22.9,1009.5,42.8,21.48,0.0,5.45,10.1436,106.2249,12.0,12.392,4,17,51,114,1970-01-21 13:31:03.720,1970-01-21 13:31:48.324,Xuân,,,
Vĩnh Long,Đồng bằng sông Cửu Long,2026-04-21,27.68,32.0,24.18,30.56,34.86,27.5,0.0,0.0,0.0,0.0,66.4,14.82,33.12,19.576,1009.04,52.2,20.56,0.0,4.843999999999999,10.1436,106.2249,11.08,12.402,4,17,3,112,1970-01-21 13:32:30.084,1970-01-21 13:33:14.724,Xuân,,,
Vĩnh Long,Đồng bằng sông Cửu Long,2026-04-22,27.96,32.660000000000004,23.72,31.7,37.260000000000005,27.46,0.0,0.0,0.0,0.0,70.0,12.72,28.48,22.901999999999997,1008.5,21.4,21.58,0.0,5.318,10.1436,106.2249,12.0,12.412,4,17,3,126,1970-01-21 13:33:56.460,1970-01-21 13:34:41.124,Xuân,,,
Vĩnh Long,Đồng bằng sông Cửu Long,2026-04-23,28.28,33.3,24.08,32.28,38.6,28.639999999999997,0.0,0.0,0.0,0.0,71.0,14.56,31.6,24.632,1008.12,10.6,22.0,0.0,5.682,10.1436,106.2249,12.0,12.42,4,17,1,142,1970-01-21 13:35:22.824,1970-01-21 13:36:07.524,Xuân,,,
Vĩnh Long,Đồng bằng sông Cửu Long,2026-04-24,28.24,33.82,23.46,32.38,39.22,27.72,0.0,0.0,0.0,0.0,71.0,13.62,27.8,25.612,1008.7,66.4,21.880000000000003,0.0,5.85,10.1436,106.2249,12.0,12.43,4,17,3,142,1970-01-21 13:36:49.200,1970-01-21 13:37:33.924,Xuân,,,
Vĩnh Long,Đồng bằng sông Cửu Long,2026-04-25,28.72,32.980000000000004,24.76,33.1,37.92,29.5,0.16,0.16,0.0,1.6,73.8,16.0,35.8,23.472,1010.06,49.6,23.160000000000004,0.0,5.4399999999999995,10.1436,106.2249,12.0,12.438,4,17,51,100,1970-01-21 13:38:15.564,1970-01-21 13:39:00.360,Xuân,,,
Vĩnh Long,Đồng bằng sông Cửu Long,2026-04-26,29.139999999999997,33.8,25.7,33.6,38.22,30.839999999999996,0.02,0.02,0.0,0.2,71.8,15.04,33.28,24.088,1009.66,30.2,23.02,0.0,5.662000000000001,10.1436,106.2249,12.0,12.448,4,17,3,99,1970-01-21 13:39:41.940,1970-01-21 13:40:26.760,Xuân,,,
Vĩnh Long,Đồng bằng sông Cửu Long,2026-04-27,29.24,33.78,25.78,34.0,38.56,31.08,0.02,0.02,0.0,0.2,74.6,15.5,34.06,24.672,1008.84,34.4,23.7,0.0,5.7219999999999995,10.1436,106.2249,12.0,12.452,4,18,3,99,1970-01-21 13:41:08.316,1970-01-21 13:41:53.160,Xuân,,,
Vĩnh Long,Đồng bằng sông Cửu Long,2026-04-28,29.44,34.480000000000004,25.82,34.339999999999996,39.239999999999995,31.5,0.0,0.0,0.0,0.0,72.6,13.2,29.74,24.986,1008.8,43.2,23.32,0.0,5.824,10.1436,106.2249,12.0,12.46,4,18,3,117,1970-01-21 13:42:34.680,1970-01-21 13:43:19.560,Xuân,,,
Vĩnh Long,Đồng bằng sông Cửu Long,2026-04-29,29.24,34.06,25.1,34.42,40.4,31.04,0.14,0.14,0.0,1.0,72.2,11.34,23.64,24.432,1009.42,58.6,23.02,0.0,5.5600000000000005,10.1436,106.2249,11.95,12.47,4,18,51,125,1970-01-21 13:44:01.080,1970-01-21 13:44:45.960,Xuân,,,
Vĩnh Long,Đồng bằng sông Cửu Long,2026-04-30,29.5,34.339999999999996,25.860000000000003,34.260000000000005,38.92,31.7,0.04,0.04,0.0,0.4,72.6,17.060000000000002,36.64,24.54,1009.86,37.0,23.56,0.0,5.819999999999999,10.1436,106.2249,12.0,12.48,4,18,3,96,1970-01-21 13:45:27.444,1970-01-21 13:46:12.360,Xuân,,,
Vĩnh Long,Đồng bằng sông Cửu Long,2026-05-01,29.82,34.7,26.139999999999997,34.06,38.44,31.56,0.02,0.02,0.0,0.2,70.2,19.04,40.48,24.704,1009.6,61.6,23.16,0.0,6.12,10.1436,106.2249,12.0,12.488,5,18,3,99,1970-01-21 13:46:53.820,1970-01-21 13:47:38.784,Xuân,,,
Vĩnh Long,Đồng bằng sông Cửu Long,2026-05-02,28.880000000000003,32.7,26.46,33.88,38.42,31.380000000000003,5.5600000000000005,5.5600000000000005,0.0,7.6,76.4,15.02,38.36,20.869999999999997,1009.2,79.6,24.14,0.0,4.7,10.1436,106.2249,11.675999999999998,12.492,5,18,63,102,1970-01-21 13:48:20.220,1970-01-21 13:49:05.184,Xuân,,,
Vĩnh Long,Đồng bằng sông Cửu Long,2026-05-03,28.660000000000004,31.76,26.2,33.96,37.239999999999995,32.2,1.98,1.98,0.0,4.8,78.6,16.56,37.32,20.204,1009.08,99.8,24.380000000000003,0.0,4.465999999999999,10.1436,106.2249,11.226,12.5,5,18,53,106,1970-01-21 13:49:46.584,1970-01-21 13:50:31.584,Xuân,,,
Vĩnh Long,Đồng bằng sông Cửu Long,2026-05-04,29.139999999999997,33.14,25.44,34.3,39.0,30.94,1.52,1.52,0.0,5.4,76.4,14.1,31.46,21.842,1009.88,95.4,24.28,0.0,5.062,10.1436,106.2249,11.604,12.51,5,19,53,95,1970-01-21 13:51:12.960,1970-01-21 13:51:57.996,Xuân,,,
Vĩnh Long,Đồng bằng sông Cửu Long,2026-05-05,28.880000000000003,32.22,26.42,33.6,37.22,30.92,7.0200000000000005,7.0200000000000005,0.0,8.6,76.8,18.6,42.28,20.616,1009.28,100.0,24.3,0.0,4.706,10.1436,106.2249,10.572,12.52,5,19,63,93,1970-01-21 13:52:39.360,1970-01-21 13:53:24.420,Xuân,,,
Vĩnh Long,Đồng bằng sông Cửu Long,2026-05-06,28.18,32.58,25.0,33.28,37.84,29.46,7.2,7.2,0.0,10.0,81.2,17.46,37.22,20.042,1008.86,99.8,24.48,0.0,4.351999999999999,10.1436,106.2249,10.047999999999998,12.522,5,19,63,99,1970-01-21 13:54:05.724,1970-01-21 13:54:50.820,Xuân,,,
Vĩnh Long,Đồng bằng sông Cửu Long,2026-05-07,29.139999999999997,33.2,26.360000000000003,34.220000000000006,39.34,31.660000000000004,0.06,0.06,0.0,0.6,76.6,15.38,32.92,22.204,1008.02,57.0,24.36,0.0,5.07,10.1436,106.2249,11.63,12.53,5,19,3,111,1970-01-21 13:55:32.112,1970-01-21 13:56:17.220,Xuân,,,
Vĩnh Long,Đồng bằng sông Cửu Long,2026-05-08,29.26,32.82,26.18,34.160000000000004,38.260000000000005,31.54,0.44,0.44,0.0,3.2,73.4,14.78,31.639999999999997,22.168,1008.6,98.4,23.8,0.0,5.164,10.1436,106.2249,11.72,12.54,5,19,51,102,1970-01-21 13:56:58.500,1970-01-21 13:57:43.644,Xuân,,,
Vĩnh Long,Đồng bằng sông Cửu Long,2026-05-09,29.839999999999996,34.239999999999995,26.32,34.36,38.779999999999994,31.74,0.2799999999999999,0.2799999999999999,0.0,2.2,70.0,15.52,34.839999999999996,24.145999999999997,1009.06,62.0,23.34,0.0,5.832,10.1436,106.2249,12.0,12.55,5,19,51,102,1970-01-21 13:58:24.888,1970-01-21 13:59:10.044,Xuân,,,
Vĩnh Long,Đồng bằng sông Cửu Long,2026-05-10,29.5,32.78,27.7,33.86,36.96,31.82,5.720000000000001,5.720000000000001,0.0,8.2,75.4,22.6,50.46,20.126,1008.52,92.4,24.5,0.0,4.938,10.1436,106.2249,11.944,12.55,5,19,63,96,1970-01-21 13:59:51.264,1970-01-21 14:00:36.444,Xuân,,,
Vĩnh Long,Đồng bằng sông Cửu Long,2026-05-11,29.28,33.36,26.08,33.62,38.260000000000005,30.58,0.78,0.78,0.0,3.8,74.6,21.92,45.8,23.171999999999997,1009.14,76.2,24.1,0.0,5.488,10.1436,106.2249,12.0,12.56,5,20,51,106,1970-01-21 14:01:17.652,1970-01-21 14:02:02.880,Xuân,,,
Vĩnh Long,Đồng bằng sông Cửu Long,2026-05-12,30.22,34.54,27.24,34.6,39.08,31.94,0.04,0.04,0.0,0.4,68.2,14.86,34.06,24.678,1008.06,87.2,23.24,0.0,6.066,10.1436,106.2249,12.0,12.57,5,20,3,115,1970-01-21 14:02:44.040,1970-01-21 14:03:29.280,Xuân,,,
Vĩnh Long,Đồng bằng sông Cửu Long,2026-05-13,30.42,35.6,26.58,35.82,41.84,32.2,0.82,0.82,0.0,3.8,70.4,13.62,28.22,24.534,1007.26,80.6,23.98,0.0,5.772,10.1436,106.2249,12.0,12.57,5,20,51,145,1970-01-21 14:04:10.428,1970-01-21 14:04:55.680,Xuân,,,
Vĩnh Long,Đồng bằng sông Cửu Long,2026-05-14,29.880000000000003,35.760000000000005,26.18,35.46,41.92,32.260000000000005,2.12,2.12,0.0,4.0,74.0,17.22,40.32,22.27,1007.2,90.4,24.32,0.0,5.072,10.1436,106.2249,11.79,12.58,5,20,53,221,1970-01-21 14:05:36.804,1970-01-21 14:06:22.104,Xuân,,,
Vĩnh Long,Đồng bằng sông Cửu Long,2026-05-15,30.26,35.5,26.82,36.12,42.32,32.72,2.5599999999999996,2.5599999999999996,0.0,6.0,74.0,12.86,29.74,24.082,1006.86,84.6,24.68,0.0,5.544,10.1436,106.2249,11.78,12.59,5,20,53,235,1970-01-21 14:07:03.204,1970-01-21 14:07:48.504,Xuân,,,
Vĩnh Long,Đồng bằng sông Cửu Long,2026-05-16,30.26,35.08,27.02,36.059999999999995,42.3,32.42,2.52,2.52,0.0,3.8,72.8,15.139999999999995,31.76,23.136000000000003,1007.0,87.0,24.52,0.0,5.338,10.1436,106.2249,11.872,12.59,5,20,61,291,1970-01-21 14:08:29.592,1970-01-21 14:09:14.940,Xuân,,,
Vĩnh Long,Đồng bằng sông Cửu Long,2026-05-17,29.08,34.88,26.94,35.62,42.82,33.160000000000004,4.12,4.12,0.0,7.2,82.6,15.44,42.06,19.706,1006.9,92.8,25.619999999999997,0.0,4.272,10.1436,106.2249,9.862,12.6,5,20,53,234,1970-01-21 14:09:55.980,1970-01-21 14:10:41.340,Xuân,,,
Vĩnh Long,Đồng bằng sông Cửu Long,2026-05-18,28.9,33.94,25.96,34.72,40.739999999999995,30.96,7.56,7.56,0.0,9.0,80.6,16.78,36.36,22.33,1006.82,86.6,25.0,0.0,4.926,10.1436,106.2249,11.034,12.61,5,21,63,211,1970-01-21 14:11:22.380,1970-01-21 14:12:07.752,Xuân,,,
Vĩnh Long,Đồng bằng sông Cửu Long,2026-05-19,28.22,32.52,25.92,33.96,38.239999999999995,31.56,5.62,5.62,0.0,8.0,84.8,16.36,38.46,18.77,1006.68,93.4,25.26,0.0,3.926,10.1436,106.2249,10.89,12.61,5,21,61,202,1970-01-21 14:12:48.768,1970-01-21 14:13:34.164,Xuân,,,
Vĩnh Long,Đồng bằng sông Cửu Long,2026-05-20,28.619999999999997,32.88,26.339999999999996,34.339999999999996,38.42,31.46,4.779999999999999,4.779999999999999,0.0,9.4,82.2,13.580000000000002,31.339999999999996,18.880000000000003,1006.78,88.8,25.1,0.0,4.108,10.1436,106.2249,11.336,12.62,5,21,61,185,1970-01-21 14:14:15.144,1970-01-21 14:15:00.576,Xuân,,,
Vĩnh Long,Đồng bằng sông Cửu Long,2026-05-21,27.78,30.619999999999997,25.26,33.8,36.78,30.360000000000003,20.5,20.5,0.0,11.2,86.6,14.44,31.660000000000004,16.056,1009.2,81.0,25.28,0.0,3.354,10.1436,106.2249,8.49,12.622,5,21,63,196,1970-01-21 14:15:41.544,1970-01-21 14:16:27.000,Xuân,,,
Vĩnh Long,Đồng bằng sông Cửu Long,2026-05-22,29.160000000000004,33.5,26.18,35.36,40.98,32.2,2.5,2.5,0.0,5.8,79.8,11.34,27.42,23.234,1010.32,57.0,25.08,0.0,4.9719999999999995,10.1436,106.2249,11.922,12.63,5,21,53,173,1970-01-21 14:17:07.944,1970-01-21 14:17:53.400,Xuân,,,
Vĩnh Long,Đồng bằng sông Cửu Long,2026-05-23,29.119999999999997,33.94,26.2,35.260000000000005,40.88,32.4,1.5,1.5,0.0,5.6,78.8,13.5,29.98,24.266,1010.68,67.8,24.8,0.0,5.192,10.1436,106.2249,12.004,12.638,5,21,53,219,1970-01-21 14:18:34.332,1970-01-21 14:19:19.824,Xuân,,,
Vĩnh Long,Đồng bằng sông Cửu Long,2026-05-24,29.54,34.38,26.48,35.58,41.32,32.36,1.24,1.24,0.0,4.0,77.4,12.4,27.24,23.418,1010.72,66.2,24.8,0.0,5.176,10.1436,106.2249,11.994,12.64,5,21,51,211,1970-01-21 14:20:00.732,1970-01-21 14:20:46.224,Xuân,,,
Vĩnh Long,Đồng bằng sông Cửu Long,2026-05-25,29.3,34.4,26.2,35.46,41.86,32.2,3.16,3.16,0.0,4.8,80.6,13.0,28.659999999999997,23.214,1010.0,64.4,25.380000000000003,0.0,5.072,10.1436,106.2249,11.782,12.648,5,22,51,219,1970-01-21 14:21:27.132,1970-01-21 14:22:12.660,Xuân,,,
Vĩnh Long,Đồng bằng sông Cửu Long,2026-05-26,30.119999999999997,34.9,26.48,35.160000000000004,41.040000000000006,31.8,1.2,1.2,0.0,3.2,72.4,19.1,39.739999999999995,24.248,1009.02,60.6,24.32,0.0,5.782,10.1436,106.2249,12.002,12.65,5,22,53,255,1970-01-21 14:22:53.520,1970-01-21 14:23:39.060,Xuân,,,
Vĩnh Long,Đồng bằng sông Cửu Long,2026-05-27,28.880000000000003,31.28,27.32,34.739999999999995,36.72,32.58,6.659999999999999,6.659999999999999,0.0,7.4,81.8,15.28,39.4,13.801999999999998,1009.38,98.6,25.42,0.0,3.1559999999999997,10.1436,106.2249,6.7620000000000005,12.658,5,22,63,243,1970-01-21 14:24:19.920,1970-01-21 14:25:05.484,Xuân,,,
Vĩnh Long,Đồng bằng sông Cửu Long,2026-05-28,28.92,32.339999999999996,26.619999999999997,34.879999999999995,38.56,32.1,2.3,2.3,0.0,6.8,82.2,12.28,25.639999999999997,14.776,1009.3,97.6,25.44,0.0,3.3600000000000003,10.1436,106.2249,6.314,12.66,5,22,53,238,1970-01-21 14:25:46.320,1970-01-21 14:26:31.884,Xuân,,,
Vĩnh Long,Đồng bằng sông Cửu Long,2026-05-29,26.339999999999996,28.660000000000004,24.64,31.9,35.160000000000004,29.22,16.759999999999998,16.759999999999998,0.0,12.6,91.8,13.14,29.8,8.8,1009.64,98.6,24.9,0.0,1.872,10.1436,106.2249,1.13,12.662,5,22,63,266,1970-01-21 14:27:12.720,1970-01-21 14:27:58.320,Xuân,,,
Vĩnh Long,Đồng bằng sông Cửu Long,2026-05-30,26.8,30.619999999999997,24.72,32.12,35.86,29.339999999999996,8.24,8.24,0.0,11.2,87.2,12.88,26.92,9.822,1009.34,99.0,24.3,0.0,2.232,10.1436,106.2249,3.1,12.67,5,22,63,274,1970-01-21 14:28:39.120,1970-01-21 14:29:24.732,Xuân,,,
Vĩnh Long,Đồng bằng sông Cửu Long,2026-05-31,26.160000000000004,30.18,24.02,31.32,35.339999999999996,28.98,14.7,14.7,0.0,10.2,89.6,11.82,28.44,13.563999999999998,1009.28,99.8,24.2,0.0,2.788,10.1436,106.2249,5.034000000000001,12.67,5,22,63,296,1970-01-21 14:30:05.520,1970-01-21 14:30:51.144,Xuân,,,
Vĩnh Long,Đồng bằng sông Cửu Long,2026-06-01,27.24,31.52,25.2,32.8,37.44,30.28,6.640000000000001,6.640000000000001,0.0,7.8,86.8,14.44,33.760000000000005,17.716,1009.34,97.4,24.66,0.0,3.618,10.1436,106.2249,9.736,12.68,6,23,63,277,1970-01-21 14:31:31.932,1970-01-21 14:32:17.568,Hè,,,
Vĩnh Long,Đồng bằng sông Cửu Long,2026-06-02,26.380000000000003,30.1,24.54,31.94,36.94,29.160000000000004,20.619999999999997,20.619999999999997,0.0,18.2,92.8,16.32,37.24,14.71,1008.32,95.6,25.08,0.0,2.85,10.1436,106.2249,6.44,12.68,6,23,63,246,1970-01-21 14:32:58.332,1970-01-21 14:33:43.980,Hè,,,
Vĩnh Long,Đồng bằng sông Cửu Long,2026-06-03,26.139999999999997,29.9,24.5,31.32,35.68,29.06,15.720000000000002,15.720000000000002,0.0,20.6,92.2,15.919999999999998,39.68,13.574000000000002,1007.9,94.4,24.72,0.0,2.662,10.1436,106.2249,6.442,12.682,6,23,63,240,1970-01-21 14:34:24.732,1970-01-21 14:35:10.404,Hè,,,
Vĩnh Long,Đồng bằng sông Cửu Long,2026-06-04,27.48,31.3,24.96,32.46,36.32,29.9,3.12,3.12,0.0,13.4,86.6,20.119999999999997,41.760000000000005,18.912,1007.88,93.0,24.92,0.0,3.928,10.1436,106.2249,10.682,12.69,6,23,53,221,1970-01-21 14:35:51.144,1970-01-21 14:36:36.804,Hè,,,
Vĩnh Long,Đồng bằng sông Cửu Long,2026-06-05,28.9,32.38,25.82,33.94,37.519999999999996,31.18,1.54,1.54,0.0,9.2,79.2,17.52,37.660000000000004,22.25,1009.0200000000001,86.8,24.68,0.0,4.959999999999999,10.1436,106.2249,11.658,12.69,6,23,51,215,1970-01-21 14:37:17.544,1970-01-21 14:38:03.240,Hè,,,
Vĩnh Long,Đồng bằng sông Cửu Long,2026-06-06,28.82,32.86,26.26,34.8,38.78,32.019999999999996,2.7399999999999998,2.7399999999999998,0.0,8.2,83.2,17.240000000000002,38.3,22.654,1010.1800000000001,95.8,25.5,0.0,4.7299999999999995,10.1436,106.2249,11.686,12.692,6,23,53,213,1970-01-21 14:38:43.944,1970-01-21 14:39:29.640,Hè,,,
Vĩnh Long,Đồng bằng sông Cửu Long,2026-06-07,29.26,33.58,25.96,35.120000000000005,39.44,32.339999999999996,1.5,1.5,0.0,6.4,80.0,17.04,38.36,23.838,1010.54,92.6,25.119999999999997,0.0,5.248,10.1436,106.2249,12.0,12.7,6,23,53,224,1970-01-21 14:40:10.344,1970-01-21 14:40:56.064,Hè,,,
Vĩnh Long,Đồng bằng sông Cửu Long,2026-06-08,28.82,32.62,26.22,34.38,38.72,32.12,2.82,2.82,0.0,8.6,81.8,20.2,42.4,22.572,1009.4799999999999,91.2,25.28,0.0,4.806,10.1436,106.2249,11.838,12.7,6,24,53,236,1970-01-21 14:41:36.756,1970-01-21 14:42:22.476,Hè,,,
Vĩnh Long,Đồng bằng sông Cửu Long,2026-06-09,28.48,32.68,26.160000000000004,33.760000000000005,37.980000000000004,31.78,4.26,4.26,0.0,9.4,81.8,17.32,35.94,19.95,1009.3,96.6,24.92,0.0,4.35,10.1436,106.2249,10.466,12.702,6,24,63,247,1970-01-21 14:43:03.168,1970-01-21 14:43:48.900,Hè,,,
Vĩnh Long,Đồng bằng sông Cửu Long,2026-06-10,28.1,31.26,26.02,33.78,36.019999999999996,31.639999999999997,4.9399999999999995,4.9399999999999995,0.0,7.4,84.4,17.080000000000002,37.44,17.738,1010.26,99.4,25.16,0.0,3.7119999999999997,10.1436,106.2249,10.053999999999998,12.708000000000002,6,24,61,231,1970-01-21 14:44:29.568,1970-01-21 14:45:15.312,Hè,,,
Vĩnh Long,Đồng bằng sông Cửu Long,2026-06-11,28.119999999999997,34.36,24.52,34.0,41.18,28.78,8.66,8.66,0.0,11.0,83.8,18.86,44.08,22.236,1012.24,96.2,24.7,0.0,4.668,10.1436,106.2249,10.564,12.708000000000002,6,24,63,232,1970-01-21 14:45:55.980,1970-01-21 14:46:41.724,Hè,,,
Vĩnh Long,Đồng bằng sông Cửu Long,2026-06-12,28.160000000000004,32.68,25.3,34.879999999999995,40.279999999999994,31.52,3.5799999999999996,3.5799999999999996,0.0,7.0,85.8,9.2,21.880000000000003,20.704,1012.96,73.6,25.32,0.0,4.35,10.1436,106.2249,10.714,12.71,6,24,61,273,1970-01-21 14:47:22.392,1970-01-21 14:48:08.124,Hè,,,
Vĩnh Long,Đồng bằng sông Cửu Long,2026-06-13,28.560000000000002,33.58,25.580000000000002,35.18,40.36,31.54,2.84,2.84,0.0,9.6,84.6,10.5,22.68,23.288,1011.1200000000001,45.0,25.4,0.0,4.888,10.1436,106.2249,11.992,12.71,6,24,55,255,1970-01-21 14:48:48.792,1970-01-21 14:49:34.560,Hè,,,
Vĩnh Long,Đồng bằng sông Cửu Long,2026-06-14,27.3,31.060000000000002,25.18,33.46,38.22,30.48,15.86,15.86,0.0,9.4,89.0,15.4,34.7,19.663999999999998,1010.1200000000001,72.0,25.240000000000002,0.0,3.874,10.1436,106.2249,10.99,12.71,6,24,63,210,1970-01-21 14:50:15.204,1970-01-21 14:51:00.972,Hè,,,
Vĩnh Long,Đồng bằng sông Cửu Long,2026-06-15,27.5,32.36,24.94,33.260000000000005,39.519999999999996,30.080000000000002,7.0,7.0,0.0,8.8,86.0,14.16,33.64,22.906,1010.0799999999999,62.0,24.84,0.0,4.61,10.1436,106.2249,11.894,12.712,6,25,61,239,1970-01-21 14:51:41.604,1970-01-21 14:52:27.384,Hè,,,
Vĩnh Long,Đồng bằng sông Cửu Long,2026-06-16,28.139999999999997,32.88,25.56,34.08,39.760000000000005,31.22,4.76,4.76,0.0,9.0,84.4,12.040000000000001,26.919999999999998,22.836000000000002,1010.36,63.8,25.04,0.0,4.8,10.1436,106.2249,11.376000000000001,12.712,6,25,53,229,1970-01-21 14:53:08.028,1970-01-21 14:53:53.784,Hè,,,
Vĩnh Long,Đồng bằng sông Cửu Long,2026-06-17,28.139999999999997,32.92,25.54,34.14,39.64,31.380000000000003,3.0,3.0,0.0,6.8,84.4,11.92,27.74,22.324,1010.6200000000001,76.0,25.0,0.0,4.6659999999999995,10.1436,106.2249,11.85,12.718,6,25,53,244,1970-01-21 14:54:34.440,1970-01-21 14:55:20.220,Hè,,,
Vĩnh Long,Đồng bằng sông Cửu Long,2026-06-18,28.0,32.92,24.919999999999998,33.62,39.040000000000006,30.26,3.1,3.1,0.0,6.8,82.4,12.86,28.660000000000004,21.674,1010.5200000000001,92.4,24.36,0.0,4.6579999999999995,10.1436,106.2249,11.234,12.718,6,25,61,233,1970-01-21 14:56:00.852,1970-01-21 14:56:46.632,Hè,,,
Vĩnh Long,Đồng bằng sông Cửu Long,2026-06-19,28.22,33.42,25.22,34.7,40.7,31.439999999999998,1.34,1.34,0.0,6.8,83.8,12.12,26.560000000000002,22.268,1010.0,94.4,24.9,0.0,4.704,10.1436,106.2249,11.373999999999999,12.718,6,25,51,193,1970-01-21 14:57:27.264,1970-01-21 14:58:13.044,Hè,,,
Vĩnh Long,Đồng bằng sông Cửu Long,2026-06-20,28.380000000000003,33.62,25.6,34.739999999999995,40.58,31.5,2.18,2.18,0.0,7.2,83.6,15.1,35.86,23.428,1010.3199999999999,49.8,25.0,0.0,4.898000000000001,10.1436,106.2249,11.9,12.718,6,25,53,214,1970-01-21 14:58:53.664,1970-01-21 14:59:39.444,Hè,,,
Vĩnh Long,Đồng bằng sông Cửu Long,2026-06-21,28.98,33.54,25.78,35.06,39.980000000000004,31.96,1.16,1.16,0.0,5.8,79.8,12.02,26.839999999999996,24.124000000000002,1010.4200000000001,85.6,24.8,0.0,5.202,10.1436,106.2249,12.0,12.718,6,25,53,215,1970-01-21 15:00:20.088,1970-01-21 15:01:05.868,Hè,,,
Vĩnh Long,Đồng bằng sông Cửu Long,2026-06-22,29.5,33.88,25.619999999999997,34.96,39.78,31.24,0.7,0.7,0.0,4.6,76.0,12.42,28.360000000000003,24.009999999999998,1009.0799999999999,69.0,24.419999999999998,0.0,5.42,10.1436,106.2249,12.0,12.718,6,26,51,257,1970-01-21 15:01:46.500,1970-01-21 15:02:32.280,Hè,,,
Vĩnh Long,Đồng bằng sông Cửu Long,2026-06-23,28.98,32.239999999999995,26.54,34.480000000000004,37.54,31.98,3.3,3.3,0.0,8.4,80.2,14.52,32.839999999999996,17.862000000000002,1008.18,88.8,25.06,0.0,4.076,10.1436,106.2249,10.675999999999998,12.718,6,26,53,234,1970-01-21 15:03:12.924,1970-01-21 15:03:58.704,Hè,,,
Vĩnh Long,Đồng bằng sông Cửu Long,2026-06-24,29.1,34.22,26.380000000000003,34.7,40.0,32.14,2.2399999999999998,2.2399999999999998,0.0,7.4,80.0,16.94,37.28,22.724,1007.8,74.4,25.04,0.0,5.0280000000000005,10.1436,106.2249,11.968,12.718,6,26,51,231,1970-01-21 15:04:39.324,1970-01-21 15:05:25.104,Hè,,,
Vĩnh Long,Đồng bằng sông Cửu Long,2026-06-25,28.28,32.86,25.380000000000003,33.14,38.1,30.4,4.7,4.7,0.0,5.4,81.8,20.34,49.32,22.062,1008.74,70.6,24.619999999999997,0.0,4.734,10.1436,106.2249,12.0,12.718,6,26,63,230,1970-01-21 15:06:05.748,1970-01-21 15:06:51.528,Hè,,,
Vĩnh Long,Đồng bằng sông Cửu Long,2026-06-26,28.419999999999998,32.160000000000004,25.3,33.56,37.620000000000005,30.72,1.06,1.06,0.0,6.2,81.2,16.02,35.78,22.52,1009.0,50.2,24.56,0.0,4.878,10.1436,106.2249,12.0,12.712,6,26,51,245,1970-01-21 15:07:32.160,1970-01-21 15:08:17.940,Hè,,,
Vĩnh Long,Đồng bằng sông Cửu Long,2026-06-27,28.82,33.32,25.72,33.760000000000005,39.620000000000005,30.860000000000003,1.52,1.52,0.0,5.4,78.2,18.64,38.6,23.498,1008.4,69.2,24.36,0.0,5.292,10.1436,106.2249,12.0,12.712,6,26,51,243,1970-01-21 15:08:58.572,1970-01-21 15:09:44.340,Hè,,,
Vĩnh Long,Đồng bằng sông Cửu Long,2026-06-28,27.3,30.54,25.919999999999998,33.14,36.67999999999999,31.1,10.2,10.2,0.0,11.8,89.8,17.06,44.0,18.566,1008.1,93.4,25.44,0.0,3.56,10.1436,106.2249,11.064,12.712,6,26,63,242,1970-01-21 15:10:24.984,1970-01-21 15:11:10.752,Hè,,,
Vĩnh Long,Đồng bằng sông Cửu Long,2026-06-29,27.060000000000002,30.339999999999996,25.860000000000003,32.36,36.5,30.8,22.02,22.02,0.0,9.6,89.8,16.66,38.0,17.234,1007.9399999999999,90.6,25.16,0.0,3.3560000000000003,10.1436,106.2249,8.912,12.71,6,27,63,240,1970-01-21 15:11:51.408,1970-01-21 15:12:37.164,Hè,,,
Vĩnh Long,Đồng bằng sông Cửu Long,2026-06-30,26.880000000000003,30.74,25.0,32.56,36.480000000000004,29.96,23.3,23.3,0.0,14.6,91.0,16.18,38.08,18.863999999999997,1008.14,97.2,25.259999999999998,0.0,3.654,10.1436,106.2249,8.8,12.71,6,27,63,250,1970-01-21 15:13:17.820,1970-01-21 15:14:03.564,Hè,,,
Vĩnh Long,Đồng bằng sông Cửu Long,2026-07-01,27.54,30.8,25.14,32.5,36.94,29.68,8.92,8.92,0.0,9.0,86.0,19.759999999999998,43.7,21.584,1007.5799999999999,89.4,24.880000000000003,0.0,4.3740000000000006,10.1436,106.2249,10.842,12.71,7,27,63,251,1970-01-21 15:14:44.232,1970-01-21 15:15:29.976,Hè,,,
Vĩnh Long,Đồng bằng sông Cửu Long,2026-07-02,26.419999999999998,29.22,24.3,31.360000000000003,34.82000000000001,28.639999999999997,25.660000000000004,25.660000000000004,0.0,18.6,92.2,17.8,42.760000000000005,13.764,1008.1,98.8,25.04,0.0,2.696,10.1436,106.2249,5.438000000000001,12.708000000000002,7,27,63,237,1970-01-21 15:16:10.644,1970-01-21 15:16:56.388,Hè,,,
Vĩnh Long,Đồng bằng sông Cửu Long,2026-07-03,26.4,28.5,24.72,31.54,33.480000000000004,29.060000000000002,6.720000000000001,6.720000000000001,0.0,14.0,92.6,15.66,34.22,7.652000000000001,1009.22,100.0,25.06,0.0,1.7259999999999998,10.1436,106.2249,0.366,12.702,7,27,61,226,1970-01-21 15:17:37.056,1970-01-21 15:18:22.800,Hè,,,
Vĩnh Long,Đồng bằng sông Cửu Long,2026-07-04,25.74,28.68,24.580000000000002,30.919999999999998,34.0,29.339999999999996,19.4,19.4,0.0,15.8,94.0,14.1,32.760000000000005,11.126,1010.6600000000001,99.4,24.66,0.0,2.162,10.1436,106.2249,3.618,12.7,7,27,63,227,1970-01-21 15:19:03.480,1970-01-21 15:19:49.200,Hè,,,
Vĩnh Long,Đồng bằng sông Cửu Long,2026-07-05,26.6,30.560000000000002,24.56,32.160000000000004,35.779999999999994,30.060000000000002,4.0200000000000005,4.0200000000000005,0.0,5.0,88.4,13.2,30.979999999999997,15.709999999999999,1011.0200000000001,95.8,24.4,0.0,3.2299999999999995,10.1436,106.2249,8.995999999999999,12.7,7,27,63,223,1970-01-21 15:20:29.892,1970-01-21 15:21:15.600,Hè,,,
Vĩnh Long,Đồng bằng sông Cửu Long,2026-07-06,27.660000000000004,30.419999999999998,25.28,33.18,35.019999999999996,30.860000000000003,0.12000000000000002,0.12000000000000002,0.0,1.2,85.2,12.6,26.419999999999998,12.372,1010.3,100.0,24.82,0.0,2.772,10.1436,106.2249,5.958,12.697999999999999,7,28,51,224,1970-01-21 15:21:56.304,1970-01-21 15:22:42.012,Hè,,,
Vĩnh Long,Đồng bằng sông Cửu Long,2026-07-07,28.02,32.0,25.660000000000004,33.68,37.6,31.04,2.48,2.48,0.0,6.0,83.4,15.540000000000001,33.339999999999996,18.962,1010.24,93.0,24.68,0.0,4.078,10.1436,106.2249,8.712,12.69,7,28,53,235,1970-01-21 15:23:22.716,1970-01-21 15:24:08.412,Hè,,,
Vĩnh Long,Đồng bằng sông Cửu Long,2026-07-08,26.52,30.619999999999997,24.66,32.04,37.3,29.82,13.36,13.36,0.0,9.4,90.8,18.02,43.480000000000004,18.708000000000002,1009.9799999999999,84.0,24.9,0.0,3.5740000000000003,10.1436,106.2249,8.692,12.69,7,28,63,236,1970-01-21 15:24:49.140,1970-01-21 15:25:34.824,Hè,,,
Vĩnh Long,Đồng bằng sông Cửu Long,2026-07-09,28.28,31.580000000000002,25.419999999999998,32.92,37.04,30.380000000000003,2.38,2.38,0.0,5.4,81.4,20.46,46.06,22.348,1009.4200000000001,94.0,24.619999999999997,0.0,4.858,10.1436,106.2249,11.58,12.687999999999999,7,28,55,242,1970-01-21 15:26:15.552,1970-01-21 15:27:01.224,Hè,,,
Vĩnh Long,Đồng bằng sông Cửu Long,2026-07-10,28.72,32.02,25.96,33.1,36.96,30.619999999999997,2.2199999999999998,2.2199999999999998,0.0,4.2,77.6,21.72,50.9,23.351999999999997,1008.86,89.6,24.380000000000003,0.0,5.244,10.1436,106.2249,12.0,12.68,7,28,61,251,1970-01-21 15:27:41.964,1970-01-21 15:28:27.624,Hè,,,
Vĩnh Long,Đồng bằng sông Cửu Long,2026-07-11,29.119999999999997,32.220000000000006,26.839999999999996,32.980000000000004,36.68,31.160000000000004,0.58,0.58,0.0,2.4,74.8,23.56,53.279999999999994,23.802,1007.04,39.8,24.1,0.0,5.63,10.1436,106.2249,12.0,12.68,7,28,51,251,1970-01-21 15:29:08.388,1970-01-21 15:29:54.024,Hè,,,
Vĩnh Long,Đồng bằng sông Cửu Long,2026-07-12,27.6,30.68,25.119999999999997,32.06,35.44,29.139999999999997,8.6,8.6,0.0,11.2,83.4,21.82,50.760000000000005,16.766,1006.9799999999999,87.0,24.44,0.0,3.724,10.1436,106.2249,7.779999999999999,12.672,7,28,63,247,1970-01-21 15:30:34.800,1970-01-21 15:31:20.424,Hè,,,
Vĩnh Long,Đồng bằng sông Cửu Long,2026-07-13,26.48,29.82,24.98,31.52,35.38,29.580000000000002,13.64,13.64,0.0,12.8,90.2,19.9,46.660000000000004,16.098000000000003,1008.3,95.2,24.68,0.0,3.15,10.1436,106.2249,6.934,12.67,7,29,65,237,1970-01-21 15:32:01.212,1970-01-21 15:32:46.824,Hè,,,
Vĩnh Long,Đồng bằng sông Cửu Long,2026-07-14,27.02,30.98,24.86,32.26,37.22,29.96,3.66,3.66,0.0,8.6,88.0,18.84,46.58,21.401999999999997,1009.5799999999999,87.4,24.72,0.0,4.226,10.1436,106.2249,11.309999999999999,12.668000000000001,7,29,53,241,1970-01-21 15:33:27.624,1970-01-21 15:34:13.224,Hè,,,
Vĩnh Long,Đồng bằng sông Cửu Long,2026-07-15,26.76,31.22,24.82,32.660000000000004,38.739999999999995,29.96,8.58,8.58,0.0,11.8,91.0,16.119999999999997,39.28,20.06,1011.3199999999999,97.4,25.080000000000002,0.0,3.882,10.1436,106.2249,9.884,12.66,7,29,63,238,1970-01-21 15:34:54.048,1970-01-21 15:35:39.624,Hè,,,
Vĩnh Long,Đồng bằng sông Cửu Long,2026-07-16,27.339999999999996,31.98,24.080000000000002,32.92,38.44,29.28,1.2600000000000002,1.2600000000000002,0.0,4.0,84.8,15.26,36.660000000000004,23.722,1011.64,80.0,24.36,0.0,4.872,10.1436,106.2249,11.962,12.66,7,29,51,255,1970-01-21 15:36:20.460,1970-01-21 15:37:06.024,Hè,,,
Vĩnh Long,Đồng bằng sông Cửu Long,2026-07-17,28.119999999999997,32.14,25.48,33.72,37.82,31.32,0.54,0.54,0.0,4.0,82.2,14.459999999999999,33.7,21.716,1010.4799999999999,89.4,24.5,0.0,4.664,10.1436,106.2249,10.562000000000001,12.65,7,29,51,247,1970-01-21 15:37:46.872,1970-01-21 15:38:32.424,Hè,,,
Vĩnh Long,Đồng bằng sông Cửu Long,2026-07-18,27.8,31.98,25.54,33.339999999999996,37.519999999999996,30.74,4.62,4.62,0.0,8.4,84.6,16.6,35.64,21.398,1009.7,82.4,24.839999999999996,0.0,4.404000000000001,10.1436,106.2249,9.803999999999998,12.65,7,29,61,231,1970-01-21 15:39:13.284,1970-01-21 15:39:58.824,Hè,,,
Vĩnh Long,Đồng bằng sông Cửu Long,2026-07-19,28.52,32.24,25.38,33.46,37.56,30.580000000000002,0.78,0.78,0.0,4.0,79.4,16.48,34.56,24.434,1009.6600000000001,32.0,24.3,0.0,5.298,10.1436,106.2249,11.942,12.64,7,29,51,246,1970-01-21 15:40:39.696,1970-01-21 15:41:25.212,Hè,,,
Vĩnh Long,Đồng bằng sông Cửu Long,2026-07-20,28.580000000000002,32.64,25.3,33.28,37.38,30.419999999999998,0.48,0.48,0.0,3.4,77.4,15.98,34.04,24.562,1009.76,27.2,23.9,0.0,5.396,10.1436,106.2249,12.0,12.64,7,30,51,251,1970-01-21 15:42:06.120,1970-01-21 15:42:51.600,Hè,,,
