province,region,date,temperature_2m_mean,temperature_2m_max,temperature_2m_min,apparent_temperature_mean,apparent_temperature_max,apparent_temperature_min,precipitation_sum,rain_sum,showers_sum,precipitation_hours,relative_humidity_2m_mean,wind_speed_10m_max,wind_gusts_10m_max,shortwave_radiation_sum,pressure_msl_mean,cloud_cover_mean,dew_point_2m_mean,snowfall_sum,et0_fao_evapotranspiration,latitude,longitude,sunshine_hours,daylight_hours,month,week,weather_code,wind_direction_10m_dominant,sunrise,sunset,season,uv_index_max,uv_index_clear_sky_max,precipitation_probability_max
Điện Biên,Trung du miền núi Bắc Bộ,2025-07-21,23.91111111111111,28.022222222222222,21.444444444444443,28.355555555555554,32.71111111111111,25.322222222222223,25.188888888888886,25.188888888888886,0.0,19.666666666666668,92.22222222222223,10.600000000000001,31.833333333333332,13.782222222222222,1000.5333333333333,99.88888888888889,22.5,0.0,2.752222222222222,21.386,103.023,4.195555555555555,13.245555555555557,7,30,63,198,1970-01-21 06:57:56.193333333,1970-01-21 06:58:43.873333333,Hè,,,
Điện Biên,Trung du miền núi Bắc Bộ,2025-07-22,23.822222222222223,27.522222222222222,22.211111111111112,28.788888888888884,33.56666666666667,26.566666666666666,56.044444444444444,56.044444444444444,0.0,23.333333333333332,96.0,7.844444444444444,28.766666666666666,11.776666666666667,996.9444444444445,100.0,23.066666666666666,0.0,2.3822222222222225,21.386,103.023,3.651111111111111,13.231111111111112,7,30,65,144,1970-01-21 06:59:22.626666666,1970-01-21 07:00:10.253333333,Hè,,,
Điện Biên,Trung du miền núi Bắc Bộ,2025-07-23,23.72222222222222,27.188888888888886,21.533333333333335,27.855555555555554,31.099999999999998,25.444444444444443,11.966666666666667,11.966666666666667,0.0,15.333333333333334,91.44444444444444,16.1,44.87777777777777,15.087777777777777,998.4777777777776,100.0,22.11111111111111,0.0,2.977777777777778,21.386,103.023,7.3999999999999995,13.22,7,30,61,99,1970-01-21 07:00:49.033333333,1970-01-21 07:01:36.633333333,Hè,,,
Điện Biên,Trung du miền núi Bắc Bộ,2025-07-24,23.577777777777776,27.1,21.700000000000003,27.87777777777778,31.27777777777778,25.933333333333334,16.522222222222222,16.522222222222222,0.0,17.11111111111111,91.22222222222223,9.477777777777778,26.866666666666667,14.304444444444446,1003.2333333333333,99.44444444444444,21.966666666666665,0.0,2.851111111111111,21.386,103.023,5.801111111111111,13.208888888888888,7,30,63,153,1970-01-21 07:02:15.466666666,1970-01-21 07:03:03.013333333,Hè,,,
Điện Biên,Trung du miền núi Bắc Bộ,2025-07-25,23.0,25.555555555555557,21.444444444444443,27.244444444444444,30.144444444444446,25.27777777777778,13.033333333333333,13.033333333333333,0.0,20.0,94.44444444444444,9.38888888888889,28.044444444444444,11.338888888888889,1004.8000000000001,100.0,22.01111111111111,0.0,2.2133333333333334,21.386,103.023,2.967777777777778,13.197777777777778,7,30,63,190,1970-01-21 07:03:41.886666666,1970-01-21 07:04:29.393333333,Hè,,,
Điện Biên,Trung du miền núi Bắc Bộ,2025-07-26,22.37777777777778,25.22222222222222,21.044444444444444,26.58888888888889,29.61111111111111,24.822222222222223,31.444444444444443,31.444444444444443,0.0,23.88888888888889,96.11111111111111,7.677777777777777,24.62222222222222,8.984444444444444,1004.8555555555556,100.0,21.711111111111112,0.0,1.801111111111111,21.386,103.023,0.3188888888888889,13.181111111111111,7,30,63,137,1970-01-21 07:05:08.313333333,1970-01-21 07:05:55.773333333,Hè,,,
Điện Biên,Trung du miền núi Bắc Bộ,2025-07-27,22.633333333333333,26.033333333333335,20.755555555555556,27.077777777777776,31.0,24.5,31.244444444444444,31.244444444444444,0.0,23.333333333333332,95.0,6.7,22.27777777777778,12.737777777777778,1003.9555555555556,99.77777777777777,21.733333333333334,0.0,2.522222222222222,21.386,103.023,3.807777777777778,13.17,7,30,63,172,1970-01-21 07:06:34.740000000,1970-01-21 07:07:22.146666666,Hè,,,
Điện Biên,Trung du miền núi Bắc Bộ,2025-07-28,24.11111111111111,28.91111111111111,21.11111111111111,28.666666666666668,34.75555555555556,25.188888888888886,2.977777777777778,2.977777777777778,0.0,8.777777777777779,88.11111111111111,8.044444444444444,21.866666666666667,19.484444444444442,1002.7777777777778,67.77777777777777,21.866666666666667,0.0,3.934444444444444,21.386,103.023,9.592222222222222,13.157777777777778,7,31,51,182,1970-01-21 07:08:01.153333333,1970-01-21 07:08:48.520000000,Hè,,,
Điện Biên,Trung du miền núi Bắc Bộ,2025-07-29,25.366666666666667,30.15555555555555,21.12222222222222,30.06666666666667,36.833333333333336,24.922222222222224,0.8,0.8,0.0,5.666666666666667,83.55555555555556,8.588888888888889,23.08888888888889,23.065555555555555,1001.9222222222221,63.0,22.155555555555555,0.0,4.76,21.386,103.023,11.49,13.14,7,31,51,196,1970-01-21 07:09:27.580000000,1970-01-21 07:10:14.893333333,Hè,,,
Điện Biên,Trung du miền núi Bắc Bộ,2025-07-30,24.9,28.733333333333334,21.98888888888889,29.311111111111114,33.27777777777778,26.22222222222222,6.177777777777778,6.177777777777778,0.0,11.555555555555555,87.66666666666667,10.766666666666667,30.444444444444443,17.39888888888889,1002.6444444444444,97.0,22.58888888888889,0.0,3.5,21.386,103.023,9.488888888888889,13.128888888888888,7,31,61,198,1970-01-21 07:10:54.006666666,1970-01-21 07:11:41.266666666,Hè,,,
Điện Biên,Trung du miền núi Bắc Bộ,2025-07-31,23.11111111111111,25.61111111111111,21.688888888888886,27.477777777777778,30.93333333333333,25.544444444444444,41.7,41.7,0.0,24.0,96.33333333333333,10.377777777777778,32.577777777777776,10.795555555555556,1003.0111111111112,99.22222222222223,22.477777777777778,0.0,2.086666666666667,21.386,103.023,2.8666666666666667,13.11111111111111,7,31,63,158,1970-01-21 07:12:20.426666666,1970-01-21 07:13:07.633333333,Hè,,,
Điện Biên,Trung du miền núi Bắc Bộ,2025-08-01,23.344444444444445,27.077777777777776,21.51111111111111,27.700000000000003,32.02222222222222,25.422222222222224,28.688888888888886,28.688888888888886,0.0,17.555555555555557,93.22222222222223,9.755555555555555,27.444444444444443,13.155555555555557,1002.8444444444444,93.33333333333333,22.11111111111111,0.0,2.623333333333333,21.386,103.023,5.564444444444444,13.1,8,31,63,197,1970-01-21 07:13:46.853333333,1970-01-21 07:14:34.006666666,Hè,,,
Điện Biên,Trung du miền núi Bắc Bộ,2025-08-02,24.433333333333334,29.17777777777778,21.11111111111111,28.633333333333333,35.03333333333333,24.955555555555556,4.0,4.0,0.0,12.11111111111111,87.11111111111111,12.277777777777779,31.84444444444445,19.746666666666666,1004.8222222222222,85.55555555555556,22.01111111111111,0.0,3.942222222222222,21.386,103.023,10.805555555555555,13.081111111111111,8,31,55,210,1970-01-21 07:15:13.266666666,1970-01-21 07:16:00.366666666,Hè,,,
Điện Biên,Trung du miền núi Bắc Bộ,2025-08-03,24.299999999999997,28.333333333333332,21.5,28.333333333333332,32.47777777777778,25.255555555555556,8.777777777777779,8.777777777777779,0.0,13.777777777777779,89.22222222222223,15.033333333333335,40.98888888888889,17.34,1005.7444444444445,91.33333333333333,22.299999999999997,0.0,3.398888888888889,21.386,103.023,9.185555555555556,13.07,8,31,63,201,1970-01-21 07:16:39.700000000,1970-01-21 07:17:26.740000000,Hè,,,
Điện Biên,Trung du miền núi Bắc Bộ,2025-08-04,24.133333333333333,28.11111111111111,22.12222222222222,28.366666666666667,32.41111111111111,26.133333333333336,17.177777777777777,17.177777777777777,0.0,16.88888888888889,90.88888888888889,13.844444444444443,41.58888888888889,17.211111111111112,1005.5333333333333,100.0,22.51111111111111,0.0,3.272222222222222,21.386,103.023,8.600000000000001,13.05,8,32,63,206,1970-01-21 07:18:06.120000000,1970-01-21 07:18:53.106666666,Hè,,,
Điện Biên,Trung du miền núi Bắc Bộ,2025-08-05,24.0,27.944444444444443,21.700000000000003,28.422222222222224,32.74444444444444,25.644444444444446,17.72222222222222,17.72222222222222,0.0,15.333333333333334,90.66666666666667,9.666666666666666,27.38888888888889,14.597777777777777,1005.8444444444444,99.88888888888889,22.288888888888888,0.0,2.9144444444444444,21.386,103.023,6.188888888888889,13.035555555555554,8,32,63,198,1970-01-21 07:19:32.533333333,1970-01-21 07:20:19.473333333,Hè,,,
Điện Biên,Trung du miền núi Bắc Bộ,2025-08-06,22.48888888888889,25.1,21.455555555555556,26.644444444444446,29.866666666666667,25.266666666666666,38.13333333333333,38.13333333333333,0.0,23.666666666666668,96.33333333333333,10.344444444444443,30.11111111111111,8.003333333333334,1006.4111111111112,100.0,21.87777777777778,0.0,1.5933333333333333,21.386,103.023,1.33,13.02,8,32,63,131,1970-01-21 07:20:58.966666666,1970-01-21 07:21:45.833333333,Hè,,,
Điện Biên,Trung du miền núi Bắc Bộ,2025-08-07,23.12222222222222,26.22222222222222,21.200000000000003,27.211111111111112,30.333333333333332,24.933333333333334,11.677777777777777,11.677777777777777,0.0,18.0,91.33333333333333,9.0,31.0,11.768888888888888,1008.6666666666666,95.77777777777777,21.58888888888889,0.0,2.3533333333333335,21.386,103.023,3.1077777777777778,13.004444444444443,8,32,61,157,1970-01-21 07:22:25.386666666,1970-01-21 07:23:12.200000000,Hè,,,
Điện Biên,Trung du miền núi Bắc Bộ,2025-08-08,23.700000000000003,28.522222222222222,20.12222222222222,27.62222222222222,33.333333333333336,23.344444444444445,8.411111111111111,8.411111111111111,0.0,14.222222222222221,87.0,12.077777777777778,33.833333333333336,21.20111111111111,1009.9555555555556,77.66666666666667,21.255555555555556,0.0,4.116666666666666,21.386,103.023,12.012222222222222,12.99,8,32,63,201,1970-01-21 07:23:51.806666666,1970-01-21 07:24:38.560000000,Hè,,,
Điện Biên,Trung du miền núi Bắc Bộ,2025-08-09,24.48888888888889,29.077777777777776,20.844444444444445,28.61111111111111,33.900000000000006,24.333333333333332,1.7555555555555555,1.7555555555555555,0.0,6.0,85.33333333333333,10.744444444444445,30.477777777777778,22.266666666666666,1008.5555555555555,80.66666666666667,21.655555555555555,0.0,4.404444444444445,21.386,103.023,12.144444444444444,12.97,8,32,51,189,1970-01-21 07:25:18.233333333,1970-01-21 07:26:04.920000000,Hè,,,
Điện Biên,Trung du miền núi Bắc Bộ,2025-08-10,24.744444444444444,29.033333333333335,21.255555555555556,29.333333333333332,34.27777777777778,24.98888888888889,7.111111111111111,7.111111111111111,0.0,11.666666666666666,86.77777777777777,7.855555555555556,22.866666666666667,19.965555555555554,1007.2444444444445,95.77777777777777,22.188888888888886,0.0,4.015555555555555,21.386,103.023,11.51,12.954444444444444,8,32,63,161,1970-01-21 07:26:44.646666666,1970-01-21 07:27:31.280000000,Hè,,,
Điện Biên,Trung du miền núi Bắc Bộ,2025-08-11,24.755555555555556,29.488888888888887,20.944444444444443,29.377777777777776,35.0,24.799999999999997,19.355555555555554,19.355555555555554,0.0,15.0,86.11111111111111,8.0,20.566666666666666,20.764444444444443,1006.7222222222222,99.44444444444444,22.022222222222222,0.0,4.23,21.386,103.023,11.523333333333333,12.937777777777777,8,33,63,122,1970-01-21 07:28:11.080000000,1970-01-21 07:28:57.646666666,Hè,,,
Điện Biên,Trung du miền núi Bắc Bộ,2025-08-12,24.37777777777778,29.400000000000002,20.799999999999997,29.233333333333334,35.666666666666664,24.455555555555556,10.711111111111112,10.711111111111112,0.0,10.0,87.77777777777777,7.366666666666666,21.92222222222222,21.621111111111112,1007.5555555555555,98.44444444444444,22.022222222222226,0.0,4.345555555555555,21.386,103.023,11.834444444444445,12.92,8,33,63,203,1970-01-21 07:29:37.493333333,1970-01-21 07:30:24.000000000,Hè,,,
Điện Biên,Trung du miền núi Bắc Bộ,2025-08-13,23.966666666666665,27.977777777777778,20.766666666666666,28.555555555555557,32.86666666666667,24.72222222222222,6.677777777777777,6.677777777777777,0.0,10.11111111111111,89.11111111111111,7.544444444444445,21.200000000000003,16.932222222222222,1009.2666666666667,99.88888888888889,21.9,0.0,3.4044444444444446,21.386,103.023,8.626666666666667,12.902222222222223,8,33,61,70,1970-01-21 07:31:03.913333333,1970-01-21 07:31:50.360000000,Hè,,,
Điện Biên,Trung du miền núi Bắc Bộ,2025-08-14,24.344444444444445,28.533333333333335,21.11111111111111,29.188888888888886,34.3,25.177777777777777,3.111111111111111,3.111111111111111,0.0,6.888888888888889,88.77777777777777,6.2555555555555555,20.522222222222222,19.067777777777778,1007.3666666666666,96.66666666666667,22.188888888888886,0.0,3.811111111111111,21.386,103.023,10.72888888888889,12.886666666666667,8,33,61,146,1970-01-21 07:32:30.340000000,1970-01-21 07:33:16.726666666,Hè,,,
Điện Biên,Trung du miền núi Bắc Bộ,2025-08-15,22.455555555555556,24.266666666666666,21.11111111111111,26.866666666666664,28.84444444444445,24.88888888888889,17.5,17.5,0.0,15.444444444444445,96.33333333333333,6.2444444444444445,17.455555555555556,8.364444444444445,1006.4444444444445,100.0,21.811111111111114,0.0,1.6688888888888889,21.386,103.023,1.0633333333333335,12.87,8,33,63,56,1970-01-21 07:33:56.753333333,1970-01-21 07:34:43.080000000,Hè,,,
Điện Biên,Trung du miền núi Bắc Bộ,2025-08-16,23.22222222222222,26.48888888888889,20.733333333333334,26.977777777777778,30.733333333333334,24.255555555555556,4.488888888888889,4.488888888888889,0.0,7.555555555555555,88.77777777777777,10.7,32.2,17.537777777777777,1008.0999999999999,90.66666666666667,21.166666666666668,0.0,3.376666666666667,21.386,103.023,9.103333333333333,12.85,8,33,63,87,1970-01-21 07:35:23.173333333,1970-01-21 07:36:09.433333333,Hè,,,
Điện Biên,Trung du miền núi Bắc Bộ,2025-08-17,23.27777777777778,27.688888888888886,19.41111111111111,27.22222222222222,32.37777777777777,22.37777777777778,4.944444444444445,4.944444444444445,0.0,6.111111111111111,86.66666666666667,9.966666666666667,29.188888888888886,21.325555555555557,1010.0333333333333,77.66666666666667,20.811111111111114,0.0,4.094444444444445,21.386,103.023,11.931111111111111,12.83222222222222,8,33,63,44,1970-01-21 07:36:49.600000000,1970-01-21 07:37:35.793333333,Hè,,,
Điện Biên,Trung du miền núi Bắc Bộ,2025-08-18,24.422222222222224,29.400000000000002,19.811111111111114,28.72222222222222,34.84444444444445,23.08888888888889,0.6444444444444444,0.6444444444444444,0.0,3.888888888888889,82.0,5.800000000000001,19.811111111111114,23.587777777777777,1008.688888888889,99.0,20.844444444444445,0.0,4.737777777777778,21.386,103.023,11.520000000000001,12.815555555555555,8,34,51,256,1970-01-21 07:38:16.013333333,1970-01-21 07:39:02.153333333,Hè,,,
Điện Biên,Trung du miền núi Bắc Bộ,2025-08-19,23.677777777777777,28.355555555555554,20.466666666666665,27.91111111111111,34.12222222222223,23.577777777777776,22.577777777777776,22.577777777777776,0.0,13.666666666666666,88.77777777777777,11.133333333333333,32.41111111111111,20.992222222222225,1008.2333333333333,91.22222222222223,21.58888888888889,0.0,4.0633333333333335,21.386,103.023,11.036666666666667,12.797777777777778,8,34,63,232,1970-01-21 07:39:42.433333333,1970-01-21 07:40:28.500000000,Hè,,,
Điện Biên,Trung du miền núi Bắc Bộ,2025-08-20,23.6,27.322222222222223,21.266666666666666,27.811111111111114,31.58888888888889,24.9,9.399999999999999,9.399999999999999,0.0,14.0,90.44444444444444,10.011111111111111,29.17777777777778,15.66,1009.0111111111112,99.88888888888889,21.822222222222223,0.0,3.104444444444445,21.386,103.023,6.2844444444444445,12.78,8,34,63,55,1970-01-21 07:41:08.840000000,1970-01-21 07:41:54.846666666,Hè,,,
Điện Biên,Trung du miền núi Bắc Bộ,2025-08-21,23.544444444444444,28.344444444444445,20.544444444444444,27.844444444444445,33.37777777777777,24.066666666666666,17.41111111111111,17.41111111111111,0.0,19.444444444444443,89.66666666666667,8.866666666666667,27.422222222222224,17.81222222222222,1010.1333333333334,99.88888888888889,21.6,0.0,3.5533333333333332,21.386,103.023,8.236666666666666,12.76,8,34,63,112,1970-01-21 07:42:35.273333333,1970-01-21 07:43:21.206666666,Hè,,,
Điện Biên,Trung du miền núi Bắc Bộ,2025-08-22,23.38888888888889,27.711111111111112,20.466666666666665,27.58888888888889,32.544444444444444,23.644444444444442,7.577777777777778,7.577777777777778,0.0,12.88888888888889,89.11111111111111,6.944444444444445,22.077777777777776,15.735555555555557,1009.5444444444444,100.0,21.355555555555554,0.0,3.177777777777778,21.386,103.023,6.263333333333334,12.742222222222223,8,34,61,103,1970-01-21 07:44:01.680000000,1970-01-21 07:44:47.560000000,Hè,,,
Điện Biên,Trung du miền núi Bắc Bộ,2025-08-23,22.522222222222222,25.633333333333333,20.166666666666668,26.677777777777777,29.944444444444443,23.633333333333333,10.399999999999999,10.399999999999999,0.0,18.11111111111111,93.11111111111111,5.655555555555555,19.844444444444445,12.29888888888889,1009.9111111111112,99.88888888888889,21.27777777777778,0.0,2.462222222222222,21.386,103.023,3.3633333333333333,12.723333333333334,8,34,63,14,1970-01-21 07:45:28.100000000,1970-01-21 07:46:13.906666666,Hè,,,
Điện Biên,Trung du miền núi Bắc Bộ,2025-08-24,24.266666666666666,29.233333333333334,20.12222222222222,28.355555555555554,34.544444444444444,23.766666666666666,4.277777777777778,4.277777777777778,0.0,7.222222222222222,82.33333333333333,7.7333333333333325,23.766666666666666,23.78,1008.9555555555556,83.66666666666667,20.755555555555556,0.0,4.764444444444445,21.386,103.023,11.399999999999999,12.705555555555556,8,34,63,40,1970-01-21 07:46:54.533333333,1970-01-21 07:47:40.260000000,Hè,,,
Điện Biên,Trung du miền núi Bắc Bộ,2025-08-25,24.299999999999997,29.0,19.788888888888888,27.433333333333334,32.52222222222222,22.88888888888889,0.5777777777777777,0.5777777777777777,0.0,4.333333333333333,78.11111111111111,15.366666666666667,43.111111111111114,24.08111111111111,1006.8555555555556,74.0,19.933333333333334,0.0,4.916666666666667,21.386,103.023,11.985555555555557,12.685555555555556,8,35,51,38,1970-01-21 07:48:20.933333333,1970-01-21 07:49:06.600000000,Hè,,,
Điện Biên,Trung du miền núi Bắc Bộ,2025-08-26,21.644444444444446,22.666666666666668,20.522222222222222,24.6,26.133333333333333,23.12222222222222,26.5,26.5,0.0,19.77777777777778,92.88888888888889,12.655555555555555,39.144444444444446,5.904444444444445,1006.2666666666667,98.77777777777777,20.422222222222224,0.0,1.1933333333333334,21.386,103.023,0.01,12.666666666666666,8,35,63,9,1970-01-21 07:49:47.353333333,1970-01-21 07:50:32.946666666,Hè,,,
Điện Biên,Trung du miền núi Bắc Bộ,2025-08-27,22.688888888888886,26.87777777777778,19.955555555555556,26.37777777777778,30.866666666666667,23.033333333333335,12.455555555555556,12.455555555555556,0.0,14.333333333333334,90.55555555555556,11.488888888888889,32.15555555555555,18.121111111111112,1008.4333333333333,97.44444444444444,20.922222222222224,0.0,3.447777777777778,21.386,103.023,9.601111111111111,12.646666666666668,8,35,63,49,1970-01-21 07:51:13.773333333,1970-01-21 07:51:59.306666666,Hè,,,
Điện Biên,Trung du miền núi Bắc Bộ,2025-08-28,22.533333333333335,26.311111111111114,19.522222222222222,26.566666666666666,30.91111111111111,22.822222222222223,13.822222222222223,13.822222222222223,0.0,14.666666666666666,91.22222222222223,6.7555555555555555,21.633333333333333,17.733333333333334,1009.2666666666667,83.66666666666667,20.9,0.0,3.43,21.386,103.023,10.284444444444444,12.626666666666667,8,35,63,68,1970-01-21 07:52:40.193333333,1970-01-21 07:53:25.653333333,Hè,,,
Điện Biên,Trung du miền núi Bắc Bộ,2025-08-29,23.755555555555556,28.811111111111114,19.555555555555557,27.866666666666667,33.7,22.955555555555556,0.8222222222222223,0.8222222222222223,0.0,3.6666666666666665,85.22222222222223,7.211111111111112,22.288888888888888,22.934444444444445,1010.1444444444444,59.0,20.77777777777778,0.0,4.556666666666667,21.386,103.023,11.678888888888888,12.606666666666666,8,35,51,41,1970-01-21 07:54:06.606666666,1970-01-21 07:54:52.006666666,Hè,,,
Điện Biên,Trung du miền núi Bắc Bộ,2025-08-30,24.0,28.977777777777778,20.08888888888889,27.455555555555556,32.21111111111111,23.48888888888889,1.1333333333333333,1.1333333333333333,0.0,3.3333333333333335,82.33333333333333,13.588888888888889,37.08888888888889,17.864444444444445,1009.3888888888889,91.33333333333333,20.522222222222222,0.0,3.6999999999999997,21.386,103.023,8.262222222222222,12.587777777777777,8,35,51,33,1970-01-21 07:55:33.020000000,1970-01-21 07:56:18.346666666,Hè,,,
Điện Biên,Trung du miền núi Bắc Bộ,2025-08-31,23.788888888888888,28.155555555555555,19.98888888888889,27.38888888888889,32.7,23.08888888888889,3.477777777777778,3.477777777777778,0.0,7.888888888888889,85.66666666666667,14.655555555555557,41.888888888888886,21.278888888888886,1008.5666666666667,67.11111111111111,21.1,0.0,4.104444444444444,21.386,103.023,11.922222222222222,12.57,8,35,61,75,1970-01-21 07:56:59.453333333,1970-01-21 07:57:44.686666666,Hè,,,
Điện Biên,Trung du miền núi Bắc Bộ,2025-09-01,23.77777777777778,28.91111111111111,19.6,28.0,34.34444444444445,22.733333333333334,2.1888888888888887,2.1888888888888887,0.0,5.111111111111111,86.44444444444444,7.688888888888889,25.511111111111113,21.57888888888889,1008.2666666666667,65.11111111111111,21.177777777777777,0.0,4.282222222222222,21.386,103.023,11.335555555555555,12.55,9,36,51,83,1970-01-21 07:58:25.853333333,1970-01-21 07:59:11.040000000,Thu,,,
Điện Biên,Trung du miền núi Bắc Bộ,2025-09-02,24.555555555555557,29.511111111111113,20.266666666666666,28.966666666666665,34.71111111111111,23.933333333333334,1.4777777777777779,1.4777777777777779,0.0,7.222222222222222,83.88888888888889,6.922222222222222,20.144444444444446,22.74888888888889,1008.1555555555556,67.0,21.322222222222223,0.0,4.585555555555556,21.386,103.023,11.842222222222222,12.53111111111111,9,36,51,99,1970-01-21 07:59:52.266666666,1970-01-21 08:00:37.380000000,Thu,,,
Điện Biên,Trung du miền núi Bắc Bộ,2025-09-03,24.6,28.93333333333333,20.866666666666667,29.5,35.02222222222222,24.755555555555553,2.111111111111111,2.111111111111111,0.0,7.888888888888889,86.66666666666667,5.711111111111111,18.311111111111114,21.28666666666667,1008.9000000000001,70.77777777777777,22.033333333333335,0.0,4.291111111111111,21.386,103.023,11.82888888888889,12.513333333333334,9,36,51,128,1970-01-21 08:01:18.680000000,1970-01-21 08:02:03.720000000,Thu,,,
Điện Biên,Trung du miền núi Bắc Bộ,2025-09-04,24.933333333333334,29.244444444444444,20.9,29.877777777777776,34.855555555555554,24.644444444444446,2.433333333333333,2.433333333333333,0.0,6.666666666666667,86.0,5.6,18.766666666666666,20.434444444444445,1008.4333333333333,52.77777777777778,22.22222222222222,0.0,4.153333333333333,21.386,103.023,11.453333333333333,12.493333333333332,9,36,61,114,1970-01-21 08:02:45.113333333,1970-01-21 08:03:30.066666666,Thu,,,
Điện Biên,Trung du miền núi Bắc Bộ,2025-09-05,25.144444444444446,29.811111111111114,20.755555555555556,30.166666666666668,36.422222222222224,24.344444444444445,5.355555555555556,5.355555555555556,0.0,7.555555555555555,84.88888888888889,6.555555555555555,21.044444444444444,22.443333333333335,1008.7444444444445,60.44444444444444,22.200000000000003,0.0,4.553333333333333,21.386,103.023,11.837777777777779,12.473333333333334,9,36,63,160,1970-01-21 08:04:11.513333333,1970-01-21 08:04:56.426666666,Thu,,,
Điện Biên,Trung du miền núi Bắc Bộ,2025-09-06,24.22222222222222,28.866666666666667,20.566666666666666,28.88888888888889,34.84444444444445,24.177777777777777,6.933333333333334,6.933333333333334,0.0,8.777777777777779,87.88888888888889,7.722222222222222,22.966666666666665,20.326666666666668,1009.811111111111,93.88888888888889,21.866666666666667,0.0,4.065555555555556,21.386,103.023,11.610000000000001,12.453333333333333,9,36,63,42,1970-01-21 08:05:37.933333333,1970-01-21 08:06:22.766666666,Thu,,,
Điện Biên,Trung du miền núi Bắc Bộ,2025-09-07,24.344444444444445,28.522222222222222,20.644444444444446,29.04444444444444,34.74444444444444,24.166666666666668,3.4000000000000004,3.4000000000000004,0.0,6.777777777777778,86.33333333333333,6.822222222222222,22.92222222222222,20.30333333333333,1008.5777777777779,70.66666666666667,21.766666666666666,0.0,4.052222222222222,21.386,103.023,11.678888888888888,12.433333333333332,9,36,51,7,1970-01-21 08:07:04.366666666,1970-01-21 08:07:49.113333333,Thu,,,
Điện Biên,Trung du miền núi Bắc Bộ,2025-09-08,24.755555555555556,29.233333333333334,20.633333333333333,29.466666666666665,35.31111111111111,24.244444444444444,2.6666666666666665,2.6666666666666665,0.0,5.888888888888889,83.66666666666667,6.166666666666667,17.799999999999997,23.116666666666667,1007.8444444444444,57.0,21.61111111111111,0.0,4.645555555555556,21.386,103.023,11.915555555555555,12.413333333333334,9,37,51,178,1970-01-21 08:08:30.773333333,1970-01-21 08:09:15.466666666,Thu,,,
Điện Biên,Trung du miền núi Bắc Bộ,2025-09-09,23.41111111111111,26.1,20.966666666666665,27.844444444444445,30.77777777777778,24.644444444444446,7.722222222222222,7.722222222222222,0.0,11.555555555555555,90.77777777777777,7.188888888888889,19.811111111111114,9.596666666666668,1009.3000000000001,98.88888888888889,21.755555555555556,0.0,1.9933333333333334,21.386,103.023,1.9100000000000001,12.393333333333334,9,37,63,255,1970-01-21 08:09:57.173333333,1970-01-21 08:10:41.806666666,Thu,,,
Điện Biên,Trung du miền núi Bắc Bộ,2025-09-10,23.444444444444443,27.522222222222222,20.733333333333334,27.77777777777778,32.25555555555556,24.344444444444445,7.877777777777778,7.877777777777778,0.0,12.555555555555555,89.66666666666667,7.311111111111111,21.41111111111111,16.003333333333334,1009.9444444444445,99.77777777777777,21.544444444444444,0.0,3.195555555555556,21.386,103.023,8.443333333333335,12.373333333333333,9,37,61,75,1970-01-21 08:11:23.593333333,1970-01-21 08:12:08.146666666,Thu,,,
Điện Biên,Trung du miền núi Bắc Bộ,2025-09-11,23.522222222222226,27.422222222222224,20.62222222222222,27.633333333333333,31.744444444444444,24.233333333333334,6.533333333333333,6.533333333333333,0.0,12.777777777777779,88.44444444444444,8.444444444444445,24.755555555555556,16.767777777777777,1010.4666666666667,99.22222222222223,21.355555555555554,0.0,3.3233333333333333,21.386,103.023,9.147777777777778,12.353333333333332,9,37,63,167,1970-01-21 08:12:50.020000000,1970-01-21 08:13:34.486666666,Thu,,,
Điện Biên,Trung du miền núi Bắc Bộ,2025-09-12,23.211111111111112,27.233333333333334,20.38888888888889,27.644444444444446,32.544444444444444,24.01111111111111,11.18888888888889,11.18888888888889,0.0,14.0,90.88888888888889,6.177777777777778,19.799999999999997,14.574444444444444,1011.2333333333333,99.11111111111111,21.544444444444444,0.0,2.908888888888889,21.386,103.023,6.723333333333333,12.333333333333334,9,37,63,123,1970-01-21 08:14:16.433333333,1970-01-21 08:15:00.826666666,Thu,,,
Điện Biên,Trung du miền núi Bắc Bộ,2025-09-13,23.144444444444446,26.844444444444445,20.322222222222223,27.344444444444445,31.099999999999998,24.01111111111111,10.955555555555556,10.955555555555556,0.0,11.222222222222221,90.77777777777777,7.644444444444444,23.08888888888889,15.443333333333335,1012.0111111111112,99.66666666666667,21.422222222222224,0.0,3.042222222222222,21.386,103.023,9.015555555555556,12.311111111111112,9,37,63,108,1970-01-21 08:15:42.833333333,1970-01-21 08:16:27.166666666,Thu,,,
Điện Biên,Trung du miền núi Bắc Bộ,2025-09-14,23.12222222222222,27.38888888888889,20.144444444444446,27.466666666666665,32.94444444444444,23.711111111111112,3.788888888888889,3.788888888888889,0.0,9.222222222222221,89.66666666666667,7.066666666666666,22.51111111111111,18.20111111111111,1012.1444444444444,85.66666666666667,21.211111111111112,0.0,3.572222222222222,21.386,103.023,11.273333333333333,12.29,9,37,55,13,1970-01-21 08:17:09.246666666,1970-01-21 08:17:53.513333333,Thu,,,
Điện Biên,Trung du miền núi Bắc Bộ,2025-09-15,23.233333333333334,28.244444444444444,19.87777777777778,27.433333333333334,33.2,23.166666666666668,10.355555555555556,10.355555555555556,0.0,10.88888888888889,88.44444444444444,6.088888888888889,19.688888888888886,19.486666666666665,1012.0444444444444,89.33333333333333,21.0,0.0,3.8699999999999997,21.386,103.023,10.897777777777778,12.27,9,38,63,69,1970-01-21 08:18:35.673333333,1970-01-21 08:19:19.853333333,Thu,,,
Điện Biên,Trung du miền núi Bắc Bộ,2025-09-16,22.9,26.91111111111111,19.77777777777778,27.033333333333335,31.877777777777776,23.01111111111111,7.866666666666666,7.866666666666666,0.0,10.444444444444445,89.77777777777777,6.188888888888888,19.966666666666665,17.56888888888889,1012.1666666666666,86.77777777777777,20.98888888888889,0.0,3.43,21.386,103.023,10.492222222222223,12.25,9,38,63,14,1970-01-21 08:20:02.093333333,1970-01-21 08:20:46.193333333,Thu,,,
Điện Biên,Trung du miền núi Bắc Bộ,2025-09-17,23.577777777777776,27.9,19.9,27.788888888888888,32.91111111111111,23.38888888888889,1.5444444444444445,1.5444444444444445,0.0,6.222222222222222,87.22222222222223,5.866666666666666,17.200000000000003,19.163333333333334,1010.4000000000001,63.77777777777778,21.12222222222222,0.0,3.816666666666667,21.386,103.023,11.63,12.23,9,38,51,37,1970-01-21 08:21:28.493333333,1970-01-21 08:22:12.533333333,Thu,,,
Điện Biên,Trung du miền núi Bắc Bộ,2025-09-18,23.833333333333332,27.98888888888889,19.822222222222223,27.72222222222222,32.82222222222222,23.155555555555555,0.7222222222222222,0.7222222222222222,0.0,3.888888888888889,84.44444444444444,8.444444444444445,25.11111111111111,20.22888888888889,1009.9555555555556,65.33333333333333,20.822222222222223,0.0,4.033333333333333,21.386,103.023,11.731111111111112,12.21,9,38,51,78,1970-01-21 08:22:54.906666666,1970-01-21 08:23:38.873333333,Thu,,,
Điện Biên,Trung du miền núi Bắc Bộ,2025-09-19,24.266666666666666,29.055555555555557,19.9,28.133333333333333,33.233333333333334,23.155555555555555,1.0333333333333334,1.0333333333333334,0.0,5.444444444444445,81.66666666666667,8.766666666666667,23.822222222222223,21.386666666666667,1009.8444444444444,68.22222222222223,20.6,0.0,4.325555555555556,21.386,103.023,11.997777777777777,12.19,9,38,51,94,1970-01-21 08:24:21.333333333,1970-01-21 08:25:05.213333333,Thu,,,
Điện Biên,Trung du miền núi Bắc Bộ,2025-09-20,24.544444444444444,29.54444444444444,20.244444444444444,28.922222222222224,34.44444444444444,23.822222222222223,1.6333333333333333,1.6333333333333333,0.0,5.222222222222222,83.88888888888889,7.533333333333333,21.322222222222223,21.308888888888887,1008.7666666666667,47.0,21.322222222222223,0.0,4.312222222222222,21.386,103.023,11.81111111111111,12.17,9,38,51,86,1970-01-21 08:25:47.753333333,1970-01-21 08:26:31.553333333,Thu,,,
Điện Biên,Trung du miền núi Bắc Bộ,2025-09-21,23.933333333333334,27.91111111111111,20.6,28.5,33.46666666666667,24.22222222222222,8.755555555555555,8.755555555555555,0.0,11.0,89.0,7.033333333333333,20.91111111111111,17.605555555555554,1008.4777777777776,74.22222222222223,21.88888888888889,0.0,3.5077777777777777,21.386,103.023,11.567777777777778,12.15,9,38,63,97,1970-01-21 08:27:14.160000000,1970-01-21 08:27:57.900000000,Thu,,,
Điện Biên,Trung du miền núi Bắc Bộ,2025-09-22,23.122222222222224,27.04444444444444,20.299999999999997,27.355555555555554,31.733333333333334,23.822222222222223,12.444444444444445,12.444444444444445,0.0,11.88888888888889,91.22222222222223,8.488888888888889,24.01111111111111,14.953333333333335,1009.0,90.33333333333333,21.48888888888889,0.0,2.948888888888889,21.386,103.023,9.41777777777778,12.13,9,39,63,81,1970-01-21 08:28:40.566666666,1970-01-21 08:29:24.240000000,Thu,,,
Điện Biên,Trung du miền núi Bắc Bộ,2025-09-23,23.233333333333334,27.133333333333333,20.255555555555556,27.41111111111111,31.522222222222222,23.655555555555555,8.766666666666667,8.766666666666667,0.0,15.11111111111111,90.0,6.288888888888889,19.833333333333332,15.036666666666669,1007.9666666666667,81.0,21.344444444444445,0.0,2.9933333333333336,21.386,103.023,9.12,12.11,9,39,61,25,1970-01-21 08:30:07.000000000,1970-01-21 08:30:50.580000000,Thu,,,
Điện Biên,Trung du miền núi Bắc Bộ,2025-09-24,24.166666666666668,29.04444444444444,20.477777777777778,27.88888888888889,32.65555555555555,24.022222222222222,5.511111111111111,5.511111111111111,0.0,7.222222222222222,80.88888888888889,9.744444444444445,27.444444444444443,21.103333333333335,1006.0444444444444,64.22222222222223,20.299999999999997,0.0,4.213333333333334,21.386,103.023,10.905555555555557,12.09,9,39,63,17,1970-01-21 08:31:33.413333333,1970-01-21 08:32:16.926666666,Thu,,,
Điện Biên,Trung du miền núi Bắc Bộ,2025-09-25,24.477777777777778,29.700000000000003,20.288888888888888,27.744444444444444,33.922222222222224,22.855555555555554,0.8888888888888888,0.8888888888888888,0.0,2.0,74.88888888888889,11.81111111111111,31.799999999999997,20.468888888888888,1005.4222222222221,93.11111111111111,19.522222222222222,0.0,4.1866666666666665,21.386,103.023,11.389999999999999,12.07,9,39,51,31,1970-01-21 08:32:59.820000000,1970-01-21 08:33:43.266666666,Thu,,,
Điện Biên,Trung du miền núi Bắc Bộ,2025-09-26,23.188888888888886,26.544444444444444,20.755555555555556,26.333333333333332,29.22222222222222,24.055555555555557,1.2777777777777777,1.2777777777777777,0.0,5.666666666666667,83.66666666666667,11.622222222222222,33.400000000000006,14.351111111111111,1010.7111111111111,86.33333333333333,20.11111111111111,0.0,2.867777777777778,21.386,103.023,8.03,12.05,9,39,51,58,1970-01-21 08:34:26.233333333,1970-01-21 08:35:09.606666666,Thu,,,
Điện Biên,Trung du miền núi Bắc Bộ,2025-09-27,23.22222222222222,27.200000000000003,20.01111111111111,26.633333333333333,30.38888888888889,23.255555555555556,2.6888888888888887,2.6888888888888887,0.0,6.666666666666667,87.0,13.277777777777779,43.111111111111114,16.144444444444446,1013.4000000000001,97.66666666666667,20.799999999999997,0.0,3.1355555555555554,21.386,103.023,10.635555555555555,12.03,9,39,51,52,1970-01-21 08:35:52.666666666,1970-01-21 08:36:35.960000000,Thu,,,
Điện Biên,Trung du miền núi Bắc Bộ,2025-09-28,23.666666666666668,29.022222222222222,19.455555555555556,26.72222222222222,32.422222222222224,22.533333333333335,0.47777777777777775,0.47777777777777775,0.0,3.7777777777777777,81.22222222222223,13.711111111111112,37.43333333333333,20.975555555555555,1010.4777777777776,61.44444444444444,19.91111111111111,0.0,4.256666666666667,21.386,103.023,11.36888888888889,12.01,9,39,51,31,1970-01-21 08:37:19.073333333,1970-01-21 08:38:02.300000000,Thu,,,
Điện Biên,Trung du miền núi Bắc Bộ,2025-09-29,21.633333333333333,23.644444444444446,20.288888888888888,24.211111111111112,26.366666666666667,22.27777777777778,30.58888888888889,30.58888888888889,0.0,15.777777777777779,90.22222222222223,15.899999999999999,54.599999999999994,5.806666666666667,1005.3666666666666,89.22222222222223,19.9,0.0,1.2000000000000002,21.386,103.023,1.818888888888889,11.99,9,40,63,4,1970-01-21 08:38:45.480000000,1970-01-21 08:39:28.653333333,Thu,,,
Điện Biên,Trung du miền núi Bắc Bộ,2025-09-30,21.577777777777776,23.833333333333332,20.322222222222223,25.311111111111114,28.188888888888886,23.48888888888889,39.233333333333334,39.233333333333334,0.0,23.333333333333332,96.66666666666667,7.7333333333333325,31.27777777777778,7.028888888888889,1009.6555555555556,100.0,21.0,0.0,1.3855555555555557,21.386,103.023,1.7255555555555555,11.97,9,40,63,50,1970-01-21 08:40:11.906666666,1970-01-21 08:40:55.000000000,Thu,,,
Điện Biên,Trung du miền núi Bắc Bộ,2025-10-01,22.055555555555557,26.344444444444445,19.51111111111111,25.955555555555556,30.311111111111114,22.6,10.2,10.2,0.0,11.555555555555555,93.22222222222223,8.911111111111111,29.255555555555556,14.217777777777776,1012.9888888888888,100.0,20.844444444444445,0.0,2.695555555555556,21.386,103.023,7.987777777777778,11.95,10,40,63,52,1970-01-21 08:41:38.326666666,1970-01-21 08:42:21.346666666,Thu,,,
Điện Biên,Trung du miền núi Bắc Bộ,2025-10-02,23.01111111111111,26.922222222222224,20.11111111111111,27.255555555555556,31.144444444444446,23.677777777777777,2.3444444444444446,2.3444444444444446,0.0,8.0,90.22222222222223,5.788888888888889,20.88888888888889,15.517777777777777,1013.4777777777776,90.55555555555556,21.211111111111112,0.0,3.046666666666667,21.386,103.023,9.222222222222221,11.93,10,40,51,73,1970-01-21 08:43:04.740000000,1970-01-21 08:43:47.686666666,Thu,,,
Điện Biên,Trung du miền núi Bắc Bộ,2025-10-03,23.98888888888889,29.255555555555556,20.51111111111111,28.533333333333335,34.86666666666667,24.355555555555554,2.3111111111111113,2.3111111111111113,0.0,7.555555555555555,87.22222222222223,6.788888888888889,19.633333333333333,19.817777777777778,1012.4111111111112,58.111111111111114,21.51111111111111,0.0,3.9711111111111115,21.386,103.023,10.956666666666667,11.91,10,40,53,160,1970-01-21 08:44:31.146666666,1970-01-21 08:45:14.033333333,Thu,,,
Điện Biên,Trung du miền núi Bắc Bộ,2025-10-04,23.700000000000003,27.9,20.533333333333335,28.0,32.71111111111111,24.233333333333334,1.7333333333333334,1.7333333333333334,0.0,8.11111111111111,87.44444444444444,5.844444444444445,19.166666666666668,17.438888888888886,1012.4000000000001,59.77777777777778,21.322222222222223,0.0,3.4444444444444446,21.386,103.023,11.346666666666668,11.88888888888889,10,40,51,42,1970-01-21 08:45:57.586666666,1970-01-21 08:46:40.373333333,Thu,,,
Điện Biên,Trung du miền núi Bắc Bộ,2025-10-05,23.855555555555554,28.766666666666666,19.77777777777778,28.022222222222222,33.52222222222222,23.1,3.922222222222222,3.922222222222222,0.0,9.0,86.55555555555556,8.033333333333333,24.522222222222222,20.07,1010.5222222222224,87.11111111111111,21.200000000000003,0.0,3.9577777777777774,21.386,103.023,11.248888888888889,11.866666666666667,10,40,61,258,1970-01-21 08:47:23.993333333,1970-01-21 08:48:06.713333333,Thu,,,
Điện Biên,Trung du miền núi Bắc Bộ,2025-10-06,22.27777777777778,26.133333333333333,20.355555555555554,26.077777777777776,30.41111111111111,23.688888888888886,23.244444444444444,23.244444444444444,0.0,14.88888888888889,93.0,8.822222222222223,27.922222222222224,11.686666666666666,1008.9222222222221,95.55555555555556,21.033333333333335,0.0,2.3,21.386,103.023,4.833333333333333,11.846666666666668,10,41,63,188,1970-01-21 08:48:50.400000000,1970-01-21 08:49:33.053333333,Thu,,,
Điện Biên,Trung du miền núi Bắc Bộ,2025-10-07,20.866666666666667,23.62222222222222,19.58888888888889,24.38888888888889,27.922222222222224,22.677777777777777,45.455555555555556,45.455555555555556,0.0,20.666666666666668,96.44444444444444,6.5,21.9,5.931111111111111,1012.3333333333334,99.77777777777777,20.288888888888888,0.0,1.2022222222222223,21.386,103.023,1.7277777777777779,11.826666666666666,10,41,63,166,1970-01-21 08:50:16.826666666,1970-01-21 08:50:59.393333333,Thu,,,
Điện Biên,Trung du miền núi Bắc Bộ,2025-10-08,22.244444444444444,26.6,19.08888888888889,25.9,30.799999999999997,21.922222222222224,12.822222222222223,12.822222222222223,0.0,12.333333333333334,90.0,7.2444444444444445,21.6,15.637777777777778,1014.1999999999999,84.44444444444444,20.41111111111111,0.0,3.018888888888889,21.386,103.023,9.635555555555555,11.806666666666667,10,41,63,39,1970-01-21 08:51:43.246666666,1970-01-21 08:52:25.746666666,Thu,,,
Điện Biên,Trung du miền núi Bắc Bộ,2025-10-09,22.9,28.055555555555557,19.266666666666666,26.533333333333335,32.71111111111111,22.255555555555556,0.48888888888888893,0.48888888888888893,0.0,2.4444444444444446,85.11111111111111,6.455555555555555,18.77777777777778,19.178888888888892,1013.5999999999999,41.77777777777778,20.01111111111111,0.0,3.7655555555555558,21.386,103.023,10.626666666666667,11.786666666666667,10,41,51,41,1970-01-21 08:53:09.660000000,1970-01-21 08:53:52.086666666,Thu,,,
Điện Biên,Trung du miền núi Bắc Bộ,2025-10-10,22.655555555555555,28.311111111111114,17.522222222222222,25.744444444444444,32.24444444444444,19.644444444444446,0.044444444444444446,0.044444444444444446,0.0,0.4444444444444444,80.33333333333333,6.5777777777777775,18.077777777777776,21.02111111111111,1012.9000000000001,42.888888888888886,18.72222222222222,0.0,4.112222222222222,21.386,103.023,11.223333333333334,11.766666666666666,10,41,3,54,1970-01-21 08:54:36.086666666,1970-01-21 08:55:18.440000000,Thu,,,
Điện Biên,Trung du miền núi Bắc Bộ,2025-10-11,22.922222222222224,28.522222222222222,17.544444444444444,25.922222222222224,32.22222222222222,19.677777777777777,0.011111111111111112,0.011111111111111112,0.0,0.1111111111111111,78.0,5.7555555555555555,16.4,21.049999999999997,1011.9666666666667,25.11111111111111,18.477777777777778,0.0,4.135555555555555,21.386,103.023,11.553333333333335,11.746666666666666,10,41,3,92,1970-01-21 08:56:02.506666666,1970-01-21 08:56:44.800000000,Thu,,,
Điện Biên,Trung du miền núi Bắc Bộ,2025-10-12,23.233333333333334,28.38888888888889,18.544444444444444,26.91111111111111,33.03333333333333,21.155555555555555,0.4222222222222222,0.4222222222222222,0.0,3.111111111111111,83.22222222222223,4.655555555555555,15.288888888888888,19.473333333333333,1011.6777777777778,49.0,19.922222222222224,0.0,3.8377777777777777,21.386,103.023,11.376666666666667,11.726666666666667,10,41,51,46,1970-01-21 08:57:28.920000000,1970-01-21 08:58:11.153333333,Thu,,,
Điện Biên,Trung du miền núi Bắc Bộ,2025-10-13,23.48888888888889,28.344444444444445,19.5,27.444444444444443,33.68888888888889,22.577777777777776,0.6666666666666666,0.6666666666666666,0.0,3.111111111111111,85.44444444444444,6.988888888888889,20.133333333333333,18.73777777777778,1011.9666666666667,35.55555555555556,20.666666666666668,0.0,3.71,21.386,103.023,10.817777777777778,11.706666666666667,10,42,51,53,1970-01-21 08:58:55.346666666,1970-01-21 08:59:37.493333333,Thu,,,
Điện Biên,Trung du miền núi Bắc Bộ,2025-10-14,22.644444444444446,27.266666666666666,19.344444444444445,26.344444444444445,31.511111111111113,22.37777777777778,2.177777777777778,2.177777777777778,0.0,5.333333333333333,89.33333333333333,8.733333333333333,25.144444444444446,15.785555555555554,1012.1333333333334,93.0,20.666666666666668,0.0,3.048888888888889,21.386,103.023,9.428888888888888,11.686666666666666,10,42,51,68,1970-01-21 09:00:21.773333333,1970-01-21 09:01:03.840000000,Thu,,,
Điện Biên,Trung du miền núi Bắc Bộ,2025-10-15,22.455555555555556,26.766666666666666,19.62222222222222,26.155555555555555,30.700000000000003,22.788888888888888,8.18888888888889,8.18888888888889,0.0,9.777777777777779,90.11111111111111,7.611111111111111,24.522222222222222,15.44222222222222,1012.5888888888888,89.66666666666667,20.566666666666666,0.0,2.9633333333333334,21.386,103.023,9.113333333333333,11.666666666666666,10,42,63,70,1970-01-21 09:01:48.180000000,1970-01-21 09:02:30.193333333,Thu,,,
Điện Biên,Trung du miền núi Bắc Bộ,2025-10-16,22.455555555555556,27.055555555555557,19.71111111111111,26.08888888888889,31.255555555555556,22.766666666666666,10.666666666666666,10.666666666666666,0.0,11.666666666666666,89.44444444444444,8.988888888888889,25.633333333333333,15.969999999999999,1014.5111111111112,77.11111111111111,20.477777777777774,0.0,3.051111111111111,21.386,103.023,9.616666666666667,11.646666666666668,10,42,61,30,1970-01-21 09:03:14.626666666,1970-01-21 09:03:56.540000000,Thu,,,
Điện Biên,Trung du miền núi Bắc Bộ,2025-10-17,22.62222222222222,27.5,18.944444444444443,25.48888888888889,30.577777777777776,21.766666666666666,0.16666666666666666,0.16666666666666666,0.0,1.4444444444444444,81.88888888888889,8.822222222222223,24.833333333333332,18.63111111111111,1015.0444444444444,45.111111111111114,19.022222222222222,0.0,3.636666666666667,21.386,103.023,10.553333333333335,11.63,10,42,51,83,1970-01-21 09:04:41.040000000,1970-01-21 09:05:22.913333333,Thu,,,
Điện Biên,Trung du miền núi Bắc Bộ,2025-10-18,22.533333333333335,27.855555555555558,17.355555555555554,25.155555555555555,31.21111111111111,19.366666666666667,0.16666666666666666,0.16666666666666666,0.0,1.4444444444444444,79.66666666666667,9.711111111111112,26.477777777777778,19.50888888888889,1014.3333333333334,9.555555555555555,18.5,0.0,3.8200000000000003,21.386,103.023,11.211111111111112,11.61,10,42,51,58,1970-01-21 09:06:07.466666666,1970-01-21 09:06:49.253333333,Thu,,,
Điện Biên,Trung du miền núi Bắc Bộ,2025-10-19,22.355555555555554,27.577777777777776,17.522222222222222,25.11111111111111,30.855555555555554,19.633333333333333,0.37777777777777777,0.37777777777777777,0.0,2.6666666666666665,81.66666666666667,10.100000000000001,29.43333333333333,19.236666666666665,1013.9222222222221,21.444444444444443,18.766666666666666,0.0,3.7477777777777774,21.386,103.023,11.005555555555555,11.592222222222222,10,42,51,75,1970-01-21 09:07:33.886666666,1970-01-21 09:08:15.606666666,Thu,,,
Điện Biên,Trung du miền núi Bắc Bộ,2025-10-20,21.844444444444445,26.822222222222223,18.344444444444445,24.677777777777777,30.0,20.766666666666666,1.6111111111111112,1.6111111111111112,0.0,3.6666666666666665,85.33333333333333,10.655555555555557,29.38888888888889,17.65222222222222,1014.2555555555555,34.888888888888886,19.055555555555557,0.0,3.3833333333333333,21.386,103.023,10.542222222222222,11.572222222222223,10,43,51,49,1970-01-21 09:09:00.300000000,1970-01-21 09:09:41.960000000,Thu,,,
Điện Biên,Trung du miền núi Bắc Bộ,2025-10-21,21.188888888888886,25.799999999999997,17.62222222222222,22.833333333333332,26.666666666666668,19.566666666666666,0.5,0.5,0.0,2.5555555555555554,79.44444444444444,13.277777777777779,33.98888888888889,16.93,1015.8555555555556,42.22222222222222,17.08888888888889,0.0,3.3466666666666667,21.386,103.023,10.483333333333333,11.553333333333335,10,43,3,69,1970-01-21 09:10:26.733333333,1970-01-21 09:11:08.333333333,Thu,,,
Điện Biên,Trung du miền núi Bắc Bộ,2025-10-22,19.700000000000003,24.255555555555556,15.844444444444443,20.677777777777777,24.72222222222222,17.033333333333335,0.07777777777777778,0.07777777777777778,0.0,0.6666666666666666,77.88888888888889,14.411111111111113,36.58888888888889,16.224444444444444,1017.2333333333333,60.55555555555556,15.377777777777778,0.0,3.123333333333333,21.386,103.023,10.322222222222223,11.533333333333333,10,43,3,57,1970-01-21 09:11:53.160000000,1970-01-21 09:12:34.673333333,Thu,,,
Điện Biên,Trung du miền núi Bắc Bộ,2025-10-23,18.700000000000003,22.555555555555557,14.444444444444445,19.61111111111111,23.01111111111111,15.18888888888889,0.05555555555555555,0.05555555555555555,0.0,0.5555555555555556,80.66666666666667,12.033333333333333,30.122222222222224,10.362222222222222,1018.0888888888888,76.0,15.133333333333333,0.0,2.048888888888889,21.386,103.023,5.535555555555556,11.514444444444443,10,43,3,86,1970-01-21 09:13:19.586666666,1970-01-21 09:14:01.033333333,Thu,,,
Điện Biên,Trung du miền núi Bắc Bộ,2025-10-24,18.466666666666665,20.788888888888888,16.544444444444444,19.533333333333335,21.344444444444445,17.688888888888886,0.7,0.7,0.0,4.777777777777778,84.11111111111111,10.144444444444444,26.51111111111111,7.843333333333334,1018.2222222222222,85.88888888888889,15.644444444444446,0.0,1.5588888888888888,21.386,103.023,2.0633333333333335,11.494444444444445,10,43,51,83,1970-01-21 09:14:46.013333333,1970-01-21 09:15:27.380000000,Thu,,,
Điện Biên,Trung du miền núi Bắc Bộ,2025-10-25,18.833333333333332,23.01111111111111,14.68888888888889,19.933333333333334,23.933333333333334,15.511111111111111,0.13333333333333333,0.13333333333333333,0.0,1.2222222222222223,82.88888888888889,10.911111111111111,28.522222222222222,13.58,1017.0666666666667,46.22222222222222,15.722222222222221,0.0,2.5277777777777777,21.386,103.023,9.375555555555556,11.474444444444446,10,43,3,57,1970-01-21 09:16:12.433333333,1970-01-21 09:16:53.753333333,Thu,,,
Điện Biên,Trung du miền núi Bắc Bộ,2025-10-26,18.933333333333334,23.4,15.011111111111111,20.12222222222222,24.466666666666665,16.022222222222222,0.13333333333333333,0.13333333333333333,0.0,1.3333333333333333,83.55555555555556,10.122222222222222,26.444444444444443,13.008888888888889,1017.3555555555556,50.666666666666664,15.833333333333334,0.0,2.4522222222222223,21.386,103.023,8.401111111111112,11.457777777777778,10,43,51,58,1970-01-21 09:17:38.866666666,1970-01-21 09:18:20.100000000,Thu,,,
Điện Biên,Trung du miền núi Bắc Bộ,2025-10-27,19.11111111111111,24.477777777777778,14.344444444444443,20.288888888888888,25.433333333333334,15.166666666666666,0.06666666666666667,0.06666666666666667,0.0,0.5555555555555556,81.77777777777777,10.7,28.077777777777776,14.876666666666665,1017.5222222222224,36.888888888888886,15.61111111111111,0.0,2.801111111111111,21.386,103.023,10.534444444444444,11.437777777777777,10,44,3,88,1970-01-21 09:19:05.286666666,1970-01-21 09:19:46.460000000,Thu,,,
Điện Biên,Trung du miền núi Bắc Bộ,2025-10-28,19.344444444444445,24.333333333333332,14.755555555555553,20.58888888888889,25.333333333333332,15.644444444444446,0.06666666666666667,0.06666666666666667,0.0,0.6666666666666666,81.22222222222223,9.18888888888889,24.955555555555556,15.034444444444444,1017.2666666666667,73.33333333333333,15.733333333333333,0.0,2.842222222222222,21.386,103.023,10.27111111111111,11.42,10,44,3,61,1970-01-21 09:20:31.720000000,1970-01-21 09:21:12.833333333,Thu,,,
Điện Biên,Trung du miền núi Bắc Bộ,2025-10-29,19.633333333333333,24.922222222222224,14.466666666666665,21.155555555555555,26.733333333333334,15.355555555555558,0.0,0.0,0.0,0.0,81.55555555555556,8.88888888888889,24.322222222222223,16.112222222222222,1016.0888888888888,76.77777777777777,16.08888888888889,0.0,3.0411111111111113,21.386,103.023,10.633333333333333,11.402222222222223,10,44,3,53,1970-01-21 09:21:58.140000000,1970-01-21 09:22:39.193333333,Thu,,,
Điện Biên,Trung du miền núi Bắc Bộ,2025-10-30,20.855555555555554,26.166666666666668,15.488888888888889,22.966666666666665,28.4,16.633333333333333,0.05555555555555555,0.05555555555555555,0.0,0.5555555555555556,83.77777777777777,8.922222222222222,24.799999999999997,15.125555555555556,1015.8444444444444,78.66666666666667,17.755555555555556,0.0,2.91,21.386,103.023,10.297777777777778,11.383333333333333,10,44,3,49,1970-01-21 09:23:24.580000000,1970-01-21 09:24:05.560000000,Thu,,,
Điện Biên,Trung du miền núi Bắc Bộ,2025-10-31,21.844444444444445,26.9,17.62222222222222,24.311111111111114,29.700000000000003,19.822222222222223,1.0,1.0,0.0,5.111111111111111,84.33333333333333,10.922222222222222,28.27777777777778,16.133333333333336,1015.9777777777776,56.333333333333336,18.822222222222223,0.0,3.1466666666666665,21.386,103.023,9.863333333333333,11.365555555555554,10,44,51,90,1970-01-21 09:24:51.000000000,1970-01-21 09:25:31.920000000,Thu,,,
Điện Biên,Trung du miền núi Bắc Bộ,2025-11-01,21.08888888888889,24.855555555555554,18.444444444444443,23.077777777777776,26.333333333333332,20.344444444444445,1.1777777777777778,1.1777777777777778,0.0,4.333333333333333,84.77777777777777,13.0,32.98888888888889,13.235555555555557,1016.0111111111112,94.33333333333333,18.255555555555556,0.0,2.5633333333333335,21.386,103.023,9.427777777777777,11.35,11,44,51,67,1970-01-21 09:26:17.433333333,1970-01-21 09:26:58.280000000,Thu,,,
Điện Biên,Trung du miền núi Bắc Bộ,2025-11-02,20.200000000000003,23.466666666666665,17.977777777777778,21.477777777777778,24.733333333333334,18.855555555555554,0.37777777777777777,0.37777777777777777,0.0,2.4444444444444446,82.55555555555556,13.966666666666667,35.37777777777777,10.392222222222223,1016.1222222222223,97.66666666666667,17.022222222222222,0.0,2.1533333333333333,21.386,103.023,5.95888888888889,11.33,11,44,51,90,1970-01-21 09:27:43.860000000,1970-01-21 09:28:24.653333333,Thu,,,
Điện Biên,Trung du miền núi Bắc Bộ,2025-11-03,19.01111111111111,22.866666666666667,16.166666666666668,19.422222222222224,23.066666666666666,16.811111111111114,0.16666666666666666,0.16666666666666666,0.0,1.1111111111111112,78.88888888888889,15.855555555555554,39.84444444444445,13.272222222222222,1016.3222222222222,98.55555555555556,15.122222222222222,0.0,2.57,21.386,103.023,8.931111111111111,11.313333333333334,11,45,51,106,1970-01-21 09:29:10.300000000,1970-01-21 09:29:51.020000000,Thu,,,
Điện Biên,Trung du miền núi Bắc Bộ,2025-11-04,18.255555555555556,22.266666666666666,15.088888888888887,19.12222222222222,22.966666666666665,15.777777777777779,0.022222222222222223,0.022222222222222223,0.0,0.2222222222222222,83.44444444444444,10.822222222222223,28.466666666666665,10.652222222222223,1016.5333333333333,78.44444444444444,15.266666666666667,0.0,2.0533333333333332,21.386,103.023,6.291111111111111,11.297777777777778,11,45,3,72,1970-01-21 09:30:36.726666666,1970-01-21 09:31:17.393333333,Thu,,,
Điện Biên,Trung du miền núi Bắc Bộ,2025-11-05,19.200000000000003,22.855555555555554,15.644444444444446,20.799999999999997,24.58888888888889,16.822222222222223,0.05555555555555555,0.05555555555555555,0.0,0.5555555555555556,84.11111111111111,8.155555555555557,23.4,10.707777777777778,1014.0555555555555,80.0,16.255555555555556,0.0,2.07,21.386,103.023,4.464444444444444,11.28,11,45,3,46,1970-01-21 09:32:03.160000000,1970-01-21 09:32:43.760000000,Thu,,,
Điện Biên,Trung du miền núi Bắc Bộ,2025-11-06,20.822222222222223,26.08888888888889,15.91111111111111,23.188888888888886,28.766666666666666,17.311111111111114,0.03333333333333334,0.03333333333333334,0.0,0.3333333333333333,83.22222222222223,5.688888888888889,15.955555555555556,14.950000000000001,1012.5444444444444,47.666666666666664,17.577777777777776,0.0,2.841111111111111,21.386,103.023,10.076666666666666,11.263333333333334,11,45,3,29,1970-01-21 09:33:29.586666666,1970-01-21 09:34:10.140000000,Thu,,,
Điện Biên,Trung du miền núi Bắc Bộ,2025-11-07,21.6,27.155555555555555,17.077777777777776,24.066666666666666,29.41111111111111,18.855555555555554,1.0,1.0,0.0,0.8888888888888888,84.22222222222223,11.211111111111112,29.900000000000002,15.644444444444446,1012.0666666666667,80.55555555555556,18.533333333333335,0.0,3.0477777777777777,21.386,103.023,9.735555555555557,11.247777777777777,11,45,3,86,1970-01-21 09:34:56.033333333,1970-01-21 09:35:36.520000000,Thu,,,
Điện Biên,Trung du miền núi Bắc Bộ,2025-11-08,22.211111111111112,25.977777777777778,19.01111111111111,25.022222222222222,28.08888888888889,21.755555555555553,2.488888888888889,2.488888888888889,0.0,7.0,86.66666666666667,13.944444444444445,40.58888888888889,13.082222222222223,1012.7444444444445,68.11111111111111,19.72222222222222,0.0,2.5655555555555556,21.386,103.023,8.642222222222223,11.23,11,45,51,56,1970-01-21 09:36:22.460000000,1970-01-21 09:37:02.886666666,Thu,,,
Điện Biên,Trung du miền núi Bắc Bộ,2025-11-09,22.200000000000003,26.744444444444444,19.38888888888889,25.633333333333333,29.93333333333333,22.422222222222224,7.533333333333333,7.533333333333333,0.0,7.888888888888889,89.33333333333333,7.466666666666667,24.81111111111111,12.405555555555557,1012.7333333333333,77.33333333333333,20.188888888888886,0.0,2.42,21.386,103.023,8.766666666666667,11.214444444444446,11,45,53,63,1970-01-21 09:37:48.893333333,1970-01-21 09:38:29.273333333,Thu,,,
Điện Biên,Trung du miền núi Bắc Bộ,2025-11-10,21.98888888888889,26.311111111111114,19.133333333333336,25.633333333333333,29.644444444444446,22.055555555555557,7.511111111111112,7.511111111111112,0.0,10.777777777777779,90.88888888888889,8.11111111111111,25.61111111111111,13.83222222222222,1011.6999999999999,64.44444444444444,20.322222222222223,0.0,2.621111111111111,21.386,103.023,9.594444444444443,11.2,11,46,61,160,1970-01-21 09:39:15.333333333,1970-01-21 09:39:55.633333333,Thu,,,
Điện Biên,Trung du miền núi Bắc Bộ,2025-11-11,21.933333333333334,26.366666666666667,19.166666666666668,25.51111111111111,30.100000000000005,22.233333333333334,3.3555555555555556,3.3555555555555556,0.0,10.0,90.55555555555556,6.355555555555556,19.61111111111111,13.553333333333335,1011.4222222222221,73.55555555555556,20.166666666666668,0.0,2.6077777777777778,21.386,103.023,8.995555555555555,11.18,11,46,51,39,1970-01-21 09:40:41.766666666,1970-01-21 09:41:22.020000000,Thu,,,
Điện Biên,Trung du miền núi Bắc Bộ,2025-11-12,20.62222222222222,24.188888888888886,17.533333333333335,23.288888888888888,26.766666666666666,19.299999999999997,2.911111111111111,2.911111111111111,0.0,10.11111111111111,91.0,9.322222222222223,23.644444444444446,10.681111111111111,1014.311111111111,66.44444444444444,19.0,0.0,2.022222222222222,21.386,103.023,6.688888888888889,11.166666666666666,11,46,51,54,1970-01-21 09:42:08.200000000,1970-01-21 09:42:48.400000000,Thu,,,
Điện Biên,Trung du miền núi Bắc Bộ,2025-11-13,19.4,23.77777777777778,16.255555555555556,20.644444444444446,24.677777777777777,17.444444444444443,0.15555555555555556,0.15555555555555556,0.0,1.4444444444444444,83.0,11.911111111111111,30.599999999999998,13.518888888888888,1017.4000000000001,48.333333333333336,16.200000000000003,0.0,2.5477777777777777,21.386,103.023,9.872222222222222,11.15,11,46,3,88,1970-01-21 09:43:34.633333333,1970-01-21 09:44:14.773333333,Thu,,,
Điện Biên,Trung du miền núi Bắc Bộ,2025-11-14,18.322222222222223,23.799999999999997,13.8,19.188888888888886,24.733333333333334,14.333333333333334,0.0,0.0,0.0,0.0,80.55555555555556,9.766666666666667,26.88888888888889,15.922222222222224,1017.3777777777777,25.22222222222222,14.57777777777778,0.0,2.891111111111111,21.386,103.023,10.137777777777778,11.134444444444446,11,46,3,55,1970-01-21 09:45:01.073333333,1970-01-21 09:45:41.160000000,Thu,,,
Điện Biên,Trung du miền núi Bắc Bộ,2025-11-15,17.72222222222222,23.966666666666665,12.533333333333333,18.255555555555556,24.955555555555556,12.577777777777778,0.0,0.0,0.0,0.0,77.44444444444444,9.022222222222222,24.466666666666665,18.342222222222222,1019.3666666666666,11.333333333333334,13.277777777777779,0.0,3.285555555555556,21.386,103.023,10.457777777777778,11.12,11,46,3,52,1970-01-21 09:46:27.513333333,1970-01-21 09:47:07.540000000,Thu,,,
Điện Biên,Trung du miền núi Bắc Bộ,2025-11-16,17.744444444444444,23.977777777777778,11.988888888888889,18.27777777777778,24.77777777777778,11.822222222222223,0.0,0.0,0.0,0.0,77.88888888888889,9.81111111111111,26.288888888888888,16.104444444444443,1020.7444444444445,25.77777777777778,13.488888888888889,0.0,2.941111111111111,21.386,103.023,10.095555555555556,11.106666666666666,11,46,3,48,1970-01-21 09:47:53.946666666,1970-01-21 09:48:33.926666666,Thu,,,
Điện Biên,Trung du miền núi Bắc Bộ,2025-11-17,19.27777777777778,23.366666666666667,15.88888888888889,20.522222222222222,24.38888888888889,16.811111111111114,2.2222222222222223,2.2222222222222223,0.0,3.5555555555555554,81.88888888888889,10.222222222222221,27.677777777777777,9.768888888888888,1020.0666666666667,86.66666666666667,15.944444444444445,0.0,1.9944444444444445,21.386,103.023,3.552222222222222,11.09,11,47,53,10,1970-01-21 09:49:20.386666666,1970-01-21 09:50:00.306666666,Thu,,,
Điện Biên,Trung du miền núi Bắc Bộ,2025-11-18,17.188888888888886,18.6,14.311111111111112,18.533333333333335,20.51111111111111,14.288888888888888,26.96666666666667,26.96666666666667,0.0,23.444444444444443,95.77777777777777,10.044444444444444,29.77777777777778,2.631111111111111,1021.3000000000001,100.0,16.51111111111111,0.0,0.5855555555555555,21.386,103.023,0.0,11.07888888888889,11,47,63,44,1970-01-21 09:50:46.820000000,1970-01-21 09:51:26.700000000,Thu,,,
Điện Biên,Trung du miền núi Bắc Bộ,2025-11-19,13.233333333333334,15.155555555555557,11.655555555555557,12.455555555555556,14.344444444444443,10.899999999999999,2.844444444444444,2.844444444444444,0.0,10.88888888888889,88.11111111111111,12.844444444444443,32.52222222222222,7.011111111111111,1024.5,84.88888888888889,11.222222222222221,0.0,1.1722222222222223,21.386,103.023,2.9233333333333333,11.062222222222223,11,47,53,32,1970-01-21 09:52:13.253333333,1970-01-21 09:52:53.086666666,Thu,,,
Điện Biên,Trung du miền núi Bắc Bộ,2025-11-20,13.466666666666667,17.966666666666665,9.877777777777778,12.466666666666667,16.51111111111111,8.899999999999999,0.0,0.0,0.0,0.0,80.77777777777777,12.600000000000001,32.55555555555556,12.625555555555556,1023.7555555555555,39.55555555555556,9.966666666666667,0.0,2.074444444444444,21.386,103.023,9.314444444444444,11.05,11,47,3,83,1970-01-21 09:53:39.693333333,1970-01-21 09:54:19.480000000,Thu,,,
Điện Biên,Trung du miền núi Bắc Bộ,2025-11-21,14.344444444444443,20.433333333333334,9.255555555555555,13.655555555555557,19.688888888888886,8.322222222222223,0.0,0.0,0.0,0.0,78.22222222222223,12.566666666666666,32.71111111111111,16.316666666666666,1023.2666666666667,24.88888888888889,10.233333333333333,0.0,2.7133333333333334,21.386,103.023,10.157777777777778,11.038888888888888,11,47,3,53,1970-01-21 09:55:06.133333333,1970-01-21 09:55:45.866666666,Thu,,,
Điện Biên,Trung du miền núi Bắc Bộ,2025-11-22,14.577777777777776,20.822222222222223,9.0,14.277777777777779,21.244444444444444,7.911111111111111,0.0,0.0,0.0,0.0,78.11111111111111,8.288888888888888,23.87777777777778,18.183333333333334,1020.8666666666666,11.333333333333334,10.477777777777778,0.0,2.99,21.386,103.023,10.236666666666666,11.026666666666666,11,47,3,26,1970-01-21 09:56:32.573333333,1970-01-21 09:57:12.253333333,Thu,,,
Điện Biên,Trung du miền núi Bắc Bộ,2025-11-23,15.311111111111112,22.01111111111111,9.399999999999999,15.488888888888889,23.188888888888886,8.533333333333333,0.0,0.0,0.0,0.0,80.33333333333333,6.155555555555555,18.48888888888889,18.151111111111113,1019.6444444444444,8.11111111111111,11.61111111111111,0.0,3.0366666666666666,21.386,103.023,10.234444444444444,11.012222222222222,11,47,3,17,1970-01-21 09:57:59.000000000,1970-01-21 09:58:38.646666666,Thu,,,
Điện Biên,Trung du miền núi Bắc Bộ,2025-11-24,15.633333333333335,22.233333333333334,10.066666666666666,15.600000000000001,22.733333333333334,9.422222222222222,0.0,0.0,0.0,0.0,79.88888888888889,10.0,26.977777777777778,17.62777777777778,1020.0777777777779,22.22222222222222,11.744444444444445,0.0,3.0166666666666666,21.386,103.023,10.012222222222222,11.001111111111111,11,48,3,39,1970-01-21 09:59:25.446666666,1970-01-21 10:00:05.046666666,Thu,,,
Điện Biên,Trung du miền núi Bắc Bộ,2025-11-25,14.688888888888888,20.288888888888888,10.122222222222222,13.899999999999999,19.188888888888886,9.3,0.0,0.0,0.0,0.0,74.22222222222223,12.3,32.32222222222222,17.234444444444446,1020.9444444444445,31.11111111111111,9.555555555555555,0.0,2.9044444444444446,21.386,103.023,10.2,10.99,11,48,3,45,1970-01-21 10:00:51.886666666,1970-01-21 10:01:31.446666666,Thu,,,
Điện Biên,Trung du miền núi Bắc Bộ,2025-11-26,13.588888888888889,20.37777777777778,7.711111111111112,12.722222222222221,20.155555555555555,6.122222222222222,0.0,0.0,0.0,0.0,71.22222222222223,6.744444444444444,20.200000000000003,18.406666666666666,1020.0888888888888,18.666666666666668,8.055555555555555,0.0,2.9955555555555557,21.386,103.023,10.316666666666666,10.97888888888889,11,48,3,24,1970-01-21 10:02:18.320000000,1970-01-21 10:02:57.846666666,Thu,,,
Điện Biên,Trung du miền núi Bắc Bộ,2025-11-27,13.522222222222222,20.177777777777777,8.166666666666666,11.88888888888889,17.855555555555554,6.7555555555555555,0.0,0.0,0.0,0.0,65.88888888888889,15.799999999999999,40.766666666666666,18.281111111111112,1023.0333333333333,35.111111111111114,6.5,0.0,3.1155555555555554,21.386,103.023,10.25,10.96888888888889,11,48,3,43,1970-01-21 10:03:44.760000000,1970-01-21 10:04:24.246666666,Thu,,,
Điện Biên,Trung du miền núi Bắc Bộ,2025-11-28,12.655555555555557,19.844444444444445,6.688888888888889,11.266666666666667,18.91111111111111,4.766666666666667,0.0,0.0,0.0,0.0,63.666666666666664,6.644444444444444,20.077777777777776,18.604444444444443,1019.6666666666666,1.4444444444444444,5.344444444444444,0.0,3.0011111111111113,21.386,103.023,10.275555555555554,10.958888888888888,11,48,1,9,1970-01-21 10:05:11.200000000,1970-01-21 10:05:50.646666666,Thu,,,
Điện Biên,Trung du miền núi Bắc Bộ,2025-11-29,13.066666666666666,20.733333333333334,6.588888888888889,12.233333333333333,20.799999999999997,4.855555555555556,0.0,0.0,0.0,0.0,69.44444444444444,4.822222222222222,15.877777777777778,18.538888888888888,1016.0888888888888,0.0,7.122222222222224,0.0,2.9844444444444442,21.386,103.023,10.27111111111111,10.948888888888888,11,48,0,28,1970-01-21 10:06:37.640000000,1970-01-21 10:07:17.046666666,Thu,,,
Điện Biên,Trung du miền núi Bắc Bộ,2025-11-30,14.222222222222221,21.655555555555555,8.133333333333333,13.766666666666667,21.977777777777778,6.833333333333333,0.0,0.0,0.0,0.0,70.77777777777777,5.555555555555555,18.0,18.31888888888889,1015.188888888889,0.0,8.588888888888889,0.0,3.042222222222222,21.386,103.023,10.224444444444444,10.938888888888888,11,48,0,265,1970-01-21 10:08:04.080000000,1970-01-21 10:08:43.446666666,Thu,,,
Điện Biên,Trung du miền núi Bắc Bộ,2025-12-01,15.166666666666666,22.644444444444446,9.033333333333333,15.0,23.655555555555555,7.922222222222222,0.0,0.0,0.0,0.0,72.33333333333333,5.011111111111111,16.166666666666668,17.89333333333333,1015.0888888888888,9.777777777777779,9.81111111111111,0.0,3.0244444444444443,21.386,103.023,10.053333333333335,10.928888888888888,12,49,2,18,1970-01-21 10:09:30.526666666,1970-01-21 10:10:09.853333333,Đông,,,
Điện Biên,Trung du miền núi Bắc Bộ,2025-12-02,16.51111111111111,23.466666666666665,10.833333333333334,16.922222222222224,24.788888888888888,10.233333333333333,0.0,0.0,0.0,0.0,74.22222222222223,5.633333333333334,18.244444444444444,17.788888888888888,1014.4666666666667,1.0,11.633333333333333,0.0,3.0877777777777777,21.386,103.023,10.127777777777778,10.918888888888889,12,49,0,46,1970-01-21 10:10:56.960000000,1970-01-21 10:11:36.266666666,Đông,,,
Điện Biên,Trung du miền núi Bắc Bộ,2025-12-03,16.87777777777778,23.333333333333332,11.233333333333333,17.322222222222223,23.87777777777778,10.777777777777779,0.044444444444444446,0.044444444444444446,0.0,0.4444444444444444,81.77777777777777,11.222222222222221,29.355555555555554,13.727777777777778,1017.9666666666667,32.666666666666664,13.466666666666667,0.0,2.483333333333333,21.386,103.023,9.937777777777777,10.91,12,49,3,52,1970-01-21 10:12:23.400000000,1970-01-21 10:13:02.673333333,Đông,,,
Điện Biên,Trung du miền núi Bắc Bộ,2025-12-04,17.08888888888889,22.255555555555556,13.755555555555555,18.1,23.477777777777778,14.233333333333333,0.16666666666666666,0.16666666666666666,0.0,1.6666666666666667,86.22222222222223,6.0,17.133333333333333,10.653333333333332,1018.8555555555556,56.22222222222222,14.566666666666666,0.0,1.9155555555555557,21.386,103.023,6.745555555555556,10.901111111111112,12,49,51,39,1970-01-21 10:13:49.840000000,1970-01-21 10:14:29.080000000,Đông,,,
Điện Biên,Trung du miền núi Bắc Bộ,2025-12-05,16.41111111111111,21.666666666666668,12.5,17.155555555555555,22.788888888888888,12.622222222222222,0.09999999999999999,0.09999999999999999,0.0,1.0,87.66666666666667,7.388888888888889,19.799999999999997,10.738888888888887,1019.6444444444444,52.666666666666664,14.166666666666666,0.0,1.8944444444444446,21.386,103.023,7.606666666666667,10.892222222222223,12,49,3,55,1970-01-21 10:15:16.280000000,1970-01-21 10:15:55.500000000,Đông,,,
Điện Biên,Trung du miền núi Bắc Bộ,2025-12-06,17.200000000000003,22.866666666666667,13.11111111111111,18.366666666666667,24.066666666666663,13.488888888888887,0.2222222222222222,0.2222222222222222,0.0,2.111111111111111,87.0,6.044444444444444,18.200000000000003,10.832222222222224,1018.0888888888888,52.44444444444444,14.811111111111112,0.0,1.9722222222222223,21.386,103.023,6.136666666666667,10.884444444444446,12,49,51,10,1970-01-21 10:16:42.720000000,1970-01-21 10:17:21.906666666,Đông,,,
Điện Biên,Trung du miền núi Bắc Bộ,2025-12-07,17.544444444444444,23.433333333333337,13.744444444444444,18.711111111111112,24.811111111111114,14.5,0.4777777777777777,0.4777777777777777,0.0,2.4444444444444446,87.0,8.066666666666666,21.61111111111111,12.961111111111112,1017.688888888889,49.44444444444444,15.1,0.0,2.348888888888889,21.386,103.023,8.860000000000001,10.878888888888888,12,49,51,57,1970-01-21 10:18:09.153333333,1970-01-21 10:18:48.313333333,Đông,,,
Điện Biên,Trung du miền núi Bắc Bộ,2025-12-08,15.955555555555556,21.466666666666665,12.333333333333334,16.255555555555556,21.533333333333335,12.466666666666669,0.1777777777777777,0.1777777777777777,0.0,1.3333333333333333,86.0,9.9,25.6,12.574444444444444,1019.9666666666668,58.111111111111114,13.3,0.0,2.197777777777778,21.386,103.023,8.946666666666665,10.871111111111112,12,50,51,59,1970-01-21 10:19:35.593333333,1970-01-21 10:20:14.733333333,Đông,,,
Điện Biên,Trung du miền núi Bắc Bộ,2025-12-09,14.91111111111111,20.4,11.077777777777778,14.72222222222222,20.244444444444444,10.77777777777778,0.0,0.0,0.0,0.0,80.22222222222223,7.855555555555556,22.566666666666663,14.571111111111112,1019.311111111111,48.666666666666664,11.122222222222222,0.0,2.447777777777778,21.386,103.023,8.527777777777779,10.864444444444445,12,50,3,49,1970-01-21 10:21:02.026666666,1970-01-21 10:21:41.146666666,Đông,,,
Điện Biên,Trung du miền núi Bắc Bộ,2025-12-10,15.155555555555557,21.844444444444445,9.5,15.1,22.35555555555555,8.777777777777779,0.0,0.0,0.0,0.0,75.77777777777777,6.166666666666667,17.700000000000003,16.674444444444443,1018.4555555555556,8.555555555555555,10.555555555555555,0.0,2.8133333333333335,21.386,103.023,10.033333333333331,10.86,12,50,2,21,1970-01-21 10:22:28.466666666,1970-01-21 10:23:07.566666666,Đông,,,
Điện Biên,Trung du miền núi Bắc Bộ,2025-12-11,15.4,20.666666666666668,10.177777777777775,15.955555555555556,21.344444444444445,9.477777777777778,0.7222222222222222,0.7222222222222222,0.0,3.0,86.66666666666667,6.433333333333334,18.533333333333335,10.103333333333332,1018.3,59.44444444444444,13.033333333333331,0.0,1.771111111111111,21.386,103.023,5.918888888888889,10.854444444444445,12,50,51,27,1970-01-21 10:23:54.900000000,1970-01-21 10:24:33.973333333,Đông,,,
Điện Biên,Trung du miền núi Bắc Bộ,2025-12-12,16.5,19.211111111111112,14.577777777777776,17.98888888888889,20.799999999999997,15.711111111111112,7.366666666666666,7.366666666666666,0.0,10.77777777777778,93.77777777777776,4.833333333333333,15.2,7.195555555555556,1016.9888888888888,71.0,15.444444444444445,0.0,1.271111111111111,21.386,103.023,2.947777777777778,10.85,12,50,63,27,1970-01-21 10:25:21.340000000,1970-01-21 10:26:00.400000000,Đông,,,
Điện Biên,Trung du miền núi Bắc Bộ,2025-12-13,17.522222222222222,23.0,13.877777777777778,18.35555555555555,23.333333333333332,14.27777777777778,0.1222222222222222,0.1222222222222222,0.0,1.1111111111111112,85.88888888888889,10.422222222222222,27.37777777777778,12.006666666666668,1018.4555555555556,61.333333333333336,14.833333333333334,0.0,2.214444444444444,21.386,103.023,7.932222222222222,10.846666666666668,12,50,3,56,1970-01-21 10:26:47.773333333,1970-01-21 10:27:26.826666666,Đông,,,
Điện Biên,Trung du miền núi Bắc Bộ,2025-12-14,16.422222222222224,20.98888888888889,12.544444444444444,16.466666666666665,20.811111111111114,12.477777777777778,0.0777777777777777,0.0777777777777777,0.0,0.6666666666666666,81.55555555555556,11.011111111111113,29.033333333333335,12.592222222222222,1020.0222222222224,48.22222222222222,12.988888888888887,0.0,2.2466666666666666,21.386,103.023,8.908888888888889,10.842222222222222,12,50,3,102,1970-01-21 10:28:14.206666666,1970-01-21 10:28:53.226666666,Đông,,,
Điện Biên,Trung du miền núi Bắc Bộ,2025-12-15,15.244444444444444,21.133333333333333,10.922222222222222,15.577777777777776,21.64444444444445,10.622222222222222,0.0,0.0,0.0,0.0,85.11111111111111,6.266666666666667,17.91111111111111,12.234444444444444,1018.4888888888888,48.666666666666664,12.488888888888887,0.0,2.0999999999999996,21.386,103.023,8.563333333333333,10.84,12,51,3,68,1970-01-21 10:29:40.640000000,1970-01-21 10:30:19.660000000,Đông,,,
Điện Biên,Trung du miền núi Bắc Bộ,2025-12-16,16.144444444444446,22.188888888888886,10.911111111111111,16.88888888888889,23.288888888888888,10.744444444444444,0.2444444444444444,0.2444444444444444,0.0,2.0,85.0,5.488888888888889,16.87777777777778,14.57,1017.1111111111112,32.0,13.333333333333334,0.0,2.52,21.386,103.023,9.581111111111111,10.836666666666666,12,51,51,40,1970-01-21 10:31:07.066666666,1970-01-21 10:31:46.086666666,Đông,,,
Điện Biên,Trung du miền núi Bắc Bộ,2025-12-17,16.211111111111112,21.14444444444445,12.677777777777775,16.42222222222222,21.177777777777777,12.766666666666667,0.3777777777777777,0.3777777777777777,0.0,3.5555555555555554,84.55555555555556,9.211111111111112,24.288888888888888,11.375555555555556,1019.6,54.22222222222222,13.322222222222225,0.0,2.048888888888889,21.386,103.023,7.354444444444444,10.834444444444443,12,51,51,89,1970-01-21 10:32:33.500000000,1970-01-21 10:33:12.506666666,Đông,,,
Điện Biên,Trung du miền núi Bắc Bộ,2025-12-18,15.58888888888889,20.766666666666666,12.177777777777775,16.144444444444446,21.633333333333333,12.088888888888889,1.077777777777778,1.077777777777778,0.0,4.0,86.77777777777777,7.088888888888889,21.477777777777774,12.992222222222225,1018.9777777777776,46.44444444444444,13.166666666666666,0.0,2.201111111111111,21.386,103.023,9.273333333333332,10.83222222222222,12,51,51,33,1970-01-21 10:33:59.940000000,1970-01-21 10:34:38.946666666,Đông,,,
Điện Biên,Trung du miền núi Bắc Bộ,2025-12-19,15.622222222222222,21.27777777777778,11.666666666666666,16.166666666666668,21.455555555555556,11.822222222222225,0.1111111111111111,0.1111111111111111,0.0,1.0,86.0,7.977777777777778,22.98888888888889,12.973333333333333,1015.8666666666666,50.333333333333336,13.011111111111113,0.0,2.238888888888889,21.386,103.023,9.515555555555556,10.831111111111111,12,51,3,28,1970-01-21 10:35:26.366666666,1970-01-21 10:36:05.360000000,Đông,,,
Điện Biên,Trung du miền núi Bắc Bộ,2025-12-20,16.200000000000003,22.41111111111111,11.333333333333334,16.822222222222223,23.200000000000003,11.377777777777778,0.1333333333333333,0.1333333333333333,0.0,1.0,82.33333333333333,5.877777777777777,18.62222222222222,14.71,1015.5555555555557,36.111111111111114,12.833333333333334,0.0,2.556666666666666,21.386,103.023,9.704444444444444,10.83,12,51,3,10,1970-01-21 10:36:52.800000000,1970-01-21 10:37:31.793333333,Đông,,,
Điện Biên,Trung du miền núi Bắc Bộ,2025-12-21,15.744444444444444,21.666666666666668,11.244444444444444,15.91111111111111,21.58888888888889,11.077777777777778,0.1666666666666666,0.1666666666666666,0.0,1.6666666666666667,82.77777777777777,7.944444444444445,22.27777777777778,12.943333333333332,1018.2444444444444,39.44444444444444,12.444444444444445,0.0,2.261111111111111,21.386,103.023,9.112222222222222,10.83,12,51,51,38,1970-01-21 10:38:19.233333333,1970-01-21 10:38:58.213333333,Đông,,,
Điện Biên,Trung du miền núi Bắc Bộ,2025-12-22,16.12222222222222,22.655555555555555,10.855555555555556,16.544444444444444,22.655555555555555,10.72222222222222,0.0888888888888888,0.0888888888888888,0.0,0.5555555555555556,83.0,10.11111111111111,28.077777777777776,13.935555555555556,1016.0,30.11111111111111,12.877777777777778,0.0,2.457777777777778,21.386,103.023,9.482222222222225,10.83,12,52,3,55,1970-01-21 10:39:45.660000000,1970-01-21 10:40:24.653333333,Đông,,,
Điện Biên,Trung du miền núi Bắc Bộ,2025-12-23,17.22222222222222,23.133333333333333,12.18888888888889,18.044444444444444,23.655555555555555,12.422222222222222,0.5444444444444445,0.5444444444444445,0.0,2.3333333333333335,82.33333333333333,8.522222222222222,24.155555555555555,14.083333333333334,1014.1111111111112,30.666666666666668,13.88888888888889,0.0,2.5044444444444443,21.386,103.023,9.926666666666668,10.83,12,52,51,186,1970-01-21 10:41:12.093333333,1970-01-21 10:41:51.080000000,Đông,,,
Điện Biên,Trung du miền núi Bắc Bộ,2025-12-24,17.799999999999997,23.744444444444444,12.633333333333333,18.744444444444444,24.233333333333334,12.988888888888887,0.3222222222222222,0.3222222222222222,0.0,1.6666666666666667,81.55555555555556,10.088888888888889,27.155555555555555,14.342222222222224,1013.5222222222224,62.888888888888886,14.288888888888888,0.0,2.6033333333333335,21.386,103.023,9.89,10.831111111111111,12,52,51,108,1970-01-21 10:42:38.520000000,1970-01-21 10:43:17.526666666,Đông,,,
Điện Biên,Trung du miền núi Bắc Bộ,2025-12-25,15.7,20.333333333333332,11.744444444444444,15.555555555555555,19.833333333333332,11.122222222222222,0.3333333333333333,0.3333333333333333,0.0,2.5555555555555554,83.88888888888889,14.577777777777776,37.077777777777776,12.504444444444443,1017.0222222222224,54.55555555555556,12.77777777777778,0.0,2.167777777777778,21.386,103.023,9.231111111111112,10.834444444444443,12,52,51,88,1970-01-21 10:44:04.946666666,1970-01-21 10:44:43.953333333,Đông,,,
Điện Biên,Trung du miền núi Bắc Bộ,2025-12-26,14.311111111111112,19.11111111111111,9.72222222222222,13.922222222222222,19.200000000000003,8.733333333333333,0.0333333333333333,0.0333333333333333,0.0,0.3333333333333333,81.33333333333333,8.555555555555555,22.633333333333333,11.53,1017.9333333333332,60.888888888888886,10.944444444444445,0.0,1.9366666666666663,21.386,103.023,8.784444444444444,10.834444444444443,12,52,3,52,1970-01-21 10:45:31.380000000,1970-01-21 10:46:10.386666666,Đông,,,
Điện Biên,Trung du miền núi Bắc Bộ,2025-12-27,15.233333333333333,19.88888888888889,12.11111111111111,15.4,20.522222222222226,11.855555555555556,0.5222222222222223,0.5222222222222223,0.0,3.0,84.11111111111111,6.688888888888889,17.200000000000003,9.674444444444443,1017.1333333333334,77.55555555555556,12.422222222222222,0.0,1.7155555555555555,21.386,103.023,6.463333333333334,10.838888888888889,12,52,51,47,1970-01-21 10:46:57.800000000,1970-01-21 10:47:36.820000000,Đông,,,
Điện Biên,Trung du miền núi Bắc Bộ,2025-12-28,14.91111111111111,20.700000000000003,10.622222222222222,15.133333333333333,21.022222222222226,10.155555555555557,0.2777777777777778,0.2777777777777778,0.0,2.0,86.11111111111111,6.444444444444445,19.133333333333333,11.394444444444444,1017.2222222222222,59.111111111111114,12.377777777777778,0.0,1.9522222222222223,21.386,103.023,8.54,10.84,12,52,51,77,1970-01-21 10:48:24.226666666,1970-01-21 10:49:03.246666666,Đông,,,
Điện Biên,Trung du miền núi Bắc Bộ,2025-12-29,15.922222222222224,22.11111111111111,11.477777777777778,16.266666666666666,22.188888888888886,11.444444444444445,0.1,0.1,0.0,0.8888888888888888,83.44444444444444,9.566666666666666,26.733333333333334,13.077777777777778,1014.9444444444443,49.111111111111114,12.81111111111111,0.0,2.286666666666667,21.386,103.023,9.22888888888889,10.844444444444443,12,1,51,66,1970-01-21 10:49:50.653333333,1970-01-21 10:50:29.686666666,Đông,,,
Điện Biên,Trung du miền núi Bắc Bộ,2025-12-30,16.166666666666668,22.61111111111111,10.677777777777775,16.522222222222222,22.87777777777778,10.333333333333334,0.0222222222222222,0.0222222222222222,0.0,0.2222222222222222,81.0,7.666666666666667,21.933333333333337,14.654444444444444,1013.7333333333332,48.111111111111114,12.511111111111113,0.0,2.558888888888889,21.386,103.023,10.086666666666666,10.848888888888888,12,1,3,97,1970-01-21 10:51:17.073333333,1970-01-21 10:51:56.120000000,Đông,,,
Điện Biên,Trung du miền núi Bắc Bộ,2025-12-31,16.644444444444446,22.755555555555556,11.22222222222222,17.033333333333335,22.844444444444445,11.144444444444444,0.1666666666666666,0.1666666666666666,0.0,1.2222222222222223,80.22222222222223,10.72222222222222,29.755555555555556,15.535555555555554,1011.6555555555556,25.88888888888889,12.922222222222222,0.0,2.7222222222222223,21.386,103.023,10.338888888888889,10.851111111111113,12,1,3,154,1970-01-21 10:52:43.493333333,1970-01-21 10:53:22.566666666,Đông,,,
Điện Biên,Trung du miền núi Bắc Bộ,2026-01-01,16.833333333333332,23.155555555555555,11.411111111111111,17.444444444444443,23.755555555555556,11.38888888888889,0.3444444444444444,0.3444444444444444,0.0,1.8888888888888888,80.0,6.366666666666667,19.933333333333337,15.438888888888888,1014.1,29.333333333333332,12.944444444444445,0.0,2.712222222222222,21.386,103.023,10.226666666666668,10.856666666666666,1,1,51,198,1970-01-21 10:54:09.913333333,1970-01-21 10:54:49.000000000,Đông,,,
Điện Biên,Trung du miền núi Bắc Bộ,2026-01-02,15.977777777777776,20.844444444444445,12.555555555555555,16.188888888888886,21.055555555555557,12.38888888888889,0.9888888888888888,0.9888888888888888,0.0,5.666666666666667,85.55555555555556,9.644444444444444,25.522222222222226,13.55888888888889,1018.3444444444444,51.0,13.31111111111111,0.0,2.352222222222222,21.386,103.023,8.592222222222222,10.86111111111111,1,1,51,65,1970-01-21 10:55:36.326666666,1970-01-21 10:56:15.426666666,Đông,,,
Điện Biên,Trung du miền núi Bắc Bộ,2026-01-03,15.11111111111111,19.866666666666667,12.1,15.08888888888889,19.688888888888886,11.977777777777778,0.9555555555555556,0.9555555555555556,0.0,5.555555555555555,85.44444444444444,8.944444444444445,22.844444444444445,10.69111111111111,1019.1,64.55555555555556,12.488888888888887,0.0,1.8677777777777775,21.386,103.023,6.433333333333334,10.868888888888888,1,1,51,87,1970-01-21 10:57:02.746666666,1970-01-21 10:57:41.860000000,Đông,,,
Điện Biên,Trung du miền núi Bắc Bộ,2026-01-04,15.11111111111111,20.166666666666668,11.8,15.455555555555556,20.655555555555555,11.68888888888889,1.8555555555555552,1.8555555555555552,0.0,8.333333333333334,88.0,6.911111111111111,23.12222222222222,11.78111111111111,1018.2888888888888,75.0,12.9,0.0,1.9833333333333336,21.386,103.023,8.71888888888889,10.872222222222222,1,1,51,122,1970-01-21 10:58:29.160000000,1970-01-21 10:59:08.300000000,Đông,,,
Điện Biên,Trung du miền núi Bắc Bộ,2026-01-05,15.58888888888889,21.044444444444444,12.266666666666667,16.1,21.666666666666668,12.411111111111111,2.2333333333333334,2.2333333333333334,0.0,8.444444444444445,87.55555555555556,7.0,18.477777777777774,11.65,1018.8333333333334,63.888888888888886,13.31111111111111,0.0,2.0166666666666666,21.386,103.023,6.83,10.88,1,2,51,50,1970-01-21 10:59:55.573333333,1970-01-21 11:00:34.746666666,Đông,,,
Điện Biên,Trung du miền núi Bắc Bộ,2026-01-06,13.577777777777778,16.833333333333332,9.711111111111112,12.544444444444444,15.733333333333333,8.133333333333333,0.1111111111111111,0.1111111111111111,0.0,1.1111111111111112,83.88888888888889,14.18888888888889,34.63333333333333,7.892222222222222,1022.077777777778,77.55555555555556,10.755555555555556,0.0,1.46,21.386,103.023,3.6466666666666665,10.886666666666668,1,2,3,58,1970-01-21 11:01:21.986666666,1970-01-21 11:02:01.180000000,Đông,,,
Điện Biên,Trung du miền núi Bắc Bộ,2026-01-07,11.61111111111111,17.22222222222222,6.811111111111111,10.022222222222222,15.788888888888888,5.133333333333334,0.0,0.0,0.0,0.0,77.11111111111111,11.0,30.08888888888889,14.353333333333332,1023.9888888888888,32.888888888888886,7.388888888888889,0.0,2.265555555555556,21.386,103.023,10.017777777777775,10.894444444444446,1,2,3,51,1970-01-21 11:02:48.406666666,1970-01-21 11:03:27.613333333,Đông,,,
Điện Biên,Trung du miền núi Bắc Bộ,2026-01-08,11.366666666666667,17.644444444444446,6.277777777777778,9.755555555555556,16.055555555555557,4.544444444444444,0.0,0.0,0.0,0.0,75.44444444444444,11.377777777777778,31.233333333333334,16.221111111111114,1024.211111111111,29.555555555555557,6.711111111111111,0.0,2.497777777777778,21.386,103.023,10.514444444444443,10.902222222222225,1,2,3,51,1970-01-21 11:04:14.813333333,1970-01-21 11:04:54.066666666,Đông,,,
Điện Biên,Trung du miền núi Bắc Bộ,2026-01-09,11.833333333333334,18.98888888888889,5.444444444444445,10.822222222222225,18.98888888888889,3.7222222222222223,0.0,0.0,0.0,0.0,74.77777777777777,6.488888888888889,17.955555555555556,17.28222222222222,1021.3777777777776,46.888888888888886,7.077777777777778,0.0,2.717777777777778,21.386,103.023,10.598888888888888,10.911111111111111,1,2,3,94,1970-01-21 11:05:41.220000000,1970-01-21 11:06:20.500000000,Đông,,,
Điện Biên,Trung du miền núi Bắc Bộ,2026-01-10,13.377777777777778,20.5,6.944444444444445,12.766666666666667,20.666666666666668,5.5888888888888895,0.0,0.0,0.0,0.0,74.66666666666667,6.733333333333333,19.266666666666666,17.177777777777777,1018.8,28.22222222222222,8.588888888888889,0.0,2.8044444444444445,21.386,103.023,10.653333333333332,10.92111111111111,1,2,3,55,1970-01-21 11:07:07.633333333,1970-01-21 11:07:46.933333333,Đông,,,
Điện Biên,Trung du miền núi Bắc Bộ,2026-01-11,13.1,19.11111111111111,7.7333333333333325,11.922222222222222,17.733333333333334,6.466666666666667,0.0,0.0,0.0,0.0,75.0,12.944444444444445,34.51111111111111,14.812222222222225,1021.9333333333332,38.55555555555556,8.244444444444445,0.0,2.441111111111111,21.386,103.023,10.54888888888889,10.928888888888888,1,2,3,90,1970-01-21 11:08:34.040000000,1970-01-21 11:09:13.386666666,Đông,,,
Điện Biên,Trung du miền núi Bắc Bộ,2026-01-12,14.41111111111111,21.455555555555556,8.266666666666667,14.155555555555557,21.966666666666665,7.066666666666666,0.0,0.0,0.0,0.0,74.11111111111111,6.788888888888888,21.066666666666663,17.16,1019.4555555555556,20.444444444444443,9.588888888888889,0.0,2.8622222222222224,21.386,103.023,10.672222222222222,10.938888888888888,1,3,3,29,1970-01-21 11:10:00.440000000,1970-01-21 11:10:39.820000000,Đông,,,
Điện Biên,Trung du miền núi Bắc Bộ,2026-01-13,14.633333333333333,21.0,8.966666666666667,14.488888888888887,21.522222222222226,8.133333333333333,0.0,0.0,0.0,0.0,79.0,6.477777777777778,19.700000000000003,16.24,1018.688888888889,19.0,10.622222222222222,0.0,2.6866666666666665,21.386,103.023,10.687777777777775,10.948888888888888,1,3,3,38,1970-01-21 11:11:26.846666666,1970-01-21 11:12:06.266666666,Đông,,,
Điện Biên,Trung du miền núi Bắc Bộ,2026-01-14,16.311111111111114,22.61111111111111,10.666666666666666,16.51111111111111,22.62222222222222,10.155555555555557,0.1444444444444444,0.1444444444444444,0.0,1.1111111111111112,77.0,11.544444444444444,30.43333333333333,14.66,1015.1555555555556,23.88888888888889,12.066666666666666,0.0,2.608888888888889,21.386,103.023,10.676666666666668,10.96,1,3,51,162,1970-01-21 11:12:53.253333333,1970-01-21 11:13:32.706666666,Đông,,,
Điện Biên,Trung du miền núi Bắc Bộ,2026-01-15,16.822222222222223,22.433333333333337,12.055555555555555,17.633333333333333,23.14444444444445,12.155555555555557,1.3777777777777778,1.3777777777777778,0.0,5.888888888888889,84.88888888888889,7.888888888888889,23.755555555555556,13.834444444444443,1014.8,37.0,14.02222222222222,0.0,2.43,21.386,103.023,10.377777777777778,10.971111111111112,1,3,51,41,1970-01-21 11:14:19.653333333,1970-01-21 11:14:59.153333333,Đông,,,
Điện Biên,Trung du miền núi Bắc Bộ,2026-01-16,16.788888888888888,22.533333333333335,11.977777777777778,17.555555555555557,23.0,12.155555555555557,1.1222222222222222,1.1222222222222222,0.0,4.333333333333333,84.66666666666667,11.044444444444444,34.922222222222224,14.457777777777778,1013.0,42.44444444444444,13.933333333333334,0.0,2.5455555555555556,21.386,103.023,10.186666666666666,10.981111111111112,1,3,51,29,1970-01-21 11:15:46.060000000,1970-01-21 11:16:25.593333333,Đông,,,
Điện Biên,Trung du miền núi Bắc Bộ,2026-01-17,17.077777777777776,23.27777777777778,12.144444444444444,17.633333333333333,23.844444444444445,12.444444444444445,0.6333333333333333,0.6333333333333333,0.0,2.5555555555555554,77.22222222222223,6.5,19.799999999999997,16.96333333333333,1012.2222222222222,27.666666666666668,12.511111111111113,0.0,2.984444444444444,21.386,103.023,10.542222222222222,10.992222222222225,1,3,51,9,1970-01-21 11:17:12.460000000,1970-01-21 11:17:52.026666666,Đông,,,
Điện Biên,Trung du miền núi Bắc Bộ,2026-01-18,17.22222222222222,23.92222222222222,11.233333333333333,17.477777777777778,24.366666666666667,11.022222222222222,0.0,0.0,0.0,0.0,71.88888888888889,9.31111111111111,26.299999999999997,18.05444444444445,1011.7444444444444,4.444444444444445,11.755555555555556,0.0,3.227777777777778,21.386,103.023,10.744444444444444,11.006666666666668,1,3,1,135,1970-01-21 11:18:38.853333333,1970-01-21 11:19:18.480000000,Đông,,,
Điện Biên,Trung du miền núi Bắc Bộ,2026-01-19,17.477777777777778,23.822222222222223,11.522222222222222,17.788888888888888,24.522222222222226,11.322222222222225,0.0,0.0,0.0,0.0,72.55555555555556,9.055555555555555,25.12222222222222,18.441111111111113,1012.0333333333332,1.6666666666666667,12.044444444444444,0.0,3.3,21.386,103.023,10.757777777777775,11.018888888888888,1,4,0,189,1970-01-21 11:20:05.253333333,1970-01-21 11:20:44.920000000,Đông,,,
Điện Biên,Trung du miền núi Bắc Bộ,2026-01-20,17.799999999999997,24.38888888888889,12.11111111111111,18.288888888888888,25.555555555555557,12.144444444444444,0.0,0.0,0.0,0.0,71.55555555555556,6.411111111111111,19.322222222222223,18.426666666666662,1013.4555555555556,3.111111111111111,12.122222222222222,0.0,3.308888888888889,21.386,103.023,10.767777777777775,11.03,1,4,0,177,1970-01-21 11:21:31.653333333,1970-01-21 11:22:11.353333333,Đông,,,
Điện Biên,Trung du miền núi Bắc Bộ,2026-01-21,17.322222222222223,24.1,11.255555555555556,17.433333333333334,24.822222222222223,10.911111111111111,0.0222222222222222,0.0222222222222222,0.0,0.2222222222222222,71.66666666666667,9.511111111111113,25.677777777777777,17.193333333333335,1015.5333333333332,10.22222222222222,11.733333333333334,0.0,3.1244444444444444,21.386,103.023,10.704444444444444,11.041111111111112,1,4,1,99,1970-01-21 11:22:58.040000000,1970-01-21 11:23:37.800000000,Đông,,,
Điện Biên,Trung du miền núi Bắc Bộ,2026-01-22,15.944444444444445,20.6,11.944444444444445,16.255555555555556,21.177777777777777,11.522222222222222,0.8999999999999999,0.8999999999999999,0.0,4.888888888888889,86.44444444444444,9.211111111111112,22.533333333333335,11.174444444444443,1018.4444444444443,61.111111111111114,13.5,0.0,1.99,21.386,103.023,6.837777777777777,11.054444444444446,1,4,51,55,1970-01-21 11:24:24.433333333,1970-01-21 11:25:04.240000000,Đông,,,
Điện Biên,Trung du miền núi Bắc Bộ,2026-01-23,14.244444444444444,19.422222222222224,11.122222222222222,14.255555555555556,20.14444444444445,10.422222222222222,0.3333333333333333,0.3333333333333333,0.0,2.2222222222222223,87.55555555555556,7.222222222222222,17.644444444444446,7.745555555555557,1020.5444444444444,71.66666666666667,12.055555555555555,0.0,1.401111111111111,21.386,103.023,4.337777777777777,11.07,1,4,51,45,1970-01-21 11:25:50.826666666,1970-01-21 11:26:30.666666666,Đông,,,
Điện Biên,Trung du miền núi Bắc Bộ,2026-01-24,14.644444444444446,20.7,10.233333333333333,14.755555555555556,21.288888888888888,9.68888888888889,0.1777777777777777,0.1777777777777777,0.0,1.3333333333333333,87.0,7.911111111111111,21.51111111111111,10.093333333333334,1018.8888888888888,62.44444444444444,12.27777777777778,0.0,1.767777777777778,21.386,103.023,6.022222222222222,11.081111111111111,1,4,51,34,1970-01-21 11:27:17.213333333,1970-01-21 11:27:57.113333333,Đông,,,
Điện Biên,Trung du miền núi Bắc Bộ,2026-01-25,16.255555555555556,23.544444444444444,10.044444444444444,16.311111111111114,23.477777777777774,9.711111111111112,0.0111111111111111,0.0111111111111111,0.0,0.1111111111111111,77.55555555555556,10.566666666666666,29.266666666666666,16.555555555555557,1016.2333333333332,37.55555555555556,11.844444444444443,0.0,2.947777777777778,21.386,103.023,10.65,11.096666666666668,1,4,3,82,1970-01-21 11:28:43.606666666,1970-01-21 11:29:23.553333333,Đông,,,
Điện Biên,Trung du miền núi Bắc Bộ,2026-01-26,16.799999999999997,23.244444444444444,10.666666666666666,17.066666666666666,23.766666666666666,10.333333333333334,0.0555555555555555,0.0555555555555555,0.0,0.5555555555555556,75.0,7.2444444444444445,21.0,16.494444444444444,1017.4666666666668,12.555555555555555,11.966666666666669,0.0,2.9522222222222223,21.386,103.023,10.833333333333334,11.11,1,5,1,98,1970-01-21 11:30:09.993333333,1970-01-21 11:30:49.986666666,Đông,,,
Điện Biên,Trung du miền núi Bắc Bộ,2026-01-27,16.37777777777778,23.266666666666666,10.81111111111111,16.766666666666666,24.033333333333335,10.577777777777778,0.0777777777777777,0.0777777777777777,0.0,0.6666666666666666,79.55555555555556,6.666666666666667,19.22222222222222,16.443333333333335,1018.6111111111112,33.0,12.366666666666667,0.0,2.8966666666666665,21.386,103.023,10.297777777777776,11.124444444444444,1,5,3,36,1970-01-21 11:31:36.380000000,1970-01-21 11:32:16.433333333,Đông,,,
Điện Biên,Trung du miền núi Bắc Bộ,2026-01-28,16.477777777777778,23.27777777777778,11.122222222222222,16.6,23.61111111111111,10.855555555555556,0.0,0.0,0.0,0.0,77.0,6.788888888888889,19.844444444444445,15.013333333333334,1018.3666666666666,36.666666666666664,11.911111111111111,0.0,2.7,21.386,103.023,9.062222222222225,11.14,1,5,3,67,1970-01-21 11:33:02.766666666,1970-01-21 11:33:42.866666666,Đông,,,
Điện Biên,Trung du miền núi Bắc Bộ,2026-01-29,17.711111111111112,24.311111111111114,11.633333333333333,17.688888888888886,24.1,11.344444444444443,0.0,0.0,0.0,0.0,70.11111111111111,12.6,33.24444444444444,17.17111111111111,1015.688888888889,13.22222222222222,11.766666666666667,0.0,3.2433333333333336,21.386,103.023,10.865555555555554,11.154444444444444,1,5,3,219,1970-01-21 11:34:29.146666666,1970-01-21 11:35:09.306666666,Đông,,,
Điện Biên,Trung du miền núi Bắc Bộ,2026-01-30,18.4,24.688888888888886,12.744444444444444,18.72222222222222,25.544444444444444,12.72222222222222,0.0,0.0,0.0,0.0,69.22222222222223,8.711111111111112,24.53333333333333,17.365555555555556,1016.4666666666668,61.44444444444444,12.27777777777778,0.0,3.267777777777778,21.386,103.023,10.875555555555556,11.17,1,5,3,175,1970-01-21 11:35:55.526666666,1970-01-21 11:36:35.746666666,Đông,,,
Điện Biên,Trung du miền núi Bắc Bộ,2026-01-31,18.044444444444444,24.62222222222222,11.877777777777778,18.64444444444445,26.0,11.644444444444444,0.1,0.1,0.0,0.4444444444444444,75.11111111111111,7.555555555555555,19.966666666666665,17.334444444444443,1018.1,20.11111111111111,13.144444444444444,0.0,3.1755555555555555,21.386,103.023,10.886666666666668,11.19,1,5,3,48,1970-01-21 11:37:21.906666666,1970-01-21 11:38:02.173333333,Đông,,,
Điện Biên,Trung du miền núi Bắc Bộ,2026-02-01,17.211111111111112,22.844444444444445,13.5,17.91111111111111,23.822222222222223,13.844444444444443,0.2777777777777778,0.2777777777777778,0.0,2.2222222222222223,83.88888888888889,7.800000000000001,19.41111111111111,11.918888888888889,1019.2777777777778,58.666666666666664,14.155555555555557,0.0,2.197777777777778,21.386,103.023,7.027777777777778,11.204444444444444,2,5,51,57,1970-01-21 11:38:48.293333333,1970-01-21 11:39:28.620000000,Đông,,,
Điện Biên,Trung du miền núi Bắc Bộ,2026-02-02,15.866666666666667,20.044444444444444,12.666666666666666,15.877777777777778,19.944444444444443,12.455555555555556,0.1777777777777777,0.1777777777777777,0.0,1.7777777777777777,85.0,10.655555555555557,27.01111111111111,9.578888888888889,1020.9333333333332,68.44444444444444,13.133333333333333,0.0,1.82,21.386,103.023,4.1755555555555555,11.22,2,6,51,63,1970-01-21 11:40:14.660000000,1970-01-21 11:40:55.060000000,Đông,,,
Điện Biên,Trung du miền núi Bắc Bộ,2026-02-03,16.08888888888889,22.422222222222224,10.755555555555556,16.433333333333334,23.0,10.333333333333334,0.0444444444444444,0.0444444444444444,0.0,0.4444444444444444,81.44444444444444,6.166666666666667,18.41111111111111,14.726666666666668,1020.7888888888888,45.333333333333336,12.511111111111113,0.0,2.6122222222222224,21.386,103.023,10.242222222222225,11.237777777777778,2,6,3,45,1970-01-21 11:41:41.040000000,1970-01-21 11:42:21.493333333,Đông,,,
Điện Biên,Trung du miền núi Bắc Bộ,2026-02-04,17.98888888888889,25.066666666666663,11.544444444444444,18.544444444444444,25.422222222222224,11.655555555555557,0.0222222222222222,0.0222222222222222,0.0,0.2222222222222222,76.55555555555556,10.266666666666667,27.799999999999997,16.497777777777777,1016.8333333333334,23.0,13.27777777777778,0.0,3.121111111111111,21.386,103.023,10.93,11.253333333333334,2,6,2,108,1970-01-21 11:43:07.420000000,1970-01-21 11:43:47.933333333,Đông,,,
Điện Biên,Trung du miền núi Bắc Bộ,2026-02-05,19.677777777777777,26.344444444444445,13.622222222222222,20.155555555555555,26.811111111111114,13.9,0.0,0.0,0.0,0.0,67.66666666666667,12.38888888888889,32.333333333333336,18.75888888888889,1014.3444444444444,23.11111111111111,13.044444444444444,0.0,3.665555555555556,21.386,103.023,10.94,11.27,2,6,3,216,1970-01-21 11:44:33.786666666,1970-01-21 11:45:14.360000000,Đông,,,
Điện Biên,Trung du miền núi Bắc Bộ,2026-02-06,19.85555555555555,26.41111111111111,13.955555555555556,20.466666666666665,27.288888888888888,14.255555555555556,0.0,0.0,0.0,0.0,65.44444444444444,8.933333333333334,25.43333333333333,19.482222222222223,1013.5,0.8888888888888888,12.622222222222222,0.0,3.711111111111111,21.386,103.023,10.95,11.29,2,6,0,246,1970-01-21 11:46:00.173333333,1970-01-21 11:46:40.800000000,Đông,,,
Điện Biên,Trung du miền núi Bắc Bộ,2026-02-07,19.133333333333333,25.233333333333334,13.266666666666667,19.966666666666665,26.933333333333337,13.344444444444443,0.3555555555555555,0.3555555555555555,0.0,2.3333333333333335,72.44444444444444,6.800000000000001,22.188888888888886,17.316666666666666,1014.188888888889,17.666666666666668,13.644444444444444,0.0,3.24,21.386,103.023,10.66,11.305555555555555,2,6,51,98,1970-01-21 11:47:26.540000000,1970-01-21 11:48:07.240000000,Đông,,,
Điện Biên,Trung du miền núi Bắc Bộ,2026-02-08,17.200000000000003,21.833333333333332,13.566666666666666,17.11111111111111,21.311111111111114,12.77777777777778,1.088888888888889,1.088888888888889,0.0,6.0,81.66666666666667,16.355555555555554,41.36666666666667,12.88111111111111,1017.6222222222224,62.44444444444444,13.81111111111111,0.0,2.443333333333334,21.386,103.023,9.776666666666667,11.322222222222225,2,6,51,68,1970-01-21 11:48:52.913333333,1970-01-21 11:49:33.673333333,Đông,,,
Điện Biên,Trung du miền núi Bắc Bộ,2026-02-09,15.433333333333334,19.7,12.544444444444444,15.422222222222224,20.444444444444443,12.11111111111111,2.0999999999999996,2.0999999999999996,0.0,5.666666666666667,83.55555555555556,9.122222222222222,24.922222222222224,10.07888888888889,1017.9111111111112,77.66666666666667,12.511111111111113,0.0,1.788888888888889,21.386,103.023,6.211111111111111,11.34,2,7,53,56,1970-01-21 11:50:19.280000000,1970-01-21 11:51:00.113333333,Đông,,,
Điện Biên,Trung du miền núi Bắc Bộ,2026-02-10,17.444444444444443,24.188888888888886,11.211111111111112,18.311111111111114,25.433333333333337,11.133333333333333,0.5666666666666667,0.5666666666666667,0.0,3.6666666666666665,81.66666666666667,7.911111111111111,23.788888888888888,16.353333333333335,1016.6111111111112,43.44444444444444,13.877777777777778,0.0,2.9855555555555555,21.386,103.023,10.122222222222222,11.357777777777777,2,7,51,23,1970-01-21 11:51:45.653333333,1970-01-21 11:52:26.533333333,Đông,,,
Điện Biên,Trung du miền núi Bắc Bộ,2026-02-11,18.01111111111111,23.733333333333334,13.044444444444444,19.211111111111112,25.6,13.31111111111111,1.2666666666666666,1.2666666666666666,0.0,4.111111111111111,84.33333333333333,7.6,24.72222222222222,14.445555555555554,1017.7666666666668,35.44444444444444,15.08888888888889,0.0,2.637777777777778,21.386,103.023,9.53,11.374444444444444,2,7,51,56,1970-01-21 11:53:12.020000000,1970-01-21 11:53:52.973333333,Đông,,,
Điện Biên,Trung du miền núi Bắc Bộ,2026-02-12,18.811111111111114,24.64444444444445,14.244444444444444,20.466666666666665,26.866666666666664,15.08888888888889,5.1,5.1,0.0,7.333333333333333,86.0,7.7666666666666675,28.733333333333334,15.076666666666666,1015.7444444444444,53.0,16.155555555555555,0.0,2.8144444444444443,21.386,103.023,9.953333333333331,11.392222222222223,2,7,51,18,1970-01-21 11:54:38.393333333,1970-01-21 11:55:19.400000000,Đông,,,
Điện Biên,Trung du miền núi Bắc Bộ,2026-02-13,19.422222222222224,25.233333333333334,14.422222222222224,20.966666666666665,27.0,15.27777777777778,1.1111111111111112,1.1111111111111112,0.0,3.4444444444444446,81.22222222222223,9.61111111111111,29.755555555555556,16.576666666666668,1014.0555555555557,39.111111111111114,15.811111111111112,0.0,3.1655555555555552,21.386,103.023,9.785555555555556,11.412222222222224,2,7,51,70,1970-01-21 11:56:04.753333333,1970-01-21 11:56:45.833333333,Đông,,,
Điện Biên,Trung du miền núi Bắc Bộ,2026-02-14,20.188888888888886,27.11111111111111,14.066666666666668,21.333333333333332,28.266666666666666,14.755555555555556,0.1555555555555555,0.1555555555555555,0.0,0.8888888888888888,73.0,9.744444444444444,26.12222222222222,18.322222222222223,1013.4555555555556,22.11111111111111,14.533333333333337,0.0,3.6222222222222222,21.386,103.023,11.0,11.43,2,7,51,99,1970-01-21 11:57:31.126666666,1970-01-21 11:58:12.260000000,Đông,,,
Điện Biên,Trung du miền núi Bắc Bộ,2026-02-15,20.866666666666667,27.466666666666665,14.58888888888889,21.677777777777777,27.72222222222222,15.366666666666667,0.1,0.1,0.0,0.5555555555555556,68.22222222222223,13.577777777777778,35.599999999999994,18.42111111111111,1012.7555555555556,18.333333333333332,14.22222222222222,0.0,3.795555555555555,21.386,103.023,11.0,11.447777777777778,2,7,2,175,1970-01-21 11:58:57.480000000,1970-01-21 11:59:38.693333333,Đông,,,
Điện Biên,Trung du miền núi Bắc Bộ,2026-02-16,21.255555555555553,28.37777777777778,14.622222222222222,22.044444444444444,29.78888888888889,15.08888888888889,0.0,0.0,0.0,0.0,63.22222222222222,9.877777777777778,26.322222222222223,19.33555555555556,1012.6111111111112,31.88888888888889,13.3,0.0,3.928888888888889,21.386,103.023,11.0,11.467777777777778,2,8,3,216,1970-01-21 12:00:23.846666666,1970-01-21 12:01:05.120000000,Đông,,,
Điện Biên,Trung du miền núi Bắc Bộ,2026-02-17,20.4,26.766666666666666,14.41111111111111,21.477777777777774,28.58888888888889,15.033333333333337,0.1888888888888889,0.1888888888888889,0.0,1.6666666666666667,72.66666666666667,8.711111111111112,23.955555555555556,18.244444444444444,1014.4555555555556,23.444444444444443,14.844444444444443,0.0,3.6033333333333335,21.386,103.023,11.0,11.486666666666666,2,8,51,49,1970-01-21 12:01:50.213333333,1970-01-21 12:02:31.553333333,Đông,,,
Điện Biên,Trung du miền núi Bắc Bộ,2026-02-18,19.844444444444445,25.255555555555553,15.77777777777778,20.98888888888889,26.9,16.633333333333333,0.5888888888888889,0.5888888888888889,0.0,3.7777777777777777,78.22222222222223,9.844444444444443,25.988888888888887,15.52111111111111,1017.2222222222222,37.888888888888886,15.5,0.0,3.0555555555555554,21.386,103.023,10.476666666666668,11.504444444444443,2,8,51,103,1970-01-21 12:03:16.560000000,1970-01-21 12:03:57.980000000,Đông,,,
Điện Biên,Trung du miền núi Bắc Bộ,2026-02-19,19.033333333333335,24.188888888888886,15.044444444444444,20.066666666666663,25.266666666666666,15.833333333333334,0.4444444444444444,0.4444444444444444,0.0,3.3333333333333335,80.77777777777777,8.88888888888889,23.6,13.116666666666667,1018.9333333333332,53.22222222222222,15.377777777777778,0.0,2.588888888888889,21.386,103.023,9.323333333333332,11.524444444444445,2,8,51,61,1970-01-21 12:04:42.933333333,1970-01-21 12:05:24.413333333,Đông,,,
Điện Biên,Trung du miền núi Bắc Bộ,2026-02-20,18.85555555555555,24.022222222222226,15.355555555555554,20.1,25.044444444444444,16.200000000000003,1.6222222222222222,1.6222222222222222,0.0,6.0,81.66666666666667,7.0777777777777775,21.077777777777776,12.04,1018.0555555555557,52.77777777777778,15.4,0.0,2.328888888888889,21.386,103.023,7.5233333333333325,11.544444444444444,2,8,51,106,1970-01-21 12:06:09.286666666,1970-01-21 12:06:50.840000000,Đông,,,
Điện Biên,Trung du miền núi Bắc Bộ,2026-02-21,20.77777777777778,27.766666666666666,14.7,21.72222222222222,28.044444444444444,15.8,0.2,0.2,0.0,1.4444444444444444,72.44444444444444,13.68888888888889,39.91111111111111,18.17111111111111,1010.6444444444444,17.11111111111111,14.944444444444445,0.0,3.831111111111111,21.386,103.023,10.937777777777775,11.563333333333334,2,8,51,225,1970-01-21 12:07:35.640000000,1970-01-21 12:08:17.273333333,Đông,,,
Điện Biên,Trung du miền núi Bắc Bộ,2026-02-22,22.344444444444445,29.0,16.977777777777778,23.200000000000003,30.14444444444445,18.11111111111111,0.6333333333333333,0.6333333333333333,0.0,0.7777777777777778,63.666666666666664,13.355555555555556,36.01111111111111,17.154444444444444,1008.5222222222224,44.888888888888886,14.533333333333337,0.0,3.8466666666666662,21.386,103.023,10.726666666666668,11.583333333333334,2,8,51,201,1970-01-21 12:09:02.006666666,1970-01-21 12:09:43.700000000,Đông,,,
Điện Biên,Trung du miền núi Bắc Bộ,2026-02-23,19.688888888888886,25.022222222222226,15.4,21.566666666666663,27.700000000000003,16.22222222222222,7.144444444444444,7.144444444444444,0.0,5.888888888888889,83.44444444444444,9.488888888888887,26.91111111111111,13.203333333333331,1010.2222222222222,70.22222222222223,16.62222222222222,0.0,2.5922222222222224,21.386,103.023,6.948888888888889,11.603333333333332,2,9,61,56,1970-01-21 12:10:28.366666666,1970-01-21 12:11:10.133333333,Đông,,,
Điện Biên,Trung du miền núi Bắc Bộ,2026-02-24,21.311111111111114,26.77777777777778,17.11111111111111,23.533333333333335,29.122222222222224,18.977777777777774,0.977777777777778,0.977777777777778,0.0,4.222222222222222,78.22222222222223,6.311111111111111,20.744444444444444,11.916666666666666,1011.5666666666668,85.66666666666667,16.98888888888889,0.0,2.5344444444444445,21.386,103.023,4.295555555555556,11.623333333333331,2,9,51,170,1970-01-21 12:11:54.720000000,1970-01-21 12:12:36.553333333,Đông,,,
Điện Biên,Trung du miền núi Bắc Bộ,2026-02-25,19.51111111111111,22.922222222222224,16.955555555555556,21.1,24.022222222222226,18.37777777777778,2.033333333333333,2.033333333333333,0.0,6.333333333333333,80.55555555555556,6.333333333333333,18.566666666666663,8.745555555555555,1013.7,98.0,15.855555555555554,0.0,1.842222222222222,21.386,103.023,2.887777777777778,11.643333333333334,2,9,53,97,1970-01-21 12:13:21.060000000,1970-01-21 12:14:02.993333333,Đông,,,
Điện Biên,Trung du miền núi Bắc Bộ,2026-02-26,19.12222222222222,23.41111111111111,16.299999999999997,20.577777777777776,24.566666666666663,17.788888888888888,12.988888888888887,12.988888888888887,0.0,11.11111111111111,81.55555555555556,7.977777777777778,25.188888888888886,14.552222222222222,1011.1,67.0,15.566666666666666,0.0,2.788888888888889,21.386,103.023,9.154444444444444,11.663333333333334,2,9,63,228,1970-01-21 12:14:47.426666666,1970-01-21 12:15:29.406666666,Đông,,,
Điện Biên,Trung du miền núi Bắc Bộ,2026-02-27,19.85555555555555,25.37777777777778,14.633333333333333,21.288888888888888,26.922222222222224,15.566666666666666,0.3,0.3,0.0,2.0,78.0,9.833333333333334,30.033333333333335,17.25222222222222,1008.1222222222224,23.333333333333332,15.511111111111113,0.0,3.3555555555555556,21.386,103.023,10.837777777777776,11.683333333333332,2,9,51,225,1970-01-21 12:16:13.786666666,1970-01-21 12:16:55.846666666,Đông,,,
Điện Biên,Trung du miền núi Bắc Bộ,2026-02-28,20.85555555555555,26.711111111111112,16.5,22.0,27.288888888888888,17.655555555555555,1.3444444444444443,1.3444444444444443,0.0,5.0,74.0,15.055555555555555,39.65555555555555,16.92,1006.6,26.666666666666668,15.7,0.0,3.443333333333334,21.386,103.023,11.0,11.703333333333331,2,9,53,206,1970-01-21 12:17:40.133333333,1970-01-21 12:18:22.253333333,Đông,,,
Điện Biên,Trung du miền núi Bắc Bộ,2026-03-01,21.62222222222222,27.766666666666666,16.355555555555558,22.22222222222222,27.944444444444443,17.444444444444443,0.0333333333333333,0.0333333333333333,0.0,0.3333333333333333,65.55555555555556,15.733333333333333,40.077777777777776,18.71444444444445,1007.2,27.88888888888889,14.244444444444447,0.0,4.082222222222223,21.386,103.023,11.0,11.723333333333334,3,9,3,224,1970-01-21 12:19:06.480000000,1970-01-21 12:19:48.680000000,Xuân,,,
Điện Biên,Trung du miền núi Bắc Bộ,2026-03-02,21.433333333333337,27.933333333333337,15.52222222222222,21.566666666666663,28.14444444444445,15.566666666666666,0.0,0.0,0.0,0.0,57.22222222222222,14.511111111111113,37.08888888888889,18.906666666666663,1009.0555555555557,12.11111111111111,12.088888888888889,0.0,4.093333333333334,21.386,103.023,11.0,11.743333333333332,3,10,2,224,1970-01-21 12:20:32.833333333,1970-01-21 12:21:15.113333333,Xuân,,,
Điện Biên,Trung du miền núi Bắc Bộ,2026-03-03,20.77777777777778,27.37777777777778,15.3,20.866666666666667,27.766666666666666,15.433333333333334,0.0,0.0,0.0,0.0,56.888888888888886,9.244444444444444,24.566666666666663,19.743333333333332,1011.0,5.111111111111111,11.088888888888889,0.0,4.045555555555556,21.386,103.023,11.0,11.763333333333334,3,10,1,164,1970-01-21 12:21:59.200000000,1970-01-21 12:22:41.526666666,Xuân,,,
Điện Biên,Trung du miền núi Bắc Bộ,2026-03-04,19.322222222222223,24.91111111111111,15.355555555555554,20.033333333333335,25.58888888888889,16.022222222222222,0.0333333333333333,0.0333333333333333,0.0,0.3333333333333333,76.11111111111111,10.744444444444444,28.066666666666663,16.676666666666666,1013.7444444444444,39.333333333333336,14.533333333333337,0.0,3.2744444444444443,21.386,103.023,10.086666666666666,11.783333333333331,3,10,3,52,1970-01-21 12:23:25.546666666,1970-01-21 12:24:07.973333333,Xuân,,,
Điện Biên,Trung du miền núi Bắc Bộ,2026-03-05,18.322222222222223,25.422222222222224,13.166666666666666,19.266666666666666,27.0,13.411111111111111,1.1333333333333335,1.1333333333333335,0.0,1.5555555555555556,81.33333333333333,10.966666666666669,32.077777777777776,16.555555555555557,1013.5444444444444,43.44444444444444,14.655555555555557,0.0,3.171111111111111,21.386,103.023,10.066666666666666,11.803333333333336,3,10,51,88,1970-01-21 12:24:51.900000000,1970-01-21 12:25:34.373333333,Xuân,,,
Điện Biên,Trung du miền núi Bắc Bộ,2026-03-06,19.044444444444444,24.477777777777774,14.8,19.955555555555556,25.61111111111111,15.466666666666669,0.1777777777777777,0.1777777777777777,0.0,1.2222222222222223,78.88888888888889,10.155555555555557,27.4,12.384444444444444,1015.2888888888888,44.666666666666664,14.91111111111111,0.0,2.4722222222222223,21.386,103.023,8.065555555555555,11.823333333333332,3,10,51,66,1970-01-21 12:26:18.240000000,1970-01-21 12:27:00.800000000,Xuân,,,
Điện Biên,Trung du miền núi Bắc Bộ,2026-03-07,19.833333333333332,25.85555555555555,14.544444444444444,21.266666666666666,27.62222222222222,15.355555555555558,1.4444444444444444,1.4444444444444444,0.0,5.888888888888889,80.0,9.077777777777778,26.288888888888888,15.372222222222222,1014.8333333333334,39.888888888888886,15.877777777777778,0.0,3.036666666666666,21.386,103.023,10.556666666666668,11.843333333333334,3,10,51,87,1970-01-21 12:27:44.586666666,1970-01-21 12:28:27.233333333,Xuân,,,
Điện Biên,Trung du miền núi Bắc Bộ,2026-03-08,20.37777777777778,25.755555555555556,16.58888888888889,22.344444444444445,27.866666666666667,18.1,3.644444444444444,3.644444444444444,0.0,11.11111111111111,84.11111111111111,8.022222222222222,25.688888888888886,14.335555555555556,1015.0333333333332,53.22222222222222,17.27777777777778,0.0,2.841111111111111,21.386,103.023,8.871111111111112,11.863333333333332,3,10,51,71,1970-01-21 12:29:10.946666666,1970-01-21 12:29:53.646666666,Xuân,,,
Điện Biên,Trung du miền núi Bắc Bộ,2026-03-09,19.744444444444444,24.98888888888889,15.566666666666666,20.744444444444444,26.133333333333333,15.011111111111113,2.7222222222222223,2.7222222222222223,0.0,6.666666666666667,81.55555555555556,14.97777777777778,37.900000000000006,12.581111111111111,1018.1666666666666,51.77777777777778,16.211111111111112,0.0,2.7244444444444444,21.386,103.023,7.724444444444444,11.883333333333333,3,11,51,61,1970-01-21 12:30:37.300000000,1970-01-21 12:31:20.086666666,Xuân,,,
Điện Biên,Trung du miền núi Bắc Bộ,2026-03-10,17.299999999999997,23.055555555555557,12.588888888888889,17.177777777777777,23.677777777777777,12.011111111111113,0.2555555555555555,0.2555555555555555,0.0,0.7777777777777778,72.22222222222223,10.355555555555556,29.14444444444445,14.294444444444444,1020.4777777777776,34.0,11.933333333333334,0.0,2.7711111111111113,21.386,103.023,8.584444444444445,11.903333333333332,3,11,3,48,1970-01-21 12:32:03.646666666,1970-01-21 12:32:46.493333333,Xuân,,,
Điện Biên,Trung du miền núi Bắc Bộ,2026-03-11,17.98888888888889,24.133333333333333,12.333333333333334,18.688888888888886,24.822222222222223,12.233333333333333,0.0333333333333333,0.0333333333333333,0.0,0.2222222222222222,76.66666666666667,6.333333333333333,21.91111111111111,14.647777777777776,1016.5555555555557,78.0,13.444444444444445,0.0,2.84,21.386,103.023,8.632222222222222,11.924444444444443,3,11,3,16,1970-01-21 12:33:29.986666666,1970-01-21 12:34:12.906666666,Xuân,,,
Điện Biên,Trung du miền núi Bắc Bộ,2026-03-12,17.9,22.311111111111114,14.655555555555557,18.033333333333335,21.7,14.844444444444443,2.422222222222222,2.422222222222222,0.0,6.222222222222222,79.33333333333333,13.833333333333334,34.58888888888889,12.27,1016.922222222222,87.55555555555556,13.911111111111111,0.0,2.53,21.386,103.023,7.04111111111111,11.946666666666664,3,11,61,96,1970-01-21 12:34:56.333333333,1970-01-21 12:35:39.346666666,Xuân,,,
Điện Biên,Trung du miền núi Bắc Bộ,2026-03-13,16.855555555555554,21.077777777777776,12.744444444444444,16.4,19.88888888888889,12.744444444444444,0.0111111111111111,0.0111111111111111,0.0,0.1111111111111111,73.44444444444444,14.2,36.077777777777776,11.063333333333334,1018.5333333333332,59.22222222222222,11.766666666666667,0.0,2.362222222222222,21.386,103.023,5.435555555555556,11.96888888888889,3,11,3,100,1970-01-21 12:36:22.680000000,1970-01-21 12:37:05.753333333,Xuân,,,
Điện Biên,Trung du miền núi Bắc Bộ,2026-03-14,17.48888888888889,24.01111111111111,11.72222222222222,17.866666666666667,24.555555555555557,11.3,0.7888888888888889,0.7888888888888889,0.0,2.0,75.77777777777777,7.555555555555555,23.188888888888886,16.147777777777776,1018.3888888888888,35.333333333333336,12.72222222222222,0.0,3.1166666666666667,21.386,103.023,9.036666666666669,11.99,3,11,51,66,1970-01-21 12:37:49.020000000,1970-01-21 12:38:32.166666666,Xuân,,,
Điện Biên,Trung du miền núi Bắc Bộ,2026-03-15,17.733333333333334,23.166666666666668,14.211111111111112,18.933333333333337,24.577777777777776,14.944444444444445,1.8555555555555552,1.8555555555555552,0.0,6.333333333333333,86.22222222222223,7.355555555555556,20.64444444444445,11.94888888888889,1018.0555555555557,75.88888888888889,15.144444444444446,0.0,2.3155555555555556,21.386,103.023,6.064444444444444,12.01,3,11,51,59,1970-01-21 12:39:15.360000000,1970-01-21 12:39:58.606666666,Xuân,,,
Điện Biên,Trung du miền núi Bắc Bộ,2026-03-16,18.5,23.655555555555555,13.966666666666669,19.944444444444443,25.27777777777778,14.866666666666667,4.311111111111111,4.311111111111111,0.0,6.555555555555555,84.55555555555556,8.744444444444445,25.88888888888889,13.43888888888889,1015.311111111111,54.22222222222222,15.6,0.0,2.562222222222222,21.386,103.023,8.424444444444445,12.03,3,12,61,50,1970-01-21 12:40:41.706666666,1970-01-21 12:41:25.013333333,Xuân,,,
Điện Biên,Trung du miền núi Bắc Bộ,2026-03-17,18.788888888888888,25.833333333333332,14.266666666666667,20.444444444444443,27.766666666666666,15.38888888888889,5.533333333333333,5.533333333333333,0.0,6.777777777777778,86.88888888888889,12.122222222222222,36.15555555555555,15.90777777777778,1013.5444444444444,36.55555555555556,16.27777777777778,0.0,3.046666666666667,21.386,103.023,9.568888888888887,12.05,3,12,61,232,1970-01-21 12:42:08.046666666,1970-01-21 12:42:51.426666666,Xuân,,,
Điện Biên,Trung du miền núi Bắc Bộ,2026-03-18,19.6,26.92222222222222,14.844444444444443,21.48888888888889,29.299999999999997,16.12222222222222,1.0111111111111113,1.0111111111111113,0.0,1.4444444444444444,83.22222222222223,12.7,38.111111111111114,16.790000000000003,1013.6111111111112,44.666666666666664,16.322222222222223,0.0,3.312222222222222,21.386,103.023,10.085555555555556,12.07,3,12,3,15,1970-01-21 12:43:34.406666666,1970-01-21 12:44:17.866666666,Xuân,,,
Điện Biên,Trung du miền núi Bắc Bộ,2026-03-19,21.055555555555557,27.711111111111112,15.288888888888888,22.344444444444445,29.0,16.5,0.5,0.5,0.0,0.8888888888888888,73.11111111111111,12.422222222222222,33.87777777777777,17.577777777777776,1012.1,19.11111111111111,15.41111111111111,0.0,3.7477777777777774,21.386,103.023,10.357777777777777,12.09,3,12,51,204,1970-01-21 12:45:00.753333333,1970-01-21 12:45:44.273333333,Xuân,,,
Điện Biên,Trung du miền núi Bắc Bộ,2026-03-20,22.01111111111111,28.266666666666666,16.566666666666666,23.41111111111111,30.0,17.87777777777778,0.1333333333333333,0.1333333333333333,0.0,0.5555555555555556,69.22222222222223,9.566666666666666,27.322222222222223,16.956666666666667,1011.4666666666668,27.77777777777778,15.61111111111111,0.0,3.6533333333333338,21.386,103.023,10.572222222222225,12.11,3,12,3,198,1970-01-21 12:46:27.106666666,1970-01-21 12:47:10.686666666,Xuân,,,
Điện Biên,Trung du miền núi Bắc Bộ,2026-03-21,21.977777777777774,29.06666666666667,16.700000000000003,23.766666666666666,30.744444444444444,18.0,1.711111111111111,1.711111111111111,0.0,1.0,73.22222222222223,12.27777777777778,32.888888888888886,15.365555555555554,1012.3333333333334,31.88888888888889,16.544444444444444,0.0,3.332222222222222,21.386,103.023,8.917777777777777,12.13,3,12,3,141,1970-01-21 12:47:53.446666666,1970-01-21 12:48:37.126666666,Xuân,,,
Điện Biên,Trung du miền núi Bắc Bộ,2026-03-22,21.35555555555555,27.711111111111112,16.955555555555556,23.366666666666667,29.6,18.711111111111112,6.277777777777778,6.277777777777778,0.0,5.111111111111111,79.88888888888889,14.377777777777778,38.77777777777778,16.705555555555556,1011.9555555555556,29.555555555555557,17.311111111111114,0.0,3.49,21.386,103.023,9.286666666666669,12.15,3,12,63,189,1970-01-21 12:49:19.793333333,1970-01-21 12:50:03.533333333,Xuân,,,
Điện Biên,Trung du miền núi Bắc Bộ,2026-03-23,21.8,27.977777777777774,16.211111111111112,23.255555555555556,28.988888888888887,17.58888888888889,1.1777777777777778,1.1777777777777778,0.0,4.777777777777778,72.44444444444444,13.577777777777778,36.922222222222224,17.465555555555554,1011.311111111111,17.666666666666668,16.033333333333335,0.0,3.677777777777778,21.386,103.023,10.654444444444444,12.17,3,13,53,38,1970-01-21 12:50:46.133333333,1970-01-21 12:51:29.946666666,Xuân,,,
Điện Biên,Trung du miền núi Bắc Bộ,2026-03-24,23.311111111111114,29.93333333333333,17.200000000000003,24.299999999999997,30.444444444444443,18.044444444444444,0.0,0.0,0.0,0.0,59.44444444444444,12.155555555555557,31.966666666666665,18.814444444444444,1009.5444444444444,3.111111111111111,14.38888888888889,0.0,4.198888888888889,21.386,103.023,11.073333333333332,12.19,3,13,1,176,1970-01-21 12:52:12.480000000,1970-01-21 12:52:56.386666666,Xuân,,,
Điện Biên,Trung du miền núi Bắc Bộ,2026-03-25,23.41111111111111,30.38888888888889,16.655555555555555,24.155555555555555,30.56666666666667,17.288888888888888,0.0,0.0,0.0,0.0,58.77777777777778,15.311111111111112,40.24444444444444,18.172222222222224,1009.8555555555556,6.444444444444445,14.18888888888889,0.0,4.275555555555555,21.386,103.023,11.081111111111111,12.21,3,13,1,210,1970-01-21 12:53:38.820000000,1970-01-21 12:54:22.793333333,Xuân,,,
Điện Biên,Trung du miền núi Bắc Bộ,2026-03-26,23.766666666666666,31.1,17.41111111111111,24.37777777777778,31.0,18.577777777777776,0.0,0.0,0.0,0.0,56.55555555555556,13.655555555555557,35.72222222222222,19.61555555555556,1009.577777777778,0.7777777777777778,13.644444444444444,0.0,4.622222222222223,21.386,103.023,11.177777777777775,12.233333333333334,3,13,0,225,1970-01-21 12:55:05.166666666,1970-01-21 12:55:49.206666666,Xuân,,,
Điện Biên,Trung du miền núi Bắc Bộ,2026-03-27,24.0,30.766666666666666,17.977777777777778,24.344444444444445,30.833333333333332,18.066666666666663,0.0,0.0,0.0,0.0,50.44444444444444,14.466666666666663,38.233333333333334,19.14333333333333,1008.577777777778,2.6666666666666665,12.622222222222222,0.0,4.475555555555555,21.386,103.023,11.193333333333332,12.253333333333334,3,13,0,218,1970-01-21 12:56:31.506666666,1970-01-21 12:57:15.640000000,Xuân,,,
Điện Biên,Trung du miền núi Bắc Bộ,2026-03-28,24.322222222222223,31.555555555555557,18.133333333333333,24.77777777777778,31.577777777777776,18.666666666666668,0.0,0.0,0.0,0.0,52.333333333333336,14.622222222222222,37.98888888888889,19.185555555555553,1007.9777777777776,5.0,13.3,0.0,4.621111111111111,21.386,103.023,11.148888888888887,12.275555555555554,3,13,1,195,1970-01-21 12:57:57.860000000,1970-01-21 12:58:42.053333333,Xuân,,,
Điện Biên,Trung du miền núi Bắc Bộ,2026-03-29,23.711111111111112,29.35555555555555,18.88888888888889,23.966666666666665,29.511111111111113,19.177777777777777,0.4111111111111111,0.4111111111111111,0.0,1.4444444444444444,55.77777777777778,18.977777777777774,49.87777777777778,18.296666666666667,1008.0888888888888,11.555555555555555,13.866666666666667,0.0,4.4911111111111115,21.386,103.023,10.997777777777776,12.296666666666669,3,13,51,204,1970-01-21 12:59:24.200000000,1970-01-21 13:00:08.460000000,Xuân,,,
Điện Biên,Trung du miền núi Bắc Bộ,2026-03-30,23.299999999999997,30.011111111111113,17.344444444444445,24.166666666666668,29.56666666666667,18.755555555555556,0.3333333333333333,0.3333333333333333,0.0,0.6666666666666666,63.0,17.366666666666667,44.75555555555556,18.69555555555555,1008.4,10.444444444444445,15.1,0.0,4.375555555555556,21.386,103.023,11.13888888888889,12.316666666666668,3,14,1,221,1970-01-21 13:00:50.560000000,1970-01-21 13:01:34.893333333,Xuân,,,
Điện Biên,Trung du miền núi Bắc Bộ,2026-03-31,24.522222222222226,30.622222222222224,19.01111111111111,25.4,30.17777777777778,19.944444444444443,0.0222222222222222,0.0222222222222222,0.0,0.2222222222222222,57.55555555555556,16.055555555555557,41.32222222222222,18.51111111111111,1008.4777777777776,13.666666666666666,14.966666666666663,0.0,4.475555555555555,21.386,103.023,10.991111111111111,12.336666666666666,3,14,1,225,1970-01-21 13:02:16.906666666,1970-01-21 13:03:01.313333333,Xuân,,,
Điện Biên,Trung du miền núi Bắc Bộ,2026-04-01,24.755555555555556,30.56666666666667,19.4,26.155555555555555,32.455555555555556,20.788888888888888,0.0444444444444444,0.0444444444444444,0.0,0.4444444444444444,59.0,11.666666666666666,31.555555555555557,18.135555555555555,1009.3333333333334,15.77777777777778,15.666666666666666,0.0,4.211111111111111,21.386,103.023,10.826666666666666,12.356666666666666,4,14,51,171,1970-01-21 13:03:43.253333333,1970-01-21 13:04:27.720000000,Xuân,,,
Điện Biên,Trung du miền núi Bắc Bộ,2026-04-02,24.133333333333333,30.466666666666665,18.211111111111112,25.700000000000003,31.733333333333334,20.166666666666668,0.4444444444444444,0.4444444444444444,0.0,1.6666666666666667,66.0,16.444444444444443,45.15555555555555,17.242222222222225,1009.3666666666666,26.666666666666668,16.644444444444446,0.0,4.108888888888889,21.386,103.023,10.667777777777776,12.37888888888889,4,14,51,208,1970-01-21 13:05:09.593333333,1970-01-21 13:05:54.146666666,Xuân,,,
Điện Biên,Trung du miền núi Bắc Bộ,2026-04-03,25.433333333333337,32.17777777777778,19.444444444444443,26.422222222222224,32.17777777777778,20.64444444444445,0.0111111111111111,0.0111111111111111,0.0,0.1111111111111111,55.0,15.27777777777778,39.75555555555556,19.28,1007.0222222222224,8.333333333333334,15.011111111111113,0.0,4.754444444444444,21.386,103.023,11.318888888888887,12.398888888888887,4,14,1,256,1970-01-21 13:06:35.933333333,1970-01-21 13:07:20.566666666,Xuân,,,
Điện Biên,Trung du miền núi Bắc Bộ,2026-04-04,25.299999999999997,31.533333333333335,19.655555555555555,26.22222222222222,31.78888888888889,20.688888888888886,0.0,0.0,0.0,0.0,54.44444444444444,14.77777777777778,38.21111111111111,18.99,1005.5888888888888,22.0,14.88888888888889,0.0,4.653333333333332,21.386,103.023,11.417777777777776,12.418888888888889,4,14,3,214,1970-01-21 13:08:02.273333333,1970-01-21 13:08:46.980000000,Xuân,,,
Điện Biên,Trung du miền núi Bắc Bộ,2026-04-05,25.744444444444444,32.32222222222222,20.211111111111112,26.700000000000003,32.144444444444446,21.477777777777774,0.0777777777777777,0.0777777777777777,0.0,0.5555555555555556,56.44444444444444,18.022222222222226,45.71111111111111,18.98888888888889,1004.6555555555556,71.11111111111111,15.833333333333334,0.0,4.95888888888889,21.386,103.023,11.265555555555556,12.438888888888888,4,14,3,212,1970-01-21 13:09:28.613333333,1970-01-21 13:10:13.400000000,Xuân,,,
Điện Biên,Trung du miền núi Bắc Bộ,2026-04-06,26.266666666666666,32.666666666666664,20.255555555555556,27.566666666666663,33.388888888888886,21.91111111111111,0.0777777777777777,0.0777777777777777,0.0,0.2222222222222222,57.111111111111114,16.566666666666666,43.388888888888886,18.915555555555557,1006.1111111111112,29.333333333333332,16.455555555555556,0.0,4.866666666666666,21.386,103.023,11.353333333333332,12.45888888888889,4,15,3,215,1970-01-21 13:10:54.966666666,1970-01-21 13:11:39.826666666,Xuân,,,
Điện Biên,Trung du miền núi Bắc Bộ,2026-04-07,25.966666666666665,31.93333333333333,21.055555555555557,27.9,33.7,22.833333333333332,0.4333333333333333,0.4333333333333333,0.0,0.8888888888888888,62.55555555555556,14.244444444444444,37.46666666666667,18.51,1007.3444444444444,18.77777777777778,17.700000000000003,0.0,4.550000000000001,21.386,103.023,11.322222222222225,12.47888888888889,4,15,2,216,1970-01-21 13:12:21.306666666,1970-01-21 13:13:06.240000000,Xuân,,,
Điện Biên,Trung du miền núi Bắc Bộ,2026-04-08,25.055555555555557,30.744444444444444,20.033333333333335,27.21111111111111,31.922222222222224,22.27777777777778,0.2333333333333333,0.2333333333333333,0.0,1.0,67.11111111111111,14.922222222222224,40.48888888888889,18.47222222222222,1008.5222222222224,21.444444444444443,17.944444444444443,0.0,4.304444444444445,21.386,103.023,10.782222222222222,12.498888888888889,4,15,51,206,1970-01-21 13:13:47.653333333,1970-01-21 13:14:32.646666666,Xuân,,,
Điện Biên,Trung du miền núi Bắc Bộ,2026-04-09,24.88888888888889,30.06666666666667,19.61111111111111,26.333333333333332,30.422222222222224,21.72222222222222,0.2444444444444444,0.2444444444444444,0.0,1.7777777777777777,61.77777777777778,16.255555555555556,44.04444444444445,18.576666666666668,1009.0,13.22222222222222,16.544444444444444,0.0,4.455555555555556,21.386,103.023,11.328888888888889,12.518888888888888,4,15,51,256,1970-01-21 13:15:14.000000000,1970-01-21 13:15:59.086666666,Xuân,,,
Điện Biên,Trung du miền núi Bắc Bộ,2026-04-10,25.155555555555555,31.06666666666667,19.91111111111111,26.233333333333334,30.84444444444444,21.433333333333337,0.1111111111111111,0.1111111111111111,0.0,1.0,58.888888888888886,19.688888888888886,50.0,18.697777777777777,1008.1111111111112,12.555555555555555,15.988888888888887,0.0,4.703333333333333,21.386,103.023,11.324444444444444,12.536666666666669,4,15,1,246,1970-01-21 13:16:40.373333333,1970-01-21 13:17:25.500000000,Xuân,,,
Điện Biên,Trung du miền núi Bắc Bộ,2026-04-11,25.333333333333332,31.34444444444445,20.077777777777776,26.08888888888889,30.21111111111111,21.91111111111111,0.0222222222222222,0.0222222222222222,0.0,0.2222222222222222,57.333333333333336,21.422222222222224,53.888888888888886,18.39333333333333,1006.4444444444443,20.666666666666668,15.52222222222222,0.0,4.89,21.386,103.023,11.263333333333334,12.556666666666668,4,15,2,238,1970-01-21 13:18:06.713333333,1970-01-21 13:18:51.906666666,Xuân,,,
Điện Biên,Trung du miền núi Bắc Bộ,2026-04-12,25.01111111111111,31.633333333333333,19.27777777777778,25.333333333333332,31.17777777777778,20.41111111111111,0.0,0.0,0.0,0.0,51.22222222222222,14.58888888888889,37.81111111111111,21.36,1006.2555555555556,2.6666666666666665,13.088888888888889,0.0,5.194444444444445,21.386,103.023,11.604444444444445,12.576666666666666,4,15,1,236,1970-01-21 13:19:33.053333333,1970-01-21 13:20:18.346666666,Xuân,,,
Điện Biên,Trung du miền núi Bắc Bộ,2026-04-13,25.322222222222223,32.666666666666664,18.72222222222222,25.91111111111111,33.400000000000006,18.85555555555555,0.0,0.0,0.0,0.0,49.888888888888886,12.677777777777775,32.84444444444445,20.604444444444443,1007.7777777777778,1.4444444444444444,13.533333333333331,0.0,5.0088888888888885,21.386,103.023,11.604444444444445,12.596666666666668,4,16,0,197,1970-01-21 13:20:59.406666666,1970-01-21 13:21:44.760000000,Xuân,,,
Điện Biên,Trung du miền núi Bắc Bộ,2026-04-14,25.677777777777777,32.044444444444444,19.677777777777777,26.866666666666667,33.17777777777778,20.822222222222223,0.0,0.0,0.0,0.0,55.44444444444444,14.822222222222225,37.144444444444446,19.19222222222222,1007.9777777777776,7.222222222222222,15.544444444444444,0.0,4.732222222222223,21.386,103.023,11.357777777777777,12.616666666666667,4,16,1,203,1970-01-21 13:22:25.753333333,1970-01-21 13:23:11.166666666,Xuân,,,
Điện Biên,Trung du miền núi Bắc Bộ,2026-04-15,25.87777777777778,31.755555555555556,20.155555555555555,27.066666666666663,32.56666666666667,21.544444444444444,0.0333333333333333,0.0333333333333333,0.0,0.2222222222222222,55.55555555555556,15.566666666666666,40.833333333333336,19.06222222222222,1006.6666666666666,8.333333333333334,15.8,0.0,4.771111111111111,21.386,103.023,11.43,12.635555555555555,4,16,1,207,1970-01-21 13:23:52.100000000,1970-01-21 13:24:37.606666666,Xuân,,,
Điện Biên,Trung du miền núi Bắc Bộ,2026-04-16,25.766666666666666,31.399999999999995,19.98888888888889,27.233333333333334,32.68888888888889,21.066666666666663,0.0222222222222222,0.0222222222222222,0.0,0.1111111111111111,55.22222222222222,10.322222222222225,27.87777777777778,18.36111111111111,1007.7333333333332,16.88888888888889,15.633333333333333,0.0,4.314444444444444,21.386,103.023,11.164444444444444,12.655555555555557,4,16,1,234,1970-01-21 13:25:18.473333333,1970-01-21 13:26:04.020000000,Xuân,,,
Điện Biên,Trung du miền núi Bắc Bộ,2026-04-17,25.4,31.58888888888889,18.9,27.155555555555555,33.855555555555554,20.733333333333334,0.4666666666666667,0.4666666666666667,0.0,0.4444444444444444,59.888888888888886,11.288888888888888,31.0,19.176666666666662,1008.7333333333332,20.444444444444443,16.42222222222222,0.0,4.412222222222223,21.386,103.023,11.018888888888888,12.675555555555556,4,16,3,75,1970-01-21 13:26:44.813333333,1970-01-21 13:27:30.440000000,Xuân,,,
Điện Biên,Trung du miền núi Bắc Bộ,2026-04-18,23.866666666666667,30.4,19.211111111111112,26.799999999999997,33.611111111111114,21.577777777777776,0.3666666666666667,0.3666666666666667,0.0,1.6666666666666667,76.22222222222223,7.688888888888889,24.311111111111114,18.608888888888888,1009.7555555555556,29.444444444444443,18.85555555555555,0.0,3.971111111111111,21.386,103.023,10.425555555555556,12.693333333333332,4,16,51,49,1970-01-21 13:28:11.160000000,1970-01-21 13:28:56.866666666,Xuân,,,
Điện Biên,Trung du miền núi Bắc Bộ,2026-04-19,22.799999999999997,28.84444444444445,19.11111111111111,25.87777777777778,31.988888888888887,21.633333333333333,6.611111111111111,6.611111111111111,0.0,6.888888888888889,83.22222222222223,9.622222222222222,32.93333333333333,17.90888888888889,1009.688888888889,43.666666666666664,19.38888888888889,0.0,3.6866666666666665,21.386,103.023,9.742222222222225,12.712222222222223,4,16,61,134,1970-01-21 13:29:37.513333333,1970-01-21 13:30:23.280000000,Xuân,,,
Điện Biên,Trung du miền núi Bắc Bộ,2026-04-20,22.38888888888889,28.01111111111111,17.98888888888889,25.466666666666665,30.877777777777776,20.455555555555556,3.388888888888889,3.388888888888889,0.0,6.111111111111111,85.44444444444444,12.522222222222222,37.67777777777778,17.003333333333334,1009.188888888889,38.22222222222222,19.577777777777776,0.0,3.473333333333333,21.386,103.023,9.38,12.732222222222225,4,17,53,182,1970-01-21 13:31:03.860000000,1970-01-21 13:31:49.706666666,Xuân,,,
Điện Biên,Trung du miền núi Bắc Bộ,2026-04-21,24.555555555555557,30.11111111111111,19.811111111111114,27.51111111111111,32.644444444444446,22.633333333333333,0.5333333333333333,0.5333333333333333,0.0,1.7777777777777777,76.55555555555556,15.333333333333334,43.400000000000006,19.58,1007.0111111111112,27.0,19.799999999999997,0.0,4.293333333333333,21.386,103.023,11.014444444444443,12.75,4,17,51,197,1970-01-21 13:32:30.233333333,1970-01-21 13:33:16.126666666,Xuân,,,
Điện Biên,Trung du miền núi Bắc Bộ,2026-04-22,24.955555555555556,30.977777777777774,20.633333333333333,28.38888888888889,34.13333333333333,23.37777777777778,1.5555555555555556,1.5555555555555556,0.0,1.4444444444444444,77.66666666666667,15.822222222222225,43.03333333333333,19.706666666666667,1006.7444444444444,18.11111111111111,20.422222222222224,0.0,4.271111111111111,21.386,103.023,11.653333333333332,12.77,4,17,55,146,1970-01-21 13:33:56.573333333,1970-01-21 13:34:42.540000000,Xuân,,,
Điện Biên,Trung du miền núi Bắc Bộ,2026-04-23,24.044444444444444,30.43333333333333,19.58888888888889,27.14444444444445,33.52222222222222,22.266666666666666,4.511111111111111,4.511111111111111,0.0,3.888888888888889,78.11111111111111,14.833333333333334,41.68888888888889,19.212222222222223,1007.2777777777778,40.22222222222222,19.58888888888889,0.0,4.105555555555556,21.386,103.023,10.931111111111113,12.787777777777777,4,17,63,226,1970-01-21 13:35:22.933333333,1970-01-21 13:36:08.966666666,Xuân,,,
Điện Biên,Trung du miền núi Bắc Bộ,2026-04-24,22.822222222222223,28.477777777777774,17.744444444444444,25.477777777777774,31.799999999999997,19.533333333333335,6.177777777777778,6.177777777777778,0.0,5.888888888888889,80.22222222222223,10.244444444444444,27.14444444444445,17.903333333333332,1010.5111111111112,47.55555555555556,18.87777777777778,0.0,3.744444444444444,21.386,103.023,10.99,12.80777777777778,4,17,51,95,1970-01-21 13:36:49.280000000,1970-01-21 13:37:35.393333333,Xuân,,,
Điện Biên,Trung du miền núi Bắc Bộ,2026-04-25,23.022222222222226,27.633333333333333,18.955555555555556,25.577777777777776,30.011111111111113,21.422222222222224,4.211111111111111,4.211111111111111,0.0,7.333333333333333,79.66666666666667,10.588888888888889,30.0,15.844444444444443,1013.3333333333334,78.66666666666667,18.98888888888889,0.0,3.3699999999999997,21.386,103.023,9.591111111111111,12.825555555555557,4,17,51,107,1970-01-21 13:38:15.653333333,1970-01-21 13:39:01.806666666,Xuân,,,
Điện Biên,Trung du miền núi Bắc Bộ,2026-04-26,21.35555555555555,26.0,18.677777777777777,24.455555555555556,29.266666666666666,21.177777777777777,22.700000000000003,22.700000000000003,0.0,14.22222222222222,89.55555555555556,8.722222222222221,27.11111111111111,12.173333333333334,1012.3444444444444,75.55555555555556,19.422222222222224,0.0,2.4566666666666666,21.386,103.023,5.538888888888889,12.842222222222222,4,17,65,166,1970-01-21 13:39:41.993333333,1970-01-21 13:40:28.233333333,Xuân,,,
Điện Biên,Trung du miền núi Bắc Bộ,2026-04-27,21.51111111111111,26.6,17.677777777777777,24.311111111111114,29.622222222222224,19.91111111111111,4.688888888888889,4.688888888888889,0.0,7.555555555555555,86.77777777777777,11.133333333333333,34.28888888888889,15.32,1009.9888888888888,69.0,19.033333333333335,0.0,3.056666666666666,21.386,103.023,8.277777777777779,12.86,4,18,61,185,1970-01-21 13:41:08.353333333,1970-01-21 13:41:54.660000000,Xuân,,,
Điện Biên,Trung du miền núi Bắc Bộ,2026-04-28,21.4,27.811111111111114,17.866666666666667,23.977777777777774,30.333333333333332,20.38888888888889,3.611111111111111,3.611111111111111,0.0,5.888888888888889,85.77777777777777,13.988888888888887,39.31111111111111,18.294444444444444,1009.422222222222,63.666666666666664,18.58888888888889,0.0,3.63,21.386,103.023,9.911111111111111,12.88,4,18,63,196,1970-01-21 13:42:34.720000000,1970-01-21 13:43:21.080000000,Xuân,,,
Điện Biên,Trung du miền núi Bắc Bộ,2026-04-29,21.333333333333332,26.27777777777778,18.077777777777776,23.955555555555556,29.466666666666665,20.422222222222224,4.866666666666666,4.866666666666666,0.0,6.888888888888889,85.44444444444444,10.88888888888889,28.54444444444444,18.064444444444444,1012.0222222222224,73.55555555555556,18.544444444444444,0.0,3.5,21.386,103.023,10.181111111111113,12.897777777777778,4,18,63,58,1970-01-21 13:44:01.073333333,1970-01-21 13:44:47.506666666,Xuân,,,
Điện Biên,Trung du miền núi Bắc Bộ,2026-04-30,20.944444444444443,26.244444444444444,17.22222222222222,23.1,28.866666666666667,18.72222222222222,3.9111111111111105,3.9111111111111105,0.0,6.0,83.0,11.077777777777778,28.433333333333337,17.896666666666665,1014.3666666666666,67.88888888888889,17.644444444444446,0.0,3.5122222222222224,21.386,103.023,10.27111111111111,12.914444444444444,4,18,63,62,1970-01-21 13:45:27.433333333,1970-01-21 13:46:13.926666666,Xuân,,,
Điện Biên,Trung du miền núi Bắc Bộ,2026-05-01,21.799999999999997,27.700000000000003,18.08888888888889,24.6,31.133333333333333,20.522222222222226,7.344444444444444,7.344444444444444,0.0,11.555555555555555,85.33333333333333,11.911111111111111,34.400000000000006,17.44666666666667,1011.4888888888888,83.11111111111111,18.944444444444443,0.0,3.531111111111111,21.386,103.023,9.343333333333334,12.93,5,18,63,167,1970-01-21 13:46:53.800000000,1970-01-21 13:47:40.353333333,Xuân,,,
Điện Biên,Trung du miền núi Bắc Bộ,2026-05-02,21.64444444444445,26.61111111111111,18.37777777777778,24.64444444444445,30.0,20.35555555555555,18.200000000000003,18.200000000000003,0.0,10.22222222222222,88.55555555555556,11.344444444444443,37.34444444444445,15.08,1010.4,86.66666666666667,19.5,0.0,2.9855555555555555,21.386,103.023,7.186666666666667,12.95,5,18,63,12,1970-01-21 13:48:20.160000000,1970-01-21 13:49:06.773333333,Xuân,,,
Điện Biên,Trung du miền núi Bắc Bộ,2026-05-03,21.444444444444443,26.91111111111111,18.41111111111111,24.61111111111111,30.733333333333334,20.87777777777778,18.955555555555556,18.955555555555556,0.0,17.333333333333332,88.55555555555556,10.022222222222222,31.522222222222226,16.184444444444445,1011.8222222222222,78.66666666666667,19.311111111111114,0.0,3.192222222222222,21.386,103.023,8.27888888888889,12.965555555555556,5,18,63,34,1970-01-21 13:49:46.520000000,1970-01-21 13:50:33.193333333,Xuân,,,
Điện Biên,Trung du miền núi Bắc Bộ,2026-05-04,21.5,25.955555555555556,18.155555555555555,23.811111111111114,28.255555555555556,20.299999999999997,7.800000000000001,7.800000000000001,0.0,9.666666666666666,83.0,10.622222222222222,27.1,15.791111111111112,1014.3777777777776,55.666666666666664,18.188888888888886,0.0,3.143333333333333,21.386,103.023,8.385555555555555,12.98,5,19,63,32,1970-01-21 13:51:12.893333333,1970-01-21 13:51:59.620000000,Xuân,,,
Điện Biên,Trung du miền núi Bắc Bộ,2026-05-05,21.811111111111114,26.344444444444445,18.1,24.700000000000003,29.54444444444444,20.311111111111114,3.7333333333333334,3.7333333333333334,0.0,7.222222222222222,84.77777777777777,10.866666666666667,29.799999999999997,17.125555555555554,1012.6555555555556,45.333333333333336,18.966666666666665,0.0,3.3677777777777775,21.386,103.023,9.86,13.0,5,19,61,165,1970-01-21 13:52:39.253333333,1970-01-21 13:53:26.046666666,Xuân,,,
Điện Biên,Trung du miền núi Bắc Bộ,2026-05-06,23.544444444444444,29.08888888888889,18.922222222222224,26.866666666666667,32.48888888888889,21.1,5.388888888888889,5.388888888888889,0.0,6.0,82.77777777777777,11.455555555555556,35.511111111111106,20.128888888888888,1009.7888888888888,43.666666666666664,20.14444444444445,0.0,4.102222222222222,21.386,103.023,10.955555555555556,13.015555555555556,5,19,63,180,1970-01-21 13:54:05.620000000,1970-01-21 13:54:52.473333333,Xuân,,,
Điện Biên,Trung du miền núi Bắc Bộ,2026-05-07,24.311111111111114,30.299999999999997,20.066666666666663,28.444444444444443,35.01111111111111,23.344444444444445,4.955555555555556,4.955555555555556,0.0,5.555555555555555,82.88888888888889,9.27777777777778,27.41111111111111,21.67555555555556,1010.0888888888888,41.0,20.87777777777778,0.0,4.442222222222223,21.386,103.023,11.148888888888887,13.03,5,19,61,183,1970-01-21 13:55:31.986666666,1970-01-21 13:56:18.893333333,Xuân,,,
Điện Biên,Trung du miền núi Bắc Bộ,2026-05-08,22.41111111111111,25.700000000000003,20.244444444444444,26.14444444444445,29.28888888888889,23.422222222222224,4.033333333333333,4.033333333333333,0.0,7.444444444444445,91.11111111111111,6.944444444444445,19.51111111111111,11.631111111111112,1013.0222222222224,81.0,20.799999999999997,0.0,2.3466666666666667,21.386,103.023,3.795555555555555,13.047777777777778,5,19,61,72,1970-01-21 13:56:58.360000000,1970-01-21 13:57:45.320000000,Xuân,,,
Điện Biên,Trung du miền núi Bắc Bộ,2026-05-09,22.177777777777777,25.977777777777774,19.866666666666667,25.64444444444445,29.200000000000003,22.944444444444443,14.788888888888888,14.788888888888888,0.0,15.555555555555555,90.55555555555556,9.655555555555557,26.688888888888886,13.28111111111111,1014.0111111111112,92.77777777777776,20.455555555555556,0.0,2.626666666666667,21.386,103.023,7.482222222222223,13.06,5,19,63,47,1970-01-21 13:58:24.726666666,1970-01-21 13:59:11.753333333,Xuân,,,
Điện Biên,Trung du miền núi Bắc Bộ,2026-05-10,21.077777777777776,23.833333333333332,19.444444444444443,24.322222222222223,26.700000000000003,22.41111111111111,21.677777777777777,21.677777777777777,0.0,23.0,93.77777777777776,7.622222222222222,24.188888888888886,9.194444444444445,1014.1222222222224,99.55555555555556,19.933333333333337,0.0,1.8511111111111112,21.386,103.023,2.131111111111111,13.08,5,19,63,80,1970-01-21 13:59:51.100000000,1970-01-21 14:00:38.173333333,Xuân,,,
Điện Biên,Trung du miền núi Bắc Bộ,2026-05-11,23.422222222222224,28.444444444444443,19.200000000000003,27.044444444444444,32.144444444444446,22.344444444444445,7.199999999999999,7.199999999999999,0.0,9.666666666666666,83.11111111111111,7.955555555555555,26.288888888888888,19.68777777777778,1012.3333333333334,83.44444444444444,20.033333333333335,0.0,3.973333333333333,21.386,103.023,10.337777777777776,13.093333333333334,5,20,61,162,1970-01-21 14:01:17.466666666,1970-01-21 14:02:04.600000000,Xuân,,,
Điện Biên,Trung du miền núi Bắc Bộ,2026-05-12,22.555555555555557,26.666666666666668,19.866666666666667,26.166666666666668,30.84444444444445,22.955555555555556,8.5,8.5,0.0,16.333333333333332,88.11111111111111,9.81111111111111,32.43333333333333,15.924444444444443,1010.3,89.11111111111111,20.344444444444445,0.0,3.155555555555555,21.386,103.023,6.4911111111111115,13.11,5,20,61,272,1970-01-21 14:02:43.840000000,1970-01-21 14:03:31.026666666,Xuân,,,
Điện Biên,Trung du miền núi Bắc Bộ,2026-05-13,23.522222222222226,27.922222222222224,20.288888888888888,26.85555555555555,31.64444444444445,23.744444444444444,2.6666666666666665,2.6666666666666665,0.0,11.11111111111111,83.77777777777777,13.2,37.98888888888889,21.471111111111114,1007.3777777777776,47.111111111111114,20.366666666666667,0.0,4.25,21.386,103.023,9.826666666666666,13.123333333333331,5,20,53,203,1970-01-21 14:04:10.206666666,1970-01-21 14:04:57.453333333,Xuân,,,
Điện Biên,Trung du miền núi Bắc Bộ,2026-05-14,24.444444444444443,29.38888888888889,19.544444444444444,27.5,32.81111111111111,22.477777777777774,0.5777777777777778,0.5777777777777778,0.0,5.0,77.22222222222223,11.77777777777778,31.122222222222224,22.513333333333335,1006.0222222222224,62.44444444444444,19.833333333333332,0.0,4.7155555555555555,21.386,103.023,11.56,13.13888888888889,5,20,51,198,1970-01-21 14:05:36.580000000,1970-01-21 14:06:23.873333333,Xuân,,,
Điện Biên,Trung du miền núi Bắc Bộ,2026-05-15,24.5,28.6,21.677777777777777,28.4,33.18888888888889,25.188888888888886,4.422222222222222,4.422222222222222,0.0,8.88888888888889,84.33333333333333,12.355555555555556,35.34444444444445,19.87777777777778,1006.3222222222222,68.66666666666667,21.57777777777778,0.0,3.923333333333334,21.386,103.023,10.518888888888888,13.151111111111112,5,20,61,192,1970-01-21 14:07:02.953333333,1970-01-21 14:07:50.300000000,Xuân,,,
Điện Biên,Trung du miền núi Bắc Bộ,2026-05-16,24.711111111111112,29.577777777777776,20.77777777777778,28.82222222222222,34.611111111111114,24.4,7.077777777777778,7.077777777777778,0.0,14.555555555555555,84.44444444444444,11.488888888888887,29.488888888888887,20.86888888888889,1006.1777777777778,81.55555555555556,21.711111111111112,0.0,4.233333333333333,21.386,103.023,10.572222222222225,13.16777777777778,5,20,63,212,1970-01-21 14:08:29.333333333,1970-01-21 14:09:16.733333333,Xuân,,,
Điện Biên,Trung du miền núi Bắc Bộ,2026-05-17,25.64444444444444,30.488888888888887,21.511111111111113,30.166666666666668,36.388888888888886,25.299999999999997,2.7777777777777777,2.7777777777777777,0.0,7.666666666666667,80.0,7.788888888888888,25.41111111111111,23.641111111111112,1005.5666666666668,62.22222222222222,21.655555555555555,0.0,4.845555555555555,21.386,103.023,11.806666666666668,13.18,5,20,51,179,1970-01-21 14:09:55.706666666,1970-01-21 14:10:43.153333333,Xuân,,,
Điện Biên,Trung du miền núi Bắc Bộ,2026-05-18,25.455555555555556,29.766666666666666,21.366666666666667,30.0,35.35555555555556,24.755555555555556,7.199999999999999,7.199999999999999,0.0,12.22222222222222,82.55555555555556,10.022222222222222,28.45555555555556,21.97888888888889,1005.5333333333332,72.11111111111111,22.055555555555557,0.0,4.481111111111111,21.386,103.023,11.362222222222222,13.193333333333332,5,21,61,193,1970-01-21 14:11:22.086666666,1970-01-21 14:12:09.586666666,Xuân,,,
Điện Biên,Trung du miền núi Bắc Bộ,2026-05-19,24.822222222222223,29.377777777777776,20.755555555555556,29.27777777777778,34.71111111111111,24.255555555555556,11.844444444444443,11.844444444444443,0.0,16.0,85.11111111111111,10.422222222222222,30.311111111111114,21.943333333333335,1005.2666666666668,78.33333333333333,21.91111111111111,0.0,4.415555555555556,21.386,103.023,11.133333333333333,13.207777777777778,5,21,63,171,1970-01-21 14:12:48.460000000,1970-01-21 14:13:36.006666666,Xuân,,,
Điện Biên,Trung du miền núi Bắc Bộ,2026-05-20,25.022222222222226,29.91111111111111,20.822222222222223,29.477777777777774,35.77777777777778,24.299999999999997,5.777777777777778,5.777777777777778,0.0,11.0,82.66666666666667,10.444444444444445,27.12222222222222,24.21777777777778,1004.7888888888888,52.0,21.566666666666663,0.0,4.952222222222222,21.386,103.023,11.681111111111113,13.22,5,21,61,172,1970-01-21 14:14:14.840000000,1970-01-21 14:15:02.433333333,Xuân,,,
Điện Biên,Trung du miền núi Bắc Bộ,2026-05-21,24.244444444444444,28.977777777777774,21.12222222222222,28.755555555555556,34.67777777777778,24.9,10.38888888888889,10.38888888888889,0.0,14.88888888888889,87.77777777777777,9.644444444444444,26.799999999999997,19.743333333333332,1007.3888888888888,73.44444444444444,21.91111111111111,0.0,3.971111111111111,21.386,103.023,9.876666666666669,13.231111111111112,5,21,63,130,1970-01-21 14:15:41.226666666,1970-01-21 14:16:28.860000000,Xuân,,,
Điện Biên,Trung du miền núi Bắc Bộ,2026-05-22,24.91111111111111,29.200000000000003,21.27777777777778,28.733333333333334,33.52222222222222,25.055555555555557,4.088888888888889,4.088888888888889,0.0,12.555555555555555,83.22222222222223,12.555555555555555,33.355555555555554,20.263333333333335,1008.6222222222224,57.333333333333336,21.655555555555555,0.0,4.1433333333333335,21.386,103.023,10.663333333333334,13.243333333333332,5,21,55,191,1970-01-21 14:17:07.606666666,1970-01-21 14:17:55.280000000,Xuân,,,
Điện Biên,Trung du miền núi Bắc Bộ,2026-05-23,24.066666666666663,27.85555555555555,21.200000000000003,27.85555555555555,31.27777777777778,24.72222222222222,9.233333333333333,9.233333333333333,0.0,17.11111111111111,87.77777777777777,13.211111111111112,38.04444444444445,16.76111111111111,1009.4444444444443,89.66666666666667,21.788888888888888,0.0,3.322222222222222,21.386,103.023,8.923333333333334,13.255555555555556,5,21,63,196,1970-01-21 14:18:33.993333333,1970-01-21 14:19:21.706666666,Xuân,,,
Điện Biên,Trung du miền núi Bắc Bộ,2026-05-24,24.433333333333337,28.64444444444445,21.077777777777776,28.255555555555556,31.744444444444444,24.51111111111111,9.044444444444444,9.044444444444444,0.0,13.22222222222222,87.11111111111111,15.988888888888887,47.05555555555556,19.04111111111111,1009.3888888888888,94.22222222222224,21.98888888888889,0.0,3.748888888888889,21.386,103.023,10.177777777777775,13.267777777777775,5,21,63,178,1970-01-21 14:20:00.366666666,1970-01-21 14:20:48.133333333,Xuân,,,
Điện Biên,Trung du miền núi Bắc Bộ,2026-05-25,25.466666666666665,29.200000000000003,22.477777777777774,29.1,32.53333333333333,26.322222222222223,2.8,2.8,0.0,10.88888888888889,80.44444444444444,15.88888888888889,45.24444444444444,20.975555555555555,1008.0,63.55555555555556,21.688888888888886,0.0,4.321111111111112,21.386,103.023,11.481111111111112,13.278888888888888,5,22,53,207,1970-01-21 14:21:26.766666666,1970-01-21 14:22:14.566666666,Xuân,,,
Điện Biên,Trung du miền núi Bắc Bộ,2026-05-26,25.811111111111114,30.811111111111114,21.833333333333332,29.522222222222226,34.93333333333333,25.1,1.7,1.7,0.0,8.666666666666666,77.88888888888889,14.077777777777778,36.78888888888889,24.83,1007.2111111111112,18.444444444444443,21.333333333333332,0.0,5.173333333333334,21.386,103.023,12.19222222222222,13.288888888888888,5,22,51,210,1970-01-21 14:22:53.146666666,1970-01-21 14:23:40.986666666,Xuân,,,
Điện Biên,Trung du miền núi Bắc Bộ,2026-05-27,25.98888888888889,30.64444444444445,22.244444444444444,30.366666666666667,35.91111111111111,25.833333333333332,2.3,2.3,0.0,8.222222222222221,78.44444444444444,9.988888888888887,28.766666666666666,24.797777777777775,1008.0666666666668,20.0,21.677777777777777,0.0,5.122222222222223,21.386,103.023,12.193333333333332,13.29888888888889,5,22,53,198,1970-01-21 14:24:19.540000000,1970-01-21 14:25:07.413333333,Xuân,,,
Điện Biên,Trung du miền núi Bắc Bộ,2026-05-28,26.055555555555557,31.08888888888889,22.12222222222222,30.755555555555556,36.8,25.922222222222224,2.2777777777777777,2.2777777777777777,0.0,8.11111111111111,79.33333333333333,8.055555555555555,25.4,25.37,1009.8222222222222,40.55555555555556,21.799999999999997,0.0,5.248888888888889,21.386,103.023,11.697777777777778,13.30888888888889,5,22,53,239,1970-01-21 14:25:45.926666666,1970-01-21 14:26:33.840000000,Xuân,,,
Điện Biên,Trung du miền núi Bắc Bộ,2026-05-29,24.677777777777777,29.72222222222222,21.333333333333332,29.422222222222224,35.08888888888889,25.14444444444445,15.811111111111112,15.811111111111112,0.0,13.22222222222222,87.55555555555556,7.711111111111112,23.188888888888886,18.613333333333333,1011.2111111111112,97.0,22.233333333333334,0.0,3.828888888888889,21.386,103.023,8.287777777777778,13.318888888888887,5,22,63,15,1970-01-21 14:27:12.306666666,1970-01-21 14:28:00.260000000,Xuân,,,
Điện Biên,Trung du miền núi Bắc Bộ,2026-05-30,23.1,26.37777777777778,20.944444444444443,27.166666666666668,30.27777777777778,24.444444444444443,22.688888888888886,22.688888888888886,0.0,14.0,91.0,6.855555555555556,19.555555555555557,10.172222222222222,1012.2222222222222,83.88888888888889,21.444444444444443,0.0,2.0855555555555556,21.386,103.023,2.0044444444444443,13.32888888888889,5,22,63,36,1970-01-21 14:28:38.706666666,1970-01-21 14:29:26.686666666,Xuân,,,
Điện Biên,Trung du miền núi Bắc Bộ,2026-05-31,24.655555555555555,29.299999999999997,20.044444444444444,28.95555555555556,34.58888888888889,23.188888888888886,5.188888888888889,5.188888888888889,0.0,8.444444444444445,82.22222222222223,7.211111111111112,24.055555555555557,23.441111111111113,1011.0555555555557,46.888888888888886,21.14444444444445,0.0,4.7188888888888885,21.386,103.023,12.41777777777778,13.338888888888889,5,22,61,268,1970-01-21 14:30:05.106666666,1970-01-21 14:30:53.113333333,Xuân,,,
Điện Biên,Trung du miền núi Bắc Bộ,2026-06-01,26.155555555555555,30.77777777777778,21.811111111111114,30.688888888888886,36.41111111111111,25.477777777777774,1.6444444444444444,1.6444444444444444,0.0,6.888888888888889,76.88888888888889,7.800000000000001,23.98888888888889,25.36,1009.5333333333332,17.11111111111111,21.48888888888889,0.0,5.23,21.386,103.023,12.427777777777775,13.347777777777775,6,23,51,251,1970-01-21 14:31:31.500000000,1970-01-21 14:32:19.546666666,Hè,,,
Điện Biên,Trung du miền núi Bắc Bộ,2026-06-02,26.755555555555556,31.688888888888886,21.677777777777777,31.4,37.47777777777778,25.38888888888889,2.788888888888889,2.788888888888889,0.0,9.11111111111111,76.44444444444444,9.755555555555556,26.67777777777778,25.543333333333333,1007.2444444444444,33.44444444444444,21.955555555555556,0.0,5.355555555555556,21.386,103.023,12.223333333333334,13.355555555555554,6,23,53,255,1970-01-21 14:32:57.886666666,1970-01-21 14:33:45.966666666,Hè,,,
Điện Biên,Trung du miền núi Bắc Bộ,2026-06-03,26.188888888888886,31.11111111111111,21.633333333333333,30.488888888888887,35.94444444444444,24.866666666666667,6.922222222222222,6.922222222222222,0.0,9.666666666666666,78.33333333333333,13.38888888888889,38.87777777777777,25.194444444444443,1005.1444444444444,54.55555555555556,21.766666666666666,0.0,5.263333333333334,21.386,103.023,12.474444444444444,13.363333333333332,6,23,63,245,1970-01-21 14:34:24.280000000,1970-01-21 14:35:12.386666666,Hè,,,
Điện Biên,Trung du miền núi Bắc Bộ,2026-06-04,24.677777777777777,29.311111111111114,21.688888888888886,29.38888888888889,34.144444444444446,25.81111111111111,7.277777777777778,7.277777777777778,0.0,10.88888888888889,87.55555555555556,11.377777777777778,34.0,20.89333333333333,1005.5,86.22222222222223,22.299999999999997,0.0,4.142222222222222,21.386,103.023,11.18888888888889,13.37,6,23,61,86,1970-01-21 14:35:50.680000000,1970-01-21 14:36:38.813333333,Hè,,,
Điện Biên,Trung du miền núi Bắc Bộ,2026-06-05,24.455555555555556,28.744444444444444,21.37777777777778,29.033333333333335,34.06666666666667,25.322222222222223,17.077777777777776,17.077777777777776,0.0,17.666666666666668,87.0,7.888888888888889,23.044444444444444,17.686666666666667,1006.3777777777777,80.0,22.0,0.0,3.605555555555556,21.386,103.023,8.416666666666666,13.378888888888888,6,23,63,98,1970-01-21 14:37:17.080000000,1970-01-21 14:38:05.240000000,Hè,,,
Điện Biên,Trung du miền núi Bắc Bộ,2026-06-06,24.477777777777778,29.0,21.41111111111111,29.04444444444444,34.544444444444444,25.577777777777776,13.100000000000001,13.100000000000001,0.0,18.88888888888889,88.11111111111111,10.544444444444444,30.58888888888889,21.036666666666665,1007.0222222222224,88.0,22.255555555555556,0.0,4.152222222222223,21.386,103.023,10.415555555555555,13.385555555555555,6,23,63,199,1970-01-21 14:38:43.480000000,1970-01-21 14:39:31.666666666,Hè,,,
Điện Biên,Trung du miền núi Bắc Bộ,2026-06-07,24.633333333333333,29.055555555555557,21.799999999999997,28.811111111111114,33.5,25.788888888888888,8.322222222222223,8.322222222222223,0.0,18.555555555555557,87.11111111111111,13.244444444444445,39.111111111111114,21.165555555555557,1006.311111111111,87.0,22.177777777777777,0.0,4.163333333333333,21.386,103.023,10.643333333333334,13.39,6,23,63,197,1970-01-21 14:40:09.880000000,1970-01-21 14:40:58.080000000,Hè,,,
Điện Biên,Trung du miền núi Bắc Bộ,2026-06-08,24.133333333333333,27.711111111111112,21.666666666666668,28.56666666666667,32.111111111111114,25.5,11.622222222222222,11.622222222222222,0.0,14.88888888888889,90.88888888888889,12.733333333333333,36.98888888888889,17.287777777777777,1005.3888888888889,98.33333333333333,22.477777777777778,0.0,3.3466666666666667,21.386,103.023,8.428888888888888,13.397777777777778,6,24,63,185,1970-01-21 14:41:36.280000000,1970-01-21 14:42:24.500000000,Hè,,,
Điện Biên,Trung du miền núi Bắc Bộ,2026-06-09,23.022222222222222,25.299999999999997,21.61111111111111,27.61111111111111,30.366666666666667,25.444444444444443,35.47777777777778,35.47777777777778,0.0,23.666666666666668,96.44444444444444,7.388888888888889,22.88888888888889,11.901111111111112,1006.9111111111112,99.44444444444444,22.355555555555554,0.0,2.3177777777777777,21.386,103.023,2.671111111111111,13.401111111111112,6,24,63,69,1970-01-21 14:43:02.680000000,1970-01-21 14:43:50.926666666,Hè,,,
Điện Biên,Trung du miền núi Bắc Bộ,2026-06-10,23.1,27.38888888888889,20.255555555555556,26.6,30.944444444444443,23.433333333333334,13.9,13.9,0.0,21.333333333333332,87.55555555555556,10.244444444444445,27.266666666666666,18.383333333333333,1009.6999999999999,91.44444444444444,20.744444444444444,0.0,3.624444444444445,21.386,103.023,9.682222222222222,13.407777777777778,6,24,61,62,1970-01-21 14:44:29.080000000,1970-01-21 14:45:17.346666666,Hè,,,
Điện Biên,Trung du miền núi Bắc Bộ,2026-06-11,22.822222222222223,26.733333333333334,20.88888888888889,27.0,31.644444444444446,24.522222222222222,19.422222222222224,19.422222222222224,0.0,21.11111111111111,92.55555555555556,7.2555555555555555,23.311111111111114,15.433333333333334,1012.4111111111112,97.0,21.433333333333334,0.0,3.0155555555555558,21.386,103.023,7.176666666666667,13.411111111111111,6,24,63,46,1970-01-21 14:45:55.480000000,1970-01-21 14:46:43.760000000,Hè,,,
Điện Biên,Trung du miền núi Bắc Bộ,2026-06-12,23.144444444444446,27.144444444444446,21.155555555555555,27.444444444444443,31.022222222222222,25.08888888888889,18.700000000000003,18.700000000000003,0.0,20.11111111111111,92.11111111111111,11.122222222222222,33.68888888888889,15.96,1013.0222222222224,98.0,21.744444444444444,0.0,3.091111111111111,21.386,103.023,6.738888888888889,13.415555555555555,6,24,63,182,1970-01-21 14:47:21.880000000,1970-01-21 14:48:10.186666666,Hè,,,
Điện Biên,Trung du miền núi Bắc Bộ,2026-06-13,23.98888888888889,28.511111111111113,21.1,28.233333333333334,33.34444444444445,24.822222222222223,10.31111111111111,10.31111111111111,0.0,16.11111111111111,88.88888888888889,12.511111111111111,37.28888888888889,20.243333333333332,1010.1444444444444,96.33333333333333,21.966666666666665,0.0,3.8866666666666663,21.386,103.023,10.514444444444443,13.42,6,24,61,201,1970-01-21 14:48:48.293333333,1970-01-21 14:49:36.600000000,Hè,,,
Điện Biên,Trung du miền núi Bắc Bộ,2026-06-14,24.38888888888889,28.077777777777776,21.38888888888889,28.422222222222224,32.81111111111111,24.977777777777778,9.066666666666666,9.066666666666666,0.0,17.0,86.66666666666667,12.122222222222222,35.599999999999994,19.747777777777777,1007.5444444444444,93.22222222222223,21.91111111111111,0.0,3.8388888888888886,21.386,103.023,10.28111111111111,13.423333333333334,6,24,63,187,1970-01-21 14:50:14.706666666,1970-01-21 14:51:03.020000000,Hè,,,
Điện Biên,Trung du miền núi Bắc Bộ,2026-06-15,24.255555555555556,28.599999999999998,21.577777777777776,28.56666666666667,32.67777777777778,25.477777777777778,14.0,14.0,0.0,20.444444444444443,89.33333333333333,12.011111111111111,35.55555555555556,17.49888888888889,1007.8444444444444,99.44444444444444,22.255555555555556,0.0,3.466666666666667,21.386,103.023,7.467777777777779,13.425555555555555,6,25,63,183,1970-01-21 14:51:41.106666666,1970-01-21 14:52:29.433333333,Hè,,,
Điện Biên,Trung du miền núi Bắc Bộ,2026-06-16,24.9,28.744444444444444,22.311111111111114,29.422222222222224,33.355555555555554,26.299999999999997,5.688888888888889,5.688888888888889,0.0,15.88888888888889,87.11111111111111,10.822222222222223,34.12222222222223,19.063333333333333,1008.5111111111112,97.11111111111111,22.477777777777778,0.0,3.8122222222222226,21.386,103.023,9.334444444444443,13.428888888888888,6,25,61,191,1970-01-21 14:53:07.506666666,1970-01-21 14:53:55.853333333,Hè,,,
Điện Biên,Trung du miền núi Bắc Bộ,2026-06-17,24.311111111111114,27.522222222222222,21.811111111111114,28.733333333333334,32.166666666666664,25.58888888888889,12.877777777777778,12.877777777777778,0.0,19.666666666666668,90.0,11.600000000000001,35.8,18.27777777777778,1008.4777777777776,95.77777777777777,22.477777777777774,0.0,3.5366666666666666,21.386,103.023,8.57,13.43,6,25,63,199,1970-01-21 14:54:33.920000000,1970-01-21 14:55:22.273333333,Hè,,,
Điện Biên,Trung du miền núi Bắc Bộ,2026-06-18,24.555555555555557,28.511111111111113,22.11111111111111,28.61111111111111,32.766666666666666,25.799999999999997,7.177777777777777,7.177777777777777,0.0,16.555555555555557,86.88888888888889,13.799999999999999,39.05555555555556,17.482222222222223,1007.6555555555556,97.77777777777777,22.11111111111111,0.0,3.466666666666667,21.386,103.023,7.4255555555555555,13.43,6,25,61,185,1970-01-21 14:56:00.333333333,1970-01-21 14:56:48.686666666,Hè,,,
Điện Biên,Trung du miền núi Bắc Bộ,2026-06-19,24.155555555555555,28.08888888888889,21.844444444444445,28.22222222222222,31.288888888888884,25.422222222222224,10.61111111111111,10.61111111111111,0.0,14.555555555555555,89.22222222222223,13.477777777777778,37.03333333333333,14.862222222222222,1007.7888888888889,99.11111111111111,22.188888888888886,0.0,2.9566666666666666,21.386,103.023,5.927777777777778,13.433333333333332,6,25,63,171,1970-01-21 14:57:26.740000000,1970-01-21 14:58:15.106666666,Hè,,,
Điện Biên,Trung du miền núi Bắc Bộ,2026-06-20,23.6,26.5,21.311111111111114,28.044444444444444,31.455555555555552,24.766666666666666,20.866666666666667,20.866666666666667,0.0,18.666666666666668,93.22222222222223,11.755555555555555,36.31111111111111,17.581111111111113,1008.7888888888889,95.33333333333333,22.41111111111111,0.0,3.2911111111111113,21.386,103.023,7.529999999999999,13.435555555555556,6,25,63,164,1970-01-21 14:58:53.166666666,1970-01-21 14:59:41.520000000,Hè,,,
Điện Biên,Trung du miền núi Bắc Bộ,2026-06-21,23.522222222222222,27.08888888888889,21.22222222222222,27.677777777777777,31.644444444444446,24.833333333333332,20.066666666666666,20.066666666666666,0.0,18.11111111111111,91.22222222222223,10.655555555555557,33.233333333333334,15.351111111111111,1009.811111111111,95.44444444444444,21.91111111111111,0.0,2.9877777777777776,21.386,103.023,6.932222222222222,13.435555555555556,6,25,63,164,1970-01-21 15:00:19.566666666,1970-01-21 15:01:07.933333333,Hè,,,
Điện Biên,Trung du miền núi Bắc Bộ,2026-06-22,23.799999999999997,27.811111111111114,21.044444444444444,27.688888888888886,31.54444444444444,24.444444444444443,9.333333333333334,9.333333333333334,0.0,14.444444444444445,89.11111111111111,13.444444444444445,38.955555555555556,17.959999999999997,1008.3888888888889,84.22222222222223,21.822222222222223,0.0,3.4177777777777774,21.386,103.023,10.568888888888889,13.435555555555556,6,26,61,181,1970-01-21 15:01:45.986666666,1970-01-21 15:02:34.340000000,Hè,,,
Điện Biên,Trung du miền núi Bắc Bộ,2026-06-23,25.0,29.34444444444445,21.799999999999997,28.577777777777776,33.68888888888889,24.977777777777778,3.1222222222222222,3.1222222222222222,0.0,9.11111111111111,81.0,14.61111111111111,40.96666666666667,23.17111111111111,1005.7111111111111,67.22222222222223,21.37777777777778,0.0,4.597777777777778,21.386,103.023,11.77,13.435555555555556,6,26,61,209,1970-01-21 15:03:12.400000000,1970-01-21 15:04:00.766666666,Hè,,,
Điện Biên,Trung du miền núi Bắc Bộ,2026-06-24,25.933333333333334,30.233333333333334,22.37777777777778,30.0,34.81111111111111,25.811111111111114,2.3,2.3,0.0,9.11111111111111,79.0,14.399999999999999,37.8,24.95888888888889,1005.4000000000001,76.88888888888889,21.822222222222223,0.0,5.092222222222222,21.386,103.023,12.183333333333332,13.431111111111111,6,26,53,223,1970-01-21 15:04:38.826666666,1970-01-21 15:05:27.166666666,Hè,,,
Điện Biên,Trung du miền núi Bắc Bộ,2026-06-25,26.38888888888889,30.511111111111113,23.177777777777777,30.599999999999998,35.22222222222222,26.833333333333332,3.111111111111111,3.111111111111111,0.0,7.666666666666667,77.44444444444444,11.344444444444443,31.34444444444445,22.33555555555556,1005.8000000000001,97.44444444444444,21.91111111111111,0.0,4.706666666666667,21.386,103.023,10.56111111111111,13.43,6,26,53,251,1970-01-21 15:06:05.226666666,1970-01-21 15:06:53.580000000,Hè,,,
Điện Biên,Trung du miền núi Bắc Bộ,2026-06-26,24.77777777777778,27.977777777777778,21.444444444444443,29.34444444444445,32.3,25.211111111111112,11.022222222222222,11.022222222222222,0.0,12.11111111111111,86.33333333333333,8.444444444444445,27.144444444444446,13.372222222222222,1007.3222222222222,98.22222222222223,22.22222222222222,0.0,2.8200000000000003,21.386,103.023,3.5488888888888885,13.43,6,26,63,65,1970-01-21 15:07:31.646666666,1970-01-21 15:08:19.993333333,Hè,,,
Điện Biên,Trung du miền núi Bắc Bộ,2026-06-27,24.311111111111114,27.477777777777778,21.61111111111111,29.022222222222222,32.111111111111114,25.38888888888889,11.655555555555557,11.655555555555557,0.0,13.0,89.55555555555556,8.211111111111112,26.922222222222224,14.277777777777779,1007.1666666666666,98.0,22.366666666666667,0.0,2.9066666666666667,21.386,103.023,6.457777777777778,13.425555555555555,6,26,63,92,1970-01-21 15:08:58.060000000,1970-01-21 15:09:46.400000000,Hè,,,
Điện Biên,Trung du miền núi Bắc Bộ,2026-06-28,24.62222222222222,28.666666666666668,21.755555555555556,29.555555555555557,34.0,25.866666666666667,15.822222222222223,15.822222222222223,0.0,16.555555555555557,90.11111111111111,9.333333333333334,30.333333333333332,19.325555555555557,1005.9444444444445,97.88888888888889,22.744444444444444,0.0,3.851111111111111,21.386,103.023,9.05,13.425555555555555,6,26,63,224,1970-01-21 15:10:24.486666666,1970-01-21 15:11:12.800000000,Hè,,,
Điện Biên,Trung du miền núi Bắc Bộ,2026-06-29,23.91111111111111,27.244444444444444,22.144444444444446,28.82222222222222,31.855555555555554,26.555555555555557,36.08888888888889,36.08888888888889,0.0,23.333333333333332,94.0,8.344444444444443,25.38888888888889,14.417777777777777,1005.6999999999999,99.66666666666667,22.822222222222223,0.0,2.858888888888889,21.386,103.023,4.541111111111111,13.42,6,27,63,175,1970-01-21 15:11:50.886666666,1970-01-21 15:12:39.206666666,Hè,,,
Điện Biên,Trung du miền núi Bắc Bộ,2026-06-30,22.966666666666665,24.98888888888889,21.633333333333336,27.766666666666666,30.04444444444444,25.833333333333332,26.977777777777778,26.977777777777778,0.0,24.0,96.33333333333333,5.644444444444444,17.833333333333332,9.292222222222222,1006.5222222222224,100.0,22.322222222222223,0.0,1.8933333333333333,21.386,103.023,0.34,13.41777777777778,6,27,63,69,1970-01-21 15:13:17.320000000,1970-01-21 15:14:05.613333333,Hè,,,
Điện Biên,Trung du miền núi Bắc Bộ,2026-07-01,23.822222222222223,27.22222222222222,21.733333333333334,28.65555555555555,32.25555555555556,26.08888888888889,19.08888888888889,19.08888888888889,0.0,22.11111111111111,92.33333333333333,6.922222222222222,20.799999999999997,16.948888888888888,1006.8555555555556,94.44444444444444,22.433333333333334,0.0,3.358888888888889,21.386,103.023,8.39111111111111,13.415555555555555,7,27,63,67,1970-01-21 15:14:43.740000000,1970-01-21 15:15:32.026666666,Hè,,,
Điện Biên,Trung du miền núi Bắc Bộ,2026-07-02,24.200000000000003,28.41111111111111,21.455555555555556,29.133333333333333,34.21111111111111,25.544444444444444,24.533333333333335,24.533333333333335,0.0,20.22222222222222,91.55555555555556,8.511111111111111,29.15555555555555,19.983333333333334,1007.8666666666666,87.0,22.555555555555557,0.0,3.921111111111111,21.386,103.023,10.898888888888889,13.41,7,27,63,44,1970-01-21 15:16:10.146666666,1970-01-21 15:16:58.426666666,Hè,,,
Điện Biên,Trung du miền núi Bắc Bộ,2026-07-03,25.522222222222222,30.67777777777778,21.655555555555555,30.599999999999998,36.86666666666667,25.933333333333334,7.48888888888889,7.48888888888889,0.0,12.88888888888889,84.0,7.811111111111111,22.044444444444444,24.85111111111111,1007.0444444444444,73.33333333333333,22.266666666666666,0.0,5.0344444444444445,21.386,103.023,12.171111111111111,13.405555555555557,7,27,63,90,1970-01-21 15:17:36.573333333,1970-01-21 15:18:24.826666666,Hè,,,
Điện Biên,Trung du miền núi Bắc Bộ,2026-07-04,25.311111111111114,29.72222222222222,21.944444444444443,30.355555555555554,35.833333333333336,25.9,5.822222222222222,5.822222222222222,0.0,15.11111111111111,85.77777777777777,10.066666666666666,28.077777777777776,23.691111111111113,1005.1777777777778,83.0,22.566666666666666,0.0,4.742222222222222,21.386,103.023,12.748888888888889,13.398888888888889,7,27,61,191,1970-01-21 15:19:02.993333333,1970-01-21 15:19:51.226666666,Hè,,,
Điện Biên,Trung du miền núi Bắc Bộ,2026-07-05,23.255555555555556,26.366666666666667,21.444444444444443,27.41111111111111,30.255555555555556,25.155555555555555,21.91111111111111,21.91111111111111,0.0,23.88888888888889,94.66666666666667,12.088888888888889,36.43333333333333,13.318888888888889,1006.3444444444444,99.0,22.322222222222223,0.0,2.5277777777777777,21.386,103.023,4.367777777777778,13.393333333333334,7,27,63,190,1970-01-21 15:20:29.406666666,1970-01-21 15:21:17.626666666,Hè,,,
Điện Biên,Trung du miền núi Bắc Bộ,2026-07-06,23.477777777777778,26.577777777777776,21.822222222222223,27.366666666666667,31.022222222222222,25.211111111111112,17.422222222222224,17.422222222222224,0.0,20.22222222222222,92.66666666666667,12.088888888888889,38.12222222222223,16.323333333333334,1005.5999999999999,89.11111111111111,22.188888888888886,0.0,3.0433333333333334,21.386,103.023,7.440000000000001,13.385555555555555,7,28,61,191,1970-01-21 15:21:55.833333333,1970-01-21 15:22:44.026666666,Hè,,,
Điện Biên,Trung du miền núi Bắc Bộ,2026-07-07,23.966666666666665,28.288888888888888,21.555555555555557,28.244444444444444,32.7,25.288888888888888,15.044444444444444,15.044444444444444,0.0,17.333333333333332,91.22222222222223,12.133333333333333,35.86666666666667,18.234444444444446,1005.4000000000001,82.22222222222223,22.333333333333332,0.0,3.502222222222222,21.386,103.023,9.94111111111111,13.38,7,28,63,202,1970-01-21 15:23:22.266666666,1970-01-21 15:24:10.426666666,Hè,,,
Điện Biên,Trung du miền núi Bắc Bộ,2026-07-08,23.255555555555556,25.577777777777776,21.822222222222223,27.5,30.055555555555557,25.644444444444446,34.28888888888889,34.28888888888889,0.0,24.0,94.77777777777777,9.88888888888889,30.444444444444443,15.610000000000001,1005.6333333333334,96.55555555555556,22.344444444444445,0.0,2.8855555555555554,21.386,103.023,7.612222222222221,13.373333333333333,7,28,63,170,1970-01-21 15:24:48.666666666,1970-01-21 15:25:36.826666666,Hè,,,
Điện Biên,Trung du miền núi Bắc Bộ,2026-07-09,22.944444444444443,26.299999999999997,21.322222222222223,27.144444444444446,31.22222222222222,24.98888888888889,33.15555555555555,33.15555555555555,0.0,22.88888888888889,94.66666666666667,9.81111111111111,28.0,15.142222222222223,1004.9777777777776,92.22222222222223,22.01111111111111,0.0,2.8800000000000003,21.386,103.023,6.282222222222222,13.365555555555554,7,28,63,182,1970-01-21 15:26:15.100000000,1970-01-21 15:27:03.213333333,Hè,,,
Điện Biên,Trung du miền núi Bắc Bộ,2026-07-10,23.188888888888886,26.822222222222223,20.77777777777778,27.255555555555556,31.766666666666666,24.255555555555556,15.244444444444444,15.244444444444444,0.0,22.22222222222222,92.44444444444444,10.211111111111112,31.22222222222222,16.963333333333335,1004.4444444444445,85.88888888888889,21.844444444444445,0.0,3.2411111111111115,21.386,103.023,8.312222222222223,13.358888888888888,7,28,61,179,1970-01-21 15:27:41.526666666,1970-01-21 15:28:29.606666666,Hè,,,
Điện Biên,Trung du miền núi Bắc Bộ,2026-07-11,23.799999999999997,27.677777777777777,21.733333333333334,28.22222222222222,32.31111111111111,25.533333333333335,11.866666666666667,11.866666666666667,0.0,19.77777777777778,92.22222222222223,9.944444444444445,30.32222222222222,17.200000000000003,1002.3666666666666,81.77777777777777,22.37777777777778,0.0,3.328888888888889,21.386,103.023,8.676666666666668,13.348888888888888,7,28,61,187,1970-01-21 15:29:07.946666666,1970-01-21 15:29:56.000000000,Hè,,,
Điện Biên,Trung du miền núi Bắc Bộ,2026-07-12,23.811111111111114,27.688888888888886,21.177777777777777,28.733333333333334,33.46666666666667,24.922222222222224,20.6,20.6,0.0,20.77777777777778,92.66666666666667,5.7555555555555555,22.755555555555556,18.788888888888888,1002.7444444444445,88.22222222222223,22.466666666666665,0.0,3.711111111111111,21.386,103.023,10.584444444444443,13.34,7,28,63,155,1970-01-21 15:30:34.373333333,1970-01-21 15:31:22.393333333,Hè,,,
Điện Biên,Trung du miền núi Bắc Bộ,2026-07-13,24.811111111111114,29.966666666666665,20.91111111111111,29.77777777777778,36.34444444444445,24.566666666666666,11.322222222222223,11.322222222222223,0.0,15.444444444444445,87.33333333333333,8.777777777777779,23.72222222222222,23.346666666666668,1004.2222222222222,68.66666666666667,22.311111111111114,0.0,4.702222222222222,21.386,103.023,12.745555555555557,13.331111111111111,7,29,61,100,1970-01-21 15:32:00.786666666,1970-01-21 15:32:48.793333333,Hè,,,
Điện Biên,Trung du miền núi Bắc Bộ,2026-07-14,24.977777777777778,29.78888888888889,21.299999999999997,29.72222222222222,35.96666666666667,25.233333333333334,4.955555555555556,4.955555555555556,0.0,13.333333333333334,86.88888888888889,9.655555555555557,25.922222222222224,21.962222222222223,1005.2777777777778,87.0,22.455555555555556,0.0,4.401111111111111,21.386,103.023,12.032222222222224,13.321111111111112,7,29,53,198,1970-01-21 15:33:27.220000000,1970-01-21 15:34:15.180000000,Hè,,,
Điện Biên,Trung du miền núi Bắc Bộ,2026-07-15,24.41111111111111,28.599999999999998,21.6,28.622222222222224,33.51111111111111,25.48888888888889,12.122222222222222,12.122222222222222,0.0,19.555555555555557,88.44444444444444,12.266666666666667,34.599999999999994,19.51111111111111,1006.7222222222222,96.0,22.233333333333334,0.0,3.827777777777778,21.386,103.023,9.554444444444444,13.311111111111112,7,29,63,198,1970-01-21 15:34:53.646666666,1970-01-21 15:35:41.566666666,Hè,,,
Điện Biên,Trung du miền núi Bắc Bộ,2026-07-16,22.844444444444445,24.333333333333332,21.866666666666667,26.833333333333332,28.488888888888887,25.288888888888888,20.433333333333334,20.433333333333334,0.0,22.88888888888889,96.11111111111111,10.68888888888889,32.2,7.311111111111111,1006.9444444444445,100.0,22.188888888888886,0.0,1.4366666666666665,21.386,103.023,0.23555555555555557,13.301111111111112,7,29,61,193,1970-01-21 15:36:20.066666666,1970-01-21 15:37:07.953333333,Hè,,,
Điện Biên,Trung du miền núi Bắc Bộ,2026-07-17,22.53333333333333,24.455555555555556,21.6,26.200000000000003,28.522222222222222,25.077777777777776,24.166666666666668,24.166666666666668,0.0,22.444444444444443,96.22222222222223,13.100000000000001,38.544444444444444,11.648888888888889,1006.4888888888888,98.11111111111111,21.866666666666667,0.0,2.1033333333333335,21.386,103.023,4.006666666666667,13.291111111111112,7,29,61,191,1970-01-21 15:37:46.500000000,1970-01-21 15:38:34.340000000,Hè,,,
Điện Biên,Trung du miền núi Bắc Bộ,2026-07-18,22.555555555555557,25.799999999999997,21.11111111111111,25.822222222222223,29.27777777777778,24.288888888888888,10.177777777777777,10.177777777777777,0.0,20.444444444444443,92.77777777777777,12.8,33.68888888888889,12.46,1006.5222222222224,99.0,21.255555555555556,0.0,2.3699999999999997,21.386,103.023,3.69,13.28111111111111,7,29,61,181,1970-01-21 15:39:12.906666666,1970-01-21 15:40:00.733333333,Hè,,,
Điện Biên,Trung du miền núi Bắc Bộ,2026-07-19,22.91111111111111,25.67777777777778,21.12222222222222,26.48888888888889,29.200000000000003,24.37777777777778,6.733333333333333,6.733333333333333,0.0,18.77777777777778,90.33333333333333,10.544444444444444,27.577777777777776,11.796666666666667,1007.2666666666667,100.0,21.188888888888886,0.0,2.4000000000000004,21.386,103.023,0.8966666666666667,13.27111111111111,7,29,53,192,1970-01-21 15:40:39.340000000,1970-01-21 15:41:27.113333333,Hè,,,
Điện Biên,Trung du miền núi Bắc Bộ,2026-07-20,22.522222222222222,25.811111111111114,21.022222222222222,26.188888888888886,29.622222222222224,24.444444444444443,12.211111111111112,12.211111111111112,0.0,19.22222222222222,93.44444444444444,10.855555555555556,29.044444444444448,13.505555555555555,1007.9666666666667,97.22222222222223,21.344444444444445,0.0,2.568888888888889,21.386,103.023,5.864444444444445,13.26,7,30,61,185,1970-01-21 15:42:05.766666666,1970-01-21 15:42:53.500000000,Hè,,,
