province,region,date,temperature_2m_mean,temperature_2m_max,temperature_2m_min,apparent_temperature_mean,apparent_temperature_max,apparent_temperature_min,precipitation_sum,rain_sum,showers_sum,precipitation_hours,relative_humidity_2m_mean,wind_speed_10m_max,wind_gusts_10m_max,shortwave_radiation_sum,pressure_msl_mean,cloud_cover_mean,dew_point_2m_mean,snowfall_sum,et0_fao_evapotranspiration,latitude,longitude,sunshine_hours,daylight_hours,month,week,weather_code,wind_direction_10m_dominant,sunrise,sunset,season,uv_index_max,uv_index_clear_sky_max,precipitation_probability_max
Đà Nẵng,Duyên hải Nam Trung Bộ,2025-07-21,30.3,32.82,28.380000000000003,33.019999999999996,35.67999999999999,30.18,0.1,0.1,0.0,1.0,61.6,21.02,46.42,15.948000000000002,997.9399999999999,100.0,22.0,0.0,5.326,15.796899999999999,108.1106,5.518,12.930000000000001,7,30,3,230,1970-01-21 06:57:55.536,1970-01-21 06:58:42.072,Hè,,,
Đà Nẵng,Duyên hải Nam Trung Bộ,2025-07-22,30.139999999999997,32.760000000000005,27.72,33.3,35.739999999999995,30.54,0.16,0.16,0.0,1.2,62.6,19.82,47.24,12.047999999999998,998.46,100.0,22.14,0.0,4.272,15.796899999999999,108.1106,5.078,12.919999999999998,7,30,51,204,1970-01-21 06:59:21.960,1970-01-21 07:00:08.460,Hè,,,
Đà Nẵng,Duyên hải Nam Trung Bộ,2025-07-23,30.060000000000002,34.18,26.72,34.88,39.22,30.82,0.36,0.36,0.0,1.8,69.0,14.36,40.6,20.137999999999998,1000.9200000000001,100.0,23.44,0.0,4.954,15.796899999999999,108.1106,10.552,12.91,7,30,51,225,1970-01-21 07:00:48.372,1970-01-21 07:01:34.860,Hè,,,
Đà Nẵng,Duyên hải Nam Trung Bộ,2025-07-24,28.98,32.82,26.160000000000004,33.760000000000005,36.86,30.419999999999998,1.64,1.64,0.0,3.2,73.4,14.039999999999997,37.86,13.912,1002.5799999999999,100.0,23.52,0.0,3.5620000000000003,15.796899999999999,108.1106,4.898000000000001,12.9,7,30,53,247,1970-01-21 07:02:14.796,1970-01-21 07:03:01.236,Hè,,,
Đà Nẵng,Duyên hải Nam Trung Bộ,2025-07-25,27.24,30.360000000000003,24.96,32.56,35.56,29.98,9.319999999999999,9.319999999999999,0.0,10.4,82.6,9.74,30.119999999999997,9.556000000000001,1003.0800000000002,99.6,23.88,0.0,2.304,15.796899999999999,108.1106,1.952,12.89,7,30,61,164,1970-01-21 07:03:41.208,1970-01-21 07:04:27.624,Hè,,,
Đà Nẵng,Duyên hải Nam Trung Bộ,2025-07-26,26.919999999999998,30.54,24.68,32.88,37.18,29.619999999999997,17.1,17.1,0.0,12.0,88.6,10.1,29.74,12.426,1003.14,93.4,24.82,0.0,2.62,15.796899999999999,108.1106,5.358,12.88,7,30,63,215,1970-01-21 07:05:07.620,1970-01-21 07:05:54.000,Hè,,,
Đà Nẵng,Duyên hải Nam Trung Bộ,2025-07-27,27.639999999999997,31.939999999999998,24.82,32.9,37.2,29.880000000000003,4.659999999999999,4.659999999999999,0.0,5.4,82.2,15.059999999999999,35.64,15.074000000000002,1002.74,98.0,24.16,0.0,3.444,15.796899999999999,108.1106,7.140000000000001,12.87,7,30,53,223,1970-01-21 07:06:34.032,1970-01-21 07:07:20.388,Hè,,,
Đà Nẵng,Duyên hải Nam Trung Bộ,2025-07-28,29.0,34.14,24.94,34.06,39.3,29.6,0.08,0.08,0.0,0.6,74.2,15.940000000000001,36.3,22.068,1001.8,94.8,23.66,0.0,5.0840000000000005,15.796899999999999,108.1106,10.874,12.86,7,31,3,233,1970-01-21 07:08:00.456,1970-01-21 07:08:46.776,Hè,,,
Đà Nẵng,Duyên hải Nam Trung Bộ,2025-07-29,30.28,35.2,26.360000000000003,35.14,40.22,31.24,1.7399999999999998,1.7399999999999998,0.0,2.6,69.8,16.759999999999998,40.88,22.674,1001.0200000000001,99.8,23.82,0.0,5.622,15.796899999999999,108.1106,11.388,12.85,7,31,51,233,1970-01-21 07:09:26.880,1970-01-21 07:10:13.140,Hè,,,
Đà Nẵng,Duyên hải Nam Trung Bộ,2025-07-30,29.26,33.0,26.7,33.68,37.38,31.479999999999997,2.2800000000000002,2.2800000000000002,0.0,7.2,72.4,17.32,40.08,14.356,1001.36,99.6,23.619999999999997,0.0,3.9240000000000004,15.796899999999999,108.1106,4.9399999999999995,12.84,7,31,53,218,1970-01-21 07:10:53.280,1970-01-21 07:11:39.528,Hè,,,
Đà Nẵng,Duyên hải Nam Trung Bộ,2025-07-31,31.04,35.38,27.439999999999998,35.339999999999996,40.160000000000004,31.740000000000002,0.38,0.38,0.0,1.0,63.8,18.919999999999998,43.260000000000005,24.176,1001.6,85.0,23.22,0.0,6.29,15.796899999999999,108.1106,11.664,12.830000000000002,7,31,3,225,1970-01-21 07:12:19.716,1970-01-21 07:13:05.916,Hè,,,
Đà Nẵng,Duyên hải Nam Trung Bộ,2025-08-01,31.74,36.7,27.68,36.32,41.82,31.8,0.1,0.1,0.0,0.2,62.4,17.78,40.4,25.516,1001.74,95.0,23.36,0.0,6.566,15.796899999999999,108.1106,12.038,12.819999999999999,8,31,3,225,1970-01-21 07:13:46.128,1970-01-21 07:14:32.280,Hè,,,
Đà Nẵng,Duyên hải Nam Trung Bộ,2025-08-02,31.54,37.260000000000005,26.82,36.46,43.04,31.22,0.36,0.36,0.0,1.8,64.0,15.180000000000001,37.5,25.112000000000002,1003.82,85.8,23.52,0.0,6.2379999999999995,15.796899999999999,108.1106,12.054,12.809999999999999,8,31,51,224,1970-01-21 07:15:12.540,1970-01-21 07:15:58.656,Hè,,,
Đà Nẵng,Duyên hải Nam Trung Bộ,2025-08-03,31.459999999999997,36.2,27.419999999999998,35.58,39.86,31.96,0.04,0.04,0.0,0.4,62.8,18.259999999999998,41.260000000000005,20.701999999999998,1005.0200000000001,99.8,23.020000000000003,0.0,5.77,15.796899999999999,108.1106,11.581999999999999,12.8,8,31,3,220,1970-01-21 07:16:38.940,1970-01-21 07:17:25.020,Hè,,,
Đà Nẵng,Duyên hải Nam Trung Bộ,2025-08-04,32.22,38.42,27.419999999999998,36.46,42.68,31.48,0.12,0.12,0.0,1.0,59.2,17.580000000000002,40.239999999999995,25.504,1004.76,94.0,22.660000000000004,0.0,6.744,15.796899999999999,108.1106,12.044,12.79,8,32,51,212,1970-01-21 07:18:05.376,1970-01-21 07:18:51.420,Hè,,,
Đà Nẵng,Duyên hải Nam Trung Bộ,2025-08-05,31.939999999999998,38.519999999999996,26.860000000000003,36.7,43.019999999999996,31.119999999999997,0.2,0.2,0.0,1.0,61.6,15.3,35.92,25.014,1004.9399999999999,87.6,22.98,0.0,6.336,15.796899999999999,108.1106,12.0,12.78,8,32,3,194,1970-01-21 07:19:31.788,1970-01-21 07:20:17.772,Hè,,,
Đà Nẵng,Duyên hải Nam Trung Bộ,2025-08-06,31.26,37.5,26.98,36.519999999999996,43.6,31.5,0.9199999999999999,0.9199999999999999,0.0,2.6,66.6,12.88,32.04,23.162,1006.1200000000001,100.0,23.7,0.0,5.606,15.796899999999999,108.1106,11.742,12.77,8,32,51,166,1970-01-21 07:20:58.200,1970-01-21 07:21:44.160,Hè,,,
Đà Nẵng,Duyên hải Nam Trung Bộ,2025-08-07,29.839999999999996,37.14,25.919999999999998,35.68,43.44,31.2,2.38,2.38,0.0,3.4,74.2,10.68,28.52,23.052,1008.0,72.4,24.16,0.0,5.186,15.796899999999999,108.1106,11.764,12.751999999999999,8,32,53,238,1970-01-21 07:22:24.600,1970-01-21 07:23:10.536,Hè,,,
Đà Nẵng,Duyên hải Nam Trung Bộ,2025-08-08,29.119999999999997,35.739999999999995,24.54,34.519999999999996,41.660000000000004,29.4,1.3,1.3,0.0,2.0,74.0,12.3,31.32,24.832,1008.8,39.2,23.32,0.0,5.476,15.796899999999999,108.1106,12.048,12.74,8,32,61,172,1970-01-21 07:23:51.036,1970-01-21 07:24:36.900,Hè,,,
Đà Nẵng,Duyên hải Nam Trung Bộ,2025-08-09,29.32,36.2,26.139999999999997,34.94,42.480000000000004,31.18,3.16,3.16,0.0,3.0,75.2,13.719999999999999,32.739999999999995,20.806,1007.8799999999999,80.6,23.98,0.0,4.6579999999999995,15.796899999999999,108.1106,11.14,12.73,8,32,63,206,1970-01-21 07:25:17.436,1970-01-21 07:26:03.276,Hè,,,
Đà Nẵng,Duyên hải Nam Trung Bộ,2025-08-10,28.839999999999996,35.38,25.639999999999997,34.519999999999996,41.92,30.96,11.080000000000002,11.080000000000002,0.0,7.2,78.2,12.7,32.9,22.778,1006.5600000000001,51.8,24.2,0.0,5.029999999999999,15.796899999999999,108.1106,11.940000000000001,12.72,8,32,61,255,1970-01-21 07:26:43.860,1970-01-21 07:27:29.640,Hè,,,
Đà Nẵng,Duyên hải Nam Trung Bộ,2025-08-11,28.74,34.94,24.66,34.5,41.8,30.080000000000002,2.94,2.94,0.0,4.6,78.2,9.620000000000001,24.759999999999998,22.904000000000003,1005.7,65.6,23.98,0.0,5.01,15.796899999999999,108.1106,11.884,12.708000000000002,8,33,51,201,1970-01-21 07:28:10.260,1970-01-21 07:28:56.016,Hè,,,
Đà Nẵng,Duyên hải Nam Trung Bộ,2025-08-12,28.580000000000002,35.42,24.8,34.6,42.4,30.160000000000004,6.640000000000001,6.640000000000001,0.0,7.2,80.4,11.42,31.24,23.648000000000003,1006.26,69.0,24.34,0.0,5.106,15.796899999999999,108.1106,12.0,12.691999999999998,8,33,63,227,1970-01-21 07:29:36.672,1970-01-21 07:30:22.380,Hè,,,
Đà Nẵng,Duyên hải Nam Trung Bộ,2025-08-13,28.339999999999996,35.1,24.619999999999997,34.160000000000004,41.92,29.82,8.8,8.8,0.0,8.0,81.8,11.4,28.160000000000004,23.104,1007.1,79.8,24.44,0.0,5.044,15.796899999999999,108.1106,11.378,12.68,8,33,63,255,1970-01-21 07:31:03.096,1970-01-21 07:31:48.732,Hè,,,
Đà Nẵng,Duyên hải Nam Trung Bộ,2025-08-14,28.52,35.160000000000004,24.46,34.12,41.3,29.54,3.56,3.56,0.0,3.0,78.8,10.54,27.5,24.068,1005.6,96.6,23.839999999999996,0.0,5.264,15.796899999999999,108.1106,12.0,12.67,8,33,53,252,1970-01-21 07:32:29.496,1970-01-21 07:33:15.120,Hè,,,
Đà Nẵng,Duyên hải Nam Trung Bộ,2025-08-15,28.080000000000002,34.42,24.28,33.62,40.42,29.419999999999998,3.94,3.94,0.0,6.0,79.6,13.419999999999998,35.06,22.512,1004.9,99.8,23.7,0.0,4.862,15.796899999999999,108.1106,11.83,12.658,8,33,61,11,1970-01-21 07:33:55.920,1970-01-21 07:34:41.460,Hè,,,
Đà Nẵng,Duyên hải Nam Trung Bộ,2025-08-16,26.919999999999998,32.06,23.86,32.4,37.86,29.24,21.2,21.2,0.0,11.2,85.4,12.18,32.160000000000004,19.372,1005.22,93.0,23.98,0.0,4.09,15.796899999999999,108.1106,10.516,12.642,8,33,63,6,1970-01-21 07:35:22.320,1970-01-21 07:36:07.836,Hè,,,
Đà Nẵng,Duyên hải Nam Trung Bộ,2025-08-17,26.3,30.080000000000002,24.46,32.14,36.260000000000005,29.6,50.08,50.08,0.0,18.0,91.2,9.42,29.82,11.854,1005.18,100.0,24.66,0.0,2.5140000000000002,15.796899999999999,108.1106,3.468,12.63,8,33,65,246,1970-01-21 07:36:48.720,1970-01-21 07:37:34.200,Hè,,,
Đà Nẵng,Duyên hải Nam Trung Bộ,2025-08-18,27.080000000000002,31.32,24.2,32.96,38.019999999999996,29.24,6.319999999999999,6.319999999999999,0.0,6.8,86.6,9.8,30.1,18.286,1006.72,100.0,24.46,0.0,3.8259999999999996,15.796899999999999,108.1106,10.27,12.62,8,34,61,171,1970-01-21 07:38:15.144,1970-01-21 07:39:00.576,Hè,,,
Đà Nẵng,Duyên hải Nam Trung Bộ,2025-08-19,28.080000000000002,33.7,24.22,34.34,41.46,29.380000000000003,0.9800000000000001,0.9800000000000001,0.0,2.6,82.8,10.68,27.419999999999998,23.344,1008.28,81.0,24.6,0.0,4.96,15.796899999999999,108.1106,11.424000000000001,12.608,8,34,53,145,1970-01-21 07:39:41.556,1970-01-21 07:40:26.940,Hè,,,
Đà Nẵng,Duyên hải Nam Trung Bộ,2025-08-20,28.04,33.04,24.94,34.7,41.28,30.72,3.22,3.22,0.0,5.4,85.4,9.5,26.0,23.472,1008.8,98.2,25.119999999999997,0.0,4.9159999999999995,15.796899999999999,108.1106,11.9,12.592,8,34,53,149,1970-01-21 07:41:07.968,1970-01-21 07:41:53.280,Hè,,,
Đà Nẵng,Duyên hải Nam Trung Bộ,2025-08-21,27.580000000000002,32.6,24.0,33.160000000000004,39.1,29.380000000000003,1.56,1.56,0.0,2.6,82.0,13.4,31.18,22.804000000000002,1009.72,99.8,24.0,0.0,4.868,15.796899999999999,108.1106,10.84,12.58,8,34,51,79,1970-01-21 07:42:34.380,1970-01-21 07:43:19.656,Hè,,,
Đà Nẵng,Duyên hải Nam Trung Bộ,2025-08-22,27.3,32.08,23.919999999999998,33.279999999999994,39.44,29.28,4.279999999999999,4.279999999999999,0.0,7.4,83.8,10.24,26.04,22.706,1008.78,82.8,24.080000000000002,0.0,4.696,15.796899999999999,108.1106,11.926,12.568000000000001,8,34,61,313,1970-01-21 07:44:00.780,1970-01-21 07:44:46.020,Hè,,,
Đà Nẵng,Duyên hải Nam Trung Bộ,2025-08-23,27.46,32.82000000000001,24.44,33.4,40.1,29.860000000000003,5.18,5.18,0.0,6.8,85.0,10.219999999999999,28.3,20.548,1007.4799999999999,87.8,24.419999999999998,0.0,4.312,15.796899999999999,108.1106,9.379999999999999,12.552000000000001,8,34,63,262,1970-01-21 07:45:27.180,1970-01-21 07:46:12.360,Hè,,,
Đà Nẵng,Duyên hải Nam Trung Bộ,2025-08-24,26.839999999999996,30.380000000000003,24.46,31.860000000000003,34.980000000000004,28.860000000000003,5.18,5.18,0.0,9.2,84.6,12.5,34.339999999999996,10.14,1003.3799999999999,100.0,23.96,0.0,2.4579999999999997,15.796899999999999,108.1106,0.898,12.538,8,34,61,257,1970-01-21 07:46:53.580,1970-01-21 07:47:38.736,Hè,,,
Đà Nẵng,Duyên hải Nam Trung Bộ,2025-08-25,26.880000000000003,31.119999999999997,24.46,32.58,36.4,29.32,8.459999999999999,8.459999999999999,0.0,9.4,87.8,11.040000000000001,26.2,10.64,1002.3799999999999,100.0,24.6,0.0,2.398,15.796899999999999,108.1106,3.8620000000000005,12.522,8,35,63,120,1970-01-21 07:48:20.016,1970-01-21 07:49:05.100,Hè,,,
Đà Nẵng,Duyên hải Nam Trung Bộ,2025-08-26,28.22,34.06,24.919999999999998,34.28,40.72,30.380000000000003,45.68,45.68,0.0,7.2,82.6,10.84,28.439999999999998,21.9,1006.3399999999999,98.4,24.56,0.0,4.76,15.796899999999999,108.1106,10.123999999999999,12.512,8,35,65,192,1970-01-21 07:49:46.416,1970-01-21 07:50:31.440,Hè,,,
Đà Nẵng,Duyên hải Nam Trung Bộ,2025-08-27,26.28,30.46,24.56,32.08,36.54,29.939999999999998,39.28,39.28,0.0,16.4,90.8,8.0,23.1,13.16,1008.0800000000002,99.2,24.54,0.0,2.776,15.796899999999999,108.1106,4.54,12.498000000000001,8,35,65,253,1970-01-21 07:51:12.816,1970-01-21 07:51:57.816,Hè,,,
Đà Nẵng,Duyên hải Nam Trung Bộ,2025-08-28,26.6,31.619999999999997,23.56,32.28,38.68,28.619999999999997,6.58,6.58,0.0,7.8,87.0,9.76,25.7,21.842000000000002,1006.74,86.8,24.06,0.0,4.4879999999999995,15.796899999999999,108.1106,11.242,12.482000000000001,8,35,53,259,1970-01-21 07:52:39.240,1970-01-21 07:53:24.180,Hè,,,
Đà Nẵng,Duyên hải Nam Trung Bộ,2025-08-29,25.839999999999996,28.880000000000003,23.240000000000002,31.22,33.760000000000005,27.939999999999998,9.64,9.64,0.0,13.8,90.2,10.5,27.939999999999998,9.488,1005.5,99.8,24.06,0.0,2.06,15.796899999999999,108.1106,0.97,12.468,8,35,61,263,1970-01-21 07:54:05.640,1970-01-21 07:54:50.520,Hè,,,
Đà Nẵng,Duyên hải Nam Trung Bộ,2025-08-30,26.52,30.860000000000003,24.3,32.56,37.92,29.419999999999998,24.619999999999997,24.619999999999997,0.0,14.6,90.4,10.16,26.8,16.574,1003.78,97.2,24.7,0.0,3.382,15.796899999999999,108.1106,8.07,12.458000000000002,8,35,63,163,1970-01-21 07:55:32.040,1970-01-21 07:56:16.860,Hè,,,
Đà Nẵng,Duyên hải Nam Trung Bộ,2025-08-31,26.7,30.939999999999998,24.119999999999997,32.519999999999996,37.9,29.48,5.4799999999999995,5.4799999999999995,0.0,11.2,87.6,10.72,25.3,18.508,1006.4,78.6,24.34,0.0,3.7920000000000003,15.796899999999999,108.1106,10.416,12.441999999999998,8,35,61,356,1970-01-21 07:56:58.440,1970-01-21 07:57:43.236,Hè,,,
Đà Nẵng,Duyên hải Nam Trung Bộ,2025-09-01,26.28,31.160000000000004,23.94,32.2,38.42,29.3,20.32,20.32,0.0,14.4,89.8,12.059999999999999,29.96,19.404000000000003,1006.32,87.2,24.38,0.0,3.886,15.796899999999999,108.1106,10.474,12.428,9,36,63,17,1970-01-21 07:58:24.840,1970-01-21 07:59:09.600,Thu,,,
Đà Nẵng,Duyên hải Nam Trung Bộ,2025-09-02,26.46,31.360000000000003,23.72,32.28,38.46,28.919999999999998,11.16,11.16,0.0,7.8,88.6,12.66,29.54,19.46,1006.9,85.8,24.26,0.0,3.9480000000000004,15.796899999999999,108.1106,10.016,12.412,9,36,65,11,1970-01-21 07:59:51.240,1970-01-21 08:00:35.940,Thu,,,
Đà Nẵng,Duyên hải Nam Trung Bộ,2025-09-03,27.04,31.82,23.52,33.06,38.54,28.78,3.54,3.54,0.0,9.0,86.8,13.12,31.179999999999996,23.284,1007.32,73.4,24.439999999999998,0.0,4.742,15.796899999999999,108.1106,11.844,12.398,9,36,61,70,1970-01-21 08:01:17.676,1970-01-21 08:02:02.292,Thu,,,
Đà Nẵng,Duyên hải Nam Trung Bộ,2025-09-04,27.22,31.98,24.259999999999998,33.42,38.980000000000004,29.919999999999998,3.6799999999999997,3.6799999999999997,0.0,8.2,86.6,11.92,29.1,22.586000000000002,1007.32,82.2,24.6,0.0,4.64,15.796899999999999,108.1106,11.558,12.382000000000001,9,36,51,42,1970-01-21 08:02:44.076,1970-01-21 08:03:28.668,Thu,,,
Đà Nẵng,Duyên hải Nam Trung Bộ,2025-09-05,26.939999999999998,32.36,24.080000000000002,33.06,40.12,29.52,6.58,6.58,0.0,5.6,87.8,9.6,24.9,19.31,1007.3799999999999,86.6,24.52,0.0,4.022,15.796899999999999,108.1106,9.824,12.37,9,36,63,265,1970-01-21 08:04:10.476,1970-01-21 08:04:55.020,Thu,,,
Đà Nẵng,Duyên hải Nam Trung Bộ,2025-09-06,26.560000000000002,31.78,24.52,32.58,39.12,29.9,14.98,14.98,0.0,10.6,90.2,10.08,26.860000000000003,17.368000000000002,1007.64,100.0,24.66,0.0,3.566,15.796899999999999,108.1106,7.7780000000000005,12.358,9,36,65,252,1970-01-21 08:05:36.900,1970-01-21 08:06:21.360,Thu,,,
Đà Nẵng,Duyên hải Nam Trung Bộ,2025-09-07,26.880000000000003,32.739999999999995,24.14,33.019999999999996,39.96,29.6,13.36,13.36,0.0,9.8,88.2,8.379999999999999,23.56,19.766,1006.76,100.0,24.56,0.0,4.112,15.796899999999999,108.1106,9.956,12.342,9,36,63,192,1970-01-21 08:07:03.300,1970-01-21 08:07:47.712,Thu,,,
Đà Nẵng,Duyên hải Nam Trung Bộ,2025-09-08,27.52,32.12,24.52,33.44,37.74,29.9,6.959999999999999,6.959999999999999,0.0,6.8,85.8,10.04,28.439999999999998,15.39,1007.18,100.0,24.7,0.0,3.3280000000000003,15.796899999999999,108.1106,7.68,12.328,9,37,63,178,1970-01-21 08:08:29.700,1970-01-21 08:09:14.088,Thu,,,
Đà Nẵng,Duyên hải Nam Trung Bộ,2025-09-09,28.339999999999996,32.36,25.04,34.08,37.64,30.22,0.33999999999999997,0.33999999999999997,0.0,1.2,80.2,9.42,23.020000000000003,16.108,1008.76,99.0,24.36,0.0,3.5780000000000003,15.796899999999999,108.1106,8.175999999999998,12.312000000000001,9,37,51,177,1970-01-21 08:09:56.100,1970-01-21 08:10:40.440,Thu,,,
Đà Nẵng,Duyên hải Nam Trung Bộ,2025-09-10,27.5,32.82,24.580000000000002,33.7,40.58,29.76,5.0600000000000005,5.0600000000000005,0.0,5.6,85.8,8.0,22.259999999999998,21.041999999999998,1009.9,95.8,24.660000000000004,0.0,4.37,15.796899999999999,108.1106,11.546000000000001,12.3,9,37,63,268,1970-01-21 08:11:22.500,1970-01-21 08:12:06.780,Thu,,,
Đà Nẵng,Duyên hải Nam Trung Bộ,2025-09-11,27.060000000000002,32.519999999999996,23.5,33.019999999999996,40.14,28.22,6.26,6.26,0.0,6.4,85.8,10.84,26.72,22.894,1009.8799999999999,57.8,24.240000000000002,0.0,4.7299999999999995,15.796899999999999,108.1106,11.134,12.282,9,37,63,16,1970-01-21 08:12:48.900,1970-01-21 08:13:33.120,Thu,,,
Đà Nẵng,Duyên hải Nam Trung Bộ,2025-09-12,27.18,31.880000000000003,23.419999999999998,32.760000000000005,38.32,28.54,0.9,0.9,0.0,5.6,82.6,13.12,31.04,23.736,1010.0200000000001,49.2,23.7,0.0,4.924,15.796899999999999,108.1106,11.804,12.27,9,37,51,82,1970-01-21 08:14:15.300,1970-01-21 08:14:59.484,Thu,,,
Đà Nẵng,Duyên hải Nam Trung Bộ,2025-09-13,26.72,31.98,23.18,32.480000000000004,39.160000000000004,28.119999999999997,4.16,4.16,0.0,4.4,85.8,9.32,27.439999999999998,20.152,1010.28,91.0,23.92,0.0,4.17,15.796899999999999,108.1106,9.564,12.258,9,37,61,55,1970-01-21 08:15:41.700,1970-01-21 08:16:25.848,Thu,,,
Đà Nẵng,Duyên hải Nam Trung Bộ,2025-09-14,26.8,31.72,23.96,32.519999999999996,38.38,29.18,20.52,20.52,0.0,11.0,86.2,9.84,23.2,17.774,1010.64,99.8,24.04,0.0,3.79,15.796899999999999,108.1106,8.568000000000001,12.24,9,37,63,12,1970-01-21 08:17:08.124,1970-01-21 08:17:52.200,Thu,,,
Đà Nẵng,Duyên hải Nam Trung Bộ,2025-09-15,26.560000000000002,32.160000000000004,23.8,32.54,39.480000000000004,29.1,13.719999999999999,13.719999999999999,0.0,14.8,88.2,11.3,27.580000000000002,21.442,1010.6600000000001,72.0,24.240000000000002,0.0,4.396,15.796899999999999,108.1106,9.35,12.228,9,38,61,93,1970-01-21 08:18:34.536,1970-01-21 08:19:18.540,Thu,,,
Đà Nẵng,Duyên hải Nam Trung Bộ,2025-09-16,26.639999999999997,32.04,23.06,32.019999999999996,37.760000000000005,27.96,8.040000000000001,8.040000000000001,0.0,8.8,85.8,14.059999999999999,32.76,20.622,1009.68,91.4,23.740000000000002,0.0,4.288,15.796899999999999,108.1106,10.998000000000001,12.21,9,38,63,11,1970-01-21 08:20:00.936,1970-01-21 08:20:44.880,Thu,,,
Đà Nẵng,Duyên hải Nam Trung Bộ,2025-09-17,25.82,28.5,24.44,31.48,34.120000000000005,29.919999999999998,11.680000000000001,11.680000000000001,0.0,18.2,90.6,9.92,25.36,13.324000000000002,1008.3399999999999,98.6,24.06,0.0,2.6759999999999997,15.796899999999999,108.1106,6.0280000000000005,12.2,9,38,63,25,1970-01-21 08:21:27.348,1970-01-21 08:22:11.244,Thu,,,
Đà Nẵng,Duyên hải Nam Trung Bộ,2025-09-18,25.82,29.32,24.080000000000002,31.4,35.0,29.339999999999996,39.720000000000006,39.720000000000006,0.0,20.8,91.6,9.940000000000001,26.28,14.534,1007.5600000000001,100.0,24.240000000000002,0.0,2.948,15.796899999999999,108.1106,6.766,12.18,9,38,65,46,1970-01-21 08:22:53.760,1970-01-21 08:23:37.608,Thu,,,
Đà Nẵng,Duyên hải Nam Trung Bộ,2025-09-19,26.5,31.339999999999996,23.68,32.7,39.04,29.02,10.48,10.48,0.0,13.2,89.8,8.64,23.259999999999998,19.394,1008.1200000000001,95.2,24.54,0.0,3.936,15.796899999999999,108.1106,10.61,12.17,9,38,63,267,1970-01-21 08:24:20.160,1970-01-21 08:25:03.960,Thu,,,
Đà Nẵng,Duyên hải Nam Trung Bộ,2025-09-20,26.7,32.04,24.3,33.1,40.3,29.639999999999997,21.0,21.0,0.0,13.2,90.8,9.059999999999999,24.759999999999998,19.238,1007.72,77.2,24.919999999999998,0.0,3.886,15.796899999999999,108.1106,10.028,12.15,9,38,65,201,1970-01-21 08:25:46.560,1970-01-21 08:26:30.300,Thu,,,
Đà Nẵng,Duyên hải Nam Trung Bộ,2025-09-21,26.74,31.8,24.06,32.92,39.58,29.2,14.2,14.2,0.0,7.0,89.4,9.28,28.080000000000002,19.456,1006.76,99.0,24.72,0.0,3.9619999999999997,15.796899999999999,108.1106,10.452000000000002,12.14,9,38,65,230,1970-01-21 08:27:12.960,1970-01-21 08:27:56.640,Thu,,,
Đà Nẵng,Duyên hải Nam Trung Bộ,2025-09-22,26.48,31.160000000000004,23.84,32.480000000000004,38.7,28.939999999999998,15.02,15.02,0.0,11.2,90.0,9.16,27.72,17.904,1006.8399999999999,89.8,24.52,0.0,3.654,15.796899999999999,108.1106,9.64,12.12,9,39,63,179,1970-01-21 08:28:39.360,1970-01-21 08:29:23.004,Thu,,,
Đà Nẵng,Duyên hải Nam Trung Bộ,2025-09-23,26.98,31.639999999999997,23.68,33.12,38.72,28.82,7.68,7.68,0.0,7.6,88.6,9.559999999999999,28.139999999999997,18.256,1005.1,98.6,24.78,0.0,3.752,15.796899999999999,108.1106,10.062000000000001,12.11,9,39,63,272,1970-01-21 08:30:05.760,1970-01-21 08:30:49.368,Thu,,,
Đà Nẵng,Duyên hải Nam Trung Bộ,2025-09-24,27.5,32.160000000000004,24.78,33.28,38.28,29.639999999999997,4.58,4.58,0.0,5.6,85.0,10.940000000000001,31.96,16.669999999999998,1002.6600000000001,98.6,24.580000000000002,0.0,3.554,15.796899999999999,108.1106,9.396,12.09,9,39,63,253,1970-01-21 08:31:32.160,1970-01-21 08:32:15.720,Thu,,,
Đà Nẵng,Duyên hải Nam Trung Bộ,2025-09-25,27.119999999999997,30.82,24.78,33.28,37.2,30.2,14.88,14.88,0.0,10.4,88.8,9.48,23.919999999999998,13.008000000000001,1004.28,100.0,24.96,0.0,2.754,15.796899999999999,108.1106,5.568,12.08,9,39,63,227,1970-01-21 08:32:58.560,1970-01-21 08:33:42.060,Thu,,,
Đà Nẵng,Duyên hải Nam Trung Bộ,2025-09-26,26.18,29.78,24.06,31.9,36.12,29.2,23.72,23.72,0.0,18.2,90.8,8.48,22.04,15.172,1008.5600000000001,100.0,24.44,0.0,3.07,15.796899999999999,108.1106,8.719999999999999,12.068000000000001,9,39,63,21,1970-01-21 08:34:24.984,1970-01-21 08:35:08.412,Thu,,,
Đà Nẵng,Duyên hải Nam Trung Bộ,2025-09-27,24.72,27.1,23.52,29.860000000000003,32.8,28.24,51.12,51.12,0.0,23.8,95.8,14.059999999999999,32.4,7.632,1007.86,100.0,23.96,0.0,1.552,15.796899999999999,108.1106,0.41,12.05,9,39,63,297,1970-01-21 08:35:51.408,1970-01-21 08:36:34.788,Thu,,,
Đà Nẵng,Duyên hải Nam Trung Bộ,2025-09-28,24.54,25.48,23.68,28.860000000000003,30.72,27.0,73.3,73.3,0.0,24.0,94.4,23.0,52.279999999999994,2.6239999999999997,999.5200000000001,100.0,23.580000000000002,0.0,0.762,15.796899999999999,108.1106,0.0,12.04,9,39,65,230,1970-01-21 08:37:17.808,1970-01-21 08:38:01.140,Thu,,,
Đà Nẵng,Duyên hải Nam Trung Bộ,2025-09-29,27.080000000000002,31.419999999999998,24.02,32.96,37.720000000000006,29.18,8.14,8.14,0.0,10.8,86.6,10.3,25.12,16.468,1005.8799999999999,100.0,24.48,0.0,3.5119999999999996,15.796899999999999,108.1106,8.234,12.02,9,40,61,60,1970-01-21 08:38:44.220,1970-01-21 08:39:27.480,Thu,,,
Đà Nẵng,Duyên hải Nam Trung Bộ,2025-09-30,26.939999999999998,31.8,24.419999999999998,33.22,38.779999999999994,30.1,5.9,5.9,0.0,5.6,88.6,10.98,26.360000000000003,19.272,1010.22,91.2,24.72,0.0,3.9579999999999997,15.796899999999999,108.1106,10.116,12.01,9,40,63,54,1970-01-21 08:40:10.620,1970-01-21 08:40:53.820,Thu,,,
Đà Nẵng,Duyên hải Nam Trung Bộ,2025-10-01,26.72,31.880000000000003,23.04,32.339999999999996,38.879999999999995,27.98,1.16,1.16,0.0,5.2,85.6,13.8,30.74,21.658,1011.24,68.8,23.84,0.0,4.4879999999999995,15.796899999999999,108.1106,11.053999999999998,11.99,10,40,51,79,1970-01-21 08:41:37.020,1970-01-21 08:42:20.196,Thu,,,
Đà Nẵng,Duyên hải Nam Trung Bộ,2025-10-02,26.880000000000003,31.559999999999995,23.46,32.32,38.28,28.74,0.44000000000000006,0.44000000000000006,0.0,3.2,82.2,12.08,27.139999999999997,22.454,1011.6600000000001,35.6,23.240000000000002,0.0,4.642,15.796899999999999,108.1106,11.128,11.98,10,40,51,12,1970-01-21 08:43:03.420,1970-01-21 08:43:46.560,Thu,,,
Đà Nẵng,Duyên hải Nam Trung Bộ,2025-10-03,27.139999999999997,31.5,23.7,32.839999999999996,38.5,28.76,1.98,1.98,0.0,6.2,83.2,11.1,25.56,21.756,1011.4200000000001,41.2,23.82,0.0,4.498,15.796899999999999,108.1106,11.056000000000001,11.96,10,40,53,60,1970-01-21 08:44:29.820,1970-01-21 08:45:12.900,Thu,,,
Đà Nẵng,Duyên hải Nam Trung Bộ,2025-10-04,26.46,31.580000000000002,23.72,32.18,39.260000000000005,28.580000000000002,5.4399999999999995,5.4399999999999995,0.0,6.4,87.6,9.86,28.360000000000003,20.188,1010.9799999999999,95.2,24.04,0.0,4.114,15.796899999999999,108.1106,10.51,11.95,10,40,63,244,1970-01-21 08:45:56.220,1970-01-21 08:46:39.240,Thu,,,
Đà Nẵng,Duyên hải Nam Trung Bộ,2025-10-05,27.560000000000002,34.14,23.119999999999997,32.28,40.12,27.02,1.52,1.52,0.0,0.6,78.8,13.7,31.3,17.68,1008.18,95.6,23.119999999999997,0.0,3.9880000000000004,15.796899999999999,108.1106,9.73,11.931999999999999,10,40,3,243,1970-01-21 08:47:22.644,1970-01-21 08:48:05.616,Thu,,,
Đà Nẵng,Duyên hải Nam Trung Bộ,2025-10-06,28.0,33.62,24.56,33.28,39.519999999999996,28.919999999999998,2.12,2.12,0.0,1.8,78.0,13.16,33.04,19.706,1008.8799999999999,100.0,23.52,0.0,4.318,15.796899999999999,108.1106,10.75,11.92,10,41,63,209,1970-01-21 08:48:49.068,1970-01-21 08:49:31.980,Thu,,,
Đà Nẵng,Duyên hải Nam Trung Bộ,2025-10-07,27.360000000000003,32.28,24.119999999999997,33.120000000000005,38.839999999999996,29.04,2.9799999999999995,2.9799999999999995,0.0,7.2,83.4,10.959999999999999,26.560000000000002,21.806,1011.46,80.4,24.04,0.0,4.558,15.796899999999999,108.1106,11.0,11.902000000000001,10,41,53,35,1970-01-21 08:50:15.480,1970-01-21 08:50:58.320,Thu,,,
Đà Nẵng,Duyên hải Nam Trung Bộ,2025-10-08,26.5,30.639999999999997,23.72,31.8,36.739999999999995,28.7,1.8199999999999998,1.8199999999999998,0.0,9.2,84.0,13.680000000000001,31.18,20.996000000000002,1012.0,87.0,23.380000000000003,0.0,4.2700000000000005,15.796899999999999,108.1106,10.394,11.89,10,41,51,44,1970-01-21 08:51:41.880,1970-01-21 08:52:24.660,Thu,,,
Đà Nẵng,Duyên hải Nam Trung Bộ,2025-10-09,25.1,28.439999999999998,23.4,30.22,33.72,27.98,20.380000000000003,20.380000000000003,0.0,19.2,91.0,10.92,27.5,13.126,1011.6600000000001,93.8,23.44,0.0,2.584,15.796899999999999,108.1106,7.13,11.878,10,41,63,35,1970-01-21 08:53:08.280,1970-01-21 08:53:51.036,Thu,,,
Đà Nẵng,Duyên hải Nam Trung Bộ,2025-10-10,24.919999999999998,30.02,22.94,30.080000000000002,36.3,27.28,39.3,39.3,0.0,21.6,91.8,11.5,29.5,15.319999999999999,1010.9799999999999,93.6,23.4,0.0,3.072,15.796899999999999,108.1106,5.715999999999999,11.86,10,41,65,32,1970-01-21 08:54:34.680,1970-01-21 08:55:17.400,Thu,,,
Đà Nẵng,Duyên hải Nam Trung Bộ,2025-10-11,25.98,30.339999999999996,23.1,31.52,36.559999999999995,27.880000000000003,6.94,6.94,0.0,13.2,89.0,10.22,25.419999999999998,19.206,1010.0200000000001,85.4,23.860000000000003,0.0,3.836,15.796899999999999,108.1106,10.934000000000001,11.847999999999999,10,41,61,29,1970-01-21 08:56:01.080,1970-01-21 08:56:43.740,Thu,,,
Đà Nẵng,Duyên hải Nam Trung Bộ,2025-10-12,25.74,30.18,23.68,31.4,37.08,28.8,12.919999999999998,12.919999999999998,0.0,12.4,91.0,10.540000000000001,26.139999999999997,16.318,1010.0600000000001,98.0,24.06,0.0,3.274,15.796899999999999,108.1106,9.2,11.831999999999999,10,41,63,13,1970-01-21 08:57:27.516,1970-01-21 08:58:10.116,Thu,,,
Đà Nẵng,Duyên hải Nam Trung Bộ,2025-10-13,25.76,30.32,23.6,31.580000000000002,37.12,28.7,20.240000000000002,20.240000000000002,0.0,15.8,90.8,8.879999999999999,25.14,16.994,1010.28,94.4,24.04,0.0,3.404,15.796899999999999,108.1106,9.846,11.818000000000001,10,42,65,88,1970-01-21 08:58:53.940,1970-01-21 08:59:36.480,Thu,,,
Đà Nẵng,Duyên hải Nam Trung Bộ,2025-10-14,25.880000000000003,30.639999999999997,23.56,31.560000000000002,37.160000000000004,28.76,11.72,11.72,0.0,10.6,89.8,10.940000000000001,28.880000000000003,18.222,1010.5600000000001,88.6,23.94,0.0,3.6380000000000003,15.796899999999999,108.1106,9.648,11.802000000000001,10,42,63,63,1970-01-21 09:00:20.340,1970-01-21 09:01:02.820,Thu,,,
Đà Nẵng,Duyên hải Nam Trung Bộ,2025-10-15,26.0,30.339999999999996,23.16,31.580000000000002,36.56,28.18,5.0,5.0,0.0,13.0,89.2,10.58,28.8,18.368000000000002,1010.96,70.2,23.94,0.0,3.692,15.796899999999999,108.1106,10.724,11.79,10,42,51,24,1970-01-21 09:01:46.740,1970-01-21 09:02:29.196,Thu,,,
Đà Nẵng,Duyên hải Nam Trung Bộ,2025-10-16,25.080000000000002,27.919999999999998,23.46,30.360000000000003,33.22,28.28,11.22,11.22,0.0,17.0,92.0,8.6,25.419999999999998,9.296,1011.8799999999999,99.2,23.64,0.0,1.904,15.796899999999999,108.1106,2.2700000000000005,11.778,10,42,63,43,1970-01-21 09:03:13.140,1970-01-21 09:03:55.560,Thu,,,
Đà Nẵng,Duyên hải Nam Trung Bộ,2025-10-17,24.98,28.060000000000002,23.259999999999998,30.339999999999996,33.58,28.18,18.64,18.64,0.0,22.8,93.8,9.36,27.5,10.492,1012.0799999999999,98.8,23.86,0.0,2.1060000000000003,15.796899999999999,108.1106,4.452,11.762,10,42,63,37,1970-01-21 09:04:39.576,1970-01-21 09:05:21.900,Thu,,,
Đà Nẵng,Duyên hải Nam Trung Bộ,2025-10-18,23.98,25.580000000000002,22.96,29.04,31.160000000000004,27.380000000000003,26.28,26.28,0.0,18.6,95.2,7.24,19.740000000000002,6.388,1011.4799999999999,100.0,23.18,0.0,1.3,15.796899999999999,108.1106,0.466,11.748000000000001,10,42,65,3,1970-01-21 09:06:06.000,1970-01-21 09:06:48.288,Thu,,,
Đà Nẵng,Duyên hải Nam Trung Bộ,2025-10-19,24.580000000000002,28.26,22.66,29.3,32.36,26.880000000000003,44.12,44.12,0.0,23.0,91.4,13.559999999999999,34.72,11.634,1010.6600000000001,99.0,23.04,0.0,2.37,15.796899999999999,108.1106,4.192,11.732000000000001,10,42,63,35,1970-01-21 09:07:32.400,1970-01-21 09:08:14.640,Thu,,,
Đà Nẵng,Duyên hải Nam Trung Bộ,2025-10-20,25.4,29.18,22.86,30.18,34.08,26.919999999999998,27.68,27.68,0.0,17.4,88.6,12.3,33.1,14.081999999999999,1009.68,90.2,23.22,0.0,2.914,15.796899999999999,108.1106,7.9239999999999995,11.72,10,43,65,19,1970-01-21 09:08:58.800,1970-01-21 09:09:41.016,Thu,,,
Đà Nẵng,Duyên hải Nam Trung Bộ,2025-10-21,25.580000000000002,29.119999999999997,23.64,29.740000000000002,32.839999999999996,27.82,8.26,8.26,0.0,20.2,86.8,19.4,46.8,16.044,1009.9799999999999,94.2,23.080000000000002,0.0,3.272,15.796899999999999,108.1106,10.234,11.708000000000002,10,43,55,291,1970-01-21 09:10:25.236,1970-01-21 09:11:07.380,Thu,,,
Đà Nẵng,Duyên hải Nam Trung Bộ,2025-10-22,24.52,26.72,23.4,28.2,29.78,26.98,3.84,3.84,0.0,16.4,86.6,17.28,41.18,10.084,1010.86,100.0,22.04,0.0,2.17,15.796899999999999,108.1106,3.3899999999999997,11.691999999999998,10,43,53,272,1970-01-21 09:11:51.660,1970-01-21 09:12:33.732,Thu,,,
Đà Nẵng,Duyên hải Nam Trung Bộ,2025-10-23,24.1,25.82,22.98,28.060000000000002,30.160000000000004,25.56,17.020000000000003,17.020000000000003,0.0,18.2,90.0,15.319999999999999,33.36,6.1659999999999995,1011.68,99.4,22.380000000000003,0.0,1.402,15.796899999999999,108.1106,0.626,11.68,10,43,63,263,1970-01-21 09:13:18.060,1970-01-21 09:14:00.120,Thu,,,
Đà Nẵng,Duyên hải Nam Trung Bộ,2025-10-24,23.82,25.44,22.78,28.339999999999996,30.26,27.080000000000002,54.1,54.1,0.0,23.4,95.8,13.38,29.96,5.422,1013.28,98.2,23.06,0.0,1.134,15.796899999999999,108.1106,0.798,11.668000000000001,10,43,65,10,1970-01-21 09:14:44.460,1970-01-21 09:15:26.460,Thu,,,
Đà Nẵng,Duyên hải Nam Trung Bộ,2025-10-25,24.48,27.380000000000003,22.7,28.4,30.5,26.6,11.98,11.98,0.0,17.6,89.0,13.940000000000001,32.92,10.038,1012.9,100.0,22.44,0.0,2.1759999999999997,15.796899999999999,108.1106,4.412000000000001,11.652000000000001,10,43,63,16,1970-01-21 09:16:10.896,1970-01-21 09:16:52.836,Thu,,,
Đà Nẵng,Duyên hải Nam Trung Bộ,2025-10-26,23.98,24.759999999999998,23.5,28.2,29.080000000000002,27.380000000000003,59.36,59.36,0.0,24.0,96.4,15.9,36.0,4.184,1012.0,100.0,23.380000000000003,0.0,0.892,15.796899999999999,108.1106,0.036,11.638000000000002,10,43,63,4,1970-01-21 09:17:37.320,1970-01-21 09:18:19.200,Thu,,,
Đà Nẵng,Duyên hải Nam Trung Bộ,2025-10-27,24.2,25.580000000000002,23.46,28.580000000000002,30.439999999999998,27.3,84.3,84.3,0.0,24.0,97.0,16.419999999999998,37.14,3.4379999999999997,1011.7,100.0,23.7,0.0,0.782,15.796899999999999,108.1106,0.0,11.622,10,44,65,30,1970-01-21 09:19:03.720,1970-01-21 09:19:45.576,Thu,,,
Đà Nẵng,Duyên hải Nam Trung Bộ,2025-10-28,24.18,25.16,23.54,28.54,29.939999999999998,27.3,86.53999999999999,86.53999999999999,0.0,24.0,96.8,17.36,37.6,3.082,1011.6600000000001,100.0,23.619999999999997,0.0,0.714,15.796899999999999,108.1106,0.0,11.61,10,44,65,19,1970-01-21 09:20:30.156,1970-01-21 09:21:11.940,Thu,,,
Đà Nẵng,Duyên hải Nam Trung Bộ,2025-10-29,24.380000000000003,25.119999999999997,23.8,28.74,30.22,27.28,125.61999999999998,125.61999999999998,0.0,24.0,97.0,20.18,46.220000000000006,2.418,1010.8399999999999,100.0,23.84,0.0,0.632,15.796899999999999,108.1106,0.0,11.6,10,44,65,34,1970-01-21 09:21:56.580,1970-01-21 09:22:38.328,Thu,,,
Đà Nẵng,Duyên hải Nam Trung Bộ,2025-10-30,25.32,27.82,23.82,30.7,33.120000000000005,28.96,26.240000000000002,26.240000000000002,0.0,24.0,94.0,10.74,29.380000000000003,10.134,1011.72,100.0,24.240000000000002,0.0,2.0300000000000002,15.796899999999999,108.1106,2.522,11.588,10,44,63,65,1970-01-21 09:23:22.980,1970-01-21 09:24:04.680,Thu,,,
Đà Nẵng,Duyên hải Nam Trung Bộ,2025-10-31,25.06,28.139999999999997,24.06,30.7,33.68,29.4,12.64,12.64,0.0,17.4,94.8,9.28,25.14,10.484,1013.4399999999999,99.4,24.119999999999997,0.0,2.068,15.796899999999999,108.1106,5.246,11.572,10,44,63,23,1970-01-21 09:24:49.416,1970-01-21 09:25:31.080,Thu,,,
Đà Nẵng,Duyên hải Nam Trung Bộ,2025-11-01,24.34,25.919999999999998,23.5,29.439999999999998,30.9,28.080000000000002,17.740000000000002,17.740000000000002,0.0,24.0,95.4,8.64,25.2,6.63,1014.1200000000001,100.0,23.54,0.0,1.344,15.796899999999999,108.1106,0.25,11.56,11,44,61,26,1970-01-21 09:26:15.840,1970-01-21 09:26:57.456,Thu,,,
Đà Nẵng,Duyên hải Nam Trung Bộ,2025-11-02,24.18,25.52,23.54,28.8,30.54,27.660000000000004,87.26,87.26,0.0,24.0,96.6,14.219999999999999,32.9,3.6700000000000004,1012.3,100.0,23.619999999999997,0.0,0.8160000000000001,15.796899999999999,108.1106,0.0,11.55,11,44,65,15,1970-01-21 09:27:42.240,1970-01-21 09:28:23.820,Thu,,,
Đà Nẵng,Duyên hải Nam Trung Bộ,2025-11-03,25.080000000000002,28.080000000000002,23.36,29.860000000000003,32.82,27.419999999999998,49.739999999999995,49.739999999999995,0.0,13.6,90.8,16.240000000000002,41.12,9.508,1010.5,99.8,23.4,0.0,2.0260000000000002,15.796899999999999,108.1106,2.528,11.538,11,45,65,71,1970-01-21 09:29:08.676,1970-01-21 09:29:50.196,Thu,,,
Đà Nẵng,Duyên hải Nam Trung Bộ,2025-11-04,25.3,29.24,23.0,29.54,33.96,26.26,5.159999999999999,5.159999999999999,0.0,9.4,83.0,11.46,27.380000000000003,15.662,1011.4799999999999,97.2,22.1,0.0,3.2640000000000002,15.796899999999999,108.1106,8.082,11.52,11,45,63,297,1970-01-21 09:30:35.100,1970-01-21 09:31:16.572,Thu,,,
Đà Nẵng,Duyên hải Nam Trung Bộ,2025-11-05,24.619999999999997,27.5,22.580000000000002,28.839999999999996,31.619999999999997,26.080000000000002,7.860000000000001,7.860000000000001,0.0,13.0,85.8,9.440000000000001,23.2,10.048,1010.78,97.8,22.080000000000002,0.0,2.1239999999999997,15.796899999999999,108.1106,4.568,11.51,11,45,63,320,1970-01-21 09:32:01.500,1970-01-21 09:32:42.960,Thu,,,
Đà Nẵng,Duyên hải Nam Trung Bộ,2025-11-06,24.06,26.74,22.82,27.48,29.839999999999996,25.4,52.279999999999994,52.279999999999994,0.0,22.6,92.2,24.96,59.839999999999996,6.8260000000000005,1007.86,100.0,22.7,0.0,1.546,15.796899999999999,108.1106,1.426,11.5,11,45,65,2,1970-01-21 09:33:27.948,1970-01-21 09:34:09.336,Thu,,,
Đà Nẵng,Duyên hải Nam Trung Bộ,2025-11-07,26.96,31.839999999999996,23.9,31.4,37.04,26.580000000000002,5.36,5.36,0.0,9.4,82.6,22.5,51.67999999999999,17.913999999999998,1005.9799999999999,88.4,23.52,0.0,3.9379999999999997,15.796899999999999,108.1106,10.354,11.49,11,45,61,64,1970-01-21 09:34:54.360,1970-01-21 09:35:35.712,Thu,,,
Đà Nẵng,Duyên hải Nam Trung Bộ,2025-11-08,26.26,30.98,22.520000000000003,31.6,36.82,26.939999999999998,1.3,1.3,0.0,7.4,86.6,12.72,28.82,18.576,1011.24,64.2,23.619999999999997,0.0,3.8,15.796899999999999,108.1106,10.91,11.478,11,45,53,63,1970-01-21 09:36:20.796,1970-01-21 09:37:02.100,Thu,,,
Đà Nẵng,Duyên hải Nam Trung Bộ,2025-11-09,26.32,30.22,23.6,31.880000000000003,35.760000000000005,29.02,1.5,1.5,0.0,6.4,88.2,9.6,25.2,16.774,1011.2,81.8,24.04,0.0,3.37,15.796899999999999,108.1106,10.538,11.46,11,45,51,26,1970-01-21 09:37:47.220,1970-01-21 09:38:28.488,Thu,,,
Đà Nẵng,Duyên hải Nam Trung Bộ,2025-11-10,26.080000000000002,29.5,23.240000000000002,31.3,34.6,28.380000000000003,0.6199999999999999,0.6199999999999999,0.0,4.6,85.6,7.4799999999999995,19.8,15.36,1009.96,98.2,23.3,0.0,3.1439999999999997,15.796899999999999,108.1106,10.0,11.45,11,46,51,26,1970-01-21 09:39:13.656,1970-01-21 09:39:54.876,Thu,,,
Đà Nẵng,Duyên hải Nam Trung Bộ,2025-11-11,26.119999999999997,30.6,23.080000000000002,31.28,35.980000000000004,27.839999999999996,1.5,1.5,0.0,5.8,86.2,11.280000000000001,25.44,15.986,1010.1200000000001,99.4,23.380000000000003,0.0,3.336,15.796899999999999,108.1106,8.87,11.44,11,46,51,14,1970-01-21 09:40:40.080,1970-01-21 09:41:21.252,Thu,,,
Đà Nẵng,Duyên hải Nam Trung Bộ,2025-11-12,25.580000000000002,29.48,22.98,29.9,34.16,27.0,2.1,2.1,0.0,7.4,83.6,12.559999999999999,29.0,16.678,1012.64,75.8,22.4,0.0,3.4479999999999995,15.796899999999999,108.1106,10.644,11.43,11,46,55,27,1970-01-21 09:42:06.492,1970-01-21 09:42:47.640,Thu,,,
Đà Nẵng,Duyên hải Nam Trung Bộ,2025-11-13,23.86,27.96,20.2,26.6,30.119999999999997,22.64,0.38,0.38,0.0,1.6,78.8,15.059999999999999,33.839999999999996,17.9,1015.5,20.0,19.660000000000004,0.0,3.6420000000000003,15.796899999999999,108.1106,11.0,11.42,11,46,1,316,1970-01-21 09:43:32.940,1970-01-21 09:44:14.040,Thu,,,
Đà Nẵng,Duyên hải Nam Trung Bộ,2025-11-14,22.7,27.119999999999997,18.8,24.740000000000002,28.880000000000003,20.72,0.4,0.4,0.0,2.2,77.6,15.38,33.480000000000004,16.878,1015.4799999999999,45.8,18.32,0.0,3.3920000000000003,15.796899999999999,108.1106,11.0,11.41,11,46,51,9,1970-01-21 09:44:59.352,1970-01-21 09:45:40.428,Thu,,,
Đà Nẵng,Duyên hải Nam Trung Bộ,2025-11-15,22.759999999999998,24.44,21.080000000000002,26.619999999999997,28.339999999999996,24.06,18.18,18.18,0.0,20.6,90.6,7.840000000000001,19.94,6.3,1015.72,98.2,21.04,0.0,1.312,15.796899999999999,108.1106,1.0779999999999998,11.4,11,46,63,191,1970-01-21 09:46:25.788,1970-01-21 09:47:06.816,Thu,,,
Đà Nẵng,Duyên hải Nam Trung Bộ,2025-11-16,23.5,24.56,22.380000000000003,27.78,29.04,26.360000000000003,50.120000000000005,50.120000000000005,0.0,22.4,97.0,16.1,38.44,3.6099999999999994,1015.1200000000001,99.0,22.98,0.0,0.766,15.796899999999999,108.1106,0.03,11.39,11,46,63,44,1970-01-21 09:47:52.212,1970-01-21 09:48:33.216,Thu,,,
Đà Nẵng,Duyên hải Nam Trung Bộ,2025-11-17,23.66,24.96,22.880000000000003,28.2,30.060000000000002,27.060000000000002,57.64000000000001,57.64000000000001,0.0,24.0,96.4,12.760000000000002,30.52,5.678,1015.86,99.6,23.080000000000002,0.0,1.142,15.796899999999999,108.1106,1.0859999999999999,11.38,11,47,65,25,1970-01-21 09:49:18.648,1970-01-21 09:49:59.592,Thu,,,
Đà Nẵng,Duyên hải Nam Trung Bộ,2025-11-18,23.78,25.939999999999998,22.36,26.419999999999998,27.78,24.48,27.2,27.2,0.0,21.2,87.0,20.04,43.14,5.544,1016.76,100.0,21.38,0.0,1.72,15.796899999999999,108.1106,0.10600000000000001,11.37,11,47,63,20,1970-01-21 09:50:45.072,1970-01-21 09:51:25.992,Thu,,,
Đà Nẵng,Duyên hải Nam Trung Bộ,2025-11-19,20.86,22.28,19.96,22.419999999999998,24.259999999999998,21.44,35.96,35.96,0.0,21.2,93.0,21.18,45.46,3.408,1019.0200000000001,100.0,19.64,0.0,0.8539999999999999,15.796899999999999,108.1106,0.002,11.36,11,47,63,1,1970-01-21 09:52:11.508,1970-01-21 09:52:52.380,Thu,,,
Đà Nẵng,Duyên hải Nam Trung Bộ,2025-11-20,20.119999999999997,21.36,19.22,22.580000000000002,23.740000000000002,21.380000000000003,14.3,14.3,0.0,23.0,93.2,10.4,23.54,3.8879999999999995,1019.74,100.0,19.0,0.0,0.8859999999999999,15.796899999999999,108.1106,0.0,11.35,11,47,53,17,1970-01-21 09:53:37.932,1970-01-21 09:54:18.780,Thu,,,
Đà Nẵng,Duyên hải Nam Trung Bộ,2025-11-21,20.580000000000002,22.919999999999998,19.0,22.5,24.18,21.119999999999997,6.88,6.88,0.0,12.0,84.8,12.14,27.78,6.12,1019.74,99.6,17.8,0.0,1.444,15.796899999999999,108.1106,0.514,11.34,11,47,53,318,1970-01-21 09:55:04.368,1970-01-21 09:55:45.180,Thu,,,
Đà Nẵng,Duyên hải Nam Trung Bộ,2025-11-22,21.36,24.1,19.02,23.68,26.24,20.8,5.0600000000000005,5.0600000000000005,0.0,14.4,85.2,12.459999999999999,28.080000000000002,5.498,1017.9200000000001,99.8,18.740000000000002,0.0,1.334,15.796899999999999,108.1106,0.254,11.33,11,47,61,320,1970-01-21 09:56:30.792,1970-01-21 09:57:11.580,Thu,,,
Đà Nẵng,Duyên hải Nam Trung Bộ,2025-11-23,22.18,24.4,20.6,25.6,27.660000000000004,23.52,21.46,21.46,0.0,22.6,92.6,13.26,28.360000000000003,6.215999999999999,1016.18,97.2,20.880000000000003,0.0,1.268,15.796899999999999,108.1106,1.278,11.32,11,47,63,329,1970-01-21 09:57:57.228,1970-01-21 09:58:37.980,Thu,,,
Đà Nẵng,Duyên hải Nam Trung Bộ,2025-11-24,22.8,25.28,21.5,26.380000000000003,28.860000000000003,25.02,12.780000000000001,12.780000000000001,0.0,23.0,93.4,14.88,34.92,8.282,1016.1,93.8,21.619999999999997,0.0,1.61,15.796899999999999,108.1106,2.71,11.31,11,48,61,7,1970-01-21 09:59:23.652,1970-01-21 10:00:04.380,Thu,,,
Đà Nẵng,Duyên hải Nam Trung Bộ,2025-11-25,22.04,25.3,19.66,24.48,26.560000000000002,21.96,3.8600000000000003,3.8600000000000003,0.0,14.4,86.2,16.68,36.0,8.03,1016.9,99.6,19.46,0.0,1.8379999999999999,15.796899999999999,108.1106,2.926,11.3,11,48,53,13,1970-01-21 10:00:50.100,1970-01-21 10:01:30.780,Thu,,,
Đà Nẵng,Duyên hải Nam Trung Bộ,2025-11-26,21.68,26.139999999999997,18.86,23.5,26.96,20.9,1.1,1.1,0.0,5.6,80.4,15.76,35.2,15.296000000000001,1016.5799999999999,86.4,17.880000000000003,0.0,3.112,15.796899999999999,108.1106,9.95,11.298,11,48,51,4,1970-01-21 10:02:16.536,1970-01-21 10:02:57.180,Thu,,,
Đà Nẵng,Duyên hải Nam Trung Bộ,2025-11-27,20.759999999999998,24.479999999999997,17.52,21.04,23.580000000000002,17.92,0.6599999999999999,0.6599999999999999,0.0,2.8,73.2,23.34,49.6,15.374,1017.76,99.8,15.459999999999999,0.0,3.318,15.796899999999999,108.1106,7.57,11.29,11,48,51,325,1970-01-21 10:03:42.960,1970-01-21 10:04:23.592,Thu,,,
Đà Nẵng,Duyên hải Nam Trung Bộ,2025-11-28,20.16,24.259999999999998,16.18,20.2,23.44,16.28,0.0,0.0,0.0,0.0,68.2,14.16,32.339999999999996,12.379999999999999,1015.86,89.4,13.719999999999999,0.0,2.832,15.796899999999999,108.1106,8.206,11.28,11,48,3,281,1970-01-21 10:05:09.396,1970-01-21 10:05:49.992,Thu,,,
Đà Nẵng,Duyên hải Nam Trung Bộ,2025-11-29,21.639999999999997,25.639999999999997,19.02,23.22,27.4,19.740000000000002,0.2,0.2,0.0,1.0,75.4,10.48,24.68,9.074000000000002,1013.5799999999999,94.4,17.0,0.0,2.112,15.796899999999999,108.1106,3.184,11.27,11,48,51,258,1970-01-21 10:06:35.820,1970-01-21 10:07:16.416,Thu,,,
Đà Nẵng,Duyên hải Nam Trung Bộ,2025-11-30,23.02,26.339999999999996,20.02,26.339999999999996,30.04,22.22,0.6599999999999999,0.6599999999999999,0.0,2.6,83.6,6.459999999999999,14.26,6.274,1012.1600000000001,97.0,20.080000000000002,0.0,1.4460000000000002,15.796899999999999,108.1106,1.05,11.267999999999999,11,48,51,253,1970-01-21 10:08:02.268,1970-01-21 10:08:42.816,Thu,,,
Đà Nẵng,Duyên hải Nam Trung Bộ,2025-12-01,24.22,27.9,22.240000000000002,28.52,32.14,26.24,2.96,2.96,0.0,9.8,88.8,11.02,26.28,11.696,1012.3799999999999,78.4,22.2,0.0,2.334,15.796899999999999,108.1106,7.529999999999999,11.26,12,49,53,268,1970-01-21 10:09:28.692,1970-01-21 10:10:09.228,Đông,,,
Đà Nẵng,Duyên hải Nam Trung Bộ,2025-12-02,24.46,28.78,20.6,28.72,32.779999999999994,24.14,1.2399999999999998,1.2399999999999998,0.0,5.0,86.8,9.6,22.6,14.248,1012.4799999999999,57.0,21.98,0.0,2.864,15.796899999999999,108.1106,9.972,11.25,12,49,51,332,1970-01-21 10:10:55.140,1970-01-21 10:11:35.640,Đông,,,
Đà Nẵng,Duyên hải Nam Trung Bộ,2025-12-03,23.6,24.880000000000003,22.78,27.919999999999998,29.52,26.72,50.8,50.8,0.0,24.0,95.4,13.14,30.18,5.506,1014.68,99.6,22.8,0.0,1.126,15.796899999999999,108.1106,0.734,11.248000000000001,12,49,63,7,1970-01-21 10:12:21.576,1970-01-21 10:13:02.052,Đông,,,
Đà Nẵng,Duyên hải Nam Trung Bộ,2025-12-04,23.44,25.0,22.419999999999998,27.2,28.860000000000003,26.139999999999997,31.580000000000002,31.580000000000002,0.0,23.6,94.6,14.419999999999998,33.480000000000004,6.298,1016.2,93.4,22.56,0.0,1.2280000000000002,15.796899999999999,108.1106,1.848,11.24,12,49,63,35,1970-01-21 10:13:48.000,1970-01-21 10:14:28.476,Đông,,,
Đà Nẵng,Duyên hải Nam Trung Bộ,2025-12-05,23.36,26.72,21.34,26.74,29.360000000000003,25.04,4.8,4.8,0.0,19.6,86.8,14.36,34.279999999999994,14.11,1018.0,67.2,20.86,0.0,2.748,15.796899999999999,108.1106,9.422,11.232000000000001,12,49,53,14,1970-01-21 10:15:14.436,1970-01-21 10:15:54.888,Đông,,,
Đà Nẵng,Duyên hải Nam Trung Bộ,2025-12-06,22.14,25.160000000000004,19.96,24.94,26.860000000000003,22.7,5.32,5.32,0.0,14.8,86.2,14.94,33.12,10.626,1017.68,69.6,19.619999999999997,0.0,2.0799999999999996,15.7969,108.1106,8.062000000000001,11.23,12,49,61,8,1970-01-21 10:16:40.872,1970-01-21 10:17:21.300,Đông,,,
Đà Nẵng,Duyên hải Nam Trung Bộ,2025-12-07,21.64,25.4,18.4,23.92,27.26,20.74,0.86,0.86,0.0,6.0,82.2,12.66,28.660000000000004,14.588,1017.28,52.2,18.26,0.0,2.814,15.7969,108.1106,10.656,11.222,12,49,51,16,1970-01-21 10:18:07.308,1970-01-21 10:18:47.712,Đông,,,
Đà Nẵng,Duyên hải Nam Trung Bộ,2025-12-08,20.9,23.74,18.72,23.4,25.94,20.84,6.56,6.56,0.0,15.8,89.4,12.78,28.78,7.488,1017.56,92.6,18.98,0.0,1.526,15.7969,108.1106,2.902,11.22,12,50,61,14,1970-01-21 10:19:33.756,1970-01-21 10:20:14.136,Đông,,,
Đà Nẵng,Duyên hải Nam Trung Bộ,2025-12-09,21.58,24.619999999999997,18.84,24.380000000000003,26.42,21.3,3.5,3.5,0.0,11.8,87.6,11.52,25.34,7.534000000000001,1017.02,99.2,19.26,0.0,1.578,15.7969,108.1106,2.182,11.212,12,50,51,4,1970-01-21 10:21:00.180,1970-01-21 10:21:40.548,Đông,,,
Đà Nẵng,Duyên hải Nam Trung Bộ,2025-12-10,21.92,23.3,20.82,25.52,27.06,23.86,13.64,13.64,0.0,21.4,93.4,8.559999999999999,18.380000000000003,3.658,1015.44,99.8,20.8,0.0,0.852,15.7969,108.1106,0.054,11.21,12,50,61,257,1970-01-21 10:22:26.616,1970-01-21 10:23:06.972,Đông,,,
Đà Nẵng,Duyên hải Nam Trung Bộ,2025-12-11,23.160000000000004,26.619999999999997,21.0,27.18,30.339999999999996,24.56,11.94,11.94,0.0,21.6,92.2,10.98,27.78,10.122,1015.28,87.2,21.74,0.0,1.988,15.7969,108.1106,6.11,11.208000000000002,12,50,61,46,1970-01-21 10:23:53.040,1970-01-21 10:24:33.396,Đông,,,
Đà Nẵng,Duyên hải Nam Trung Bộ,2025-12-12,23.96,27.48,21.8,27.94,31.339999999999996,26.1,4.26,4.26,0.0,15.4,88.2,11.6,27.42,14.23,1014.82,63.0,21.76,0.0,2.78,15.7969,108.1106,9.394,11.202,12,50,53,67,1970-01-21 10:25:19.476,1970-01-21 10:25:59.808,Đông,,,
Đà Nẵng,Duyên hải Nam Trung Bộ,2025-12-13,23.58,27.2,21.28,27.360000000000003,30.42,25.119999999999997,5.42,5.42,0.0,18.0,88.8,12.56,30.02,14.368,1015.84,73.2,21.44,0.0,2.794,15.7969,108.1106,9.958,11.2,12,50,55,4,1970-01-21 10:26:45.900,1970-01-21 10:27:26.232,Đông,,,
Đà Nẵng,Duyên hải Nam Trung Bộ,2025-12-14,22.06,24.02,21.08,25.04,26.94,23.64,17.44,17.44,0.0,22.8,93.6,16.68,34.62,4.786,1017.48,98.6,21.02,0.0,1.048,15.7969,108.1106,0.238,11.198,12,50,61,26,1970-01-21 10:28:12.336,1970-01-21 10:28:52.656,Đông,,,
Đà Nẵng,Duyên hải Nam Trung Bộ,2025-12-15,22.06,24.54,20.68,25.16,26.6,23.72,7.12,7.12,0.0,20.6,90.8,13.64,30.32,9.362,1017.18,92.6,20.44,0.0,1.802,15.7969,108.1106,5.338,11.198,12,51,53,24,1970-01-21 10:29:38.772,1970-01-21 10:30:19.068,Đông,,,
Đà Nẵng,Duyên hải Nam Trung Bộ,2025-12-16,22.64,25.34,21.06,26.2,28.380000000000003,24.76,3.88,3.88,0.0,15.8,89.8,11.12,25.860000000000003,9.34,1016.18,90.8,20.84,0.0,1.854,15.7969,108.1106,5.804,11.192,12,51,51,25,1970-01-21 10:31:05.208,1970-01-21 10:31:45.492,Đông,,,
Đà Nẵng,Duyên hải Nam Trung Bộ,2025-12-17,22.1,24.22,20.9,25.82,27.6,24.0,21.860000000000003,21.860000000000003,0.0,21.2,95.0,14.94,32.980000000000004,5.686,1017.12,98.2,21.24,0.0,1.116,15.7969,108.1106,1.058,11.192,12,51,63,3,1970-01-21 10:32:31.632,1970-01-21 10:33:11.928,Đông,,,
Đà Nẵng,Duyên hải Nam Trung Bộ,2025-12-18,22.32,25.9,19.74,25.24,28.22,22.619999999999997,1.58,1.58,0.0,10.0,87.2,12.64,29.24,14.918,1016.64,63.6,19.94,0.0,2.802,15.7969,108.1106,10.334,11.19,12,51,51,348,1970-01-21 10:33:58.068,1970-01-21 10:34:38.352,Đông,,,
Đà Nẵng,Duyên hải Nam Trung Bộ,2025-12-19,22.839999999999996,26.0,20.84,26.360000000000003,28.98,24.5,1.8,1.8,0.0,7.8,87.6,10.0,24.18,10.424,1014.12,91.8,20.56,0.0,2.096,15.7969,108.1106,6.39,11.19,12,51,53,12,1970-01-21 10:35:24.492,1970-01-21 10:36:04.788,Đông,,,
Đà Nẵng,Duyên hải Nam Trung Bộ,2025-12-20,22.8,25.8,21.16,26.28,29.139999999999997,24.9,4.540000000000001,4.540000000000001,0.0,16.0,89.8,12.82,28.360000000000003,10.774,1013.82,89.0,20.98,0.0,2.084,15.7969,108.1106,6.646000000000001,11.19,12,51,53,2,1970-01-21 10:36:50.928,1970-01-21 10:37:31.212,Đông,,,
Đà Nẵng,Duyên hải Nam Trung Bộ,2025-12-21,22.64,24.639999999999997,21.619999999999997,26.160000000000004,28.24,25.04,31.360000000000003,31.360000000000003,0.0,23.8,95.4,17.36,39.38,7.376,1014.68,98.0,21.880000000000003,0.0,1.336,15.7969,108.1106,2.342,11.19,12,51,63,7,1970-01-21 10:38:17.364,1970-01-21 10:38:57.648,Đông,,,
Đà Nẵng,Duyên hải Nam Trung Bộ,2025-12-22,22.74,25.52,21.18,26.3,28.68,24.58,13.1,13.1,0.0,23.2,91.8,13.76,33.68,11.346,1014.64,86.6,21.32,0.0,2.1,15.7969,108.1106,7.337999999999999,11.19,12,52,61,44,1970-01-21 10:39:43.788,1970-01-21 10:40:24.072,Đông,,,
Đà Nẵng,Duyên hải Nam Trung Bộ,2025-12-23,23.380000000000003,27.06,20.72,26.94,30.1,24.14,2.54,2.54,0.0,12.4,86.6,11.92,28.22,15.73,1013.68,85.0,20.82,0.0,3.012,15.7969,108.1106,10.124,11.19,12,52,53,6,1970-01-21 10:41:10.224,1970-01-21 10:41:50.508,Đông,,,
Đà Nẵng,Duyên hải Nam Trung Bộ,2025-12-24,23.56,27.26,20.32,27.360000000000003,30.74,23.58,1.4200000000000002,1.4200000000000002,0.0,7.8,87.2,9.26,21.56,13.924,1012.74,83.2,21.119999999999997,0.0,2.726,15.7969,108.1106,9.332,11.19,12,52,51,37,1970-01-21 10:42:36.648,1970-01-21 10:43:16.932,Đông,,,
Đà Nẵng,Duyên hải Nam Trung Bộ,2025-12-25,22.36,24.14,20.82,25.839999999999996,27.92,23.52,17.0,17.0,0.0,23.4,95.0,13.2,28.0,5.57,1015.02,99.2,21.46,0.0,1.108,15.7969,108.1106,0.4199999999999999,11.19,12,52,61,1,1970-01-21 10:44:03.072,1970-01-21 10:44:43.368,Đông,,,
Đà Nẵng,Duyên hải Nam Trung Bộ,2025-12-26,20.5,21.56,19.52,22.7,23.72,21.54,10.04,10.04,0.0,15.0,90.2,11.9,25.839999999999996,5.01,1017.48,99.6,18.8,0.0,1.084,15.7969,108.1106,0.108,11.192,12,52,51,42,1970-01-21 10:45:29.508,1970-01-21 10:46:09.792,Đông,,,
Đà Nẵng,Duyên hải Nam Trung Bộ,2025-12-27,20.66,23.82,18.96,23.22,25.96,21.1,3.94,3.94,0.0,13.6,88.4,9.6,26.94,9.91,1017.26,97.4,18.58,0.0,1.856,15.7969,108.1106,5.83,11.192,12,52,53,18,1970-01-21 10:46:55.932,1970-01-21 10:47:36.228,Đông,,,
Đà Nẵng,Duyên hải Nam Trung Bộ,2025-12-28,21.36,24.64,19.48,24.22,27.02,22.44,2.1399999999999997,2.1399999999999997,0.0,12.2,88.2,11.2,27.44,14.106,1016.92,84.4,19.22,0.0,2.568,15.7969,108.1106,9.136,11.198,12,52,51,20,1970-01-21 10:48:22.368,1970-01-21 10:49:02.676,Đông,,,
Đà Nẵng,Duyên hải Nam Trung Bộ,2025-12-29,21.66,25.14,19.16,24.64,27.32,22.24,2.48,2.48,0.0,14.8,88.0,10.84,25.54,12.84,1015.28,75.6,19.46,0.0,2.446,15.7969,108.1106,9.086,11.2,12,1,51,51,1970-01-21 10:49:48.780,1970-01-21 10:50:29.100,Đông,,,
Đà Nẵng,Duyên hải Nam Trung Bộ,2025-12-30,21.860000000000003,24.76,19.5,24.54,26.8,22.42,1.1,1.1,0.0,6.0,84.2,10.4,25.34,12.984,1014.1,68.0,18.9,0.0,2.478,15.7969,108.1106,9.276,11.2,12,1,51,76,1970-01-21 10:51:15.216,1970-01-21 10:51:55.536,Đông,,,
Đà Nẵng,Duyên hải Nam Trung Bộ,2025-12-31,21.66,25.8,17.72,23.92,27.880000000000003,19.86,0.1,0.1,0.0,1.0,80.4,10.34,23.92,14.772,1012.4,72.6,17.86,0.0,2.87,15.7969,108.1106,10.26,11.202,12,1,3,76,1970-01-21 10:52:41.640,1970-01-21 10:53:21.972,Đông,,,
Đà Nẵng,Duyên hải Nam Trung Bộ,2026-01-01,21.24,26.0,16.560000000000002,23.119999999999997,27.42,18.18,0.08,0.08,0.0,0.8,78.4,10.1,24.54,16.866,1014.64,45.6,17.0,0.0,3.198,15.7969,108.1106,10.5,11.208000000000002,1,1,3,22,1970-01-21 10:54:08.052,1970-01-21 10:54:48.408,Đông,,,
Đà Nẵng,Duyên hải Nam Trung Bộ,2026-01-02,20.72,24.06,18.119999999999997,22.46,24.82,19.92,9.26,9.26,0.0,19.2,84.8,17.36,38.96,11.076,1018.32,77.4,17.9,0.0,2.236,15.7969,108.1106,6.822,11.21,1,1,63,40,1970-01-21 10:55:34.476,1970-01-21 10:56:14.832,Đông,,,
Đà Nẵng,Duyên hải Nam Trung Bộ,2026-01-03,20.28,23.380000000000003,18.119999999999997,22.0,23.76,19.98,7.859999999999999,7.859999999999999,0.0,21.2,86.4,17.28,37.239999999999995,11.666,1019.32,75.8,17.82,0.0,2.184,15.7969,108.1106,8.212,11.218,1,1,55,77,1970-01-21 10:57:00.900,1970-01-21 10:57:41.268,Đông,,,
Đà Nẵng,Duyên hải Nam Trung Bộ,2026-01-04,20.36,23.94,16.880000000000003,22.6,25.880000000000003,18.44,4.1,4.1,0.0,15.8,88.2,11.68,26.58,13.454,1018.36,77.0,18.18,0.0,2.446,15.7969,108.1106,9.286,11.22,1,1,53,41,1970-01-21 10:58:27.312,1970-01-21 10:59:07.704,Đông,,,
Đà Nẵng,Duyên hải Nam Trung Bộ,2026-01-05,21.32,25.0,18.74,23.58,26.339999999999996,21.3,2.84,2.84,0.0,13.8,85.6,15.080000000000002,34.04,14.188,1018.66,71.6,18.619999999999997,0.0,2.662,15.7969,108.1106,9.053999999999998,11.222,1,2,53,25,1970-01-21 10:59:53.736,1970-01-21 11:00:34.128,Đông,,,
Đà Nẵng,Duyên hải Nam Trung Bộ,2026-01-06,19.96,22.76,18.119999999999997,21.82,23.76,20.14,6.6,6.6,0.0,19.2,89.0,14.86,33.42,8.414,1020.62,91.8,17.98,0.0,1.704,15.7969,108.1106,4.128,11.23,1,2,53,17,1970-01-21 11:01:20.148,1970-01-21 11:02:00.576,Đông,,,
Đà Nẵng,Duyên hải Nam Trung Bộ,2026-01-07,18.54,19.52,17.46,20.24,21.6,19.119999999999997,8.379999999999999,8.379999999999999,0.0,21.0,92.2,11.18,24.84,4.758,1022.28,98.4,17.240000000000002,0.0,0.96,15.7969,108.1106,0.1699999999999999,11.232,1,2,61,10,1970-01-21 11:02:46.560,1970-01-21 11:03:27.000,Đông,,,
Đà Nẵng,Duyên hải Nam Trung Bộ,2026-01-08,18.119999999999997,21.34,15.48,18.96,21.3,16.1,4.92,4.92,0.0,13.2,85.2,14.46,32.7,10.404,1022.6,84.2,15.4,0.0,1.934,15.7969,108.1106,6.056,11.24,1,2,61,25,1970-01-21 11:04:12.972,1970-01-21 11:04:53.448,Đông,,,
Đà Nẵng,Duyên hải Nam Trung Bộ,2026-01-09,17.78,22.380000000000003,14.48,18.08,22.1,14.72,0.5599999999999999,0.5599999999999999,0.0,4.0,77.4,11.6,27.839999999999996,15.334,1020.84,52.0,13.52,0.0,2.778,15.7969,108.1106,10.258,11.248,1,2,51,17,1970-01-21 11:05:39.396,1970-01-21 11:06:19.872,Đông,,,
Đà Nẵng,Duyên hải Nam Trung Bộ,2026-01-10,18.0,22.32,13.919999999999998,18.52,23.119999999999997,13.62,0.1,0.1,0.0,0.8,79.2,8.84,22.34,13.016,1019.26,63.8,14.04,0.0,2.436,15.7969,108.1106,8.89,11.252,1,2,51,273,1970-01-21 11:07:05.808,1970-01-21 11:07:46.320,Đông,,,
Đà Nẵng,Duyên hải Nam Trung Bộ,2026-01-11,18.92,23.7,15.1,19.42,23.7,15.76,0.3,0.3,0.0,2.0,74.8,11.96,28.0,17.663999999999998,1021.24,41.2,13.86,0.0,3.258,15.7969,108.1106,10.378,11.26,1,2,51,18,1970-01-21 11:08:32.220,1970-01-21 11:09:12.756,Đông,,,
Đà Nẵng,Duyên hải Nam Trung Bộ,2026-01-12,18.84,23.68,13.82,19.72,24.9,13.88,0.04,0.04,0.0,0.4,79.2,9.32,21.74,13.326,1019.52,73.4,14.84,0.0,2.504,15.7969,108.1106,9.024,11.268,1,3,3,290,1970-01-21 11:09:58.620,1970-01-21 11:10:39.192,Đông,,,
Đà Nẵng,Duyên hải Nam Trung Bộ,2026-01-13,20.34,24.9,16.86,21.92,26.3,18.18,0.1399999999999999,0.1399999999999999,0.0,1.0,79.2,11.48,25.44,17.024,1018.36,41.0,16.240000000000002,0.0,3.17,15.7969,108.1106,10.548,11.272,1,3,3,38,1970-01-21 11:11:25.032,1970-01-21 11:12:05.628,Đông,,,
Đà Nẵng,Duyên hải Nam Trung Bộ,2026-01-14,20.36,24.46,16.36,22.5,26.48,17.7,0.2799999999999999,0.2799999999999999,0.0,2.4,85.0,9.24,21.18,12.44,1016.0,71.4,17.62,0.0,2.366,15.7969,108.1106,8.562000000000001,11.28,1,3,51,66,1970-01-21 11:12:51.456,1970-01-21 11:13:32.064,Đông,,,
Đà Nẵng,Duyên hải Nam Trung Bộ,2026-01-15,21.74,26.160000000000004,18.880000000000003,24.42,28.68,21.5,0.1,0.1,0.0,1.0,83.2,11.46,25.98,13.708000000000002,1015.44,68.6,18.58,0.0,2.63,15.7969,108.1106,8.358,11.29,1,3,3,26,1970-01-21 11:14:17.856,1970-01-21 11:14:58.500,Đông,,,
Đà Nẵng,Duyên hải Nam Trung Bộ,2026-01-16,21.84,27.18,17.380000000000003,24.619999999999997,30.9,19.44,0.0,0.0,0.0,0.0,83.2,11.36,26.42,19.186,1013.34,51.8,18.66,0.0,3.59,15.7969,108.1106,10.442,11.3,1,3,3,49,1970-01-21 11:15:44.268,1970-01-21 11:16:24.936,Đông,,,
Đà Nẵng,Duyên hải Nam Trung Bộ,2026-01-17,22.22,26.839999999999996,18.380000000000003,25.32,30.360000000000003,21.119999999999997,0.12,0.12,0.0,0.6,86.0,11.44,27.44,16.312,1011.82,77.0,19.619999999999997,0.0,3.0740000000000003,15.7969,108.1106,10.194,11.308,1,3,3,73,1970-01-21 11:17:10.680,1970-01-21 11:17:51.372,Đông,,,
Đà Nẵng,Duyên hải Nam Trung Bộ,2026-01-18,22.04,26.78,18.82,24.94,29.7,21.76,0.14,0.14,0.0,1.4,84.0,11.6,26.94,17.894,1011.64,53.0,18.92,0.0,3.376,15.7969,108.1106,10.0,11.312,1,3,51,47,1970-01-21 11:18:37.080,1970-01-21 11:19:17.808,Đông,,,
Đà Nẵng,Duyên hải Nam Trung Bộ,2026-01-19,21.86,27.3,17.98,24.76,31.119999999999997,20.22,0.0,0.0,0.0,0.0,84.8,10.86,24.34,19.512,1012.6,53.2,18.84,0.0,3.688,15.7969,108.1106,10.114,11.32,1,4,3,86,1970-01-21 11:20:03.480,1970-01-21 11:20:44.232,Đông,,,
Đà Nẵng,Duyên hải Nam Trung Bộ,2026-01-20,21.619999999999997,26.22,18.380000000000003,24.3,29.160000000000004,20.84,0.54,0.54,0.0,3.2,84.8,10.92,25.859999999999996,17.538,1014.54,43.8,18.72,0.0,3.2660000000000005,15.7969,108.1106,9.922,11.33,1,4,51,59,1970-01-21 11:21:29.880,1970-01-21 11:22:10.668,Đông,,,
Đà Nẵng,Duyên hải Nam Trung Bộ,2026-01-21,20.74,24.66,17.82,23.04,26.76,19.96,1.84,1.84,0.0,11.4,85.8,14.1,32.7,16.509999999999998,1017.24,48.4,18.14,0.0,2.978,15.7969,108.1106,10.212,11.34,1,4,51,34,1970-01-21 11:22:56.280,1970-01-21 11:23:37.116,Đông,,,
Đà Nẵng,Duyên hải Nam Trung Bộ,2026-01-22,20.26,23.42,17.72,22.3,25.3,19.7,3.26,3.26,0.0,16.0,88.2,12.78,30.4,11.384,1019.44,76.6,18.08,0.0,2.154,15.7969,108.1106,7.236,11.35,1,4,53,48,1970-01-21 11:24:22.680,1970-01-21 11:25:03.540,Đông,,,
Đà Nẵng,Duyên hải Nam Trung Bộ,2026-01-23,20.24,23.2,18.42,22.44,24.9,20.52,6.340000000000001,6.340000000000001,0.0,21.6,88.4,12.919999999999998,28.959999999999997,9.746,1020.68,91.6,18.22,0.0,1.876,15.7969,108.1106,5.098,11.36,1,4,53,44,1970-01-21 11:25:49.080,1970-01-21 11:26:29.976,Đông,,,
Đà Nẵng,Duyên hải Nam Trung Bộ,2026-01-24,20.42,23.82,17.740000000000002,22.52,25.72,19.7,3.56,3.56,0.0,13.6,84.8,9.18,23.839999999999996,14.696000000000002,1019.92,59.8,17.6,0.0,2.698,15.7969,108.1106,9.22,11.37,1,4,53,62,1970-01-21 11:27:15.480,1970-01-21 11:27:56.400,Đông,,,
Đà Nẵng,Duyên hải Nam Trung Bộ,2026-01-25,20.46,25.78,16.6,22.46,27.839999999999996,17.98,0.08,0.08,0.0,0.8,83.4,12.66,29.380000000000003,18.306,1017.76,77.8,17.16,0.0,3.3920000000000003,15.7969,108.1106,9.818,11.38,1,4,3,68,1970-01-21 11:28:41.880,1970-01-21 11:29:22.836,Đông,,,
Đà Nẵng,Duyên hải Nam Trung Bộ,2026-01-26,20.8,25.24,17.080000000000002,23.06,27.56,19.139999999999997,0.62,0.62,0.0,4.4,84.8,10.74,25.48,15.822,1018.24,54.2,17.9,0.0,2.966,15.7969,108.1106,10.448,11.39,1,5,51,28,1970-01-21 11:30:08.268,1970-01-21 11:30:49.260,Đông,,,
Đà Nẵng,Duyên hải Nam Trung Bộ,2026-01-27,20.74,24.52,17.86,23.1,26.44,20.04,1.34,1.34,0.0,8.6,86.0,8.48,20.82,12.256,1018.94,67.6,18.18,0.0,2.332,15.7969,108.1106,8.118,11.4,1,5,51,38,1970-01-21 11:31:34.656,1970-01-21 11:32:15.696,Đông,,,
Đà Nẵng,Duyên hải Nam Trung Bộ,2026-01-28,20.52,24.14,17.34,22.880000000000003,26.22,19.16,2.04,2.04,0.0,13.0,87.4,10.6,26.360000000000003,14.028,1018.64,74.4,18.24,0.0,2.584,15.7969,108.1106,10.022,11.41,1,5,51,15,1970-01-21 11:33:01.056,1970-01-21 11:33:42.120,Đông,,,
Đà Nẵng,Duyên hải Nam Trung Bộ,2026-01-29,21.16,25.119999999999997,18.32,23.7,27.46,20.8,1.36,1.36,0.0,9.6,85.2,10.42,25.119999999999997,16.413999999999998,1017.62,59.6,18.36,0.0,3.028,15.7969,108.1106,10.536,11.42,1,5,51,90,1970-01-21 11:34:27.432,1970-01-21 11:35:08.556,Đông,,,
Đà Nẵng,Duyên hải Nam Trung Bộ,2026-01-30,21.64,27.3,17.0,24.3,30.22,18.9,0.02,0.02,0.0,0.2,83.2,12.7,29.58,17.9,1017.42,51.4,18.34,0.0,3.4299999999999997,15.7969,108.1106,10.702,11.43,1,5,3,35,1970-01-21 11:35:53.820,1970-01-21 11:36:34.980,Đông,,,
Đà Nẵng,Duyên hải Nam Trung Bộ,2026-01-31,21.98,26.42,18.92,24.68,29.1,21.68,0.48,0.48,0.0,3.2,83.0,11.22,26.8,18.642000000000003,1018.6,77.2,18.68,0.0,3.526,15.7969,108.1106,10.652,11.441999999999998,1,5,51,39,1970-01-21 11:37:20.220,1970-01-21 11:38:01.416,Đông,,,
Đà Nẵng,Duyên hải Nam Trung Bộ,2026-02-01,20.42,22.9,18.56,22.98,25.02,21.0,5.82,5.82,0.0,17.0,91.0,11.4,28.639999999999997,9.872,1019.72,84.2,18.84,0.0,1.826,15.7969,108.1106,4.714,11.46,2,5,53,20,1970-01-21 11:38:46.620,1970-01-21 11:39:27.840,Đông,,,
Đà Nẵng,Duyên hải Nam Trung Bộ,2026-02-02,20.32,22.58,18.64,22.78,24.68,21.08,17.060000000000002,17.060000000000002,0.0,21.8,94.2,15.3,34.12,7.824,1020.42,93.8,19.32,0.0,1.42,15.7969,108.1106,2.598,11.47,2,6,61,38,1970-01-21 11:40:12.996,1970-01-21 11:40:54.276,Đông,,,
Đà Nẵng,Duyên hải Nam Trung Bộ,2026-02-03,20.86,24.139999999999997,19.02,23.02,25.2,21.44,4.38,4.38,0.0,17.4,87.4,14.66,33.4,11.334,1020.82,93.0,18.58,0.0,2.1759999999999997,15.7969,108.1106,5.456,11.48,2,6,53,47,1970-01-21 11:41:39.372,1970-01-21 11:42:20.700,Đông,,,
Đà Nẵng,Duyên hải Nam Trung Bộ,2026-02-04,21.58,25.660000000000004,17.96,24.4,28.48,19.96,0.52,0.52,0.0,4.8,86.2,8.86,20.6,15.102,1018.06,84.4,18.98,0.0,2.862,15.7969,108.1106,10.12,11.49,2,6,51,49,1970-01-21 11:43:05.760,1970-01-21 11:43:47.136,Đông,,,
Đà Nẵng,Duyên hải Nam Trung Bộ,2026-02-05,22.82,28.52,19.32,26.119999999999997,32.44,22.42,0.0,0.0,0.0,0.0,85.2,13.4,31.619999999999997,18.838,1015.32,61.6,19.96,0.0,3.624,15.7969,108.1106,10.402,11.502,2,6,3,62,1970-01-21 11:44:32.160,1970-01-21 11:45:13.560,Đông,,,
Đà Nẵng,Duyên hải Nam Trung Bộ,2026-02-06,23.18,29.06,19.619999999999997,26.880000000000003,33.78,22.92,0.0,0.0,0.0,0.0,86.2,13.080000000000002,30.880000000000003,18.96,1013.78,49.6,20.52,0.0,3.664,15.7969,108.1106,10.474,11.52,2,6,3,59,1970-01-21 11:45:58.536,1970-01-21 11:46:39.996,Đông,,,
Đà Nẵng,Duyên hải Nam Trung Bộ,2026-02-07,23.12,27.2,20.52,26.46,30.9,24.1,0.3,0.3,0.0,2.8,84.4,11.28,26.7,17.714000000000002,1015.38,87.2,20.08,0.0,3.432,15.7969,108.1106,10.398,11.53,2,6,51,82,1970-01-21 11:47:24.900,1970-01-21 11:48:06.420,Đông,,,
Đà Nẵng,Duyên hải Nam Trung Bộ,2026-02-08,21.7,25.1,19.68,24.18,26.78,22.32,5.86,5.86,0.0,19.2,86.4,16.78,38.6,14.646,1018.38,87.0,19.22,0.0,2.684,15.7969,108.1106,10.078,11.54,2,6,53,55,1970-01-21 11:48:51.300,1970-01-21 11:49:32.832,Đông,,,
Đà Nẵng,Duyên hải Nam Trung Bộ,2026-02-09,21.32,24.1,19.34,23.66,25.74,21.78,6.9799999999999995,6.9799999999999995,0.0,18.8,87.4,13.56,31.52,13.31,1017.96,91.6,19.02,0.0,2.482,15.7969,108.1106,8.014,11.552,2,7,53,79,1970-01-21 11:50:17.676,1970-01-21 11:50:59.268,Đông,,,
Đà Nẵng,Duyên hải Nam Trung Bộ,2026-02-10,22.02,25.92,18.74,24.8,28.660000000000004,21.42,1.44,1.44,0.0,8.8,84.2,11.7,27.5,16.738,1017.42,82.0,19.06,0.0,3.148,15.7969,108.1106,10.932,11.568,2,7,51,71,1970-01-21 11:51:44.040,1970-01-21 11:52:25.680,Đông,,,
Đà Nẵng,Duyên hải Nam Trung Bộ,2026-02-11,22.08,25.98,18.68,25.119999999999997,29.26,21.28,0.8399999999999999,0.8399999999999999,0.0,7.8,86.4,12.36,28.3,15.744,1018.7,85.4,19.58,0.0,2.978,15.7969,108.1106,10.208,11.58,2,7,51,26,1970-01-21 11:53:10.440,1970-01-21 11:53:52.116,Đông,,,
Đà Nẵng,Duyên hải Nam Trung Bộ,2026-02-12,22.54,26.4,19.860000000000003,25.58,29.5,22.880000000000003,0.8800000000000001,0.8800000000000001,0.0,7.0,84.0,12.5,29.08,17.82,1017.12,63.4,19.54,0.0,3.38,15.7969,108.1106,10.452000000000002,11.59,2,7,51,74,1970-01-21 11:54:36.816,1970-01-21 11:55:18.540,Đông,,,
Đà Nẵng,Duyên hải Nam Trung Bộ,2026-02-13,22.14,26.98,18.24,24.96,30.22,20.72,0.02,0.02,0.0,0.2,82.2,11.86,27.839999999999996,21.014,1015.58,74.6,18.66,0.0,3.956,15.7969,108.1106,11.064,11.608,2,7,3,81,1970-01-21 11:56:03.180,1970-01-21 11:56:44.952,Đông,,,
Đà Nẵng,Duyên hải Nam Trung Bộ,2026-02-14,22.24,27.4,18.26,25.08,30.44,20.74,0.04,0.04,0.0,0.4,83.4,10.86,25.9,19.284,1015.1,67.0,18.96,0.0,3.716,15.7969,108.1106,10.814,11.62,2,7,3,111,1970-01-21 11:57:29.556,1970-01-21 11:58:11.388,Đông,,,
Đà Nẵng,Duyên hải Nam Trung Bộ,2026-02-15,22.48,27.6,18.48,25.5,31.3,21.06,0.0,0.0,0.0,0.0,83.6,11.14,26.06,19.956,1014.24,49.2,19.24,0.0,3.838,15.7969,108.1106,10.538,11.632,2,7,3,84,1970-01-21 11:58:55.920,1970-01-21 11:59:37.800,Đông,,,
Đà Nẵng,Duyên hải Nam Trung Bộ,2026-02-16,23.78,28.28,20.36,27.54,31.56,23.880000000000003,0.2,0.2,0.0,1.8,85.8,12.02,27.56,16.084,1013.42,60.2,21.02,0.0,3.186,15.7969,108.1106,10.598,11.648,2,8,3,74,1970-01-21 12:00:22.320,1970-01-21 12:01:04.236,Đông,,,
Đà Nẵng,Duyên hải Nam Trung Bộ,2026-02-17,23.82,26.44,21.8,27.78,30.28,26.119999999999997,4.54,4.54,0.0,19.4,89.0,12.9,29.160000000000004,15.904000000000002,1014.98,79.2,21.8,0.0,3.02,15.7969,108.1106,9.803999999999998,11.66,2,8,53,77,1970-01-21 12:01:48.660,1970-01-21 12:02:30.648,Đông,,,
Đà Nẵng,Duyên hải Nam Trung Bộ,2026-02-18,22.880000000000003,25.44,21.14,26.02,28.380000000000003,24.24,11.4,11.4,0.0,22.4,90.6,16.52,36.64,11.986,1017.4,87.8,21.18,0.0,2.282,15.7969,108.1106,6.279999999999999,11.672,2,8,61,73,1970-01-21 12:03:15.060,1970-01-21 12:03:57.060,Đông,,,
Đà Nẵng,Duyên hải Nam Trung Bộ,2026-02-19,22.7,25.72,20.56,25.74,28.660000000000004,23.94,4.720000000000001,4.720000000000001,0.0,19.4,86.6,15.24,34.68,17.916,1018.94,70.4,20.16,0.0,3.264,15.7969,108.1106,10.244,11.688,2,8,53,47,1970-01-21 12:04:41.400,1970-01-21 12:05:23.496,Đông,,,
Đà Nẵng,Duyên hải Nam Trung Bộ,2026-02-20,22.4,26.160000000000004,20.1,25.26,28.24,23.3,3.4,3.4,0.0,12.6,85.0,13.28,30.160000000000004,17.074,1018.3,67.4,19.6,0.0,3.252,15.7969,108.1106,10.38,11.702,2,8,53,51,1970-01-21 12:06:07.800,1970-01-21 12:06:49.908,Đông,,,
Đà Nẵng,Duyên hải Nam Trung Bộ,2026-02-21,22.4,27.78,18.42,25.56,32.1,21.0,0.0,0.0,0.0,0.0,84.8,11.56,26.28,21.67,1012.04,34.0,19.46,0.0,4.106,15.7969,108.1106,10.946000000000002,11.712,2,8,3,79,1970-01-21 12:07:34.140,1970-01-21 12:08:16.320,Đông,,,
Đà Nẵng,Duyên hải Nam Trung Bộ,2026-02-22,23.42,28.6,19.46,27.360000000000003,34.2,22.58,0.0,0.0,0.0,0.0,87.6,13.34,31.02,21.107999999999997,1009.8,40.0,21.04,0.0,4.026,15.7969,108.1106,10.524,11.728,2,8,3,47,1970-01-21 12:09:00.516,1970-01-21 12:09:42.720,Đông,,,
Đà Nẵng,Duyên hải Nam Trung Bộ,2026-02-23,24.34,29.28,21.46,28.22,34.160000000000004,25.32,0.2799999999999999,0.2799999999999999,0.0,2.8,83.8,12.02,27.380000000000003,19.732,1010.6,44.2,21.18,0.0,3.944,15.7969,108.1106,10.260000000000002,11.742,2,9,51,56,1970-01-21 12:10:26.880,1970-01-21 12:11:09.156,Đông,,,
Đà Nẵng,Duyên hải Nam Trung Bộ,2026-02-24,23.94,28.74,20.94,27.9,33.46,24.72,0.2,0.2,0.0,2.0,84.8,11.4,27.22,19.072,1011.5,50.2,21.04,0.0,3.762,15.7969,108.1106,9.88,11.758,2,9,51,57,1970-01-21 12:11:53.256,1970-01-21 12:12:35.580,Đông,,,
Đà Nẵng,Duyên hải Nam Trung Bộ,2026-02-25,23.68,28.58,20.44,27.6,33.78,24.18,0.04,0.04,0.0,0.4,84.8,11.82,28.380000000000003,21.586,1012.36,77.8,20.7,0.0,4.176,15.7969,108.1106,10.698,11.772,2,9,3,61,1970-01-21 12:13:19.620,1970-01-21 12:14:01.980,Đông,,,
Đà Nẵng,Duyên hải Nam Trung Bộ,2026-02-26,24.76,28.78,21.96,28.92,32.62,26.160000000000004,0.8800000000000001,0.8800000000000001,0.0,4.4,85.2,11.08,26.04,14.248,1010.18,80.6,21.9,0.0,2.952,15.7969,108.1106,7.314,11.788,2,9,51,70,1970-01-21 12:14:45.960,1970-01-21 12:15:28.416,Đông,,,
Đà Nẵng,Duyên hải Nam Trung Bộ,2026-02-27,24.36,27.48,23.0,29.619999999999997,32.519999999999996,27.9,12.98,12.98,0.0,14.6,93.8,5.779999999999999,16.28,7.886,1008.5,98.8,23.24,0.0,1.6619999999999997,15.7969,108.1106,1.654,11.8,2,9,61,143,1970-01-21 12:16:12.360,1970-01-21 12:16:54.840,Đông,,,
Đà Nẵng,Duyên hải Nam Trung Bộ,2026-02-28,25.58,31.54,21.54,30.72,37.86,25.479999999999997,0.1399999999999999,0.1399999999999999,0.0,0.4,86.6,11.62,26.639999999999997,21.208,1007.52,47.0,22.86,0.0,4.288,15.7969,108.1106,11.056,11.812,2,9,3,38,1970-01-21 12:17:38.700,1970-01-21 12:18:21.240,Đông,,,
Đà Nẵng,Duyên hải Nam Trung Bộ,2026-03-01,26.639999999999997,32.7,22.72,32.38,40.0,27.28,1.3199999999999998,1.3199999999999998,0.0,1.8,86.0,9.36,25.48,20.714,1007.56,60.8,23.74,0.0,4.312,15.7969,108.1106,10.198,11.83,3,9,51,107,1970-01-21 12:19:05.076,1970-01-21 12:19:47.640,Xuân,,,
Đà Nẵng,Duyên hải Nam Trung Bộ,2026-03-02,27.24,32.9,23.4,33.239999999999995,40.28,28.5,0.6799999999999999,0.6799999999999999,0.0,1.2,85.4,10.7,26.860000000000003,20.378,1008.74,50.2,24.3,0.0,4.26,15.7969,108.1106,11.078,11.842,3,10,51,109,1970-01-21 12:20:31.440,1970-01-21 12:21:14.076,Xuân,,,
Đà Nẵng,Duyên hải Nam Trung Bộ,2026-03-03,26.04,32.52,22.92,31.78,39.66,28.08,8.760000000000002,8.760000000000002,0.0,4.4,89.4,10.5,27.08,17.65,1009.92,55.4,23.98,0.0,3.612,15.7969,108.1106,10.368,11.858,3,10,63,140,1970-01-21 12:21:57.780,1970-01-21 12:22:40.500,Xuân,,,
Đà Nẵng,Duyên hải Nam Trung Bộ,2026-03-04,24.54,27.94,22.3,28.82,32.42,26.42,5.12,5.12,0.0,9.6,88.6,13.02,30.380000000000003,15.696000000000002,1012.62,77.0,22.36,0.0,3.116,15.7969,108.1106,9.51,11.872,3,10,53,32,1970-01-21 12:23:24.168,1970-01-21 12:24:06.900,Xuân,,,
Đà Nẵng,Duyên hải Nam Trung Bộ,2026-03-05,23.4,27.18,21.36,27.32,31.579999999999995,25.24,6.36,6.36,0.0,10.8,88.0,10.66,27.74,14.574000000000002,1013.44,80.4,21.2,0.0,2.8600000000000003,15.7969,108.1106,8.078,11.888000000000002,3,10,61,10,1970-01-21 12:24:50.520,1970-01-21 12:25:33.300,Xuân,,,
Đà Nẵng,Duyên hải Nam Trung Bộ,2026-03-06,22.5,24.66,21.380000000000003,26.18,28.339999999999996,24.94,22.2,22.2,0.0,20.6,92.2,11.38,26.839999999999996,8.258,1014.96,91.6,21.16,0.0,1.618,15.7969,108.1106,2.1599999999999997,11.9,3,10,63,22,1970-01-21 12:26:16.860,1970-01-21 12:26:59.712,Xuân,,,
Đà Nẵng,Duyên hải Nam Trung Bộ,2026-03-07,23.24,27.04,20.74,26.339999999999996,30.160000000000004,23.9,2.76,2.76,0.0,12.4,83.0,13.36,31.54,20.504,1016.18,50.6,20.0,0.0,3.884,15.7969,108.1106,11.06,11.918,3,10,51,51,1970-01-21 12:27:43.248,1970-01-21 12:28:26.136,Xuân,,,
Đà Nẵng,Duyên hải Nam Trung Bộ,2026-03-08,22.96,26.7,19.98,26.24,30.26,23.119999999999997,3.76,3.76,0.0,14.6,84.4,12.34,28.74,19.113999999999997,1016.28,53.2,20.06,0.0,3.636,15.7969,108.1106,11.266,11.93,3,10,53,29,1970-01-21 12:29:09.600,1970-01-21 12:29:52.560,Xuân,,,
Đà Nẵng,Duyên hải Nam Trung Bộ,2026-03-09,22.76,25.72,20.82,26.139999999999997,28.92,24.24,14.4,14.4,0.0,22.8,91.4,14.22,34.9,13.348,1017.38,90.8,21.26,0.0,2.482,15.7969,108.1106,7.69,11.948,3,11,61,13,1970-01-21 12:30:35.940,1970-01-21 12:31:18.960,Xuân,,,
Đà Nẵng,Duyên hải Nam Trung Bộ,2026-03-10,21.96,24.06,20.54,24.58,26.380000000000003,23.44,14.8,14.8,0.0,23.0,91.6,17.64,39.8,12.232,1018.68,83.8,20.46,0.0,2.182,15.7969,108.1106,6.262,11.96,3,11,63,11,1970-01-21 12:32:02.328,1970-01-21 12:32:45.360,Xuân,,,
Đà Nẵng,Duyên hải Nam Trung Bộ,2026-03-11,21.94,24.88,19.56,24.94,27.860000000000003,22.4,2.6,2.6,0.0,14.0,87.0,9.76,25.78,14.572,1017.0,81.4,19.58,0.0,2.746,15.7969,108.1106,7.654000000000001,11.978,3,11,51,2,1970-01-21 12:33:28.680,1970-01-21 12:34:11.760,Xuân,,,
Đà Nẵng,Duyên hải Nam Trung Bộ,2026-03-12,21.84,24.64,20.36,24.78,27.18,23.24,12.58,12.58,0.0,22.2,90.4,13.3,31.6,12.102,1016.2,95.0,20.14,0.0,2.272,15.7969,108.1106,4.998,11.99,3,11,61,33,1970-01-21 12:34:55.020,1970-01-21 12:35:38.196,Xuân,,,
Đà Nẵng,Duyên hải Nam Trung Bộ,2026-03-13,21.74,24.34,20.1,24.26,26.3,22.46,14.660000000000002,14.660000000000002,0.0,19.2,88.6,14.44,32.62,11.81,1017.24,95.4,19.66,0.0,2.3,15.7969,108.1106,5.936,12.008,3,11,63,20,1970-01-21 12:36:21.384,1970-01-21 12:37:04.620,Xuân,,,
Đà Nẵng,Duyên hải Nam Trung Bộ,2026-03-14,21.98,24.92,20.119999999999997,24.3,26.2,22.64,19.84,19.84,0.0,14.2,85.6,13.94,31.9,10.232,1018.38,77.0,19.18,0.0,2.134,15.7969,108.1106,4.9,12.02,3,11,63,41,1970-01-21 12:37:47.748,1970-01-21 12:38:31.020,Xuân,,,
Đà Nẵng,Duyên hải Nam Trung Bộ,2026-03-15,21.7,25.3,18.78,24.24,28.04,21.24,1.96,1.96,0.0,11.8,85.0,13.5,30.82,16.324,1018.2,51.6,18.92,0.0,3.104,15.7969,108.1106,10.298,12.038,3,11,51,30,1970-01-21 12:39:14.100,1970-01-21 12:39:57.420,Xuân,,,
Đà Nẵng,Duyên hải Nam Trung Bộ,2026-03-16,21.9,25.14,18.32,24.94,28.139999999999997,20.72,1.86,1.86,0.0,8.6,86.2,8.42,22.16,14.678,1015.98,65.4,19.36,0.0,2.806,15.7969,108.1106,7.206,12.05,3,12,51,64,1970-01-21 12:40:40.440,1970-01-21 12:41:23.820,Xuân,,,
Đà Nẵng,Duyên hải Nam Trung Bộ,2026-03-17,23.2,27.92,19.1,26.3,31.139999999999997,22.06,0.1399999999999999,0.1399999999999999,0.0,1.2,81.6,11.5,26.5,18.6,1014.14,40.8,19.58,0.0,3.708,15.7969,108.1106,11.35,12.068,3,12,51,82,1970-01-21 12:42:06.804,1970-01-21 12:42:50.220,Xuân,,,
Đà Nẵng,Duyên hải Nam Trung Bộ,2026-03-18,23.54,28.76,19.58,27.119999999999997,33.18,22.68,0.0,0.0,0.0,0.0,83.6,12.16,28.160000000000004,21.368,1013.84,38.6,20.28,0.0,4.202,15.7969,108.1106,11.553999999999998,12.08,3,12,3,68,1970-01-21 12:43:33.180,1970-01-21 12:44:16.656,Xuân,,,
Đà Nẵng,Duyên hải Nam Trung Bộ,2026-03-19,23.619999999999997,28.639999999999997,20.0,27.46,34.06,23.42,0.0,0.0,0.0,0.0,85.0,12.62,30.44,22.132,1013.14,36.0,20.72,0.0,4.314,15.7969,108.1106,11.312,12.092,3,12,3,66,1970-01-21 12:44:59.520,1970-01-21 12:45:43.068,Xuân,,,
Đà Nẵng,Duyên hải Nam Trung Bộ,2026-03-20,23.98,29.4,19.64,27.96,34.9,22.98,0.32,0.32,0.0,0.4,85.4,13.3,30.68,22.144,1012.64,40.0,21.119999999999997,0.0,4.358,15.7969,108.1106,11.332,12.11,3,12,3,56,1970-01-21 12:46:25.860,1970-01-21 12:47:09.480,Xuân,,,
Đà Nẵng,Duyên hải Nam Trung Bộ,2026-03-21,24.2,29.339999999999996,20.3,28.1,33.28,23.9,0.14,0.14,0.0,1.2,84.8,13.44,30.32,19.81,1013.86,45.6,21.16,0.0,3.986,15.7969,108.1106,10.43,12.12,3,12,51,65,1970-01-21 12:47:52.236,1970-01-21 12:48:35.880,Xuân,,,
Đà Nẵng,Duyên hải Nam Trung Bộ,2026-03-22,24.48,29.44,21.32,28.52,33.980000000000004,25.4,0.02,0.02,0.0,0.2,84.4,14.26,32.46,22.16,1013.24,43.2,21.4,0.0,4.378,15.7969,108.1106,11.172,12.14,3,12,3,69,1970-01-21 12:49:18.600,1970-01-21 12:50:02.280,Xuân,,,
Đà Nẵng,Duyên hải Nam Trung Bộ,2026-03-23,24.64,29.42,21.3,28.9,34.519999999999996,25.28,0.0,0.0,0.0,0.0,83.6,12.42,29.02,23.092,1012.38,37.4,21.46,0.0,4.558,15.7969,108.1106,11.172,12.15,3,13,3,67,1970-01-21 12:50:44.940,1970-01-21 12:51:28.680,Xuân,,,
Đà Nẵng,Duyên hải Nam Trung Bộ,2026-03-24,24.56,30.06,20.6,29.0,35.9,24.42,0.0,0.0,0.0,0.0,85.2,11.52,26.94,23.432,1010.98,35.2,21.64,0.0,4.654,15.7969,108.1106,11.04,12.17,3,13,3,51,1970-01-21 12:52:11.280,1970-01-21 12:52:55.104,Xuân,,,
Đà Nẵng,Duyên hải Nam Trung Bộ,2026-03-25,24.48,29.5,20.94,28.8,34.980000000000004,24.8,0.18,0.18,0.0,1.8,86.2,11.84,28.380000000000003,21.142,1011.6,52.2,21.78,0.0,4.214,15.7969,108.1106,9.402,12.18,3,13,51,67,1970-01-21 12:53:37.668,1970-01-21 12:54:21.528,Xuân,,,
Đà Nẵng,Duyên hải Nam Trung Bộ,2026-03-26,25.26,31.120000000000005,21.74,30.18,38.02,26.04,0.0,0.0,0.0,0.0,85.4,12.56,30.1,23.862,1010.66,37.8,22.42,0.0,4.776,15.7969,108.1106,10.924,12.2,3,13,3,60,1970-01-21 12:55:04.020,1970-01-21 12:55:47.940,Xuân,,,
Đà Nẵng,Duyên hải Nam Trung Bộ,2026-03-27,26.1,32.28,21.54,31.46,39.260000000000005,25.82,0.0,0.0,0.0,0.0,85.4,9.92,24.56,23.76,1009.08,38.4,23.18,0.0,4.91,15.7969,108.1106,11.144,12.21,3,13,3,45,1970-01-21 12:56:30.360,1970-01-21 12:57:14.340,Xuân,,,
Đà Nẵng,Duyên hải Nam Trung Bộ,2026-03-28,26.28,32.58,22.08,31.72,40.16,26.6,0.0,0.0,0.0,0.0,85.0,11.76,27.5,23.922,1008.82,34.6,23.26,0.0,4.978,15.7969,108.1106,11.146,12.23,3,13,3,64,1970-01-21 12:57:56.712,1970-01-21 12:58:40.740,Xuân,,,
Đà Nẵng,Duyên hải Nam Trung Bộ,2026-03-29,26.619999999999997,33.46,21.94,31.820000000000004,40.18,26.28,0.0,0.0,0.0,0.0,82.6,12.6,29.22,24.33,1008.96,60.4,22.880000000000003,0.0,5.138,15.7969,108.1106,11.348,12.24,3,13,3,66,1970-01-21 12:59:23.076,1970-01-21 13:00:07.140,Xuân,,,
Đà Nẵng,Duyên hải Nam Trung Bộ,2026-03-30,27.360000000000003,33.94,23.26,32.839999999999996,40.48,28.44,0.0,0.0,0.0,0.0,81.8,12.32,27.92,23.806,1009.22,40.4,23.380000000000003,0.0,5.1259999999999994,15.7969,108.1106,11.24,12.26,3,14,3,73,1970-01-21 13:00:49.440,1970-01-21 13:01:33.540,Xuân,,,
Đà Nẵng,Duyên hải Nam Trung Bộ,2026-03-31,27.96,35.92,22.04,32.760000000000005,41.34,25.96,0.0,0.0,0.0,0.0,74.6,11.52,25.98,24.138,1008.94,60.4,22.16,0.0,5.372,15.7969,108.1106,11.916,12.27,3,14,3,108,1970-01-21 13:02:15.780,1970-01-21 13:02:59.964,Xuân,,,
Đà Nẵng,Duyên hải Nam Trung Bộ,2026-04-01,27.619999999999997,34.84,23.06,32.480000000000004,40.760000000000005,26.96,0.06,0.06,0.0,0.2,75.8,11.94,30.04,23.908,1009.72,21.0,22.4,0.0,5.182,15.7969,108.1106,11.944,12.288,4,14,3,20,1970-01-21 13:03:42.132,1970-01-21 13:04:26.388,Xuân,,,
Đà Nẵng,Duyên hải Nam Trung Bộ,2026-04-02,27.2,33.239999999999995,22.8,32.44,39.3,27.76,0.0,0.0,0.0,0.0,80.2,12.78,28.24,24.06,1010.68,24.0,23.1,0.0,5.1579999999999995,15.7969,108.1106,11.63,12.3,4,14,3,77,1970-01-21 13:05:08.496,1970-01-21 13:05:52.800,Xuân,,,
Đà Nẵng,Duyên hải Nam Trung Bộ,2026-04-03,27.82,34.42,22.9,33.08,40.64,27.7,0.0,0.0,0.0,0.0,77.8,13.44,30.76,24.380000000000003,1008.0,16.2,22.98,0.0,5.2780000000000005,15.7969,108.1106,11.948,12.318,4,14,2,82,1970-01-21 13:06:34.860,1970-01-21 13:07:19.200,Xuân,,,
Đà Nẵng,Duyên hải Nam Trung Bộ,2026-04-04,29.22,37.4,23.26,34.06,42.5,27.1,0.0,0.0,0.0,0.0,71.6,12.12,28.52,24.286,1005.88,18.2,22.48,0.0,5.566,15.7969,108.1106,11.95,12.33,4,14,2,167,1970-01-21 13:08:01.200,1970-01-21 13:08:45.600,Xuân,,,
Đà Nẵng,Duyên hải Nam Trung Bộ,2026-04-05,29.1,37.56,22.8,34.019999999999996,42.739999999999995,26.18,0.0,0.0,0.0,0.0,71.6,13.38,29.6,24.572,1005.72,9.0,22.54,0.0,5.587999999999999,15.7969,108.1106,11.954,12.348,4,14,2,120,1970-01-21 13:09:27.564,1970-01-21 13:10:12.000,Xuân,,,
Đà Nẵng,Duyên hải Nam Trung Bộ,2026-04-06,29.78,38.66,23.58,34.62,43.62,27.32,0.0,0.0,0.0,0.0,69.2,12.56,28.02,24.694,1006.46,3.8,22.46,0.0,5.7299999999999995,15.7969,108.1106,11.956,12.36,4,15,1,146,1970-01-21 13:10:53.916,1970-01-21 13:11:38.400,Xuân,,,
Đà Nẵng,Duyên hải Nam Trung Bộ,2026-04-07,29.96,39.02,23.76,34.42,42.88,26.98,0.0,0.0,0.0,0.0,66.0,13.64,32.019999999999996,24.898000000000003,1007.22,16.0,21.880000000000003,0.0,5.912000000000001,15.7969,108.1106,11.958000000000002,12.378,4,15,3,150,1970-01-21 13:12:20.280,1970-01-21 13:13:04.824,Xuân,,,
Đà Nẵng,Duyên hải Nam Trung Bộ,2026-04-08,29.48,37.68,23.58,34.38,42.9,27.119999999999997,0.0,0.0,0.0,0.0,69.6,12.66,28.68,24.642,1008.24,3.0,22.42,0.0,5.608,15.7969,108.1106,11.96,12.39,4,15,0,78,1970-01-21 13:13:46.620,1970-01-21 13:14:31.236,Xuân,,,
Đà Nẵng,Duyên hải Nam Trung Bộ,2026-04-09,29.22,37.22,23.92,34.6,43.02,28.639999999999997,0.0,0.0,0.0,0.0,73.6,14.12,31.68,24.464,1008.8,20.2,23.2,0.0,5.542,15.7969,108.1106,11.928,12.402,4,15,3,50,1970-01-21 13:15:12.996,1970-01-21 13:15:57.660,Xuân,,,
Đà Nẵng,Duyên hải Nam Trung Bộ,2026-04-10,30.160000000000004,38.4,24.619999999999997,35.42,43.64,29.32,0.0,0.0,0.0,0.0,70.2,13.26,29.3,24.07,1008.3,8.6,23.119999999999997,0.0,5.62,15.7969,108.1106,11.966,12.418,4,15,1,124,1970-01-21 13:16:39.360,1970-01-21 13:17:24.060,Xuân,,,
Đà Nẵng,Duyên hải Nam Trung Bộ,2026-04-11,30.28,38.32,24.54,35.260000000000005,43.4,28.880000000000003,0.04,0.04,0.0,0.4,68.0,14.080000000000002,31.24,24.196,1007.12,5.4,22.66,0.0,5.68,15.7969,108.1106,11.968,12.432,4,15,1,121,1970-01-21 13:18:05.700,1970-01-21 13:18:50.460,Xuân,,,
Đà Nẵng,Duyên hải Nam Trung Bộ,2026-04-12,30.360000000000003,37.66,24.52,35.4,42.88,28.72,0.0,0.0,0.0,0.0,67.4,12.66,28.22,24.412,1006.52,4.8,22.74,0.0,5.7219999999999995,15.7969,108.1106,11.972,12.448,4,15,1,88,1970-01-21 13:19:32.076,1970-01-21 13:20:16.860,Xuân,,,
Đà Nẵng,Duyên hải Nam Trung Bộ,2026-04-13,30.160000000000004,37.66,24.74,35.58,43.42,29.68,0.0,0.0,0.0,0.0,71.0,15.2,33.7,24.206,1008.02,5.6,23.380000000000003,0.0,5.64,15.7969,108.1106,11.976,12.462,4,16,1,19,1970-01-21 13:20:58.440,1970-01-21 13:21:43.296,Xuân,,,
Đà Nẵng,Duyên hải Nam Trung Bộ,2026-04-14,29.860000000000003,36.5,25.52,35.739999999999995,43.17999999999999,31.18,0.1,0.1,0.0,0.6,74.8,12.1,28.360000000000003,22.93,1008.38,30.4,24.26,0.0,5.234,15.7969,108.1106,11.976,12.472,4,16,3,46,1970-01-21 13:22:24.780,1970-01-21 13:23:09.696,Xuân,,,
Đà Nẵng,Duyên hải Nam Trung Bộ,2026-04-15,29.28,35.82,24.64,35.239999999999995,42.66,30.42,0.42,0.42,0.0,1.0,77.2,12.5,30.32,23.814,1007.3,35.4,24.32,0.0,5.306,15.7969,108.1106,11.966,12.488,4,16,3,37,1970-01-21 13:23:51.156,1970-01-21 13:24:36.120,Xuân,,,
Đà Nẵng,Duyên hải Nam Trung Bộ,2026-04-16,28.52,34.68,24.4,34.239999999999995,41.14,29.4,1.64,1.64,0.0,0.8,78.2,10.62,28.72,20.666,1008.1,36.6,23.96,0.0,4.558,15.7969,108.1106,11.794,12.502,4,16,3,94,1970-01-21 13:25:17.520,1970-01-21 13:26:02.520,Xuân,,,
Đà Nẵng,Duyên hải Nam Trung Bộ,2026-04-17,27.9,33.86,24.16,33.78,40.56,29.9,1.04,1.04,0.0,3.0,82.4,13.04,32.38,21.088,1009.38,47.6,24.34,0.0,4.568,15.7969,108.1106,10.846,12.518,4,16,53,27,1970-01-21 13:26:43.860,1970-01-21 13:27:28.920,Xuân,,,
Đà Nẵng,Duyên hải Nam Trung Bộ,2026-04-18,27.68,32.64,24.880000000000003,32.9,38.94,30.2,2.1,2.1,0.0,7.0,80.0,13.28,31.880000000000003,20.412,1010.2,73.0,23.72,0.0,4.468,15.7969,108.1106,10.558,12.53,4,16,53,58,1970-01-21 13:28:10.236,1970-01-21 13:28:55.320,Xuân,,,
Đà Nẵng,Duyên hải Nam Trung Bộ,2026-04-19,26.96,32.44,23.619999999999997,31.82,38.02,28.839999999999996,0.3399999999999999,0.3399999999999999,0.0,1.4,79.2,13.98,31.52,19.33,1010.22,74.4,22.74,0.0,4.242,15.7969,108.1106,8.098,12.541999999999998,4,16,3,44,1970-01-21 13:29:36.600,1970-01-21 13:30:21.756,Xuân,,,
Đà Nẵng,Duyên hải Nam Trung Bộ,2026-04-20,27.1,33.4,23.08,32.2,39.86,28.08,3.28,3.28,0.0,2.6,80.0,14.52,36.16,21.508000000000003,1009.74,63.8,22.92,0.0,4.662,15.7969,108.1106,11.104,12.558000000000002,4,17,3,113,1970-01-21 13:31:02.940,1970-01-21 13:31:48.180,Xuân,,,
Đà Nẵng,Duyên hải Nam Trung Bộ,2026-04-21,27.76,33.88,23.34,33.08,40.260000000000005,28.360000000000003,0.18,0.18,0.0,0.8,78.2,13.34,30.46,24.484,1008.48,32.8,23.04,0.0,5.338,15.7969,108.1106,11.836,12.572,4,17,2,17,1970-01-21 13:32:29.316,1970-01-21 13:33:14.580,Xuân,,,
Đà Nẵng,Duyên hải Nam Trung Bộ,2026-04-22,28.68,35.019999999999996,23.880000000000003,34.160000000000004,41.4,29.119999999999997,0.48,0.48,0.0,0.8,75.8,12.18,28.58,23.782,1007.24,39.4,23.4,0.0,5.3,15.7969,108.1106,11.998,12.588,4,17,3,41,1970-01-21 13:33:55.680,1970-01-21 13:34:40.980,Xuân,,,
Đà Nẵng,Duyên hải Nam Trung Bộ,2026-04-23,29.32,36.08,24.56,35.1,42.56,29.96,0.48,0.48,0.0,1.0,75.4,12.94,32.239999999999995,23.42,1006.68,65.0,23.880000000000003,0.0,5.288,15.7969,108.1106,11.998,12.6,4,17,3,84,1970-01-21 13:35:22.056,1970-01-21 13:36:07.380,Xuân,,,
Đà Nẵng,Duyên hải Nam Trung Bộ,2026-04-24,26.839999999999996,32.42,23.78,32.480000000000004,38.7,28.74,9.66,9.66,0.0,8.4,86.4,14.22,34.339999999999996,16.924,1010.08,98.6,24.160000000000004,0.0,3.588,15.7969,108.1106,7.308,12.611999999999998,4,17,63,2,1970-01-21 13:36:48.420,1970-01-21 13:37:33.816,Xuân,,,
Đà Nẵng,Duyên hải Nam Trung Bộ,2026-04-25,25.78,29.68,23.619999999999997,30.860000000000003,34.739999999999995,28.660000000000004,5.46,5.46,0.0,10.0,87.2,11.84,28.139999999999997,15.806,1012.98,89.2,23.34,0.0,3.246,15.7969,108.1106,8.55,12.628,4,17,55,14,1970-01-21 13:38:14.760,1970-01-21 13:39:00.240,Xuân,,,
Đà Nẵng,Duyên hải Nam Trung Bộ,2026-04-26,26.54,31.1,23.58,31.7,37.32,28.92,1.36,1.36,0.0,7.4,82.6,10.7,27.06,18.87,1011.78,94.0,23.06,0.0,4.002000000000001,15.7969,108.1106,9.596,12.64,4,17,51,85,1970-01-21 13:39:41.148,1970-01-21 13:40:26.640,Xuân,,,
Đà Nẵng,Duyên hải Nam Trung Bộ,2026-04-27,27.32,32.38,23.76,32.78,38.84,29.1,0.98,0.98,0.0,1.6,81.2,10.32,24.78,18.856,1009.66,91.8,23.52,0.0,4.104000000000001,15.7969,108.1106,10.308,12.65,4,18,51,129,1970-01-21 13:41:07.500,1970-01-21 13:41:53.040,Xuân,,,
Đà Nẵng,Duyên hải Nam Trung Bộ,2026-04-28,27.02,33.980000000000004,24.22,32.96,40.86,29.860000000000003,2.58,2.58,0.0,4.4,86.2,10.28,24.92,17.386000000000003,1008.76,91.2,24.18,0.0,3.718,15.7969,108.1106,7.322,12.662,4,18,53,205,1970-01-21 13:42:33.876,1970-01-21 13:43:19.476,Xuân,,,
Đà Nẵng,Duyên hải Nam Trung Bộ,2026-04-29,27.68,34.32,23.82,32.78,40.94,28.42,1.06,1.06,0.0,3.2,79.0,12.6,28.7,22.894,1010.1,67.0,23.1,0.0,5.076,15.7969,108.1106,11.526,12.68,4,18,51,280,1970-01-21 13:44:00.240,1970-01-21 13:44:45.888,Xuân,,,
Đà Nẵng,Duyên hải Nam Trung Bộ,2026-04-30,26.56,30.58,23.68,30.98,35.519999999999996,28.22,1.02,1.02,0.0,5.6,79.8,14.18,33.339999999999996,20.704,1013.3,72.0,22.54,0.0,4.473999999999999,15.7969,108.1106,11.088,12.69,4,18,51,27,1970-01-21 13:45:26.616,1970-01-21 13:46:12.300,Xuân,,,
Đà Nẵng,Duyên hải Nam Trung Bộ,2026-05-01,26.52,31.22,22.96,31.2,36.78,27.46,0.2,0.2,0.0,1.2,79.8,12.24,28.6,18.732,1012.34,88.0,22.56,0.0,4.036,15.7969,108.1106,9.978,12.7,5,18,51,85,1970-01-21 13:46:52.980,1970-01-21 13:47:38.700,Xuân,,,
Đà Nẵng,Duyên hải Nam Trung Bộ,2026-05-02,28.0,33.519999999999996,23.86,33.7,40.42,29.24,0.54,0.54,0.0,1.2,79.8,9.48,23.42,22.6,1010.26,82.0,23.78,0.0,4.91,15.7969,108.1106,11.762,12.712,5,18,53,82,1970-01-21 13:48:19.356,1970-01-21 13:49:05.136,Xuân,,,
Đà Nẵng,Duyên hải Nam Trung Bộ,2026-05-03,28.68,34.6,24.18,34.760000000000005,41.88,29.880000000000003,0.5599999999999999,0.5599999999999999,0.0,1.6,79.6,9.86,23.32,22.622,1009.68,75.0,24.380000000000003,0.0,5.01,15.7969,108.1106,11.862,12.73,5,18,51,27,1970-01-21 13:49:45.720,1970-01-21 13:50:31.548,Xuân,,,
Đà Nẵng,Duyên hải Nam Trung Bộ,2026-05-04,27.8,32.239999999999995,24.58,33.32,37.92,29.7,4.1,4.1,0.0,12.8,81.8,14.920000000000002,34.18,20.84,1012.4,93.8,24.16,0.0,4.5280000000000005,15.7969,108.1106,10.144,12.74,5,19,61,51,1970-01-21 13:51:12.108,1970-01-21 13:51:57.960,Xuân,,,
Đà Nẵng,Duyên hải Nam Trung Bộ,2026-05-05,26.660000000000004,30.7,24.0,31.880000000000003,36.0,29.46,2.96,2.96,0.0,10.2,83.8,13.9,32.32,20.46,1011.84,80.4,23.4,0.0,4.29,15.7969,108.1106,10.284,12.75,5,19,51,7,1970-01-21 13:52:38.472,1970-01-21 13:53:24.360,Xuân,,,
Đà Nẵng,Duyên hải Nam Trung Bộ,2026-05-06,27.76,33.660000000000004,23.04,33.04,39.8,27.9,0.2799999999999999,0.2799999999999999,0.0,1.0,78.6,11.88,28.22,24.286,1010.08,54.0,23.24,0.0,5.286,15.7969,108.1106,10.776,12.76,5,19,3,119,1970-01-21 13:54:04.848,1970-01-21 13:54:50.796,Xuân,,,
Đà Nẵng,Duyên hải Nam Trung Bộ,2026-05-07,28.5,34.22,24.119999999999997,33.980000000000004,40.66,29.76,0.12,0.12,0.0,0.4,77.2,14.04,32.42,24.778,1009.3,39.6,23.7,0.0,5.496,15.7969,108.1106,11.982,12.77,5,19,3,68,1970-01-21 13:55:31.236,1970-01-21 13:56:17.220,Xuân,,,
Đà Nẵng,Duyên hải Nam Trung Bộ,2026-05-08,28.42,33.82,24.22,33.660000000000004,39.62,29.7,0.26,0.26,0.0,1.8,75.8,14.32,33.42,24.954,1010.84,83.8,23.2,0.0,5.522,15.7969,108.1106,12.096,12.79,5,19,51,74,1970-01-21 13:56:57.600,1970-01-21 13:57:43.620,Xuân,,,
Đà Nẵng,Duyên hải Nam Trung Bộ,2026-05-09,27.72,32.160000000000004,23.64,32.96,37.58,28.78,1.1800000000000002,1.1800000000000002,0.0,5.6,78.2,13.94,32.480000000000004,23.401999999999997,1012.02,61.2,23.24,0.0,5.042,15.7969,108.1106,12.036,12.8,5,19,53,40,1970-01-21 13:58:23.976,1970-01-21 13:59:10.056,Xuân,,,
Đà Nẵng,Duyên hải Nam Trung Bộ,2026-05-10,27.8,32.36,24.08,32.980000000000004,37.32,29.619999999999997,1.98,1.98,0.0,9.2,78.8,14.86,34.56,23.442,1011.86,67.4,23.44,0.0,5.042,15.7969,108.1106,12.116,12.81,5,19,53,41,1970-01-21 13:59:50.352,1970-01-21 14:00:36.468,Xuân,,,
Đà Nẵng,Duyên hải Nam Trung Bộ,2026-05-11,28.28,33.519999999999996,24.2,33.660000000000004,38.88,29.72,0.36,0.36,0.0,2.6,77.8,13.56,32.48,23.454,1011.3,67.6,23.56,0.0,5.168,15.7969,108.1106,12.012,12.82,5,20,51,75,1970-01-21 14:01:16.740,1970-01-21 14:02:02.880,Xuân,,,
Đà Nẵng,Duyên hải Nam Trung Bộ,2026-05-12,28.92,34.519999999999996,24.56,34.56,40.58,30.6,0.02,0.02,0.0,0.2,77.2,14.4,33.040000000000006,24.732,1008.66,71.4,24.04,0.0,5.532,15.7969,108.1106,12.07,12.830000000000002,5,20,3,68,1970-01-21 14:02:43.116,1970-01-21 14:03:29.292,Xuân,,,
Đà Nẵng,Duyên hải Nam Trung Bộ,2026-05-13,29.68,35.88,25.74,36.36,43.3,32.38,1.66,1.66,0.0,5.4,78.8,14.12,34.4,23.596,1006.6,73.4,25.119999999999997,0.0,5.212000000000001,15.7969,108.1106,12.002,12.84,5,20,53,40,1970-01-21 14:04:09.492,1970-01-21 14:04:55.716,Xuân,,,
Đà Nẵng,Duyên hải Nam Trung Bộ,2026-05-14,29.52,36.8,25.9,36.1,44.28,31.94,6.18,6.18,0.0,4.4,80.6,11.32,31.839999999999996,21.692,1005.82,84.2,25.3,0.0,4.832,15.7969,108.1106,10.592,12.85,5,20,63,222,1970-01-21 14:05:35.868,1970-01-21 14:06:22.140,Xuân,,,
Đà Nẵng,Duyên hải Nam Trung Bộ,2026-05-15,29.52,36.8,25.78,35.86,43.66,31.74,5.5200000000000005,5.5200000000000005,0.0,9.0,79.8,11.9,37.739999999999995,22.42,1005.54,83.4,25.06,0.0,5.0600000000000005,15.7969,108.1106,11.038,12.86,5,20,55,229,1970-01-21 14:07:02.256,1970-01-21 14:07:48.552,Xuân,,,
Đà Nẵng,Duyên hải Nam Trung Bộ,2026-05-16,28.48,34.06,25.839999999999996,35.019999999999996,40.0,31.78,13.68,13.68,0.0,7.0,86.4,8.879999999999999,22.020000000000003,9.518,1005.88,97.8,25.74,0.0,2.246,15.7969,108.1106,2.338,12.87,5,20,63,198,1970-01-21 14:08:28.632,1970-01-21 14:09:14.976,Xuân,,,
Đà Nẵng,Duyên hải Nam Trung Bộ,2026-05-17,27.839999999999996,34.94,25.119999999999997,34.22,42.56,31.02,14.48,14.48,0.0,9.8,87.4,14.28,35.86,17.878,1006.32,98.0,25.24,0.0,3.824,15.7969,108.1106,8.154,12.88,5,20,63,189,1970-01-21 14:09:55.020,1970-01-21 14:10:41.400,Xuân,,,
Đà Nẵng,Duyên hải Nam Trung Bộ,2026-05-18,28.26,34.18,25.16,34.92,41.66,31.46,8.14,8.14,0.0,6.4,85.8,9.7,25.639999999999997,20.076,1006.12,98.0,25.3,0.0,4.305999999999999,15.7969,108.1106,8.86,12.89,5,21,63,189,1970-01-21 14:11:21.408,1970-01-21 14:12:07.800,Xuân,,,
Đà Nẵng,Duyên hải Nam Trung Bộ,2026-05-19,28.9,33.46,25.639999999999997,35.46,40.64,31.94,3.7599999999999993,3.7599999999999993,0.0,6.4,82.6,9.44,24.98,19.024,1005.48,91.0,25.34,0.0,4.204,15.7969,108.1106,10.38,12.9,5,21,61,126,1970-01-21 14:12:47.796,1970-01-21 14:13:34.236,Xuân,,,
Đà Nẵng,Duyên hải Nam Trung Bộ,2026-05-20,30.0,34.68,26.360000000000003,36.66,40.84,33.239999999999995,0.8800000000000001,0.8800000000000001,0.0,2.4,79.4,11.34,29.8,20.72,1005.06,96.4,25.639999999999997,0.0,4.678,15.7969,108.1106,11.746,12.91,5,21,51,130,1970-01-21 14:14:14.172,1970-01-21 14:15:00.660,Xuân,,,
Đà Nẵng,Duyên hải Nam Trung Bộ,2026-05-21,30.1,36.2,26.42,36.98,43.68,33.339999999999996,7.359999999999999,7.359999999999999,0.0,8.0,80.0,13.38,33.12,23.196,1007.52,99.0,25.8,0.0,5.198,15.7969,108.1106,11.444,12.919999999999998,5,21,63,134,1970-01-21 14:15:40.560,1970-01-21 14:16:27.060,Xuân,,,
Đà Nẵng,Duyên hải Nam Trung Bộ,2026-05-22,29.9,35.88,25.68,36.36,43.12,32.06,0.6599999999999999,0.6599999999999999,0.0,2.8,77.6,11.04,25.94,23.844,1009.18,93.8,25.1,0.0,5.3420000000000005,15.7969,108.1106,12.062,12.93,5,21,51,150,1970-01-21 14:17:06.948,1970-01-21 14:17:53.496,Xuân,,,
Đà Nẵng,Duyên hải Nam Trung Bộ,2026-05-23,30.52,36.4,26.02,36.98,43.86,32.160000000000004,1.1800000000000002,1.1800000000000002,0.0,3.0,74.2,12.8,31.339999999999996,25.044,1009.18,74.0,24.98,0.0,5.644,15.7969,108.1106,12.432,12.938,5,21,53,137,1970-01-21 14:18:33.336,1970-01-21 14:19:19.908,Xuân,,,
Đà Nẵng,Duyên hải Nam Trung Bộ,2026-05-24,31.2,38.17999999999999,26.18,37.72,45.16,32.32,0.6599999999999999,0.6599999999999999,0.0,2.0,73.0,10.18,27.02,25.491999999999997,1009.06,49.6,24.979999999999997,0.0,5.862,15.7969,108.1106,12.474,12.941999999999998,5,21,51,166,1970-01-21 14:19:59.736,1970-01-21 14:20:46.320,Xuân,,,
Đà Nẵng,Duyên hải Nam Trung Bộ,2026-05-25,31.360000000000003,38.28,26.74,37.82,45.32,33.2,1.3199999999999998,1.3199999999999998,0.0,3.2,73.0,13.28,31.9,25.346,1007.88,7.6,25.16,0.0,5.886,15.7969,108.1106,12.53,12.95,5,22,55,170,1970-01-21 14:21:26.124,1970-01-21 14:22:12.756,Xuân,,,
Đà Nẵng,Duyên hải Nam Trung Bộ,2026-05-26,31.119999999999997,38.46,26.18,37.0,44.98,31.54,1.14,1.14,0.0,3.2,71.6,13.84,31.619999999999997,25.328,1006.88,19.4,24.5,0.0,6.024,15.7969,108.1106,12.572,12.96,5,22,51,206,1970-01-21 14:22:52.512,1970-01-21 14:23:39.168,Xuân,,,
Đà Nẵng,Duyên hải Nam Trung Bộ,2026-05-27,30.96,37.82,26.02,37.4,44.68,31.5,1.0,1.0,0.0,2.0,73.2,11.04,26.2,25.752,1007.42,6.8,24.8,0.0,5.894,15.7969,108.1106,12.558,12.970000000000002,5,22,51,152,1970-01-21 14:24:18.900,1970-01-21 14:25:05.580,Xuân,,,
Đà Nẵng,Duyên hải Nam Trung Bộ,2026-05-28,30.76,36.62,26.28,37.48,43.94,32.72,1.14,1.14,0.0,3.0,75.4,8.459999999999999,23.18,24.666,1008.5,35.0,25.24,0.0,5.548,15.7969,108.1106,12.474,12.978,5,22,53,111,1970-01-21 14:25:45.300,1970-01-21 14:26:32.016,Xuân,,,
Đà Nẵng,Duyên hải Nam Trung Bộ,2026-05-29,30.02,36.2,25.880000000000003,36.32,42.48,32.4,0.6,0.6,0.0,2.0,76.2,14.56,32.62,24.886000000000003,1009.02,65.4,24.639999999999997,0.0,5.624,15.7969,108.1106,12.0,12.98,5,22,53,35,1970-01-21 14:27:11.700,1970-01-21 14:27:58.440,Xuân,,,
Đà Nẵng,Duyên hải Nam Trung Bộ,2026-05-30,28.92,34.1,25.24,34.6,39.04,31.48,0.6599999999999999,0.6599999999999999,0.0,3.8,77.4,14.580000000000002,32.62,19.552,1009.42,71.6,24.06,0.0,4.414,15.7969,108.1106,10.602,12.99,5,22,51,48,1970-01-21 14:28:38.088,1970-01-21 14:29:24.852,Xuân,,,
Đà Nẵng,Duyên hải Nam Trung Bộ,2026-05-31,29.26,33.980000000000004,25.7,35.260000000000005,40.64,32.08,0.92,0.92,0.0,4.2,76.2,11.2,28.7,24.408,1009.26,61.0,24.24,0.0,5.318,15.7969,108.1106,12.172,12.998,5,22,51,47,1970-01-21 14:30:04.488,1970-01-21 14:30:51.276,Xuân,,,
Đà Nẵng,Duyên hải Nam Trung Bộ,2026-06-01,29.6,35.42,24.94,35.2,41.6,30.72,0.38,0.38,0.0,2.0,73.4,13.48,31.76,25.883999999999997,1008.74,79.4,23.72,0.0,5.832,15.7969,108.1106,12.226,13.0,6,23,51,54,1970-01-21 14:31:30.888,1970-01-21 14:32:17.700,Hè,,,
Đà Nẵng,Duyên hải Nam Trung Bộ,2026-06-02,29.68,35.7,24.56,35.04,41.34,30.119999999999997,0.12,0.12,0.0,1.0,71.8,13.580000000000002,31.22,26.172000000000004,1006.78,52.4,23.38,0.0,5.982,15.7969,108.1106,12.532,13.01,6,23,51,54,1970-01-21 14:32:57.288,1970-01-21 14:33:44.112,Hè,,,
Đà Nẵng,Duyên hải Nam Trung Bộ,2026-06-03,30.24,36.6,25.3,35.8,42.06,30.880000000000003,1.34,1.34,0.0,4.4,71.2,14.919999999999998,34.56,24.61,1004.76,61.4,23.82,0.0,5.65,15.7969,108.1106,12.418,13.012,6,23,51,16,1970-01-21 14:34:23.688,1970-01-21 14:35:10.536,Hè,,,
Đà Nẵng,Duyên hải Nam Trung Bộ,2026-06-04,31.0,38.38,26.72,36.48,44.8,30.96,1.8799999999999997,1.8799999999999997,0.0,3.8,68.2,14.94,35.36,25.622000000000003,1004.48,55.6,23.74,0.0,6.0520000000000005,15.7969,108.1106,12.564,13.02,6,23,53,164,1970-01-21 14:35:50.088,1970-01-21 14:36:36.960,Hè,,,
Đà Nẵng,Duyên hải Nam Trung Bộ,2026-06-05,30.78,36.4,26.6,35.86,40.98,31.619999999999997,1.8199999999999998,1.8199999999999998,0.0,4.8,67.8,14.88,38.72,21.984,1005.8399999999999,68.6,23.64,0.0,5.392,15.796899999999999,108.1106,12.074000000000002,13.022,6,23,53,212,1970-01-21 14:37:16.488,1970-01-21 14:38:03.372,Hè,,,
Đà Nẵng,Duyên hải Nam Trung Bộ,2026-06-06,32.28,38.1,27.360000000000003,36.739999999999995,42.239999999999995,32.7,0.7,0.7,0.0,1.6,59.2,18.580000000000002,41.62,23.534,1006.7,67.4,22.8,0.0,6.1659999999999995,15.796899999999999,108.1106,12.462,13.029999999999998,6,23,53,227,1970-01-21 14:38:42.888,1970-01-21 14:39:29.796,Hè,,,
Đà Nẵng,Duyên hải Nam Trung Bộ,2026-06-07,33.08,38.06,29.24,36.980000000000004,41.760000000000005,33.980000000000004,0.06,0.06,0.0,0.2,55.4,19.54,44.0,21.94,1006.4399999999999,96.2,22.52,0.0,6.448,15.796899999999999,108.1106,11.184000000000001,13.032,6,23,3,207,1970-01-21 14:40:09.288,1970-01-21 14:40:56.220,Hè,,,
Đà Nẵng,Duyên hải Nam Trung Bộ,2026-06-08,32.739999999999995,37.32000000000001,29.7,35.92,40.22,32.260000000000005,0.0,0.0,0.0,0.0,54.0,21.380000000000003,46.3,19.248,1004.96,93.6,21.880000000000003,0.0,6.212000000000001,15.796899999999999,108.1106,10.190000000000001,13.040000000000001,6,24,3,215,1970-01-21 14:41:35.688,1970-01-21 14:42:22.632,Hè,,,
Đà Nẵng,Duyên hải Nam Trung Bộ,2026-06-09,31.660000000000004,35.08,29.52,35.58,37.839999999999996,33.44,0.0,0.0,0.0,0.0,59.6,17.619999999999997,39.68,11.582,1005.6,99.4,22.619999999999997,0.0,4.154,15.796899999999999,108.1106,2.594,13.041999999999998,6,24,3,226,1970-01-21 14:43:02.100,1970-01-21 14:43:49.056,Hè,,,
Đà Nẵng,Duyên hải Nam Trung Bộ,2026-06-10,28.380000000000003,33.760000000000005,25.839999999999996,34.52,39.160000000000004,31.660000000000004,11.620000000000001,11.620000000000001,0.0,6.4,83.2,14.339999999999998,35.56,13.276,1009.18,91.4,25.04,0.0,2.886,15.796899999999999,108.1106,5.412000000000001,13.048000000000002,6,24,63,11,1970-01-21 14:44:28.500,1970-01-21 14:45:15.468,Hè,,,
Đà Nẵng,Duyên hải Nam Trung Bộ,2026-06-11,28.24,32.339999999999996,25.419999999999998,34.019999999999996,37.68,31.439999999999998,0.04,0.04,0.0,0.4,80.6,11.08,24.42,13.088,1011.9399999999999,89.4,24.34,0.0,3.024,15.796899999999999,108.1106,5.338,13.05,6,24,3,64,1970-01-21 14:45:54.912,1970-01-21 14:46:41.880,Hè,,,
Đà Nẵng,Duyên hải Nam Trung Bộ,2026-06-12,29.76,36.08,25.880000000000003,36.08,42.68,32.32,2.02,2.02,0.0,5.0,77.0,13.719999999999999,32.7,23.162,1012.26,73.4,24.759999999999998,0.0,5.134,15.796899999999999,108.1106,11.558,13.052000000000001,6,24,53,137,1970-01-21 14:47:21.312,1970-01-21 14:48:08.292,Hè,,,
Đà Nẵng,Duyên hải Nam Trung Bộ,2026-06-13,29.96,37.68,25.419999999999998,36.14,44.379999999999995,30.96,4.18,4.18,0.0,5.0,76.0,13.5,32.96,24.106,1009.64,62.4,24.619999999999997,0.0,5.36,15.796899999999999,108.1106,12.517999999999999,13.052000000000001,6,24,61,179,1970-01-21 14:48:47.724,1970-01-21 14:49:34.716,Hè,,,
Đà Nẵng,Duyên hải Nam Trung Bộ,2026-06-14,30.24,38.1,25.119999999999997,36.1,43.94,30.24,2.1,2.1,0.0,4.4,74.2,13.5,32.38,22.612000000000002,1007.0600000000001,79.4,24.4,0.0,5.232,15.796899999999999,108.1106,12.152,13.058000000000002,6,24,53,190,1970-01-21 14:50:14.136,1970-01-21 14:51:01.140,Hè,,,
Đà Nẵng,Duyên hải Nam Trung Bộ,2026-06-15,30.74,38.96,27.0,36.3,44.18,31.76,6.38,6.38,0.0,4.8,71.2,15.2,36.3,23.944,1006.82,85.6,24.2,0.0,5.7700000000000005,15.796899999999999,108.1106,12.284,13.059999999999999,6,25,61,237,1970-01-21 14:51:40.536,1970-01-21 14:52:27.552,Hè,,,
Đà Nẵng,Duyên hải Nam Trung Bộ,2026-06-16,30.060000000000002,38.519999999999996,25.580000000000002,35.92,44.28,30.72,5.220000000000001,5.220000000000001,0.0,5.0,76.0,14.16,33.839999999999996,24.128,1007.9,96.2,24.46,0.0,5.63,15.796899999999999,108.1106,11.966,13.059999999999999,6,25,61,241,1970-01-21 14:53:06.948,1970-01-21 14:53:53.976,Hè,,,
Đà Nẵng,Duyên hải Nam Trung Bộ,2026-06-17,29.660000000000004,38.3,25.0,35.36,44.58,30.0,5.32,5.32,0.0,4.6,77.0,12.959999999999999,33.2,23.57,1008.36,97.6,24.3,0.0,5.45,15.796899999999999,108.1106,10.803999999999998,13.062000000000001,6,25,63,241,1970-01-21 14:54:33.360,1970-01-21 14:55:20.388,Hè,,,
Đà Nẵng,Duyên hải Nam Trung Bộ,2026-06-18,30.0,37.46,25.22,35.96,43.62,30.72,3.2399999999999998,3.2399999999999998,0.0,3.6,75.0,12.3,32.38,22.682,1008.0600000000001,97.4,24.4,0.0,5.151999999999999,15.796899999999999,108.1106,11.55,13.062000000000001,6,25,61,199,1970-01-21 14:55:59.772,1970-01-21 14:56:46.800,Hè,,,
Đà Nẵng,Duyên hải Nam Trung Bộ,2026-06-19,30.82,37.239999999999995,26.340000000000003,36.44,43.16,30.860000000000003,0.72,0.72,0.0,2.8,69.0,12.88,30.46,24.826,1007.68,73.2,23.939999999999998,0.0,5.742,15.796899999999999,108.1106,12.526,13.062000000000001,6,25,51,148,1970-01-21 14:57:26.196,1970-01-21 14:58:13.212,Hè,,,
Đà Nẵng,Duyên hải Nam Trung Bộ,2026-06-20,30.560000000000002,37.36,25.660000000000004,36.06,43.64,30.4,0.26,0.26,0.0,1.2,69.8,14.219999999999999,32.2,25.71,1008.4799999999999,17.4,23.779999999999998,0.0,5.982,15.796899999999999,108.1106,12.61,13.062000000000001,6,25,51,144,1970-01-21 14:58:52.596,1970-01-21 14:59:39.636,Hè,,,
Đà Nẵng,Duyên hải Nam Trung Bộ,2026-06-21,30.52,36.86,26.04,36.480000000000004,44.2,31.839999999999996,1.3,1.3,0.0,3.4,72.8,13.86,33.34,25.14,1008.86,83.6,24.48,0.0,5.726,15.796899999999999,108.1106,12.356,13.062000000000001,6,25,51,108,1970-01-21 15:00:19.008,1970-01-21 15:01:06.048,Hè,,,
Đà Nẵng,Duyên hải Nam Trung Bộ,2026-06-22,30.46,37.28,25.839999999999996,36.660000000000004,44.64,31.52,2.1,2.1,0.0,5.0,74.6,11.42,27.139999999999997,25.504,1007.3,34.0,24.8,0.0,5.828,15.796899999999999,108.1106,12.532,13.062000000000001,6,26,55,189,1970-01-21 15:01:45.420,1970-01-21 15:02:32.460,Hè,,,
Đà Nẵng,Duyên hải Nam Trung Bộ,2026-06-23,31.54,38.660000000000004,26.139999999999997,37.22,43.68,32.4,0.72,0.72,0.0,2.2,70.2,16.240000000000002,39.160000000000004,25.168,1004.72,44.0,24.44,0.0,6.174,15.796899999999999,108.1106,12.534,13.062000000000001,6,26,51,223,1970-01-21 15:03:11.832,1970-01-21 15:03:58.860,Hè,,,
Đà Nẵng,Duyên hải Nam Trung Bộ,2026-06-24,32.46,39.42,27.6,37.64,44.839999999999996,31.98,1.2,1.2,0.0,3.2,62.2,14.680000000000001,34.2,25.503999999999998,1004.2,42.2,23.4,0.0,6.4159999999999995,15.796899999999999,108.1106,12.564,13.062000000000001,6,26,51,218,1970-01-21 15:04:38.256,1970-01-21 15:05:25.272,Hè,,,
Đà Nẵng,Duyên hải Nam Trung Bộ,2026-06-25,32.34,39.64,27.8,37.14,44.0,32.2,1.26,1.26,0.0,2.4,61.6,16.139999999999997,36.980000000000004,24.464,1004.6,67.8,23.119999999999997,0.0,6.362,15.796899999999999,108.1106,12.55,13.062000000000001,6,26,53,249,1970-01-21 15:06:04.668,1970-01-21 15:06:51.696,Hè,,,
Đà Nẵng,Duyên hải Nam Trung Bộ,2026-06-26,30.9,40.12,27.1,36.120000000000005,45.54,32.12,8.0,8.0,0.0,4.2,69.6,18.52,41.04,23.746000000000002,1005.5,79.0,23.8,0.0,5.858,15.796899999999999,108.1106,12.246,13.059999999999999,6,26,63,246,1970-01-21 15:07:31.080,1970-01-21 15:08:18.108,Hè,,,
Đà Nẵng,Duyên hải Nam Trung Bộ,2026-06-27,30.4,37.6,25.919999999999998,36.12,43.239999999999995,31.04,2.34,2.34,0.0,3.8,71.8,13.319999999999999,32.12,23.682,1005.54,95.6,24.2,0.0,5.438000000000001,15.796899999999999,108.1106,12.251999999999999,13.059999999999999,6,26,55,226,1970-01-21 15:08:57.492,1970-01-21 15:09:44.508,Hè,,,
Đà Nẵng,Duyên hải Nam Trung Bộ,2026-06-28,29.6,36.86,25.419999999999998,35.54,43.04,30.619999999999997,16.9,16.9,0.0,10.8,77.0,13.5,35.36,21.738,1005.4399999999999,94.6,24.7,0.0,4.884,15.796899999999999,108.1106,11.884,13.058000000000002,6,26,65,237,1970-01-21 15:10:23.916,1970-01-21 15:11:10.920,Hè,,,
Đà Nẵng,Duyên hải Nam Trung Bộ,2026-06-29,28.98,36.12,25.46,35.5,43.12,31.04,14.7,14.7,0.0,9.8,82.6,12.959999999999999,35.62,22.35,1005.32,86.2,25.34,0.0,4.792,15.796899999999999,108.1106,11.988,13.058000000000002,6,27,63,253,1970-01-21 15:11:50.328,1970-01-21 15:12:37.320,Hè,,,
Đà Nẵng,Duyên hải Nam Trung Bộ,2026-06-30,29.5,35.68,24.880000000000003,35.68,42.1,30.32,7.980000000000001,7.980000000000001,0.0,11.0,78.8,11.540000000000001,29.8,23.875999999999998,1005.78,89.8,24.880000000000003,0.0,5.274,15.796899999999999,108.1106,11.914,13.052000000000001,6,27,63,211,1970-01-21 15:13:16.752,1970-01-21 15:14:03.732,Hè,,,
Đà Nẵng,Duyên hải Nam Trung Bộ,2026-07-01,28.6,34.760000000000005,25.78,35.3,42.0,32.04,12.52,12.52,0.0,7.0,84.6,10.24,29.439999999999998,23.887999999999998,1005.7,67.2,25.36,0.0,5.036,15.796899999999999,108.1106,11.379999999999999,13.05,7,27,63,231,1970-01-21 15:14:43.164,1970-01-21 15:15:30.132,Hè,,,
Đà Nẵng,Duyên hải Nam Trung Bộ,2026-07-02,28.419999999999998,33.6,25.34,34.98,40.519999999999996,31.419999999999998,5.16,5.16,0.0,4.8,85.0,10.540000000000001,28.28,20.412,1005.4399999999999,94.6,25.36,0.0,4.358,15.796899999999999,108.1106,10.096,13.048000000000002,7,27,63,257,1970-01-21 15:16:09.576,1970-01-21 15:16:56.556,Hè,,,
Đà Nẵng,Duyên hải Nam Trung Bộ,2026-07-03,27.2,29.839999999999996,25.439999999999998,33.4,36.22,30.48,10.8,10.8,0.0,16.8,90.4,10.559999999999999,28.139999999999997,6.626,1004.4799999999999,100.0,25.419999999999998,0.0,1.582,15.796899999999999,108.1106,0.092,13.041999999999998,7,27,61,124,1970-01-21 15:17:35.988,1970-01-21 15:18:22.956,Hè,,,
Đà Nẵng,Duyên hải Nam Trung Bộ,2026-07-04,27.78,31.28,25.419999999999998,33.58,36.4,31.02,5.0,5.0,0.0,11.2,84.2,10.22,25.839999999999996,10.559999999999999,1005.6600000000001,100.0,24.7,0.0,2.532,15.796899999999999,108.1106,1.194,13.040000000000001,7,27,53,137,1970-01-21 15:19:02.412,1970-01-21 15:19:49.356,Hè,,,
Đà Nẵng,Duyên hải Nam Trung Bộ,2026-07-05,28.5,32.519999999999996,25.660000000000004,33.339999999999996,36.38,30.9,1.86,1.86,0.0,3.6,76.0,15.219999999999999,36.78,14.401999999999997,1007.0200000000001,99.8,23.56,0.0,3.5759999999999996,15.796899999999999,108.1106,4.782,13.038,7,27,51,217,1970-01-21 15:20:28.836,1970-01-21 15:21:15.756,Hè,,,
Đà Nẵng,Duyên hải Nam Trung Bộ,2026-07-06,28.839999999999996,33.88,26.04,33.519999999999996,38.339999999999996,30.72,1.04,1.04,0.0,3.0,72.8,15.76,39.32000000000001,16.476,1007.26,97.6,23.18,0.0,4.07,15.796899999999999,108.1106,7.325999999999999,13.029999999999998,7,28,51,244,1970-01-21 15:21:55.248,1970-01-21 15:22:42.156,Hè,,,
Đà Nẵng,Duyên hải Nam Trung Bộ,2026-07-07,27.380000000000003,30.22,24.94,32.12,34.68,28.74,2.38,2.38,0.0,8.6,80.2,12.059999999999999,29.96,10.886000000000001,1006.3399999999999,95.6,23.48,0.0,2.7060000000000004,15.796899999999999,108.1106,2.632,13.028,7,28,53,204,1970-01-21 15:23:21.660,1970-01-21 15:24:08.556,Hè,,,
Đà Nẵng,Duyên hải Nam Trung Bộ,2026-07-08,29.4,34.62,24.759999999999998,33.7,38.82,28.46,3.4200000000000004,3.4200000000000004,0.0,6.2,69.8,18.7,44.2,22.503999999999998,1005.1600000000001,64.2,22.759999999999998,0.0,5.484,15.796899999999999,108.1106,12.008,13.02,7,28,61,220,1970-01-21 15:24:48.096,1970-01-21 15:25:34.956,Hè,,,
Đà Nẵng,Duyên hải Nam Trung Bộ,2026-07-09,29.02,33.4,25.4,33.14,36.739999999999995,30.32,2.6,2.6,0.0,3.2,70.4,19.32,44.4,18.224,1005.1600000000001,66.8,22.74,0.0,4.630000000000001,15.796899999999999,108.1106,11.004,13.018,7,28,51,217,1970-01-21 15:26:14.508,1970-01-21 15:27:01.356,Hè,,,
Đà Nẵng,Duyên hải Nam Trung Bộ,2026-07-10,27.7,30.619999999999997,25.660000000000004,32.72,35.3,30.76,8.36,8.36,0.0,12.0,81.4,15.98,37.52,11.168000000000001,1004.3,87.8,24.1,0.0,2.686,15.796899999999999,108.1106,5.296,13.01,7,28,55,216,1970-01-21 15:27:40.920,1970-01-21 15:28:27.756,Hè,,,
Đà Nẵng,Duyên hải Nam Trung Bộ,2026-07-11,29.360000000000003,33.78,25.639999999999997,33.12,37.019999999999996,30.02,2.8400000000000003,2.8400000000000003,0.0,7.0,70.0,18.18,42.5,17.654,1001.6,82.8,22.7,0.0,4.884,15.796899999999999,108.1106,11.016,13.002,7,28,53,217,1970-01-21 15:29:07.356,1970-01-21 15:29:54.156,Hè,,,
Đà Nẵng,Duyên hải Nam Trung Bộ,2026-07-12,29.660000000000004,35.0,26.080000000000002,34.2,39.4,30.74,8.36,8.36,0.0,7.4,70.0,18.560000000000002,46.56,18.032,1001.4799999999999,73.6,23.16,0.0,4.586,15.796899999999999,108.1106,10.046000000000001,13.0,7,28,61,227,1970-01-21 15:30:33.768,1970-01-21 15:31:20.556,Hè,,,
Đà Nẵng,Duyên hải Nam Trung Bộ,2026-07-13,29.119999999999997,34.7,25.56,34.32,38.42,31.5,7.5,7.5,0.0,8.4,78.2,17.139999999999997,41.2,18.625999999999998,1003.1600000000001,95.0,24.28,0.0,4.59,15.796899999999999,108.1106,10.294,12.99,7,29,61,233,1970-01-21 15:32:00.180,1970-01-21 15:32:46.956,Hè,,,
Đà Nẵng,Duyên hải Nam Trung Bộ,2026-07-14,29.880000000000003,35.339999999999996,25.68,34.5,38.86,30.82,2.34,2.34,0.0,3.6,70.2,16.919999999999998,42.4,17.741999999999997,1004.68,97.6,23.380000000000003,0.0,4.636,15.796899999999999,108.1106,8.23,12.982,7,29,55,240,1970-01-21 15:33:26.604,1970-01-21 15:34:13.356,Hè,,,
Đà Nẵng,Duyên hải Nam Trung Bộ,2026-07-15,31.1,35.82,27.82,34.94,39.339999999999996,32.18,0.04,0.04,0.0,0.4,60.6,17.54,41.28,20.046,1006.18,92.6,22.14,0.0,5.456,15.796899999999999,108.1106,10.508,12.98,7,29,3,211,1970-01-21 15:34:53.028,1970-01-21 15:35:39.732,Hè,,,
Đà Nẵng,Duyên hải Nam Trung Bộ,2026-07-16,31.5,36.239999999999995,28.24,34.660000000000004,39.0,32.04,0.27999999999999997,0.27999999999999997,0.0,1.4,57.2,21.119999999999997,48.68,19.336,1006.8,84.4,21.64,0.0,5.95,15.796899999999999,108.1106,9.251999999999999,12.970000000000002,7,29,3,232,1970-01-21 15:36:19.440,1970-01-21 15:37:06.132,Hè,,,
Đà Nẵng,Duyên hải Nam Trung Bộ,2026-07-17,32.0,37.78,28.1,35.42,40.86,32.04,1.38,1.38,0.0,2.6,55.0,18.419999999999998,45.58,22.694,1006.28,76.8,21.380000000000003,0.0,6.3340000000000005,15.796899999999999,108.1106,11.352,12.962,7,29,51,232,1970-01-21 15:37:45.852,1970-01-21 15:38:32.520,Hè,,,
Đà Nẵng,Duyên hải Nam Trung Bộ,2026-07-18,32.12,37.519999999999996,27.4,35.22,40.48,30.82,0.76,0.76,0.0,2.4,53.6,18.64,45.08,24.18,1005.6,49.0,20.919999999999998,0.0,6.828,15.796899999999999,108.1106,12.152,12.958000000000002,7,29,51,232,1970-01-21 15:39:12.276,1970-01-21 15:39:58.920,Hè,,,
Đà Nẵng,Duyên hải Nam Trung Bộ,2026-07-19,32.519999999999996,39.0,27.1,35.78,42.06,30.82,0.24,0.24,0.0,1.2,53.0,17.72,43.72,26.274,1005.8,58.2,20.8,0.0,7.2700000000000005,15.796899999999999,108.1106,12.268,12.95,7,29,3,237,1970-01-21 15:40:38.700,1970-01-21 15:41:25.308,Hè,,,
Đà Nẵng,Duyên hải Nam Trung Bộ,2026-07-20,31.78,38.72,26.52,35.14,41.7,30.339999999999996,1.3800000000000001,1.3800000000000001,0.0,4.6,55.6,18.380000000000003,43.339999999999996,24.938,1006.32,76.8,20.94,0.0,6.706,15.796899999999999,108.1106,12.156,12.940000000000001,7,30,51,225,1970-01-21 15:42:05.112,1970-01-21 15:42:51.696,Hè,,,
