province,region,date,temperature_2m_mean,temperature_2m_max,temperature_2m_min,apparent_temperature_mean,apparent_temperature_max,apparent_temperature_min,precipitation_sum,rain_sum,showers_sum,precipitation_hours,relative_humidity_2m_mean,wind_speed_10m_max,wind_gusts_10m_max,shortwave_radiation_sum,pressure_msl_mean,cloud_cover_mean,dew_point_2m_mean,snowfall_sum,et0_fao_evapotranspiration,latitude,longitude,sunshine_hours,daylight_hours,month,week,weather_code,wind_direction_10m_dominant,sunrise,sunset,season,uv_index_max,uv_index_clear_sky_max,precipitation_probability_max
Đắk Lắk,Tây Nguyên,2025-07-21,26.30909090909091,30.30909090909091,24.045454545454547,26.745454545454546,30.91818181818182,24.1,4.836363636363637,4.836363636363637,0.0,12.727272727272727,73.72727272727273,34.57272727272727,72.58181818181818,17.471818181818183,1003.8727272727273,100.0,21.036363636363635,0.0,4.918181818181818,12.899100000000002,108.66529999999999,9.780909090909091,12.773636363636363,7,30,53,240,1970-01-21 06:57:55.685454545,1970-01-21 06:58:41.678181818,Hè,,,
Đắk Lắk,Tây Nguyên,2025-07-22,26.863636363636363,30.563636363636363,24.663636363636364,27.718181818181815,30.88181818181818,25.027272727272727,2.6545454545454543,2.6545454545454543,0.0,8.818181818181818,70.27272727272727,32.79090909090909,72.95454545454545,17.62818181818182,1003.9636363636364,99.54545454545455,20.754545454545454,0.0,5.077272727272727,12.899100000000002,108.66529999999999,10.556363636363637,12.768181818181818,7,30,53,250,1970-01-21 06:59:22.090909091,1970-01-21 07:00:08.056363636,Hè,,,
Đắk Lắk,Tây Nguyên,2025-07-23,27.29090909090909,32.309090909090905,23.963636363636365,29.472727272727273,34.309090909090905,26.11818181818182,1.9545454545454546,1.9545454545454546,0.0,8.818181818181818,71.36363636363636,27.872727272727275,61.14545454545455,23.245454545454546,1004.6272727272727,91.72727272727273,21.227272727272727,0.0,5.673636363636364,12.899100000000002,108.66529999999999,11.872727272727273,12.759999999999998,7,30,53,250,1970-01-21 07:00:48.523636363,1970-01-21 07:01:34.445454545,Hè,,,
Đắk Lắk,Tây Nguyên,2025-07-24,25.454545454545453,29.518181818181816,22.927272727272726,27.627272727272725,30.44545454545454,25.181818181818183,6.345454545454545,6.345454545454545,0.0,13.818181818181818,81.63636363636364,26.818181818181817,59.92727272727273,14.095454545454546,1006.0181818181819,100.0,21.836363636363636,0.0,3.4545454545454546,12.899100000000002,108.66529999999999,5.668181818181818,12.751818181818182,7,30,61,250,1970-01-21 07:02:14.934545454,1970-01-21 07:03:00.840000000,Hè,,,
Đắk Lắk,Tây Nguyên,2025-07-25,26.09090909090909,29.954545454545453,22.936363636363637,27.94545454545454,31.1,25.245454545454546,3.3818181818181823,3.3818181818181823,0.0,5.181818181818182,75.54545454545455,24.772727272727273,50.27272727272727,14.0,1005.9727272727273,99.72727272727273,21.163636363636364,0.0,3.928181818181818,12.899100000000002,108.66529999999999,5.222727272727273,12.743636363636364,7,30,61,261,1970-01-21 07:03:41.345454545,1970-01-21 07:04:27.229090909,Hè,,,
Đắk Lắk,Tây Nguyên,2025-07-26,24.91818181818182,28.44545454545454,22.863636363636363,27.327272727272728,29.88181818181818,25.018181818181816,3.963636363636364,3.963636363636364,0.0,15.454545454545455,84.81818181818181,26.172727272727272,53.10909090909092,11.052727272727273,1006.6272727272727,97.36363636363636,22.045454545454547,0.0,2.700909090909091,12.899100000000002,108.66529999999999,3.946363636363636,12.738181818181818,7,30,53,240,1970-01-21 07:05:07.750909091,1970-01-21 07:05:53.623636363,Hè,,,
Đắk Lắk,Tây Nguyên,2025-07-27,26.318181818181817,30.69090909090909,23.272727272727273,28.218181818181815,31.818181818181817,25.8,0.8727272727272727,0.8727272727272727,0.0,5.2727272727272725,75.27272727272727,27.845454545454547,57.06363636363637,20.05,1006.3454545454545,90.18181818181819,21.2,0.0,4.862727272727272,12.899100000000002,108.66529999999999,11.116363636363637,12.73,7,30,51,245,1970-01-21 07:06:34.178181818,1970-01-21 07:07:19.990909091,Hè,,,
Đắk Lắk,Tây Nguyên,2025-07-28,27.20909090909091,31.836363636363636,23.7,29.345454545454547,34.04545454545455,26.1,1.4727272727272727,1.4727272727272727,0.0,5.454545454545454,71.45454545454545,26.336363636363636,55.809090909090905,22.996363636363636,1005.6272727272727,79.36363636363636,21.227272727272727,0.0,5.64,12.899100000000002,108.66529999999999,12.014545454545454,12.72,7,31,51,251,1970-01-21 07:08:00.589090909,1970-01-21 07:08:46.385454545,Hè,,,
Đắk Lắk,Tây Nguyên,2025-07-29,27.563636363636363,31.80909090909091,24.88181818181818,29.636363636363637,34.10909090909091,26.836363636363636,2.0545454545454547,2.0545454545454547,0.0,6.909090909090909,71.81818181818181,28.036363636363635,57.13636363636363,21.681818181818183,1005.5,73.81818181818181,21.663636363636364,0.0,5.570909090909091,12.899100000000002,108.66529999999999,10.344545454545454,12.711818181818183,7,31,51,243,1970-01-21 07:09:27.000000000,1970-01-21 07:10:12.769090909,Hè,,,
Đắk Lắk,Tây Nguyên,2025-07-30,27.854545454545452,32.43636363636364,24.627272727272725,29.345454545454547,33.52727272727273,26.154545454545453,0.8545454545454546,0.8545454545454546,0.0,5.636363636363637,69.81818181818181,31.11818181818182,63.290909090909096,23.271818181818183,1006.1181818181817,91.81818181818181,21.381818181818183,0.0,6.15090909090909,12.899100000000002,108.66529999999999,12.010000000000002,12.703636363636365,7,31,51,257,1970-01-21 07:10:53.405454545,1970-01-21 07:11:39.158181818,Hè,,,
Đắk Lắk,Tây Nguyên,2025-07-31,28.318181818181817,32.945454545454545,25.036363636363635,29.90909090909091,34.50909090909091,26.463636363636365,1.1454545454545455,1.1454545454545455,0.0,4.909090909090909,66.45454545454545,29.00909090909091,60.99090909090909,24.234545454545454,1006.2909090909092,54.45454545454545,21.027272727272727,0.0,6.504545454545454,12.899100000000002,108.66529999999999,12.015454545454547,12.69818181818182,7,31,51,244,1970-01-21 07:12:19.810909091,1970-01-21 07:13:05.525454545,Hè,,,
Đắk Lắk,Tây Nguyên,2025-08-01,28.754545454545454,33.981818181818184,25.0,30.91818181818182,36.154545454545456,27.154545454545453,0.32727272727272727,0.32727272727272727,0.0,1.2727272727272727,66.45454545454545,26.681818181818183,54.027272727272724,22.32090909090909,1006.0363636363636,91.0909090909091,21.39090909090909,0.0,6.136363636363637,12.899100000000002,108.66529999999999,11.927272727272726,12.688181818181818,8,31,51,253,1970-01-21 07:13:46.243636363,1970-01-21 07:14:31.914545454,Hè,,,
Đắk Lắk,Tây Nguyên,2025-08-02,29.05454545454546,34.63636363636363,24.6,31.954545454545453,37.68181818181818,27.69090909090909,0.7363636363636363,0.7363636363636363,0.0,2.272727272727273,66.18181818181819,20.80909090909091,44.52727272727273,23.935454545454547,1007.4090909090909,94.9090909090909,21.472727272727273,0.0,6.1827272727272735,12.899100000000002,108.66529999999999,12.02727272727273,12.68,8,31,51,260,1970-01-21 07:15:12.654545454,1970-01-21 07:15:58.298181818,Hè,,,
Đắk Lắk,Tây Nguyên,2025-08-03,28.827272727272728,34.85454545454545,24.427272727272726,31.363636363636363,37.57272727272727,27.363636363636363,0.7818181818181817,0.7818181818181817,0.0,2.4545454545454546,66.0,23.645454545454548,49.22727272727273,24.00909090909091,1008.8818181818183,97.45454545454545,21.236363636363635,0.0,6.3572727272727265,12.899100000000002,108.66529999999999,11.786363636363637,12.67,8,31,53,248,1970-01-21 07:16:39.060000000,1970-01-21 07:17:24.665454545,Hè,,,
Đắk Lắk,Tây Nguyên,2025-08-04,29.30909090909091,35.03636363636363,24.472727272727273,31.88181818181818,37.88181818181818,27.08181818181818,0.08181818181818182,0.08181818181818182,0.0,0.6363636363636364,62.36363636363637,20.21818181818182,45.32727272727273,25.26,1008.6727272727272,72.36363636363636,20.727272727272727,0.0,6.645454545454545,12.899100000000002,108.66529999999999,12.0,12.659999999999998,8,32,3,262,1970-01-21 07:18:05.465454545,1970-01-21 07:18:51.049090909,Hè,,,
Đắk Lắk,Tây Nguyên,2025-08-05,28.88181818181818,35.10909090909091,24.60909090909091,32.127272727272725,38.52727272727273,27.772727272727273,1.4636363636363638,1.4636363636363638,0.0,3.5454545454545454,65.54545454545455,17.336363636363636,39.46363636363636,24.20181818181818,1008.4,83.81818181818181,21.2,0.0,5.992727272727273,12.899100000000002,108.66529999999999,12.031818181818181,12.651818181818184,8,32,51,252,1970-01-21 07:19:31.870909091,1970-01-21 07:20:17.416363636,Hè,,,
Đắk Lắk,Tây Nguyên,2025-08-06,28.136363636363637,35.02727272727273,23.91818181818182,31.818181818181817,39.06363636363636,27.154545454545453,2.6454545454545455,2.6454545454545455,0.0,4.636363636363637,69.45454545454545,14.80909090909091,35.54545454545455,23.623636363636365,1008.7363636363636,99.36363636363636,21.254545454545454,0.0,5.540909090909091,12.899100000000002,108.66529999999999,11.617272727272727,12.641818181818183,8,32,61,249,1970-01-21 07:20:58.298181818,1970-01-21 07:21:43.794545454,Hè,,,
Đắk Lắk,Tây Nguyên,2025-08-07,26.91818181818182,34.25454545454546,23.081818181818182,31.018181818181816,38.60909090909091,26.6,5.909090909090909,5.909090909090909,0.0,3.8181818181818183,75.72727272727273,14.363636363636363,35.28181818181818,22.21818181818182,1010.1272727272727,70.27272727272727,21.754545454545454,0.0,4.888181818181818,12.899100000000002,108.66529999999999,11.325454545454546,12.631818181818183,8,32,63,241,1970-01-21 07:22:24.709090909,1970-01-21 07:23:10.183636363,Hè,,,
Đắk Lắk,Tây Nguyên,2025-08-08,26.0,33.08181818181818,22.518181818181816,30.39090909090909,37.95454545454545,26.527272727272727,5.527272727272727,5.527272727272727,0.0,4.363636363636363,81.18181818181819,14.2,35.11818181818182,21.84,1010.8090909090909,70.54545454545455,22.11818181818182,0.0,4.621818181818182,12.899100000000002,108.66529999999999,11.072727272727272,12.621818181818183,8,32,63,240,1970-01-21 07:23:51.114545454,1970-01-21 07:24:36.550909091,Hè,,,
Đắk Lắk,Tây Nguyên,2025-08-09,25.681818181818183,31.127272727272725,22.754545454545454,29.736363636363638,35.52727272727273,26.7,4.781818181818182,4.781818181818182,0.0,7.636363636363637,82.18181818181819,16.981818181818184,37.018181818181816,20.02,1010.3,82.0909090909091,22.10909090909091,0.0,4.207272727272727,12.899100000000002,108.66529999999999,10.85,12.611818181818181,8,32,55,240,1970-01-21 07:25:17.520000000,1970-01-21 07:26:02.929090909,Hè,,,
Đắk Lắk,Tây Nguyên,2025-08-10,25.99090909090909,32.20909090909091,22.163636363636364,30.154545454545453,37.40909090909091,25.781818181818185,9.627272727272727,9.627272727272727,0.0,7.0,80.54545454545455,14.272727272727273,30.472727272727273,23.615454545454543,1008.8,92.63636363636364,21.927272727272726,0.0,4.992727272727273,12.899100000000002,108.66529999999999,11.274545454545454,12.601818181818182,8,32,63,215,1970-01-21 07:26:43.925454545,1970-01-21 07:27:29.290909091,Hè,,,
Đắk Lắk,Tây Nguyên,2025-08-11,26.4,32.67272727272728,22.245454545454546,30.61818181818182,37.90909090909091,26.0,5.072727272727272,5.072727272727272,0.0,5.2727272727272725,79.0,13.509090909090908,31.05454545454545,24.472727272727273,1007.7,54.45454545454545,21.954545454545453,0.0,5.1872727272727275,12.899100000000002,108.66529999999999,12.003636363636362,12.593636363636364,8,33,63,217,1970-01-21 07:28:10.330909091,1970-01-21 07:28:55.674545454,Hè,,,
Đắk Lắk,Tây Nguyên,2025-08-12,26.036363636363635,32.054545454545455,22.354545454545455,30.4,37.25454545454546,26.08181818181818,20.20909090909091,20.20909090909091,0.0,11.181818181818182,80.9090909090909,12.52727272727273,29.0,23.671818181818182,1008.0454545454545,74.0909090909091,22.11818181818182,0.0,4.963636363636364,12.899100000000002,108.66529999999999,11.831818181818182,12.583636363636362,8,33,65,258,1970-01-21 07:29:36.741818181,1970-01-21 07:30:22.036363636,Hè,,,
Đắk Lắk,Tây Nguyên,2025-08-13,24.936363636363637,30.836363636363636,21.900000000000002,29.19090909090909,36.13636363636363,25.69090909090909,10.363636363636363,10.363636363636363,0.0,7.181818181818182,86.0,13.745454545454544,32.07272727272727,20.220909090909092,1009.0,92.63636363636364,22.181818181818183,0.0,4.113636363636363,12.899100000000002,108.66529999999999,9.915454545454544,12.573636363636364,8,33,63,241,1970-01-21 07:31:03.163636363,1970-01-21 07:31:48.414545454,Hè,,,
Đắk Lắk,Tây Nguyên,2025-08-14,24.927272727272726,31.11818181818182,21.581818181818182,29.0,36.96363636363637,25.09090909090909,6.836363636363637,6.836363636363637,0.0,6.181818181818182,84.72727272727273,13.136363636363637,31.063636363636363,21.615454545454547,1007.9363636363636,97.18181818181819,21.854545454545455,0.0,4.40090909090909,12.899100000000002,108.66529999999999,11.645454545454545,12.563636363636364,8,33,63,246,1970-01-21 07:32:29.569090909,1970-01-21 07:33:14.803636363,Hè,,,
Đắk Lắk,Tây Nguyên,2025-08-15,24.5,29.94545454545454,21.054545454545455,28.69090909090909,35.27272727272727,24.5,7.290909090909091,7.290909090909091,0.0,7.818181818181818,85.81818181818181,11.863636363636363,27.809090909090912,20.595454545454547,1006.4636363636364,100.0,21.754545454545454,0.0,4.129090909090909,12.899100000000002,108.66529999999999,9.61909090909091,12.553636363636365,8,33,63,235,1970-01-21 07:33:55.974545454,1970-01-21 07:34:41.154545454,Hè,,,
Đắk Lắk,Tây Nguyên,2025-08-16,23.981818181818184,29.145454545454548,21.254545454545454,28.181818181818183,34.518181818181816,24.89090909090909,17.336363636363636,17.336363636363636,0.0,12.181818181818182,89.63636363636364,12.463636363636363,29.263636363636362,17.78181818181818,1006.4181818181819,96.36363636363636,22.0,0.0,3.497272727272727,12.899100000000002,108.66529999999999,8.6,12.543636363636363,8,33,63,69,1970-01-21 07:35:22.374545454,1970-01-21 07:36:07.543636363,Hè,,,
Đắk Lắk,Tây Nguyên,2025-08-17,24.427272727272726,28.55454545454546,21.972727272727273,27.063636363636363,31.654545454545453,24.49090909090909,4.954545454545454,4.954545454545454,0.0,14.545454545454545,85.0,23.19090909090909,47.11818181818182,19.001818181818184,1007.6545454545455,98.9090909090909,21.545454545454547,0.0,3.8572727272727274,12.899100000000002,108.66529999999999,9.674545454545454,12.533636363636363,8,33,53,262,1970-01-21 07:36:48.780000000,1970-01-21 07:37:33.894545454,Hè,,,
Đắk Lắk,Tây Nguyên,2025-08-18,25.236363636363638,29.70909090909091,21.918181818181818,28.1,32.77272727272727,24.40909090909091,3.5454545454545454,3.5454545454545454,0.0,10.636363636363637,81.0909090909091,21.536363636363635,43.09090909090909,21.27090909090909,1009.6818181818181,94.45454545454545,21.490909090909092,0.0,4.4381818181818184,12.899100000000002,108.66529999999999,11.11909090909091,12.523636363636363,8,34,55,260,1970-01-21 07:38:15.180000000,1970-01-21 07:39:00.267272727,Hè,,,
Đắk Lắk,Tây Nguyên,2025-08-19,25.90909090909091,30.572727272727274,22.345454545454547,30.00909090909091,35.50909090909091,25.55454545454546,1.7727272727272727,1.7727272727272727,0.0,5.454545454545454,79.81818181818181,13.845454545454546,31.127272727272725,22.348181818181818,1010.5909090909091,64.0909090909091,21.94545454545454,0.0,4.601818181818182,12.899100000000002,108.66529999999999,11.854545454545455,12.511818181818182,8,34,53,235,1970-01-21 07:39:41.590909091,1970-01-21 07:40:26.634545454,Hè,,,
Đắk Lắk,Tây Nguyên,2025-08-20,25.827272727272728,31.69090909090909,22.20909090909091,30.427272727272726,38.054545454545455,26.172727272727272,7.409090909090909,7.409090909090909,0.0,6.2727272727272725,81.27272727272727,13.02727272727273,27.1,23.14,1010.2727272727273,96.27272727272727,22.018181818181816,0.0,4.8109090909090915,12.899100000000002,108.66529999999999,11.272727272727273,12.501818181818182,8,34,63,125,1970-01-21 07:41:07.990909091,1970-01-21 07:41:52.990909091,Hè,,,
Đắk Lắk,Tây Nguyên,2025-08-21,23.80909090909091,27.49090909090909,21.98181818181818,27.736363636363638,31.427272727272726,25.754545454545454,12.772727272727273,12.772727272727273,0.0,14.272727272727273,89.72727272727273,14.018181818181818,30.08181818181818,14.336363636363636,1011.0909090909091,89.54545454545455,21.89090909090909,0.0,2.8436363636363637,12.899100000000002,108.66529999999999,7.2763636363636355,12.490000000000002,8,34,61,22,1970-01-21 07:42:34.396363636,1970-01-21 07:43:19.363636363,Hè,,,
Đắk Lắk,Tây Nguyên,2025-08-22,24.94545454545454,29.854545454545452,20.845454545454547,28.58181818181818,33.56363636363636,24.236363636363638,1.1818181818181819,1.1818181818181819,0.0,4.181818181818182,81.72727272727273,17.40909090909091,37.127272727272725,22.542727272727273,1010.2454545454547,76.0909090909091,21.272727272727273,0.0,4.559090909090909,12.899100000000002,108.66529999999999,11.066363636363636,12.478181818181817,8,34,51,206,1970-01-21 07:44:00.807272727,1970-01-21 07:44:45.730909091,Hè,,,
Đắk Lắk,Tây Nguyên,2025-08-23,25.19090909090909,30.19090909090909,21.727272727272727,28.599999999999998,34.41818181818182,24.7,3.9545454545454546,3.9545454545454546,0.0,3.5454545454545454,81.72727272727273,17.28181818181818,39.23636363636364,22.849090909090908,1009.1,90.72727272727273,21.545454545454547,0.0,4.641818181818182,12.899100000000002,108.66529999999999,10.975454545454546,12.466363636363637,8,34,61,237,1970-01-21 07:45:27.218181818,1970-01-21 07:46:12.103636363,Hè,,,
Đắk Lắk,Tây Nguyên,2025-08-24,25.236363636363638,28.727272727272727,22.918181818181818,27.58181818181818,30.863636363636363,25.55454545454546,1.309090909090909,1.309090909090909,0.0,7.0,79.27272727272727,23.463636363636365,48.8,18.12909090909091,1006.9090909090909,100.0,21.2,0.0,4.005454545454546,12.899100000000002,108.66529999999999,8.546363636363637,12.456363636363637,8,34,51,258,1970-01-21 07:46:53.623636363,1970-01-21 07:47:38.454545454,Hè,,,
Đắk Lắk,Tây Nguyên,2025-08-25,25.718181818181815,30.672727272727276,22.599999999999998,28.254545454545454,33.47272727272727,25.027272727272727,1.6272727272727272,1.6272727272727272,0.0,5.454545454545454,77.36363636363636,22.972727272727273,47.81818181818182,21.756363636363634,1006.5363636363636,99.45454545454545,21.11818181818182,0.0,4.819090909090909,12.899100000000002,108.66529999999999,10.909090909090908,12.446363636363635,8,35,51,237,1970-01-21 07:48:20.023636363,1970-01-21 07:49:04.810909091,Hè,,,
Đắk Lắk,Tây Nguyên,2025-08-26,25.718181818181815,29.954545454545453,22.936363636363637,28.10909090909091,32.46363636363637,25.254545454545454,0.7909090909090909,0.7909090909090909,0.0,3.909090909090909,76.18181818181819,24.063636363636363,51.26363636363636,18.990909090909092,1008.8636363636364,97.0909090909091,20.981818181818184,0.0,4.37,12.899100000000002,108.66529999999999,9.723636363636363,12.433636363636362,8,35,51,243,1970-01-21 07:49:46.423636363,1970-01-21 07:50:31.183636363,Hè,,,
Đắk Lắk,Tây Nguyên,2025-08-27,25.345454545454547,29.39090909090909,22.481818181818184,28.018181818181816,31.981818181818184,25.2,1.2545454545454546,1.2545454545454546,0.0,5.363636363636363,79.0909090909091,19.954545454545453,42.36363636363637,18.534545454545455,1009.4909090909091,99.81818181818181,21.19090909090909,0.0,4.094545454545455,12.899100000000002,108.66529999999999,9.519090909090908,12.423636363636364,8,35,51,267,1970-01-21 07:51:12.829090909,1970-01-21 07:51:57.540000000,Hè,,,
Đắk Lắk,Tây Nguyên,2025-08-28,24.49090909090909,28.563636363636363,21.963636363636365,27.818181818181817,31.927272727272726,24.745454545454546,6.390909090909091,6.390909090909091,0.0,12.181818181818182,85.45454545454545,18.62727272727273,40.0,19.020909090909093,1008.3090909090909,99.0909090909091,21.736363636363635,0.0,3.780909090909091,12.899100000000002,108.66529999999999,9.627272727272727,12.413636363636364,8,35,63,239,1970-01-21 07:52:39.234545454,1970-01-21 07:53:23.918181818,Hè,,,
Đắk Lắk,Tây Nguyên,2025-08-29,24.227272727272727,28.55454545454546,21.981818181818184,27.50909090909091,32.42727272727273,24.6,10.327272727272728,10.327272727272728,0.0,13.0,88.36363636363636,18.545454545454547,38.06363636363636,16.713636363636365,1007.2818181818183,100.0,21.981818181818184,0.0,3.299090909090909,12.899100000000002,108.66529999999999,6.989090909090908,12.401818181818184,8,35,65,264,1970-01-21 07:54:05.634545454,1970-01-21 07:54:50.274545454,Hè,,,
Đắk Lắk,Tây Nguyên,2025-08-30,24.636363636363637,28.3,22.336363636363636,27.827272727272728,31.80909090909091,25.136363636363637,6.4363636363636365,6.4363636363636365,0.0,10.727272727272727,86.27272727272727,19.681818181818183,41.28181818181818,17.62,1006.8818181818183,90.36363636363636,22.063636363636363,0.0,3.4654545454545453,12.899100000000002,108.66529999999999,10.26,12.388181818181819,8,35,61,243,1970-01-21 07:55:32.034545454,1970-01-21 07:56:16.630909091,Hè,,,
Đắk Lắk,Tây Nguyên,2025-08-31,25.227272727272727,30.754545454545454,21.900000000000002,29.772727272727273,36.50909090909091,25.58181818181818,12.363636363636363,12.363636363636363,0.0,9.090909090909092,85.0909090909091,11.936363636363637,27.354545454545452,22.64090909090909,1007.5454545454545,71.54545454545455,22.3,0.0,4.553636363636364,12.899100000000002,108.66529999999999,11.28,12.376363636363637,8,35,63,42,1970-01-21 07:56:58.434545454,1970-01-21 07:57:43.003636363,Hè,,,
Đắk Lắk,Tây Nguyên,2025-09-01,24.772727272727273,30.245454545454546,21.845454545454547,29.59090909090909,36.56363636363636,25.80909090909091,16.88181818181818,16.88181818181818,0.0,10.636363636363637,88.72727272727273,9.827272727272726,23.5,20.571818181818184,1007.2818181818183,79.0909090909091,22.563636363636366,0.0,4.086363636363637,12.899100000000002,108.66529999999999,9.871818181818183,12.366363636363637,9,36,63,259,1970-01-21 07:58:24.834545454,1970-01-21 07:59:09.354545454,Thu,,,
Đắk Lắk,Tây Nguyên,2025-09-02,24.10909090909091,27.872727272727275,21.918181818181818,28.60909090909091,32.72727272727273,25.645454545454548,20.80909090909091,20.80909090909091,0.0,15.090909090909092,91.54545454545455,11.10909090909091,27.19090909090909,14.704545454545455,1008.2909090909092,95.45454545454545,22.59090909090909,0.0,2.847272727272727,12.899100000000002,108.66529999999999,6.667272727272728,12.356363636363636,9,36,63,278,1970-01-21 07:59:51.234545454,1970-01-21 08:00:35.710909091,Thu,,,
Đắk Lắk,Tây Nguyên,2025-09-03,24.454545454545453,29.254545454545454,21.845454545454547,29.236363636363638,35.690909090909095,25.781818181818185,12.272727272727273,12.272727272727273,0.0,15.181818181818182,89.9090909090909,10.145454545454545,24.772727272727273,18.14363636363636,1008.4272727272728,92.72727272727273,22.545454545454547,0.0,3.582727272727273,12.899100000000002,108.66529999999999,9.391818181818183,12.343636363636364,9,36,63,251,1970-01-21 08:01:17.634545454,1970-01-21 08:02:02.083636363,Thu,,,
Đắk Lắk,Tây Nguyên,2025-09-04,24.718181818181815,29.854545454545452,21.972727272727273,29.827272727272724,37.06363636363636,26.281818181818185,9.218181818181817,9.218181818181817,0.0,11.181818181818182,89.72727272727273,10.336363636363636,24.718181818181815,19.735454545454544,1008.2363636363636,70.45454545454545,22.745454545454546,0.0,3.9254545454545453,12.899100000000002,108.66529999999999,9.281818181818181,12.331818181818182,9,36,63,3,1970-01-21 08:02:44.034545454,1970-01-21 08:03:28.434545454,Thu,,,
Đắk Lắk,Tây Nguyên,2025-09-05,25.0,29.69090909090909,22.400000000000002,30.11818181818182,35.809090909090905,26.836363636363636,20.490909090909092,20.490909090909092,0.0,14.454545454545455,89.54545454545455,10.063636363636364,27.3,19.39818181818182,1008.5818181818181,89.27272727272727,23.072727272727274,0.0,3.8454545454545452,12.899100000000002,108.66529999999999,9.61909090909091,12.32,9,36,63,16,1970-01-21 08:04:10.434545454,1970-01-21 08:04:54.790909091,Thu,,,
Đắk Lắk,Tây Nguyên,2025-09-06,24.40909090909091,28.05454545454546,22.57272727272727,29.1,33.018181818181816,26.672727272727272,22.78181818181818,22.78181818181818,0.0,18.0,92.18181818181819,11.5,26.59090909090909,12.342727272727274,1008.8818181818183,100.0,22.981818181818184,0.0,2.4881818181818183,12.899100000000002,108.66529999999999,3.840909090909091,12.31,9,36,63,137,1970-01-21 08:05:36.834545454,1970-01-21 08:06:21.163636363,Thu,,,
Đắk Lắk,Tây Nguyên,2025-09-07,23.69090909090909,27.136363636363637,21.89090909090909,27.536363636363635,30.754545454545454,25.29090909090909,14.07272727272727,14.07272727272727,0.0,20.818181818181817,92.81818181818181,15.963636363636363,34.654545454545456,11.148181818181818,1009.0363636363636,100.0,22.39090909090909,0.0,2.1999999999999997,12.899100000000002,108.66529999999999,3.39,12.298181818181819,9,36,63,217,1970-01-21 08:07:03.234545454,1970-01-21 08:07:47.514545454,Thu,,,
Đắk Lắk,Tây Nguyên,2025-09-08,25.045454545454547,29.89090909090909,22.054545454545455,28.6,34.163636363636364,25.072727272727274,4.3545454545454545,4.3545454545454545,0.0,9.909090909090908,83.63636363636364,15.872727272727273,36.76363636363636,20.145454545454545,1009.9727272727273,100.0,21.754545454545454,0.0,4.136363636363637,12.899100000000002,108.66529999999999,10.303636363636365,12.286363636363633,9,37,53,260,1970-01-21 08:08:29.634545454,1970-01-21 08:09:13.865454545,Thu,,,
Đắk Lắk,Tây Nguyên,2025-09-09,24.872727272727275,30.072727272727274,22.10909090909091,29.2,35.25454545454546,25.572727272727274,7.081818181818182,7.081818181818182,0.0,5.545454545454546,86.27272727272727,12.409090909090908,28.072727272727274,19.212727272727275,1011.2818181818183,97.18181818181819,22.21818181818182,0.0,3.850909090909091,12.899100000000002,108.66529999999999,8.907272727272728,12.273636363636363,9,37,63,224,1970-01-21 08:09:56.040000000,1970-01-21 08:10:40.238181818,Thu,,,
Đắk Lắk,Tây Nguyên,2025-09-10,25.072727272727274,30.154545454545453,21.945454545454545,29.772727272727273,36.52727272727273,25.736363636363638,9.163636363636364,9.163636363636364,0.0,7.2727272727272725,86.27272727272727,11.209090909090909,25.872727272727275,21.298181818181817,1011.3545454545455,95.63636363636364,22.463636363636365,0.0,4.2263636363636365,12.899100000000002,108.66529999999999,9.573636363636364,12.261818181818182,9,37,63,234,1970-01-21 08:11:22.440000000,1970-01-21 08:12:06.589090909,Thu,,,
Đắk Lắk,Tây Nguyên,2025-09-11,24.763636363636362,29.572727272727274,21.80909090909091,29.372727272727275,35.92727272727273,26.09090909090909,4.5,4.5,0.0,7.818181818181818,88.36363636363636,14.29090909090909,33.86363636363637,21.334545454545456,1010.6363636363636,83.63636363636364,22.527272727272727,0.0,4.132727272727273,12.899100000000002,108.66529999999999,10.842727272727272,12.25,9,37,61,82,1970-01-21 08:12:48.840000000,1970-01-21 08:13:32.940000000,Thu,,,
Đắk Lắk,Tây Nguyên,2025-09-12,24.345454545454547,28.772727272727273,20.863636363636363,28.38181818181818,33.99090909090909,24.70909090909091,2.4,2.4,0.0,7.7272727272727275,87.0909090909091,15.172727272727274,33.53636363636363,21.331818181818182,1010.7272727272727,82.81818181818181,21.88181818181818,0.0,4.121818181818182,12.899100000000002,108.66529999999999,10.102727272727272,12.240000000000002,9,37,51,83,1970-01-21 08:14:15.240000000,1970-01-21 08:14:59.301818181,Thu,,,
Đắk Lắk,Tây Nguyên,2025-09-13,24.854545454545452,29.527272727272727,21.66363636363636,29.0,34.60909090909091,25.563636363636363,4.3545454545454545,4.3545454545454545,0.0,6.636363636363637,86.36363636363636,13.963636363636363,30.363636363636363,22.275454545454547,1011.0090909090909,95.81818181818181,22.10909090909091,0.0,4.419090909090909,12.899100000000002,108.66529999999999,10.41090909090909,12.23,9,37,63,35,1970-01-21 08:15:41.640000000,1970-01-21 08:16:25.663636363,Thu,,,
Đắk Lắk,Tây Nguyên,2025-09-14,24.518181818181816,30.436363636363637,21.490909090909092,29.263636363636362,37.154545454545456,25.527272727272727,12.063636363636363,12.063636363636363,0.0,9.181818181818182,87.54545454545455,10.163636363636364,24.89090909090909,20.88,1011.6272727272727,99.63636363636364,22.036363636363635,0.0,4.197272727272727,12.899100000000002,108.66529999999999,9.653636363636364,12.216363636363637,9,37,63,45,1970-01-21 08:17:08.034545454,1970-01-21 08:17:52.014545454,Thu,,,
Đắk Lắk,Tây Nguyên,2025-09-15,24.254545454545454,29.6,21.354545454545452,29.0,36.36363636363637,25.227272727272727,7.963636363636363,7.963636363636363,0.0,7.909090909090909,89.36363636363636,10.227272727272727,25.672727272727272,20.075454545454548,1011.6090909090909,92.63636363636364,22.236363636363635,0.0,3.9536363636363636,12.899100000000002,108.66529999999999,10.882727272727273,12.201818181818181,9,38,63,0,1970-01-21 08:18:34.434545454,1970-01-21 08:19:18.365454545,Thu,,,
Đắk Lắk,Tây Nguyên,2025-09-16,24.08181818181818,29.10909090909091,21.236363636363635,28.436363636363637,34.68181818181818,25.136363636363637,7.963636363636363,7.963636363636363,0.0,8.545454545454545,89.0,13.5,30.818181818181817,20.778181818181817,1010.5,95.54545454545455,22.0,0.0,3.9872727272727273,12.899100000000002,108.66529999999999,10.748181818181818,12.19,9,38,63,297,1970-01-21 08:20:00.834545454,1970-01-21 08:20:44.738181818,Thu,,,
Đắk Lắk,Tây Nguyên,2025-09-17,23.736363636363638,28.063636363636363,21.509090909090908,27.981818181818184,33.154545454545456,25.08181818181818,21.89090909090909,21.89090909090909,0.0,14.272727272727273,90.9090909090909,11.39090909090909,26.60909090909091,16.73090909090909,1008.9727272727273,98.0909090909091,22.081818181818182,0.0,3.232727272727273,12.899100000000002,108.66529999999999,8.247272727272728,12.18,9,38,63,258,1970-01-21 08:21:27.234545454,1970-01-21 08:22:11.089090909,Thu,,,
Đắk Lắk,Tây Nguyên,2025-09-18,24.00909090909091,28.281818181818185,21.61818181818182,28.327272727272728,33.481818181818184,25.336363636363636,16.78181818181818,16.78181818181818,0.0,16.09090909090909,91.0909090909091,11.7,27.88181818181818,16.595454545454547,1008.2727272727273,98.81818181818181,22.363636363636363,0.0,3.228181818181818,12.899100000000002,108.66529999999999,8.147272727272728,12.17,9,38,63,77,1970-01-21 08:22:53.634545454,1970-01-21 08:23:37.440000000,Thu,,,
Đắk Lắk,Tây Nguyên,2025-09-19,25.08181818181818,29.19090909090909,22.009090909090908,28.681818181818183,32.70909090909091,25.29090909090909,6.409090909090909,6.409090909090909,0.0,10.727272727272727,84.63636363636364,15.754545454545452,33.47272727272727,18.700909090909093,1009.4727272727273,91.63636363636364,22.063636363636363,0.0,3.810909090909091,12.899100000000002,108.66529999999999,10.734545454545454,12.159999999999998,9,38,53,240,1970-01-21 08:24:20.034545454,1970-01-21 08:25:03.801818181,Thu,,,
Đắk Lắk,Tây Nguyên,2025-09-20,25.836363636363636,30.163636363636364,22.463636363636365,29.58181818181818,34.154545454545456,25.44545454545454,0.8545454545454546,0.8545454545454546,0.0,5.545454545454546,80.45454545454545,16.400000000000002,35.372727272727275,23.137272727272727,1009.2818181818183,56.81818181818182,21.963636363636365,0.0,4.708181818181818,12.899100000000002,108.66529999999999,11.457272727272727,12.140000000000002,9,38,51,275,1970-01-21 08:25:46.440000000,1970-01-21 08:26:30.163636363,Thu,,,
Đắk Lắk,Tây Nguyên,2025-09-21,24.854545454545452,28.61818181818182,22.754545454545454,28.954545454545453,33.09090909090909,26.327272727272728,16.527272727272727,16.527272727272727,0.0,13.0,88.0,14.163636363636364,31.654545454545453,16.668181818181818,1008.6636363636363,99.27272727272727,22.599999999999998,0.0,3.2954545454545454,12.899100000000002,108.66529999999999,7.544545454545454,12.13,9,38,63,6,1970-01-21 08:27:12.840000000,1970-01-21 08:27:56.514545454,Thu,,,
Đắk Lắk,Tây Nguyên,2025-09-22,23.9,27.136363636363637,22.40909090909091,27.60909090909091,31.05454545454546,25.80909090909091,25.99090909090909,25.99090909090909,0.0,19.181818181818183,92.27272727272727,16.71818181818182,36.309090909090905,13.297272727272729,1008.6363636363636,99.9090909090909,22.509090909090908,0.0,2.5263636363636364,12.899100000000002,108.66529999999999,5.045454545454546,12.12,9,39,63,267,1970-01-21 08:28:39.240000000,1970-01-21 08:29:22.860000000,Thu,,,
Đắk Lắk,Tây Nguyên,2025-09-23,24.30909090909091,28.063636363636363,22.063636363636363,26.781818181818185,30.6,24.281818181818185,8.336363636363636,8.336363636363636,0.0,12.909090909090908,85.9090909090909,25.218181818181815,50.82727272727273,18.117272727272727,1007.5636363636364,99.54545454545455,21.672727272727272,0.0,3.553636363636364,12.899100000000002,108.66529999999999,8.276363636363637,12.109999999999998,9,39,63,255,1970-01-21 08:30:05.640000000,1970-01-21 08:30:49.238181818,Thu,,,
Đắk Lắk,Tây Nguyên,2025-09-24,25.50909090909091,28.79090909090909,22.88181818181818,27.7,31.29090909090909,24.763636363636362,0.9636363636363636,0.9636363636363636,0.0,4.909090909090909,78.0,26.745454545454546,54.49090909090909,20.723636363636363,1005.6181818181817,98.81818181818181,21.245454545454546,0.0,4.447272727272727,12.899100000000002,108.66529999999999,10.6,12.1,9,39,51,253,1970-01-21 08:31:32.040000000,1970-01-21 08:32:15.589090909,Thu,,,
Đắk Lắk,Tây Nguyên,2025-09-25,25.29090909090909,28.981818181818184,22.90909090909091,28.281818181818185,32.46363636363637,25.8,3.3454545454545452,3.3454545454545452,0.0,9.636363636363637,82.63636363636364,22.963636363636365,48.809090909090905,19.655454545454546,1006.8,99.9090909090909,21.954545454545453,0.0,3.98,12.899100000000002,108.66529999999999,9.899999999999999,12.086363636363636,9,39,53,262,1970-01-21 08:32:58.440000000,1970-01-21 08:33:41.940000000,Thu,,,
Đắk Lắk,Tây Nguyên,2025-09-26,23.654545454545453,26.9,21.963636363636365,27.58181818181818,31.163636363636364,25.245454545454546,30.254545454545454,30.254545454545454,0.0,20.545454545454547,92.0909090909091,13.336363636363636,29.70909090909091,12.184545454545455,1009.4272727272728,100.0,22.245454545454546,0.0,2.360909090909091,12.899100000000002,108.66529999999999,5.316363636363636,12.07,9,39,63,16,1970-01-21 08:34:24.840000000,1970-01-21 08:35:08.318181818,Thu,,,
Đắk Lắk,Tây Nguyên,2025-09-27,23.927272727272726,27.263636363636362,21.900000000000002,27.472727272727273,30.672727272727272,24.972727272727273,13.772727272727273,13.772727272727273,0.0,17.818181818181817,90.72727272727273,17.345454545454547,34.163636363636364,11.905454545454546,1007.6818181818181,100.0,22.236363636363635,0.0,2.4127272727272726,12.899100000000002,108.66529999999999,3.127272727272727,12.06,9,39,63,8,1970-01-21 08:35:51.240000000,1970-01-21 08:36:34.669090909,Thu,,,
Đắk Lắk,Tây Nguyên,2025-09-28,24.89090909090909,27.854545454545452,22.663636363636364,27.645454545454548,31.154545454545453,24.345454545454547,2.2636363636363637,2.2636363636363637,0.0,8.0,85.0,23.12727272727273,44.82727272727273,12.266363636363637,1005.2272727272727,100.0,22.054545454545455,0.0,2.7436363636363637,12.899100000000002,108.66529999999999,2.541818181818182,12.05,9,39,53,242,1970-01-21 08:37:17.640000000,1970-01-21 08:38:01.020000000,Thu,,,
Đắk Lắk,Tây Nguyên,2025-09-29,24.8,29.436363636363637,22.145454545454545,29.218181818181815,34.95454545454545,25.5,10.718181818181819,10.718181818181819,0.0,9.545454545454545,87.0909090909091,13.954545454545455,32.199999999999996,17.69,1009.1454545454545,100.0,22.38181818181818,0.0,3.5345454545454547,12.899100000000002,108.66529999999999,7.503636363636364,12.04,9,40,63,136,1970-01-21 08:38:44.040000000,1970-01-21 08:39:27.381818181,Thu,,,
Đắk Lắk,Tây Nguyên,2025-09-30,24.172727272727272,28.763636363636362,21.672727272727272,28.827272727272728,34.581818181818186,25.80909090909091,4.7727272727272725,4.7727272727272725,0.0,5.545454545454546,89.63636363636364,10.60909090909091,25.827272727272728,17.62,1011.7090909090908,99.81818181818181,22.245454545454546,0.0,3.4663636363636368,12.899100000000002,108.66529999999999,9.302727272727273,12.026363636363635,9,40,63,13,1970-01-21 08:40:10.440000000,1970-01-21 08:40:53.749090909,Thu,,,
Đắk Lắk,Tây Nguyên,2025-10-01,24.363636363636363,29.072727272727274,20.836363636363636,28.39090909090909,34.36363636363637,24.663636363636364,0.9,0.9,0.0,3.727272727272727,85.0,13.281818181818181,27.463636363636365,22.529999999999998,1011.9363636363636,73.54545454545455,21.427272727272726,0.0,4.474545454545455,12.899100000000002,108.66529999999999,10.959090909090909,12.013636363636364,10,40,51,85,1970-01-21 08:41:36.840000000,1970-01-21 08:42:20.100000000,Thu,,,
Đắk Lắk,Tây Nguyên,2025-10-02,24.163636363636364,28.927272727272726,20.78181818181818,28.29090909090909,34.75454545454546,24.50909090909091,2.209090909090909,2.209090909090909,0.0,7.636363636363637,86.0,12.018181818181818,26.181818181818183,21.914545454545454,1012.1545454545455,49.45454545454545,21.436363636363637,0.0,4.307272727272728,12.899100000000002,108.66529999999999,10.771818181818183,12.0,10,40,53,56,1970-01-21 08:43:03.245454545,1970-01-21 08:43:46.456363636,Thu,,,
Đắk Lắk,Tây Nguyên,2025-10-03,24.736363636363638,29.19090909090909,21.163636363636364,28.94545454545454,34.43636363636364,24.90909090909091,2.1545454545454548,2.1545454545454548,0.0,6.545454545454546,84.18181818181819,11.563636363636364,23.9,22.682727272727274,1012.1818181818181,89.36363636363636,21.599999999999998,0.0,4.5209090909090905,12.899100000000002,108.66529999999999,10.884545454545455,11.990000000000002,10,40,51,57,1970-01-21 08:44:29.645454545,1970-01-21 08:45:12.829090909,Thu,,,
Đắk Lắk,Tây Nguyên,2025-10-04,24.09090909090909,29.027272727272727,21.70909090909091,28.30909090909091,34.89090909090909,25.08181818181818,18.62727272727273,18.62727272727273,0.0,9.636363636363637,89.0909090909091,12.927272727272726,31.94545454545454,19.934545454545454,1012.5,97.0909090909091,22.081818181818182,0.0,3.8272727272727276,12.899100000000002,108.66529999999999,10.210909090909091,11.98,10,40,65,241,1970-01-21 08:45:56.050909091,1970-01-21 08:46:39.174545454,Thu,,,
Đắk Lắk,Tây Nguyên,2025-10-05,24.89090909090909,29.372727272727275,21.654545454545453,28.136363636363637,32.6,24.55454545454546,0.2818181818181818,0.2818181818181818,0.0,1.2727272727272727,82.0,20.772727272727273,45.445454545454545,19.221818181818183,1011.5727272727272,99.72727272727273,21.41818181818182,0.0,3.9209090909090913,12.899100000000002,108.66529999999999,9.674545454545454,11.966363636363637,10,40,51,251,1970-01-21 08:47:22.461818181,1970-01-21 08:48:05.536363636,Thu,,,
Đắk Lắk,Tây Nguyên,2025-10-06,25.436363636363637,29.99090909090909,21.836363636363636,28.7,32.88181818181818,25.00909090909091,0.10909090909090909,0.10909090909090909,0.0,0.6363636363636364,77.0,18.672727272727272,39.800000000000004,21.702727272727273,1011.4636363636364,100.0,20.818181818181817,0.0,4.53,12.899100000000002,108.66529999999999,11.0,11.953636363636365,10,41,3,256,1970-01-21 08:48:48.861818181,1970-01-21 08:49:31.903636363,Thu,,,
Đắk Lắk,Tây Nguyên,2025-10-07,24.354545454545452,29.636363636363637,21.572727272727274,28.536363636363635,34.71818181818182,25.08181818181818,7.745454545454546,7.745454545454546,0.0,7.2727272727272725,85.45454545454545,12.554545454545455,29.88181818181818,20.08818181818182,1012.3636363636364,92.27272727272727,21.554545454545455,0.0,3.9709090909090907,12.899100000000002,108.66529999999999,10.527272727272727,11.94181818181818,10,41,63,259,1970-01-21 08:50:15.267272727,1970-01-21 08:50:58.254545454,Thu,,,
Đắk Lắk,Tây Nguyên,2025-10-08,23.972727272727273,27.727272727272727,21.30909090909091,27.718181818181815,32.03636363636363,25.145454545454548,1.3454545454545455,1.3454545454545455,0.0,4.818181818181818,87.27272727272727,16.37272727272727,33.93636363636364,19.232727272727274,1011.8181818181819,90.72727272727273,21.60909090909091,0.0,3.7290909090909095,12.899100000000002,108.66529999999999,10.494545454545454,11.93,10,41,51,59,1970-01-21 08:51:41.678181818,1970-01-21 08:52:24.616363636,Thu,,,
Đắk Lắk,Tây Nguyên,2025-10-09,23.754545454545454,27.263636363636362,21.272727272727273,27.636363636363637,31.681818181818183,25.11818181818182,5.300000000000001,5.300000000000001,0.0,10.818181818181818,88.18181818181819,13.70909090909091,31.40909090909091,16.87818181818182,1011.1818181818181,87.72727272727273,21.60909090909091,0.0,3.244545454545454,12.899100000000002,108.66529999999999,9.037272727272727,11.92,10,41,63,35,1970-01-21 08:53:08.083636363,1970-01-21 08:53:50.989090909,Thu,,,
Đắk Lắk,Tây Nguyên,2025-10-10,23.536363636363635,26.954545454545453,21.727272727272727,27.518181818181816,31.263636363636362,25.745454545454546,7.5181818181818185,7.5181818181818185,0.0,11.909090909090908,92.0,12.29090909090909,30.836363636363636,15.272727272727273,1010.7545454545453,84.18181818181819,22.081818181818182,0.0,2.877272727272727,12.899100000000002,108.66529999999999,8.395454545454545,11.908181818181818,10,41,63,84,1970-01-21 08:54:34.483636363,1970-01-21 08:55:17.340000000,Thu,,,
Đắk Lắk,Tây Nguyên,2025-10-11,23.654545454545453,26.7,21.736363636363635,27.8,31.08181818181818,25.69090909090909,6.372727272727272,6.372727272727272,0.0,9.272727272727273,91.81818181818181,11.827272727272726,27.536363636363635,14.98,1010.3545454545455,88.81818181818181,22.181818181818183,0.0,2.82,12.899100000000002,108.66529999999999,8.479090909090909,11.896363636363638,10,41,55,62,1970-01-21 08:56:00.889090909,1970-01-21 08:56:43.718181818,Thu,,,
Đắk Lắk,Tây Nguyên,2025-10-12,23.94545454545454,28.19090909090909,21.472727272727273,28.327272727272728,33.67272727272727,25.663636363636364,6.3,6.3,0.0,9.090909090909092,90.27272727272727,12.909090909090908,28.572727272727274,18.204545454545453,1010.4363636363636,93.63636363636364,22.12727272727273,0.0,3.4909090909090907,12.899100000000002,108.66529999999999,9.870909090909091,11.883636363636363,10,41,63,60,1970-01-21 08:57:27.289090909,1970-01-21 08:58:10.074545454,Thu,,,
Đắk Lắk,Tây Nguyên,2025-10-13,24.172727272727272,28.3,21.854545454545455,28.763636363636362,33.57272727272727,26.11818181818182,10.445454545454545,10.445454545454545,0.0,13.090909090909092,90.81818181818181,11.718181818181819,28.236363636363638,18.114545454545453,1010.8,98.0909090909091,22.427272727272726,0.0,3.5045454545454544,12.899100000000002,108.66529999999999,9.222727272727273,11.873636363636363,10,42,63,33,1970-01-21 08:58:53.694545454,1970-01-21 08:59:36.436363636,Thu,,,
Đắk Lắk,Tây Nguyên,2025-10-14,24.50909090909091,29.327272727272728,22.072727272727274,29.136363636363637,35.38181818181818,26.318181818181817,3.8909090909090907,3.8909090909090907,0.0,10.454545454545455,88.9090909090909,10.981818181818182,25.336363636363636,19.91909090909091,1010.9909090909091,78.27272727272727,22.37272727272727,0.0,3.908181818181818,12.899100000000002,108.66529999999999,10.454545454545455,11.861818181818181,10,42,61,25,1970-01-21 09:00:20.100000000,1970-01-21 09:01:02.814545454,Thu,,,
Đắk Lắk,Tây Nguyên,2025-10-15,24.4,28.50909090909091,21.654545454545453,27.827272727272728,31.94545454545454,25.327272727272728,2.0454545454545454,2.0454545454545454,0.0,9.545454545454545,86.9090909090909,18.71818181818182,39.36363636363637,20.11909090909091,1010.4818181818181,68.0909090909091,21.900000000000002,0.0,3.8845454545454547,12.899100000000002,108.66529999999999,10.805454545454545,11.851818181818182,10,42,53,79,1970-01-21 09:01:46.510909091,1970-01-21 09:02:29.170909091,Thu,,,
Đắk Lắk,Tây Nguyên,2025-10-16,23.527272727272727,25.55454545454546,22.19090909090909,26.763636363636362,28.518181818181816,25.527272727272727,5.4818181818181815,5.4818181818181815,0.0,15.181818181818182,92.27272727272727,18.463636363636365,42.08181818181818,12.83,1010.7818181818183,99.63636363636364,22.154545454545453,0.0,2.360909090909091,12.899100000000002,108.66529999999999,4.4390909090909085,11.838181818181818,10,42,53,69,1970-01-21 09:03:12.910909091,1970-01-21 09:03:55.543636363,Thu,,,
Đắk Lắk,Tây Nguyên,2025-10-17,24.336363636363636,28.018181818181816,22.245454545454546,27.972727272727273,32.5,25.94545454545454,3.5090909090909093,3.5090909090909093,0.0,14.272727272727273,89.36363636363636,16.927272727272726,37.72727272727273,18.55181818181818,1011.0181818181819,94.0,22.39090909090909,0.0,3.5,12.899100000000002,108.66529999999999,9.97,11.826363636363636,10,42,53,69,1970-01-21 09:04:39.338181818,1970-01-21 09:05:21.905454545,Thu,,,
Đắk Lắk,Tây Nguyên,2025-10-18,23.981818181818184,27.20909090909091,22.036363636363635,27.61818181818182,31.15454545454546,25.863636363636363,6.009090909090909,6.009090909090909,0.0,9.363636363636363,89.63636363636364,16.854545454545455,38.0,16.764545454545456,1010.3727272727273,84.63636363636364,22.099999999999998,0.0,3.141818181818182,12.899100000000002,108.66529999999999,9.450909090909091,11.816363636363638,10,42,63,41,1970-01-21 09:06:05.743636363,1970-01-21 09:06:48.283636363,Thu,,,
Đắk Lắk,Tây Nguyên,2025-10-19,24.0,27.981818181818184,21.8,27.436363636363637,31.772727272727273,25.29090909090909,3.2,3.2,0.0,11.727272727272727,88.54545454545455,19.40909090909091,42.92727272727273,16.856363636363636,1009.0909090909091,87.18181818181819,21.863636363636363,0.0,3.2145454545454544,12.899100000000002,108.66529999999999,8.592727272727272,11.806363636363637,10,42,53,81,1970-01-21 09:07:32.149090909,1970-01-21 09:08:14.634545454,Thu,,,
Đắk Lắk,Tây Nguyên,2025-10-20,23.981818181818184,27.654545454545453,22.29090909090909,27.91818181818182,31.127272727272725,26.3,5.636363636363637,5.636363636363637,0.0,11.181818181818182,90.9090909090909,15.590909090909092,37.6,13.93,1008.7454545454547,93.63636363636364,22.263636363636365,0.0,2.690909090909091,12.899100000000002,108.66529999999999,6.629090909090909,11.793636363636363,10,43,63,14,1970-01-21 09:08:58.554545454,1970-01-21 09:09:41.023636363,Thu,,,
Đắk Lắk,Tây Nguyên,2025-10-21,24.427272727272726,28.336363636363636,22.2,28.49090909090909,32.29090909090909,25.94545454545454,7.209090909090909,7.209090909090909,0.0,10.0,86.63636363636364,11.890909090909092,26.94545454545454,12.979090909090907,1009.1454545454545,94.18181818181819,21.90909090909091,0.0,2.7327272727272724,12.899100000000002,108.66529999999999,5.708181818181818,11.783636363636363,10,43,63,23,1970-01-21 09:10:24.960000000,1970-01-21 09:11:07.374545454,Thu,,,
Đắk Lắk,Tây Nguyên,2025-10-22,24.754545454545454,28.818181818181817,21.60909090909091,27.936363636363637,32.41818181818182,24.9,0.2545454545454545,0.2545454545454545,0.0,1.4545454545454546,80.63636363636364,14.945454545454545,30.99090909090909,18.23,1009.8454545454545,95.9090909090909,20.90909090909091,0.0,3.790909090909091,12.899100000000002,108.66529999999999,10.4,11.773636363636363,10,43,3,38,1970-01-21 09:11:51.370909091,1970-01-21 09:12:33.763636363,Thu,,,
Đắk Lắk,Tây Nguyên,2025-10-23,24.363636363636363,28.536363636363635,20.918181818181818,27.08181818181818,30.954545454545453,24.063636363636363,0.8181818181818182,0.8181818181818182,0.0,2.8181818181818183,81.72727272727273,18.318181818181817,37.92727272727273,18.60727272727273,1011.0818181818181,95.0,20.772727272727273,0.0,3.85,12.899100000000002,108.66529999999999,10.98,11.759999999999998,10,43,51,84,1970-01-21 09:13:17.792727272,1970-01-21 09:14:00.120000000,Thu,,,
Đắk Lắk,Tây Nguyên,2025-10-24,23.027272727272727,24.727272727272727,21.936363636363634,26.218181818181815,27.663636363636364,25.127272727272725,12.963636363636363,12.963636363636363,0.0,18.272727272727273,94.0,18.054545454545455,41.76363636363636,8.66090909090909,1011.5818181818181,99.54545454545455,21.990909090909092,0.0,1.6127272727272726,12.899100000000002,108.66529999999999,1.4954545454545454,11.75,10,43,63,54,1970-01-21 09:14:44.203636363,1970-01-21 09:15:26.503636363,Thu,,,
Đắk Lắk,Tây Nguyên,2025-10-25,22.354545454545455,23.50909090909091,21.363636363636363,25.645454545454548,26.70909090909091,24.481818181818184,16.645454545454545,16.645454545454545,0.0,18.727272727272727,95.72727272727273,17.90909090909091,37.663636363636364,5.49,1011.1363636363636,100.0,21.62727272727273,0.0,1.0363636363636364,12.899100000000002,108.66529999999999,0.004545454545454546,11.736363636363636,10,43,63,21,1970-01-21 09:16:10.614545454,1970-01-21 09:16:52.865454545,Thu,,,
Đắk Lắk,Tây Nguyên,2025-10-26,23.30909090909091,27.00909090909091,21.554545454545455,27.29090909090909,31.38181818181818,25.018181818181816,14.836363636363636,14.836363636363636,0.0,18.272727272727273,92.27272727272727,12.181818181818182,26.145454545454548,12.555454545454547,1010.8,99.72727272727273,21.900000000000002,0.0,2.442727272727273,12.899100000000002,108.66529999999999,5.549090909090909,11.726363636363637,10,43,63,24,1970-01-21 09:17:37.014545454,1970-01-21 09:18:19.249090909,Thu,,,
Đắk Lắk,Tây Nguyên,2025-10-27,23.2,26.854545454545452,21.87272727272727,27.4,32.00909090909091,25.50909090909091,26.94545454545454,26.94545454545454,0.0,22.09090909090909,94.27272727272727,12.745454545454548,26.39090909090909,11.405454545454544,1010.6363636363636,100.0,22.154545454545453,0.0,2.230909090909091,12.899100000000002,108.66529999999999,4.583636363636364,11.716363636363637,10,44,63,25,1970-01-21 09:19:03.430909091,1970-01-21 09:19:45.610909091,Thu,,,
Đắk Lắk,Tây Nguyên,2025-10-28,22.927272727272726,25.49090909090909,22.054545454545455,26.58181818181818,29.236363636363638,25.49090909090909,8.790909090909091,8.790909090909091,0.0,20.09090909090909,95.9090909090909,16.018181818181816,33.79090909090909,9.90090909090909,1010.3181818181819,100.0,22.21818181818182,0.0,1.7936363636363637,12.899100000000002,108.66529999999999,2.5345454545454547,11.706363636363637,10,44,61,97,1970-01-21 09:20:29.863636363,1970-01-21 09:21:11.994545454,Thu,,,
Đắk Lắk,Tây Nguyên,2025-10-29,23.181818181818183,25.218181818181815,21.827272727272728,27.354545454545452,29.44545454545454,25.927272727272726,14.799999999999999,14.799999999999999,0.0,18.727272727272727,95.36363636363636,12.70909090909091,27.754545454545454,8.799999999999999,1009.5363636363636,100.0,22.38181818181818,0.0,1.6918181818181817,12.899100000000002,108.66529999999999,1.720909090909091,11.696363636363635,10,44,63,59,1970-01-21 09:21:56.263636363,1970-01-21 09:22:38.372727272,Thu,,,
Đắk Lắk,Tây Nguyên,2025-10-30,24.2,27.88181818181818,22.272727272727273,28.627272727272725,33.03636363636363,26.145454545454548,16.936363636363637,16.936363636363637,0.0,12.818181818181818,91.9090909090909,11.9,27.036363636363635,14.666363636363634,1011.0181818181819,98.81818181818181,22.736363636363635,0.0,2.847272727272727,12.899100000000002,108.66529999999999,8.844545454545456,11.686363636363636,10,44,65,23,1970-01-21 09:23:22.674545454,1970-01-21 09:24:04.740000000,Thu,,,
Đắk Lắk,Tây Nguyên,2025-10-31,23.845454545454547,26.663636363636364,22.554545454545455,28.327272727272728,31.41818181818182,26.79090909090909,14.863636363636363,14.863636363636363,0.0,15.454545454545455,93.9090909090909,11.9,26.20909090909091,12.991818181818182,1013.2454545454547,97.54545454545455,22.745454545454546,0.0,2.4436363636363634,12.899100000000002,108.66529999999999,6.845454545454545,11.673636363636364,10,44,63,33,1970-01-21 09:24:49.090909091,1970-01-21 09:25:31.134545454,Thu,,,
Đắk Lắk,Tây Nguyên,2025-11-01,23.29090909090909,26.318181818181817,21.845454545454547,27.55454545454546,30.60909090909091,25.8,9.345454545454546,9.345454545454546,0.0,16.818181818181817,93.81818181818181,12.236363636363636,28.072727272727274,12.231818181818182,1013.2090909090908,99.9090909090909,22.2,0.0,2.3227272727272728,12.899100000000002,108.66529999999999,4.695454545454545,11.663636363636364,11,44,53,10,1970-01-21 09:26:15.523636363,1970-01-21 09:26:57.496363636,Thu,,,
Đắk Lắk,Tây Nguyên,2025-11-02,23.081818181818182,25.29090909090909,21.536363636363635,27.536363636363635,30.00909090909091,25.4,13.018181818181818,13.018181818181818,0.0,15.545454545454545,94.0909090909091,8.39090909090909,21.363636363636363,9.201818181818181,1011.5545454545455,100.0,22.099999999999998,0.0,1.8027272727272725,12.899100000000002,108.66529999999999,1.2045454545454546,11.653636363636364,11,44,63,3,1970-01-21 09:27:41.934545454,1970-01-21 09:28:23.880000000,Thu,,,
Đắk Lắk,Tây Nguyên,2025-11-03,23.854545454545452,28.0,21.045454545454547,28.318181818181817,33.45454545454545,24.836363636363636,8.981818181818182,8.981818181818182,0.0,11.181818181818182,90.36363636363636,9.245454545454546,24.327272727272728,17.407272727272726,1010.7545454545453,97.0909090909091,22.10909090909091,0.0,3.350909090909091,12.899100000000002,108.66529999999999,10.563636363636364,11.643636363636364,11,45,63,53,1970-01-21 09:29:08.345454545,1970-01-21 09:29:50.274545454,Thu,,,
Đắk Lắk,Tây Nguyên,2025-11-04,23.663636363636364,27.163636363636364,21.945454545454545,27.636363636363637,31.545454545454547,25.763636363636362,11.290909090909091,11.290909090909091,0.0,13.818181818181818,93.0,13.663636363636364,29.38181818181818,15.211818181818183,1010.9090909090909,93.27272727272727,22.381818181818183,0.0,2.81,12.899100000000002,108.66529999999999,9.792727272727273,11.633636363636365,11,45,63,92,1970-01-21 09:30:34.761818181,1970-01-21 09:31:16.658181818,Thu,,,
Đắk Lắk,Tây Nguyên,2025-11-05,23.663636363636364,27.018181818181816,21.88181818181818,27.363636363636363,31.37272727272727,25.44545454545454,4.118181818181818,4.118181818181818,0.0,12.272727272727273,90.81818181818181,14.5,35.054545454545455,15.548181818181819,1009.6454545454545,96.9090909090909,22.009090909090908,0.0,2.890909090909091,12.899100000000002,108.66529999999999,8.969090909090909,11.626363636363637,11,45,53,29,1970-01-21 09:32:01.189090909,1970-01-21 09:32:43.030909091,Thu,,,
Đắk Lắk,Tây Nguyên,2025-11-06,22.099999999999998,23.163636363636364,21.354545454545455,23.39090909090909,26.463636363636365,18.545454545454547,101.56363636363636,101.56363636363636,0.0,17.272727272727273,93.54545454545455,47.67272727272727,96.5909090909091,2.0354545454545456,1003.8363636363637,100.0,21.009090909090908,0.0,0.7454545454545454,12.899100000000002,108.66529999999999,0.0,11.616363636363635,11,45,65,234,1970-01-21 09:33:27.605454545,1970-01-21 09:34:09.420000000,Thu,,,
Đắk Lắk,Tây Nguyên,2025-11-07,24.29090909090909,29.39090909090909,21.136363636363637,28.454545454545453,35.00909090909091,23.054545454545455,12.2,12.2,0.0,10.727272727272727,88.27272727272727,21.454545454545453,50.48181818181818,17.771818181818183,1008.1909090909091,84.0909090909091,22.036363636363635,0.0,3.4918181818181817,12.899100000000002,108.66529999999999,10.333636363636364,11.606363636363636,11,45,63,157,1970-01-21 09:34:54.021818181,1970-01-21 09:35:35.814545454,Thu,,,
Đắk Lắk,Tây Nguyên,2025-11-08,24.627272727272725,28.99090909090909,21.509090909090908,28.88181818181818,34.06363636363636,25.572727272727274,0.7636363636363637,0.7636363636363637,0.0,4.363636363636363,87.0909090909091,13.436363636363636,28.981818181818184,20.08090909090909,1011.5272727272727,49.63636363636363,22.19090909090909,0.0,3.921818181818182,12.899100000000002,108.66529999999999,10.995454545454546,11.598181818181818,11,45,51,89,1970-01-21 09:36:20.449090909,1970-01-21 09:37:02.198181818,Thu,,,
Đắk Lắk,Tây Nguyên,2025-11-09,24.4,28.11818181818182,22.01818181818182,28.50909090909091,32.57272727272727,26.172727272727272,1.4181818181818182,1.4181818181818182,0.0,5.818181818181818,88.54545454545455,15.236363636363636,32.71818181818182,18.85727272727273,1011.0454545454545,84.9090909090909,22.227272727272727,0.0,3.597272727272727,12.899100000000002,108.66529999999999,10.22181818181818,11.588181818181818,11,45,53,33,1970-01-21 09:37:46.870909091,1970-01-21 09:38:28.570909091,Thu,,,
Đắk Lắk,Tây Nguyên,2025-11-10,24.354545454545452,28.536363636363635,21.245454545454546,28.127272727272725,33.00909090909091,24.88181818181818,0.22727272727272727,0.22727272727272727,0.0,1.7272727272727273,84.0,11.445454545454545,25.163636363636364,18.885454545454547,1010.0818181818181,84.0,21.272727272727273,0.0,3.7427272727272727,12.899100000000002,108.66529999999999,10.864545454545455,11.578181818181818,11,46,51,18,1970-01-21 09:39:13.303636363,1970-01-21 09:39:54.965454545,Thu,,,
Đắk Lắk,Tây Nguyên,2025-11-11,24.44545454545454,28.80909090909091,21.509090909090908,28.818181818181817,34.154545454545456,25.318181818181817,1.1363636363636365,1.1363636363636365,0.0,5.181818181818182,86.63636363636364,9.836363636363636,21.654545454545453,17.89727272727273,1010.7727272727273,99.63636363636364,21.90909090909091,0.0,3.5336363636363632,12.899100000000002,108.66529999999999,10.469090909090909,11.568181818181818,11,46,53,28,1970-01-21 09:40:39.714545454,1970-01-21 09:41:21.360000000,Thu,,,
Đắk Lắk,Tây Nguyên,2025-11-12,23.94545454545454,27.49090909090909,21.490909090909092,27.50909090909091,31.354545454545452,25.11818181818182,1.4909090909090907,1.4909090909090907,0.0,7.545454545454546,88.0909090909091,15.990909090909092,33.845454545454544,18.518181818181816,1012.4454545454545,94.54545454545455,21.754545454545454,0.0,3.5154545454545456,12.899100000000002,108.66529999999999,10.784545454545453,11.56,11,46,51,44,1970-01-21 09:42:06.130909091,1970-01-21 09:42:47.754545454,Thu,,,
Đắk Lắk,Tây Nguyên,2025-11-13,22.954545454545453,26.50909090909091,20.245454545454546,25.181818181818183,28.40909090909091,22.672727272727272,0.5909090909090909,0.5909090909090909,0.0,2.8181818181818183,84.81818181818181,19.099999999999998,38.93636363636364,18.573636363636364,1014.3,39.09090909090909,20.081818181818182,0.0,3.5154545454545456,12.899100000000002,108.66529999999999,10.907272727272728,11.549999999999999,11,46,3,40,1970-01-21 09:43:32.569090909,1970-01-21 09:44:14.149090909,Thu,,,
Đắk Lắk,Tây Nguyên,2025-11-14,21.154545454545453,24.754545454545454,18.2,22.272727272727273,25.38181818181818,19.509090909090908,0.2636363636363636,0.2636363636363636,0.0,2.090909090909091,80.54545454545455,21.163636363636364,43.21818181818182,17.303636363636365,1014.3090909090909,56.81818181818182,17.527272727272727,0.0,3.2409090909090907,12.899100000000002,108.66529999999999,10.610000000000001,11.541818181818181,11,46,51,71,1970-01-21 09:44:58.985454545,1970-01-21 09:45:40.549090909,Thu,,,
Đắk Lắk,Tây Nguyên,2025-11-15,22.236363636363635,25.818181818181817,19.20909090909091,23.99090909090909,27.11818181818182,20.772727272727273,2.4454545454545453,2.4454545454545453,0.0,7.181818181818182,82.0,20.581818181818182,42.23636363636364,15.15090909090909,1014.0,88.54545454545455,18.88181818181818,0.0,2.9736363636363636,12.899100000000002,108.66529999999999,8.67090909090909,11.531818181818181,11,46,51,40,1970-01-21 09:46:25.423636363,1970-01-21 09:47:06.938181818,Thu,,,
Đắk Lắk,Tây Nguyên,2025-11-16,22.009090909090908,23.572727272727274,20.945454545454545,25.136363636363637,26.954545454545453,23.79090909090909,29.4,29.4,0.0,22.818181818181817,97.54545454545455,17.063636363636363,39.18181818181818,5.1890909090909085,1013.3454545454545,99.81818181818181,21.581818181818182,0.0,0.9618181818181818,12.899100000000002,108.66529999999999,0.17181818181818184,11.521818181818182,11,46,63,85,1970-01-21 09:47:51.834545454,1970-01-21 09:48:33.327272727,Thu,,,
Đắk Lắk,Tây Nguyên,2025-11-17,22.236363636363635,24.55454545454546,21.09090909090909,25.09090909090909,27.41818181818182,23.745454545454546,14.19090909090909,14.19090909090909,0.0,20.90909090909091,95.72727272727273,17.445454545454545,38.58181818181818,8.019090909090908,1014.3,100.0,21.545454545454547,0.0,1.4636363636363638,12.899100000000002,108.66529999999999,1.3509090909090908,11.518181818181818,11,47,63,60,1970-01-21 09:49:18.256363636,1970-01-21 09:49:59.710909091,Thu,,,
Đắk Lắk,Tây Nguyên,2025-11-18,21.936363636363637,23.10909090909091,21.227272727272727,24.272727272727273,25.5,23.172727272727272,27.0,27.0,0.0,21.818181818181817,97.0,24.19090909090909,49.554545454545455,6.485454545454545,1013.4909090909091,100.0,21.436363636363637,0.0,1.1072727272727272,12.899100000000002,108.66529999999999,0.7518181818181818,11.508181818181818,11,47,63,59,1970-01-21 09:50:44.694545454,1970-01-21 09:51:26.110909091,Thu,,,
Đắk Lắk,Tây Nguyên,2025-11-19,21.30909090909091,22.509090909090908,20.081818181818182,22.79090909090909,24.99090909090909,20.8,93.58181818181819,93.58181818181819,0.0,24.0,96.45454545454545,28.372727272727275,57.16363636363636,5.0236363636363635,1013.9363636363636,100.0,20.754545454545454,0.0,0.8899999999999999,12.899100000000002,108.66529999999999,0.23545454545454544,11.5,11,47,65,46,1970-01-21 09:52:11.110909091,1970-01-21 09:52:52.510909091,Thu,,,
Đắk Lắk,Tây Nguyên,2025-11-20,20.163636363636364,21.681818181818183,18.945454545454545,21.327272727272728,23.09090909090909,19.681818181818183,45.481818181818184,45.481818181818184,0.0,23.181818181818183,94.27272727272727,22.072727272727274,44.74545454545454,6.180000000000001,1015.0909090909091,100.0,19.181818181818183,0.0,1.13,12.899100000000002,108.66529999999999,0.5963636363636363,11.491818181818182,11,47,63,36,1970-01-21 09:53:37.549090909,1970-01-21 09:54:18.910909091,Thu,,,
Đắk Lắk,Tây Nguyên,2025-11-21,20.336363636363636,22.245454545454546,19.154545454545453,21.599999999999998,23.336363636363636,20.400000000000002,22.481818181818184,22.481818181818184,0.0,21.727272727272727,92.45454545454545,22.036363636363635,45.06363636363636,7.921818181818182,1015.6090909090909,98.81818181818181,19.063636363636363,0.0,1.440909090909091,12.899100000000002,108.66529999999999,2.6954545454545453,11.486363636363636,11,47,61,53,1970-01-21 09:55:03.970909091,1970-01-21 09:55:45.310909091,Thu,,,
Đắk Lắk,Tây Nguyên,2025-11-22,20.645454545454545,22.490909090909092,18.954545454545453,22.318181818181817,24.3,20.19090909090909,14.081818181818182,14.081818181818182,0.0,20.90909090909091,94.18181818181819,20.518181818181816,42.345454545454544,6.65,1014.7272727272727,99.81818181818181,19.645454545454545,0.0,1.2309090909090907,12.899100000000002,108.66529999999999,1.6118181818181818,11.48,11,47,61,57,1970-01-21 09:56:30.409090909,1970-01-21 09:57:11.710909091,Thu,,,
Đắk Lắk,Tây Nguyên,2025-11-23,22.11818181818182,24.49090909090909,20.727272727272727,24.545454545454547,26.89090909090909,23.018181818181816,10.19090909090909,10.19090909090909,0.0,20.0,94.63636363636364,21.490909090909092,45.82727272727273,11.726363636363637,1013.5272727272727,93.9090909090909,21.2,0.0,1.9772727272727273,12.899100000000002,108.66529999999999,6.630909090909091,11.47,11,47,53,57,1970-01-21 09:57:56.825454545,1970-01-21 09:58:38.110909091,Thu,,,
Đắk Lắk,Tây Nguyên,2025-11-24,22.59090909090909,25.436363636363637,21.11818181818182,24.59090909090909,27.454545454545453,22.927272727272726,6.2727272727272725,6.2727272727272725,0.0,16.818181818181817,91.0,24.572727272727274,50.59090909090909,16.455454545454543,1013.4909090909091,84.9090909090909,20.990909090909092,0.0,2.7963636363636364,12.899100000000002,108.66529999999999,9.685454545454546,11.463636363636365,11,48,51,57,1970-01-21 09:59:23.263636363,1970-01-21 10:00:04.538181818,Thu,,,
Đắk Lắk,Tây Nguyên,2025-11-25,21.436363636363637,24.11818181818182,19.40909090909091,21.981818181818184,24.08181818181818,20.09090909090909,1.8909090909090909,1.8909090909090909,0.0,7.454545454545454,84.36363636363636,28.05454545454546,55.7,15.983636363636363,1013.9181818181819,96.81818181818181,18.60909090909091,0.0,2.916363636363636,12.899100000000002,108.66529999999999,9.85909090909091,11.458181818181819,11,48,51,50,1970-01-21 10:00:49.685454545,1970-01-21 10:01:30.943636363,Thu,,,
Đắk Lắk,Tây Nguyên,2025-11-26,20.7,24.163636363636364,18.39090909090909,21.163636363636364,23.863636363636363,19.072727272727274,0.36363636363636365,0.36363636363636365,0.0,2.727272727272727,81.36363636363636,24.545454545454547,48.790909090909096,14.591818181818182,1013.7545454545453,94.54545454545455,17.3,0.0,2.8427272727272728,12.899100000000002,108.66529999999999,9.441818181818181,11.450000000000001,11,48,51,26,1970-01-21 10:02:16.123636363,1970-01-21 10:02:57.349090909,Thu,,,
Đắk Lắk,Tây Nguyên,2025-11-27,19.963636363636365,23.836363636363636,17.572727272727274,19.79090909090909,23.145454545454545,16.981818181818184,0.09999999999999999,0.09999999999999999,0.0,0.5454545454545454,75.36363636363636,23.663636363636364,48.7,15.696363636363635,1014.0636363636364,100.0,15.336363636363636,0.0,3.1990909090909088,12.899100000000002,108.66529999999999,8.766363636363637,11.443636363636363,11,48,3,18,1970-01-21 10:03:42.545454545,1970-01-21 10:04:23.749090909,Thu,,,
Đắk Lắk,Tây Nguyên,2025-11-28,18.40909090909091,21.036363636363635,16.88181818181818,18.990909090909092,22.10909090909091,16.38181818181818,1.1363636363636365,1.1363636363636365,0.0,4.545454545454546,79.54545454545455,13.97272727272727,28.427272727272726,8.348181818181818,1013.1909090909091,100.0,14.754545454545456,0.0,1.7663636363636364,12.899100000000002,108.66529999999999,2.7072727272727275,11.44,11,48,51,24,1970-01-21 10:05:08.989090909,1970-01-21 10:05:50.160000000,Thu,,,
Đắk Lắk,Tây Nguyên,2025-11-29,21.599999999999998,25.318181818181817,17.90909090909091,24.20909090909091,28.345454545454547,19.254545454545454,2.290909090909091,2.290909090909091,0.0,4.2727272727272725,83.54545454545455,9.354545454545455,22.654545454545453,13.133636363636363,1011.6,96.54545454545455,18.61818181818182,0.0,2.522727272727273,12.899100000000002,108.66529999999999,7.818181818181818,11.431818181818182,11,48,51,25,1970-01-21 10:06:35.405454545,1970-01-21 10:07:16.565454545,Thu,,,
Đắk Lắk,Tây Nguyên,2025-11-30,23.12727272727273,26.4,20.236363636363635,26.99090909090909,30.2,23.20909090909091,1.3727272727272728,1.3727272727272728,0.0,4.363636363636363,87.81818181818181,7.3,17.481818181818184,9.936363636363636,1011.4818181818181,87.81818181818181,20.927272727272726,0.0,2.0145454545454546,12.899100000000002,108.66529999999999,5.496363636363636,11.428181818181818,11,48,51,2,1970-01-21 10:08:01.849090909,1970-01-21 10:08:42.970909091,Thu,,,
Đắk Lắk,Tây Nguyên,2025-12-01,23.981818181818184,28.272727272727273,21.354545454545455,28.254545454545454,33.17272727272727,25.11818181818182,3.563636363636364,3.563636363636364,0.0,11.272727272727273,87.63636363636364,10.509090909090908,24.872727272727275,18.10818181818182,1011.6363636363636,66.18181818181819,21.645454545454545,0.0,3.549090909090909,12.899100000000002,108.66529999999999,9.833636363636364,11.42,12,49,53,6,1970-01-21 10:09:28.270909091,1970-01-21 10:10:09.403636363,Đông,,,
Đắk Lắk,Tây Nguyên,2025-12-02,23.91818181818182,28.218181818181815,20.87272727272727,28.127272727272725,33.300000000000004,24.654545454545453,1.8,1.8,0.0,6.545454545454546,88.18181818181819,11.127272727272727,24.38181818181818,16.535454545454545,1011.7272727272727,73.45454545454545,21.663636363636364,0.0,3.272727272727273,12.899100000000002,108.66529999999999,10.091818181818182,11.416363636363636,12,49,53,17,1970-01-21 10:10:54.709090909,1970-01-21 10:11:35.809090909,Đông,,,
Đắk Lắk,Tây Nguyên,2025-12-03,22.29090909090909,23.99090909090909,21.181818181818183,25.61818181818182,27.8,23.690909090909088,46.31818181818182,46.31818181818182,0.0,17.636363636363637,95.72727272727273,20.254545454545454,40.654545454545456,5.453636363636364,1013.0181818181819,88.81818181818181,21.581818181818182,0.0,1.0836363636363637,12.899100000000002,108.66529999999999,1.9118181818181819,11.41,12,49,65,20,1970-01-21 10:12:21.136363636,1970-01-21 10:13:02.225454545,Đông,,,
Đắk Lắk,Tây Nguyên,2025-12-04,22.345454545454544,25.072727272727274,20.772727272727273,24.5,27.11818181818182,22.92727272727273,5.290909090909091,5.290909090909091,0.0,18.636363636363637,92.0909090909091,20.972727272727273,42.86363636363637,14.386363636363637,1014.7909090909092,72.45454545454545,20.936363636363637,0.0,2.501818181818182,12.899100000000002,108.66529999999999,8.986363636363636,11.406363636363636,12,49,53,72,1970-01-21 10:13:47.574545454,1970-01-21 10:14:28.625454545,Đông,,,
Đắk Lắk,Tây Nguyên,2025-12-05,21.863636363636363,25.1,20.036363636363635,23.263636363636365,26.036363636363635,21.599999999999998,3.0818181818181816,3.0818181818181816,0.0,14.363636363636363,88.27272727272727,24.5,49.32727272727273,17.116363636363637,1016.4272727272728,77.45454545454545,19.7,0.0,3.0081818181818183,12.899100000000002,108.66529999999999,9.984545454545454,11.4,12,49,51,75,1970-01-21 10:15:14.012727272,1970-01-21 10:15:55.063636363,Đông,,,
Đắk Lắk,Tây Nguyên,2025-12-06,21.018181818181816,24.336363636363636,18.527272727272727,21.79090909090909,24.44545454545454,20.018181818181816,1.2909090909090908,1.2909090909090908,0.0,8.090909090909092,85.0,24.681818181818183,49.27272727272727,16.673636363636362,1016.181818181818,49.54545454545455,18.227272727272727,0.0,3.0263636363636364,12.899100000000002,108.6653,10.447272727272727,11.4,12,49,51,63,1970-01-21 10:16:40.445454545,1970-01-21 10:17:21.480000000,Đông,,,
Đắk Lắk,Tây Nguyên,2025-12-07,20.490909090909092,24.154545454545453,17.8,21.07272727272727,24.527272727272727,18.945454545454545,0.6272727272727273,0.6272727272727273,0.0,3.4545454545454546,79.63636363636364,21.21818181818182,43.25454545454546,17.176363636363636,1015.7545454545452,66.0,16.663636363636364,0.0,3.225454545454546,12.899100000000002,108.6653,10.837272727272726,11.393636363636364,12,49,51,52,1970-01-21 10:18:06.878181818,1970-01-21 10:18:47.885454545,Đông,,,
Đắk Lắk,Tây Nguyên,2025-12-08,19.936363636363637,22.672727272727272,17.936363636363637,21.09090909090909,23.79090909090909,19.036363636363635,3.7818181818181817,3.7818181818181817,0.0,11.454545454545457,87.9090909090909,20.38181818181818,42.88181818181818,10.868181818181816,1015.3272727272728,99.0,17.78181818181818,0.0,1.9436363636363636,12.899100000000002,108.6653,6.078181818181818,11.39,12,50,53,6,1970-01-21 10:19:33.305454545,1970-01-21 10:20:14.318181818,Đông,,,
Đắk Lắk,Tây Nguyên,2025-12-09,20.254545454545458,22.5,18.536363636363635,21.545454545454547,23.3,19.681818181818183,5.5636363636363635,5.5636363636363635,0.0,10.909090909090908,89.72727272727273,20.12727272727273,40.31818181818182,7.184545454545455,1014.6363636363636,100.0,18.463636363636365,0.0,1.451818181818182,12.899100000000002,108.6653,1.6081818181818184,11.386363636363637,12,50,51,15,1970-01-21 10:20:59.749090909,1970-01-21 10:21:40.729090909,Đông,,,
Đắk Lắk,Tây Nguyên,2025-12-10,21.536363636363635,23.73636363636364,20.036363636363635,24.11818181818182,26.70909090909091,22.245454545454542,24.08181818181818,24.08181818181818,0.0,21.545454545454547,95.8181818181818,18.354545454545455,39.054545454545455,7.609090909090909,1013.2818181818184,99.72727272727272,20.79090909090909,0.0,1.3463636363636364,12.899100000000002,108.6653,1.7136363636363638,11.381818181818184,12,50,63,66,1970-01-21 10:22:26.165454545,1970-01-21 10:23:07.145454545,Đông,,,
Đắk Lắk,Tây Nguyên,2025-12-11,22.59090909090909,26.063636363636363,20.60909090909091,24.89090909090909,28.55454545454546,23.0,3.563636363636364,3.563636363636364,0.0,14.272727272727272,90.45454545454544,20.29090909090909,40.872727272727275,16.076363636363638,1013.9272727272728,85.36363636363636,20.836363636363636,0.0,2.859090909090909,12.899100000000002,108.6653,9.209090909090907,11.38,12,50,53,77,1970-01-21 10:23:52.609090909,1970-01-21 10:24:33.583636363,Đông,,,
Đắk Lắk,Tây Nguyên,2025-12-12,22.445454545454545,25.69090909090909,20.418181818181814,24.363636363636363,27.536363636363635,22.454545454545453,2.772727272727273,2.772727272727273,0.0,12.454545454545457,87.27272727272727,19.763636363636365,39.7,16.683636363636364,1013.7909090909092,65.0,20.054545454545455,0.0,3.0599999999999996,12.899100000000002,108.6653,9.772727272727272,11.378181818181815,12,50,51,64,1970-01-21 10:25:19.030909091,1970-01-21 10:26:00.000000000,Đông,,,
Đắk Lắk,Tây Nguyên,2025-12-13,22.3,25.79090909090909,19.9,23.80909090909091,26.59090909090909,22.054545454545455,1.6727272727272726,1.6727272727272726,0.0,7.727272727272728,86.72727272727273,23.181818181818183,46.127272727272725,15.231818181818182,1014.2363636363636,99.54545454545456,19.818181818181817,0.0,2.903636363636364,12.899100000000002,108.6653,9.940909090909091,11.373636363636365,12,50,51,64,1970-01-21 10:26:45.469090909,1970-01-21 10:27:26.405454545,Đông,,,
Đắk Lắk,Tây Nguyên,2025-12-14,21.436363636363637,24.19090909090909,19.80909090909091,22.436363636363637,25.09090909090909,20.92727272727273,5.209090909090909,5.209090909090909,0.0,16.636363636363637,90.0,26.59090909090909,53.45454545454545,15.588181818181818,1015.0272727272728,78.63636363636364,19.672727272727272,0.0,2.5890909090909093,12.899100000000002,108.6653,10.151818181818182,11.371818181818185,12,50,53,68,1970-01-21 10:28:11.890909091,1970-01-21 10:28:52.843636363,Đông,,,
Đắk Lắk,Tây Nguyên,2025-12-15,21.509090909090908,24.718181818181815,19.60909090909091,22.772727272727273,25.44545454545454,20.92727272727273,3.2636363636363637,3.2636363636363637,0.0,13.272727272727272,88.54545454545455,23.6,46.81818181818182,14.953636363636363,1015.2272727272727,87.72727272727273,19.463636363636365,0.0,2.666363636363636,12.899100000000002,108.6653,9.986363636363636,11.37,12,51,51,60,1970-01-21 10:29:38.329090909,1970-01-21 10:30:19.265454545,Đông,,,
Đắk Lắk,Tây Nguyên,2025-12-16,21.836363636363636,25.563636363636363,19.763636363636365,23.61818181818182,26.818181818181817,21.69090909090909,1.5,1.5,0.0,9.181818181818182,88.63636363636364,21.145454545454545,42.58181818181818,15.0,1014.7,95.0,19.754545454545458,0.0,2.768181818181818,12.899100000000002,108.6653,9.395454545454545,11.37,12,51,51,77,1970-01-21 10:31:04.750909091,1970-01-21 10:31:45.692727272,Đông,,,
Đắk Lắk,Tây Nguyên,2025-12-17,21.518181818181816,24.527272727272727,19.87272727272727,23.454545454545453,26.827272727272728,21.43636363636363,6.645454545454545,6.645454545454545,0.0,15.454545454545457,92.45454545454544,20.1,41.73636363636364,12.823636363636364,1015.0,86.36363636363636,20.2,0.0,2.208181818181818,12.899100000000002,108.6653,8.451818181818181,11.37,12,51,61,58,1970-01-21 10:32:31.189090909,1970-01-21 10:33:12.120000000,Đông,,,
Đắk Lắk,Tây Nguyên,2025-12-18,21.181818181818183,24.627272727272725,18.918181818181814,22.6,25.536363636363635,20.20909090909091,1.9,1.9,0.0,9.363636363636363,89.18181818181819,21.472727272727273,43.39090909090909,13.69,1014.518181818182,93.1818181818182,19.21818181818182,0.0,2.458181818181818,12.899100000000002,108.6653,8.705454545454545,11.368181818181816,12,51,51,61,1970-01-21 10:33:57.616363636,1970-01-21 10:34:38.530909091,Đông,,,
Đắk Lắk,Tây Nguyên,2025-12-19,21.836363636363636,25.245454545454542,19.8,23.954545454545453,27.281818181818185,22.081818181818186,3.1,3.1,0.0,10.090909090909092,89.27272727272727,18.90909090909091,38.49090909090909,13.584545454545456,1012.6727272727272,93.1818181818182,19.88181818181818,0.0,2.4881818181818183,12.899100000000002,108.6653,8.878181818181817,11.366363636363635,12,51,51,63,1970-01-21 10:35:24.049090909,1970-01-21 10:36:04.974545454,Đông,,,
Đắk Lắk,Tây Nguyên,2025-12-20,22.0,25.636363636363637,19.763636363636365,24.41818181818182,28.09090909090909,22.3,1.5909090909090908,1.5909090909090908,0.0,7.727272727272728,89.0909090909091,17.5,37.309090909090905,14.745454545454544,1012.181818181818,95.54545454545456,20.009090909090908,0.0,2.6999999999999997,12.899100000000002,108.6653,9.561818181818182,11.366363636363635,12,51,51,35,1970-01-21 10:36:50.476363636,1970-01-21 10:37:31.385454545,Đông,,,
Đắk Lắk,Tây Nguyên,2025-12-21,22.236363636363635,25.218181818181815,20.59090909090909,24.69090909090909,27.563636363636363,23.181818181818183,4.8545454545454545,4.8545454545454545,0.0,17.181818181818183,91.36363636363636,19.98181818181818,43.67272727272727,15.265454545454547,1012.5545454545456,87.0909090909091,20.70909090909091,0.0,2.658181818181818,12.899100000000002,108.6653,9.258181818181818,11.366363636363635,12,51,51,61,1970-01-21 10:38:16.920000000,1970-01-21 10:38:57.829090909,Đông,,,
Đắk Lắk,Tây Nguyên,2025-12-22,21.918181818181814,24.518181818181816,20.545454545454547,23.854545454545452,26.127272727272725,22.636363636363637,6.909090909090909,6.909090909090909,0.0,18.545454545454547,91.8181818181818,22.827272727272728,47.10909090909092,15.025454545454544,1012.6909090909091,99.36363636363636,20.481818181818184,0.0,2.51,12.899100000000002,108.6653,9.234545454545454,11.366363636363635,12,52,61,56,1970-01-21 10:39:43.347272727,1970-01-21 10:40:24.250909091,Đông,,,
Đắk Lắk,Tây Nguyên,2025-12-23,22.19090909090909,25.91818181818182,19.772727272727273,24.018181818181816,27.018181818181816,21.936363636363637,0.9090909090909092,0.9090909090909092,0.0,6.090909090909091,87.27272727272727,21.481818181818184,43.61818181818182,15.391818181818184,1012.4,98.36363636363636,19.818181818181817,0.0,2.897272727272727,12.899100000000002,108.6653,10.25,11.366363636363635,12,52,51,63,1970-01-21 10:41:09.780000000,1970-01-21 10:41:50.700000000,Đông,,,
Đắk Lắk,Tây Nguyên,2025-12-24,22.327272727272728,25.036363636363635,20.3,24.79090909090909,27.027272727272727,22.57272727272727,1.9727272727272729,1.9727272727272729,0.0,7.272727272727272,90.0,17.79090909090909,36.45454545454545,10.358181818181816,1011.6363636363636,96.0,20.536363636363635,0.0,2.0072727272727273,12.899100000000002,108.6653,6.337272727272727,11.366363636363635,12,52,51,62,1970-01-21 10:42:36.207272727,1970-01-21 10:43:17.116363636,Đông,,,
Đắk Lắk,Tây Nguyên,2025-12-25,21.61818181818182,23.645454545454548,20.10909090909091,23.872727272727275,25.845454545454547,21.4,12.054545454545456,12.054545454545456,0.0,12.818181818181818,94.0909090909091,20.418181818181814,41.7,7.72,1012.9727272727272,98.54545454545456,20.60909090909091,0.0,1.3718181818181818,12.899100000000002,108.6653,2.8936363636363636,11.368181818181816,12,52,63,57,1970-01-21 10:44:02.640000000,1970-01-21 10:44:43.560000000,Đông,,,
Đắk Lắk,Tây Nguyên,2025-12-26,20.745454545454542,23.29090909090909,18.98181818181818,21.39090909090909,23.19090909090909,19.936363636363637,2.409090909090909,2.409090909090909,0.0,10.909090909090908,87.45454545454545,25.11818181818182,49.654545454545456,13.12090909090909,1015.0636363636364,87.45454545454545,18.490909090909092,0.0,2.3736363636363635,12.899100000000002,108.6653,8.36909090909091,11.37,12,52,51,59,1970-01-21 10:45:29.056363636,1970-01-21 10:46:09.998181818,Đông,,,
Đắk Lắk,Tây Nguyên,2025-12-27,20.318181818181817,23.818181818181817,18.054545454545455,21.172727272727272,23.80909090909091,19.38181818181818,0.8363636363636363,0.8363636363636363,0.0,5.2727272727272725,86.27272727272727,21.318181818181817,42.74545454545454,14.35,1015.6454545454544,69.9090909090909,17.78181818181818,0.0,2.632727272727273,12.899100000000002,108.6653,9.98,11.37,12,52,51,63,1970-01-21 10:46:55.489090909,1970-01-21 10:47:36.425454545,Đông,,,
Đắk Lắk,Tây Nguyên,2025-12-28,20.454545454545453,24.7,17.88181818181818,21.681818181818183,25.318181818181817,19.663636363636364,0.8454545454545456,0.8454545454545456,0.0,5.7272727272727275,87.0,20.318181818181817,41.16363636363637,15.878181818181815,1015.7727272727273,65.27272727272727,18.063636363636363,0.0,2.8918181818181816,12.899100000000002,108.6653,10.09,11.37,12,52,51,64,1970-01-21 10:48:21.910909091,1970-01-21 10:49:02.863636363,Đông,,,
Đắk Lắk,Tây Nguyên,2025-12-29,20.1,24.20909090909091,17.263636363636365,21.472727272727273,24.90909090909091,18.981818181818184,0.8363636363636363,0.8363636363636363,0.0,4.818181818181818,87.18181818181819,16.700000000000003,35.36363636363637,15.724545454545456,1014.8,74.63636363636364,17.736363636363635,0.0,2.8400000000000003,12.899100000000002,108.6653,9.986363636363636,11.371818181818185,12,1,51,36,1970-01-21 10:49:48.349090909,1970-01-21 10:50:29.285454545,Đông,,,
Đắk Lắk,Tây Nguyên,2025-12-30,19.845454545454547,24.027272727272727,16.636363636363637,20.663636363636364,24.481818181818184,17.563636363636363,0.2545454545454545,0.2545454545454545,0.0,1.9090909090909092,82.0,17.972727272727273,37.35454545454545,16.937272727272727,1013.681818181818,66.54545454545455,16.445454545454545,0.0,3.1645454545454546,12.899100000000002,108.6653,10.561818181818182,11.376363636363635,12,1,51,81,1970-01-21 10:51:14.765454545,1970-01-21 10:51:55.723636363,Đông,,,
Đắk Lắk,Tây Nguyên,2025-12-31,19.37272727272727,24.336363636363636,15.327272727272726,20.236363636363635,25.76363636363636,16.245454545454546,0.0,0.0,0.0,0.0,79.81818181818181,15.52727272727273,31.845454545454547,19.23090909090909,1012.3636363636364,58.18181818181818,15.572727272727274,0.0,3.48,12.899100000000002,108.6653,10.851818181818182,11.38,12,1,3,68,1970-01-21 10:52:41.198181818,1970-01-21 10:53:22.145454545,Đông,,,
Đắk Lắk,Tây Nguyên,2026-01-01,19.418181818181814,24.19090909090909,15.30909090909091,20.263636363636365,24.76363636363636,16.29090909090909,0.009090909090909,0.009090909090909,0.0,0.0909090909090909,81.27272727272727,16.245454545454546,34.23636363636364,18.515454545454546,1013.7636363636364,65.54545454545455,15.80909090909091,0.0,3.387272727272727,12.899100000000002,108.6653,10.875454545454543,11.38,1,1,3,66,1970-01-21 10:54:07.614545454,1970-01-21 10:54:48.589090909,Đông,,,
Đắk Lắk,Tây Nguyên,2026-01-02,19.418181818181814,22.981818181818184,16.599999999999998,19.70909090909091,22.672727272727272,17.59090909090909,1.4727272727272729,1.4727272727272729,0.0,6.7272727272727275,85.0909090909091,25.354545454545452,50.654545454545456,15.739999999999998,1016.4727272727272,63.54545454545455,16.71818181818182,0.0,2.7209090909090907,12.899100000000002,108.6653,10.139090909090909,11.383636363636365,1,1,51,62,1970-01-21 10:55:34.030909091,1970-01-21 10:56:15.005454545,Đông,,,
Đắk Lắk,Tây Nguyên,2026-01-03,19.581818181818186,23.57272727272727,17.154545454545456,19.454545454545453,22.436363636363637,17.736363636363635,0.5,0.5,0.0,3.272727272727273,80.18181818181819,25.154545454545453,50.33636363636364,17.29,1017.2818181818184,60.72727272727273,15.80909090909091,0.0,3.2163636363636368,12.899100000000002,108.6653,10.393636363636364,11.386363636363637,1,1,51,57,1970-01-21 10:57:00.469090909,1970-01-21 10:57:41.449090909,Đông,,,
Đắk Lắk,Tây Nguyên,2026-01-04,19.545454545454547,22.745454545454542,16.78181818181818,20.4,23.07272727272727,17.61818181818182,1.6454545454545455,1.6454545454545455,0.0,7.818181818181818,88.27272727272727,20.336363636363636,40.518181818181816,9.598181818181818,1016.6454545454544,98.9090909090909,17.472727272727273,0.0,1.8545454545454545,12.899100000000002,108.6653,4.026363636363636,11.39,1,1,51,64,1970-01-21 10:58:26.880000000,1970-01-21 10:59:07.870909091,Đông,,,
Đắk Lắk,Tây Nguyên,2026-01-05,20.28181818181818,23.1,18.509090909090908,21.136363636363637,23.281818181818185,19.39090909090909,0.9454545454545454,0.9454545454545454,0.0,5.636363636363637,87.27272727272727,20.8,41.518181818181816,10.22090909090909,1016.7909090909092,92.45454545454544,17.945454545454545,0.0,2.0518181818181818,12.899100000000002,108.6653,5.298181818181818,11.393636363636364,1,2,51,39,1970-01-21 10:59:53.290909091,1970-01-21 11:00:34.320000000,Đông,,,
Đắk Lắk,Tây Nguyên,2026-01-06,19.7,23.21818181818182,17.59090909090909,19.39090909090909,22.11818181818182,17.263636363636365,0.8090909090909091,0.8090909090909091,0.0,4.545454545454546,81.72727272727273,25.318181818181817,50.3,13.24909090909091,1018.2272727272727,74.0909090909091,16.327272727272728,0.0,2.687272727272727,12.899100000000002,108.6653,9.255454545454546,11.4,1,2,51,61,1970-01-21 11:01:19.718181818,1970-01-21 11:02:00.747272727,Đông,,,
Đắk Lắk,Tây Nguyên,2026-01-07,18.39090909090909,20.69090909090909,16.536363636363635,17.599999999999998,19.181818181818183,16.21818181818182,1.1545454545454543,1.1545454545454543,0.0,7.363636363636363,82.18181818181819,25.145454545454548,49.53636363636363,10.674545454545454,1019.6181818181816,92.27272727272728,15.272727272727272,0.0,2.111818181818182,12.899100000000002,108.6653,6.430000000000001,11.4,1,2,51,64,1970-01-21 11:02:46.129090909,1970-01-21 11:03:27.180000000,Đông,,,
Đắk Lắk,Tây Nguyên,2026-01-08,17.7,21.29090909090909,15.20909090909091,16.5,19.21818181818182,14.536363636363635,0.6454545454545454,0.6454545454545454,0.0,4.0,78.72727272727273,25.20909090909091,49.9,14.450909090909091,1020.0,79.9090909090909,13.745454545454544,0.0,2.7363636363636363,12.899100000000002,108.6653,10.23,11.41,1,2,51,56,1970-01-21 11:04:12.545454545,1970-01-21 11:04:53.623636363,Đông,,,
Đắk Lắk,Tây Nguyên,2026-01-09,17.28181818181818,21.354545454545455,14.19090909090909,16.354545454545455,19.69090909090909,13.554545454545456,0.1727272727272727,0.1727272727272727,0.0,1.3636363636363635,77.9090909090909,22.92727272727273,46.14545454545455,15.945454545454544,1018.7272727272727,60.63636363636363,13.172727272727274,0.0,2.86,12.899100000000002,108.6653,10.71,11.41,1,2,3,34,1970-01-21 11:05:38.967272727,1970-01-21 11:06:20.045454545,Đông,,,
Đắk Lắk,Tây Nguyên,2026-01-10,17.60909090909091,22.227272727272727,13.945454545454544,17.336363636363636,21.80909090909091,14.109090909090908,0.1454545454545454,0.1454545454545454,0.0,1.3636363636363635,79.36363636363636,17.154545454545453,36.47272727272727,15.247272727272728,1017.3909090909092,78.45454545454545,13.727272727272728,0.0,2.830909090909091,12.899100000000002,108.6653,9.702727272727271,11.42,1,2,51,67,1970-01-21 11:07:05.389090909,1970-01-21 11:07:46.489090909,Đông,,,
Đắk Lắk,Tây Nguyên,2026-01-11,18.418181818181814,21.836363636363636,15.445454545454544,17.863636363636363,20.79090909090909,15.318181818181818,0.209090909090909,0.209090909090909,0.0,1.6363636363636365,76.72727272727273,22.227272727272727,44.627272727272725,13.90090909090909,1019.0636363636364,76.45454545454545,14.054545454545456,0.0,2.7454545454545456,12.899100000000002,108.6653,8.61909090909091,11.42,1,2,3,64,1970-01-21 11:08:31.794545454,1970-01-21 11:09:12.905454545,Đông,,,
Đắk Lắk,Tây Nguyên,2026-01-12,18.6,22.9,15.4,18.672727272727272,23.41818181818182,15.445454545454544,0.0272727272727272,0.0272727272727272,0.0,0.1818181818181818,79.9090909090909,16.863636363636363,34.96363636363636,14.71818181818182,1018.1727272727272,46.81818181818182,14.936363636363636,0.0,2.7345454545454544,12.899100000000002,108.6653,9.51909090909091,11.43,1,3,3,83,1970-01-21 11:09:58.205454545,1970-01-21 11:10:39.354545454,Đông,,,
Đắk Lắk,Tây Nguyên,2026-01-13,19.036363636363635,24.1,15.427272727272726,19.227272727272727,24.90909090909091,15.69090909090909,0.0,0.0,0.0,0.0,76.54545454545455,16.354545454545455,34.22727272727273,20.632727272727273,1017.3909090909092,48.63636363636363,14.509090909090908,0.0,3.766363636363636,12.899100000000002,108.6653,11.065454545454545,11.433636363636364,1,3,3,39,1970-01-21 11:11:24.616363636,1970-01-21 11:12:05.781818181,Đông,,,
Đắk Lắk,Tây Nguyên,2026-01-14,19.563636363636363,24.172727272727272,16.236363636363635,20.62727272727273,25.19090909090909,17.318181818181817,0.4545454545454545,0.4545454545454545,0.0,3.090909090909091,85.9090909090909,15.52727272727273,31.954545454545453,13.86909090909091,1015.6090909090908,61.36363636363637,16.972727272727273,0.0,2.62090909090909,12.899100000000002,108.6653,9.39,11.44,1,3,51,35,1970-01-21 11:12:51.043636363,1970-01-21 11:13:32.220000000,Đông,,,
Đắk Lắk,Tây Nguyên,2026-01-15,19.918181818181814,25.58181818181818,16.21818181818182,21.163636363636364,27.563636363636363,17.472727272727273,0.0181818181818181,0.0181818181818181,0.0,0.1818181818181818,84.0909090909091,17.036363636363635,33.67272727272727,19.51090909090909,1015.0727272727272,43.45454545454545,16.818181818181817,0.0,3.613636363636364,12.899100000000002,108.6653,10.751818181818182,11.448181818181816,1,3,3,65,1970-01-21 11:14:17.449090909,1970-01-21 11:14:58.663636363,Đông,,,
Đắk Lắk,Tây Nguyên,2026-01-16,19.9,25.981818181818184,15.336363636363636,21.445454545454545,28.536363636363635,16.354545454545455,0.0,0.0,0.0,0.0,82.54545454545455,12.409090909090908,26.036363636363635,21.59636363636364,1013.5363636363636,72.72727272727273,16.418181818181818,0.0,3.965454545454546,12.899100000000002,108.6653,10.89,11.45181818181818,1,3,3,32,1970-01-21 11:15:43.854545454,1970-01-21 11:16:25.085454545,Đông,,,
Đắk Lắk,Tây Nguyên,2026-01-17,20.581818181818186,26.26363636363636,16.545454545454547,22.29090909090909,28.89090909090909,18.29090909090909,0.0454545454545454,0.0454545454545454,0.0,0.0909090909090909,82.27272727272727,14.418181818181818,29.818181818181817,20.490909090909092,1011.6545454545457,84.27272727272727,17.063636363636363,0.0,3.8745454545454545,12.899100000000002,108.6653,10.507272727272728,11.46,1,3,3,30,1970-01-21 11:17:10.265454545,1970-01-21 11:17:51.523636363,Đông,,,
Đắk Lắk,Tây Nguyên,2026-01-18,20.11818181818182,25.718181818181815,15.872727272727271,21.154545454545453,27.70909090909091,16.645454545454545,0.0,0.0,0.0,0.0,78.36363636363636,15.663636363636364,32.127272727272725,21.115454545454543,1011.3090909090909,73.27272727272727,15.9,0.0,3.939090909090909,12.899100000000002,108.6653,11.069090909090908,11.46818181818182,1,3,3,31,1970-01-21 11:18:36.670909091,1970-01-21 11:19:17.945454545,Đông,,,
Đắk Lắk,Tây Nguyên,2026-01-19,20.227272727272727,25.845454545454547,16.272727272727273,21.245454545454542,27.11818181818182,17.363636363636363,0.0,0.0,0.0,0.0,78.81818181818181,15.345454545454546,33.54545454545455,21.291818181818183,1012.5272727272728,49.18181818181818,15.936363636363636,0.0,4.014545454545455,12.899100000000002,108.6653,11.324545454545454,11.471818181818184,1,4,3,43,1970-01-21 11:20:03.070909091,1970-01-21 11:20:44.389090909,Đông,,,
Đắk Lắk,Tây Nguyên,2026-01-20,20.0,25.44545454545454,16.154545454545453,20.79090909090909,26.218181818181822,17.418181818181818,0.1363636363636363,0.1363636363636363,0.0,1.0909090909090908,80.0,17.60909090909091,37.16363636363637,19.91090909090909,1014.0090909090908,44.63636363636363,15.936363636363636,0.0,3.8318181818181816,12.899100000000002,108.6653,10.831818181818182,11.48,1,4,3,45,1970-01-21 11:21:29.481818181,1970-01-21 11:22:10.805454545,Đông,,,
Đắk Lắk,Tây Nguyên,2026-01-21,19.78181818181818,24.254545454545458,16.436363636363637,20.29090909090909,24.063636363636363,17.7,0.4272727272727273,0.4272727272727273,0.0,2.090909090909091,81.54545454545455,20.163636363636364,41.4,18.277272727272727,1015.8454545454543,42.81818181818182,16.145454545454545,0.0,3.4518181818181817,12.899100000000002,108.6653,10.99,11.488181818181818,1,4,3,66,1970-01-21 11:22:55.892727272,1970-01-21 11:23:37.249090909,Đông,,,
Đắk Lắk,Tây Nguyên,2026-01-22,19.518181818181816,23.318181818181817,16.78181818181818,20.0,23.2,17.681818181818183,2.627272727272727,2.627272727272727,0.0,11.545454545454543,85.72727272727273,22.245454545454542,46.372727272727275,16.123636363636365,1017.5272727272728,67.18181818181819,16.80909090909091,0.0,2.886363636363636,12.899100000000002,108.6653,10.327272727272728,11.496363636363638,1,4,53,58,1970-01-21 11:24:22.298181818,1970-01-21 11:25:03.665454545,Đông,,,
Đắk Lắk,Tây Nguyên,2026-01-23,19.436363636363637,23.481818181818184,17.054545454545455,19.827272727272728,23.472727272727273,17.863636363636363,1.9909090909090907,1.9909090909090907,0.0,10.090909090909092,86.0909090909091,22.21818181818182,46.33636363636363,17.264545454545456,1018.9545454545456,67.27272727272727,16.863636363636363,0.0,3.0090909090909093,12.899100000000002,108.6653,9.741818181818182,11.501818181818182,1,4,51,61,1970-01-21 11:25:48.703636363,1970-01-21 11:26:30.109090909,Đông,,,
Đắk Lắk,Tây Nguyên,2026-01-24,19.554545454545455,23.745454545454542,16.70909090909091,19.87272727272727,23.80909090909091,17.581818181818182,0.8,0.8,0.0,5.2727272727272725,81.9090909090909,19.045454545454547,39.22727272727273,17.279090909090908,1018.8090909090909,57.90909090909091,16.081818181818182,0.0,3.233636363636364,12.899100000000002,108.6653,10.393636363636364,11.51,1,4,51,66,1970-01-21 11:27:15.103636363,1970-01-21 11:27:56.525454545,Đông,,,
Đắk Lắk,Tây Nguyên,2026-01-25,19.5,25.045454545454547,15.590909090909092,20.254545454545458,25.99090909090909,16.654545454545453,0.0,0.0,0.0,0.0,81.27272727272727,15.654545454545454,32.90909090909091,19.061818181818182,1017.3454545454543,63.81818181818182,15.79090909090909,0.0,3.580909090909091,12.899100000000002,108.6653,10.97181818181818,11.52,1,4,3,69,1970-01-21 11:28:41.498181818,1970-01-21 11:29:22.969090909,Đông,,,
Đắk Lắk,Tây Nguyên,2026-01-26,19.790909090909093,24.627272727272725,16.3,20.3,24.89090909090909,17.572727272727274,0.2454545454545454,0.2454545454545454,0.0,1.6363636363636365,80.81818181818181,17.972727272727273,37.36363636363637,17.76090909090909,1017.4636363636364,45.81818181818182,15.981818181818182,0.0,3.430909090909091,12.899100000000002,108.6653,10.906363636363636,11.528181818181816,1,5,51,72,1970-01-21 11:30:07.898181818,1970-01-21 11:30:49.385454545,Đông,,,
Đắk Lắk,Tây Nguyên,2026-01-27,19.92727272727273,25.163636363636364,15.918181818181818,20.61818181818182,25.88181818181818,17.063636363636363,0.0454545454545454,0.0454545454545454,0.0,0.4545454545454545,80.72727272727273,17.20909090909091,35.45454545454545,17.804545454545455,1017.7636363636364,41.18181818181818,16.136363636363637,0.0,3.4527272727272726,12.899100000000002,108.6653,10.81909090909091,11.538181818181815,1,5,3,70,1970-01-21 11:31:34.287272727,1970-01-21 11:32:15.818181818,Đông,,,
Đắk Lắk,Tây Nguyên,2026-01-28,19.9,24.30909090909091,16.954545454545453,20.581818181818186,24.44545454545454,18.21818181818182,1.4454545454545455,1.4454545454545455,0.0,6.0,84.45454545454545,21.60909090909091,44.481818181818184,16.133636363636363,1017.481818181818,54.54545454545455,16.918181818181818,0.0,3.027272727272727,12.899100000000002,108.6653,8.841818181818182,11.54181818181818,1,5,51,42,1970-01-21 11:33:00.670909091,1970-01-21 11:33:42.240000000,Đông,,,
Đắk Lắk,Tây Nguyên,2026-01-29,20.236363636363635,25.60909090909091,16.727272727272727,21.0,26.663636363636364,18.19090909090909,0.1272727272727273,0.1272727272727273,0.0,1.0,80.45454545454545,16.71818181818182,34.809090909090905,19.221818181818183,1017.1363636363636,48.63636363636363,16.272727272727273,0.0,3.738181818181818,12.899100000000002,108.6653,10.627272727272729,11.551818181818184,1,5,3,84,1970-01-21 11:34:27.070909091,1970-01-21 11:35:08.672727272,Đông,,,
Đắk Lắk,Tây Nguyên,2026-01-30,20.054545454545455,25.872727272727275,16.018181818181816,21.21818181818182,27.59090909090909,17.37272727272727,0.0,0.0,0.0,0.0,81.81818181818181,16.454545454545453,33.50909090909091,19.65,1017.3909090909092,73.9090909090909,16.436363636363637,0.0,3.753636363636363,12.899100000000002,108.6653,10.418181818181818,11.561818181818182,1,5,3,44,1970-01-21 11:35:53.470909091,1970-01-21 11:36:35.094545454,Đông,,,
Đắk Lắk,Tây Nguyên,2026-01-31,19.88181818181818,24.827272727272728,16.236363636363635,20.7,25.70909090909091,17.418181818181818,0.2272727272727272,0.2272727272727272,0.0,1.6363636363636365,81.45454545454545,17.254545454545454,36.32727272727273,17.067272727272726,1017.7545454545452,80.0909090909091,16.28181818181818,0.0,3.2836363636363632,12.899100000000002,108.6653,10.608181818181816,11.571818181818182,1,5,51,80,1970-01-21 11:37:19.865454545,1970-01-21 11:38:01.510909091,Đông,,,
Đắk Lắk,Tây Nguyên,2026-02-01,20.09090909090909,24.663636363636364,16.509090909090908,20.918181818181814,25.61818181818182,17.645454545454545,1.0636363636363635,1.0636363636363635,0.0,5.545454545454546,84.0909090909091,19.57272727272727,40.70909090909091,17.022727272727273,1017.9272727272728,82.9090909090909,17.045454545454547,0.0,3.2036363636363636,12.899100000000002,108.6653,10.645454545454546,11.58,2,5,51,66,1970-01-21 11:38:46.254545454,1970-01-21 11:39:27.949090909,Đông,,,
Đắk Lắk,Tây Nguyên,2026-02-02,20.418181818181814,24.4,17.71818181818182,21.145454545454545,24.59090909090909,19.136363636363637,2.3000000000000003,2.3000000000000003,0.0,11.090909090909092,86.18181818181819,24.454545454545453,48.92727272727273,16.546363636363637,1018.2727272727273,90.9090909090909,17.854545454545455,0.0,3.027272727272727,12.899100000000002,108.6653,9.835454545454546,11.59,2,6,51,60,1970-01-21 11:40:12.649090909,1970-01-21 11:40:54.365454545,Đông,,,
Đắk Lắk,Tây Nguyên,2026-02-03,20.063636363636363,22.2,18.645454545454545,20.672727272727272,21.990909090909092,19.527272727272727,5.263636363636364,5.263636363636364,0.0,13.545454545454543,89.27272727272727,23.636363636363637,46.99090909090909,8.555454545454545,1018.5,97.63636363636364,18.145454545454545,0.0,1.6909090909090911,12.899100000000002,108.6653,1.9436363636363636,11.6,2,6,51,57,1970-01-21 11:41:39.043636363,1970-01-21 11:42:20.798181818,Đông,,,
Đắk Lắk,Tây Nguyên,2026-02-04,20.636363636363637,24.89090909090909,17.87272727272727,21.509090909090908,25.49090909090909,19.181818181818183,0.4545454545454545,0.4545454545454545,0.0,3.090909090909091,83.36363636363636,17.8,36.66363636363637,14.392727272727273,1017.4363636363636,84.27272727272727,17.463636363636365,0.0,2.87,12.899100000000002,108.6653,9.21818181818182,11.61,2,6,51,82,1970-01-21 11:43:05.410909091,1970-01-21 11:43:47.214545454,Đông,,,
Đắk Lắk,Tây Nguyên,2026-02-05,21.20909090909091,26.318181818181817,17.654545454545453,23.227272727272727,29.10909090909091,19.463636363636365,0.0909090909090909,0.0909090909090909,0.0,0.6363636363636364,84.54545454545455,13.436363636363636,26.872727272727275,17.713636363636365,1015.7636363636364,62.90909090909091,18.19090909090909,0.0,3.450909090909091,12.899100000000002,108.6653,9.953636363636363,11.62,2,6,3,39,1970-01-21 11:44:31.810909091,1970-01-21 11:45:13.630909091,Đông,,,
Đắk Lắk,Tây Nguyên,2026-02-06,21.89090909090909,28.027272727272727,17.80909090909091,24.272727272727273,31.7,19.863636363636363,0.0363636363636363,0.0363636363636363,0.0,0.2727272727272727,83.0909090909091,14.71818181818182,28.672727272727272,20.73090909090909,1014.181818181818,67.81818181818181,18.472727272727273,0.0,4.046363636363636,12.899100000000002,108.6653,10.91909090909091,11.63,2,6,3,78,1970-01-21 11:45:58.194545454,1970-01-21 11:46:40.069090909,Đông,,,
Đắk Lắk,Tây Nguyên,2026-02-07,21.563636363636363,26.61818181818182,18.163636363636364,23.09090909090909,28.681818181818183,19.327272727272728,0.0909090909090909,0.0909090909090909,0.0,0.9090909090909092,82.54545454545455,17.70909090909091,34.72727272727273,16.91909090909091,1014.8545454545456,65.9090909090909,18.12727272727273,0.0,3.4400000000000004,12.899100000000002,108.6653,10.032727272727271,11.63818181818182,2,6,3,39,1970-01-21 11:47:24.589090909,1970-01-21 11:48:06.480000000,Đông,,,
Đắk Lắk,Tây Nguyên,2026-02-08,20.854545454545455,25.10909090909091,17.7,21.09090909090909,24.527272727272727,18.945454545454545,0.9727272727272728,0.9727272727272728,0.0,6.7272727272727275,79.9090909090909,26.00909090909091,52.21818181818182,18.114545454545453,1016.5727272727272,64.9090909090909,16.954545454545453,0.0,3.5927272727272723,12.899100000000002,108.6653,11.337272727272726,11.648181818181818,2,6,51,63,1970-01-21 11:48:50.983636363,1970-01-21 11:49:32.912727272,Đông,,,
Đắk Lắk,Tây Nguyên,2026-02-09,20.854545454545455,25.518181818181816,18.21818181818182,21.045454545454547,25.00909090909091,19.09090909090909,1.6272727272727272,1.6272727272727272,0.0,7.363636363636363,80.81818181818181,24.536363636363635,49.31818181818182,18.35909090909091,1016.2818181818184,86.45454545454545,17.054545454545455,0.0,3.632727272727273,12.899100000000002,108.6653,10.652727272727272,11.659999999999998,2,7,51,63,1970-01-21 11:50:17.350909091,1970-01-21 11:50:59.334545454,Đông,,,
Đắk Lắk,Tây Nguyên,2026-02-10,20.69090909090909,23.89090909090909,18.009090909090908,21.490909090909092,24.145454545454548,19.07272727272727,0.6090909090909091,0.6090909090909091,0.0,4.363636363636363,84.27272727272727,19.954545454545453,40.8,11.073636363636364,1016.518181818182,98.36363636363636,17.79090909090909,0.0,2.3245454545454547,12.899100000000002,108.6653,5.046363636363636,11.67181818181818,2,7,51,70,1970-01-21 11:51:43.734545454,1970-01-21 11:52:25.745454545,Đông,,,
Đắk Lắk,Tây Nguyên,2026-02-11,21.227272727272727,23.645454545454548,19.8,22.663636363636364,24.636363636363637,21.454545454545453,3.036363636363637,3.036363636363637,0.0,8.818181818181818,88.27272727272727,19.945454545454545,39.71818181818182,8.612727272727271,1017.418181818182,96.63636363636364,19.10909090909091,0.0,1.8081818181818183,12.899100000000002,108.6653,2.022727272727273,11.681818181818182,2,7,51,79,1970-01-21 11:53:10.123636363,1970-01-21 11:53:52.172727272,Đông,,,
Đắk Lắk,Tây Nguyên,2026-02-12,21.79090909090909,25.827272727272728,19.10909090909091,22.61818181818182,26.40909090909091,20.20909090909091,0.8181818181818182,0.8181818181818182,0.0,3.363636363636364,80.54545454545455,21.60909090909091,44.872727272727275,18.13909090909091,1016.081818181818,66.45454545454545,17.936363636363637,0.0,3.6509090909090904,12.899100000000002,108.6653,9.768181818181818,11.69181818181818,2,7,51,78,1970-01-21 11:54:36.490909091,1970-01-21 11:55:18.594545454,Đông,,,
Đắk Lắk,Tây Nguyên,2026-02-13,21.436363636363637,26.654545454545453,18.07272727272727,22.39090909090909,27.91818181818182,19.663636363636364,0.1181818181818181,0.1181818181818181,0.0,0.9090909090909092,79.72727272727273,20.136363636363637,42.52727272727273,19.887272727272727,1014.7727272727273,95.72727272727272,17.427272727272726,0.0,3.959090909090909,12.899100000000002,108.6653,9.522727272727272,11.70181818181818,2,7,3,87,1970-01-21 11:56:02.874545454,1970-01-21 11:56:45.000000000,Đông,,,
Đắk Lắk,Tây Nguyên,2026-02-14,21.59090909090909,26.79090909090909,18.027272727272727,22.481818181818184,27.345454545454547,19.61818181818182,0.0909090909090909,0.0909090909090909,0.0,0.7272727272727273,79.9090909090909,20.69090909090909,43.02727272727273,18.813636363636363,1014.3818181818184,93.9090909090909,17.563636363636363,0.0,3.863636363636364,12.899100000000002,108.6653,9.866363636363635,11.713636363636368,2,7,3,83,1970-01-21 11:57:29.263636363,1970-01-21 11:58:11.416363636,Đông,,,
Đắk Lắk,Tây Nguyên,2026-02-15,21.236363636363635,24.90909090909091,18.445454545454545,22.772727272727273,26.11818181818182,20.136363636363637,0.2545454545454545,0.2545454545454545,0.0,2.090909090909091,86.63636363636364,17.60909090909091,35.73636363636364,9.543636363636365,1013.8272727272728,90.54545454545456,18.763636363636365,0.0,2.079090909090909,12.899100000000002,108.6653,3.100909090909091,11.723636363636365,2,7,51,36,1970-01-21 11:58:55.630909091,1970-01-21 11:59:37.843636363,Đông,,,
Đắk Lắk,Tây Nguyên,2026-02-16,22.59090909090909,27.563636363636363,19.463636363636365,24.627272727272725,29.345454545454547,21.90909090909091,0.9636363636363636,0.9636363636363636,0.0,5.0,84.72727272727273,18.363636363636363,37.86363636363637,15.910909090909092,1013.2272727272727,72.0,19.60909090909091,0.0,3.2581818181818183,12.899100000000002,108.6653,9.303636363636365,11.733636363636364,2,8,51,41,1970-01-21 12:00:22.014545454,1970-01-21 12:01:04.254545454,Đông,,,
Đắk Lắk,Tây Nguyên,2026-02-17,22.69090909090909,27.654545454545453,19.654545454545453,24.018181818181816,28.463636363636365,21.545454545454547,1.190909090909091,1.190909090909091,0.0,5.7272727272727275,81.9090909090909,21.38181818181818,43.554545454545455,18.362727272727273,1013.9545454545456,98.1818181818182,19.018181818181816,0.0,3.852727272727273,12.899100000000002,108.6653,10.292727272727271,11.743636363636364,2,8,51,70,1970-01-21 12:01:48.403636363,1970-01-21 12:02:30.670909091,Đông,,,
Đắk Lắk,Tây Nguyên,2026-02-18,22.40909090909091,26.627272727272725,20.154545454545453,23.70909090909091,27.79090909090909,21.37272727272727,3.0818181818181816,3.0818181818181816,0.0,12.0,85.0,24.854545454545452,50.3,19.85636363636364,1015.7272727272727,79.9090909090909,19.481818181818184,0.0,3.771818181818182,12.899100000000002,108.6653,10.605454545454544,11.756363636363636,2,8,51,64,1970-01-21 12:03:14.765454545,1970-01-21 12:03:57.081818181,Đông,,,
Đắk Lắk,Tây Nguyên,2026-02-19,21.92727272727273,26.30909090909091,19.12727272727273,22.71818181818182,26.79090909090909,20.554545454545455,1.6909090909090907,1.6909090909090907,0.0,8.363636363636363,82.81818181818181,24.681818181818183,49.790909090909096,18.946363636363635,1017.2272727272727,74.63636363636364,18.527272727272727,0.0,3.722727272727273,12.899100000000002,108.6653,10.972727272727273,11.766363636363636,2,8,51,63,1970-01-21 12:04:41.143636363,1970-01-21 12:05:23.503636363,Đông,,,
Đắk Lắk,Tây Nguyên,2026-02-20,21.472727272727273,26.145454545454548,18.7,22.036363636363635,26.26363636363636,19.972727272727273,0.6818181818181818,0.6818181818181818,0.0,3.909090909090909,81.0,22.481818181818184,45.32727272727273,16.735454545454544,1017.0909090909092,69.63636363636364,17.7,0.0,3.4881818181818187,12.899100000000002,108.6653,10.584545454545456,11.776363636363635,2,8,51,71,1970-01-21 12:06:07.510909091,1970-01-21 12:06:49.914545454,Đông,,,
Đắk Lắk,Tây Nguyên,2026-02-21,21.9,27.963636363636365,18.154545454545453,23.76363636363636,31.10909090909091,19.9,0.2272727272727272,0.2272727272727272,0.0,1.3636363636363635,80.63636363636364,15.263636363636364,30.954545454545453,23.386363636363637,1012.4636363636364,39.90909090909091,17.981818181818184,0.0,4.551818181818182,12.899100000000002,108.6653,11.351818181818182,11.79,2,8,3,44,1970-01-21 12:07:33.889090909,1970-01-21 12:08:16.325454545,Đông,,,
Đắk Lắk,Tây Nguyên,2026-02-22,23.018181818181816,29.681818181818183,18.20909090909091,25.654545454545453,33.445454545454545,20.62727272727273,0.0545454545454545,0.0545454545454545,0.0,0.5454545454545454,80.45454545454545,15.681818181818182,30.827272727272724,23.49818181818182,1010.3727272727272,44.09090909090909,18.854545454545455,0.0,4.77,12.899100000000002,108.6653,11.526363636363635,11.80181818181818,2,8,3,105,1970-01-21 12:09:00.250909091,1970-01-21 12:09:42.736363636,Đông,,,
Đắk Lắk,Tây Nguyên,2026-02-23,22.92727272727273,28.73636363636364,19.163636363636364,25.036363636363635,31.536363636363635,21.254545454545458,0.1545454545454545,0.1545454545454545,0.0,1.4545454545454546,79.81818181818181,15.372727272727271,32.17272727272727,23.17363636363636,1011.1909090909091,41.09090909090909,18.71818181818182,0.0,4.675454545454546,12.899100000000002,108.6653,11.19181818181818,11.813636363636364,2,9,3,56,1970-01-21 12:10:26.629090909,1970-01-21 12:11:09.163636363,Đông,,,
Đắk Lắk,Tây Nguyên,2026-02-24,22.61818181818182,28.672727272727272,18.70909090909091,24.69090909090909,31.727272727272727,20.681818181818183,0.0727272727272727,0.0727272727272727,0.0,0.7272727272727273,80.0,14.754545454545456,31.10909090909091,23.676363636363636,1011.8545454545456,58.63636363636363,18.39090909090909,0.0,4.736363636363636,12.899100000000002,108.6653,11.17818181818182,11.823636363636364,2,9,3,55,1970-01-21 12:11:52.990909091,1970-01-21 12:12:35.574545454,Đông,,,
Đắk Lắk,Tây Nguyên,2026-02-25,23.027272727272727,29.1,18.645454545454545,25.181818181818183,31.57272727272727,20.863636363636363,0.2454545454545454,0.2454545454545454,0.0,1.2727272727272727,80.9090909090909,15.9,33.59090909090909,20.021818181818183,1012.3090909090909,90.8181818181818,19.054545454545455,0.0,4.193636363636364,12.899100000000002,108.6653,10.28,11.836363636363636,2,9,3,41,1970-01-21 12:13:19.369090909,1970-01-21 12:14:01.974545454,Đông,,,
Đắk Lắk,Tây Nguyên,2026-02-26,23.172727272727272,27.854545454545452,20.736363636363635,25.936363636363637,31.327272727272728,23.181818181818183,6.2727272727272725,6.2727272727272725,0.0,11.454545454545457,87.81818181818181,16.227272727272727,35.60909090909091,16.206363636363637,1010.5636363636364,87.0,20.863636363636363,0.0,3.193636363636364,12.899100000000002,108.6653,8.58,11.846363636363636,2,9,53,56,1970-01-21 12:14:45.730909091,1970-01-21 12:15:28.385454545,Đông,,,
Đắk Lắk,Tây Nguyên,2026-02-27,23.09090909090909,27.29090909090909,21.30909090909091,26.94545454545454,31.336363636363636,24.73636363636364,14.918181818181818,14.918181818181818,0.0,17.818181818181817,91.0,11.045454545454543,26.781818181818185,13.05818181818182,1009.5,91.0,21.4,0.0,2.583636363636364,12.899100000000002,108.6653,6.740909090909091,11.858181818181816,2,9,63,107,1970-01-21 12:16:12.109090909,1970-01-21 12:16:54.796363636,Đông,,,
Đắk Lắk,Tây Nguyên,2026-02-28,23.845454545454547,29.318181818181817,20.60909090909091,27.9,34.97272727272727,24.09090909090909,5.572727272727272,5.572727272727272,0.0,6.7272727272727275,86.9090909090909,10.563636363636364,24.281818181818185,18.924545454545452,1009.0727272727272,53.81818181818182,21.263636363636365,0.0,3.7709090909090905,12.899100000000002,108.6653,10.484545454545454,11.87,2,9,53,75,1970-01-21 12:17:38.470909091,1970-01-21 12:18:21.218181818,Đông,,,
Đắk Lắk,Tây Nguyên,2026-03-01,24.854545454545452,30.481818181818184,20.463636363636365,28.8,35.56363636363636,23.872727272727275,0.6636363636363636,0.6636363636363636,0.0,3.636363636363636,80.27272727272727,10.727272727272728,22.78181818181818,22.334545454545456,1009.2363636363636,32.54545454545455,20.78181818181818,0.0,4.608181818181818,12.899100000000002,108.6653,11.69090909090909,11.881818181818184,3,9,51,57,1970-01-21 12:19:04.849090909,1970-01-21 12:19:47.623636363,Xuân,,,
Đắk Lắk,Tây Nguyên,2026-03-02,25.254545454545458,31.1,20.554545454545455,29.436363636363637,36.945454545454545,23.7,1.318181818181818,1.318181818181818,0.0,4.363636363636363,80.0909090909091,10.881818181818184,23.681818181818183,21.978181818181817,1010.3545454545456,35.90909090909091,21.21818181818182,0.0,4.548181818181818,12.899100000000002,108.6653,11.71181818181818,11.893636363636364,3,10,51,51,1970-01-21 12:20:31.210909091,1970-01-21 12:21:14.034545454,Xuân,,,
Đắk Lắk,Tây Nguyên,2026-03-03,25.227272727272727,31.436363636363637,20.845454545454547,29.481818181818184,37.02727272727273,24.40909090909091,1.836363636363636,1.836363636363636,0.0,5.090909090909091,81.45454545454545,12.481818181818182,25.527272727272727,21.685454545454547,1010.9,34.90909090909091,21.327272727272728,0.0,4.52,12.899100000000002,108.6653,11.456363636363635,11.906363636363636,3,10,51,44,1970-01-21 12:21:57.583636363,1970-01-21 12:22:40.434545454,Xuân,,,
Đắk Lắk,Tây Nguyên,2026-03-04,24.76363636363636,30.11818181818182,21.28181818181818,27.681818181818183,33.36363636363637,24.29090909090909,0.2909090909090909,0.2909090909090909,0.0,2.0,78.18181818181819,15.663636363636364,31.94545454545454,23.689090909090908,1011.9363636363636,42.54545454545455,20.054545454545455,0.0,5.013636363636364,12.899100000000002,108.6653,11.473636363636365,11.916363636363638,3,10,51,56,1970-01-21 12:23:23.940000000,1970-01-21 12:24:06.845454545,Xuân,,,
Đắk Lắk,Tây Nguyên,2026-03-05,23.018181818181816,26.863636363636363,20.61818181818182,25.281818181818185,29.5,23.281818181818185,2.0272727272727273,2.0272727272727273,0.0,8.181818181818182,85.36363636363636,17.3,36.46363636363637,15.231818181818182,1012.4545454545456,71.63636363636364,20.272727272727273,0.0,3.1018181818181816,12.899100000000002,108.6653,8.93,11.93,3,10,51,80,1970-01-21 12:24:50.323636363,1970-01-21 12:25:33.250909091,Xuân,,,
Đắk Lắk,Tây Nguyên,2026-03-06,22.33636363636364,25.345454545454547,20.509090909090908,24.1,26.94545454545454,22.554545454545455,6.718181818181819,6.718181818181819,0.0,13.090909090909092,86.54545454545455,20.472727272727273,42.89090909090909,16.465454545454545,1013.5454545454544,70.0909090909091,19.827272727272728,0.0,3.0954545454545452,12.899100000000002,108.6653,10.401818181818182,11.94,3,10,53,76,1970-01-21 12:26:16.680000000,1970-01-21 12:26:59.661818181,Xuân,,,
Đắk Lắk,Tây Nguyên,2026-03-07,22.2,26.38181818181818,19.29090909090909,23.081818181818186,26.7,20.772727272727273,1.0818181818181818,1.0818181818181818,0.0,4.545454545454546,79.63636363636364,23.436363636363637,47.809090909090905,18.451818181818183,1014.9636363636364,61.36363636363637,18.163636363636364,0.0,3.82,12.899100000000002,108.6653,9.793636363636365,11.95181818181818,3,10,51,63,1970-01-21 12:27:43.047272727,1970-01-21 12:28:26.078181818,Xuân,,,
Đắk Lắk,Tây Nguyên,2026-03-08,22.045454545454547,26.772727272727273,18.43636363636363,23.19090909090909,28.09090909090909,20.045454545454547,1.5363636363636362,1.5363636363636362,0.0,7.636363636363637,81.27272727272727,21.5,44.018181818181816,18.44818181818182,1014.7181818181816,51.72727272727273,18.37272727272727,0.0,3.729090909090909,12.899100000000002,108.6653,10.875454545454543,11.963636363636368,3,10,51,62,1970-01-21 12:29:09.409090909,1970-01-21 12:29:52.489090909,Xuân,,,
Đắk Lắk,Tây Nguyên,2026-03-09,22.236363636363635,26.318181818181817,20.09090909090909,24.172727272727272,28.44545454545454,22.336363636363636,6.836363636363637,6.836363636363637,0.0,15.272727272727272,88.0909090909091,20.827272727272728,45.14545454545454,17.995454545454546,1015.2272727272727,74.54545454545455,20.045454545454547,0.0,3.255454545454546,12.899100000000002,108.6653,9.824545454545454,11.976363636363637,3,11,61,59,1970-01-21 12:30:35.765454545,1970-01-21 12:31:18.889090909,Xuân,,,
Đắk Lắk,Tây Nguyên,2026-03-10,22.07272727272727,25.772727272727273,19.772727272727273,23.2,26.845454545454547,21.10909090909091,5.072727272727272,5.072727272727272,0.0,16.545454545454547,86.0909090909091,26.11818181818182,52.89090909090908,20.796363636363637,1016.2545454545452,60.36363636363637,19.4,0.0,3.760909090909091,12.899100000000002,108.6653,10.902727272727272,11.990000000000002,3,11,53,61,1970-01-21 12:32:02.143636363,1970-01-21 12:32:45.294545454,Xuân,,,
Đắk Lắk,Tây Nguyên,2026-03-11,21.70909090909091,26.354545454545452,18.818181818181817,22.363636363636363,26.70909090909091,20.036363636363635,1.0909090909090908,1.0909090909090908,0.0,5.636363636363637,79.54545454545455,21.59090909090909,43.91818181818182,19.584545454545456,1015.5363636363636,54.54545454545455,17.636363636363637,0.0,3.9872727272727273,12.899100000000002,108.6653,11.486363636363636,12.0,3,11,51,66,1970-01-21 12:33:28.500000000,1970-01-21 12:34:11.694545454,Xuân,,,
Đắk Lắk,Tây Nguyên,2026-03-12,21.6,25.69090909090909,19.0,22.545454545454547,26.9,20.5,1.9727272727272729,1.9727272727272729,0.0,8.909090909090908,82.0,23.4,47.28181818181818,21.644545454545455,1014.7909090909092,56.0,18.1,0.0,4.08,12.899100000000002,108.6653,11.25,12.009999999999998,3,11,51,76,1970-01-21 12:34:54.861818181,1970-01-21 12:35:38.100000000,Xuân,,,
Đắk Lắk,Tây Nguyên,2026-03-13,21.545454545454547,25.645454545454548,18.6,22.1,26.23636363636364,19.39090909090909,2.463636363636364,2.463636363636364,0.0,10.818181818181818,80.63636363636364,23.11818181818182,47.36363636363637,20.46090909090909,1015.3272727272728,73.54545454545455,17.78181818181818,0.0,4.011818181818182,12.899100000000002,108.6653,11.181818181818182,12.023636363636363,3,11,53,69,1970-01-21 12:36:21.223636363,1970-01-21 12:37:04.500000000,Xuân,,,
Đắk Lắk,Tây Nguyên,2026-03-14,21.10909090909091,24.218181818181815,19.418181818181814,22.0,24.972727272727273,20.445454545454545,5.681818181818182,5.681818181818182,0.0,15.454545454545457,87.0,23.38181818181818,47.53636363636363,16.403636363636362,1016.3454545454543,76.0909090909091,18.71818181818182,0.0,2.982727272727273,12.899100000000002,108.6653,8.846363636363636,12.04,3,11,53,69,1970-01-21 12:37:47.580000000,1970-01-21 12:38:30.905454545,Xuân,,,
Đắk Lắk,Tây Nguyên,2026-03-15,21.07272727272727,24.827272727272728,18.772727272727273,22.0,25.94545454545454,20.027272727272727,2.3181818181818183,2.3181818181818183,0.0,8.454545454545455,84.9090909090909,21.472727272727273,43.74545454545454,14.405454545454546,1016.7454545454548,79.36363636363636,18.272727272727273,0.0,2.84,12.899100000000002,108.6653,7.356363636363636,12.05,3,11,51,65,1970-01-21 12:39:13.941818181,1970-01-21 12:39:57.316363636,Xuân,,,
Đắk Lắk,Tây Nguyên,2026-03-16,21.636363636363637,25.954545454545453,18.354545454545455,22.472727272727273,27.145454545454548,19.727272727272727,0.9090909090909092,0.9090909090909092,0.0,5.0,80.0909090909091,20.354545454545455,41.4,18.37727272727273,1015.0,47.27272727272727,17.772727272727273,0.0,3.732727272727273,12.899100000000002,108.6653,11.161818181818182,12.06,3,12,51,76,1970-01-21 12:40:40.309090909,1970-01-21 12:41:23.721818181,Xuân,,,
Đắk Lắk,Tây Nguyên,2026-03-17,22.009090909090908,28.027272727272727,17.40909090909091,23.254545454545458,30.05454545454546,19.1,0.0,0.0,0.0,0.0,75.27272727272727,15.918181818181818,33.945454545454545,23.6,1014.1636363636364,13.181818181818182,16.79090909090909,0.0,4.833636363636364,12.899100000000002,108.6653,11.875454545454543,12.07,3,12,1,84,1970-01-21 12:42:06.660000000,1970-01-21 12:42:50.127272727,Xuân,,,
Đắk Lắk,Tây Nguyên,2026-03-18,22.2,29.05454545454546,17.37272727272727,24.10909090909091,32.70909090909091,18.772727272727273,0.0,0.0,0.0,0.0,78.9090909090909,16.28181818181818,33.28181818181818,24.926363636363636,1014.2363636363636,47.0,17.863636363636363,0.0,5.014545454545455,12.899100000000002,108.6653,11.864545454545452,12.088181818181818,3,12,3,61,1970-01-21 12:43:33.021818181,1970-01-21 12:44:16.538181818,Xuân,,,
Đắk Lắk,Tây Nguyên,2026-03-19,22.59090909090909,29.14545454545454,17.636363636363637,24.7,32.45454545454545,19.354545454545455,0.0,0.0,0.0,0.0,78.9090909090909,16.563636363636363,33.445454545454545,24.85090909090909,1013.5909090909092,31.636363636363637,18.09090909090909,0.0,5.052727272727273,12.899100000000002,108.6653,11.572727272727272,12.1,3,12,3,59,1970-01-21 12:44:59.389090909,1970-01-21 12:45:42.938181818,Xuân,,,
Đắk Lắk,Tây Nguyên,2026-03-20,23.081818181818186,29.38181818181818,18.345454545454547,25.42727272727273,33.0,20.490909090909092,0.0,0.0,0.0,0.0,77.81818181818181,15.6,32.25454545454546,24.97,1013.4454545454544,49.81818181818182,18.363636363636363,0.0,5.128181818181818,12.899100000000002,108.6653,11.827272727272726,12.109999999999998,3,12,3,52,1970-01-21 12:46:25.740000000,1970-01-21 12:47:09.349090909,Xuân,,,
Đắk Lắk,Tây Nguyên,2026-03-21,23.318181818181817,28.9,19.3,25.6,31.42727272727273,21.90909090909091,0.5636363636363636,0.5636363636363636,0.0,2.272727272727273,80.36363636363636,16.772727272727273,36.07272727272727,22.24727272727273,1014.1909090909091,49.36363636363637,19.245454545454542,0.0,4.587272727272727,12.899100000000002,108.6653,11.641818181818184,12.12,3,12,51,76,1970-01-21 12:47:52.118181818,1970-01-21 12:48:35.749090909,Xuân,,,
Đắk Lắk,Tây Nguyên,2026-03-22,23.50909090909091,29.154545454545453,19.845454545454547,25.563636363636363,31.33636363636364,22.33636363636364,0.209090909090909,0.209090909090909,0.0,1.6363636363636365,78.63636363636364,17.509090909090908,37.13636363636363,23.41,1013.5454545454544,54.90909090909091,19.009090909090908,0.0,4.8545454545454545,12.899100000000002,108.6653,11.479090909090909,12.13,3,12,3,66,1970-01-21 12:49:18.469090909,1970-01-21 12:50:02.149090909,Xuân,,,
Đắk Lắk,Tây Nguyên,2026-03-23,23.372727272727275,29.527272727272727,19.172727272727272,25.49090909090909,32.481818181818184,21.30909090909091,0.2363636363636363,0.2363636363636363,0.0,2.0,77.81818181818181,15.88181818181818,33.57272727272727,24.424545454545456,1013.0727272727272,46.63636363636363,18.6,0.0,5.0645454545454545,12.899100000000002,108.6653,11.385454545454548,12.146363636363638,3,13,3,65,1970-01-21 12:50:44.820000000,1970-01-21 12:51:28.549090909,Xuân,,,
Đắk Lắk,Tây Nguyên,2026-03-24,23.172727272727272,30.26363636363636,18.136363636363637,25.254545454545458,32.981818181818184,20.10909090909091,0.0,0.0,0.0,0.0,76.9090909090909,15.890909090909089,33.554545454545455,26.042727272727276,1011.7909090909092,30.545454545454547,18.0,0.0,5.420909090909091,12.899100000000002,108.6653,11.520909090909091,12.159999999999998,3,13,3,60,1970-01-21 12:52:11.198181818,1970-01-21 12:52:54.960000000,Xuân,,,
Đắk Lắk,Tây Nguyên,2026-03-25,23.654545454545453,30.69090909090909,18.39090909090909,25.99090909090909,33.699999999999996,20.509090909090908,0.0,0.0,0.0,0.0,77.18181818181819,17.318181818181817,37.00909090909091,25.725454545454543,1011.9545454545456,26.727272727272727,18.61818181818182,0.0,5.418181818181818,12.899100000000002,108.6653,11.674545454545456,12.17,3,13,3,107,1970-01-21 12:53:37.554545454,1970-01-21 12:54:21.360000000,Xuân,,,
Đắk Lắk,Tây Nguyên,2026-03-26,24.10909090909091,31.254545454545458,19.418181818181814,26.58181818181818,34.58181818181818,21.972727272727273,0.0818181818181818,0.0818181818181818,0.0,0.8181818181818182,76.0,15.21818181818182,30.472727272727273,25.702727272727273,1011.6909090909091,30.90909090909091,18.718181818181815,0.0,5.48,12.899100000000002,108.6653,11.534545454545452,12.18,3,13,3,42,1970-01-21 12:55:03.905454545,1970-01-21 12:55:47.760000000,Xuân,,,
Đắk Lắk,Tây Nguyên,2026-03-27,24.58181818181818,32.23636363636364,19.036363636363635,27.08181818181818,35.627272727272725,21.481818181818184,0.0,0.0,0.0,0.0,72.0,15.71818181818182,30.70909090909091,26.55,1010.8272727272728,18.0,18.2,0.0,5.744545454545454,12.899100000000002,108.6653,11.845454545454546,12.19,3,13,3,8,1970-01-21 12:56:30.278181818,1970-01-21 12:57:14.160000000,Xuân,,,
Đắk Lắk,Tây Nguyên,2026-03-28,24.89090909090909,32.99090909090909,18.681818181818183,27.38181818181818,35.809090909090905,20.945454545454545,0.0,0.0,0.0,0.0,73.0,18.57272727272727,38.25454545454546,26.512727272727272,1010.4272727272728,15.272727272727272,18.654545454545453,0.0,5.856363636363636,12.899100000000002,108.6653,11.723636363636365,12.206363636363635,3,13,3,24,1970-01-21 12:57:56.634545454,1970-01-21 12:58:40.565454545,Xuân,,,
Đắk Lắk,Tây Nguyên,2026-03-29,25.58181818181818,33.38181818181818,19.5,28.254545454545458,36.33636363636363,22.063636363636363,0.0,0.0,0.0,0.0,71.27272727272727,16.30909090909091,33.054545454545455,26.24181818181818,1010.6909090909091,45.09090909090909,18.563636363636363,0.0,5.874545454545455,12.899100000000002,108.6653,11.813636363636364,12.22,3,13,3,92,1970-01-21 12:59:22.990909091,1970-01-21 13:00:06.970909091,Xuân,,,
Đắk Lắk,Tây Nguyên,2026-03-30,26.07272727272727,33.24545454545454,21.172727272727272,28.872727272727275,36.45454545454545,23.94545454545454,0.009090909090909,0.009090909090909,0.0,0.0909090909090909,69.72727272727273,17.145454545454545,34.599999999999994,24.520909090909093,1011.2090909090908,27.818181818181817,18.981818181818184,0.0,5.63909090909091,12.899100000000002,108.6653,11.751818181818182,12.23,3,14,3,105,1970-01-21 13:00:49.358181818,1970-01-21 13:01:33.376363636,Xuân,,,
Đắk Lắk,Tây Nguyên,2026-03-31,26.354545454545452,33.800000000000004,19.763636363636365,28.26363636363636,37.22727272727273,21.92727272727273,0.0454545454545454,0.0454545454545454,0.0,0.3636363636363636,59.09090909090909,15.136363636363637,29.07272727272727,25.89272727272727,1011.1363636363636,45.45454545454545,16.445454545454545,0.0,6.0181818181818185,12.899100000000002,108.6653,11.890909090909092,12.240000000000002,3,14,3,66,1970-01-21 13:02:15.714545454,1970-01-21 13:02:59.781818181,Xuân,,,
Đắk Lắk,Tây Nguyên,2026-04-01,26.527272727272727,34.03636363636363,20.42727272727273,28.463636363636365,37.41818181818182,21.681818181818183,0.0,0.0,0.0,0.0,59.36363636363637,17.181818181818183,33.67272727272727,26.018181818181816,1011.018181818182,32.27272727272727,17.0,0.0,6.071818181818181,12.899100000000002,108.6653,11.892727272727273,12.251818181818182,4,14,3,56,1970-01-21 13:03:42.070909091,1970-01-21 13:04:26.187272727,Xuân,,,
Đắk Lắk,Tây Nguyên,2026-04-02,24.9,31.836363636363636,19.318181818181817,26.672727272727272,34.163636363636364,21.490909090909092,0.0,0.0,0.0,0.0,67.36363636363636,17.263636363636365,36.38181818181818,26.478181818181817,1012.3272727272728,8.181818181818182,17.4,0.0,6.005454545454546,12.899100000000002,108.6653,11.827272727272726,12.266363636363636,4,14,0,47,1970-01-21 13:05:08.438181818,1970-01-21 13:05:52.598181818,Xuân,,,
Đắk Lắk,Tây Nguyên,2026-04-03,25.145454545454548,33.72727272727273,17.345454545454547,26.745454545454542,36.00909090909091,18.78181818181818,0.0,0.0,0.0,0.0,60.63636363636363,13.081818181818182,25.663636363636364,27.25272727272727,1010.5,7.272727272727272,15.163636363636364,0.0,5.990909090909091,12.899100000000002,108.6653,11.894545454545456,12.27818181818182,4,14,0,83,1970-01-21 13:06:34.794545454,1970-01-21 13:07:18.998181818,Xuân,,,
Đắk Lắk,Tây Nguyên,2026-04-04,27.5,35.445454545454545,20.827272727272728,29.563636363636363,38.06363636363636,22.90909090909091,0.0,0.0,0.0,0.0,58.09090909090909,12.70909090909091,27.30909090909091,25.810909090909092,1008.3818181818184,55.0,17.12727272727273,0.0,6.070909090909091,12.899100000000002,108.6653,11.895454545454545,12.29,4,14,3,265,1970-01-21 13:08:01.150909091,1970-01-21 13:08:45.403636363,Xuân,,,
Đắk Lắk,Tây Nguyên,2026-04-05,28.272727272727273,36.14545454545455,21.5,30.7,39.52727272727273,23.654545454545453,0.0,0.0,0.0,0.0,57.0,15.018181818181818,29.42727272727273,26.34181818181818,1007.9272727272728,26.454545454545453,17.545454545454547,0.0,6.165454545454545,12.899100000000002,108.6653,11.895454545454545,12.3,4,14,3,136,1970-01-21 13:09:27.523636363,1970-01-21 13:10:11.803636363,Xuân,,,
Đắk Lắk,Tây Nguyên,2026-04-06,28.772727272727273,36.627272727272725,22.154545454545453,31.363636363636363,40.018181818181816,25.063636363636363,0.0181818181818181,0.0181818181818181,0.0,0.0909090909090909,58.0,13.536363636363635,28.8,25.864545454545453,1008.8727272727272,5.363636363636363,18.172727272727272,0.0,6.215454545454546,12.899100000000002,108.6653,11.896363636363638,12.313636363636364,4,15,1,141,1970-01-21 13:10:53.874545454,1970-01-21 13:11:38.203636363,Xuân,,,
Đắk Lắk,Tây Nguyên,2026-04-07,28.73636363636364,36.13636363636363,22.581818181818186,30.90909090909091,38.43636363636364,24.863636363636363,0.0,0.0,0.0,0.0,56.36363636363637,15.6,33.53636363636363,26.064545454545453,1009.6181818181816,18.636363636363637,17.845454545454547,0.0,6.379090909090909,12.899100000000002,108.6653,11.896363636363638,12.323636363636364,4,15,3,165,1970-01-21 13:12:20.236363636,1970-01-21 13:13:04.609090909,Xuân,,,
Đắk Lắk,Tây Nguyên,2026-04-08,28.136363636363637,35.76363636363636,21.89090909090909,30.545454545454547,38.763636363636365,24.38181818181818,0.0,0.0,0.0,0.0,59.45454545454545,16.78181818181818,33.0,26.547272727272727,1010.3636363636364,41.54545454545455,17.69090909090909,0.0,6.3090909090909095,12.899100000000002,108.6653,11.898181818181818,12.336363636363636,4,15,3,113,1970-01-21 13:13:46.609090909,1970-01-21 13:14:31.009090909,Xuân,,,
Đắk Lắk,Tây Nguyên,2026-04-09,27.727272727272727,35.43636363636364,21.654545454545456,30.772727272727273,39.5,24.936363636363637,0.0545454545454545,0.0545454545454545,0.0,0.3636363636363636,63.90909090909091,15.71818181818182,31.39090909090909,25.86636363636364,1010.8636363636364,23.363636363636363,18.9,0.0,5.969090909090909,12.899100000000002,108.6653,11.89909090909091,12.348181818181816,4,15,3,133,1970-01-21 13:15:12.954545454,1970-01-21 13:15:57.414545454,Xuân,,,
Đắk Lắk,Tây Nguyên,2026-04-10,28.55454545454545,35.25454545454546,22.57272727272727,31.44545454545454,39.02727272727273,25.063636363636363,0.0545454545454545,0.0545454545454545,0.0,0.5454545454545454,59.45454545454545,13.418181818181818,27.454545454545453,24.66818181818182,1010.8090909090909,10.090909090909092,18.854545454545455,0.0,5.7727272727272725,12.899100000000002,108.6653,11.901818181818184,12.359999999999998,4,15,51,123,1970-01-21 13:16:39.332727272,1970-01-21 13:17:23.814545454,Xuân,,,
Đắk Lắk,Tây Nguyên,2026-04-11,28.90909090909091,35.872727272727275,22.845454545454547,31.727272727272727,39.14545454545455,25.781818181818185,0.0818181818181818,0.0818181818181818,0.0,0.4545454545454545,58.90909090909091,14.681818181818182,30.40909090909091,24.672727272727272,1009.3727272727272,25.09090909090909,18.80909090909091,0.0,5.9,12.899100000000002,108.6653,11.902727272727274,12.371818181818185,4,15,3,171,1970-01-21 13:18:05.694545454,1970-01-21 13:18:50.220000000,Xuân,,,
Đắk Lắk,Tây Nguyên,2026-04-12,28.672727272727272,35.372727272727275,23.081818181818186,32.13636363636363,39.58181818181818,26.372727272727275,0.0,0.0,0.0,0.0,62.81818181818182,15.727272727272728,32.86363636363637,25.63,1008.7727272727273,6.0,19.80909090909091,0.0,5.861818181818182,12.899100000000002,108.6653,11.890909090909092,12.383636363636365,4,15,1,125,1970-01-21 13:19:32.050909091,1970-01-21 13:20:16.630909091,Xuân,,,
Đắk Lắk,Tây Nguyên,2026-04-13,28.57272727272727,34.872727272727275,23.80909090909091,32.554545454545455,39.45454545454545,27.963636363636365,0.1181818181818181,0.1181818181818181,0.0,0.8181818181818182,67.0909090909091,15.272727272727272,31.26363636363636,24.421818181818185,1009.9727272727272,13.363636363636363,20.954545454545453,0.0,5.535454545454545,12.899100000000002,108.6653,11.907272727272726,12.393636363636364,4,16,1,106,1970-01-21 13:20:58.423636363,1970-01-21 13:21:43.030909091,Xuân,,,
Đắk Lắk,Tây Nguyên,2026-04-14,28.181818181818183,34.57272727272727,23.454545454545453,31.90909090909091,38.75454545454546,27.41818181818182,0.1363636363636363,0.1363636363636363,0.0,0.9090909090909092,67.0909090909091,16.436363636363637,32.99090909090909,24.779090909090908,1010.0909090909092,13.181818181818182,20.636363636363637,0.0,5.756363636363637,12.899100000000002,108.6653,11.907272727272726,12.406363636363636,4,16,51,110,1970-01-21 13:22:24.780000000,1970-01-21 13:23:09.441818181,Xuân,,,
Đắk Lắk,Tây Nguyên,2026-04-15,27.545454545454547,34.43636363636364,22.045454545454547,31.0,38.63636363636363,25.41818181818182,0.0545454545454545,0.0545454545454545,0.0,0.3636363636363636,67.54545454545455,15.363636363636363,32.08181818181818,24.87818181818182,1009.2090909090908,15.909090909090908,19.990909090909092,0.0,5.680000000000001,12.899100000000002,108.6653,11.909999999999998,12.416363636363638,4,16,3,31,1970-01-21 13:23:51.158181818,1970-01-21 13:24:35.863636363,Xuân,,,
Đắk Lắk,Tây Nguyên,2026-04-16,27.40909090909091,34.07272727272727,22.327272727272728,31.23636363636364,39.154545454545456,25.718181818181815,0.4545454545454545,0.4545454545454545,0.0,1.6363636363636365,70.36363636363636,15.590909090909092,32.81818181818182,23.762727272727272,1009.681818181818,51.72727272727273,20.763636363636365,0.0,5.344545454545455,12.899100000000002,108.6653,11.895454545454545,12.426363636363636,4,16,51,128,1970-01-21 13:25:17.514545454,1970-01-21 13:26:02.263636363,Xuân,,,
Đắk Lắk,Tây Nguyên,2026-04-17,26.836363636363636,33.481818181818184,22.0,30.254545454545458,37.372727272727275,25.92727272727273,0.0272727272727272,0.0272727272727272,0.0,0.1818181818181818,71.54545454545455,17.763636363636365,35.60909090909091,24.76727272727273,1010.4272727272728,30.09090909090909,20.3,0.0,5.615454545454545,12.899100000000002,108.6653,11.904545454545454,12.438181818181818,4,16,3,37,1970-01-21 13:26:43.876363636,1970-01-21 13:27:28.663636363,Xuân,,,
Đắk Lắk,Tây Nguyên,2026-04-18,26.30909090909091,32.95454545454545,21.845454545454544,29.38181818181818,36.872727272727275,25.163636363636364,0.0363636363636363,0.0363636363636363,0.0,0.3636363636363636,72.36363636363636,18.42727272727273,37.018181818181816,24.99363636363637,1010.7545454545452,41.18181818181818,20.027272727272727,0.0,5.673636363636363,12.899100000000002,108.6653,11.915454545454544,12.45,4,16,3,98,1970-01-21 13:28:10.254545454,1970-01-21 13:28:55.074545454,Xuân,,,
Đắk Lắk,Tây Nguyên,2026-04-19,25.76363636363636,32.59090909090909,20.92727272727273,28.045454545454547,35.14545454545454,24.09090909090909,0.0,0.0,0.0,0.0,68.63636363636364,17.927272727272726,37.7,26.254545454545458,1010.9272727272728,16.363636363636363,18.42727272727273,0.0,6.012727272727273,12.899100000000002,108.6653,11.88090909090909,12.463636363636368,4,16,3,41,1970-01-21 13:29:36.610909091,1970-01-21 13:30:21.474545454,Xuân,,,
Đắk Lắk,Tây Nguyên,2026-04-20,25.345454545454547,32.309090909090905,19.8,27.49090909090909,34.663636363636364,22.509090909090908,0.0,0.0,0.0,0.0,66.36363636363636,16.354545454545455,31.936363636363637,26.66090909090909,1010.9636363636364,25.636363636363637,17.39090909090909,0.0,5.955454545454546,12.899100000000002,108.6653,11.922727272727274,12.473636363636365,4,17,3,19,1970-01-21 13:31:02.983636363,1970-01-21 13:31:47.874545454,Xuân,,,
Đắk Lắk,Tây Nguyên,2026-04-21,25.73636363636364,32.54545454545455,19.772727272727273,28.018181818181816,35.63636363636363,22.42727272727273,0.0,0.0,0.0,0.0,65.9090909090909,14.672727272727274,29.681818181818183,26.434545454545457,1010.0,4.0,17.863636363636363,0.0,5.934545454545455,12.899100000000002,108.6653,11.961818181818185,12.483636363636364,4,17,0,16,1970-01-21 13:32:29.340000000,1970-01-21 13:33:14.290909091,Xuân,,,
Đắk Lắk,Tây Nguyên,2026-04-22,26.59090909090909,33.67272727272727,20.672727272727272,29.7,37.13636363636363,23.69090909090909,0.009090909090909,0.009090909090909,0.0,0.0909090909090909,68.0909090909091,16.172727272727272,34.06363636363636,24.51727272727273,1009.181818181818,13.727272727272728,19.272727272727273,0.0,5.426363636363637,12.899100000000002,108.6653,11.995454545454544,12.496363636363638,4,17,1,3,1970-01-21 13:33:55.723636363,1970-01-21 13:34:40.690909091,Xuân,,,
Đắk Lắk,Tây Nguyên,2026-04-23,27.827272727272728,34.50909090909091,21.981818181818184,31.49090909090909,39.41818181818182,25.58181818181818,0.2636363636363636,0.2636363636363636,0.0,1.5454545454545454,66.72727272727273,13.754545454545456,27.663636363636364,25.047272727272727,1008.2272727272727,35.27272727272727,20.12727272727273,0.0,5.601818181818182,12.899100000000002,108.6653,11.985454545454546,12.506363636363636,4,17,51,116,1970-01-21 13:35:22.080000000,1970-01-21 13:36:07.107272727,Xuân,,,
Đắk Lắk,Tây Nguyên,2026-04-24,27.69090909090909,33.85454545454545,23.163636363636364,31.69090909090909,38.481818181818184,27.40909090909091,1.2363636363636363,1.2363636363636363,0.0,2.636363636363636,70.72727272727273,16.163636363636364,32.72727272727273,23.97,1009.8272727272728,71.27272727272727,21.2,0.0,5.413636363636363,12.899100000000002,108.6653,11.988181818181818,12.516363636363636,4,17,51,74,1970-01-21 13:36:48.463636363,1970-01-21 13:37:33.523636363,Xuân,,,
Đắk Lắk,Tây Nguyên,2026-04-25,25.972727272727273,30.981818181818184,22.79090909090909,29.00909090909091,34.58181818181818,26.1,2.372727272727273,2.372727272727273,0.0,7.0,77.63636363636364,18.61818181818182,38.127272727272725,21.354545454545455,1012.4636363636364,72.72727272727273,21.39090909090909,0.0,4.807272727272728,12.899100000000002,108.6653,11.125454545454543,12.526363636363635,4,17,61,65,1970-01-21 13:38:14.820000000,1970-01-21 13:38:59.923636363,Xuân,,,
Đắk Lắk,Tây Nguyên,2026-04-26,26.127272727272725,32.27272727272727,21.88181818181818,28.645454545454548,34.699999999999996,25.38181818181818,0.3363636363636363,0.3363636363636363,0.0,2.727272727272727,70.9090909090909,16.736363636363635,34.81818181818182,23.83090909090909,1011.9454545454544,79.72727272727273,19.51818181818182,0.0,5.545454545454546,12.899100000000002,108.6653,11.693636363636363,12.538181818181815,4,17,51,55,1970-01-21 13:39:41.203636363,1970-01-21 13:40:26.334545454,Xuân,,,
Đắk Lắk,Tây Nguyên,2026-04-27,26.8,32.99090909090909,22.21818181818182,30.2,37.127272727272725,25.818181818181817,0.6818181818181818,0.6818181818181818,0.0,3.636363636363636,72.0909090909091,15.136363636363637,31.92727272727273,24.534545454545455,1010.6,63.90909090909091,20.645454545454545,0.0,5.555454545454546,12.899100000000002,108.6653,11.739999999999998,12.54818181818182,4,18,51,46,1970-01-21 13:41:07.560000000,1970-01-21 13:41:52.734545454,Xuân,,,
Đắk Lắk,Tây Nguyên,2026-04-28,25.49090909090909,31.772727272727273,23.21818181818182,29.8,36.50909090909091,27.272727272727273,12.036363636363635,12.036363636363635,0.0,6.909090909090909,82.9090909090909,13.045454545454543,30.527272727272727,15.96,1010.7181818181816,87.81818181818181,22.1,0.0,3.3345454545454545,12.899100000000002,108.6653,8.25909090909091,12.55818181818182,4,18,63,208,1970-01-21 13:42:33.943636363,1970-01-21 13:43:19.150909091,Xuân,,,
Đắk Lắk,Tây Nguyên,2026-04-29,26.44545454545454,32.71818181818182,22.836363636363636,31.0,37.9,26.854545454545452,5.172727272727273,5.172727272727273,0.0,5.818181818181818,77.9090909090909,11.78181818181818,32.300000000000004,20.09,1010.981818181818,93.72727272727272,21.92727272727273,0.0,4.265454545454546,12.899100000000002,108.6653,10.142727272727273,12.57,4,18,63,26,1970-01-21 13:44:00.305454545,1970-01-21 13:44:45.550909091,Xuân,,,
Đắk Lắk,Tây Nguyên,2026-04-30,26.07272727272727,30.772727272727273,22.818181818181817,29.38181818181818,34.54545454545455,26.272727272727273,1.1181818181818182,1.1181818181818182,0.0,5.090909090909091,79.27272727272727,19.463636363636365,40.61818181818182,23.45181818181818,1012.5727272727272,53.36363636363637,21.8,0.0,5.070909090909091,12.899100000000002,108.6653,11.802727272727276,12.58,4,18,51,51,1970-01-21 13:45:26.689090909,1970-01-21 13:46:11.983636363,Xuân,,,
Đắk Lắk,Tây Nguyên,2026-05-01,25.718181818181815,31.154545454545453,21.88181818181818,28.781818181818185,34.336363636363636,25.536363636363635,0.9090909090909092,0.9090909090909092,0.0,3.363636363636364,78.72727272727273,18.62727272727273,39.445454545454545,21.60909090909091,1012.4363636363636,82.72727272727273,21.30909090909091,0.0,4.763636363636364,12.899100000000002,108.6653,11.627272727272729,12.590000000000002,5,18,53,74,1970-01-21 13:46:53.050909091,1970-01-21 13:47:38.383636363,Xuân,,,
Đắk Lắk,Tây Nguyên,2026-05-02,26.336363636363636,31.69090909090909,22.545454545454547,30.127272727272725,36.309090909090905,26.58181818181818,0.7818181818181817,0.7818181818181817,0.0,3.272727272727273,78.27272727272727,14.763636363636364,31.227272727272727,22.98909090909091,1011.1454545454544,86.45454545454545,21.836363636363636,0.0,5.029090909090909,12.899100000000002,108.6653,11.958181818181815,12.6,5,18,51,60,1970-01-21 13:48:19.434545454,1970-01-21 13:49:04.794545454,Xuân,,,
Đắk Lắk,Tây Nguyên,2026-05-03,26.772727272727273,32.92727272727273,22.236363636363635,30.57272727272727,37.518181818181816,26.30909090909091,0.1818181818181818,0.1818181818181818,0.0,1.0,76.27272727272727,14.927272727272726,30.172727272727272,24.435454545454547,1010.7,86.9090909090909,21.481818181818184,0.0,5.455454545454545,12.899100000000002,108.6653,11.923636363636364,12.609999999999998,5,18,51,95,1970-01-21 13:49:45.818181818,1970-01-21 13:50:31.205454545,Xuân,,,
Đắk Lắk,Tây Nguyên,2026-05-04,26.636363636363637,31.87272727272727,23.136363636363637,29.69090909090909,34.39090909090909,27.11818181818182,0.3727272727272727,0.3727272727272727,0.0,3.0,75.36363636363636,18.80909090909091,38.28181818181818,21.471818181818183,1012.3272727272728,96.8181818181818,21.181818181818183,0.0,5.079090909090909,12.899100000000002,108.6653,11.598181818181818,12.62,5,19,51,86,1970-01-21 13:51:12.185454545,1970-01-21 13:51:57.610909091,Xuân,,,
Đắk Lắk,Tây Nguyên,2026-05-05,25.754545454545458,30.88181818181818,22.7,29.07272727272727,34.50909090909091,26.318181818181817,3.027272727272727,3.027272727272727,0.0,10.454545454545457,80.0,19.327272727272728,40.54545454545455,22.136363636363637,1011.681818181818,85.72727272727273,21.69090909090909,0.0,4.7727272727272725,12.899100000000002,108.6653,11.18,12.63,5,19,51,90,1970-01-21 13:52:38.569090909,1970-01-21 13:53:24.038181818,Xuân,,,
Đắk Lắk,Tây Nguyên,2026-05-06,25.89090909090909,31.136363636363637,22.681818181818183,29.718181818181815,36.02727272727273,26.49090909090909,4.336363636363637,4.336363636363637,0.0,6.545454545454546,80.81818181818181,14.490909090909092,32.96363636363637,20.36090909090909,1010.8727272727272,91.36363636363636,22.018181818181816,0.0,4.38,12.899100000000002,108.6653,9.976363636363637,12.63818181818182,5,19,61,72,1970-01-21 13:54:04.930909091,1970-01-21 13:54:50.443636363,Xuân,,,
Đắk Lắk,Tây Nguyên,2026-05-07,26.7,32.64545454545455,22.763636363636365,30.1,36.26363636363636,26.8,0.1,0.1,0.0,0.9090909090909092,75.27272727272727,17.7,35.04545454545455,25.023636363636363,1010.081818181818,39.0,21.19090909090909,0.0,5.636363636363637,12.899100000000002,108.6653,12.002727272727272,12.648181818181818,5,19,3,58,1970-01-21 13:55:31.320000000,1970-01-21 13:56:16.854545454,Xuân,,,
Đắk Lắk,Tây Nguyên,2026-05-08,26.29090909090909,31.89090909090909,22.07272727272727,29.318181818181817,35.154545454545456,25.90909090909091,0.1909090909090909,0.1909090909090909,0.0,1.2727272727272727,74.63636363636364,18.80909090909091,39.309090909090905,24.754545454545458,1011.081818181818,71.72727272727273,20.754545454545458,0.0,5.61090909090909,12.899100000000002,108.6653,11.996363636363638,12.658181818181818,5,19,51,60,1970-01-21 13:56:57.709090909,1970-01-21 13:57:43.265454545,Xuân,,,
Đắk Lắk,Tây Nguyên,2026-05-09,26.08181818181818,31.10909090909091,22.163636363636364,29.19090909090909,34.336363636363636,26.036363636363635,1.2454545454545454,1.2454545454545454,0.0,7.727272727272728,77.36363636363636,20.027272727272727,41.59090909090909,23.375454545454545,1011.8818181818184,67.72727272727273,21.4,0.0,5.1454545454545455,12.899100000000002,108.6653,11.914545454545454,12.668181818181818,5,19,51,86,1970-01-21 13:58:24.070909091,1970-01-21 13:59:09.670909091,Xuân,,,
Đắk Lắk,Tây Nguyên,2026-05-10,26.627272727272725,31.963636363636365,22.827272727272728,29.490909090909096,34.92727272727273,26.29090909090909,0.7727272727272727,0.7727272727272727,0.0,5.7272727272727275,75.9090909090909,21.063636363636363,43.8,23.57636363636364,1011.4454545454544,82.72727272727273,21.518181818181816,0.0,5.405454545454545,12.899100000000002,108.6653,12.014545454545454,12.67818181818182,5,19,51,63,1970-01-21 13:59:50.460000000,1970-01-21 14:00:36.103636363,Xuân,,,
Đắk Lắk,Tây Nguyên,2026-05-11,26.545454545454547,31.354545454545452,22.663636363636364,29.73636363636364,34.70909090909091,26.38181818181818,1.309090909090909,1.309090909090909,0.0,6.636363636363637,76.27272727272727,17.60909090909091,37.85454545454545,23.17818181818182,1011.5545454545456,85.18181818181819,21.6,0.0,5.204545454545454,12.899100000000002,108.6653,12.018181818181818,12.686363636363636,5,20,51,75,1970-01-21 14:01:16.849090909,1970-01-21 14:02:02.514545454,Xuân,,,
Đắk Lắk,Tây Nguyên,2026-05-12,27.145454545454548,32.97272727272727,22.745454545454542,30.7,37.18181818181818,26.663636363636364,0.0363636363636363,0.0363636363636363,0.0,0.1818181818181818,72.81818181818181,15.981818181818182,32.199999999999996,26.11818181818182,1009.6909090909091,72.9090909090909,21.136363636363637,0.0,5.829090909090909,12.899100000000002,108.6653,12.253636363636362,12.69181818181818,5,20,3,94,1970-01-21 14:02:43.238181818,1970-01-21 14:03:28.925454545,Xuân,,,
Đắk Lắk,Tây Nguyên,2026-05-13,27.718181818181815,33.50909090909091,22.9,32.68181818181818,39.654545454545456,27.49090909090909,1.2545454545454546,1.2545454545454546,0.0,4.545454545454546,76.72727272727273,11.018181818181818,25.981818181818184,23.55454545454546,1008.2818181818184,69.36363636363636,22.70909090909091,0.0,5.090909090909091,12.899100000000002,108.6653,11.902727272727274,12.70181818181818,5,20,53,140,1970-01-21 14:04:09.605454545,1970-01-21 14:04:55.330909091,Xuân,,,
Đắk Lắk,Tây Nguyên,2026-05-14,27.981818181818184,33.86363636363637,24.60909090909091,32.92727272727273,39.68181818181818,29.1,3.6,3.6,0.0,9.0,77.0909090909091,12.327272727272726,29.436363636363637,23.235454545454544,1007.7909090909092,82.27272727272727,23.163636363636364,0.0,5.086363636363637,12.899100000000002,108.6653,12.088181818181818,12.71,5,20,53,199,1970-01-21 14:05:36.000000000,1970-01-21 14:06:21.763636363,Xuân,,,
Đắk Lắk,Tây Nguyên,2026-05-15,27.818181818181817,34.6,23.963636363636365,33.07272727272727,40.654545454545456,28.363636363636363,3.7,3.7,0.0,6.0,78.9090909090909,15.163636363636362,30.6,23.96272727272727,1007.6727272727272,79.72727272727273,23.263636363636365,0.0,5.204545454545454,12.899100000000002,108.6653,10.629090909090907,12.72,5,20,55,192,1970-01-21 14:07:02.389090909,1970-01-21 14:07:48.174545454,Xuân,,,
Đắk Lắk,Tây Nguyên,2026-05-16,26.6,31.49090909090909,22.88181818181818,30.30909090909091,34.76363636363636,26.55454545454546,17.37272727272727,17.37272727272727,0.0,7.909090909090909,76.81818181818181,14.181818181818182,30.754545454545458,14.82909090909091,1008.2818181818184,99.0,21.745454545454542,0.0,3.4845454545454544,12.899100000000002,108.6653,6.377272727272728,12.728181818181817,5,20,63,207,1970-01-21 14:08:28.778181818,1970-01-21 14:09:14.585454545,Xuân,,,
Đắk Lắk,Tây Nguyên,2026-05-17,26.272727272727273,32.663636363636364,23.463636363636365,31.172727272727276,38.77272727272727,27.55454545454546,13.554545454545456,13.554545454545456,0.0,9.272727272727272,83.0,14.045454545454543,33.21818181818182,20.097272727272728,1008.1090909090908,96.63636363636364,22.89090909090909,0.0,4.205454545454546,12.899100000000002,108.6653,8.270909090909091,12.738181818181818,5,20,63,165,1970-01-21 14:09:55.145454545,1970-01-21 14:10:40.990909091,Xuân,,,
Đắk Lắk,Tây Nguyên,2026-05-18,26.11818181818182,31.536363636363635,23.463636363636365,31.41818181818182,37.60909090909091,28.436363636363637,14.97272727272727,14.97272727272727,0.0,13.0,85.81818181818181,13.681818181818182,30.76363636363636,21.114545454545453,1008.1272727272728,97.72727272727272,23.227272727272727,0.0,4.383636363636364,12.899100000000002,108.6653,9.482727272727272,12.741818181818182,5,21,63,29,1970-01-21 14:11:21.540000000,1970-01-21 14:12:07.423636363,Xuân,,,
Đắk Lắk,Tây Nguyên,2026-05-19,26.181818181818183,31.154545454545453,23.59090909090909,31.70909090909091,37.14545454545455,28.94545454545454,10.727272727272728,10.727272727272728,0.0,8.909090909090908,87.27272727272727,10.872727272727271,27.5,19.91909090909091,1007.8272727272728,93.36363636363636,23.645454545454548,0.0,4.106363636363636,12.899100000000002,108.6653,9.556363636363637,12.75,5,21,63,200,1970-01-21 14:12:47.934545454,1970-01-21 14:13:33.834545454,Xuân,,,
Đắk Lắk,Tây Nguyên,2026-05-20,26.745454545454542,31.718181818181822,23.58181818181818,32.36363636363637,38.77272727272727,28.80909090909091,2.7181818181818183,2.7181818181818183,0.0,6.545454545454546,85.0,11.063636363636364,27.654545454545453,23.035454545454545,1007.7727272727273,93.9090909090909,23.754545454545458,0.0,4.717272727272728,12.899100000000002,108.6653,11.989999999999998,12.759999999999998,5,21,61,140,1970-01-21 14:14:14.329090909,1970-01-21 14:15:00.245454545,Xuân,,,
Đắk Lắk,Tây Nguyên,2026-05-21,26.954545454545453,32.481818181818184,23.672727272727272,32.24545454545454,39.21818181818182,28.5,4.6090909090909085,4.6090909090909085,0.0,6.363636363636363,83.27272727272727,13.98181818181818,33.38181818181818,24.053636363636368,1009.9,55.54545454545455,23.50909090909091,0.0,4.973636363636364,12.899100000000002,108.6653,12.259090909090908,12.768181818181818,5,21,61,162,1970-01-21 14:15:40.718181818,1970-01-21 14:16:26.667272727,Xuân,,,
Đắk Lắk,Tây Nguyên,2026-05-22,27.354545454545452,32.24545454545454,23.363636363636363,32.63636363636363,38.86363636363637,28.2,1.6,1.6,0.0,5.818181818181818,79.18181818181819,10.327272727272726,23.354545454545452,24.26363636363636,1011.4,75.18181818181819,23.045454545454547,0.0,5.13,12.899100000000002,108.6653,12.145454545454545,12.771818181818183,5,21,51,152,1970-01-21 14:17:07.090909091,1970-01-21 14:17:53.089090909,Xuân,,,
Đắk Lắk,Tây Nguyên,2026-05-23,26.954545454545453,32.554545454545455,23.99090909090909,32.22727272727273,39.26363636363636,28.6,4.3999999999999995,4.3999999999999995,0.0,8.181818181818182,82.72727272727273,11.1,27.42727272727273,23.360909090909093,1011.7272727272727,75.0909090909091,23.454545454545453,0.0,4.848181818181818,12.899100000000002,108.6653,12.20181818181818,12.78,5,21,61,276,1970-01-21 14:18:33.485454545,1970-01-21 14:19:19.500000000,Xuân,,,
Đắk Lắk,Tây Nguyên,2026-05-24,27.40909090909091,33.663636363636364,23.6,32.71818181818182,40.23636363636364,27.80909090909091,2.6545454545454543,2.6545454545454543,0.0,5.363636363636363,80.27272727272727,11.536363636363635,26.69090909090909,24.12090909090909,1011.6181818181816,72.45454545454545,23.345454545454547,0.0,5.156363636363636,12.899100000000002,108.6653,12.038181818181815,12.788181818181815,5,21,53,194,1970-01-21 14:19:59.885454545,1970-01-21 14:20:45.910909091,Xuân,,,
Đắk Lắk,Tây Nguyên,2026-05-25,27.0,32.95454545454545,23.236363636363635,31.872727272727275,38.45454545454545,27.636363636363637,2.5636363636363635,2.5636363636363635,0.0,5.909090909090909,80.72727272727273,13.80909090909091,30.627272727272725,24.224545454545453,1010.7181818181816,69.18181818181819,23.045454545454547,0.0,5.120909090909091,12.899100000000002,108.6653,12.206363636363635,12.791818181818185,5,22,53,254,1970-01-21 14:21:26.280000000,1970-01-21 14:22:12.338181818,Xuân,,,
Đắk Lắk,Tây Nguyên,2026-05-26,27.563636363636363,32.75454545454546,23.60909090909091,31.645454545454548,37.309090909090905,27.254545454545458,1.4636363636363634,1.4636363636363634,0.0,3.636363636363636,75.72727272727273,17.981818181818184,38.518181818181816,24.777272727272727,1009.7090909090908,74.0909090909091,22.472727272727273,0.0,5.453636363636364,12.899100000000002,108.6653,12.390909090909092,12.8,5,22,51,242,1970-01-21 14:22:52.680000000,1970-01-21 14:23:38.749090909,Xuân,,,
Đắk Lắk,Tây Nguyên,2026-05-27,26.936363636363637,34.00909090909091,23.2,31.76363636363636,40.263636363636365,26.58181818181818,5.945454545454546,5.945454545454546,0.0,5.545454545454546,80.27272727272727,16.745454545454546,38.3,24.797272727272727,1010.018181818182,47.09090909090909,22.80909090909091,0.0,5.284545454545455,12.899100000000002,108.6653,12.025454545454544,12.806363636363637,5,22,63,233,1970-01-21 14:24:19.074545454,1970-01-21 14:25:05.165454545,Xuân,,,
Đắk Lắk,Tây Nguyên,2026-05-28,26.80909090909091,31.827272727272728,23.10909090909091,31.963636363636365,37.60909090909091,27.57272727272727,1.318181818181818,1.318181818181818,0.0,4.363636363636363,81.72727272727273,13.245454545454544,31.218181818181815,21.036363636363635,1010.2363636363636,67.27272727272727,23.136363636363637,0.0,4.429090909090909,12.899100000000002,108.6653,10.127272727272729,12.81,5,22,51,225,1970-01-21 14:25:45.469090909,1970-01-21 14:26:31.592727272,Xuân,,,
Đắk Lắk,Tây Nguyên,2026-05-29,26.73636363636364,30.281818181818185,23.336363636363636,31.49090909090909,35.46363636363637,28.49090909090909,0.8545454545454546,0.8545454545454546,0.0,3.272727272727273,79.36363636363636,9.963636363636365,23.10909090909091,17.979090909090907,1010.1727272727272,88.54545454545455,22.536363636363635,0.0,3.82,12.899100000000002,108.6653,10.224545454545456,12.82,5,22,51,27,1970-01-21 14:27:11.869090909,1970-01-21 14:27:58.009090909,Xuân,,,
Đắk Lắk,Tây Nguyên,2026-05-30,25.045454545454547,28.40909090909091,22.990909090909092,29.9,33.518181818181816,27.627272727272725,11.118181818181816,11.118181818181816,0.0,12.818181818181818,88.54545454545455,11.60909090909091,27.754545454545458,15.041818181818185,1010.4272727272728,97.72727272727272,22.936363636363637,0.0,3.021818181818182,12.899100000000002,108.6653,7.419090909090909,12.82,5,22,63,50,1970-01-21 14:28:38.269090909,1970-01-21 14:29:24.425454545,Xuân,,,
Đắk Lắk,Tây Nguyên,2026-05-31,23.8,26.08181818181818,22.509090909090908,28.718181818181815,31.5,26.99090909090909,11.772727272727272,11.772727272727272,0.0,15.545454545454543,95.8181818181818,9.445454545454544,23.363636363636363,8.941818181818181,1010.3818181818184,98.8181818181818,23.063636363636363,0.0,1.747272727272727,12.899100000000002,108.6653,1.4809090909090907,12.83,5,22,63,21,1970-01-21 14:30:04.669090909,1970-01-21 14:30:50.836363636,Xuân,,,
Đắk Lắk,Tây Nguyên,2026-06-01,24.527272727272727,28.481818181818184,22.672727272727272,29.7,34.45454545454545,27.345454545454547,20.05454545454546,20.05454545454546,0.0,18.545454545454547,92.1818181818182,7.990909090909091,24.70909090909091,13.49909090909091,1010.2727272727273,98.8181818181818,23.045454545454547,0.0,2.753636363636363,12.899100000000002,108.6653,4.545454545454546,12.833636363636362,6,23,63,135,1970-01-21 14:31:31.069090909,1970-01-21 14:32:17.269090909,Hè,,,
Đắk Lắk,Tây Nguyên,2026-06-02,24.76363636363636,27.80909090909091,22.790909090909093,29.92727272727273,33.309090909090905,27.463636363636365,4.809090909090909,4.809090909090909,0.0,9.636363636363637,91.72727272727272,6.863636363636363,19.936363636363637,13.056363636363637,1008.9363636363636,90.36363636363636,23.236363636363635,0.0,2.639090909090909,12.899100000000002,108.6653,4.148181818181818,12.840000000000002,6,23,61,204,1970-01-21 14:32:57.469090909,1970-01-21 14:33:43.685454545,Hè,,,
Đắk Lắk,Tây Nguyên,2026-06-03,25.87272727272727,30.254545454545458,22.66363636363636,29.536363636363635,34.627272727272725,26.38181818181818,1.0454545454545454,1.0454545454545454,0.0,4.2727272727272725,81.63636363636364,18.081818181818186,36.24545454545454,20.62909090909091,1007.6636363636364,83.63636363636364,22.209090909090907,0.0,4.392727272727273,12.899100000000002,108.6653,11.035454545454543,12.841818181818182,6,23,51,266,1970-01-21 14:34:23.869090909,1970-01-21 14:35:10.090909091,Hè,,,
Đắk Lắk,Tây Nguyên,2026-06-04,26.136363636363637,29.89090909090909,23.436363636363637,29.254545454545458,32.46363636363637,26.58181818181818,0.4363636363636363,0.4363636363636363,0.0,3.5454545454545454,79.81818181818181,20.363636363636363,40.77272727272727,14.082727272727272,1007.7727272727273,93.45454545454544,22.21818181818182,0.0,3.424545454545455,12.899100000000002,108.6653,7.247272727272727,12.848181818181816,6,23,51,247,1970-01-21 14:35:50.269090909,1970-01-21 14:36:36.529090909,Hè,,,
Đắk Lắk,Tây Nguyên,2026-06-05,27.363636363636363,31.663636363636364,24.154545454545453,30.563636363636363,34.809090909090905,27.463636363636365,0.7727272727272727,0.7727272727272727,0.0,5.090909090909091,74.63636363636364,23.21818181818182,47.64545454545455,23.277272727272727,1009.0272727272727,95.27272727272727,22.19090909090909,0.0,5.3118181818181816,12.899100000000002,108.66529999999999,11.848181818181816,12.85,6,23,51,242,1970-01-21 14:37:16.680000000,1970-01-21 14:38:02.940000000,Hè,,,
Đắk Lắk,Tây Nguyên,2026-06-06,27.70909090909091,32.23636363636364,23.9,31.263636363636362,35.99090909090909,27.08181818181818,0.6454545454545454,0.6454545454545454,0.0,3.3636363636363638,73.81818181818181,21.527272727272727,45.45454545454545,24.378181818181815,1010.1818181818181,72.0909090909091,22.3,0.0,5.5627272727272725,12.899100000000002,108.66529999999999,12.42818181818182,12.856363636363636,6,23,51,240,1970-01-21 14:38:43.080000000,1970-01-21 14:39:29.345454545,Hè,,,
Đắk Lắk,Tây Nguyên,2026-06-07,27.763636363636362,32.39090909090909,24.09090909090909,30.91818181818182,34.945454545454545,27.672727272727272,0.38181818181818183,0.38181818181818183,0.0,1.7272727272727273,73.27272727272727,23.009090909090908,49.33636363636364,22.36818181818182,1010.3545454545455,94.0,22.181818181818183,0.0,5.372727272727273,12.899100000000002,108.66529999999999,12.280909090909091,12.859999999999998,6,23,51,257,1970-01-21 14:40:09.480000000,1970-01-21 14:40:55.772727272,Hè,,,
Đắk Lắk,Tây Nguyên,2026-06-08,27.527272727272727,31.80909090909091,23.8,30.30909090909091,34.32727272727273,26.463636363636365,0.43636363636363634,0.43636363636363634,0.0,2.909090909090909,73.54545454545455,26.44545454545454,53.56363636363637,20.773636363636363,1009.0272727272727,86.27272727272727,22.081818181818182,0.0,5.040909090909091,12.899100000000002,108.66529999999999,11.656363636363636,12.861818181818181,6,24,51,254,1970-01-21 14:41:35.885454545,1970-01-21 14:42:22.189090909,Hè,,,
Đắk Lắk,Tây Nguyên,2026-06-09,27.11818181818182,32.08181818181818,23.6,30.44545454545454,35.59090909090909,26.818181818181817,3.0181818181818185,3.0181818181818185,0.0,8.090909090909092,76.9090909090909,21.154545454545453,44.04545454545455,20.276363636363637,1009.1545454545455,97.72727272727273,22.40909090909091,0.0,4.722727272727273,12.899100000000002,108.66529999999999,11.481818181818182,12.866363636363637,6,24,53,243,1970-01-21 14:43:02.285454545,1970-01-21 14:43:48.605454545,Hè,,,
Đắk Lắk,Tây Nguyên,2026-06-10,27.19090909090909,32.60909090909091,24.0,31.236363636363638,37.163636363636364,27.3,1.2909090909090908,1.2909090909090908,0.0,3.727272727272727,75.63636363636364,14.072727272727274,28.9,21.850909090909088,1010.8363636363637,97.81818181818181,22.136363636363637,0.0,4.875454545454546,12.899100000000002,108.66529999999999,11.111818181818181,12.87,6,24,51,207,1970-01-21 14:44:28.685454545,1970-01-21 14:45:15.016363636,Hè,,,
Đắk Lắk,Tây Nguyên,2026-06-11,25.963636363636365,30.036363636363635,23.44545454545454,30.7,35.64545454545455,27.181818181818183,6.527272727272727,6.527272727272727,0.0,9.181818181818182,84.9090909090909,12.5,26.772727272727273,19.30181818181818,1013.4909090909091,87.54545454545455,23.063636363636363,0.0,3.9072727272727277,12.899100000000002,108.66529999999999,10.716363636363637,12.87,6,24,63,171,1970-01-21 14:45:55.085454545,1970-01-21 14:46:41.449090909,Hè,,,
Đắk Lắk,Tây Nguyên,2026-06-12,25.854545454545452,31.61818181818182,22.463636363636365,30.936363636363637,37.99090909090909,26.94545454545454,6.0181818181818185,6.0181818181818185,0.0,7.636363636363637,85.18181818181819,11.854545454545455,27.754545454545454,21.24909090909091,1014.2181818181817,78.72727272727273,22.900000000000002,0.0,4.3127272727272725,12.899100000000002,108.66529999999999,11.748181818181818,12.873636363636363,6,24,63,156,1970-01-21 14:47:21.512727272,1970-01-21 14:48:07.849090909,Hè,,,
Đắk Lắk,Tây Nguyên,2026-06-13,26.40909090909091,32.99090909090909,22.645454545454545,31.336363636363636,39.25454545454546,26.936363636363637,5.072727272727272,5.072727272727272,0.0,6.636363636363637,83.18181818181819,14.336363636363636,30.08181818181818,24.955454545454543,1012.1363636363636,37.54545454545455,22.88181818181818,0.0,5.148181818181818,12.899100000000002,108.66529999999999,12.280000000000001,12.876363636363637,6,24,63,203,1970-01-21 14:48:47.923636363,1970-01-21 14:49:34.265454545,Hè,,,
Đắk Lắk,Tây Nguyên,2026-06-14,26.781818181818185,32.127272727272725,22.454545454545453,31.063636363636363,38.09090909090909,26.463636363636365,1.7,1.7,0.0,5.7272727272727275,78.45454545454545,14.409090909090908,30.79090909090909,24.594545454545457,1010.1181818181817,67.54545454545455,22.381818181818183,0.0,5.278181818181818,12.899100000000002,108.66529999999999,12.35,12.88,6,24,61,234,1970-01-21 14:50:14.329090909,1970-01-21 14:51:00.676363636,Hè,,,
Đắk Lắk,Tây Nguyên,2026-06-15,27.30909090909091,31.963636363636365,23.045454545454547,30.818181818181817,36.11818181818182,26.10909090909091,0.7636363636363637,0.7636363636363637,0.0,2.6363636363636362,73.0,17.763636363636365,38.79090909090909,25.524545454545454,1009.9818181818181,79.45454545454545,21.61818181818182,0.0,5.631818181818182,12.899100000000002,108.66529999999999,12.456363636363637,12.88,6,25,51,267,1970-01-21 14:51:40.740000000,1970-01-21 14:52:27.109090909,Hè,,,
Đắk Lắk,Tây Nguyên,2026-06-16,27.636363636363637,33.25454545454546,23.327272727272728,31.58181818181818,38.30909090909091,25.854545454545452,2.0545454545454547,2.0545454545454547,0.0,6.090909090909091,74.0,18.90909090909091,40.18181818181818,25.028181818181817,1010.5090909090909,66.36363636363636,22.163636363636364,0.0,5.617272727272727,12.899100000000002,108.66529999999999,12.281818181818181,12.88,6,25,53,257,1970-01-21 14:53:07.145454545,1970-01-21 14:53:53.514545454,Hè,,,
Đắk Lắk,Tây Nguyên,2026-06-17,27.427272727272726,32.945454545454545,22.572727272727274,31.254545454545454,37.02727272727273,26.09090909090909,1.718181818181818,1.718181818181818,0.0,6.363636363636363,73.54545454545455,13.69090909090909,32.872727272727275,24.30181818181818,1011.0181818181819,81.9090909090909,21.681818181818183,0.0,5.422727272727273,12.899100000000002,108.66529999999999,12.02727272727273,12.881818181818181,6,25,53,266,1970-01-21 14:54:33.545454545,1970-01-21 14:55:19.925454545,Hè,,,
Đắk Lắk,Tây Nguyên,2026-06-18,27.227272727272727,33.445454545454545,23.363636363636363,31.254545454545454,38.59090909090909,26.863636363636363,3.3454545454545452,3.3454545454545452,0.0,5.363636363636363,74.36363636363636,14.318181818181818,32.627272727272725,24.70090909090909,1010.9636363636364,72.9090909090909,21.854545454545455,0.0,5.41,12.899100000000002,108.66529999999999,12.44909090909091,12.881818181818181,6,25,55,231,1970-01-21 14:55:59.972727272,1970-01-21 14:56:46.341818181,Hè,,,
Đắk Lắk,Tây Nguyên,2026-06-19,27.41818181818182,33.445454545454545,22.79090909090909,31.58181818181818,38.836363636363636,26.55454545454546,0.5454545454545454,0.5454545454545454,0.0,1.9090909090909092,73.72727272727273,13.2,27.427272727272726,23.311818181818182,1010.5818181818181,78.27272727272727,21.818181818181817,0.0,5.156363636363636,12.899100000000002,108.66529999999999,12.031818181818181,12.883636363636363,6,25,51,173,1970-01-21 14:57:26.383636363,1970-01-21 14:58:12.769090909,Hè,,,
Đắk Lắk,Tây Nguyên,2026-06-20,27.136363636363637,33.06363636363636,22.481818181818184,31.7,38.945454545454545,25.39090909090909,3.0818181818181816,3.0818181818181816,0.0,8.545454545454545,77.54545454545455,17.572727272727274,34.06363636363636,24.730909090909094,1011.1636363636363,36.72727272727273,22.39090909090909,0.0,5.281818181818182,12.899100000000002,108.66529999999999,12.149090909090908,12.883636363636363,6,25,53,180,1970-01-21 14:58:52.800000000,1970-01-21 14:59:39.174545454,Hè,,,
Đắk Lắk,Tây Nguyên,2026-06-21,27.354545454545452,33.92727272727273,23.545454545454547,31.94545454545454,39.54545454545455,27.781818181818185,3.7636363636363637,3.7636363636363637,0.0,7.545454545454546,76.9090909090909,14.181818181818182,30.927272727272726,24.128181818181815,1011.1545454545455,69.72727272727273,22.37272727272727,0.0,5.208181818181818,12.899100000000002,108.66529999999999,12.344545454545454,12.883636363636363,6,25,53,212,1970-01-21 15:00:19.205454545,1970-01-21 15:01:05.585454545,Hè,,,
Đắk Lắk,Tây Nguyên,2026-06-22,27.481818181818184,33.99090909090909,23.29090909090909,31.89090909090909,38.699999999999996,27.44545454545454,2.881818181818182,2.881818181818182,0.0,6.2727272727272725,77.18181818181819,14.145454545454545,33.481818181818184,25.175454545454546,1009.7,57.36363636363637,22.5,0.0,5.541818181818182,12.899100000000002,108.66529999999999,12.037272727272727,12.883636363636363,6,26,61,245,1970-01-21 15:01:45.605454545,1970-01-21 15:02:31.996363636,Hè,,,
Đắk Lắk,Tây Nguyên,2026-06-23,27.10909090909091,32.82727272727273,22.8,30.727272727272727,37.190909090909095,26.218181818181815,3.5545454545454547,3.5545454545454547,0.0,9.090909090909092,76.36363636363636,20.39090909090909,43.75454545454546,25.05454545454546,1008.3090909090909,45.27272727272727,22.2,0.0,5.5618181818181816,12.899100000000002,108.66529999999999,12.355454545454545,12.883636363636363,6,26,61,263,1970-01-21 15:03:12.043636363,1970-01-21 15:03:58.423636363,Hè,,,
Đắk Lắk,Tây Nguyên,2026-06-24,27.736363636363638,33.58181818181818,23.60909090909091,31.536363636363635,37.809090909090905,27.08181818181818,2.0363636363636366,2.0363636363636366,0.0,5.090909090909091,73.63636363636364,17.418181818181818,38.21818181818182,24.403636363636362,1007.8454545454545,74.54545454545455,22.12727272727273,0.0,5.568181818181818,12.899100000000002,108.66529999999999,12.208181818181817,12.881818181818181,6,26,51,250,1970-01-21 15:04:38.449090909,1970-01-21 15:05:24.829090909,Hè,,,
Đắk Lắk,Tây Nguyên,2026-06-25,28.281818181818185,33.5,23.681818181818183,31.3,37.09090909090909,26.854545454545452,1.0818181818181818,1.0818181818181818,0.0,2.3636363636363638,68.0,19.527272727272727,41.40909090909091,24.926363636363636,1008.0454545454545,44.63636363636363,21.30909090909091,0.0,6.077272727272727,12.899100000000002,108.66529999999999,12.417272727272728,12.881818181818181,6,26,51,247,1970-01-21 15:06:04.865454545,1970-01-21 15:06:51.245454545,Hè,,,
Đắk Lắk,Tây Nguyên,2026-06-26,28.263636363636362,33.309090909090905,24.136363636363637,31.345454545454547,36.97272727272727,27.39090909090909,0.5,0.5,0.0,2.090909090909091,67.9090909090909,18.672727272727272,41.42727272727273,24.71090909090909,1008.6909090909091,68.27272727272727,21.37272727272727,0.0,5.958181818181819,12.899100000000002,108.66529999999999,12.191818181818183,12.88,6,26,51,272,1970-01-21 15:07:31.265454545,1970-01-21 15:08:17.645454545,Hè,,,
Đắk Lắk,Tây Nguyên,2026-06-27,27.472727272727273,33.5,23.94545454545454,31.145454545454548,37.41818181818182,27.527272727272727,3.463636363636364,3.463636363636364,0.0,5.454545454545454,74.0909090909091,17.2,38.163636363636364,23.817272727272726,1008.5090909090909,63.63636363636363,22.09090909090909,0.0,5.404545454545455,12.899100000000002,108.66529999999999,11.992727272727274,12.88,6,26,63,257,1970-01-21 15:08:57.703636363,1970-01-21 15:09:44.056363636,Hè,,,
Đắk Lắk,Tây Nguyên,2026-06-28,27.154545454545453,33.97272727272727,23.518181818181816,31.30909090909091,38.836363636363636,27.181818181818183,8.990909090909092,8.990909090909092,0.0,8.090909090909092,78.54545454545455,16.427272727272726,36.46363636363637,23.18,1008.0545454545455,77.27272727272727,22.59090909090909,0.0,5.154545454545455,12.899100000000002,108.66529999999999,11.567272727272726,12.88,6,26,63,234,1970-01-21 15:10:24.109090909,1970-01-21 15:11:10.472727272,Hè,,,
Đắk Lắk,Tây Nguyên,2026-06-29,26.6,33.09090909090909,23.6,30.900000000000002,37.699999999999996,27.49090909090909,6.863636363636363,6.863636363636363,0.0,8.545454545454545,82.18181818181819,17.772727272727273,38.68181818181818,21.228181818181817,1007.9727272727273,84.63636363636364,22.918181818181818,0.0,4.573636363636364,12.899100000000002,108.66529999999999,11.264545454545454,12.878181818181817,6,27,61,268,1970-01-21 15:11:50.525454545,1970-01-21 15:12:36.889090909,Hè,,,
Đắk Lắk,Tây Nguyên,2026-06-30,26.40909090909091,32.29090909090909,23.263636363636365,30.436363636363637,35.9,27.38181818181818,4.445454545454545,4.445454545454545,0.0,6.818181818181818,81.63636363636364,18.336363636363636,39.4,19.450909090909093,1008.2454545454547,90.72727272727273,22.59090909090909,0.0,4.2690909090909095,12.899100000000002,108.66529999999999,9.316363636363636,12.873636363636363,6,27,61,265,1970-01-21 15:13:16.925454545,1970-01-21 15:14:03.289090909,Hè,,,
Đắk Lắk,Tây Nguyên,2026-07-01,26.218181818181815,31.163636363636364,23.4,30.836363636363636,35.481818181818184,27.218181818181815,9.727272727272727,9.727272727272727,0.0,11.818181818181818,85.0,14.745454545454544,33.38181818181818,19.470000000000002,1007.6,89.18181818181819,23.236363636363635,0.0,4.086363636363637,12.899100000000002,108.66529999999999,10.17,12.871818181818183,7,27,63,278,1970-01-21 15:14:43.363636363,1970-01-21 15:15:29.689090909,Hè,,,
Đắk Lắk,Tây Nguyên,2026-07-02,24.79090909090909,27.927272727272726,23.018181818181816,28.745454545454546,31.0,26.781818181818185,10.009090909090908,10.009090909090908,0.0,14.545454545454545,89.9090909090909,15.745454545454544,32.82727272727273,12.8,1007.7545454545453,97.0,22.900000000000002,0.0,2.5827272727272725,12.899100000000002,108.66529999999999,6.3963636363636365,12.87,7,27,61,203,1970-01-21 15:16:09.769090909,1970-01-21 15:16:56.105454545,Hè,,,
Đắk Lắk,Tây Nguyên,2026-07-03,24.672727272727272,27.454545454545453,22.918181818181818,28.1,30.39090909090909,26.072727272727274,6.327272727272727,6.327272727272727,0.0,17.363636363636363,88.63636363636364,19.62727272727273,39.78181818181818,10.02909090909091,1008.5,100.0,22.59090909090909,0.0,2.2154545454545453,12.899100000000002,108.66529999999999,0.66,12.868181818181819,7,27,53,256,1970-01-21 15:17:36.185454545,1970-01-21 15:18:22.505454545,Hè,,,
Đắk Lắk,Tây Nguyên,2026-07-04,25.7,29.19090909090909,23.081818181818182,28.327272727272728,31.1,26.127272727272725,0.9181818181818181,0.9181818181818181,0.0,3.272727272727273,77.72727272727273,20.854545454545455,41.945454545454545,13.590909090909092,1010.1,100.0,21.28181818181818,0.0,3.4518181818181817,12.899100000000002,108.66529999999999,5.528181818181818,12.863636363636363,7,27,51,242,1970-01-21 15:19:02.585454545,1970-01-21 15:19:48.905454545,Hè,,,
Đắk Lắk,Tây Nguyên,2026-07-05,26.09090909090909,29.718181818181815,22.90909090909091,28.863636363636363,32.10909090909091,25.872727272727275,0.06363636363636364,0.06363636363636364,0.0,0.5454545454545454,74.63636363636364,17.10909090909091,35.5,16.214545454545455,1011.1818181818181,99.36363636363636,20.900000000000002,0.0,3.8963636363636365,12.899100000000002,108.66529999999999,7.609999999999999,12.859999999999998,7,27,3,242,1970-01-21 15:20:29.023636363,1970-01-21 15:21:15.305454545,Hè,,,
Đắk Lắk,Tây Nguyên,2026-07-06,26.181818181818183,31.44545454545454,23.472727272727273,30.09090909090909,35.154545454545456,27.336363636363636,2.8818181818181823,2.8818181818181823,0.0,5.181818181818182,80.63636363636364,15.754545454545456,36.64545454545455,19.600909090909088,1010.5,99.72727272727273,22.28181818181818,0.0,4.258181818181819,12.899100000000002,108.66529999999999,8.41,12.858181818181817,7,28,53,233,1970-01-21 15:21:55.440000000,1970-01-21 15:22:41.710909091,Hè,,,
Đắk Lắk,Tây Nguyên,2026-07-07,24.927272727272726,28.254545454545454,23.054545454545455,28.009090909090904,30.536363636363635,25.754545454545454,5.409090909090909,5.409090909090909,0.0,12.818181818181818,85.0909090909091,18.154545454545453,37.00909090909091,11.557272727272727,1010.4636363636364,99.0909090909091,22.10909090909091,0.0,2.692727272727273,12.899100000000002,108.66529999999999,3.98,12.851818181818182,7,28,51,262,1970-01-21 15:23:21.845454545,1970-01-21 15:24:08.110909091,Hè,,,
Đắk Lắk,Tây Nguyên,2026-07-08,26.363636363636363,31.181818181818183,22.727272727272727,28.38181818181818,33.22727272727273,24.59090909090909,1.5727272727272728,1.5727272727272728,0.0,6.2727272727272725,71.54545454545455,24.29090909090909,52.98181818181818,20.03090909090909,1009.1545454545455,81.72727272727273,20.363636363636363,0.0,5.01,12.899100000000002,108.66529999999999,9.014545454545454,12.85,7,28,51,258,1970-01-21 15:24:48.267272727,1970-01-21 15:25:34.516363636,Hè,,,
Đắk Lắk,Tây Nguyên,2026-07-09,26.236363636363638,30.236363636363638,22.78181818181818,28.281818181818185,31.245454545454546,25.245454545454546,4.427272727272727,4.427272727272727,0.0,9.090909090909092,75.45454545454545,24.59090909090909,50.86363636363637,16.436363636363637,1008.7545454545453,95.18181818181819,21.181818181818183,0.0,4.207272727272727,12.899100000000002,108.66529999999999,7.8518181818181825,12.843636363636364,7,28,61,258,1970-01-21 15:26:14.689090909,1970-01-21 15:27:00.916363636,Hè,,,
Đắk Lắk,Tây Nguyên,2026-07-10,27.7,31.55454545454546,24.354545454545452,28.94545454545454,32.26363636363636,25.818181818181817,0.9181818181818181,0.9181818181818181,0.0,4.818181818181818,65.72727272727273,28.872727272727275,60.00909090909091,22.527272727272727,1007.6909090909091,79.45454545454545,20.37272727272727,0.0,6.098181818181818,12.899100000000002,108.66529999999999,11.713636363636363,12.840000000000002,7,28,51,249,1970-01-21 15:27:41.100000000,1970-01-21 15:28:27.316363636,Hè,,,
Đắk Lắk,Tây Nguyên,2026-07-11,26.545454545454547,31.218181818181815,23.10909090909091,28.027272727272727,31.50909090909091,25.3,6.754545454545454,6.754545454545454,0.0,13.272727272727273,74.0,31.19090909090909,65.81818181818181,19.400000000000002,1005.7181818181817,80.45454545454545,21.099999999999998,0.0,5.031818181818182,12.899100000000002,108.66529999999999,11.19,12.833636363636362,7,28,61,261,1970-01-21 15:29:07.505454545,1970-01-21 15:29:53.716363636,Hè,,,
Đắk Lắk,Tây Nguyên,2026-07-12,25.954545454545453,29.936363636363637,23.081818181818182,27.90909090909091,31.345454545454547,25.2,4.5181818181818185,4.5181818181818185,0.0,12.0,79.0909090909091,28.427272727272726,58.445454545454545,17.569090909090907,1005.4545454545455,94.45454545454545,21.71818181818182,0.0,4.222727272727273,12.899100000000002,108.66529999999999,10.15,12.83,7,28,53,231,1970-01-21 15:30:33.943636363,1970-01-21 15:31:20.116363636,Hè,,,
Đắk Lắk,Tây Nguyên,2026-07-13,26.10909090909091,31.10909090909091,23.772727272727273,28.018181818181816,33.21818181818182,25.345454545454547,3.227272727272727,3.227272727272727,0.0,7.7272727272727275,76.45454545454545,26.372727272727275,53.11818181818182,15.963636363636363,1007.0,93.27272727272727,21.327272727272728,0.0,4.112727272727273,12.899100000000002,108.66529999999999,8.05090909090909,12.823636363636364,7,29,53,254,1970-01-21 15:32:00.360000000,1970-01-21 15:32:46.516363636,Hè,,,
Đắk Lắk,Tây Nguyên,2026-07-14,26.772727272727273,30.30909090909091,23.781818181818185,28.745454545454546,32.18181818181818,25.40909090909091,1.5363636363636362,1.5363636363636362,0.0,5.7272727272727275,72.0,23.79090909090909,49.64545454545455,17.825454545454544,1008.6727272727272,94.27272727272727,21.009090909090908,0.0,4.606363636363636,12.899100000000002,108.66529999999999,9.846363636363636,12.82,7,29,51,246,1970-01-21 15:33:26.765454545,1970-01-21 15:34:12.910909091,Hè,,,
Đắk Lắk,Tây Nguyên,2026-07-15,27.345454545454547,32.59090909090909,23.718181818181815,29.345454545454547,34.54545454545455,25.94545454545454,2.127272727272727,2.127272727272727,0.0,6.909090909090909,69.9090909090909,25.5,52.527272727272724,22.09090909090909,1010.4363636363636,86.0,20.836363636363636,0.0,5.6481818181818175,12.899100000000002,108.66529999999999,11.44818181818182,12.813636363636364,7,29,53,260,1970-01-21 15:34:53.198181818,1970-01-21 15:35:39.310909091,Hè,,,
Đắk Lắk,Tây Nguyên,2026-07-16,26.55454545454546,30.845454545454547,23.29090909090909,28.336363636363636,32.38181818181818,25.045454545454547,1.0818181818181818,1.0818181818181818,0.0,4.7272727272727275,72.0,26.236363636363638,54.03636363636363,17.135454545454547,1011.2909090909092,89.54545454545455,20.7,0.0,4.595454545454545,12.899100000000002,108.66529999999999,7.745454545454546,12.81,7,29,53,260,1970-01-21 15:36:19.609090909,1970-01-21 15:37:05.705454545,Hè,,,
Đắk Lắk,Tây Nguyên,2026-07-17,26.718181818181815,30.6,23.60909090909091,28.627272727272725,32.06363636363636,25.727272727272727,0.8181818181818182,0.8181818181818182,0.0,4.636363636363637,70.63636363636364,22.69090909090909,46.99090909090909,18.04090909090909,1010.4090909090909,76.18181818181819,20.572727272727274,0.0,4.7309090909090905,12.899100000000002,108.66529999999999,10.697272727272727,12.8,7,29,51,252,1970-01-21 15:37:46.020000000,1970-01-21 15:38:32.105454545,Hè,,,
Đắk Lắk,Tây Nguyên,2026-07-18,27.363636363636363,32.45454545454545,23.44545454545454,29.772727272727273,34.52727272727273,26.263636363636362,0.8090909090909091,0.8090909090909091,0.0,3.909090909090909,69.45454545454545,21.081818181818182,44.845454545454544,22.814545454545456,1009.4,29.363636363636363,20.763636363636365,0.0,5.620909090909091,12.899100000000002,108.66529999999999,12.062727272727273,12.796363636363635,7,29,51,259,1970-01-21 15:39:12.425454545,1970-01-21 15:39:58.505454545,Hè,,,
Đắk Lắk,Tây Nguyên,2026-07-19,27.936363636363637,33.32727272727273,23.045454545454547,30.163636363636364,35.336363636363636,25.781818181818185,0.1,0.1,0.0,0.18181818181818182,65.0,20.227272727272727,43.23636363636364,25.770000000000003,1009.4818181818181,25.545454545454547,19.972727272727273,0.0,6.387272727272728,12.899100000000002,108.66529999999999,12.177272727272726,12.79,7,29,3,250,1970-01-21 15:40:38.863636363,1970-01-21 15:41:24.894545454,Hè,,,
Đắk Lắk,Tây Nguyên,2026-07-20,28.345454545454547,33.91818181818182,23.29090909090909,30.61818181818182,36.054545454545455,26.018181818181816,0.0,0.0,0.0,0.0,63.27272727272727,20.672727272727272,45.06363636363636,26.360909090909093,1009.4818181818181,18.363636363636363,19.954545454545453,0.0,6.6463636363636365,12.899100000000002,108.66529999999999,12.184545454545455,12.781818181818181,7,30,3,259,1970-01-21 15:42:05.274545454,1970-01-21 15:42:51.289090909,Hè,,,
