province,region,date,temperature_2m_mean,temperature_2m_max,temperature_2m_min,apparent_temperature_mean,apparent_temperature_max,apparent_temperature_min,precipitation_sum,rain_sum,showers_sum,precipitation_hours,relative_humidity_2m_mean,wind_speed_10m_max,wind_gusts_10m_max,shortwave_radiation_sum,pressure_msl_mean,cloud_cover_mean,dew_point_2m_mean,snowfall_sum,et0_fao_evapotranspiration,latitude,longitude,sunshine_hours,daylight_hours,month,week,weather_code,wind_direction_10m_dominant,sunrise,sunset,season,uv_index_max,uv_index_clear_sky_max,precipitation_probability_max
Đồng Tháp,Đồng bằng sông Cửu Long,2025-07-21,27.244444444444444,31.233333333333334,24.666666666666668,31.311111111111114,35.833333333333336,28.311111111111114,7.533333333333333,7.533333333333333,0.0,15.333333333333334,84.55555555555556,25.9,59.800000000000004,17.91,1006.2777777777778,100.0,24.288888888888888,0.0,3.8711111111111114,10.4713,106.0152,6.262222222222222,12.645555555555555,7,30,61,245,1970-01-21 06:57:56.560000000,1970-01-21 06:58:42.073333333,Hè,,,
Đồng Tháp,Đồng bằng sông Cửu Long,2025-07-22,28.466666666666665,32.266666666666666,25.522222222222222,32.28888888888889,35.43333333333333,30.04444444444444,0.7,0.7,0.0,3.888888888888889,77.11111111111111,27.066666666666666,56.599999999999994,22.512222222222224,1005.3888888888889,99.0,23.88888888888889,0.0,5.192222222222222,10.4713,106.0152,11.484444444444444,12.64,7,30,51,238,1970-01-21 06:59:22.966666666,1970-01-21 07:00:08.473333333,Hè,,,
Đồng Tháp,Đồng bằng sông Cửu Long,2025-07-23,28.477777777777778,31.977777777777778,25.422222222222224,32.855555555555554,36.77777777777778,29.633333333333333,1.7777777777777777,1.7777777777777777,0.0,4.222222222222222,78.11111111111111,20.633333333333333,48.48888888888889,20.697777777777777,1005.0666666666667,94.0,24.188888888888886,0.0,4.694444444444445,10.4713,106.0152,11.442222222222222,12.633333333333333,7,30,53,242,1970-01-21 07:00:49.373333333,1970-01-21 07:01:34.873333333,Hè,,,
Đồng Tháp,Đồng bằng sông Cửu Long,2025-07-24,28.77777777777778,32.47777777777778,25.666666666666668,33.44444444444444,37.13333333333333,30.877777777777776,0.12222222222222223,0.12222222222222223,0.0,0.5555555555555556,77.33333333333333,19.61111111111111,40.56666666666667,21.505555555555556,1006.0888888888888,93.0,24.211111111111112,0.0,4.931111111111111,10.4713,106.0152,11.267777777777777,12.63,7,30,3,247,1970-01-21 07:02:15.780000000,1970-01-21 07:03:01.246666666,Hè,,,
Đồng Tháp,Đồng bằng sông Cửu Long,2025-07-25,28.84444444444445,32.71111111111111,25.455555555555556,33.233333333333334,37.27777777777778,29.82222222222222,0.5222222222222223,0.5222222222222223,0.0,2.0,76.0,19.533333333333335,41.599999999999994,22.694444444444443,1006.3333333333334,88.11111111111111,23.98888888888889,0.0,5.273333333333333,10.4713,106.0152,11.346666666666668,12.621111111111112,7,30,3,255,1970-01-21 07:03:42.193333333,1970-01-21 07:04:27.640000000,Hè,,,
Đồng Tháp,Đồng bằng sông Cửu Long,2025-07-26,28.855555555555554,31.95555555555556,26.700000000000003,33.400000000000006,36.5,31.255555555555556,1.8666666666666667,1.8666666666666667,0.0,4.222222222222222,77.88888888888889,21.033333333333335,45.355555555555554,18.87777777777778,1006.9333333333333,97.66666666666667,24.555555555555557,0.0,4.5,10.4713,106.0152,9.353333333333333,12.62,7,30,61,253,1970-01-21 07:05:08.620000000,1970-01-21 07:05:54.026666666,Hè,,,
Đồng Tháp,Đồng bằng sông Cửu Long,2025-07-27,27.244444444444444,30.533333333333335,25.266666666666666,31.799999999999997,35.422222222222224,29.688888888888886,11.433333333333334,11.433333333333334,0.0,9.444444444444445,85.44444444444444,20.799999999999997,47.53333333333333,15.94222222222222,1007.311111111111,99.55555555555556,24.5,0.0,3.411111111111111,10.4713,106.0152,6.997777777777777,12.61,7,30,63,232,1970-01-21 07:06:35.026666666,1970-01-21 07:07:20.413333333,Hè,,,
Đồng Tháp,Đồng bằng sông Cửu Long,2025-07-28,26.455555555555556,28.4,24.955555555555556,31.033333333333335,33.22222222222222,29.45555555555556,6.266666666666667,6.266666666666667,0.0,9.222222222222221,90.0,21.133333333333333,41.51111111111111,10.493333333333332,1006.9444444444445,94.44444444444444,24.633333333333333,0.0,2.1966666666666668,10.4713,106.0152,4.101111111111111,12.603333333333332,7,31,63,230,1970-01-21 07:08:01.433333333,1970-01-21 07:08:46.813333333,Hè,,,
Đồng Tháp,Đồng bằng sông Cửu Long,2025-07-29,28.044444444444444,31.166666666666668,25.688888888888886,32.644444444444446,35.72222222222222,30.755555555555556,9.011111111111111,9.011111111111111,0.0,7.444444444444445,82.77777777777777,23.577777777777776,49.31111111111111,19.00111111111111,1006.6555555555556,73.88888888888889,24.733333333333334,0.0,4.155555555555555,10.4713,106.0152,11.625555555555556,12.6,7,31,63,231,1970-01-21 07:09:27.833333333,1970-01-21 07:10:13.186666666,Hè,,,
Đồng Tháp,Đồng bằng sông Cửu Long,2025-07-30,28.433333333333334,31.922222222222224,25.77777777777778,32.955555555555556,37.17777777777778,30.466666666666665,1.9111111111111114,1.9111111111111114,0.0,4.444444444444445,80.0,21.644444444444446,46.02222222222222,21.561111111111114,1007.6333333333334,92.88888888888889,24.477777777777778,0.0,4.76,10.4713,106.0152,11.896666666666667,12.59,7,31,51,234,1970-01-21 07:10:54.240000000,1970-01-21 07:11:39.580000000,Hè,,,
Đồng Tháp,Đồng bằng sông Cửu Long,2025-07-31,27.955555555555556,31.15555555555555,25.9,32.93333333333333,37.22222222222222,30.333333333333332,9.466666666666667,9.466666666666667,0.0,7.777777777777778,83.44444444444444,18.822222222222223,46.12222222222223,19.26,1007.6444444444444,82.66666666666667,24.822222222222223,0.0,4.073333333333333,10.4713,106.0152,10.001111111111111,12.583333333333334,7,31,63,227,1970-01-21 07:12:20.653333333,1970-01-21 07:13:05.953333333,Hè,,,
Đồng Tháp,Đồng bằng sông Cửu Long,2025-08-01,28.311111111111114,31.744444444444444,25.633333333333333,33.55555555555556,38.18888888888889,30.71111111111111,3.3555555555555556,3.3555555555555556,0.0,5.555555555555555,83.33333333333333,18.177777777777777,39.96666666666667,21.561111111111114,1006.9000000000001,91.33333333333333,25.1,0.0,4.525555555555556,10.4713,106.0152,12.0,12.577777777777778,8,31,53,229,1970-01-21 07:13:47.080000000,1970-01-21 07:14:32.353333333,Hè,,,
Đồng Tháp,Đồng bằng sông Cửu Long,2025-08-02,28.488888888888887,32.455555555555556,25.677777777777777,34.1,39.01111111111111,31.055555555555557,1.7888888888888888,1.7888888888888888,0.0,5.111111111111111,82.33333333333333,15.711111111111112,36.099999999999994,22.76,1007.8333333333334,98.55555555555556,25.055555555555557,0.0,4.782222222222222,10.4713,106.0152,12.0,12.57,8,31,53,214,1970-01-21 07:15:13.486666666,1970-01-21 07:15:58.726666666,Hè,,,
Đồng Tháp,Đồng bằng sông Cửu Long,2025-08-03,28.177777777777777,33.166666666666664,25.633333333333333,34.03333333333333,40.099999999999994,30.988888888888887,3.3444444444444446,3.3444444444444446,0.0,3.2222222222222223,84.44444444444444,17.577777777777776,40.93333333333334,22.727777777777778,1009.2111111111111,85.88888888888889,25.12222222222222,0.0,4.732222222222222,10.4713,106.0152,11.877777777777778,12.56,8,31,61,214,1970-01-21 07:16:39.893333333,1970-01-21 07:17:25.100000000,Hè,,,
Đồng Tháp,Đồng bằng sông Cửu Long,2025-08-04,27.955555555555556,33.21111111111111,24.788888888888888,34.111111111111114,41.2,30.377777777777776,6.666666666666667,6.666666666666667,0.0,2.111111111111111,85.88888888888889,15.0,44.266666666666666,22.637777777777778,1009.0444444444444,77.0,25.188888888888886,0.0,4.676666666666667,10.4713,106.0152,11.55888888888889,12.553333333333335,8,32,63,216,1970-01-21 07:18:06.293333333,1970-01-21 07:18:51.493333333,Hè,,,
Đồng Tháp,Đồng bằng sông Cửu Long,2025-08-05,27.7,33.03333333333333,25.211111111111112,33.06666666666667,39.55555555555556,30.28888888888889,11.766666666666667,11.766666666666667,0.0,4.555555555555555,85.11111111111111,17.5,39.111111111111114,22.14888888888889,1008.6999999999999,77.33333333333333,24.755555555555556,0.0,4.612222222222222,10.4713,106.0152,10.776666666666667,12.55,8,32,65,204,1970-01-21 07:19:32.693333333,1970-01-21 07:20:17.866666666,Hè,,,
Đồng Tháp,Đồng bằng sông Cửu Long,2025-08-06,27.144444444444446,32.388888888888886,24.51111111111111,32.55555555555556,39.53333333333333,29.466666666666665,8.899999999999999,8.899999999999999,0.0,3.6666666666666665,85.88888888888889,16.855555555555554,39.2,21.004444444444445,1008.7444444444445,99.55555555555556,24.37777777777778,0.0,4.332222222222223,10.4713,106.0152,9.92,12.54,8,32,63,196,1970-01-21 07:20:59.100000000,1970-01-21 07:21:44.253333333,Hè,,,
Đồng Tháp,Đồng bằng sông Cửu Long,2025-08-07,27.455555555555556,32.01111111111111,24.266666666666666,33.13333333333333,38.41111111111111,29.700000000000003,3.411111111111111,3.411111111111111,0.0,5.0,84.11111111111111,14.58888888888889,33.94444444444444,22.643333333333334,1009.3777777777777,77.22222222222223,24.344444444444445,0.0,4.6688888888888895,10.4713,106.0152,11.801111111111112,12.532222222222222,8,32,53,214,1970-01-21 07:22:25.506666666,1970-01-21 07:23:10.633333333,Hè,,,
Đồng Tháp,Đồng bằng sông Cửu Long,2025-08-08,27.744444444444444,32.47777777777778,24.633333333333336,33.96666666666667,39.84444444444445,30.244444444444444,7.877777777777778,7.877777777777778,0.0,6.444444444444445,85.88888888888889,12.911111111111111,31.32222222222222,21.547777777777778,1009.8666666666666,60.0,24.922222222222224,0.0,4.441111111111111,10.4713,106.0152,10.197777777777778,12.52222222222222,8,32,63,227,1970-01-21 07:23:51.913333333,1970-01-21 07:24:37.006666666,Hè,,,
Đồng Tháp,Đồng bằng sông Cửu Long,2025-08-09,26.955555555555556,30.299999999999997,24.433333333333334,32.36666666666667,36.78888888888889,29.266666666666666,15.266666666666667,15.266666666666667,0.0,11.11111111111111,87.11111111111111,13.855555555555556,29.966666666666665,14.633333333333333,1009.9111111111112,98.44444444444444,24.566666666666666,0.0,3.0344444444444445,10.4713,106.0152,6.266666666666667,12.517777777777777,8,32,65,239,1970-01-21 07:25:18.326666666,1970-01-21 07:26:03.373333333,Hè,,,
Đồng Tháp,Đồng bằng sông Cửu Long,2025-08-10,26.62222222222222,32.22222222222222,24.0,32.06666666666667,39.37777777777777,28.966666666666665,14.422222222222224,14.422222222222224,0.0,7.777777777777778,87.66666666666667,16.655555555555555,40.81111111111111,21.773333333333333,1008.4333333333333,92.11111111111111,24.22222222222222,0.0,4.35,10.4713,106.0152,10.86111111111111,12.51,8,32,63,245,1970-01-21 07:26:44.746666666,1970-01-21 07:27:29.760000000,Hè,,,
Đồng Tháp,Đồng bằng sông Cửu Long,2025-08-11,26.4,30.67777777777778,24.48888888888889,31.17777777777778,36.3,29.0,16.133333333333333,16.133333333333333,0.0,10.333333333333334,88.22222222222223,18.366666666666667,40.25555555555556,18.703333333333333,1007.7444444444445,96.66666666666667,24.22222222222222,0.0,3.6822222222222223,10.4713,106.0152,9.511111111111111,12.5,8,33,63,239,1970-01-21 07:28:11.146666666,1970-01-21 07:28:56.140000000,Hè,,,
Đồng Tháp,Đồng bằng sông Cửu Long,2025-08-12,26.522222222222222,30.88888888888889,24.433333333333334,31.377777777777776,36.62222222222223,29.099999999999998,12.177777777777777,12.177777777777777,0.0,11.444444444444445,87.44444444444444,17.22222222222222,37.31111111111111,18.20777777777778,1007.811111111111,99.0,24.200000000000003,0.0,3.67,10.4713,106.0152,8.605555555555556,12.492222222222223,8,33,63,237,1970-01-21 07:29:37.553333333,1970-01-21 07:30:22.513333333,Hè,,,
Đồng Tháp,Đồng bằng sông Cửu Long,2025-08-13,26.288888888888888,29.34444444444445,24.200000000000003,30.866666666666667,34.31111111111111,28.0,16.522222222222226,16.522222222222226,0.0,9.777777777777779,87.66666666666667,17.266666666666666,38.388888888888886,15.445555555555554,1008.6222222222223,99.33333333333333,24.044444444444444,0.0,3.0977777777777775,10.4713,106.0152,7.017777777777777,12.483333333333334,8,33,63,236,1970-01-21 07:31:03.953333333,1970-01-21 07:31:48.886666666,Hè,,,
Đồng Tháp,Đồng bằng sông Cửu Long,2025-08-14,26.5,31.56666666666667,24.533333333333335,31.577777777777776,37.644444444444446,29.22222222222222,19.61111111111111,19.61111111111111,0.0,12.777777777777779,88.33333333333333,16.844444444444445,35.63333333333333,16.301111111111112,1007.5,100.0,24.311111111111114,0.0,3.286666666666667,10.4713,106.0152,6.825555555555556,12.47777777777778,8,33,65,252,1970-01-21 07:32:30.353333333,1970-01-21 07:33:15.253333333,Hè,,,
Đồng Tháp,Đồng bằng sông Cửu Long,2025-08-15,25.87777777777778,29.244444444444444,24.200000000000003,30.54444444444444,34.0,28.22222222222222,18.955555555555556,18.955555555555556,0.0,15.444444444444445,90.33333333333333,17.233333333333334,40.15555555555555,13.675555555555555,1005.8555555555556,100.0,24.12222222222222,0.0,2.71,10.4713,106.0152,5.415555555555556,12.467777777777778,8,33,65,244,1970-01-21 07:33:56.753333333,1970-01-21 07:34:41.640000000,Hè,,,
Đồng Tháp,Đồng bằng sông Cửu Long,2025-08-16,25.022222222222222,29.233333333333334,23.355555555555554,28.977777777777778,33.32222222222222,26.966666666666665,20.422222222222224,20.422222222222224,0.0,17.77777777777778,92.22222222222223,21.333333333333332,45.15555555555555,10.091111111111111,1006.5,99.88888888888889,23.58888888888889,0.0,2.052222222222222,10.4713,106.0152,2.856666666666667,12.46,8,33,63,246,1970-01-21 07:35:23.153333333,1970-01-21 07:36:08.020000000,Hè,,,
Đồng Tháp,Đồng bằng sông Cửu Long,2025-08-17,25.955555555555556,30.877777777777776,24.244444444444444,30.366666666666667,35.32222222222222,28.299999999999997,10.68888888888889,10.68888888888889,0.0,10.555555555555555,88.44444444444444,21.27777777777778,47.388888888888886,13.445555555555556,1008.3888888888889,99.33333333333333,23.77777777777778,0.0,2.818888888888889,10.4713,106.0152,4.467777777777778,12.452222222222222,8,33,63,253,1970-01-21 07:36:49.553333333,1970-01-21 07:37:34.386666666,Hè,,,
Đồng Tháp,Đồng bằng sông Cửu Long,2025-08-18,27.044444444444444,31.71111111111111,23.944444444444443,31.977777777777778,37.41111111111111,28.700000000000003,2.588888888888889,2.588888888888889,0.0,6.222222222222222,83.88888888888889,15.711111111111112,37.68888888888889,21.064444444444447,1009.6666666666666,96.88888888888889,23.91111111111111,0.0,4.382222222222222,10.4713,106.0152,10.694444444444445,12.44222222222222,8,34,53,237,1970-01-21 07:38:15.953333333,1970-01-21 07:39:00.760000000,Hè,,,
Đồng Tháp,Đồng bằng sông Cửu Long,2025-08-19,27.299999999999997,31.28888888888889,24.366666666666667,32.733333333333334,38.17777777777778,29.0,6.655555555555555,6.655555555555555,0.0,6.888888888888889,84.77777777777777,14.455555555555556,33.08888888888889,22.61111111111111,1009.9666666666667,52.22222222222222,24.333333333333332,0.0,4.546666666666667,10.4713,106.0152,11.992222222222223,12.433333333333332,8,34,63,222,1970-01-21 07:39:42.353333333,1970-01-21 07:40:27.126666666,Hè,,,
Đồng Tháp,Đồng bằng sông Cửu Long,2025-08-20,27.166666666666668,32.75555555555555,24.444444444444443,32.81111111111111,39.955555555555556,29.444444444444443,8.122222222222222,8.122222222222222,0.0,8.0,85.33333333333333,11.255555555555555,28.477777777777778,20.86777777777778,1009.2222222222222,80.33333333333333,24.27777777777778,0.0,4.346666666666667,10.4713,106.0152,9.897777777777778,12.423333333333334,8,34,63,202,1970-01-21 07:41:08.753333333,1970-01-21 07:41:53.500000000,Hè,,,
Đồng Tháp,Đồng bằng sông Cửu Long,2025-08-21,24.733333333333334,27.41111111111111,23.22222222222222,29.5,32.611111111111114,27.4,36.08888888888889,36.08888888888889,0.0,22.22222222222222,94.0,14.355555555555554,31.27777777777778,8.437777777777777,1010.3888888888889,98.55555555555556,23.666666666666668,0.0,1.728888888888889,10.4713,106.0152,0.7811111111111111,12.416666666666666,8,34,65,169,1970-01-21 07:42:35.153333333,1970-01-21 07:43:19.866666666,Hè,,,
Đồng Tháp,Đồng bằng sông Cửu Long,2025-08-22,26.1,30.944444444444443,23.200000000000003,31.011111111111113,37.0,27.444444444444443,12.399999999999999,12.399999999999999,0.0,11.444444444444445,87.55555555555556,17.299999999999997,38.62222222222223,20.644444444444442,1009.9222222222221,79.0,23.711111111111112,0.0,4.092222222222222,10.4713,106.0152,10.853333333333333,12.407777777777778,8,34,63,195,1970-01-21 07:44:01.553333333,1970-01-21 07:44:46.240000000,Hè,,,
Đồng Tháp,Đồng bằng sông Cửu Long,2025-08-23,26.866666666666667,30.22222222222222,24.08888888888889,31.577777777777776,35.44444444444444,28.855555555555554,11.788888888888888,11.788888888888888,0.0,9.333333333333334,83.66666666666667,16.788888888888888,43.355555555555554,18.94,1008.8333333333334,89.11111111111111,23.788888888888888,0.0,3.934444444444444,10.4713,106.0152,9.844444444444443,12.397777777777778,8,34,63,232,1970-01-21 07:45:27.953333333,1970-01-21 07:46:12.600000000,Hè,,,
Đồng Tháp,Đồng bằng sông Cửu Long,2025-08-24,26.733333333333334,30.644444444444446,24.700000000000003,30.67777777777778,35.400000000000006,27.966666666666665,10.322222222222223,10.322222222222223,0.0,8.88888888888889,83.44444444444444,23.37777777777778,50.24444444444444,17.765555555555558,1007.7111111111111,99.88888888888889,23.566666666666666,0.0,3.7733333333333334,10.4713,106.0152,7.315555555555556,12.39,8,34,63,233,1970-01-21 07:46:54.353333333,1970-01-21 07:47:38.973333333,Hè,,,
Đồng Tháp,Đồng bằng sông Cửu Long,2025-08-25,26.333333333333332,28.744444444444444,24.155555555555555,30.32222222222222,32.7,27.62222222222222,13.211111111111112,13.211111111111112,0.0,12.444444444444445,86.44444444444444,22.344444444444445,51.77777777777778,14.276666666666667,1007.1999999999999,99.66666666666667,23.855555555555554,0.0,2.9733333333333336,10.4713,106.0152,6.541111111111111,12.382222222222222,8,35,63,221,1970-01-21 07:48:20.753333333,1970-01-21 07:49:05.340000000,Hè,,,
Đồng Tháp,Đồng bằng sông Cửu Long,2025-08-26,26.799999999999997,29.866666666666667,24.12222222222222,31.21111111111111,34.53333333333333,28.555555555555557,5.577777777777778,5.577777777777778,0.0,11.11111111111111,84.55555555555556,17.58888888888889,42.8,13.72888888888889,1009.0222222222224,98.55555555555556,23.833333333333332,0.0,3.0611111111111113,10.4713,106.0152,7.125555555555555,12.373333333333333,8,35,61,216,1970-01-21 07:49:47.153333333,1970-01-21 07:50:31.693333333,Hè,,,
Đồng Tháp,Đồng bằng sông Cửu Long,2025-08-27,26.922222222222224,30.71111111111111,24.42222222222222,31.84444444444445,36.166666666666664,29.17777777777778,7.077777777777778,7.077777777777778,0.0,6.777777777777778,84.33333333333333,15.266666666666667,38.12222222222223,14.547777777777778,1009.311111111111,99.55555555555556,23.955555555555556,0.0,3.1722222222222225,10.4713,106.0152,7.316666666666666,12.363333333333333,8,35,63,240,1970-01-21 07:51:13.553333333,1970-01-21 07:51:58.073333333,Hè,,,
Đồng Tháp,Đồng bằng sông Cửu Long,2025-08-28,26.799999999999997,31.633333333333333,24.322222222222223,31.522222222222222,36.68888888888889,28.78888888888889,20.333333333333332,20.333333333333332,0.0,11.666666666666666,85.77777777777777,19.12222222222222,44.0,20.076666666666668,1008.3000000000001,91.55555555555556,24.0,0.0,4.14,10.4713,106.0152,9.743333333333332,12.353333333333332,8,35,63,258,1970-01-21 07:52:39.953333333,1970-01-21 07:53:24.433333333,Hè,,,
Đồng Tháp,Đồng bằng sông Cửu Long,2025-08-29,26.755555555555556,31.477777777777778,24.61111111111111,31.34444444444445,36.900000000000006,28.766666666666666,15.366666666666667,15.366666666666667,0.0,17.444444444444443,87.44444444444444,18.033333333333335,41.36666666666667,15.414444444444444,1007.8000000000001,99.33333333333333,24.37777777777778,0.0,3.285555555555556,10.4713,106.0152,5.672222222222222,12.343333333333334,8,35,65,255,1970-01-21 07:54:06.353333333,1970-01-21 07:54:50.800000000,Hè,,,
Đồng Tháp,Đồng bằng sông Cửu Long,2025-08-30,26.688888888888886,30.82222222222222,25.066666666666666,31.099999999999998,36.01111111111111,29.11111111111111,11.711111111111112,11.711111111111112,0.0,10.88888888888889,86.88888888888889,19.72222222222222,43.44444444444444,15.126666666666665,1007.1222222222223,99.88888888888889,24.255555555555556,0.0,3.1966666666666668,10.4713,106.0152,6.513333333333333,12.333333333333334,8,35,65,240,1970-01-21 07:55:32.753333333,1970-01-21 07:56:17.160000000,Hè,,,
Đồng Tháp,Đồng bằng sông Cửu Long,2025-08-31,26.966666666666665,31.944444444444443,24.700000000000003,31.622222222222224,38.644444444444446,28.91111111111111,16.311111111111114,16.311111111111114,0.0,11.666666666666666,86.44444444444444,20.155555555555555,43.47777777777778,17.863333333333333,1006.8666666666666,80.44444444444444,24.41111111111111,0.0,3.724444444444445,10.4713,106.0152,9.104444444444445,12.326666666666666,8,35,65,236,1970-01-21 07:56:59.153333333,1970-01-21 07:57:43.540000000,Hè,,,
Đồng Tháp,Đồng bằng sông Cửu Long,2025-09-01,26.466666666666665,31.355555555555554,24.88888888888889,31.400000000000002,37.56666666666667,29.555555555555557,18.88888888888889,18.88888888888889,0.0,17.444444444444443,89.66666666666667,17.055555555555557,39.28888888888889,15.50111111111111,1006.7888888888889,99.88888888888889,24.566666666666666,0.0,3.1255555555555556,10.4713,106.0152,6.043333333333333,12.316666666666668,9,36,65,240,1970-01-21 07:58:25.553333333,1970-01-21 07:59:09.900000000,Thu,,,
Đồng Tháp,Đồng bằng sông Cửu Long,2025-09-02,26.311111111111114,30.333333333333332,24.355555555555554,31.444444444444443,35.544444444444444,28.700000000000003,20.48888888888889,20.48888888888889,0.0,20.77777777777778,91.11111111111111,17.366666666666667,38.766666666666666,12.176666666666668,1007.5999999999999,100.0,24.62222222222222,0.0,2.586666666666667,10.4713,106.0152,3.5744444444444445,12.306666666666667,9,36,63,236,1970-01-21 07:59:51.953333333,1970-01-21 08:00:36.253333333,Thu,,,
Đồng Tháp,Đồng bằng sông Cửu Long,2025-09-03,26.5,30.466666666666665,24.48888888888889,31.88888888888889,36.233333333333334,29.43333333333333,15.255555555555556,15.255555555555556,0.0,15.666666666666666,89.22222222222223,12.877777777777778,30.72222222222222,15.33888888888889,1007.7555555555555,90.22222222222223,24.466666666666665,0.0,3.123333333333333,10.4713,106.0152,8.051111111111112,12.29888888888889,9,36,63,268,1970-01-21 08:01:18.353333333,1970-01-21 08:02:02.626666666,Thu,,,
Đồng Tháp,Đồng bằng sông Cửu Long,2025-09-04,26.87777777777778,31.688888888888886,24.322222222222223,32.15555555555555,38.24444444444444,29.166666666666668,8.088888888888889,8.088888888888889,0.0,9.11111111111111,87.66666666666667,14.97777777777778,33.34444444444445,18.105555555555554,1007.2777777777778,98.55555555555556,24.51111111111111,0.0,3.7222222222222223,10.4713,106.0152,9.29,12.29,9,36,63,234,1970-01-21 08:02:44.753333333,1970-01-21 08:03:28.986666666,Thu,,,
Đồng Tháp,Đồng bằng sông Cửu Long,2025-09-05,27.12222222222222,31.77777777777778,24.677777777777777,32.400000000000006,38.599999999999994,29.533333333333335,7.444444444444445,7.444444444444445,0.0,9.11111111111111,87.11111111111111,14.622222222222222,33.0,18.14333333333333,1007.6111111111111,96.22222222222223,24.666666666666668,0.0,3.7422222222222223,10.4713,106.0152,8.628888888888888,12.28,9,36,63,237,1970-01-21 08:04:11.153333333,1970-01-21 08:04:55.360000000,Thu,,,
Đồng Tháp,Đồng bằng sông Cửu Long,2025-09-06,27.577777777777776,31.877777777777776,24.977777777777778,32.71111111111111,37.03333333333333,30.11111111111111,2.6888888888888887,2.6888888888888887,0.0,5.777777777777778,84.22222222222223,16.188888888888886,34.644444444444446,17.116666666666667,1007.9777777777776,97.88888888888889,24.5,0.0,3.7277777777777774,10.4713,106.0152,7.832222222222222,12.27,9,36,61,223,1970-01-21 08:05:37.553333333,1970-01-21 08:06:21.720000000,Thu,,,
Đồng Tháp,Đồng bằng sông Cửu Long,2025-09-07,26.188888888888886,30.188888888888886,24.677777777777777,31.11111111111111,35.099999999999994,29.45555555555556,20.788888888888888,20.788888888888888,0.0,15.333333333333334,90.22222222222223,17.955555555555556,39.15555555555555,11.163333333333334,1008.7777777777778,100.0,24.4,0.0,2.328888888888889,10.4713,106.0152,3.6744444444444446,12.261111111111111,9,36,65,216,1970-01-21 08:07:03.953333333,1970-01-21 08:07:48.080000000,Thu,,,
Đồng Tháp,Đồng bằng sông Cửu Long,2025-09-08,26.144444444444446,30.866666666666667,24.144444444444446,31.41111111111111,36.44444444444444,29.27777777777778,12.055555555555555,12.055555555555555,0.0,12.222222222222221,90.88888888888889,15.955555555555556,36.03333333333333,14.875555555555556,1009.4666666666667,99.33333333333333,24.41111111111111,0.0,3.0122222222222224,10.4713,106.0152,6.52,12.251111111111111,9,37,63,198,1970-01-21 08:08:30.346666666,1970-01-21 08:09:14.446666666,Thu,,,
Đồng Tháp,Đồng bằng sông Cửu Long,2025-09-09,26.144444444444446,31.311111111111114,23.98888888888889,31.422222222222224,37.48888888888889,29.28888888888889,10.011111111111111,10.011111111111111,0.0,10.222222222222221,89.77777777777777,16.133333333333333,39.32222222222222,15.528888888888888,1010.6333333333334,100.0,24.166666666666668,0.0,3.163333333333333,10.4713,106.0152,6.336666666666667,12.241111111111111,9,37,63,191,1970-01-21 08:09:56.746666666,1970-01-21 08:10:40.800000000,Thu,,,
Đồng Tháp,Đồng bằng sông Cửu Long,2025-09-10,26.9,32.32222222222222,24.12222222222222,32.97777777777778,39.65555555555555,29.58888888888889,12.011111111111111,12.011111111111111,0.0,10.222222222222221,87.33333333333333,10.644444444444444,24.844444444444445,19.915555555555557,1010.0555555555555,98.88888888888889,24.355555555555554,0.0,4.18,10.4713,106.0152,8.302222222222222,12.233333333333334,9,37,63,170,1970-01-21 08:11:23.140000000,1970-01-21 08:12:07.173333333,Thu,,,
Đồng Tháp,Đồng bằng sông Cửu Long,2025-09-11,26.866666666666667,33.08888888888889,24.0,32.86666666666667,40.666666666666664,29.477777777777778,25.755555555555553,25.755555555555553,0.0,13.11111111111111,87.33333333333333,11.566666666666666,29.84444444444445,20.19,1009.2999999999998,89.0,24.27777777777778,0.0,4.194444444444445,10.4713,106.0152,9.241111111111111,12.223333333333334,9,37,65,36,1970-01-21 08:12:49.520000000,1970-01-21 08:13:33.533333333,Thu,,,
Đồng Tháp,Đồng bằng sông Cửu Long,2025-09-12,26.41111111111111,32.044444444444444,23.566666666666666,31.72222222222222,38.955555555555556,28.56666666666667,6.1000000000000005,6.1000000000000005,0.0,7.555555555555555,87.11111111111111,17.08888888888889,40.47777777777778,18.056666666666665,1009.311111111111,94.77777777777777,23.88888888888889,0.0,3.7344444444444442,10.4713,106.0152,8.284444444444444,12.213333333333333,9,37,63,93,1970-01-21 08:14:15.913333333,1970-01-21 08:14:59.880000000,Thu,,,
Đồng Tháp,Đồng bằng sông Cửu Long,2025-09-13,26.200000000000003,30.555555555555557,24.233333333333334,31.633333333333333,36.17777777777778,29.644444444444446,15.488888888888889,15.488888888888889,0.0,15.555555555555555,89.44444444444444,14.677777777777777,33.74444444444444,15.89777777777778,1009.7000000000002,99.55555555555556,24.188888888888886,0.0,3.232222222222222,10.4713,106.0152,6.811111111111111,12.203333333333333,9,37,63,118,1970-01-21 08:15:42.306666666,1970-01-21 08:16:26.260000000,Thu,,,
Đồng Tháp,Đồng bằng sông Cửu Long,2025-09-14,26.333333333333332,30.944444444444443,23.799999999999997,31.88888888888889,36.955555555555556,28.744444444444444,10.422222222222222,10.422222222222222,0.0,11.555555555555555,88.11111111111111,14.922222222222224,34.52222222222222,16.727777777777778,1010.3333333333334,99.66666666666667,24.044444444444444,0.0,3.462222222222222,10.4713,106.0152,6.887777777777778,12.193333333333333,9,37,63,199,1970-01-21 08:17:08.700000000,1970-01-21 08:17:52.613333333,Thu,,,
Đồng Tháp,Đồng bằng sông Cửu Long,2025-09-15,26.98888888888889,32.233333333333334,23.844444444444445,32.599999999999994,38.96666666666667,29.466666666666665,9.333333333333334,9.333333333333334,0.0,5.555555555555555,85.44444444444444,15.922222222222224,38.15555555555555,19.962222222222223,1010.2555555555555,91.0,24.08888888888889,0.0,4.136666666666667,10.4713,106.0152,10.28111111111111,12.183333333333332,9,38,65,212,1970-01-21 08:18:35.100000000,1970-01-21 08:19:18.960000000,Thu,,,
Đồng Tháp,Đồng bằng sông Cửu Long,2025-09-16,26.677777777777777,30.599999999999998,24.188888888888886,31.977777777777778,35.099999999999994,29.34444444444445,10.688888888888888,10.688888888888888,0.0,8.555555555555555,87.11111111111111,15.52222222222222,37.111111111111114,14.186666666666667,1009.5999999999999,95.33333333333333,24.177777777777777,0.0,3.04,10.4713,106.0152,6.206666666666667,12.176666666666668,9,38,63,263,1970-01-21 08:20:01.500000000,1970-01-21 08:20:45.340000000,Thu,,,
Đồng Tháp,Đồng bằng sông Cửu Long,2025-09-17,26.700000000000003,32.233333333333334,24.322222222222223,32.044444444444444,38.36666666666667,29.45555555555556,12.944444444444445,12.944444444444445,0.0,8.555555555555555,87.22222222222223,17.788888888888888,41.988888888888894,17.112222222222222,1008.2666666666667,91.22222222222223,24.211111111111112,0.0,3.511111111111111,10.4713,106.0152,8.202222222222222,12.168888888888889,9,38,65,250,1970-01-21 08:21:27.893333333,1970-01-21 08:22:11.693333333,Thu,,,
Đồng Tháp,Đồng bằng sông Cửu Long,2025-09-18,26.711111111111112,31.833333333333332,24.266666666666666,31.72222222222222,37.52222222222222,29.38888888888889,22.644444444444446,22.644444444444446,0.0,12.555555555555555,87.0,15.333333333333334,33.47777777777778,16.76888888888889,1007.8444444444444,98.11111111111111,24.200000000000003,0.0,3.468888888888889,10.4713,106.0152,8.46888888888889,12.16,9,38,63,246,1970-01-21 08:22:54.293333333,1970-01-21 08:23:38.046666666,Thu,,,
Đồng Tháp,Đồng bằng sông Cửu Long,2025-09-19,26.933333333333334,30.666666666666668,24.88888888888889,30.922222222222224,34.400000000000006,28.977777777777778,1.9222222222222223,1.9222222222222223,0.0,7.888888888888889,82.0,19.755555555555556,43.67777777777778,14.54888888888889,1009.3222222222222,93.44444444444444,23.477777777777778,0.0,3.3355555555555556,10.4713,106.0152,6.162222222222223,12.15,9,38,53,246,1970-01-21 08:24:20.693333333,1970-01-21 08:25:04.420000000,Thu,,,
Đồng Tháp,Đồng bằng sông Cửu Long,2025-09-20,28.22222222222222,32.94444444444444,24.6,32.611111111111114,37.62222222222222,29.45555555555556,1.511111111111111,1.511111111111111,0.0,4.0,76.44444444444444,17.688888888888886,39.28888888888889,21.146666666666665,1008.8888888888889,83.11111111111111,23.322222222222223,0.0,4.9,10.4713,106.0152,11.127777777777778,12.14,9,38,51,250,1970-01-21 08:25:47.093333333,1970-01-21 08:26:30.773333333,Thu,,,
Đồng Tháp,Đồng bằng sông Cửu Long,2025-09-21,27.822222222222223,32.388888888888886,24.91111111111111,32.71111111111111,36.833333333333336,29.577777777777776,6.466666666666667,6.466666666666667,0.0,9.222222222222221,80.77777777777777,18.733333333333334,41.52222222222222,17.76111111111111,1008.0999999999999,92.77777777777777,24.01111111111111,0.0,3.998888888888889,10.4713,106.0152,8.367777777777778,12.13,9,38,63,246,1970-01-21 08:27:13.486666666,1970-01-21 08:27:57.133333333,Thu,,,
Đồng Tháp,Đồng bằng sông Cửu Long,2025-09-22,25.733333333333334,27.866666666666667,24.144444444444446,30.266666666666666,32.53333333333333,28.055555555555557,14.355555555555554,14.355555555555554,0.0,21.333333333333332,89.66666666666667,17.799999999999997,33.87777777777777,7.29,1008.8222222222222,100.0,23.87777777777778,0.0,1.661111111111111,10.4713,106.0152,0.3222222222222222,12.12,9,39,61,250,1970-01-21 08:28:39.886666666,1970-01-21 08:29:23.506666666,Thu,,,
Đồng Tháp,Đồng bằng sông Cửu Long,2025-09-23,26.755555555555553,30.82222222222222,24.37777777777778,31.011111111111113,34.888888888888886,28.855555555555554,3.755555555555555,3.755555555555555,0.0,9.555555555555555,81.77777777777777,18.1,42.56666666666667,11.408888888888889,1008.1333333333334,97.33333333333333,23.255555555555556,0.0,2.79,10.4713,106.0152,4.12,12.11,9,39,61,254,1970-01-21 08:30:06.280000000,1970-01-21 08:30:49.860000000,Thu,,,
Đồng Tháp,Đồng bằng sông Cửu Long,2025-09-24,27.288888888888888,31.166666666666668,25.0,31.666666666666668,35.400000000000006,29.91111111111111,4.333333333333333,4.333333333333333,0.0,11.222222222222221,82.77777777777777,20.144444444444446,45.58888888888889,14.58888888888889,1006.5222222222224,99.55555555555556,23.966666666666665,0.0,3.3877777777777776,10.4713,106.0152,7.927777777777777,12.1,9,39,53,247,1970-01-21 08:31:32.680000000,1970-01-21 08:32:16.233333333,Thu,,,
Đồng Tháp,Đồng bằng sông Cửu Long,2025-09-25,27.677777777777777,30.633333333333333,25.700000000000003,31.41111111111111,33.78888888888889,29.233333333333334,6.388888888888889,6.388888888888889,0.0,8.11111111111111,80.0,22.27777777777778,49.24444444444444,15.297777777777778,1007.1555555555556,100.0,23.799999999999997,0.0,3.7066666666666666,10.4713,106.0152,7.601111111111111,12.09,9,39,61,242,1970-01-21 08:32:59.073333333,1970-01-21 08:33:42.593333333,Thu,,,
Đồng Tháp,Đồng bằng sông Cửu Long,2025-09-26,26.677777777777777,30.41111111111111,25.288888888888888,31.17777777777778,34.36666666666667,29.58888888888889,11.266666666666667,11.266666666666667,0.0,13.444444444444445,86.66666666666667,21.366666666666667,45.75555555555556,11.732222222222223,1008.7111111111111,100.0,24.144444444444446,0.0,2.6566666666666667,10.4713,106.0152,3.576666666666666,12.08,9,39,63,255,1970-01-21 08:34:25.466666666,1970-01-21 08:35:08.940000000,Thu,,,
Đồng Tháp,Đồng bằng sông Cửu Long,2025-09-27,25.933333333333334,29.866666666666667,24.433333333333334,30.944444444444443,34.74444444444444,28.84444444444445,19.91111111111111,19.91111111111111,0.0,20.333333333333332,90.66666666666667,16.133333333333333,36.78888888888889,11.014444444444443,1008.1555555555556,99.44444444444444,24.200000000000003,0.0,2.3177777777777777,10.4713,106.0152,3.7677777777777774,12.07,9,39,63,269,1970-01-21 08:35:51.860000000,1970-01-21 08:36:35.326666666,Thu,,,
Đồng Tháp,Đồng bằng sông Cửu Long,2025-09-28,26.311111111111114,30.866666666666667,24.344444444444445,30.555555555555557,35.81111111111111,28.477777777777778,14.222222222222221,14.222222222222221,0.0,16.77777777777778,88.22222222222223,20.544444444444444,41.855555555555554,13.927777777777777,1006.5555555555555,100.0,24.08888888888889,0.0,2.9722222222222223,10.4713,106.0152,5.1,12.06,9,39,63,226,1970-01-21 08:37:18.260000000,1970-01-21 08:38:01.673333333,Thu,,,
Đồng Tháp,Đồng bằng sông Cửu Long,2025-09-29,26.055555555555557,30.755555555555556,23.955555555555556,30.22222222222222,35.111111111111114,28.01111111111111,12.833333333333334,12.833333333333334,0.0,14.0,88.77777777777777,21.455555555555556,44.55555555555556,14.707777777777778,1008.4888888888888,99.22222222222223,23.933333333333334,0.0,3.04,10.4713,106.0152,6.582222222222223,12.05,9,40,63,197,1970-01-21 08:38:44.646666666,1970-01-21 08:39:28.033333333,Thu,,,
Đồng Tháp,Đồng bằng sông Cửu Long,2025-09-30,26.48888888888889,31.71111111111111,23.788888888888888,31.577777777777776,37.21111111111111,28.599999999999998,6.044444444444444,6.044444444444444,0.0,8.777777777777779,86.88888888888889,15.666666666666666,36.166666666666664,17.43111111111111,1010.1666666666666,96.77777777777777,23.955555555555556,0.0,3.598888888888889,10.4713,106.0152,8.516666666666666,12.04,9,40,63,165,1970-01-21 08:40:11.046666666,1970-01-21 08:40:54.413333333,Thu,,,
Đồng Tháp,Đồng bằng sông Cửu Long,2025-10-01,26.711111111111112,33.06666666666666,23.944444444444443,32.41111111111111,40.52222222222222,28.811111111111114,14.988888888888889,14.988888888888889,0.0,9.88888888888889,85.88888888888889,11.033333333333333,29.488888888888887,20.163333333333334,1010.3888888888889,70.44444444444444,23.87777777777778,0.0,4.184444444444445,10.4713,106.0152,10.386666666666667,12.03,10,40,63,99,1970-01-21 08:41:37.440000000,1970-01-21 08:42:20.760000000,Thu,,,
Đồng Tháp,Đồng bằng sông Cửu Long,2025-10-02,27.37777777777778,32.98888888888889,23.88888888888889,32.97777777777778,39.888888888888886,28.977777777777778,3.433333333333333,3.433333333333333,0.0,5.888888888888889,82.88888888888889,10.488888888888889,23.644444444444446,21.9,1010.3666666666666,40.0,23.766666666666666,0.0,4.613333333333333,10.4713,106.0152,11.155555555555557,12.02,10,40,61,75,1970-01-21 08:43:03.840000000,1970-01-21 08:43:47.140000000,Thu,,,
Đồng Tháp,Đồng bằng sông Cửu Long,2025-10-03,26.700000000000003,32.099999999999994,23.955555555555556,32.144444444444446,38.388888888888886,28.71111111111111,7.1,7.1,0.0,9.666666666666666,85.77777777777777,13.744444444444445,31.633333333333333,17.757777777777775,1011.0111111111112,97.77777777777777,23.866666666666667,0.0,3.7077777777777774,10.4713,106.0152,9.09,12.011111111111111,10,40,63,168,1970-01-21 08:44:30.240000000,1970-01-21 08:45:13.493333333,Thu,,,
Đồng Tháp,Đồng bằng sông Cửu Long,2025-10-04,27.6,32.58888888888889,24.422222222222224,32.81111111111111,38.13333333333333,29.78888888888889,4.377777777777777,4.377777777777777,0.0,4.888888888888889,80.66666666666667,13.422222222222222,33.28888888888889,21.49,1011.2555555555555,95.22222222222223,23.644444444444446,0.0,4.597777777777778,10.4713,106.0152,11.098888888888888,12.003333333333334,10,40,61,199,1970-01-21 08:45:56.640000000,1970-01-21 08:46:39.846666666,Thu,,,
Đồng Tháp,Đồng bằng sông Cửu Long,2025-10-05,27.799999999999997,32.166666666666664,24.266666666666666,32.55555555555556,36.56666666666667,29.38888888888889,0.2111111111111111,0.2111111111111111,0.0,1.1111111111111112,79.44444444444444,13.566666666666666,31.88888888888889,15.03111111111111,1011.3000000000001,97.22222222222223,23.58888888888889,0.0,3.571111111111111,10.4713,106.0152,7.975555555555555,11.993333333333332,10,40,51,219,1970-01-21 08:47:23.040000000,1970-01-21 08:48:06.233333333,Thu,,,
Đồng Tháp,Đồng bằng sông Cửu Long,2025-10-06,28.166666666666668,33.077777777777776,24.6,33.21111111111111,37.81111111111111,29.855555555555554,3.322222222222222,3.322222222222222,0.0,3.6666666666666665,79.22222222222223,17.044444444444444,39.28888888888889,21.804444444444446,1010.8888888888889,94.44444444444444,23.9,0.0,4.75,10.4713,106.0152,11.062222222222223,11.983333333333334,10,41,61,231,1970-01-21 08:48:49.440000000,1970-01-21 08:49:32.580000000,Thu,,,
Đồng Tháp,Đồng bằng sông Cửu Long,2025-10-07,27.7,33.24444444444444,25.144444444444446,32.77777777777778,39.31111111111111,30.422222222222224,4.611111111111111,4.611111111111111,0.0,4.888888888888889,81.44444444444444,15.144444444444446,35.96666666666667,20.66,1010.9888888888888,82.88888888888889,23.922222222222224,0.0,4.431111111111111,10.4713,106.0152,10.696666666666665,11.976666666666667,10,41,63,227,1970-01-21 08:50:15.840000000,1970-01-21 08:50:58.960000000,Thu,,,
Đồng Tháp,Đồng bằng sông Cửu Long,2025-10-08,26.700000000000003,32.577777777777776,23.62222222222222,32.01111111111111,38.611111111111114,28.38888888888889,24.666666666666668,24.666666666666668,0.0,14.555555555555555,85.88888888888889,12.722222222222221,30.27777777777778,16.27,1010.2333333333333,86.55555555555556,23.87777777777778,0.0,3.4788888888888887,10.4713,106.0152,6.932222222222222,11.966666666666667,10,41,63,12,1970-01-21 08:51:42.240000000,1970-01-21 08:52:25.313333333,Thu,,,
Đồng Tháp,Đồng bằng sông Cửu Long,2025-10-09,26.644444444444446,32.388888888888886,23.41111111111111,32.166666666666664,38.855555555555554,28.244444444444444,11.7,11.7,0.0,11.777777777777779,85.66666666666667,10.444444444444445,24.844444444444445,17.763333333333335,1009.5,91.55555555555556,23.711111111111112,0.0,3.7733333333333334,10.4713,106.0152,8.708888888888888,11.956666666666667,10,41,63,266,1970-01-21 08:53:08.640000000,1970-01-21 08:53:51.673333333,Thu,,,
Đồng Tháp,Đồng bằng sông Cửu Long,2025-10-10,26.87777777777778,31.28888888888889,23.944444444444443,32.37777777777777,37.599999999999994,29.32222222222222,4.355555555555556,4.355555555555556,0.0,7.777777777777778,85.22222222222223,10.477777777777778,28.433333333333334,18.154444444444444,1008.8444444444444,83.0,23.9,0.0,3.8077777777777775,10.4713,106.0152,10.203333333333333,11.946666666666665,10,41,63,112,1970-01-21 08:54:35.040000000,1970-01-21 08:55:18.053333333,Thu,,,
Đồng Tháp,Đồng bằng sông Cửu Long,2025-10-11,26.5,31.5,23.98888888888889,32.03333333333333,37.611111111111114,29.188888888888886,11.644444444444444,11.644444444444444,0.0,13.88888888888889,86.66666666666667,12.411111111111111,29.955555555555552,18.624444444444446,1008.7999999999998,96.44444444444444,23.844444444444445,0.0,3.8388888888888886,10.4713,106.0152,9.013333333333334,11.936666666666666,10,41,63,146,1970-01-21 08:56:01.440000000,1970-01-21 08:56:44.406666666,Thu,,,
Đồng Tháp,Đồng bằng sông Cửu Long,2025-10-12,26.666666666666668,31.811111111111114,24.244444444444444,32.41111111111111,38.02222222222222,29.466666666666665,18.866666666666667,18.866666666666667,0.0,12.555555555555555,87.44444444444444,12.355555555555556,28.555555555555557,16.002222222222223,1008.9555555555556,97.44444444444444,24.22222222222222,0.0,3.3377777777777777,10.4713,106.0152,7.382222222222222,11.926666666666668,10,41,63,115,1970-01-21 08:57:27.840000000,1970-01-21 08:58:10.793333333,Thu,,,
Đồng Tháp,Đồng bằng sông Cửu Long,2025-10-13,26.944444444444443,31.200000000000003,24.677777777777777,32.766666666666666,37.05555555555556,30.444444444444443,6.711111111111111,6.711111111111111,0.0,9.444444444444445,87.22222222222223,10.822222222222223,29.43333333333333,15.012222222222224,1009.0333333333333,99.77777777777777,24.466666666666665,0.0,3.1444444444444444,10.4713,106.0152,7.847777777777777,11.918888888888889,10,42,63,122,1970-01-21 08:58:54.240000000,1970-01-21 08:59:37.146666666,Thu,,,
Đồng Tháp,Đồng bằng sông Cửu Long,2025-10-14,27.211111111111112,31.977777777777778,24.233333333333334,32.77777777777778,38.28888888888889,29.355555555555554,5.455555555555556,5.455555555555556,0.0,8.666666666666666,85.55555555555556,11.600000000000001,27.700000000000003,17.621111111111112,1009.0555555555555,94.33333333333333,24.299999999999997,0.0,3.7622222222222224,10.4713,106.0152,7.673333333333334,11.908888888888889,10,42,63,87,1970-01-21 09:00:20.646666666,1970-01-21 09:01:03.533333333,Thu,,,
Đồng Tháp,Đồng bằng sông Cửu Long,2025-10-15,27.955555555555556,33.51111111111111,24.677777777777777,33.36666666666667,39.22222222222222,29.977777777777778,7.477777777777778,7.477777777777778,0.0,7.222222222222222,82.0,14.41111111111111,32.78888888888889,21.746666666666666,1007.8888888888889,72.77777777777777,24.08888888888889,0.0,4.721111111111111,10.4713,106.0152,10.245555555555555,11.901111111111112,10,42,63,75,1970-01-21 09:01:47.053333333,1970-01-21 09:02:29.886666666,Thu,,,
Đồng Tháp,Đồng bằng sông Cửu Long,2025-10-16,27.477777777777778,33.111111111111114,24.466666666666665,32.666666666666664,38.62222222222223,29.56666666666667,6.744444444444444,6.744444444444444,0.0,4.555555555555555,83.33333333333333,15.600000000000001,36.71111111111111,19.087777777777777,1007.7111111111111,95.22222222222223,24.077777777777776,0.0,4.138888888888889,10.4713,106.0152,9.381111111111112,11.893333333333334,10,42,63,18,1970-01-21 09:03:13.453333333,1970-01-21 09:03:56.273333333,Thu,,,
Đồng Tháp,Đồng bằng sông Cửu Long,2025-10-17,27.922222222222224,33.15555555555555,24.922222222222224,33.3,38.98888888888889,30.21111111111111,6.98888888888889,6.98888888888889,0.0,7.444444444444445,81.0,15.61111111111111,36.63333333333333,18.245555555555555,1008.4444444444445,98.88888888888889,24.1,0.0,3.9755555555555557,10.4713,106.0152,9.13111111111111,11.883333333333333,10,42,63,66,1970-01-21 09:04:39.853333333,1970-01-21 09:05:22.626666666,Thu,,,
Đồng Tháp,Đồng bằng sông Cửu Long,2025-10-18,26.855555555555554,31.700000000000003,24.133333333333333,31.977777777777778,37.24444444444444,28.622222222222224,10.488888888888887,10.488888888888887,0.0,10.555555555555555,85.22222222222223,15.466666666666665,37.400000000000006,17.943333333333335,1008.2111111111111,97.33333333333333,23.966666666666665,0.0,3.7422222222222223,10.4713,106.0152,10.461111111111112,11.873333333333333,10,42,63,103,1970-01-21 09:06:06.266666666,1970-01-21 09:06:49.013333333,Thu,,,
Đồng Tháp,Đồng bằng sông Cửu Long,2025-10-19,28.033333333333335,33.577777777777776,24.27777777777778,33.63333333333333,40.422222222222224,29.56666666666667,2.3555555555555556,2.3555555555555556,0.0,4.0,80.88888888888889,12.333333333333334,28.755555555555556,20.835555555555555,1006.6333333333334,94.22222222222223,23.98888888888889,0.0,4.5,10.4713,106.0152,10.614444444444445,11.866666666666667,10,42,51,52,1970-01-21 09:07:32.680000000,1970-01-21 09:08:15.380000000,Thu,,,
Đồng Tháp,Đồng bằng sông Cửu Long,2025-10-20,28.11111111111111,34.0,24.61111111111111,33.53333333333333,39.24444444444444,29.622222222222224,17.9,17.9,0.0,12.0,81.77777777777777,13.3,31.877777777777776,20.94222222222222,1006.6333333333334,96.44444444444444,24.233333333333334,0.0,4.615555555555556,10.4713,106.0152,10.976666666666667,11.856666666666666,10,43,63,325,1970-01-21 09:08:59.080000000,1970-01-21 09:09:41.753333333,Thu,,,
Đồng Tháp,Đồng bằng sông Cửu Long,2025-10-21,27.733333333333334,33.58888888888889,24.41111111111111,33.15555555555555,39.25555555555556,29.333333333333332,17.37777777777778,17.37777777777778,0.0,13.333333333333334,83.66666666666667,12.955555555555556,32.733333333333334,19.27111111111111,1007.5222222222224,99.44444444444444,24.27777777777778,0.0,4.203333333333333,10.4713,106.0152,10.374444444444444,11.846666666666668,10,43,63,346,1970-01-21 09:10:25.480000000,1970-01-21 09:11:08.140000000,Thu,,,
Đồng Tháp,Đồng bằng sông Cửu Long,2025-10-22,27.37777777777778,31.988888888888887,24.477777777777778,33.31111111111111,38.51111111111111,29.122222222222224,16.066666666666666,16.066666666666666,0.0,12.666666666666666,86.22222222222223,11.277777777777779,26.4,15.58888888888889,1007.9111111111112,98.22222222222223,24.62222222222222,0.0,3.321111111111111,10.4713,106.0152,8.904444444444444,11.836666666666666,10,43,63,37,1970-01-21 09:11:51.900000000,1970-01-21 09:12:34.493333333,Thu,,,
Đồng Tháp,Đồng bằng sông Cửu Long,2025-10-23,26.91111111111111,32.422222222222224,23.72222222222222,32.3,39.08888888888889,28.466666666666665,11.744444444444445,11.744444444444445,0.0,8.88888888888889,85.66666666666667,13.011111111111113,30.477777777777778,17.427777777777777,1008.7555555555555,98.11111111111111,24.055555555555557,0.0,3.69,10.4713,106.0152,8.424444444444443,11.827777777777778,10,43,63,22,1970-01-21 09:13:18.300000000,1970-01-21 09:14:00.893333333,Thu,,,
Đồng Tháp,Đồng bằng sông Cửu Long,2025-10-24,26.977777777777778,32.599999999999994,24.055555555555557,32.67777777777778,39.5,28.944444444444443,19.27777777777778,19.27777777777778,0.0,13.222222222222221,86.88888888888889,14.2,32.68888888888889,15.958888888888888,1008.9555555555556,99.33333333333333,24.38888888888889,0.0,3.395555555555555,10.4713,106.0152,7.954444444444444,11.817777777777778,10,43,65,20,1970-01-21 09:14:44.700000000,1970-01-21 09:15:27.246666666,Thu,,,
Đồng Tháp,Đồng bằng sông Cửu Long,2025-10-25,26.1,30.444444444444443,24.12222222222222,31.299999999999997,34.922222222222224,28.72222222222222,7.322222222222223,7.322222222222223,0.0,10.666666666666666,89.33333333333333,12.233333333333333,31.0,9.407777777777778,1008.8444444444444,100.0,24.077777777777776,0.0,2.118888888888889,10.4713,106.0152,1.0333333333333334,11.812222222222223,10,43,63,356,1970-01-21 09:16:11.113333333,1970-01-21 09:16:53.633333333,Thu,,,
Đồng Tháp,Đồng bằng sông Cửu Long,2025-10-26,26.355555555555554,31.099999999999998,23.366666666666667,31.666666666666668,36.8,28.22222222222222,12.377777777777778,12.377777777777778,0.0,12.11111111111111,86.22222222222223,10.0,22.87777777777778,14.059999999999999,1009.2333333333333,98.55555555555556,23.644444444444446,0.0,2.9966666666666666,10.4713,106.0152,6.733333333333333,11.802222222222222,10,43,63,250,1970-01-21 09:17:37.513333333,1970-01-21 09:18:20.020000000,Thu,,,
Đồng Tháp,Đồng bằng sông Cửu Long,2025-10-27,26.744444444444444,31.488888888888887,23.53333333333333,31.422222222222224,36.56666666666667,28.4,12.9,12.9,0.0,13.333333333333334,82.44444444444444,13.566666666666666,30.400000000000002,14.69111111111111,1009.311111111111,97.66666666666667,23.211111111111112,0.0,3.3466666666666667,10.4713,106.0152,7.368888888888888,11.793333333333333,10,44,61,318,1970-01-21 09:19:03.940000000,1970-01-21 09:19:46.373333333,Thu,,,
Đồng Tháp,Đồng bằng sông Cửu Long,2025-10-28,25.844444444444445,29.5,24.38888888888889,30.88888888888889,34.455555555555556,29.166666666666668,30.833333333333332,30.833333333333332,0.0,20.22222222222222,90.11111111111111,12.355555555555556,26.48888888888889,9.534444444444444,1008.6222222222223,99.88888888888889,24.022222222222222,0.0,2.054444444444444,10.4713,106.0152,3.2977777777777777,11.786666666666667,10,44,65,292,1970-01-21 09:20:30.340000000,1970-01-21 09:21:12.773333333,Thu,,,
Đồng Tháp,Đồng bằng sông Cửu Long,2025-10-29,25.711111111111112,29.599999999999998,23.933333333333334,30.866666666666667,34.21111111111111,28.77777777777778,16.677777777777777,16.677777777777777,0.0,17.77777777777778,91.22222222222223,10.955555555555556,26.922222222222224,10.934444444444445,1007.8555555555554,99.88888888888889,24.1,0.0,2.281111111111111,10.4713,106.0152,3.0777777777777775,11.776666666666666,10,44,63,43,1970-01-21 09:21:56.760000000,1970-01-21 09:22:39.153333333,Thu,,,
Đồng Tháp,Đồng bằng sông Cửu Long,2025-10-30,26.53333333333333,30.055555555555557,24.133333333333333,31.877777777777776,34.67777777777778,29.422222222222224,3.7666666666666666,3.7666666666666666,0.0,10.666666666666666,87.44444444444444,12.100000000000001,28.188888888888886,11.106666666666666,1009.0111111111112,99.11111111111111,24.144444444444446,0.0,2.447777777777778,10.4713,106.0152,3.5155555555555558,11.767777777777777,10,44,53,215,1970-01-21 09:23:23.166666666,1970-01-21 09:24:05.520000000,Thu,,,
Đồng Tháp,Đồng bằng sông Cửu Long,2025-10-31,26.544444444444444,31.422222222222224,23.733333333333334,31.733333333333334,37.266666666666666,28.244444444444444,18.51111111111111,18.51111111111111,0.0,14.11111111111111,87.66666666666667,14.311111111111112,33.71111111111111,15.42111111111111,1011.2333333333333,79.66666666666667,24.144444444444446,0.0,3.22,10.4713,106.0152,8.756666666666668,11.76,10,44,63,146,1970-01-21 09:24:49.573333333,1970-01-21 09:25:31.913333333,Thu,,,
Đồng Tháp,Đồng bằng sông Cửu Long,2025-11-01,26.61111111111111,31.78888888888889,24.766666666666666,32.577777777777776,37.67777777777778,30.333333333333332,20.61111111111111,20.61111111111111,0.0,16.77777777777778,89.44444444444444,10.933333333333334,26.433333333333334,13.101111111111111,1011.2000000000002,92.77777777777777,24.477777777777778,0.0,2.792222222222222,10.4713,106.0152,5.565555555555555,11.75,11,44,65,39,1970-01-21 09:26:15.993333333,1970-01-21 09:26:58.306666666,Thu,,,
Đồng Tháp,Đồng bằng sông Cửu Long,2025-11-02,26.311111111111114,31.45555555555556,23.955555555555556,31.733333333333334,36.855555555555554,28.84444444444445,12.38888888888889,12.38888888888889,0.0,11.11111111111111,88.88888888888889,15.166666666666666,32.72222222222222,13.853333333333333,1010.5333333333333,98.44444444444444,24.11111111111111,0.0,2.92,10.4713,106.0152,6.976666666666667,11.742222222222223,11,44,63,270,1970-01-21 09:27:42.400000000,1970-01-21 09:28:24.666666666,Thu,,,
Đồng Tháp,Đồng bằng sông Cửu Long,2025-11-03,26.077777777777776,28.477777777777778,24.733333333333334,31.444444444444443,33.355555555555554,29.977777777777778,8.2,8.2,0.0,10.0,89.88888888888889,10.5,23.711111111111112,8.627777777777778,1009.6555555555556,98.11111111111111,24.188888888888886,0.0,1.8444444444444446,10.4713,106.0152,3.0255555555555556,11.736666666666666,11,45,63,275,1970-01-21 09:29:08.820000000,1970-01-21 09:29:51.053333333,Thu,,,
Đồng Tháp,Đồng bằng sông Cửu Long,2025-11-04,26.700000000000003,31.811111111111114,24.166666666666668,32.355555555555554,37.75555555555556,29.58888888888889,13.866666666666667,13.866666666666667,0.0,14.444444444444445,87.66666666666667,10.366666666666667,26.711111111111112,16.416666666666668,1009.1555555555556,95.55555555555556,24.255555555555556,0.0,3.4511111111111115,10.4713,106.0152,8.33,11.72777777777778,11,45,63,291,1970-01-21 09:30:35.233333333,1970-01-21 09:31:17.453333333,Thu,,,
Đồng Tháp,Đồng bằng sông Cửu Long,2025-11-05,26.4,30.166666666666668,24.22222222222222,32.02222222222222,35.58888888888889,29.577777777777776,13.777777777777779,13.777777777777779,0.0,15.777777777777779,88.55555555555556,9.233333333333333,25.355555555555554,12.262222222222222,1007.9888888888888,100.0,24.266666666666666,0.0,2.5633333333333335,10.4713,106.0152,4.827777777777778,11.72,11,45,63,347,1970-01-21 09:32:01.640000000,1970-01-21 09:32:43.846666666,Thu,,,
Đồng Tháp,Đồng bằng sông Cửu Long,2025-11-06,26.08888888888889,29.522222222222222,24.177777777777777,31.244444444444444,34.355555555555554,29.11111111111111,4.2444444444444445,4.2444444444444445,0.0,12.0,90.33333333333333,12.88888888888889,23.444444444444443,7.792222222222222,1006.5,100.0,24.255555555555556,0.0,1.77,10.4713,106.0152,0.758888888888889,11.71,11,45,61,270,1970-01-21 09:33:28.060000000,1970-01-21 09:34:10.226666666,Thu,,,
Đồng Tháp,Đồng bằng sông Cửu Long,2025-11-07,26.333333333333332,31.900000000000002,24.188888888888886,31.477777777777778,37.67777777777778,28.54444444444444,11.31111111111111,11.31111111111111,0.0,15.666666666666666,89.22222222222223,14.688888888888888,33.422222222222224,13.934444444444445,1007.6999999999999,100.0,24.255555555555556,0.0,2.9166666666666665,10.4713,106.0152,6.5088888888888885,11.705555555555556,11,45,63,218,1970-01-21 09:34:54.486666666,1970-01-21 09:35:36.606666666,Thu,,,
Đồng Tháp,Đồng bằng sông Cửu Long,2025-11-08,26.933333333333334,31.900000000000002,24.333333333333332,32.72222222222222,38.355555555555554,29.744444444444444,8.866666666666667,8.866666666666667,0.0,10.88888888888889,87.22222222222223,10.644444444444444,25.555555555555557,18.034444444444446,1009.811111111111,85.22222222222223,24.37777777777778,0.0,3.7422222222222223,10.4713,106.0152,9.886666666666665,11.697777777777778,11,45,63,197,1970-01-21 09:36:20.893333333,1970-01-21 09:37:03.000000000,Thu,,,
Đồng Tháp,Đồng bằng sông Cửu Long,2025-11-09,26.855555555555554,32.611111111111114,24.044444444444444,32.72222222222222,39.733333333333334,29.055555555555557,9.944444444444445,9.944444444444445,0.0,9.88888888888889,87.0,11.766666666666667,26.38888888888889,17.285555555555554,1009.3777777777777,94.11111111111111,24.233333333333334,0.0,3.631111111111111,10.4713,106.0152,9.54888888888889,11.69,11,45,63,53,1970-01-21 09:37:47.320000000,1970-01-21 09:38:29.393333333,Thu,,,
Đồng Tháp,Đồng bằng sông Cửu Long,2025-11-10,26.822222222222223,32.099999999999994,24.255555555555556,32.48888888888889,38.34444444444445,29.644444444444446,3.3,3.3,0.0,5.111111111111111,86.55555555555556,12.177777777777777,28.67777777777778,16.67111111111111,1008.7777777777778,99.77777777777777,24.155555555555555,0.0,3.518888888888889,10.4713,106.0152,9.385555555555555,11.68,11,46,53,179,1970-01-21 09:39:13.740000000,1970-01-21 09:39:55.793333333,Thu,,,
Đồng Tháp,Đồng bằng sông Cửu Long,2025-11-11,27.01111111111111,32.28888888888889,23.288888888888888,32.43333333333333,39.111111111111114,27.566666666666666,4.355555555555556,4.355555555555556,0.0,8.222222222222221,84.33333333333333,10.744444444444445,26.077777777777776,17.976666666666667,1009.3333333333334,100.0,23.9,0.0,3.7933333333333334,10.4713,106.0152,9.094444444444443,11.675555555555555,11,46,61,106,1970-01-21 09:40:40.153333333,1970-01-21 09:41:22.193333333,Thu,,,
Đồng Tháp,Đồng bằng sông Cửu Long,2025-11-12,26.155555555555555,30.599999999999998,24.188888888888886,31.688888888888886,36.47777777777778,29.27777777777778,13.2,13.2,0.0,9.88888888888889,89.66666666666667,11.944444444444445,27.677777777777777,12.562222222222223,1010.5444444444444,97.88888888888889,24.244444444444444,0.0,2.558888888888889,10.4713,106.0152,6.664444444444445,11.66777777777778,11,46,63,96,1970-01-21 09:42:06.580000000,1970-01-21 09:42:48.586666666,Thu,,,
Đồng Tháp,Đồng bằng sông Cửu Long,2025-11-13,26.61111111111111,32.08888888888889,23.833333333333332,32.12222222222222,38.5,29.04444444444444,9.444444444444445,9.444444444444445,0.0,10.0,86.77777777777777,9.788888888888888,26.211111111111112,17.235555555555557,1011.5111111111112,98.22222222222223,23.922222222222224,0.0,3.6133333333333337,10.4713,106.0152,9.961111111111112,11.66,11,46,63,3,1970-01-21 09:43:33.000000000,1970-01-21 09:44:14.986666666,Thu,,,
Đồng Tháp,Đồng bằng sông Cửu Long,2025-11-14,27.1,32.25555555555556,23.333333333333332,30.744444444444444,35.144444444444446,27.422222222222224,3.5888888888888886,3.5888888888888886,0.0,3.3333333333333335,73.11111111111111,14.799999999999999,31.72222222222222,21.395555555555557,1010.8666666666666,91.55555555555556,20.955555555555556,0.0,4.9111111111111105,10.4713,106.0152,11.044444444444444,11.65,11,46,53,11,1970-01-21 09:44:59.413333333,1970-01-21 09:45:41.380000000,Thu,,,
Đồng Tháp,Đồng bằng sông Cửu Long,2025-11-15,26.299999999999997,31.299999999999997,21.544444444444444,29.311111111111114,34.3,23.766666666666666,0.0,0.0,0.0,0.0,69.77777777777777,13.466666666666667,29.522222222222222,21.607777777777777,1010.9555555555556,54.666666666666664,19.88888888888889,0.0,4.69,10.4713,106.0152,10.99888888888889,11.646666666666668,11,46,3,58,1970-01-21 09:46:25.840000000,1970-01-21 09:47:07.766666666,Thu,,,
Đồng Tháp,Đồng bằng sông Cửu Long,2025-11-16,25.477777777777778,29.688888888888886,23.61111111111111,29.466666666666665,33.5,26.633333333333333,19.833333333333332,19.833333333333332,0.0,12.222222222222221,83.77777777777777,13.133333333333333,33.96666666666667,11.227777777777778,1011.1222222222223,87.0,22.422222222222224,0.0,2.53,10.4713,106.0152,5.292222222222223,11.64,11,46,63,19,1970-01-21 09:47:52.273333333,1970-01-21 09:48:34.166666666,Thu,,,
Đồng Tháp,Đồng bằng sông Cửu Long,2025-11-17,25.477777777777778,29.400000000000002,23.322222222222223,29.988888888888887,32.98888888888889,27.755555555555556,12.555555555555555,12.555555555555555,0.0,16.22222222222222,89.77777777777777,17.844444444444445,40.63333333333333,10.514444444444443,1011.1666666666666,99.66666666666667,23.5,0.0,2.3,10.4713,106.0152,3.6855555555555557,11.63,11,47,63,60,1970-01-21 09:49:18.686666666,1970-01-21 09:50:00.560000000,Thu,,,
Đồng Tháp,Đồng bằng sông Cửu Long,2025-11-18,26.166666666666668,30.41111111111111,23.91111111111111,31.188888888888886,35.71111111111111,27.944444444444443,17.144444444444446,17.144444444444446,0.0,13.333333333333334,87.55555555555556,14.555555555555555,38.855555555555554,15.454444444444444,1010.2666666666667,87.33333333333333,23.755555555555556,0.0,3.17,10.4713,106.0152,9.28111111111111,11.626666666666667,11,47,63,45,1970-01-21 09:50:45.106666666,1970-01-21 09:51:26.960000000,Thu,,,
Đồng Tháp,Đồng bằng sông Cửu Long,2025-11-19,25.566666666666666,31.144444444444446,23.255555555555556,30.0,35.94444444444444,26.666666666666668,20.91111111111111,20.91111111111111,0.0,13.666666666666666,88.44444444444444,15.422222222222224,37.766666666666666,14.596666666666668,1010.7444444444445,97.88888888888889,23.299999999999997,0.0,3.058888888888889,10.4713,106.0152,7.104444444444444,11.62,11,47,63,16,1970-01-21 09:52:11.533333333,1970-01-21 09:52:53.366666666,Thu,,,
Đồng Tháp,Đồng bằng sông Cửu Long,2025-11-20,25.37777777777778,29.311111111111114,22.711111111111112,28.211111111111112,32.888888888888886,24.4,2.2333333333333334,2.2333333333333334,0.0,7.333333333333333,79.66666666666667,16.0,31.811111111111114,12.473333333333334,1011.3222222222222,99.77777777777777,21.477777777777778,0.0,3.038888888888889,10.4713,106.0152,6.748888888888889,11.61,11,47,51,4,1970-01-21 09:53:37.960000000,1970-01-21 09:54:19.780000000,Thu,,,
Đồng Tháp,Đồng bằng sông Cửu Long,2025-11-21,26.5,29.71111111111111,23.655555555555555,29.022222222222222,32.544444444444444,25.41111111111111,0.8111111111111111,0.8111111111111111,0.0,3.2222222222222223,71.88888888888889,19.255555555555556,40.27777777777778,16.561111111111114,1011.5333333333333,99.11111111111111,20.91111111111111,0.0,4.127777777777777,10.4713,106.0152,9.337777777777779,11.608888888888888,11,47,51,16,1970-01-21 09:55:04.393333333,1970-01-21 09:55:46.180000000,Thu,,,
Đồng Tháp,Đồng bằng sông Cửu Long,2025-11-22,25.577777777777776,28.08888888888889,23.744444444444444,28.633333333333333,31.11111111111111,26.022222222222222,3.711111111111111,3.711111111111111,0.0,5.555555555555555,77.88888888888889,13.522222222222222,30.633333333333333,7.6933333333333325,1011.1111111111111,99.55555555555556,21.311111111111114,0.0,2.25,10.4713,106.0152,1.2433333333333332,11.6,11,47,51,13,1970-01-21 09:56:30.806666666,1970-01-21 09:57:12.586666666,Thu,,,
Đồng Tháp,Đồng bằng sông Cửu Long,2025-11-23,25.933333333333334,30.644444444444446,23.577777777777776,30.366666666666667,35.18888888888889,27.544444444444444,10.533333333333333,10.533333333333333,0.0,14.777777777777779,85.66666666666667,16.188888888888886,43.12222222222223,15.758888888888887,1010.2111111111111,90.66666666666667,23.166666666666668,0.0,3.312222222222222,10.4713,106.0152,8.464444444444446,11.596666666666668,11,47,61,26,1970-01-21 09:57:57.226666666,1970-01-21 09:58:38.986666666,Thu,,,
Đồng Tháp,Đồng bằng sông Cửu Long,2025-11-24,27.022222222222222,32.06666666666667,23.62222222222222,31.84444444444445,37.05555555555556,27.766666666666666,5.322222222222222,5.322222222222222,0.0,7.333333333333333,82.55555555555556,12.8,32.0,20.156666666666666,1009.5,79.77777777777777,23.41111111111111,0.0,4.283333333333333,10.4713,106.0152,11.0,11.59,11,48,63,51,1970-01-21 09:59:23.653333333,1970-01-21 10:00:05.393333333,Thu,,,
Đồng Tháp,Đồng bằng sông Cửu Long,2025-11-25,27.044444444444444,31.833333333333332,23.544444444444444,30.644444444444446,36.27777777777778,26.177777777777777,1.1222222222222222,1.1222222222222222,0.0,1.8888888888888888,75.77777777777777,16.18888888888889,33.955555555555556,20.366666666666667,1009.0666666666667,73.55555555555556,21.922222222222224,0.0,4.68,10.4713,106.0152,11.016666666666667,11.586666666666666,11,48,51,14,1970-01-21 10:00:50.086666666,1970-01-21 10:01:31.793333333,Thu,,,
Đồng Tháp,Đồng bằng sông Cửu Long,2025-11-26,26.255555555555556,30.61111111111111,22.233333333333334,28.477777777777778,34.58888888888889,23.72222222222222,0.0,0.0,0.0,0.0,65.88888888888889,14.644444444444446,27.966666666666665,19.901111111111113,1009.6333333333334,91.66666666666667,19.266666666666666,0.0,4.797777777777778,10.4713,106.0152,10.906666666666666,11.58,11,48,3,1,1970-01-21 10:02:16.513333333,1970-01-21 10:02:58.200000000,Thu,,,
Đồng Tháp,Đồng bằng sông Cửu Long,2025-11-27,25.833333333333332,30.533333333333335,22.344444444444445,27.177777777777777,33.833333333333336,22.61111111111111,0.0,0.0,0.0,0.0,64.88888888888889,18.688888888888886,37.27777777777778,20.077777777777776,1010.1555555555556,90.88888888888889,18.61111111111111,0.0,5.057777777777778,10.4713,106.0152,10.867777777777778,11.576666666666666,11,48,3,5,1970-01-21 10:03:42.946666666,1970-01-21 10:04:24.606666666,Thu,,,
Đồng Tháp,Đồng bằng sông Cửu Long,2025-11-28,24.12222222222222,28.12222222222222,20.766666666666666,24.655555555555555,29.377777777777776,19.577777777777776,0.0,0.0,0.0,0.0,63.333333333333336,18.822222222222223,39.0,19.853333333333335,1010.3222222222222,99.33333333333333,16.633333333333333,0.0,4.7811111111111115,10.4713,106.0152,10.408888888888889,11.57,11,48,3,350,1970-01-21 10:05:09.373333333,1970-01-21 10:05:51.040000000,Thu,,,
Đồng Tháp,Đồng bằng sông Cửu Long,2025-11-29,24.98888888888889,30.08888888888889,20.688888888888886,27.188888888888886,33.32222222222222,21.48888888888889,0.0,0.0,0.0,0.0,69.33333333333333,12.144444444444444,26.0,17.076666666666668,1009.9666666666667,98.55555555555556,18.833333333333332,0.0,3.867777777777778,10.4713,106.0152,10.09,11.566666666666668,11,48,3,312,1970-01-21 10:06:35.806666666,1970-01-21 10:07:17.446666666,Thu,,,
Đồng Tháp,Đồng bằng sông Cửu Long,2025-11-30,26.288888888888888,31.78888888888889,21.755555555555556,29.93333333333333,36.3,24.577777777777776,0.0,0.0,0.0,0.0,72.66666666666667,10.722222222222221,24.311111111111114,20.404444444444444,1010.1111111111111,35.77777777777778,20.677777777777777,0.0,4.327777777777778,10.4713,106.0152,11.088888888888889,11.56,11,48,3,308,1970-01-21 10:08:02.233333333,1970-01-21 10:08:43.853333333,Thu,,,
Đồng Tháp,Đồng bằng sông Cửu Long,2025-12-01,26.87777777777778,31.977777777777778,22.311111111111114,31.355555555555554,37.34444444444445,26.288888888888888,0.05555555555555555,0.05555555555555555,0.0,0.5555555555555556,76.22222222222223,8.577777777777778,16.6,17.546666666666667,1010.188888888889,30.22222222222222,22.022222222222222,0.0,3.6755555555555555,10.4713,106.0152,10.914444444444445,11.55888888888889,12,49,3,256,1970-01-21 10:09:28.666666666,1970-01-21 10:10:10.260000000,Đông,,,
Đồng Tháp,Đồng bằng sông Cửu Long,2025-12-02,27.044444444444444,31.599999999999998,23.688888888888886,32.31111111111111,38.0,27.9,6.933333333333334,6.933333333333334,0.0,6.0,82.33333333333333,11.277777777777779,23.244444444444444,17.52111111111111,1010.3666666666666,57.55555555555556,23.48888888888889,0.0,3.683333333333333,10.4713,106.0152,10.923333333333334,11.551111111111112,12,49,63,199,1970-01-21 10:10:55.093333333,1970-01-21 10:11:36.686666666,Đông,,,
Đồng Tháp,Đồng bằng sông Cửu Long,2025-12-03,25.9,31.144444444444446,23.61111111111111,31.355555555555554,37.32222222222222,28.188888888888886,18.22222222222222,18.22222222222222,0.0,15.0,89.55555555555556,10.822222222222223,24.755555555555556,15.145555555555555,1011.0666666666667,79.33333333333333,23.91111111111111,0.0,3.078888888888889,10.4713,106.0152,8.63888888888889,11.54888888888889,12,49,63,20,1970-01-21 10:12:21.526666666,1970-01-21 10:13:03.106666666,Đông,,,
Đồng Tháp,Đồng bằng sông Cửu Long,2025-12-04,26.311111111111114,29.811111111111114,23.87777777777778,30.45555555555556,33.8,28.511111111111113,4.444444444444445,4.444444444444445,0.0,10.222222222222221,85.0,19.977777777777778,43.81111111111111,15.906666666666666,1011.4000000000001,71.44444444444444,23.422222222222224,0.0,3.31,10.4713,106.0152,9.863333333333333,11.544444444444444,12,49,61,97,1970-01-21 10:13:47.953333333,1970-01-21 10:14:29.513333333,Đông,,,
Đồng Tháp,Đồng bằng sông Cửu Long,2025-12-05,26.62222222222222,31.06666666666667,23.1,31.41111111111111,36.56666666666666,27.62222222222222,1.3111111111111111,1.3111111111111111,0.0,5.333333333333333,81.11111111111111,11.38888888888889,25.755555555555556,19.533333333333335,1012.5777777777779,44.666666666666664,22.855555555555554,0.0,4.001111111111111,10.4713,106.0152,11.008888888888889,11.54,12,49,51,57,1970-01-21 10:15:14.386666666,1970-01-21 10:15:55.933333333,Đông,,,
Đồng Tháp,Đồng bằng sông Cửu Long,2025-12-06,26.12222222222222,30.488888888888887,21.933333333333337,30.311111111111114,34.97777777777778,24.744444444444447,0.1111111111111111,0.1111111111111111,0.0,0.6666666666666666,78.0,10.5,21.72222222222222,18.165555555555557,1012.3777777777776,53.111111111111114,21.677777777777777,0.0,3.77,10.4713,106.0152,10.906666666666666,11.538888888888888,12,49,3,23,1970-01-21 10:16:40.813333333,1970-01-21 10:17:22.366666666,Đông,,,
Đồng Tháp,Đồng bằng sông Cửu Long,2025-12-07,26.044444444444444,30.71111111111111,22.41111111111111,29.811111111111114,34.31111111111111,25.833333333333332,0.1444444444444444,0.1444444444444444,0.0,0.8888888888888888,75.66666666666667,12.755555555555556,26.688888888888886,20.811111111111114,1012.0666666666668,74.11111111111111,21.0,0.0,4.364444444444445,10.4713,106.0152,11.007777777777775,11.534444444444444,12,49,3,19,1970-01-21 10:18:07.253333333,1970-01-21 10:18:48.773333333,Đông,,,
Đồng Tháp,Đồng bằng sông Cửu Long,2025-12-08,25.11111111111111,29.833333333333332,20.533333333333335,27.64444444444445,33.34444444444445,21.288888888888888,0.0222222222222222,0.0222222222222222,0.0,0.1111111111111111,68.88888888888889,11.38888888888889,25.01111111111111,20.485555555555557,1012.1111111111112,98.55555555555556,18.688888888888886,0.0,4.351111111111112,10.4713,106.0152,10.797777777777778,11.53,12,50,3,16,1970-01-21 10:19:33.680000000,1970-01-21 10:20:15.186666666,Đông,,,
Đồng Tháp,Đồng bằng sông Cửu Long,2025-12-09,25.677777777777777,29.600000000000005,21.577777777777776,28.755555555555556,33.7,24.022222222222226,0.1888888888888888,0.1888888888888888,0.0,1.5555555555555556,72.33333333333333,10.433333333333334,24.033333333333335,18.709999999999997,1011.2888888888888,96.22222222222224,20.066666666666663,0.0,3.985555555555555,10.4713,106.0152,10.81111111111111,11.528888888888888,12,50,51,6,1970-01-21 10:21:00.120000000,1970-01-21 10:21:41.626666666,Đông,,,
Đồng Tháp,Đồng bằng sông Cửu Long,2025-12-10,25.755555555555556,30.022222222222226,23.333333333333332,28.93333333333333,32.65555555555555,25.27777777777778,9.755555555555556,9.755555555555556,0.0,9.333333333333334,78.0,16.1,33.355555555555554,14.114444444444445,1010.7,93.55555555555556,21.422222222222224,0.0,3.3133333333333335,10.4713,106.0152,8.435555555555556,11.526666666666666,12,50,63,23,1970-01-21 10:22:26.546666666,1970-01-21 10:23:08.040000000,Đông,,,
Đồng Tháp,Đồng bằng sông Cửu Long,2025-12-11,25.9,29.82222222222222,22.87777777777778,29.866666666666667,33.7,27.211111111111112,10.633333333333333,10.633333333333333,0.0,10.0,83.88888888888889,18.566666666666663,44.733333333333334,13.378888888888888,1010.7555555555556,99.66666666666669,22.77777777777778,0.0,3.035555555555556,10.4713,106.0152,5.83,11.52111111111111,12,50,63,85,1970-01-21 10:23:52.986666666,1970-01-21 10:24:34.460000000,Đông,,,
Đồng Tháp,Đồng bằng sông Cửu Long,2025-12-12,27.14444444444445,31.32222222222222,23.933333333333337,30.988888888888887,35.48888888888889,27.522222222222226,0.1555555555555555,0.1555555555555555,0.0,1.0,76.11111111111111,13.588888888888889,28.12222222222222,18.993333333333332,1010.2777777777778,96.77777777777776,22.27777777777778,0.0,4.196666666666667,10.4713,106.0152,10.947777777777778,11.52,12,50,3,98,1970-01-21 10:25:19.406666666,1970-01-21 10:26:00.886666666,Đông,,,
Đồng Tháp,Đồng bằng sông Cửu Long,2025-12-13,26.677777777777777,31.577777777777776,23.155555555555555,31.9,37.58888888888889,28.033333333333335,4.466666666666667,4.466666666666667,0.0,5.777777777777778,83.66666666666667,12.1,29.488888888888887,18.796666666666667,1010.077777777778,96.11111111111111,23.41111111111111,0.0,3.9122222222222223,10.4713,106.0152,10.15,11.518888888888888,12,50,63,98,1970-01-21 10:26:45.846666666,1970-01-21 10:27:27.300000000,Đông,,,
Đồng Tháp,Đồng bằng sông Cửu Long,2025-12-14,26.53333333333333,30.966666666666665,23.555555555555557,31.41111111111111,36.32222222222222,27.6,1.6666666666666667,1.6666666666666667,0.0,2.6666666666666665,83.11111111111111,10.577777777777778,27.211111111111112,18.621111111111112,1010.2999999999998,77.44444444444444,23.12222222222222,0.0,3.828888888888889,10.4713,106.0152,10.686666666666667,11.518888888888888,12,50,53,28,1970-01-21 10:28:12.266666666,1970-01-21 10:28:53.740000000,Đông,,,
Đồng Tháp,Đồng bằng sông Cửu Long,2025-12-15,26.62222222222222,30.88888888888889,23.27777777777778,31.06666666666667,35.855555555555554,26.344444444444445,0.0444444444444444,0.0444444444444444,0.0,0.4444444444444444,78.11111111111111,9.933333333333334,21.48888888888889,18.51555555555555,1011.0888888888888,95.88888888888889,22.166666666666668,0.0,3.8633333333333337,10.4713,106.0152,10.213333333333331,11.516666666666666,12,51,3,23,1970-01-21 10:29:38.706666666,1970-01-21 10:30:20.153333333,Đông,,,
Đồng Tháp,Đồng bằng sông Cửu Long,2025-12-16,26.4,31.200000000000003,23.433333333333337,31.311111111111114,36.75555555555556,28.255555555555556,0.4222222222222223,0.4222222222222223,0.0,1.8888888888888888,83.0,9.066666666666666,23.933333333333337,18.86111111111111,1010.922222222222,75.33333333333333,23.0,0.0,3.887777777777778,10.4713,106.0152,10.352222222222222,11.514444444444443,12,51,51,19,1970-01-21 10:31:05.126666666,1970-01-21 10:31:46.580000000,Đông,,,
Đồng Tháp,Đồng bằng sông Cửu Long,2025-12-17,26.299999999999997,31.04444444444444,22.677777777777777,31.422222222222224,37.3,27.466666666666665,1.1333333333333333,1.1333333333333333,0.0,3.2222222222222223,84.55555555555556,11.555555555555555,25.166666666666668,18.61777777777778,1011.0444444444444,69.66666666666667,23.22222222222222,0.0,3.8255555555555554,10.4713,106.0152,10.032222222222224,11.514444444444443,12,51,61,79,1970-01-21 10:32:31.573333333,1970-01-21 10:33:13.013333333,Đông,,,
Đồng Tháp,Đồng bằng sông Cửu Long,2025-12-18,26.22222222222222,30.011111111111113,23.01111111111111,30.766666666666666,35.077777777777776,27.466666666666665,1.8333333333333333,1.8333333333333333,0.0,3.111111111111111,81.22222222222223,11.533333333333331,26.044444444444444,15.76,1010.7111111111112,94.22222222222224,22.48888888888889,0.0,3.276666666666667,10.4713,106.0152,9.224444444444444,11.511111111111113,12,51,51,6,1970-01-21 10:33:57.993333333,1970-01-21 10:34:39.426666666,Đông,,,
Đồng Tháp,Đồng bằng sông Cửu Long,2025-12-19,26.5,30.93333333333333,22.677777777777777,31.022222222222226,36.65555555555555,25.166666666666668,0.1555555555555555,0.1555555555555555,0.0,1.0,77.88888888888889,9.955555555555556,19.077777777777776,19.67,1009.311111111111,87.33333333333333,22.077777777777776,0.0,4.02,10.4713,106.0152,11.015555555555556,11.511111111111113,12,51,51,25,1970-01-21 10:35:24.433333333,1970-01-21 10:36:05.866666666,Đông,,,
Đồng Tháp,Đồng bằng sông Cửu Long,2025-12-20,26.700000000000003,31.54444444444444,23.055555555555557,31.477777777777774,36.111111111111114,27.933333333333337,0.2777777777777778,0.2777777777777778,0.0,2.5555555555555554,81.0,11.733333333333333,24.6,19.422222222222224,1008.7888888888888,95.77777777777776,22.799999999999997,0.0,4.104444444444444,10.4713,106.0152,10.931111111111113,11.511111111111113,12,51,51,1,1970-01-21 10:36:50.860000000,1970-01-21 10:37:32.286666666,Đông,,,
Đồng Tháp,Đồng bằng sông Cửu Long,2025-12-21,26.799999999999997,31.82222222222222,22.711111111111112,31.64444444444445,37.34444444444445,26.788888888888888,0.2222222222222222,0.2222222222222222,0.0,1.3333333333333333,80.11111111111111,10.266666666666667,24.133333333333333,20.193333333333335,1009.2888888888888,79.55555555555556,22.733333333333334,0.0,4.187777777777778,10.4713,106.0152,10.988888888888887,11.511111111111113,12,51,51,7,1970-01-21 10:38:17.293333333,1970-01-21 10:38:58.726666666,Đông,,,
Đồng Tháp,Đồng bằng sông Cửu Long,2025-12-22,26.77777777777778,31.333333333333332,23.266666666666666,31.56666666666667,36.8,27.833333333333332,0.3888888888888889,0.3888888888888889,0.0,3.111111111111111,81.0,9.988888888888887,22.211111111111112,19.345555555555556,1009.1777777777778,79.77777777777777,22.944444444444443,0.0,4.018888888888889,10.4713,106.0152,11.067777777777778,11.511111111111113,12,52,51,2,1970-01-21 10:39:43.720000000,1970-01-21 10:40:25.146666666,Đông,,,
Đồng Tháp,Đồng bằng sông Cửu Long,2025-12-23,26.38888888888889,30.755555555555556,23.64444444444445,31.35555555555555,36.733333333333334,28.477777777777774,1.488888888888889,1.488888888888889,0.0,2.111111111111111,84.22222222222223,13.0,25.666666666666668,16.27777777777778,1009.0222222222224,92.11111111111111,23.22222222222222,0.0,3.4066666666666667,10.4713,106.0152,8.533333333333333,11.511111111111113,12,52,3,218,1970-01-21 10:41:10.153333333,1970-01-21 10:41:51.586666666,Đông,,,
Đồng Tháp,Đồng bằng sông Cửu Long,2025-12-24,26.27777777777778,30.71111111111111,23.255555555555556,31.744444444444444,37.22222222222222,28.244444444444444,8.477777777777778,8.477777777777778,0.0,6.111111111111111,86.77777777777777,8.988888888888889,22.88888888888889,15.893333333333333,1008.5444444444444,87.0,23.688888888888886,0.0,3.265555555555556,10.4713,106.0152,8.774444444444445,11.511111111111113,12,52,63,31,1970-01-21 10:42:36.580000000,1970-01-21 10:43:18.013333333,Đông,,,
Đồng Tháp,Đồng bằng sông Cửu Long,2025-12-25,25.977777777777774,29.744444444444444,24.12222222222222,31.522222222222226,35.02222222222222,29.4,15.488888888888887,15.488888888888887,0.0,13.11111111111111,90.66666666666669,12.477777777777778,28.977777777777774,12.72222222222222,1009.3333333333334,90.88888888888889,24.200000000000003,0.0,2.5777777777777775,10.4713,106.0152,6.91,11.511111111111113,12,52,65,40,1970-01-21 10:44:03.013333333,1970-01-21 10:44:44.453333333,Đông,,,
Đồng Tháp,Đồng bằng sông Cửu Long,2025-12-26,26.055555555555557,30.522222222222226,23.577777777777776,30.71111111111111,35.388888888888886,27.833333333333332,4.544444444444444,4.544444444444444,0.0,2.6666666666666665,85.55555555555556,12.166666666666666,26.477777777777774,16.744444444444444,1010.311111111111,93.77777777777776,23.155555555555555,0.0,3.4866666666666664,10.4713,106.0152,8.663333333333334,11.514444444444443,12,52,3,25,1970-01-21 10:45:29.440000000,1970-01-21 10:46:10.886666666,Đông,,,
Đồng Tháp,Đồng bằng sông Cửu Long,2025-12-27,25.41111111111111,29.422222222222224,22.255555555555556,29.67777777777778,34.43333333333333,25.155555555555555,2.5555555555555554,2.5555555555555554,0.0,4.444444444444445,82.44444444444444,10.61111111111111,22.37777777777778,16.795555555555556,1011.3777777777776,93.22222222222224,22.0,0.0,3.428888888888889,10.4713,106.0152,9.773333333333332,11.514444444444443,12,52,51,20,1970-01-21 10:46:55.873333333,1970-01-21 10:47:37.313333333,Đông,,,
Đồng Tháp,Đồng bằng sông Cửu Long,2025-12-28,25.977777777777774,30.666666666666668,22.244444444444444,30.266666666666666,35.36666666666667,26.51111111111111,0.0333333333333333,0.0333333333333333,0.0,0.3333333333333333,80.33333333333333,11.211111111111112,21.311111111111114,19.700000000000003,1011.9,59.666666666666664,21.9,0.0,4.027777777777778,10.4713,106.0152,11.023333333333332,11.518888888888888,12,52,3,23,1970-01-21 10:48:22.286666666,1970-01-21 10:49:03.760000000,Đông,,,
Đồng Tháp,Đồng bằng sông Cửu Long,2025-12-29,25.833333333333332,30.45555555555556,22.444444444444443,30.011111111111113,34.74444444444444,26.188888888888886,0.1555555555555555,0.1555555555555555,0.0,1.4444444444444444,79.88888888888889,11.7,22.6,19.58888888888889,1011.4,93.22222222222224,21.677777777777777,0.0,4.050000000000001,10.4713,106.0152,10.653333333333332,11.518888888888888,12,1,51,30,1970-01-21 10:49:48.720000000,1970-01-21 10:50:30.180000000,Đông,,,
Đồng Tháp,Đồng bằng sông Cửu Long,2025-12-30,25.255555555555556,29.5,21.711111111111112,29.055555555555557,33.955555555555556,25.455555555555556,0.0222222222222222,0.0222222222222222,0.0,0.2222222222222222,79.33333333333333,10.11111111111111,19.811111111111114,19.432222222222222,1010.6777777777778,57.22222222222222,21.055555555555557,0.0,3.897777777777778,10.4713,106.0152,11.143333333333334,11.518888888888888,12,1,3,98,1970-01-21 10:51:15.133333333,1970-01-21 10:51:56.620000000,Đông,,,
Đồng Tháp,Đồng bằng sông Cửu Long,2025-12-31,25.177777777777777,29.67777777777778,21.37777777777778,28.811111111111114,34.15555555555555,24.922222222222224,0.0,0.0,0.0,0.0,77.88888888888889,13.488888888888887,25.044444444444444,19.22888888888889,1009.5555555555557,60.22222222222222,20.733333333333334,0.0,3.91,10.4713,106.0152,11.292222222222222,11.52111111111111,12,1,3,112,1970-01-21 10:52:41.566666666,1970-01-21 10:53:23.040000000,Đông,,,
Đồng Tháp,Đồng bằng sông Cửu Long,2026-01-01,25.022222222222226,29.311111111111114,21.188888888888886,28.511111111111113,33.37777777777777,24.577777777777776,0.0666666666666666,0.0666666666666666,0.0,0.5555555555555556,78.44444444444444,12.644444444444444,23.6,18.50111111111111,1010.6333333333334,61.22222222222222,20.711111111111112,0.0,3.7622222222222224,10.4713,106.0152,11.09,11.524444444444445,1,1,3,128,1970-01-21 10:54:07.993333333,1970-01-21 10:54:49.486666666,Đông,,,
Đồng Tháp,Đồng bằng sông Cửu Long,2026-01-02,24.933333333333337,29.72222222222222,21.033333333333335,28.266666666666666,33.87777777777777,24.022222222222226,0.0,0.0,0.0,0.0,76.44444444444444,10.488888888888887,22.5,20.884444444444444,1012.1777777777778,58.888888888888886,20.044444444444444,0.0,4.207777777777777,10.4713,106.0152,11.02888888888889,11.528888888888888,1,1,3,95,1970-01-21 10:55:34.413333333,1970-01-21 10:56:15.900000000,Đông,,,
Đồng Tháp,Đồng bằng sông Cửu Long,2026-01-03,24.299999999999997,28.56666666666667,20.48888888888889,26.977777777777774,32.577777777777776,21.799999999999997,0.0,0.0,0.0,0.0,74.22222222222223,10.577777777777778,22.444444444444443,20.272222222222226,1013.2000000000002,53.22222222222222,19.133333333333333,0.0,4.126666666666667,10.4713,106.0152,10.833333333333334,11.528888888888888,1,1,3,61,1970-01-21 10:57:00.833333333,1970-01-21 10:57:42.346666666,Đông,,,
Đồng Tháp,Đồng bằng sông Cửu Long,2026-01-04,24.64444444444445,30.055555555555557,20.12222222222222,27.58888888888889,34.099999999999994,21.41111111111111,0.0,0.0,0.0,0.0,73.66666666666667,9.966666666666669,21.433333333333337,20.971111111111114,1012.9555555555556,93.77777777777776,19.22222222222222,0.0,4.177777777777778,10.4713,106.0152,11.263333333333334,11.53,1,1,3,2,1970-01-21 10:58:27.253333333,1970-01-21 10:59:08.760000000,Đông,,,
Đồng Tháp,Đồng bằng sông Cửu Long,2026-01-05,25.22222222222222,28.733333333333334,22.211111111111112,29.466666666666665,33.03333333333333,25.933333333333337,0.8999999999999999,0.8999999999999999,0.0,0.8888888888888888,82.33333333333333,8.411111111111111,17.799999999999997,11.71,1012.7999999999998,97.88888888888889,21.833333333333332,0.0,2.482222222222222,10.4713,106.0152,5.2155555555555555,11.534444444444444,1,2,3,12,1970-01-21 10:59:53.680000000,1970-01-21 11:00:35.206666666,Đông,,,
Đồng Tháp,Đồng bằng sông Cửu Long,2026-01-06,24.744444444444444,29.011111111111113,22.966666666666665,29.622222222222224,34.68888888888889,27.6,23.077777777777776,23.077777777777776,0.0,12.0,90.44444444444444,9.488888888888887,21.51111111111111,12.908888888888889,1013.2999999999998,97.88888888888889,22.922222222222224,0.0,2.5844444444444443,10.4713,106.0152,6.506666666666667,11.538888888888888,1,2,65,97,1970-01-21 11:01:20.100000000,1970-01-21 11:02:01.620000000,Đông,,,
Đồng Tháp,Đồng bằng sông Cửu Long,2026-01-07,24.72222222222222,28.56666666666667,21.299999999999997,28.1,32.72222222222222,22.833333333333332,0.2777777777777778,0.2777777777777778,0.0,1.3333333333333333,79.77777777777777,11.944444444444445,21.799999999999997,16.17111111111111,1013.8888888888888,81.77777777777777,20.766666666666666,0.0,3.324444444444444,10.4713,106.0152,9.921111111111111,11.54,1,2,3,25,1970-01-21 11:02:46.513333333,1970-01-21 11:03:28.066666666,Đông,,,
Đồng Tháp,Đồng bằng sông Cửu Long,2026-01-08,24.033333333333335,28.533333333333335,20.38888888888889,26.4,31.488888888888887,21.422222222222224,0.0,0.0,0.0,0.0,73.33333333333333,12.588888888888889,26.51111111111111,20.077777777777776,1015.0,65.88888888888889,18.666666666666668,0.0,4.104444444444444,10.4713,106.0152,11.054444444444444,11.544444444444444,1,2,3,17,1970-01-21 11:04:12.940000000,1970-01-21 11:04:54.486666666,Đông,,,
Đồng Tháp,Đồng bằng sông Cửu Long,2026-01-09,22.288888888888888,27.311111111111114,17.77777777777778,23.955555555555556,29.95555555555556,17.555555555555557,0.0111111111111111,0.0111111111111111,0.0,0.1111111111111111,72.33333333333333,12.055555555555555,26.822222222222223,22.016666666666666,1014.8555555555554,65.77777777777777,16.755555555555556,0.0,4.211111111111111,10.4713,106.0152,11.128888888888888,11.54888888888889,1,2,3,15,1970-01-21 11:05:39.346666666,1970-01-21 11:06:20.933333333,Đông,,,
Đồng Tháp,Đồng bằng sông Cửu Long,2026-01-10,22.677777777777777,27.666666666666668,18.166666666666668,25.066666666666663,31.233333333333334,19.955555555555556,0.0,0.0,0.0,0.0,75.33333333333333,8.122222222222222,16.98888888888889,20.22222222222222,1014.3333333333334,44.22222222222222,17.633333333333333,0.0,3.864444444444445,10.4713,106.0152,11.3,11.551111111111112,1,2,3,247,1970-01-21 11:07:05.773333333,1970-01-21 11:07:47.353333333,Đông,,,
Đồng Tháp,Đồng bằng sông Cửu Long,2026-01-11,23.58888888888889,28.4,18.811111111111114,26.299999999999997,31.866666666666667,20.944444444444443,0.0333333333333333,0.0333333333333333,0.0,0.2222222222222222,75.44444444444444,8.277777777777779,18.844444444444445,18.89333333333333,1015.1777777777778,73.88888888888889,18.61111111111111,0.0,3.715555555555555,10.4713,106.0152,10.78111111111111,11.55888888888889,1,2,3,236,1970-01-21 11:08:32.180000000,1970-01-21 11:09:13.793333333,Đông,,,
Đồng Tháp,Đồng bằng sông Cửu Long,2026-01-12,25.22222222222222,28.9,21.755555555555556,29.08888888888889,33.46666666666667,25.200000000000003,0.3888888888888889,0.3888888888888889,0.0,1.6666666666666667,79.0,10.633333333333333,19.6,17.38888888888889,1014.5666666666668,63.77777777777778,21.066666666666663,0.0,3.5233333333333334,10.4713,106.0152,10.46,11.56,1,3,51,181,1970-01-21 11:09:58.606666666,1970-01-21 11:10:40.226666666,Đông,,,
Đồng Tháp,Đồng bằng sông Cửu Long,2026-01-13,25.066666666666663,28.65555555555555,21.955555555555556,28.988888888888887,32.78888888888889,25.9,0.4111111111111111,0.4111111111111111,0.0,3.4444444444444446,81.44444444444444,11.555555555555555,21.14444444444444,16.664444444444445,1014.0555555555557,47.0,21.422222222222224,0.0,3.3499999999999996,10.4713,106.0152,10.912222222222224,11.568888888888887,1,3,51,133,1970-01-21 11:11:25.033333333,1970-01-21 11:12:06.653333333,Đông,,,
Đồng Tháp,Đồng bằng sông Cửu Long,2026-01-14,25.11111111111111,29.166666666666668,21.555555555555557,28.9,34.144444444444446,25.155555555555555,0.4333333333333333,0.4333333333333333,0.0,3.7777777777777777,80.55555555555556,10.644444444444444,21.08888888888889,18.465555555555554,1012.7777777777778,36.888888888888886,21.22222222222222,0.0,3.71,10.4713,106.0152,10.94,11.57,1,3,51,142,1970-01-21 11:12:51.433333333,1970-01-21 11:13:33.100000000,Đông,,,
Đồng Tháp,Đồng bằng sông Cửu Long,2026-01-15,25.566666666666663,30.14444444444445,21.711111111111112,29.56666666666667,34.833333333333336,25.677777777777777,0.2,0.2,0.0,1.8888888888888888,80.33333333333333,13.922222222222222,27.11111111111111,19.732222222222223,1012.1,30.444444444444443,21.566666666666663,0.0,4.003333333333334,10.4713,106.0152,11.182222222222222,11.57888888888889,1,3,51,110,1970-01-21 11:14:17.833333333,1970-01-21 11:14:59.513333333,Đông,,,
Đồng Tháp,Đồng bằng sông Cửu Long,2026-01-16,25.344444444444445,29.533333333333335,21.6,29.311111111111114,34.87777777777777,25.433333333333337,0.3111111111111111,0.3111111111111111,0.0,2.6666666666666665,81.0,10.666666666666666,21.522222222222226,18.718888888888888,1011.077777777778,61.55555555555556,21.544444444444444,0.0,3.782222222222222,10.4713,106.0152,11.13888888888889,11.58,1,3,51,126,1970-01-21 11:15:44.260000000,1970-01-21 11:16:25.960000000,Đông,,,
Đồng Tháp,Đồng bằng sông Cửu Long,2026-01-17,25.299999999999997,29.877777777777776,21.58888888888889,28.93333333333333,34.41111111111111,25.333333333333332,0.1222222222222222,0.1222222222222222,0.0,1.2222222222222223,79.22222222222223,13.322222222222225,24.788888888888888,19.378888888888888,1009.577777777778,66.0,21.14444444444445,0.0,3.985555555555555,10.4713,106.0152,10.983333333333333,11.588888888888889,1,3,51,139,1970-01-21 11:17:10.666666666,1970-01-21 11:17:52.373333333,Đông,,,
Đồng Tháp,Đồng bằng sông Cửu Long,2026-01-18,24.98888888888889,29.244444444444444,21.522222222222226,28.688888888888886,34.144444444444446,25.333333333333332,0.5222222222222223,0.5222222222222223,0.0,3.4444444444444446,80.44444444444444,11.966666666666669,22.266666666666666,19.892222222222223,1009.0444444444444,64.11111111111111,21.08888888888889,0.0,4.043333333333333,10.4713,106.0152,11.088888888888889,11.59,1,3,51,128,1970-01-21 11:18:37.093333333,1970-01-21 11:19:18.820000000,Đông,,,
Đồng Tháp,Đồng bằng sông Cửu Long,2026-01-19,24.85555555555555,28.522222222222226,21.58888888888889,28.444444444444443,33.22222222222222,25.255555555555556,0.7666666666666667,0.7666666666666667,0.0,4.222222222222222,81.44444444444444,11.844444444444443,26.35555555555555,18.73111111111111,1010.1666666666666,64.66666666666667,21.22222222222222,0.0,3.751111111111111,10.4713,106.0152,10.927777777777775,11.598888888888888,1,4,51,135,1970-01-21 11:20:03.493333333,1970-01-21 11:20:45.233333333,Đông,,,
Đồng Tháp,Đồng bằng sông Cửu Long,2026-01-20,24.822222222222223,29.255555555555556,21.444444444444443,28.188888888888886,34.25555555555556,24.700000000000003,0.3777777777777777,0.3777777777777777,0.0,2.7777777777777777,79.11111111111111,13.522222222222222,25.0,19.191111111111113,1011.188888888889,82.55555555555556,20.666666666666668,0.0,4.015555555555555,10.4713,106.0152,10.764444444444443,11.601111111111113,1,4,51,135,1970-01-21 11:21:29.893333333,1970-01-21 11:22:11.680000000,Đông,,,
Đồng Tháp,Đồng bằng sông Cửu Long,2026-01-21,25.166666666666668,30.43333333333333,21.14444444444445,27.85555555555555,32.71111111111111,24.677777777777777,0.0222222222222222,0.0222222222222222,0.0,0.2222222222222222,72.88888888888889,14.6,29.35555555555555,21.506666666666668,1012.311111111111,49.44444444444444,19.266666666666666,0.0,4.598888888888889,10.4713,106.0152,11.224444444444444,11.61,1,4,3,107,1970-01-21 11:22:56.293333333,1970-01-21 11:23:38.093333333,Đông,,,
Đồng Tháp,Đồng bằng sông Cửu Long,2026-01-22,24.64444444444445,29.6,20.155555555555555,27.866666666666667,33.52222222222222,23.366666666666667,0.0666666666666666,0.0666666666666666,0.0,0.6666666666666666,76.22222222222223,11.555555555555555,22.633333333333333,20.21777777777778,1013.4888888888888,95.33333333333331,19.688888888888886,0.0,4.1,10.4713,106.0152,10.875555555555556,11.616666666666667,1,4,3,58,1970-01-21 11:24:22.700000000,1970-01-21 11:25:04.520000000,Đông,,,
Đồng Tháp,Đồng bằng sông Cửu Long,2026-01-23,25.0,30.14444444444445,20.211111111111112,28.311111111111114,34.56666666666667,22.444444444444443,0.0222222222222222,0.0222222222222222,0.0,0.2222222222222222,74.55555555555556,12.38888888888889,22.844444444444445,20.90888888888889,1014.5444444444444,46.22222222222222,19.700000000000003,0.0,4.257777777777778,10.4713,106.0152,11.345555555555556,11.62,1,4,3,40,1970-01-21 11:25:49.120000000,1970-01-21 11:26:30.953333333,Đông,,,
Đồng Tháp,Đồng bằng sông Cửu Long,2026-01-24,24.944444444444443,29.65555555555555,20.866666666666667,28.211111111111112,33.46666666666667,24.14444444444445,0.0222222222222222,0.0222222222222222,0.0,0.2222222222222222,76.33333333333333,12.477777777777778,22.35555555555555,20.203333333333333,1014.7555555555556,25.77777777777778,20.033333333333335,0.0,4.144444444444444,10.4713,106.0152,11.245555555555557,11.63,1,4,3,74,1970-01-21 11:27:15.520000000,1970-01-21 11:27:57.360000000,Đông,,,
Đồng Tháp,Đồng bằng sông Cửu Long,2026-01-25,24.711111111111112,29.122222222222224,20.744444444444444,27.977777777777774,33.544444444444444,23.844444444444445,0.2888888888888889,0.2888888888888889,0.0,2.3333333333333335,78.33333333333333,10.855555555555556,22.4,19.598888888888887,1014.0222222222224,40.22222222222222,20.333333333333332,0.0,3.97,10.4713,106.0152,11.302222222222222,11.636666666666668,1,4,51,107,1970-01-21 11:28:41.920000000,1970-01-21 11:29:23.806666666,Đông,,,
Đồng Tháp,Đồng bằng sông Cửu Long,2026-01-26,25.1,29.944444444444443,21.444444444444443,27.98888888888889,33.62222222222223,24.62222222222222,0.0444444444444444,0.0444444444444444,0.0,0.4444444444444444,76.22222222222223,15.033333333333337,28.688888888888886,20.204444444444444,1014.1222222222224,14.11111111111111,20.211111111111112,0.0,4.300000000000001,10.4713,106.0152,11.297777777777778,11.64,1,5,51,107,1970-01-21 11:30:08.320000000,1970-01-21 11:30:50.220000000,Đông,,,
Đồng Tháp,Đồng bằng sông Cửu Long,2026-01-27,25.322222222222223,30.055555555555557,21.322222222222223,28.14444444444445,33.8,23.85555555555555,0.0333333333333333,0.0333333333333333,0.0,0.3333333333333333,73.88888888888889,15.144444444444446,28.522222222222226,20.29888888888889,1014.6333333333334,41.44444444444444,19.966666666666665,0.0,4.318888888888889,10.4713,106.0152,11.253333333333334,11.65,1,5,3,117,1970-01-21 11:31:34.720000000,1970-01-21 11:32:16.660000000,Đông,,,
Đồng Tháp,Đồng bằng sông Cửu Long,2026-01-28,25.311111111111114,30.08888888888889,21.177777777777777,28.577777777777776,34.27777777777778,24.755555555555556,0.2555555555555555,0.2555555555555555,0.0,2.111111111111111,76.55555555555556,14.266666666666667,27.14444444444445,19.896666666666665,1014.0111111111112,47.111111111111114,20.48888888888889,0.0,4.20888888888889,10.4713,106.0152,11.097777777777775,11.656666666666666,1,5,51,106,1970-01-21 11:33:01.120000000,1970-01-21 11:33:43.073333333,Đông,,,
Đồng Tháp,Đồng bằng sông Cửu Long,2026-01-29,25.244444444444444,29.71111111111111,21.066666666666663,28.466666666666665,33.733333333333334,24.37777777777778,0.0111111111111111,0.0111111111111111,0.0,0.1111111111111111,76.11111111111111,13.944444444444445,26.344444444444445,18.885555555555555,1013.8666666666666,73.44444444444444,20.41111111111111,0.0,4.017777777777777,10.4713,106.0152,11.102222222222222,11.66,1,5,3,100,1970-01-21 11:34:27.520000000,1970-01-21 11:35:09.486666666,Đông,,,
Đồng Tháp,Đồng bằng sông Cửu Long,2026-01-30,25.6,30.5,21.688888888888886,28.877777777777776,35.22222222222222,24.677777777777777,0.0,0.0,0.0,0.0,75.66666666666667,13.977777777777778,26.788888888888888,19.66444444444444,1014.4777777777776,79.11111111111111,20.64444444444445,0.0,4.164444444444445,10.4713,106.0152,10.927777777777775,11.67,1,5,3,116,1970-01-21 11:35:53.913333333,1970-01-21 11:36:35.926666666,Đông,,,
Đồng Tháp,Đồng bằng sông Cửu Long,2026-01-31,25.822222222222223,30.88888888888889,22.466666666666665,28.766666666666666,35.28888888888889,25.166666666666668,0.0888888888888888,0.0888888888888888,0.0,0.7777777777777778,73.88888888888889,15.0,29.43333333333333,20.85555555555555,1014.3222222222222,58.0,20.48888888888889,0.0,4.612222222222223,10.4713,106.0152,10.901111111111112,11.677777777777775,1,5,3,118,1970-01-21 11:37:20.300000000,1970-01-21 11:38:02.333333333,Đông,,,
Đồng Tháp,Đồng bằng sông Cửu Long,2026-02-01,25.299999999999997,30.91111111111111,21.077777777777776,27.733333333333334,33.22222222222222,24.37777777777778,0.0,0.0,0.0,0.0,71.11111111111111,14.18888888888889,28.133333333333333,22.782222222222224,1014.1444444444446,70.44444444444444,18.92222222222222,0.0,4.944444444444445,10.4713,106.0152,11.341111111111111,11.685555555555556,2,5,3,74,1970-01-21 11:38:46.693333333,1970-01-21 11:39:28.760000000,Đông,,,
Đồng Tháp,Đồng bằng sông Cửu Long,2026-02-02,25.166666666666668,30.988888888888887,20.311111111111114,27.933333333333337,34.28888888888889,23.344444444444445,0.0,0.0,0.0,0.0,73.55555555555556,13.88888888888889,27.677777777777777,22.19555555555555,1014.1777777777778,68.66666666666667,19.422222222222224,0.0,4.79,10.4713,106.0152,11.225555555555555,11.69,2,6,3,72,1970-01-21 11:40:13.093333333,1970-01-21 11:40:55.193333333,Đông,,,
Đồng Tháp,Đồng bằng sông Cửu Long,2026-02-03,26.055555555555557,30.422222222222224,22.633333333333333,29.84444444444445,34.77777777777778,26.311111111111114,0.4777777777777777,0.4777777777777777,0.0,3.0,75.66666666666667,10.8,24.477777777777774,19.033333333333335,1014.3222222222222,67.55555555555556,21.14444444444445,0.0,4.06,10.4713,106.0152,9.524444444444445,11.7,2,6,51,97,1970-01-21 11:41:39.493333333,1970-01-21 11:42:21.600000000,Đông,,,
Đồng Tháp,Đồng bằng sông Cửu Long,2026-02-04,26.22222222222222,30.56666666666667,22.677777777777777,30.333333333333332,36.22222222222222,26.744444444444444,0.911111111111111,0.911111111111111,0.0,4.666666666666667,76.22222222222223,12.077777777777778,24.555555555555557,20.31888888888889,1013.9333333333332,56.0,21.41111111111111,0.0,4.322222222222222,10.4713,106.0152,11.28111111111111,11.707777777777778,2,6,51,134,1970-01-21 11:43:05.880000000,1970-01-21 11:43:48.026666666,Đông,,,
Đồng Tháp,Đồng bằng sông Cửu Long,2026-02-05,26.188888888888886,30.555555555555557,23.08888888888889,30.32222222222222,36.27777777777778,26.455555555555556,0.7777777777777778,0.7777777777777778,0.0,4.111111111111111,79.0,11.7,23.700000000000003,18.663333333333338,1013.2444444444444,80.33333333333333,22.022222222222226,0.0,3.9366666666666665,10.4713,106.0152,10.594444444444443,11.716666666666669,2,6,51,120,1970-01-21 11:44:32.273333333,1970-01-21 11:45:14.453333333,Đông,,,
Đồng Tháp,Đồng bằng sông Cửu Long,2026-02-06,25.633333333333333,29.744444444444444,22.633333333333333,29.799999999999997,34.96666666666667,26.98888888888889,1.088888888888889,1.088888888888889,0.0,3.7777777777777777,82.55555555555556,12.855555555555556,27.766666666666666,17.625555555555554,1012.7222222222222,91.88888888888889,22.299999999999997,0.0,3.6333333333333337,10.4713,106.0152,10.546666666666669,11.72222222222222,2,6,53,157,1970-01-21 11:45:58.660000000,1970-01-21 11:46:40.853333333,Đông,,,
Đồng Tháp,Đồng bằng sông Cửu Long,2026-02-07,26.055555555555557,30.488888888888887,22.655555555555555,29.877777777777776,34.86666666666667,26.233333333333334,0.3777777777777777,0.3777777777777777,0.0,2.7777777777777777,79.77777777777777,13.88888888888889,25.577777777777776,19.61,1012.0222222222224,62.44444444444444,21.955555555555556,0.0,4.125555555555556,10.4713,106.0152,11.004444444444443,11.73,2,6,51,129,1970-01-21 11:47:25.060000000,1970-01-21 11:48:07.280000000,Đông,,,
Đồng Tháp,Đồng bằng sông Cửu Long,2026-02-08,26.08888888888889,30.84444444444445,22.955555555555556,29.32222222222222,35.03333333333333,26.0,0.3333333333333333,0.3333333333333333,0.0,2.0,75.0,14.933333333333334,28.877777777777776,20.301111111111112,1012.3777777777776,40.0,20.88888888888889,0.0,4.478888888888889,10.4713,106.0152,9.775555555555556,11.74,2,6,51,118,1970-01-21 11:48:51.433333333,1970-01-21 11:49:33.713333333,Đông,,,
Đồng Tháp,Đồng bằng sông Cửu Long,2026-02-09,25.733333333333334,31.077777777777776,20.77777777777778,29.43333333333333,36.099999999999994,23.58888888888889,0.0,0.0,0.0,0.0,73.66666666666667,10.822222222222225,20.299999999999997,23.156666666666663,1011.7222222222222,67.55555555555556,20.200000000000003,0.0,4.747777777777778,10.4713,106.0152,11.536666666666669,11.747777777777776,2,7,3,11,1970-01-21 11:50:17.833333333,1970-01-21 11:51:00.113333333,Đông,,,
Đồng Tháp,Đồng bằng sông Cửu Long,2026-02-10,26.211111111111112,31.011111111111113,21.5,30.633333333333333,37.02222222222222,25.6,0.0,0.0,0.0,0.0,77.77777777777777,13.333333333333334,24.35555555555555,20.69666666666667,1012.311111111111,34.44444444444444,21.711111111111112,0.0,4.354444444444444,10.4713,106.0152,11.417777777777776,11.756666666666668,2,7,3,119,1970-01-21 11:51:44.220000000,1970-01-21 11:52:26.526666666,Đông,,,
Đồng Tháp,Đồng bằng sông Cửu Long,2026-02-11,25.633333333333333,29.444444444444443,23.58888888888889,29.866666666666667,34.7,26.955555555555556,7.111111111111111,7.111111111111111,0.0,8.0,85.44444444444444,14.133333333333333,32.15555555555555,14.926666666666668,1013.7999999999998,85.88888888888889,22.87777777777778,0.0,3.1033333333333335,10.4713,106.0152,7.0,11.763333333333334,2,7,63,87,1970-01-21 11:53:10.600000000,1970-01-21 11:53:52.960000000,Đông,,,
Đồng Tháp,Đồng bằng sông Cửu Long,2026-02-12,26.38888888888889,30.744444444444444,22.933333333333337,31.077777777777776,36.96666666666667,27.41111111111111,0.8999999999999999,0.8999999999999999,0.0,2.888888888888889,82.11111111111111,12.511111111111113,24.833333333333332,19.54111111111111,1012.4888888888888,83.66666666666667,22.844444444444445,0.0,4.0633333333333335,10.4713,106.0152,11.10888888888889,11.77222222222222,2,7,51,107,1970-01-21 11:54:36.986666666,1970-01-21 11:55:19.373333333,Đông,,,
Đồng Tháp,Đồng bằng sông Cửu Long,2026-02-13,26.833333333333332,32.06666666666667,22.87777777777778,30.78888888888889,37.388888888888886,26.555555555555557,0.2222222222222222,0.2222222222222222,0.0,2.0,75.55555555555556,15.366666666666667,29.4,21.17,1011.0444444444444,90.11111111111111,21.844444444444445,0.0,4.725555555555555,10.4713,106.0152,10.36111111111111,11.78,2,7,51,112,1970-01-21 11:56:03.373333333,1970-01-21 11:56:45.773333333,Đông,,,
Đồng Tháp,Đồng bằng sông Cửu Long,2026-02-14,26.5,31.666666666666668,22.977777777777774,30.85555555555555,36.922222222222224,26.977777777777774,3.1222222222222222,3.1222222222222222,0.0,3.6666666666666665,78.11111111111111,11.855555555555556,28.22222222222222,18.826666666666668,1010.5444444444444,98.33333333333331,22.155555555555555,0.0,4.013333333333333,10.4713,106.0152,9.841111111111111,11.787777777777777,2,7,61,157,1970-01-21 11:57:29.760000000,1970-01-21 11:58:12.186666666,Đông,,,
Đồng Tháp,Đồng bằng sông Cửu Long,2026-02-15,26.966666666666665,32.03333333333333,23.0,31.244444444444444,37.96666666666667,27.444444444444443,0.9555555555555556,0.9555555555555556,0.0,1.6666666666666667,77.11111111111111,13.366666666666667,27.677777777777777,20.66111111111111,1010.077777777778,68.44444444444444,22.311111111111114,0.0,4.601111111111111,10.4713,106.0152,11.343333333333334,11.797777777777778,2,7,51,102,1970-01-21 11:58:56.140000000,1970-01-21 11:59:38.613333333,Đông,,,
Đồng Tháp,Đồng bằng sông Cửu Long,2026-02-16,27.866666666666667,32.888888888888886,23.966666666666665,30.299999999999997,36.48888888888889,25.98888888888889,0.0333333333333333,0.0333333333333333,0.0,0.3333333333333333,64.77777777777777,16.211111111111112,32.599999999999994,22.64,1009.3222222222222,67.55555555555556,20.288888888888888,0.0,5.765555555555555,10.4713,106.0152,11.233333333333334,11.806666666666668,2,8,3,101,1970-01-21 12:00:22.513333333,1970-01-21 12:01:05.033333333,Đông,,,
Đồng Tháp,Đồng bằng sông Cửu Long,2026-02-17,27.755555555555556,32.666666666666664,24.366666666666667,29.71111111111111,35.18888888888889,26.688888888888886,0.0,0.0,0.0,0.0,63.55555555555556,19.533333333333335,39.78888888888889,23.07,1009.9,93.77777777777776,19.844444444444445,0.0,5.996666666666666,10.4713,106.0152,11.524444444444445,11.816666666666668,2,8,3,115,1970-01-21 12:01:48.900000000,1970-01-21 12:02:31.433333333,Đông,,,
Đồng Tháp,Đồng bằng sông Cửu Long,2026-02-18,27.58888888888889,33.077777777777776,22.72222222222222,29.93333333333333,36.34444444444445,24.933333333333337,0.0,0.0,0.0,0.0,64.44444444444444,17.255555555555556,33.7,22.993333333333332,1011.0333333333332,95.44444444444444,19.966666666666665,0.0,5.79111111111111,10.4713,106.0152,11.633333333333333,11.826666666666666,2,8,3,104,1970-01-21 12:03:15.280000000,1970-01-21 12:03:57.833333333,Đông,,,
Đồng Tháp,Đồng bằng sông Cửu Long,2026-02-19,27.466666666666665,32.2,23.177777777777777,31.200000000000003,37.58888888888889,26.87777777777778,0.0333333333333333,0.0333333333333333,0.0,0.2222222222222222,69.44444444444444,14.41111111111111,27.333333333333332,23.24888888888889,1012.4666666666668,73.44444444444444,21.12222222222222,0.0,5.243333333333333,10.4713,106.0152,11.59,11.833333333333334,2,8,3,96,1970-01-21 12:04:41.653333333,1970-01-21 12:05:24.246666666,Đông,,,
Đồng Tháp,Đồng bằng sông Cửu Long,2026-02-20,27.22222222222222,32.111111111111114,23.01111111111111,31.1,37.900000000000006,26.755555555555556,0.0777777777777777,0.0777777777777777,0.0,0.7777777777777778,70.44444444444444,14.47777777777778,27.12222222222222,22.74,1012.4777777777776,44.666666666666664,21.01111111111111,0.0,4.953333333333333,10.4713,106.0152,11.56111111111111,11.843333333333334,2,8,3,96,1970-01-21 12:06:08.040000000,1970-01-21 12:06:50.653333333,Đông,,,
Đồng Tháp,Đồng bằng sông Cửu Long,2026-02-21,26.77777777777778,31.733333333333334,22.455555555555556,31.022222222222226,37.53333333333333,26.64444444444445,0.2444444444444444,0.2444444444444444,0.0,2.3333333333333335,75.0,12.444444444444445,24.688888888888886,22.034444444444446,1009.8444444444444,37.22222222222222,21.566666666666663,0.0,4.706666666666667,10.4713,106.0152,11.632222222222222,11.853333333333332,2,8,51,185,1970-01-21 12:07:34.406666666,1970-01-21 12:08:17.080000000,Đông,,,
Đồng Tháp,Đồng bằng sông Cửu Long,2026-02-22,26.733333333333334,31.266666666666666,22.788888888888888,31.055555555555557,36.75555555555556,27.311111111111114,0.5111111111111111,0.5111111111111111,0.0,4.0,77.33333333333333,12.322222222222225,22.966666666666665,21.72,1008.4555555555556,42.111111111111114,22.066666666666663,0.0,4.644444444444444,10.4713,106.0152,11.546666666666669,11.862222222222222,2,8,51,131,1970-01-21 12:09:00.780000000,1970-01-21 12:09:43.493333333,Đông,,,
Đồng Tháp,Đồng bằng sông Cửu Long,2026-02-23,26.922222222222224,31.366666666666667,23.333333333333332,30.71111111111111,36.45555555555555,27.655555555555555,0.1333333333333333,0.1333333333333333,0.0,1.3333333333333333,75.55555555555556,12.511111111111113,27.444444444444443,22.536666666666665,1008.9555555555556,57.333333333333336,21.766666666666666,0.0,5.016666666666667,10.4713,106.0152,11.541111111111112,11.87,2,9,51,117,1970-01-21 12:10:27.160000000,1970-01-21 12:11:09.893333333,Đông,,,
Đồng Tháp,Đồng bằng sông Cửu Long,2026-02-24,26.844444444444445,31.35555555555555,23.166666666666668,30.45555555555556,35.91111111111111,27.27777777777778,0.0777777777777777,0.0777777777777777,0.0,0.7777777777777778,75.33333333333333,15.355555555555554,31.633333333333333,20.788888888888888,1009.5222222222224,94.44444444444444,21.77777777777778,0.0,4.642222222222222,10.4713,106.0152,11.47888888888889,11.87888888888889,2,9,51,120,1970-01-21 12:11:53.533333333,1970-01-21 12:12:36.293333333,Đông,,,
Đồng Tháp,Đồng bằng sông Cửu Long,2026-02-25,27.022222222222226,31.41111111111111,23.477777777777774,30.877777777777776,36.31111111111111,27.922222222222224,0.0555555555555555,0.0555555555555555,0.0,0.5555555555555556,75.77777777777777,13.633333333333333,27.433333333333337,19.742222222222225,1009.8444444444444,88.88888888888889,22.077777777777776,0.0,4.488888888888889,10.4713,106.0152,9.607777777777777,11.886666666666668,2,9,51,119,1970-01-21 12:13:19.906666666,1970-01-21 12:14:02.693333333,Đông,,,
Đồng Tháp,Đồng bằng sông Cửu Long,2026-02-26,24.922222222222224,27.977777777777774,23.677777777777777,29.266666666666666,32.111111111111114,27.91111111111111,21.299999999999997,21.299999999999997,0.0,15.0,89.66666666666667,14.58888888888889,32.74444444444444,9.008888888888889,1008.9,99.77777777777776,23.066666666666663,0.0,1.901111111111111,10.4713,106.0152,2.9266666666666667,11.896666666666668,2,9,63,94,1970-01-21 12:14:46.273333333,1970-01-21 12:15:29.106666666,Đông,,,
Đồng Tháp,Đồng bằng sông Cửu Long,2026-02-27,24.922222222222224,28.344444444444445,23.311111111111114,29.866666666666667,34.02222222222222,28.066666666666663,29.32222222222222,29.32222222222222,0.0,18.77777777777778,92.11111111111111,11.855555555555556,27.266666666666666,13.58222222222222,1007.9777777777776,89.55555555555556,23.522222222222226,0.0,2.6444444444444444,10.4713,106.0152,6.778888888888889,11.906666666666666,2,9,65,85,1970-01-21 12:16:12.660000000,1970-01-21 12:16:55.506666666,Đông,,,
Đồng Tháp,Đồng bằng sông Cửu Long,2026-02-28,25.922222222222224,30.58888888888889,22.61111111111111,31.08888888888889,37.666666666666664,27.033333333333335,3.933333333333333,3.933333333333333,0.0,7.0,87.88888888888889,10.877777777777778,24.555555555555557,19.67888888888889,1007.8888888888888,30.555555555555557,23.6,0.0,3.9577777777777774,10.4713,106.0152,11.12,11.916666666666666,2,9,63,113,1970-01-21 12:17:39.026666666,1970-01-21 12:18:21.920000000,Đông,,,
Đồng Tháp,Đồng bằng sông Cửu Long,2026-03-01,26.977777777777774,31.577777777777776,24.044444444444444,32.58888888888889,38.97777777777778,29.244444444444444,1.8666666666666667,1.8666666666666667,0.0,2.3333333333333335,85.33333333333333,10.411111111111111,22.1,21.836666666666662,1008.1666666666666,39.55555555555556,24.022222222222226,0.0,4.51,10.4713,106.0152,10.893333333333333,11.926666666666668,3,9,63,134,1970-01-21 12:19:05.400000000,1970-01-21 12:19:48.346666666,Xuân,,,
Đồng Tháp,Đồng bằng sông Cửu Long,2026-03-02,27.744444444444444,32.06666666666667,24.266666666666666,33.144444444444446,38.43333333333333,29.65555555555555,0.3111111111111111,0.3111111111111111,0.0,2.111111111111111,81.66666666666667,10.933333333333334,21.72222222222222,22.29888888888889,1009.2666666666668,31.0,24.01111111111111,0.0,4.726666666666667,10.4713,106.0152,11.74,11.936666666666666,3,10,51,145,1970-01-21 12:20:31.780000000,1970-01-21 12:21:14.753333333,Xuân,,,
Đồng Tháp,Đồng bằng sông Cửu Long,2026-03-03,28.044444444444444,32.333333333333336,24.62222222222222,33.71111111111111,39.47777777777778,29.9,0.0555555555555555,0.0555555555555555,0.0,0.5555555555555556,80.66666666666667,11.466666666666669,21.91111111111111,22.84111111111111,1009.6222222222224,49.77777777777778,24.077777777777776,0.0,4.7844444444444445,10.4713,106.0152,11.664444444444444,11.946666666666664,3,10,3,147,1970-01-21 12:21:58.140000000,1970-01-21 12:22:41.153333333,Xuân,,,
Đồng Tháp,Đồng bằng sông Cửu Long,2026-03-04,27.544444444444444,31.922222222222224,24.5,32.98888888888889,38.8,29.833333333333332,0.5,0.5,0.0,2.4444444444444446,82.55555555555556,11.7,23.066666666666663,22.655555555555555,1009.9,24.77777777777778,24.044444444444444,0.0,4.771111111111111,10.4713,106.0152,11.58,11.953333333333331,3,10,51,137,1970-01-21 12:23:24.520000000,1970-01-21 12:24:07.553333333,Xuân,,,
Đồng Tháp,Đồng bằng sông Cửu Long,2026-03-05,27.211111111111112,31.622222222222224,23.88888888888889,31.91111111111111,36.95555555555555,29.033333333333335,0.8222222222222223,0.8222222222222223,0.0,2.3333333333333335,80.55555555555556,13.755555555555556,29.122222222222224,21.774444444444445,1009.7777777777778,32.111111111111114,23.200000000000003,0.0,4.712222222222222,10.4713,106.0152,11.554444444444446,11.963333333333331,3,10,51,117,1970-01-21 12:24:50.880000000,1970-01-21 12:25:33.953333333,Xuân,,,
Đồng Tháp,Đồng bằng sông Cửu Long,2026-03-06,25.48888888888889,30.299999999999997,22.655555555555555,30.58888888888889,37.05555555555556,27.08888888888889,10.4,10.4,0.0,13.666666666666666,87.66666666666667,10.577777777777778,32.611111111111114,19.79222222222222,1010.8222222222222,48.0,23.1,0.0,3.948888888888889,10.4713,106.0152,11.032222222222222,11.973333333333334,3,10,63,7,1970-01-21 12:26:17.260000000,1970-01-21 12:27:00.353333333,Xuân,,,
Đồng Tháp,Đồng bằng sông Cửu Long,2026-03-07,25.666666666666668,30.811111111111114,22.555555555555557,30.84444444444445,37.41111111111111,27.299999999999997,3.9,3.9,0.0,7.0,86.11111111111111,11.344444444444443,25.255555555555556,21.811111111111114,1011.4,54.55555555555556,22.922222222222224,0.0,4.406666666666666,10.4713,106.0152,10.85,11.981111111111112,3,10,63,69,1970-01-21 12:27:43.620000000,1970-01-21 12:28:26.753333333,Xuân,,,
Đồng Tháp,Đồng bằng sông Cửu Long,2026-03-08,26.522222222222226,31.555555555555557,22.62222222222222,30.877777777777776,36.922222222222224,26.933333333333337,0.3333333333333333,0.3333333333333333,0.0,2.3333333333333335,78.66666666666667,11.9,23.844444444444445,23.237777777777776,1011.2333333333332,20.11111111111111,22.14444444444445,0.0,4.864444444444445,10.4713,106.0152,11.666666666666666,11.991111111111111,3,10,51,59,1970-01-21 12:29:10.000000000,1970-01-21 12:29:53.153333333,Xuân,,,
Đồng Tháp,Đồng bằng sông Cửu Long,2026-03-09,26.311111111111114,30.755555555555556,23.022222222222226,31.41111111111111,37.24444444444444,27.688888888888886,3.4444444444444446,3.4444444444444446,0.0,6.555555555555555,84.44444444444444,13.27777777777778,26.32222222222222,21.91111111111111,1011.8888888888888,32.0,23.211111111111112,0.0,4.524444444444445,10.4713,106.0152,10.625555555555556,12.0,3,11,63,114,1970-01-21 12:30:36.360000000,1970-01-21 12:31:19.560000000,Xuân,,,
Đồng Tháp,Đồng bằng sông Cửu Long,2026-03-10,26.61111111111111,31.64444444444445,23.233333333333334,31.733333333333334,38.62222222222223,27.7,2.477777777777778,2.477777777777778,0.0,3.2222222222222223,82.66666666666667,12.488888888888887,27.255555555555556,22.296666666666667,1012.3777777777776,32.22222222222222,23.166666666666668,0.0,4.636666666666667,10.4713,106.0152,11.82,12.01,3,11,51,86,1970-01-21 12:32:02.726666666,1970-01-21 12:32:45.960000000,Xuân,,,
Đồng Tháp,Đồng bằng sông Cửu Long,2026-03-11,26.944444444444443,31.82222222222222,23.244444444444444,31.444444444444443,37.65555555555555,27.077777777777776,0.1333333333333333,0.1333333333333333,0.0,0.8888888888888888,76.88888888888889,14.166666666666666,30.11111111111111,23.642222222222223,1011.5444444444444,53.22222222222222,22.12222222222222,0.0,5.026666666666667,10.4713,106.0152,11.852222222222222,12.02,3,11,51,75,1970-01-21 12:33:29.093333333,1970-01-21 12:34:12.360000000,Xuân,,,
Đồng Tháp,Đồng bằng sông Cửu Long,2026-03-12,27.077777777777776,31.366666666666667,24.255555555555556,30.56666666666667,36.388888888888886,27.11111111111111,0.4111111111111111,0.4111111111111111,0.0,2.6666666666666665,72.55555555555556,16.61111111111111,30.477777777777774,22.78666666666667,1010.7777777777778,36.111111111111114,21.444444444444443,0.0,5.182222222222222,10.4713,106.0152,11.423333333333334,12.03,3,11,51,110,1970-01-21 12:34:55.453333333,1970-01-21 12:35:38.760000000,Xuân,,,
Đồng Tháp,Đồng bằng sông Cửu Long,2026-03-13,26.366666666666667,30.84444444444445,23.466666666666665,29.85555555555555,35.67777777777778,26.044444444444444,1.0333333333333334,1.0333333333333334,0.0,4.111111111111111,73.77777777777777,14.822222222222225,29.366666666666667,22.006666666666668,1011.4111111111112,33.0,21.0,0.0,4.837777777777777,10.4713,106.0152,11.491111111111111,12.04,3,11,51,91,1970-01-21 12:36:21.826666666,1970-01-21 12:37:05.160000000,Xuân,,,
Đồng Tháp,Đồng bằng sông Cửu Long,2026-03-14,26.37777777777778,30.688888888888886,23.755555555555556,30.77777777777778,36.15555555555555,27.955555555555556,0.3333333333333333,0.3333333333333333,0.0,2.3333333333333335,78.77777777777777,12.444444444444445,24.166666666666668,18.38888888888889,1012.4444444444443,54.44444444444444,22.155555555555555,0.0,3.9877777777777776,10.4713,106.0152,8.58222222222222,12.05,3,11,51,92,1970-01-21 12:37:48.180000000,1970-01-21 12:38:31.560000000,Xuân,,,
Đồng Tháp,Đồng bằng sông Cửu Long,2026-03-15,26.35555555555555,31.299999999999997,22.6,30.766666666666666,37.37777777777777,26.944444444444443,2.2444444444444445,2.2444444444444445,0.0,6.222222222222222,78.77777777777777,15.5,29.72222222222222,22.826666666666668,1012.9111111111112,25.22222222222222,21.977777777777774,0.0,4.876666666666667,10.4713,106.0152,11.696666666666664,12.06,3,11,51,81,1970-01-21 12:39:14.560000000,1970-01-21 12:39:57.960000000,Xuân,,,
Đồng Tháp,Đồng bằng sông Cửu Long,2026-03-16,26.85555555555555,31.077777777777776,23.244444444444447,29.833333333333332,35.28888888888889,26.188888888888886,0.4555555555555555,0.4555555555555555,0.0,2.2222222222222223,71.77777777777777,16.866666666666667,33.51111111111111,23.013333333333335,1011.6111111111112,15.77777777777778,21.08888888888889,0.0,5.27,10.4713,106.0152,11.9,12.07,3,12,51,103,1970-01-21 12:40:40.920000000,1970-01-21 12:41:24.360000000,Xuân,,,
Đồng Tháp,Đồng bằng sông Cửu Long,2026-03-17,26.833333333333332,31.15555555555555,23.655555555555555,29.622222222222224,35.18888888888889,26.433333333333337,0.2222222222222222,0.2222222222222222,0.0,1.5555555555555556,72.44444444444444,17.922222222222224,36.31111111111111,23.636666666666667,1011.6555555555556,55.0,21.08888888888889,0.0,5.401111111111111,10.4713,106.0152,11.91,12.08,3,12,51,113,1970-01-21 12:42:07.286666666,1970-01-21 12:42:50.760000000,Xuân,,,
Đồng Tháp,Đồng bằng sông Cửu Long,2026-03-18,26.844444444444445,31.1,23.48888888888889,30.011111111111113,35.733333333333334,26.266666666666666,0.1888888888888888,0.1888888888888888,0.0,1.6666666666666667,72.66666666666667,15.41111111111111,30.41111111111111,23.44555555555555,1012.0222222222224,26.22222222222222,21.22222222222222,0.0,5.261111111111111,10.4713,106.0152,11.918888888888889,12.09,3,12,51,121,1970-01-21 12:43:33.653333333,1970-01-21 12:44:17.160000000,Xuân,,,
Đồng Tháp,Đồng bằng sông Cửu Long,2026-03-19,26.755555555555556,31.200000000000003,22.844444444444445,30.299999999999997,35.86666666666667,26.822222222222223,0.0555555555555555,0.0555555555555555,0.0,0.5555555555555556,74.77777777777777,15.766666666666667,32.86666666666667,23.07,1011.688888888889,19.666666666666668,21.51111111111111,0.0,5.102222222222222,10.4713,106.0152,11.928888888888888,12.1,3,12,51,122,1970-01-21 12:45:00.000000000,1970-01-21 12:45:43.560000000,Xuân,,,
Đồng Tháp,Đồng bằng sông Cửu Long,2026-03-20,26.744444444444444,31.122222222222224,22.88888888888889,30.700000000000003,36.0,27.333333333333332,0.3111111111111111,0.3111111111111111,0.0,2.7777777777777777,77.11111111111111,13.466666666666669,29.43333333333333,23.02,1011.7111111111112,47.44444444444444,22.044444444444444,0.0,4.995555555555556,10.4713,106.0152,11.938888888888888,12.11,3,12,51,142,1970-01-21 12:46:26.386666666,1970-01-21 12:47:09.960000000,Xuân,,,
Đồng Tháp,Đồng bằng sông Cửu Long,2026-03-21,26.955555555555556,31.6,22.977777777777774,30.67777777777778,35.94444444444444,27.48888888888889,0.3222222222222222,0.3222222222222222,0.0,2.6666666666666665,75.77777777777777,14.433333333333334,30.577777777777776,23.156666666666663,1011.8777777777776,33.333333333333336,21.91111111111111,0.0,5.164444444444444,10.4713,106.0152,11.948888888888888,12.12,3,12,51,118,1970-01-21 12:47:52.740000000,1970-01-21 12:48:36.360000000,Xuân,,,
Đồng Tháp,Đồng bằng sông Cửu Long,2026-03-22,27.3,31.966666666666665,24.200000000000003,30.54444444444444,35.900000000000006,27.788888888888888,0.0,0.0,0.0,0.0,73.11111111111111,17.844444444444445,36.63333333333333,23.556666666666665,1011.2888888888888,18.22222222222222,21.61111111111111,0.0,5.403333333333333,10.4713,106.0152,11.955555555555556,12.13,3,12,3,112,1970-01-21 12:49:19.120000000,1970-01-21 12:50:02.760000000,Xuân,,,
Đồng Tháp,Đồng bằng sông Cửu Long,2026-03-23,27.333333333333332,32.13333333333333,23.38888888888889,31.033333333333335,36.84444444444445,27.64444444444445,0.1444444444444444,0.1444444444444444,0.0,1.4444444444444444,74.22222222222223,15.3,30.27777777777778,23.36888888888889,1010.8888888888888,23.555555555555557,21.866666666666667,0.0,5.275555555555556,10.4713,106.0152,11.967777777777778,12.14,3,13,51,114,1970-01-21 12:50:45.473333333,1970-01-21 12:51:29.160000000,Xuân,,,
Đồng Tháp,Đồng bằng sông Cửu Long,2026-03-24,27.155555555555555,32.17777777777778,23.01111111111111,30.833333333333332,37.04444444444445,26.98888888888889,0.0,0.0,0.0,0.0,74.33333333333333,14.022222222222222,29.477777777777774,24.87777777777778,1009.9111111111112,10.11111111111111,21.666666666666668,0.0,5.52,10.4713,106.0152,11.97777777777778,12.15,3,13,1,117,1970-01-21 12:52:11.833333333,1970-01-21 12:52:55.560000000,Xuân,,,
Đồng Tháp,Đồng bằng sông Cửu Long,2026-03-25,27.266666666666666,33.011111111111106,22.733333333333334,30.91111111111111,37.400000000000006,27.0,0.0,0.0,0.0,0.0,72.88888888888889,15.5,31.188888888888886,25.255555555555556,1009.9888888888888,17.666666666666668,21.27777777777778,0.0,5.746666666666666,10.4713,106.0152,11.987777777777778,12.16,3,13,2,116,1970-01-21 12:53:38.213333333,1970-01-21 12:54:21.960000000,Xuân,,,
Đồng Tháp,Đồng bằng sông Cửu Long,2026-03-26,27.455555555555556,32.644444444444446,23.455555555555556,31.033333333333335,36.733333333333334,27.844444444444445,0.0222222222222222,0.0222222222222222,0.0,0.2222222222222222,73.33333333333333,15.0,30.64444444444445,22.66111111111111,1009.9777777777776,21.88888888888889,21.711111111111112,0.0,5.211111111111111,10.4713,106.0152,11.955555555555556,12.17,3,13,3,113,1970-01-21 12:55:04.560000000,1970-01-21 12:55:48.360000000,Xuân,,,
Đồng Tháp,Đồng bằng sông Cửu Long,2026-03-27,27.1,32.166666666666664,22.977777777777774,30.38888888888889,36.36666666666667,26.766666666666666,0.0222222222222222,0.0222222222222222,0.0,0.2222222222222222,72.33333333333333,13.255555555555556,28.88888888888889,22.862222222222226,1009.7888888888888,17.22222222222222,21.1,0.0,5.207777777777777,10.4713,106.0152,11.942222222222222,12.18,3,13,2,127,1970-01-21 12:56:30.946666666,1970-01-21 12:57:14.760000000,Xuân,,,
Đồng Tháp,Đồng bằng sông Cửu Long,2026-03-28,26.966666666666665,32.577777777777776,22.566666666666663,30.533333333333335,37.233333333333334,26.677777777777777,0.0,0.0,0.0,0.0,74.77777777777777,15.577777777777776,33.02222222222222,24.63222222222222,1009.188888888889,22.88888888888889,21.58888888888889,0.0,5.561111111111111,10.4713,106.0152,12.0,12.188888888888888,3,13,3,121,1970-01-21 12:57:57.293333333,1970-01-21 12:58:41.160000000,Xuân,,,
Đồng Tháp,Đồng bằng sông Cửu Long,2026-03-29,27.766666666666666,33.37777777777777,22.766666666666666,31.877777777777776,38.52222222222222,27.35555555555555,0.0111111111111111,0.0111111111111111,0.0,0.1111111111111111,75.0,15.877777777777778,33.400000000000006,23.853333333333335,1009.5222222222224,38.44444444444444,22.35555555555555,0.0,5.501111111111111,10.4713,106.0152,12.0,12.196666666666664,3,13,3,121,1970-01-21 12:59:23.666666666,1970-01-21 13:00:07.560000000,Xuân,,,
Đồng Tháp,Đồng bằng sông Cửu Long,2026-03-30,28.0,32.388888888888886,24.544444444444444,32.8,38.599999999999994,29.41111111111111,0.5222222222222223,0.5222222222222223,0.0,2.7777777777777777,76.66666666666667,12.4,24.35555555555555,22.862222222222226,1010.2888888888888,34.888888888888886,23.022222222222226,0.0,5.104444444444444,10.4713,106.0152,11.45,12.206666666666669,3,14,51,145,1970-01-21 13:00:50.033333333,1970-01-21 13:01:33.960000000,Xuân,,,
Đồng Tháp,Đồng bằng sông Cửu Long,2026-03-31,28.066666666666663,33.05555555555556,23.477777777777774,32.76666666666667,39.32222222222222,28.466666666666665,0.1111111111111111,0.1111111111111111,0.0,0.6666666666666666,74.0,13.288888888888888,24.72222222222222,24.552222222222223,1010.5444444444444,39.55555555555556,22.38888888888889,0.0,5.38,10.4713,106.0152,11.934444444444445,12.216666666666669,3,14,3,136,1970-01-21 13:02:16.380000000,1970-01-21 13:03:00.360000000,Xuân,,,
Đồng Tháp,Đồng bằng sông Cửu Long,2026-04-01,28.055555555555557,33.422222222222224,24.188888888888886,32.31111111111111,38.68888888888889,29.011111111111113,0.0,0.0,0.0,0.0,73.22222222222223,14.866666666666667,27.633333333333333,24.976666666666667,1010.2666666666668,29.11111111111111,22.14444444444445,0.0,5.73,10.4713,106.0152,11.33,12.226666666666668,4,14,3,121,1970-01-21 13:03:42.766666666,1970-01-21 13:04:26.760000000,Xuân,,,
Đồng Tháp,Đồng bằng sông Cửu Long,2026-04-02,28.033333333333335,33.3,23.733333333333334,31.78888888888889,37.74444444444444,28.577777777777776,0.0,0.0,0.0,0.0,71.55555555555556,14.955555555555556,29.38888888888889,23.32888888888889,1010.9444444444443,17.0,21.72222222222222,0.0,5.553333333333334,10.4713,106.0152,12.0,12.233333333333334,4,14,3,132,1970-01-21 13:05:09.113333333,1970-01-21 13:05:53.160000000,Xuân,,,
Đồng Tháp,Đồng bằng sông Cửu Long,2026-04-03,27.966666666666665,32.98888888888889,23.755555555555556,31.633333333333333,37.93333333333333,27.922222222222224,0.0,0.0,0.0,0.0,69.55555555555556,14.0,28.4,24.71444444444445,1010.1555555555556,25.88888888888889,21.288888888888888,0.0,5.724444444444445,10.4713,106.0152,12.0,12.243333333333332,4,14,3,122,1970-01-21 13:06:35.480000000,1970-01-21 13:07:19.560000000,Xuân,,,
Đồng Tháp,Đồng bằng sông Cửu Long,2026-04-04,27.61111111111111,33.166666666666664,21.977777777777774,31.877777777777776,38.077777777777776,26.6,0.0,0.0,0.0,0.0,72.33333333333333,12.0,23.755555555555556,25.59111111111111,1008.7777777777778,77.88888888888889,21.433333333333337,0.0,5.612222222222222,10.4713,106.0152,12.0,12.253333333333334,4,14,3,196,1970-01-21 13:08:01.853333333,1970-01-21 13:08:45.960000000,Xuân,,,
Đồng Tháp,Đồng bằng sông Cửu Long,2026-04-05,28.64444444444445,34.13333333333333,23.41111111111111,33.111111111111114,39.48888888888889,28.299999999999997,0.0,0.0,0.0,0.0,71.88888888888889,13.411111111111111,25.64444444444445,24.197777777777777,1008.2444444444444,12.333333333333334,22.477777777777774,0.0,5.59,10.4713,106.0152,12.0,12.263333333333334,4,14,1,175,1970-01-21 13:09:28.206666666,1970-01-21 13:10:12.360000000,Xuân,,,
Đồng Tháp,Đồng bằng sông Cửu Long,2026-04-06,28.977777777777774,34.32222222222222,23.88888888888889,33.34444444444445,39.833333333333336,28.811111111111114,0.0,0.0,0.0,0.0,70.55555555555556,12.955555555555556,26.6,25.348888888888887,1009.4777777777776,7.666666666666667,22.422222222222224,0.0,5.857777777777778,10.4713,106.0152,12.0,12.273333333333332,4,15,1,174,1970-01-21 13:10:54.593333333,1970-01-21 13:11:38.760000000,Xuân,,,
Đồng Tháp,Đồng bằng sông Cửu Long,2026-04-07,29.255555555555556,34.84444444444445,24.255555555555556,33.25555555555556,39.63333333333333,29.033333333333335,0.0,0.0,0.0,0.0,66.44444444444444,11.544444444444444,23.87777777777778,26.424444444444443,1010.0333333333332,44.0,21.41111111111111,0.0,6.165555555555556,10.4713,106.0152,12.0,12.283333333333331,4,15,3,200,1970-01-21 13:12:20.940000000,1970-01-21 13:13:05.160000000,Xuân,,,
Đồng Tháp,Đồng bằng sông Cửu Long,2026-04-08,29.5,34.68888888888889,24.544444444444444,34.32222222222222,40.43333333333333,29.977777777777774,0.0222222222222222,0.0222222222222222,0.0,0.2222222222222222,71.22222222222223,13.588888888888889,24.766666666666666,23.895555555555557,1009.9666666666668,30.444444444444443,23.022222222222226,0.0,5.605555555555556,10.4713,106.0152,12.0,12.293333333333331,4,15,3,186,1970-01-21 13:13:47.326666666,1970-01-21 13:14:31.560000000,Xuân,,,
Đồng Tháp,Đồng bằng sông Cửu Long,2026-04-09,29.27777777777778,34.111111111111114,25.08888888888889,33.71111111111111,39.666666666666664,30.299999999999997,0.0333333333333333,0.0333333333333333,0.0,0.3333333333333333,70.33333333333333,13.333333333333334,26.433333333333337,24.42111111111111,1010.7777777777778,22.333333333333332,22.633333333333333,0.0,5.773333333333333,10.4713,106.0152,11.908888888888889,12.303333333333336,4,15,3,156,1970-01-21 13:15:13.673333333,1970-01-21 13:15:57.960000000,Xuân,,,
Đồng Tháp,Đồng bằng sông Cửu Long,2026-04-10,29.133333333333333,34.266666666666666,24.08888888888889,33.63333333333333,40.22222222222222,28.9,0.0333333333333333,0.0333333333333333,0.0,0.3333333333333333,69.88888888888889,15.266666666666667,28.344444444444445,22.34111111111111,1010.8666666666666,23.555555555555557,22.51111111111111,0.0,5.194444444444445,10.4713,106.0152,11.901111111111112,12.313333333333334,4,15,3,161,1970-01-21 13:16:40.046666666,1970-01-21 13:17:24.360000000,Xuân,,,
Đồng Tháp,Đồng bằng sông Cửu Long,2026-04-11,29.71111111111111,35.02222222222222,24.833333333333332,34.03333333333333,40.17777777777778,29.811111111111114,0.2,0.2,0.0,1.4444444444444444,67.44444444444444,13.144444444444444,25.633333333333333,23.746666666666663,1009.7111111111112,20.444444444444443,22.422222222222224,0.0,5.726666666666667,10.4713,106.0152,12.0,12.321111111111112,4,15,51,192,1970-01-21 13:18:06.413333333,1970-01-21 13:18:50.760000000,Xuân,,,
Đồng Tháp,Đồng bằng sông Cửu Long,2026-04-12,29.64444444444445,34.82222222222222,24.833333333333332,34.18888888888889,40.02222222222222,30.200000000000003,0.0888888888888888,0.0888888888888888,0.0,0.4444444444444444,69.11111111111111,12.877777777777778,26.922222222222224,24.21333333333333,1008.688888888889,8.666666666666666,22.822222222222223,0.0,5.845555555555555,10.4713,106.0152,12.0,12.33,4,15,1,172,1970-01-21 13:19:32.773333333,1970-01-21 13:20:17.166666666,Xuân,,,
Đồng Tháp,Đồng bằng sông Cửu Long,2026-04-13,29.700000000000003,34.65555555555555,25.044444444444444,34.077777777777776,39.84444444444445,30.166666666666668,0.1555555555555555,0.1555555555555555,0.0,1.1111111111111112,67.77777777777777,11.7,25.6,24.174444444444443,1009.7888888888888,9.11111111111111,22.433333333333337,0.0,5.785555555555556,10.4713,106.0152,12.0,12.338888888888889,4,16,51,169,1970-01-21 13:20:59.153333333,1970-01-21 13:21:43.573333333,Xuân,,,
Đồng Tháp,Đồng bằng sông Cửu Long,2026-04-14,29.45555555555556,34.2,25.133333333333333,34.47777777777778,40.36666666666667,30.877777777777776,0.5111111111111111,0.5111111111111111,0.0,2.4444444444444446,71.44444444444444,12.31111111111111,24.322222222222223,21.272222222222226,1009.5222222222224,20.333333333333332,23.333333333333332,0.0,5.014444444444445,10.4713,106.0152,11.17,12.346666666666668,4,16,51,150,1970-01-21 13:22:25.506666666,1970-01-21 13:23:09.973333333,Xuân,,,
Đồng Tháp,Đồng bằng sông Cửu Long,2026-04-15,29.055555555555557,33.8,25.01111111111111,33.400000000000006,38.68888888888889,30.299999999999997,0.3444444444444444,0.3444444444444444,0.0,0.8888888888888888,69.77777777777777,14.38888888888889,30.15555555555555,20.923333333333332,1008.7444444444444,41.666666666666664,22.555555555555557,0.0,5.015555555555555,10.4713,106.0152,11.508888888888889,12.356666666666666,4,16,3,166,1970-01-21 13:23:51.893333333,1970-01-21 13:24:36.373333333,Xuân,,,
Đồng Tháp,Đồng bằng sông Cửu Long,2026-04-16,29.700000000000003,35.15555555555555,24.677777777777777,33.71111111111111,40.400000000000006,29.444444444444443,0.0,0.0,0.0,0.0,65.11111111111111,14.422222222222224,29.32222222222222,23.308888888888887,1008.6777777777778,25.333333333333332,21.85555555555555,0.0,5.775555555555555,10.4713,106.0152,11.788888888888888,12.366666666666667,4,16,3,148,1970-01-21 13:25:18.246666666,1970-01-21 13:26:02.773333333,Xuân,,,
Đồng Tháp,Đồng bằng sông Cửu Long,2026-04-17,29.85555555555555,35.06666666666667,25.311111111111114,34.0,40.18888888888889,30.311111111111114,0.0222222222222222,0.0222222222222222,0.0,0.2222222222222222,65.0,13.5,29.422222222222224,23.67555555555556,1009.1666666666666,13.22222222222222,21.9,0.0,5.775555555555556,10.4713,106.0152,12.0,12.373333333333331,4,16,2,144,1970-01-21 13:26:44.633333333,1970-01-21 13:27:29.173333333,Xuân,,,
Đồng Tháp,Đồng bằng sông Cửu Long,2026-04-18,29.43333333333333,34.43333333333333,24.688888888888886,33.52222222222222,39.31111111111111,29.622222222222224,0.1555555555555555,0.1555555555555555,0.0,1.2222222222222223,66.22222222222223,13.988888888888887,27.35555555555556,23.808888888888887,1009.0666666666668,29.0,21.87777777777778,0.0,5.713333333333334,10.4713,106.0152,12.0,12.383333333333333,4,16,51,134,1970-01-21 13:28:10.986666666,1970-01-21 13:28:55.573333333,Xuân,,,
Đồng Tháp,Đồng bằng sông Cửu Long,2026-04-19,29.255555555555556,33.51111111111111,25.700000000000003,33.666666666666664,38.988888888888894,30.5,0.6444444444444444,0.6444444444444444,0.0,4.444444444444445,69.88888888888889,13.4,28.64444444444445,23.06222222222222,1009.0888888888888,38.333333333333336,22.87777777777778,0.0,5.535555555555556,10.4713,106.0152,11.966666666666669,12.393333333333334,4,16,51,128,1970-01-21 13:29:37.373333333,1970-01-21 13:30:21.986666666,Xuân,,,
Đồng Tháp,Đồng bằng sông Cửu Long,2026-04-20,28.88888888888889,33.333333333333336,25.48888888888889,32.62222222222223,38.06666666666667,28.700000000000003,0.6666666666666666,0.6666666666666666,0.0,4.444444444444445,66.44444444444444,13.255555555555556,29.077777777777776,21.923333333333332,1009.422222222222,53.666666666666664,21.688888888888886,0.0,5.341111111111111,10.4713,106.0152,11.868888888888888,12.403333333333332,4,17,51,126,1970-01-21 13:31:03.726666666,1970-01-21 13:31:48.393333333,Xuân,,,
Đồng Tháp,Đồng bằng sông Cửu Long,2026-04-21,28.2,32.67777777777778,24.188888888888886,31.15555555555555,35.93333333333333,27.9,0.0111111111111111,0.0111111111111111,0.0,0.1111111111111111,65.0,13.966666666666669,31.244444444444444,19.40888888888889,1008.9333333333332,54.111111111111114,20.677777777777777,0.0,4.966666666666667,10.4713,106.0152,11.03111111111111,12.412222222222224,4,17,3,129,1970-01-21 13:32:30.113333333,1970-01-21 13:33:14.800000000,Xuân,,,
Đồng Tháp,Đồng bằng sông Cửu Long,2026-04-22,28.466666666666665,33.233333333333334,23.811111111111114,32.166666666666664,38.03333333333333,27.477777777777774,0.0222222222222222,0.0222222222222222,0.0,0.2222222222222222,67.77777777777777,12.022222222222222,26.733333333333334,21.735555555555557,1008.3888888888888,24.444444444444443,21.555555555555557,0.0,5.182222222222222,10.4713,106.0152,11.77777777777778,12.422222222222222,4,17,3,134,1970-01-21 13:33:56.480000000,1970-01-21 13:34:41.200000000,Xuân,,,
Đồng Tháp,Đồng bằng sông Cửu Long,2026-04-23,28.61111111111111,33.5,24.0,32.644444444444446,38.46666666666667,28.755555555555556,0.0111111111111111,0.0111111111111111,0.0,0.1111111111111111,69.55555555555556,13.68888888888889,28.444444444444443,23.691111111111113,1008.0333333333332,13.666666666666666,22.055555555555557,0.0,5.604444444444444,10.4713,106.0152,12.0,12.43,4,17,1,154,1970-01-21 13:35:22.853333333,1970-01-21 13:36:07.600000000,Xuân,,,
Đồng Tháp,Đồng bằng sông Cửu Long,2026-04-24,28.666666666666668,34.27777777777778,23.700000000000003,32.77777777777778,39.111111111111114,28.444444444444443,0.0,0.0,0.0,0.0,69.0,13.877777777777778,26.822222222222223,25.982222222222223,1008.6222222222224,72.88888888888889,21.666666666666668,0.0,6.024444444444445,10.4713,106.0152,12.0,12.437777777777775,4,17,3,142,1970-01-21 13:36:49.240000000,1970-01-21 13:37:34.000000000,Xuân,,,
Đồng Tháp,Đồng bằng sông Cửu Long,2026-04-25,28.82222222222222,33.93333333333333,24.544444444444444,33.333333333333336,39.266666666666666,29.11111111111111,1.2444444444444445,1.2444444444444445,0.0,2.5555555555555554,73.44444444444444,13.944444444444445,32.833333333333336,20.574444444444445,1010.0222222222224,49.0,23.200000000000003,0.0,4.901111111111111,10.4713,106.0152,11.274444444444445,12.447777777777778,4,17,51,130,1970-01-21 13:38:15.593333333,1970-01-21 13:39:00.413333333,Xuân,,,
Đồng Tháp,Đồng bằng sông Cửu Long,2026-04-26,29.61111111111111,34.455555555555556,25.577777777777776,33.93333333333333,38.922222222222224,31.033333333333335,0.0555555555555555,0.0555555555555555,0.0,0.2222222222222222,69.0,14.47777777777778,31.91111111111111,23.405555555555555,1009.6222222222224,57.111111111111114,22.577777777777776,0.0,5.633333333333334,10.4713,106.0152,12.0,12.456666666666669,4,17,3,105,1970-01-21 13:39:41.986666666,1970-01-21 13:40:26.820000000,Xuân,,,
Đồng Tháp,Đồng bằng sông Cửu Long,2026-04-27,29.65555555555555,34.63333333333333,25.544444444444444,34.34444444444445,39.333333333333336,30.95555555555556,0.0555555555555555,0.0555555555555555,0.0,0.5555555555555556,71.44444444444444,13.744444444444444,30.533333333333335,24.528888888888886,1008.7666666666668,49.0,23.322222222222223,0.0,5.863333333333333,10.4713,106.0152,12.0,12.463333333333331,4,18,3,105,1970-01-21 13:41:08.346666666,1970-01-21 13:41:53.220000000,Xuân,,,
Đồng Tháp,Đồng bằng sông Cửu Long,2026-04-28,29.877777777777776,35.17777777777778,25.966666666666665,34.7,40.2,31.71111111111111,0.1333333333333333,0.1333333333333333,0.0,0.7777777777777778,71.0,13.31111111111111,27.35555555555555,24.343333333333337,1008.7333333333332,35.111111111111114,23.299999999999997,0.0,5.841111111111111,10.4713,106.0152,12.0,12.47222222222222,4,18,3,131,1970-01-21 13:42:34.733333333,1970-01-21 13:43:19.633333333,Xuân,,,
Đồng Tháp,Đồng bằng sông Cửu Long,2026-04-29,29.533333333333335,34.31111111111111,25.044444444444444,34.81111111111111,40.56666666666667,31.14444444444445,0.1333333333333333,0.1333333333333333,0.0,0.6666666666666666,71.33333333333333,10.988888888888887,23.433333333333337,24.16,1009.4,54.77777777777778,23.133333333333333,0.0,5.476666666666667,10.4713,106.0152,11.937777777777775,12.482222222222225,4,18,3,145,1970-01-21 13:44:01.100000000,1970-01-21 13:44:46.033333333,Xuân,,,
Đồng Tháp,Đồng bằng sông Cửu Long,2026-04-30,29.877777777777776,34.67777777777778,25.72222222222222,34.65555555555555,40.077777777777776,31.311111111111114,0.2888888888888889,0.2888888888888889,0.0,2.3333333333333335,70.11111111111111,14.5,30.633333333333333,23.926666666666662,1009.8222222222222,40.44444444444444,23.344444444444445,0.0,5.791111111111111,10.4713,106.0152,12.0,12.49,4,18,51,118,1970-01-21 13:45:27.473333333,1970-01-21 13:46:12.433333333,Xuân,,,
Đồng Tháp,Đồng bằng sông Cửu Long,2026-05-01,30.233333333333334,35.56666666666667,26.188888888888886,34.47777777777778,39.56666666666667,31.91111111111111,0.0222222222222222,0.0222222222222222,0.0,0.2222222222222222,67.11111111111111,17.155555555555555,35.599999999999994,24.191111111111113,1009.5444444444444,71.0,22.72222222222222,0.0,6.113333333333333,10.4713,106.0152,12.0,12.497777777777776,5,18,3,121,1970-01-21 13:46:53.866666666,1970-01-21 13:47:38.840000000,Xuân,,,
Đồng Tháp,Đồng bằng sông Cửu Long,2026-05-02,28.84444444444445,32.68888888888889,26.5,34.1,38.644444444444446,31.95555555555556,5.866666666666666,5.866666666666666,0.0,6.666666666666667,77.11111111111111,13.977777777777778,34.766666666666666,20.04888888888889,1009.1777777777778,76.88888888888889,24.266666666666666,0.0,4.483333333333333,10.4713,106.0152,11.391111111111112,12.504444444444443,5,18,63,103,1970-01-21 13:48:20.226666666,1970-01-21 13:49:05.260000000,Xuân,,,
Đồng Tháp,Đồng bằng sông Cửu Long,2026-05-03,28.866666666666667,33.13333333333333,26.055555555555557,34.611111111111114,39.15555555555555,32.24444444444444,2.2222222222222223,2.2222222222222223,0.0,6.666666666666667,79.22222222222223,14.533333333333337,33.044444444444444,20.428888888888892,1009.0666666666668,99.66666666666669,24.688888888888886,0.0,4.502222222222223,10.4713,106.0152,10.788888888888888,12.512222222222222,5,18,53,124,1970-01-21 13:49:46.613333333,1970-01-21 13:50:31.660000000,Xuân,,,
Đồng Tháp,Đồng bằng sông Cửu Long,2026-05-04,28.799999999999997,33.733333333333334,25.11111111111111,34.41111111111111,39.833333333333336,30.522222222222226,3.011111111111111,3.011111111111111,0.0,7.666666666666667,79.44444444444444,13.522222222222222,29.922222222222224,19.666666666666668,1009.9666666666668,98.55555555555556,24.58888888888889,0.0,4.477777777777778,10.4713,106.0152,9.866666666666667,12.52,5,19,53,95,1970-01-21 13:51:13.006666666,1970-01-21 13:51:58.073333333,Xuân,,,
Đồng Tháp,Đồng bằng sông Cửu Long,2026-05-05,29.011111111111113,33.888888888888886,26.311111111111114,34.21111111111111,39.2,31.622222222222224,7.2333333333333325,7.2333333333333325,0.0,6.777777777777778,76.77777777777777,16.61111111111111,38.21111111111111,21.567777777777778,1009.2333333333332,98.0,24.299999999999997,0.0,4.886666666666667,10.4713,106.0152,11.008888888888889,12.53,5,19,63,104,1970-01-21 13:52:39.366666666,1970-01-21 13:53:24.486666666,Xuân,,,
Đồng Tháp,Đồng bằng sông Cửu Long,2026-05-06,28.322222222222223,33.36666666666667,25.555555555555557,33.53333333333333,38.72222222222222,30.17777777777778,9.133333333333333,9.133333333333333,0.0,7.666666666666667,80.55555555555556,16.43333333333333,37.58888888888889,18.814444444444444,1008.7888888888888,97.44444444444444,24.41111111111111,0.0,4.174444444444444,10.4713,106.0152,9.735555555555557,12.537777777777777,5,19,63,101,1970-01-21 13:54:05.753333333,1970-01-21 13:54:50.893333333,Xuân,,,
Đồng Tháp,Đồng bằng sông Cửu Long,2026-05-07,29.43333333333333,33.91111111111111,26.01111111111111,34.72222222222222,40.03333333333333,31.688888888888886,0.2333333333333333,0.2333333333333333,0.0,1.3333333333333333,75.77777777777777,14.122222222222222,29.811111111111114,22.028888888888886,1007.9666666666668,65.22222222222223,24.35555555555555,0.0,5.122222222222223,10.4713,106.0152,11.705555555555556,12.543333333333331,5,19,51,116,1970-01-21 13:55:32.153333333,1970-01-21 13:56:17.293333333,Xuân,,,
Đồng Tháp,Đồng bằng sông Cửu Long,2026-05-08,29.488888888888887,33.62222222222223,25.766666666666666,34.67777777777778,39.53333333333333,31.377777777777776,0.8999999999999999,0.8999999999999999,0.0,4.555555555555555,73.33333333333333,14.11111111111111,27.788888888888888,22.0,1008.5888888888888,98.22222222222224,23.88888888888889,0.0,5.1433333333333335,10.4713,106.0152,11.625555555555556,12.552222222222222,5,19,51,107,1970-01-21 13:56:58.520000000,1970-01-21 13:57:43.713333333,Xuân,,,
Đồng Tháp,Đồng bằng sông Cửu Long,2026-05-09,30.200000000000003,35.08888888888889,26.08888888888889,34.86666666666667,40.13333333333333,31.88888888888889,0.8333333333333334,0.8333333333333334,0.0,2.4444444444444446,68.33333333333333,15.311111111111112,32.5,23.538888888888888,1008.9777777777776,61.55555555555556,23.233333333333334,0.0,5.766666666666667,10.4713,106.0152,11.93,12.56,5,19,51,107,1970-01-21 13:58:24.900000000,1970-01-21 13:59:10.120000000,Xuân,,,
Đồng Tháp,Đồng bằng sông Cửu Long,2026-05-10,29.54444444444444,34.71111111111111,26.733333333333334,34.43333333333333,39.36666666666667,31.34444444444445,11.922222222222222,11.922222222222222,0.0,7.333333333333333,74.11111111111111,19.433333333333337,44.52222222222222,20.608888888888888,1008.5333333333332,84.66666666666667,24.200000000000003,0.0,4.96,10.4713,106.0152,11.373333333333331,12.57,5,19,63,104,1970-01-21 13:59:51.293333333,1970-01-21 14:00:36.526666666,Xuân,,,
Đồng Tháp,Đồng bằng sông Cửu Long,2026-05-11,29.522222222222226,34.21111111111111,25.38888888888889,34.099999999999994,38.82222222222222,30.688888888888886,1.2000000000000002,1.2000000000000002,0.0,4.333333333333333,73.66666666666667,19.933333333333337,41.43333333333333,23.788888888888888,1009.0222222222224,84.44444444444444,23.955555555555556,0.0,5.737777777777778,10.4713,106.0152,11.94111111111111,12.573333333333332,5,20,53,114,1970-01-21 14:01:17.686666666,1970-01-21 14:02:02.953333333,Xuân,,,
Đồng Tháp,Đồng bằng sông Cửu Long,2026-05-12,30.444444444444443,34.955555555555556,27.2,34.98888888888889,39.888888888888886,32.03333333333333,0.0888888888888888,0.0888888888888888,0.0,0.8888888888888888,68.11111111111111,14.055555555555555,31.85555555555555,23.834444444444443,1007.9444444444443,88.55555555555556,23.422222222222224,0.0,5.897777777777778,10.4713,106.0152,12.0,12.58,5,20,3,131,1970-01-21 14:02:44.060000000,1970-01-21 14:03:29.353333333,Xuân,,,
Đồng Tháp,Đồng bằng sông Cửu Long,2026-05-13,30.233333333333334,34.96666666666667,26.288888888888888,35.888888888888886,41.62222222222223,32.077777777777776,0.8333333333333334,0.8333333333333334,0.0,4.444444444444445,71.66666666666667,12.61111111111111,25.311111111111114,24.482222222222223,1007.2111111111112,83.0,24.12222222222222,0.0,5.613333333333333,10.4713,106.0152,12.0,12.59,5,20,51,160,1970-01-21 14:04:10.440000000,1970-01-21 14:04:55.760000000,Xuân,,,
Đồng Tháp,Đồng bằng sông Cửu Long,2026-05-14,30.266666666666666,36.13333333333333,26.200000000000003,35.68888888888889,42.18888888888889,32.166666666666664,1.4,1.4,0.0,3.3333333333333335,71.66666666666667,18.177777777777777,38.84444444444445,24.19,1007.077777777778,95.33333333333331,24.055555555555557,0.0,5.636666666666667,10.4713,106.0152,11.893333333333334,12.593333333333334,5,20,53,210,1970-01-21 14:05:36.833333333,1970-01-21 14:06:22.180000000,Xuân,,,
Đồng Tháp,Đồng bằng sông Cửu Long,2026-05-15,30.333333333333332,35.166666666666664,26.9,36.08888888888889,42.111111111111114,32.74444444444444,3.3111111111111113,3.3111111111111113,0.0,8.222222222222221,73.44444444444444,11.877777777777778,27.955555555555556,23.976666666666667,1006.7666666666668,84.44444444444444,24.677777777777777,0.0,5.553333333333334,10.4713,106.0152,11.70111111111111,12.6,5,20,55,228,1970-01-21 14:07:03.233333333,1970-01-21 14:07:48.586666666,Xuân,,,
Đồng Tháp,Đồng bằng sông Cửu Long,2026-05-16,29.988888888888887,34.68888888888889,26.977777777777774,36.06666666666667,42.266666666666666,32.32222222222222,3.3111111111111113,3.3111111111111113,0.0,4.555555555555555,74.66666666666667,13.833333333333334,29.833333333333332,22.155555555555555,1006.9888888888888,89.44444444444444,24.700000000000003,0.0,5.018888888888889,10.4713,106.0152,10.845555555555556,12.61,5,20,61,272,1970-01-21 14:08:29.626666666,1970-01-21 14:09:15.013333333,Xuân,,,
Đồng Tháp,Đồng bằng sông Cửu Long,2026-05-17,29.033333333333335,34.355555555555554,26.266666666666666,35.55555555555556,42.34444444444445,31.922222222222224,5.255555555555556,5.255555555555556,0.0,9.11111111111111,82.66666666666667,14.91111111111111,33.24444444444444,20.334444444444443,1006.8222222222222,90.88888888888889,25.555555555555557,0.0,4.382222222222222,10.4713,106.0152,9.314444444444444,12.613333333333332,5,20,63,234,1970-01-21 14:09:56.000000000,1970-01-21 14:10:41.413333333,Xuân,,,
Đồng Tháp,Đồng bằng sông Cửu Long,2026-05-18,28.944444444444443,33.81111111111111,25.922222222222224,34.65555555555555,40.04444444444445,31.033333333333335,9.2,9.2,0.0,9.666666666666666,80.44444444444444,18.077777777777776,38.06666666666667,22.376666666666665,1006.6666666666666,86.77777777777777,24.98888888888889,0.0,4.974444444444445,10.4713,106.0152,11.043333333333331,12.62,5,21,63,220,1970-01-21 14:11:22.380000000,1970-01-21 14:12:07.840000000,Xuân,,,
Đồng Tháp,Đồng bằng sông Cửu Long,2026-05-19,28.344444444444445,32.31111111111111,26.22222222222222,33.922222222222224,37.32222222222222,31.377777777777776,5.766666666666667,5.766666666666667,0.0,9.666666666666666,83.88888888888889,18.1,37.75555555555556,19.41111111111111,1006.5,94.44444444444444,25.188888888888886,0.0,4.112222222222222,10.4713,106.0152,10.551111111111112,12.63,5,21,63,198,1970-01-21 14:12:48.780000000,1970-01-21 14:13:34.246666666,Xuân,,,
Đồng Tháp,Đồng bằng sông Cửu Long,2026-05-20,28.633333333333333,33.05555555555556,26.033333333333335,34.25555555555556,38.7,31.1,4.988888888888889,4.988888888888889,0.0,8.555555555555555,82.11111111111111,15.033333333333337,32.97777777777778,19.97,1006.6333333333334,94.0,25.08888888888889,0.0,4.368888888888889,10.4713,106.0152,11.328888888888889,12.633333333333333,5,21,63,183,1970-01-21 14:14:15.173333333,1970-01-21 14:15:00.673333333,Xuân,,,
Đồng Tháp,Đồng bằng sông Cửu Long,2026-05-21,27.38888888888889,30.055555555555557,25.233333333333334,33.3,35.455555555555556,30.27777777777778,27.62222222222222,27.62222222222222,0.0,11.88888888888889,88.66666666666667,14.58888888888889,30.266666666666666,10.92111111111111,1009.188888888889,84.66666666666667,25.27777777777778,0.0,2.2955555555555556,10.4713,106.0152,5.863333333333333,12.64,5,21,63,173,1970-01-21 14:15:41.573333333,1970-01-21 14:16:27.073333333,Xuân,,,
Đồng Tháp,Đồng bằng sông Cửu Long,2026-05-22,29.200000000000003,33.922222222222224,26.055555555555557,35.400000000000006,41.01111111111111,32.17777777777778,1.8666666666666667,1.8666666666666667,0.0,5.444444444444445,79.77777777777777,12.411111111111111,28.11111111111111,23.90888888888889,1010.2666666666668,61.44444444444444,25.08888888888889,0.0,5.154444444444445,10.4713,106.0152,12.0,12.645555555555555,5,21,53,178,1970-01-21 14:17:07.966666666,1970-01-21 14:17:53.480000000,Xuân,,,
Đồng Tháp,Đồng bằng sông Cửu Long,2026-05-23,29.14444444444445,34.333333333333336,26.12222222222222,35.28888888888889,41.27777777777778,32.25555555555556,2.344444444444445,2.344444444444445,0.0,6.111111111111111,79.66666666666667,14.41111111111111,31.733333333333334,24.12777777777778,1010.5666666666668,60.55555555555556,24.933333333333337,0.0,5.198888888888889,10.4713,106.0152,12.003333333333334,12.65,5,21,61,204,1970-01-21 14:18:34.366666666,1970-01-21 14:19:19.900000000,Xuân,,,
Đồng Tháp,Đồng bằng sông Cửu Long,2026-05-24,29.67777777777778,34.81111111111111,26.5,35.72222222222222,41.5,32.333333333333336,0.7444444444444445,0.7444444444444445,0.0,3.0,77.55555555555556,12.72222222222222,26.22222222222222,23.03555555555555,1010.6111111111112,76.77777777777777,24.922222222222224,0.0,5.16,10.4713,106.0152,11.988888888888887,12.658888888888889,5,21,51,207,1970-01-21 14:20:00.766666666,1970-01-21 14:20:46.306666666,Xuân,,,
Đồng Tháp,Đồng bằng sông Cửu Long,2026-05-25,29.766666666666666,34.43333333333333,26.322222222222223,35.77777777777778,41.98888888888889,32.37777777777777,1.4555555555555555,1.4555555555555555,0.0,4.0,77.55555555555556,12.977777777777778,28.0,23.31888888888889,1009.8777777777776,55.77777777777778,25.188888888888886,0.0,5.251111111111111,10.4713,106.0152,11.91,12.661111111111111,5,22,53,218,1970-01-21 14:21:27.160000000,1970-01-21 14:22:12.733333333,Xuân,,,
Đồng Tháp,Đồng bằng sông Cửu Long,2026-05-26,30.444444444444443,35.37777777777777,26.833333333333332,35.666666666666664,41.63333333333333,32.32222222222222,1.422222222222222,1.422222222222222,0.0,3.111111111111111,71.77777777777777,18.14444444444445,39.32222222222222,23.288888888888888,1008.9,58.888888888888886,24.4,0.0,5.605555555555556,10.4713,106.0152,11.963333333333331,12.668888888888889,5,22,51,248,1970-01-21 14:22:53.553333333,1970-01-21 14:23:39.140000000,Xuân,,,
Đồng Tháp,Đồng bằng sông Cửu Long,2026-05-27,29.477777777777774,32.144444444444446,27.288888888888888,35.144444444444446,37.599999999999994,33.099999999999994,6.922222222222222,6.922222222222222,0.0,7.444444444444445,78.11111111111111,16.27777777777778,40.25555555555556,15.84222222222222,1009.2111111111112,97.77777777777776,25.177777777777777,0.0,3.736666666666667,10.4713,106.0152,7.184444444444444,12.67111111111111,5,22,63,240,1970-01-21 14:24:19.946666666,1970-01-21 14:25:05.566666666,Xuân,,,
Đồng Tháp,Đồng bằng sông Cửu Long,2026-05-28,29.533333333333335,33.87777777777777,26.977777777777774,35.31111111111111,40.08888888888889,32.544444444444444,1.1222222222222225,1.1222222222222225,0.0,3.4444444444444446,77.77777777777777,12.511111111111113,23.72222222222222,16.64777777777778,1009.1666666666666,96.55555555555556,24.98888888888889,0.0,3.88,10.4713,106.0152,7.617777777777778,12.678888888888888,5,22,51,251,1970-01-21 14:25:46.340000000,1970-01-21 14:26:31.986666666,Xuân,,,
Đồng Tháp,Đồng bằng sông Cửu Long,2026-05-29,26.6,28.944444444444443,24.922222222222224,32.2,35.18888888888889,29.577777777777776,11.755555555555556,11.755555555555556,0.0,11.88888888888889,90.44444444444444,14.755555555555556,32.08888888888889,9.062222222222225,1009.6,98.44444444444444,24.866666666666667,0.0,1.9522222222222223,10.4713,106.0152,1.78,12.681111111111113,5,22,63,248,1970-01-21 14:27:12.740000000,1970-01-21 14:27:58.393333333,Xuân,,,
Đồng Tháp,Đồng bằng sông Cửu Long,2026-05-30,27.12222222222222,31.15555555555555,24.799999999999997,32.233333333333334,35.93333333333334,29.41111111111111,4.822222222222222,4.822222222222222,0.0,8.555555555555555,83.44444444444444,11.977777777777778,24.955555555555556,10.875555555555556,1009.311111111111,98.77777777777776,23.9,0.0,2.5633333333333335,10.4713,106.0152,3.062222222222222,12.685555555555556,5,22,61,276,1970-01-21 14:28:39.140000000,1970-01-21 14:29:24.806666666,Xuân,,,
Đồng Tháp,Đồng bằng sông Cửu Long,2026-05-31,26.299999999999997,30.444444444444443,24.288888888888888,31.511111111111113,35.71111111111111,29.522222222222226,10.288888888888888,10.288888888888888,0.0,10.77777777777778,88.44444444444444,11.166666666666666,27.077777777777776,13.563333333333333,1009.3222222222222,98.88888888888889,24.11111111111111,0.0,2.8311111111111114,10.4713,106.0152,5.638888888888889,12.69,5,22,63,304,1970-01-21 14:30:05.546666666,1970-01-21 14:30:51.226666666,Xuân,,,
Đồng Tháp,Đồng bằng sông Cửu Long,2026-06-01,27.533333333333335,31.866666666666667,25.077777777777776,33.08888888888889,37.422222222222224,30.299999999999997,2.566666666666667,2.566666666666667,0.0,3.7777777777777777,83.77777777777777,11.544444444444444,27.27777777777778,16.963333333333335,1009.311111111111,98.11111111111111,24.333333333333332,0.0,3.601111111111111,10.4713,106.0152,8.994444444444445,12.69111111111111,6,23,51,262,1970-01-21 14:31:31.960000000,1970-01-21 14:32:17.653333333,Hè,,,
Đồng Tháp,Đồng bằng sông Cửu Long,2026-06-02,26.91111111111111,31.122222222222224,24.633333333333333,32.72222222222222,37.77777777777778,29.72222222222222,19.922222222222224,19.922222222222224,0.0,18.444444444444443,90.0,14.011111111111113,34.84444444444444,15.232222222222225,1008.2111111111112,94.11111111111111,25.055555555555557,0.0,3.0999999999999996,10.4713,106.0152,7.46,12.698888888888888,6,23,65,244,1970-01-21 14:32:58.360000000,1970-01-21 14:33:44.053333333,Hè,,,
Đồng Tháp,Đồng bằng sông Cửu Long,2026-06-03,26.200000000000003,28.77777777777778,24.61111111111111,31.41111111111111,34.47777777777778,29.122222222222224,12.788888888888888,12.788888888888888,0.0,20.444444444444443,92.66666666666669,16.0,39.8,11.794444444444444,1007.7555555555556,93.55555555555556,24.88888888888889,0.0,2.321111111111111,10.4713,106.0152,5.766666666666667,12.70111111111111,6,23,63,227,1970-01-21 14:34:24.760000000,1970-01-21 14:35:10.480000000,Hè,,,
Đồng Tháp,Đồng bằng sông Cửu Long,2026-06-04,27.87777777777778,31.64444444444445,25.11111111111111,32.733333333333334,36.599999999999994,29.966666666666665,2.7,2.7,0.0,12.22222222222222,84.22222222222223,20.64444444444445,43.766666666666666,19.883333333333336,1007.688888888889,87.33333333333333,24.833333333333332,0.0,4.234444444444445,10.4713,106.0152,11.035555555555554,12.705555555555556,6,23,51,221,1970-01-21 14:35:51.166666666,1970-01-21 14:36:36.900000000,Hè,,,
Đồng Tháp,Đồng bằng sông Cửu Long,2026-06-05,28.755555555555556,32.666666666666664,25.27777777777778,33.74444444444444,37.55555555555556,30.188888888888886,3.5,3.5,0.0,10.222222222222221,79.0,17.866666666666667,39.044444444444444,21.215555555555554,1008.9555555555556,89.66666666666667,24.544444444444444,0.0,4.752222222222222,10.4713,106.0152,11.217777777777776,12.71,6,23,53,218,1970-01-21 14:37:17.566666666,1970-01-21 14:38:03.313333333,Hè,,,
Đồng Tháp,Đồng bằng sông Cửu Long,2026-06-06,28.922222222222224,32.63333333333333,26.37777777777778,34.644444444444446,38.5,32.144444444444446,3.2777777777777777,3.2777777777777777,0.0,8.222222222222221,81.66666666666667,17.87777777777778,40.05555555555556,22.037777777777777,1010.1222222222223,93.66666666666667,25.311111111111114,0.0,4.66,10.4713,106.0152,11.852222222222222,12.711111111111112,6,23,53,214,1970-01-21 14:38:43.966666666,1970-01-21 14:39:29.720000000,Hè,,,
Đồng Tháp,Đồng bằng sông Cửu Long,2026-06-07,29.466666666666665,33.955555555555556,25.966666666666665,34.87777777777778,39.24444444444444,31.966666666666665,1.4777777777777776,1.4777777777777776,0.0,4.222222222222222,76.77777777777777,18.144444444444446,39.833333333333336,24.034444444444446,1010.4666666666667,95.44444444444444,24.633333333333336,0.0,5.477777777777778,10.4713,106.0152,12.0,12.715555555555556,6,23,53,230,1970-01-21 14:40:10.373333333,1970-01-21 14:40:56.146666666,Hè,,,
Đồng Tháp,Đồng bằng sông Cửu Long,2026-06-08,29.133333333333333,32.86666666666667,26.322222222222223,34.355555555555554,38.544444444444444,32.03333333333333,3.0444444444444447,3.0444444444444447,0.0,8.555555555555555,78.88888888888889,21.5,44.81111111111111,22.073333333333334,1009.3777777777777,90.33333333333333,24.98888888888889,0.0,4.927777777777778,10.4713,106.0152,11.47,12.71888888888889,6,24,53,236,1970-01-21 14:41:36.773333333,1970-01-21 14:42:22.573333333,Hè,,,
Đồng Tháp,Đồng bằng sông Cửu Long,2026-06-09,28.38888888888889,32.888888888888886,25.933333333333334,33.733333333333334,38.03333333333333,31.333333333333332,6.655555555555556,6.655555555555556,0.0,13.666666666666666,82.66666666666667,17.755555555555556,37.166666666666664,19.74888888888889,1009.2555555555555,96.66666666666667,25.01111111111111,0.0,4.305555555555555,10.4713,106.0152,9.979999999999999,12.721111111111112,6,24,61,240,1970-01-21 14:43:03.180000000,1970-01-21 14:43:48.973333333,Hè,,,
Đồng Tháp,Đồng bằng sông Cửu Long,2026-06-10,28.044444444444444,31.033333333333335,25.677777777777777,33.68888888888889,35.84444444444445,31.45555555555556,8.644444444444444,8.644444444444444,0.0,7.777777777777778,84.77777777777777,16.322222222222223,37.922222222222224,16.52,1010.1777777777778,99.66666666666667,25.144444444444446,0.0,3.5,10.4713,106.0152,9.276666666666666,12.721111111111112,6,24,63,221,1970-01-21 14:44:29.580000000,1970-01-21 14:45:15.386666666,Hè,,,
Đồng Tháp,Đồng bằng sông Cửu Long,2026-06-11,28.22222222222222,34.51111111111111,24.48888888888889,34.144444444444446,41.74444444444444,29.233333333333334,9.555555555555555,9.555555555555555,0.0,9.333333333333334,82.77777777777777,17.41111111111111,43.03333333333333,22.68,1012.1666666666666,92.66666666666667,24.655555555555555,0.0,4.786666666666666,10.4713,106.0152,11.264444444444443,12.725555555555555,6,24,63,229,1970-01-21 14:45:55.986666666,1970-01-21 14:46:41.806666666,Hè,,,
Đồng Tháp,Đồng bằng sông Cửu Long,2026-06-12,28.166666666666668,32.63333333333333,25.01111111111111,34.900000000000006,40.166666666666664,31.299999999999997,3.0777777777777775,3.0777777777777775,0.0,8.777777777777779,86.0,8.866666666666667,19.522222222222222,20.950000000000003,1012.9000000000001,77.88888888888889,25.366666666666667,0.0,4.407777777777778,10.4713,106.0152,10.628888888888888,12.72888888888889,6,24,61,45,1970-01-21 14:47:22.413333333,1970-01-21 14:48:08.233333333,Hè,,,
Đồng Tháp,Đồng bằng sông Cửu Long,2026-06-13,28.688888888888886,33.65555555555555,25.4,35.166666666666664,40.62222222222223,31.377777777777776,3.3666666666666667,3.3666666666666667,0.0,10.333333333333334,83.22222222222223,10.677777777777777,21.6,23.715555555555554,1011.0444444444444,52.55555555555556,25.200000000000003,0.0,5.033333333333333,10.4713,106.0152,11.89,12.72888888888889,6,24,53,255,1970-01-21 14:48:48.820000000,1970-01-21 14:49:34.633333333,Hè,,,
Đồng Tháp,Đồng bằng sông Cửu Long,2026-06-14,27.366666666666664,31.688888888888886,25.255555555555556,33.611111111111114,39.733333333333334,30.444444444444443,15.333333333333334,15.333333333333334,0.0,9.0,88.77777777777777,15.88888888888889,38.31111111111111,20.004444444444445,1010.0555555555555,77.11111111111111,25.244444444444444,0.0,3.9711111111111106,10.4713,106.0152,10.77888888888889,12.731111111111112,6,24,65,186,1970-01-21 14:50:15.226666666,1970-01-21 14:51:01.046666666,Hè,,,
Đồng Tháp,Đồng bằng sông Cửu Long,2026-06-15,27.62222222222222,32.666666666666664,24.91111111111111,33.36666666666667,39.5,30.122222222222224,8.822222222222223,8.822222222222223,0.0,7.666666666666667,84.66666666666667,15.166666666666666,36.47777777777778,23.243333333333332,1010.0111111111112,62.333333333333336,24.655555555555555,0.0,4.742222222222222,10.4713,106.0152,11.653333333333332,12.731111111111112,6,25,61,238,1970-01-21 14:51:41.633333333,1970-01-21 14:52:27.466666666,Hè,,,
Đồng Tháp,Đồng bằng sông Cửu Long,2026-06-16,28.54444444444444,32.87777777777777,25.577777777777776,34.36666666666666,39.78888888888889,31.06666666666667,1.5777777777777777,1.5777777777777777,0.0,5.888888888888889,81.77777777777777,13.244444444444445,27.41111111111111,21.89333333333333,1010.2666666666667,65.88888888888889,24.87777777777778,0.0,4.75,10.4713,106.0152,11.185555555555556,12.731111111111112,6,25,51,234,1970-01-21 14:53:08.040000000,1970-01-21 14:53:53.893333333,Hè,,,
Đồng Tháp,Đồng bằng sông Cửu Long,2026-06-17,28.322222222222223,32.766666666666666,25.644444444444446,34.52222222222222,39.766666666666666,31.877777777777776,4.144444444444444,4.144444444444444,0.0,9.555555555555555,84.0,11.766666666666667,27.244444444444444,22.038888888888888,1010.5777777777779,77.44444444444444,25.166666666666668,0.0,4.616666666666666,10.4713,106.0152,11.484444444444444,12.733333333333334,6,25,61,245,1970-01-21 14:54:34.446666666,1970-01-21 14:55:20.293333333,Hè,,,
Đồng Tháp,Đồng bằng sông Cửu Long,2026-06-18,28.077777777777776,32.666666666666664,25.077777777777776,33.91111111111111,39.766666666666666,30.444444444444443,6.077777777777778,6.077777777777778,0.0,8.333333333333334,83.44444444444444,13.977777777777778,29.966666666666665,21.79222222222222,1010.4666666666667,94.44444444444444,24.700000000000003,0.0,4.667777777777777,10.4713,106.0152,11.665555555555555,12.733333333333334,6,25,63,216,1970-01-21 14:56:00.880000000,1970-01-21 14:56:46.706666666,Hè,,,
Đồng Tháp,Đồng bằng sông Cửu Long,2026-06-19,28.12222222222222,33.34444444444445,25.055555555555557,34.544444444444444,40.611111111111114,31.06666666666667,2.2222222222222223,2.2222222222222223,0.0,6.0,84.33333333333333,12.422222222222222,27.700000000000003,22.055555555555557,1009.9666666666667,91.88888888888889,24.933333333333334,0.0,4.638888888888889,10.4713,106.0152,11.804444444444444,12.735555555555557,6,25,53,181,1970-01-21 14:57:27.286666666,1970-01-21 14:58:13.126666666,Hè,,,
Đồng Tháp,Đồng bằng sông Cửu Long,2026-06-20,28.244444444444444,33.71111111111111,25.577777777777776,34.74444444444444,40.87777777777777,31.311111111111114,5.0777777777777775,5.0777777777777775,0.0,7.333333333333333,84.66666666666667,14.811111111111112,40.355555555555554,23.125555555555554,1010.2777777777778,59.666666666666664,25.08888888888889,0.0,4.8244444444444445,10.4713,106.0152,11.423333333333334,12.735555555555557,6,25,61,204,1970-01-21 14:58:53.693333333,1970-01-21 14:59:39.546666666,Hè,,,
Đồng Tháp,Đồng bằng sông Cửu Long,2026-06-21,29.06666666666667,33.62222222222223,25.633333333333333,35.233333333333334,40.3,32.08888888888889,0.7888888888888889,0.7888888888888889,0.0,4.333333333333333,79.77777777777777,11.744444444444445,25.0,24.549999999999997,1010.3777777777777,76.44444444444444,24.844444444444445,0.0,5.305555555555555,10.4713,106.0152,12.0,12.735555555555557,6,25,51,215,1970-01-21 15:00:20.100000000,1970-01-21 15:01:05.953333333,Hè,,,
Đồng Tháp,Đồng bằng sông Cửu Long,2026-06-22,29.555555555555557,34.01111111111111,25.733333333333334,35.333333333333336,40.18888888888889,31.67777777777778,1.011111111111111,1.011111111111111,0.0,5.555555555555555,76.55555555555556,11.722222222222221,25.4,24.073333333333334,1009.0,69.11111111111111,24.655555555555555,0.0,5.364444444444445,10.4713,106.0152,12.0,12.735555555555557,6,26,51,245,1970-01-21 15:01:46.513333333,1970-01-21 15:02:32.360000000,Hè,,,
Đồng Tháp,Đồng bằng sông Cửu Long,2026-06-23,29.266666666666666,32.86666666666667,26.577777777777776,34.7,37.52222222222222,32.27777777777778,3.6333333333333337,3.6333333333333337,0.0,7.777777777777778,78.44444444444444,15.777777777777779,35.27777777777778,18.293333333333333,1008.0888888888888,90.66666666666667,24.88888888888889,0.0,4.2155555555555555,10.4713,106.0152,10.744444444444445,12.735555555555557,6,26,61,237,1970-01-21 15:03:12.940000000,1970-01-21 15:03:58.786666666,Hè,,,
Đồng Tháp,Đồng bằng sông Cửu Long,2026-06-24,29.67777777777778,35.05555555555556,26.644444444444442,35.355555555555554,40.544444444444444,32.611111111111114,2.1333333333333333,2.1333333333333333,0.0,6.111111111111111,77.66666666666667,16.5,35.2,22.735555555555557,1007.5888888888888,72.66666666666667,24.955555555555556,0.0,5.207777777777778,10.4713,106.0152,11.80111111111111,12.733333333333334,6,26,51,236,1970-01-21 15:04:39.353333333,1970-01-21 15:05:25.193333333,Hè,,,
Đồng Tháp,Đồng bằng sông Cửu Long,2026-06-25,28.466666666666665,32.833333333333336,25.711111111111112,33.333333333333336,37.96666666666667,30.78888888888889,6.755555555555556,6.755555555555556,0.0,6.111111111111111,80.88888888888889,18.788888888888888,49.077777777777776,20.603333333333335,1008.5888888888888,67.33333333333333,24.655555555555555,0.0,4.550000000000001,10.4713,106.0152,11.546666666666667,12.733333333333334,6,26,63,227,1970-01-21 15:06:05.760000000,1970-01-21 15:06:51.613333333,Hè,,,
Đồng Tháp,Đồng bằng sông Cửu Long,2026-06-26,28.255555555555556,32.2,25.244444444444444,33.31111111111111,37.888888888888886,30.766666666666666,2.7777777777777777,2.7777777777777777,0.0,7.555555555555555,81.66666666666667,17.08888888888889,39.32222222222222,21.97888888888889,1008.9333333333333,52.0,24.533333333333335,0.0,4.765555555555555,10.4713,106.0152,11.894444444444444,12.731111111111112,6,26,61,238,1970-01-21 15:07:32.166666666,1970-01-21 15:08:18.013333333,Hè,,,
Đồng Tháp,Đồng bằng sông Cửu Long,2026-06-27,28.866666666666667,33.48888888888889,25.677777777777777,33.75555555555556,39.611111111111114,30.966666666666665,3.033333333333333,3.033333333333333,0.0,4.888888888888889,77.88888888888889,20.12222222222222,41.0,22.984444444444446,1008.3222222222222,65.33333333333333,24.333333333333332,0.0,5.221111111111111,10.4713,106.0152,12.0,12.731111111111112,6,26,63,236,1970-01-21 15:08:58.600000000,1970-01-21 15:09:44.420000000,Hè,,,
Đồng Tháp,Đồng bằng sông Cửu Long,2026-06-28,27.266666666666666,30.28888888888889,26.08888888888889,33.099999999999994,36.388888888888886,31.45555555555556,15.944444444444445,15.944444444444445,0.0,13.0,90.22222222222223,16.966666666666665,41.05555555555556,16.306666666666665,1008.0222222222224,95.22222222222223,25.444444444444443,0.0,3.1333333333333333,10.4713,106.0152,9.423333333333334,12.731111111111112,6,26,63,235,1970-01-21 15:10:25.006666666,1970-01-21 15:11:10.840000000,Hè,,,
Đồng Tháp,Đồng bằng sông Cửu Long,2026-06-29,27.533333333333335,30.811111111111114,26.144444444444442,32.86666666666667,36.955555555555556,31.11111111111111,16.48888888888889,16.48888888888889,0.0,10.444444444444445,87.22222222222223,17.022222222222222,37.599999999999994,17.667777777777776,1007.7444444444445,88.11111111111111,25.177777777777777,0.0,3.5700000000000003,10.4713,106.0152,9.181111111111111,12.73,6,27,63,238,1970-01-21 15:11:51.420000000,1970-01-21 15:12:37.246666666,Hè,,,
Đồng Tháp,Đồng bằng sông Cửu Long,2026-06-30,27.255555555555556,31.311111111111114,25.066666666666666,33.03333333333333,37.2,30.28888888888889,23.188888888888886,23.188888888888886,0.0,15.777777777777779,89.55555555555556,15.41111111111111,36.955555555555556,17.94666666666667,1008.0111111111112,98.44444444444444,25.255555555555556,0.0,3.6166666666666663,10.4713,106.0152,8.77111111111111,12.72888888888889,6,27,63,245,1970-01-21 15:13:17.826666666,1970-01-21 15:14:03.660000000,Hè,,,
Đồng Tháp,Đồng bằng sông Cửu Long,2026-07-01,27.766666666666666,31.08888888888889,25.51111111111111,32.644444444444446,37.0,29.922222222222224,9.61111111111111,9.61111111111111,0.0,10.0,84.66666666666667,19.166666666666668,42.099999999999994,21.973333333333333,1007.4333333333333,86.55555555555556,24.799999999999997,0.0,4.486666666666667,10.4713,106.0152,11.355555555555556,12.725555555555555,7,27,63,243,1970-01-21 15:14:44.260000000,1970-01-21 15:15:30.073333333,Hè,,,
Đồng Tháp,Đồng bằng sông Cửu Long,2026-07-02,26.555555555555557,29.533333333333335,24.555555555555557,31.555555555555557,35.01111111111111,28.966666666666665,21.366666666666667,21.366666666666667,0.0,19.555555555555557,91.44444444444444,17.177777777777777,41.13333333333333,13.881111111111112,1007.8888888888889,98.0,25.0,0.0,2.7633333333333336,10.4713,106.0152,6.133333333333334,12.721111111111112,7,27,63,236,1970-01-21 15:16:10.666666666,1970-01-21 15:16:56.473333333,Hè,,,
Đồng Tháp,Đồng bằng sông Cửu Long,2026-07-03,26.633333333333333,28.88888888888889,25.1,31.5,33.28888888888889,29.744444444444444,4.1,4.1,0.0,12.777777777777779,90.22222222222223,16.62222222222222,34.233333333333334,7.997777777777778,1009.0555555555555,100.0,24.833333333333332,0.0,1.907777777777778,10.4713,106.0152,0.6333333333333333,12.721111111111112,7,27,55,227,1970-01-21 15:17:37.073333333,1970-01-21 15:18:22.873333333,Hè,,,
Đồng Tháp,Đồng bằng sông Cửu Long,2026-07-04,25.644444444444446,27.87777777777778,24.51111111111111,30.67777777777778,33.54444444444445,29.233333333333334,29.15555555555555,29.15555555555555,0.0,18.666666666666668,93.88888888888889,15.033333333333335,32.21111111111111,9.484444444444444,1010.5555555555555,99.77777777777777,24.577777777777776,0.0,1.8755555555555554,10.4713,106.0152,2.07,12.72,7,27,63,220,1970-01-21 15:19:03.486666666,1970-01-21 15:19:49.273333333,Hè,,,
Đồng Tháp,Đồng bằng sông Cửu Long,2026-07-05,26.922222222222224,30.27777777777778,24.544444444444444,32.32222222222222,34.91111111111111,30.08888888888889,1.1777777777777778,1.1777777777777778,0.0,5.333333333333333,87.22222222222223,12.477777777777778,26.733333333333334,15.675555555555556,1010.9333333333333,93.33333333333333,24.444444444444443,0.0,3.287777777777778,10.4713,106.0152,9.113333333333333,12.715555555555556,7,27,51,217,1970-01-21 15:20:29.920000000,1970-01-21 15:21:15.673333333,Hè,,,
Đồng Tháp,Đồng bằng sông Cửu Long,2026-07-06,27.6,30.56666666666667,25.211111111111112,33.166666666666664,35.17777777777778,30.78888888888889,0.17777777777777778,0.17777777777777778,0.0,1.3333333333333333,85.77777777777777,12.18888888888889,25.6,10.86,1010.2555555555555,99.66666666666667,24.87777777777778,0.0,2.5077777777777777,10.4713,106.0152,3.481111111111111,12.711111111111112,7,28,51,225,1970-01-21 15:21:56.326666666,1970-01-21 15:22:42.086666666,Hè,,,
Đồng Tháp,Đồng bằng sông Cửu Long,2026-07-07,27.700000000000003,31.45555555555556,25.555555555555557,33.422222222222224,36.55555555555556,30.900000000000002,9.78888888888889,9.78888888888889,0.0,9.0,86.22222222222223,15.633333333333333,35.32222222222222,15.216666666666665,1010.2555555555555,97.88888888888889,25.0,0.0,3.287777777777778,10.4713,106.0152,6.642222222222222,12.71,7,28,63,229,1970-01-21 15:23:22.740000000,1970-01-21 15:24:08.500000000,Hè,,,
Đồng Tháp,Đồng bằng sông Cửu Long,2026-07-08,27.022222222222222,30.977777777777778,24.22222222222222,32.266666666666666,37.21111111111111,29.444444444444443,13.988888888888889,13.988888888888889,0.0,9.0,87.55555555555556,19.1,45.455555555555556,19.134444444444444,1009.8000000000001,84.11111111111111,24.644444444444446,0.0,3.9111111111111114,10.4713,106.0152,9.024444444444445,12.708888888888888,7,28,63,229,1970-01-21 15:24:49.146666666,1970-01-21 15:25:34.900000000,Hè,,,
Đồng Tháp,Đồng bằng sông Cửu Long,2026-07-09,28.477777777777778,31.633333333333333,25.633333333333333,33.05555555555556,36.72222222222222,30.488888888888887,1.9777777777777779,1.9777777777777779,0.0,5.333333333333333,80.33333333333333,20.58888888888889,45.55555555555556,22.26111111111111,1009.2666666666667,95.77777777777777,24.644444444444446,0.0,4.878888888888889,10.4713,106.0152,11.957777777777778,12.70111111111111,7,28,53,237,1970-01-21 15:26:15.580000000,1970-01-21 15:27:01.306666666,Hè,,,
Đồng Tháp,Đồng bằng sông Cửu Long,2026-07-10,29.033333333333335,32.31111111111111,26.37777777777778,33.36666666666667,37.41111111111111,31.04444444444444,1.1,1.1,0.0,3.7777777777777777,76.44444444444444,21.055555555555557,48.099999999999994,23.166666666666668,1008.7222222222222,94.66666666666667,24.38888888888889,0.0,5.3533333333333335,10.4713,106.0152,12.0,12.7,7,28,51,247,1970-01-21 15:27:41.986666666,1970-01-21 15:28:27.706666666,Hè,,,
Đồng Tháp,Đồng bằng sông Cửu Long,2026-07-11,29.27777777777778,32.51111111111111,27.044444444444444,33.099999999999994,37.28888888888889,31.17777777777778,0.4,0.4,0.0,1.3333333333333333,74.11111111111111,23.044444444444444,51.12222222222223,22.688888888888886,1006.8333333333334,52.44444444444444,24.055555555555557,0.0,5.536666666666666,10.4713,106.0152,11.631111111111112,12.695555555555556,7,28,51,251,1970-01-21 15:29:08.400000000,1970-01-21 15:29:54.106666666,Hè,,,
Đồng Tháp,Đồng bằng sông Cửu Long,2026-07-12,27.51111111111111,29.944444444444443,25.211111111111112,31.799999999999997,34.17777777777778,29.055555555555557,5.388888888888889,5.388888888888889,0.0,11.444444444444445,83.77777777777777,21.87777777777778,47.32222222222222,13.527777777777779,1006.8666666666666,87.88888888888889,24.477777777777778,0.0,3.201111111111111,10.4713,106.0152,5.8533333333333335,12.69111111111111,7,28,61,242,1970-01-21 15:30:34.813333333,1970-01-21 15:31:20.506666666,Hè,,,
Đồng Tháp,Đồng bằng sông Cửu Long,2026-07-13,26.5,29.366666666666667,24.833333333333332,31.122222222222224,33.93333333333333,29.333333333333332,9.61111111111111,9.61111111111111,0.0,9.88888888888889,88.44444444444444,18.811111111111114,46.02222222222222,14.037777777777778,1008.188888888889,97.44444444444444,24.333333333333332,0.0,2.89,10.4713,106.0152,5.877777777777777,12.688888888888888,7,29,63,232,1970-01-21 15:32:01.246666666,1970-01-21 15:32:46.906666666,Hè,,,
Đồng Tháp,Đồng bằng sông Cửu Long,2026-07-14,27.333333333333332,31.15555555555555,24.788888888888888,32.111111111111114,36.51111111111111,29.533333333333335,3.9555555555555557,3.9555555555555557,0.0,10.555555555555555,84.77777777777777,20.51111111111111,47.488888888888894,21.06888888888889,1009.4222222222221,89.11111111111111,24.344444444444445,0.0,4.367777777777778,10.4713,106.0152,10.664444444444445,12.681111111111111,7,29,53,242,1970-01-21 15:33:27.653333333,1970-01-21 15:34:13.306666666,Hè,,,
Đồng Tháp,Đồng bằng sông Cửu Long,2026-07-15,26.833333333333332,31.144444444444446,24.833333333333332,32.53333333333333,38.08888888888889,29.977777777777778,11.422222222222222,11.422222222222222,0.0,13.0,89.77777777777777,17.244444444444444,38.71111111111111,19.48,1011.2777777777778,96.66666666666667,24.933333333333334,0.0,3.822222222222222,10.4713,106.0152,8.878888888888888,12.68,7,29,63,226,1970-01-21 15:34:54.060000000,1970-01-21 15:35:39.706666666,Hè,,,
Đồng Tháp,Đồng bằng sông Cửu Long,2026-07-16,27.566666666666666,32.18888888888889,24.155555555555555,32.97777777777778,38.72222222222222,29.41111111111111,2.0999999999999996,2.0999999999999996,0.0,5.666666666666667,82.88888888888889,15.544444444444444,35.7,22.817777777777778,1011.5888888888888,86.88888888888889,24.144444444444446,0.0,4.7988888888888885,10.4713,106.0152,11.604444444444445,12.67111111111111,7,29,53,260,1970-01-21 15:36:20.473333333,1970-01-21 15:37:06.106666666,Hè,,,
Đồng Tháp,Đồng bằng sông Cửu Long,2026-07-17,28.344444444444445,32.52222222222222,25.233333333333334,33.71111111111111,38.18888888888889,31.099999999999998,1.4333333333333333,1.4333333333333333,0.0,7.444444444444445,79.66666666666667,16.255555555555556,35.644444444444446,23.49888888888889,1010.4444444444445,80.33333333333333,24.188888888888886,0.0,5.131111111111111,10.4713,106.0152,10.905555555555557,12.67,7,29,51,252,1970-01-21 15:37:46.906666666,1970-01-21 15:38:32.500000000,Hè,,,
Đồng Tháp,Đồng bằng sông Cửu Long,2026-07-18,28.055555555555557,32.077777777777776,25.677777777777777,33.55555555555556,37.733333333333334,30.58888888888889,4.611111111111111,4.611111111111111,0.0,8.666666666666666,82.88888888888889,17.455555555555556,37.333333333333336,22.34777777777778,1009.5999999999999,76.44444444444444,24.755555555555556,0.0,4.64,10.4713,106.0152,10.303333333333335,12.661111111111111,7,29,61,232,1970-01-21 15:39:13.313333333,1970-01-21 15:39:58.900000000,Hè,,,
Đồng Tháp,Đồng bằng sông Cửu Long,2026-07-19,28.466666666666665,32.144444444444446,25.4,33.55555555555556,38.58888888888889,30.533333333333335,0.8555555555555556,0.8555555555555556,0.0,4.444444444444445,80.22222222222223,16.266666666666666,34.0,24.09,1009.5888888888888,35.0,24.477777777777778,0.0,5.195555555555555,10.4713,106.0152,12.0,12.66,7,29,51,246,1970-01-21 15:40:39.720000000,1970-01-21 15:41:25.286666666,Hè,,,
Đồng Tháp,Đồng bằng sông Cửu Long,2026-07-20,28.744444444444444,32.855555555555554,25.344444444444445,33.400000000000006,37.7,30.71111111111111,0.07777777777777778,0.07777777777777778,0.0,0.7777777777777778,76.55555555555556,16.033333333333335,32.93333333333333,25.075555555555557,1009.6777777777778,25.444444444444443,23.855555555555554,0.0,5.578888888888889,10.4713,106.0152,12.0,12.651111111111112,7,30,3,236,1970-01-21 15:42:06.126666666,1970-01-21 15:42:51.673333333,Hè,,,
